CRN,ARRIVAL_TM,AUTOMOBILE_COUNT,BELTED_DEATH_COUNT,BELTED_SUSP_SERIOUS_INJ_COUNT,BICYCLE_COUNT,BICYCLE_DEATH_COUNT,BICYCLE_SUSP_SERIOUS_INJ_COUNT,BUS_COUNT,CHLDPAS_DEATH_COUNT,CHLDPAS_SUSP_SERIOUS_INJ_COUNT,COLLISION_TYPE,COMM_VEH_COUNT,CONS_ZONE_SPD_LIM,COUNTY,CRASH_MONTH,CRASH_YEAR,DAY_OF_WEEK,DEC_LAT,DEC_LONG,DISPATCH_TM,DISTRICT,DRIVER_COUNT_16YR,DRIVER_COUNT_17YR,DRIVER_COUNT_18YR,DRIVER_COUNT_19YR,DRIVER_COUNT_20YR,DRIVER_COUNT_50_64YR,DRIVER_COUNT_65_74YR,DRIVER_COUNT_75PLUS,EST_HRS_CLOSED,FATAL_COUNT,HEAVY_TRUCK_COUNT,HORSE_BUGGY_COUNT,HOUR_OF_DAY,ILLUMINATION,INJURY_COUNT,INTERSECT_TYPE,INTERSECTION_RELATED,LANE_CLOSED,LATITUDE,LN_CLOSE_DIR,LOCATION_TYPE,LONGITUDE,MAX_SEVERITY_LEVEL,MCYCLE_DEATH_COUNT,MCYCLE_SUSP_SERIOUS_INJ_COUNT,MOTORCYCLE_COUNT,MUNICIPALITY,NONMOTR_COUNT,NONMOTR_DEATH_COUNT,NONMOTR_SUSP_SERIOUS_INJ_COUNT,NTFY_HIWY_MAINT,PED_COUNT,PED_DEATH_COUNT,PED_SUSP_SERIOUS_INJ_COUNT,PERSON_COUNT,POLICE_AGCY,POSSIBLE_INJ_COUNT,RDWY_SURF_TYPE_CD,RELATION_TO_ROAD,ROAD_CONDITION,ROADWAY_CLEARED,SCH_BUS_IND,SCH_ZONE_IND,SECONDARY_CRASH,SMALL_TRUCK_COUNT,SPEC_JURIS_CD,SUSP_MINOR_INJ_COUNT,SUSP_SERIOUS_INJ_COUNT,SUV_COUNT,TCD_FUNC_CD,TCD_TYPE,TFC_DETOUR_IND,TIME_OF_DAY,TOT_INJ_COUNT,TOTAL_UNITS,UNB_DEATH_COUNT,UNB_SUSP_SERIOUS_INJ_COUNT,UNBELTED_OCC_COUNT,UNK_INJ_DEG_COUNT,UNK_INJ_PER_COUNT,URBAN_AREA,URBAN_RURAL,VAN_COUNT,VEHICLE_COUNT,WEATHER1,WEATHER2,WORK_ZONE_IND,WORK_ZONE_LOC,WORK_ZONE_TYPE,WORKERS_PRES,WZ_CLOSE_DETOUR,WZ_FLAGGER,WZ_LAW_OFFCR_IND,WZ_LN_CLOSURE,WZ_MOVING,WZ_OTHER,WZ_SHLDER_MDN,WZ_WORKERS_INJ_KILLED
2007079957,1545.0,1,0,0,0,0,0,0,0,0,8,0,,67,5,2007,3,40.039,-75.1503,1545.0,6,0,0,0,0,0,0,1,0,,0,0,0,15,1,1,0,,0,40 02:20.322,,0,75 09:01.147,4,0,0,0,67301,1,0,0,N,1,0,0,2,67301,1,,1,1,,N,Y,,0,,0,0,0,0,0,,1540,1,2,0,0,0,0,0,3,4,0,1,3,,N,,,,,,,,,,,
2007080163,2133.0,0,0,0,0,0,0,0,0,0,8,0,,67,6,2007,2,40.0236,-75.1219,2130.0,6,0,0,0,0,0,0,0,0,,0,0,0,21,3,1,1,,0,40 01:25.078,,0,75 07:18.911,3,0,0,1,67301,1,0,0,,1,0,0,2,67301,0,,1,1,,,,,0,,1,0,0,9,3,,2125,1,2,0,0,0,0,1,3,4,0,1,3,,N,,,,,,,,,,,
2007124116,1618.0,1,0,0,0,0,0,0,0,0,4,0,,67,10,2007,7,40.0315,-75.1286,1618.0,6,0,0,0,0,0,0,0,0,1.0,0,0,0,16,1,1,1,,1,40 01:53.367,4.0,0,75 07:43.093,4,0,0,0,67301,0,0,0,N,0,0,0,3,67301,1,,1,1,,N,N,,0,,0,0,1,3,3,Y,1615,1,2,0,0,0,0,0,3,4,0,2,3,,N,,,,,,,,,,,
2007124678,1502.0,2,0,0,0,0,0,0,0,0,4,0,,67,11,2007,1,40.0475,-75.1428,1500.0,6,0,0,0,0,1,0,0,1,1.0,0,0,0,14,1,1,1,,1,40 02:50.000,2.0,0,75 08:34.014,8,0,0,0,67301,0,0,0,N,0,0,0,2,67301,0,,1,1,,N,N,,0,,0,0,0,3,2,Y,1458,1,2,0,0,0,1,0,3,4,0,2,3,,N,,,,,,,,,,,
2007123764,2004.0,2,0,0,0,0,0,0,0,0,4,0,,67,11,2007,6,40.0573,-75.0342,1918.0,6,0,0,0,0,0,1,0,0,,0,0,0,19,3,1,1,,0,40 03:26.000,,0,75 02:03.612,3,0,0,0,67301,0,0,0,N,0,0,0,3,67301,0,,1,1,,N,N,,0,,1,0,0,3,2,,1915,1,2,0,0,0,0,0,3,4,0,2,3,,N,,,,,,,,,,,
2007124154,633.0,1,0,0,1,0,0,0,0,0,5,0,,67,11,2007,4,39.9563,-75.1627,630.0,6,0,0,0,0,0,0,0,0,1.0,0,0,0,6,1,1,0,,1,39 57:22.000,1.0,0,75 09:45.620,8,0,0,0,67301,2,0,0,,0,0,0,2,67301,0,,6,1,,N,N,,0,,0,0,0,0,0,N,628,1,2,0,0,0,1,0,3,4,0,1,3,,N,,,,,,,,,,,
2007124161,2005.0,0,0,0,0,0,0,0,0,0,8,0,,67,10,2007,4,40.0666,-75.1587,2005.0,6,0,0,0,0,0,1,0,0,,0,0,0,20,3,1,2,,0,40 03:59.000,,0,75 09:31.065,8,0,0,0,67301,1,0,0,N,1,0,0,2,67301,0,,1,9,,N,N,,0,,0,0,0,3,3,,2000,1,2,0,0,0,1,0,3,4,1,1,7,,N,,,,,,,,,,,
2007065754,1120.0,2,0,0,0,0,0,0,0,0,1,0,,67,4,2007,7,39.9945,-75.1342,1115.0,6,0,0,0,0,0,0,0,0,,0,0,0,11,1,1,1,,0,39 59:40.160,,0,75 08:03.091,4,0,0,0,67301,0,0,0,,0,0,0,4,67301,1,,1,1,,,,,0,,0,0,0,0,0,,1115,1,2,0,0,3,0,0,3,4,0,2,3,,N,,,,,,,,,,,
2007116212,1250.0,1,0,0,0,0,0,0,0,0,4,0,,67,10,2007,1,40.0586,-75.2341,1247.0,6,0,0,0,0,0,0,1,0,,0,0,0,12,1,0,1,,0,40 03:32.000,,0,75 14:03.835,0,0,0,0,67301,0,0,0,N,0,0,0,2,67301,0,,1,1,,N,N,,0,,0,0,1,3,3,,1230,0,2,0,0,0,0,0,3,4,0,2,3,,N,,,,,,,,,,,
2007110866,1710.0,1,0,0,0,0,0,0,0,0,1,0,,67,9,2007,3,40.0485,-75.1427,1700.0,6,0,0,0,0,0,2,0,0,2.0,0,0,0,16,1,2,0,,1,40 02:54.000,2.0,0,75 08:33.616,4,0,0,0,67301,0,0,0,N,0,0,0,4,67301,2,,1,9,,N,N,,0,,0,0,1,0,0,N,1630,2,2,0,0,4,0,0,3,4,0,2,7,,N,,,,,,,,,,,
2007066820,1715.0,1,0,0,0,0,0,0,0,0,8,0,,67,5,2007,3,40.0599,-75.0184,1708.0,6,0,0,0,0,0,0,0,0,1.0,0,0,0,17,1,1,1,,1,40 03:35.733,4.0,0,75 01:06.209,4,0,0,0,67301,1,0,0,N,1,0,0,5,67301,1,,1,1,,N,,,0,,0,0,0,3,2,N,1704,1,2,0,0,0,0,0,3,4,0,1,3,,N,,,,,,,,,,,
2007056722,144.0,1,0,0,0,0,0,0,0,0,1,0,,67,4,2007,1,39.9151,-75.1582,144.0,6,0,0,0,0,0,1,0,0,,0,0,0,1,3,1,1,,0,39 54:54.000,,0,75 09:29.533,4,0,0,0,67301,0,0,0,N,0,0,0,2,67301,1,,1,9,,N,N,,0,,0,0,0,3,2,,140,1,2,0,0,1,0,0,3,4,1,2,7,,N,,,,,,,,,,,
2007056729,1300.0,1,0,0,0,0,0,0,0,0,4,1,,67,4,2007,5,40.0976,-75.0188,1255.0,6,0,0,0,0,1,0,0,0,9.0,0,1,0,12,1,1,0,,2,40 05:51.219,3.0,7,75 01:07.777,3,0,0,0,67301,0,0,0,N,0,0,0,2,67301,0,,1,9,,N,N,,0,,1,0,0,0,0,Y,1255,1,2,0,0,2,0,0,3,4,0,2,3,,N,,,,,,,,,,,
2007056850,2038.0,1,0,0,0,0,0,0,0,0,8,0,,67,4,2007,1,40.0461,-75.1722,2035.0,6,0,0,0,0,0,0,0,0,1.0,0,0,0,20,3,1,2,,1,40 02:46.125,2.0,0,75 10:19.801,4,0,0,0,67301,1,0,0,N,1,0,0,4,67301,1,,1,1,,N,N,,0,,0,0,0,0,0,Y,2031,1,2,0,0,0,0,3,3,4,0,1,3,,N,,,,,,,,,,,
2007057000,2004.0,3,0,0,0,0,0,0,0,0,2,0,,67,3,2007,6,40.1109,-75.0034,2000.0,6,0,0,0,0,0,0,0,0,1.0,0,0,0,20,3,1,0,,1,40 06:39.291,2.0,0,75 00:12.090,4,0,0,0,67301,0,0,0,N,0,0,0,3,67301,1,,1,1,,N,N,,0,,0,0,0,0,0,N,2000,1,3,0,0,0,0,0,3,4,0,3,3,,N,,,,,,,,,,,
2007057017,752.0,0,0,0,0,0,0,0,0,0,8,0,,67,4,2007,6,40.0236,-75.0768,744.0,6,0,0,0,0,0,1,0,0,,0,0,0,7,1,1,2,,0,40 01:24.000,,0,75 04:36.573,4,0,0,0,67301,1,0,0,,1,0,0,2,67301,1,,5,1,,N,N,,1,,0,0,0,0,0,,730,1,2,0,0,0,0,0,3,4,0,1,3,,N,,,,,,,,,,,
2007051874,1152.0,2,0,0,0,0,0,0,0,0,1,0,,67,4,2007,7,39.9839,-75.2083,1143.0,6,0,0,0,0,0,1,0,0,,0,0,0,11,1,0,0,,0,39 59:05.000,,0,75 12:30.045,0,0,0,0,67301,0,0,0,N,0,0,0,5,68K01,0,,1,1,,N,N,,0,,0,0,0,0,0,,1142,0,2,0,0,0,0,0,3,4,0,2,3,,N,,,,,,,,,,,
2007046922,1210.0,1,0,0,0,0,0,0,0,0,1,0,,67,3,2007,7,40.095,-75.0379,1205.0,6,0,0,0,1,0,1,0,0,,0,0,0,22,3,2,2,,0,40 05:41.949,,0,75 02:16.270,8,0,0,0,67301,0,0,0,N,0,0,0,3,67301,0,,1,9,,N,N,,0,,0,0,1,3,3,,2259,2,2,0,0,0,2,0,3,4,0,2,7,,N,,,,,,,,,,,
2007047028,2245.0,1,0,0,0,0,0,0,0,0,2,0,,67,3,2007,4,40.0504,-75.0515,2240.0,6,0,0,1,0,0,0,0,0,1.0,0,0,0,22,3,2,2,,1,40 03:01.000,2.0,0,75 03:05.368,4,0,0,0,67301,0,0,0,N,0,0,0,3,67301,2,,1,1,,N,N,,0,,0,0,1,3,3,N,2215,2,2,0,0,0,0,0,3,4,0,2,3,,N,,,,,,,,,,,
2007047051,248.0,2,0,0,0,0,0,0,0,0,1,0,,67,3,2007,1,40.0437,-75.0027,242.0,6,0,0,0,0,0,0,0,0,1.0,0,0,0,2,3,4,0,,1,40 02:38.000,1.0,0,75 00:08.883,3,0,0,0,67301,5,0,0,,0,0,0,6,67301,1,,4,1,,N,N,,0,,3,0,0,0,0,Y,242,4,2,0,0,0,0,0,3,4,0,2,3,,N,,,,,,,,,,,
2007123201,1214.0,0,0,0,0,0,0,0,0,0,1,0,,67,10,2007,7,39.9954,-75.2182,1214.0,6,0,0,0,0,0,0,0,0,1.0,0,0,0,12,1,0,3,,1,39 59:43.000,3.0,0,75 13:05.701,0,0,0,0,67301,0,0,0,N,0,0,0,3,68K01,0,,1,9,,N,N,,1,,0,0,1,3,2,N,1210,0,2,0,0,0,0,0,3,4,0,2,7,,N,,,,,,,,,,,
2007099476,1535.0,2,0,0,0,0,0,0,0,0,1,0,,67,9,2007,2,40.0363,-75.0643,1532.0,6,0,0,0,0,0,0,0,0,,0,0,0,13,1,1,1,,0,40 02:10.000,,0,75 03:51.498,4,0,0,0,67301,0,0,0,N,0,0,0,3,67301,1,,1,1,,N,N,,0,,0,0,0,3,2,,1320,1,2,0,0,0,0,0,3,4,0,2,3,,N,,,,,,,,,,,
2007099478,1330.0,0,0,0,0,0,0,0,0,0,4,0,,67,8,2007,6,39.9593,-75.1599,1324.0,6,0,0,0,0,0,1,0,0,,0,0,0,13,1,1,2,,0,39 57:33.501,,0,75 09:35.521,8,0,0,0,67301,0,0,0,N,0,0,0,3,67301,0,,1,1,,,,,0,,0,0,1,3,2,,1320,1,2,0,0,0,1,0,3,4,1,2,3,,N,,,,,,,,,,,
2007113734,1140.0,1,0,0,0,0,0,0,0,0,1,0,,67,9,2007,7,40.0062,-75.1969,1136.0,6,0,0,0,0,0,0,0,0,,0,0,0,11,1,1,7,,0,40 00:05.000,,2,75 11:40.536,4,0,0,0,67301,0,0,0,N,0,0,0,6,68K01,1,,7,1,,N,N,,1,,0,0,0,0,0,,1134,1,2,0,0,0,0,0,3,4,0,2,3,,N,,,,,,,,,,,
2007092190,1015.0,1,0,0,0,0,0,0,0,0,4,0,,67,7,2007,1,39.9735,-75.1203,1010.0,6,0,0,0,0,0,2,0,0,1.0,0,0,0,10,1,1,0,,1,39 58:25.000,2.0,0,75 07:11.457,3,0,0,0,67301,0,0,0,N,0,0,0,2,67301,0,,1,9,,N,N,,0,,1,0,0,0,0,N,1010,1,2,0,0,1,0,0,3,4,1,2,7,,N,,,,,,,,,,,
2007092258,2020.0,2,0,0,0,0,0,0,0,0,7,0,,67,7,2007,6,40.0378,-75.012,2013.0,6,0,0,0,0,1,0,0,0,1.0,0,0,0,20,1,3,0,,1,40 02:16.244,2.0,0,75 00:42.568,4,0,0,0,67301,0,0,0,N,0,0,0,5,67301,3,,2,1,,N,N,,0,,0,0,0,0,0,N,2013,3,2,0,0,0,0,0,3,4,0,2,3,,N,,,,,,,,,,,
2007092048,1735.0,1,0,0,0,0,0,0,0,0,8,0,,67,7,2007,6,39.9987,-75.1668,1730.0,6,0,0,0,0,0,0,0,0,,0,0,0,10,1,2,0,,0,39 59:55.285,,0,75 10:00.448,4,0,0,0,67301,2,0,0,,2,0,0,3,67301,2,,1,1,,,,,0,,0,0,0,0,0,,1000,2,3,0,0,0,0,0,3,4,0,1,3,,N,,,,,,,,,,,
2007084729,1955.0,2,0,0,0,0,0,0,0,0,4,0,,67,5,2007,7,40.0622,-75.0807,1950.0,6,0,0,0,0,0,1,0,0,,0,0,0,19,1,3,1,,0,40 03:43.963,,0,75 04:50.566,8,0,0,0,67301,0,0,0,,0,0,0,4,67301,0,,1,1,,,,,0,,0,0,0,9,3,,1945,3,2,0,0,0,3,0,3,4,0,2,3,,N,,,,,,,,,,,
2007082401,1855.0,1,0,0,0,0,0,0,0,0,4,0,,67,6,2007,3,40.0032,-75.1525,1845.0,6,0,0,0,0,0,1,0,0,,0,0,0,18,1,1,5,,0,40 00:11.000,,0,75 09:08.838,8,0,0,0,67301,0,0,0,N,0,0,0,2,67301,0,,1,1,,N,N,,0,,0,0,0,9,2,,1843,1,2,0,0,0,1,0,3,4,1,2,3,,N,,,,,,,,,,,
2007086677,1719.0,1,0,0,0,0,0,0,0,0,1,0,,67,7,2007,6,39.9748,-75.1942,1710.0,6,0,0,0,0,0,0,1,0,1.0,0,0,0,17,1,1,0,,2,39 58:33.000,4.0,0,75 11:41.786,3,0,0,0,67301,0,0,0,N,0,0,0,2,68K01,0,,1,1,,N,N,,0,,1,0,1,0,0,N,1710,1,2,0,0,1,0,0,3,4,0,2,3,,N,,,,,,,,,,,
2007080033,1630.0,2,0,0,0,0,0,0,0,0,1,0,,67,6,2007,7,40.0352,-75.1456,1630.0,6,0,0,1,0,0,0,0,0,,0,0,0,16,1,1,1,,0,40 02:06.000,,0,75 08:44.050,8,0,0,0,67301,0,0,0,N,0,0,0,6,67301,0,,1,1,,N,N,,1,,0,0,0,3,2,,1605,1,3,0,0,0,1,0,3,4,0,3,3,,N,,,,,,,,,,,
2007080046,9999.0,2,0,0,0,0,0,0,0,0,7,0,,67,6,2007,7,40.0294,-75.1043,,6,0,0,0,0,0,0,0,0,,0,0,0,2,3,0,0,,0,40 01:45.000,,0,75 06:16.500,9,0,0,0,67301,0,0,0,,0,0,0,2,67301,0,,2,1,,,,,0,,0,0,0,0,0,,210,0,2,0,0,0,0,1,3,4,0,2,3,,N,,,,,,,,,,,
2007080219,1234.0,2,0,0,0,0,0,0,0,0,1,0,,67,6,2007,1,40.0765,-75.0325,1231.0,6,0,0,0,0,0,0,0,0,1.0,0,0,0,12,1,7,1,,2,40 04:35.000,2.0,0,75 01:57.022,8,0,0,0,67301,0,0,0,,0,0,0,8,67301,0,,1,1,,,,,0,,0,0,0,3,2,Y,1230,7,2,0,0,0,7,0,3,4,0,2,3,,N,,,,,,,,,,,
2007057988,1506.0,2,0,0,0,0,0,0,0,0,4,0,,67,4,2007,1,40.0058,-75.099,1504.0,6,0,0,0,0,1,0,0,0,,0,0,0,15,1,1,0,,0,40 00:20.869,,7,75 05:56.539,8,0,0,0,67301,0,0,0,,0,0,0,2,67301,0,,1,1,,,,,0,,0,0,0,0,0,,1504,1,2,0,0,0,1,1,3,4,0,2,3,,N,,,,,,,,,,,
2007058157,9999.0,0,0,0,0,0,0,1,0,0,8,1,,67,4,2007,4,40.0106,-75.1361,9999.0,6,0,0,0,0,0,1,0,0,,0,0,0,6,1,1,0,,0,40 00:38.328,,0,75 08:10.114,3,0,0,0,67301,1,0,0,N,1,0,0,2,67301,0,,1,1,,N,N,,0,,1,0,0,0,0,,646,1,2,0,0,0,0,0,3,4,0,1,3,,N,,,,,,,,,,,
2007058015,1122.0,1,0,0,0,0,0,0,0,0,4,0,,67,4,2007,2,39.9834,-75.1464,1115.0,6,0,0,0,0,0,1,0,0,,0,0,0,11,1,2,1,,0,39 59:00.214,,0,75 08:47.198,3,0,0,0,67301,0,0,0,N,0,0,0,2,67301,0,,1,1,,N,N,,1,,1,0,0,9,3,,1115,2,2,0,0,0,1,0,3,4,0,2,3,,N,,,,,,,,,,,
2007001511,921.0,2,0,0,0,0,0,0,0,0,1,0,,67,1,2007,2,40.0047,-75.2191,9999.0,6,0,0,0,0,0,0,0,0,,0,0,0,9,1,1,0,,0,40 00:16.000,,0,75 13:08.869,4,0,0,0,67301,0,0,0,N,0,0,0,2,46104,1,,1,9,,N,N,,0,,0,0,0,0,0,,919,1,2,0,0,0,0,0,3,4,0,2,7,,N,,,,,,,,,,,
2007046240,2320.0,1,0,0,0,0,0,0,0,0,5,0,,67,2,2007,2,39.914,-75.1856,2315.0,6,0,0,0,0,0,0,0,0,,0,0,0,99,3,3,0,,0,39 54:50.259,,0,75 11:08.158,4,0,0,0,67301,0,0,0,N,0,0,0,4,67301,3,,1,1,,N,N,,0,,0,0,1,0,0,,9999,3,2,0,0,1,0,0,3,4,0,2,3,,N,,,,,,,,,,,
2007046318,922.0,2,0,0,0,0,0,0,0,0,6,0,,67,2,2007,4,40.0233,-75.0341,915.0,6,0,0,0,0,0,0,0,0,1.0,0,0,0,9,1,1,0,,1,40 01:23.880,1.0,0,75 02:02.760,3,0,0,0,67301,0,0,0,N,0,0,0,2,67301,0,,1,1,,N,N,,0,,1,0,0,0,0,Y,910,1,2,0,0,0,0,1,3,4,0,2,3,,N,,,,,,,,,,,
2007028422,2258.0,2,0,0,0,0,0,0,0,0,7,0,,67,1,2007,4,,,2258.0,6,0,0,1,0,1,0,0,0,1.0,0,0,0,22,3,0,0,,1,,2.0,0,,0,0,0,0,67301,0,0,0,N,0,0,0,2,67301,0,,2,1,,N,N,,0,,0,0,0,0,0,N,2255,0,2,0,0,0,0,0,3,3,0,2,3,,N,,,,,,,,,,,
2007032853,1830.0,3,0,0,0,0,0,0,0,0,1,0,,67,1,2007,5,39.9842,-75.188,1825.0,6,0,0,0,0,0,0,0,0,,0,0,0,18,3,7,0,,0,39 59:03.000,,0,75 11:16.873,4,0,0,0,67301,0,0,0,N,0,0,0,8,67301,7,,1,9,,N,N,,0,,0,0,0,0,0,,1820,7,3,0,0,1,0,1,3,4,0,3,7,,N,,,,,,,,,,,
2007027993,9999.0,2,0,0,0,0,0,0,0,0,1,0,,67,1,2007,1,39.9521,-75.1737,0.0,6,0,0,0,0,0,0,0,0,,0,0,0,3,3,1,0,,0,39 57:07.537,,0,75 10:25.301,4,0,0,0,67301,0,0,0,N,0,0,0,2,67301,1,,1,9,,N,N,,0,,0,0,0,0,0,,345,1,2,0,0,0,0,1,3,4,0,2,7,,N,,,,,,,,,,,
2007028270,1208.0,1,0,0,0,0,0,0,0,0,5,1,,67,1,2007,5,39.9936,-75.0791,1203.0,6,0,0,0,0,0,0,0,0,1.0,0,1,0,12,1,0,0,,2,39 59:33.000,1.0,2,75 05:05.617,9,0,0,0,67301,0,0,0,Y,0,0,0,5,67301,0,,1,1,,N,N,,0,,0,0,0,0,0,Y,1203,0,2,0,0,0,0,1,3,4,0,2,3,,N,,,,,,,,,,,
2007070841,9999.0,2,0,0,0,0,0,0,0,0,4,0,,67,4,2007,6,40.0079,-75.1723,9999.0,6,1,0,0,0,0,0,0,0,,0,0,0,18,1,2,1,,0,40 00:28.000,,0,75 10:20.286,4,0,0,0,67301,0,0,0,,0,0,0,4,67301,1,,1,1,,,,,0,,0,0,0,0,0,,1800,2,2,0,0,0,1,0,3,4,0,2,3,,N,,,,,,,,,,,
2007022170,1400.0,2,0,0,0,0,0,0,0,0,1,0,,67,1,2007,7,39.9483,-75.1856,1350.0,6,0,0,0,0,0,0,0,0,,0,0,0,13,1,1,3,,0,39 56:54.000,,2,75 11:08.209,4,0,0,0,67301,0,0,0,N,0,0,0,4,67301,1,,7,1,,N,N,,0,,0,0,0,0,0,,1345,1,2,0,0,0,0,3,3,4,0,2,3,,N,,,,,,,,,,,
2007014726,1830.0,1,0,0,0,0,0,0,0,0,1,0,,67,1,2007,7,40.0081,-75.2019,1826.0,6,0,0,0,0,1,1,0,0,,0,0,0,18,3,0,0,,0,40 00:28.000,,0,75 12:04.698,0,0,0,0,67301,0,0,0,N,0,0,0,8,68K01,0,,1,9,,N,N,,1,,0,0,0,0,0,,1820,0,2,0,0,0,0,0,3,4,0,2,7,,N,,,,,,,,,,,
2007048945,1300.0,1,0,0,0,0,0,0,0,0,8,0,,67,2,2007,4,39.9616,-75.1897,1300.0,6,0,0,0,0,0,0,0,1,,0,0,0,12,1,1,1,,0,39 57:41.767,,0,75 11:22.808,4,0,0,0,67301,1,0,0,N,1,0,0,2,67301,1,,1,1,,N,N,,0,,0,0,0,3,3,,1255,1,2,0,0,0,0,0,3,4,0,1,3,,N,,,,,,,,,,,
2007048963,646.0,2,0,0,0,0,0,0,0,0,5,0,,67,2,2007,7,39.9532,-75.1684,643.0,6,0,0,0,0,0,1,0,0,1.0,0,0,0,6,1,1,0,,1,39 57:11.544,4.0,0,75 10:06.203,8,0,0,0,67301,0,0,0,N,0,0,0,2,67301,0,,1,1,,N,N,,0,,0,0,0,0,0,N,642,1,2,0,0,1,1,1,3,4,0,2,3,,N,,,,,,,,,,,
2007048982,915.0,2,0,0,0,0,0,0,0,0,4,0,,67,2,2007,3,39.9261,-75.2248,907.0,6,0,0,0,0,0,0,0,0,,0,0,0,9,1,1,1,,0,39 55:33.000,,0,75 13:29.323,4,0,0,0,67301,0,0,0,N,0,0,0,2,67301,1,,1,1,,N,N,,0,,0,0,0,3,2,,900,1,2,0,0,0,0,0,3,4,0,2,3,,N,,,,,,,,,,,
2007049021,1435.0,2,0,0,0,0,0,0,0,0,1,0,,67,2,2007,3,39.9,-75.2389,1432.0,6,0,0,0,0,0,0,0,0,3.0,0,0,0,14,1,1,0,,2,39 54:00.000,2.0,3,75 14:20.040,4,0,0,0,67301,0,0,0,N,0,0,0,2,67301,1,,1,2,,N,N,,0,,0,0,0,0,0,Y,1430,1,2,0,0,0,0,1,3,4,0,2,9,,N,,,,,,,,,,,
2007049031,1642.0,0,0,0,0,0,0,0,0,0,4,0,,67,3,2007,7,39.9132,-75.2345,1637.0,6,0,0,0,0,0,0,0,0,,0,0,0,16,1,1,2,,0,39 54:47.365,,0,75 14:04.131,8,0,0,0,67301,0,0,0,N,0,0,0,5,67301,0,,1,1,,N,N,,1,,0,0,1,3,3,,1630,1,2,0,0,5,1,0,3,4,0,2,3,,N,,,,,,,,,,,
2007046457,2350.0,3,0,0,0,0,0,0,0,0,4,0,,67,3,2007,5,39.956,-75.2482,2345.0,6,0,0,0,0,0,0,1,0,,0,0,0,23,3,0,0,,0,39 57:21.513,,0,75 14:53.347,0,0,0,0,67301,0,0,0,N,0,0,0,3,67301,0,,1,9,,N,N,,0,,0,0,0,0,0,,2345,0,3,0,0,0,0,0,3,4,0,3,7,,N,,,,,,,,,,,
2007046817,803.0,2,0,0,0,0,0,0,0,0,4,0,,67,3,2007,2,39.9856,-75.1509,800.0,6,0,0,0,0,0,2,0,0,,0,0,0,7,1,1,1,,0,39 59:08.181,,0,75 09:03.283,8,0,0,0,67301,0,0,0,N,0,0,0,2,67301,0,,1,1,,N,N,,0,,0,0,0,3,2,,755,1,2,0,0,0,1,0,3,4,0,2,3,,N,,,,,,,,,,,
2007056649,1910.0,1,0,0,0,0,0,0,0,0,4,0,,67,3,2007,6,40.0363,-75.1296,1900.0,6,0,0,0,0,0,0,0,1,1.0,0,0,0,18,1,1,2,,1,40 02:10.000,3.0,0,75 07:46.573,4,0,0,0,67301,0,0,0,N,0,0,0,2,67301,1,,1,1,,N,N,,0,,0,0,1,3,3,Y,1859,1,2,0,0,0,0,0,3,4,0,2,3,,N,,,,,,,,,,,
2007056672,210.0,2,0,0,0,0,0,0,0,0,1,0,,67,4,2007,5,39.8861,-75.2118,210.0,6,0,0,0,0,0,1,0,0,1.0,0,0,0,2,3,0,2,,1,39 53:09.960,1.0,2,75 12:43.920,0,0,0,0,67301,0,0,0,N,0,0,0,5,67301,0,,1,9,,N,N,,0,,0,0,0,0,0,N,210,0,2,0,0,0,0,0,3,4,0,2,7,,N,,,,,,,,,,,
2007056748,6.0,3,0,0,0,0,0,0,0,0,5,0,,67,4,2007,1,39.9225,-75.2381,9999.0,6,0,0,0,0,0,0,0,0,,0,0,0,0,3,1,0,,0,39 55:20.906,,0,75 14:17.134,2,0,0,0,67301,1,0,1,N,1,0,1,2,67301,0,,2,1,,N,N,,0,,0,1,1,0,0,,5,1,5,0,0,1,0,0,3,4,0,4,3,,N,,,,,,,,,,,
2007056817,1325.0,0,0,0,0,0,0,0,0,0,1,0,,67,4,2007,6,39.9986,-75.13,1315.0,6,0,0,0,0,0,1,0,0,,0,0,0,13,1,1,0,,0,39 59:54.000,,0,75 07:47.970,8,0,0,0,67301,0,0,0,N,0,0,0,3,67301,0,,1,1,,N,N,,1,,0,0,2,0,0,,1310,1,3,0,0,0,1,2,3,4,0,3,3,,N,,,,,,,,,,,
2007056822,1556.0,1,0,0,0,0,0,0,0,0,1,0,,67,4,2007,2,39.9977,-75.1232,1555.0,6,0,0,0,0,0,0,0,0,,0,0,0,15,1,1,1,,0,39 59:51.000,,0,75 07:23.658,4,0,0,0,67301,0,0,0,N,0,0,0,3,67301,1,,1,1,,N,N,,0,,0,0,1,0,0,,1540,1,2,0,0,0,0,0,3,4,0,2,3,,N,,,,,,,,,,,
2007047037,1418.0,1,0,0,0,0,0,0,0,0,8,0,,67,2,2007,7,39.9313,-75.186,1414.0,6,0,0,0,0,0,0,0,0,,0,0,0,14,1,1,0,,0,39 55:52.525,,0,75 11:09.733,8,0,0,0,67301,1,0,0,N,1,0,0,2,67301,0,,1,1,,N,N,,0,,0,0,0,0,0,,1410,1,2,0,0,0,1,0,3,4,0,1,3,,N,,,,,,,,,,,
2007047133,1245.0,1,0,0,0,0,0,0,0,0,1,0,,67,2,2007,5,40.0383,-75.1016,1243.0,6,0,0,0,0,0,0,0,0,,0,0,0,12,1,1,1,,0,40 02:17.754,,0,75 06:05.767,4,0,0,0,67301,0,0,0,N,0,0,0,3,67301,1,,1,9,,N,N,,0,,0,0,0,2,2,,1243,1,2,0,0,0,0,1,3,4,0,2,3,,N,,,,,,,,,,,