CRN,ARRIVAL_TM,AUTOMOBILE_COUNT,BELTED_DEATH_COUNT,BELTED_SUSP_SERIOUS_INJ_COUNT,BICYCLE_COUNT,BICYCLE_DEATH_COUNT,BICYCLE_SUSP_SERIOUS_INJ_COUNT,BUS_COUNT,CHLDPAS_DEATH_COUNT,CHLDPAS_SUSP_SERIOUS_INJ_COUNT,COLLISION_TYPE,COMM_VEH_COUNT,CONS_ZONE_SPD_LIM,COUNTY,CRASH_MONTH,CRASH_YEAR,DAY_OF_WEEK,DEC_LAT,DEC_LONG,DISPATCH_TM,DISTRICT,DRIVER_COUNT_16YR,DRIVER_COUNT_17YR,DRIVER_COUNT_18YR,DRIVER_COUNT_19YR,DRIVER_COUNT_20YR,DRIVER_COUNT_50_64YR,DRIVER_COUNT_65_74YR,DRIVER_COUNT_75PLUS,EST_HRS_CLOSED,FATAL_COUNT,HEAVY_TRUCK_COUNT,HORSE_BUGGY_COUNT,HOUR_OF_DAY,ILLUMINATION,INJURY_COUNT,INTERSECT_TYPE,INTERSECTION_RELATED,LANE_CLOSED,LATITUDE,LN_CLOSE_DIR,LOCATION_TYPE,LONGITUDE,MAX_SEVERITY_LEVEL,MCYCLE_DEATH_COUNT,MCYCLE_SUSP_SERIOUS_INJ_COUNT,MOTORCYCLE_COUNT,MUNICIPALITY,NONMOTR_COUNT,NONMOTR_DEATH_COUNT,NONMOTR_SUSP_SERIOUS_INJ_COUNT,NTFY_HIWY_MAINT,PED_COUNT,PED_DEATH_COUNT,PED_SUSP_SERIOUS_INJ_COUNT,PERSON_COUNT,POLICE_AGCY,POSSIBLE_INJ_COUNT,RDWY_SURF_TYPE_CD,RELATION_TO_ROAD,ROAD_CONDITION,ROADWAY_CLEARED,SCH_BUS_IND,SCH_ZONE_IND,SECONDARY_CRASH,SMALL_TRUCK_COUNT,SPEC_JURIS_CD,SUSP_MINOR_INJ_COUNT,SUSP_SERIOUS_INJ_COUNT,SUV_COUNT,TCD_FUNC_CD,TCD_TYPE,TFC_DETOUR_IND,TIME_OF_DAY,TOT_INJ_COUNT,TOTAL_UNITS,UNB_DEATH_COUNT,UNB_SUSP_SERIOUS_INJ_COUNT,UNBELTED_OCC_COUNT,UNK_INJ_DEG_COUNT,UNK_INJ_PER_COUNT,URBAN_AREA,URBAN_RURAL,VAN_COUNT,VEHICLE_COUNT,WEATHER1,WEATHER2,WORK_ZONE_IND,WORK_ZONE_LOC,WORK_ZONE_TYPE,WORKERS_PRES,WZ_CLOSE_DETOUR,WZ_FLAGGER,WZ_LAW_OFFCR_IND,WZ_LN_CLOSURE,WZ_MOVING,WZ_OTHER,WZ_SHLDER_MDN,WZ_WORKERS_INJ_KILLED
2007099489,928.0,2,0,0,0,0,0,0,0,0,4,0,,67,9,2007,1,40.0971,-75.0182,928.0,6,0,0,0,0,0,1,0,0,,0,0,0,9,1,2,1,,0,40 05:49.711,,0,75 01:05.375,4,0,0,0,67301,0,0,0,N,0,0,0,5,67301,1,,1,1,,N,N,,0,,0,0,0,3,2,,925,2,2,0,0,0,1,0,3,4,0,2,3,,N,,,,,,,,,,,
2007111898,1649.0,0,0,0,0,0,0,0,0,0,7,0,,67,9,2007,6,40.0013,-75.1856,1647.0,6,0,0,0,0,0,0,0,0,2.0,0,0,0,16,1,1,0,,1,40 00:04.883,6.0,0,75 11:08.005,4,0,0,0,67301,0,0,0,,0,0,0,1,67301,1,,2,1,,N,N,,0,,0,0,1,0,0,Y,1643,1,1,0,0,0,0,0,3,4,0,1,3,,N,,,,,,,,,,,
2007116667,626.0,0,0,0,0,0,0,0,0,0,4,0,,67,10,2007,1,39.964,-75.1916,621.0,6,0,1,0,0,0,0,1,0,,0,0,0,6,1,1,1,,0,39 57:50.569,,0,75 11:29.777,8,0,0,1,67301,0,0,0,,0,0,0,4,67301,0,,1,1,,,,,0,,0,0,0,9,2,,620,1,2,0,0,0,1,0,3,4,1,2,3,,N,,,,,,,,,,,
2007091866,1250.0,2,0,0,0,0,0,0,0,0,4,0,,67,7,2007,2,39.9191,-75.2266,9999.0,6,0,0,0,0,0,0,1,0,,0,0,0,12,1,1,1,,0,39 55:08.677,,0,75 13:35.815,4,0,0,0,67301,0,0,0,N,0,0,0,5,67301,1,,1,1,,N,N,,0,,0,0,0,3,3,,1249,1,2,0,0,0,0,0,3,4,0,2,3,,N,,,,,,,,,,,
2007091975,2115.0,3,0,0,0,0,0,0,0,0,5,0,,67,7,2007,5,40.0057,-75.1601,2109.0,6,0,0,0,0,0,0,0,0,,0,0,0,21,3,0,0,,0,40 00:20.660,,0,75 09:36.313,0,0,0,0,67301,0,0,0,N,0,0,0,1,67301,0,,1,1,,N,N,,0,,0,0,0,0,0,,2100,0,3,0,0,0,0,0,3,4,0,3,3,,N,,,,,,,,,,,
2007092033,1713.0,2,0,0,0,0,0,0,0,0,6,0,,67,8,2007,2,39.9113,-75.2427,1710.0,6,0,0,0,0,0,1,0,0,,0,0,0,17,1,0,5,,0,39 54:40.000,,0,75 14:33.593,0,0,0,0,67301,0,0,0,N,0,0,0,4,67301,0,,1,1,,N,N,,0,,0,0,0,9,2,,1710,0,2,0,0,0,0,0,3,4,0,2,3,,N,,,,,,,,,,,
2007094705,304.0,0,0,0,0,0,0,0,0,0,0,0,,67,7,2007,1,39.8824,-75.2262,253.0,6,0,0,0,0,0,0,0,0,,0,0,0,2,3,1,0,,0,39 52:56.791,,0,75 13:34.305,3,0,0,1,67301,0,0,0,N,0,0,0,1,67301,0,,1,1,,N,N,,0,,1,0,0,0,0,,250,1,1,0,0,0,0,0,3,4,0,1,3,,N,,,,,,,,,,,
2007091885,1235.0,1,0,0,0,0,0,0,0,0,4,0,,67,7,2007,5,40.0179,-75.0807,1233.0,6,0,0,0,0,0,0,0,0,3.0,0,0,0,12,1,1,1,,2,40 01:04.425,7.0,0,75 04:50.429,4,0,0,0,67301,0,0,0,N,0,0,0,3,67301,1,,1,1,,N,N,,0,,0,0,1,3,3,Y,1233,1,2,0,0,0,0,0,3,4,0,2,3,,N,,,,,,,,,,,
2007082394,1826.0,1,0,0,0,0,0,0,0,0,4,0,,67,7,2007,5,40.0405,-75.0591,1824.0,6,0,0,0,1,0,0,0,0,,0,0,0,99,1,1,1,,0,40 02:24.000,,0,75 03:30.268,4,0,0,0,67301,0,0,0,N,0,0,0,2,67301,1,,1,1,,N,N,,0,,0,0,0,3,2,,9999,1,2,0,0,0,0,1,3,4,1,2,3,,N,,,,,,,,,,,
2007084618,1200.0,0,0,0,0,0,0,1,0,0,8,1,,67,6,2007,3,40.0292,-75.0344,1145.0,6,0,0,0,0,0,1,0,0,,0,0,0,11,1,1,0,,0,40 01:46.000,,0,75 02:11.015,4,0,0,0,67301,1,0,0,,1,0,0,2,67301,1,,1,1,,,,,0,,0,0,0,0,0,,1145,1,2,0,0,0,0,1,3,4,0,1,3,,N,,,,,,,,,,,
2007082268,1251.0,2,0,0,0,0,0,0,0,0,6,0,,67,6,2007,2,39.9055,-75.1741,1247.0,6,0,0,0,0,0,1,0,0,2.0,0,0,0,12,1,3,1,,1,39 54:19.800,1.0,0,75 10:26.760,4,0,0,0,67301,0,0,0,,0,0,0,5,67301,1,,1,1,,,,,0,,0,0,0,0,0,N,1245,3,2,0,0,0,2,0,3,4,0,2,3,,N,,,,,,,,,,,
2007081842,1405.0,2,0,0,0,0,0,0,0,0,1,0,,67,6,2007,1,40.0476,-75.1683,1405.0,6,0,0,0,0,0,0,0,0,,0,0,0,14,1,1,0,,0,40 02:51.000,,0,75 10:05.903,8,0,0,0,67301,0,0,0,N,0,0,0,3,67301,0,,1,9,,N,N,,0,,0,0,0,0,0,,1405,1,2,0,0,0,1,0,3,4,0,2,7,,N,,,,,,,,,,,
2007060488,1516.0,1,0,0,0,0,0,0,0,0,1,0,,67,4,2007,1,39.983,-75.2081,1501.0,6,0,0,0,0,0,0,0,0,,0,0,0,15,1,1,0,,0,39 59:02.000,,0,75 12:29.984,4,0,0,0,67301,0,0,0,N,0,0,0,4,68K01,1,,1,1,,N,N,,1,,0,0,0,0,0,,1500,1,2,0,0,0,0,0,3,4,0,2,3,,N,,,,,,,,,,,
2007057982,640.0,1,0,0,0,0,0,0,0,0,5,0,,67,3,2007,7,40.0137,-75.1795,630.0,6,0,0,0,0,0,0,0,0,,0,0,0,6,3,0,3,,0,40 00:49.000,,2,75 10:46.384,9,0,0,0,67301,0,0,0,N,0,0,0,2,67301,0,,1,1,,N,N,,1,,0,0,0,0,0,,625,0,2,0,0,0,0,1,3,4,0,2,3,,N,,,,,,,,,,,
2007057765,1650.0,2,0,0,0,0,0,0,0,0,4,0,,67,4,2007,6,40.0122,-75.1505,1633.0,6,0,0,0,0,1,0,0,0,,0,0,0,16,1,0,1,,0,40 00:44.000,,0,75 09:01.746,0,0,0,0,67301,0,0,0,,0,0,0,5,67301,0,,1,1,,,,,0,,0,0,0,3,1,,1623,0,2,0,0,0,0,0,3,4,0,2,3,,N,,,,,,,,,,,
2007051125,1720.0,3,0,0,0,0,0,1,0,0,6,1,,67,2,2007,2,40.055,-75.1527,1718.0,6,0,0,0,0,0,1,1,0,,0,0,0,16,4,1,0,,0,40 03:18.103,,0,75 09:09.744,4,0,0,0,67301,0,0,0,N,0,0,0,4,67301,1,,1,1,,Y,N,,0,,0,0,0,0,0,,1646,1,4,0,0,0,0,0,3,4,0,4,3,,N,,,,,,,,,,,
2007046294,1836.0,1,0,0,0,0,0,0,0,0,8,0,,67,2,2007,2,39.9585,-75.2252,1836.0,6,0,0,0,0,0,0,0,0,1.0,0,0,0,18,3,1,1,,1,39 57:30.000,2.0,0,75 13:30.586,8,0,0,0,67301,1,0,0,N,1,0,0,2,67301,0,,1,1,,N,N,,0,,0,0,0,3,1,N,1830,1,2,0,0,0,1,0,3,4,0,1,3,,N,,,,,,,,,,,
2007046319,1420.0,1,0,0,0,0,0,0,0,0,7,0,,67,2,2007,4,40.0211,-75.041,1415.0,6,0,0,0,0,0,0,0,0,,0,0,0,14,1,0,0,,0,40 01:18.480,,0,75 02:20.760,0,0,0,0,67301,0,0,0,N,0,0,0,1,67301,0,,4,1,,N,N,,0,,0,0,0,0,0,,1410,0,1,0,0,0,0,0,3,4,0,1,3,,N,,,,,,,,,,,
2007048862,1233.0,2,0,0,0,0,0,0,0,0,5,0,,67,3,2007,2,40.0465,-75.1815,1227.0,6,0,0,0,0,0,0,0,1,,0,0,0,11,1,0,0,,0,40 02:47.547,,0,75 10:53.432,0,0,0,0,67301,0,0,0,N,0,0,0,1,67301,0,,2,1,,N,N,,0,,0,0,0,0,0,,1157,0,2,0,0,0,0,0,3,4,0,2,3,,N,,,,,,,,,,,
2007048903,756.0,3,0,0,0,0,0,0,0,0,1,0,,67,2,2007,2,39.9854,-75.2082,753.0,6,0,0,0,0,0,1,0,0,1.0,0,0,0,7,1,1,3,,1,39 59:11.760,4.0,2,75 12:28.440,4,0,0,0,67301,0,0,0,N,0,0,0,3,67301,1,,1,1,,N,N,,0,,0,0,0,0,0,N,750,1,3,0,0,0,0,0,3,4,0,3,3,,N,,,,,,,,,,,
2007048907,1823.0,1,0,0,0,0,0,0,0,0,1,1,,67,2,2007,3,39.9571,-75.1571,1814.0,6,0,0,0,0,0,0,1,0,1.0,0,1,0,18,3,2,0,,2,39 57:25.000,3.0,0,75 09:25.468,8,0,0,0,67301,0,0,0,N,0,0,0,3,67301,0,,1,6,,N,N,,0,,0,0,0,0,0,N,1814,2,2,0,0,0,2,0,3,4,0,2,9,,N,,,,,,,,,,,
2007048995,1220.0,1,0,0,0,0,0,0,0,0,0,0,,67,3,2007,6,40.0235,-75.1717,1219.0,6,0,0,0,0,0,1,0,0,,0,0,0,12,1,1,1,,0,40 01:24.628,,0,75 10:17.986,3,0,0,0,67301,1,0,0,N,1,0,0,2,67301,0,,1,1,,N,N,,0,,1,0,0,3,3,,1218,1,2,0,0,0,0,0,3,4,0,1,3,,N,,,,,,,,,,,
2007049015,1735.0,1,0,0,0,0,0,0,0,0,8,0,,67,2,2007,5,39.9631,-75.2242,1735.0,6,0,0,0,0,0,0,0,0,1.0,0,0,0,17,3,1,1,,1,39 57:47.000,4.0,0,75 13:27.223,3,0,0,0,67301,1,0,0,N,1,0,0,2,67301,0,,1,1,,N,N,,0,,1,0,0,3,2,Y,1732,1,2,0,0,0,0,0,3,4,0,1,3,,N,,,,,,,,,,,
2007049069,815.0,1,0,0,0,0,0,0,0,0,4,0,,67,2,2007,3,40.0087,-75.1514,802.0,6,0,0,0,0,0,1,0,0,9.0,0,0,0,7,1,1,2,,2,40 00:31.000,5.0,0,75 09:04.869,8,0,0,0,67301,0,0,0,N,0,0,0,2,67301,0,,1,1,,N,N,,0,,0,0,1,0,0,N,754,1,2,0,0,0,1,0,3,4,0,2,3,,N,,,,,,,,,,,
2007117252,1145.0,1,0,0,0,0,0,0,0,0,1,0,,67,9,2007,7,40.0037,-75.1282,1141.0,6,0,0,0,0,0,0,0,0,,0,0,0,11,1,1,0,,0,40 00:13.411,,0,75 07:41.363,4,0,0,0,67301,0,0,0,N,0,0,0,2,67301,1,,1,1,,N,N,,1,,0,0,0,9,2,,1115,1,2,0,0,1,0,0,3,4,0,2,3,,N,,,,,,,,,,,
2007117281,1845.0,2,0,0,0,0,0,0,0,0,1,0,,67,10,2007,5,40.0453,-75.0325,1845.0,6,0,0,0,0,0,0,0,0,,0,0,0,18,3,1,0,,0,40 02:42.934,,0,75 01:56.993,8,0,0,0,67301,0,0,0,N,0,0,0,2,67301,0,,1,1,,N,N,,0,,0,0,0,0,0,,1844,1,2,0,0,0,1,0,3,4,0,2,3,,N,,,,,,,,,,,
2007119818,2231.0,1,0,0,0,0,0,0,0,0,7,0,,67,10,2007,3,40.0176,-75.2022,2231.0,6,0,0,0,0,0,0,0,0,,0,0,0,22,3,0,0,,0,40 01:03.267,,0,75 12:07.989,0,0,0,0,67301,0,0,0,N,0,0,0,1,67301,0,,2,9,,N,N,,0,,0,0,0,0,0,,2227,0,1,0,0,1,0,0,3,4,0,1,7,,N,,,,,,,,,,,
2007080840,744.0,2,0,0,0,0,0,0,0,0,1,1,,67,5,2007,3,39.9092,-75.1491,740.0,6,0,0,0,0,0,0,0,0,3.0,1,1,0,7,1,2,0,,2,39 54:38.000,1.0,0,75 08:55.935,1,0,0,0,67301,2,0,0,Y,2,0,0,3,67301,2,1.0,2,1,,N,N,,0,0.0,0,0,0,0,0,Y,738,2,5,1,0,1,0,0,3,4,0,3,3,,N,,,,,,,,,,,
2007080984,1905.0,1,0,0,0,0,0,0,0,0,8,0,,67,5,2007,2,39.9877,-75.1065,1904.0,6,0,0,0,0,0,0,0,0,,0,0,0,18,1,1,0,,0,39 59:15.810,,0,75 06:23.492,8,0,0,0,67301,1,0,0,N,1,0,0,2,67301,0,,1,1,,N,N,,0,,0,0,0,0,0,,1855,1,2,0,0,0,1,0,3,4,0,1,3,,N,,,,,,,,,,,
2007080994,851.0,1,0,0,0,0,0,0,0,0,8,0,,67,3,2007,6,39.9736,-75.2178,848.0,6,0,0,0,0,0,0,0,0,,0,0,0,8,1,1,0,,0,39 58:25.120,,0,75 13:03.952,8,0,0,0,67301,1,0,0,N,1,0,0,2,67301,0,,1,1,,N,Y,,0,,0,0,0,0,0,,848,1,2,0,0,1,1,0,3,4,0,1,3,,N,,,,,,,,,,,
2007080998,1238.0,0,0,0,0,0,0,0,0,0,1,0,,67,6,2007,6,39.9946,-75.0945,1233.0,6,0,0,0,0,0,0,0,0,1.0,0,0,0,12,1,1,1,,1,39 59:40.000,1.0,0,75 05:40.312,8,0,0,0,67301,0,0,0,N,0,0,0,3,67301,0,,1,1,,N,N,,0,,0,0,1,3,2,N,1228,1,2,0,0,0,1,0,3,4,1,2,3,,N,,,,,,,,,,,
2007081032,1601.0,1,0,0,0,0,0,0,0,0,8,0,,67,4,2007,2,40.0368,-75.1381,1601.0,6,0,0,0,0,0,0,0,0,,0,0,0,15,1,1,1,,0,40 02:12.346,,0,75 08:17.177,4,0,0,0,67301,1,0,0,N,1,0,0,2,67301,1,,1,9,,N,N,,0,,0,0,0,3,3,,1558,1,2,0,0,0,0,0,3,4,0,1,3,,N,,,,,,,,,,,
2007120219,1625.0,1,0,0,1,0,0,0,0,0,4,0,99.0,67,10,2007,4,39.9866,-75.0944,1625.0,6,0,0,0,0,1,0,0,0,9.0,0,0,0,16,1,1,2,,1,39 59:11.923,6.0,0,75 05:39.698,4,0,0,0,67301,1,0,0,N,0,0,0,2,67301,1,,1,1,,N,N,,0,,0,0,0,0,0,N,1600,1,2,0,0,0,0,0,3,4,0,1,3,,Y,8.0,8.0,U,,,U,,,,,
2007081045,955.0,1,0,0,0,0,0,0,0,0,2,0,,67,6,2007,3,40.0183,-75.148,948.0,6,0,0,0,0,0,1,0,0,,0,0,0,9,1,1,3,,0,40 01:05.944,,0,75 08:52.969,4,0,0,0,67301,0,0,0,,0,0,0,2,67301,1,,1,1,,,,,2,,0,0,0,3,3,,940,1,3,0,0,0,0,0,3,4,0,3,3,,N,,,,,,,,,,,
2007081119,748.0,1,0,0,0,0,0,0,0,0,8,0,,67,4,2007,3,40.1076,-75.0538,744.0,6,0,0,0,0,0,0,0,0,,0,0,0,99,1,1,2,,0,40 06:27.000,,0,75 03:13.701,4,0,0,0,67301,1,0,0,N,1,0,0,2,67301,1,,1,1,,N,N,,0,,0,0,0,3,2,,9999,1,2,0,0,0,0,0,3,4,0,1,3,,N,,,,,,,,,,,
2007081143,931.0,2,0,0,0,0,0,0,0,0,4,0,,67,6,2007,7,40.0946,-75.0152,929.0,6,0,0,0,0,0,0,0,0,,0,0,0,9,1,2,1,,0,40 05:40.000,,0,75 00:54.688,8,0,0,0,67301,0,0,0,N,0,0,0,8,67301,0,,1,1,,N,N,,0,,0,0,0,3,2,,925,2,2,0,0,0,2,6,3,4,0,2,3,,N,,,,,,,,,,,
2007066866,310.0,2,0,0,0,0,0,0,0,0,2,0,,67,4,2007,1,40.0016,-75.1286,310.0,6,0,0,0,0,0,0,0,0,,0,0,0,3,3,1,1,,0,40 00:05.796,,0,75 07:42.898,4,0,0,0,67301,0,0,0,,0,0,0,3,67301,1,,1,1,,,,,0,,0,0,0,3,2,,310,1,2,0,0,0,0,0,3,4,0,2,3,,N,,,,,,,,,,,
2007056639,1310.0,1,0,0,0,0,0,0,0,0,8,0,,67,4,2007,7,39.9956,-75.1035,1300.0,6,0,0,0,1,0,0,0,0,,0,0,0,13,1,1,0,,0,39 59:44.246,,0,75 06:12.704,8,0,0,0,67301,1,0,0,N,1,0,0,3,67301,0,,1,1,,N,N,,0,,0,0,0,0,0,,1300,1,2,0,0,0,1,0,3,4,0,1,3,,N,,,,,,,,,,,
2007056718,1633.0,0,0,0,1,0,0,0,0,0,4,0,,67,3,2007,5,39.9589,-75.214,1626.0,6,0,0,0,0,0,0,0,0,,0,0,0,16,1,1,0,,0,39 57:31.966,,7,75 12:50.263,8,0,0,0,67301,1,0,0,N,0,0,0,2,67301,0,,1,1,,N,N,,0,,0,0,0,0,0,,1630,1,2,0,0,0,1,1,3,4,0,1,3,,N,,,,,,,,,,,
2007056773,140.0,1,0,0,0,0,0,0,0,0,4,0,,67,4,2007,7,40.0279,-75.0824,135.0,6,0,0,0,0,0,0,0,0,,0,0,0,22,3,1,2,,0,40 01:40.364,,0,75 04:56.711,3,0,0,1,67301,0,0,0,N,0,0,0,2,67301,0,,1,1,,N,N,,0,,1,0,0,3,3,,2230,1,2,0,0,0,0,0,3,4,0,2,3,,N,,,,,,,,,,,
2007057016,1900.0,1,0,0,0,0,0,0,0,0,8,0,,67,4,2007,2,40.0126,-75.078,1900.0,6,0,0,0,0,0,0,1,0,,0,0,0,15,1,1,0,,0,40 00:45.280,,0,75 04:40.918,3,0,0,0,67301,1,0,0,,1,0,0,2,67301,0,,1,1,,,,,0,,1,0,0,0,0,,1515,1,2,0,0,0,0,0,3,4,0,1,3,,N,,,,,,,,,,,
2007057035,339.0,1,0,0,0,0,0,0,0,0,7,0,,67,3,2007,6,39.8834,-75.223,334.0,6,0,0,0,0,0,1,0,0,,0,0,0,99,8,1,0,,0,39 53:00.142,,0,75 13:22.951,8,0,0,0,67301,0,0,0,N,0,0,0,1,67301,0,,2,98,,N,N,,0,,0,0,0,0,0,,9999,1,1,0,0,0,1,0,3,4,0,1,99,,N,,,,,,,,,,,
2007046875,9999.0,1,0,0,1,0,0,0,0,0,5,0,,67,1,2007,5,39.946,-75.1807,,6,0,0,0,0,0,0,0,0,,0,0,0,99,1,1,0,,0,39 56:45.596,,0,75 10:50.419,8,0,0,0,67301,1,0,0,N,0,0,0,2,67301,0,,1,1,,N,N,,0,,0,0,0,0,0,,9999,1,2,0,0,0,1,0,3,4,0,1,3,,N,,,,,,,,,,,
2007056927,852.0,2,0,0,0,0,0,0,0,0,1,0,,67,3,2007,5,39.9477,-75.1988,851.0,6,0,0,0,0,0,0,0,0,,0,0,0,8,1,1,2,,0,39 56:51.720,,0,75 11:54.960,8,0,0,0,67301,0,0,0,N,0,0,0,2,67504,0,,1,1,,N,N,,0,,0,0,0,3,2,,849,1,2,0,0,0,1,0,3,4,0,2,3,,N,,,,,,,,,,,
2007093725,630.0,3,0,0,0,0,0,0,0,0,1,0,,67,6,2007,5,39.9623,-75.1972,614.0,6,0,0,0,0,0,0,0,0,,0,0,0,6,3,1,2,,0,39 57:44.000,,0,75 11:49.889,3,0,0,0,67301,0,0,0,N,0,0,0,1,67301,0,,1,9,,N,N,,0,,1,0,0,3,2,,613,1,4,0,0,0,0,0,3,4,1,4,3,,N,,,,,,,,,,,
2007099493,1155.0,1,0,0,1,0,0,0,0,0,4,0,,67,8,2007,7,39.9646,-75.1416,1151.0,6,0,0,0,0,0,0,0,0,,0,0,0,11,1,1,2,,0,39 57:52.423,,0,75 08:29.810,4,0,0,0,67301,1,0,0,,0,0,0,2,67301,1,,1,1,,N,N,,0,,0,0,0,3,3,,1140,1,2,0,0,0,0,0,3,4,0,1,3,,N,,,,,,,,,,,
2007099504,2059.0,0,0,0,0,0,0,0,0,0,8,0,,67,8,2007,4,40.0812,-75.0291,2056.0,6,0,0,0,0,0,0,0,0,,0,0,0,20,3,1,0,,0,40 04:52.000,,0,75 01:44.534,4,0,0,0,67301,1,0,0,,1,0,0,2,67301,1,,1,9,,,,,1,,0,0,0,0,0,,2056,1,2,0,0,0,0,0,3,4,0,1,3,,N,,,,,,,,,,,
2007099336,1448.0,0,0,0,1,0,0,0,0,0,4,0,,67,9,2007,7,39.9627,-75.2039,1443.0,6,0,0,0,0,0,0,1,0,,0,0,0,99,1,1,2,,0,39 57:45.000,,0,75 12:13.932,3,0,0,0,67301,1,0,0,,0,0,0,2,67301,0,,1,1,,,,,0,,1,0,0,9,3,,9999,1,2,0,0,0,0,0,3,4,1,1,3,,N,,,,,,,,,,,
2007116395,1351.0,3,0,0,0,0,0,0,0,0,1,0,,67,10,2007,3,40.0351,-75.1738,1348.0,6,0,0,0,0,0,0,0,0,,0,0,0,13,1,1,0,,0,40 02:06.000,,0,75 10:25.774,8,0,0,0,67301,0,0,0,N,0,0,0,3,67301,0,,1,1,,N,N,,0,,0,0,0,0,0,,1330,1,3,0,0,0,1,0,3,4,0,3,3,,N,,,,,,,,,,,
2007099390,1057.0,0,0,0,0,0,0,0,0,0,7,0,,67,9,2007,3,40.0189,-75.0726,1054.0,6,0,0,0,0,0,0,0,0,,0,0,0,10,1,3,2,,0,40 01:08.000,,0,75 04:21.383,8,0,0,0,67301,0,0,0,,0,0,0,3,67301,0,,2,1,,,,,0,,0,0,0,0,0,,1053,3,1,0,0,0,3,0,3,4,1,1,3,,N,,,,,,,,,,,
2007091881,1939.0,1,0,0,0,0,0,0,0,0,8,0,,67,7,2007,4,39.9361,-75.1924,1937.0,6,0,0,0,0,0,0,0,0,,0,0,0,19,1,1,0,,0,39 56:09.837,,0,75 11:32.524,4,0,0,0,67301,1,0,0,N,1,0,0,2,67301,1,,1,1,,N,N,,0,,0,0,0,0,0,,1935,1,2,0,0,0,0,0,3,4,0,1,3,,N,,,,,,,,,,,
2007094418,9.0,2,0,0,0,0,0,0,0,0,4,0,,67,7,2007,1,39.9222,-75.2433,6.0,6,0,0,1,0,0,0,0,0,,0,0,0,0,3,2,2,,0,39 55:19.984,,0,75 14:36.031,4,0,0,0,67301,0,0,0,N,0,0,0,2,67301,2,,1,1,,N,N,,0,,0,0,0,3,3,,1,2,2,0,0,0,0,0,3,4,0,2,3,,N,,,,,,,,,,,
2007091935,703.0,1,0,0,0,0,0,0,0,0,4,0,,67,7,2007,6,39.9609,-75.145,703.0,6,1,0,0,0,0,0,1,0,2.0,0,0,0,6,1,1,1,,1,39 57:39.000,2.0,0,75 08:41.744,4,0,0,0,67301,0,0,0,N,0,0,0,4,67301,1,,1,1,,N,N,,0,,0,0,0,3,2,N,655,1,2,0,0,0,0,0,3,4,1,2,3,,N,,,,,,,,,,,
2007091948,957.0,2,0,0,0,0,0,0,0,0,4,0,,67,7,2007,6,40.0697,-75.1672,957.0,6,0,0,0,0,0,0,0,0,,0,0,0,9,1,2,1,,0,40 04:10.754,,0,75 10:01.973,3,0,0,0,67301,0,0,0,N,0,0,0,3,67301,1,,1,1,,N,N,,0,,1,0,0,3,3,,945,2,2,0,0,0,0,0,3,4,0,2,3,,N,,,,,,,,,,,
2007092029,125.0,2,0,0,0,0,0,0,0,0,6,0,,67,7,2007,7,39.9301,-75.2192,124.0,6,0,0,0,0,0,1,0,0,,0,0,0,1,3,0,1,,0,39 55:48.000,,0,75 13:08.982,0,0,0,0,67301,0,0,0,N,0,0,0,2,67301,0,,1,1,,N,N,,0,,0,0,0,3,2,,124,0,2,0,0,0,0,0,3,4,0,2,3,,N,,,,,,,,,,,
2007092039,2223.0,2,0,0,0,0,0,0,0,0,1,0,,67,7,2007,6,40.0488,-75.1507,2223.0,6,0,0,0,0,0,1,0,0,2.0,0,0,0,22,3,2,0,,1,40 02:55.582,1.0,0,75 09:02.642,4,0,0,0,67301,0,0,0,N,0,0,0,3,67301,2,,1,1,,N,N,,0,,0,0,1,0,0,N,2220,2,3,0,0,0,0,0,3,4,0,3,3,,N,,,,,,,,,,,
2007092044,215.0,2,0,0,0,0,0,0,0,0,2,0,,67,7,2007,1,40.0159,-75.187,156.0,6,0,0,0,0,0,0,0,0,,0,0,0,1,3,3,1,,0,40 00:57.000,,0,75 11:13.339,4,0,0,0,67301,0,0,0,N,0,0,0,7,67301,3,,1,1,,N,N,,0,,0,0,0,3,2,,150,3,2,0,0,0,0,0,3,4,0,2,3,,N,,,,,,,,,,,
2007091902,825.0,2,0,0,0,0,0,0,0,0,4,0,,67,7,2007,2,39.9353,-75.235,820.0,6,0,0,0,0,0,0,0,0,,0,0,0,8,1,2,0,,0,39 56:06.000,,0,75 14:06.078,4,0,0,0,67301,0,0,0,N,0,0,0,2,67301,2,,1,9,,N,N,,0,,0,0,0,0,0,,800,2,2,0,0,0,0,0,3,4,0,2,7,,N,,,,,,,,,,,
2007084588,1945.0,1,0,0,0,0,0,0,0,0,7,0,,67,5,2007,2,40.0007,-75.1868,1941.0,6,0,0,0,0,1,0,0,0,1.0,0,0,0,19,1,0,0,,2,40 00:02.000,2.0,0,75 11:12.344,0,0,0,0,67301,0,0,0,,0,0,0,1,67301,0,,2,1,,N,N,,0,,0,0,0,0,0,Y,1939,0,1,0,0,0,0,0,3,4,0,1,3,,N,,,,,,,,,,,
2007084425,1759.0,2,0,0,0,0,0,0,0,0,1,0,,67,8,2007,6,40.0026,-75.2236,1755.0,6,0,0,0,0,0,0,1,0,,0,0,0,17,1,1,1,,0,40 00:10.000,,0,75 13:22.066,8,0,0,0,67301,0,0,0,N,0,0,0,2,46104,0,,1,1,,N,N,,0,,0,0,0,3,2,,1755,1,2,0,0,0,1,0,3,4,0,2,3,,N,,,,,,,,,,,