CRN,ARRIVAL_TM,AUTOMOBILE_COUNT,BELTED_DEATH_COUNT,BELTED_SUSP_SERIOUS_INJ_COUNT,BICYCLE_COUNT,BICYCLE_DEATH_COUNT,BICYCLE_SUSP_SERIOUS_INJ_COUNT,BUS_COUNT,CHLDPAS_DEATH_COUNT,CHLDPAS_SUSP_SERIOUS_INJ_COUNT,COLLISION_TYPE,COMM_VEH_COUNT,CONS_ZONE_SPD_LIM,COUNTY,CRASH_MONTH,CRASH_YEAR,DAY_OF_WEEK,DEC_LAT,DEC_LONG,DISPATCH_TM,DISTRICT,DRIVER_COUNT_16YR,DRIVER_COUNT_17YR,DRIVER_COUNT_18YR,DRIVER_COUNT_19YR,DRIVER_COUNT_20YR,DRIVER_COUNT_50_64YR,DRIVER_COUNT_65_74YR,DRIVER_COUNT_75PLUS,EST_HRS_CLOSED,FATAL_COUNT,HEAVY_TRUCK_COUNT,HORSE_BUGGY_COUNT,HOUR_OF_DAY,ILLUMINATION,INJURY_COUNT,INTERSECT_TYPE,INTERSECTION_RELATED,LANE_CLOSED,LATITUDE,LN_CLOSE_DIR,LOCATION_TYPE,LONGITUDE,MAX_SEVERITY_LEVEL,MCYCLE_DEATH_COUNT,MCYCLE_SUSP_SERIOUS_INJ_COUNT,MOTORCYCLE_COUNT,MUNICIPALITY,NONMOTR_COUNT,NONMOTR_DEATH_COUNT,NONMOTR_SUSP_SERIOUS_INJ_COUNT,NTFY_HIWY_MAINT,PED_COUNT,PED_DEATH_COUNT,PED_SUSP_SERIOUS_INJ_COUNT,PERSON_COUNT,POLICE_AGCY,POSSIBLE_INJ_COUNT,RDWY_SURF_TYPE_CD,RELATION_TO_ROAD,ROAD_CONDITION,ROADWAY_CLEARED,SCH_BUS_IND,SCH_ZONE_IND,SECONDARY_CRASH,SMALL_TRUCK_COUNT,SPEC_JURIS_CD,SUSP_MINOR_INJ_COUNT,SUSP_SERIOUS_INJ_COUNT,SUV_COUNT,TCD_FUNC_CD,TCD_TYPE,TFC_DETOUR_IND,TIME_OF_DAY,TOT_INJ_COUNT,TOTAL_UNITS,UNB_DEATH_COUNT,UNB_SUSP_SERIOUS_INJ_COUNT,UNBELTED_OCC_COUNT,UNK_INJ_DEG_COUNT,UNK_INJ_PER_COUNT,URBAN_AREA,URBAN_RURAL,VAN_COUNT,VEHICLE_COUNT,WEATHER1,WEATHER2,WORK_ZONE_IND,WORK_ZONE_LOC,WORK_ZONE_TYPE,WORKERS_PRES,WZ_CLOSE_DETOUR,WZ_FLAGGER,WZ_LAW_OFFCR_IND,WZ_LN_CLOSURE,WZ_MOVING,WZ_OTHER,WZ_SHLDER_MDN,WZ_WORKERS_INJ_KILLED
2007082500,2005.0,0,0,0,0,0,0,0,0,0,0,0,,67,5,2007,5,39.9531,-75.1947,2000.0,6,0,0,0,0,0,0,0,0,,0,0,0,20,1,1,2,,0,39 57:11.000,,0,75 11:41.093,3,0,0,1,67301,0,0,0,N,0,0,0,2,67301,0,,1,1,,N,N,,0,,1,0,0,3,2,,2000,1,1,0,0,0,0,1,3,4,0,1,3,,N,,,,,,,,,,,
2007080210,1037.0,1,0,0,0,0,0,0,0,0,4,0,,67,6,2007,2,39.9345,-75.2217,1035.0,6,0,0,0,0,0,1,0,0,,0,0,0,10,1,2,1,,0,39 56:04.178,,0,75 13:18.249,4,0,0,0,67301,0,0,0,N,0,0,0,3,67301,2,,1,9,,N,N,,0,,0,0,0,2,2,,1035,2,2,0,0,0,0,0,3,4,1,2,7,,N,,,,,,,,,,,
2007057976,900.0,1,0,0,0,0,0,0,0,0,4,1,,67,4,2007,5,39.9986,-75.1097,857.0,6,0,0,0,0,0,0,1,0,,0,1,0,7,1,0,0,,0,39 59:54.794,,0,75 06:34.743,0,0,0,0,67301,0,0,0,N,0,0,0,2,67301,0,,1,9,,N,N,,0,,0,0,0,0,0,,728,0,3,0,0,0,0,0,3,4,1,3,7,,N,,,,,,,,,,,
2007058151,1319.0,0,0,0,0,0,0,0,0,0,7,0,,67,4,2007,7,39.9567,-75.1423,1307.0,6,0,0,0,1,0,0,0,0,2.0,0,0,0,13,1,2,0,,1,39 57:26.000,4.0,2,75 08:41.530,2,0,0,0,67301,0,0,0,N,0,0,0,5,67301,0,,2,1,,N,N,,0,,1,1,2,0,0,N,1306,2,2,0,1,1,0,0,3,4,0,2,3,,N,,,,,,,,,,,
2007055355,1305.0,1,0,0,0,0,0,0,0,0,7,0,,67,4,2007,1,39.9093,-75.1546,1305.0,6,0,0,0,0,0,0,0,0,,0,0,0,13,1,0,0,,0,39 54:33.598,,0,75 09:16.621,0,0,0,0,67301,0,0,0,N,0,0,0,1,67501,0,,2,9,,N,N,,0,,0,0,0,0,0,,1305,0,1,0,0,0,0,0,3,4,0,1,7,,N,,,,,,,,,,,
2007051162,638.0,4,0,0,0,0,0,0,0,0,5,0,,67,3,2007,7,39.9265,-75.2437,638.0,6,0,0,0,0,0,0,0,0,,0,0,0,6,5,1,0,,0,39 55:35.303,,0,75 14:37.362,8,0,0,0,67301,0,0,0,N,0,0,0,2,67301,0,,2,9,,N,N,,0,,0,0,0,0,0,,634,1,4,0,0,0,1,1,3,4,0,4,98,,N,,,,,,,,,,,
2007051164,9999.0,1,0,0,0,0,0,0,0,0,6,0,,67,2,2007,3,40.0588,-75.0506,1407.0,6,0,0,1,0,0,1,0,0,,0,0,0,14,1,1,1,,0,40 03:31.000,,0,75 03:02.100,8,0,0,0,67301,0,0,0,N,0,0,0,2,67301,0,,1,1,,N,N,,0,,0,0,1,3,3,,1407,1,2,0,0,0,1,1,3,4,0,2,3,,N,,,,,,,,,,,
2007028466,1903.0,1,0,0,0,0,0,1,0,0,4,1,,67,1,2007,3,40.0245,-75.1478,1901.0,6,0,0,0,0,0,0,0,0,,0,0,0,19,3,1,1,,0,40 01:28.000,,0,75 08:52.132,4,0,0,0,67301,0,0,0,N,0,0,0,3,67301,1,,1,1,,N,N,,0,,0,0,0,9,2,,1900,1,2,0,0,1,0,0,3,4,0,2,3,,N,,,,,,,,,,,
2007027987,1614.0,1,0,0,0,0,0,0,0,0,4,0,,67,1,2007,1,39.9942,-75.1322,1613.0,6,0,0,0,0,0,0,0,0,,0,0,0,16,1,1,1,,0,39 59:39.274,,0,75 07:55.977,3,0,0,1,67301,0,0,0,N,0,0,0,3,67301,0,,1,1,,N,N,,0,,1,0,0,0,0,,1613,1,2,0,0,0,0,0,3,4,0,2,3,,N,,,,,,,,,,,
2007056538,2005.0,2,0,0,0,0,0,0,0,0,1,0,,67,4,2007,1,39.9386,-75.2217,2005.0,6,0,0,0,0,0,1,0,0,,0,0,0,19,3,1,1,,0,39 56:18.000,,0,75 13:18.042,3,0,0,0,67301,0,0,0,N,0,0,0,3,67301,0,,1,1,,N,N,,1,,1,0,0,0,0,,1952,1,3,0,0,0,0,1,3,4,0,3,3,,N,,,,,,,,,,,
2007048913,1600.0,2,0,0,0,0,0,0,0,0,1,0,,67,2,2007,3,39.9982,-75.1908,1546.0,6,0,0,0,1,0,0,0,0,,0,0,0,15,1,0,0,,0,39 59:53.000,,0,75 11:26.769,0,0,0,0,67301,0,0,0,N,0,0,0,2,67301,0,,1,1,,N,N,,0,,0,0,0,0,0,,1540,0,2,0,0,0,0,0,3,4,0,2,3,,N,,,,,,,,,,,
2007117266,257.0,2,0,0,0,0,0,0,0,0,1,0,,67,10,2007,7,39.9466,-75.1428,243.0,6,0,0,0,0,0,0,0,0,,0,0,0,2,3,1,2,,0,39 56:47.000,,7,75 08:34.086,4,0,0,0,67301,0,0,0,,0,0,0,5,67301,1,,1,1,,N,N,,0,,0,0,0,3,3,,209,1,2,0,0,0,0,4,3,4,0,2,3,,N,,,,,,,,,,,
2007117310,955.0,2,0,0,0,0,0,0,0,0,4,0,,67,9,2007,7,,,950.0,6,1,0,0,0,0,0,0,0,,0,0,0,9,1,0,1,,0,,,0,,0,0,0,0,67301,0,0,0,N,0,0,0,4,67301,0,,1,1,,N,N,,0,,0,0,0,3,3,,950,0,2,0,0,0,0,0,3,3,0,2,3,,N,,,,,,,,,,,
2007080819,9999.0,2,0,0,0,0,0,0,0,0,1,1,,67,6,2007,6,39.8896,-75.2197,9999.0,6,0,0,0,0,0,0,0,0,3.0,0,1,0,17,1,0,6,,2,39 53:20.000,1.0,2,75 13:08.134,0,0,0,0,67301,0,0,0,Y,0,0,0,3,67301,0,,1,1,,N,N,,0,,0,0,0,0,0,N,1704,0,3,0,0,0,0,0,3,4,0,3,3,,N,,,,,,,,,,,
2007080867,2059.0,1,0,0,0,0,0,0,0,0,7,0,,67,6,2007,1,39.9718,-75.1226,2052.0,6,0,0,0,0,0,0,0,0,2.0,0,0,0,20,2,0,0,,2,39 58:23.000,1.0,0,75 07:12.777,0,0,0,0,67301,0,0,0,,0,0,0,1,67301,0,,2,1,,N,N,,0,,0,0,0,0,0,Y,2052,0,1,0,0,0,0,0,3,4,0,1,3,,N,,,,,,,,,,,
2007080975,1254.0,2,0,0,0,0,0,0,0,0,1,0,,67,2,2007,3,40.0002,-75.1531,1252.0,6,0,0,0,1,0,0,0,0,,0,0,0,12,1,1,0,,0,40 00:00.000,,0,75 09:11.133,4,0,0,0,67301,0,0,0,N,0,0,0,2,67301,1,,1,1,,N,N,,0,,0,0,0,3,1,,1250,1,2,0,0,0,0,0,3,4,0,2,3,,N,,,,,,,,,,,
2007080978,9999.0,0,0,0,0,0,0,0,0,0,7,0,,67,3,2007,1,40.0311,-75.1256,9999.0,6,0,0,0,0,0,0,0,0,,0,0,0,17,1,1,0,,0,40 01:52.023,,0,75 07:32.031,2,0,0,0,67301,0,0,0,,0,0,0,3,67301,0,,4,1,,N,N,,1,,0,1,0,0,0,,1700,1,1,0,1,3,0,2,3,4,0,1,3,,N,,,,,,,,,,,
2007080982,2155.0,0,0,0,0,0,0,0,0,0,8,0,,67,5,2007,5,40.0436,-75.1618,2153.0,6,0,0,1,0,0,0,0,0,,0,0,0,20,3,1,0,,0,40 02:36.000,,0,75 09:42.376,3,0,0,0,67301,1,0,0,N,1,0,0,3,67301,0,,1,1,,N,N,,0,,1,0,1,0,0,,2047,1,2,0,0,0,0,0,3,4,0,1,3,,N,,,,,,,,,,,
2007081007,9999.0,2,0,0,0,0,0,0,0,0,4,0,,67,5,2007,2,40.0145,-75.1311,,6,0,0,0,0,0,0,0,0,,0,0,0,99,1,1,1,,0,40 00:52.185,,0,75 07:52.121,8,0,0,0,67301,0,0,0,,0,0,0,3,67301,0,,1,1,,N,N,,0,,0,0,0,3,2,,9999,1,3,0,0,0,1,0,3,4,1,3,3,,N,,,,,,,,,,,
2007056642,1650.0,2,0,0,0,0,0,0,0,0,5,0,,67,4,2007,1,40.0217,-75.038,9999.0,6,0,0,0,0,0,0,0,0,,0,0,0,16,1,1,3,,0,40 01:18.000,,0,75 02:16.611,3,0,0,0,67301,0,0,0,N,0,0,0,3,67301,0,,1,1,,N,N,,0,,1,0,0,9,2,,1643,1,2,0,0,0,0,0,3,4,0,2,3,,N,,,,,,,,,,,
2007056695,2035.0,0,0,0,0,0,0,0,0,0,8,0,,67,4,2007,6,39.9673,-75.1754,2035.0,6,0,0,0,0,0,0,0,0,,0,0,0,20,3,1,1,,0,39 58:02.431,,0,75 10:31.324,8,0,0,0,67301,1,0,0,N,1,0,0,2,67301,0,,1,1,,N,N,,0,,0,0,1,3,2,,2025,1,2,0,0,0,1,0,3,4,0,1,3,,N,,,,,,,,,,,
2007056836,755.0,2,0,0,0,0,0,0,0,0,4,0,,67,3,2007,4,39.973,-75.238,750.0,6,0,0,0,0,0,0,0,0,,0,0,0,7,1,1,1,,0,39 58:22.710,,0,75 14:16.803,4,0,0,0,67301,0,0,0,N,0,0,0,3,67301,1,,1,1,,N,N,,0,,0,0,0,2,2,,745,1,2,0,0,0,0,0,3,4,0,2,3,,N,,,,,,,,,,,
2007056871,957.0,0,0,0,0,0,0,0,0,0,8,1,,67,4,2007,4,39.9544,-75.1631,955.0,6,0,0,0,0,0,0,0,0,9.0,1,1,0,9,1,0,1,,1,39 57:15.000,1.0,0,75 09:47.046,1,0,0,0,67301,1,1,0,N,1,1,0,2,67301,0,2.0,1,1,,N,N,,0,0.0,0,0,0,3,2,N,950,0,2,0,0,0,0,0,3,4,0,1,3,,N,,,,,,,,,,,
2007057025,1844.0,1,0,0,0,0,0,0,0,0,1,0,,67,4,2007,2,40.0328,-75.0723,1840.0,6,0,0,0,0,0,0,0,0,,0,0,0,18,1,1,10,,0,40 01:58.000,,0,75 04:20.252,8,0,0,0,67301,2,0,0,N,0,0,0,3,67301,0,,4,1,,N,N,,0,,0,0,0,3,2,,1830,1,2,0,0,0,1,1,3,4,1,2,3,,N,,,,,,,,,,,
2007057057,1453.0,1,0,0,0,0,0,0,0,0,7,0,,67,4,2007,1,40.0647,-74.9823,1449.0,6,0,0,0,0,0,1,0,0,,0,0,0,14,1,1,1,,0,40 03:52.000,,0,74 58:56.122,4,0,0,0,67301,0,0,0,N,0,0,0,1,67301,1,,4,1,,N,N,,0,,0,0,0,3,2,,1445,1,1,0,0,0,0,0,3,4,0,1,3,,N,,,,,,,,,,,
2007056984,1635.0,2,0,0,0,0,0,0,0,0,4,0,,67,4,2007,4,40.0472,-75.1406,1633.0,6,0,0,0,0,0,0,0,0,,0,0,0,16,1,2,2,,0,40 02:49.918,,0,75 08:26.237,8,0,0,0,67301,0,0,0,N,0,0,0,3,67301,0,,1,9,,N,N,,0,,0,0,0,3,3,,1633,2,2,0,0,0,2,0,3,4,0,2,7,,N,,,,,,,,,,,
2007047002,1150.0,1,0,0,0,0,0,0,0,0,6,0,,67,3,2007,5,40.1143,-74.9879,1145.0,6,0,0,0,0,0,1,0,0,,0,0,0,11,1,1,1,,0,40 06:51.000,,0,74 59:16.414,8,0,0,0,67301,0,0,0,N,0,0,0,2,67301,0,,1,1,,N,N,,1,,0,0,0,3,2,,1135,1,2,0,0,0,1,0,3,4,0,2,3,,N,,,,,,,,,,,
2007047016,534.0,2,0,0,0,0,0,0,0,0,1,0,,67,2,2007,4,39.9765,-75.1145,534.0,6,0,0,0,0,0,0,0,0,1.0,0,0,0,5,3,0,0,,1,39 58:38.235,2.0,0,75 06:46.692,0,0,0,0,67301,0,0,0,N,0,0,0,2,67301,0,,1,7,,N,N,,0,,0,0,0,0,0,N,534,0,2,0,0,0,0,0,3,4,0,2,10,,N,,,,,,,,,,,
2007123237,2352.0,1,0,0,0,0,0,0,0,0,4,0,,67,10,2007,2,40.1236,-75.0155,2350.0,6,0,0,0,0,1,0,0,0,,0,0,0,23,3,2,1,,0,40 07:24.000,,0,75 00:55.667,4,0,0,0,67301,0,0,0,N,0,0,0,4,67301,2,,1,1,,N,N,,0,,0,0,1,9,2,,2348,2,2,0,0,0,0,0,3,4,0,2,3,,N,,,,,,,,,,,
2007091876,1440.0,1,0,0,0,0,0,0,0,0,2,0,,67,7,2007,6,39.9702,-75.145,1435.0,6,0,0,0,0,0,0,0,0,,0,0,0,14,1,0,1,,0,39 58:12.000,,0,75 08:41.997,0,0,0,0,67301,0,0,0,N,0,0,0,2,67301,0,,1,1,,N,N,,0,,0,0,0,3,2,,1400,0,2,0,0,2,0,0,3,4,1,2,3,,N,,,,,,,,,,,
2007091910,1235.0,1,0,0,0,0,0,0,0,0,5,0,,67,7,2007,7,39.9284,-75.1786,1225.0,6,0,0,0,0,0,1,0,0,,0,0,0,12,1,2,0,,0,39 55:42.404,,0,75 10:43.022,8,0,0,0,67301,0,0,0,,0,0,0,4,67301,0,,1,1,,,,,0,,0,0,0,0,0,,1225,2,2,0,0,0,2,0,3,4,1,2,3,,N,,,,,,,,,,,
2007091913,2101.0,2,0,0,0,0,0,0,0,0,2,0,,67,7,2007,1,40.0361,-75.0985,2050.0,6,0,0,0,0,0,0,0,0,,0,0,0,20,3,1,2,,0,40 02:10.064,,0,75 05:54.603,8,0,0,0,67301,0,0,0,N,0,0,0,5,67301,0,,1,1,,N,N,,0,,0,0,0,3,3,,2040,1,2,0,0,0,1,3,3,4,0,2,3,,N,,,,,,,,,,,
2007091953,1600.0,1,0,0,1,0,0,0,0,0,8,0,,67,7,2007,7,39.9541,-75.1897,1556.0,6,0,0,0,0,0,0,0,0,,0,0,0,15,1,1,1,,0,39 57:14.000,,0,75 11:22.947,4,0,0,0,67301,1,0,0,N,0,0,0,2,67301,1,,1,1,,N,N,,0,,0,0,0,3,2,,1547,1,2,0,0,0,0,1,3,4,0,1,3,,N,,,,,,,,,,,
2007092051,1535.0,2,0,0,0,0,0,0,0,0,4,0,,67,7,2007,4,40.0356,-75.0705,1532.0,6,0,0,0,0,0,0,0,1,,0,0,0,15,1,1,0,,0,40 02:08.325,,7,75 04:13.883,8,0,0,0,67301,0,0,0,,0,0,0,3,67301,0,,1,9,,N,N,,0,,0,0,0,0,0,,1515,1,2,0,0,0,1,0,3,4,0,2,7,,N,,,,,,,,,,,
2007091900,1000.0,2,0,0,0,0,0,0,0,0,4,0,,67,8,2007,3,40.0752,-75.1718,954.0,6,0,0,0,0,0,0,0,1,,0,0,0,9,1,0,1,,0,40 04:30.612,,0,75 10:18.533,0,0,0,0,67301,0,0,0,N,0,0,0,2,67301,0,,1,1,,N,N,,0,,0,0,0,3,2,,945,0,2,0,0,0,0,0,3,4,0,2,3,,N,,,,,,,,,,,
2007084590,1653.0,1,0,0,0,0,0,0,0,0,2,0,,67,6,2007,6,39.9741,-75.1179,1650.0,6,0,0,0,0,0,1,0,0,,0,0,0,16,1,2,2,,0,39 58:27.000,,0,75 07:03.916,4,0,0,0,67301,0,0,0,,0,0,0,2,67301,2,,1,1,,,,,0,,0,0,1,0,0,,1650,2,2,0,0,0,0,0,3,4,0,2,3,,N,,,,,,,,,,,
2007082253,1400.0,0,0,0,0,0,0,0,0,0,8,0,,67,5,2007,5,39.9805,-75.1718,9999.0,6,0,0,0,0,0,1,0,0,,0,0,0,99,1,1,0,,0,39 58:49.000,,0,75 10:18.463,4,0,0,0,67301,1,0,0,N,1,0,0,2,67301,1,,6,1,,N,N,,1,,0,0,0,0,0,,9999,1,2,0,0,1,0,0,3,4,0,1,3,,N,,,,,,,,,,,
2007082265,40.0,1,0,0,0,0,0,0,0,0,7,0,,67,7,2007,5,40.0168,-75.2025,35.0,6,0,0,0,0,0,1,0,0,,0,0,0,0,3,0,0,,0,40 01:00.500,,0,75 12:08.900,0,0,0,0,67301,0,0,0,N,0,0,0,1,67301,0,,3,9,,,,,0,,0,0,0,0,0,,30,0,1,0,0,0,0,0,3,4,0,1,7,,N,,,,,,,,,,,
2007080055,518.0,2,0,0,0,0,0,0,0,0,5,0,,67,6,2007,3,39.936,-75.2224,518.0,6,0,0,0,0,0,0,0,0,,0,0,0,4,3,0,0,,0,39 56:09.603,,0,75 13:20.568,0,0,0,0,67301,0,0,0,N,0,0,0,1,67301,0,,6,1,,N,N,,1,,0,0,1,0,0,,450,0,5,0,0,1,0,0,3,4,1,5,3,,N,,,,,,,,,,,
2007057992,130.0,1,0,0,0,0,0,0,0,0,4,0,,67,4,2007,4,40.0126,-75.0732,129.0,6,0,0,0,0,0,0,0,0,,0,0,0,1,3,0,1,,0,40 00:45.000,,0,75 04:23.854,9,0,0,0,67301,0,0,0,N,0,0,0,5,67301,0,,1,1,,N,N,,0,,0,0,0,3,2,,122,0,2,0,0,0,0,1,3,4,1,2,3,,N,,,,,,,,,,,
2007030561,703.0,1,0,0,0,0,0,0,0,0,8,0,,67,1,2007,6,40.084,-75.063,656.0,6,0,0,0,0,0,0,1,0,9.0,0,0,0,6,3,1,0,,1,40 05:02.000,1.0,0,75 03:46.714,8,0,0,0,67301,1,0,0,,1,0,0,2,67301,0,,1,9,,,,,0,,0,0,0,0,0,N,645,1,2,0,0,0,1,0,3,4,0,1,98,,N,,,,,,,,,,,
2007048999,1718.0,2,0,0,0,0,0,0,0,0,4,0,,67,3,2007,5,39.9939,-75.0802,1710.0,6,0,0,0,0,1,0,0,0,,0,0,0,17,1,1,2,,0,39 59:40.000,,0,75 04:42.946,8,0,0,0,67301,0,0,0,N,0,0,0,2,67301,0,,1,1,,N,N,,0,,0,0,0,0,0,,1707,1,2,0,0,0,1,0,3,4,0,2,3,,N,,,,,,,,,,,
2007049013,1942.0,0,0,0,0,0,0,0,0,0,8,0,,67,2,2007,2,39.9663,-75.2029,1935.0,6,0,0,0,0,0,0,0,1,,0,0,0,19,3,1,1,,0,39 57:58.608,,0,75 12:10.313,4,0,0,0,67301,1,0,0,N,1,0,0,2,67301,1,,1,2,,N,N,,0,,0,0,0,3,2,,1915,1,2,0,0,1,0,0,3,4,1,1,3,,N,,,,,,,,,,,
2007049026,143.0,1,0,0,0,0,0,0,0,0,7,0,,67,3,2007,6,39.9169,-75.216,140.0,6,0,0,0,0,0,0,0,0,9.0,0,0,0,1,3,1,1,,2,39 55:05.000,4.0,0,75 12:31.417,2,0,0,0,67301,0,0,0,N,0,0,0,1,67301,0,,4,9,,N,N,,0,,0,1,0,3,2,Y,139,1,1,0,0,0,0,0,3,4,0,1,7,,N,,,,,,,,,,,
2007049036,1752.0,1,0,0,0,0,0,0,0,0,8,1,,67,1,2007,3,40.0517,-75.1271,1748.0,6,0,0,0,0,0,0,0,0,2.0,0,0,0,17,3,1,1,,1,40 03:06.246,6.0,0,75 07:37.696,2,0,0,0,67301,1,0,1,N,1,0,1,2,67301,0,,1,1,,N,N,,0,,0,1,0,3,2,Y,1748,1,2,0,0,0,0,1,3,4,0,1,3,,N,,,,,,,,,,,
2007049060,1030.0,1,0,0,0,0,0,0,0,0,8,0,,67,2,2007,4,39.953,-75.1612,1026.0,6,0,0,0,0,0,0,1,0,,0,0,0,10,1,1,0,,0,39 57:10.785,,0,75 09:40.467,4,0,0,0,67301,1,0,0,N,1,0,0,2,67301,1,,1,1,,N,N,,0,,0,0,0,0,0,,1026,1,2,0,0,0,0,0,3,4,0,1,3,,N,,,,,,,,,,,
2007046807,532.0,2,0,0,0,0,0,0,0,0,4,0,,67,2,2007,2,40.0335,-75.2152,532.0,6,0,0,0,1,0,0,0,0,,0,0,0,5,3,1,0,,0,40 02:00.568,,0,75 12:54.819,8,0,0,0,67301,0,0,0,,0,0,0,1,67301,0,,1,1,,N,N,,0,,0,0,0,0,0,,524,1,2,0,0,0,1,0,3,4,0,2,3,,N,,,,,,,,,,,
2007046813,306.0,1,0,0,0,0,0,0,0,0,7,0,,67,2,2007,6,39.991,-75.1679,303.0,6,0,0,1,0,0,0,0,0,,0,0,0,2,3,1,1,,0,39 59:27.456,,0,75 10:04.299,2,0,0,0,67301,0,0,0,N,0,0,0,1,67301,0,,4,2,,N,N,,0,,0,1,0,3,2,,258,1,1,0,1,1,0,0,3,4,0,1,10,,N,,,,,,,,,,,
2007117233,1539.0,1,0,0,0,0,0,0,0,0,1,0,,67,10,2007,6,39.9868,-75.1695,1537.0,6,0,0,0,0,0,0,1,0,,0,0,0,15,1,4,0,,0,39 59:12.541,,0,75 10:10.189,4,0,0,0,67301,0,0,0,,0,0,0,6,67301,4,,1,1,,N,N,,0,,0,0,0,3,2,,1537,4,3,0,0,0,0,0,3,4,2,3,3,,N,,,,,,,,,,,
2007081069,2220.0,1,0,0,0,0,0,0,0,0,4,0,,67,5,2007,5,40.1073,-75.0285,2218.0,6,0,0,0,0,0,1,0,0,,0,0,0,21,3,1,0,,0,40 06:26.000,,0,75 01:42.498,4,0,0,0,67301,0,0,0,N,0,0,0,7,67301,1,,1,1,,N,N,,0,,0,0,1,0,0,,2156,1,2,0,0,0,0,0,3,4,0,2,3,,N,,,,,,,,,,,
2007120151,1145.0,2,0,0,0,0,0,0,0,0,4,0,,67,9,2007,1,40.0137,-75.1795,1140.0,6,0,0,1,0,0,0,0,0,3.0,0,0,0,11,1,4,6,,2,40 00:49.000,2.0,2,75 10:46.384,2,0,0,0,67301,0,0,0,,0,0,0,6,67301,2,,1,1,,,,,0,,0,2,0,0,0,N,1140,4,2,0,0,0,0,0,3,4,0,2,3,,N,,,,,,,,,,,
2007081128,320.0,1,0,0,0,0,0,0,0,0,7,0,,67,5,2007,3,39.9224,-75.1869,320.0,6,0,0,0,0,0,0,0,0,,0,0,0,99,3,1,0,,0,39 55:20.000,,0,75 11:14.325,4,0,0,0,67301,0,0,0,N,0,0,0,1,67301,1,,4,1,,N,N,,0,,0,0,0,0,0,,9999,1,1,0,0,1,0,0,3,4,0,1,3,,N,,,,,,,,,,,
2007081135,1358.0,2,0,0,0,0,0,0,0,0,4,0,,67,6,2007,4,40.0351,-75.0709,1343.0,6,0,0,0,0,1,1,0,0,1.0,0,0,0,13,1,1,5,,2,40 02:06.000,2.0,0,75 04:15.407,4,0,0,0,67301,0,0,0,N,0,0,0,3,67301,1,,1,1,,N,N,,0,,0,0,0,2,2,N,1335,1,2,0,0,0,0,0,3,4,0,2,3,,N,,,,,,,,,,,
2007081137,1815.0,1,0,0,0,0,0,0,0,0,5,0,,67,6,2007,6,39.988,-75.1073,1810.0,6,0,0,0,0,0,0,0,0,,0,0,0,18,1,1,0,,0,39 59:16.000,,0,75 06:26.318,8,0,0,1,67301,1,0,0,N,0,0,0,2,67301,0,,1,1,,N,N,,0,,0,0,0,0,0,,1800,1,2,0,0,0,1,0,3,4,0,2,3,,N,,,,,,,,,,,
2007083698,1646.0,1,0,0,0,0,0,0,0,0,7,0,,67,6,2007,4,39.9631,-75.1838,1644.0,6,0,0,0,0,0,0,0,0,,0,0,0,16,1,0,0,,0,39 57:47.000,,0,75 11:02.345,0,0,0,0,67301,0,0,0,N,0,0,0,1,68K01,0,,3,1,,N,N,,0,,0,0,0,0,0,,1643,0,1,0,0,0,0,0,3,4,0,1,3,,N,,,,,,,,,,,
2007120199,2200.0,1,0,0,0,0,0,0,0,0,4,0,,67,10,2007,5,40.0869,-74.972,2152.0,6,0,0,0,0,0,0,0,0,,0,0,0,21,3,1,1,,0,40 05:12.000,,0,74 58:19.242,8,0,0,0,67301,0,0,0,,0,0,0,2,67301,0,,1,1,,,,,0,,0,0,0,3,2,,2151,1,2,0,0,0,1,0,3,4,1,2,3,,N,,,,,,,,,,,
2007120204,1435.0,0,0,0,1,0,0,1,0,0,5,1,,67,10,2007,1,39.9301,-75.2192,1430.0,6,0,0,0,0,0,0,0,0,,0,0,0,14,1,1,1,,0,39 55:48.000,,0,75 13:08.982,4,0,0,0,67301,1,0,0,N,0,0,0,2,67301,1,,1,1,,N,N,,0,,0,0,0,3,2,,1400,1,2,0,0,0,0,1,3,4,0,1,3,,N,,,,,,,,,,,
2007071368,1505.0,1,0,0,0,0,0,1,0,0,4,1,,67,5,2007,5,40.0533,-75.1393,1500.0,6,0,1,0,0,0,0,0,0,,0,0,0,14,1,0,1,,0,40 03:11.919,,0,75 08:21.649,0,0,0,0,67301,0,0,0,N,0,0,0,3,67301,0,,1,1,,N,N,,0,,0,0,1,3,2,,1450,0,3,0,0,0,0,0,3,4,0,3,3,,N,,,,,,,,,,,
2007066563,9999.0,2,0,0,0,0,0,0,0,0,4,0,,67,4,2007,3,40.0128,-75.1546,9999.0,6,0,0,0,0,0,0,0,0,2.0,0,0,0,99,1,1,1,,2,40 00:46.191,1.0,0,75 09:16.516,8,0,0,0,67301,0,0,0,N,0,0,0,2,67301,0,,1,1,,N,N,,1,,0,0,0,3,3,Y,9999,1,3,0,0,0,1,0,3,4,0,3,3,,N,,,,,,,,,,,
2007080119,9999.0,1,0,0,1,0,0,0,0,0,4,0,,67,6,2007,3,39.9898,-75.1177,,6,0,0,0,0,0,0,0,0,,0,0,0,5,1,1,1,,0,39 59:23.280,,0,75 07:03.720,3,0,0,0,67301,1,0,0,N,0,0,0,2,67301,0,,1,1,,N,N,,0,,1,0,0,2,2,,525,1,2,0,0,0,0,0,3,4,0,1,3,,N,,,,,,,,,,,