CRN,ARRIVAL_TM,AUTOMOBILE_COUNT,BELTED_DEATH_COUNT,BELTED_SUSP_SERIOUS_INJ_COUNT,BICYCLE_COUNT,BICYCLE_DEATH_COUNT,BICYCLE_SUSP_SERIOUS_INJ_COUNT,BUS_COUNT,CHLDPAS_DEATH_COUNT,CHLDPAS_SUSP_SERIOUS_INJ_COUNT,COLLISION_TYPE,COMM_VEH_COUNT,CONS_ZONE_SPD_LIM,COUNTY,CRASH_MONTH,CRASH_YEAR,DAY_OF_WEEK,DEC_LAT,DEC_LONG,DISPATCH_TM,DISTRICT,DRIVER_COUNT_16YR,DRIVER_COUNT_17YR,DRIVER_COUNT_18YR,DRIVER_COUNT_19YR,DRIVER_COUNT_20YR,DRIVER_COUNT_50_64YR,DRIVER_COUNT_65_74YR,DRIVER_COUNT_75PLUS,EST_HRS_CLOSED,FATAL_COUNT,HEAVY_TRUCK_COUNT,HORSE_BUGGY_COUNT,HOUR_OF_DAY,ILLUMINATION,INJURY_COUNT,INTERSECT_TYPE,INTERSECTION_RELATED,LANE_CLOSED,LATITUDE,LN_CLOSE_DIR,LOCATION_TYPE,LONGITUDE,MAX_SEVERITY_LEVEL,MCYCLE_DEATH_COUNT,MCYCLE_SUSP_SERIOUS_INJ_COUNT,MOTORCYCLE_COUNT,MUNICIPALITY,NONMOTR_COUNT,NONMOTR_DEATH_COUNT,NONMOTR_SUSP_SERIOUS_INJ_COUNT,NTFY_HIWY_MAINT,PED_COUNT,PED_DEATH_COUNT,PED_SUSP_SERIOUS_INJ_COUNT,PERSON_COUNT,POLICE_AGCY,POSSIBLE_INJ_COUNT,RDWY_SURF_TYPE_CD,RELATION_TO_ROAD,ROAD_CONDITION,ROADWAY_CLEARED,SCH_BUS_IND,SCH_ZONE_IND,SECONDARY_CRASH,SMALL_TRUCK_COUNT,SPEC_JURIS_CD,SUSP_MINOR_INJ_COUNT,SUSP_SERIOUS_INJ_COUNT,SUV_COUNT,TCD_FUNC_CD,TCD_TYPE,TFC_DETOUR_IND,TIME_OF_DAY,TOT_INJ_COUNT,TOTAL_UNITS,UNB_DEATH_COUNT,UNB_SUSP_SERIOUS_INJ_COUNT,UNBELTED_OCC_COUNT,UNK_INJ_DEG_COUNT,UNK_INJ_PER_COUNT,URBAN_AREA,URBAN_RURAL,VAN_COUNT,VEHICLE_COUNT,WEATHER1,WEATHER2,WORK_ZONE_IND,WORK_ZONE_LOC,WORK_ZONE_TYPE,WORKERS_PRES,WZ_CLOSE_DETOUR,WZ_FLAGGER,WZ_LAW_OFFCR_IND,WZ_LN_CLOSURE,WZ_MOVING,WZ_OTHER,WZ_SHLDER_MDN,WZ_WORKERS_INJ_KILLED
2007080124,1730.0,2,0,0,0,0,0,0,0,0,4,0,,67,6,2007,5,39.9972,-75.1071,1725.0,6,0,0,0,1,1,0,0,0,,0,0,0,16,1,1,2,,0,39 59:49.797,,0,75 06:25.448,8,0,0,0,67301,0,0,0,,0,0,0,2,67301,0,,1,1,,,,,0,,0,0,0,9,3,,1600,1,2,0,0,0,1,0,3,4,0,2,3,,N,,,,,,,,,,,
2007080141,1110.0,0,0,0,0,0,0,0,0,0,8,1,,67,6,2007,2,40.0565,-75.0464,1105.0,6,0,0,0,0,0,0,0,0,,0,1,0,99,1,1,1,,0,40 03:23.000,,0,75 02:47.047,4,0,0,0,67301,1,0,0,N,1,0,0,2,67301,1,,1,1,,N,N,,0,,0,0,0,3,2,,9999,1,2,0,0,0,0,0,3,4,0,1,3,,N,,,,,,,,,,,
2007076503,1307.0,0,0,0,0,0,0,1,0,0,1,1,,67,6,2007,5,39.9946,-75.1986,1307.0,6,0,0,1,0,0,0,0,0,,0,0,0,13,1,1,0,,0,39 59:43.000,,0,75 11:51.880,4,0,0,0,67301,0,0,0,N,0,0,0,2,68K01,1,,1,1,,N,N,,1,,0,0,0,0,0,,1307,1,2,0,0,0,0,0,3,4,0,2,3,,N,,,,,,,,,,,
2007066855,1740.0,2,0,0,0,0,0,0,0,0,6,0,,67,4,2007,4,39.9261,-75.2337,1732.0,6,0,0,0,0,0,1,0,0,,0,0,0,17,1,1,3,,0,39 55:33.826,,0,75 14:01.377,4,0,0,0,67301,0,0,0,N,0,0,0,4,67301,1,,1,9,,N,N,,0,,0,0,0,0,0,,1730,1,2,0,0,0,0,0,3,4,0,2,7,,N,,,,,,,,,,,
2007057009,1339.0,2,0,0,0,0,0,0,0,0,1,0,,67,3,2007,7,40.0443,-75.113,1336.0,6,0,0,0,0,0,1,0,0,1.0,0,0,0,13,1,1,2,,1,40 02:46.874,2.0,0,75 06:45.258,4,0,0,0,67301,0,0,0,N,0,0,0,2,67301,1,,1,1,,N,N,,0,,0,0,0,0,0,N,1329,1,2,0,0,0,0,0,3,4,0,2,3,,N,,,,,,,,,,,
2007046905,1925.0,1,0,0,0,0,0,0,0,0,1,0,,67,2,2007,1,39.8783,-75.2511,1900.0,6,0,0,0,0,0,1,0,0,,0,0,0,19,3,2,6,,0,39 52:41.880,,2,75 15:03.960,4,0,0,0,67301,0,0,0,N,0,0,0,3,67301,2,,1,9,,N,N,,1,,0,0,0,9,9,,1900,2,2,0,0,0,0,1,3,4,0,2,10,,N,,,,,,,,,,,
2007047032,723.0,1,0,0,0,0,0,0,0,0,4,0,,67,2,2007,3,40.0294,-75.1888,717.0,6,0,0,0,0,0,0,0,0,1.0,0,0,0,7,1,1,0,,2,40 01:45.711,6.0,0,75 11:19.783,8,0,0,0,67301,0,0,0,N,0,0,0,2,67301,0,,1,2,,N,N,,0,,0,0,1,0,0,Y,717,1,2,0,0,0,1,0,3,4,0,2,3,,N,,,,,,,,,,,
2007047034,2023.0,1,0,0,0,0,0,0,0,0,8,0,,67,2,2007,6,39.9794,-75.1744,2018.0,6,0,0,0,0,0,0,0,0,,0,0,0,20,3,1,1,,0,39 58:45.724,,0,75 10:27.796,4,0,0,0,67301,1,0,0,N,1,0,0,2,67301,1,,1,1,,N,N,,0,,0,0,0,3,2,,2010,1,2,0,0,0,0,0,3,4,0,1,3,,N,,,,,,,,,,,
2007047142,1606.0,0,0,0,0,0,0,0,0,0,1,0,,67,2,2007,3,39.9588,-75.2275,1542.0,6,0,0,0,0,0,0,0,0,,0,0,0,15,1,1,0,,0,39 57:31.000,,0,75 13:38.983,4,0,0,0,67301,0,0,0,N,0,0,0,4,67301,1,,1,7,,N,N,,0,,0,0,0,0,0,,1528,1,2,0,0,1,0,2,3,4,2,2,10,,N,,,,,,,,,,,
2007099503,1236.0,2,0,0,0,0,0,0,0,0,5,0,,67,8,2007,5,40.1051,-75.0329,1230.0,6,0,0,0,0,1,0,0,0,,0,0,0,12,1,0,0,,0,40 06:18.000,,0,75 01:58.559,0,0,0,0,67301,0,0,0,N,0,0,0,1,67301,0,,1,1,,N,N,,0,,0,0,0,0,0,,1215,0,2,0,0,0,0,0,3,4,0,2,3,,N,,,,,,,,,,,
2007099331,1649.0,2,0,0,0,0,0,0,0,0,1,0,,67,8,2007,1,40.0375,-75.2104,1646.0,6,0,0,0,0,0,0,0,0,,0,0,0,16,1,2,5,,0,40 02:15.000,,0,75 12:37.446,4,0,0,0,67301,0,0,0,N,0,0,0,3,67301,2,,1,9,,N,N,,0,,0,0,0,3,2,,1630,2,2,0,0,0,0,0,3,4,0,2,7,,N,,,,,,,,,,,
2007099396,1641.0,0,0,0,0,0,0,0,0,0,8,0,,67,7,2007,1,39.9287,-75.1834,1641.0,6,0,0,0,0,1,0,0,0,3.0,0,0,0,16,1,1,0,,2,39 55:43.212,3.0,0,75 11:00.132,3,0,0,1,67301,1,0,0,,1,0,0,2,67301,0,,5,1,,,,,0,,1,0,0,0,0,Y,1641,1,2,0,0,0,0,0,3,4,0,1,3,,N,,,,,,,,,,,
2007091906,1806.0,1,0,0,0,0,0,0,0,0,0,0,,67,7,2007,5,39.9679,-75.2099,1801.0,6,0,0,0,0,0,0,0,0,,0,0,0,16,1,1,0,,0,39 58:04.000,,0,75 12:35.672,4,0,0,0,67301,0,0,0,,0,0,0,2,67301,1,,1,1,,N,N,,0,,0,0,0,0,0,,1650,1,1,0,0,0,0,0,3,4,0,1,3,,N,,,,,,,,,,,
2007091929,829.0,0,0,0,0,0,0,0,0,0,1,0,,67,8,2007,4,40.012,-75.176,826.0,6,0,0,0,0,0,0,0,0,,0,0,0,8,1,4,1,,0,40 00:43.000,,0,75 10:33.697,4,0,0,0,67301,0,0,0,,0,0,0,6,67301,4,,1,9,,,,,1,,0,0,2,3,2,,823,4,3,0,0,0,0,2,3,4,0,3,7,,N,,,,,,,,,,,
2007092175,1750.0,1,0,0,0,0,0,0,0,0,8,0,,67,8,2007,5,39.9412,-75.1727,1745.0,6,0,0,0,0,0,0,0,0,,0,0,0,16,1,1,0,,0,39 56:28.399,,0,75 10:21.687,4,0,0,0,67301,1,0,0,,1,0,0,2,67301,1,,1,1,,N,N,,0,,0,0,0,0,0,,1642,1,2,0,0,0,0,0,3,4,0,1,3,,N,,,,,,,,,,,
2007109132,2210.0,2,0,0,0,0,0,0,0,0,1,0,,67,9,2007,7,40.0043,-75.1281,2200.0,6,0,0,0,0,0,1,0,0,,0,0,0,21,3,1,1,,0,40 00:15.609,,0,75 07:41.037,8,0,0,0,67301,0,0,0,,0,0,0,3,67301,0,,1,1,,,,,0,,0,0,0,3,2,,2155,1,2,0,0,0,1,0,3,4,0,2,3,,N,,,,,,,,,,,
2007109138,745.0,0,0,0,0,0,0,0,0,0,1,0,,67,9,2007,2,39.9906,-75.129,730.0,6,0,0,0,0,0,0,0,0,,0,0,0,7,1,0,2,,0,39 59:26.000,,0,75 07:44.310,0,0,0,0,67301,0,0,0,N,0,0,0,4,67301,0,,1,1,,N,N,,1,,0,0,1,3,2,,715,0,2,0,0,0,0,0,3,4,0,2,3,,N,,,,,,,,,,,
2007109148,835.0,0,0,0,0,0,0,1,0,0,8,1,,67,9,2007,3,39.9249,-75.183,825.0,6,0,0,0,0,0,1,0,0,,0,0,0,8,1,1,1,,0,39 55:29.474,,0,75 10:58.915,4,0,0,0,67301,1,0,0,N,1,0,0,2,67301,1,,1,9,,Y,N,,0,,0,0,0,3,3,,815,1,2,0,0,0,0,0,3,4,0,1,7,,N,,,,,,,,,,,
2007092007,9999.0,1,0,0,0,0,0,0,0,0,7,0,,67,7,2007,2,39.8975,-75.2525,,6,0,0,0,1,0,0,0,0,,0,0,0,99,1,1,1,,0,39 53:50.000,,0,75 15:07.793,8,0,0,0,67301,0,0,0,N,0,0,0,1,67301,0,,3,9,,N,N,,0,,0,0,0,3,2,,9999,1,1,0,0,0,1,0,3,4,0,1,7,,N,,,,,,,,,,,
2007092036,2133.0,2,0,0,0,0,0,0,0,0,5,0,,67,7,2007,1,40.0602,-75.1338,2120.0,6,0,0,0,0,0,0,0,0,,0,0,0,20,4,1,0,,0,40 03:36.681,,0,75 08:01.624,8,0,0,0,67301,0,0,0,N,0,0,0,4,67301,0,,1,1,,N,N,,0,,0,0,0,0,0,,2000,1,2,0,0,0,1,0,3,4,0,2,3,,N,,,,,,,,,,,
2007092066,1645.0,2,0,0,0,0,0,0,0,0,2,0,,67,7,2007,7,40.0347,-75.0322,1645.0,6,0,0,0,1,0,0,0,0,,0,0,0,16,1,1,1,,0,40 02:05.053,,0,75 01:55.768,4,0,0,0,67301,0,0,0,N,0,0,0,3,67301,1,,1,1,,N,N,,0,,0,0,0,3,3,,1645,1,2,0,0,0,0,0,3,4,0,2,3,,N,,,,,,,,,,,
2007089904,855.0,1,0,0,0,0,0,0,0,0,4,0,,67,9,2007,3,40.0072,-75.2138,849.0,6,0,0,0,0,0,1,0,0,,0,0,0,8,1,1,1,,0,40 00:25.000,,0,75 12:50.428,4,0,0,0,67301,0,0,0,N,0,0,0,4,46104,1,,1,1,,N,N,,0,,0,0,1,3,1,,845,1,2,0,0,0,0,0,3,4,0,2,3,,N,,,,,,,,,,,
2007086543,2132.0,2,0,0,0,0,0,0,0,0,1,0,,67,7,2007,1,39.9955,-75.1977,2132.0,6,0,0,1,0,0,0,0,0,,0,0,0,21,3,0,0,,0,39 59:44.000,,0,75 11:51.226,9,0,0,0,67301,0,0,0,N,0,0,0,2,68K01,0,,1,1,,N,N,,0,,0,0,0,0,0,,2132,0,2,0,0,0,0,1,3,4,0,2,3,,N,,,,,,,,,,,
2007082402,1020.0,2,0,0,0,0,0,0,0,0,4,0,,67,6,2007,3,40.0348,-75.0711,1020.0,6,0,0,0,0,0,0,1,1,,0,0,0,10,1,1,1,,0,40 02:05.000,,0,75 04:15.792,3,0,0,0,67301,0,0,0,,0,0,0,3,67301,0,,1,1,,,,,0,,1,0,0,9,1,,1020,1,2,0,0,0,0,0,3,4,0,2,3,,N,,,,,,,,,,,
2007082477,1650.0,1,0,0,0,0,0,0,0,0,1,0,,67,5,2007,2,39.945,-75.1907,1635.0,6,0,0,0,0,0,0,0,0,,0,0,0,16,1,3,0,,0,39 56:42.000,,0,75 11:26.392,4,0,0,0,67301,0,0,0,,0,0,0,4,67301,3,,1,1,,,,,0,,0,0,2,0,0,,1633,3,3,0,0,2,0,0,3,4,0,3,3,,N,,,,,,,,,,,
2007082215,233.0,1,0,0,0,0,0,0,0,0,2,0,,67,4,2007,6,40.0995,-74.9864,231.0,6,0,0,0,0,0,0,0,0,,0,0,0,99,3,4,1,,0,40 05:58.224,,0,74 59:10.989,2,0,0,0,67301,0,0,0,,0,0,0,4,67301,0,,1,1,,,,,0,,0,3,1,3,2,,9999,4,2,0,0,0,1,0,3,4,0,2,3,,N,,,,,,,,,,,
2007082223,1112.0,0,0,0,0,0,0,0,0,0,7,0,,67,6,2007,2,40.0309,-75.1426,1107.0,6,0,0,0,0,0,0,0,0,,0,0,0,11,1,1,0,,0,40 01:51.153,,0,75 08:33.522,4,0,0,0,67301,0,0,0,N,0,0,0,1,67301,1,,4,1,,N,N,,0,,0,0,1,0,0,,1104,1,1,0,0,0,0,0,3,4,0,1,3,,N,,,,,,,,,,,
2007082502,843.0,2,0,0,0,0,0,0,0,0,4,0,,67,5,2007,4,39.9112,-75.246,830.0,6,0,0,0,0,0,0,1,0,,0,0,0,8,1,0,1,,0,39 54:40.419,,0,75 14:45.495,0,0,0,0,67301,0,0,0,N,0,0,0,5,67301,0,,1,1,,N,N,,0,,0,0,0,3,3,,825,0,2,0,0,0,0,0,3,4,0,2,3,,N,,,,,,,,,,,
2007082575,1815.0,1,0,0,0,0,0,0,0,0,4,0,,67,5,2007,4,39.9874,-75.1521,1805.0,6,0,0,1,0,0,0,0,0,,0,0,0,17,1,1,1,,0,39 59:14.000,,0,75 09:07.529,8,0,0,1,67301,0,0,0,,0,0,0,2,67301,0,,1,1,,N,N,,0,,0,0,0,3,3,,1750,1,2,0,0,0,1,0,3,4,0,2,3,,N,,,,,,,,,,,
2007080199,808.0,1,0,0,0,0,0,0,0,0,4,0,,67,6,2007,3,40.0363,-75.0126,805.0,6,0,0,0,0,0,0,0,0,,0,0,0,8,1,1,0,,0,40 02:10.000,,0,75 00:45.828,8,0,0,1,67301,0,0,0,N,0,0,0,2,67301,0,,1,1,,N,N,,0,,0,0,0,0,0,,800,1,2,0,0,0,1,0,3,4,0,2,3,,N,,,,,,,,,,,
2007081850,929.0,2,0,0,0,0,0,0,0,0,4,0,,67,5,2007,7,40.0548,-75.169,927.0,6,0,0,0,0,1,0,0,0,1.0,0,0,0,9,1,1,1,,1,40 03:17.000,3.0,0,75 10:08.247,4,0,0,0,67301,0,0,0,N,0,0,0,2,67301,1,,1,1,,N,N,,0,,0,0,0,3,2,N,925,1,2,0,0,0,0,0,3,4,0,2,3,,N,,,,,,,,,,,
2007081873,1619.0,1,0,0,0,0,0,0,0,0,4,0,,67,6,2007,7,40.0889,-74.9696,1612.0,6,0,0,0,0,0,0,0,1,,0,0,0,15,1,1,2,,0,40 05:20.000,,0,74 58:10.535,4,0,0,0,67301,0,0,0,N,0,0,0,3,67301,1,,1,1,,N,N,,0,,0,0,1,3,2,,1535,1,2,0,0,0,0,0,3,4,0,2,3,,N,,,,,,,,,,,
2007021019,1059.0,2,0,0,0,0,0,0,0,0,1,0,,67,1,2007,4,40.0075,-75.201,1059.0,6,0,0,0,0,0,0,0,1,,0,0,0,10,1,0,0,,0,40 00:26.170,,0,75 12:01.554,0,0,0,0,67301,0,0,0,N,0,0,0,3,68K01,0,,1,1,,N,N,,0,,0,0,0,0,0,,1055,0,2,0,0,0,0,0,3,4,0,2,3,,N,,,,,,,,,,,
2007022166,240.0,2,0,0,0,0,0,0,0,0,4,0,,67,1,2007,6,39.9244,-75.1696,237.0,6,0,0,0,0,0,0,1,0,1.0,0,0,0,2,3,1,1,,2,39 55:27.000,1.0,0,75 10:11.056,8,0,0,0,67301,0,0,0,N,0,0,0,4,67301,0,,1,1,,N,N,,0,,0,0,0,3,2,Y,230,1,2,0,0,0,1,2,3,4,0,2,3,,N,,,,,,,,,,,
2007048869,1928.0,1,0,0,0,0,0,0,0,0,4,0,,67,2,2007,1,39.9474,-75.2204,1921.0,6,0,0,0,0,0,1,0,0,,0,0,0,19,3,3,1,,0,39 56:50.773,,0,75 13:13.519,8,0,0,0,67301,0,0,0,N,0,0,0,5,67301,0,,1,6,,N,N,,0,,0,0,0,3,2,,1915,3,2,0,0,0,3,0,3,4,1,2,10,,N,,,,,,,,,,,
2007048880,2310.0,3,0,0,0,0,0,0,0,0,1,0,,67,2,2007,6,39.8991,-75.1752,2308.0,6,0,0,0,0,0,0,0,0,2.0,0,0,0,23,3,8,0,,2,39 53:56.591,1.0,0,75 10:30.623,2,0,0,0,67301,0,0,0,N,0,0,0,10,67301,0,,1,1,,N,N,,1,,0,1,0,0,0,N,2306,8,4,0,0,1,7,0,3,4,0,4,3,,N,,,,,,,,,,,
2007049000,2039.0,1,0,0,0,0,0,0,0,0,4,0,,67,2,2007,6,40.0126,-75.0732,2033.0,6,0,0,0,0,0,0,0,0,,0,1,0,20,3,1,1,,0,40 00:45.000,,0,75 04:23.854,4,0,0,0,67301,0,0,0,N,0,0,0,5,67301,1,,1,9,,N,N,,0,,0,0,0,3,2,,2033,1,2,0,0,1,0,0,3,4,0,2,7,,N,,,,,,,,,,,
2007049006,1610.0,1,0,0,0,0,0,0,0,0,1,0,,67,3,2007,2,40.0999,-75.0082,1605.0,6,0,0,0,0,0,1,0,0,,0,0,0,16,1,1,2,,0,40 05:59.000,,0,75 00:29.360,8,0,0,0,67301,0,0,0,N,0,0,0,2,67301,0,,1,1,,N,N,,0,,0,0,0,3,2,,1600,1,2,0,0,0,1,0,3,4,1,2,3,,N,,,,,,,,,,,
2007049009,211.0,3,0,0,0,0,0,0,0,0,1,0,,67,2,2007,5,39.9501,-75.1457,211.0,6,0,0,0,0,0,0,0,0,1.0,0,0,0,2,3,1,1,,2,39 57:00.000,1.0,0,75 08:44.446,8,0,0,0,67301,0,0,0,Y,0,0,0,3,67301,0,,1,1,,N,N,,0,,0,0,0,3,2,Y,210,1,3,0,0,0,1,0,3,4,0,3,3,,N,,,,,,,,,,,
2007049019,1858.0,0,0,0,0,0,0,0,0,0,8,0,,67,2,2007,4,39.9535,-75.2262,1854.0,6,0,0,0,0,0,0,0,0,,0,0,0,18,3,1,1,,0,39 57:12.000,,0,75 13:34.378,4,0,0,0,67301,1,0,0,N,1,0,0,3,67301,1,,1,1,,N,N,,0,,0,0,0,0,0,,1853,1,2,0,0,0,0,2,3,4,0,1,3,,N,,,,,,,,,,,
2007117234,101.0,0,0,0,0,0,0,0,0,0,8,0,,67,10,2007,7,39.9894,-75.1556,101.0,6,0,0,0,0,0,0,0,0,1.0,0,0,0,1,3,1,1,,2,39 59:21.000,2.0,0,75 09:20.126,8,0,0,0,67301,1,0,0,,1,0,0,2,67301,0,,1,1,,,,,0,,0,0,1,3,2,Y,101,1,2,0,0,0,1,0,3,4,0,1,3,,N,,,,,,,,,,,
2007117255,650.0,2,0,0,0,0,0,0,0,0,2,0,,67,10,2007,5,40.0166,-75.186,647.0,6,0,0,0,0,0,1,0,0,,0,0,0,99,5,2,0,,0,40 00:59.738,,0,75 11:09.549,3,0,0,0,67301,0,0,0,,0,0,0,2,67301,0,,1,9,,N,N,,0,,2,0,0,0,0,,9999,2,2,0,0,0,0,0,3,4,0,2,7,,N,,,,,,,,,,,
2007080846,2000.0,1,0,0,0,0,0,0,0,0,8,0,,67,6,2007,3,39.9885,-75.1063,2000.0,6,0,0,0,1,0,0,0,0,,0,0,0,19,1,1,1,,0,39 59:18.000,,0,75 06:22.881,4,0,0,0,67301,1,0,0,,1,0,0,2,67301,1,,1,1,,,,,0,,0,0,0,9,2,,1950,1,2,0,0,0,0,0,3,4,0,1,3,,N,,,,,,,,,,,
2007081052,1005.0,1,0,0,0,0,0,0,0,0,4,0,,67,5,2007,5,40.013,-75.1194,1000.0,6,0,0,0,0,0,0,0,0,,0,0,0,99,1,1,1,,0,40 00:46.000,,0,75 07:09.798,8,0,0,0,67301,0,0,0,N,0,0,0,2,67301,0,,1,1,,N,N,,0,,0,0,1,3,2,,9999,1,2,0,0,0,1,0,3,4,0,2,3,,N,,,,,,,,,,,
2007066408,1625.0,2,0,0,0,0,0,0,0,0,2,0,,67,5,2007,6,40.0314,-75.1548,1621.0,6,0,0,0,0,0,0,1,0,,0,0,0,16,1,2,1,,0,40 01:53.151,,0,75 09:17.114,3,0,0,0,67301,0,0,0,N,0,0,0,2,67301,1,,1,1,,N,N,,0,,1,0,0,9,2,,1600,2,2,0,0,0,0,0,3,4,0,2,3,,N,,,,,,,,,,,
2007066628,249.0,2,0,0,0,0,0,0,0,0,4,0,,67,5,2007,7,39.9972,-75.1193,249.0,6,0,0,0,0,0,0,0,0,1.0,0,0,0,2,3,0,2,,1,39 59:49.000,1.0,0,75 07:09.686,0,0,0,0,67301,0,0,0,N,0,0,0,2,67301,0,,1,1,,N,N,,0,,0,0,0,3,2,Y,246,0,2,0,0,1,0,0,3,4,0,2,3,,N,,,,,,,,,,,
2007066644,1150.0,2,0,0,0,0,0,0,0,0,1,0,,67,5,2007,1,40.0556,-75.1902,1141.0,6,0,0,0,0,0,0,0,0,,0,0,0,11,1,0,1,,0,40 03:20.149,,0,75 11:24.712,0,0,0,0,67301,0,0,0,N,0,0,0,1,67301,0,,1,1,,,N,,1,,0,0,1,0,0,,1135,0,4,0,0,0,0,0,3,4,0,4,3,,N,,,,,,,,,,,
2007066803,2015.0,1,0,0,0,0,0,0,0,0,1,0,,67,5,2007,1,40.1002,-75.0217,2010.0,6,0,0,0,0,1,0,0,0,,0,0,0,20,3,1,1,,0,40 06:00.676,,0,75 01:18.249,8,0,0,0,67301,0,0,0,N,0,0,0,5,67301,0,,1,9,,N,N,,0,,0,0,1,3,2,,2005,1,2,0,0,0,1,0,3,4,0,2,7,,N,,,,,,,,,,,
2007066830,1338.0,3,0,0,0,0,0,0,0,0,1,0,,67,5,2007,1,40.039,-75.0563,1338.0,6,0,0,0,0,1,0,1,0,,0,0,0,13,1,1,1,,0,40 02:20.475,,0,75 03:22.611,8,0,0,0,67301,0,0,0,,0,0,0,6,67301,0,,1,1,,,,,0,,0,0,0,3,2,,1338,1,3,0,0,1,1,1,3,4,0,3,3,,N,,,,,,,,,,,
2007066838,2007.0,1,0,0,0,0,0,0,0,0,2,0,,67,5,2007,5,,,2007.0,6,0,0,0,0,0,1,0,0,,0,0,0,19,1,0,0,,0,,,0,,0,0,0,0,67301,0,0,0,N,0,0,0,2,67301,0,,1,1,,N,N,,0,,0,0,0,0,0,,1939,0,2,0,0,0,0,0,3,3,1,2,3,,N,,,,,,,,,,,
2007056631,1012.0,1,0,0,0,0,0,0,0,0,8,0,,67,4,2007,2,40.0363,-75.0417,1001.0,6,0,0,0,0,0,0,0,0,,1,0,0,10,1,0,0,,0,40 02:10.000,,0,75 02:30.429,1,0,0,0,67301,1,1,0,N,1,1,0,2,67301,0,2.0,1,2,,N,N,,0,0.0,0,0,0,0,0,,1001,0,2,0,0,0,0,0,3,4,0,1,7,,N,,,,,,,,,,,
2007056691,458.0,1,0,0,0,0,0,0,0,0,7,0,,67,4,2007,6,40.0701,-75.0386,455.0,6,0,0,0,0,0,0,0,0,,0,0,0,4,3,1,0,,0,40 04:12.000,,0,75 02:19.251,8,0,0,0,67301,0,0,0,N,0,0,0,1,67301,0,,4,1,,N,N,,0,,0,0,0,0,0,,455,1,1,0,0,0,1,0,3,4,0,1,3,,N,,,,,,,,,,,
2007064530,2247.0,2,0,0,0,0,0,0,0,0,1,0,,67,5,2007,5,39.9378,-75.1983,2231.0,6,0,0,0,0,0,0,0,0,1.0,0,0,0,22,3,1,0,,1,39 56:22.000,4.0,0,75 11:46.667,4,0,0,0,67301,0,0,0,N,0,0,0,2,68K01,1,,1,9,,N,N,,0,,0,0,0,0,0,N,2229,1,2,0,0,0,0,0,3,4,0,2,7,,N,,,,,,,,,,,
2007056947,946.0,2,0,0,0,0,0,0,0,0,1,0,,67,3,2007,3,40.0031,-75.1282,942.0,6,0,0,0,0,0,0,0,0,,0,0,0,9,1,0,0,,0,40 00:11.106,,0,75 07:41.606,9,0,0,0,67301,0,0,0,,0,0,0,3,67301,0,,1,1,,N,N,,0,,0,0,0,0,0,,910,0,2,0,0,0,0,1,3,4,0,2,3,,N,,,,,,,,,,,
2007056963,1142.0,1,0,0,0,0,0,0,0,0,7,0,,67,4,2007,1,40.1186,-75.007,1138.0,6,0,0,0,0,0,0,0,0,2.0,0,0,0,11,1,1,3,,1,40 07:06.945,3.0,0,75 00:25.153,3,0,0,0,67301,0,0,0,N,0,0,0,1,67301,0,,2,9,,N,N,,0,,1,0,0,3,2,N,1125,1,1,0,0,1,0,0,3,4,0,1,7,,N,,,,,,,,,,,
2007057034,841.0,2,0,0,0,0,0,0,0,0,3,0,,67,4,2007,6,39.9626,-75.2467,837.0,6,0,0,0,0,0,1,0,0,,0,0,0,8,1,1,1,,0,39 57:45.000,,0,75 14:48.589,8,0,0,0,67301,0,0,0,N,0,0,0,2,67301,0,,1,1,,N,N,,0,,0,0,0,0,0,,837,1,2,0,0,0,1,0,3,4,0,2,3,,N,,,,,,,,,,,
2007046883,1539.0,0,0,0,0,0,0,0,0,0,4,0,,67,2,2007,4,40.0937,-75.039,1535.0,6,0,0,0,0,0,1,0,0,,0,0,0,15,1,1,2,,0,40 05:37.338,,0,75 02:20.511,8,0,0,0,67301,0,0,0,N,0,0,0,3,67301,0,,1,9,,N,N,,0,,0,0,1,3,3,,1502,1,2,0,0,0,1,1,3,4,1,2,3,,N,,,,,,,,,,,
2007047018,1435.0,1,0,0,0,0,0,0,0,0,1,0,,67,2,2007,5,40.0367,-75.1875,1428.0,6,0,0,0,0,0,1,0,0,1.0,0,1,0,14,1,1,1,,1,40 02:12.000,5.0,0,75 11:15.029,4,0,0,0,67301,0,0,0,N,0,0,0,2,67301,1,,1,9,,N,N,,0,,0,0,0,3,2,Y,1425,1,2,0,0,0,0,0,3,4,0,2,7,,N,,,,,,,,,,,
2007058108,1510.0,1,0,0,0,0,0,0,0,0,7,0,,67,4,2007,7,40.0467,-75.0008,1508.0,6,0,0,1,0,0,0,0,0,1.0,0,0,0,15,1,2,0,,1,40 02:48.480,1.0,0,75 00:02.520,4,0,0,0,67301,0,0,0,N,0,0,0,2,67301,2,,2,1,,N,N,,0,,0,0,0,0,0,N,1500,2,1,0,0,0,0,0,3,4,0,1,3,,N,,,,,,,,,,,
2007099462,1445.0,2,0,0,0,0,0,0,0,0,1,0,,67,8,2007,5,40.1235,-75.0154,1435.0,6,0,0,0,0,0,0,0,0,,0,0,0,14,1,1,1,,0,40 07:24.000,,0,75 00:55.271,4,0,0,0,67301,0,0,0,N,0,0,0,2,67301,1,,1,1,,N,N,,0,,0,0,0,3,2,,1435,1,2,0,0,0,0,0,3,4,0,2,3,,N,,,,,,,,,,,