CRN,ARRIVAL_TM,AUTOMOBILE_COUNT,BELTED_DEATH_COUNT,BELTED_SUSP_SERIOUS_INJ_COUNT,BICYCLE_COUNT,BICYCLE_DEATH_COUNT,BICYCLE_SUSP_SERIOUS_INJ_COUNT,BUS_COUNT,CHLDPAS_DEATH_COUNT,CHLDPAS_SUSP_SERIOUS_INJ_COUNT,COLLISION_TYPE,COMM_VEH_COUNT,CONS_ZONE_SPD_LIM,COUNTY,CRASH_MONTH,CRASH_YEAR,DAY_OF_WEEK,DEC_LAT,DEC_LONG,DISPATCH_TM,DISTRICT,DRIVER_COUNT_16YR,DRIVER_COUNT_17YR,DRIVER_COUNT_18YR,DRIVER_COUNT_19YR,DRIVER_COUNT_20YR,DRIVER_COUNT_50_64YR,DRIVER_COUNT_65_74YR,DRIVER_COUNT_75PLUS,EST_HRS_CLOSED,FATAL_COUNT,HEAVY_TRUCK_COUNT,HORSE_BUGGY_COUNT,HOUR_OF_DAY,ILLUMINATION,INJURY_COUNT,INTERSECT_TYPE,INTERSECTION_RELATED,LANE_CLOSED,LATITUDE,LN_CLOSE_DIR,LOCATION_TYPE,LONGITUDE,MAX_SEVERITY_LEVEL,MCYCLE_DEATH_COUNT,MCYCLE_SUSP_SERIOUS_INJ_COUNT,MOTORCYCLE_COUNT,MUNICIPALITY,NONMOTR_COUNT,NONMOTR_DEATH_COUNT,NONMOTR_SUSP_SERIOUS_INJ_COUNT,NTFY_HIWY_MAINT,PED_COUNT,PED_DEATH_COUNT,PED_SUSP_SERIOUS_INJ_COUNT,PERSON_COUNT,POLICE_AGCY,POSSIBLE_INJ_COUNT,RDWY_SURF_TYPE_CD,RELATION_TO_ROAD,ROAD_CONDITION,ROADWAY_CLEARED,SCH_BUS_IND,SCH_ZONE_IND,SECONDARY_CRASH,SMALL_TRUCK_COUNT,SPEC_JURIS_CD,SUSP_MINOR_INJ_COUNT,SUSP_SERIOUS_INJ_COUNT,SUV_COUNT,TCD_FUNC_CD,TCD_TYPE,TFC_DETOUR_IND,TIME_OF_DAY,TOT_INJ_COUNT,TOTAL_UNITS,UNB_DEATH_COUNT,UNB_SUSP_SERIOUS_INJ_COUNT,UNBELTED_OCC_COUNT,UNK_INJ_DEG_COUNT,UNK_INJ_PER_COUNT,URBAN_AREA,URBAN_RURAL,VAN_COUNT,VEHICLE_COUNT,WEATHER1,WEATHER2,WORK_ZONE_IND,WORK_ZONE_LOC,WORK_ZONE_TYPE,WORKERS_PRES,WZ_CLOSE_DETOUR,WZ_FLAGGER,WZ_LAW_OFFCR_IND,WZ_LN_CLOSURE,WZ_MOVING,WZ_OTHER,WZ_SHLDER_MDN,WZ_WORKERS_INJ_KILLED
2007099495,1335.0,2,0,0,0,0,0,0,0,0,4,0,,67,8,2007,5,39.973,-75.238,1330.0,6,0,0,0,0,0,0,0,0,,0,0,0,13,1,3,1,,0,39 58:22.710,,0,75 14:16.803,4,0,0,0,67301,0,0,0,N,0,0,0,3,67301,3,,1,1,,N,N,,0,,0,0,0,3,2,,1328,3,2,0,0,0,0,0,3,4,0,2,3,,N,,,,,,,,,,,
2007111517,1707.0,2,0,0,0,0,0,0,0,0,1,0,,67,9,2007,1,40.0275,-75.0991,1702.0,6,0,0,0,0,0,0,0,0,2.0,0,0,0,17,1,8,1,,1,40 01:39.000,2.0,0,75 05:55.565,4,0,0,0,67301,0,0,0,,0,0,0,8,67301,8,,1,1,,,,,0,,0,0,0,3,2,N,1701,8,2,0,0,0,0,0,3,4,0,2,3,,N,,,,,,,,,,,
2007111558,745.0,2,0,0,0,0,0,0,0,0,4,0,,67,9,2007,2,39.9536,-75.1563,730.0,6,0,0,0,0,0,0,0,0,,0,0,0,7,1,0,2,,0,39 57:12.000,,0,75 09:22.669,0,0,0,0,67301,0,0,0,N,0,0,0,2,67301,0,,1,1,,N,N,,0,,0,0,0,3,2,,730,0,2,0,0,2,0,0,3,4,0,2,3,,N,,,,,,,,,,,
2007111795,435.0,1,0,0,0,0,0,0,0,0,7,0,,67,9,2007,5,39.8774,-75.2136,423.0,6,0,0,0,0,0,1,0,0,,0,0,0,3,3,1,0,,0,39 52:38.600,,0,75 12:49.100,2,0,0,0,67301,0,0,0,,0,0,0,1,67301,0,,2,1,,,,,0,,0,1,0,0,0,,330,1,1,0,0,0,0,0,3,4,0,1,3,,N,,,,,,,,,,,
2007094393,1737.0,1,0,0,1,0,0,0,0,0,4,0,,67,7,2007,7,39.9362,-75.1833,1735.0,6,0,0,0,0,0,0,0,0,,0,0,0,17,1,1,1,,0,39 56:10.233,,0,75 11:00.056,4,0,0,0,67301,1,0,0,N,0,0,0,2,67301,1,,1,1,,N,N,,0,,0,0,0,0,0,,1734,1,2,0,0,0,0,0,3,4,0,1,3,,N,,,,,,,,,,,
2007109125,9999.0,2,0,0,0,0,0,0,0,0,6,0,,67,9,2007,6,40.0014,-75.1515,9999.0,6,0,0,0,0,0,1,0,0,9.0,0,0,0,11,1,2,1,,1,40 00:05.000,3.0,0,75 09:05.818,8,0,0,0,67301,0,0,0,,0,0,0,4,67301,0,,1,1,,,,,0,,0,0,0,9,3,N,1140,2,2,0,0,0,2,0,3,4,0,2,3,,N,,,,,,,,,,,
2007092001,1957.0,1,0,0,0,0,0,0,0,0,8,0,,67,7,2007,6,40.0591,-75.0447,1947.0,6,0,0,0,0,0,0,0,0,,0,0,0,18,1,1,1,,0,40 03:32.000,,0,75 02:41.289,4,0,0,0,67301,1,0,0,,1,0,0,2,67301,1,,1,1,,,,,0,,0,0,0,3,2,,1859,1,2,0,0,1,0,0,3,4,0,1,3,,N,,,,,,,,,,,
2007092004,1935.0,1,0,0,1,0,0,0,0,0,4,0,,67,7,2007,1,40.0448,-75.1024,1917.0,6,0,0,0,0,0,0,0,0,,0,0,0,19,1,1,1,,0,40 02:41.436,,0,75 06:08.596,3,0,0,0,67301,1,0,0,N,0,0,0,2,67301,0,,1,1,,N,N,,0,,1,0,0,0,0,,1905,1,2,0,0,0,0,0,3,4,0,1,3,,N,,,,,,,,,,,
2007092009,1757.0,2,0,0,0,0,0,0,0,0,6,0,,67,8,2007,4,40.0507,-75.1486,1751.0,6,0,0,0,0,0,2,0,0,,0,0,0,17,1,0,1,,0,40 03:02.000,,0,75 08:55.377,0,0,0,0,67301,0,0,0,N,0,0,0,2,67301,0,,1,1,,N,N,,0,,0,0,0,3,2,,1747,0,2,0,0,0,0,0,3,4,0,2,3,,N,,,,,,,,,,,
2007084723,1630.0,1,0,0,0,0,0,0,0,0,8,0,,67,6,2007,7,40.0333,-75.1587,1626.0,6,0,0,0,0,0,0,1,0,,0,0,0,15,1,1,0,,0,40 01:59.966,,0,75 09:31.150,4,0,0,0,67301,1,0,0,N,1,0,0,3,67301,1,,1,1,,N,N,,0,,0,0,0,0,0,,1545,1,2,0,0,0,0,0,3,4,0,1,3,,N,,,,,,,,,,,
2007084582,1345.0,1,0,0,0,0,0,0,0,0,4,0,,67,5,2007,4,39.9168,-75.173,1338.0,6,0,0,0,0,0,1,0,0,,0,0,0,13,1,1,2,,0,39 55:00.326,,0,75 10:22.742,4,0,0,0,67301,0,0,0,,0,0,0,3,67301,1,,1,9,,,,,0,,0,0,1,3,2,,1338,1,2,0,0,0,0,0,3,4,0,2,3,,N,,,,,,,,,,,
2007082482,724.0,1,0,0,0,0,0,0,0,0,8,0,,67,2,2007,2,39.9615,-75.1517,722.0,6,0,0,0,0,0,0,1,0,,0,0,0,7,1,1,1,,0,39 57:41.000,,0,75 09:06.282,4,0,0,0,67301,1,0,0,N,1,0,0,3,67301,1,,1,1,,N,N,,0,,0,0,0,3,2,,721,1,2,0,0,1,0,0,3,4,0,1,3,,N,,,,,,,,,,,
2007082496,126.0,0,0,0,0,0,0,0,0,0,9,0,,67,6,2007,1,39.9242,-75.1925,124.0,6,0,0,0,0,0,0,0,0,,0,0,0,1,3,3,0,,0,39 55:28.000,,0,75 11:34.409,3,0,0,3,67301,0,0,0,N,0,0,0,3,67301,1,,1,1,,N,N,,0,,1,0,0,0,0,,110,3,3,0,0,0,1,0,3,4,0,3,3,,N,,,,,,,,,,,
2007081844,143.0,2,0,0,0,0,0,0,0,0,1,0,,67,5,2007,7,39.9799,-75.2326,140.0,6,0,0,0,0,0,0,0,0,,0,0,0,1,3,1,0,,0,39 58:47.000,,0,75 13:57.476,4,0,0,0,67301,0,0,0,,0,0,0,1,67301,1,,1,1,,N,,,0,,0,0,0,0,0,,135,1,2,0,0,0,0,0,3,4,0,2,3,,N,,,,,,,,,,,
2007058320,516.0,0,0,0,0,0,0,1,0,0,4,2,,67,4,2007,5,39.9913,-75.1338,515.0,6,0,0,0,0,0,0,0,0,,0,1,0,5,3,2,1,,0,39 59:28.000,,0,75 08:01.721,8,0,0,0,67301,0,0,0,N,0,0,0,3,67301,0,,1,1,,N,N,,0,,0,0,0,3,3,,515,2,2,0,0,0,2,0,3,4,0,2,3,,N,,,,,,,,,,,
2007051160,2325.0,2,0,0,0,0,0,0,0,0,4,0,,67,3,2007,7,39.9621,-75.1421,2323.0,6,0,0,0,0,0,0,0,0,,0,0,0,23,3,2,1,,0,39 57:43.642,,0,75 08:31.667,4,0,0,0,67301,0,0,0,N,0,0,0,4,67301,2,,1,2,,N,N,,0,,0,0,1,3,3,,2313,2,3,0,0,0,0,0,3,4,0,3,3,,N,,,,,,,,,,,
2007029417,1211.0,1,0,0,0,0,0,0,0,0,7,0,,67,1,2007,5,39.9847,-75.1234,1209.0,6,0,0,0,0,0,0,0,0,,0,0,0,12,1,0,0,,0,39 59:04.934,,0,75 07:24.330,9,0,0,0,67301,0,0,0,,0,0,0,1,67301,0,,5,1,,,,,0,,0,0,0,0,0,,1207,0,1,0,0,0,0,1,3,4,0,1,3,,N,,,,,,,,,,,
2007022171,1743.0,2,0,0,0,0,0,0,0,0,4,0,,67,1,2007,6,39.9561,-75.1849,1737.0,6,0,0,0,0,1,0,0,0,,0,0,0,17,3,1,0,,0,39 57:22.000,,7,75 11:05.410,4,0,0,0,67301,0,0,0,N,0,0,0,2,67301,1,,1,1,,N,N,,0,,0,0,0,0,0,,1735,1,2,0,0,0,0,0,3,4,0,2,3,,N,,,,,,,,,,,
2007048892,500.0,0,0,0,0,0,0,0,0,0,7,0,,67,2,2007,4,39.956,-75.1416,447.0,6,0,0,0,0,0,0,0,0,,0,0,0,4,3,0,0,,0,39 57:21.664,,0,75 08:29.584,0,0,0,0,67301,0,0,0,N,0,0,0,1,67301,0,,2,7,,N,N,,0,,0,0,1,0,0,,445,0,1,0,0,0,0,0,3,4,0,1,10,,N,,,,,,,,,,,
2007048917,1149.0,2,0,0,0,0,0,0,0,0,7,0,,67,3,2007,6,40.0613,-74.9927,1143.0,6,0,0,1,0,0,0,0,0,,0,0,0,11,1,0,0,,0,40 03:40.000,,0,74 59:33.737,0,0,0,0,67301,0,0,0,N,0,0,0,2,67301,0,,4,2,,N,N,,0,,0,0,0,0,0,,1137,0,2,0,0,0,0,0,3,4,0,2,9,,N,,,,,,,,,,,
2007048965,1110.0,0,0,0,0,0,0,0,0,0,6,0,,67,2,2007,3,40.0408,-75.073,1105.0,6,0,0,0,0,0,0,0,0,,0,0,0,11,1,2,1,,0,40 02:26.901,,0,75 04:22.717,3,0,0,0,67301,0,0,0,,0,0,0,3,67301,1,,1,1,,,,,0,,1,0,2,0,0,,1105,2,2,0,0,3,0,0,3,4,0,2,3,,N,,,,,,,,,,,
2007046460,840.0,1,0,0,0,0,0,0,0,0,8,0,,67,2,2007,3,40.0545,-75.028,833.0,6,0,0,0,1,0,0,0,0,,0,0,0,7,1,1,2,,0,40 03:16.326,,0,75 01:40.889,3,0,0,0,67301,1,0,0,N,1,0,0,2,67301,0,,1,1,,N,N,,0,,1,0,0,3,2,,730,1,2,0,0,0,0,0,3,4,0,1,3,,N,,,,,,,,,,,
2007046722,35.0,1,0,0,0,0,0,0,0,0,4,0,,67,2,2007,1,39.9616,-75.1545,28.0,6,0,0,0,0,0,0,0,0,2.0,0,0,0,0,3,0,1,,1,39 57:41.729,2.0,0,75 09:16.202,0,0,0,0,67301,0,0,0,,0,0,0,4,67301,0,,1,1,,,,,0,,0,0,1,3,3,N,20,0,2,0,0,0,0,0,3,4,0,2,3,,N,,,,,,,,,,,
2007046812,950.0,2,0,0,0,0,0,0,0,0,2,0,,67,2,2007,6,39.9639,-75.1849,948.0,6,0,0,0,0,0,0,0,0,2.0,0,0,0,9,1,0,0,,1,39 57:49.824,3.0,0,75 11:06.023,0,0,0,0,67301,0,0,0,,0,0,0,2,67301,0,,1,9,,N,N,,0,,0,0,0,3,2,N,945,0,2,0,0,0,0,0,3,4,0,2,3,,N,,,,,,,,,,,
2007117272,920.0,1,0,0,0,0,0,0,0,0,8,0,,67,10,2007,1,40.0175,-75.1504,915.0,6,0,0,0,0,0,1,0,0,,0,0,0,9,1,1,1,,0,40 01:03.164,,0,75 09:01.307,8,0,0,0,67301,1,0,0,N,1,0,0,2,67301,0,,1,1,,N,N,,0,,0,0,0,0,0,,900,1,2,0,0,0,1,0,3,4,0,1,3,,N,,,,,,,,,,,
2007080967,110.0,3,0,0,0,0,0,0,0,0,1,0,,67,4,2007,5,39.9543,-75.2322,110.0,6,0,0,0,0,0,0,0,0,,0,0,0,1,2,2,1,,0,39 57:15.325,,0,75 13:55.808,4,0,0,0,67301,0,0,0,N,0,0,0,2,67301,2,,1,1,,N,N,,0,,0,0,1,0,0,,110,2,4,0,0,2,0,0,3,4,0,4,3,,N,,,,,,,,,,,
2007080986,1721.0,1,0,0,0,0,0,0,0,0,8,0,,67,5,2007,4,40.0251,-75.1182,1720.0,6,0,0,0,1,0,0,0,0,,0,0,0,17,1,1,1,,0,40 01:30.360,,0,75 07:05.462,4,0,0,0,67301,1,0,0,N,1,0,0,2,67301,1,,1,9,,N,N,,0,,0,0,0,3,3,,1705,1,2,0,0,0,0,0,3,4,0,1,3,,N,,,,,,,,,,,
2007081024,1735.0,0,0,0,0,0,0,0,0,0,7,0,,67,5,2007,4,39.8889,-75.2415,1714.0,6,0,0,0,0,0,1,0,0,1.0,0,0,0,17,1,0,0,,2,39 53:20.000,2.0,0,75 14:29.285,0,0,0,0,67301,0,0,0,N,0,0,0,1,67301,0,,2,9,,N,N,,1,,0,0,0,0,0,N,1714,0,1,0,0,0,0,0,3,4,0,1,7,,N,,,,,,,,,,,
2007066811,2245.0,1,0,0,0,0,0,0,0,0,4,0,,67,4,2007,4,39.9582,-75.2291,2240.0,6,0,0,0,0,1,0,0,0,,0,0,0,22,3,1,2,,0,39 57:29.433,,0,75 13:44.921,8,0,0,0,67301,0,0,0,,0,0,0,4,67301,0,,1,1,,,,,0,,0,0,1,9,3,,2240,1,2,0,0,0,1,1,3,4,0,2,3,,N,,,,,,,,,,,
2007066832,9999.0,1,0,0,0,0,0,0,0,0,4,0,,67,5,2007,5,40.0138,-75.0619,,6,0,0,0,0,0,1,0,0,,0,0,0,21,3,1,1,,0,40 00:49.809,,0,75 03:42.893,4,0,0,1,67301,0,0,0,N,0,0,0,2,67301,1,,1,1,,N,N,,0,,0,0,0,3,2,,2130,1,2,0,0,0,0,0,3,4,0,2,3,,N,,,,,,,,,,,
2007066851,1803.0,1,0,0,1,0,0,0,0,0,5,0,,67,5,2007,5,,,1758.0,6,0,0,0,0,0,0,0,0,,0,0,0,17,1,1,0,,0,,,0,,4,0,0,0,67301,1,0,0,N,0,0,0,2,67301,1,,1,1,,N,N,,0,,0,0,0,0,0,,1750,1,2,0,0,0,0,1,3,3,0,1,3,,N,,,,,,,,,,,
2007066867,216.0,5,0,0,0,0,0,0,0,0,1,0,,67,5,2007,7,40.0085,-75.158,214.0,6,0,0,0,0,0,0,0,0,,0,0,0,23,3,1,1,,0,40 00:30.463,,0,75 09:28.677,8,0,0,0,67301,0,0,0,,0,0,0,1,67301,0,,1,9,,,,,0,,0,0,1,0,0,,2315,1,6,0,0,0,1,0,3,4,0,6,7,,N,,,,,,,,,,,
2007056635,9999.0,2,0,0,0,0,0,0,0,0,4,0,,67,4,2007,1,40.0869,-74.972,204.0,6,0,0,0,0,0,0,0,0,9.0,0,0,0,99,3,0,2,,1,40 05:12.000,3.0,0,74 58:19.242,9,0,0,0,67301,0,0,0,N,0,0,0,2,67301,0,,1,1,,N,N,,0,,0,0,0,3,2,N,9999,0,2,0,0,0,0,1,3,4,0,2,3,,N,,,,,,,,,,,
2007056673,1530.0,2,0,0,0,0,0,0,0,0,1,0,,67,3,2007,6,40.0337,-75.0198,1511.0,6,0,0,0,0,0,0,0,0,1.0,0,0,0,15,1,1,0,,1,40 02:01.000,1.0,0,75 01:11.189,8,0,0,0,67301,0,0,0,N,0,0,0,2,67301,0,,1,9,,N,N,,0,,0,0,0,0,0,N,1511,1,2,0,0,0,1,0,3,4,0,2,7,,N,,,,,,,,,,,
2007056696,2140.0,2,0,0,0,0,0,0,0,0,4,0,,67,3,2007,3,40.0291,-75.1468,2130.0,6,0,0,0,0,0,0,0,0,2.0,0,0,0,21,3,5,1,,2,40 01:44.000,7.0,0,75 08:48.518,3,0,0,0,67301,0,0,0,N,0,0,0,6,67301,0,,1,1,,N,N,,0,,5,0,1,3,2,Y,2130,5,3,0,0,0,0,0,3,4,0,3,3,,N,,,,,,,,,,,
2007056738,1516.0,1,0,0,0,0,0,0,0,0,8,0,,67,4,2007,4,40.0427,-75.0371,1515.0,6,0,0,0,0,0,0,0,0,,0,0,0,15,1,1,0,,0,40 02:33.594,,0,75 02:13.603,3,0,0,0,67301,1,0,0,N,1,0,0,3,67301,0,,1,1,,N,N,,0,,1,0,0,0,0,,1515,1,2,0,0,0,0,0,3,4,0,1,3,,N,,,,,,,,,,,
2007056762,1050.0,2,0,0,0,0,0,0,0,0,4,0,,67,4,2007,2,40.0045,-75.1321,1040.0,6,0,0,0,0,0,0,1,0,,0,0,0,10,1,1,1,,0,40 00:16.318,,0,75 07:55.437,8,0,0,0,67301,0,0,0,N,0,0,0,2,67301,0,,1,1,,N,N,,0,,0,0,0,3,2,,1039,1,2,0,0,1,1,0,3,4,0,2,3,,N,,,,,,,,,,,
2007054527,207.0,0,0,0,0,0,0,0,0,0,7,0,,67,4,2007,6,39.9052,-75.1297,207.0,6,0,0,0,0,0,0,0,0,1.0,0,0,0,2,3,1,0,,2,39 54:18.885,3.0,3,75 07:46.929,8,0,0,0,67301,0,0,0,N,0,0,0,1,67501,0,,3,1,,N,N,,1,,0,0,0,3,8,N,206,1,1,0,0,1,1,0,3,3,0,1,3,,N,,,,,,,,,,,
2007056977,1620.0,0,0,0,0,0,0,0,0,0,0,0,,67,3,2007,7,39.9507,-75.1993,1615.0,6,0,0,0,0,0,0,0,0,,0,0,0,16,1,1,1,,0,39 57:03.000,,0,75 11:57.166,3,0,0,1,67301,0,0,0,N,0,0,0,1,67301,0,,1,1,,N,N,,0,,1,0,0,3,2,,1613,1,2,0,0,0,0,0,3,4,0,1,3,,N,,,,,,,,,,,
2007056985,303.0,3,0,0,0,0,0,0,0,0,5,0,,67,3,2007,7,39.982,-75.1605,303.0,6,0,0,0,0,0,0,0,0,,0,0,0,3,3,1,0,,0,39 58:55.202,,0,75 09:37.843,8,0,0,0,67301,0,0,0,N,0,0,0,1,67301,0,,6,1,,N,N,,0,,0,0,0,0,0,,303,1,3,0,0,0,1,0,3,4,0,3,3,,N,,,,,,,,,,,
2007047017,2253.0,1,0,0,1,0,0,0,0,0,4,0,,67,3,2007,2,39.9409,-75.2269,2253.0,6,0,0,0,0,0,1,0,0,,0,0,0,99,3,1,1,,0,39 56:27.254,,0,75 13:36.778,3,0,0,0,67301,1,0,0,N,0,0,0,2,67301,0,,1,1,,N,N,,0,,1,0,0,3,3,,9999,1,2,0,0,0,0,0,3,4,0,1,3,,N,,,,,,,,,,,
2007047044,1954.0,2,0,0,0,0,0,0,0,0,4,0,,67,1,2007,7,39.9208,-75.1618,1952.0,6,0,0,0,0,0,0,0,1,,0,0,0,19,3,1,1,,0,39 55:14.962,,0,75 09:42.638,4,0,0,0,67301,0,0,0,N,0,0,0,2,67301,1,,1,1,,N,N,,0,,0,0,0,3,3,,1951,1,2,0,0,0,0,0,3,4,0,2,3,,N,,,,,,,,,,,
2007099457,1447.0,2,0,0,0,0,0,0,0,0,6,0,,67,8,2007,5,39.993,-75.2176,1435.0,6,0,0,0,0,0,0,1,0,1.0,0,0,0,14,1,0,1,,2,39 59:34.702,2.0,0,75 13:03.332,0,0,0,0,67301,0,0,0,N,0,0,0,2,67301,0,,1,1,,N,N,,0,,0,0,0,3,2,N,1430,0,2,0,0,0,0,0,3,4,0,2,3,,N,,,,,,,,,,,
2007099480,705.0,2,0,0,0,0,0,0,0,0,4,0,,67,8,2007,4,40.0403,-75.0585,701.0,6,0,0,0,0,0,0,0,0,1.0,0,0,0,7,1,1,1,,1,40 02:25.000,1.0,0,75 03:30.735,8,0,0,0,67301,0,0,0,N,0,0,0,3,67301,0,,1,9,,N,N,,0,,0,0,0,3,2,Y,700,1,2,0,0,0,1,1,3,4,0,2,3,,N,,,,,,,,,,,
2007091980,1000.0,2,0,0,0,0,0,0,0,0,4,0,,67,7,2007,2,40.0682,-75.2033,952.0,6,0,0,0,0,0,0,0,2,,0,0,0,9,1,0,1,,0,40 04:05.448,,0,75 12:11.959,0,0,0,0,67301,0,0,0,N,0,0,0,2,67301,0,,1,1,,N,N,,0,,0,0,0,3,3,,945,0,2,0,0,0,0,0,3,4,0,2,3,,N,,,,,,,,,,,
2007092283,1428.0,2,0,0,0,0,0,0,0,0,5,0,,67,7,2007,4,39.9701,-75.1895,1425.0,6,0,0,1,0,0,0,0,0,,0,0,0,14,1,1,0,,0,39 58:12.000,,0,75 11:22.013,2,0,0,0,67301,0,0,0,N,0,0,0,2,67301,0,,1,1,,N,N,,0,,0,1,0,0,0,,1425,1,2,0,0,0,0,0,3,4,0,2,3,,N,,,,,,,,,,,
2007084731,1600.0,1,0,0,0,0,0,0,0,0,4,0,,67,7,2007,5,40.0911,-75.055,1549.0,6,0,0,0,0,0,0,0,0,,0,0,0,15,1,0,0,,0,40 05:28.000,,0,75 03:17.910,0,0,0,0,67301,0,0,0,,0,0,0,2,67301,0,,2,9,,N,N,,0,,0,0,0,0,0,,1537,0,2,0,0,0,0,0,3,4,1,2,3,,N,,,,,,,,,,,
2007082398,1307.0,1,0,0,0,0,0,0,0,0,4,0,,67,6,2007,6,40.0451,-75.0773,1305.0,6,0,0,0,0,0,0,0,0,,0,0,0,13,1,1,0,,0,40 02:42.237,,0,75 04:38.334,4,0,0,0,67301,0,0,0,,0,0,0,2,67301,1,,1,1,,,,,0,,0,0,0,0,0,,1301,1,2,0,0,0,0,1,3,4,0,2,3,,N,,,,,,,,,,,
2007084603,734.0,0,0,0,0,0,0,0,0,0,7,0,,67,5,2007,5,40.0501,-75.0642,732.0,6,0,0,0,0,0,0,0,0,,0,0,0,7,1,1,1,,0,40 03:00.000,,0,75 03:51.268,4,0,0,0,67301,0,0,0,N,0,0,0,1,67301,1,,2,1,,N,N,,0,,0,0,1,2,2,,731,1,1,0,0,0,0,0,3,4,0,1,3,,N,,,,,,,,,,,
2007084617,1450.0,1,0,0,0,0,0,0,0,0,1,0,,67,4,2007,6,39.9485,-75.1671,1445.0,6,0,0,0,0,1,0,0,0,3.0,0,0,0,14,1,2,0,,2,39 56:54.686,3.0,0,75 10:01.441,3,0,0,0,67301,2,0,0,N,2,0,0,3,67301,0,,1,1,,N,N,,0,,2,0,1,3,2,Y,1440,2,4,0,0,0,0,0,3,4,0,2,3,,N,,,,,,,,,,,
2007082464,327.0,2,0,0,0,0,0,0,0,0,4,0,,67,5,2007,1,39.9456,-75.1651,327.0,6,0,0,0,0,0,0,0,0,3.0,0,0,0,3,3,0,1,,1,39 56:44.000,2.0,0,75 09:54.498,0,0,0,0,67301,0,0,0,N,0,0,0,8,67301,0,,1,1,,N,N,,0,,0,0,0,3,2,N,322,0,2,0,0,0,0,0,3,4,0,2,3,,N,,,,,,,,,,,
2007084442,1337.0,1,0,0,0,0,0,0,0,0,1,0,,67,8,2007,4,40.0053,-75.2178,1335.0,6,0,0,0,0,0,0,0,0,,0,0,0,13,1,1,0,,0,40 00:19.000,,0,75 13:04.267,8,0,0,0,67301,0,0,0,N,0,0,0,2,46104,0,,1,1,,N,N,,0,,0,0,1,3,2,,1335,1,2,0,0,0,1,0,3,4,0,2,3,,N,,,,,,,,,,,
2007082246,2215.0,2,0,0,0,0,0,0,0,0,4,0,,67,6,2007,5,39.9694,-75.2115,2208.0,6,0,0,0,0,0,0,0,0,,0,0,0,99,3,2,1,,0,39 58:10.000,,0,75 12:41.542,8,0,0,0,67301,0,0,0,N,0,0,0,4,67301,0,,1,1,,N,N,,0,,0,0,0,3,2,,9999,2,2,0,0,0,2,1,3,4,0,2,3,,N,,,,,,,,,,,
2007082503,2100.0,1,0,0,0,0,0,0,0,0,4,0,,67,5,2007,6,39.9737,-75.2195,2049.0,6,0,0,0,0,0,0,0,0,,0,0,0,20,3,1,1,,0,39 58:25.000,,0,75 13:10.245,3,0,0,1,67301,0,0,0,N,0,0,0,2,67301,0,,1,1,,N,N,,0,,1,0,0,3,2,,2045,1,2,0,0,0,0,0,3,4,0,2,3,,N,,,,,,,,,,,
2007082506,9999.0,1,0,0,0,0,0,0,0,0,1,0,,67,6,2007,2,39.9452,-75.2177,9999.0,6,0,0,0,1,0,0,0,0,,0,0,0,99,5,1,1,,0,39 56:42.709,,0,75 13:03.813,4,0,0,0,67301,0,0,0,,0,0,0,2,67301,1,,1,1,,N,N,,1,,0,0,0,3,2,,9999,1,2,0,0,0,0,0,3,4,0,2,3,,N,,,,,,,,,,,
2007082513,2220.0,5,0,0,0,0,0,0,0,0,1,0,,67,5,2007,2,40.06,-75.1336,2216.0,6,0,0,0,0,1,1,0,0,2.0,0,0,0,22,3,2,0,,1,40 03:36.000,3.0,0,75 08:00.797,8,0,0,0,67301,0,0,0,N,0,0,0,7,67301,0,,1,1,,N,N,,0,,0,0,0,0,0,Y,2210,2,5,0,0,0,2,0,3,4,0,5,3,,N,,,,,,,,,,,
2007082517,2315.0,2,0,0,0,0,0,0,0,0,7,0,,67,5,2007,6,40.021,-75.0414,2307.0,6,0,0,0,0,0,0,0,0,,0,0,0,23,3,1,0,,0,40 01:17.000,,0,75 02:24.248,4,0,0,0,67301,0,0,0,Y,0,0,0,1,67301,1,,2,1,,N,N,,0,,0,0,0,0,0,,2305,1,2,0,0,0,0,0,3,4,0,2,3,,N,,,,,,,,,,,
2007081856,911.0,2,0,0,0,0,0,0,0,0,4,0,,67,6,2007,6,40.022,-75.0579,908.0,6,0,0,0,0,0,0,1,0,,1,0,0,9,1,0,0,,0,40 01:19.326,,0,75 03:28.357,1,0,0,0,67301,0,0,0,N,0,0,0,1,67301,0,2.0,6,1,,N,N,,0,0.0,0,0,0,0,0,,908,0,2,1,0,1,0,0,3,4,0,2,3,,N,,,,,,,,,,,
2007081902,1434.0,1,0,0,0,0,0,0,0,0,1,0,,67,6,2007,7,39.9709,-75.1932,1420.0,6,0,0,0,0,0,1,0,0,,0,0,0,14,1,1,0,,0,39 58:19.000,,0,75 11:36.806,4,0,0,0,67301,0,0,0,N,0,0,0,3,68K01,1,,1,1,,N,N,,0,,0,0,1,0,0,,1410,1,2,0,0,0,0,0,3,4,0,2,3,,N,,,,,,,,,,,
2007028469,10.0,1,0,0,0,0,0,0,0,0,4,0,,67,2,2007,7,40.0429,-75.1722,2358.0,6,0,0,0,0,0,1,0,0,,0,0,0,99,3,4,1,,0,40 02:34.512,,0,75 10:19.919,3,0,0,0,67301,0,0,0,,0,0,0,4,67301,1,,1,2,,,,,1,,1,0,0,3,2,,9999,4,2,0,0,1,2,0,3,4,0,2,98,,N,,,,,,,,,,,