CRN,ARRIVAL_TM,AUTOMOBILE_COUNT,BELTED_DEATH_COUNT,BELTED_SUSP_SERIOUS_INJ_COUNT,BICYCLE_COUNT,BICYCLE_DEATH_COUNT,BICYCLE_SUSP_SERIOUS_INJ_COUNT,BUS_COUNT,CHLDPAS_DEATH_COUNT,CHLDPAS_SUSP_SERIOUS_INJ_COUNT,COLLISION_TYPE,COMM_VEH_COUNT,CONS_ZONE_SPD_LIM,COUNTY,CRASH_MONTH,CRASH_YEAR,DAY_OF_WEEK,DEC_LAT,DEC_LONG,DISPATCH_TM,DISTRICT,DRIVER_COUNT_16YR,DRIVER_COUNT_17YR,DRIVER_COUNT_18YR,DRIVER_COUNT_19YR,DRIVER_COUNT_20YR,DRIVER_COUNT_50_64YR,DRIVER_COUNT_65_74YR,DRIVER_COUNT_75PLUS,EST_HRS_CLOSED,FATAL_COUNT,HEAVY_TRUCK_COUNT,HORSE_BUGGY_COUNT,HOUR_OF_DAY,ILLUMINATION,INJURY_COUNT,INTERSECT_TYPE,INTERSECTION_RELATED,LANE_CLOSED,LATITUDE,LN_CLOSE_DIR,LOCATION_TYPE,LONGITUDE,MAX_SEVERITY_LEVEL,MCYCLE_DEATH_COUNT,MCYCLE_SUSP_SERIOUS_INJ_COUNT,MOTORCYCLE_COUNT,MUNICIPALITY,NONMOTR_COUNT,NONMOTR_DEATH_COUNT,NONMOTR_SUSP_SERIOUS_INJ_COUNT,NTFY_HIWY_MAINT,PED_COUNT,PED_DEATH_COUNT,PED_SUSP_SERIOUS_INJ_COUNT,PERSON_COUNT,POLICE_AGCY,POSSIBLE_INJ_COUNT,RDWY_SURF_TYPE_CD,RELATION_TO_ROAD,ROAD_CONDITION,ROADWAY_CLEARED,SCH_BUS_IND,SCH_ZONE_IND,SECONDARY_CRASH,SMALL_TRUCK_COUNT,SPEC_JURIS_CD,SUSP_MINOR_INJ_COUNT,SUSP_SERIOUS_INJ_COUNT,SUV_COUNT,TCD_FUNC_CD,TCD_TYPE,TFC_DETOUR_IND,TIME_OF_DAY,TOT_INJ_COUNT,TOTAL_UNITS,UNB_DEATH_COUNT,UNB_SUSP_SERIOUS_INJ_COUNT,UNBELTED_OCC_COUNT,UNK_INJ_DEG_COUNT,UNK_INJ_PER_COUNT,URBAN_AREA,URBAN_RURAL,VAN_COUNT,VEHICLE_COUNT,WEATHER1,WEATHER2,WORK_ZONE_IND,WORK_ZONE_LOC,WORK_ZONE_TYPE,WORKERS_PRES,WZ_CLOSE_DETOUR,WZ_FLAGGER,WZ_LAW_OFFCR_IND,WZ_LN_CLOSURE,WZ_MOVING,WZ_OTHER,WZ_SHLDER_MDN,WZ_WORKERS_INJ_KILLED
2007033076,2155.0,1,0,0,0,0,0,0,0,0,1,0,,67,1,2007,2,,,2150.0,6,0,0,0,0,0,0,0,0,1.0,0,0,0,21,2,2,0,,1,,4.0,0,,4,0,0,0,67301,0,0,0,N,0,0,0,3,67301,2,,1,1,,N,N,,0,,0,0,1,0,0,N,2150,2,3,0,0,1,0,1,3,3,0,3,3,,N,,,,,,,,,,,
2007028004,2027.0,1,0,0,0,0,0,0,0,0,8,0,,67,1,2007,3,40.0101,-75.1511,2027.0,6,0,0,0,0,0,0,0,0,,0,0,0,20,2,1,0,,0,40 00:35.000,,0,75 09:03.909,2,0,0,0,67301,1,0,1,N,1,0,1,2,67301,0,,1,1,,N,N,,0,,0,1,0,0,0,,2026,1,2,0,0,0,0,0,3,4,0,1,3,,N,,,,,,,,,,,
2007022173,720.0,1,0,0,0,0,0,0,0,0,4,0,,67,1,2007,2,39.9562,-75.1941,715.0,6,0,0,0,1,0,0,0,0,,0,0,0,6,3,1,1,,0,39 57:22.000,,0,75 11:38.799,4,0,0,0,67301,0,0,0,N,0,0,0,5,67301,1,,1,1,,N,N,,0,,0,0,1,3,2,,659,1,2,0,0,0,0,0,3,4,0,2,3,,N,,,,,,,,,,,
2007048986,1700.0,3,0,0,0,0,0,0,0,0,2,0,,67,2,2007,3,40.0407,-75.0762,1655.0,6,0,0,0,0,0,0,0,0,2.0,0,0,0,16,1,2,1,,1,40 02:26.486,1.0,0,75 04:34.494,8,0,0,0,67301,2,0,0,N,0,0,0,5,67301,0,,1,1,,N,N,,0,,0,0,1,2,2,Y,1629,2,4,0,0,0,2,0,3,4,0,4,3,,N,,,,,,,,,,,
2007049020,1435.0,0,0,0,0,0,0,0,0,0,1,0,,67,2,2007,3,39.8929,-75.2358,1432.0,6,0,0,0,0,0,0,0,0,3.0,0,0,0,14,1,1,0,,2,39 53:34.206,2.0,3,75 14:08.665,4,0,0,0,67301,0,0,0,N,0,0,0,2,67301,1,,1,2,,N,N,,2,,0,0,0,0,0,Y,1430,1,2,0,0,0,0,0,3,4,0,2,9,,N,,,,,,,,,,,
2007049057,1100.0,2,0,0,0,0,0,0,0,0,4,0,,67,2,2007,2,40.0796,-75.0266,1050.0,6,0,0,0,0,0,0,0,0,,0,0,0,10,1,0,0,,0,40 04:46.000,,7,75 01:35.713,0,0,0,0,67301,0,0,0,N,0,0,0,2,67301,0,,1,1,,N,N,,0,,0,0,0,0,0,,1050,0,2,0,0,0,0,0,3,4,0,2,3,,N,,,,,,,,,,,
2007046808,45.0,3,0,0,0,0,0,0,0,0,5,0,,67,3,2007,1,39.9747,-75.1588,30.0,6,0,0,0,0,0,0,0,0,1.0,0,0,0,0,3,1,0,,1,39 58:28.000,2.0,0,75 09:31.721,4,0,0,0,67301,0,0,0,N,0,0,0,2,67301,1,,6,2,,N,N,,0,,0,0,0,0,0,N,30,1,3,0,0,2,0,0,3,4,0,3,9,,N,,,,,,,,,,,
2007046819,1705.0,1,0,0,0,0,0,0,0,0,5,1,,67,3,2007,3,40.0566,-75.0137,1655.0,6,0,0,0,0,0,1,0,0,3.0,0,1,0,16,1,2,0,,2,40 03:23.000,2.0,0,75 00:49.296,3,0,0,0,67301,0,0,0,N,0,0,0,3,67301,0,,1,1,,N,N,,0,,2,0,0,3,2,Y,1650,2,2,0,0,0,0,0,3,4,0,2,3,,N,,,,,,,,,,,
2007080989,819.0,3,0,0,0,0,0,0,0,0,5,0,,67,5,2007,5,40.0434,-75.2365,815.0,6,0,0,0,0,0,0,0,0,,0,0,0,8,1,1,0,,0,40 02:36.185,,0,75 14:11.579,3,0,0,0,67301,0,0,0,N,0,0,0,1,67301,0,,1,1,,N,N,,0,,1,0,0,0,0,,800,1,3,0,0,0,0,0,3,4,0,3,3,,N,,,,,,,,,,,
2007080918,2252.0,3,0,0,0,0,0,0,0,0,1,0,,67,5,2007,1,39.94,-75.1996,2250.0,6,0,0,0,0,0,1,0,0,,0,0,0,22,3,2,2,,0,39 56:24.000,,0,75 11:59.690,4,0,0,0,67301,0,0,0,N,0,0,0,4,67301,2,,1,9,,N,N,,0,,0,0,0,3,2,,2225,2,3,0,0,0,0,0,3,4,0,3,7,,N,,,,,,,,,,,
2007091231,1213.0,1,0,0,0,0,0,0,0,0,1,0,,67,7,2007,6,39.9091,-75.1526,1209.0,6,0,0,0,0,0,0,0,0,,0,0,0,12,1,0,0,,0,39 54:32.880,,0,75 09:09.227,0,0,0,0,67301,0,0,0,N,0,0,0,3,67501,0,,1,1,,N,N,,0,,0,0,1,3,8,,1209,0,2,0,0,0,0,0,3,4,0,2,3,,N,,,,,,,,,,,
2007066653,1250.0,1,0,0,0,0,0,0,0,0,8,0,,67,5,2007,7,40.0437,-75.1783,1245.0,6,0,0,0,1,0,0,0,0,,0,0,0,12,1,1,1,,0,40 02:37.280,,0,75 10:41.980,8,0,0,0,67301,1,0,0,N,1,0,0,2,67301,0,,1,1,,N,N,,0,,0,0,0,3,3,,1230,1,2,0,0,0,1,0,3,4,0,1,3,,N,,,,,,,,,,,
2007066658,1525.0,1,0,0,0,0,0,0,0,0,8,0,,67,4,2007,3,40.0262,-75.1474,1505.0,6,0,0,0,0,0,0,0,0,,0,0,0,15,1,1,0,,0,40 01:34.308,,0,75 08:50.771,8,0,0,0,67301,1,0,0,N,1,0,0,3,67301,0,,1,1,,N,N,,0,,0,0,0,0,0,,1505,1,2,0,0,0,1,0,3,4,0,1,3,,N,,,,,,,,,,,
2007056624,1636.0,1,0,0,0,0,0,0,0,0,8,0,,67,4,2007,4,40.0141,-75.1501,1634.0,6,0,0,0,0,0,0,0,0,,0,0,0,16,1,1,0,,0,40 00:50.000,,0,75 09:00.262,4,0,0,0,67301,1,0,0,N,1,0,0,2,67301,1,,1,1,,N,N,,0,,0,0,0,0,0,,1628,1,2,0,0,0,0,0,3,4,0,1,3,,N,,,,,,,,,,,
2007056651,1925.0,2,0,0,0,0,0,0,0,0,4,0,,67,4,2007,5,40.0274,-75.1335,1915.0,6,0,0,0,0,1,0,0,0,1.0,0,0,0,19,1,2,1,,2,40 01:38.596,2.0,0,75 08:00.646,4,0,0,0,67301,0,0,0,N,0,0,0,5,67301,2,,1,1,,N,N,,0,,0,0,0,3,3,Y,1900,2,2,0,0,0,0,3,3,4,0,2,3,,N,,,,,,,,,,,
2007056765,855.0,2,0,0,0,0,0,0,0,0,1,0,,67,3,2007,6,40.0339,-75.0742,850.0,6,0,0,0,0,0,1,0,0,1.0,0,0,0,8,1,2,0,,1,40 02:02.000,1.0,0,75 04:26.777,3,0,0,0,67301,0,0,0,N,0,0,0,6,67301,0,,1,1,,N,N,,0,,2,0,1,3,2,N,850,2,3,0,0,0,0,0,3,4,0,3,3,,N,,,,,,,,,,,
2007056972,1759.0,1,0,0,0,0,0,0,0,0,4,0,,67,4,2007,5,40.0,-75.1531,1743.0,6,0,0,0,0,0,2,0,0,,0,0,0,17,1,5,1,,0,39 59:59.000,,0,75 09:11.322,4,0,0,0,67301,0,0,0,N,0,0,0,16,67301,5,,1,9,,N,N,,0,,0,0,0,3,2,,1732,5,2,0,0,1,0,0,3,4,1,2,7,,N,,,,,,,,,,,
2007056819,1655.0,2,0,0,0,0,0,0,0,0,1,0,,67,4,2007,6,39.9893,-75.1207,1650.0,6,0,0,0,0,0,1,0,0,,0,0,0,16,1,2,1,,0,39 59:21.645,,0,75 07:14.530,4,0,0,0,67301,0,0,0,N,0,0,0,3,67301,2,,1,1,,N,N,,0,,0,0,0,3,2,,1645,2,2,0,0,0,0,0,3,4,0,2,3,,N,,,,,,,,,,,
2007056825,30.0,1,0,0,0,0,0,0,0,0,2,0,,67,4,2007,1,40.0058,-75.097,25.0,6,0,0,0,0,0,1,0,0,,0,0,0,0,3,1,1,,0,40 00:20.000,,0,75 05:49.291,3,0,0,0,67301,0,0,0,N,0,0,0,2,67301,0,,1,1,,N,N,,1,,1,0,0,3,2,,0,1,2,0,0,0,0,1,3,4,0,2,3,,N,,,,,,,,,,,
2007057051,2030.0,1,0,0,0,0,0,0,0,0,8,0,,67,4,2007,7,39.9164,-75.1686,2024.0,6,0,0,0,0,0,1,0,0,,0,0,0,99,3,1,1,,0,39 54:59.040,,0,75 10:06.960,8,0,0,0,67301,1,0,0,N,1,0,0,2,67301,0,,1,1,,N,N,,0,,0,0,0,0,0,,9999,1,2,0,0,0,1,0,3,4,0,1,3,,N,,,,,,,,,,,
2007046916,1930.0,1,0,0,0,0,0,0,0,0,5,0,,67,1,2007,1,39.9853,-75.185,1913.0,6,0,0,0,0,0,0,0,0,,0,0,0,19,3,1,2,,0,39 59:07.134,,0,75 11:06.010,3,0,0,0,67301,0,0,0,N,0,0,0,2,67301,0,,1,1,,N,N,,0,,1,0,0,0,0,,1910,1,2,0,0,0,0,0,3,4,0,2,3,,N,,,,,,,,,,,
2007046921,517.0,1,0,0,0,0,0,0,0,0,1,0,,67,3,2007,4,39.9409,-75.1952,9999.0,6,0,0,0,0,0,2,0,0,1.0,0,0,0,5,3,0,0,,1,39 56:32.280,4.0,0,75 11:37.680,0,0,0,0,67301,0,0,0,N,0,0,0,2,67301,0,,1,1,,N,N,,0,,0,0,1,0,0,N,516,0,2,0,0,1,0,0,3,4,0,2,3,,N,,,,,,,,,,,
2007047036,2205.0,1,0,0,0,0,0,0,0,0,8,0,,67,3,2007,5,39.9725,-75.1674,2200.0,6,0,0,0,0,0,0,0,0,,0,0,0,22,3,1,1,,0,39 58:20.955,,0,75 10:02.588,8,0,0,0,67301,1,0,0,N,1,0,0,2,67301,0,,1,9,,N,N,,0,,0,0,0,9,2,,2200,1,2,0,0,0,1,0,3,4,0,1,7,,N,,,,,,,,,,,
2007047058,806.0,1,0,0,0,0,0,0,0,0,1,0,,67,3,2007,7,40.0309,-75.0337,801.0,6,0,0,0,0,0,0,0,0,,0,0,0,7,1,0,0,,0,40 01:51.000,,0,75 02:01.140,9,0,0,0,67301,0,0,0,N,0,0,0,2,67301,0,,1,7,,N,N,,1,,0,0,1,0,0,,721,0,3,0,0,0,0,1,3,4,0,3,3,,N,,,,,,,,,,,
2007047132,1220.0,0,0,0,0,0,0,0,0,0,8,0,,67,3,2007,1,39.9691,-75.2475,1215.0,6,0,0,0,0,0,0,0,0,,0,0,0,12,1,1,1,,0,39 58:08.778,,0,75 14:51.154,8,0,0,0,67301,1,0,0,N,1,0,0,2,67301,0,,1,1,,N,N,,0,,0,0,0,3,3,,1213,1,2,0,0,0,1,1,3,4,0,1,3,,N,,,,,,,,,,,
2007047141,1121.0,1,0,0,0,0,0,0,0,0,8,0,,67,3,2007,6,40.0723,-75.1579,1117.0,6,0,0,0,0,0,0,1,0,,0,0,0,8,1,1,1,,0,40 04:20.456,,0,75 09:28.385,4,0,0,0,67301,1,0,0,N,1,0,0,2,67301,1,,1,1,,N,Y,,0,,0,0,0,3,2,,845,1,2,0,0,0,0,0,3,4,0,1,3,,N,,,,,,,,,,,
2007001513,1735.0,2,0,0,0,0,0,0,0,0,1,0,,67,1,2007,4,40.004,-75.2207,1733.0,6,0,0,0,0,0,0,0,0,,0,0,0,17,3,1,0,,0,40 00:14.000,,0,75 13:14.350,8,0,0,0,67301,0,0,0,N,0,0,0,2,46104,0,,1,1,,N,N,,0,,0,0,0,3,2,,1733,1,2,0,0,0,1,0,3,4,0,2,3,,N,,,,,,,,,,,
2007099335,1745.0,2,0,0,0,0,0,0,0,0,4,0,,67,8,2007,7,39.9451,-75.2463,1730.0,6,0,0,0,1,0,0,0,0,,0,0,0,17,1,0,2,,0,39 56:42.381,,0,75 14:46.762,0,0,0,0,67301,0,0,0,N,0,0,0,2,67301,0,,1,1,,N,N,,0,,0,0,0,3,3,,1715,0,2,0,0,0,0,0,3,4,0,2,3,,N,,,,,,,,,,,
2007111901,1610.0,1,0,0,1,0,0,0,0,0,4,0,,67,9,2007,4,40.0181,-75.0585,1606.0,6,0,0,0,0,0,0,0,0,,0,0,0,15,1,1,1,,0,40 01:05.000,,0,75 03:30.439,4,0,0,0,67301,1,0,0,N,0,0,0,2,67301,1,,1,1,,N,N,,0,,0,0,0,3,3,,1550,1,2,0,0,0,0,0,3,4,0,1,3,,N,,,,,,,,,,,
2007092161,1758.0,0,0,0,0,0,0,0,0,0,7,0,,67,9,2007,3,39.9966,-75.2365,1756.0,6,0,0,0,0,0,0,0,0,,0,0,0,17,1,0,0,,0,39 59:50.000,,0,75 14:06.105,0,0,0,0,67301,0,0,0,N,0,0,0,1,46104,0,,4,1,,N,N,,0,,0,0,1,0,0,,1756,0,1,0,0,0,0,0,3,4,0,1,3,,N,,,,,,,,,,,
2007092038,1310.0,2,0,0,0,0,0,0,0,0,4,0,,67,7,2007,6,40.0548,-75.1527,1305.0,6,0,0,0,0,0,0,0,1,,0,0,0,13,1,1,1,,0,40 03:17.359,,0,75 09:09.802,4,0,0,0,67301,0,0,0,N,0,0,0,2,67301,1,,1,1,,N,N,,0,,0,0,0,3,2,,1305,1,2,0,0,0,0,0,3,4,0,2,3,,N,,,,,,,,,,,
2007092265,2255.0,3,0,0,0,0,0,0,0,0,5,0,,67,7,2007,1,39.9346,-75.1809,2255.0,6,0,0,0,1,0,0,0,0,3.0,0,0,0,22,3,2,1,,2,39 56:04.578,1.0,0,75 10:51.110,2,0,0,0,67301,0,0,0,N,0,0,0,2,67301,0,,6,1,,N,N,,0,,0,1,0,0,0,Y,2255,2,3,0,1,1,1,0,3,4,0,3,3,,N,,,,,,,,,,,
2007091888,1030.0,0,0,0,0,0,0,0,0,0,7,0,,67,7,2007,4,40.0676,-75.1949,1007.0,6,0,0,0,0,0,0,0,0,,0,0,0,9,1,0,0,,0,40 04:03.199,,0,75 11:41.780,0,0,0,0,67301,0,0,0,N,0,0,0,2,67301,0,,2,9,,N,N,,0,,0,0,1,0,0,,900,0,1,0,0,0,0,0,3,4,0,1,7,,N,,,,,,,,,,,
2007080032,1725.0,1,0,0,0,0,0,0,0,0,8,0,,67,6,2007,1,39.9196,-75.2329,1720.0,6,0,0,0,0,0,0,0,0,,0,0,0,99,1,1,0,,0,39 55:10.700,,0,75 13:58.500,4,0,0,0,67301,1,0,0,N,1,0,0,2,67301,1,,1,1,,N,N,,0,,0,0,0,0,0,,9999,1,2,0,0,0,0,0,3,4,0,1,3,,N,,,,,,,,,,,
2007082274,1544.0,1,0,0,0,0,0,0,0,0,4,0,,67,5,2007,2,40.0869,-74.972,1541.0,6,0,1,0,0,0,0,0,0,,0,0,0,15,1,1,1,,0,40 05:12.000,,0,74 58:19.242,8,0,0,0,67301,0,0,0,N,0,0,0,2,67301,0,,1,1,,N,N,,0,,0,0,0,3,2,,1540,1,2,0,0,0,1,0,3,4,1,2,3,,N,,,,,,,,,,,
2007082576,9999.0,2,0,0,0,0,0,0,0,0,4,0,,67,5,2007,7,39.9572,-75.2275,9999.0,6,0,0,0,0,0,0,0,0,,0,0,0,0,3,0,1,,0,39 57:25.000,,0,75 13:38.909,9,0,0,0,67301,0,0,0,N,0,0,0,2,67301,0,,1,1,,N,N,,0,,0,0,0,9,2,,11,0,2,0,0,0,0,1,3,4,0,2,3,,N,,,,,,,,,,,
2007058017,26.0,1,0,0,0,0,0,0,0,0,8,0,,67,4,2007,1,39.9689,-75.1344,24.0,6,0,0,0,0,0,0,0,0,,0,0,0,0,3,1,1,,0,39 58:07.000,,0,75 08:03.925,8,0,0,0,67301,1,0,0,N,1,0,0,2,67301,0,,1,9,,N,N,,0,,0,0,0,9,1,,15,1,2,0,0,0,1,0,3,4,0,1,7,,N,,,,,,,,,,,
2007057783,1306.0,2,0,0,0,0,0,0,0,0,1,0,,67,1,2007,4,39.9719,-75.1627,1300.0,6,0,0,0,1,0,0,0,0,,0,0,0,13,1,1,1,,0,39 58:18.000,,0,75 09:45.568,3,0,0,0,67301,0,0,0,,0,0,0,3,67301,0,,1,1,,N,,,0,,1,0,0,0,0,,1300,1,2,0,0,0,0,2,3,4,0,2,3,,N,,,,,,,,,,,
2007055381,315.0,0,0,0,0,0,0,0,0,0,0,1,,67,2,2007,4,39.9893,-75.0748,314.0,6,0,0,0,0,0,0,0,0,2.0,0,1,0,3,3,0,0,,2,39 59:21.506,3.0,3,75 04:29.426,0,0,0,0,67301,0,0,0,N,0,0,0,1,67501,0,,1,6,,N,N,,0,,0,0,0,3,2,N,314,0,1,0,0,0,0,0,3,4,0,1,10,,N,,,,,,,,,,,
2007028455,2315.0,1,0,0,0,0,0,1,0,0,4,1,,67,1,2007,7,39.9922,-75.2457,2300.0,6,0,0,0,0,0,0,0,0,,0,0,0,23,3,1,1,,0,39 59:32.000,,0,75 14:42.441,3,0,0,0,67301,0,0,0,N,0,0,0,2,67301,0,,1,9,,N,N,,0,,1,0,0,3,2,,2300,1,2,0,0,0,0,0,3,4,0,2,7,,N,,,,,,,,,,,
2007056528,1726.0,1,0,0,0,0,0,0,0,0,8,0,,67,3,2007,6,39.9583,-75.152,1724.0,6,0,0,0,0,0,0,0,0,,0,0,0,17,1,1,1,,0,39 57:30.009,,0,75 09:07.358,8,0,0,0,67301,1,0,0,N,1,0,0,2,67301,0,,1,1,,N,N,,0,,0,0,0,2,2,,1720,1,2,0,0,0,1,0,3,4,0,1,3,,N,,,,,,,,,,,
2007048906,1901.0,1,0,0,0,0,0,0,0,0,5,0,,67,2,2007,3,39.9037,-75.1503,1900.0,6,0,0,0,0,0,1,0,0,1.0,0,0,0,18,3,3,0,,1,39 54:22.320,2.0,0,75 08:58.920,4,0,0,0,67301,0,0,0,,0,0,0,5,67301,1,,1,1,,,,,1,,0,0,1,0,0,N,1855,3,3,0,0,1,2,0,3,4,0,3,3,,N,,,,,,,,,,,
2007048914,1557.0,0,0,0,0,0,0,0,0,0,7,0,,67,2,2007,3,40.0123,-75.2055,1555.0,6,0,0,0,0,0,1,0,0,1.0,0,0,0,15,1,0,5,,2,40 00:53.000,2.0,2,75 12:21.953,9,0,0,0,67301,0,0,0,N,0,0,0,5,67301,0,,7,9,,N,N,,0,,0,0,1,3,4,Y,1555,0,2,0,0,4,0,1,3,4,1,2,3,,N,,,,,,,,,,,
2007048922,420.0,1,0,0,0,0,0,0,0,0,7,0,,67,3,2007,7,40.0479,-75.0316,415.0,6,0,0,0,0,0,0,0,0,,0,0,0,4,3,0,2,,0,40 02:52.443,,0,75 01:53.885,0,0,0,0,67301,0,0,0,,0,0,0,3,67301,0,,4,1,,N,N,,0,,0,0,0,3,2,,410,0,1,0,0,3,0,0,3,4,0,1,3,,N,,,,,,,,,,,
2007048931,2319.0,1,0,0,0,0,0,0,0,0,8,0,,67,3,2007,3,40.039,-75.1446,2319.0,6,0,0,0,0,0,0,0,0,,0,0,0,23,3,1,1,,0,40 02:20.000,,0,75 08:40.639,8,0,0,0,67301,1,0,0,N,1,0,0,2,67301,0,,1,1,,N,N,,0,,0,0,0,0,0,,2305,1,2,0,0,0,1,0,3,4,0,1,3,,N,,,,,,,,,,,
2007048979,9999.0,2,0,0,0,0,0,0,0,0,4,0,,67,2,2007,5,40.0562,-75.1675,,6,0,0,0,0,0,1,0,0,,0,0,0,17,3,1,0,,0,40 03:22.430,,0,75 10:03.117,4,0,0,0,67301,0,0,0,N,0,0,0,2,67301,1,,1,1,,N,N,,0,,0,0,0,0,0,,1700,1,2,0,0,0,0,1,3,4,0,2,3,,N,,,,,,,,,,,
2007049029,800.0,2,0,0,0,0,0,0,0,0,4,0,,67,2,2007,3,39.9731,-75.2139,754.0,6,0,0,0,0,0,0,0,0,,0,0,0,7,1,0,2,,0,39 58:23.000,,0,75 12:49.834,0,0,0,0,67301,0,0,0,N,0,0,0,2,67301,0,,1,9,,N,N,,0,,0,0,0,3,3,,748,0,2,0,0,0,0,0,3,4,0,2,10,,N,,,,,,,,,,,
2007049033,1125.0,1,0,0,0,0,0,0,0,0,2,0,,67,2,2007,5,39.9811,-75.2225,1119.0,6,0,0,0,0,0,0,0,0,3.0,0,0,0,8,1,1,2,,1,39 58:51.000,3.0,0,75 13:20.713,4,0,0,0,67301,0,0,0,N,0,0,0,2,67301,1,,1,7,,N,N,,1,,0,0,0,0,0,N,800,1,2,0,0,0,0,0,3,4,0,2,3,,N,,,,,,,,,,,
2007117300,357.0,1,0,0,1,0,1,0,0,0,4,0,,67,9,2007,6,39.9495,-75.2093,353.0,6,0,0,0,0,0,0,0,0,,0,0,0,3,3,1,0,,0,39 56:58.000,,0,75 12:33.559,2,0,0,0,67301,1,0,1,,0,0,0,2,67301,0,,1,1,,N,N,,0,,0,1,0,0,0,,300,1,2,0,0,0,0,0,3,4,0,1,3,,N,,,,,,,,,,,
2007080831,2210.0,2,0,0,0,0,0,0,0,0,5,1,,67,6,2007,4,39.9579,-75.1641,2155.0,6,0,0,0,0,0,0,1,0,,0,0,0,21,1,2,2,,0,39 57:28.000,,0,75 09:50.893,8,0,0,0,67301,0,0,0,N,0,0,0,5,67301,0,,1,1,,N,N,,0,,0,0,1,3,2,,2115,2,4,0,0,0,2,0,3,4,1,4,3,,N,,,,,,,,,,,
2007080972,1800.0,2,0,0,0,0,0,0,0,0,2,0,,67,5,2007,4,40.0205,-75.1924,1800.0,6,0,0,0,0,0,0,0,0,1.0,0,0,0,18,1,1,1,,1,40 01:13.000,7.0,0,75 11:32.806,3,0,0,0,67301,0,0,0,N,0,0,0,2,67301,0,,1,1,,N,N,,0,,1,0,0,3,2,Y,1800,1,2,0,0,0,0,0,3,4,0,2,3,,N,,,,,,,,,,,
2007081030,2135.0,2,0,0,0,0,0,0,0,0,4,0,,67,7,2007,5,40.0037,-75.1689,2127.0,6,0,0,0,0,0,0,0,0,,0,0,0,21,3,2,5,,0,40 00:13.320,,0,75 10:08.040,8,0,0,0,67301,0,0,0,N,0,0,0,5,67301,0,,1,9,,N,N,,0,,0,0,0,3,2,,2127,2,2,0,0,0,2,0,3,4,0,2,7,,N,,,,,,,,,,,
2007120067,2100.0,1,0,0,0,0,0,0,0,0,7,0,,67,9,2007,1,39.93,-75.1634,2100.0,6,0,0,0,0,0,0,0,0,,0,0,0,20,3,2,0,,0,39 55:47.824,,0,75 09:48.228,3,0,0,0,67301,0,0,0,N,0,0,0,3,67301,1,,6,1,,N,N,,0,,1,0,0,0,0,,2050,2,1,0,0,0,0,0,3,4,0,1,3,,N,,,,,,,,,,,
2007080923,1032.0,2,0,0,0,0,0,0,0,0,1,0,,67,5,2007,4,39.944,-75.1752,1032.0,6,0,0,0,0,0,1,0,0,,0,0,0,10,1,0,1,,0,39 56:38.248,,0,75 10:30.799,0,0,0,0,67301,0,0,0,N,0,0,0,2,67301,0,,1,1,,N,N,,0,,0,0,0,0,0,,1028,0,2,0,0,0,0,0,3,4,0,2,3,,N,,,,,,,,,,,
2007066673,35.0,1,0,0,0,0,0,0,0,0,5,0,,67,5,2007,5,39.9861,-75.1267,28.0,6,0,0,0,0,0,0,0,0,2.0,0,0,0,0,3,1,0,,2,39 59:09.794,3.0,0,75 07:36.051,4,0,0,0,67301,0,0,0,N,0,0,0,1,67301,1,,1,1,,N,N,,0,,0,0,1,0,0,N,25,1,2,0,0,0,0,0,3,4,0,2,3,,N,,,,,,,,,,,
2007066840,1911.0,1,0,0,0,0,0,0,0,0,8,0,,67,5,2007,7,40.0287,-75.0674,1904.0,6,0,0,0,0,0,0,0,0,,0,0,0,19,4,1,0,,0,40 01:43.402,,0,75 04:02.697,4,0,0,0,67301,1,0,0,N,1,0,0,2,67301,1,,1,9,,N,N,,0,,0,0,0,0,0,,1900,1,2,0,0,0,0,0,3,4,0,1,3,,N,,,,,,,,,,,
2007056643,9999.0,1,0,0,0,0,0,0,0,0,8,0,,67,4,2007,1,40.0206,-75.0403,,6,0,0,0,0,0,0,0,0,,0,0,0,99,1,1,1,,0,40 01:14.000,,0,75 02:24.900,4,0,0,0,67301,1,0,0,N,1,0,0,2,67301,1,,1,1,,N,N,,0,,0,0,0,3,2,,9999,1,2,0,0,0,0,0,3,4,0,1,3,,N,,,,,,,,,,,
2007056646,1725.0,1,0,0,0,0,0,0,0,0,8,0,,67,3,2007,5,39.9261,-75.226,1723.0,6,0,0,0,0,0,0,0,0,,0,0,0,17,1,1,0,,0,39 55:34.082,,0,75 13:33.477,4,0,0,0,67301,1,0,0,N,1,0,0,3,67301,1,,1,1,,N,N,,0,,0,0,0,0,0,,1720,1,2,0,0,0,0,0,3,4,0,1,3,,N,,,,,,,,,,,
2007056764,210.0,1,0,0,0,0,0,0,0,0,7,0,,67,4,2007,6,39.9506,-75.1741,201.0,6,0,0,0,0,0,0,0,0,,0,0,0,2,3,0,0,,0,39 57:02.000,,0,75 10:26.775,0,0,0,0,67301,0,0,0,N,0,0,0,1,67301,0,,4,1,,N,N,,0,,0,0,0,0,0,,201,0,1,0,0,0,0,0,3,4,0,1,3,,N,,,,,,,,,,,
2007056774,925.0,0,0,0,0,0,0,1,0,0,1,1,,67,4,2007,4,40.0287,-75.0892,915.0,6,0,0,0,0,0,0,0,0,,0,0,0,8,1,1,0,,0,40 01:43.449,,0,75 05:21.091,8,0,0,0,67301,0,0,0,N,0,0,0,3,67301,0,,1,1,,N,N,,0,,0,0,0,0,0,,859,1,2,0,0,0,1,1,3,4,1,2,3,,N,,,,,,,,,,,