CRN,ARRIVAL_TM,AUTOMOBILE_COUNT,BELTED_DEATH_COUNT,BELTED_SUSP_SERIOUS_INJ_COUNT,BICYCLE_COUNT,BICYCLE_DEATH_COUNT,BICYCLE_SUSP_SERIOUS_INJ_COUNT,BUS_COUNT,CHLDPAS_DEATH_COUNT,CHLDPAS_SUSP_SERIOUS_INJ_COUNT,COLLISION_TYPE,COMM_VEH_COUNT,CONS_ZONE_SPD_LIM,COUNTY,CRASH_MONTH,CRASH_YEAR,DAY_OF_WEEK,DEC_LAT,DEC_LONG,DISPATCH_TM,DISTRICT,DRIVER_COUNT_16YR,DRIVER_COUNT_17YR,DRIVER_COUNT_18YR,DRIVER_COUNT_19YR,DRIVER_COUNT_20YR,DRIVER_COUNT_50_64YR,DRIVER_COUNT_65_74YR,DRIVER_COUNT_75PLUS,EST_HRS_CLOSED,FATAL_COUNT,HEAVY_TRUCK_COUNT,HORSE_BUGGY_COUNT,HOUR_OF_DAY,ILLUMINATION,INJURY_COUNT,INTERSECT_TYPE,INTERSECTION_RELATED,LANE_CLOSED,LATITUDE,LN_CLOSE_DIR,LOCATION_TYPE,LONGITUDE,MAX_SEVERITY_LEVEL,MCYCLE_DEATH_COUNT,MCYCLE_SUSP_SERIOUS_INJ_COUNT,MOTORCYCLE_COUNT,MUNICIPALITY,NONMOTR_COUNT,NONMOTR_DEATH_COUNT,NONMOTR_SUSP_SERIOUS_INJ_COUNT,NTFY_HIWY_MAINT,PED_COUNT,PED_DEATH_COUNT,PED_SUSP_SERIOUS_INJ_COUNT,PERSON_COUNT,POLICE_AGCY,POSSIBLE_INJ_COUNT,RDWY_SURF_TYPE_CD,RELATION_TO_ROAD,ROAD_CONDITION,ROADWAY_CLEARED,SCH_BUS_IND,SCH_ZONE_IND,SECONDARY_CRASH,SMALL_TRUCK_COUNT,SPEC_JURIS_CD,SUSP_MINOR_INJ_COUNT,SUSP_SERIOUS_INJ_COUNT,SUV_COUNT,TCD_FUNC_CD,TCD_TYPE,TFC_DETOUR_IND,TIME_OF_DAY,TOT_INJ_COUNT,TOTAL_UNITS,UNB_DEATH_COUNT,UNB_SUSP_SERIOUS_INJ_COUNT,UNBELTED_OCC_COUNT,UNK_INJ_DEG_COUNT,UNK_INJ_PER_COUNT,URBAN_AREA,URBAN_RURAL,VAN_COUNT,VEHICLE_COUNT,WEATHER1,WEATHER2,WORK_ZONE_IND,WORK_ZONE_LOC,WORK_ZONE_TYPE,WORKERS_PRES,WZ_CLOSE_DETOUR,WZ_FLAGGER,WZ_LAW_OFFCR_IND,WZ_LN_CLOSURE,WZ_MOVING,WZ_OTHER,WZ_SHLDER_MDN,WZ_WORKERS_INJ_KILLED
2007061910,2346.0,2,0,0,0,0,0,0,0,0,1,0,,67,5,2007,5,39.9427,-75.1934,2346.0,6,0,0,1,0,0,0,0,0,,0,0,0,23,3,0,0,,0,39 56:39.383,,0,75 11:30.704,0,0,0,0,67301,0,0,0,N,0,0,0,2,68K01,0,,1,1,,N,N,,0,,0,0,0,0,0,,2343,0,2,0,0,0,0,0,3,4,0,2,3,,N,,,,,,,,,,,
2007056861,1102.0,1,0,0,0,0,0,0,0,0,8,0,,67,4,2007,3,40.0607,-75.1925,1052.0,6,0,0,0,0,0,0,0,0,,0,0,0,10,1,1,0,,0,40 03:38.000,,0,75 11:32.864,8,0,0,0,67301,1,0,0,N,1,0,0,2,67301,0,,1,1,,N,N,,0,,0,0,0,0,0,,1040,1,2,0,0,0,1,0,3,4,0,1,3,,N,,,,,,,,,,,
2007056878,2005.0,1,0,0,0,0,0,0,0,0,7,0,,67,4,2007,2,39.9897,-75.1366,2005.0,6,0,0,1,0,0,0,0,0,,0,0,0,20,3,2,0,,0,39 59:22.923,,0,75 08:11.612,3,0,0,0,67301,0,0,0,,0,0,0,2,67301,0,,4,1,,,,,0,,2,0,0,0,0,,2005,2,1,0,0,0,0,0,3,4,0,1,3,,N,,,,,,,,,,,
2007056879,2120.0,1,0,0,0,0,0,0,0,0,6,0,,67,4,2007,2,39.9817,-75.1452,2120.0,6,0,0,0,1,0,0,1,0,,0,0,0,21,3,3,1,,0,39 58:54.156,,0,75 08:42.853,8,0,0,0,67301,0,0,0,N,0,0,0,4,67301,0,,1,1,,N,N,,0,,0,0,0,3,3,,2120,3,2,0,0,0,3,0,3,4,1,2,3,,N,,,,,,,,,,,
2007047127,2235.0,2,0,0,0,0,0,0,0,0,4,0,,67,3,2007,7,39.9738,-75.2582,2221.0,6,0,0,0,0,0,0,0,0,,0,0,0,22,3,4,1,,0,39 58:25.000,,0,75 15:29.678,2,0,0,0,67301,0,0,0,N,0,0,0,4,67301,1,,1,9,,N,N,,0,,2,1,0,3,2,,2221,4,2,0,0,0,0,0,3,4,0,2,7,,N,,,,,,,,,,,
2007047147,330.0,2,0,0,0,0,0,0,0,0,4,0,,67,2,2007,1,40.0042,-75.0994,328.0,6,0,0,0,0,0,0,0,0,,0,0,0,99,3,3,1,,0,40 00:15.000,,0,75 05:57.765,8,0,0,0,67301,0,0,0,N,0,0,0,6,67301,0,,1,1,,N,N,,0,,0,0,0,9,2,,9999,3,2,0,0,0,3,0,3,4,0,2,3,,N,,,,,,,,,,,
2007006461,1609.0,1,0,0,0,0,0,0,0,0,4,0,,67,1,2007,4,39.9996,-75.23,1609.0,6,0,0,0,0,0,0,1,0,,0,0,0,16,1,0,0,,0,39 59:58.000,,0,75 13:48.141,0,0,0,0,67301,0,0,0,N,0,0,0,2,46104,0,,3,1,,N,N,,0,,0,0,1,0,0,,1605,0,2,0,0,0,0,0,3,4,0,2,3,,N,,,,,,,,,,,
2007075680,1637.0,1,0,0,0,0,0,0,0,0,1,0,,67,6,2007,6,40.0086,-75.2043,1623.0,6,0,0,0,0,0,0,0,0,,0,0,0,16,1,1,0,,0,40 00:31.000,,0,75 12:16.990,4,0,0,0,67301,0,0,0,N,0,0,0,5,68K01,1,,1,1,,N,N,,0,,0,0,2,0,0,,1617,1,3,0,0,0,0,0,3,4,0,3,3,,N,,,,,,,,,,,
2007092187,2212.0,2,0,0,0,0,0,0,0,0,4,0,,67,7,2007,1,40.0101,-75.1216,2208.0,6,0,1,0,1,0,0,0,0,1.0,0,0,0,22,3,2,1,,1,40 00:36.000,1.0,0,75 07:17.618,3,0,0,0,67301,0,0,0,,0,0,0,3,67301,0,,1,1,,,,,0,,2,0,0,3,2,Y,2205,2,2,0,0,2,0,0,3,4,0,2,3,,N,,,,,,,,,,,
2007092041,1135.0,1,0,0,0,0,0,0,0,0,4,0,,67,7,2007,3,40.0638,-75.1729,1123.0,6,0,0,0,0,0,0,0,0,,0,0,0,11,1,2,1,,0,40 03:49.000,,0,75 10:22.443,4,0,0,0,67301,0,0,0,N,0,0,0,2,67301,1,,1,1,,N,N,,0,,0,0,0,3,3,,1120,2,2,0,0,0,1,0,3,4,1,2,3,,N,,,,,,,,,,,
2007092280,2325.0,1,0,0,0,0,0,0,0,0,7,0,,67,7,2007,7,39.9734,-75.1672,2323.0,6,0,0,0,0,0,0,1,0,,0,0,0,23,3,1,3,,0,39 58:24.000,,0,75 10:02.003,8,0,0,0,67301,0,0,0,N,0,0,0,1,67301,0,,5,1,,N,N,,0,,0,0,0,0,0,,2321,1,1,0,0,0,1,0,3,4,0,1,3,,N,,,,,,,,,,,
2007086964,201.0,2,0,0,0,0,0,0,0,0,1,0,,67,7,2007,7,39.9885,-75.2069,150.0,6,0,0,0,0,0,0,0,0,,0,0,0,1,3,0,3,,0,39 59:22.000,,2,75 12:21.744,0,0,0,0,67301,0,0,0,N,0,0,0,3,68K01,0,,1,1,,N,N,,0,,0,0,1,3,3,,145,0,3,0,0,0,0,0,3,4,0,3,3,,N,,,,,,,,,,,
2007082395,1918.0,2,0,0,0,0,0,0,0,0,6,0,,67,5,2007,6,40.0485,-75.0937,1918.0,6,0,0,0,0,0,0,0,0,,0,0,0,19,1,1,1,,0,40 02:54.000,,0,75 05:37.205,4,0,0,0,67301,0,0,0,,0,0,0,2,67301,1,,1,1,,N,N,,0,,0,0,0,3,2,,1918,1,3,0,0,0,0,1,3,4,1,3,3,,N,,,,,,,,,,,
2007084594,935.0,1,0,0,0,0,0,0,0,0,8,0,,67,5,2007,4,39.9181,-75.171,927.0,6,0,0,0,0,0,0,0,0,,0,0,0,9,1,1,1,,0,39 55:05.000,,0,75 10:15.517,8,0,0,0,67301,1,0,0,,1,0,0,2,67301,0,,4,1,,,,,0,,0,0,0,9,2,,925,1,2,0,0,0,1,1,3,4,0,1,3,,N,,,,,,,,,,,
2007082473,9999.0,0,0,0,1,0,0,0,0,0,4,0,,67,5,2007,5,40.0399,-75.077,9999.0,6,0,0,0,0,0,0,0,0,,0,0,0,99,3,2,1,,0,40 02:23.000,,0,75 04:37.035,4,0,0,0,67301,2,0,0,N,0,0,0,3,67301,2,,1,1,,N,N,,0,,0,0,0,0,0,,9999,2,2,0,0,0,0,1,3,4,0,1,3,,N,,,,,,,,,,,
2007082579,859.0,2,0,0,0,0,0,0,0,0,1,0,,67,6,2007,3,39.9738,-75.2072,851.0,6,0,0,0,0,0,0,0,0,,0,0,0,8,1,1,0,,0,39 58:25.000,,0,75 12:25.852,8,0,0,0,67301,0,0,0,N,0,0,0,2,67301,0,,1,1,,N,N,,0,,0,0,0,0,0,,848,1,2,0,0,0,1,0,3,4,0,2,3,,N,,,,,,,,,,,
2007080202,1830.0,0,0,0,0,0,0,0,0,0,8,0,,67,6,2007,4,39.9999,-75.1188,1825.0,6,0,0,0,0,0,0,0,0,,0,0,0,18,1,1,2,,0,39 59:59.787,,0,75 07:07.633,4,0,0,0,67301,1,0,0,N,1,0,0,2,67301,1,,1,1,,N,N,,0,,0,0,1,0,0,,1820,1,2,0,0,0,0,0,3,4,0,1,3,,N,,,,,,,,,,,
2007081840,2205.0,1,0,0,1,0,1,0,0,0,4,0,,67,6,2007,6,40.0571,-75.1798,2155.0,6,0,0,0,0,0,0,0,0,,0,0,0,17,1,1,1,,0,40 03:25.383,,0,75 10:47.333,2,0,0,0,67301,1,0,1,N,0,0,0,2,67301,0,,1,1,,N,N,,0,,0,1,0,9,3,,1700,1,2,0,0,0,0,0,3,4,0,1,3,,N,,,,,,,,,,,
2007081885,1728.0,2,0,0,0,0,0,0,0,0,1,0,,67,6,2007,3,39.9693,-75.192,1722.0,6,0,0,0,0,0,0,0,0,1.0,0,0,0,17,1,0,0,,2,39 58:13.000,3.0,0,75 11:34.275,0,0,0,0,67301,0,0,0,N,0,0,0,2,68J01,0,,1,1,,N,N,,0,,0,0,0,0,0,N,1722,0,2,0,0,0,0,0,3,4,0,2,3,,N,,,,,,,,,,,
2007057977,236.0,2,0,0,0,0,0,0,0,0,1,0,,67,4,2007,1,39.9054,-75.1736,235.0,6,0,0,0,0,0,0,0,0,,0,0,0,99,3,0,1,,0,39 54:19.000,,0,75 10:24.817,0,0,0,0,67301,0,0,0,N,0,0,0,5,67301,0,,1,9,,N,N,,0,,0,0,0,3,2,,9999,0,2,0,0,0,0,0,3,4,0,2,7,,N,,,,,,,,,,,
2007058153,118.0,1,0,0,0,0,0,0,0,0,7,0,,67,3,2007,1,39.957,-75.1818,116.0,6,0,0,0,0,0,0,0,0,,0,0,0,1,3,0,2,,0,39 57:20.203,,0,75 10:50.673,0,0,0,0,67301,0,0,0,N,0,0,0,3,67301,0,,5,1,,N,N,,0,,0,0,0,3,2,,115,0,1,0,0,1,0,0,3,4,0,1,3,,N,,,,,,,,,,,
2007058075,1405.0,0,0,0,0,0,0,0,0,0,7,0,,67,4,2007,1,39.9075,-75.1497,1354.0,6,0,0,0,0,1,0,0,0,1.0,0,0,0,13,1,2,0,,2,39 54:28.847,2.0,0,75 08:58.438,4,0,0,0,67301,0,0,0,N,0,0,0,3,67301,2,,2,9,,N,N,,0,,0,0,1,0,0,Y,1354,2,2,0,0,0,0,0,3,4,0,2,7,,N,,,,,,,,,,,
2007046295,9999.0,2,0,0,0,0,0,0,0,0,8,0,,67,2,2007,6,39.9939,-75.1545,,6,0,0,0,1,0,0,0,0,,0,0,0,99,3,4,1,,0,39 59:38.000,,0,75 09:16.513,8,0,0,0,67301,1,0,0,N,1,0,0,4,67301,0,,1,1,,N,N,,0,,0,0,0,0,0,,9999,4,3,0,0,0,4,0,3,4,0,2,3,,N,,,,,,,,,,,
2007022118,444.0,0,0,0,0,0,0,0,0,0,7,0,,67,1,2007,2,,,443.0,6,0,0,0,0,0,0,0,0,1.0,0,0,0,4,3,1,0,,1,,1.0,0,,4,0,0,0,67301,0,0,0,N,0,0,0,1,67301,1,,2,7,,N,N,,0,,0,0,1,0,0,N,442,1,1,0,0,0,0,0,3,3,0,1,10,,N,,,,,,,,,,,
2007022172,2125.0,1,0,0,0,0,0,0,0,0,5,0,,67,1,2007,5,39.9629,-75.2023,2118.0,6,0,0,0,0,0,0,0,0,,0,0,0,21,3,0,1,,0,39 57:46.000,,0,75 12:08.238,9,0,0,0,67301,2,0,0,N,0,0,0,3,67301,0,,4,1,,N,N,,0,,0,0,0,3,2,,2114,0,2,0,0,0,0,1,3,4,0,2,3,,N,,,,,,,,,,,
2007048992,2212.0,2,0,0,0,0,0,0,0,0,4,0,,67,3,2007,3,40.0071,-75.1651,2210.0,6,0,0,1,0,1,0,0,0,,0,0,0,22,3,1,1,,0,40 00:25.488,,0,75 09:54.277,4,0,0,0,67301,0,0,0,N,0,0,0,8,67301,1,,1,1,,N,N,,0,,0,0,0,3,3,,2207,1,2,0,0,8,0,0,3,4,0,2,3,,N,,,,,,,,,,,
2007049016,510.0,1,0,0,0,0,0,0,0,0,7,0,,67,2,2007,1,39.9577,-75.2253,500.0,6,0,0,0,0,0,0,0,0,,0,0,0,5,1,0,2,,0,39 57:27.000,,0,75 13:31.248,9,0,0,0,67301,0,0,0,N,0,0,0,1,67301,0,,2,1,,N,N,,0,,0,0,0,3,3,,500,0,1,0,0,0,0,1,3,4,0,1,3,,N,,,,,,,,,,,
2007046815,2359.0,1,0,0,0,0,0,1,0,0,4,1,,67,3,2007,5,39.9819,-75.1654,2354.0,6,0,0,0,0,0,0,0,0,,0,0,0,23,3,4,0,,0,39 58:54.770,,0,75 09:55.331,4,0,0,0,67301,0,0,0,,0,0,0,12,67301,4,,6,9,,N,,,0,,0,0,0,0,0,,2352,4,2,0,0,0,0,0,3,4,0,2,3,,N,,,,,,,,,,,
2007080968,1120.0,2,0,0,0,0,0,0,0,0,4,0,,67,5,2007,4,40.081,-75.2027,1115.0,6,0,0,0,0,0,0,0,1,,0,0,0,11,1,2,1,,0,40 04:51.000,,0,75 12:09.698,8,0,0,0,67301,0,0,0,N,0,0,0,3,67301,0,,1,1,,N,N,,0,,0,0,0,3,2,,1110,2,2,0,0,0,2,0,3,4,0,2,3,,N,,,,,,,,,,,
2007080997,1448.0,0,0,0,0,0,0,0,0,0,8,0,,67,4,2007,6,39.9911,-75.1143,1445.0,6,0,0,0,0,0,0,0,0,2.0,0,0,0,14,1,1,1,,2,39 59:28.000,1.0,0,75 06:51.408,8,0,0,0,67301,1,0,0,,1,0,0,2,67301,0,,1,1,,,,,0,,0,0,0,0,0,N,1443,1,2,0,0,0,1,0,3,4,1,1,3,,N,,,,,,,,,,,
2007120253,2225.0,1,0,0,0,0,0,0,0,0,8,0,,67,9,2007,6,39.9914,-75.1211,2219.0,6,0,0,0,0,0,0,1,0,2.0,0,0,0,21,3,1,1,,2,39 59:29.022,3.0,0,75 07:15.913,2,0,0,0,67301,1,0,1,,1,0,1,2,67301,0,,1,1,,,N,,0,,0,1,0,0,0,Y,2153,1,2,0,0,0,0,0,3,4,0,1,3,,N,,,,,,,,,,,
2007081064,957.0,2,0,0,0,0,0,0,0,0,1,0,,67,6,2007,3,39.9595,-75.2169,956.0,6,0,0,0,0,0,0,0,0,,0,0,0,15,1,1,0,,0,39 57:34.093,,0,75 13:00.804,4,0,0,0,67301,0,0,0,N,0,0,0,3,67301,1,,9,9,,N,N,,0,,0,0,0,9,2,,1530,1,2,0,0,0,0,2,3,4,0,2,7,,N,,,,,,,,,,,
2007120161,840.0,2,0,0,0,0,0,0,0,0,4,0,,67,10,2007,4,39.9604,-75.1894,835.0,6,0,0,0,0,0,0,0,0,,0,0,0,7,1,2,1,,0,39 57:37.353,,0,75 11:22.005,8,0,0,0,67301,0,0,0,,0,0,0,4,67301,0,,1,1,,,,,0,,0,0,0,3,2,,755,2,2,0,0,0,2,0,3,4,0,2,3,,N,,,,,,,,,,,
2007081126,150.0,1,0,0,0,0,0,0,0,0,5,0,,67,6,2007,3,40.0378,-75.0266,148.0,6,0,0,0,0,0,0,0,0,,0,0,0,99,3,0,1,,0,40 02:16.000,,0,75 01:35.792,9,0,0,0,67301,0,0,0,N,0,0,0,2,67301,0,,1,1,,N,N,,0,,0,0,1,0,0,,9999,0,3,0,0,0,0,2,3,4,1,3,3,,N,,,,,,,,,,,
2007066357,915.0,2,0,0,0,0,0,0,0,0,4,0,,67,5,2007,5,40.0774,-75.1755,908.0,6,0,0,0,0,0,1,0,0,,0,0,0,99,1,3,1,,0,40 04:38.723,,0,75 10:31.829,4,0,0,0,67301,0,0,0,,0,0,0,3,67301,2,,1,1,,N,N,,0,,0,0,0,3,2,,9999,3,2,0,0,1,1,0,3,4,0,2,3,,N,,,,,,,,,,,
2007071399,111.0,2,0,0,0,0,0,0,0,0,1,0,,67,5,2007,6,39.909,-75.2419,9999.0,6,0,0,0,0,0,0,0,0,,0,0,0,99,3,2,5,,0,39 54:32.000,,0,75 14:30.820,3,0,0,0,67301,0,0,0,N,0,0,0,2,67301,0,,1,1,,N,N,,0,,2,0,0,9,2,,9999,2,2,0,0,0,0,0,3,4,0,2,3,,N,,,,,,,,,,,
2007066432,1304.0,2,0,0,0,0,0,0,0,0,4,0,,67,5,2007,1,39.9988,-75.1004,1300.0,6,0,0,0,0,0,0,0,0,,0,0,0,12,1,2,0,,0,39 59:55.680,,0,75 06:01.440,4,0,0,0,67301,0,0,0,N,0,0,0,3,67301,1,,1,1,,N,N,,0,,0,0,0,3,3,,1250,2,2,0,0,0,1,0,3,4,0,2,3,,N,,,,,,,,,,,
2007066810,1627.0,2,0,0,0,0,0,0,0,0,4,0,,67,5,2007,7,39.9433,-75.2109,1620.0,6,0,0,0,0,0,1,0,0,,0,0,0,14,1,0,1,,0,39 56:36.006,,0,75 12:39.070,0,0,0,0,67301,0,0,0,N,0,0,0,3,67301,0,,1,1,,N,N,,0,,0,0,0,2,2,,1425,0,2,0,0,0,0,0,3,4,0,2,3,,N,,,,,,,,,,,
2007066837,856.0,2,0,0,0,0,0,0,0,0,4,0,,67,5,2007,4,40.0477,-75.06,852.0,6,0,0,0,0,0,2,0,0,,0,0,0,8,1,1,1,,0,40 02:51.581,,0,75 03:35.828,8,0,0,0,67301,0,0,0,N,0,0,0,2,67301,0,,1,1,,N,N,,0,,0,0,0,3,2,,852,1,2,0,0,0,1,0,3,4,0,2,3,,N,,,,,,,,,,,
2007073932,848.0,2,0,0,0,0,0,0,0,0,4,0,,67,7,2007,6,40.1062,-75.0579,848.0,6,0,0,0,0,0,0,0,0,,0,0,0,8,1,0,2,,0,40 06:22.200,,0,75 03:28.300,0,0,0,0,67301,0,0,0,N,0,0,0,3,46105,0,,1,1,,N,N,,0,,0,0,0,3,3,,839,0,2,0,0,0,0,0,3,4,0,2,3,,N,,,,,,,,,,,
2007066850,9999.0,2,0,0,0,0,0,0,0,0,4,0,,67,5,2007,7,39.9249,-75.174,9999.0,6,0,0,1,1,0,0,0,0,,0,0,0,0,3,0,1,,0,39 55:28.000,,0,75 10:16.478,0,0,0,0,67301,0,0,0,N,0,0,0,2,67301,0,,1,1,,N,N,,0,,0,0,0,3,2,,50,0,2,0,0,0,0,0,3,4,0,2,3,,N,,,,,,,,,,,
2007056657,1450.0,2,0,0,0,0,0,0,0,0,1,0,,67,3,2007,7,39.9225,-75.1549,1450.0,6,0,0,0,0,0,1,0,0,,0,0,0,14,1,1,2,,0,39 55:20.000,,0,75 09:17.862,4,0,0,0,67301,0,0,0,N,0,0,0,2,67301,1,,1,1,,N,N,,0,,0,0,0,0,0,,1448,1,2,0,0,0,0,0,3,4,0,2,3,,N,,,,,,,,,,,
2007056766,705.0,1,0,0,0,0,0,0,0,0,8,0,,67,4,2007,6,39.9962,-75.0725,658.0,6,0,0,0,0,0,0,0,0,,0,0,0,6,1,1,2,,0,39 59:46.327,,0,75 04:20.960,4,0,0,0,67301,1,0,0,N,1,0,0,2,67301,1,,1,1,,N,N,,0,,0,0,0,3,3,,655,1,2,0,0,0,0,0,3,4,0,1,3,,N,,,,,,,,,,,
2007056767,1957.0,3,0,0,0,0,0,0,0,0,5,0,,67,4,2007,3,40.0685,-75.1483,1953.0,6,0,0,0,0,1,0,0,0,,0,0,0,19,3,5,1,,0,40 04:06.584,,0,75 08:53.798,4,0,0,0,67301,0,0,0,N,0,0,0,6,67301,5,,1,1,,N,N,,0,,0,0,0,0,0,,1950,5,3,0,0,0,0,0,3,4,0,3,3,,N,,,,,,,,,,,
2007056870,1850.0,0,0,0,0,0,0,0,0,0,8,0,,67,3,2007,4,39.9954,-75.1232,1845.0,6,0,0,0,0,0,0,0,0,,0,0,0,18,1,1,0,,0,39 59:43.501,,0,75 07:23.577,4,0,0,0,67301,1,0,0,,1,0,0,2,67301,1,,6,1,,,,,1,,0,0,0,0,0,,1845,1,2,0,0,0,0,1,3,4,0,1,3,,N,,,,,,,,,,,
2007057013,2350.0,1,0,0,0,0,0,0,0,0,8,0,,67,4,2007,1,40.0392,-75.11,2347.0,6,0,0,0,0,0,0,0,0,,0,0,0,23,3,1,1,,0,40 02:20.000,,0,75 06:36.006,4,0,0,0,67301,1,0,0,N,1,0,0,2,67301,1,,1,9,,N,N,,0,,0,0,0,3,2,,2337,1,2,0,0,1,0,0,3,4,0,1,7,,N,,,,,,,,,,,
2007047010,853.0,2,0,0,0,0,0,0,0,0,7,0,,67,3,2007,1,39.987,-75.1495,847.0,6,0,0,0,0,0,0,0,0,,0,0,0,8,1,1,0,,0,39 59:13.376,,0,75 08:58.342,8,0,0,0,67301,0,0,0,N,0,0,0,1,67301,0,,2,7,,N,N,,0,,0,0,0,0,0,,846,1,2,0,0,0,1,0,3,4,0,2,10,,N,,,,,,,,,,,
2007047011,1810.0,1,0,0,0,0,0,0,0,0,4,0,,67,2,2007,7,40.0809,-75.0288,1806.0,6,0,0,0,0,0,0,0,1,2.0,0,0,0,17,3,0,1,,1,40 04:51.000,3.0,0,75 01:43.129,0,0,0,0,67301,0,0,0,N,0,0,0,3,67301,0,,1,1,,N,N,,0,,0,0,1,3,2,N,1755,0,2,0,0,0,0,0,3,4,0,2,3,,N,,,,,,,,,,,
2007054756,535.0,1,0,0,0,0,0,0,0,0,1,0,,67,3,2007,6,39.907,-75.14,534.0,6,0,0,0,0,0,0,0,0,1.0,0,0,0,5,3,1,0,,1,39 54:25.349,3.0,3,75 08:24.175,8,0,0,0,67301,0,0,0,N,0,0,0,2,67501,0,,1,9,,N,N,,0,,0,0,0,0,0,N,534,1,2,0,0,0,1,0,3,4,1,2,7,,N,,,,,,,,,,,
2007099477,1630.0,2,0,0,0,0,0,1,0,0,4,1,,67,8,2007,5,39.9511,-75.1536,1624.0,6,0,0,1,0,0,0,0,0,2.0,0,0,0,16,1,3,1,,2,39 57:03.000,4.0,0,75 09:12.848,4,0,0,0,67301,0,0,0,,0,0,0,8,67301,3,,1,1,,,,,0,,0,0,0,3,2,Y,1610,3,3,0,0,0,0,1,3,4,0,3,3,,N,,,,,,,,,,,
2007099352,1502.0,1,0,0,0,0,0,0,0,0,8,0,,67,9,2007,3,39.9715,-75.2258,1500.0,6,0,0,0,0,0,0,0,0,,0,0,0,14,1,1,1,,0,39 58:17.000,,0,75 13:33.023,4,0,0,0,67301,1,0,0,,1,0,0,2,67301,1,,1,1,,,,,0,,0,0,0,2,2,,1425,1,2,0,0,0,0,0,3,4,0,1,3,,N,,,,,,,,,,,
2007091873,1656.0,0,0,0,0,0,0,0,0,0,5,0,,67,7,2007,3,39.9794,-75.2253,1655.0,6,0,0,0,0,0,0,0,0,1.0,0,0,0,16,1,0,1,,1,39 58:45.886,2.0,0,75 13:31.197,0,0,0,0,67301,0,0,0,N,0,0,0,1,67301,0,,1,1,,N,Y,,1,,0,0,0,3,2,N,1645,0,3,0,0,0,0,0,3,4,2,3,3,,N,,,,,,,,,,,
2007111516,45.0,0,0,0,0,0,0,0,0,0,7,0,,67,9,2007,7,40.1144,-74.987,37.0,6,0,0,0,0,0,0,0,0,,0,0,0,0,3,1,0,,0,40 06:51.000,,0,74 59:13.287,4,0,0,0,67301,0,0,0,,0,0,0,1,67301,1,,4,1,,N,N,,1,,0,0,0,0,0,,30,1,1,0,0,0,0,0,3,4,0,1,3,,N,,,,,,,,,,,
2007114303,2100.0,3,0,0,0,0,0,0,0,0,5,0,,67,10,2007,5,39.919,-75.2059,2058.0,6,0,0,1,0,0,0,0,0,3.0,1,0,0,20,3,2,0,,2,39 55:08.000,3.0,3,75 12:21.599,1,0,0,0,67301,0,0,0,,0,0,0,4,67301,0,1.0,1,1,,,,,0,0.0,0,2,0,0,0,Y,2055,2,3,0,0,0,0,0,3,4,0,3,3,,N,,,,,,,,,,,
2007091933,2056.0,2,0,0,0,0,0,0,0,0,4,0,,67,7,2007,4,39.9105,-75.2435,2053.0,6,0,1,0,0,0,0,0,0,,0,0,0,19,3,2,0,,0,39 54:37.746,,0,75 14:36.657,3,0,0,0,67301,0,0,0,N,0,0,0,3,67301,1,,1,9,,N,N,,0,,1,0,0,0,0,,1951,2,2,0,0,3,0,0,3,4,0,2,7,,N,,,,,,,,,,,
2007092165,2230.0,2,0,0,0,0,0,0,0,0,1,0,,67,9,2007,7,40.0009,-75.2273,2230.0,6,0,0,0,0,0,0,0,0,,0,0,0,22,3,0,0,,0,40 00:06.000,,0,75 13:30.323,0,0,0,0,67301,0,0,0,N,0,0,0,3,46104,0,,1,1,,N,N,,0,,0,0,0,0,0,,2228,0,2,0,0,0,0,0,3,4,0,2,3,,N,,,,,,,,,,,
2007092177,1938.0,0,0,0,0,0,0,0,0,0,4,0,,67,7,2007,1,40.0234,-75.1394,1934.0,6,0,0,0,0,0,1,0,0,,0,0,0,19,4,4,1,,0,40 01:24.369,,0,75 08:21.713,8,0,0,0,67301,0,0,0,Y,0,0,0,4,67301,0,,1,1,,N,N,,0,,0,0,0,3,2,,1930,4,2,0,0,0,4,0,3,4,2,2,3,,N,,,,,,,,,,,
2007092070,1315.0,2,0,0,0,0,0,0,0,0,4,0,,67,8,2007,6,40.0573,-75.1406,1300.0,6,0,1,0,0,0,0,0,0,1.0,0,0,0,13,1,3,1,,2,40 03:26.326,1.0,0,75 08:26.228,4,0,0,0,67301,0,0,0,N,0,0,0,3,67301,3,,1,1,,N,N,,1,,0,0,0,3,3,Y,1300,3,3,0,0,3,0,0,3,4,0,3,3,,N,,,,,,,,,,,
2007091897,1730.0,0,0,0,0,0,0,0,0,0,4,0,,67,7,2007,4,39.9478,-75.2274,1726.0,6,2,0,0,0,0,0,0,0,,0,0,0,20,3,2,1,,0,39 56:52.000,,0,75 13:38.688,4,0,0,1,67301,0,0,0,N,0,0,0,3,67301,2,,1,1,,N,N,,0,,0,0,0,9,2,,2035,2,2,0,0,0,0,1,3,4,0,2,3,,N,,,,,,,,,,,
2007084623,2123.0,2,0,0,0,0,0,0,0,0,4,0,,67,5,2007,1,40.0554,-75.1263,2119.0,6,0,0,1,0,0,0,0,0,,0,0,0,21,3,2,1,,0,40 03:19.502,,0,75 07:34.825,8,0,0,0,67301,0,0,0,N,0,0,0,4,67301,0,,1,1,,N,N,,0,,0,0,0,3,2,,2115,2,2,0,0,0,2,0,3,4,0,2,3,,N,,,,,,,,,,,