CRN,ARRIVAL_TM,AUTOMOBILE_COUNT,BELTED_DEATH_COUNT,BELTED_SUSP_SERIOUS_INJ_COUNT,BICYCLE_COUNT,BICYCLE_DEATH_COUNT,BICYCLE_SUSP_SERIOUS_INJ_COUNT,BUS_COUNT,CHLDPAS_DEATH_COUNT,CHLDPAS_SUSP_SERIOUS_INJ_COUNT,COLLISION_TYPE,COMM_VEH_COUNT,CONS_ZONE_SPD_LIM,COUNTY,CRASH_MONTH,CRASH_YEAR,DAY_OF_WEEK,DEC_LAT,DEC_LONG,DISPATCH_TM,DISTRICT,DRIVER_COUNT_16YR,DRIVER_COUNT_17YR,DRIVER_COUNT_18YR,DRIVER_COUNT_19YR,DRIVER_COUNT_20YR,DRIVER_COUNT_50_64YR,DRIVER_COUNT_65_74YR,DRIVER_COUNT_75PLUS,EST_HRS_CLOSED,FATAL_COUNT,HEAVY_TRUCK_COUNT,HORSE_BUGGY_COUNT,HOUR_OF_DAY,ILLUMINATION,INJURY_COUNT,INTERSECT_TYPE,INTERSECTION_RELATED,LANE_CLOSED,LATITUDE,LN_CLOSE_DIR,LOCATION_TYPE,LONGITUDE,MAX_SEVERITY_LEVEL,MCYCLE_DEATH_COUNT,MCYCLE_SUSP_SERIOUS_INJ_COUNT,MOTORCYCLE_COUNT,MUNICIPALITY,NONMOTR_COUNT,NONMOTR_DEATH_COUNT,NONMOTR_SUSP_SERIOUS_INJ_COUNT,NTFY_HIWY_MAINT,PED_COUNT,PED_DEATH_COUNT,PED_SUSP_SERIOUS_INJ_COUNT,PERSON_COUNT,POLICE_AGCY,POSSIBLE_INJ_COUNT,RDWY_SURF_TYPE_CD,RELATION_TO_ROAD,ROAD_CONDITION,ROADWAY_CLEARED,SCH_BUS_IND,SCH_ZONE_IND,SECONDARY_CRASH,SMALL_TRUCK_COUNT,SPEC_JURIS_CD,SUSP_MINOR_INJ_COUNT,SUSP_SERIOUS_INJ_COUNT,SUV_COUNT,TCD_FUNC_CD,TCD_TYPE,TFC_DETOUR_IND,TIME_OF_DAY,TOT_INJ_COUNT,TOTAL_UNITS,UNB_DEATH_COUNT,UNB_SUSP_SERIOUS_INJ_COUNT,UNBELTED_OCC_COUNT,UNK_INJ_DEG_COUNT,UNK_INJ_PER_COUNT,URBAN_AREA,URBAN_RURAL,VAN_COUNT,VEHICLE_COUNT,WEATHER1,WEATHER2,WORK_ZONE_IND,WORK_ZONE_LOC,WORK_ZONE_TYPE,WORKERS_PRES,WZ_CLOSE_DETOUR,WZ_FLAGGER,WZ_LAW_OFFCR_IND,WZ_LN_CLOSURE,WZ_MOVING,WZ_OTHER,WZ_SHLDER_MDN,WZ_WORKERS_INJ_KILLED
2007080006,1348.0,1,0,0,0,0,0,0,0,0,4,0,99.0,67,6,2007,4,39.9939,-75.1545,1345.0,6,0,0,0,0,0,0,0,0,,0,0,0,13,1,2,1,,0,39 59:38.000,,0,75 09:16.064,4,0,0,0,67301,0,0,0,N,0,0,0,3,67301,2,,1,1,,N,N,,0,,0,0,0,3,2,,1330,2,2,0,0,2,0,0,3,4,1,2,3,,Y,8.0,8.0,U,,,U,,,,,
2007080022,1945.0,2,0,0,0,0,0,0,0,0,1,0,,67,6,2007,2,39.918,-75.1435,1943.0,6,0,0,0,0,0,1,0,0,,0,0,0,19,1,2,0,,0,39 55:04.900,,0,75 08:36.679,3,0,0,1,67301,0,0,0,N,0,0,0,3,67301,1,,1,1,,N,N,,0,,1,0,0,0,0,,1941,2,3,0,0,0,0,0,3,4,0,3,3,,N,,,,,,,,,,,
2007080041,2101.0,2,0,0,0,0,0,0,0,0,4,0,,67,6,2007,1,39.9661,-75.2359,2056.0,6,0,0,0,0,0,0,0,0,,0,0,0,99,3,1,1,,0,39 57:57.913,,0,75 14:09.124,4,0,0,0,67301,0,0,0,N,0,0,0,2,67301,1,,1,1,,N,N,,0,,0,0,0,3,3,,9999,1,2,0,0,0,0,1,3,4,0,2,3,,N,,,,,,,,,,,
2007082519,2349.0,2,0,0,0,0,0,0,0,0,1,0,,67,6,2007,5,39.9596,-75.1763,2348.0,6,0,0,0,0,0,0,0,0,,0,0,0,23,3,0,6,,0,39 57:34.000,,2,75 10:34.749,0,0,0,1,67301,0,0,0,N,0,0,0,3,67301,0,,1,1,,N,N,,0,,0,0,0,9,3,,2347,0,3,0,0,0,0,0,3,4,0,3,3,,N,,,,,,,,,,,
2007057990,1350.0,0,0,0,0,0,0,0,0,0,1,0,,67,4,2007,6,40.0096,-75.0715,1343.0,6,0,0,0,0,0,0,0,0,,0,0,0,13,1,1,0,,0,40 00:34.000,,0,75 04:17.416,4,0,0,0,67301,0,0,0,,0,0,0,3,67301,1,,1,1,,N,N,,0,,0,0,0,0,0,,1325,1,2,0,0,0,0,0,3,4,2,2,3,,N,,,,,,,,,,,
2007058047,1840.0,1,0,0,0,0,0,0,0,0,4,0,,67,3,2007,1,39.9542,-75.1395,1830.0,6,0,0,0,0,0,0,0,0,,0,0,0,18,1,1,2,,0,39 57:15.088,,0,75 08:22.251,4,0,0,1,67301,0,0,0,N,0,0,0,2,67301,1,,1,1,,N,N,,0,,0,0,0,0,0,,1825,1,2,0,0,0,0,0,3,4,0,2,3,,N,,,,,,,,,,,
2007057784,2309.0,2,0,0,0,0,0,0,0,0,2,0,,67,4,2007,1,39.9183,-75.2189,2302.0,6,1,0,0,0,0,0,0,0,,0,0,0,22,3,0,0,,0,39 55:06.000,,0,75 13:08.061,0,0,0,0,67301,0,0,0,N,0,0,0,5,67301,0,,1,1,,N,N,,0,,0,0,0,0,0,,2255,0,2,0,0,0,0,0,3,4,0,2,3,,N,,,,,,,,,,,
2007028458,1832.0,2,0,0,0,0,0,0,0,0,2,0,,67,1,2007,1,40.0147,-75.1567,1828.0,6,0,0,0,1,0,0,0,0,,0,0,0,18,3,2,1,,0,40 00:52.752,,0,75 09:24.063,3,0,0,0,67301,0,0,0,N,0,0,0,3,67301,1,,1,1,,N,N,,0,,1,0,0,3,2,,1824,2,2,0,0,0,0,1,3,4,0,2,3,,N,,,,,,,,,,,
2007028007,1915.0,1,0,0,0,0,0,0,0,0,8,0,,67,1,2007,6,40.0016,-75.1528,1908.0,6,0,0,0,0,0,0,0,0,,0,0,0,19,3,1,1,,0,40 00:05.000,,0,75 09:10.074,8,0,0,0,67301,1,0,0,N,1,0,0,2,67301,0,,1,1,,N,N,,0,,0,0,0,3,2,,1900,1,2,0,0,0,1,0,3,4,0,1,3,,N,,,,,,,,,,,
2007022074,1555.0,1,0,0,0,0,0,0,0,0,2,0,,67,1,2007,3,39.9353,-75.1618,1555.0,6,0,0,0,0,0,0,1,0,,0,0,0,99,1,2,0,,0,39 56:07.087,,0,75 09:42.541,8,0,0,0,67301,0,0,0,N,0,0,0,3,67301,0,,1,1,,N,N,,0,,0,0,1,0,0,,9999,2,2,0,0,0,2,0,3,4,0,2,3,,N,,,,,,,,,,,
2007022099,1742.0,1,0,0,0,0,0,0,0,0,8,0,,67,1,2007,3,40.0908,-75.0557,1737.0,6,0,0,0,0,0,0,0,0,,0,0,0,17,3,1,0,,0,40 05:26.000,,7,75 03:20.332,4,0,0,0,67301,1,0,0,N,1,0,0,3,67301,1,,1,1,,N,Y,,0,,0,0,0,3,2,,1734,1,2,0,0,0,0,0,3,4,0,1,3,,N,,,,,,,,,,,
2007022140,1551.0,1,0,0,0,0,0,0,0,0,1,0,,67,1,2007,2,39.9877,-75.2162,1549.0,6,0,0,0,0,0,0,0,0,1.0,0,0,0,15,1,1,2,,1,39 59:15.000,2.0,0,75 12:58.441,8,0,0,0,67301,0,0,0,N,0,0,0,4,67301,0,,1,9,,N,N,,0,,0,0,1,3,2,N,1547,1,2,0,0,0,1,0,3,4,0,2,7,,N,,,,,,,,,,,
2007056522,345.0,1,0,0,0,0,0,0,0,0,8,0,,67,4,2007,7,40.029,-75.1462,340.0,6,0,0,0,0,0,0,0,0,,0,0,0,3,3,1,1,,0,40 01:44.500,,0,75 08:46.197,8,0,0,0,67301,1,0,0,N,1,0,0,2,67301,0,,9,1,,N,N,,0,,0,0,0,3,2,,330,1,2,0,0,0,1,1,3,4,0,1,3,,N,,,,,,,,,,,
2007048923,2229.0,3,0,0,0,0,0,0,0,0,4,0,,67,2,2007,1,40.0207,-75.0401,2217.0,6,0,0,0,0,0,0,0,0,1.0,0,0,0,22,3,3,0,,2,40 01:14.689,2.0,0,75 02:24.242,8,0,0,0,67301,0,0,0,Y,0,0,0,6,67301,0,,1,1,,N,N,,0,,0,0,0,0,0,N,2215,3,3,0,0,0,3,0,3,4,0,3,3,,N,,,,,,,,,,,
2007048942,2225.0,1,0,0,0,0,0,0,0,0,7,0,,67,3,2007,6,40.0234,-75.1341,0.0,6,0,0,0,0,0,0,0,0,3.0,0,0,0,99,1,1,0,,1,40 01:24.000,4.0,0,75 08:01.227,3,0,0,0,67301,0,0,0,N,0,0,0,1,67301,0,,5,6,,N,N,,0,,1,0,0,3,2,N,9999,1,1,0,0,0,0,0,3,4,0,1,9,,N,,,,,,,,,,,
2007049064,1630.0,2,0,0,0,0,0,0,0,0,4,0,,67,2,2007,5,40.0173,-75.1495,1626.0,6,0,0,0,0,0,0,0,0,,0,0,0,16,1,2,0,,0,40 01:02.000,,7,75 08:58.033,4,0,0,0,67301,0,0,0,,0,0,0,2,67301,1,,1,1,,N,N,,0,,0,0,0,0,0,,1626,2,2,0,0,0,1,0,3,4,0,2,3,,N,,,,,,,,,,,
2007046811,845.0,1,0,0,0,0,0,0,0,0,5,1,,67,2,2007,6,39.9633,-75.1885,843.0,6,0,0,0,0,0,1,0,0,,0,1,0,8,1,0,1,,0,39 57:47.703,,0,75 11:18.744,0,0,0,0,67301,0,0,0,N,0,0,0,2,67301,0,,1,9,,N,N,,0,,0,0,0,3,2,,840,0,2,0,0,0,0,0,3,4,0,2,3,,N,,,,,,,,,,,
2007041760,9999.0,1,0,0,0,0,0,0,0,0,7,0,,67,1,2007,1,40.0266,-75.1156,307.0,6,0,0,0,0,0,1,0,0,9.0,1,0,0,3,3,0,0,,2,40 01:35.000,1.0,0,75 06:55.990,1,0,0,0,67301,0,0,0,N,0,0,0,1,67301,0,2.0,3,1,,N,N,,0,0.0,0,0,0,0,0,N,307,0,1,0,0,0,0,0,3,4,0,1,7,,N,,,,,,,,,,,
2007117263,1602.0,2,0,0,0,0,0,0,0,0,5,0,,67,10,2007,1,40.0237,-75.1108,1557.0,6,0,0,0,0,0,0,0,0,4.0,0,0,0,15,1,3,0,,2,40 01:25.000,5.0,0,75 06:39.062,4,0,0,0,67301,0,0,0,N,0,0,0,3,67301,2,,1,1,,N,N,,0,,0,0,0,0,0,Y,1554,3,2,0,0,0,1,0,3,4,0,2,3,,N,,,,,,,,,,,
2007117284,1631.0,1,0,0,0,0,0,0,0,0,4,0,,67,9,2007,7,39.95,-75.2352,1626.0,6,0,0,0,0,0,1,0,0,,0,0,0,16,1,0,1,,0,39 56:59.870,,0,75 14:06.658,0,0,0,0,67301,0,0,0,N,0,0,0,2,67301,0,,1,1,,N,N,,0,,0,0,1,2,2,,1626,0,2,0,0,0,0,0,3,4,0,2,3,,N,,,,,,,,,,,
2007066625,2015.0,1,0,0,0,0,0,0,0,0,5,1,,67,5,2007,3,40.0057,-75.099,2009.0,6,0,0,0,0,0,0,1,0,2.0,0,1,0,20,3,1,1,,2,40 00:20.000,5.0,0,75 05:56.577,8,0,0,0,67301,0,0,0,N,0,0,0,3,67301,0,,1,1,,N,N,,0,,0,0,0,3,2,Y,2000,1,2,0,0,0,1,0,3,4,0,2,3,,N,,,,,,,,,,,
2007076500,637.0,1,0,0,0,0,0,0,0,0,5,1,,67,6,2007,3,40.0071,-75.1999,625.0,6,0,0,0,0,0,0,0,0,,0,1,0,6,1,0,0,,0,40 00:24.569,,0,75 11:57.171,0,0,0,0,67301,0,0,0,N,0,0,0,2,68K01,0,,7,1,,N,N,,0,,0,0,0,0,0,,624,0,2,0,0,0,0,0,3,4,0,2,3,,N,,,,,,,,,,,
2007056632,1937.0,1,0,0,0,0,0,0,0,0,8,0,,67,4,2007,5,40.0546,-75.01,1925.0,6,0,0,0,0,0,0,0,0,,0,0,0,15,1,1,3,,0,40 03:16.000,,0,75 00:36.525,4,0,0,0,67301,1,0,0,N,1,0,0,2,67301,1,,1,1,,N,N,,0,,0,0,0,0,0,,1520,1,2,0,0,1,0,0,3,4,0,1,3,,N,,,,,,,,,,,
2007056664,1211.0,1,0,0,0,0,0,0,0,0,8,0,,67,3,2007,6,39.9983,-75.1254,1153.0,6,0,0,0,0,0,1,0,0,,0,0,0,11,1,1,0,,0,39 59:53.770,,0,75 07:31.268,4,0,0,0,67301,1,0,0,N,1,0,0,2,67301,1,,1,1,,N,Y,,0,,0,0,0,0,0,,1149,1,2,0,0,0,0,0,3,4,0,1,3,,N,,,,,,,,,,,
2007056703,1204.0,1,0,0,0,0,0,0,0,0,8,0,,67,4,2007,4,39.9515,-75.1567,1204.0,6,0,0,0,0,0,0,1,0,,0,0,0,12,1,1,1,,0,39 57:05.000,,0,75 09:24.144,8,0,0,0,67301,1,0,0,N,1,0,0,2,67301,0,,1,9,,N,N,,0,,0,0,0,3,2,,1204,1,2,0,0,1,1,0,3,4,0,1,7,,N,,,,,,,,,,,
2007056726,1139.0,2,0,0,0,0,0,0,0,0,4,0,,67,4,2007,1,39.9721,-75.2469,1139.0,6,0,0,0,0,0,0,0,0,2.0,0,0,0,11,1,2,1,,2,39 58:19.000,7.0,0,75 14:48.761,4,0,0,0,67301,0,0,0,N,0,0,0,3,67301,2,,1,1,,N,N,,0,,0,0,0,3,2,Y,1139,2,2,0,0,1,0,0,3,4,0,2,3,,N,,,,,,,,,,,
2007056950,1635.0,1,0,0,0,0,0,0,0,0,8,0,,67,4,2007,6,40.0284,-75.1624,1635.0,6,0,0,0,0,0,0,0,0,,0,0,0,16,1,1,0,,0,40 01:42.192,,0,75 09:44.545,4,0,0,0,67301,1,0,0,N,1,0,0,3,67301,1,,1,1,,N,N,,0,,0,0,0,0,0,,1620,1,2,0,0,0,0,2,3,4,0,1,3,,N,,,,,,,,,,,
2007057001,840.0,1,0,0,0,0,0,0,0,0,8,0,,67,4,2007,5,40.0036,-75.0784,832.0,6,0,0,0,0,0,0,0,0,,0,0,0,8,1,1,0,,0,40 00:12.901,,0,75 04:42.071,8,0,0,0,67301,1,0,0,N,1,0,0,3,67301,0,,3,9,,N,N,,0,,0,0,0,0,0,,830,1,2,0,0,0,1,0,3,4,0,1,7,,N,,,,,,,,,,,
2007058105,1545.0,1,0,0,0,0,0,1,0,0,4,1,,67,4,2007,2,40.0105,-75.1608,1531.0,6,0,0,0,0,0,0,0,0,,0,0,0,99,8,2,1,,0,40 00:37.740,,0,75 09:38.779,8,0,0,0,67301,0,0,0,N,0,0,0,10,67301,0,,1,9,,Y,N,,0,,0,0,0,3,3,,9999,2,2,0,0,0,2,0,3,4,0,2,3,5.0,N,,,,,,,,,,,
2007099500,1045.0,1,0,0,0,0,0,0,0,0,4,0,,67,7,2007,2,39.9763,-75.1141,1037.0,6,0,0,0,0,0,1,1,0,2.0,0,0,0,10,1,1,0,,1,39 58:36.840,1.0,0,75 06:47.880,2,0,0,0,67301,0,0,0,N,0,0,0,2,67301,0,,1,1,,N,N,,0,,0,1,1,0,0,N,1037,1,2,0,0,0,0,0,3,4,0,2,3,,N,,,,,,,,,,,
2007114044,1223.0,0,0,0,0,0,0,0,0,0,8,1,,67,10,2007,3,39.963,-75.1584,1219.0,6,0,0,0,0,0,1,0,0,,1,1,0,12,1,0,1,,0,39 57:46.000,,0,75 09:30.342,1,0,0,0,67301,1,1,0,,1,1,0,4,67301,0,2.0,1,1,,N,N,,0,0.0,0,0,0,3,2,,1218,0,2,0,0,0,0,0,3,4,0,1,3,,N,,,,,,,,,,,
2007111796,2030.0,2,0,0,0,0,0,0,0,0,4,0,,67,9,2007,7,40.0915,-74.9656,2030.0,6,0,0,0,0,0,0,0,0,,0,0,0,20,3,2,1,,0,40 05:29.000,,0,74 57:56.517,4,0,0,0,67301,0,0,0,,0,0,0,5,67301,2,,1,1,,N,N,,0,,0,0,0,9,2,,2030,2,2,0,0,0,0,0,3,4,0,2,3,,N,,,,,,,,,,,
2007091908,1.0,2,0,0,0,0,0,0,0,0,5,0,,67,7,2007,7,40.0286,-75.1753,2356.0,6,0,0,0,0,0,0,0,0,,0,0,0,23,3,1,2,,0,40 01:42.787,,0,75 10:31.047,8,0,0,0,67301,0,0,0,N,0,0,0,1,67301,0,,1,1,,N,N,,0,,0,0,1,0,0,,2350,1,4,0,0,0,1,0,3,4,1,4,3,,N,,,,,,,,,,,
2007091982,1820.0,1,0,0,0,0,0,0,0,0,8,0,,67,7,2007,5,40.0464,-75.1581,1817.0,6,0,0,0,0,0,0,0,0,,0,0,0,18,1,1,0,,0,40 02:46.942,,0,75 09:29.232,8,0,0,0,67301,1,0,0,N,1,0,0,2,67301,0,,6,1,,N,N,,0,,0,0,0,0,0,,1800,1,2,0,0,0,1,0,3,4,0,1,3,,N,,,,,,,,,,,
2007092253,234.0,3,0,0,0,0,0,0,0,0,5,0,,67,6,2007,6,40.0724,-75.048,230.0,6,0,0,0,0,0,0,0,0,2.0,0,0,0,2,3,1,0,,2,40 04:20.640,1.0,0,75 02:52.800,4,0,0,0,67301,0,0,0,N,0,0,0,1,67301,1,,2,9,,N,N,,0,,0,0,0,0,0,Y,225,1,3,0,0,1,0,0,3,4,0,3,3,,N,,,,,,,,,,,
2007082470,1110.0,1,0,0,0,0,0,0,0,0,8,0,,67,2,2007,2,39.9447,-75.1582,1110.0,6,0,0,0,0,0,0,0,0,1.0,0,0,0,11,1,1,1,,2,39 56:40.905,3.0,0,75 09:29.527,3,0,0,0,67301,1,0,0,N,1,0,0,2,67301,0,,1,1,,N,N,,0,,1,0,0,3,2,Y,1109,1,2,0,0,0,0,0,3,4,0,1,3,,N,,,,,,,,,,,
2007082486,2145.0,5,0,0,0,0,0,0,0,0,1,0,,67,7,2007,4,40.0632,-75.0547,2130.0,6,0,0,0,0,0,0,0,0,,0,0,0,21,3,0,0,,0,40 03:47.000,,0,75 03:17.017,0,0,0,0,67301,0,0,0,,0,0,0,1,67301,0,,6,9,,N,N,,0,,0,0,0,0,0,,2130,0,5,0,0,0,0,0,3,4,0,5,7,,N,,,,,,,,,,,
2007082213,1744.0,2,0,0,0,0,0,0,0,0,6,0,,67,6,2007,5,39.9618,-75.1448,1741.0,6,0,0,0,0,0,0,0,0,1.0,0,0,0,17,1,1,2,,2,39 57:42.364,2.0,0,75 08:41.348,3,0,0,0,67301,0,0,0,N,0,0,0,3,67301,0,,1,1,,N,N,,0,,1,0,0,9,3,Y,1735,1,2,0,0,0,0,0,3,4,0,2,3,,N,,,,,,,,,,,
2007082226,1635.0,0,0,0,1,0,0,1,0,0,4,1,,67,4,2007,3,39.984,-75.175,1630.0,6,0,0,0,0,0,0,0,0,1.0,0,0,0,16,1,1,2,,2,39 59:02.576,3.0,0,75 10:29.891,3,0,0,0,67301,1,0,0,N,0,0,0,4,67301,0,,1,1,,N,N,,0,,1,0,0,2,2,N,1625,1,2,0,0,0,0,0,3,4,0,1,3,,N,,,,,,,,,,,
2007080068,2307.0,2,0,0,0,0,0,0,0,0,1,0,,67,6,2007,4,40.0303,-75.088,2300.0,6,0,1,0,0,0,0,0,0,2.0,0,0,0,22,3,2,0,,2,40 01:49.000,2.0,0,75 05:17.045,4,0,0,0,67301,0,0,0,,0,0,0,2,67301,2,,1,1,,,,,0,,0,0,0,3,2,Y,2258,2,2,0,0,0,0,0,3,4,0,2,3,,N,,,,,,,,,,,
2007082578,830.0,2,0,0,0,0,0,0,0,0,6,0,,67,6,2007,2,39.9349,-75.2353,825.0,6,0,0,0,0,0,0,0,0,,0,0,0,7,1,0,0,,0,39 56:05.000,,0,75 14:07.133,0,0,0,0,67301,0,0,0,N,0,0,0,3,67301,0,,1,9,,N,N,,0,,0,0,0,0,0,,730,0,3,0,0,0,0,0,3,4,1,3,7,,N,,,,,,,,,,,
2007080225,2223.0,0,0,0,1,0,0,0,0,0,1,0,,67,6,2007,4,39.9364,-75.1587,1022.0,6,0,0,0,0,0,0,0,0,,0,0,0,10,1,1,0,,0,39 56:11.140,,0,75 09:31.467,3,0,0,0,67301,1,0,0,N,0,0,0,2,67301,0,,3,1,,N,N,,1,,1,0,0,0,0,,1022,1,2,0,0,0,0,0,3,4,0,1,3,,N,,,,,,,,,,,
2007058049,2359.0,1,0,0,0,0,0,0,0,0,2,0,,67,4,2007,1,40.0227,-75.159,2358.0,6,0,0,0,0,0,0,1,0,,0,0,0,23,3,2,0,,0,40 01:21.000,,0,75 09:32.247,4,0,0,0,67301,0,0,0,N,0,0,0,2,67301,1,,1,1,,N,N,,0,,0,0,1,0,0,,2355,2,2,0,0,0,1,0,3,4,0,2,3,,N,,,,,,,,,,,
2007046315,356.0,0,0,0,0,0,0,0,0,0,7,0,,67,2,2007,5,40.0103,-75.0631,351.0,6,0,0,0,0,0,0,1,0,2.0,0,0,0,3,3,1,0,,2,40 00:36.000,1.0,0,75 03:48.799,8,0,0,0,67301,0,0,0,Y,0,0,0,1,67301,0,,2,1,,N,N,,0,,0,0,1,0,0,N,348,1,1,0,0,1,1,0,3,4,0,1,3,,N,,,,,,,,,,,
2007022139,1500.0,1,0,0,0,0,0,0,0,0,7,0,,67,1,2007,4,39.9443,-75.1621,1455.0,6,0,0,0,0,0,0,0,0,,0,0,0,14,1,1,0,,0,39 56:39.408,,0,75 09:43.405,4,0,0,0,67301,0,0,0,N,0,0,0,2,67301,1,,2,1,,N,N,,0,,0,0,0,0,0,,1450,1,1,0,0,2,0,0,3,4,0,1,3,,N,,,,,,,,,,,
2007022179,1350.0,0,0,0,0,0,0,0,0,0,6,0,,67,1,2007,6,40.0159,-75.0715,1346.0,6,0,0,0,0,0,0,0,0,,0,0,0,13,1,1,1,,0,40 00:57.000,,0,75 04:17.220,8,0,0,0,67301,0,0,0,N,0,0,0,3,67301,0,,1,1,,N,N,,1,,0,0,1,3,2,,1340,1,2,0,0,1,1,0,3,4,0,2,3,,N,,,,,,,,,,,
2007048859,1650.0,1,0,0,0,0,0,0,0,0,1,0,,67,3,2007,7,40.0417,-75.1587,1640.0,6,0,0,0,0,0,0,0,1,,0,0,0,15,1,1,3,,0,40 02:30.000,,0,75 09:31.175,8,0,0,0,67301,0,0,0,N,0,0,0,2,67301,0,,1,1,,N,N,,0,,0,0,1,3,2,,1550,1,2,0,0,0,1,0,3,4,0,2,3,,N,,,,,,,,,,,
2007048897,408.0,1,0,0,0,0,0,0,0,0,7,0,,67,2,2007,4,39.8835,-75.2445,408.0,6,0,0,0,0,0,0,0,0,2.0,0,0,0,4,3,1,0,,1,39 53:01.320,1.0,0,75 14:39.480,8,0,0,0,67301,0,0,0,N,0,0,0,1,67301,0,,4,2,,N,N,,0,,0,0,0,0,0,N,408,1,1,0,0,1,1,0,3,4,0,1,98,,N,,,,,,,,,,,
2007048930,1350.0,2,0,0,0,0,0,0,0,0,1,0,,67,2,2007,6,40.0314,-75.1548,1341.0,6,0,0,0,0,0,0,0,0,,0,0,0,13,1,1,1,,0,40 01:53.151,,0,75 09:17.114,8,0,0,0,67301,0,0,0,N,0,0,0,3,67301,0,,1,1,,N,N,,0,,0,0,0,0,0,,1305,1,2,0,0,1,1,0,3,4,0,2,3,,N,,,,,,,,,,,
2007117253,2226.0,1,0,0,0,0,0,0,0,0,1,0,,67,10,2007,7,40.0044,-75.128,2222.0,6,0,0,0,0,0,0,0,0,,0,0,0,22,8,4,0,,0,40 00:15.753,,0,75 07:40.843,8,0,0,0,67301,0,0,0,N,0,0,0,5,67301,0,,1,1,,N,N,,0,,0,0,1,0,0,,2215,4,2,0,0,0,4,0,3,4,0,2,3,,N,,,,,,,,,,,
2007117257,1023.0,1,0,0,0,0,0,0,0,0,3,0,,67,9,2007,6,40.0302,-75.1844,1020.0,6,0,0,0,0,0,0,0,0,,0,0,0,10,1,1,0,,0,40 01:48.885,,0,75 11:03.800,4,0,0,0,67301,0,0,0,,0,0,0,2,67301,1,,1,1,,,,,0,,0,0,0,0,0,,1019,1,2,0,0,0,0,0,3,4,0,2,3,,N,,,,,,,,,,,
2007117280,1510.0,1,0,0,0,0,0,0,0,0,8,0,,67,10,2007,3,40.0243,-75.0627,1510.0,6,0,0,0,0,0,0,0,0,,0,0,0,15,1,1,0,,0,40 01:27.550,,0,75 03:45.799,4,0,0,0,67301,1,0,0,,1,0,0,2,67301,1,,1,1,,,,,0,,0,0,0,0,0,,1505,1,2,0,0,1,0,0,3,4,0,1,3,,N,,,,,,,,,,,
2007117291,1653.0,2,0,0,0,0,0,0,0,0,1,0,,67,10,2007,3,40.0177,-75.1407,1649.0,6,0,0,0,0,0,1,0,0,,0,0,0,16,1,0,0,,0,40 01:03.550,,0,75 08:26.462,0,0,0,0,67301,0,0,0,N,0,0,0,3,67301,0,,1,1,,N,N,,0,,0,0,0,0,0,,1645,0,3,0,0,0,0,0,3,4,1,3,3,,N,,,,,,,,,,,
2007117295,812.0,1,0,0,1,0,0,0,0,0,5,0,,67,9,2007,3,39.9449,-75.2092,745.0,6,0,0,0,0,0,1,0,0,,0,0,0,7,1,1,0,,0,39 56:41.769,,0,75 12:32.947,8,0,0,0,67301,1,0,0,,0,0,0,3,67301,0,,6,1,,,,,0,,0,0,0,0,0,,730,1,2,0,0,0,1,0,3,4,0,1,3,,N,,,,,,,,,,,
2007120228,927.0,2,0,0,0,0,0,0,0,0,4,0,,67,10,2007,4,40.0306,-75.1181,925.0,6,0,0,0,0,0,0,0,0,9.0,0,0,0,9,1,1,0,,1,40 01:50.000,2.0,0,75 07:05.256,8,0,0,0,67301,0,0,0,,0,0,0,3,67301,0,,1,1,,,,,0,,0,0,0,3,2,N,910,1,2,0,0,0,1,1,3,4,0,2,3,,N,,,,,,,,,,,
2007066351,1900.0,1,0,0,1,0,0,0,0,0,8,0,,67,4,2007,3,39.9766,-75.1529,1856.0,6,0,0,0,0,0,0,0,0,,0,0,0,18,1,1,1,,0,39 58:35.738,,0,75 09:10.357,8,0,0,0,67301,1,0,0,N,0,0,0,2,67301,0,,1,1,,N,N,,0,,0,0,0,3,3,,1850,1,2,0,0,0,1,1,3,4,0,1,3,,N,,,,,,,,,,,
2007066380,2152.0,0,0,0,0,0,0,0,0,0,8,0,,67,5,2007,2,40.0368,-75.0407,2148.0,6,0,0,0,0,0,0,0,0,1.0,0,0,0,21,3,1,1,,2,40 02:12.000,4.0,0,75 02:26.659,8,0,0,0,67301,1,0,0,N,1,0,0,2,67301,0,,1,1,,N,N,,0,,0,0,1,3,2,N,2146,1,2,0,0,0,1,0,3,4,0,1,3,,N,,,,,,,,,,,
2007066481,1004.0,2,0,0,0,0,0,0,0,0,1,0,,67,5,2007,2,40.0519,-75.0271,1000.0,6,0,0,0,0,0,1,0,1,,0,0,0,9,1,1,2,,0,40 03:06.858,,0,75 01:37.732,4,0,0,0,67301,0,0,0,,0,0,0,2,67301,1,,1,1,,,,,0,,0,0,0,3,2,,930,1,2,0,0,0,0,0,3,4,0,2,3,,N,,,,,,,,,,,
2007066510,1730.0,1,0,0,0,0,0,0,0,0,4,0,,67,5,2007,6,40.0456,-75.141,1730.0,6,0,0,0,0,0,0,0,0,,0,0,0,17,1,1,2,,0,40 02:44.325,,0,75 08:27.682,4,0,0,0,67301,0,0,0,N,0,0,0,6,67301,1,,1,1,,N,N,,1,,0,0,0,3,3,,1725,1,2,0,0,0,0,0,3,4,0,2,3,,N,,,,,,,,,,,