CRN,ARRIVAL_TM,AUTOMOBILE_COUNT,BELTED_DEATH_COUNT,BELTED_SUSP_SERIOUS_INJ_COUNT,BICYCLE_COUNT,BICYCLE_DEATH_COUNT,BICYCLE_SUSP_SERIOUS_INJ_COUNT,BUS_COUNT,CHLDPAS_DEATH_COUNT,CHLDPAS_SUSP_SERIOUS_INJ_COUNT,COLLISION_TYPE,COMM_VEH_COUNT,CONS_ZONE_SPD_LIM,COUNTY,CRASH_MONTH,CRASH_YEAR,DAY_OF_WEEK,DEC_LAT,DEC_LONG,DISPATCH_TM,DISTRICT,DRIVER_COUNT_16YR,DRIVER_COUNT_17YR,DRIVER_COUNT_18YR,DRIVER_COUNT_19YR,DRIVER_COUNT_20YR,DRIVER_COUNT_50_64YR,DRIVER_COUNT_65_74YR,DRIVER_COUNT_75PLUS,EST_HRS_CLOSED,FATAL_COUNT,HEAVY_TRUCK_COUNT,HORSE_BUGGY_COUNT,HOUR_OF_DAY,ILLUMINATION,INJURY_COUNT,INTERSECT_TYPE,INTERSECTION_RELATED,LANE_CLOSED,LATITUDE,LN_CLOSE_DIR,LOCATION_TYPE,LONGITUDE,MAX_SEVERITY_LEVEL,MCYCLE_DEATH_COUNT,MCYCLE_SUSP_SERIOUS_INJ_COUNT,MOTORCYCLE_COUNT,MUNICIPALITY,NONMOTR_COUNT,NONMOTR_DEATH_COUNT,NONMOTR_SUSP_SERIOUS_INJ_COUNT,NTFY_HIWY_MAINT,PED_COUNT,PED_DEATH_COUNT,PED_SUSP_SERIOUS_INJ_COUNT,PERSON_COUNT,POLICE_AGCY,POSSIBLE_INJ_COUNT,RDWY_SURF_TYPE_CD,RELATION_TO_ROAD,ROAD_CONDITION,ROADWAY_CLEARED,SCH_BUS_IND,SCH_ZONE_IND,SECONDARY_CRASH,SMALL_TRUCK_COUNT,SPEC_JURIS_CD,SUSP_MINOR_INJ_COUNT,SUSP_SERIOUS_INJ_COUNT,SUV_COUNT,TCD_FUNC_CD,TCD_TYPE,TFC_DETOUR_IND,TIME_OF_DAY,TOT_INJ_COUNT,TOTAL_UNITS,UNB_DEATH_COUNT,UNB_SUSP_SERIOUS_INJ_COUNT,UNBELTED_OCC_COUNT,UNK_INJ_DEG_COUNT,UNK_INJ_PER_COUNT,URBAN_AREA,URBAN_RURAL,VAN_COUNT,VEHICLE_COUNT,WEATHER1,WEATHER2,WORK_ZONE_IND,WORK_ZONE_LOC,WORK_ZONE_TYPE,WORKERS_PRES,WZ_CLOSE_DETOUR,WZ_FLAGGER,WZ_LAW_OFFCR_IND,WZ_LN_CLOSURE,WZ_MOVING,WZ_OTHER,WZ_SHLDER_MDN,WZ_WORKERS_INJ_KILLED
2007066551,1620.0,3,0,0,0,0,0,0,0,0,1,0,,67,5,2007,1,40.0272,-75.0989,1558.0,6,0,0,0,0,0,1,0,0,,0,0,0,15,1,1,1,,0,40 01:38.000,,0,75 05:56.834,4,0,0,0,67301,0,0,0,N,0,0,0,3,67301,1,,1,1,,,,,0,,0,0,0,0,0,,1530,1,3,0,0,0,0,0,3,4,0,3,3,,N,,,,,,,,,,,
2007080180,1630.0,1,0,0,0,0,0,0,0,0,1,0,,67,6,2007,1,40.0675,-75.1793,1625.0,6,0,0,0,0,0,0,1,0,,0,0,0,16,1,1,1,,0,40 04:02.000,,0,75 10:45.487,8,0,0,0,67301,0,0,0,N,0,0,0,4,67301,0,,1,1,,N,N,,1,,0,0,0,3,2,,1620,1,3,0,0,0,1,0,3,4,1,3,3,,N,,,,,,,,,,,
2007126123,306.0,2,0,0,0,0,0,0,0,0,1,0,,67,11,2007,7,39.956,-75.2176,206.0,6,0,0,0,0,0,0,0,0,,0,0,0,2,3,2,1,,0,39 57:21.000,,0,75 13:03.370,8,0,0,0,67301,0,0,0,N,0,0,0,4,67301,0,,1,1,,N,N,,0,,0,0,0,9,2,,206,2,3,0,0,0,2,0,3,4,0,2,3,,N,,,,,,,,,,,
2007126127,2345.0,1,0,0,0,0,0,0,0,0,2,0,,67,10,2007,6,40.0586,-75.2341,2340.0,6,0,0,0,0,1,0,1,0,2.0,0,0,0,23,6,2,1,,1,40 03:32.000,2.0,0,75 14:03.835,8,0,0,0,67301,0,0,0,,0,0,0,2,67301,0,,1,9,,,,,0,,0,0,1,0,0,N,2340,2,2,0,0,0,2,0,3,4,0,2,7,,N,,,,,,,,,,,
2007066655,803.0,1,0,0,0,0,0,0,0,0,8,0,,67,5,2007,3,,,754.0,6,0,0,0,0,0,1,0,0,,0,0,0,99,1,1,1,,0,,,0,,4,0,0,0,67301,1,0,0,N,1,0,0,2,67301,1,,1,1,,N,N,,0,,0,0,0,3,2,,9999,1,2,0,0,0,0,0,3,3,0,1,3,,N,,,,,,,,,,,
2007066835,2030.0,1,0,0,0,0,0,0,0,0,4,0,,67,5,2007,5,40.0454,-75.1052,2025.0,6,0,0,0,0,0,0,0,0,2.0,0,0,0,19,3,1,1,,1,40 02:43.580,1.0,0,75 06:18.694,4,0,0,0,67301,0,0,0,N,0,0,0,2,67301,1,,1,1,,N,N,,0,,0,0,0,3,3,N,1940,1,2,0,0,1,0,0,3,4,1,2,3,,N,,,,,,,,,,,
2007076502,1320.0,1,0,0,0,0,0,0,0,0,4,0,,67,6,2007,3,40.0074,-75.2009,1320.0,6,0,0,0,0,0,0,0,0,,0,0,0,13,1,0,0,,0,40 00:27.000,,0,75 12:04.449,0,0,0,0,67301,0,0,0,N,0,0,0,3,68K01,0,,1,1,,N,N,,0,,0,0,1,0,0,,1320,0,2,0,0,0,0,0,3,4,0,2,3,,N,,,,,,,,,,,
2007056625,1850.0,2,0,0,0,0,0,0,0,0,1,0,,67,4,2007,4,40.0203,-75.1141,1849.0,6,0,0,0,0,0,0,0,0,,0,0,0,18,1,2,0,,0,40 01:13.000,,0,75 06:50.986,8,0,0,0,67301,0,0,0,N,0,0,0,4,67301,0,,1,1,,N,N,,0,,0,0,0,0,0,,1835,2,2,0,0,1,2,0,3,4,0,2,3,,N,,,,,,,,,,,
2007056629,1220.0,0,0,0,0,0,0,0,0,0,8,0,,67,4,2007,2,39.9261,-75.1828,1220.0,6,0,0,0,0,0,0,1,0,,0,0,0,12,1,1,1,,0,39 55:33.000,,0,75 10:57.484,4,0,0,0,67301,1,0,0,N,1,0,0,2,67301,1,,1,1,,N,N,,1,,0,0,0,3,2,,1220,1,2,0,0,1,0,0,3,4,0,1,3,,N,,,,,,,,,,,
2007056687,2027.0,0,0,0,0,0,0,0,0,0,7,0,,67,4,2007,1,40.0332,-75.0184,2019.0,6,0,0,0,0,0,0,0,0,,0,0,0,99,3,0,0,,0,40 01:59.000,,0,75 01:06.564,0,0,0,0,67301,0,0,0,N,0,0,0,2,67301,0,,5,1,,N,N,,1,,0,0,0,0,0,,9999,0,1,0,0,0,0,0,3,4,0,1,3,,N,,,,,,,,,,,
2007056724,1620.0,0,0,0,0,0,0,0,0,0,1,0,,67,3,2007,3,39.9842,-75.2457,1618.0,6,0,0,0,0,0,1,1,0,,0,0,0,16,1,3,1,,0,39 59:03.000,,0,75 14:44.497,4,0,0,0,67301,0,0,0,N,0,0,0,3,67301,3,,1,1,,N,N,,0,,0,0,1,3,2,,1615,3,2,0,0,0,0,0,3,4,1,2,3,,N,,,,,,,,,,,
2007056730,1755.0,1,0,0,0,0,0,0,0,0,8,0,,67,4,2007,3,40.0283,-75.1201,1753.0,6,0,1,0,0,0,0,0,0,1.0,0,0,0,17,1,1,1,,1,40 01:41.801,1.0,0,75 07:12.241,8,0,0,0,67301,1,0,0,,1,0,0,2,67301,0,,2,1,,N,Y,,0,,0,0,0,3,2,N,1750,1,2,0,0,0,1,0,3,4,0,1,3,,N,,,,,,,,,,,
2007056964,1700.0,2,0,0,0,0,0,0,0,0,1,0,,67,4,2007,3,40.0809,-75.0288,1655.0,6,0,0,0,0,0,0,0,0,,0,0,0,16,1,1,2,,0,40 04:51.000,,0,75 01:43.129,8,0,0,0,67301,0,0,0,N,0,0,0,4,67301,0,,1,1,,N,N,,0,,0,0,0,0,0,,1650,1,2,0,0,0,1,3,3,4,0,2,3,,N,,,,,,,,,,,
2007057044,18.0,1,0,0,1,0,0,0,0,0,1,0,,67,4,2007,4,39.9939,-75.1545,15.0,6,0,0,0,0,0,0,0,0,,0,0,0,0,3,1,1,,0,39 59:38.000,,0,75 09:16.513,8,0,0,0,67301,1,0,0,,0,0,0,2,67301,0,,2,1,,,,,0,,0,0,0,3,2,,4,1,2,0,0,0,1,0,3,4,0,1,3,,N,,,,,,,,,,,
2007057054,801.0,0,0,0,0,0,0,0,0,0,8,0,,67,4,2007,2,39.9139,-75.1501,800.0,6,0,0,0,0,0,0,0,0,,0,0,0,7,1,1,0,,0,39 54:49.928,,7,75 09:00.226,4,0,0,0,67301,1,0,0,N,1,0,0,2,67301,1,,1,1,,N,N,,1,,0,0,0,0,0,,757,1,2,0,0,0,0,1,3,4,0,1,3,,N,,,,,,,,,,,
2007046898,1614.0,1,0,0,0,0,0,0,0,0,4,0,,67,3,2007,3,39.9867,-75.2083,1613.0,6,0,0,0,0,0,0,0,0,,0,0,0,16,1,1,1,,0,39 59:11.000,,2,75 12:29.920,8,0,0,0,67301,0,0,0,N,0,0,0,2,67301,0,,1,1,,N,N,,0,,0,0,1,0,0,,1612,1,2,0,0,0,1,0,3,4,0,2,3,,N,,,,,,,,,,,
2007046906,1445.0,1,0,0,0,0,0,0,0,0,0,0,,67,2,2007,3,39.8903,-75.2203,1442.0,6,0,0,0,0,0,1,0,0,1.0,0,0,0,14,1,0,0,,1,39 53:23.640,2.0,0,75 13:10.920,0,0,0,0,67301,0,0,0,,0,0,0,2,67301,0,,1,1,,N,N,,0,,0,0,0,0,0,N,1442,0,1,0,0,0,0,0,3,4,0,1,3,,N,,,,,,,,,,,
2007056986,143.0,1,0,0,0,0,0,0,0,0,4,0,,67,4,2007,1,39.9925,-75.1796,140.0,6,0,0,0,0,1,0,0,0,,0,0,0,1,3,2,1,,0,39 59:32.000,,0,75 10:46.449,4,0,0,0,67301,0,0,0,N,0,0,0,4,67301,2,,1,9,,N,N,,0,,0,0,1,3,2,,130,2,2,0,0,0,0,0,3,4,0,2,7,,N,,,,,,,,,,,
2007047049,840.0,1,0,0,0,0,0,0,0,0,7,0,,67,3,2007,6,40.0548,-75.1988,837.0,6,0,0,0,0,0,2,0,0,,0,0,0,8,1,0,1,,0,40 03:17.000,,0,75 11:55.613,0,0,0,0,67301,0,0,0,,0,0,0,2,67301,0,,4,9,,N,N,,0,,0,0,1,9,2,,828,0,2,0,0,0,0,0,3,4,0,2,7,,N,,,,,,,,,,,
2007104813,1236.0,1,0,0,0,0,0,0,0,0,1,0,,67,9,2007,4,39.9822,-75.2648,1236.0,6,0,0,0,0,0,1,0,0,,0,0,0,12,1,1,0,,0,39 58:55.000,,0,75 15:53.362,4,0,0,0,67301,0,0,0,N,0,0,0,2,46104,1,,1,1,,N,N,,0,,0,0,0,0,0,,1236,1,2,0,0,0,0,1,3,4,0,2,3,,N,,,,,,,,,,,
2007104864,2337.0,1,0,0,0,0,0,0,0,0,7,0,,67,8,2007,2,39.8977,-75.2117,2333.0,6,0,0,0,0,1,0,0,0,,0,0,0,23,3,0,0,,0,39 53:51.747,,3,75 12:42.016,0,0,0,0,67301,0,0,0,N,0,0,0,1,67301,0,,2,9,,N,N,,0,,0,0,0,0,0,,2330,0,1,0,0,0,0,0,3,4,0,1,7,,N,,,,,,,,,,,
2007116671,2148.0,0,0,0,1,0,0,0,0,0,5,0,,67,7,2007,4,39.9489,-75.2148,2145.0,6,0,0,0,0,0,0,0,0,,0,0,0,20,1,1,0,,0,39 56:55.000,,0,75 12:53.165,4,0,0,0,67301,1,0,0,N,0,0,0,2,67301,1,,6,1,,N,N,,0,,0,0,0,0,0,,2055,1,2,0,0,0,0,0,3,4,1,1,3,,N,,,,,,,,,,,
2007111902,1538.0,2,0,0,0,0,0,0,0,0,5,0,,67,9,2007,1,40.0192,-75.0652,1535.0,6,0,0,0,0,0,1,0,0,,0,0,0,15,1,0,0,,0,40 01:08.983,,0,75 03:54.550,0,0,0,0,67301,0,0,0,,0,0,0,2,67301,0,,1,1,,,,,0,,0,0,1,0,0,,1535,0,3,0,0,0,0,0,3,4,0,3,3,,N,,,,,,,,,,,
2007099401,133.0,1,0,0,0,0,0,0,0,0,7,0,,67,8,2007,6,39.9607,-75.1416,133.0,6,0,0,0,0,0,0,0,0,2.0,0,0,0,1,3,0,2,,2,39 57:38.000,4.0,0,75 08:29.710,0,0,0,0,67301,0,0,0,N,0,0,0,6,67301,0,,5,9,,N,N,,0,,0,0,0,0,0,N,132,0,1,0,0,0,0,0,3,4,0,1,3,,N,,,,,,,,,,,
2007116617,22.0,2,0,0,0,0,0,0,0,0,4,0,,67,9,2007,5,39.953,-75.1988,20.0,6,0,0,0,0,0,0,0,0,,0,0,0,0,3,0,1,,0,39 57:13.000,,0,75 11:55.031,0,0,0,0,67301,0,0,0,N,0,0,0,3,67301,0,,1,1,,N,N,,0,,0,0,0,0,0,,20,0,2,0,0,0,0,0,3,4,0,2,3,,N,,,,,,,,,,,
2007091926,1550.0,0,0,0,0,0,0,0,0,0,0,0,,67,7,2007,5,40.0913,-74.9771,1535.0,6,0,0,0,0,0,0,0,0,,0,0,0,15,1,1,0,,0,40 05:28.000,,0,74 58:37.377,8,0,0,1,67301,0,0,0,N,0,0,0,1,67301,0,,1,1,,N,N,,0,,0,0,0,0,0,,1500,1,1,0,0,0,1,0,3,4,0,1,3,,N,,,,,,,,,,,
2007091931,45.0,2,0,0,0,0,0,0,0,0,6,0,,67,7,2007,7,40.0169,-75.1496,41.0,6,0,0,0,0,0,0,0,0,,0,0,0,0,3,1,1,,0,40 01:00.000,,0,75 08:58.459,4,0,0,0,67301,0,0,0,N,0,0,0,2,67301,1,,1,1,,N,N,,0,,0,0,1,3,2,,30,1,3,0,0,0,0,1,3,4,0,3,3,,N,,,,,,,,,,,
2007092024,1255.0,2,0,0,0,0,0,0,0,0,1,0,,67,7,2007,2,40.0297,-75.1267,1255.0,6,0,0,0,0,0,1,0,0,2.0,0,0,0,12,1,1,1,,1,40 01:46.783,1.0,0,75 07:36.091,8,0,0,0,67301,0,0,0,N,0,0,0,2,67301,0,,1,1,,N,N,,0,,0,0,0,9,2,N,1255,1,2,0,0,0,1,0,3,4,0,2,3,,N,,,,,,,,,,,
2007084718,711.0,2,0,0,0,0,0,0,0,0,4,0,,67,5,2007,3,40.0321,-75.2079,651.0,6,0,0,0,0,0,0,0,0,,0,0,0,6,1,1,2,,0,40 01:55.000,,0,75 12:28.389,4,0,0,0,67301,0,0,0,N,0,0,0,2,67301,1,,1,1,,N,N,,0,,0,0,0,0,0,,651,1,2,0,0,0,0,0,3,4,0,2,3,,N,,,,,,,,,,,
2007082410,9999.0,1,0,0,0,0,0,0,0,0,4,0,,67,5,2007,1,39.9968,-75.1769,808.0,6,0,0,0,1,0,0,0,0,,0,0,0,8,1,1,1,,0,39 59:48.000,,0,75 10:36.999,2,0,0,0,67301,0,0,0,,0,0,0,2,67301,0,,1,1,,,,,0,,0,1,0,3,2,,809,1,2,0,0,0,0,0,3,4,0,2,3,,N,,,,,,,,,,,
2007084596,626.0,3,0,0,0,0,0,0,0,0,4,0,,67,3,2007,4,40.0396,-75.0884,626.0,6,0,0,0,0,0,0,0,0,,0,0,0,6,1,0,0,,0,40 02:22.596,,7,75 05:18.345,0,0,0,0,67301,1,0,0,,0,0,0,2,67301,0,,6,1,,,,,0,,0,0,0,0,0,,626,0,3,0,0,0,0,0,3,4,0,3,3,,N,,,,,,,,,,,
2007082208,347.0,2,0,0,0,0,0,0,0,0,4,0,,67,5,2007,7,40.0233,-75.0768,345.0,6,0,0,0,0,0,1,0,0,,0,0,0,3,3,2,1,,0,40 01:23.000,,0,75 04:36.638,4,0,0,0,67301,0,0,0,N,0,0,0,3,67301,2,,1,1,,N,N,,0,,0,0,0,9,2,,343,2,2,0,0,0,0,0,3,4,0,2,3,,N,,,,,,,,,,,
2007082245,1310.0,2,0,0,0,0,0,0,0,0,2,0,,67,5,2007,1,40.052,-75.1291,1300.0,6,0,0,1,0,0,1,0,0,1.0,0,0,0,13,1,1,1,,1,40 03:07.185,4.0,0,75 07:44.835,4,0,0,0,67301,0,0,0,N,0,0,0,2,67301,1,,1,1,,N,N,,0,,0,0,0,3,3,N,1300,1,2,0,0,0,0,0,3,4,0,2,3,,N,,,,,,,,,,,
2007080200,10.0,0,0,0,1,0,0,0,0,0,4,0,,67,5,2007,1,39.992,-75.14,2.0,6,0,0,0,0,0,0,0,0,,0,0,0,23,3,1,0,,0,39 59:31.000,,0,75 08:24.042,3,0,0,0,67301,1,0,0,N,0,0,0,2,67301,0,,1,1,,N,N,,0,,1,0,1,3,2,,2340,1,2,0,0,1,0,0,3,4,0,1,3,,N,,,,,,,,,,,
2007081889,1859.0,2,0,0,0,0,0,0,0,0,1,0,,67,7,2007,1,39.9492,-75.1844,1857.0,6,0,0,0,1,0,0,0,0,,0,0,0,18,1,4,6,,0,39 56:57.000,,2,75 11:03.884,8,0,0,0,67301,0,0,0,N,0,0,0,10,68K01,0,,1,1,,N,N,,1,,0,0,0,0,0,,1855,4,3,0,0,0,4,0,3,4,0,3,3,,N,,,,,,,,,,,
2007057967,9999.0,1,0,0,0,0,0,0,0,0,4,0,,67,4,2007,7,39.98,-75.1759,,6,0,0,1,0,0,0,0,0,1.0,0,0,0,12,1,0,2,,1,39 58:48.151,1.0,0,75 10:33.128,0,0,0,0,67301,0,0,0,N,0,0,0,2,67301,0,,1,1,,N,N,,0,,0,0,1,3,3,N,1244,0,2,0,0,0,0,0,3,4,0,2,3,,N,,,,,,,,,,,
2007058008,1925.0,1,0,0,0,0,0,0,0,0,8,0,,67,4,2007,1,39.9826,-75.1069,1915.0,6,0,0,0,0,0,1,0,0,,0,0,0,99,1,1,1,,0,39 58:57.511,,0,75 06:24.980,4,0,0,0,67301,1,0,0,,1,0,0,2,67301,1,,1,1,,N,N,,0,,0,0,0,0,0,,9999,1,2,0,0,0,0,1,3,4,0,1,3,,N,,,,,,,,,,,
2007022072,1704.0,2,0,0,0,0,0,0,0,0,1,0,,67,1,2007,7,39.939,-75.1579,1702.0,6,0,0,0,0,0,0,0,0,,0,0,0,17,1,1,0,,0,39 56:20.295,,0,75 09:28.429,8,0,0,0,67301,0,0,0,N,0,0,0,2,67301,0,,1,1,,N,N,,0,,0,0,0,0,0,,1702,1,2,0,0,0,1,0,3,4,0,2,3,,N,,,,,,,,,,,
2007022182,830.0,2,0,0,0,0,0,0,0,0,2,0,,67,1,2007,2,40.1317,-75.0122,827.0,6,0,0,1,0,0,0,1,0,,0,0,0,8,1,1,1,,0,40 07:54.000,,0,75 00:44.359,8,0,0,0,67301,0,0,0,N,0,0,0,3,67301,0,,1,9,,N,N,,0,,0,0,0,3,2,,806,1,2,0,0,0,1,0,3,4,0,2,7,,N,,,,,,,,,,,
2007048921,20.0,2,0,0,0,0,0,0,0,0,4,0,,67,2,2007,3,40.069,-75.0161,16.0,6,0,0,0,0,0,1,0,0,,0,0,0,0,3,1,2,,0,40 04:08.425,,0,75 00:57.956,4,0,0,0,67301,0,0,0,N,0,0,0,2,67301,1,,1,9,,N,N,,0,,0,0,0,3,3,,10,1,2,0,0,0,0,0,3,4,0,2,3,,N,,,,,,,,,,,
2007048954,1650.0,1,0,0,0,0,0,0,0,0,7,0,,67,2,2007,7,39.8827,-75.245,1634.0,6,0,0,0,0,0,0,0,0,1.0,0,0,0,16,4,0,3,,1,39 52:45.000,1.0,0,75 14:55.261,0,0,0,0,67301,0,0,0,N,0,0,0,4,67301,0,,2,1,,N,N,,1,,0,0,0,0,0,N,1630,0,2,0,0,0,0,0,3,4,0,2,99,,N,,,,,,,,,,,
2007048984,1335.0,2,0,0,0,0,0,0,0,0,4,0,,67,3,2007,2,40.0553,-75.0733,1333.0,6,0,0,0,0,0,0,0,1,,0,0,0,13,1,0,1,,0,40 03:19.000,,0,75 04:24.059,0,0,0,0,67301,0,0,0,N,0,0,0,2,67301,0,,1,1,,N,N,,0,,0,0,0,3,2,,1330,0,2,0,0,0,0,0,3,4,0,2,3,,N,,,,,,,,,,,
2007048996,1650.0,1,0,0,0,0,0,0,0,0,8,0,,67,2,2007,7,40.0226,-75.1625,1645.0,6,0,0,0,0,0,0,0,0,,0,0,0,16,1,1,1,,0,40 01:21.000,,0,75 09:45.366,3,0,0,0,67301,1,0,0,N,1,0,0,2,67301,0,,1,1,,N,N,,0,,1,0,0,0,0,,1640,1,2,0,0,1,0,0,3,4,0,1,3,,N,,,,,,,,,,,
2007117247,1837.0,2,0,0,0,0,0,0,0,0,1,0,,67,9,2007,1,40.0346,-75.0718,1837.0,6,0,0,0,0,0,0,0,0,2.0,0,0,0,18,1,4,0,,1,40 02:04.000,1.0,6,75 04:18.669,8,0,0,0,67301,0,0,0,,0,0,0,4,67301,0,,1,1,,,,,0,,0,0,0,3,2,Y,1837,4,2,0,0,0,4,0,3,4,0,2,3,,N,,,,,,,,,,,
2007080865,1640.0,2,0,0,0,0,0,0,0,0,5,0,,67,6,2007,6,39.9234,-75.1526,1635.0,6,0,0,0,0,0,0,2,0,,0,0,0,16,1,1,1,,0,39 55:24.272,,0,75 09:09.287,8,0,0,0,67301,0,0,0,,0,0,0,2,67301,0,,1,1,,,Y,,0,,0,0,0,9,3,,1622,1,2,0,0,0,1,0,3,4,0,2,3,,N,,,,,,,,,,,
2007081037,1650.0,1,0,0,0,0,0,0,0,0,7,0,,67,6,2007,4,40.0673,-75.0088,1645.0,6,0,0,0,0,0,0,0,0,,0,0,0,16,1,1,1,,0,40 04:02.000,,0,75 00:31.885,3,0,0,0,67301,0,0,0,N,0,0,0,1,67301,0,,5,1,,N,N,,0,,1,0,0,0,0,,1635,1,1,0,0,0,0,0,3,4,0,1,3,,N,,,,,,,,,,,
2007080907,18.0,2,0,0,0,0,0,0,0,0,4,0,,67,4,2007,1,39.9939,-75.1545,17.0,6,0,0,0,0,0,0,0,0,,0,0,0,0,3,5,1,,0,39 59:38.000,,0,75 09:16.064,4,0,0,0,67301,0,0,0,N,0,0,0,5,67301,5,,1,1,,N,N,,0,,0,0,0,3,2,,16,5,2,0,0,0,0,0,3,4,0,2,3,,N,,,,,,,,,,,
2007069199,524.0,1,0,0,0,0,0,0,0,0,7,0,,67,5,2007,3,39.9997,-75.1953,524.0,6,0,0,0,0,0,0,0,0,,0,0,0,5,1,1,0,,0,39 59:59.558,,0,75 11:42.944,3,0,0,0,67301,0,0,0,N,0,0,0,3,68K01,0,,3,1,,N,N,,0,,1,0,0,0,0,,522,1,1,0,0,0,0,0,3,4,0,1,3,,N,,,,,,,,,,,
2007061795,200.0,0,0,0,0,0,0,0,0,0,7,0,,67,5,2007,1,,,154.0,6,0,0,1,0,0,0,0,0,1.0,0,0,0,1,3,0,0,,1,,4.0,0,,0,0,0,0,67301,0,0,0,N,0,0,0,2,68K01,0,,2,9,,N,N,,0,,0,0,1,0,0,N,151,0,1,0,0,0,0,0,3,3,0,1,7,,N,,,,,,,,,,,
2007056671,1125.0,0,0,0,1,0,0,0,0,0,9,0,,67,3,2007,5,39.9473,-75.1788,1118.0,6,0,0,0,0,0,1,0,0,,0,0,0,10,1,1,0,,0,39 56:50.175,,0,75 10:43.680,4,0,0,0,67301,1,0,0,N,0,0,0,2,67301,1,,1,1,,N,N,,1,,0,0,0,0,0,,1030,1,2,0,0,0,0,0,3,4,0,1,3,,N,,,,,,,,,,,
2007056869,1045.0,4,0,0,0,0,0,0,0,0,4,0,,67,4,2007,3,40.029,-75.0892,1037.0,6,0,0,0,0,0,0,0,0,,0,0,0,10,1,2,1,,0,40 01:45.000,,0,75 05:23.879,3,0,0,0,67301,0,0,0,N,0,0,0,5,67301,0,,1,1,,N,N,,0,,1,0,0,3,2,,1030,2,4,0,0,0,1,0,3,4,0,4,3,,N,,,,,,,,,,,
2007046877,1040.0,0,0,0,0,0,0,0,0,0,1,0,,67,2,2007,2,40.0047,-75.1521,1034.0,6,0,0,0,0,0,1,0,0,9.0,0,0,0,10,1,1,0,,1,40 00:16.895,1.0,0,75 09:07.641,8,0,0,0,67301,0,0,0,N,0,0,0,1,67301,0,,6,6,,N,N,,0,,0,0,2,0,0,N,1033,1,2,0,0,0,1,0,3,4,0,2,10,,N,,,,,,,,,,,
2007046892,1033.0,2,0,0,0,0,0,0,0,0,1,0,,67,3,2007,4,39.9391,-75.1933,1028.0,6,0,0,0,0,0,1,0,0,,0,0,0,10,1,1,0,,0,39 56:20.630,,0,75 11:35.779,4,0,0,0,67301,0,0,0,N,0,0,0,4,67301,1,,1,7,,N,N,,0,,0,0,1,0,0,,1025,1,4,0,0,4,0,0,3,4,1,4,10,,N,,,,,,,,,,,
2007047025,230.0,1,0,0,0,0,0,0,0,0,7,0,,67,2,2007,1,39.9571,-75.1444,226.0,6,0,0,0,0,0,0,0,0,1.0,0,0,0,2,3,2,2,,2,39 57:26.000,4.0,99,75 08:48.293,3,0,0,0,67301,0,0,0,N,0,0,0,2,67301,0,,2,1,,N,N,,0,,2,0,0,0,0,N,226,2,1,0,0,2,0,0,3,4,0,1,3,,N,,,,,,,,,,,
2007102426,226.0,5,0,0,0,0,0,0,0,0,2,0,,67,7,2007,1,40.0396,-75.0458,222.0,6,0,0,0,0,1,0,0,0,1.0,0,0,0,2,3,3,0,,2,40 02:22.449,5.0,0,75 02:45.055,3,0,0,0,67301,0,0,0,N,0,0,0,3,67301,0,,1,1,,N,N,,0,,1,0,0,0,0,Y,222,3,5,0,0,0,2,0,3,4,0,5,3,,N,,,,,,,,,,,
2007099330,1137.0,3,0,0,0,0,0,0,0,0,2,0,,67,7,2007,7,40.0403,-75.0789,1135.0,6,0,0,0,0,0,0,0,0,1.0,0,0,0,11,1,0,1,,2,40 02:25.167,6.0,0,75 04:44.065,9,0,0,0,67301,0,0,0,N,0,0,0,2,67301,0,,1,1,,N,N,,0,,0,0,0,3,2,Y,1134,0,3,0,0,0,0,2,3,4,0,3,3,,N,,,,,,,,,,,
2007099397,1636.0,1,0,0,0,0,0,0,0,0,4,0,,67,7,2007,7,39.9265,-75.186,1635.0,6,0,0,0,0,0,0,1,0,1.0,0,0,0,16,1,0,1,,1,39 55:35.296,3.0,0,75 11:09.463,0,0,0,0,67301,0,0,0,N,0,0,0,2,67301,0,,1,1,,N,N,,0,,0,0,1,3,2,N,1630,0,2,0,0,0,0,0,3,4,0,2,3,,N,,,,,,,,,,,
2007111519,828.0,2,0,0,0,0,0,0,0,0,4,0,,67,9,2007,5,39.9732,-75.1591,827.0,6,0,0,0,1,0,0,0,0,,0,0,0,8,1,0,1,,0,39 58:23.000,,0,75 09:32.853,0,0,0,0,67301,0,0,0,,0,0,0,3,67301,0,,1,1,,,,,0,,0,0,0,9,2,,827,0,2,0,0,0,0,0,3,4,0,2,3,,N,,,,,,,,,,,
2007091945,1625.0,1,0,0,0,0,0,0,0,0,5,0,,67,7,2007,7,40.0689,-75.0402,1620.0,6,0,0,0,0,0,1,0,0,,0,0,0,16,1,3,2,,0,40 04:07.000,,0,75 02:24.845,8,0,0,0,67301,0,0,0,N,0,0,0,4,67301,0,,1,1,,N,N,,0,,0,0,1,0,0,,1600,3,2,0,0,0,3,0,3,4,0,2,3,,N,,,,,,,,,,,
2007109128,43.0,0,0,0,0,0,0,0,0,0,5,0,,67,8,2007,6,40.0993,-74.9867,33.0,6,0,0,0,0,0,0,0,0,,0,0,0,0,3,1,0,,0,40 05:57.000,,0,74 59:12.045,3,0,0,2,67301,0,0,0,N,0,0,0,2,67301,0,,1,1,,N,N,,0,,1,0,0,0,0,,33,1,2,0,0,0,0,0,3,4,0,2,3,,N,,,,,,,,,,,