CRN,ARRIVAL_TM,AUTOMOBILE_COUNT,BELTED_DEATH_COUNT,BELTED_SUSP_SERIOUS_INJ_COUNT,BICYCLE_COUNT,BICYCLE_DEATH_COUNT,BICYCLE_SUSP_SERIOUS_INJ_COUNT,BUS_COUNT,CHLDPAS_DEATH_COUNT,CHLDPAS_SUSP_SERIOUS_INJ_COUNT,COLLISION_TYPE,COMM_VEH_COUNT,CONS_ZONE_SPD_LIM,COUNTY,CRASH_MONTH,CRASH_YEAR,DAY_OF_WEEK,DEC_LAT,DEC_LONG,DISPATCH_TM,DISTRICT,DRIVER_COUNT_16YR,DRIVER_COUNT_17YR,DRIVER_COUNT_18YR,DRIVER_COUNT_19YR,DRIVER_COUNT_20YR,DRIVER_COUNT_50_64YR,DRIVER_COUNT_65_74YR,DRIVER_COUNT_75PLUS,EST_HRS_CLOSED,FATAL_COUNT,HEAVY_TRUCK_COUNT,HORSE_BUGGY_COUNT,HOUR_OF_DAY,ILLUMINATION,INJURY_COUNT,INTERSECT_TYPE,INTERSECTION_RELATED,LANE_CLOSED,LATITUDE,LN_CLOSE_DIR,LOCATION_TYPE,LONGITUDE,MAX_SEVERITY_LEVEL,MCYCLE_DEATH_COUNT,MCYCLE_SUSP_SERIOUS_INJ_COUNT,MOTORCYCLE_COUNT,MUNICIPALITY,NONMOTR_COUNT,NONMOTR_DEATH_COUNT,NONMOTR_SUSP_SERIOUS_INJ_COUNT,NTFY_HIWY_MAINT,PED_COUNT,PED_DEATH_COUNT,PED_SUSP_SERIOUS_INJ_COUNT,PERSON_COUNT,POLICE_AGCY,POSSIBLE_INJ_COUNT,RDWY_SURF_TYPE_CD,RELATION_TO_ROAD,ROAD_CONDITION,ROADWAY_CLEARED,SCH_BUS_IND,SCH_ZONE_IND,SECONDARY_CRASH,SMALL_TRUCK_COUNT,SPEC_JURIS_CD,SUSP_MINOR_INJ_COUNT,SUSP_SERIOUS_INJ_COUNT,SUV_COUNT,TCD_FUNC_CD,TCD_TYPE,TFC_DETOUR_IND,TIME_OF_DAY,TOT_INJ_COUNT,TOTAL_UNITS,UNB_DEATH_COUNT,UNB_SUSP_SERIOUS_INJ_COUNT,UNBELTED_OCC_COUNT,UNK_INJ_DEG_COUNT,UNK_INJ_PER_COUNT,URBAN_AREA,URBAN_RURAL,VAN_COUNT,VEHICLE_COUNT,WEATHER1,WEATHER2,WORK_ZONE_IND,WORK_ZONE_LOC,WORK_ZONE_TYPE,WORKERS_PRES,WZ_CLOSE_DETOUR,WZ_FLAGGER,WZ_LAW_OFFCR_IND,WZ_LN_CLOSURE,WZ_MOVING,WZ_OTHER,WZ_SHLDER_MDN,WZ_WORKERS_INJ_KILLED
2007092005,2220.0,1,0,0,0,0,0,0,0,0,5,0,,67,7,2007,6,40.0081,-75.0725,2215.0,6,0,0,0,0,0,1,0,0,,0,0,0,22,3,5,1,,0,40 00:29.000,,0,75 04:20.881,3,0,0,0,67301,0,0,0,,0,0,0,15,67301,0,,1,1,,,,,0,,5,0,0,3,1,,2215,5,2,0,0,0,0,5,3,4,1,2,3,,N,,,,,,,,,,,
2007109213,1048.0,0,0,0,0,0,0,0,0,0,5,1,,67,10,2007,3,40.0083,-75.2114,1044.0,6,0,0,0,0,0,0,0,0,,0,1,0,8,1,0,0,,0,40 00:30.000,,0,75 12:41.061,0,0,0,0,67301,0,0,0,N,0,0,0,2,46104,0,,1,1,,N,N,,1,,0,0,0,3,2,,840,0,2,0,0,0,0,0,3,4,0,2,3,,N,,,,,,,,,,,
2007092071,155.0,1,0,0,0,0,0,0,0,0,8,0,,67,7,2007,1,39.9623,-75.1613,150.0,6,0,0,0,0,0,0,0,0,1.0,0,0,0,1,3,1,1,,1,39 57:44.000,2.0,0,75 09:40.847,2,0,0,0,67301,1,0,1,,1,0,1,2,67301,0,,1,1,,,,,0,,0,1,0,3,2,N,150,1,2,0,0,0,0,0,3,4,0,1,3,,N,,,,,,,,,,,
2007084641,1518.0,2,0,0,0,0,0,0,0,0,4,0,,67,4,2007,4,40.0072,-75.1745,1517.0,6,0,0,0,0,0,0,0,0,9.0,0,0,0,15,1,2,2,,2,40 00:25.000,6.0,0,75 10:28.144,3,0,0,0,67301,0,0,0,N,0,0,0,2,67301,0,,1,1,,N,N,,0,,2,0,0,3,2,Y,1517,2,2,0,0,0,0,0,3,4,0,2,3,,N,,,,,,,,,,,
2007080019,2110.0,1,0,0,0,0,0,0,0,0,4,0,,67,6,2007,1,39.9467,-75.1417,2106.0,6,0,0,0,0,0,0,0,0,,0,0,0,99,3,1,0,,0,39 56:37.556,,7,75 08:32.078,3,0,0,1,67301,0,0,0,N,0,0,0,3,67301,0,,1,1,,N,N,,0,,1,0,0,0,0,,9999,1,2,0,0,0,0,0,3,4,0,2,3,,N,,,,,,,,,,,
2007082247,2150.0,0,0,0,0,0,0,0,0,0,8,0,,67,5,2007,4,40.033,-75.0864,2038.0,6,0,0,0,0,0,0,0,0,,0,0,0,20,3,1,0,,0,40 01:58.634,,0,75 05:11.032,8,0,0,0,67301,1,0,0,N,1,0,0,2,67301,0,,1,1,,N,N,,1,,0,0,0,0,0,,2038,1,2,0,0,0,1,1,3,4,0,1,3,,N,,,,,,,,,,,
2007082498,2144.0,1,0,0,0,0,0,1,0,0,1,1,,67,6,2007,6,40.0047,-75.1769,2143.0,6,0,0,0,0,0,0,0,0,,0,0,0,99,3,4,1,,0,40 00:16.000,,0,75 10:36.864,8,0,0,0,67301,0,0,0,,0,0,0,5,67301,0,,1,1,,,,,0,,0,0,0,3,2,,9999,4,2,0,0,0,4,0,3,4,0,2,3,,N,,,,,,,,,,,
2007057975,1414.0,1,0,0,0,0,0,0,0,0,3,0,,67,3,2007,5,40.0415,-75.1584,1414.0,6,0,0,0,1,0,0,0,0,,0,0,0,13,1,1,0,,0,40 02:29.487,,0,75 09:30.269,4,0,0,0,67301,0,0,0,N,0,0,0,3,67301,1,,1,1,,N,N,,1,,0,0,0,0,0,,1355,1,2,0,0,0,0,0,3,4,0,2,3,,N,,,,,,,,,,,
2007058013,1626.0,1,0,0,0,0,0,0,0,0,8,0,,67,4,2007,7,40.0631,-75.1583,1622.0,6,0,0,0,0,0,0,0,0,,0,0,0,16,1,1,1,,0,40 03:47.037,,0,75 09:29.793,8,0,0,0,67301,1,0,0,N,1,0,0,2,67301,0,,1,1,,N,,,0,,0,0,0,0,0,,1620,1,2,0,0,0,1,0,3,4,0,1,3,,N,,,,,,,,,,,
2007057778,653.0,3,0,0,0,0,0,0,0,0,1,0,,67,3,2007,1,40.0287,-75.0393,648.0,6,0,0,0,0,0,0,0,0,,0,0,0,3,3,0,0,,0,40 01:43.000,,0,75 02:21.788,9,0,0,0,67301,0,0,0,N,0,0,0,1,67301,0,,6,1,,N,N,,0,,0,0,1,3,3,,330,0,4,0,0,0,0,1,3,4,0,4,3,,N,,,,,,,,,,,
2007058322,1452.0,3,0,0,0,0,0,0,0,0,2,0,,67,4,2007,5,39.9186,-75.2469,1452.0,6,0,0,0,0,0,1,0,0,,0,0,0,99,1,3,0,,0,39 55:07.036,,0,75 14:48.833,8,0,0,0,67301,0,0,0,N,0,0,0,4,67301,0,,1,1,,N,N,,0,,0,0,0,0,0,,9999,3,3,0,0,0,3,0,3,4,0,3,3,,N,,,,,,,,,,,
2007046261,201.0,2,0,0,0,0,0,0,0,0,4,0,,67,3,2007,3,39.9412,-75.1476,159.0,6,0,0,0,0,0,0,0,0,,0,0,0,1,3,1,0,,0,39 56:28.255,,0,75 08:51.439,8,0,0,0,67301,0,0,0,N,0,0,0,1,67301,0,,1,1,,N,N,,0,,0,0,0,0,0,,154,1,2,0,0,0,1,0,3,4,0,2,3,,N,,,,,,,,,,,
2007027995,1320.0,2,0,0,0,0,0,0,0,0,4,0,,67,1,2007,1,40.0165,-75.0559,1309.0,6,0,0,0,0,0,0,0,0,,0,0,0,13,1,1,1,,0,40 00:59.313,,0,75 03:21.221,8,0,0,0,67301,0,0,0,N,0,0,0,2,67301,0,,1,9,,N,N,,0,,0,0,0,3,3,,1308,1,2,0,0,0,1,0,3,4,0,2,7,,N,,,,,,,,,,,
2007077624,1418.0,1,0,0,0,0,0,0,0,0,1,0,,67,6,2007,1,39.9381,-75.198,1404.0,6,0,0,0,0,0,0,0,0,1.0,0,0,0,14,1,2,0,,1,39 56:22.000,3.0,0,75 11:47.283,3,0,0,0,67301,0,0,0,N,0,0,0,9,68K01,1,,1,1,,N,N,,0,,1,0,2,0,0,N,1403,2,3,0,0,2,0,0,3,4,0,3,3,,N,,,,,,,,,,,
2007068520,714.0,0,0,0,0,0,0,2,0,0,5,2,,67,5,2007,3,40.0093,-75.205,709.0,6,0,0,0,0,0,0,0,0,,0,0,0,7,1,1,3,,0,40 00:33.000,,2,75 12:18.287,8,0,0,0,67301,0,0,0,N,0,0,0,37,68K01,0,,2,1,,Y,N,,0,,0,0,0,0,0,,707,1,2,0,0,0,1,0,3,4,0,2,3,,N,,,,,,,,,,,
2007056551,1131.0,2,0,0,0,0,0,0,0,0,4,0,,67,4,2007,3,40.0938,-74.9577,1131.0,6,0,0,0,0,0,1,1,0,,0,0,0,11,1,2,0,,0,40 05:37.511,,7,74 57:27.792,4,0,0,0,67301,0,0,0,N,0,0,0,3,67301,2,,5,1,,N,N,,0,,0,0,0,0,0,,1125,2,2,0,0,0,0,0,3,4,0,2,3,,N,,,,,,,,,,,
2007048940,1544.0,2,0,0,0,0,0,0,0,0,4,0,,67,3,2007,7,39.9554,-75.1711,1544.0,6,0,0,0,0,0,1,0,0,3.0,0,0,0,15,1,5,1,,2,39 57:19.443,4.0,0,75 10:16.111,4,0,0,0,67301,0,0,0,N,0,0,0,8,67301,5,,1,1,,N,N,,0,,0,0,0,3,2,Y,1513,5,2,0,0,1,0,0,3,4,0,2,3,,N,,,,,,,,,,,
2007048993,1852.0,2,0,0,0,0,0,0,0,0,4,0,,67,3,2007,4,39.9985,-75.1535,1850.0,6,0,0,0,0,0,0,0,1,2.0,0,0,0,18,4,3,2,,2,39 59:54.000,6.0,0,75 09:12.498,4,0,0,0,67301,0,0,0,Y,0,0,0,4,67301,3,,1,1,,N,N,,0,,0,0,0,3,2,Y,1845,3,2,0,0,4,0,0,3,4,0,2,3,,N,,,,,,,,,,,
2007117244,1500.0,3,0,0,0,0,0,0,0,0,5,0,,67,9,2007,7,39.9405,-75.1559,1449.0,6,0,0,0,0,0,0,0,0,,0,0,0,99,1,0,0,,0,39 56:25.753,,0,75 09:21.245,9,0,0,0,67301,0,0,0,,0,0,0,1,67301,0,,1,1,,,,,1,,0,0,0,0,0,,9999,0,4,0,0,0,0,1,3,4,0,4,3,,N,,,,,,,,,,,
2007117275,1440.0,1,0,0,0,0,0,0,0,0,1,0,,67,10,2007,4,40.005,-75.1786,1430.0,6,0,0,0,0,0,0,0,0,,0,0,0,14,1,1,5,,0,40 00:18.000,,0,75 10:42.917,4,0,0,0,67301,0,0,0,N,0,0,0,4,67301,1,,1,1,,N,N,,0,,0,0,0,3,2,,1400,1,2,0,0,0,0,1,3,4,1,2,3,,N,,,,,,,,,,,
2007117296,2230.0,2,0,0,0,0,0,0,0,0,5,0,,67,10,2007,6,39.9584,-75.2415,2218.0,6,0,0,0,0,0,0,0,1,,0,0,0,22,3,1,0,,0,39 57:30.409,,0,75 14:29.292,8,0,0,0,67301,1,0,0,N,1,0,0,2,67301,0,,6,1,,N,N,,0,,0,0,0,0,0,,2215,1,3,0,0,0,1,0,3,4,0,2,3,,N,,,,,,,,,,,
2007080842,2045.0,0,0,0,0,0,0,0,0,0,8,1,,67,5,2007,2,40.0493,-74.9955,2035.0,6,0,0,0,0,0,1,0,0,3.0,1,1,0,20,3,0,0,,1,40 02:57.000,1.0,0,74 59:42.821,1,0,0,0,67301,1,1,0,N,1,1,0,2,67301,0,1.0,1,1,,N,N,,0,0.0,0,0,0,0,0,N,2032,0,2,0,0,0,0,0,3,4,0,1,3,,N,,,,,,,,,,,
2007080884,1615.0,2,0,0,0,0,0,0,0,0,4,0,,67,6,2007,2,40.0209,-75.1401,1610.0,6,0,0,0,0,0,0,0,0,1.0,0,0,0,16,1,1,1,,1,40 01:15.000,1.0,0,75 08:23.308,4,0,0,0,67301,0,0,0,,0,0,0,2,67301,1,,1,9,,,,,0,,0,0,0,1,2,N,1608,1,2,0,0,0,0,0,3,4,0,2,7,,N,,,,,,,,,,,
2007080969,2205.0,1,0,0,0,0,0,0,0,0,4,0,,67,6,2007,1,39.9229,-75.1834,2005.0,6,0,0,0,0,0,1,0,0,,0,0,0,20,1,3,1,,0,39 55:22.617,,0,75 11:00.322,4,0,0,0,67301,0,0,0,N,0,0,0,4,67301,1,,1,1,,N,N,,0,,0,0,1,3,2,,2003,3,2,0,0,1,2,0,3,4,0,2,3,,N,,,,,,,,,,,
2007080979,855.0,1,0,0,0,0,0,0,0,0,8,0,,67,5,2007,3,40.0548,-75.1527,845.0,6,0,0,0,0,0,0,0,0,,0,0,0,8,1,1,1,,0,40 03:17.359,,0,75 09:09.802,4,0,0,0,67301,1,0,0,N,1,0,0,2,67301,1,,1,1,,N,Y,,0,,0,0,0,0,0,,830,1,2,0,0,0,0,0,3,4,0,1,3,,N,,,,,,,,,,,
2007081010,831.0,2,0,0,0,0,0,0,0,0,1,0,,67,5,2007,4,39.9229,-75.1838,830.0,6,0,0,0,0,1,0,0,0,,0,0,0,8,1,3,0,,0,39 55:23.000,,0,75 10:55.140,8,0,0,0,67301,0,0,0,N,0,0,0,4,67301,0,,1,1,,N,N,,0,,0,0,1,0,0,,825,3,3,0,0,0,3,0,3,4,0,3,3,,N,,,,,,,,,,,
2007120221,1953.0,2,0,0,0,0,0,0,0,0,1,0,,67,10,2007,2,40.1052,-75.0328,1950.0,6,0,0,0,0,1,0,0,0,,0,0,0,19,3,1,1,,0,40 06:18.000,,0,75 01:58.245,4,0,0,0,67301,0,0,0,,0,0,0,3,67301,1,,1,1,,N,,,0,,0,0,0,3,2,,1948,1,2,0,0,0,0,0,3,4,0,2,3,,N,,,,,,,,,,,
2007071366,1425.0,1,0,0,0,0,0,0,0,0,2,0,,67,5,2007,3,40.0682,-75.1805,1421.0,6,0,0,0,0,0,1,1,0,,0,0,0,13,1,1,2,,0,40 04:05.000,,0,75 10:49.929,4,0,0,0,67301,0,0,0,N,0,0,0,3,67301,1,,1,1,,N,N,,0,,0,0,0,0,0,,1355,1,2,0,0,0,0,0,3,4,1,2,3,,N,,,,,,,,,,,
2007066398,1126.0,1,0,0,0,0,0,0,0,0,1,0,,67,5,2007,3,40.0626,-75.043,1122.0,6,0,0,0,1,0,0,0,0,2.0,0,0,0,11,1,1,1,,2,40 03:45.000,2.0,0,75 02:35.024,4,0,0,0,67301,1,0,0,N,1,0,0,4,67301,1,,2,1,,N,N,,0,,0,0,0,0,0,Y,1114,1,3,0,0,0,0,0,3,4,1,2,3,,N,,,,,,,,,,,
2007066451,805.0,2,0,0,0,0,0,0,0,0,1,0,,67,5,2007,2,40.0238,-75.1336,759.0,6,0,0,0,0,0,0,0,0,,0,0,0,7,1,5,0,,0,40 01:28.000,,0,75 07:50.416,4,0,0,0,67301,0,0,0,N,0,0,0,5,67301,5,,1,1,,N,N,,0,,0,0,0,0,0,,759,5,2,0,0,0,0,0,3,4,0,2,3,,N,,,,,,,,,,,
2007066649,40.0,2,0,0,0,0,0,0,0,0,4,0,,67,4,2007,4,39.9623,-75.2306,48.0,6,0,0,1,0,0,0,0,0,,0,0,0,0,3,1,2,,0,39 57:44.294,,0,75 13:49.983,8,0,0,0,67301,0,0,0,N,0,0,0,3,67301,0,,1,1,,N,N,,0,,0,0,0,3,3,,35,1,2,0,0,0,1,0,3,4,0,2,3,,N,,,,,,,,,,,
2007066682,1107.0,2,0,0,0,0,0,0,0,0,1,0,,67,5,2007,6,39.9165,-75.158,1053.0,6,0,0,0,0,0,1,1,0,,0,0,0,10,1,1,2,,0,39 54:59.306,,0,75 09:28.681,4,0,0,0,67301,0,0,0,N,0,0,0,3,67301,1,,1,1,,N,N,,0,,0,0,0,9,3,,1051,1,2,0,0,0,0,0,3,4,0,2,3,,N,,,,,,,,,,,
2007066683,1255.0,2,0,0,0,0,0,0,0,0,6,0,,67,5,2007,7,39.9869,-75.1358,1250.0,6,0,0,0,0,0,0,1,0,,0,0,0,12,1,1,1,,0,39 59:12.710,,0,75 08:09.023,4,0,0,0,67301,0,0,0,N,0,0,0,3,67301,1,,1,1,,N,N,,0,,0,0,0,3,2,,1230,1,2,0,0,0,0,0,3,4,0,2,3,,N,,,,,,,,,,,
2007066814,916.0,1,0,0,0,0,0,0,0,0,1,0,,67,4,2007,5,39.9055,-75.1944,914.0,6,0,0,0,0,0,2,0,0,,0,0,0,9,1,2,0,,0,39 54:19.000,,3,75 11:39.632,4,0,0,0,67301,0,0,0,,0,0,0,2,67301,1,,1,1,,,,,0,,0,0,1,0,0,,913,2,2,0,0,0,1,0,3,4,0,2,3,,N,,,,,,,,,,,
2007066868,1410.0,0,0,0,0,0,0,0,0,0,7,0,,67,5,2007,3,40.0079,-75.1915,1406.0,6,0,0,0,0,0,0,0,0,,0,0,0,14,1,0,3,,0,40 00:28.000,,0,75 11:29.533,0,0,0,0,67301,0,0,0,N,0,0,0,1,67301,0,,4,1,,N,N,,1,,0,0,0,0,0,,1400,0,1,0,0,0,0,0,3,4,0,1,3,,N,,,,,,,,,,,
2007056746,235.0,3,0,0,0,0,0,0,0,0,4,0,,67,4,2007,2,39.9988,-75.1003,233.0,6,0,0,0,0,0,0,0,0,2.0,0,0,0,99,3,0,0,,2,39 59:55.000,7.0,0,75 06:01.040,0,0,0,0,67301,0,0,0,N,0,0,0,1,67301,0,,2,1,,N,N,,0,,0,0,1,0,0,Y,9999,0,4,0,0,0,0,0,3,4,0,4,3,,N,,,,,,,,,,,
2007056844,2123.0,1,0,0,0,0,0,0,0,0,8,0,,67,3,2007,5,40.0723,-75.1992,2120.0,6,0,0,0,0,0,1,0,0,,0,0,0,21,3,1,1,,0,40 04:20.103,,0,75 11:57.256,8,0,0,0,67301,1,0,0,N,1,0,0,2,67301,0,,1,9,,N,N,,0,,0,0,0,3,3,,2115,1,2,0,0,0,1,0,3,4,0,1,7,,N,,,,,,,,,,,
2007057041,829.0,2,0,0,0,0,0,0,0,0,4,0,,67,4,2007,6,40.0713,-75.0383,827.0,6,0,0,0,0,0,1,1,0,1.0,0,0,0,8,1,6,1,,1,40 04:16.000,2.0,0,75 02:17.826,3,0,0,0,67301,0,0,0,N,0,0,0,6,67301,4,,1,1,,N,N,,0,,2,0,0,3,2,Y,820,6,2,0,0,0,0,0,3,4,0,2,3,,N,,,,,,,,,,,
2007046912,932.0,0,0,0,0,0,0,0,0,0,8,0,,67,3,2007,6,39.9752,-75.195,930.0,6,0,0,0,0,0,0,0,0,,0,0,0,99,1,1,1,,0,39 58:30.360,,0,75 11:42.000,4,0,0,0,67301,1,0,0,N,1,0,0,2,67301,1,,1,1,,N,N,,0,,0,0,1,3,2,,9999,1,2,0,0,0,0,0,3,4,0,1,3,,N,,,,,,,,,,,
2007046998,937.0,2,0,0,0,0,0,0,0,0,4,0,,67,2,2007,5,40.0532,-75.1221,937.0,6,0,0,0,0,0,0,0,1,,0,0,0,9,1,1,5,,0,40 03:11.434,,0,75 07:19.656,8,0,0,0,67301,0,0,0,N,0,0,0,3,67301,0,,1,6,,N,N,,0,,0,0,1,3,2,,902,1,3,0,0,0,1,0,3,4,0,3,98,,N,,,,,,,,,,,
2007047039,829.0,3,0,0,0,0,0,0,0,0,4,0,,67,3,2007,6,39.9401,-75.1849,827.0,6,0,0,0,0,0,0,0,0,,0,0,0,8,1,2,2,,0,39 56:24.381,,0,75 11:05.801,8,0,0,0,67301,0,0,0,N,0,0,0,5,67301,0,,1,9,,N,N,,1,,0,0,1,3,2,,800,2,5,0,0,0,2,0,3,4,0,5,7,,N,,,,,,,,,,,
2007102303,1015.0,0,0,0,0,0,0,0,0,0,8,0,,67,6,2007,2,40.0062,-75.1518,1012.0,6,0,0,0,0,0,0,0,0,,0,0,0,10,1,1,1,,0,40 00:22.000,,0,75 09:06.487,4,0,0,0,67301,1,0,0,N,1,0,0,2,67301,1,,2,1,,N,N,,0,,0,0,0,3,2,,1010,1,2,0,0,0,0,1,3,4,0,1,3,,N,,,,,,,,,,,
2007099479,523.0,1,0,0,0,0,0,0,0,0,8,0,,67,8,2007,6,40.0121,-75.07,521.0,6,0,0,0,0,0,0,0,0,,0,0,0,5,1,1,0,,0,40 00:43.000,,0,75 04:12.094,4,0,0,0,67301,1,0,0,,1,0,0,4,67301,1,,1,1,,N,N,,0,,0,0,0,0,0,,520,1,2,0,0,0,0,0,3,4,0,1,3,,N,,,,,,,,,,,
2007099484,2217.0,2,0,0,0,0,0,0,0,0,4,0,,67,8,2007,3,40.1026,-75.0289,2217.0,6,0,0,0,1,0,0,0,0,1.0,0,0,0,22,3,1,1,,1,40 06:09.000,6.0,0,75 01:43.911,4,0,0,0,67301,0,0,0,,0,0,0,3,67301,1,,1,1,,,,,0,,0,0,0,3,2,N,2210,1,2,0,0,0,0,0,3,4,0,2,3,,N,,,,,,,,,,,
2007102430,1842.0,1,0,0,0,0,0,0,0,0,4,0,,67,8,2007,4,40.0427,-75.1219,1839.0,6,0,0,0,0,1,1,0,0,1.0,0,0,0,18,1,1,2,,1,40 02:33.730,1.0,0,75 07:18.764,8,0,0,1,67301,0,0,0,N,0,0,0,2,67301,0,,1,1,,N,N,,0,,0,0,0,3,3,Y,1830,1,2,0,0,1,1,0,3,4,0,2,3,,N,,,,,,,,,,,
2007099360,1420.0,2,0,0,0,0,0,0,0,0,4,0,,67,8,2007,6,39.8827,-75.245,1357.0,6,0,0,0,0,0,1,0,0,1.0,0,0,0,13,1,2,3,,1,39 52:45.000,1.0,0,75 14:55.261,4,0,0,0,67301,0,0,0,N,0,0,0,2,67301,2,,1,1,,N,N,,0,,0,0,0,0,0,N,1345,2,2,0,0,1,0,0,3,4,0,2,3,,N,,,,,,,,,,,
2007116672,1800.0,0,0,0,1,0,0,0,0,0,5,0,,67,10,2007,2,39.9503,-75.1994,1741.0,6,0,0,0,0,0,0,0,0,,0,0,0,17,1,1,0,,0,39 57:01.075,,0,75 11:57.863,3,0,0,0,67301,1,0,0,,0,0,0,2,67301,0,,1,1,,N,N,,1,,1,0,0,0,0,,1741,1,2,0,0,0,0,1,3,4,0,1,3,,N,,,,,,,,,,,
2007099368,1637.0,1,0,0,0,0,0,0,0,0,1,0,,67,8,2007,5,39.9816,-75.1021,1632.0,6,0,1,0,0,0,0,0,0,,0,0,0,16,1,1,0,,0,39 58:56.000,,0,75 06:02.878,8,0,0,0,67301,0,0,0,N,0,0,0,3,67301,0,,1,1,,N,N,,1,,0,0,0,0,0,,1632,1,2,0,0,0,1,0,3,4,0,2,3,,N,,,,,,,,,,,
2007091942,912.0,0,0,0,0,0,0,0,0,0,8,0,,67,6,2007,3,39.9573,-75.2154,910.0,6,0,0,0,0,0,0,0,0,,0,0,0,9,1,1,0,,0,39 57:26.157,,0,75 12:55.320,2,0,0,0,67301,1,0,1,N,1,0,1,3,67301,0,,1,1,,N,N,,1,,0,1,0,9,2,,910,1,2,0,0,0,0,0,3,4,0,1,3,,N,,,,,,,,,,,
2007092252,1250.0,1,0,0,0,0,0,0,0,0,8,0,,67,7,2007,4,40.0305,-75.1466,1250.0,6,0,0,0,0,0,1,0,0,3.0,0,0,0,12,1,2,0,,1,40 01:49.000,2.0,0,75 08:47.778,8,0,0,0,67301,2,0,0,N,2,0,0,3,67301,0,,1,1,,N,N,,0,,0,0,0,0,0,N,1247,2,3,0,0,0,2,1,3,4,0,1,3,,N,,,,,,,,,,,
2007087325,1845.0,2,0,0,0,0,0,0,0,0,1,0,,67,7,2007,1,39.9639,-75.1843,1839.0,6,0,0,0,0,0,0,0,0,2.0,0,0,0,18,1,0,3,,1,39 57:53.000,4.0,2,75 11:06.506,0,0,0,0,67301,0,0,0,N,0,0,0,4,68K01,0,,1,1,,N,N,,0,,0,0,0,0,0,N,1839,0,3,0,0,0,0,0,3,4,1,3,3,,N,,,,,,,,,,,
2007082485,1404.0,1,0,0,0,0,0,0,0,0,7,0,,67,6,2007,1,39.9576,-75.1605,1400.0,6,0,0,0,0,0,0,0,0,,0,0,0,13,1,1,6,,0,39 57:27.000,,2,75 09:37.687,3,0,0,0,67301,0,0,0,,0,0,0,1,67301,0,,2,1,,,,,0,,1,0,0,0,0,,1356,1,1,0,0,0,0,0,3,4,0,1,3,,N,,,,,,,,,,,
2007081781,1536.0,0,0,0,0,0,0,0,0,0,5,0,,67,6,2007,2,40.0946,-75.0152,1533.0,6,0,0,0,0,0,0,0,0,2.0,0,0,0,14,1,1,2,,2,40 05:41.000,2.0,0,75 00:54.924,8,0,0,0,67301,0,0,0,,0,0,0,5,67301,0,,1,1,,N,N,,1,,0,0,0,3,2,Y,1455,1,2,0,0,0,1,2,3,4,1,2,3,,N,,,,,,,,,,,
2007082199,1758.0,1,0,0,1,0,0,0,0,0,8,0,,67,5,2007,5,39.9627,-75.1628,1755.0,6,0,0,0,0,0,0,0,0,,0,0,0,17,1,1,0,,0,39 57:45.000,,0,75 09:46.203,4,0,0,0,67301,1,0,0,,0,0,0,2,67301,1,,1,1,,N,N,,0,,0,0,0,2,2,,1745,1,2,0,0,0,0,0,3,4,0,1,3,,N,,,,,,,,,,,
2007080243,2240.0,0,0,0,0,0,0,0,0,0,8,0,,67,6,2007,6,39.9955,-75.1089,2235.0,6,0,0,0,0,0,0,0,0,,0,0,0,99,3,1,1,,0,39 59:43.731,,0,75 06:32.155,4,0,0,0,67301,1,0,0,,1,0,0,2,67301,1,,1,1,,,,,0,,0,0,0,3,2,,9999,1,2,0,0,0,0,1,3,4,0,1,3,,N,,,,,,,,,,,
2007058319,518.0,1,0,0,0,0,0,0,0,0,1,0,,67,4,2007,2,39.9988,-75.1313,518.0,6,0,0,0,0,0,1,0,0,,0,0,0,5,2,2,1,,0,39 59:55.000,,0,75 07:52.532,8,0,0,0,67301,0,0,0,N,0,0,0,4,67301,0,,1,1,,N,N,,1,,0,0,0,3,2,,515,2,2,0,0,1,2,0,3,4,0,2,3,,N,,,,,,,,,,,
2007057785,305.0,1,0,0,0,0,0,0,0,0,7,0,,67,4,2007,1,40.1057,-75.0168,258.0,6,0,0,0,0,0,0,0,0,4.0,0,0,0,2,3,0,2,,2,40 06:20.448,7.0,0,75 01:00.368,0,0,0,0,67301,0,0,0,N,0,0,0,1,67301,0,,5,1,,N,N,,0,,0,0,0,0,0,Y,256,0,1,0,0,0,0,0,3,4,0,1,3,,N,,,,,,,,,,,
2007046206,405.0,2,0,0,0,0,0,0,0,0,5,0,,67,2,2007,7,40.0486,-74.9986,401.0,6,0,0,0,0,0,0,0,0,,0,0,0,3,3,1,2,,0,40 02:55.000,,2,74 59:54.752,4,0,0,0,67301,0,0,0,N,0,0,0,2,67301,1,,1,1,,N,N,,0,,0,0,0,0,0,,355,1,2,0,0,0,0,1,3,4,0,2,3,,N,,,,,,,,,,,
2007032889,1016.0,1,0,0,0,0,0,0,0,0,2,0,,67,1,2007,3,39.9587,-75.214,1011.0,6,0,0,0,0,0,1,0,0,,0,0,0,9,1,1,1,,0,39 57:31.000,,0,75 12:50.311,8,0,0,0,67301,0,0,0,,0,0,0,2,67301,0,,1,1,,N,N,,0,,0,0,0,3,2,,949,1,2,0,0,1,1,0,3,4,1,2,3,,N,,,,,,,,,,,
2007028461,1105.0,2,0,0,0,0,0,0,0,1,6,0,,67,1,2007,2,39.9991,-75.1088,1059.0,6,0,0,0,0,1,0,0,0,3.0,0,0,0,10,1,6,5,,2,39 59:56.641,7.0,0,75 06:31.521,2,0,0,0,67301,1,0,0,N,1,0,0,6,67301,2,,1,9,,N,N,,0,,1,1,0,9,2,Y,1054,6,3,0,1,4,2,0,3,4,0,2,7,,N,,,,,,,,,,,