CRN,ARRIVAL_TM,AUTOMOBILE_COUNT,BELTED_DEATH_COUNT,BELTED_SUSP_SERIOUS_INJ_COUNT,BICYCLE_COUNT,BICYCLE_DEATH_COUNT,BICYCLE_SUSP_SERIOUS_INJ_COUNT,BUS_COUNT,CHLDPAS_DEATH_COUNT,CHLDPAS_SUSP_SERIOUS_INJ_COUNT,COLLISION_TYPE,COMM_VEH_COUNT,CONS_ZONE_SPD_LIM,COUNTY,CRASH_MONTH,CRASH_YEAR,DAY_OF_WEEK,DEC_LAT,DEC_LONG,DISPATCH_TM,DISTRICT,DRIVER_COUNT_16YR,DRIVER_COUNT_17YR,DRIVER_COUNT_18YR,DRIVER_COUNT_19YR,DRIVER_COUNT_20YR,DRIVER_COUNT_50_64YR,DRIVER_COUNT_65_74YR,DRIVER_COUNT_75PLUS,EST_HRS_CLOSED,FATAL_COUNT,HEAVY_TRUCK_COUNT,HORSE_BUGGY_COUNT,HOUR_OF_DAY,ILLUMINATION,INJURY_COUNT,INTERSECT_TYPE,INTERSECTION_RELATED,LANE_CLOSED,LATITUDE,LN_CLOSE_DIR,LOCATION_TYPE,LONGITUDE,MAX_SEVERITY_LEVEL,MCYCLE_DEATH_COUNT,MCYCLE_SUSP_SERIOUS_INJ_COUNT,MOTORCYCLE_COUNT,MUNICIPALITY,NONMOTR_COUNT,NONMOTR_DEATH_COUNT,NONMOTR_SUSP_SERIOUS_INJ_COUNT,NTFY_HIWY_MAINT,PED_COUNT,PED_DEATH_COUNT,PED_SUSP_SERIOUS_INJ_COUNT,PERSON_COUNT,POLICE_AGCY,POSSIBLE_INJ_COUNT,RDWY_SURF_TYPE_CD,RELATION_TO_ROAD,ROAD_CONDITION,ROADWAY_CLEARED,SCH_BUS_IND,SCH_ZONE_IND,SECONDARY_CRASH,SMALL_TRUCK_COUNT,SPEC_JURIS_CD,SUSP_MINOR_INJ_COUNT,SUSP_SERIOUS_INJ_COUNT,SUV_COUNT,TCD_FUNC_CD,TCD_TYPE,TFC_DETOUR_IND,TIME_OF_DAY,TOT_INJ_COUNT,TOTAL_UNITS,UNB_DEATH_COUNT,UNB_SUSP_SERIOUS_INJ_COUNT,UNBELTED_OCC_COUNT,UNK_INJ_DEG_COUNT,UNK_INJ_PER_COUNT,URBAN_AREA,URBAN_RURAL,VAN_COUNT,VEHICLE_COUNT,WEATHER1,WEATHER2,WORK_ZONE_IND,WORK_ZONE_LOC,WORK_ZONE_TYPE,WORKERS_PRES,WZ_CLOSE_DETOUR,WZ_FLAGGER,WZ_LAW_OFFCR_IND,WZ_LN_CLOSURE,WZ_MOVING,WZ_OTHER,WZ_SHLDER_MDN,WZ_WORKERS_INJ_KILLED
2007028467,1305.0,1,0,0,0,0,0,1,0,0,5,1,,67,1,2007,3,40.0591,-75.1648,1300.0,6,0,0,0,0,0,0,0,0,,0,0,0,12,1,1,0,,0,40 03:32.000,,0,75 09:53.114,8,0,0,0,67301,0,0,0,N,0,0,0,2,67301,0,,6,1,,N,N,,0,,0,0,0,0,0,,1250,1,2,0,0,0,1,1,3,4,0,2,3,,N,,,,,,,,,,,
2007022071,808.0,1,0,0,0,0,0,0,0,0,1,0,,67,1,2007,5,40.0461,-75.0159,804.0,6,0,0,0,0,0,1,0,0,,0,0,0,8,1,2,0,,0,40 02:45.903,,0,75 00:57.147,4,0,0,0,67301,0,0,0,N,0,0,0,2,67301,2,,1,1,,N,N,,0,,0,0,1,0,0,,800,2,2,0,0,0,0,0,3,4,0,2,3,,N,,,,,,,,,,,
2007051279,1712.0,1,0,0,0,0,0,0,0,0,8,0,,67,3,2007,1,39.9903,-75.1509,9999.0,6,0,0,0,0,0,0,0,0,,0,0,0,17,1,1,0,,0,39 59:25.122,,0,75 09:03.201,4,0,0,0,67301,1,0,0,N,1,0,0,2,67301,1,,1,1,,N,N,,0,,0,0,0,0,0,,1710,1,2,0,0,1,0,0,3,4,0,1,3,,N,,,,,,,,,,,
2007049030,322.0,1,0,1,0,0,0,0,0,0,7,0,,67,2,2007,7,40.0336,-75.0758,318.0,6,0,0,0,1,0,0,0,0,3.0,0,0,0,3,3,1,0,,2,40 02:00.000,1.0,0,75 04:31.886,2,0,0,0,67301,0,0,0,N,0,0,0,1,67301,0,,4,1,,N,N,,0,,0,1,0,0,0,Y,318,1,1,0,0,0,0,0,3,4,0,1,3,,N,,,,,,,,,,,
2007117273,1945.0,1,0,0,0,0,0,0,0,0,4,0,,67,9,2007,1,40.0201,-75.1489,1930.0,6,0,0,0,0,0,0,0,0,,0,0,0,19,3,4,1,,0,40 01:12.000,,0,75 08:55.941,4,0,0,0,67301,0,0,0,,0,0,0,4,67301,4,,1,1,,,,,0,,0,0,0,9,2,,1930,4,2,0,0,0,0,0,3,4,1,2,3,,N,,,,,,,,,,,
2007080909,820.0,1,0,0,0,0,0,0,0,0,8,0,,67,5,2007,4,,,818.0,6,0,0,0,0,0,0,0,0,,0,0,0,8,1,1,0,,0,,,0,,8,0,0,0,67301,1,0,0,N,1,0,0,3,67301,0,,1,1,,N,N,,0,,0,0,0,0,0,,807,1,2,0,0,0,1,0,3,3,0,1,3,,N,,,,,,,,,,,
2007120234,9999.0,1,0,0,0,0,0,0,0,0,8,0,,67,10,2007,7,39.9438,-75.2328,9999.0,6,0,0,0,0,0,0,1,0,1.0,0,0,0,99,3,1,1,,2,39 56:37.730,5.0,0,75 13:58.173,8,0,0,0,67301,1,0,0,N,1,0,0,4,67301,0,,1,1,,N,N,,0,,0,0,0,0,0,N,9999,1,2,0,0,0,1,0,3,4,0,1,3,,N,,,,,,,,,,,
2007120246,345.0,2,0,0,0,0,0,0,0,0,5,0,,67,10,2007,1,39.9778,-75.1626,340.0,6,0,0,0,0,0,0,0,0,,0,0,0,3,3,0,0,,0,39 58:40.247,,0,75 09:45.247,0,0,0,1,67301,0,0,0,,0,0,0,2,67301,0,,1,1,,N,N,,0,,0,0,1,0,0,,300,0,4,0,0,0,0,0,3,4,0,4,3,,N,,,,,,,,,,,
2007120256,1010.0,2,0,0,0,0,0,0,0,0,4,0,,67,10,2007,3,39.9137,-75.1474,1000.0,6,0,0,0,0,0,0,0,0,,0,0,0,9,1,2,1,,0,39 54:49.000,,0,75 08:50.479,3,0,0,0,67301,0,0,0,,0,0,0,3,67301,1,,1,1,,N,N,,0,,1,0,0,9,3,,955,2,2,0,0,0,0,0,3,4,0,2,3,,N,,,,,,,,,,,
2007120157,9999.0,1,0,0,0,0,0,0,0,0,4,0,,67,10,2007,6,40.0083,-75.0716,805.0,6,0,0,0,0,0,0,0,0,,0,0,0,99,1,0,2,,0,40 00:29.000,,0,75 04:17.707,0,0,0,0,67301,0,0,0,,0,0,0,3,67301,0,,1,1,,,,,0,,0,0,1,3,3,,9999,0,2,0,0,0,0,0,3,4,0,2,5,,N,,,,,,,,,,,
2007066373,2100.0,1,0,0,0,0,0,0,0,0,8,0,,67,4,2007,1,40.0408,-75.1076,2055.0,6,0,0,0,0,0,0,0,0,,0,0,0,20,3,1,0,,0,40 02:26.000,,7,75 06:27.232,8,0,0,0,67301,1,0,0,N,1,0,0,2,67301,0,,1,1,,N,N,,0,,0,0,0,9,2,,2045,1,2,0,0,0,1,0,3,4,0,1,3,,N,,,,,,,,,,,
2007119479,719.0,2,0,0,0,0,0,0,0,0,1,0,,67,10,2007,2,39.9456,-75.1903,712.0,6,0,0,0,0,0,1,0,0,1.0,0,0,0,7,1,1,3,,2,39 56:44.160,3.0,2,75 11:25.080,4,0,0,0,67301,0,0,0,N,0,0,0,3,68K01,1,,1,1,,N,N,,0,,0,0,0,3,4,N,712,1,2,0,0,0,0,0,3,4,0,2,3,,N,,,,,,,,,,,
2007079938,952.0,1,0,0,0,0,0,0,0,0,1,0,,67,6,2007,4,39.9383,-75.1987,950.0,6,0,0,0,0,0,0,0,0,1.0,0,0,0,9,1,2,1,,1,39 56:17.000,2.0,0,75 11:55.632,4,0,0,0,67301,0,0,0,N,0,0,0,2,67301,1,,1,1,,N,N,,1,,0,0,0,3,2,Y,930,2,2,0,0,1,1,0,3,4,0,2,3,,N,,,,,,,,,,,
2007071495,1045.0,3,0,0,0,0,0,0,0,0,5,0,,67,5,2007,6,39.9159,-75.2453,1042.0,6,0,0,0,1,0,0,0,0,,0,0,0,10,1,2,2,,0,39 54:57.000,,0,75 14:43.375,4,0,0,0,67301,0,0,0,N,0,0,0,3,67301,2,,1,1,,N,N,,0,,0,0,0,9,3,,1041,2,3,0,0,0,0,0,3,4,0,3,3,,N,,,,,,,,,,,
2007066661,1910.0,1,0,0,0,0,0,0,0,0,2,0,,67,5,2007,5,39.9723,-75.2488,1910.0,6,0,0,0,0,0,0,0,0,,0,0,0,18,1,1,1,,0,39 58:20.000,,0,75 14:55.738,8,0,0,0,67301,0,0,0,N,0,0,0,2,67301,0,,1,1,,N,N,,0,,0,0,1,3,2,,1850,1,2,0,0,0,1,0,3,4,0,2,3,,N,,,,,,,,,,,
2007066684,827.0,1,0,0,1,0,0,0,0,0,5,0,,67,5,2007,1,39.9269,-75.1691,821.0,6,0,0,0,0,0,0,0,1,,0,0,0,8,1,1,1,,0,39 55:36.000,,0,75 10:08.761,3,0,0,0,67301,1,0,0,N,0,0,0,2,67301,0,,1,1,,N,N,,0,,1,0,0,2,2,,820,1,2,0,0,0,0,0,3,4,0,1,3,,N,,,,,,,,,,,
2007066778,251.0,1,0,0,0,0,0,0,0,0,8,0,,67,4,2007,1,39.9538,-75.2002,246.0,6,0,0,0,0,0,0,0,0,,0,0,0,2,3,0,1,,0,39 57:13.000,,0,75 12:00.555,0,0,0,0,67301,1,0,0,N,1,0,0,2,67301,0,,1,1,,N,N,,0,,0,0,0,3,2,,246,0,2,0,0,0,0,0,3,4,0,1,3,,N,,,,,,,,,,,
2007056709,1918.0,2,0,0,0,0,0,0,0,0,1,0,,67,4,2007,1,39.9744,-75.2017,1916.0,6,0,0,0,1,0,1,0,0,1.0,0,0,0,99,1,4,2,,1,39 58:27.000,3.0,0,75 12:06.385,8,0,0,0,67301,0,0,0,N,0,0,0,9,67301,0,,1,9,,N,N,,0,,0,0,0,3,2,Y,9999,4,3,0,0,0,4,3,3,4,1,3,3,,N,,,,,,,,,,,
2007056731,1205.0,0,0,0,0,0,0,0,0,0,4,0,,67,4,2007,3,40.0428,-75.1135,2358.0,6,0,0,0,0,0,0,0,0,,0,0,0,22,3,1,1,,0,40 02:33.000,,0,75 06:48.818,4,0,0,0,67301,0,0,0,N,0,0,0,2,67301,1,,1,1,,N,N,,0,,0,0,1,3,2,,2245,1,2,0,0,0,0,0,3,4,1,2,3,,N,,,,,,,,,,,
2007056769,1310.0,1,0,0,1,0,0,0,0,0,8,0,,67,4,2007,3,39.9967,-75.1392,1300.0,6,0,0,0,0,0,0,1,0,,0,0,0,13,1,1,1,,0,39 59:48.062,,0,75 08:21.127,3,0,0,0,67301,1,0,0,N,0,0,0,2,67301,0,,1,1,,N,N,,0,,1,0,0,3,3,,1300,1,2,0,0,0,0,0,3,4,0,1,3,,N,,,,,,,,,,,
2007056961,2013.0,2,0,0,0,0,0,0,0,0,4,0,,67,4,2007,5,40.113,-75.023,2013.0,6,0,0,0,0,0,0,0,0,1.0,0,0,0,20,3,0,1,,1,40 06:46.000,1.0,0,75 01:22.837,0,0,0,0,67301,0,0,0,N,0,0,0,2,67301,0,,1,9,,N,N,,0,,0,0,0,3,2,N,2012,0,2,0,0,0,0,0,3,4,0,2,7,,N,,,,,,,,,,,
2007056989,1837.0,1,0,0,0,0,0,0,0,0,4,0,,67,4,2007,6,40.0383,-75.0754,1837.0,6,0,0,0,1,0,0,0,0,1.0,0,0,0,18,1,2,1,,1,40 02:17.880,7.0,0,75 04:31.440,4,0,0,0,67301,0,0,0,N,0,0,0,2,67301,2,,1,1,,N,N,,1,,0,0,0,0,0,Y,1832,2,2,0,0,0,0,0,3,4,0,2,3,,N,,,,,,,,,,,
2007047012,1304.0,0,0,0,0,0,0,1,0,0,1,0,,67,3,2007,6,40.0777,-75.0365,1253.0,6,0,0,0,0,0,0,0,0,,0,0,0,12,1,0,0,,0,40 04:39.000,,0,75 02:11.311,0,0,0,0,67301,0,0,0,N,0,0,0,1,67301,0,,2,6,,Y,N,,0,,0,0,0,0,0,,1250,0,2,0,0,0,0,0,3,4,1,2,9,,N,,,,,,,,,,,
2007047013,1315.0,1,0,0,0,0,0,0,0,0,4,0,,67,3,2007,2,40.0959,-75.0166,1307.0,6,0,0,0,0,0,0,0,0,,0,0,0,13,1,1,0,,0,40 05:45.350,,7,75 00:59.897,3,0,0,1,67301,0,0,0,N,0,0,0,2,67301,0,,1,1,,N,N,,0,,1,0,0,3,3,,1307,1,2,0,0,0,0,0,3,4,0,2,3,,N,,,,,,,,,,,
2007047046,2150.0,3,0,0,0,0,0,0,0,0,1,0,,67,3,2007,6,39.9608,-75.1368,2145.0,6,0,0,1,0,0,1,0,0,,0,0,0,21,3,0,0,,0,39 57:38.954,,0,75 08:12.563,0,0,0,0,67301,0,0,0,N,0,0,0,5,67301,0,,1,1,,N,N,,0,,0,0,0,3,2,,2145,0,3,0,0,0,0,0,3,4,0,3,3,,N,,,,,,,,,,,
2007054703,1802.0,2,0,0,0,0,0,0,0,0,5,0,,67,4,2007,3,40.0074,-75.2008,1759.0,6,0,0,0,0,0,1,0,0,,0,0,0,17,1,1,0,,0,40 00:27.000,,0,75 12:04.122,4,0,0,0,67301,1,0,0,N,1,0,0,4,68K01,1,,1,1,,N,N,,0,,0,0,0,0,0,,1757,1,4,0,0,0,0,1,3,4,1,3,3,,N,,,,,,,,,,,
2007111716,1535.0,3,0,0,0,0,0,0,0,0,1,0,,67,9,2007,4,39.9497,-75.1839,1501.0,6,0,0,0,0,0,0,0,0,2.0,0,0,0,14,1,1,0,,2,39 57:04.000,4.0,0,75 10:57.925,4,0,0,0,67301,0,0,0,N,0,0,0,3,68K01,1,,1,1,,N,N,,0,,0,0,0,0,0,N,1458,1,3,0,0,0,0,0,3,4,0,3,3,,N,,,,,,,,,,,
2007091941,1241.0,1,0,0,0,0,0,1,0,0,5,1,,67,7,2007,3,39.956,-75.1416,1239.0,6,0,0,0,0,0,0,0,0,2.0,0,0,0,12,1,1,5,,2,39 57:21.600,4.0,2,75 08:29.760,8,0,0,0,67301,0,0,0,,0,0,0,2,67301,0,,1,1,,N,N,,0,,0,0,0,0,0,Y,1237,1,2,0,0,0,1,0,3,4,0,2,3,,N,,,,,,,,,,,
2007092275,9999.0,0,0,0,0,0,0,0,0,0,4,0,,67,7,2007,6,40.0153,-75.2081,1107.0,6,0,0,0,0,0,0,0,0,,0,0,0,11,1,1,3,,0,40 00:55.000,,0,75 12:30.236,8,0,0,0,67301,0,0,0,,0,0,0,2,67301,0,,1,1,,,,,1,,0,0,1,3,2,,1100,1,2,0,0,0,1,0,3,4,0,2,3,,N,,,,,,,,,,,
2007092279,1115.0,2,0,0,0,0,0,0,0,0,4,0,,67,7,2007,6,40.0022,-75.2202,1100.0,6,0,0,0,0,0,1,0,0,,0,0,0,11,1,1,1,,0,40 00:07.000,,0,75 13:12.808,4,0,0,0,67301,0,0,0,,0,0,0,2,67301,1,,1,1,,,,,0,,0,0,0,2,2,,1100,1,2,0,0,0,0,1,3,4,0,2,3,,N,,,,,,,,,,,
2007082409,1430.0,0,0,0,0,0,0,0,0,0,8,0,,67,5,2007,7,39.9851,-75.1715,1425.0,6,0,0,0,0,0,0,0,0,,0,0,0,14,1,1,1,,0,39 59:06.363,,0,75 10:17.536,8,0,0,0,67301,1,0,0,N,1,0,0,2,67301,0,,4,1,,N,N,,0,,0,0,0,9,3,,1425,1,2,0,0,0,1,0,3,4,0,1,3,,N,,,,,,,,,,,
2007082475,1403.0,1,0,0,0,0,0,0,0,0,1,0,,67,5,2007,4,39.949,-75.2272,1358.0,6,0,0,0,0,0,0,0,0,,0,0,0,12,1,2,1,,0,39 56:56.000,,0,75 13:37.797,4,0,0,0,67301,0,0,0,N,0,0,0,3,67301,2,,1,1,,N,N,,0,,0,0,1,3,2,,1258,2,2,0,0,0,0,0,3,4,0,2,3,,N,,,,,,,,,,,
2007082483,1315.0,0,0,0,1,0,0,0,0,0,4,0,,67,6,2007,7,39.9946,-75.1597,1310.0,6,0,0,0,0,0,0,0,0,,0,0,0,13,1,1,1,,0,39 59:40.553,,0,75 09:35.057,8,0,0,0,67301,1,0,0,N,0,0,0,2,67301,0,,1,1,,N,N,,0,,0,0,0,9,2,,1300,1,2,0,0,0,1,0,3,4,1,1,3,,N,,,,,,,,,,,
2007082244,156.0,1,0,0,0,0,0,0,0,0,0,0,,67,6,2007,2,39.9107,-75.1781,154.0,6,0,0,0,0,0,0,0,0,,0,0,0,99,3,0,1,,0,39 54:38.437,,0,75 10:41.048,0,0,0,0,67301,0,0,0,N,0,0,0,1,67301,0,,1,1,,N,N,,0,,0,0,1,3,3,,9999,0,2,0,0,0,0,0,3,4,0,2,3,,N,,,,,,,,,,,
2007082254,1810.0,1,0,0,0,0,0,0,0,0,8,0,,67,5,2007,3,39.976,-75.1805,1800.0,6,0,0,0,0,1,0,0,0,,0,0,0,17,1,1,0,,0,39 58:33.488,,0,75 10:49.976,8,0,0,0,67301,1,0,0,N,1,0,0,2,67301,0,,1,1,,N,N,,0,,0,0,0,0,0,,1750,1,2,0,0,0,1,0,3,4,0,1,3,,N,,,,,,,,,,,
2007080201,30.0,2,0,0,0,0,0,0,0,0,1,0,,67,6,2007,6,39.9984,-75.1273,25.0,6,0,0,0,1,0,0,0,0,,0,0,0,23,3,2,0,,0,39 59:54.301,,0,75 07:38.338,4,0,0,0,67301,0,0,0,N,0,0,0,6,67301,2,,1,9,,N,N,,0,,0,0,0,3,2,,2330,2,2,0,0,0,0,0,3,4,0,2,7,,N,,,,,,,,,,,
2007080241,1515.0,1,0,0,0,0,0,0,0,0,8,0,,67,6,2007,5,39.9531,-75.1947,1515.0,6,0,0,0,0,1,0,0,0,,0,0,0,15,1,1,2,,0,39 57:11.000,,0,75 11:41.093,8,0,0,0,67301,1,0,0,N,1,0,0,2,67301,0,,1,1,,N,N,,0,,0,0,0,3,2,,1515,1,2,0,0,0,1,0,3,4,0,1,3,,N,,,,,,,,,,,
2007057987,1650.0,2,0,0,0,0,0,0,0,0,4,0,,67,3,2007,5,39.9633,-75.1874,1647.0,6,0,0,0,0,0,1,0,0,2.0,0,0,0,16,1,1,1,,1,39 57:48.000,7.0,0,75 11:14.695,3,0,0,0,67301,0,0,0,N,0,0,0,2,67301,0,,1,1,,N,N,,0,,1,0,0,3,2,N,1600,1,2,0,0,0,0,1,3,4,0,2,3,,N,,,,,,,,,,,
2007022153,1507.0,2,0,0,0,0,0,0,0,0,5,0,,67,1,2007,3,39.9149,-75.2347,1507.0,6,0,0,0,0,0,0,0,0,,0,0,0,15,1,1,1,,0,39 54:53.676,,0,75 14:04.783,8,0,0,0,67301,0,0,0,N,0,0,0,3,67301,0,,1,1,,N,N,,0,,0,0,0,3,2,,1500,1,2,0,0,0,1,1,3,4,0,2,3,,N,,,,,,,,,,,
2007077956,146.0,1,0,0,0,0,0,0,0,0,7,0,,67,6,2007,3,39.9748,-75.1942,141.0,6,0,0,0,0,0,0,0,0,1.0,0,0,0,1,3,1,0,,2,39 58:33.000,3.0,0,75 11:41.999,4,0,0,0,67301,0,0,0,N,0,0,0,1,68K01,1,,2,1,,N,N,,0,,0,0,0,0,0,N,139,1,1,0,0,0,0,0,3,4,0,1,3,,N,,,,,,,,,,,
2007117282,1857.0,1,0,0,0,0,0,0,0,0,7,0,,67,10,2007,2,40.0477,-75.1921,1850.0,6,0,0,1,0,0,0,0,0,,0,0,0,18,3,0,0,,0,40 02:51.000,,0,75 11:31.664,0,0,0,0,67301,0,0,0,,0,0,0,1,67301,0,,5,1,,,,,0,,0,0,0,0,0,,1850,0,1,0,0,0,0,0,3,4,0,1,3,,N,,,,,,,,,,,
2007080856,1616.0,1,0,0,0,0,0,0,0,0,4,0,,67,6,2007,3,39.9836,-75.244,1610.0,6,0,0,0,0,0,0,0,0,,0,0,0,16,1,1,0,,0,39 59:01.000,,0,75 14:38.399,4,0,0,0,67301,0,0,0,N,0,0,0,2,67301,1,,1,1,,N,N,,0,,0,0,0,0,0,,1600,1,2,0,0,0,0,0,3,4,1,2,3,,N,,,,,,,,,,,
2007081002,2115.0,1,0,0,0,0,0,0,0,0,1,1,,67,2,2007,1,40.071,-75.0378,2109.0,6,0,0,0,0,0,1,0,0,,0,1,0,21,3,1,1,,0,40 04:16.000,,0,75 02:17.826,4,0,0,0,67301,0,0,0,,0,0,0,2,67301,1,,1,6,,N,N,,0,,0,0,0,3,2,,2100,1,2,0,0,0,0,0,3,4,0,2,10,,N,,,,,,,,,,,
2007081011,1835.0,0,0,0,0,0,0,0,0,0,8,0,,67,5,2007,3,40.0005,-75.1051,1835.0,6,0,0,0,0,0,0,0,0,,0,0,0,18,1,1,0,,0,40 00:01.781,,0,75 06:18.231,8,0,0,0,67301,1,0,0,,1,0,0,3,67301,0,,1,1,,N,N,,0,,0,0,0,0,0,,1830,1,2,0,0,0,1,0,3,4,1,1,3,,N,,,,,,,,,,,
2007081033,650.0,1,0,0,0,0,0,0,0,0,4,0,,67,6,2007,2,40.0419,-75.124,645.0,6,0,0,0,0,0,0,0,0,,0,0,0,99,1,0,1,,0,40 02:30.933,,0,75 07:26.313,0,0,0,0,67301,0,0,0,N,0,0,0,3,67301,0,,1,9,,N,N,,0,,0,0,0,3,2,,9999,0,2,0,0,0,0,0,3,4,1,2,7,,N,,,,,,,,,,,
2007080921,1945.0,1,0,0,0,0,0,0,0,0,1,0,,67,5,2007,5,39.9425,-75.1799,1937.0,6,0,0,0,0,1,0,0,0,,0,0,0,19,4,1,0,,0,39 56:33.093,,0,75 10:47.679,8,0,0,0,67301,0,0,0,N,0,0,0,2,67301,0,,1,1,,N,N,,0,,0,0,1,0,0,,1930,1,2,0,0,0,1,0,3,4,0,2,3,,N,,,,,,,,,,,
2007120101,2043.0,1,0,0,0,0,0,0,0,0,4,0,,67,10,2007,7,39.9388,-75.1747,2041.0,6,0,0,0,0,0,1,0,0,,0,0,0,20,3,0,1,,0,39 56:19.856,,0,75 10:29.074,0,0,0,0,67301,0,0,0,N,0,0,0,2,67301,0,,1,1,,N,N,,0,,0,0,1,3,2,,2030,0,2,0,0,0,0,0,3,4,0,2,3,,N,,,,,,,,,,,
2007120113,1932.0,2,0,0,0,0,0,0,0,0,4,0,,67,10,2007,7,40.0214,-75.1485,1930.0,6,0,0,0,0,0,0,0,0,,0,0,0,19,3,2,2,,0,40 01:16.000,,0,75 08:54.571,3,0,0,0,67301,0,0,0,N,0,0,0,3,67301,0,,1,1,,N,N,,0,,2,0,0,0,0,,1928,2,2,0,0,3,0,0,3,4,0,2,3,,N,,,,,,,,,,,
2007066375,1253.0,0,0,0,0,0,0,0,0,0,0,0,,67,5,2007,5,39.9449,-75.167,1245.0,6,0,0,0,0,0,0,0,0,,0,0,0,12,1,1,2,,0,39 56:41.578,,0,75 10:01.077,8,0,0,1,67301,0,0,0,N,0,0,0,1,67301,0,,4,1,,N,N,,0,,0,0,0,3,2,,1235,1,1,0,0,0,1,0,3,4,0,1,3,,N,,,,,,,,,,,
2007066389,147.0,3,0,0,0,0,0,0,0,0,6,0,,67,5,2007,6,40.0117,-75.1631,9999.0,6,0,0,0,0,0,0,0,0,,0,0,0,1,3,1,2,,0,40 00:41.000,,0,75 09:47.161,8,0,0,0,67301,0,0,0,N,0,0,0,2,67301,0,,1,9,,N,N,,0,,0,0,0,0,0,,145,1,3,0,0,0,1,1,3,4,0,3,3,,N,,,,,,,,,,,
2007066391,1918.0,2,0,0,0,0,0,0,0,0,6,0,,67,5,2007,6,40.021,-75.1824,1915.0,6,0,0,0,0,0,1,0,0,,0,0,0,19,4,2,1,,0,40 01:15.575,,0,75 10:56.764,8,0,0,0,67301,0,0,0,,0,0,0,5,67301,0,,1,1,,,,,0,,0,0,0,9,3,,1913,2,2,0,0,0,2,0,3,4,0,2,3,,N,,,,,,,,,,,
2007066440,1233.0,1,0,0,0,0,0,0,0,0,5,0,,67,5,2007,6,40.0541,-75.049,1230.0,6,0,0,0,0,0,1,0,0,,0,0,0,12,1,1,0,,0,40 03:14.742,,0,75 02:56.545,3,0,0,1,67301,0,0,0,N,0,0,0,2,67301,0,,1,1,,N,N,,0,,1,0,0,0,0,,1215,1,2,0,0,0,0,0,3,4,0,2,3,,N,,,,,,,,,,,
2007066470,854.0,0,0,0,0,0,0,1,0,0,8,1,,67,5,2007,4,40.0312,-75.1201,848.0,6,0,0,0,0,0,0,0,0,,0,0,0,8,1,1,0,,0,40 01:52.200,,0,75 07:12.300,3,0,0,0,67301,1,0,0,N,1,0,0,2,67301,0,,1,1,,Y,Y,,0,,1,0,0,0,0,,832,1,2,0,0,0,0,0,3,4,0,1,3,,N,,,,,,,,,,,
2007066527,2237.0,1,0,0,1,0,1,0,0,0,4,0,,67,5,2007,5,39.9604,-75.1564,2234.0,6,0,0,0,0,0,0,0,0,,0,0,0,22,3,1,1,,0,39 57:37.519,,0,75 09:23.090,2,0,0,0,67301,1,0,1,N,0,0,0,3,67301,0,,1,1,,N,N,,0,,0,1,0,3,2,,2228,1,2,0,0,0,0,0,3,4,0,1,3,,N,,,,,,,,,,,
2007066548,2350.0,2,0,0,0,0,0,0,0,0,4,0,,67,5,2007,5,39.9638,-75.1729,2236.0,6,0,0,0,0,0,0,0,0,,0,0,0,22,3,1,1,,0,39 57:49.000,,0,75 10:22.508,8,0,0,0,67301,0,0,0,N,0,0,0,3,67301,0,,1,1,,N,N,,0,,0,0,0,9,2,,2236,1,2,0,0,0,1,0,3,4,0,2,3,,N,,,,,,,,,,,
2007080278,1422.0,2,0,0,0,0,0,0,0,0,4,0,,67,6,2007,7,39.9708,-75.1541,1418.0,6,0,0,0,0,0,0,0,0,,0,0,0,14,1,0,1,,0,39 58:14.000,,0,75 09:14.702,9,0,0,0,67301,0,0,0,N,0,0,0,6,67301,0,,1,1,,N,N,,0,,0,0,0,3,2,,1412,0,2,0,0,0,0,6,3,4,0,2,3,,N,,,,,,,,,,,
2007066646,1905.0,1,0,0,0,0,0,0,0,0,4,0,,67,5,2007,5,39.9687,-75.2445,1900.0,6,0,0,0,0,0,0,0,0,,0,0,0,18,1,2,1,,0,39 58:07.388,,0,75 14:40.030,3,0,0,0,67301,0,0,0,N,0,0,0,3,67301,0,,1,1,,N,N,,0,,2,0,0,0,0,,1800,2,2,0,0,0,0,0,3,4,1,2,3,,N,,,,,,,,,,,
2007066671,337.0,1,0,0,0,0,0,0,0,0,9,0,,67,4,2007,1,40.0198,-75.1488,335.0,6,0,0,0,0,0,0,0,0,,0,0,0,3,3,1,0,,0,40 01:11.280,,0,75 08:55.680,3,0,0,0,67301,0,0,0,N,0,0,0,2,67301,0,,1,1,,N,N,,0,,1,0,0,0,0,,333,1,1,0,0,0,0,1,3,4,0,1,3,,N,,,,,,,,,,,
2007056645,2133.0,2,0,0,0,0,0,0,0,0,4,0,,67,3,2007,4,39.9035,-75.2432,2131.0,6,0,0,1,0,0,1,0,0,1.0,0,0,0,21,3,0,5,,1,39 54:12.423,1.0,0,75 14:35.429,0,0,0,0,67301,0,0,0,Y,0,0,0,4,67301,0,,1,1,,N,N,,0,,0,0,0,0,0,N,2129,0,2,0,0,0,0,0,3,4,0,2,3,,N,,,,,,,,,,,
2007056648,2145.0,1,0,0,0,0,0,0,0,0,8,0,,67,4,2007,4,39.935,-75.2268,2140.0,6,0,0,0,0,0,1,0,0,,0,0,0,21,3,1,1,,0,39 56:05.843,,0,75 13:36.583,8,0,0,0,67301,1,0,0,N,1,0,0,2,67301,0,,1,1,,N,N,,0,,0,0,0,0,0,,2135,1,2,0,0,1,1,0,3,4,0,1,3,,N,,,,,,,,,,,