CRN,ARRIVAL_TM,AUTOMOBILE_COUNT,BELTED_DEATH_COUNT,BELTED_SUSP_SERIOUS_INJ_COUNT,BICYCLE_COUNT,BICYCLE_DEATH_COUNT,BICYCLE_SUSP_SERIOUS_INJ_COUNT,BUS_COUNT,CHLDPAS_DEATH_COUNT,CHLDPAS_SUSP_SERIOUS_INJ_COUNT,COLLISION_TYPE,COMM_VEH_COUNT,CONS_ZONE_SPD_LIM,COUNTY,CRASH_MONTH,CRASH_YEAR,DAY_OF_WEEK,DEC_LAT,DEC_LONG,DISPATCH_TM,DISTRICT,DRIVER_COUNT_16YR,DRIVER_COUNT_17YR,DRIVER_COUNT_18YR,DRIVER_COUNT_19YR,DRIVER_COUNT_20YR,DRIVER_COUNT_50_64YR,DRIVER_COUNT_65_74YR,DRIVER_COUNT_75PLUS,EST_HRS_CLOSED,FATAL_COUNT,HEAVY_TRUCK_COUNT,HORSE_BUGGY_COUNT,HOUR_OF_DAY,ILLUMINATION,INJURY_COUNT,INTERSECT_TYPE,INTERSECTION_RELATED,LANE_CLOSED,LATITUDE,LN_CLOSE_DIR,LOCATION_TYPE,LONGITUDE,MAX_SEVERITY_LEVEL,MCYCLE_DEATH_COUNT,MCYCLE_SUSP_SERIOUS_INJ_COUNT,MOTORCYCLE_COUNT,MUNICIPALITY,NONMOTR_COUNT,NONMOTR_DEATH_COUNT,NONMOTR_SUSP_SERIOUS_INJ_COUNT,NTFY_HIWY_MAINT,PED_COUNT,PED_DEATH_COUNT,PED_SUSP_SERIOUS_INJ_COUNT,PERSON_COUNT,POLICE_AGCY,POSSIBLE_INJ_COUNT,RDWY_SURF_TYPE_CD,RELATION_TO_ROAD,ROAD_CONDITION,ROADWAY_CLEARED,SCH_BUS_IND,SCH_ZONE_IND,SECONDARY_CRASH,SMALL_TRUCK_COUNT,SPEC_JURIS_CD,SUSP_MINOR_INJ_COUNT,SUSP_SERIOUS_INJ_COUNT,SUV_COUNT,TCD_FUNC_CD,TCD_TYPE,TFC_DETOUR_IND,TIME_OF_DAY,TOT_INJ_COUNT,TOTAL_UNITS,UNB_DEATH_COUNT,UNB_SUSP_SERIOUS_INJ_COUNT,UNBELTED_OCC_COUNT,UNK_INJ_DEG_COUNT,UNK_INJ_PER_COUNT,URBAN_AREA,URBAN_RURAL,VAN_COUNT,VEHICLE_COUNT,WEATHER1,WEATHER2,WORK_ZONE_IND,WORK_ZONE_LOC,WORK_ZONE_TYPE,WORKERS_PRES,WZ_CLOSE_DETOUR,WZ_FLAGGER,WZ_LAW_OFFCR_IND,WZ_LN_CLOSURE,WZ_MOVING,WZ_OTHER,WZ_SHLDER_MDN,WZ_WORKERS_INJ_KILLED
2007056735,25.0,1,0,0,1,0,0,0,0,0,4,0,,67,4,2007,3,39.9564,-75.1644,22.0,6,0,0,0,0,0,0,0,0,,0,0,0,21,3,1,0,,0,39 57:23.170,,0,75 09:51.828,8,0,0,0,67301,1,0,0,N,0,0,0,2,67301,0,,1,1,,N,N,,0,,0,0,0,0,0,,2130,1,2,0,0,0,1,0,3,4,0,1,3,,N,,,,,,,,,,,
2007056821,925.0,0,0,0,0,0,0,0,0,0,8,0,,67,3,2007,5,39.9591,-75.1946,918.0,6,0,0,0,0,0,0,0,0,,0,0,0,7,1,1,1,,0,39 57:32.000,,0,75 11:41.180,4,0,0,0,67301,1,0,0,N,1,0,0,2,67301,1,,1,1,,N,N,,0,,0,0,0,9,9,,735,1,2,0,0,0,0,1,3,4,1,1,3,,N,,,,,,,,,,,
2007056877,820.0,2,0,0,0,0,0,0,0,0,1,0,,67,3,2007,5,39.929,-75.1484,813.0,6,0,0,0,0,1,0,0,0,,0,0,0,8,1,1,0,,0,39 55:44.508,,0,75 08:54.150,4,0,0,0,67301,0,0,0,N,0,0,0,3,67301,1,,1,1,,N,N,,1,,0,0,0,0,0,,810,1,3,0,0,3,0,0,3,4,0,3,3,,N,,,,,,,,,,,
2007056884,1352.0,2,0,0,0,0,0,0,0,0,4,0,,67,4,2007,2,40.0258,-75.121,1348.0,6,0,0,1,0,0,0,0,0,,0,0,0,13,1,1,0,,0,40 01:33.000,,0,75 07:15.490,3,0,0,0,67301,0,0,0,N,0,0,0,5,67301,0,,6,9,,N,N,,0,,1,0,0,0,0,,1344,1,2,0,0,1,0,0,3,4,0,2,7,,N,,,,,,,,,,,
2007057052,2029.0,2,0,0,0,0,0,0,0,0,1,0,,67,4,2007,2,39.9799,-75.1674,2020.0,6,0,0,0,0,0,0,0,0,,0,0,0,20,3,3,1,,0,39 58:47.000,,0,75 10:02.668,8,0,0,0,67301,0,0,0,N,0,0,0,4,67301,0,,1,1,,N,N,,0,,0,0,0,9,2,,2019,3,2,0,0,0,3,1,3,4,0,2,3,,N,,,,,,,,,,,
2007099341,2345.0,2,0,0,0,0,0,0,0,0,5,0,,67,8,2007,7,39.9179,-75.1793,2340.0,6,0,0,0,0,0,0,0,0,,0,0,0,23,3,0,1,,0,39 55:04.486,,0,75 10:45.530,0,0,0,0,67301,0,0,0,,0,0,0,2,67301,0,,1,1,,N,N,,0,,0,0,0,3,2,,2337,0,2,0,0,1,0,0,3,4,0,2,3,,N,,,,,,,,,,,
2007099394,505.0,3,0,0,0,0,0,0,0,0,1,0,,67,8,2007,2,39.8994,-75.1749,458.0,6,0,0,0,1,0,0,0,0,2.0,0,0,0,4,5,0,0,,1,39 53:56.000,3.0,2,75 10:19.540,0,0,0,0,67301,0,0,0,,0,0,0,6,67301,0,,1,1,,,,,0,,0,0,0,0,0,N,458,0,3,0,0,0,0,0,3,4,0,3,3,,N,,,,,,,,,,,
2007116669,114.0,1,0,0,0,0,0,0,0,0,7,0,,67,10,2007,6,39.9574,-75.1511,111.0,6,0,0,0,0,0,0,0,0,,0,0,0,1,3,0,0,,0,39 57:26.000,,0,75 09:03.525,0,0,0,0,67301,0,0,0,N,0,0,0,2,67301,0,,2,1,,N,N,,0,,0,0,0,0,0,,105,0,1,0,0,0,0,0,3,4,0,1,3,,N,,,,,,,,,,,
2007111512,1430.0,0,0,0,0,0,0,0,0,0,7,0,,67,9,2007,7,40.0079,-75.1913,1428.0,6,0,0,0,0,0,0,0,0,,0,0,0,14,1,2,3,,0,40 00:28.000,,2,75 11:28.703,4,0,0,0,67301,0,0,0,N,0,0,0,2,67301,2,,3,9,,N,N,,1,,0,0,0,3,2,,1416,2,1,0,0,0,0,0,3,4,0,1,7,,N,,,,,,,,,,,
2007111626,2252.0,2,0,0,0,0,0,0,0,0,1,0,,67,9,2007,5,39.9115,-75.1662,2249.0,6,0,0,0,0,0,0,0,0,,0,0,0,22,3,0,0,,0,39 54:41.380,,0,75 09:58.480,0,0,0,0,67301,0,0,0,N,0,0,0,3,67501,0,,1,1,,N,N,,0,,0,0,0,3,8,,2249,0,2,0,0,0,0,0,3,4,0,2,3,,N,,,,,,,,,,,
2007092002,810.0,1,0,0,0,0,0,0,0,0,8,0,,67,4,2007,2,39.9465,-75.1797,805.0,6,0,0,0,0,0,0,0,0,,0,0,0,99,1,1,0,,0,39 56:47.292,,0,75 10:46.977,8,0,0,0,67301,1,0,0,,1,0,0,2,67301,0,,1,1,,,,,0,,0,0,0,0,0,,9999,1,2,0,0,0,1,1,3,4,0,1,3,,N,,,,,,,,,,,
2007082490,1410.0,3,0,0,0,0,0,0,0,0,5,0,,67,5,2007,2,40.0546,-74.9851,1404.0,6,0,0,0,0,0,1,0,0,2.0,0,0,0,13,1,2,0,,1,40 03:17.000,1.0,0,74 59:05.407,3,0,0,0,67301,0,0,0,N,0,0,0,5,67301,1,,1,1,,N,N,,0,,1,0,0,0,0,N,1346,2,3,0,0,0,0,0,3,4,0,3,3,,N,,,,,,,,,,,
2007080009,940.0,1,0,0,0,0,0,0,0,0,4,0,,67,6,2007,2,39.954,-75.2344,930.0,6,0,0,0,0,0,0,0,0,2.0,0,0,0,9,1,0,1,,2,39 57:14.410,5.0,0,75 14:03.667,0,0,0,0,67301,0,0,0,N,0,0,0,7,67301,0,,1,1,,N,N,,0,,0,0,1,3,3,Y,930,0,2,0,0,0,0,0,3,4,0,2,3,,N,,,,,,,,,,,
2007082257,9999.0,3,0,0,0,0,0,0,0,0,4,0,,67,6,2007,5,39.9546,-75.2159,9999.0,6,0,0,0,0,0,1,0,0,,0,0,0,19,4,1,1,,0,39 57:16.495,,0,75 12:57.142,4,0,0,0,67301,0,0,0,,0,0,0,2,67301,1,,1,98,,,,,0,,0,0,0,9,2,,1927,1,3,0,0,0,0,1,3,4,0,3,99,,N,,,,,,,,,,,
2007080060,1644.0,1,0,0,0,0,0,0,0,0,7,0,,67,6,2007,7,40.0626,-75.0425,1639.0,6,0,0,0,0,0,0,0,0,9.0,0,0,0,16,1,1,2,,1,40 03:45.000,2.0,0,75 02:35.024,8,0,0,0,67301,0,0,0,N,0,0,0,1,67301,0,,5,1,,N,N,,0,,0,0,0,3,2,Y,1615,1,1,0,0,0,1,0,3,4,0,1,3,,N,,,,,,,,,,,
2007080209,1600.0,2,0,0,0,0,0,0,0,0,4,0,,67,6,2007,1,39.9658,-75.2215,1557.0,6,0,0,0,1,0,0,1,0,,0,0,0,15,1,1,2,,0,39 57:56.800,,0,75 13:17.500,4,0,0,0,67301,0,0,0,,0,0,0,2,67301,1,,1,1,,N,N,,0,,0,0,0,0,0,,1535,1,2,0,0,0,0,0,3,4,0,2,3,,N,,,,,,,,,,,
2007081863,947.0,2,0,0,0,0,0,0,0,0,6,0,,67,7,2007,5,39.9809,-75.1271,945.0,6,0,0,0,0,0,2,0,0,,0,0,0,9,1,1,0,,0,39 58:51.330,,0,75 07:37.692,8,0,0,0,67301,0,0,0,N,0,0,0,3,67301,0,,1,1,,N,Y,,0,,0,0,0,0,0,,945,1,2,0,0,0,1,0,3,4,0,2,3,,N,,,,,,,,,,,
2007057767,1455.0,1,0,0,0,0,0,0,0,0,7,0,,67,3,2007,6,40.0073,-75.1927,1440.0,6,0,0,0,0,0,0,0,0,1.0,0,0,0,14,1,1,0,,1,40 00:31.675,2.0,0,75 11:24.538,8,0,0,0,67301,0,0,0,N,0,0,0,1,67301,0,,3,1,,N,N,,0,,0,0,0,0,0,N,1435,1,1,0,0,0,1,0,3,4,0,1,3,,N,,,,,,,,,,,
2007051119,2010.0,3,0,0,0,0,0,0,0,0,5,0,,67,2,2007,6,39.9542,-75.2159,2000.0,6,0,0,0,0,0,0,0,0,,0,0,0,20,3,2,0,,0,39 57:14.965,,0,75 12:57.204,4,0,0,0,67301,0,0,0,N,0,0,0,2,67301,2,,6,2,,N,N,,0,,0,0,1,0,0,,2000,2,4,0,0,1,0,0,3,4,0,4,3,,N,,,,,,,,,,,
2007028476,813.0,1,0,0,0,0,0,1,0,0,4,1,,67,1,2007,6,40.0298,-75.0556,813.0,6,0,0,0,1,0,1,0,0,,0,0,0,8,1,2,2,,0,40 01:47.000,,7,75 03:20.301,4,0,0,0,67301,0,0,0,N,0,0,0,13,67301,2,,1,1,,Y,N,,0,,0,0,0,0,0,,810,2,2,0,0,0,0,0,3,4,0,2,3,,N,,,,,,,,,,,
2007048878,33.0,1,0,0,0,0,0,0,0,0,7,0,,67,2,2007,6,39.9082,-75.1495,29.0,6,0,0,0,0,0,0,0,0,1.0,0,0,0,0,3,0,0,,1,39 54:31.014,2.0,0,75 08:58.002,0,0,0,0,67301,0,0,0,N,0,0,0,1,67301,0,,3,1,,N,N,,0,,0,0,0,0,0,N,27,0,1,0,0,0,0,0,3,4,0,1,3,,N,,,,,,,,,,,
2007048925,354.0,1,0,0,0,0,0,0,0,0,7,0,,67,2,2007,6,40.1022,-74.9899,350.0,6,0,0,0,0,0,0,0,0,,0,0,0,3,3,0,0,,0,40 06:07.000,,0,74 59:23.298,0,0,0,0,67301,0,0,0,Y,0,0,0,1,67301,0,,2,1,,N,N,,0,,0,0,0,0,0,,347,0,1,0,0,1,0,0,3,4,0,1,3,,N,,,,,,,,,,,
2007049004,1020.0,2,0,0,0,0,0,0,0,0,4,0,,67,2,2007,3,40.0324,-75.051,1015.0,6,0,0,0,0,0,1,0,0,,0,0,0,9,1,1,1,,0,40 01:56.000,,0,75 03:03.304,8,0,0,0,67301,0,0,0,N,0,0,0,2,67301,0,,1,1,,N,N,,0,,0,0,0,3,2,,932,1,2,0,0,0,1,1,3,4,0,2,3,,N,,,,,,,,,,,
2007046452,1757.0,1,0,0,0,0,0,0,0,0,8,0,,67,2,2007,5,40.0096,-75.0935,1749.0,6,0,0,0,0,0,0,0,0,3.0,0,0,0,17,4,2,0,,2,40 00:34.700,6.0,0,75 05:36.603,4,0,0,0,67301,2,0,0,N,2,0,0,4,67301,2,,1,1,,N,N,,0,,0,0,0,0,0,N,1739,2,3,0,0,0,0,0,3,4,0,1,3,,N,,,,,,,,,,,
2007046713,1921.0,2,0,0,0,0,0,0,0,0,4,0,,67,2,2007,5,39.9618,-75.2265,1923.0,6,0,0,0,0,0,0,0,1,,0,0,0,19,3,1,1,,0,39 57:42.562,,0,75 13:35.561,4,0,0,0,67301,0,0,0,N,0,0,0,3,67301,1,,1,1,,N,N,,0,,0,0,0,0,0,,1920,1,2,0,0,0,0,0,3,4,0,2,3,,N,,,,,,,,,,,
2007080836,1626.0,1,0,0,0,0,0,0,0,0,7,0,,67,6,2007,7,40.009,-75.0676,1621.0,6,0,0,0,0,0,0,0,0,1.0,0,0,0,16,1,2,0,,1,40 00:31.000,1.0,0,75 04:08.169,3,0,0,0,67301,0,0,0,,0,0,0,2,67301,0,,4,1,,,,,0,,2,0,0,3,8,N,1618,2,1,0,0,0,0,0,3,4,0,1,3,,N,,,,,,,,,,,
2007081029,2210.0,2,0,0,0,0,0,0,0,0,1,0,,67,7,2007,5,40.0079,-75.1723,2200.0,6,0,0,0,0,0,0,0,0,,0,0,0,21,6,1,1,,0,40 00:28.314,,0,75 10:20.141,8,0,0,0,67301,0,0,0,N,0,0,0,2,67301,0,,1,9,,N,N,,0,,0,0,0,0,0,,2145,1,2,0,0,0,1,0,3,4,0,2,7,,N,,,,,,,,,,,
2007120252,300.0,2,0,0,0,0,0,0,0,0,1,0,,67,10,2007,3,39.9632,-75.2106,259.0,6,0,0,0,0,0,0,0,0,,0,0,0,2,3,1,0,,0,39 57:47.440,,0,75 12:38.206,4,0,0,0,67301,0,0,0,N,0,0,0,1,67301,1,,6,1,,N,N,,0,,0,0,1,0,0,,255,1,3,0,0,0,0,0,3,4,0,3,3,,N,,,,,,,,,,,
2007081167,1945.0,1,0,0,0,0,0,0,0,0,6,0,,67,6,2007,6,39.9853,-75.1788,1942.0,6,0,0,0,0,0,1,0,0,,0,0,0,19,1,1,1,,0,39 59:06.000,,3,75 10:43.660,8,0,0,0,67301,0,0,0,N,0,0,0,2,67301,0,,3,1,,N,N,,0,,0,0,1,9,2,,1941,1,2,0,0,0,1,0,3,4,0,2,3,,N,,,,,,,,,,,
2007081086,1222.0,2,0,0,0,0,0,0,0,0,2,0,,67,4,2007,1,39.9825,-75.1285,1221.0,6,0,0,0,0,0,0,0,0,,0,0,0,0,3,0,1,,0,39 58:56.949,,0,75 07:42.765,0,0,0,0,67301,0,0,0,N,0,0,0,3,67301,0,,1,1,,N,N,,0,,0,0,0,3,3,,21,0,2,0,0,0,0,0,3,4,0,2,3,,N,,,,,,,,,,,
2007066366,1740.0,1,0,0,0,0,0,0,0,0,8,0,,67,5,2007,7,40.0007,-75.1215,1737.0,6,0,0,0,0,0,0,0,0,,0,0,0,17,1,1,0,,0,40 00:02.635,,0,75 07:17.371,3,0,0,0,67301,1,0,0,N,1,0,0,2,67301,0,,1,1,,N,N,,0,,1,0,0,0,0,,1730,1,2,0,0,0,0,0,3,4,0,1,3,,N,,,,,,,,,,,
2007066479,1640.0,3,0,0,0,0,0,0,0,0,1,0,,67,5,2007,6,40.0448,-75.0175,1631.0,6,0,1,0,0,0,0,0,0,,0,0,0,16,1,2,2,,0,40 02:41.000,,0,75 01:02.863,4,0,0,0,67301,0,0,0,N,0,0,0,7,67301,2,,1,1,,N,N,,0,,0,0,0,3,2,,1631,2,3,0,0,0,0,1,3,4,0,3,3,,N,,,,,,,,,,,
2007066513,1408.0,0,0,0,0,0,0,0,0,0,8,0,,67,5,2007,1,40.0429,-75.1408,1408.0,6,0,0,0,0,0,0,0,0,,0,0,0,15,1,1,0,,0,40 02:34.486,,0,75 08:26.800,2,0,0,0,67301,1,0,1,N,1,0,1,2,67301,0,,1,1,,N,N,,0,,0,1,1,0,0,,1515,1,2,0,0,0,0,0,3,4,0,1,3,,N,,,,,,,,,,,
2007080270,9999.0,1,0,0,0,0,0,0,0,0,7,0,,67,6,2007,4,39.9511,-75.1585,9999.0,6,0,0,0,0,0,0,0,0,,0,0,0,0,3,0,2,,0,39 57:03.790,,0,75 09:30.445,9,0,0,0,67301,0,0,0,N,0,0,0,1,67301,0,,5,1,,N,N,,0,,0,0,0,0,0,,30,0,1,0,0,0,0,1,3,4,0,1,3,,N,,,,,,,,,,,
2007080418,1149.0,0,0,0,0,0,0,0,0,0,8,0,,67,7,2007,5,39.93,-75.1838,1145.0,6,0,0,0,0,0,0,0,0,,0,0,0,11,1,1,5,,0,39 55:47.870,,0,75 11:01.737,8,0,0,0,67301,1,0,0,N,1,0,0,2,67301,0,,1,9,,N,N,,1,,0,0,0,3,3,,1140,1,2,0,0,0,1,0,3,4,0,1,7,,N,,,,,,,,,,,
2007116272,1245.0,0,0,0,0,0,0,0,0,0,6,0,,67,10,2007,3,39.9929,-75.1461,1240.0,6,0,0,0,0,0,0,0,0,,0,0,0,12,1,2,1,,0,39 59:34.000,,0,75 08:45.991,4,0,0,0,67301,0,0,0,N,0,0,0,3,67301,2,,1,1,,N,N,,0,,0,0,0,3,2,,1230,2,2,0,0,0,0,0,3,4,2,2,3,,N,,,,,,,,,,,
2007080160,1356.0,2,0,0,0,0,0,0,0,0,2,0,,67,6,2007,7,40.019,-75.1472,1347.0,6,0,0,0,0,0,0,0,0,,0,0,0,13,1,2,1,,0,40 01:08.000,,0,75 08:50.015,8,0,0,0,67301,0,0,0,,0,0,0,3,67301,0,,1,1,,,,,0,,0,0,0,0,0,,1341,2,2,0,0,0,2,0,3,4,0,2,3,,N,,,,,,,,,,,
2007127603,1345.0,2,0,0,0,0,0,0,0,0,4,0,,67,10,2007,4,39.9278,-75.237,1335.0,6,0,0,0,1,0,0,0,0,,0,0,0,13,1,0,1,,0,39 55:40.109,,0,75 14:13.130,0,0,0,0,67301,0,0,0,N,0,0,0,3,67301,0,,1,1,,N,N,,0,,0,0,2,3,2,,1330,0,4,0,0,0,0,0,3,4,0,4,3,,N,,,,,,,,,,,
2007124671,1820.0,0,0,0,0,0,0,0,0,0,8,0,,67,11,2007,2,40.088,-75.0307,1814.0,6,0,0,0,0,0,0,0,0,,0,0,0,18,2,1,1,,0,40 05:16.782,,0,75 01:50.609,8,0,0,0,67301,1,0,0,N,1,0,0,2,67301,0,,1,1,,N,N,,1,,0,0,0,0,0,,1800,1,2,0,0,0,1,0,3,4,0,1,3,,N,,,,,,,,,,,
2007066842,1735.0,2,0,0,0,0,0,0,0,0,1,0,,67,4,2007,2,39.9898,-75.1737,1730.0,6,0,0,0,0,0,0,0,0,,0,0,0,17,1,1,1,,0,39 59:23.449,,0,75 10:25.402,8,0,0,0,67301,0,0,0,N,0,0,0,4,67301,0,,1,1,,N,N,,0,,0,0,1,0,0,,1700,1,4,0,0,0,1,3,3,4,0,4,3,,N,,,,,,,,,,,
2007056705,2009.0,1,0,0,0,0,0,0,0,0,4,0,,67,4,2007,1,39.9819,-75.239,2001.0,6,0,0,0,0,0,0,0,0,,0,0,0,19,3,1,1,,0,39 58:54.000,,0,75 14:20.357,8,0,0,0,67301,0,0,0,N,0,0,0,3,67301,0,,1,9,,N,N,,0,,0,0,2,2,2,,1959,1,3,0,0,0,1,0,3,4,0,3,7,,N,,,,,,,,,,,
2007056721,900.0,1,0,0,0,0,0,0,0,0,5,1,,67,3,2007,6,39.9872,-75.0949,850.0,6,0,0,0,0,0,0,0,0,,0,1,0,6,1,0,1,,0,39 59:14.035,,0,75 05:41.596,0,0,0,0,67301,0,0,0,N,0,0,0,2,67301,0,,1,1,,N,N,,0,,0,0,0,0,0,,650,0,2,0,0,0,0,0,3,4,0,2,3,,N,,,,,,,,,,,
2007056837,1039.0,1,0,0,0,0,0,0,0,0,6,0,,67,3,2007,2,39.9609,-75.2247,1035.0,6,0,0,0,0,0,0,0,0,2.0,0,0,0,10,1,3,0,,1,39 57:39.000,1.0,0,75 13:28.828,4,0,0,0,67301,0,0,0,N,0,0,0,3,67301,1,,1,1,,N,N,,0,,0,0,1,0,0,Y,1030,3,2,0,0,0,2,0,3,4,0,2,3,,N,,,,,,,,,,,
2007057005,1857.0,1,0,0,0,0,0,0,0,0,8,0,,67,4,2007,6,40.054,-75.0489,1852.0,6,0,0,0,0,0,0,0,0,,0,0,0,18,1,1,1,,0,40 03:14.000,,0,75 02:56.007,8,0,0,0,67301,1,0,0,N,1,0,0,2,67301,0,,1,1,,N,N,,0,,0,0,0,3,2,,1850,1,2,0,0,0,1,0,3,4,0,1,3,,N,,,,,,,,,,,
2007051908,1906.0,1,0,0,0,0,0,0,0,0,7,0,,67,4,2007,1,39.949,-75.1849,1848.0,6,0,0,0,0,0,0,0,0,1.0,0,0,0,18,2,2,0,,2,39 57:00.000,4.0,3,75 11:00.338,8,0,0,0,67301,0,0,0,N,0,0,0,2,68K01,0,,2,9,,N,N,,0,,0,0,0,0,0,N,1848,2,1,0,0,0,2,0,3,4,0,1,7,,N,,,,,,,,,,,
2007056973,830.0,1,0,0,0,0,0,0,0,0,2,0,,67,3,2007,6,39.9638,-75.1729,824.0,6,0,0,0,0,0,1,0,0,,0,0,0,99,1,1,1,,0,39 57:49.000,,0,75 10:22.508,8,0,0,0,67301,0,0,0,N,0,0,0,3,67301,0,,1,1,,N,N,,1,,0,0,0,3,2,,9999,1,2,0,0,0,1,0,3,4,0,2,3,,N,,,,,,,,,,,
2007047033,834.0,3,0,0,0,0,0,0,0,0,4,0,,67,2,2007,3,40.0515,-75.2001,830.0,6,0,0,0,0,0,0,0,0,,0,0,0,7,1,0,1,,0,40 03:05.382,,0,75 12:00.435,0,0,0,0,67301,0,0,0,N,0,0,0,2,67301,0,,1,1,,N,N,,0,,0,0,0,3,3,,746,0,3,0,0,0,0,0,3,4,0,3,3,,N,,,,,,,,,,,
2007047047,2006.0,2,0,0,0,0,0,0,0,0,4,0,,67,2,2007,3,39.994,-75.1302,2004.0,6,0,0,0,0,0,0,0,0,,0,0,0,20,3,1,0,,0,39 59:38.500,,0,75 07:48.799,8,0,0,0,67301,0,0,0,N,0,0,0,2,67301,0,,1,1,,N,N,,0,,0,0,0,0,0,,2004,1,2,0,0,0,1,0,3,4,0,2,3,,N,,,,,,,,,,,
2007047061,1017.0,1,0,0,0,0,0,1,0,0,5,1,,67,2,2007,3,39.9383,-75.1987,1016.0,6,0,0,0,0,0,0,0,0,,0,0,0,10,1,1,1,,0,39 56:17.000,,7,75 11:55.632,4,0,0,0,67301,0,0,0,N,0,0,0,20,67301,1,,1,1,,N,N,,0,,0,0,0,3,1,,1014,1,2,0,0,1,0,17,3,4,0,2,3,,N,,,,,,,,,,,
2007099499,1650.0,1,0,0,0,0,0,0,0,0,1,0,,67,8,2007,7,40.0272,-75.0989,1645.0,6,0,0,0,0,0,0,0,0,1.0,0,0,0,16,1,2,3,,1,40 01:38.000,1.0,0,75 05:56.834,8,0,0,0,67301,0,0,0,N,0,0,0,4,67301,0,,1,1,,N,N,,1,,0,0,0,3,2,N,1640,2,2,0,0,0,2,2,3,4,0,2,3,,N,,,,,,,,,,,
2007102428,900.0,3,0,0,0,0,0,0,0,0,7,1,,67,7,2007,5,39.902,-75.2021,855.0,6,0,0,0,0,0,4,0,0,3.0,0,1,0,7,1,5,0,,2,39 54:07.000,3.0,0,75 12:07.615,3,0,0,0,67301,0,0,0,Y,0,0,0,14,67301,0,,2,1,,N,N,,3,,5,0,2,3,8,Y,745,5,9,0,0,0,0,0,3,4,0,9,3,,N,,,,,,,,,,,
2007099333,1630.0,1,0,0,0,0,0,0,0,0,8,0,,67,8,2007,6,39.9658,-75.2461,1626.0,6,0,0,0,0,0,0,1,0,1.0,0,0,0,16,1,1,1,,1,39 57:56.000,2.0,0,75 14:45.808,4,0,0,0,67301,1,0,0,N,1,0,0,2,67301,1,,1,1,,N,N,,0,,0,0,0,3,2,N,1625,1,2,0,0,0,0,0,3,4,0,1,3,,N,,,,,,,,,,,
2007116673,2005.0,1,0,0,0,0,0,0,0,0,6,0,,67,9,2007,7,40.0507,-75.1486,1953.0,6,0,0,0,0,0,1,0,0,,0,0,0,19,3,2,1,,0,40 03:02.000,,0,75 08:55.377,4,0,0,0,67301,0,0,0,N,0,0,0,2,67301,1,,1,1,,N,N,,0,,0,0,1,3,2,,1953,2,2,0,0,2,1,0,3,4,0,2,3,,N,,,,,,,,,,,
2007116679,538.0,2,0,0,0,0,0,0,0,0,7,0,,67,10,2007,1,40.0942,-75.0308,538.0,6,0,0,1,0,0,0,0,0,,0,0,0,5,3,1,3,,0,40 05:38.000,,0,75 01:51.290,4,0,0,0,67301,0,0,0,,0,0,0,1,67301,1,,5,1,,,,,0,,0,0,0,0,0,,538,1,2,0,0,0,0,0,3,4,0,2,3,,N,,,,,,,,,,,
2007099373,218.0,1,0,0,0,0,0,0,0,0,8,0,,67,8,2007,1,39.9547,-75.1984,215.0,6,0,0,0,0,0,0,0,0,,0,0,0,2,3,3,0,,0,39 57:16.000,,0,75 11:54.340,3,0,0,1,67301,3,0,0,,3,0,0,5,67504,0,,1,1,,,,,0,,3,0,0,3,2,,215,3,5,0,0,0,0,2,3,4,0,2,3,,N,,,,,,,,,,,
2007099382,1921.0,1,0,0,0,0,0,0,0,0,6,0,,67,9,2007,3,40.0475,-75.0141,1920.0,6,0,0,0,0,0,0,0,1,1.0,0,0,0,19,8,1,2,,1,40 02:50.000,2.0,0,75 00:50.508,4,0,0,0,67301,0,0,0,N,0,0,0,2,67301,1,,1,1,,N,N,,0,,0,0,1,3,3,N,1919,1,2,0,0,0,0,0,3,4,0,2,3,,N,,,,,,,,,,,
2007091947,1550.0,1,0,0,0,0,0,0,0,0,1,0,,67,7,2007,3,,,1548.0,6,0,0,0,0,0,0,0,0,,0,0,0,15,1,0,0,,0,,,0,,0,0,0,0,67301,0,0,0,N,0,0,0,2,67301,0,,1,1,,N,N,,0,,0,0,1,0,0,,1528,0,2,0,0,0,0,0,3,3,0,2,98,,N,,,,,,,,,,,
2007109136,1427.0,0,0,0,0,0,0,1,0,0,2,2,,67,8,2007,5,39.9945,-75.1593,1425.0,6,0,0,0,0,0,0,0,0,,0,1,0,14,1,19,1,,0,39 59:40.000,,0,75 09:33.547,8,0,0,0,67301,0,0,0,,0,0,0,20,67301,0,,1,1,,,,,0,,0,0,0,3,2,,1400,19,2,0,0,0,19,0,3,4,0,2,3,,N,,,,,,,,,,,
2007091961,1438.0,3,0,0,0,0,0,0,0,0,4,0,,67,7,2007,5,40.0216,-75.1244,1437.0,6,0,0,0,0,0,0,0,0,,0,0,0,14,1,2,1,,0,40 01:17.655,,0,75 07:27.663,4,0,0,0,67301,0,0,0,N,0,0,0,5,67301,2,,1,1,,N,N,,0,,0,0,0,3,2,,1437,2,3,0,0,0,0,0,3,4,0,3,3,,N,,,,,,,,,,,
2007092273,1530.0,2,0,0,0,0,0,0,0,0,1,0,,67,7,2007,4,39.9922,-75.2337,1525.0,6,0,0,0,0,0,0,0,0,,0,0,0,15,1,2,1,,0,39 59:31.862,,0,75 14:01.481,4,0,0,0,67301,0,0,0,,0,0,0,4,67301,2,,1,9,,,,,0,,0,0,2,0,0,,1500,2,4,0,0,0,0,2,3,4,0,4,7,,N,,,,,,,,,,,