CRN,ARRIVAL_TM,AUTOMOBILE_COUNT,BELTED_DEATH_COUNT,BELTED_SUSP_SERIOUS_INJ_COUNT,BICYCLE_COUNT,BICYCLE_DEATH_COUNT,BICYCLE_SUSP_SERIOUS_INJ_COUNT,BUS_COUNT,CHLDPAS_DEATH_COUNT,CHLDPAS_SUSP_SERIOUS_INJ_COUNT,COLLISION_TYPE,COMM_VEH_COUNT,CONS_ZONE_SPD_LIM,COUNTY,CRASH_MONTH,CRASH_YEAR,DAY_OF_WEEK,DEC_LAT,DEC_LONG,DISPATCH_TM,DISTRICT,DRIVER_COUNT_16YR,DRIVER_COUNT_17YR,DRIVER_COUNT_18YR,DRIVER_COUNT_19YR,DRIVER_COUNT_20YR,DRIVER_COUNT_50_64YR,DRIVER_COUNT_65_74YR,DRIVER_COUNT_75PLUS,EST_HRS_CLOSED,FATAL_COUNT,HEAVY_TRUCK_COUNT,HORSE_BUGGY_COUNT,HOUR_OF_DAY,ILLUMINATION,INJURY_COUNT,INTERSECT_TYPE,INTERSECTION_RELATED,LANE_CLOSED,LATITUDE,LN_CLOSE_DIR,LOCATION_TYPE,LONGITUDE,MAX_SEVERITY_LEVEL,MCYCLE_DEATH_COUNT,MCYCLE_SUSP_SERIOUS_INJ_COUNT,MOTORCYCLE_COUNT,MUNICIPALITY,NONMOTR_COUNT,NONMOTR_DEATH_COUNT,NONMOTR_SUSP_SERIOUS_INJ_COUNT,NTFY_HIWY_MAINT,PED_COUNT,PED_DEATH_COUNT,PED_SUSP_SERIOUS_INJ_COUNT,PERSON_COUNT,POLICE_AGCY,POSSIBLE_INJ_COUNT,RDWY_SURF_TYPE_CD,RELATION_TO_ROAD,ROAD_CONDITION,ROADWAY_CLEARED,SCH_BUS_IND,SCH_ZONE_IND,SECONDARY_CRASH,SMALL_TRUCK_COUNT,SPEC_JURIS_CD,SUSP_MINOR_INJ_COUNT,SUSP_SERIOUS_INJ_COUNT,SUV_COUNT,TCD_FUNC_CD,TCD_TYPE,TFC_DETOUR_IND,TIME_OF_DAY,TOT_INJ_COUNT,TOTAL_UNITS,UNB_DEATH_COUNT,UNB_SUSP_SERIOUS_INJ_COUNT,UNBELTED_OCC_COUNT,UNK_INJ_DEG_COUNT,UNK_INJ_PER_COUNT,URBAN_AREA,URBAN_RURAL,VAN_COUNT,VEHICLE_COUNT,WEATHER1,WEATHER2,WORK_ZONE_IND,WORK_ZONE_LOC,WORK_ZONE_TYPE,WORKERS_PRES,WZ_CLOSE_DETOUR,WZ_FLAGGER,WZ_LAW_OFFCR_IND,WZ_LN_CLOSURE,WZ_MOVING,WZ_OTHER,WZ_SHLDER_MDN,WZ_WORKERS_INJ_KILLED
2007092065,1635.0,2,0,0,0,0,0,0,0,0,4,0,,67,7,2007,4,40.0205,-75.0537,1630.0,6,0,0,0,0,0,2,0,0,,0,0,0,16,1,1,1,,0,40 01:13.000,,0,75 03:13.412,8,0,0,0,67301,0,0,0,N,0,0,0,2,67301,0,,1,9,,N,N,,0,,0,0,0,3,2,,1621,1,2,0,0,0,1,0,3,4,0,2,7,,N,,,,,,,,,,,
2007084595,840.0,2,0,0,0,0,0,0,0,0,4,0,,67,6,2007,3,40.0486,-75.2353,835.0,6,0,0,0,0,0,1,0,1,,0,0,0,8,1,3,0,,0,40 02:54.000,,7,75 14:06.760,8,0,0,0,67301,0,0,0,N,0,0,0,3,67301,0,,1,1,,N,N,,0,,0,0,0,0,0,,825,3,2,0,0,0,3,0,3,4,0,2,3,,N,,,,,,,,,,,
2007084605,1105.0,2,0,0,0,0,0,0,0,0,4,0,,67,5,2007,1,40.0659,-75.1765,1055.0,6,0,0,1,0,1,0,0,0,,0,0,0,10,1,0,1,,0,40 03:57.000,,0,75 10:35.464,0,0,0,0,67301,0,0,0,N,0,0,0,3,67301,0,,1,1,,N,N,,0,,0,0,0,3,3,,1048,0,2,0,0,0,0,0,3,4,0,2,3,,N,,,,,,,,,,,
2007080011,2250.0,2,0,0,0,0,0,0,0,0,4,0,,67,6,2007,6,40.0311,-75.1565,2245.0,6,0,0,1,0,0,0,0,0,2.0,0,0,0,22,3,1,2,,2,40 01:51.903,6.0,0,75 09:23.514,8,0,0,0,67301,0,0,0,N,0,0,0,6,67301,0,,1,1,,N,N,,0,,0,0,0,3,3,Y,2240,1,2,0,0,0,1,4,3,4,0,2,3,,N,,,,,,,,,,,
2007080016,9999.0,2,0,0,0,0,0,0,0,0,4,0,,67,6,2007,7,39.9301,-75.1464,1301.0,6,0,0,0,0,0,0,0,1,,0,0,0,13,1,1,1,,0,39 55:48.388,,0,75 08:47.140,4,0,0,0,67301,0,0,0,N,0,0,0,3,67301,1,,1,1,,N,N,,0,,0,0,0,3,3,,1300,1,2,0,0,3,0,0,3,4,0,2,3,,N,,,,,,,,,,,
2007082200,2319.0,1,0,0,1,0,0,0,0,0,4,0,,67,5,2007,2,39.9536,-75.1563,2319.0,6,0,0,0,0,0,0,0,0,,0,0,0,23,3,1,2,,0,39 57:12.000,,0,75 09:22.669,3,0,0,0,67301,1,0,0,N,0,0,0,2,67301,0,,1,1,,N,N,,0,,1,0,0,9,2,,2310,1,2,0,0,0,0,0,3,4,0,1,3,,N,,,,,,,,,,,
2007080058,800.0,3,0,0,0,0,0,0,0,0,5,0,,67,6,2007,3,39.9142,-75.1818,757.0,6,0,0,0,0,0,0,0,0,1.0,0,0,0,7,1,0,0,,1,39 54:51.100,1.0,0,75 10:54.400,0,0,0,0,67301,0,0,0,N,0,0,0,1,67301,0,,6,1,,N,N,,0,,0,0,0,0,0,N,755,0,3,0,0,0,0,0,3,4,0,3,3,,N,,,,,,,,,,,
2007080070,1755.0,2,0,0,0,0,0,0,0,0,4,0,,67,6,2007,6,39.9633,-75.1613,1754.0,6,0,0,0,0,0,0,0,0,,0,0,0,99,1,1,0,,0,39 57:47.000,,7,75 09:40.586,4,0,0,0,67301,0,0,0,N,0,0,0,3,67301,1,,1,1,,N,N,,0,,0,0,0,0,0,,9999,1,2,0,0,0,0,0,3,4,0,2,3,,N,,,,,,,,,,,
2007046239,1424.0,3,0,0,0,0,0,0,0,0,3,0,,67,3,2007,5,40.0624,-75.0427,1419.0,6,0,0,0,0,0,1,1,0,,0,0,0,14,1,2,2,,0,40 03:44.000,,0,75 02:33.887,4,0,0,0,67301,0,0,0,N,0,0,0,3,67301,2,,1,1,,N,N,,0,,0,0,0,3,2,,1415,2,3,0,0,0,0,0,3,4,0,3,3,,N,,,,,,,,,,,
2007022167,800.0,0,0,0,0,0,0,0,0,0,8,0,,67,1,2007,7,39.929,-75.1568,800.0,6,0,0,0,0,0,0,0,0,,0,0,0,8,1,1,1,,0,39 55:44.302,,0,75 09:24.641,8,0,0,0,67301,1,0,0,N,1,0,0,2,67301,0,,4,1,,N,N,,0,,0,0,0,0,0,,800,1,2,0,0,0,1,0,3,4,1,1,3,,N,,,,,,,,,,,
2007051278,833.0,1,0,0,0,0,0,0,0,0,1,0,,67,2,2007,3,40.0937,-74.9802,827.0,6,0,0,0,0,0,0,1,0,,0,0,0,8,1,2,1,,0,40 05:37.000,,0,74 58:48.658,3,0,0,0,67301,0,0,0,N,0,0,0,2,67301,1,,1,1,,N,N,,1,,1,0,0,3,2,,827,2,2,0,0,0,0,0,3,4,0,2,3,,N,,,,,,,,,,,
2007056512,1120.0,8,0,0,0,0,0,0,0,0,6,0,,67,4,2007,2,39.9518,-75.2031,1110.0,6,0,0,0,0,0,1,0,0,,0,0,0,11,1,2,1,,0,39 57:06.318,,0,75 12:11.069,3,0,0,0,67301,2,0,0,N,0,0,0,4,67301,0,,1,9,,N,N,,0,,1,0,0,0,0,,1110,2,8,0,0,0,1,1,3,4,0,8,7,,N,,,,,,,,,,,
2007056536,905.0,2,0,0,0,0,0,0,0,0,1,0,,67,3,2007,5,39.9299,-75.1457,9999.0,6,0,0,0,0,0,0,0,0,,0,0,0,8,1,1,0,,0,39 55:47.646,,0,75 08:44.439,4,0,0,0,67301,0,0,0,N,0,0,0,3,67301,1,,4,1,,N,N,,0,,0,0,0,0,0,,852,1,2,0,0,3,0,0,3,4,0,2,3,,N,,,,,,,,,,,
2007048947,1422.0,1,0,0,0,0,0,0,0,0,1,0,,67,2,2007,2,39.9605,-75.1402,1412.0,6,0,0,0,0,0,0,0,0,2.0,0,1,0,14,1,2,0,,2,39 57:37.889,1.0,0,75 08:24.778,3,0,0,0,67301,0,0,0,N,0,0,0,12,67301,1,,1,1,,N,N,,0,,1,0,1,0,0,N,1408,2,4,0,0,0,0,0,3,4,1,4,3,,N,,,,,,,,,,,
2007049035,1204.0,1,0,0,0,0,0,0,0,0,8,0,,67,3,2007,6,39.9346,-75.2273,1200.0,6,0,0,0,0,0,0,0,0,,0,0,0,0,3,1,1,,0,39 56:04.000,,0,75 13:38.330,4,0,0,0,67301,1,0,0,N,1,0,0,2,67301,1,,1,1,,N,N,,0,,0,0,0,3,2,,0,1,2,0,0,0,0,0,3,4,0,1,3,,N,,,,,,,,,,,
2007049073,929.0,1,0,0,0,0,0,0,0,0,4,0,,67,2,2007,7,40.0047,-75.1769,927.0,6,0,0,0,0,0,0,0,0,2.0,0,0,0,9,1,3,1,,2,40 00:16.000,5.0,0,75 10:36.864,4,0,0,0,67301,0,0,0,N,0,0,0,7,67301,3,,1,1,,N,N,,0,,0,0,2,3,2,Y,925,3,3,0,0,0,0,0,3,4,0,3,3,,N,,,,,,,,,,,
2007046721,9999.0,1,0,0,0,0,0,0,0,0,7,0,,67,2,2007,7,39.957,-75.1408,9999.0,6,0,0,0,0,0,1,0,0,,0,0,0,23,3,0,0,,0,39 57:25.047,,0,75 08:26.715,0,0,0,0,67301,0,0,0,N,0,0,0,1,67301,0,,3,1,,N,N,,0,,0,0,0,0,0,,2300,0,1,0,0,1,0,0,3,4,0,1,3,,N,,,,,,,,,,,
2007117259,1434.0,2,0,0,0,0,0,0,0,0,1,0,,67,10,2007,6,39.97,-75.1891,1428.0,6,0,0,1,0,0,1,0,0,2.0,0,0,0,14,1,1,0,,2,39 58:12.000,1.0,0,75 11:21.417,3,0,0,0,67301,0,0,0,N,0,0,0,4,67301,0,,1,1,,N,N,,0,,1,0,1,0,0,Y,1423,1,3,0,0,0,0,0,3,4,0,3,3,,N,,,,,,,,,,,
2007119817,554.0,0,0,0,0,0,0,0,0,0,8,0,,67,10,2007,3,39.9169,-75.1721,547.0,6,0,0,0,0,0,1,0,0,,0,0,0,99,3,1,1,,0,39 55:00.000,,0,75 10:19.433,8,0,0,0,67301,1,0,0,N,1,0,0,2,67301,0,,1,1,,N,N,,0,,0,0,0,3,2,,9999,1,2,0,0,0,1,0,3,4,1,1,3,,N,,,,,,,,,,,
2007081013,1855.0,2,0,0,0,0,0,0,0,0,4,0,,67,6,2007,7,40.0072,-75.0987,1850.0,6,0,0,0,0,0,1,0,0,2.0,0,0,0,17,1,1,1,,1,40 00:25.000,2.0,0,75 05:55.462,4,0,0,0,67301,0,0,0,,0,0,0,2,67301,1,,1,1,,,,,0,,0,0,0,3,2,N,1730,1,3,0,0,0,0,0,3,4,1,3,3,,N,,,,,,,,,,,
2007120237,1956.0,1,0,0,0,0,0,0,0,0,4,0,,67,9,2007,6,39.999,-75.1332,1955.0,6,0,0,0,0,0,0,0,0,1.0,0,0,0,19,3,1,1,,1,39 59:56.000,3.0,0,75 07:59.677,4,0,0,1,67301,0,0,0,,0,0,0,2,67301,1,,1,1,,N,N,,0,,0,0,0,3,2,N,1945,1,2,0,0,0,0,0,3,4,0,2,3,,N,,,,,,,,,,,
2007093861,211.0,1,0,0,0,0,0,0,0,0,1,0,,67,7,2007,1,40.0088,-75.2038,205.0,6,0,0,0,0,0,0,0,0,,0,0,0,2,3,0,0,,0,40 00:29.000,,0,75 12:09.373,9,0,0,0,67301,0,0,0,N,0,0,0,2,68K01,0,,1,1,,N,N,,0,,0,0,1,0,0,,201,0,2,0,0,0,0,1,3,4,0,2,3,,N,,,,,,,,,,,
2007066626,1648.0,2,0,0,0,0,0,0,0,0,4,0,,67,5,2007,4,39.9964,-75.1098,1648.0,6,0,0,1,0,0,0,0,0,,0,0,0,16,1,0,1,,0,39 59:47.209,,0,75 06:35.265,0,0,0,0,67301,0,0,0,N,0,0,0,2,67301,0,,1,1,,N,N,,0,,0,0,1,3,2,,1620,0,3,0,0,0,0,0,3,4,0,3,3,,N,,,,,,,,,,,
2007066664,2002.0,2,0,0,0,0,0,0,0,0,2,0,,67,5,2007,4,40.0287,-75.2055,2000.0,6,0,0,0,0,0,1,0,0,2.0,0,0,0,19,1,1,1,,2,40 01:43.000,1.0,0,75 12:19.910,4,0,0,0,67301,0,0,0,N,0,0,0,4,67301,1,,1,1,,N,N,,0,,0,0,0,3,2,Y,1958,1,2,0,0,1,0,0,3,4,0,2,3,,N,,,,,,,,,,,
2007066824,1555.0,1,0,0,0,0,0,0,0,0,8,0,,67,5,2007,7,39.9845,-75.1671,1550.0,6,0,0,0,0,0,0,1,0,,0,0,0,15,1,1,2,,0,39 59:04.344,,0,75 10:01.480,3,0,0,0,67301,1,0,0,N,1,0,0,2,67301,0,,1,1,,N,N,,0,,1,0,0,9,3,,1545,1,2,0,0,0,0,0,3,4,0,1,3,,N,,,,,,,,,,,
2007056717,2230.0,2,0,0,0,0,0,0,0,0,4,0,,67,4,2007,5,39.9654,-75.1904,2225.0,6,0,0,0,0,0,0,0,0,1.0,0,0,0,22,3,1,1,,1,39 57:55.389,1.0,0,75 11:25.403,8,0,0,0,67301,0,0,0,N,0,0,0,3,67301,0,,1,1,,N,N,,0,,0,0,0,3,3,Y,2220,1,2,0,0,0,1,1,3,4,0,2,3,,N,,,,,,,,,,,
2007056720,1750.0,1,0,0,0,0,0,0,0,0,4,0,,67,4,2007,1,39.9627,-75.2039,1745.0,6,0,0,0,0,0,0,1,0,,0,0,0,17,1,1,1,,0,39 57:45.000,,0,75 12:13.932,3,0,0,0,67301,0,0,0,N,0,0,0,3,67301,0,,1,9,,N,N,,0,,1,0,0,3,3,,1745,1,2,0,0,1,0,0,3,4,1,2,7,,N,,,,,,,,,,,
2007056962,1249.0,2,0,0,0,0,0,0,0,0,4,0,,67,4,2007,1,40.1186,-75.007,1244.0,6,0,0,0,1,0,0,0,0,2.0,0,0,0,12,1,1,3,,2,40 07:06.945,3.0,0,75 00:25.153,4,0,0,0,67301,0,0,0,N,0,0,0,4,67301,1,,1,9,,N,N,,0,,0,0,1,3,2,N,1235,1,3,0,0,0,0,0,3,4,0,3,7,,N,,,,,,,,,,,
2007056827,1630.0,1,0,0,0,0,0,0,0,0,4,0,,67,3,2007,4,40.0127,-75.0976,1625.0,6,0,0,0,0,0,0,0,0,,0,0,0,14,1,1,0,,0,40 00:45.000,,0,75 05:51.212,8,0,0,1,67301,0,0,0,,0,0,0,2,67301,0,,1,1,,,,,0,,0,0,0,0,0,,1440,1,2,0,0,0,1,1,3,4,0,2,3,,N,,,,,,,,,,,
2007056859,1012.0,1,0,0,0,0,0,0,0,0,6,0,,67,4,2007,6,40.0516,-75.1747,1008.0,6,0,0,0,0,0,0,0,0,,0,0,0,99,1,0,2,,0,40 03:05.000,,0,75 10:28.959,9,0,0,0,67301,0,0,0,N,0,0,0,2,67301,0,,1,1,,N,N,,1,,0,0,0,0,0,,9999,0,2,0,0,0,0,1,3,4,0,2,3,,N,,,,,,,,,,,
2007056991,1645.0,1,0,0,0,0,0,0,0,0,8,0,,67,3,2007,5,39.9547,-75.1765,1638.0,6,0,0,0,0,0,0,0,0,1.0,0,0,0,16,1,1,0,,2,39 57:16.804,1.0,0,75 10:35.526,4,0,0,0,67301,1,0,0,N,1,0,0,2,67301,1,,1,1,,N,N,,0,,0,0,0,0,0,N,1632,1,2,0,0,0,0,0,3,4,0,1,3,,N,,,,,,,,,,,
2007047019,2152.0,1,0,0,0,0,0,0,0,0,8,0,,67,2,2007,7,39.9785,-75.1188,2152.0,6,0,0,0,0,0,0,0,0,,0,0,0,21,3,1,0,,0,39 58:49.409,,0,75 07:04.399,8,0,0,0,67301,1,0,0,N,1,0,0,2,67301,0,,1,1,,N,N,,0,,0,0,0,0,0,,2150,1,2,0,0,0,1,0,3,4,0,1,3,,N,,,,,,,,,,,
2007102314,2300.0,3,0,0,0,0,0,0,0,0,2,0,,67,8,2007,5,40.009,-75.0661,2256.0,6,0,0,0,0,0,0,0,0,9.0,0,0,0,22,3,2,0,,2,40 00:32.000,5.0,0,75 03:58.060,2,0,0,0,67301,0,0,0,N,0,0,0,3,67301,1,,1,9,,N,N,,0,,0,1,0,0,0,Y,2256,2,3,0,0,0,0,0,3,4,0,3,7,,N,,,,,,,,,,,
2007111904,1055.0,1,0,0,0,0,0,0,0,0,4,0,,67,9,2007,1,39.9574,-75.1571,1053.0,6,0,0,0,0,0,1,0,0,,0,0,0,10,1,2,2,,0,39 57:26.000,,0,75 09:25.500,8,0,0,0,67301,0,0,0,N,0,0,0,5,67301,0,,1,1,,N,N,,0,,0,0,1,3,2,,1052,2,2,0,0,0,2,1,3,4,0,2,3,,N,,,,,,,,,,,
2007091922,9999.0,1,0,0,0,0,0,0,0,0,8,0,,67,7,2007,4,39.9579,-75.1641,9999.0,6,0,0,0,0,0,0,0,0,,0,0,0,99,1,1,2,,0,39 57:28.000,,0,75 09:50.893,3,0,0,0,67301,1,0,0,,1,0,0,2,67301,0,,1,1,,N,N,,0,,1,0,0,3,2,,9999,1,2,0,0,0,0,0,3,4,0,1,3,,N,,,,,,,,,,,
2007092014,9999.0,3,0,0,0,0,0,0,0,0,1,0,,67,7,2007,7,40.0252,-75.1256,,6,0,0,0,0,0,2,0,0,,0,0,0,99,1,0,0,,0,40 01:30.000,,0,75 07:32.153,0,0,0,0,67301,0,0,0,,0,0,0,4,67301,0,,1,1,,N,,,0,,0,0,1,0,0,,9999,0,4,0,0,0,0,0,3,4,0,4,3,,N,,,,,,,,,,,
2007092025,1615.0,1,0,0,0,0,0,0,0,0,7,0,,67,7,2007,7,40.0459,-75.1303,1613.0,6,0,0,0,0,0,0,0,0,,0,0,0,16,1,1,0,,0,40 02:45.000,,0,75 07:48.963,8,0,0,0,67301,0,0,0,N,0,0,0,1,67301,0,,5,1,,N,N,,0,,0,0,0,0,0,,1610,1,1,0,0,0,1,0,3,4,0,1,3,,N,,,,,,,,,,,
2007092236,1024.0,2,0,0,0,0,0,0,0,0,6,0,,67,7,2007,6,39.9901,-75.1609,1024.0,6,0,0,0,0,0,2,0,0,,0,0,0,99,1,2,1,,0,39 59:24.331,,0,75 09:39.362,4,0,0,0,67301,0,0,0,N,0,0,0,3,67301,2,,1,1,,N,N,,0,,0,0,0,3,3,,9999,2,2,0,0,0,0,0,3,4,0,2,3,,N,,,,,,,,,,,
2007084589,1702.0,2,0,0,0,0,0,0,0,0,4,0,,67,5,2007,5,39.9859,-75.1406,1700.0,6,0,0,0,0,0,0,0,0,,0,0,0,14,1,1,2,,0,39 59:09.000,,0,75 08:26.049,4,0,0,0,67301,0,0,0,N,0,0,0,4,67301,1,,1,1,,N,N,,0,,0,0,0,3,3,,1400,1,2,0,0,0,0,1,3,4,0,2,3,,N,,,,,,,,,,,
2007082242,2046.0,2,0,0,0,0,0,0,0,0,1,0,,67,6,2007,6,40.1044,-75.0518,2035.0,6,0,0,0,0,0,1,0,0,,0,0,0,20,3,1,2,,0,40 06:15.000,,0,75 03:06.570,8,0,0,0,67301,0,0,0,,0,0,0,2,67301,0,,1,9,,,,,0,,0,0,0,3,2,,2030,1,2,0,0,0,1,0,3,4,0,2,3,,N,,,,,,,,,,,
2007082504,1850.0,1,0,0,0,0,0,0,0,0,8,0,,67,5,2007,3,39.9772,-75.2268,1830.0,6,0,0,0,0,0,0,0,0,,0,0,0,18,1,1,1,,0,39 58:37.000,,0,75 13:36.309,4,0,0,0,67301,1,0,0,,1,0,0,2,67301,1,,1,1,,,,,0,,0,0,0,3,2,,1810,1,2,0,0,0,0,0,3,4,0,1,3,,N,,,,,,,,,,,
2007082511,951.0,2,0,0,0,0,0,0,0,0,4,0,,67,6,2007,3,39.9854,-75.1001,950.0,6,0,0,0,0,0,0,0,0,1.0,0,0,0,9,1,1,1,,1,39 59:07.598,2.0,0,75 06:00.284,4,0,0,0,67301,0,0,0,N,0,0,0,3,67301,1,,1,1,,N,N,,0,,0,0,0,3,3,Y,950,1,2,0,0,1,0,0,3,4,0,2,3,,N,,,,,,,,,,,
2007081859,10.0,1,0,0,0,0,0,0,0,0,7,0,,67,5,2007,5,40.0172,-75.1471,6.0,6,0,1,0,0,0,0,0,0,3.0,0,0,0,0,3,0,0,,1,40 01:01.995,2.0,0,75 08:49.729,9,0,0,0,67301,0,0,0,,0,0,0,1,67301,0,,4,1,,N,N,,0,,0,0,0,0,0,Y,6,0,1,0,0,0,0,1,3,4,0,1,3,,N,,,,,,,,,,,
2007058321,1250.0,1,0,0,0,0,0,0,0,0,7,0,,67,4,2007,3,40.1051,-75.0015,1247.0,6,0,0,0,0,0,1,0,0,,0,0,0,12,1,1,0,,0,40 06:18.000,,0,75 00:05.327,4,0,0,0,67301,0,0,0,,0,0,0,1,67301,1,,4,1,,N,N,,0,,0,0,0,3,2,,1245,1,1,0,0,0,0,0,3,4,0,1,3,,N,,,,,,,,,,,
2007046264,1014.0,1,0,0,0,0,0,0,0,0,4,0,,67,2,2007,4,40.067,-75.0409,1008.0,6,0,0,0,0,0,0,1,0,,0,0,0,10,1,5,0,,0,40 04:00.883,,0,75 02:27.319,4,0,0,0,67301,0,0,0,N,0,0,0,6,67301,5,,1,9,,N,N,,0,,0,0,0,0,0,,1008,5,2,0,0,0,0,0,3,4,1,2,10,,N,,,,,,,,,,,
2007046300,700.0,1,0,0,0,0,0,0,0,0,1,0,,67,2,2007,4,40.0664,-75.004,653.0,6,0,0,0,0,0,1,0,0,,0,0,0,6,1,1,0,,0,40 03:58.914,,0,75 00:14.565,8,0,0,0,67301,0,0,0,,0,0,0,2,67301,0,,1,1,,,,,0,,0,0,0,0,0,,645,1,2,0,0,0,1,0,3,4,1,2,3,,N,,,,,,,,,,,
2007028421,1101.0,1,0,0,0,0,0,0,0,0,7,0,,67,2,2007,7,39.9803,-75.1889,1100.0,6,0,0,0,0,0,0,0,0,,0,0,0,10,1,1,0,,0,39 58:48.000,,0,75 11:20.203,8,0,0,0,67301,0,0,0,N,0,0,0,1,67301,0,,2,1,,N,N,,0,,0,0,0,0,0,,1050,1,1,0,0,0,1,0,3,4,0,1,3,,N,,,,,,,,,,,
2007029376,1247.0,2,0,0,0,0,0,0,0,0,4,0,,67,1,2007,7,40.0638,-75.1729,1245.0,6,0,0,0,0,0,2,0,0,,0,0,0,12,1,1,1,,0,40 03:49.000,,0,75 10:22.443,4,0,0,0,67301,0,0,0,N,0,0,0,2,67301,1,,1,1,,N,N,,0,,0,0,0,9,3,,1240,1,2,0,0,0,0,0,3,4,0,2,3,,N,,,,,,,,,,,
2007048988,1300.0,1,0,0,0,0,0,0,0,0,8,0,,67,3,2007,3,40.0494,-75.0782,1248.0,6,0,0,0,0,0,0,0,0,,0,0,0,99,1,1,0,,0,40 02:57.714,,0,75 04:41.545,4,0,0,0,67301,1,0,0,N,1,0,0,2,67301,1,,1,9,,N,Y,,0,,0,0,0,0,0,,9999,1,2,0,0,0,0,1,3,4,0,1,3,,N,,,,,,,,,,,
2007048893,2249.0,1,0,0,0,0,0,0,0,0,7,0,,67,2,2007,3,39.878,-75.2509,2239.0,6,0,0,0,0,0,0,0,0,2.0,0,0,0,22,3,0,0,,1,39 52:39.881,1.0,0,75 15:05.874,0,0,0,0,67301,0,0,0,N,0,0,0,1,67301,0,,2,6,,N,N,,0,,0,0,0,0,0,N,2232,0,1,0,0,0,0,0,3,4,0,1,10,,N,,,,,,,,,,,
2007048918,747.0,2,0,0,0,0,0,0,0,0,2,0,,67,2,2007,5,40.053,-74.9827,742.0,6,0,0,0,1,0,0,1,0,1.0,0,0,0,7,1,0,1,,1,40 03:10.000,2.0,0,74 58:57.737,0,0,0,0,67301,0,0,0,N,0,0,0,2,67301,0,,1,9,,N,N,,0,,0,0,0,3,2,N,733,0,2,0,0,0,0,0,3,4,0,2,3,,N,,,,,,,,,,,
2007117237,1800.0,1,0,0,0,0,0,0,0,0,7,0,,67,10,2007,7,,,1756.0,6,0,0,0,0,0,0,0,0,2.0,0,0,0,17,1,0,0,,1,,4.0,0,,0,0,0,0,67301,0,0,0,,0,0,0,1,67301,0,,2,1,,N,N,,0,,0,0,0,3,2,Y,1755,0,1,0,0,0,0,0,3,3,0,1,3,,N,,,,,,,,,,,
2007117245,319.0,1,0,0,0,0,0,0,0,0,4,0,,67,10,2007,5,39.9386,-75.1462,318.0,6,0,0,0,0,1,0,0,0,1.0,0,0,0,3,3,2,2,,2,39 56:19.100,2.0,0,75 08:46.424,4,0,0,0,67301,0,0,0,N,0,0,0,2,67301,2,,1,1,,N,N,,0,,0,0,1,3,3,Y,315,2,2,0,0,0,0,0,3,4,0,2,3,,N,,,,,,,,,,,
2007117276,1915.0,0,0,0,0,0,0,0,0,0,8,0,,67,10,2007,3,40.0233,-75.0768,1910.0,6,0,0,0,0,0,0,0,0,,0,0,0,18,4,1,1,,0,40 01:23.000,,0,75 04:36.638,8,0,0,0,67301,1,0,0,N,1,0,0,2,67301,0,,1,1,,N,N,,1,,0,0,0,3,2,,1810,1,2,0,0,0,1,0,3,4,0,1,3,,N,,,,,,,,,,,
2007080832,1620.0,2,0,0,0,0,0,0,0,0,1,0,,67,6,2007,2,39.9583,-75.1658,1615.0,6,0,0,0,0,0,0,0,0,,0,0,0,16,1,1,3,,0,39 57:29.000,,0,75 09:56.922,4,0,0,0,67301,0,0,0,N,0,0,0,2,67301,1,,1,9,,N,N,,0,,0,0,0,0,0,,1613,1,2,0,0,0,0,1,3,4,0,2,7,,N,,,,,,,,,,,
2007080854,2133.0,0,0,0,0,0,0,0,0,0,8,0,,67,6,2007,7,40.0426,-75.1209,2130.0,6,0,0,0,0,0,0,0,0,,0,0,0,21,3,1,0,,0,40 02:33.200,,0,75 07:15.300,4,0,0,0,67301,1,0,0,N,1,0,0,2,67301,1,,1,1,,N,N,,0,,0,0,0,0,0,,2100,1,2,0,0,0,0,0,3,4,0,1,3,,N,,,,,,,,,,,
2007080966,506.0,2,0,0,0,0,0,0,0,0,8,0,,67,3,2007,4,39.9727,-75.1593,504.0,6,0,0,0,0,0,0,1,0,2.0,1,0,0,5,3,0,0,,1,39 58:21.000,2.0,0,75 09:33.292,1,0,0,0,67301,1,1,0,N,1,1,0,2,67301,0,2.0,1,1,,N,N,,0,0.0,0,0,0,0,0,N,503,0,3,0,0,0,0,0,3,4,0,2,3,,N,,,,,,,,,,,
2007120255,740.0,0,0,0,1,0,0,0,0,0,4,0,,67,10,2007,3,39.9264,-75.1758,735.0,6,0,0,0,0,0,0,0,0,,0,0,0,7,1,1,1,,0,39 55:35.068,,0,75 10:32.933,4,0,0,0,67301,1,0,0,N,0,0,0,2,67301,1,,1,1,,N,N,,0,,0,0,0,9,3,,730,1,2,0,0,0,0,0,3,4,1,1,3,,N,,,,,,,,,,,
2007071351,2331.0,2,0,0,0,0,0,0,0,0,5,0,,67,5,2007,2,39.9735,-75.1939,2325.0,6,0,0,0,0,0,0,0,0,,0,0,0,23,3,0,0,,0,39 58:29.000,,0,75 11:39.226,9,0,0,0,67301,0,0,0,N,0,0,0,3,68K01,0,,1,1,,N,N,,0,,0,0,0,0,0,,2322,0,2,0,0,0,0,1,3,4,0,2,3,,N,,,,,,,,,,,
2007066468,1736.0,1,0,0,0,0,0,0,0,0,8,0,,67,5,2007,7,40.0304,-75.1465,1715.0,6,0,0,0,0,1,0,0,0,,0,0,0,17,4,2,0,,0,40 01:49.000,,0,75 08:47.491,4,0,0,0,67301,2,0,0,N,2,0,0,4,67301,1,,1,9,,N,N,,0,,0,0,0,3,2,,1700,2,3,0,0,0,1,0,3,4,0,1,7,,N,,,,,,,,,,,