CRN,ARRIVAL_TM,AUTOMOBILE_COUNT,BELTED_DEATH_COUNT,BELTED_SUSP_SERIOUS_INJ_COUNT,BICYCLE_COUNT,BICYCLE_DEATH_COUNT,BICYCLE_SUSP_SERIOUS_INJ_COUNT,BUS_COUNT,CHLDPAS_DEATH_COUNT,CHLDPAS_SUSP_SERIOUS_INJ_COUNT,COLLISION_TYPE,COMM_VEH_COUNT,CONS_ZONE_SPD_LIM,COUNTY,CRASH_MONTH,CRASH_YEAR,DAY_OF_WEEK,DEC_LAT,DEC_LONG,DISPATCH_TM,DISTRICT,DRIVER_COUNT_16YR,DRIVER_COUNT_17YR,DRIVER_COUNT_18YR,DRIVER_COUNT_19YR,DRIVER_COUNT_20YR,DRIVER_COUNT_50_64YR,DRIVER_COUNT_65_74YR,DRIVER_COUNT_75PLUS,EST_HRS_CLOSED,FATAL_COUNT,HEAVY_TRUCK_COUNT,HORSE_BUGGY_COUNT,HOUR_OF_DAY,ILLUMINATION,INJURY_COUNT,INTERSECT_TYPE,INTERSECTION_RELATED,LANE_CLOSED,LATITUDE,LN_CLOSE_DIR,LOCATION_TYPE,LONGITUDE,MAX_SEVERITY_LEVEL,MCYCLE_DEATH_COUNT,MCYCLE_SUSP_SERIOUS_INJ_COUNT,MOTORCYCLE_COUNT,MUNICIPALITY,NONMOTR_COUNT,NONMOTR_DEATH_COUNT,NONMOTR_SUSP_SERIOUS_INJ_COUNT,NTFY_HIWY_MAINT,PED_COUNT,PED_DEATH_COUNT,PED_SUSP_SERIOUS_INJ_COUNT,PERSON_COUNT,POLICE_AGCY,POSSIBLE_INJ_COUNT,RDWY_SURF_TYPE_CD,RELATION_TO_ROAD,ROAD_CONDITION,ROADWAY_CLEARED,SCH_BUS_IND,SCH_ZONE_IND,SECONDARY_CRASH,SMALL_TRUCK_COUNT,SPEC_JURIS_CD,SUSP_MINOR_INJ_COUNT,SUSP_SERIOUS_INJ_COUNT,SUV_COUNT,TCD_FUNC_CD,TCD_TYPE,TFC_DETOUR_IND,TIME_OF_DAY,TOT_INJ_COUNT,TOTAL_UNITS,UNB_DEATH_COUNT,UNB_SUSP_SERIOUS_INJ_COUNT,UNBELTED_OCC_COUNT,UNK_INJ_DEG_COUNT,UNK_INJ_PER_COUNT,URBAN_AREA,URBAN_RURAL,VAN_COUNT,VEHICLE_COUNT,WEATHER1,WEATHER2,WORK_ZONE_IND,WORK_ZONE_LOC,WORK_ZONE_TYPE,WORKERS_PRES,WZ_CLOSE_DETOUR,WZ_FLAGGER,WZ_LAW_OFFCR_IND,WZ_LN_CLOSURE,WZ_MOVING,WZ_OTHER,WZ_SHLDER_MDN,WZ_WORKERS_INJ_KILLED
2007066524,218.0,1,0,0,0,0,0,0,0,0,1,0,,67,5,2007,1,39.9476,-75.1595,235.0,6,0,0,0,0,0,0,0,0,,0,0,0,2,3,0,0,,0,39 56:51.212,,0,75 09:34.102,0,0,0,0,67301,0,0,0,,0,0,0,1,67301,0,,6,1,,N,N,,0,,0,0,1,0,0,,218,0,2,0,0,0,0,0,3,4,0,2,3,,N,,,,,,,,,,,
2007080116,215.0,2,0,0,0,0,0,0,0,0,5,0,,67,6,2007,3,39.9576,-75.1457,200.0,6,0,0,1,0,0,0,0,0,,0,0,0,2,6,1,2,,0,39 57:27.432,,0,75 08:44.473,3,0,0,0,67301,0,0,0,N,0,0,0,2,67301,0,,1,1,,N,N,,0,,1,0,0,3,2,,200,1,2,0,0,0,0,0,3,4,0,2,3,,N,,,,,,,,,,,
2007080132,2017.0,1,0,0,0,0,0,0,0,0,8,0,,67,5,2007,7,39.9368,-75.1499,2017.0,6,0,0,0,0,0,0,0,0,,0,0,0,20,3,1,0,,0,39 56:12.505,,0,75 08:59.755,4,0,0,0,67301,1,0,0,N,1,0,0,2,67301,1,,1,9,,N,N,,0,,0,0,0,0,0,,2015,1,2,0,0,0,0,0,3,4,0,1,7,,N,,,,,,,,,,,
2007124118,1237.0,2,0,0,0,0,0,0,0,0,1,0,,67,11,2007,7,40.0287,-75.1177,1237.0,6,0,0,0,0,0,0,1,0,,0,0,0,8,2,1,1,,0,40 01:43.284,,0,75 07:03.795,4,0,0,0,67301,0,0,0,N,0,0,0,4,67301,1,,1,1,,N,N,,0,,0,0,0,9,2,,830,1,2,0,0,0,0,0,3,4,0,2,3,,N,,,,,,,,,,,
2007126121,1504.0,1,0,0,0,0,0,0,0,0,8,0,,67,11,2007,4,39.9534,-75.2161,1500.0,6,0,0,0,0,0,0,0,0,,0,0,0,15,1,1,1,,0,39 57:12.114,,0,75 12:58.132,4,0,0,0,67301,1,0,0,,1,0,0,2,67301,1,,1,1,,,,,0,,0,0,0,0,0,,1500,1,2,0,0,0,0,0,3,4,0,1,3,,N,,,,,,,,,,,
2007066651,1708.0,2,0,0,0,0,0,0,0,0,5,0,,67,5,2007,4,40.0717,-75.1541,1702.0,6,0,0,0,0,0,0,0,0,,0,0,0,9,1,1,1,,0,40 04:18.000,,0,75 09:14.575,8,0,0,0,67301,0,0,0,,0,0,0,2,67301,0,,1,1,,,,,0,,0,0,0,3,2,,900,1,2,0,0,0,1,1,3,4,0,2,3,,N,,,,,,,,,,,
2007066660,2014.0,2,0,0,0,0,0,0,0,0,4,0,,67,5,2007,1,39.894,-75.1764,2014.0,6,0,0,0,0,0,0,0,0,,0,0,0,99,1,1,0,,0,39 53:38.425,,0,75 10:35.058,8,0,0,0,67301,0,0,0,N,0,0,0,4,67301,0,,1,1,,N,N,,0,,0,0,0,0,0,,9999,1,2,0,0,0,1,0,3,4,0,2,3,,N,,,,,,,,,,,
2007066680,1022.0,3,0,0,0,0,0,0,0,0,5,0,,67,5,2007,6,39.9241,-75.1486,1018.0,6,0,0,0,0,0,0,0,0,,0,0,0,99,3,1,0,,0,39 55:26.871,,0,75 08:54.945,4,0,0,0,67301,0,0,0,N,0,0,0,2,67301,1,,1,1,,N,N,,0,,0,0,0,0,0,,9999,1,3,0,0,1,0,0,3,4,0,3,3,,N,,,,,,,,,,,
2007056622,345.0,1,0,0,0,0,0,0,0,0,8,0,,67,3,2007,7,40.0245,-75.1478,340.0,6,0,0,0,0,0,0,0,0,,0,0,0,3,3,1,2,,0,40 01:28.097,,0,75 08:52.131,2,0,0,0,67301,1,0,1,N,1,0,1,2,67301,0,,1,9,,N,N,,0,,0,1,0,3,2,,340,1,2,0,0,0,0,1,3,4,0,1,7,,N,,,,,,,,,,,
2007056758,1900.0,2,0,0,0,0,0,0,0,0,2,0,,67,4,2007,7,39.9395,-75.2278,1856.0,6,0,0,0,0,0,0,0,0,,0,0,0,18,1,2,2,,0,39 56:22.329,,0,75 13:39.907,4,0,0,0,67301,0,0,0,N,0,0,0,5,67301,2,,1,1,,N,N,,0,,0,0,0,3,3,,1830,2,2,0,0,0,0,0,3,4,0,2,3,,N,,,,,,,,,,,
2007056692,1643.0,3,0,0,0,0,0,0,0,0,8,0,,67,4,2007,2,40.0805,-75.0282,1638.0,6,0,0,0,0,0,1,0,0,2.0,0,0,0,16,1,1,0,,1,40 04:49.000,4.0,0,75 01:41.532,4,0,0,0,67301,0,0,0,N,0,0,0,9,67301,1,,1,9,,N,N,,1,,0,0,1,0,0,N,1637,1,5,0,0,0,0,0,3,4,0,5,7,,N,,,,,,,,,,,
2007056694,1657.0,0,0,0,0,0,0,0,0,0,8,0,,67,4,2007,2,39.9613,-75.1752,1650.0,6,0,0,0,0,0,1,0,0,,0,0,0,16,4,1,1,,0,39 57:40.000,,0,75 10:31.244,3,0,0,0,67301,1,0,0,N,1,0,0,2,67301,0,,1,9,,N,N,,1,,1,0,0,3,2,,1645,1,2,0,0,0,0,0,3,4,0,1,7,,N,,,,,,,,,,,
2007056843,2244.0,3,0,0,0,0,0,0,0,0,5,0,,67,3,2007,7,39.9802,-75.2223,2241.0,6,0,0,0,0,0,0,0,0,,0,0,0,22,3,0,0,,0,39 58:48.896,,0,75 13:20.319,9,0,0,0,67301,0,0,0,N,0,0,0,1,67301,0,,1,1,,N,N,,0,,0,0,0,0,0,,2240,0,3,0,0,0,0,1,3,4,0,3,3,,N,,,,,,,,,,,
2007057058,16.0,1,0,0,0,0,0,0,0,0,1,0,,67,4,2007,5,40.0682,-75.0297,16.0,6,0,0,0,0,0,1,0,0,,0,0,0,99,3,2,2,,0,40 04:05.000,,0,75 01:46.759,4,0,0,0,67301,0,0,0,N,0,0,0,3,67301,1,,1,1,,N,N,,0,,0,0,1,3,2,,9999,2,2,0,0,1,1,0,3,4,0,2,3,,N,,,,,,,,,,,
2007046881,804.0,1,0,0,0,0,0,0,0,0,8,0,,67,2,2007,4,39.9597,-75.1558,755.0,6,0,0,0,0,0,0,0,0,,0,0,0,99,1,1,1,,0,39 57:34.905,,0,75 09:21.056,4,0,0,0,67301,1,0,0,N,1,0,0,2,67301,1,,1,2,,N,N,,0,,0,0,0,0,0,,9999,1,2,0,0,0,0,0,3,4,0,1,10,,N,,,,,,,,,,,
2007046885,1458.0,0,0,0,0,0,0,0,0,0,8,0,,67,3,2007,1,39.9438,-75.2379,1453.0,6,0,0,0,0,0,0,0,0,,0,0,0,99,1,1,1,,0,39 56:37.717,,0,75 14:16.351,8,0,0,0,67301,1,0,0,N,1,0,0,2,67301,0,,1,1,,N,N,,0,,0,0,0,3,2,,9999,1,2,0,0,0,1,0,3,4,0,1,3,,N,,,,,,,,,,,
2007046901,1350.0,1,0,0,0,0,0,0,0,0,8,0,,67,3,2007,5,40.0604,-75.1912,1345.0,6,0,0,0,0,0,0,0,0,,0,0,0,99,1,1,0,,0,40 03:37.000,,0,75 11:28.449,3,0,0,0,67301,1,0,0,N,1,0,0,2,67301,0,,6,9,,N,N,,0,,1,0,0,0,0,,9999,1,2,0,0,0,0,0,3,4,0,1,7,,N,,,,,,,,,,,
2007099494,50.0,2,0,0,0,0,0,0,0,0,6,0,,67,8,2007,6,39.9678,-75.1602,40.0,6,0,0,0,0,0,0,0,0,,0,0,0,23,3,0,2,,0,39 58:04.000,,0,75 09:36.548,0,0,0,0,67301,0,0,0,N,0,0,0,2,67301,0,,1,1,,N,N,,0,,0,0,0,0,0,,2350,0,2,0,0,0,0,0,3,4,0,2,3,,N,,,,,,,,,,,
2007116403,1525.0,0,0,0,0,0,0,0,0,0,7,0,,67,10,2007,3,40.0802,-75.0685,1518.0,6,0,0,0,0,0,0,0,0,,0,0,0,14,1,1,1,,0,40 04:48.000,,0,75 04:06.528,8,0,0,0,67301,0,0,0,,0,0,0,1,67301,0,,5,1,,,,,0,,0,0,1,3,2,,1450,1,1,0,0,0,1,0,3,4,0,1,3,,N,,,,,,,,,,,
2007091949,1610.0,2,0,0,0,0,0,0,0,0,4,0,,67,8,2007,6,40.0323,-75.1692,1556.0,6,0,0,0,0,0,0,0,0,,0,0,0,15,1,2,2,,0,40 01:56.000,,0,75 10:09.214,8,0,0,0,67301,0,0,0,N,0,0,0,2,67301,0,,1,1,,N,N,,0,,0,0,0,3,3,,1530,2,2,0,0,0,2,0,3,4,0,2,3,,N,,,,,,,,,,,
2007092184,1555.0,1,0,0,0,0,0,0,0,0,7,0,,67,7,2007,7,40.0145,-75.1783,1546.0,6,0,0,0,0,1,0,0,0,,0,0,0,15,1,2,0,,0,40 00:52.000,,0,75 10:41.900,4,0,0,0,67301,0,0,0,,0,0,0,2,67301,2,,2,1,,N,N,,0,,0,0,0,0,0,,1540,2,1,0,0,0,0,0,3,4,0,1,3,,N,,,,,,,,,,,
2007092194,1904.0,2,0,0,0,0,0,0,0,0,6,0,,67,7,2007,2,39.9911,-75.095,1903.0,6,0,0,0,0,0,0,0,0,,0,0,0,19,4,2,1,,0,39 59:28.136,,0,75 05:42.179,8,0,0,0,67301,0,0,0,N,0,0,0,2,67301,0,,1,1,,N,N,,0,,0,0,0,3,2,,1900,2,2,0,0,0,2,0,3,4,0,2,3,,N,,,,,,,,,,,
2007109135,239.0,1,0,0,0,0,0,0,0,0,4,0,,67,9,2007,7,39.9231,-75.2313,239.0,6,0,0,0,0,0,0,0,0,2.0,0,0,0,2,3,0,0,,2,39 55:22.000,7.0,0,75 13:52.511,0,0,0,0,67301,0,0,0,N,0,0,0,1,67301,0,,6,1,,N,N,,0,,0,0,1,0,0,Y,239,0,2,0,0,0,0,0,3,4,0,2,3,,N,,,,,,,,,,,
2007091958,2237.0,1,0,0,0,0,0,0,0,0,8,0,,67,7,2007,7,39.954,-75.1766,2230.0,6,0,0,0,0,0,0,0,0,,0,0,0,22,3,1,1,,0,39 57:14.000,,0,75 10:36.066,3,0,0,0,67301,1,0,0,N,1,0,0,2,67301,0,,1,1,,N,N,,0,,1,0,0,3,2,,2225,1,2,0,0,0,0,0,3,4,0,1,3,,N,,,,,,,,,,,
2007092013,1546.0,2,0,0,0,0,0,0,0,0,1,0,,67,7,2007,5,40.0645,-74.999,1542.0,6,0,0,0,0,0,0,0,0,,0,0,0,15,1,2,2,,0,40 03:52.074,,0,74 59:56.307,3,0,0,0,67301,0,0,0,N,0,0,0,3,67301,0,,1,1,,N,N,,0,,1,0,0,3,2,,1535,2,2,0,0,1,1,0,3,4,0,2,3,,N,,,,,,,,,,,
2007092284,127.0,1,0,0,0,0,0,0,0,0,6,0,,67,7,2007,1,40.024,-75.1596,125.0,6,0,0,0,0,0,0,0,0,,0,0,0,1,2,1,2,,0,40 01:26.000,,0,75 09:34.480,2,0,1,1,67301,0,0,0,N,0,0,0,2,67301,0,,1,1,,N,N,,0,,0,1,0,9,3,,123,1,2,0,0,0,0,1,3,4,0,2,3,,N,,,,,,,,,,,
2007084631,1000.0,1,0,0,0,0,0,0,0,0,7,0,,67,4,2007,1,39.9752,-75.195,952.0,6,0,0,0,0,0,0,0,0,,0,0,0,9,1,1,1,,0,39 58:30.000,,0,75 11:41.713,3,0,0,0,67301,0,0,0,N,0,0,0,1,67301,0,,2,1,,N,N,,0,,1,0,0,3,2,,952,1,1,0,0,0,0,0,3,4,0,1,3,,N,,,,,,,,,,,
2007084426,1500.0,3,0,0,0,0,0,0,0,0,4,0,,67,8,2007,7,39.9985,-75.2321,1457.0,6,0,0,0,0,0,0,0,0,1.0,0,0,0,14,1,6,2,,1,39 59:58.000,5.0,0,75 13:48.390,3,0,0,0,67301,0,0,0,N,0,0,0,7,46104,3,,1,1,,N,N,,0,,3,0,0,3,3,N,1457,6,3,0,0,1,0,0,3,4,0,3,3,,N,,,,,,,,,,,
2007082269,2024.0,1,0,0,0,0,0,0,0,0,4,1,,67,6,2007,6,39.9103,-75.1509,2023.0,6,0,0,0,0,0,0,0,0,,0,1,0,20,4,2,1,,0,39 54:37.276,,2,75 09:03.431,3,0,0,0,67301,0,0,0,,0,0,0,4,67301,0,,1,1,,,,,0,,2,0,1,3,2,,2022,2,3,0,0,0,0,0,3,4,0,3,3,,N,,,,,,,,,,,
2007080048,2352.0,1,0,0,0,0,0,0,0,0,7,0,,67,7,2007,5,40.015,-75.0773,2347.0,6,0,0,0,0,0,0,0,0,,0,0,0,23,3,1,2,,0,40 00:53.924,,0,75 04:38.153,8,0,0,0,67301,0,0,0,N,0,0,0,1,67301,0,,4,9,,N,N,,0,,0,0,0,3,3,,2347,1,1,0,0,0,1,0,3,4,0,1,7,,N,,,,,,,,,,,
2007080066,1755.0,1,0,0,0,0,0,0,0,0,8,0,,67,6,2007,4,39.9678,-75.1602,1749.0,6,0,0,0,0,0,1,0,0,,0,0,0,17,1,1,1,,0,39 58:04.000,,0,75 09:36.548,4,0,0,0,67301,1,0,0,N,1,0,0,2,67301,1,,1,1,,N,N,,0,,0,0,0,3,3,,1749,1,2,0,0,0,0,0,3,4,0,1,3,,N,,,,,,,,,,,
2007082508,1542.0,2,0,0,0,0,0,0,0,0,4,0,,67,6,2007,2,39.958,-75.2273,1540.0,6,0,0,0,0,0,0,0,0,,0,0,0,15,1,0,1,,0,39 57:28.627,,0,75 13:38.423,0,0,0,0,67301,0,0,0,N,0,0,0,2,67301,0,,1,1,,N,N,,0,,0,0,0,9,3,,1541,0,2,0,0,0,0,0,3,4,0,2,3,,N,,,,,,,,,,,
2007082515,1905.0,1,0,0,1,0,0,0,0,0,4,0,,67,6,2007,4,39.9981,-75.1498,1900.0,6,0,0,0,0,0,0,0,0,,0,0,0,18,1,1,2,,0,39 59:53.221,,0,75 08:59.319,8,0,0,0,67301,1,0,0,N,0,0,0,2,67301,0,,1,1,,N,N,,0,,0,0,0,9,3,,1855,1,2,0,0,0,1,0,3,4,0,1,3,,N,,,,,,,,,,,
2007080216,2300.0,1,0,0,0,0,0,0,0,0,8,0,,67,6,2007,6,40.0097,-75.151,2250.0,6,0,0,0,0,0,0,0,0,,0,0,0,22,3,1,1,,0,40 00:34.000,,0,75 09:03.479,4,0,0,0,67301,1,0,0,N,1,0,0,2,67301,1,,1,1,,N,N,,0,,0,0,0,3,2,,2240,1,2,0,0,0,0,0,3,4,0,1,3,,N,,,,,,,,,,,
2007081862,850.0,1,0,0,0,0,0,0,0,0,8,0,,67,5,2007,2,39.9645,-75.1484,840.0,6,0,0,0,0,0,0,0,0,,0,0,0,8,1,1,0,,0,39 57:52.133,,0,75 08:54.418,4,0,0,0,67301,1,0,0,N,1,0,0,3,67301,1,,1,1,,N,Y,,0,,0,0,0,0,0,,830,1,2,0,0,0,0,0,3,4,0,1,3,,N,,,,,,,,,,,
2007033326,851.0,2,0,0,0,0,0,1,0,0,5,0,,67,1,2007,5,39.9293,-75.1686,842.0,6,0,0,0,0,0,0,0,1,,0,0,0,8,1,0,2,,0,39 55:45.000,,0,75 10:06.859,0,0,0,0,67301,1,0,0,N,0,0,0,4,67301,0,,1,1,,Y,Y,,0,,0,0,0,3,2,,840,0,3,0,0,0,0,0,3,4,0,3,3,,N,,,,,,,,,,,
2007046267,2023.0,2,0,0,0,0,0,0,0,0,4,0,,67,3,2007,7,40.049,-75.1749,2019.0,6,0,0,0,0,0,0,0,0,,0,0,0,20,3,0,1,,0,40 02:56.546,,0,75 10:29.688,0,0,0,0,67301,0,0,0,N,0,0,0,1,67301,0,,1,1,,N,N,,0,,0,0,0,3,2,,2000,0,2,0,0,0,0,0,3,4,0,2,3,,N,,,,,,,,,,,
2007028478,1010.0,1,0,0,0,0,0,0,0,0,2,0,,67,2,2007,6,40.0079,-75.1314,1007.0,6,0,0,0,0,0,0,0,0,,0,0,0,10,1,1,0,,0,40 00:28.537,,0,75 07:52.924,3,0,0,0,67301,0,0,0,N,0,0,0,1,67301,0,,1,1,,N,N,,0,,1,0,0,0,0,,1007,1,2,0,0,0,0,0,3,4,0,2,3,,N,,,,,,,,,,,
2007032964,852.0,2,0,0,0,0,0,0,0,0,4,0,,67,1,2007,3,39.963,-75.1584,850.0,6,0,0,0,0,0,0,0,0,,0,0,0,8,1,1,1,,0,39 57:46.000,,0,75 09:30.342,8,0,0,0,67301,0,0,0,N,0,0,0,4,67301,0,,1,1,,N,N,,0,,0,0,0,3,3,,840,1,2,0,0,0,1,0,3,4,0,2,3,,N,,,,,,,,,,,
2007022102,1627.0,1,0,0,0,0,0,0,0,0,4,0,,67,1,2007,6,40.0045,-75.1321,1627.0,6,0,0,0,0,0,0,0,0,3.0,0,0,0,15,1,3,1,,1,40 00:16.318,1.0,0,75 07:55.437,4,0,0,0,67301,0,0,0,N,0,0,0,4,67301,2,,1,1,,N,N,,0,,0,0,0,3,2,N,1545,3,2,0,0,1,1,0,3,4,1,2,3,,N,,,,,,,,,,,
2007048864,909.0,1,0,0,0,0,0,0,0,0,8,0,,67,2,2007,2,39.9628,-75.1646,901.0,6,0,0,0,0,0,1,0,0,,0,0,0,8,1,1,1,,0,39 57:46.000,,0,75 09:52.682,4,0,0,0,67301,1,0,0,N,1,0,0,2,67301,1,,1,9,,N,N,,0,,0,0,0,3,2,,820,1,2,0,0,0,0,0,3,4,0,1,3,,N,,,,,,,,,,,
2007048871,545.0,1,0,0,0,0,0,0,0,0,2,0,,67,3,2007,1,39.9331,-75.2378,541.0,6,0,0,0,0,0,0,0,0,,0,0,0,5,3,2,0,,0,39 55:59.000,,0,75 14:15.869,4,0,0,0,67301,0,0,0,N,0,0,0,3,67301,2,,1,9,,N,N,,0,,0,0,1,0,0,,534,2,2,0,0,2,0,0,3,4,0,2,7,,N,,,,,,,,,,,
2007056545,1639.0,1,0,0,0,0,0,0,0,0,4,0,,67,4,2007,7,40.0337,-75.0637,1638.0,6,0,0,0,0,0,0,1,0,1.0,0,0,0,99,1,1,0,,1,40 02:01.354,4.0,0,75 03:49.141,4,0,0,1,67301,0,0,0,N,0,0,0,2,67301,1,,1,1,,N,N,,0,,0,0,0,0,0,N,9999,1,2,0,0,0,0,0,3,4,0,2,3,,N,,,,,,,,,,,
2007056549,714.0,1,0,0,0,0,0,0,0,0,4,0,,67,3,2007,6,40.0355,-75.114,708.0,6,0,0,0,0,0,0,1,0,,0,0,0,6,1,3,2,,0,40 02:07.000,,0,75 06:50.478,8,0,0,0,67301,0,0,0,N,0,0,0,3,67301,0,,1,1,,N,N,,0,,0,0,0,3,2,,650,3,2,0,0,0,3,0,3,4,1,2,3,,N,,,,,,,,,,,
2007048904,1627.0,1,0,0,0,0,0,0,0,0,7,0,,67,2,2007,5,39.8779,-75.2512,1607.0,6,0,0,0,0,0,0,0,0,1.0,0,0,0,16,1,0,0,,1,39 52:39.518,1.0,0,75 15:06.845,0,0,0,0,67301,0,0,0,N,0,0,0,1,67301,0,,2,1,,N,N,,0,,0,0,0,0,0,N,1600,0,1,0,0,0,0,0,3,4,0,1,3,,N,,,,,,,,,,,
2007048933,1445.0,2,0,0,0,0,0,0,0,0,4,0,,67,2,2007,4,39.995,-75.1625,1435.0,6,0,0,0,0,0,1,0,0,,0,0,0,14,1,1,2,,0,39 59:41.000,,0,75 09:44.988,8,0,0,0,67301,0,0,0,N,0,0,0,4,67301,0,,1,2,,N,N,,0,,0,0,0,3,3,,1425,1,2,0,0,0,1,2,3,4,0,2,3,,N,,,,,,,,,,,
2007049027,240.0,2,0,0,0,0,0,0,0,0,1,0,,67,2,2007,6,39.9014,-75.2393,238.0,6,0,0,0,0,0,0,0,0,,0,0,0,2,3,0,2,,0,39 54:04.000,,0,75 14:21.456,0,0,0,0,67301,0,0,0,N,0,0,0,2,67301,0,,1,1,,N,N,,0,,0,0,0,3,2,,235,0,2,0,0,0,0,0,3,4,0,2,3,,N,,,,,,,,,,,
2007049047,2005.0,0,0,0,0,0,0,0,0,0,8,0,,67,3,2007,4,40.0155,-75.0633,1957.0,6,0,0,0,0,0,0,0,0,,0,0,0,19,1,1,1,,0,40 00:55.000,,0,75 03:48.040,4,0,0,0,67301,1,0,0,N,1,0,0,2,67301,1,,1,1,,N,N,,1,,0,0,0,3,2,,1910,1,2,0,0,0,0,1,3,4,0,1,3,,N,,,,,,,,,,,
2007066645,1040.0,2,0,0,0,0,0,0,0,0,4,0,,67,5,2007,1,40.0562,-75.1865,1035.0,6,0,0,0,0,0,0,0,0,,0,0,0,10,1,0,2,,0,40 03:22.348,,0,75 11:11.579,0,0,0,0,67301,0,0,0,,0,0,0,2,67301,0,,1,1,,N,N,,0,,0,0,0,3,3,,1011,0,2,0,0,0,0,0,3,4,0,2,3,,N,,,,,,,,,,,
2007056666,1718.0,3,0,0,0,0,0,0,0,0,1,0,,67,4,2007,2,39.9051,-75.1736,1714.0,6,0,0,0,0,0,1,1,0,,0,0,0,17,1,6,0,,0,39 54:18.000,,0,75 10:24.776,4,0,0,0,67301,0,0,0,N,0,0,0,7,67301,6,,1,1,,N,N,,0,,0,0,0,0,0,,1712,6,3,0,0,1,0,0,3,4,0,3,3,,N,,,,,,,,,,,
2007056727,1717.0,2,0,0,0,0,0,0,0,0,4,0,,67,4,2007,7,39.9772,-75.2268,1708.0,6,0,0,0,0,0,0,0,0,,0,0,0,17,1,2,1,,0,39 58:37.000,,0,75 13:36.309,4,0,0,0,67301,0,0,0,N,0,0,0,5,67301,2,,1,1,,N,N,,0,,0,0,0,3,2,,1707,2,2,0,0,5,0,0,3,4,0,2,3,,N,,,,,,,,,,,
2007064500,1621.0,1,0,0,0,0,0,1,0,0,4,1,,67,5,2007,2,39.9922,-75.2018,1616.0,6,0,0,0,0,1,0,0,0,,0,0,0,16,1,4,0,,0,39 59:34.000,,0,75 12:02.437,4,0,0,0,67301,0,0,0,N,0,0,0,6,68K01,4,,1,1,,N,N,,0,,0,0,0,0,0,,1615,4,2,0,0,0,0,0,3,4,0,2,3,,N,,,,,,,,,,,
2007056868,1015.0,1,0,0,0,0,0,0,0,0,4,0,,67,3,2007,4,40.0398,-75.1318,1010.0,6,0,0,0,0,0,0,0,1,,0,0,0,10,1,0,1,,0,40 02:23.262,,0,75 07:54.458,0,0,0,0,67301,0,0,0,N,0,0,0,2,67301,0,,1,1,,N,N,,0,,0,0,1,9,3,,1010,0,2,0,0,0,0,0,3,4,0,2,3,,N,,,,,,,,,,,
2007056881,2120.0,0,0,0,1,0,0,0,0,0,5,0,,67,4,2007,5,39.9828,-75.1422,2120.0,6,0,0,0,0,0,0,0,0,,0,0,0,14,1,1,1,,0,39 58:58.242,,0,75 08:31.963,4,0,0,0,67301,1,0,0,N,0,0,0,2,67301,1,,2,1,,N,N,,1,,0,0,0,3,2,,1445,1,2,0,0,0,0,0,3,4,0,1,3,,N,,,,,,,,,,,
2007057047,545.0,1,0,0,0,0,0,0,0,0,8,0,,67,3,2007,3,39.9976,-75.1202,542.0,6,0,0,0,0,0,0,0,0,1.0,0,0,0,99,1,1,0,,2,39 59:51.432,2.0,0,75 07:12.583,3,0,0,0,67301,1,0,0,N,1,0,0,2,67301,0,,1,1,,N,N,,0,,1,0,0,0,0,N,9999,1,2,0,0,0,0,0,3,4,0,1,3,,N,,,,,,,,,,,
2007046911,642.0,2,0,0,0,0,0,0,0,0,4,0,,67,2,2007,4,,,641.0,6,0,0,0,0,0,0,0,0,,0,0,0,6,1,1,0,,0,,,0,,4,0,0,0,67301,0,0,0,N,0,0,0,3,67301,1,,1,7,,N,N,,0,,0,0,0,0,0,,639,1,2,0,0,1,0,0,3,3,0,2,10,,N,,,,,,,,,,,
2007047042,1858.0,4,0,0,0,0,0,0,0,0,4,0,,67,3,2007,3,40.0421,-75.1821,1856.0,6,0,0,0,0,1,1,0,0,,0,0,0,99,1,2,2,,0,40 02:31.560,,0,75 10:55.560,8,0,0,0,67301,0,0,0,N,0,0,0,4,67301,0,,1,1,,N,N,,0,,0,0,1,3,3,,9999,2,5,0,0,0,2,0,3,4,0,5,3,,N,,,,,,,,,,,
2007099353,1420.0,1,0,0,0,0,0,0,0,0,6,0,,67,8,2007,5,39.9671,-75.2438,1408.0,6,0,0,0,0,0,0,0,0,,0,0,0,99,1,0,1,,0,39 58:01.462,,0,75 14:37.589,0,0,0,0,67301,0,0,0,N,0,0,0,3,67301,0,,1,1,,N,N,,1,,0,0,0,3,3,,9999,0,2,0,0,0,0,0,3,4,0,2,3,,N,,,,,,,,,,,
2007114027,1920.0,3,0,0,0,0,0,0,0,0,7,0,,67,9,2007,6,40.0693,-75.0394,1915.0,6,0,0,0,0,0,1,0,0,9.0,2,0,0,19,4,3,0,,2,40 04:09.000,2.0,0,75 02:21.901,1,0,0,0,67301,0,0,0,N,0,0,0,5,67301,0,2.0,3,1,,N,N,,0,0.0,0,0,0,0,0,Y,1915,3,3,0,0,0,3,0,3,4,0,3,3,,N,,,,,,,,,,,
2007094372,652.0,1,0,0,0,0,0,0,0,0,1,1,,67,7,2007,5,39.9944,-75.1985,650.0,6,0,0,0,0,0,0,0,0,,0,1,0,6,1,0,0,,0,39 59:44.000,,0,75 11:50.698,0,0,0,0,67301,0,0,0,N,0,0,0,2,68K01,0,,1,1,,N,N,,0,,0,0,0,0,0,,646,0,2,0,0,0,0,0,3,4,0,2,3,,N,,,,,,,,,,,