CRN,ARRIVAL_TM,AUTOMOBILE_COUNT,BELTED_DEATH_COUNT,BELTED_SUSP_SERIOUS_INJ_COUNT,BICYCLE_COUNT,BICYCLE_DEATH_COUNT,BICYCLE_SUSP_SERIOUS_INJ_COUNT,BUS_COUNT,CHLDPAS_DEATH_COUNT,CHLDPAS_SUSP_SERIOUS_INJ_COUNT,COLLISION_TYPE,COMM_VEH_COUNT,CONS_ZONE_SPD_LIM,COUNTY,CRASH_MONTH,CRASH_YEAR,DAY_OF_WEEK,DEC_LAT,DEC_LONG,DISPATCH_TM,DISTRICT,DRIVER_COUNT_16YR,DRIVER_COUNT_17YR,DRIVER_COUNT_18YR,DRIVER_COUNT_19YR,DRIVER_COUNT_20YR,DRIVER_COUNT_50_64YR,DRIVER_COUNT_65_74YR,DRIVER_COUNT_75PLUS,EST_HRS_CLOSED,FATAL_COUNT,HEAVY_TRUCK_COUNT,HORSE_BUGGY_COUNT,HOUR_OF_DAY,ILLUMINATION,INJURY_COUNT,INTERSECT_TYPE,INTERSECTION_RELATED,LANE_CLOSED,LATITUDE,LN_CLOSE_DIR,LOCATION_TYPE,LONGITUDE,MAX_SEVERITY_LEVEL,MCYCLE_DEATH_COUNT,MCYCLE_SUSP_SERIOUS_INJ_COUNT,MOTORCYCLE_COUNT,MUNICIPALITY,NONMOTR_COUNT,NONMOTR_DEATH_COUNT,NONMOTR_SUSP_SERIOUS_INJ_COUNT,NTFY_HIWY_MAINT,PED_COUNT,PED_DEATH_COUNT,PED_SUSP_SERIOUS_INJ_COUNT,PERSON_COUNT,POLICE_AGCY,POSSIBLE_INJ_COUNT,RDWY_SURF_TYPE_CD,RELATION_TO_ROAD,ROAD_CONDITION,ROADWAY_CLEARED,SCH_BUS_IND,SCH_ZONE_IND,SECONDARY_CRASH,SMALL_TRUCK_COUNT,SPEC_JURIS_CD,SUSP_MINOR_INJ_COUNT,SUSP_SERIOUS_INJ_COUNT,SUV_COUNT,TCD_FUNC_CD,TCD_TYPE,TFC_DETOUR_IND,TIME_OF_DAY,TOT_INJ_COUNT,TOTAL_UNITS,UNB_DEATH_COUNT,UNB_SUSP_SERIOUS_INJ_COUNT,UNBELTED_OCC_COUNT,UNK_INJ_DEG_COUNT,UNK_INJ_PER_COUNT,URBAN_AREA,URBAN_RURAL,VAN_COUNT,VEHICLE_COUNT,WEATHER1,WEATHER2,WORK_ZONE_IND,WORK_ZONE_LOC,WORK_ZONE_TYPE,WORKERS_PRES,WZ_CLOSE_DETOUR,WZ_FLAGGER,WZ_LAW_OFFCR_IND,WZ_LN_CLOSURE,WZ_MOVING,WZ_OTHER,WZ_SHLDER_MDN,WZ_WORKERS_INJ_KILLED
2007091940,1146.0,2,0,0,0,0,0,0,0,0,4,0,,67,7,2007,2,39.956,-75.1606,1145.0,6,0,0,0,0,0,0,0,0,,0,0,0,11,1,2,1,,0,39 57:21.499,,0,75 09:38.239,4,0,0,0,67301,0,0,0,N,0,0,0,2,67301,2,,1,9,,N,N,,0,,0,0,0,9,2,,1142,2,2,0,0,2,0,0,3,4,0,2,7,,N,,,,,,,,,,,
2007111891,1733.0,1,0,0,0,0,0,0,0,0,4,0,,67,9,2007,2,39.9694,-75.2115,1733.0,6,0,0,0,0,0,0,0,0,,0,0,0,99,1,4,1,,0,39 58:10.000,,0,75 12:41.542,3,0,0,0,67301,0,0,0,N,0,0,0,9,67301,3,,1,1,,N,N,,0,,1,0,2,2,2,,9999,4,3,0,0,0,0,0,3,4,0,3,3,,N,,,,,,,,,,,
2007092285,1350.0,2,0,0,0,0,0,0,0,0,4,0,,67,7,2007,7,39.9495,-75.2251,1343.0,6,0,0,0,1,0,0,0,0,,0,0,0,13,1,1,1,,0,39 56:58.095,,0,75 13:30.251,4,0,0,0,67301,0,0,0,N,0,0,0,2,67301,1,,1,1,,N,N,,0,,0,0,0,0,0,,1335,1,2,0,0,0,0,1,3,4,0,2,3,,N,,,,,,,,,,,
2007092061,2222.0,2,0,0,0,0,0,0,0,0,4,0,,67,7,2007,3,39.9992,-75.1474,2220.0,6,0,0,0,0,0,0,0,0,,0,0,0,22,3,1,1,,0,39 59:57.271,,0,75 08:50.495,4,0,0,0,67301,0,0,0,N,0,0,0,3,67301,1,,1,1,,N,N,,0,,0,0,0,3,2,,2219,1,2,0,0,0,0,0,3,4,0,2,3,,N,,,,,,,,,,,
2007080026,410.0,1,0,0,0,0,0,0,0,0,1,1,,67,6,2007,7,39.9897,-75.0902,401.0,6,0,0,0,0,0,0,0,0,2.0,0,1,0,3,3,1,2,,2,39 59:22.000,6.0,0,75 05:24.610,4,0,0,0,67301,0,0,0,N,0,0,0,2,67301,1,,1,1,,N,N,,0,,0,0,0,0,0,Y,350,1,2,0,0,0,0,0,3,4,0,2,3,,N,,,,,,,,,,,
2007082216,3.0,2,0,0,0,0,0,0,0,0,1,0,,67,6,2007,1,40.0608,-75.0198,0.0,6,0,0,0,0,0,0,0,0,,0,0,0,22,3,2,2,,0,40 03:38.000,,0,75 01:11.353,8,0,0,0,67301,0,0,0,,0,0,0,5,67301,0,,1,1,,N,N,,0,,0,0,0,0,0,,2215,2,2,0,0,0,2,1,3,4,0,2,3,,N,,,,,,,,,,,
2007082255,2350.0,1,0,0,0,0,0,0,0,0,4,0,,67,6,2007,4,39.9754,-75.19,2346.0,6,0,0,0,0,0,0,2,0,,0,0,0,23,3,1,2,,0,39 58:31.000,,0,75 11:23.825,8,0,0,0,67301,0,0,0,N,0,0,0,2,67301,0,,1,1,,N,N,,1,,0,0,0,3,2,,2330,1,2,0,0,0,1,0,3,4,0,2,3,,N,,,,,,,,,,,
2007082272,220.0,2,0,0,0,0,0,0,0,0,4,0,,67,6,2007,2,39.9191,-75.1581,218.0,6,0,0,0,0,1,0,0,0,,0,0,0,2,3,1,0,,0,39 55:08.680,,0,75 09:29.109,4,0,0,0,67301,0,0,0,N,0,0,0,1,67301,1,,1,1,,N,N,,0,,0,0,1,0,0,,210,1,3,0,0,0,0,0,3,4,0,3,3,,N,,,,,,,,,,,
2007080050,2111.0,1,0,0,0,0,0,0,0,0,8,0,,67,6,2007,4,39.9989,-75.1091,2106.0,6,0,0,0,0,0,0,0,0,,0,0,0,99,3,1,0,,0,39 59:56.036,,0,75 06:32.727,3,0,0,0,67301,1,0,0,N,1,0,0,2,67301,0,,1,1,,N,N,,0,,1,0,0,0,0,,9999,1,2,0,0,0,0,0,3,4,0,1,3,,N,,,,,,,,,,,
2007080207,1302.0,1,0,0,0,0,0,1,0,0,4,1,,67,6,2007,5,39.9579,-75.2018,1300.0,6,0,0,0,1,0,1,0,0,,0,0,0,12,1,3,1,,0,39 57:28.314,,0,75 12:06.598,8,0,0,0,67301,0,0,0,N,0,0,0,5,67301,0,,1,1,,N,N,,0,,0,0,0,3,3,,1255,3,2,0,0,0,3,0,3,4,0,2,3,,N,,,,,,,,,,,
2007058134,9999.0,1,0,0,0,0,0,0,0,0,7,0,,67,4,2007,6,39.8946,-75.2367,1.0,6,0,0,0,0,0,0,0,0,,0,0,0,23,3,2,1,,0,39 53:40.000,,0,75 14:12.181,8,0,0,0,67301,0,0,0,N,0,0,0,2,67301,0,,2,1,,N,N,,0,,0,0,0,3,2,,2350,2,1,0,0,0,2,0,3,4,0,1,3,,N,,,,,,,,,,,
2007058144,925.0,2,0,0,0,0,0,1,0,0,1,1,,67,3,2007,5,39.9781,-75.1114,915.0,6,0,0,0,1,0,1,0,0,1.0,0,0,0,9,1,0,0,,1,39 58:40.000,2.0,0,75 06:42.807,0,0,0,0,67301,0,0,0,N,0,0,0,4,67301,0,,1,1,,Y,N,,0,,0,0,0,0,0,N,910,0,4,0,0,0,0,0,3,4,1,4,3,,N,,,,,,,,,,,
2007058146,617.0,1,0,0,0,0,0,0,0,0,7,0,,67,4,2007,5,39.9575,-75.1587,610.0,6,0,0,0,0,1,1,0,0,1.0,0,0,0,6,1,1,0,,1,39 57:26.000,4.0,1,75 09:31.189,3,0,0,0,67301,0,0,0,N,0,0,0,2,67301,0,,2,9,,N,N,,0,,1,0,0,0,0,Y,605,1,2,0,0,0,0,0,3,4,1,2,3,,N,,,,,,,,,,,
2007058012,1239.0,1,0,0,0,0,0,0,0,0,8,0,,67,3,2007,5,39.9628,-75.2346,1236.0,6,0,0,0,0,0,0,0,1,,0,0,0,12,1,1,1,,0,39 57:46.033,,0,75 14:04.433,8,0,0,0,67301,1,0,0,N,1,0,0,2,67301,0,,1,1,,N,N,,0,,0,0,0,0,0,,1234,1,2,0,0,0,1,0,3,4,0,1,3,,N,,,,,,,,,,,
2007058043,750.0,1,0,0,0,0,0,0,0,0,1,0,,67,4,2007,3,40.0138,-75.1256,746.0,6,0,0,0,0,0,0,0,0,,0,0,0,7,1,1,0,,0,40 00:49.597,,7,75 07:32.196,8,0,0,0,67301,0,0,0,,0,0,0,3,67301,0,,1,9,,,,,0,,0,0,0,9,2,,745,1,2,0,0,0,1,0,3,4,1,2,3,,N,,,,,,,,,,,
2007057764,2014.0,2,0,0,0,0,0,0,0,0,5,0,,67,4,2007,6,40.0115,-75.1541,2010.0,6,0,0,0,0,0,1,0,0,1.0,0,0,0,20,3,2,0,,2,40 00:41.227,1.0,0,75 09:14.663,8,0,0,0,67301,2,0,0,N,2,0,0,3,67301,0,,6,1,,N,N,,0,,0,0,2,0,0,N,2009,2,1,0,0,0,2,0,3,4,0,4,3,,N,,,,,,,,,,,
2007046238,1600.0,1,0,0,0,0,0,0,0,0,4,0,,67,2,2007,2,40.0271,-75.0411,1554.0,6,0,0,0,0,0,0,0,0,,0,0,0,15,1,1,1,,0,40 01:37.000,,0,75 02:27.884,3,0,0,0,67301,0,0,0,N,0,0,0,2,67301,0,,1,1,,N,N,,0,,1,0,1,3,2,,1550,1,2,0,0,0,0,0,3,4,0,2,3,,N,,,,,,,,,,,
2007046271,1540.0,1,0,0,0,0,0,0,0,0,1,0,,67,3,2007,7,40.0489,-75.0123,1540.0,6,0,0,0,0,0,0,0,0,,0,1,0,15,1,1,0,,0,40 02:56.000,,0,75 00:44.056,8,0,0,0,67301,0,0,0,N,0,0,0,2,67301,0,,1,1,,N,N,,0,,0,0,0,3,2,,1530,1,2,0,0,0,1,0,3,4,0,2,3,,N,,,,,,,,,,,
2007046296,1320.0,2,0,0,0,0,0,0,0,0,4,1,,67,3,2007,5,40.0048,-75.1522,1313.0,6,0,0,0,0,0,1,0,0,9.0,0,1,0,13,1,1,0,,1,40 00:17.000,2.0,0,75 09:07.967,3,0,0,0,67301,0,0,0,N,0,0,0,2,67301,0,,1,1,,N,N,,0,,1,0,0,0,0,N,1300,1,3,0,0,1,0,0,3,4,0,3,3,,N,,,,,,,,,,,
2007028472,214.0,2,0,0,0,0,0,0,0,0,1,0,,67,1,2007,1,40.0161,-75.1759,214.0,6,0,0,0,1,0,0,0,0,1.0,0,0,0,2,3,2,0,,2,40 00:57.862,2.0,0,75 10:33.186,4,0,0,0,67301,0,0,0,N,0,0,0,3,67301,2,,1,1,,N,N,,0,,0,0,0,0,0,N,214,2,2,0,0,0,0,0,3,4,0,2,3,,N,,,,,,,,,,,
2007027992,2318.0,1,0,0,0,0,0,0,0,0,7,0,,67,1,2007,6,40.1022,-74.9817,2318.0,6,0,0,0,0,0,0,0,0,2.0,0,0,0,23,3,1,0,,2,40 06:07.984,6.0,0,74 58:54.271,3,0,0,0,67301,0,0,0,N,0,0,0,1,67301,0,,5,1,,N,N,,0,,1,0,0,0,0,Y,2310,1,1,0,0,0,0,0,3,4,0,1,3,,N,,,,,,,,,,,
2007048874,2150.0,2,0,0,0,0,0,0,0,0,1,0,,67,2,2007,4,39.9412,-75.1948,2140.0,6,0,0,0,0,0,0,0,0,1.0,0,0,0,21,3,4,0,,1,39 56:34.000,4.0,0,75 11:35.946,3,0,0,0,67301,0,0,0,N,0,0,0,4,67301,2,,1,1,,N,N,,0,,2,0,0,0,0,N,2138,4,2,0,0,0,0,0,3,4,0,2,3,,N,,,,,,,,,,,
2007056531,2125.0,2,0,0,0,0,0,0,0,0,1,0,,67,4,2007,7,39.987,-75.0878,2120.0,6,0,0,0,0,0,0,0,0,,0,0,0,21,3,1,7,,0,39 59:13.200,,2,75 05:16.080,3,0,0,0,67301,0,0,0,,0,0,0,2,67301,0,,1,9,,N,N,,0,,1,0,0,3,2,,2117,1,2,0,0,0,0,0,3,4,0,2,7,,N,,,,,,,,,,,
2007048949,1535.0,0,0,0,0,0,0,0,0,0,1,0,,67,3,2007,6,39.9572,-75.1576,1530.0,6,0,0,0,0,0,0,0,0,1.0,0,0,0,15,1,4,0,,2,39 57:25.962,3.0,0,75 09:27.296,3,0,0,0,67301,0,0,0,Y,0,0,0,4,67301,0,,1,1,,N,N,,0,,4,0,1,0,0,N,1527,4,2,0,0,0,0,0,3,4,1,2,3,,N,,,,,,,,,,,
2007048961,235.0,1,0,0,0,0,0,0,0,0,7,0,,67,3,2007,2,39.8761,-75.2691,223.0,6,0,0,0,0,0,0,0,0,1.0,0,0,0,2,3,4,0,,2,39 52:33.877,1.0,0,75 16:08.890,2,0,0,0,67301,0,0,0,Y,0,0,0,4,67301,0,,2,1,,N,N,,0,,0,4,0,0,0,N,219,4,1,0,4,4,0,0,3,4,0,1,3,,N,,,,,,,,,,,
2007049005,1335.0,1,0,0,0,0,0,0,0,0,2,0,,67,2,2007,5,40.0945,-75.015,1330.0,6,0,0,0,0,0,0,0,0,,0,1,0,13,1,1,1,,0,40 05:40.000,,0,75 00:54.109,8,0,0,0,67301,0,0,0,N,0,0,0,2,67301,0,,1,9,,N,N,,0,,0,0,0,3,2,,1318,1,2,0,0,0,1,0,3,4,0,2,7,,N,,,,,,,,,,,
2007049040,1618.0,2,0,0,0,0,0,0,0,0,4,0,,67,3,2007,6,39.9134,-75.1651,1615.0,6,0,0,0,0,0,0,1,0,,0,0,0,99,1,3,1,,0,39 54:48.124,,0,75 09:54.367,3,0,0,0,67301,0,0,0,N,0,0,0,4,67301,0,,1,1,,N,N,,1,,3,0,0,3,2,,9999,3,3,0,0,0,0,0,3,4,0,3,3,,N,,,,,,,,,,,
2007117271,1405.0,2,0,0,0,0,0,0,0,0,4,0,,67,10,2007,3,40.02,-75.1522,1400.0,6,0,0,0,0,1,0,0,1,,0,0,0,13,1,2,2,,0,40 01:12.005,,0,75 09:07.946,4,0,0,0,67301,0,0,0,,0,0,0,3,67301,1,,1,1,,N,N,,0,,0,0,0,3,3,,1330,2,2,0,0,0,1,0,3,4,0,2,3,,N,,,,,,,,,,,
2007117305,2058.0,1,0,0,0,0,0,0,0,0,1,0,,67,10,2007,5,39.8836,-75.2515,2053.0,6,0,0,0,0,0,1,0,0,,0,0,0,20,3,1,2,,0,39 53:01.000,,0,75 15:05.833,8,0,0,0,67301,0,0,0,N,0,0,0,3,67301,0,,1,9,,N,N,,0,,0,0,1,3,2,,2030,1,3,0,0,0,1,0,3,4,1,3,98,,N,,,,,,,,,,,
2007080756,858.0,3,0,0,0,0,0,0,0,0,1,0,,67,8,2007,2,39.9934,-75.2433,858.0,6,0,0,0,0,0,0,0,0,1.0,0,0,0,8,1,0,0,,1,39 59:37.000,2.0,0,75 14:33.903,0,0,0,0,67301,0,0,0,N,0,0,0,3,46104,0,,1,1,,N,N,,0,,0,0,0,0,0,N,858,0,3,0,0,0,0,0,3,4,0,3,3,,N,,,,,,,,,,,
2007080973,9999.0,2,0,0,0,0,0,0,0,0,4,0,,67,6,2007,3,40.0311,-75.1778,9999.0,6,0,0,0,0,0,0,1,0,,0,0,0,21,3,0,2,,0,40 01:51.956,,0,75 10:40.006,0,0,0,0,67301,0,0,0,N,0,0,0,2,67301,0,,1,1,,N,N,,0,,0,0,0,0,0,,2154,0,2,0,0,2,0,0,3,4,0,2,3,,N,,,,,,,,,,,
2007056658,950.0,2,0,0,0,0,0,0,0,0,1,0,,67,3,2007,6,39.9157,-75.1628,950.0,6,0,0,0,0,0,0,0,0,1.0,0,0,0,9,1,2,1,,2,39 54:56.483,4.0,0,75 09:46.254,4,0,0,0,67301,0,0,0,N,0,0,0,4,67301,2,,1,1,,N,N,,1,,0,0,0,3,2,N,947,2,3,0,0,0,0,0,3,4,0,3,3,,N,,,,,,,,,,,
2007056675,1158.0,2,0,0,0,0,0,0,0,0,1,0,,67,4,2007,2,39.9583,-75.1802,1155.0,6,0,0,0,0,0,0,0,0,1.0,0,0,0,11,1,1,0,,1,39 57:35.000,4.0,0,75 10:51.686,4,0,0,0,67301,0,0,0,N,0,0,0,5,67301,1,,1,1,,N,N,,0,,0,0,0,0,0,N,1155,1,2,0,0,0,0,0,3,4,0,2,3,,N,,,,,,,,,,,
2007056693,110.0,2,0,0,0,0,0,0,0,0,1,0,,67,4,2007,7,40.0586,-75.0089,107.0,6,0,0,0,0,0,0,0,0,,0,0,0,1,3,3,2,,0,40 03:31.094,,0,75 00:31.979,8,0,0,0,67301,0,0,0,N,0,0,0,3,67301,0,,1,1,,N,N,,0,,0,0,0,0,0,,105,3,2,0,0,0,3,0,3,4,0,2,3,,N,,,,,,,,,,,
2007056737,1700.0,0,0,0,0,0,0,0,0,0,8,0,,67,3,2007,4,40.035,-75.0524,1651.0,6,0,0,0,0,0,1,0,0,,0,0,0,16,1,1,0,,0,40 02:06.000,,0,75 03:08.499,8,0,0,0,67301,1,0,0,N,1,0,0,2,67301,0,,1,1,,N,N,,0,,0,0,1,0,0,,1650,1,2,0,0,0,1,0,3,4,0,1,3,,N,,,,,,,,,,,
2007056745,2245.0,5,0,0,0,0,0,0,0,0,5,0,,67,4,2007,6,39.9952,-75.126,2240.0,6,0,0,0,0,0,0,1,0,,0,0,0,22,3,1,0,,0,39 59:42.784,,0,75 07:33.730,8,0,0,0,67301,0,0,0,N,0,0,0,1,67301,0,,6,1,,N,N,,0,,0,0,1,0,0,,2239,1,7,0,0,0,1,0,3,4,1,7,3,,N,,,,,,,,,,,
2007056747,837.0,1,0,0,0,0,0,0,0,0,7,0,,67,4,2007,4,39.9303,-75.2433,829.0,6,0,0,0,0,0,0,0,0,,0,0,0,8,1,1,0,,0,39 55:48.000,,0,75 14:35.982,8,0,0,0,67301,0,0,0,N,0,0,0,1,67301,0,,2,9,,N,N,,0,,0,0,0,0,0,,829,1,1,0,0,1,1,0,3,4,0,1,7,,N,,,,,,,,,,,
2007057015,803.0,0,0,0,0,0,0,0,0,0,8,0,,67,4,2007,2,40.0331,-75.107,800.0,6,0,0,0,0,0,0,0,0,,0,0,0,7,1,1,2,,0,40 01:58.000,,0,75 06:24.015,2,0,0,0,67301,1,0,1,N,1,0,1,2,67301,0,,1,1,,N,,,0,,0,1,1,0,0,,755,1,2,0,0,0,0,0,3,4,0,1,3,,N,,,,,,,,,,,
2007057046,1040.0,1,0,0,0,0,0,0,0,0,4,0,,67,4,2007,2,40.0104,-75.1473,1036.0,6,0,0,0,0,0,0,0,1,,0,0,0,10,1,0,2,,0,40 00:37.339,,0,75 08:50.405,0,0,0,0,67301,0,0,0,N,0,0,0,2,67301,0,,1,9,,N,N,,1,,0,0,0,9,3,,1008,0,2,0,0,2,0,0,3,4,0,2,7,,N,,,,,,,,,,,
2007046882,2346.0,2,0,0,0,0,0,0,0,0,4,0,,67,3,2007,7,39.9546,-75.1447,2340.0,6,0,0,0,0,0,0,0,0,2.0,0,0,0,23,3,1,1,,1,39 57:16.398,3.0,0,75 08:41.020,8,0,0,0,67301,0,0,0,N,0,0,0,4,67301,0,,1,1,,N,N,,0,,0,0,0,3,3,N,2305,1,2,0,0,1,1,0,3,4,0,2,3,,N,,,,,,,,,,,
2007046917,1544.0,2,0,0,0,0,0,0,0,0,1,0,,67,3,2007,6,39.9384,-75.1985,1539.0,6,0,0,0,0,0,1,0,0,,0,0,0,15,1,1,0,,0,39 56:15.000,,0,75 11:55.704,8,0,0,0,67301,0,0,0,N,0,0,0,2,67301,0,,1,2,,N,N,,0,,0,0,0,3,2,,1537,1,2,0,0,0,1,0,3,4,0,2,9,,N,,,,,,,,,,,
2007047060,1635.0,1,0,0,0,0,0,1,0,0,2,1,,67,2,2007,5,39.9379,-75.1667,1632.0,6,0,0,0,0,0,1,0,0,9.0,0,0,0,16,1,2,1,,1,39 56:16.000,4.0,0,75 10:00.162,4,0,0,0,67301,0,0,0,N,0,0,0,3,67301,2,,1,1,,N,N,,0,,0,0,0,3,2,N,1622,2,2,0,0,0,0,0,3,4,0,2,3,,N,,,,,,,,,,,
2007047128,1514.0,1,0,0,0,0,0,1,0,0,5,1,,67,3,2007,5,39.9636,-75.228,1514.0,6,0,0,0,0,0,0,0,0,,0,0,0,15,1,1,1,,0,39 57:48.790,,0,75 13:40.864,8,0,0,0,67301,0,0,0,N,0,0,0,3,67301,0,,1,1,,Y,N,,0,,0,0,0,3,3,,1514,1,2,0,0,0,1,0,3,4,0,2,3,,N,,,,,,,,,,,
2007047148,1813.0,1,0,0,0,0,0,0,0,0,8,0,,67,2,2007,7,39.9912,-75.1232,1811.0,6,0,0,0,0,0,0,0,0,,0,0,0,18,3,1,0,,0,39 59:28.236,,0,75 07:23.376,4,0,0,0,67301,1,0,0,N,1,0,0,3,67301,1,,1,9,,N,N,,0,,0,0,0,0,0,,1810,1,2,0,0,0,0,0,3,4,0,1,3,,N,,,,,,,,,,,
2007111515,900.0,2,0,0,0,0,0,0,0,0,4,0,,67,9,2007,3,39.9876,-75.1412,900.0,6,0,0,0,0,0,0,0,0,9.0,0,0,0,9,1,1,1,,2,39 59:15.183,7.0,0,75 08:28.377,4,0,0,0,67301,0,0,0,N,0,0,0,2,67301,1,,1,1,,N,N,,0,,0,0,2,3,2,Y,900,1,4,0,0,0,0,0,3,4,0,4,3,,N,,,,,,,,,,,
2007092188,9999.0,2,0,0,0,0,0,0,0,0,1,0,,67,7,2007,3,40.0177,-75.1721,9999.0,6,0,0,0,0,0,0,0,0,9.0,0,0,0,15,1,1,0,,1,40 01:03.000,1.0,0,75 10:19.336,4,0,0,0,67301,0,0,0,,0,0,0,2,67301,1,,1,1,,,,,0,,0,0,0,0,0,N,1530,1,2,0,0,0,0,0,3,4,0,2,3,,N,,,,,,,,,,,
2007109145,209.0,1,0,0,0,0,0,0,0,0,4,0,,67,9,2007,3,40.0201,-75.0431,204.0,6,0,0,0,0,0,0,0,0,,0,0,0,1,3,1,1,,0,40 01:12.000,,0,75 02:35.004,8,0,0,0,67301,0,0,0,N,0,0,0,3,67301,0,,1,1,,N,N,,1,,0,0,0,3,2,,158,1,2,0,0,0,1,0,3,4,0,2,3,,N,,,,,,,,,,,
2007091962,859.0,1,0,0,0,0,0,0,0,0,1,0,,67,7,2007,2,40.0101,-75.1214,857.0,6,0,0,1,0,0,0,0,0,,0,0,0,8,1,1,1,,0,40 00:36.000,,0,75 07:17.179,4,0,0,0,67301,0,0,0,N,0,0,0,2,67301,1,,1,9,,N,N,,0,,0,0,0,3,2,,857,1,2,0,0,0,0,0,3,4,1,2,7,,N,,,,,,,,,,,
2007091963,1620.0,2,0,0,0,0,0,0,0,0,5,0,,67,7,2007,6,40.1061,-75.053,1612.0,6,0,0,0,0,0,0,0,0,,0,0,0,16,1,1,0,,0,40 06:22.000,,0,75 03:10.670,4,0,0,0,67301,0,0,0,N,0,0,0,2,67301,1,,1,1,,N,N,,0,,0,0,0,0,0,,1610,1,2,0,0,0,0,0,3,4,0,2,3,,N,,,,,,,,,,,
2007091985,1918.0,1,0,0,1,0,0,0,0,0,5,0,,67,7,2007,7,40.0645,-75.0516,1913.0,6,0,0,0,0,0,0,0,0,,0,0,0,19,1,1,0,,0,40 03:52.000,,0,75 03:05.717,3,0,0,0,67301,1,0,0,,0,0,0,2,67301,0,,2,1,,,,,0,,1,0,0,0,0,,1910,1,2,0,0,0,0,0,3,4,0,1,3,,N,,,,,,,,,,,
2007092274,2015.0,0,0,0,0,0,0,0,0,0,0,0,,67,7,2007,1,39.9595,-75.2335,2001.0,6,0,0,0,0,0,0,0,0,1.0,0,0,0,19,1,1,0,,1,39 57:34.000,3.0,7,75 14:00.615,8,0,0,1,67301,0,0,0,N,0,0,0,1,67301,0,,1,1,,N,N,,0,,0,0,0,0,0,N,1955,1,2,0,0,0,1,0,3,4,0,1,3,,N,,,,,,,,,,,
2007092052,102.0,2,0,0,0,0,0,0,0,0,1,0,,67,7,2007,6,40.0355,-75.0697,58.0,6,0,0,0,0,0,1,0,0,1.0,0,0,0,0,3,3,0,,2,40 02:07.000,4.0,0,75 04:11.716,4,0,0,0,67301,0,0,0,N,0,0,0,9,67301,3,,1,1,,N,N,,1,,0,0,1,0,0,Y,55,3,4,0,0,0,0,0,3,4,0,4,3,,N,,,,,,,,,,,
2007092064,1149.0,1,0,0,0,0,0,0,0,0,1,1,,67,7,2007,5,39.9517,-75.1584,1145.0,6,0,0,0,0,0,0,0,0,,0,1,0,11,1,1,0,,0,39 57:06.000,,0,75 09:30.326,4,0,0,0,67301,1,0,0,N,1,0,0,2,67301,1,,1,1,,N,N,,0,,0,0,0,0,0,,1140,1,3,0,0,0,0,0,3,4,0,2,3,,N,,,,,,,,,,,
2007091896,707.0,1,0,0,0,0,0,0,0,0,2,0,,67,7,2007,4,40.0287,-75.2055,659.0,6,0,0,0,0,0,0,0,0,,0,0,0,6,1,1,1,,0,40 01:43.000,,0,75 12:20.348,3,0,0,0,67301,0,0,0,,0,0,0,2,67301,0,,1,9,,,,,1,,1,0,0,3,2,,640,1,2,0,0,1,0,1,3,4,0,2,7,,N,,,,,,,,,,,
2007082392,1310.0,1,0,0,0,0,0,0,0,0,2,0,,67,6,2007,6,40.0455,-75.0883,1300.0,6,0,0,0,1,0,1,0,0,,0,0,0,13,1,1,1,,0,40 02:43.000,,0,75 05:17.937,4,0,0,0,67301,0,0,0,,0,0,0,2,67301,1,,1,1,,,,,1,,0,0,0,3,2,,1300,1,2,0,0,0,0,0,3,4,0,2,3,,N,,,,,,,,,,,
2007082488,1700.0,0,0,0,0,0,0,0,0,0,1,0,,67,6,2007,5,39.9806,-75.1725,1650.0,6,0,0,0,0,0,2,0,0,2.0,0,0,0,99,1,1,1,,1,39 58:50.000,5.0,0,75 10:21.025,4,0,0,0,67301,0,0,0,,0,0,0,6,67301,1,,1,1,,N,N,,0,,0,0,1,3,2,N,9999,1,2,0,0,0,0,0,3,4,1,2,3,,N,,,,,,,,,,,
2007080020,1155.0,2,0,0,0,0,0,0,0,0,1,0,,67,6,2007,2,39.9342,-75.1675,1150.0,6,0,0,0,0,0,0,0,0,,0,0,0,11,1,0,1,,0,39 56:02.000,,0,75 10:03.046,9,0,0,0,67301,0,0,0,N,0,0,0,2,67301,0,,1,1,,N,N,,0,,0,0,0,3,2,,1145,0,2,0,0,0,0,1,3,4,0,2,3,,N,,,,,,,,,,,
2007082256,1234.0,2,0,0,0,0,0,0,0,0,4,0,,67,6,2007,5,39.9624,-75.1964,1233.0,6,0,0,0,0,0,1,0,0,,0,0,0,12,1,1,0,,0,39 57:44.000,,0,75 11:47.200,8,0,0,0,67301,0,0,0,,0,0,0,1,67301,0,,6,1,,N,N,,0,,0,0,1,0,0,,1200,1,3,0,0,0,1,0,3,4,0,3,3,,N,,,,,,,,,,,
2007082266,40.0,1,0,0,0,0,0,0,0,0,7,0,,67,7,2007,5,40.0167,-75.2025,34.0,6,0,0,0,0,0,0,0,0,,0,0,0,0,3,0,0,,0,40 01:00.200,,0,75 12:09.100,0,0,0,0,67301,0,0,0,N,0,0,0,1,67301,0,,3,9,,N,N,,0,,0,0,0,0,0,,30,0,1,0,0,0,0,0,3,4,0,1,7,,N,,,,,,,,,,,