CRN,ARRIVAL_TM,AUTOMOBILE_COUNT,BELTED_DEATH_COUNT,BELTED_SUSP_SERIOUS_INJ_COUNT,BICYCLE_COUNT,BICYCLE_DEATH_COUNT,BICYCLE_SUSP_SERIOUS_INJ_COUNT,BUS_COUNT,CHLDPAS_DEATH_COUNT,CHLDPAS_SUSP_SERIOUS_INJ_COUNT,COLLISION_TYPE,COMM_VEH_COUNT,CONS_ZONE_SPD_LIM,COUNTY,CRASH_MONTH,CRASH_YEAR,DAY_OF_WEEK,DEC_LAT,DEC_LONG,DISPATCH_TM,DISTRICT,DRIVER_COUNT_16YR,DRIVER_COUNT_17YR,DRIVER_COUNT_18YR,DRIVER_COUNT_19YR,DRIVER_COUNT_20YR,DRIVER_COUNT_50_64YR,DRIVER_COUNT_65_74YR,DRIVER_COUNT_75PLUS,EST_HRS_CLOSED,FATAL_COUNT,HEAVY_TRUCK_COUNT,HORSE_BUGGY_COUNT,HOUR_OF_DAY,ILLUMINATION,INJURY_COUNT,INTERSECT_TYPE,INTERSECTION_RELATED,LANE_CLOSED,LATITUDE,LN_CLOSE_DIR,LOCATION_TYPE,LONGITUDE,MAX_SEVERITY_LEVEL,MCYCLE_DEATH_COUNT,MCYCLE_SUSP_SERIOUS_INJ_COUNT,MOTORCYCLE_COUNT,MUNICIPALITY,NONMOTR_COUNT,NONMOTR_DEATH_COUNT,NONMOTR_SUSP_SERIOUS_INJ_COUNT,NTFY_HIWY_MAINT,PED_COUNT,PED_DEATH_COUNT,PED_SUSP_SERIOUS_INJ_COUNT,PERSON_COUNT,POLICE_AGCY,POSSIBLE_INJ_COUNT,RDWY_SURF_TYPE_CD,RELATION_TO_ROAD,ROAD_CONDITION,ROADWAY_CLEARED,SCH_BUS_IND,SCH_ZONE_IND,SECONDARY_CRASH,SMALL_TRUCK_COUNT,SPEC_JURIS_CD,SUSP_MINOR_INJ_COUNT,SUSP_SERIOUS_INJ_COUNT,SUV_COUNT,TCD_FUNC_CD,TCD_TYPE,TFC_DETOUR_IND,TIME_OF_DAY,TOT_INJ_COUNT,TOTAL_UNITS,UNB_DEATH_COUNT,UNB_SUSP_SERIOUS_INJ_COUNT,UNBELTED_OCC_COUNT,UNK_INJ_DEG_COUNT,UNK_INJ_PER_COUNT,URBAN_AREA,URBAN_RURAL,VAN_COUNT,VEHICLE_COUNT,WEATHER1,WEATHER2,WORK_ZONE_IND,WORK_ZONE_LOC,WORK_ZONE_TYPE,WORKERS_PRES,WZ_CLOSE_DETOUR,WZ_FLAGGER,WZ_LAW_OFFCR_IND,WZ_LN_CLOSURE,WZ_MOVING,WZ_OTHER,WZ_SHLDER_MDN,WZ_WORKERS_INJ_KILLED
2007081816,2336.0,1,0,0,0,0,0,0,0,0,8,0,,67,6,2007,5,39.9541,-75.1778,2336.0,6,0,0,0,0,0,0,0,0,,0,0,0,23,3,1,1,,0,39 57:14.000,,0,75 10:40.392,4,0,0,0,67301,1,0,0,,1,0,0,2,67301,1,,1,9,,N,N,,0,,0,0,0,0,0,,2336,1,2,0,0,0,0,0,3,4,0,1,3,,N,,,,,,,,,,,
2007057989,37.0,2,0,0,0,0,0,0,0,0,4,0,,67,4,2007,1,39.9546,-75.1648,32.0,6,0,0,0,0,0,0,0,0,,0,0,0,0,3,0,1,,0,39 57:16.560,,0,75 09:53.280,0,0,0,0,67301,0,0,0,N,0,0,0,6,67301,0,,1,9,,N,N,,0,,0,0,0,2,2,,30,0,2,0,0,0,0,0,3,4,0,2,7,,N,,,,,,,,,,,
2007057781,1131.0,0,0,0,0,0,0,0,0,0,4,0,,67,3,2007,6,40.0456,-75.0714,1127.0,6,0,0,0,0,0,0,0,0,,0,0,0,11,1,0,2,,0,40 02:44.000,,0,75 04:17.168,0,0,0,0,67301,0,0,0,,0,0,0,3,67301,0,,1,1,,,,,1,,0,0,1,3,2,,1120,0,2,0,0,0,0,0,3,4,0,2,98,,N,,,,,,,,,,,
2007046241,144.0,1,0,0,0,0,0,0,0,0,7,0,,67,2,2007,3,39.9552,-75.2259,144.0,6,0,0,0,0,0,0,0,0,,0,0,0,1,3,1,1,,0,39 57:18.000,,0,75 13:33.116,4,0,0,0,67301,0,0,0,N,0,0,0,1,67301,1,,4,9,,N,N,,0,,0,0,0,0,0,,142,1,1,0,0,1,0,0,3,4,0,1,3,,N,,,,,,,,,,,
2007046281,1700.0,2,0,0,0,0,0,0,0,0,4,0,,67,2,2007,4,39.9597,-75.1558,1655.0,6,0,0,0,0,1,1,0,0,,0,0,0,16,1,1,1,,0,39 57:34.905,,0,75 09:21.056,8,0,0,0,67301,0,0,0,N,0,0,0,3,67301,0,,1,1,,N,N,,0,,0,0,0,3,3,,1650,1,2,0,0,0,1,0,3,4,0,2,3,,N,,,,,,,,,,,
2007051092,1800.0,1,0,0,0,0,0,0,0,0,8,0,,67,3,2007,5,39.9941,-75.1743,1745.0,6,0,0,0,0,0,0,0,0,,0,0,0,17,1,1,0,,0,39 59:38.828,,0,75 10:27.516,8,0,0,0,67301,2,0,0,N,2,0,0,3,67301,0,,1,1,,N,Y,,0,,0,0,0,0,0,,1730,1,3,0,0,1,1,0,3,4,0,1,3,,N,,,,,,,,,,,
2007048889,355.0,1,0,0,0,0,0,0,0,0,7,0,,67,3,2007,7,39.8763,-75.2594,341.0,6,0,0,0,0,0,0,0,0,,0,0,0,3,3,0,0,,0,39 52:34.748,,0,75 15:33.726,0,0,0,0,67301,0,0,0,N,0,0,0,1,67301,0,,2,1,,N,N,,0,,0,0,0,0,0,,341,0,1,0,0,0,0,0,3,4,0,1,3,,N,,,,,,,,,,,
2007048943,1115.0,0,0,0,0,0,0,0,0,0,7,0,,67,2,2007,4,39.9228,-75.2194,1100.0,6,0,0,0,0,0,0,0,0,,0,0,0,11,1,0,0,,0,39 55:22.033,,0,75 13:09.843,0,0,0,0,67301,0,0,0,N,0,0,0,1,67301,0,,5,9,,N,N,,0,,0,0,1,3,2,,1100,0,1,0,0,0,0,0,3,4,0,1,9,,N,,,,,,,,,,,
2007048971,1652.0,1,0,0,0,0,0,0,0,0,1,1,,67,2,2007,5,40.0124,-75.0877,1648.0,6,0,0,0,0,0,1,0,0,9.0,0,1,0,16,1,0,2,,2,40 00:44.000,4.0,0,75 05:15.453,0,0,0,0,67301,0,0,0,N,0,0,0,1,67301,0,,1,6,,N,N,,0,,0,0,1,0,0,Y,1630,0,4,0,0,0,0,0,3,4,1,4,3,,N,,,,,,,,,,,
2007049018,1620.0,1,0,0,0,0,0,1,0,0,1,1,,67,2,2007,4,39.9549,-75.2087,1613.0,6,0,0,0,0,0,1,0,0,,0,0,0,16,1,1,2,,0,39 57:17.000,,0,75 12:31.268,4,0,0,0,67301,0,0,0,N,0,0,0,2,67301,1,,1,6,,N,N,,0,,0,0,0,3,2,,1600,1,2,0,0,0,0,0,3,4,0,2,3,,N,,,,,,,,,,,
2007049052,1850.0,2,0,0,0,0,0,0,0,0,4,0,,67,2,2007,1,40.0804,-74.9771,1845.0,6,0,0,0,0,0,0,1,0,,0,0,0,18,3,2,1,,0,40 04:49.000,,0,74 58:37.866,4,0,0,0,67301,0,0,0,N,0,0,0,2,67301,2,,1,1,,N,N,,0,,0,0,0,3,2,,1840,2,2,0,0,0,0,0,3,4,0,2,3,,N,,,,,,,,,,,
2007077826,1745.0,0,0,0,0,0,0,0,0,0,1,1,,67,6,2007,6,39.9748,-75.1942,1731.0,6,0,0,0,0,0,0,0,0,,0,1,0,17,1,0,0,,0,39 58:33.353,,0,75 11:41.786,0,0,0,0,67301,0,0,0,N,0,0,0,4,68K01,0,,1,1,,N,N,,0,,0,0,2,0,0,,1728,0,3,0,0,0,0,0,3,4,0,3,3,,N,,,,,,,,,,,
2007117274,1420.0,2,0,0,0,0,0,0,0,0,1,0,,67,9,2007,7,40.0114,-75.1679,1415.0,6,0,0,0,0,0,1,0,0,1.0,0,0,0,14,1,3,0,,2,40 00:40.000,5.0,0,75 10:04.605,4,0,0,0,67301,0,0,0,N,0,0,0,3,67301,3,,1,1,,N,N,,0,,0,0,0,0,0,Y,1410,3,2,0,0,0,0,0,3,4,0,2,3,,N,,,,,,,,,,,
2007081017,1618.0,1,0,0,0,0,0,0,0,0,5,0,,67,5,2007,5,40.0339,-75.0743,1615.0,6,0,0,0,0,0,1,0,0,,0,0,0,16,1,1,1,,0,40 02:02.000,,0,75 04:27.142,4,0,0,0,67301,0,0,0,N,0,0,0,2,67301,1,,1,1,,N,N,,1,,0,0,0,3,2,,1605,1,2,0,0,0,0,0,3,4,0,2,3,,N,,,,,,,,,,,
2007081027,1550.0,1,0,0,0,0,0,0,0,0,1,0,,67,5,2007,3,40.0227,-75.1366,1540.0,6,0,0,0,0,0,0,0,0,,0,0,0,15,1,0,2,,0,40 01:21.000,,0,75 08:11.634,0,0,0,0,67301,0,0,0,N,0,0,0,2,67301,0,,1,1,,N,N,,0,,0,0,1,3,2,,1527,0,2,0,0,0,0,0,3,4,0,2,3,,N,,,,,,,,,,,
2007066667,1003.0,0,0,0,0,0,0,0,0,0,8,0,,67,4,2007,5,40.0416,-75.1314,1000.0,6,0,0,0,0,0,0,0,0,,0,0,0,7,1,1,1,,0,40 02:29.911,,0,75 07:53.039,4,0,0,0,67301,1,0,0,N,1,0,0,2,67301,1,,1,1,,N,N,,0,,0,0,0,3,3,,740,1,2,0,0,0,0,0,3,4,0,1,3,,N,,,,,,,,,,,
2007066681,810.0,1,0,0,0,0,0,0,0,0,7,0,,67,5,2007,6,39.9186,-75.1547,805.0,6,0,0,0,0,0,0,0,0,9.0,0,0,0,8,1,1,0,,2,39 55:06.927,4.0,0,75 09:16.772,4,0,0,0,67301,0,0,0,N,0,0,0,1,67301,1,,2,1,,N,N,,0,,0,0,0,3,3,Y,802,1,1,0,0,0,0,0,3,4,0,1,3,,N,,,,,,,,,,,
2007056742,1855.0,0,0,0,0,0,0,0,0,0,7,0,,67,4,2007,2,40.0114,-75.0895,1853.0,6,0,0,0,0,0,1,0,0,,0,0,0,18,1,0,0,,0,40 00:40.971,,0,75 05:22.246,0,0,0,0,67301,0,0,0,N,0,0,0,1,67301,0,,2,1,,,N,,1,,0,0,0,0,0,,1850,0,1,0,0,0,0,0,3,4,0,1,3,,N,,,,,,,,,,,
2007059377,1317.0,0,0,0,0,0,0,0,0,0,1,0,,67,4,2007,2,39.9927,-75.201,1309.0,6,0,0,1,0,0,1,0,0,1.0,0,0,0,13,1,1,0,,1,39 59:36.476,4.0,0,75 11:59.640,4,0,0,0,67301,0,0,0,N,0,0,0,5,68K01,1,,1,1,,N,N,,1,,0,0,2,0,0,N,1306,1,3,0,0,0,0,0,3,4,0,3,3,,N,,,,,,,,,,,
2007056893,9999.0,1,0,0,0,0,0,0,0,0,6,0,,67,4,2007,2,39.9881,-75.1824,2327.0,6,0,0,0,0,0,0,0,0,,0,0,0,23,3,1,1,,0,39 59:17.000,,0,75 10:56.670,4,0,0,1,67301,0,0,0,N,0,0,0,2,67301,1,,1,9,,N,N,,0,,0,0,0,0,0,,2324,1,2,0,0,0,0,1,3,4,0,2,7,,N,,,,,,,,,,,
2007046830,1040.0,0,0,0,0,0,0,0,0,0,8,0,,67,3,2007,7,39.9287,-75.1839,1037.0,6,0,0,0,0,0,0,0,1,,0,0,0,10,1,1,2,,0,39 55:43.384,,0,75 11:01.928,8,0,0,0,67301,1,0,0,N,1,0,0,3,67301,0,,1,1,,N,N,,0,,0,0,0,3,3,,1030,1,2,0,0,0,1,0,3,4,1,1,3,,N,,,,,,,,,,,
2007054647,2130.0,0,0,0,0,0,0,0,0,0,0,1,,67,2,2007,3,39.9408,-75.1952,2130.0,6,0,0,0,0,0,0,0,0,2.0,0,1,0,21,3,0,0,,2,39 56:34.000,4.0,0,75 11:35.523,0,0,0,0,67301,0,0,0,N,0,0,0,1,67501,0,,1,6,,N,N,,0,,0,0,0,0,0,Y,2130,0,1,0,0,0,0,0,3,4,0,1,10,,N,,,,,,,,,,,
2007047008,9999.0,0,0,0,0,0,0,0,0,0,4,1,,67,2,2007,3,39.975,-75.1516,9999.0,6,0,0,0,0,0,1,0,0,,0,1,0,99,1,1,1,,0,39 58:29.877,,0,75 09:05.813,8,0,0,0,67301,0,0,0,,0,0,0,2,67301,0,,1,98,,N,N,,0,,0,0,1,2,2,,9999,1,2,0,0,0,1,0,3,4,0,2,99,,N,,,,,,,,,,,
2007099488,1021.0,1,0,0,0,0,0,0,0,0,1,0,,67,8,2007,6,40.1006,-75.0425,1016.0,6,0,0,0,0,0,0,0,0,,0,0,0,10,1,0,2,,0,40 06:02.000,,0,75 02:33.000,0,0,0,0,67301,0,0,0,N,0,0,0,3,67301,0,,1,1,,N,N,,0,,0,0,1,3,2,,1016,0,2,0,0,0,0,0,3,4,0,2,3,,N,,,,,,,,,,,
2007099363,1425.0,0,0,0,0,0,0,0,0,0,1,0,,67,8,2007,6,39.9569,-75.1555,1416.0,6,0,0,0,1,1,0,0,0,1.0,0,0,0,14,1,0,0,,1,39 57:24.840,3.0,0,75 09:19.800,0,0,0,0,67301,0,0,0,N,0,0,0,4,67301,0,,1,1,,N,N,,0,,0,0,2,0,0,N,1416,0,2,0,0,0,0,0,3,4,0,2,3,,N,,,,,,,,,,,
2007111896,2251.0,0,0,0,0,0,0,0,0,0,7,0,,67,9,2007,2,40.0314,-75.0857,2246.0,6,0,0,0,0,0,0,0,0,2.0,0,0,0,22,3,1,0,,2,40 01:52.000,2.0,0,75 05:08.508,3,0,0,0,67301,0,0,0,Y,0,0,0,1,67301,0,,3,1,,N,N,,0,,1,0,1,0,0,Y,2246,1,1,0,0,0,0,0,3,4,0,1,3,,N,,,,,,,,,,,
2007116619,214.0,1,0,0,1,0,0,0,0,0,5,0,,67,9,2007,6,39.9498,-75.2072,213.0,6,0,0,0,0,0,0,0,0,,0,0,0,2,3,1,0,,0,39 56:59.000,,0,75 12:26.048,4,0,0,0,67301,1,0,0,N,0,0,0,2,67504,1,,1,1,,N,N,,0,,0,0,0,0,0,,210,1,2,0,0,0,0,0,3,4,0,1,3,,N,,,,,,,,,,,
2007091907,245.0,1,0,0,0,0,0,0,0,0,2,0,,67,7,2007,4,40.0074,-75.1367,245.0,6,0,0,0,0,0,0,0,0,,0,0,0,2,3,0,1,,0,40 00:26.624,,0,75 08:12.148,0,0,0,0,67301,0,0,0,N,0,0,0,1,67301,0,,1,1,,N,N,,0,,0,0,0,3,2,,245,0,2,0,0,0,0,0,3,4,1,2,3,,N,,,,,,,,,,,
2007109122,915.0,2,0,0,0,0,0,0,0,0,1,0,,67,9,2007,7,40.0247,-75.0309,909.0,6,0,0,0,0,0,0,0,0,1.0,0,0,0,9,1,3,0,,2,40 01:24.000,1.0,2,75 01:59.089,8,0,0,0,67301,0,0,0,Y,0,0,0,5,67301,0,,1,9,,N,N,,0,,0,0,0,0,0,Y,909,3,3,0,0,1,3,0,3,4,1,3,7,,N,,,,,,,,,,,
2007092031,1518.0,2,0,0,0,0,0,0,0,0,2,0,,67,7,2007,2,39.9182,-75.209,1515.0,6,0,0,0,0,0,1,0,0,,0,0,0,15,1,1,2,,0,39 55:05.514,,0,75 12:32.040,8,0,0,0,67301,0,0,0,N,0,0,0,2,67301,0,,1,1,,N,N,,0,,0,0,0,3,2,,1515,1,2,0,0,2,1,0,3,4,0,2,3,,N,,,,,,,,,,,
2007084720,225.0,1,0,0,0,0,0,0,0,0,7,0,,67,6,2007,6,39.9586,-75.1678,223.0,6,0,0,0,0,0,0,0,0,1.0,0,0,0,2,3,0,0,,1,39 57:30.960,4.0,0,75 10:04.080,0,0,0,0,67301,0,0,0,N,0,0,0,2,67301,0,,2,9,,N,N,,0,,0,0,0,0,0,N,220,0,1,0,0,0,0,0,3,4,0,1,7,,N,,,,,,,,,,,
2007080197,1720.0,0,0,0,0,0,0,0,0,0,8,0,,67,5,2007,4,40.0221,-75.1288,1710.0,6,0,0,0,0,0,0,0,0,,0,0,0,7,1,1,0,,0,40 01:19.596,,0,75 07:43.708,4,0,0,0,67301,1,0,0,N,1,0,0,2,67301,1,,1,1,,N,N,,0,,0,0,0,0,0,,707,1,2,0,0,0,0,0,3,4,1,1,3,,N,,,,,,,,,,,
2007057981,715.0,1,0,0,0,0,0,0,0,0,1,0,,67,3,2007,6,39.945,-75.1908,712.0,6,0,0,0,0,0,0,0,0,,0,0,0,7,5,2,6,,0,39 56:42.000,,2,75 11:27.000,4,0,0,0,67301,0,0,0,,0,0,0,3,67301,2,,1,98,,,,,0,,0,0,1,0,0,,711,2,2,0,0,0,0,0,3,4,0,2,99,,N,,,,,,,,,,,
2007057984,1615.0,0,0,0,0,0,0,0,0,0,8,0,,67,4,2007,4,40.029,-75.1462,1610.0,6,0,0,0,0,0,1,0,0,,0,0,0,15,1,1,1,,0,40 01:44.500,,0,75 08:46.197,8,0,0,0,67301,1,0,0,N,1,0,0,2,67301,0,,1,1,,N,N,,0,,0,0,0,3,2,,1550,1,2,0,0,1,1,0,3,4,1,1,3,,N,,,,,,,,,,,
2007058133,349.0,0,0,0,0,0,0,0,0,0,7,0,,67,3,2007,7,40.1186,-75.007,348.0,6,0,0,0,0,0,0,0,0,2.0,0,0,0,3,3,3,3,,2,40 07:06.945,6.0,0,75 00:25.153,3,0,0,0,67301,0,0,0,N,0,0,0,3,67301,1,,5,9,,N,N,,1,,2,0,0,3,2,Y,347,3,1,0,0,3,0,0,3,4,0,1,7,,N,,,,,,,,,,,
2007032956,1900.0,1,0,0,0,0,0,0,0,0,8,0,,67,2,2007,6,40.0356,-75.175,1850.0,6,0,0,0,0,0,0,0,0,,0,0,0,18,3,1,0,,0,40 02:08.239,,0,75 10:29.955,4,0,0,0,67301,1,0,0,,1,0,0,2,67301,1,,6,9,,,,,0,,0,0,0,0,0,,1845,1,2,0,0,0,0,0,3,4,0,1,7,,N,,,,,,,,,,,
2007027988,2024.0,1,0,0,0,0,0,0,0,0,1,0,,67,1,2007,7,39.9539,-75.1396,2022.0,6,0,0,0,0,0,0,0,0,,0,0,0,20,3,3,0,,0,39 57:13.680,,0,75 08:22.920,3,0,0,0,67301,0,0,0,N,0,0,0,5,67301,0,,1,1,,N,N,,1,,3,0,0,3,2,,2022,3,2,0,0,0,0,0,3,4,0,2,3,,N,,,,,,,,,,,
2007022062,2256.0,1,0,0,0,0,0,0,0,0,7,0,,67,1,2007,5,40.0413,-75.0581,2254.0,6,0,0,0,0,0,1,0,0,9.0,0,0,0,22,3,1,8,,1,40 02:28.680,2.0,0,75 03:29.160,4,0,0,0,67301,0,0,0,N,0,0,0,1,67301,1,,3,1,,N,N,,0,,0,0,0,0,0,N,2251,1,1,0,0,0,0,0,3,4,0,1,3,,N,,,,,,,,,,,
2007022159,2306.0,2,0,0,0,0,0,0,0,0,7,0,,67,1,2007,4,39.9835,-75.1709,2256.0,6,0,0,0,1,0,0,0,0,,0,0,0,99,3,0,0,,0,39 59:00.585,,0,75 10:15.333,0,0,0,0,67301,0,0,0,N,0,0,0,1,67301,0,,2,1,,N,N,,0,,0,0,0,0,0,,9999,0,2,0,0,0,0,0,3,4,0,2,3,,N,,,,,,,,,,,
2007048857,1905.0,2,0,0,0,0,0,0,0,0,1,0,,67,1,2007,5,40.0146,-75.1567,1855.0,6,0,0,0,0,1,0,0,0,,0,0,0,18,3,3,1,,0,40 00:52.000,,0,75 09:23.953,8,0,0,0,67301,0,0,0,,0,0,0,5,67301,0,,1,1,,,,,0,,0,0,0,0,0,,1820,3,2,0,0,3,3,0,3,4,0,2,3,,N,,,,,,,,,,,
2007051290,650.0,0,0,0,0,0,0,0,0,0,7,0,,67,3,2007,5,40.0771,-75.0431,9999.0,6,0,0,0,0,0,0,0,0,,0,0,0,6,1,0,2,,0,40 04:37.700,,0,75 02:35.145,0,0,0,0,67301,0,0,0,N,0,0,0,1,67301,0,,4,1,,N,N,,0,,0,0,1,0,0,,650,0,1,0,0,0,0,0,3,4,0,1,3,,N,,,,,,,,,,,
2007048875,10.0,2,0,0,0,0,0,0,0,0,4,0,,67,3,2007,2,39.9673,-75.1604,9999.0,6,0,0,0,0,0,1,0,0,2.0,0,0,0,0,2,3,0,,1,39 58:01.000,2.0,0,75 09:37.554,3,0,0,0,67301,0,0,0,N,0,0,0,3,67301,2,,1,9,,N,N,,0,,1,0,0,0,0,N,5,3,2,0,0,1,0,0,3,4,0,2,7,,N,,,,,,,,,,,
2007056537,1951.0,0,0,0,0,0,0,0,0,0,0,0,,67,3,2007,6,39.9248,-75.1453,1950.0,6,0,0,0,0,0,1,0,0,,0,0,0,19,3,1,0,,0,39 55:29.402,,0,75 08:43.152,3,0,0,1,67301,0,0,0,N,0,0,0,1,67301,0,,1,1,,N,N,,0,,1,0,0,0,0,,1946,1,1,0,0,0,0,0,3,4,0,1,3,,N,,,,,,,,,,,
2007048900,1625.0,0,0,0,0,0,0,0,0,0,7,0,,67,2,2007,6,40.0242,-75.133,1619.0,6,0,0,0,0,0,0,0,0,1.0,0,0,0,16,1,1,0,,2,40 01:26.924,2.0,0,75 07:59.558,4,0,0,0,67301,0,0,0,N,0,0,0,1,67301,1,,5,1,,N,N,,0,,0,0,0,3,2,Y,1619,1,1,0,0,1,0,0,3,4,1,1,3,,N,,,,,,,,,,,
2007048998,1129.0,1,0,0,0,0,0,0,0,0,4,0,,67,3,2007,5,40.0289,-75.0342,1124.0,6,0,0,0,0,0,1,0,0,,0,0,0,11,1,2,1,,0,40 01:45.000,,0,75 02:12.064,4,0,0,0,67301,1,0,0,N,0,0,0,3,67301,2,,1,1,,N,N,,2,,0,0,0,3,1,,1115,2,3,0,0,0,0,0,3,4,0,3,3,,N,,,,,,,,,,,
2007049010,9999.0,1,0,0,0,0,0,0,0,0,8,0,,67,2,2007,4,39.9503,-75.1505,850.0,6,0,0,0,0,0,0,1,0,,0,0,0,99,1,1,0,,0,39 57:01.000,,0,75 09:01.680,4,0,0,0,67301,1,0,0,N,1,0,0,2,67301,1,,1,1,,N,N,,0,,0,0,0,0,0,,9999,1,2,0,0,0,0,0,3,4,0,1,3,,N,,,,,,,,,,,
2007049022,1030.0,2,0,0,0,0,0,0,0,0,1,1,,67,2,2007,1,40.0946,-75.0152,1024.0,6,0,0,0,0,0,0,0,0,2.0,0,1,0,10,1,1,1,,1,40 05:41.000,2.0,0,75 00:54.924,4,0,0,0,67301,0,0,0,N,0,0,0,5,67301,1,,1,1,,N,N,,0,,0,0,0,3,2,N,1020,1,3,0,0,0,0,0,3,4,0,3,98,,N,,,,,,,,,,,
2007049024,642.0,2,0,0,0,0,0,0,0,0,4,0,,67,2,2007,7,39.9194,-75.2344,640.0,6,0,0,0,0,0,2,0,0,,0,0,0,6,1,1,2,,0,39 55:09.000,,0,75 14:03.691,8,0,0,0,67301,0,0,0,N,0,0,0,2,67301,0,,1,1,,N,N,,0,,0,0,0,0,0,,636,1,2,0,0,0,1,0,3,4,0,2,3,,N,,,,,,,,,,,
2007046458,1935.0,1,0,0,0,0,0,0,0,0,5,0,,67,2,2007,3,39.9495,-75.2094,1928.0,6,0,0,0,1,0,1,0,0,,0,0,0,19,3,1,0,,0,39 56:58.327,,0,75 12:33.905,8,0,0,0,67301,0,0,0,N,0,0,0,3,67301,0,,1,1,,N,N,,0,,0,0,0,3,2,,1911,1,2,0,0,0,1,0,3,4,0,2,3,,N,,,,,,,,,,,
2007080938,1640.0,1,0,0,0,0,0,0,0,0,4,0,,67,5,2007,2,40.0215,-75.075,1638.0,6,0,0,0,1,0,0,0,0,,0,0,0,16,1,2,1,,0,40 01:17.400,,0,75 04:30.000,3,0,0,0,67301,0,0,0,N,0,0,0,3,67301,0,,1,1,,N,N,,0,,1,0,0,3,3,,1638,2,2,0,0,0,1,0,3,4,0,2,3,,N,,,,,,,,,,,
2007066406,1913.0,2,0,0,0,0,0,0,0,0,6,0,,67,5,2007,2,40.0437,-75.0954,1857.0,6,0,0,0,0,0,0,0,0,,0,0,0,18,1,4,2,,0,40 02:37.485,,0,75 05:43.389,2,0,0,0,67301,0,0,0,N,0,0,0,4,67301,0,,1,1,,N,N,,0,,2,1,0,3,3,,1853,4,2,0,0,0,1,0,3,4,0,2,3,,N,,,,,,,,,,,
2007066482,940.0,1,0,0,0,0,0,0,0,0,4,0,,67,5,2007,7,39.9579,-75.1641,936.0,6,0,0,0,0,0,0,1,0,,0,0,0,9,1,2,5,,0,39 57:28.000,,0,75 09:50.893,4,0,0,0,67301,0,0,0,N,0,0,0,4,67301,2,,1,1,,N,N,,0,,0,0,1,3,2,,907,2,2,0,0,0,0,0,3,4,0,2,3,,N,,,,,,,,,,,
2007066493,903.0,1,0,0,0,0,0,0,0,0,8,0,,67,5,2007,5,39.956,-75.159,9999.0,6,0,0,0,0,0,0,0,0,,0,0,0,99,1,1,0,,0,39 57:21.523,,0,75 09:32.389,8,0,0,0,67301,1,0,0,,1,0,0,2,67301,0,,1,1,,,,,0,,0,0,0,0,0,,9999,1,2,0,0,0,1,1,3,4,0,1,3,,N,,,,,,,,,,,
2007079988,1936.0,2,0,0,0,0,0,0,0,0,2,0,,67,6,2007,3,40.0022,-75.2202,1927.0,6,0,0,0,0,0,0,1,0,,0,0,0,19,1,2,1,,0,40 00:07.000,,0,75 13:12.808,4,0,0,0,67301,0,0,0,N,0,0,0,3,67301,1,,1,1,,N,,,0,,0,0,0,3,2,,1917,2,2,0,0,0,1,0,3,4,0,2,3,,N,,,,,,,,,,,
2007080076,935.0,1,0,0,0,0,0,0,0,0,5,1,,67,6,2007,2,39.9236,-75.1867,930.0,6,0,0,0,0,0,1,0,0,,0,1,0,9,1,0,0,,0,39 55:25.000,,0,75 11:12.000,0,0,0,0,67301,0,0,0,,0,0,0,1,67301,0,,1,1,,,,,0,,0,0,0,0,0,,930,0,2,0,0,0,0,0,3,4,0,2,3,,N,,,,,,,,,,,
2007080079,1853.0,2,0,0,0,0,0,0,0,0,4,0,,67,6,2007,6,40.1179,-75.0067,1853.0,6,0,0,0,0,1,0,0,0,,0,0,0,18,1,1,2,,0,40 07:04.443,,0,75 00:24.231,8,0,0,0,67301,0,0,0,N,0,0,0,7,67301,0,,2,1,,N,N,,0,,0,0,0,0,0,,1853,1,2,0,0,0,1,0,3,4,0,2,3,,N,,,,,,,,,,,
2007080099,1315.0,3,0,0,0,0,0,0,0,0,2,0,,67,6,2007,1,39.9973,-75.0894,1310.0,6,0,0,0,0,0,0,0,0,1.0,0,0,0,12,1,0,2,,1,39 59:50.280,1.0,0,75 05:21.840,0,0,0,0,67301,0,0,0,N,0,0,0,4,67301,0,,1,1,,N,N,,0,,0,0,0,0,0,N,1230,0,3,0,0,0,0,0,3,4,0,3,3,,N,,,,,,,,,,,
2007080159,1024.0,1,0,0,0,0,0,0,0,0,1,0,,67,6,2007,5,39.9991,-75.1334,1017.0,6,0,0,0,0,0,0,1,0,,0,0,0,99,1,2,0,,0,39 59:56.000,,0,75 08:00.307,3,0,0,0,67301,0,0,0,N,0,0,0,3,67301,0,,1,1,,,,,0,,2,0,0,0,0,,9999,2,2,0,0,0,0,0,3,4,1,2,3,,N,,,,,,,,,,,
2007066801,346.0,1,0,0,0,0,0,0,0,0,7,0,,67,5,2007,7,40.1114,-75.0007,341.0,6,0,0,0,0,0,0,0,0,,0,0,0,3,3,0,2,,0,40 06:41.000,,0,75 00:02.648,0,0,0,0,67301,0,0,0,N,0,0,0,1,67301,0,,2,1,,N,N,,0,,0,0,0,0,0,,335,0,1,0,0,0,0,0,3,4,0,1,3,,N,,,,,,,,,,,
2007066841,1710.0,1,0,0,1,0,0,0,0,0,4,0,,67,4,2007,1,40.0094,-75.0847,1706.0,6,0,0,0,0,0,0,0,0,,0,0,0,17,1,1,0,,0,40 00:33.876,,0,75 05:05.042,4,0,0,0,67301,1,0,0,,0,0,0,3,67301,1,,1,9,,,,,0,,0,0,0,0,0,,1700,1,2,0,0,1,0,0,3,4,0,1,7,,N,,,,,,,,,,,