CRN,ARRIVAL_TM,AUTOMOBILE_COUNT,BELTED_DEATH_COUNT,BELTED_SUSP_SERIOUS_INJ_COUNT,BICYCLE_COUNT,BICYCLE_DEATH_COUNT,BICYCLE_SUSP_SERIOUS_INJ_COUNT,BUS_COUNT,CHLDPAS_DEATH_COUNT,CHLDPAS_SUSP_SERIOUS_INJ_COUNT,COLLISION_TYPE,COMM_VEH_COUNT,CONS_ZONE_SPD_LIM,COUNTY,CRASH_MONTH,CRASH_YEAR,DAY_OF_WEEK,DEC_LAT,DEC_LONG,DISPATCH_TM,DISTRICT,DRIVER_COUNT_16YR,DRIVER_COUNT_17YR,DRIVER_COUNT_18YR,DRIVER_COUNT_19YR,DRIVER_COUNT_20YR,DRIVER_COUNT_50_64YR,DRIVER_COUNT_65_74YR,DRIVER_COUNT_75PLUS,EST_HRS_CLOSED,FATAL_COUNT,HEAVY_TRUCK_COUNT,HORSE_BUGGY_COUNT,HOUR_OF_DAY,ILLUMINATION,INJURY_COUNT,INTERSECT_TYPE,INTERSECTION_RELATED,LANE_CLOSED,LATITUDE,LN_CLOSE_DIR,LOCATION_TYPE,LONGITUDE,MAX_SEVERITY_LEVEL,MCYCLE_DEATH_COUNT,MCYCLE_SUSP_SERIOUS_INJ_COUNT,MOTORCYCLE_COUNT,MUNICIPALITY,NONMOTR_COUNT,NONMOTR_DEATH_COUNT,NONMOTR_SUSP_SERIOUS_INJ_COUNT,NTFY_HIWY_MAINT,PED_COUNT,PED_DEATH_COUNT,PED_SUSP_SERIOUS_INJ_COUNT,PERSON_COUNT,POLICE_AGCY,POSSIBLE_INJ_COUNT,RDWY_SURF_TYPE_CD,RELATION_TO_ROAD,ROAD_CONDITION,ROADWAY_CLEARED,SCH_BUS_IND,SCH_ZONE_IND,SECONDARY_CRASH,SMALL_TRUCK_COUNT,SPEC_JURIS_CD,SUSP_MINOR_INJ_COUNT,SUSP_SERIOUS_INJ_COUNT,SUV_COUNT,TCD_FUNC_CD,TCD_TYPE,TFC_DETOUR_IND,TIME_OF_DAY,TOT_INJ_COUNT,TOTAL_UNITS,UNB_DEATH_COUNT,UNB_SUSP_SERIOUS_INJ_COUNT,UNBELTED_OCC_COUNT,UNK_INJ_DEG_COUNT,UNK_INJ_PER_COUNT,URBAN_AREA,URBAN_RURAL,VAN_COUNT,VEHICLE_COUNT,WEATHER1,WEATHER2,WORK_ZONE_IND,WORK_ZONE_LOC,WORK_ZONE_TYPE,WORKERS_PRES,WZ_CLOSE_DETOUR,WZ_FLAGGER,WZ_LAW_OFFCR_IND,WZ_LN_CLOSURE,WZ_MOVING,WZ_OTHER,WZ_SHLDER_MDN,WZ_WORKERS_INJ_KILLED
2007056620,1108.0,0,0,0,0,0,0,0,0,0,7,0,,67,3,2007,7,,,1108.0,6,0,0,0,0,0,0,0,0,1.0,0,0,0,11,1,0,0,,1,,1.0,0,,0,0,0,0,67301,0,0,0,N,0,0,0,1,67301,0,,4,1,,N,N,,1,,0,0,0,0,0,N,1108,0,1,0,0,0,0,0,3,3,0,1,3,,N,,,,,,,,,,,
2007056674,2155.0,2,0,0,0,0,0,0,0,0,1,0,,67,3,2007,6,39.9947,-75.084,2143.0,6,0,0,0,0,0,0,0,0,1.0,0,0,0,21,3,1,0,,1,39 59:40.970,2.0,0,75 05:02.447,4,0,0,0,67301,0,0,0,N,0,0,0,2,67301,1,,1,1,,N,N,,0,,0,0,0,0,0,N,2143,1,2,0,0,0,0,0,3,4,0,2,3,,N,,,,,,,,,,,
2007056689,1720.0,0,0,0,0,0,0,0,0,0,1,1,,67,4,2007,5,40.0399,-75.0053,1713.0,6,0,0,0,0,0,0,0,0,,0,0,0,17,1,1,0,,0,40 02:23.000,,0,75 00:19.639,3,0,0,0,67301,1,0,0,N,0,0,0,2,67301,0,,2,1,,N,N,,2,,1,0,0,0,0,,1710,1,2,0,0,0,0,0,3,4,0,2,3,,N,,,,,,,,,,,
2007056698,1017.0,0,0,0,0,0,0,0,0,0,1,0,,67,3,2007,6,40.0356,-75.1239,1015.0,6,0,0,0,0,0,0,0,0,9.0,0,0,0,10,1,1,1,,1,40 02:08.000,4.0,0,75 07:25.890,4,0,0,0,67301,0,0,0,N,0,0,0,3,67301,1,,1,1,,N,N,,0,,0,0,2,3,2,N,1014,1,2,0,0,0,0,0,3,4,0,2,3,,N,,,,,,,,,,,
2007056700,1845.0,2,0,0,0,0,0,0,0,0,1,0,,67,4,2007,3,40.0314,-75.1316,1840.0,6,0,0,0,0,0,0,0,0,,0,0,0,17,1,1,2,,0,40 01:52.878,,0,75 07:53.770,8,0,0,0,67301,0,0,0,N,0,0,0,5,67301,0,,1,1,,N,N,,0,,0,0,0,9,2,,1740,1,2,0,0,0,1,0,3,4,0,2,3,,N,,,,,,,,,,,
2007056715,805.0,2,0,0,0,0,0,0,0,0,1,0,,67,3,2007,2,39.9557,-75.2156,759.0,6,0,0,0,0,0,0,0,0,,0,0,0,6,1,1,1,,0,39 57:20.000,,0,75 12:56.102,4,0,0,0,67301,0,0,0,N,0,0,0,3,67301,1,,1,1,,N,N,,0,,0,0,0,0,0,,646,1,2,0,0,0,0,0,3,4,0,2,3,,N,,,,,,,,,,,
2007046887,1922.0,2,0,0,0,0,0,0,0,0,1,0,,67,2,2007,2,40.0206,-75.134,1916.0,6,0,0,0,0,1,0,0,0,,0,0,0,19,3,0,0,,0,40 01:14.034,,0,75 08:02.238,0,0,0,0,67301,0,0,0,N,0,0,0,3,67301,0,,1,9,,N,N,,0,,0,0,1,0,0,,1916,0,3,0,0,0,0,0,3,4,0,3,99,,N,,,,,,,,,,,
2007116970,935.0,1,0,0,0,0,0,1,0,0,6,1,,67,10,2007,5,,,935.0,6,0,0,0,0,0,0,0,1,2.0,0,0,0,9,1,1,0,,2,,5.0,0,,4,0,0,0,67301,0,0,0,N,0,0,0,6,67301,1,,1,1,,N,N,,0,,0,0,0,0,0,Y,930,1,2,0,0,0,0,0,3,3,0,2,3,,N,,,,,,,,,,,
2007116577,35.0,1,0,0,0,0,0,0,0,0,2,0,,67,10,2007,1,,,34.0,6,0,0,0,0,0,0,0,0,1.0,0,1,0,0,3,0,0,,2,,6.0,0,,0,0,0,0,67301,0,0,0,N,0,0,0,2,67301,0,,1,1,,N,N,,0,,0,0,0,0,0,N,32,0,2,0,0,0,0,0,3,3,0,2,3,,N,,,,,,,,,,,
2007111513,1713.0,1,0,0,0,0,0,0,0,0,4,0,,67,9,2007,5,39.9734,-75.2098,1710.0,6,0,0,0,0,0,0,0,0,1.0,0,0,0,17,1,2,1,,1,39 58:24.000,1.0,0,75 12:35.301,8,0,0,0,67301,0,0,0,N,0,0,0,3,67301,0,,1,1,,N,N,,0,,0,0,1,3,2,Y,1710,2,2,0,0,0,2,0,3,4,0,2,3,,N,,,,,,,,,,,
2007091936,1350.0,1,0,0,0,0,0,0,0,0,4,1,,67,7,2007,2,39.9418,-75.1504,1346.0,6,0,0,0,0,0,0,0,0,2.0,0,1,0,13,1,1,2,,2,39 56:30.404,1.0,0,75 09:01.493,4,0,0,0,67301,0,0,0,N,0,0,0,2,67301,1,,1,1,,N,N,,0,,0,0,0,2,3,Y,1345,1,2,0,0,0,0,0,3,4,0,2,3,,N,,,,,,,,,,,
2007092191,301.0,1,0,0,0,0,0,0,0,0,7,0,,67,7,2007,1,40.0267,-75.1146,255.0,6,0,0,0,0,0,0,0,0,2.0,0,0,0,2,3,1,5,,1,40 01:35.000,3.0,0,75 06:51.884,2,0,0,0,67301,0,0,0,N,0,0,0,1,67301,0,,3,1,,N,N,,0,,0,1,0,0,0,Y,254,1,1,0,0,0,0,0,3,4,0,1,3,,N,,,,,,,,,,,
2007092012,205.0,1,0,0,0,0,0,0,0,0,1,0,,67,7,2007,7,39.947,-75.1648,156.0,6,0,0,0,0,1,0,1,0,,0,0,0,1,3,0,1,,0,39 56:49.000,,0,75 09:53.386,0,0,0,0,67301,0,0,0,N,0,0,0,7,67301,0,,1,1,,N,N,,1,,0,0,1,3,2,,156,0,4,0,0,0,0,0,3,4,1,4,3,,N,,,,,,,,,,,
2007092262,735.0,0,0,0,0,0,0,0,0,0,7,0,,67,7,2007,2,39.9699,-75.1431,735.0,6,0,0,0,0,0,0,0,0,1.0,0,0,0,7,1,1,1,,1,39 58:11.000,2.0,0,75 08:35.106,8,0,0,0,67301,0,0,0,Y,0,0,0,3,67301,0,,5,9,,N,N,,0,,0,0,1,3,2,N,735,1,1,0,0,0,1,0,3,4,0,1,7,,N,,,,,,,,,,,
2007084724,1449.0,0,0,0,0,0,0,0,0,0,4,0,,67,3,2007,6,40.0033,-75.1659,1449.0,6,0,0,0,0,0,0,0,1,2.0,0,0,0,14,1,1,2,,2,40 00:11.000,2.0,0,75 09:57.120,2,0,1,1,67301,0,0,0,,0,0,0,2,67301,0,,1,1,,,,,0,,0,1,1,0,0,Y,1445,1,2,0,0,0,0,0,3,4,0,2,3,,N,,,,,,,,,,,
2007089242,1003.0,2,0,0,0,0,0,0,0,0,1,0,,67,7,2007,3,39.9625,-75.183,954.0,6,0,0,0,0,0,0,0,0,2.0,0,0,0,9,1,2,0,,1,39 57:47.000,4.0,0,75 11:01.559,8,0,0,0,67301,0,0,0,N,0,0,0,4,68K01,0,,1,1,,N,N,,0,,0,0,1,0,0,N,951,2,3,0,0,1,2,0,3,4,0,3,3,,N,,,,,,,,,,,
2007091898,1300.0,2,0,0,0,0,0,0,0,0,1,0,,67,7,2007,2,40.031,-75.1244,1250.0,6,0,0,0,0,0,0,0,0,,0,0,0,12,1,1,1,,0,40 01:51.528,,0,75 07:27.728,4,0,0,0,67301,0,0,0,N,0,0,0,2,67301,1,,1,1,,N,N,,0,,0,0,0,3,2,,1230,1,2,0,0,0,0,0,3,4,0,2,3,,N,,,,,,,,,,,
2007084608,1950.0,1,0,0,1,0,0,0,0,0,4,0,,67,5,2007,4,40.0433,-75.1778,1943.0,6,0,0,0,0,0,0,0,0,,0,0,0,19,1,1,1,,0,40 02:36.038,,0,75 10:39.939,4,0,0,0,67301,1,0,0,N,0,0,0,2,67301,1,,1,1,,N,N,,0,,0,0,0,2,3,,1935,1,2,0,0,0,0,0,3,4,0,1,3,,N,,,,,,,,,,,
2007082263,1355.0,1,0,0,0,0,0,0,0,0,4,0,,67,5,2007,3,39.9504,-75.1472,1342.0,6,0,0,0,0,0,0,0,0,,0,0,0,13,1,1,2,,0,39 57:01.000,,0,75 08:49.932,4,0,0,0,67301,0,0,0,N,0,0,0,3,67301,1,,1,1,,N,N,,0,,0,0,1,9,2,,1342,1,2,0,0,0,0,0,3,4,0,2,3,,N,,,,,,,,,,,
2007057991,1635.0,4,0,0,0,0,0,0,0,0,2,0,,67,3,2007,6,39.9968,-75.1154,1630.0,6,0,0,0,0,0,0,0,0,,0,0,0,16,1,1,0,,0,39 59:48.448,,0,75 06:55.546,2,0,0,0,67301,0,0,0,,0,0,0,3,67301,0,,1,9,,N,N,,0,,0,1,0,0,0,,1630,1,4,0,0,1,0,1,3,4,0,4,7,,N,,,,,,,,,,,
2007058138,537.0,1,0,0,0,0,0,0,0,0,1,0,,67,4,2007,5,39.9731,-75.1203,531.0,6,0,0,0,0,0,0,0,0,1.0,0,0,0,5,3,1,0,,1,39 58:25.938,1.0,0,75 07:09.050,4,0,0,0,67301,0,0,0,N,0,0,0,2,67301,1,,1,9,,N,N,,0,,0,0,0,0,0,N,531,1,2,0,0,0,0,1,3,4,0,2,7,,N,,,,,,,,,,,
2007058009,0.0,2,0,0,0,0,0,0,0,0,6,0,,67,3,2007,1,40.0042,-75.0994,1555.0,6,0,0,0,0,0,0,0,0,,0,0,0,15,1,1,1,,0,40 00:15.000,,0,75 05:57.765,4,0,0,0,67301,0,0,0,N,0,0,0,2,67301,1,,1,1,,N,N,,0,,0,0,0,3,2,,1555,1,2,0,0,0,0,0,3,4,0,2,3,,N,,,,,,,,,,,
2007046298,2005.0,2,0,0,0,0,0,0,0,0,2,0,,67,2,2007,4,40.0232,-75.0617,2004.0,6,0,0,1,1,0,0,0,0,,0,0,0,20,3,2,1,,0,40 01:23.404,,0,75 03:42.109,4,0,0,0,67301,0,0,0,Y,0,0,0,6,67301,2,,1,1,,N,N,,0,,0,0,0,3,3,,2002,2,2,0,0,6,0,0,3,4,0,2,3,,N,,,,,,,,,,,
2007028479,1955.0,2,0,0,0,0,0,0,0,0,4,0,,67,2,2007,7,40.0073,-75.1479,1948.0,6,0,0,0,0,0,0,0,0,,0,0,0,19,3,1,0,,0,40 00:26.218,,0,75 08:52.486,4,0,0,0,67301,0,0,0,N,0,0,0,1,67301,1,,1,1,,N,N,,0,,0,0,0,3,3,,1945,1,2,0,0,0,0,0,3,4,0,2,3,,N,,,,,,,,,,,
2007077662,1612.0,1,0,0,0,0,0,0,0,0,1,0,,67,6,2007,2,40.0081,-75.202,1602.0,6,0,0,0,0,0,0,0,0,,0,0,0,16,1,0,0,,0,40 00:28.000,,0,75 12:05.348,0,0,0,0,67301,0,0,0,N,0,0,0,3,68K01,0,,1,1,,N,N,,0,,0,0,0,0,0,,1602,0,3,0,0,0,0,0,3,4,2,3,3,,N,,,,,,,,,,,
2007075748,1113.0,1,0,0,0,0,0,0,0,0,7,0,,67,6,2007,4,40.008,-75.2018,1113.0,6,0,0,0,0,0,0,0,0,1.0,0,0,0,11,1,0,0,,1,40 00:27.000,4.0,0,75 12:04.010,0,0,0,0,67301,0,0,0,N,0,0,0,1,68K01,0,,3,1,,N,N,,0,,0,0,0,0,0,N,1110,0,1,0,0,0,0,0,3,4,0,1,3,,N,,,,,,,,,,,
2007022096,1557.0,1,0,0,0,0,0,0,0,0,7,0,,67,1,2007,7,40.085,-75.0251,1554.0,6,0,0,0,1,0,0,0,0,1.0,0,0,0,15,1,2,0,,1,40 05:05.000,2.0,0,75 01:30.275,8,0,0,0,67301,0,0,0,N,0,0,0,2,67301,0,,2,1,,N,N,,0,,0,0,0,0,0,N,1548,2,1,0,0,0,2,0,3,4,0,1,3,,N,,,,,,,,,,,
2007056514,1244.0,1,0,0,0,0,0,0,0,0,4,0,,67,3,2007,5,39.9602,-75.2391,1242.0,6,0,0,0,0,0,0,1,0,,0,0,0,12,1,3,1,,0,39 57:36.000,,0,75 14:20.633,4,0,0,0,67301,0,0,0,N,0,0,0,4,67301,3,,1,1,,N,N,,0,,0,0,0,1,2,,1235,3,2,0,0,0,0,1,3,4,0,2,3,,N,,,,,,,,,,,
2007048944,846.0,0,0,0,0,0,0,0,0,0,8,0,,67,1,2007,2,39.9741,-75.2043,844.0,6,0,0,0,0,0,1,0,0,,0,0,0,8,1,1,1,,0,39 58:26.000,,0,75 12:15.722,8,0,0,0,67301,1,0,0,N,1,0,0,2,67301,0,,1,9,,N,N,,0,,0,0,1,3,2,,842,1,2,0,0,0,1,0,3,4,0,1,10,,N,,,,,,,,,,,
2007048991,1023.0,3,0,0,0,0,0,0,0,0,4,0,,67,3,2007,5,40.0299,-75.0878,1018.0,6,0,0,0,0,0,0,0,0,,0,0,0,10,1,1,1,,0,40 01:47.000,,0,75 05:16.817,8,0,0,0,67301,0,0,0,N,0,0,0,6,67301,0,,1,1,,N,N,,0,,0,0,0,3,2,,1015,1,3,0,0,0,1,1,3,4,0,3,3,,N,,,,,,,,,,,
2007049034,846.0,0,0,0,0,0,0,1,0,0,8,1,,67,3,2007,2,39.9905,-75.2492,831.0,6,0,0,0,0,0,0,0,0,,0,0,0,8,1,2,1,,0,39 59:26.000,,0,75 14:56.567,4,0,0,0,67301,1,0,0,,1,0,0,3,67301,2,,1,1,,,,,0,,0,0,0,0,0,,802,2,2,0,0,0,0,0,3,4,0,1,3,,N,,,,,,,,,,,
2007049050,737.0,1,0,0,0,0,0,1,0,0,4,1,,67,2,2007,7,40.0518,-75.1554,731.0,6,0,0,0,0,0,0,0,0,1.0,0,0,0,7,5,1,1,,1,40 03:06.641,4.0,0,75 09:19.272,8,0,0,0,67301,0,0,0,N,0,0,0,2,67301,0,,1,1,,N,N,,0,,0,0,0,3,2,N,726,1,2,0,0,0,1,0,3,4,0,2,3,,N,,,,,,,,,,,
2007120242,1235.0,1,0,0,0,0,0,0,0,0,4,0,,67,10,2007,3,39.9612,-75.241,1235.0,6,0,0,0,1,0,0,0,0,,0,0,0,12,1,1,1,,0,39 57:40.298,,0,75 14:27.484,4,0,0,0,67301,0,0,0,,0,0,0,2,67301,1,,1,1,,,,,0,,0,0,1,3,3,,1224,1,2,0,0,0,0,0,3,4,0,2,3,,N,,,,,,,,,,,
2007081059,1943.0,0,0,0,0,0,0,0,0,0,4,0,,67,6,2007,5,40.0026,-75.2234,1935.0,6,0,0,0,0,1,0,0,0,,0,0,0,17,1,1,0,,0,40 00:13.000,,7,75 13:16.375,4,0,0,0,67301,0,0,0,N,0,0,0,3,67301,1,,1,1,,N,N,,0,,0,0,2,0,0,,1755,1,2,0,0,0,0,0,3,4,0,2,3,,N,,,,,,,,,,,
2007081165,1100.0,2,0,0,0,0,0,0,0,0,2,0,,67,5,2007,2,39.9881,-75.1824,1051.0,6,0,0,0,0,0,0,1,0,,0,0,0,10,1,1,3,,0,39 59:17.000,,0,75 10:56.670,8,0,0,0,67301,0,0,0,N,0,0,0,2,67301,0,,1,1,,N,N,,0,,0,0,0,3,2,,1051,1,2,0,0,0,1,0,3,4,0,2,3,,N,,,,,,,,,,,
2007120115,1200.0,1,0,0,0,0,0,0,0,0,7,0,,67,10,2007,6,40.0289,-75.0343,2344.0,6,0,0,0,0,0,0,0,0,2.0,0,0,0,23,3,0,2,,2,40 01:44.000,4.0,0,75 02:03.652,0,0,0,0,67301,0,0,0,,0,0,0,1,67301,0,,5,9,,,,,0,,0,0,0,0,0,Y,2340,0,1,0,0,0,0,0,3,4,0,1,7,,N,,,,,,,,,,,
2007120202,2022.0,1,0,0,0,0,0,0,0,0,8,0,,67,9,2007,7,40.014,-75.1581,2020.0,6,0,0,0,0,0,0,0,0,,0,0,0,20,3,1,0,,0,40 00:50.000,,0,75 09:29.316,4,0,0,0,67301,1,0,0,,1,0,0,2,67301,1,,1,1,,,,,0,,0,0,0,0,0,,2019,1,2,0,0,0,0,0,3,4,0,1,3,,N,,,,,,,,,,,
2007071365,815.0,0,0,0,0,0,0,1,0,0,4,1,,67,5,2007,2,39.9507,-75.2289,812.0,6,0,0,0,0,0,1,0,0,9.0,0,0,0,8,1,15,1,,2,39 57:02.548,7.0,0,75 13:43.906,8,0,0,0,67301,0,0,0,N,0,0,0,16,67301,0,,1,1,,Y,N,,0,,0,0,0,3,2,Y,800,15,2,0,0,0,15,1,3,4,1,2,3,,N,,,,,,,,,,,
2007071386,1215.0,1,0,0,1,0,0,0,0,0,4,0,,67,7,2007,4,39.969,-75.16,1210.0,6,0,0,0,0,0,0,0,0,,0,0,0,12,1,1,1,,0,39 58:08.000,,0,75 09:36.121,4,0,0,0,67301,1,0,0,N,0,0,0,2,67301,1,,1,1,,N,N,,0,,0,0,0,3,2,,1210,1,2,0,0,1,0,0,3,4,0,1,3,,N,,,,,,,,,,,
2007066395,1720.0,1,0,0,0,0,0,0,0,0,8,0,,67,4,2007,5,39.9503,-75.2351,1716.0,6,0,0,0,0,0,1,0,0,,0,0,0,17,1,1,0,,0,39 57:01.209,,0,75 14:06.212,3,0,0,0,67301,1,0,0,,1,0,0,2,67301,0,,1,1,,,,,0,,1,0,0,0,0,,1710,1,2,0,0,0,0,0,3,4,0,1,3,,N,,,,,,,,,,,
2007066438,2310.0,2,0,0,0,0,0,0,0,0,1,0,,67,5,2007,3,39.9915,-75.2264,2300.0,6,0,0,0,0,0,1,1,1,,0,0,0,23,2,2,0,,0,39 59:29.500,,0,75 13:35.100,8,0,0,0,67301,0,0,0,N,0,0,0,4,67301,0,,1,1,,N,N,,0,,0,0,1,0,0,,2300,2,3,0,0,0,2,0,3,4,0,3,3,,N,,,,,,,,,,,
2007066657,1925.0,2,0,0,0,0,0,0,0,0,2,0,,67,5,2007,3,40.0729,-75.158,1922.0,6,0,1,0,0,0,0,0,1,3.0,0,0,0,19,1,2,0,,2,40 04:22.292,5.0,0,75 09:28.771,8,0,0,0,67301,0,0,0,N,0,0,0,5,67301,0,,1,1,,N,N,,1,,0,0,1,0,0,Y,1918,2,4,0,0,0,2,0,3,4,0,4,3,,N,,,,,,,,,,,
2007066800,1758.0,4,0,0,0,0,0,0,0,0,4,0,,67,4,2007,6,40.125,-75.0177,1753.0,6,0,0,0,0,1,0,0,0,,0,0,0,17,1,0,1,,0,40 07:30.036,,0,75 01:03.799,0,0,0,0,67301,0,0,0,,0,0,0,6,67301,0,,1,1,,N,N,,0,,0,0,0,0,0,,1745,0,4,0,0,0,0,0,3,4,0,4,3,,N,,,,,,,,,,,
2007056650,1227.0,2,0,0,0,0,0,0,0,0,4,0,,67,4,2007,6,40.0444,-75.1436,1223.0,6,0,0,0,0,0,0,0,0,1.0,0,0,0,12,1,4,1,,1,40 02:39.000,2.0,0,75 08:36.850,4,0,0,0,67301,0,0,0,N,0,0,0,5,67301,4,,1,1,,N,N,,0,,0,0,0,3,2,Y,1220,4,2,0,0,0,0,0,3,4,0,2,3,,N,,,,,,,,,,,
2007056772,1605.0,1,0,0,0,0,0,0,0,0,4,0,,67,4,2007,1,40.0228,-75.0479,1601.0,6,0,1,0,0,0,1,0,0,,0,0,0,16,1,1,1,,0,40 01:22.026,,0,75 02:52.591,4,0,0,0,67301,0,0,0,N,0,0,0,4,67301,1,,1,1,,N,N,,0,,0,0,1,3,3,,1601,1,2,0,0,0,0,0,3,4,0,2,3,,N,,,,,,,,,,,
2007056776,1950.0,2,0,0,0,0,0,0,0,0,2,0,,67,4,2007,7,40.0214,-75.0794,1950.0,6,0,0,0,0,0,0,0,0,,0,0,0,19,3,2,1,,0,40 01:16.000,,0,75 04:45.707,4,0,0,0,67301,0,0,0,N,0,0,0,4,67301,2,,1,9,,N,N,,0,,0,0,0,3,3,,1950,2,2,0,0,0,0,0,3,4,0,2,7,,N,,,,,,,,,,,
2007056960,1815.0,2,0,0,0,0,0,0,0,0,4,0,,67,4,2007,7,40.0643,-75.0537,1810.0,6,0,0,0,0,0,2,0,0,,0,0,0,18,1,2,1,,0,40 03:51.370,,0,75 03:13.310,8,0,0,0,67301,0,0,0,,0,0,0,3,67301,0,,1,1,,N,N,,0,,0,0,1,3,2,,1805,2,3,0,0,0,2,0,3,4,0,3,3,,N,,,,,,,,,,,
2007056990,1245.0,0,0,0,0,0,0,0,0,0,7,0,,67,4,2007,4,40.0557,-75.128,1241.0,6,0,0,0,0,0,0,0,0,,0,0,0,12,1,1,0,,0,40 03:20.592,,0,75 07:40.940,8,0,0,0,67301,0,0,0,N,0,0,0,1,67301,0,,4,8,,N,N,,0,,0,0,1,0,0,,1235,1,1,0,0,0,1,0,3,4,0,1,7,,N,,,,,,,,,,,
2007057026,2100.0,4,0,0,0,0,0,0,0,0,6,0,,67,3,2007,5,40.0362,-75.0351,2055.0,6,0,0,1,0,0,0,0,0,2.0,0,0,0,20,3,0,1,,2,40 02:10.284,1.0,0,75 02:06.363,9,0,0,0,67301,0,0,0,N,0,0,0,2,67301,0,,1,9,,N,N,,0,,0,0,0,3,3,Y,2055,0,4,0,0,0,0,1,3,4,0,4,7,,N,,,,,,,,,,,
2007057027,740.0,1,0,0,0,0,0,0,0,0,2,0,,67,3,2007,4,40.0343,-75.0386,730.0,6,0,0,0,1,0,0,0,0,1.0,0,0,0,7,1,2,2,,2,40 02:03.000,1.0,0,75 02:19.007,3,0,0,0,67301,0,0,0,N,0,0,0,2,67301,1,,1,1,,N,N,,0,,1,0,0,3,3,Y,720,2,2,0,0,1,0,0,3,4,1,2,3,,N,,,,,,,,,,,
2007054525,2149.0,1,0,0,0,0,0,0,0,0,7,0,,67,2,2007,1,39.9236,-75.1924,2147.0,6,0,0,0,0,0,0,0,0,2.0,0,0,0,21,3,1,0,,2,39 55:30.629,3.0,0,75 11:36.790,8,0,0,0,67301,0,0,0,N,0,0,0,2,67501,0,,3,2,,N,N,,0,,0,0,0,0,0,Y,2147,1,1,0,0,0,1,0,3,4,0,1,7,,N,,,,,,,,,,,
2007054528,853.0,1,0,0,0,0,0,0,0,0,0,0,,67,3,2007,4,,,849.0,6,0,0,0,0,0,0,0,0,,0,0,0,8,1,0,0,,0,,,0,,0,0,0,0,67301,0,0,0,N,0,0,0,2,67501,0,,1,9,,N,N,,0,,0,0,1,0,0,,849,0,2,0,0,0,0,0,3,3,0,2,10,,N,,,,,,,,,,,
2007046997,2015.0,2,0,0,0,0,0,0,0,0,4,0,,67,3,2007,2,40.0289,-75.0895,2007.0,6,0,0,0,0,0,1,0,0,2.0,0,0,0,20,3,2,5,,1,40 01:44.000,2.0,0,75 05:23.694,8,0,0,0,67301,0,0,0,N,0,0,0,2,67301,0,,1,1,,N,N,,0,,0,0,0,3,2,N,2000,2,2,0,0,0,2,0,3,4,0,2,3,,N,,,,,,,,,,,
2007047006,810.0,2,0,0,0,0,0,0,0,0,4,0,,67,2,2007,4,40.0598,-75.1501,800.0,6,0,0,0,0,0,0,0,1,,0,0,0,7,1,1,1,,0,40 03:35.442,,0,75 09:00.370,4,0,0,0,67301,0,0,0,N,0,0,0,4,67301,1,,1,1,,N,N,,0,,0,0,0,3,2,,715,1,2,0,0,0,0,0,3,4,0,2,3,,N,,,,,,,,,,,
2007047056,1038.0,1,0,0,0,0,0,0,0,0,3,0,,67,3,2007,6,40.049,-75.0326,1029.0,6,0,0,0,0,0,0,0,0,2.0,0,0,0,10,1,0,0,,2,40 02:56.000,6.0,0,75 01:57.349,0,0,0,0,67301,0,0,0,N,0,0,0,2,67301,0,,1,9,,N,N,,0,,0,0,1,0,0,Y,1027,0,2,0,0,2,0,0,3,4,0,2,9,,N,,,,,,,,,,,
2007047134,817.0,2,0,0,0,0,0,0,0,0,1,0,,67,3,2007,1,40.0808,-75.0286,812.0,6,0,0,0,0,0,0,0,0,1.0,0,0,0,7,1,1,1,,1,40 04:50.000,1.0,0,75 01:43.036,4,0,0,0,67301,0,0,0,N,0,0,0,2,67301,1,,1,9,,N,N,,0,,0,0,0,3,2,N,755,1,2,0,0,0,0,0,3,4,0,2,3,,N,,,,,,,,,,,
2007111508,1728.0,1,0,0,0,0,0,0,0,0,5,0,,67,9,2007,3,40.1079,-75.0264,1719.0,6,0,0,0,0,1,0,0,0,2.0,0,0,0,16,1,0,3,,1,40 06:28.000,2.0,0,75 01:35.427,9,0,0,0,67301,0,0,0,N,0,0,0,3,67301,0,,1,1,,N,N,,0,,0,0,0,3,2,N,1650,0,2,0,0,0,0,1,3,4,0,2,3,,N,,,,,,,,,,,
2007091909,207.0,4,0,0,0,0,0,0,0,0,6,0,,67,7,2007,2,40.0039,-75.1037,207.0,6,0,0,0,0,1,0,0,0,2.0,0,0,0,2,3,1,0,,2,40 00:13.900,2.0,0,75 06:13.200,8,0,0,0,67301,0,0,0,N,0,0,0,1,67301,0,,1,1,,N,N,,0,,0,0,1,0,0,Y,206,1,5,0,0,0,1,0,3,4,0,5,3,,N,,,,,,,,,,,
2007091925,241.0,0,0,0,0,0,0,0,0,0,4,0,,67,7,2007,7,39.886,-75.2087,240.0,6,0,0,0,0,0,1,0,0,,0,0,0,2,3,0,0,,0,39 53:09.000,,3,75 12:31.910,0,0,0,0,67301,0,0,0,N,0,0,0,4,67301,0,,1,1,,N,N,,0,,0,0,2,0,0,,238,0,2,0,0,0,0,0,3,4,0,2,3,,N,,,,,,,,,,,
2007091934,1903.0,2,0,0,0,0,0,0,0,0,4,0,,67,7,2007,7,39.9361,-75.2345,1901.0,6,0,0,0,0,0,0,0,0,,0,0,0,18,1,2,2,,0,39 56:10.000,,0,75 14:04.177,4,0,0,0,67301,0,0,0,N,0,0,0,5,67301,2,,1,1,,N,N,,0,,0,0,0,3,3,,1841,2,2,0,0,0,0,0,3,4,0,2,3,,N,,,,,,,,,,,