CRN,ARRIVAL_TM,AUTOMOBILE_COUNT,BELTED_DEATH_COUNT,BELTED_SUSP_SERIOUS_INJ_COUNT,BICYCLE_COUNT,BICYCLE_DEATH_COUNT,BICYCLE_SUSP_SERIOUS_INJ_COUNT,BUS_COUNT,CHLDPAS_DEATH_COUNT,CHLDPAS_SUSP_SERIOUS_INJ_COUNT,COLLISION_TYPE,COMM_VEH_COUNT,CONS_ZONE_SPD_LIM,COUNTY,CRASH_MONTH,CRASH_YEAR,DAY_OF_WEEK,DEC_LAT,DEC_LONG,DISPATCH_TM,DISTRICT,DRIVER_COUNT_16YR,DRIVER_COUNT_17YR,DRIVER_COUNT_18YR,DRIVER_COUNT_19YR,DRIVER_COUNT_20YR,DRIVER_COUNT_50_64YR,DRIVER_COUNT_65_74YR,DRIVER_COUNT_75PLUS,EST_HRS_CLOSED,FATAL_COUNT,HEAVY_TRUCK_COUNT,HORSE_BUGGY_COUNT,HOUR_OF_DAY,ILLUMINATION,INJURY_COUNT,INTERSECT_TYPE,INTERSECTION_RELATED,LANE_CLOSED,LATITUDE,LN_CLOSE_DIR,LOCATION_TYPE,LONGITUDE,MAX_SEVERITY_LEVEL,MCYCLE_DEATH_COUNT,MCYCLE_SUSP_SERIOUS_INJ_COUNT,MOTORCYCLE_COUNT,MUNICIPALITY,NONMOTR_COUNT,NONMOTR_DEATH_COUNT,NONMOTR_SUSP_SERIOUS_INJ_COUNT,NTFY_HIWY_MAINT,PED_COUNT,PED_DEATH_COUNT,PED_SUSP_SERIOUS_INJ_COUNT,PERSON_COUNT,POLICE_AGCY,POSSIBLE_INJ_COUNT,RDWY_SURF_TYPE_CD,RELATION_TO_ROAD,ROAD_CONDITION,ROADWAY_CLEARED,SCH_BUS_IND,SCH_ZONE_IND,SECONDARY_CRASH,SMALL_TRUCK_COUNT,SPEC_JURIS_CD,SUSP_MINOR_INJ_COUNT,SUSP_SERIOUS_INJ_COUNT,SUV_COUNT,TCD_FUNC_CD,TCD_TYPE,TFC_DETOUR_IND,TIME_OF_DAY,TOT_INJ_COUNT,TOTAL_UNITS,UNB_DEATH_COUNT,UNB_SUSP_SERIOUS_INJ_COUNT,UNBELTED_OCC_COUNT,UNK_INJ_DEG_COUNT,UNK_INJ_PER_COUNT,URBAN_AREA,URBAN_RURAL,VAN_COUNT,VEHICLE_COUNT,WEATHER1,WEATHER2,WORK_ZONE_IND,WORK_ZONE_LOC,WORK_ZONE_TYPE,WORKERS_PRES,WZ_CLOSE_DETOUR,WZ_FLAGGER,WZ_LAW_OFFCR_IND,WZ_LN_CLOSURE,WZ_MOVING,WZ_OTHER,WZ_SHLDER_MDN,WZ_WORKERS_INJ_KILLED
2007109147,2150.0,4,0,0,0,0,0,0,0,0,5,0,,67,9,2007,7,40.0351,-75.0695,2140.0,6,0,0,0,0,0,0,0,0,2.0,0,0,0,21,3,3,1,,1,40 02:06.000,1.0,0,75 04:10.217,4,0,0,0,67301,0,0,0,,0,0,0,9,67301,3,,1,1,,N,N,,0,,0,0,0,0,0,N,2140,3,4,0,0,0,0,1,3,4,0,4,3,,N,,,,,,,,,,,
2007111628,2103.0,1,0,0,0,0,0,0,0,0,7,0,,67,10,2007,5,,,2100.0,6,0,0,0,0,0,0,0,0,,0,0,0,21,3,0,0,,0,,,0,,0,0,0,0,67301,0,0,0,N,0,0,0,1,67501,0,,2,9,,N,N,,0,,0,0,0,0,0,,2100,0,1,0,0,0,0,0,3,3,0,1,7,,N,,,,,,,,,,,
2007092260,2230.0,2,0,0,0,0,0,0,0,0,4,0,,67,7,2007,3,39.9478,-75.1712,2224.0,6,0,0,0,0,0,0,0,0,,0,0,0,22,3,1,1,,0,39 56:52.033,,0,75 10:16.215,4,0,0,0,67301,0,0,0,N,0,0,0,3,67301,1,,1,1,,N,N,,0,,0,0,0,3,2,,2224,1,2,0,0,0,0,0,3,4,0,2,3,,N,,,,,,,,,,,
2007084717,9999.0,1,0,0,0,0,0,0,0,0,7,0,,67,3,2007,6,40.0172,-75.2129,1107.0,6,0,0,0,0,0,0,0,0,,0,0,0,11,1,1,0,,0,40 01:01.844,,0,75 12:46.332,8,0,0,0,67301,0,0,0,,0,0,0,1,67301,0,,2,6,,,,,0,,0,0,0,0,0,,1105,1,1,0,0,0,1,0,3,4,0,1,3,5.0,N,,,,,,,,,,,
2007082406,2012.0,1,0,0,0,0,0,0,0,0,1,0,,67,6,2007,3,39.9888,-75.1628,2007.0,6,0,0,0,0,0,0,0,0,1.0,0,0,0,19,1,1,1,,2,39 59:19.000,7.0,0,75 09:46.082,4,0,0,0,67301,0,0,0,,0,0,0,3,67301,1,,1,9,,N,N,,0,,0,0,0,0,0,Y,1953,1,2,0,0,0,0,1,3,4,0,2,7,,N,,,,,,,,,,,
2007084585,1808.0,0,0,0,0,0,0,0,0,0,8,0,,67,3,2007,5,39.9328,-75.177,1803.0,6,0,0,0,0,0,0,0,0,,0,0,0,18,1,1,0,,0,39 55:58.209,,0,75 10:37.092,2,0,0,0,67301,1,0,1,N,1,0,1,5,67301,0,,1,1,,N,N,,0,,0,1,1,0,0,,1801,1,2,0,0,0,0,0,3,4,0,1,3,,N,,,,,,,,,,,
2007084602,9999.0,0,0,0,0,0,0,0,0,0,8,0,,67,4,2007,3,40.0034,-75.1871,9999.0,6,0,0,0,0,0,0,0,0,,0,0,0,99,1,1,0,,0,40 00:12.100,,0,75 11:13.400,8,0,0,0,67301,1,0,0,,1,0,0,2,67301,0,,1,1,,,,,0,,0,0,0,0,0,,9999,1,2,0,0,0,1,1,3,4,1,1,3,,N,,,,,,,,,,,
2007084613,1340.0,2,0,0,0,0,0,0,0,0,1,0,,67,6,2007,6,39.8914,-75.2381,1336.0,6,0,0,1,0,0,0,0,0,,0,0,0,13,1,0,0,,0,39 53:28.000,,0,75 14:17.390,0,0,0,0,67301,0,0,0,N,0,0,0,2,67301,0,,2,1,,N,N,,0,,0,0,0,0,0,,1330,0,2,0,0,0,0,0,3,4,0,2,3,,N,,,,,,,,,,,
2007080044,1600.0,0,0,0,0,0,0,0,0,0,1,0,,67,6,2007,6,40.0496,-75.0582,1555.0,6,0,0,0,0,0,0,0,0,,0,0,0,15,1,1,2,,0,40 02:58.000,,0,75 03:29.519,8,0,0,0,67301,0,0,0,Y,0,0,0,6,67301,0,,1,1,,N,N,,1,,0,0,1,3,2,,1553,1,2,0,0,1,1,0,3,4,0,2,3,,N,,,,,,,,,,,
2007080063,1646.0,1,0,0,0,0,0,0,0,0,8,0,,67,6,2007,5,40.0521,-75.0919,1642.0,6,0,0,0,0,0,0,0,0,,0,0,0,16,1,1,0,,0,40 03:07.700,,0,75 05:31.000,8,0,0,0,67301,1,0,0,N,1,0,0,2,67301,0,,1,1,,N,N,,0,,0,0,0,0,0,,1640,1,2,0,0,0,1,0,3,4,0,1,3,,N,,,,,,,,,,,
2007080064,1520.0,1,0,0,0,0,0,0,0,0,4,0,,67,6,2007,1,40.0486,-75.087,1515.0,6,0,0,0,1,0,1,1,0,,0,0,0,15,1,1,1,,0,40 02:54.000,,0,75 05:13.124,8,0,0,0,67301,0,0,0,N,0,0,0,3,67301,0,,1,1,,N,N,,1,,0,0,1,0,0,,1505,1,3,0,0,0,1,0,3,4,0,3,3,,N,,,,,,,,,,,
2007080073,2000.0,0,0,0,0,0,0,0,0,0,8,0,,67,5,2007,4,39.9981,-75.1212,1955.0,6,0,0,0,0,0,0,0,0,,0,0,0,19,4,1,0,,0,39 59:53.203,,0,75 07:16.186,4,0,0,0,67301,1,0,0,,1,0,0,2,67301,1,,1,1,,,,,1,,0,0,0,0,0,,1955,1,2,0,0,0,0,0,3,4,0,1,3,,N,,,,,,,,,,,
2007082533,937.0,2,0,0,0,0,0,0,0,0,4,0,,67,6,2007,6,40.0736,-75.0378,937.0,6,0,0,0,0,0,0,1,0,,0,0,0,9,1,1,0,,0,40 04:25.104,,7,75 02:16.072,4,0,0,0,67301,0,0,0,N,0,0,0,2,67301,1,,1,1,,N,N,,0,,0,0,0,0,0,,936,1,2,0,0,0,0,0,3,4,0,2,3,,N,,,,,,,,,,,
2007055354,830.0,1,0,0,0,0,0,0,0,0,7,0,,67,3,2007,4,39.9536,-75.1381,830.0,6,0,0,0,0,0,0,0,0,2.0,0,0,0,8,1,0,0,,1,39 57:12.785,4.0,3,75 08:17.334,0,0,0,0,67301,0,0,0,N,0,0,0,2,67501,0,,3,9,,N,N,,0,,0,0,0,3,8,N,830,0,1,0,0,0,0,0,3,4,0,1,10,,N,,,,,,,,,,,
2007051155,1135.0,1,0,0,0,0,0,0,0,0,6,0,,67,2,2007,1,40.0171,-75.0847,1131.0,6,0,0,0,0,0,0,0,0,1.0,0,0,0,11,1,0,1,,2,40 01:01.444,1.0,0,75 05:04.984,0,0,0,0,67301,0,0,0,N,0,0,0,3,67301,0,,1,1,,N,N,,0,,0,0,0,0,0,Y,1130,0,2,0,0,1,0,0,3,4,1,2,3,,N,,,,,,,,,,,
2007028480,622.0,1,0,0,0,0,0,0,0,0,4,0,,67,1,2007,3,39.9566,-75.166,618.0,6,0,0,0,0,0,1,0,0,,0,0,0,6,5,1,1,,0,39 57:24.000,,0,75 09:57.505,4,0,0,0,67301,0,0,0,N,0,0,0,3,67301,1,,1,1,,N,N,,0,,0,0,1,3,2,,618,1,2,0,0,0,0,0,3,4,0,2,3,,N,,,,,,,,,,,
2007027982,2347.0,1,0,0,0,0,0,0,0,0,7,0,,67,1,2007,2,40.0403,-75.0584,2345.0,6,1,0,0,0,0,0,0,0,,0,0,0,23,3,1,2,,0,40 02:24.000,,0,75 03:30.268,4,0,0,0,67301,0,0,0,N,0,0,0,1,67301,1,,5,1,,N,N,,0,,0,0,0,3,2,,2343,1,1,0,0,1,0,0,3,4,0,1,3,,N,,,,,,,,,,,
2007027998,2012.0,1,0,0,0,0,0,0,0,0,5,0,,67,1,2007,5,40.1121,-74.9907,2008.0,6,0,0,0,0,0,1,0,0,,0,0,0,20,3,1,5,,0,40 06:43.000,,0,74 59:25.783,3,0,0,0,67301,0,0,0,,0,0,0,3,67301,0,,1,9,,,,,1,,1,0,0,3,2,,2004,1,2,0,0,0,0,0,3,4,0,2,10,,N,,,,,,,,,,,
2007022063,2134.0,2,0,0,0,0,0,0,0,0,2,0,,67,1,2007,1,40.0407,-75.0762,2130.0,6,0,0,0,0,0,1,0,0,1.0,0,0,0,21,3,1,1,,2,40 02:26.000,1.0,0,75 04:34.269,4,0,0,0,67301,0,0,0,N,0,0,0,3,67301,1,,1,9,,N,N,,0,,0,0,0,3,2,Y,2130,1,2,0,0,0,0,0,3,4,0,2,7,,N,,,,,,,,,,,
2007051281,1033.0,1,0,0,0,0,0,0,0,0,4,1,,67,3,2007,4,40.1069,-75.0215,1033.0,6,0,0,0,0,0,0,0,0,1.0,0,1,0,10,1,0,2,,1,40 06:24.778,2.0,0,75 01:17.277,0,0,0,0,67301,0,0,0,,0,0,0,2,67301,0,,1,7,,N,N,,0,,0,0,0,3,3,N,1030,0,2,0,0,0,0,0,3,4,0,2,10,,N,,,,,,,,,,,
2007048911,1135.0,1,0,0,0,0,0,0,0,0,7,0,,67,3,2007,1,39.9442,-75.1429,1125.0,6,0,0,0,0,0,0,0,0,1.0,0,0,0,11,1,1,0,,1,39 56:42.720,2.0,0,75 08:33.720,4,0,0,0,67301,0,0,0,N,0,0,0,1,67301,1,,2,1,,N,N,,0,,0,0,0,0,0,N,1125,1,1,0,0,0,0,0,3,4,0,1,3,,N,,,,,,,,,,,
2007049025,1815.0,0,0,0,0,0,0,0,0,0,4,0,,67,2,2007,4,39.9366,-75.213,1808.0,6,0,0,0,0,1,0,0,0,,0,0,0,99,3,0,0,,0,39 56:11.551,,0,75 12:46.802,0,0,0,0,67301,0,0,0,,0,0,0,3,67301,0,,1,1,,N,N,,2,,0,0,0,0,0,,9999,0,2,0,0,0,0,0,3,4,0,2,3,,N,,,,,,,,,,,
2007046461,350.0,2,0,0,0,0,0,0,0,0,1,0,,67,3,2007,5,40.0959,-74.9768,330.0,6,0,0,0,0,0,1,0,0,,0,0,0,3,3,1,0,,0,40 05:45.348,,0,74 58:36.604,8,0,0,0,67301,0,0,0,N,0,0,0,1,67301,0,,1,1,,N,N,,0,,0,0,0,0,0,,330,1,2,0,0,0,1,0,3,4,0,2,3,,N,,,,,,,,,,,
2007081020,800.0,2,0,0,0,0,0,0,0,0,1,0,,67,3,2007,5,40.0318,-75.1552,756.0,6,0,1,0,0,0,1,0,0,9.0,0,0,0,7,1,3,0,,2,40 01:54.508,6.0,0,75 09:18.604,2,0,0,0,67301,0,0,0,N,0,0,0,3,67301,0,,1,1,,N,N,,1,,0,1,0,0,0,Y,754,3,3,0,1,1,2,0,3,4,0,3,3,,N,,,,,,,,,,,
2007066672,955.0,1,0,0,0,0,0,0,0,0,7,0,,67,5,2007,1,39.9718,-75.1344,950.0,6,0,0,0,0,0,0,0,0,,0,0,0,9,1,1,2,,0,39 58:18.000,,0,75 08:03.848,4,0,0,0,67301,0,0,0,N,0,0,0,1,67301,1,,2,1,,N,N,,0,,0,0,0,0,0,,950,1,1,0,0,0,0,0,3,4,0,1,3,,N,,,,,,,,,,,
2007066807,1935.0,0,0,0,0,0,0,0,0,0,7,0,,67,4,2007,3,39.9604,-75.2472,1934.0,6,0,0,0,0,0,1,0,0,,0,0,0,19,1,1,2,,0,39 57:37.000,,0,75 14:50.079,8,0,0,0,67301,0,0,0,,0,0,0,1,67301,0,,2,1,,N,N,,0,,0,0,0,3,2,,1934,1,1,0,0,0,1,0,3,4,1,1,3,,N,,,,,,,,,,,
2007066821,1223.0,1,0,0,0,0,0,0,0,0,4,0,,67,5,2007,3,39.9418,-75.1741,1221.0,6,0,0,0,0,0,1,0,0,,0,0,0,12,1,1,2,,0,39 56:30.469,,0,75 10:26.774,8,0,0,0,67301,0,0,0,,0,0,0,2,67301,0,,1,1,,,,,0,,0,0,1,3,3,,1219,1,2,0,0,0,1,0,3,4,0,2,3,,N,,,,,,,,,,,
2007066836,1402.0,2,0,0,0,0,0,0,0,0,1,0,,67,4,2007,2,40.0269,-75.0972,1402.0,6,0,0,0,0,0,0,0,1,,0,0,0,13,1,1,1,,0,40 01:36.832,,0,75 05:50.066,4,0,0,0,67301,0,0,0,N,0,0,0,4,67301,1,,1,1,,N,N,,0,,0,0,0,0,0,,1330,1,2,0,0,0,0,0,3,4,0,2,3,,N,,,,,,,,,,,
2007056636,1215.0,3,0,0,0,0,0,0,0,0,4,0,,67,4,2007,7,40.0954,-74.9851,1149.0,6,0,0,0,0,0,0,0,0,,0,0,0,11,1,1,0,,0,40 05:43.404,,0,74 59:06.363,3,0,0,0,67301,0,0,0,N,0,0,0,1,67301,0,,6,1,,N,N,,0,,1,0,0,0,0,,1100,1,3,0,0,0,0,0,3,4,0,3,99,,N,,,,,,,,,,,
2007056637,2020.0,5,0,0,0,0,0,0,0,0,5,0,,67,4,2007,3,40.0579,-75.011,2015.0,6,0,0,0,0,0,0,0,0,,0,0,0,20,3,0,0,,0,40 03:28.436,,0,75 00:39.628,0,0,0,0,67301,1,0,0,N,0,0,0,3,67301,0,,1,1,,N,N,,0,,0,0,0,0,0,,2015,0,5,0,0,0,0,0,3,4,0,5,3,,N,,,,,,,,,,,
2007056753,1442.0,2,0,0,0,0,0,0,0,0,4,0,,67,3,2007,4,39.923,-75.2313,1436.0,6,0,0,0,1,0,1,0,0,,0,0,0,14,1,3,1,,0,39 55:22.000,,0,75 13:52.511,8,0,0,0,67301,0,0,0,,0,0,0,4,67301,0,,1,1,,N,N,,0,,0,0,0,9,3,,1420,3,2,0,0,0,3,0,3,4,0,2,3,,N,,,,,,,,,,,
2007056882,1542.0,2,0,0,0,0,0,0,0,0,2,0,,67,4,2007,2,39.9817,-75.1452,1533.0,6,0,0,0,0,0,0,0,1,,0,0,0,15,1,1,1,,0,39 58:54.156,,0,75 08:42.853,4,0,0,0,67301,0,0,0,N,0,0,0,4,67301,1,,1,1,,N,N,,0,,0,0,0,9,3,,1521,1,2,0,0,0,0,1,3,4,0,2,3,,N,,,,,,,,,,,
2007056994,1637.0,1,0,0,0,0,0,0,0,0,1,0,,67,4,2007,5,39.9478,-75.1872,1637.0,6,0,0,1,0,0,0,0,0,1.0,0,0,0,16,1,2,0,,1,39 56:52.000,3.0,0,75 11:13.987,4,0,0,0,67301,0,0,0,N,0,0,0,3,67301,2,,1,1,,N,N,,0,,0,0,0,0,0,N,1635,2,2,0,0,0,0,0,3,4,1,2,3,,N,,,,,,,,,,,
2007057045,8.0,2,0,0,0,0,0,0,0,0,4,0,,67,4,2007,6,39.9491,-75.162,7.0,6,0,0,0,0,0,0,0,0,1.0,0,0,0,0,3,0,1,,1,39 56:56.000,4.0,0,75 09:43.309,0,0,0,0,67301,0,0,0,,0,0,0,2,67301,0,,1,1,,N,N,,0,,0,0,0,3,2,N,0,0,2,0,0,0,0,0,3,4,0,2,3,,N,,,,,,,,,,,
2007046878,1432.0,2,0,0,0,0,0,0,0,0,4,0,,67,2,2007,4,39.9443,-75.155,1430.0,6,0,0,0,0,0,0,1,0,1.0,0,0,0,14,1,1,2,,1,39 56:39.490,2.0,0,75 09:18.158,8,0,0,0,67301,0,0,0,N,0,0,0,3,67301,0,,1,1,,N,N,,0,,0,0,0,3,2,Y,1422,1,2,0,0,0,1,0,3,4,0,2,3,,N,,,,,,,,,,,
2007047123,1905.0,1,0,0,0,0,0,0,0,0,4,0,,67,2,2007,2,40.0147,-75.2058,1859.0,6,0,0,0,0,0,0,0,0,,0,0,0,18,3,0,3,,0,40 00:53.000,,0,75 12:24.451,0,0,0,0,67301,0,0,0,N,0,0,0,2,67301,0,,1,1,,N,N,,0,,0,0,1,0,0,,1859,0,2,0,0,0,0,0,3,4,0,2,3,,N,,,,,,,,,,,
2007036570,1258.0,2,0,0,0,0,0,0,0,0,4,0,,67,3,2007,1,39.9883,-75.254,1253.0,6,0,0,0,0,0,0,1,1,1.0,0,0,0,12,1,1,1,,2,39 59:17.000,5.0,0,75 15:14.304,8,0,0,0,67301,0,0,0,N,0,0,0,2,46104,0,,1,1,,N,N,,0,,0,0,0,3,2,Y,1248,1,2,0,0,0,1,0,3,4,0,2,3,,N,,,,,,,,,,,
2007099485,1430.0,1,0,0,0,0,0,0,0,0,4,0,,67,8,2007,2,,,1425.0,6,0,0,0,0,0,0,0,0,,0,0,0,14,1,1,0,,0,,,0,,4,0,0,0,67301,0,0,0,N,0,0,0,2,67301,1,,1,9,,N,N,,1,,0,0,0,0,0,,1420,1,2,0,0,0,0,1,3,3,0,2,7,,N,,,,,,,,,,,
2007116955,910.0,0,0,0,1,0,0,0,0,0,4,0,,67,9,2007,5,39.9545,-75.1811,855.0,6,0,0,0,0,0,0,1,0,,0,0,0,8,1,1,1,,0,39 57:16.000,,0,75 10:51.966,4,0,0,0,67301,1,0,0,,0,0,0,2,67301,1,,1,1,,,,,0,,0,0,0,3,2,,855,1,2,0,0,0,0,0,3,4,1,1,3,,N,,,,,,,,,,,
2007099339,1820.0,2,0,0,0,0,0,0,0,0,6,0,,67,7,2007,2,40.0212,-75.1261,1815.0,6,0,0,0,0,1,0,0,0,,0,0,0,99,1,1,2,,0,40 01:16.395,,0,75 07:33.990,4,0,0,0,67301,0,0,0,,0,0,0,2,67301,1,,1,1,,,,,1,,0,0,0,9,4,,9999,1,3,0,0,1,0,1,3,4,0,3,3,,N,,,,,,,,,,,
2007099348,1758.0,0,0,0,0,0,0,0,0,0,7,0,,67,8,2007,1,39.9981,-75.0847,1753.0,6,0,0,0,0,0,0,0,0,1.0,0,0,0,17,1,1,0,,2,39 59:54.402,2.0,2,75 04:59.092,4,0,0,0,67301,0,0,0,N,0,0,0,1,67301,1,,2,1,,N,N,,0,,0,0,1,9,2,Y,1750,1,1,0,0,0,0,0,3,4,0,1,3,,N,,,,,,,,,,,
2007116396,1145.0,1,0,0,0,0,0,0,0,0,1,0,,67,10,2007,4,40.0811,-75.172,1142.0,6,0,0,0,0,0,0,0,0,,0,0,0,11,1,1,0,,0,40 04:51.871,,0,75 10:19.198,4,0,0,0,67301,0,0,0,N,0,0,0,1,67301,1,,5,1,,N,N,,0,,0,0,1,0,0,,1135,1,2,0,0,0,0,0,3,4,0,2,3,,N,,,,,,,,,,,
2007111899,910.0,2,0,0,0,0,0,0,0,0,5,0,,67,9,2007,2,40.0059,-75.177,900.0,6,0,0,0,0,0,0,0,0,,0,0,0,99,1,1,0,,0,40 00:21.000,,0,75 10:36.869,8,0,0,0,67301,0,0,0,,0,0,0,2,67301,0,,1,1,,,,,0,,0,0,0,0,0,,9999,1,2,0,0,0,1,0,3,4,0,2,3,,N,,,,,,,,,,,
2007091950,1118.0,2,0,0,0,0,0,0,0,0,2,0,,67,7,2007,7,40.0935,-74.9802,1116.0,6,0,0,0,1,0,1,0,0,,0,0,0,11,1,0,1,,0,40 05:36.611,,0,74 58:48.599,9,0,0,0,67301,0,0,0,N,0,0,0,4,67301,0,,1,1,,N,N,,0,,0,0,0,3,2,,1105,0,2,0,0,0,0,1,3,4,0,2,3,,N,,,,,,,,,,,
2007092193,1820.0,1,0,0,0,0,0,0,0,0,1,0,,67,7,2007,6,40.0743,-75.0464,1818.0,6,0,0,0,0,0,0,0,0,,0,0,0,18,1,1,1,,0,40 04:27.000,,0,75 02:47.193,4,0,0,0,67301,0,0,0,N,0,0,0,5,67301,1,,1,1,,N,N,,0,,0,0,0,3,2,,1810,1,2,0,0,0,0,1,3,4,0,2,3,,N,,,,,,,,,,,
2007092200,9999.0,1,0,0,0,0,0,0,0,0,4,0,,67,7,2007,4,40.0361,-75.0715,9999.0,6,0,0,0,0,0,0,0,0,,0,0,0,18,1,3,0,,0,40 02:10.065,,0,75 04:17.247,8,0,0,0,67301,0,0,0,N,0,0,0,3,67301,0,,1,98,,N,N,,0,,0,0,0,0,0,,1840,3,2,0,0,0,3,0,3,4,1,2,99,,N,,,,,,,,,,,
2007092068,1320.0,1,0,0,0,0,0,0,0,0,8,0,,67,7,2007,4,39.947,-75.1648,1314.0,6,0,0,0,0,0,1,0,0,,0,0,0,12,1,1,1,,0,39 56:49.000,,0,75 09:53.386,8,0,0,0,67301,1,0,0,N,1,0,0,2,67301,0,,1,1,,N,N,,0,,0,0,0,3,2,,1258,1,2,0,0,1,1,0,3,4,0,1,3,,N,,,,,,,,,,,
2007081783,541.0,1,0,0,0,0,0,0,0,0,8,0,,67,6,2007,7,40.0607,-75.0542,539.0,6,0,0,0,0,0,0,0,0,,0,0,0,5,1,1,1,,0,40 03:38.000,,0,75 03:14.962,4,0,0,0,67301,1,0,0,N,1,0,0,2,67301,1,,1,1,,N,N,,0,,0,0,0,3,2,,530,1,2,0,0,0,0,0,3,4,0,1,3,,N,,,,,,,,,,,
2007082260,400.0,2,0,0,0,0,0,0,0,0,1,0,,67,5,2007,7,39.9705,-75.2256,348.0,6,0,0,0,0,0,0,0,0,,0,0,0,3,3,1,2,,0,39 58:13.000,,0,75 13:32.194,8,0,0,0,67301,0,0,0,N,0,0,0,3,67301,0,,1,1,,N,N,,0,,0,0,0,0,0,,340,1,2,0,0,1,1,1,3,4,0,2,3,,N,,,,,,,,,,,
2007081871,2103.0,3,0,0,0,0,0,0,0,0,1,0,,67,6,2007,6,39.9843,-75.188,2100.0,6,0,0,0,0,0,0,0,0,,0,0,0,21,3,2,2,,0,39 59:03.000,,0,75 11:16.852,4,0,0,0,67301,0,0,0,N,0,0,0,4,67301,2,,1,9,,N,N,,0,,0,0,0,0,0,,2100,2,3,0,0,0,0,0,3,4,0,3,7,,N,,,,,,,,,,,
2007058148,1025.0,0,0,0,0,0,0,0,0,0,7,0,,67,4,2007,7,40.017,-75.0501,1020.0,6,0,0,0,0,0,1,0,0,2.0,0,0,0,10,1,2,0,,1,40 01:01.108,1.0,0,75 03:00.236,4,0,0,0,67301,0,0,0,Y,0,0,0,2,67301,2,,2,1,,N,N,,0,,0,0,1,0,0,Y,1015,2,1,0,0,0,0,0,3,4,0,1,3,,N,,,,,,,,,,,
2007055831,1059.0,1,0,0,0,0,0,0,0,0,1,0,,67,4,2007,5,39.9488,-75.1852,1043.0,6,0,0,0,0,0,1,0,0,,0,0,0,9,1,3,0,,0,39 57:00.000,,0,75 11:00.978,4,0,0,0,67301,0,0,0,N,0,0,0,4,68K01,3,,1,9,,N,N,,0,,0,0,0,0,0,,959,3,2,0,0,0,0,0,3,4,1,2,7,,N,,,,,,,,,,,
2007046292,934.0,2,0,0,0,0,0,0,0,0,2,0,,67,3,2007,7,39.9514,-75.2349,934.0,6,1,0,0,0,0,0,0,0,,0,0,0,9,1,0,1,,0,39 57:05.212,,0,75 14:05.600,0,0,0,0,67301,0,0,0,N,0,0,0,3,67301,0,,1,1,,N,N,,0,,0,0,0,3,2,,934,0,2,0,0,0,0,0,3,4,0,2,3,,N,,,,,,,,,,,
2007030765,2019.0,2,0,0,0,0,0,0,0,0,4,0,,67,3,2007,5,39.9978,-75.2339,9999.0,6,0,0,0,0,0,0,0,0,2.0,0,0,0,20,3,1,0,,1,39 59:54.000,2.0,0,75 13:56.941,8,0,0,0,67301,0,0,0,N,0,0,0,4,46104,0,,1,1,,N,N,,0,,0,0,0,0,0,N,2011,1,2,0,0,1,1,0,3,4,0,2,3,,N,,,,,,,,,,,
2007022226,615.0,1,0,0,0,0,0,0,0,0,7,0,,67,1,2007,2,40.0485,-74.9983,610.0,6,0,0,0,1,0,0,0,0,1.0,0,0,0,6,3,0,0,,1,40 02:54.000,1.0,0,74 59:52.999,0,0,0,0,67301,0,0,0,N,0,0,0,1,67301,0,,2,9,,N,N,,0,,0,0,0,0,0,N,610,0,1,0,0,0,0,0,3,4,0,1,7,,N,,,,,,,,,,,
2007048858,952.0,1,0,0,0,0,0,0,0,0,8,0,,67,3,2007,2,40.0038,-75.1699,949.0,6,0,0,0,0,0,0,0,0,,0,0,0,99,1,1,2,,0,40 00:13.000,,0,75 10:11.525,4,0,0,0,67301,1,0,0,N,1,0,0,2,67301,1,,1,1,,N,N,,0,,0,0,0,3,3,,9999,1,2,0,0,0,0,1,3,4,0,1,3,,N,,,,,,,,,,,
2007056552,1725.0,2,0,0,0,0,0,0,0,0,1,0,,67,3,2007,7,40.08,-74.9973,1721.0,6,0,0,0,0,0,0,0,0,,0,0,0,17,1,1,2,,0,40 04:48.000,,0,74 59:50.105,8,0,0,0,67301,0,0,0,N,0,0,0,4,67301,0,,1,1,,N,N,,0,,0,0,0,3,2,,1715,1,2,0,0,0,1,0,3,4,0,2,3,,N,,,,,,,,,,,
2007049008,1005.0,2,0,0,0,0,0,0,0,0,4,0,,67,3,2007,5,40.0444,-75.0727,1005.0,6,0,0,0,0,0,0,0,0,1.0,0,0,0,10,1,2,1,,1,40 02:39.000,6.0,0,75 04:21.664,4,0,0,0,67301,0,0,0,N,0,0,0,3,67301,1,,1,1,,N,N,,0,,0,0,0,3,2,N,1002,2,2,0,0,0,1,0,3,4,0,2,3,,N,,,,,,,,,,,
2007049038,1847.0,2,0,0,0,0,0,0,0,0,4,0,,67,2,2007,4,40.0467,-75.1367,1842.0,6,0,0,0,0,0,1,0,0,,0,0,0,18,3,1,2,,0,40 02:48.000,,0,75 08:12.303,4,0,0,0,67301,0,0,0,N,0,0,0,2,67301,1,,1,7,,N,N,,0,,0,0,0,0,0,,1840,1,2,0,0,0,0,0,3,4,0,2,10,,N,,,,,,,,,,,
2007049042,911.0,3,0,0,0,0,0,0,0,0,4,0,,67,3,2007,5,39.9292,-75.1584,907.0,6,0,0,0,0,0,1,0,0,,0,0,0,9,1,1,1,,0,39 55:45.040,,0,75 09:30.207,4,0,0,0,67301,0,0,0,N,0,0,0,2,67301,1,,1,2,,N,N,,0,,0,0,0,3,3,,905,1,3,0,0,2,0,0,3,4,0,3,3,,N,,,,,,,,,,,