CRN,ARRIVAL_TM,AUTOMOBILE_COUNT,BELTED_DEATH_COUNT,BELTED_SUSP_SERIOUS_INJ_COUNT,BICYCLE_COUNT,BICYCLE_DEATH_COUNT,BICYCLE_SUSP_SERIOUS_INJ_COUNT,BUS_COUNT,CHLDPAS_DEATH_COUNT,CHLDPAS_SUSP_SERIOUS_INJ_COUNT,COLLISION_TYPE,COMM_VEH_COUNT,CONS_ZONE_SPD_LIM,COUNTY,CRASH_MONTH,CRASH_YEAR,DAY_OF_WEEK,DEC_LAT,DEC_LONG,DISPATCH_TM,DISTRICT,DRIVER_COUNT_16YR,DRIVER_COUNT_17YR,DRIVER_COUNT_18YR,DRIVER_COUNT_19YR,DRIVER_COUNT_20YR,DRIVER_COUNT_50_64YR,DRIVER_COUNT_65_74YR,DRIVER_COUNT_75PLUS,EST_HRS_CLOSED,FATAL_COUNT,HEAVY_TRUCK_COUNT,HORSE_BUGGY_COUNT,HOUR_OF_DAY,ILLUMINATION,INJURY_COUNT,INTERSECT_TYPE,INTERSECTION_RELATED,LANE_CLOSED,LATITUDE,LN_CLOSE_DIR,LOCATION_TYPE,LONGITUDE,MAX_SEVERITY_LEVEL,MCYCLE_DEATH_COUNT,MCYCLE_SUSP_SERIOUS_INJ_COUNT,MOTORCYCLE_COUNT,MUNICIPALITY,NONMOTR_COUNT,NONMOTR_DEATH_COUNT,NONMOTR_SUSP_SERIOUS_INJ_COUNT,NTFY_HIWY_MAINT,PED_COUNT,PED_DEATH_COUNT,PED_SUSP_SERIOUS_INJ_COUNT,PERSON_COUNT,POLICE_AGCY,POSSIBLE_INJ_COUNT,RDWY_SURF_TYPE_CD,RELATION_TO_ROAD,ROAD_CONDITION,ROADWAY_CLEARED,SCH_BUS_IND,SCH_ZONE_IND,SECONDARY_CRASH,SMALL_TRUCK_COUNT,SPEC_JURIS_CD,SUSP_MINOR_INJ_COUNT,SUSP_SERIOUS_INJ_COUNT,SUV_COUNT,TCD_FUNC_CD,TCD_TYPE,TFC_DETOUR_IND,TIME_OF_DAY,TOT_INJ_COUNT,TOTAL_UNITS,UNB_DEATH_COUNT,UNB_SUSP_SERIOUS_INJ_COUNT,UNBELTED_OCC_COUNT,UNK_INJ_DEG_COUNT,UNK_INJ_PER_COUNT,URBAN_AREA,URBAN_RURAL,VAN_COUNT,VEHICLE_COUNT,WEATHER1,WEATHER2,WORK_ZONE_IND,WORK_ZONE_LOC,WORK_ZONE_TYPE,WORKERS_PRES,WZ_CLOSE_DETOUR,WZ_FLAGGER,WZ_LAW_OFFCR_IND,WZ_LN_CLOSURE,WZ_MOVING,WZ_OTHER,WZ_SHLDER_MDN,WZ_WORKERS_INJ_KILLED
2007049056,829.0,2,0,0,0,0,0,0,0,0,1,0,,67,2,2007,2,40.1021,-75.0052,819.0,6,0,0,0,0,0,0,0,0,2.0,0,0,0,8,1,1,0,,1,40 06:07.560,1.0,0,75 00:18.720,8,0,0,0,67301,1,0,0,N,1,0,0,2,67301,0,,1,1,,N,N,,0,,0,0,0,3,2,N,819,1,3,0,0,0,1,0,3,4,0,2,3,,N,,,,,,,,,,,
2007049058,816.0,0,0,0,0,0,0,0,0,0,8,0,,67,2,2007,3,40.0621,-75.0136,806.0,6,0,0,0,0,0,0,0,0,,0,0,0,7,1,1,2,,0,40 03:43.405,,0,75 00:49.093,8,0,0,0,67301,1,0,0,N,1,0,0,2,67301,0,,1,9,,N,N,,1,,0,0,0,9,3,,730,1,2,0,0,0,1,0,3,4,0,1,10,,N,,,,,,,,,,,
2007049065,1415.0,2,0,0,0,0,0,0,0,0,1,0,,67,3,2007,7,39.9972,-75.1196,1408.0,6,0,0,0,0,0,0,0,0,,0,0,0,14,1,1,0,,0,39 59:50.000,,0,75 07:10.551,4,0,0,0,67301,0,0,0,N,0,0,0,5,67301,1,,1,2,,N,N,,1,,0,0,1,0,0,,1400,1,4,0,0,4,0,0,3,4,0,4,10,,N,,,,,,,,,,,
2007046723,245.0,1,0,0,0,0,0,0,0,0,4,0,,67,2,2007,7,40.0022,-75.1576,237.0,6,0,0,0,0,0,0,0,0,,0,0,0,99,3,0,1,,0,40 00:07.000,,0,75 09:27.518,9,0,0,0,67301,0,0,0,,0,0,0,2,67301,0,,1,2,,,,,0,,0,0,0,3,2,,9999,0,2,0,0,0,0,1,3,4,0,2,98,,N,,,,,,,,,,,
2007080828,1440.0,2,0,0,1,0,0,0,0,0,4,0,,67,6,2007,5,39.9537,-75.1579,1440.0,6,0,0,0,0,0,2,0,1,1.0,0,0,0,14,1,5,1,,1,39 57:13.496,4.0,0,75 09:28.376,4,0,0,0,67301,1,0,0,N,0,0,0,7,67301,5,,1,1,,N,N,,0,,0,0,1,3,2,N,1440,5,4,0,0,0,0,0,3,4,0,3,3,,N,,,,,,,,,,,
2007080835,50.0,1,0,0,0,0,0,0,0,0,7,0,,67,6,2007,6,39.9826,-75.1005,50.0,6,0,0,0,0,0,0,0,0,,0,0,0,0,3,0,2,,0,39 58:56.000,,2,75 06:03.574,0,0,0,0,67301,0,0,0,N,0,0,0,4,67301,0,,7,1,,N,N,,0,,0,0,0,9,2,,49,0,1,0,0,0,0,0,3,4,0,1,3,,N,,,,,,,,,,,
2007081023,855.0,1,0,0,1,0,0,0,0,0,4,0,,67,4,2007,3,39.9417,-75.1573,853.0,6,0,0,0,0,0,0,0,0,,0,0,0,8,1,1,1,,0,39 56:30.224,,0,75 09:26.103,3,0,0,0,67301,1,0,0,N,0,0,0,2,67301,0,,1,1,,N,N,,0,,1,0,0,9,3,,853,1,2,0,0,0,0,0,3,4,0,1,3,,N,,,,,,,,,,,
2007066648,2245.0,0,0,0,0,0,0,0,0,0,4,0,,67,5,2007,1,39.981,-75.2362,2236.0,6,0,0,0,0,0,0,0,0,,0,0,0,99,3,1,1,,0,39 58:51.000,,0,75 14:10.155,8,0,0,0,67301,0,0,0,N,0,0,0,2,67301,0,,1,1,,N,N,,0,,0,0,2,9,2,,9999,1,2,0,0,0,1,0,3,4,0,2,3,,N,,,,,,,,,,,
2007056759,1601.0,0,0,0,0,0,0,0,0,0,8,0,,67,3,2007,2,40.0208,-75.1183,1546.0,6,0,0,0,0,0,0,0,0,,0,0,0,15,1,1,1,,0,40 01:14.970,,0,75 07:05.771,8,0,0,0,67301,1,0,0,N,1,0,0,2,67301,0,,1,1,,N,Y,,0,,0,0,1,3,2,,1543,1,2,0,0,0,1,0,3,4,0,1,3,,N,,,,,,,,,,,
2007056725,1530.0,2,0,0,0,0,0,0,0,0,4,0,,67,4,2007,2,40.004,-75.2144,1525.0,6,0,0,0,0,0,0,0,1,,0,0,0,15,1,2,2,,0,40 00:14.371,,0,75 12:51.803,4,0,0,0,67301,0,0,0,N,0,0,0,2,67301,2,,1,1,,N,N,,0,,0,0,0,3,2,,1524,2,2,0,0,2,0,0,3,4,0,2,3,,N,,,,,,,,,,,
2007056768,206.0,2,0,0,0,0,0,0,0,0,6,0,,67,4,2007,1,40.0108,-75.1266,204.0,6,0,0,1,0,0,0,0,0,,0,0,0,1,3,2,1,,0,40 00:38.808,,0,75 07:35.921,8,0,0,0,67301,0,0,0,N,0,0,0,4,67301,0,,1,9,,N,N,,0,,0,0,0,3,2,,155,2,2,0,0,0,2,0,3,4,0,2,7,,N,,,,,,,,,,,
2007056948,200.0,2,0,0,0,0,0,0,0,0,2,0,,67,4,2007,1,40.073,-75.1596,156.0,6,0,0,0,0,0,0,0,0,2.0,0,0,0,1,3,0,10,,1,40 04:22.774,7.0,0,75 09:34.598,0,0,0,0,67301,0,0,0,N,0,0,0,2,67301,0,,1,1,,N,N,,0,,0,0,0,9,3,Y,150,0,2,0,0,0,0,0,3,4,0,2,3,,N,,,,,,,,,,,
2007054478,857.0,1,0,0,0,0,0,0,0,0,1,0,,67,4,2007,6,39.9583,-75.1804,847.0,6,0,0,0,0,0,0,0,0,,0,0,0,8,1,1,6,,0,39 57:37.115,,0,75 10:54.549,8,0,0,0,67301,0,0,0,N,0,0,0,3,68K01,0,,1,9,,N,N,,0,,0,0,0,0,0,,845,1,2,0,0,0,1,0,3,4,1,2,7,,N,,,,,,,,,,,
2007046888,9999.0,2,0,0,0,0,0,0,0,0,1,0,,67,2,2007,2,39.942,-75.1659,1900.0,6,0,0,0,0,0,0,0,0,,0,0,0,19,3,3,0,,0,39 56:31.000,,0,75 09:57.282,4,0,0,0,67301,0,0,0,N,0,0,0,5,67301,3,,1,1,,N,N,,0,,0,0,0,0,0,,1900,3,2,0,0,0,0,0,3,4,0,2,3,,N,,,,,,,,,,,
2007047007,2030.0,3,0,0,0,0,0,0,0,0,1,0,,67,3,2007,7,40.0568,-75.1607,2030.0,6,0,0,0,1,0,0,0,0,,0,0,0,20,3,2,2,,0,40 03:24.505,,0,75 09:38.479,3,0,0,0,67301,0,0,0,N,0,0,0,3,67301,0,,1,2,,N,N,,0,,2,0,0,3,2,,2030,2,3,0,0,0,0,0,3,4,0,3,98,,N,,,,,,,,,,,
2007047024,9999.0,1,0,0,0,0,0,1,0,0,1,0,,67,2,2007,1,39.9583,-75.1658,519.0,6,0,0,0,0,0,1,0,0,2.0,0,0,0,5,5,1,2,,2,39 57:29.000,3.0,2,75 09:56.922,8,0,0,0,67301,0,0,0,N,0,0,0,3,67301,0,,1,2,,N,N,,0,,0,0,0,0,0,Y,519,1,2,0,0,0,1,0,3,4,0,2,3,,N,,,,,,,,,,,
2007091864,925.0,1,0,0,0,0,0,0,0,0,5,0,,67,7,2007,6,40.0479,-75.1397,920.0,6,0,0,0,0,0,0,0,0,,0,0,0,1,3,1,0,,0,40 02:52.460,,0,75 08:22.946,2,0,0,0,67301,1,0,1,N,1,0,1,2,67301,0,,1,1,,N,N,,0,,0,1,0,0,0,,100,1,3,0,0,0,0,1,3,4,0,2,3,,N,,,,,,,,,,,
2007094371,1718.0,1,0,0,0,0,0,0,0,0,5,1,,67,7,2007,3,39.9915,-75.2033,1711.0,6,0,0,0,0,0,0,0,0,,0,1,0,16,1,1,0,,0,39 59:31.000,,0,75 12:07.503,4,0,0,0,67301,0,0,0,N,0,0,0,2,68K01,1,,2,1,,N,N,,0,,0,0,0,0,0,,1652,1,2,0,0,0,0,1,3,4,0,2,3,,N,,,,,,,,,,,
2007094413,1612.0,1,0,0,0,0,0,0,0,0,4,0,,67,7,2007,1,39.9858,-75.2107,1606.0,6,0,0,0,0,0,0,0,0,1.0,0,0,0,16,1,3,0,,2,39 59:08.800,6.0,7,75 12:38.400,3,0,0,0,67301,0,0,0,N,0,0,0,4,67301,1,,1,1,,N,N,,1,,2,0,0,0,0,Y,1600,3,3,0,0,0,0,0,3,4,1,3,3,,N,,,,,,,,,,,
2007091916,939.0,1,0,0,0,0,0,0,0,0,1,0,,67,7,2007,4,40.0305,-75.1182,938.0,6,0,0,0,0,1,0,0,0,,0,0,0,7,1,2,1,,0,40 01:49.000,,0,75 07:05.462,8,0,0,0,67301,0,0,0,N,0,0,0,3,67301,0,,1,1,,N,N,,1,,0,0,0,3,2,,749,2,2,0,0,0,2,0,3,4,0,2,3,,N,,,,,,,,,,,
2007092178,2004.0,1,0,0,0,0,0,0,0,0,4,0,,67,7,2007,5,39.9747,-75.1995,1956.0,6,0,0,0,0,0,0,0,0,,0,0,0,19,1,2,3,,0,39 58:28.000,,0,75 11:57.963,4,0,0,0,67301,0,0,0,N,0,0,0,3,67301,1,,1,1,,N,N,,0,,0,0,0,3,2,,1954,2,2,0,0,0,1,0,3,4,0,2,3,,N,,,,,,,,,,,
2007111894,1125.0,1,0,0,0,0,0,0,0,0,7,0,,67,9,2007,7,39.9199,-75.1909,1115.0,6,0,0,0,0,0,0,0,0,1.0,0,0,0,11,1,3,0,,1,39 55:11.000,2.0,0,75 11:27.379,4,0,0,0,67301,0,0,0,,0,0,0,3,67301,3,,2,9,,,,,0,,0,0,0,0,0,Y,1110,3,1,0,0,0,0,0,3,4,0,1,7,,N,,,,,,,,,,,
2007092035,1333.0,1,0,0,0,0,0,0,0,0,8,0,,67,7,2007,4,40.0308,-75.1244,1330.0,6,0,0,0,0,0,0,0,0,,0,0,0,13,1,1,0,,0,40 01:51.047,,0,75 07:27.824,4,0,0,0,67301,1,0,0,N,1,0,0,2,67301,1,,1,1,,N,N,,0,,0,0,0,0,0,,1328,1,2,0,0,1,0,0,3,4,0,1,3,,N,,,,,,,,,,,
2007086541,833.0,1,0,0,0,0,0,0,0,0,5,1,,67,7,2007,3,40.0081,-75.2019,819.0,6,0,0,0,0,0,0,0,0,,0,1,0,8,1,0,0,,0,40 00:28.000,,0,75 12:04.763,0,0,0,0,67301,0,0,0,N,0,0,0,2,68K01,0,,1,1,,N,N,,0,,0,0,0,0,0,,815,0,2,0,0,0,0,0,3,4,0,2,3,,N,,,,,,,,,,,
2007082407,1605.0,2,0,0,0,0,0,0,0,0,1,0,,67,6,2007,2,39.9869,-75.173,1605.0,6,0,0,0,0,0,1,0,0,,0,0,0,15,1,1,0,,0,39 59:12.681,,0,75 10:22.800,8,0,0,0,67301,0,0,0,,0,0,0,3,67301,0,,1,1,,,Y,,0,,0,0,0,0,0,,1555,1,2,0,0,0,1,0,3,4,0,2,3,,N,,,,,,,,,,,
2007079412,1517.0,2,0,0,0,0,0,0,0,0,1,0,,67,7,2007,3,40.0079,-75.2023,1517.0,6,0,1,0,0,0,0,1,0,,0,0,0,15,1,0,0,,0,40 00:28.065,,0,75 12:06.932,0,0,0,0,67301,0,0,0,N,0,0,0,4,68K01,0,,1,1,,N,N,,0,,0,0,0,0,0,,1517,0,2,0,0,0,0,0,3,4,0,2,3,,N,,,,,,,,,,,
2007058150,1853.0,0,0,0,0,0,0,0,0,0,7,0,,67,4,2007,1,40.0298,-75.022,1844.0,6,0,0,0,0,0,0,0,0,1.0,0,0,0,18,1,1,0,,1,40 01:47.259,1.0,0,75 01:19.197,4,0,0,0,67301,0,0,0,N,0,0,0,1,67301,1,,2,1,,N,N,,1,,0,0,0,0,0,N,1844,1,1,0,0,0,0,0,3,4,0,1,3,,N,,,,,,,,,,,
2007057775,959.0,0,0,0,0,0,0,0,0,0,4,0,,67,4,2007,2,39.9817,-75.1329,959.0,6,0,0,0,0,0,0,0,0,,0,0,0,9,1,1,0,,0,39 58:53.954,,0,75 07:58.411,4,0,0,0,67301,0,0,0,,0,0,0,2,67301,1,,1,1,,,,,0,,0,0,2,3,2,,957,1,2,0,0,0,0,0,3,4,0,2,3,,N,,,,,,,,,,,
2007046304,2135.0,3,0,0,0,0,0,0,0,0,1,0,,67,2,2007,3,40.1018,-75.0399,2131.0,6,0,0,0,0,0,0,0,1,,0,0,0,21,3,1,0,,0,40 06:06.000,,0,75 02:23.559,4,0,0,0,67301,0,0,0,N,0,0,0,4,67301,1,,1,1,,N,N,,0,,0,0,0,0,0,,2130,1,3,0,0,0,0,0,3,4,0,3,3,,N,,,,,,,,,,,
2007022223,5.0,0,0,0,0,0,0,0,0,0,7,0,,67,1,2007,1,39.9844,-75.2032,2358.0,6,0,0,0,0,0,0,0,0,1.0,0,0,0,23,3,0,0,,2,39 59:03.000,2.0,0,75 12:11.410,0,0,0,0,67301,0,0,0,N,0,0,0,2,67301,0,,4,7,,N,N,,0,,0,0,0,0,0,N,2356,0,1,0,0,0,0,0,3,4,1,1,10,,N,,,,,,,,,,,
2007046393,1815.0,1,0,0,0,0,0,0,0,0,8,0,,67,2,2007,3,40.0227,-75.0808,1808.0,6,0,0,0,0,0,0,0,0,,0,0,0,18,3,2,0,,0,40 01:21.670,,0,75 04:50.807,8,0,0,0,67301,2,0,0,N,2,0,0,3,67301,0,,1,2,,N,N,,0,,0,0,0,0,0,,1800,2,3,0,0,0,2,1,3,4,0,1,3,,N,,,,,,,,,,,
2007056541,835.0,2,0,0,0,0,0,0,0,0,1,0,,67,3,2007,2,39.8946,-75.2367,826.0,6,0,0,0,0,0,0,0,0,,0,0,0,8,1,2,10,,0,39 53:40.000,,0,75 14:12.181,4,0,0,0,67301,0,0,0,N,0,0,0,3,67301,2,,1,1,,N,N,,0,,0,0,0,0,0,,820,2,2,0,0,0,0,0,3,4,0,2,3,,N,,,,,,,,,,,
2007056542,9999.0,0,0,0,0,0,0,0,0,0,8,0,,67,4,2007,6,39.9356,-75.223,,6,0,0,0,0,0,0,0,0,,0,0,0,99,3,1,1,,0,39 56:07.983,,0,75 13:22.832,4,0,0,0,67301,1,0,0,N,1,0,0,2,67301,1,,1,9,,N,N,,0,,0,0,0,0,0,,9999,1,2,0,0,0,0,1,3,4,0,1,3,,N,,,,,,,,,,,
2007046707,245.0,2,0,0,0,0,0,0,0,0,1,0,,67,2,2007,1,39.9406,-75.1421,235.0,6,0,0,0,0,0,0,0,0,2.0,0,0,0,2,3,0,0,,1,39 56:26.011,2.0,0,75 08:31.662,0,0,0,0,67301,0,0,0,N,0,0,0,2,67301,0,,1,1,,N,N,,0,,0,0,0,0,0,N,220,0,2,0,0,2,0,0,3,4,0,2,3,,N,,,,,,,,,,,
2007117283,1306.0,1,0,0,0,0,0,0,0,0,7,0,,67,9,2007,1,40.0796,-75.1814,1303.0,6,0,0,1,0,0,0,0,0,,0,0,0,11,1,1,2,,0,40 04:46.732,,0,75 10:53.179,8,0,0,0,67301,0,0,0,N,0,0,0,1,67301,0,,4,1,,N,N,,0,,0,0,0,9,3,,1146,1,1,0,0,0,1,0,3,4,0,1,3,,N,,,,,,,,,,,
2007080933,1707.0,2,0,0,0,0,0,0,0,0,4,0,,67,4,2007,7,39.9695,-75.1396,1705.0,6,0,0,0,0,1,0,0,0,,0,0,0,17,1,1,1,,0,39 58:10.379,,0,75 08:22.482,8,0,0,0,67301,0,0,0,N,0,0,0,2,67301,0,,1,1,,N,N,,0,,0,0,0,3,2,,1700,1,2,0,0,1,1,0,3,4,0,2,3,,N,,,,,,,,,,,
2007120149,1425.0,0,0,0,0,0,0,0,0,0,8,0,,67,10,2007,7,39.9885,-75.1063,1405.0,6,0,0,0,0,0,0,0,0,,0,0,0,13,1,2,1,,0,39 59:18.000,,0,75 06:22.881,4,0,0,0,67301,2,0,0,,2,0,0,3,67301,2,,1,1,,,,,1,,0,0,0,0,0,,1330,2,3,0,0,0,0,0,3,4,0,1,3,,N,,,,,,,,,,,
2007120210,1147.0,1,0,0,0,0,0,0,0,0,4,0,,67,10,2007,3,39.9271,-75.1809,1145.0,6,0,0,0,0,0,0,0,0,9.0,0,1,0,11,1,2,1,,2,39 55:37.473,4.0,0,75 10:51.175,4,0,0,0,67301,0,0,0,N,0,0,0,5,67301,2,,1,1,,N,N,,0,,0,0,0,0,0,Y,1140,2,2,0,0,2,0,0,3,4,0,2,3,,N,,,,,,,,,,,
2007066378,1854.0,2,0,0,0,0,0,0,0,0,1,0,,67,5,2007,6,40.0403,-75.0584,1852.0,6,0,0,0,0,0,1,0,0,,0,0,0,18,1,1,1,,0,40 02:24.000,,0,75 03:30.268,4,0,0,0,67301,0,0,0,N,0,0,0,2,67301,1,,1,1,,N,N,,0,,0,0,0,3,2,,1851,1,2,0,0,0,0,0,3,4,0,2,3,,N,,,,,,,,,,,
2007066426,2225.0,1,0,0,0,0,0,0,0,0,5,0,,67,5,2007,4,39.9922,-75.1212,2225.0,6,0,0,0,0,0,1,0,0,,0,0,0,22,3,1,0,,0,39 59:32.074,,0,75 07:16.302,4,0,0,0,67301,0,0,0,N,0,0,0,1,67301,1,,1,1,,N,N,,0,,0,0,2,0,0,,2220,1,3,0,0,1,0,0,3,4,0,3,3,,N,,,,,,,,,,,
2007066456,2142.0,0,0,0,0,0,0,1,0,0,8,1,,67,5,2007,2,40.0186,-75.1554,2142.0,6,0,0,0,0,0,0,0,0,,0,0,0,21,3,14,2,,0,40 01:06.960,,0,75 09:19.440,3,0,0,0,67301,1,0,0,N,1,0,0,15,67301,0,,1,1,,N,N,,0,,1,0,0,0,0,,2141,14,2,0,0,0,13,0,3,4,0,1,3,,N,,,,,,,,,,,
2007066512,2128.0,2,0,0,0,0,0,0,0,0,6,0,,67,5,2007,1,40.0496,-75.1555,2124.0,6,0,0,0,0,0,1,0,0,,0,0,0,21,3,2,1,,0,40 02:58.452,,0,75 09:19.846,8,0,0,0,67301,0,0,0,N,0,0,0,3,67301,0,,1,1,,N,N,,0,,0,0,0,3,3,,2120,2,2,0,0,1,2,1,3,4,0,2,3,,N,,,,,,,,,,,
2007066539,1955.0,2,0,0,0,0,0,0,0,0,4,0,,67,5,2007,4,39.9693,-75.2139,1953.0,6,0,0,0,0,0,0,0,0,,0,0,0,19,2,0,1,,0,39 58:09.458,,0,75 12:49.863,0,0,0,0,67301,0,0,0,N,0,0,0,2,67301,0,,1,1,,N,N,,0,,0,0,0,3,3,,1950,0,2,0,0,0,0,0,3,4,0,2,3,,N,,,,,,,,,,,
2007080109,1044.0,1,0,0,0,0,0,0,0,0,7,0,,67,6,2007,4,39.9322,-75.2425,1036.0,6,0,0,0,0,0,0,0,0,1.0,0,0,0,10,1,1,0,,2,39 55:55.893,6.0,0,75 14:33.104,3,0,0,0,67301,0,0,0,N,0,0,0,1,67301,0,,2,9,,N,N,,0,,1,0,0,0,0,Y,1033,1,1,0,0,0,0,0,3,4,0,1,7,,N,,,,,,,,,,,
2007124092,403.0,0,0,0,1,0,0,0,0,0,1,0,,67,10,2007,6,39.9679,-75.1983,402.0,6,0,0,0,0,0,0,0,0,,0,0,0,19,4,1,1,,0,39 58:04.551,,0,75 11:53.717,4,0,0,0,67301,1,0,0,,0,0,0,2,67301,1,,1,9,,N,N,,0,,0,0,0,3,3,,1900,1,2,0,0,0,0,1,3,4,1,1,7,5.0,N,,,,,,,,,,,
2007124107,912.0,1,0,0,1,0,0,0,0,0,4,0,,67,11,2007,4,39.9501,-75.164,907.0,6,0,0,0,0,0,0,0,0,,0,0,0,9,1,1,1,,0,39 57:00.353,,0,75 09:50.402,4,0,0,0,67301,1,0,0,N,0,0,0,2,67301,1,,1,1,,N,N,,0,,0,0,0,3,2,,905,1,2,0,0,0,0,0,3,4,0,1,3,,N,,,,,,,,,,,
2007127598,1903.0,2,0,0,0,0,0,0,0,0,2,0,,67,10,2007,6,40.0305,-75.1182,1900.0,6,0,0,0,0,0,0,0,0,,0,0,0,19,3,3,1,,0,40 01:49.000,,0,75 07:05.462,4,0,0,0,67301,0,0,0,N,0,0,0,5,67301,3,,1,1,,N,N,,0,,0,0,0,3,2,,1900,3,2,0,0,0,0,0,3,4,0,2,3,,N,,,,,,,,,,,
2007127612,1745.0,1,0,0,0,0,0,0,0,0,8,0,,67,10,2007,1,39.9899,-75.1683,1742.0,6,0,0,0,0,0,0,0,0,,0,0,0,17,1,1,0,,0,39 59:23.568,,0,75 10:05.703,4,0,0,0,67301,1,0,0,N,1,0,0,2,67301,1,,1,1,,N,N,,0,,0,0,0,0,0,,1742,1,2,0,0,0,0,0,3,4,0,1,3,,N,,,,,,,,,,,
2007126176,1457.0,1,0,0,0,0,0,0,0,0,4,0,,67,11,2007,5,39.9956,-75.1675,1456.0,6,0,0,0,0,0,0,0,0,,0,0,0,14,1,3,1,,0,39 59:44.000,,0,75 10:03.145,8,0,0,0,67301,0,0,0,,0,0,0,3,67301,0,,1,1,,N,Y,,0,,0,0,1,0,0,,1455,3,2,0,0,0,3,0,3,4,0,2,3,,N,,,,,,,,,,,
2007126345,849.0,0,0,0,0,0,0,0,0,0,4,0,,67,12,2007,5,39.9895,-75.2514,847.0,6,0,0,0,0,0,0,1,0,1.0,0,0,0,8,1,0,2,,1,39 59:22.000,2.0,0,75 15:05.312,0,0,0,0,67301,0,0,0,N,0,0,0,2,46104,0,,1,1,,N,N,,2,,0,0,0,3,2,N,847,0,2,0,0,0,0,0,3,4,0,2,3,,N,,,,,,,,,,,
2007066808,9999.0,0,0,0,0,0,0,0,0,0,8,0,,67,5,2007,4,39.9335,-75.2155,9999.0,6,0,0,0,0,0,0,0,0,,0,0,0,99,1,1,2,,0,39 56:00.000,,0,75 12:55.926,8,0,0,0,67301,1,0,0,,1,0,0,2,67301,0,,1,1,,N,N,,0,,0,0,0,9,2,,9999,1,2,0,0,0,1,0,3,4,1,1,3,,N,,,,,,,,,,,
2007066828,2243.0,1,0,0,0,0,0,0,0,0,2,0,,67,4,2007,2,40.0241,-75.0768,2238.0,6,0,0,0,0,0,1,0,0,,0,0,0,22,3,1,5,,0,40 01:26.587,,0,75 04:36.643,8,0,0,0,67301,0,0,0,N,0,0,0,2,67301,0,,1,1,,N,N,,1,,0,0,0,3,2,,2230,1,2,0,0,0,1,0,3,4,0,2,3,,N,,,,,,,,,,,
2007066870,2015.0,2,0,0,0,0,0,0,0,0,4,0,,67,5,2007,2,40.0146,-75.1567,2015.0,6,0,0,0,0,0,0,1,0,2.0,0,0,0,20,4,1,1,,1,40 00:52.000,1.0,0,75 09:23.953,4,0,0,0,67301,0,0,0,N,0,0,0,2,67301,1,,1,1,,N,N,,0,,0,0,0,3,2,N,2015,1,2,0,0,0,0,0,3,4,0,2,3,,N,,,,,,,,,,,
2007056653,1132.0,0,0,0,0,0,0,0,0,0,8,1,,67,4,2007,6,40.0274,-75.1251,1129.0,6,0,0,0,0,0,0,0,0,,0,1,0,11,1,1,1,,0,40 01:38.690,,0,75 07:30.352,4,0,0,0,67301,1,0,0,N,1,0,0,2,67301,1,,1,1,,N,N,,0,,0,0,0,3,2,,1128,1,2,0,0,0,0,0,3,4,0,1,3,,N,,,,,,,,,,,
2007056761,5.0,1,0,0,0,0,0,0,0,0,6,0,,67,3,2007,3,40.0068,-75.1316,5.0,6,0,0,1,0,0,0,0,0,,0,0,0,99,3,1,1,,0,40 00:24.000,,0,75 07:53.654,3,0,0,0,67301,0,0,0,N,0,0,0,2,67301,0,,1,1,,N,N,,1,,1,0,0,3,2,,9999,1,2,0,0,1,0,0,3,4,0,2,3,,N,,,,,,,,,,,
2007056847,825.0,1,0,0,0,0,0,0,0,0,1,0,,67,4,2007,3,40.0514,-75.1634,817.0,6,0,0,0,0,0,0,0,0,,0,0,0,7,1,3,1,,0,40 03:05.090,,0,75 09:48.178,8,0,0,0,67301,0,0,0,N,0,0,0,4,67301,0,,1,1,,N,N,,0,,0,0,0,3,2,,717,3,2,0,0,4,3,0,3,4,1,2,3,,N,,,,,,,,,,,
2007056865,1945.0,0,0,0,0,0,0,0,0,0,8,0,,67,3,2007,6,40.0327,-75.1806,1939.0,6,0,0,0,0,0,1,0,0,,0,0,0,19,1,1,0,,0,40 01:57.000,,0,75 10:50.084,4,0,0,0,67301,1,0,0,N,1,0,0,2,67301,1,,6,1,,N,N,,0,,0,0,1,0,0,,1915,1,2,0,0,0,0,0,3,4,0,1,3,,N,,,,,,,,,,,
2007056993,1500.0,2,0,0,0,0,0,0,0,0,1,0,,67,3,2007,3,40.0146,-75.1784,1452.0,6,0,0,0,0,1,0,0,0,1.0,0,0,0,14,1,3,6,,1,40 00:52.000,2.0,2,75 10:42.412,4,0,0,0,67301,0,0,0,N,0,0,0,4,67301,2,,1,1,,N,N,,0,,0,0,0,0,0,N,1450,3,2,0,0,0,1,0,3,4,0,2,3,,N,,,,,,,,,,,
2007057060,1658.0,0,0,0,0,0,0,0,0,0,8,0,,67,3,2007,7,40.0019,-75.1296,1652.0,6,0,0,0,0,0,1,0,0,,0,0,0,15,1,1,0,,0,40 00:06.722,,0,75 07:46.691,3,0,0,0,67301,1,0,0,N,1,0,0,2,67301,0,,1,1,,N,N,,0,,1,0,1,0,0,,1555,1,2,0,0,1,0,0,3,4,0,1,3,,N,,,,,,,,,,,
2007046891,1050.0,3,0,0,0,0,0,0,0,0,4,0,,67,2,2007,2,39.9308,-75.171,1042.0,6,0,0,0,0,0,0,0,0,,0,0,0,10,1,3,1,,0,39 55:50.984,,0,75 10:15.707,4,0,0,0,67301,0,0,0,N,0,0,0,4,67301,3,,1,1,,N,N,,0,,0,0,0,0,0,,1032,3,3,0,0,3,0,0,3,4,0,3,3,,N,,,,,,,,,,,