CRN,ARRIVAL_TM,AUTOMOBILE_COUNT,BELTED_DEATH_COUNT,BELTED_SUSP_SERIOUS_INJ_COUNT,BICYCLE_COUNT,BICYCLE_DEATH_COUNT,BICYCLE_SUSP_SERIOUS_INJ_COUNT,BUS_COUNT,CHLDPAS_DEATH_COUNT,CHLDPAS_SUSP_SERIOUS_INJ_COUNT,COLLISION_TYPE,COMM_VEH_COUNT,CONS_ZONE_SPD_LIM,COUNTY,CRASH_MONTH,CRASH_YEAR,DAY_OF_WEEK,DEC_LAT,DEC_LONG,DISPATCH_TM,DISTRICT,DRIVER_COUNT_16YR,DRIVER_COUNT_17YR,DRIVER_COUNT_18YR,DRIVER_COUNT_19YR,DRIVER_COUNT_20YR,DRIVER_COUNT_50_64YR,DRIVER_COUNT_65_74YR,DRIVER_COUNT_75PLUS,EST_HRS_CLOSED,FATAL_COUNT,HEAVY_TRUCK_COUNT,HORSE_BUGGY_COUNT,HOUR_OF_DAY,ILLUMINATION,INJURY_COUNT,INTERSECT_TYPE,INTERSECTION_RELATED,LANE_CLOSED,LATITUDE,LN_CLOSE_DIR,LOCATION_TYPE,LONGITUDE,MAX_SEVERITY_LEVEL,MCYCLE_DEATH_COUNT,MCYCLE_SUSP_SERIOUS_INJ_COUNT,MOTORCYCLE_COUNT,MUNICIPALITY,NONMOTR_COUNT,NONMOTR_DEATH_COUNT,NONMOTR_SUSP_SERIOUS_INJ_COUNT,NTFY_HIWY_MAINT,PED_COUNT,PED_DEATH_COUNT,PED_SUSP_SERIOUS_INJ_COUNT,PERSON_COUNT,POLICE_AGCY,POSSIBLE_INJ_COUNT,RDWY_SURF_TYPE_CD,RELATION_TO_ROAD,ROAD_CONDITION,ROADWAY_CLEARED,SCH_BUS_IND,SCH_ZONE_IND,SECONDARY_CRASH,SMALL_TRUCK_COUNT,SPEC_JURIS_CD,SUSP_MINOR_INJ_COUNT,SUSP_SERIOUS_INJ_COUNT,SUV_COUNT,TCD_FUNC_CD,TCD_TYPE,TFC_DETOUR_IND,TIME_OF_DAY,TOT_INJ_COUNT,TOTAL_UNITS,UNB_DEATH_COUNT,UNB_SUSP_SERIOUS_INJ_COUNT,UNBELTED_OCC_COUNT,UNK_INJ_DEG_COUNT,UNK_INJ_PER_COUNT,URBAN_AREA,URBAN_RURAL,VAN_COUNT,VEHICLE_COUNT,WEATHER1,WEATHER2,WORK_ZONE_IND,WORK_ZONE_LOC,WORK_ZONE_TYPE,WORKERS_PRES,WZ_CLOSE_DETOUR,WZ_FLAGGER,WZ_LAW_OFFCR_IND,WZ_LN_CLOSURE,WZ_MOVING,WZ_OTHER,WZ_SHLDER_MDN,WZ_WORKERS_INJ_KILLED
2007047001,1120.0,0,0,0,1,0,0,0,0,0,9,0,,67,2,2007,6,39.9418,-75.1578,1115.0,6,0,0,0,0,0,0,0,0,,0,0,0,11,1,1,0,,0,39 56:30.505,,0,75 09:28.090,4,0,0,0,67301,1,0,0,N,0,0,0,2,67301,1,,9,1,,N,N,,1,,0,0,0,0,0,,1113,1,2,0,0,0,0,0,3,4,0,1,3,,N,,,,,,,,,,,
2007123238,402.0,2,0,1,0,0,0,0,0,0,4,0,,67,9,2007,1,40.0604,-75.167,402.0,6,0,0,0,0,1,0,0,0,,0,0,0,4,3,2,1,,0,40 03:37.000,,0,75 10:01.313,2,0,0,0,67301,0,0,0,N,0,0,0,2,67301,1,,1,1,,N,N,,0,,0,1,0,2,2,,401,2,2,0,0,0,0,0,3,4,0,2,3,,N,,,,,,,,,,,
2007099469,148.0,2,0,0,0,0,0,0,0,0,6,0,,67,8,2007,1,40.1317,-75.013,146.0,6,0,0,0,0,0,0,0,0,,0,0,0,1,3,0,0,,0,40 07:53.000,,0,75 00:47.892,0,0,0,0,67301,0,0,0,N,0,0,0,2,67301,0,,1,1,,N,N,,1,,0,0,0,0,0,,144,0,3,0,0,0,0,0,3,4,0,3,3,,N,,,,,,,,,,,
2007099471,1157.0,2,0,0,0,0,0,0,0,0,4,0,,67,8,2007,5,40.0658,-75.0548,1151.0,6,0,0,0,0,1,1,0,0,,0,0,0,11,1,1,1,,0,40 03:56.962,,0,75 03:17.261,4,0,0,0,67301,0,0,0,N,0,0,0,4,67301,1,,1,1,,N,N,,0,,0,0,0,3,3,,1149,1,2,0,0,0,0,1,3,4,0,2,3,,N,,,,,,,,,,,
2007116393,9.0,1,0,0,0,0,0,0,0,0,4,0,,67,10,2007,2,40.0659,-75.1765,0.0,6,0,0,0,0,0,0,0,0,3.0,0,0,0,22,3,2,1,,1,40 03:57.202,5.0,1,75 10:35.464,8,0,0,0,67301,0,0,0,N,0,0,0,2,67301,0,,1,1,,N,N,,0,,0,0,1,3,3,Y,2250,2,2,0,0,0,2,0,3,4,0,2,3,,N,,,,,,,,,,,
2007116677,9999.0,1,0,0,0,0,0,0,0,0,5,1,,67,10,2007,7,39.9179,-75.169,1738.0,6,0,0,0,0,0,0,1,0,,0,1,0,17,1,1,1,,0,39 55:04.454,,0,75 10:08.234,8,0,0,0,67301,0,0,0,,0,0,0,2,67301,0,,4,1,,,,,0,,0,0,0,3,3,,1738,1,2,0,0,0,1,1,3,4,0,2,3,,N,,,,,,,,,,,
2007099399,316.0,1,0,0,0,0,0,0,0,0,1,0,,67,8,2007,7,39.9577,-75.1489,311.0,6,0,0,0,0,0,0,0,0,2.0,0,0,0,3,3,0,2,,2,39 57:23.000,2.0,1,75 08:56.645,0,0,0,0,67301,0,0,0,N,0,0,0,7,67301,0,,1,1,,N,N,,0,,0,0,1,3,2,N,305,0,2,0,0,0,0,0,3,4,0,2,3,,N,,,,,,,,,,,
2007114302,1026.0,1,0,0,0,0,0,0,0,0,8,0,,67,9,2007,4,40.0274,-75.0405,1024.0,6,0,0,0,0,0,1,0,0,,1,0,0,10,1,0,0,,0,40 01:38.000,,0,75 02:25.808,1,0,0,0,67301,1,1,0,N,1,1,0,3,67301,0,2.0,1,1,,N,N,,0,0.0,0,0,0,0,0,,1022,0,2,0,0,0,0,0,3,4,0,1,3,,N,,,,,,,,,,,
2007092157,50.0,1,0,0,0,0,0,0,0,0,7,0,,67,9,2007,2,40.0069,-75.2145,49.0,6,0,0,0,0,0,0,0,0,1.0,0,0,0,0,3,1,0,,1,40 00:24.000,2.0,0,75 12:52.084,3,0,0,0,67301,0,0,0,N,0,0,0,2,46104,0,,3,1,,N,N,,0,,1,0,1,0,0,Y,49,1,2,0,0,1,0,1,3,4,0,2,3,,N,,,,,,,,,,,
2007092158,1135.0,1,0,0,0,0,0,0,0,0,5,0,,67,9,2007,2,40.0003,-75.2285,1133.0,6,0,0,0,0,0,0,0,0,,0,0,0,11,1,1,0,,0,40 00:03.000,,0,75 13:36.818,8,0,0,0,67301,0,0,0,N,0,0,0,6,46104,0,,1,1,,N,N,,1,,0,0,0,0,0,,1133,1,2,0,0,2,1,0,3,4,0,2,3,,N,,,,,,,,,,,
2007109142,810.0,1,0,0,0,0,0,0,0,0,6,0,,67,9,2007,2,40.0775,-75.0438,800.0,6,1,0,0,0,0,0,0,1,,0,0,0,99,1,2,2,,0,40 04:39.000,,0,75 02:37.632,4,0,0,0,67301,0,0,0,N,0,0,0,3,67301,1,,1,1,,N,N,,1,,0,0,0,3,2,,9999,2,2,0,0,0,1,0,3,4,0,2,3,,N,,,,,,,,,,,
2007084722,1253.0,2,0,0,0,0,0,0,0,0,4,0,,67,5,2007,3,40.0949,-75.0308,1250.0,6,0,0,0,0,0,1,0,0,,0,0,0,12,1,1,0,,0,40 05:40.000,,0,75 01:50.974,8,0,0,0,67301,0,0,0,,0,0,0,2,67301,0,,1,1,,,,,0,,0,0,0,0,0,,1246,1,2,0,0,0,1,0,3,4,0,2,3,,N,,,,,,,,,,,
2007091882,1608.0,1,0,0,0,0,0,0,0,0,8,0,,67,7,2007,6,40.101,-75.0206,1605.0,6,0,0,0,0,0,1,0,0,,0,0,0,13,1,1,1,,0,40 06:03.718,,0,75 01:14.174,4,0,0,0,67301,1,0,0,N,1,0,0,2,67301,1,,1,1,,N,N,,0,,0,0,0,3,3,,1353,1,2,0,0,0,0,0,3,4,0,1,3,,N,,,,,,,,,,,
2007091891,1710.0,0,0,0,0,0,0,0,0,0,0,1,,67,7,2007,2,39.9388,-75.2103,1630.0,6,0,0,0,0,0,1,0,0,5.0,0,1,0,15,1,0,2,,1,39 56:19.000,3.0,0,75 12:37.057,0,0,0,0,67301,0,0,0,N,0,0,0,1,67301,0,,1,1,,N,N,,0,,0,0,0,0,0,N,1534,0,1,0,0,0,0,0,3,4,0,1,3,,N,,,,,,,,,,,
2007084546,1228.0,3,0,0,0,0,0,0,0,0,1,0,,67,6,2007,7,39.9959,-75.1974,1227.0,6,0,0,0,0,0,0,0,0,,0,0,0,12,1,0,0,,0,39 59:45.000,,0,75 11:50.199,9,0,0,0,67301,0,0,0,N,0,0,0,7,68K01,0,,1,1,,N,N,,0,,0,0,0,0,0,,1220,0,3,0,0,0,0,1,3,4,0,3,3,,N,,,,,,,,,,,
2007084601,1520.0,2,0,0,0,0,0,0,0,0,1,0,,67,5,2007,5,39.9756,-75.192,1516.0,6,0,0,0,0,0,1,0,0,,0,0,0,15,1,2,2,,0,39 58:31.000,,0,75 11:30.568,8,0,0,0,67301,0,0,0,N,0,0,0,4,67301,0,,1,1,,N,N,,0,,0,0,1,0,0,,1516,2,3,0,0,0,2,0,3,4,0,3,3,,N,,,,,,,,,,,
2007082210,1052.0,1,0,0,0,0,0,0,0,0,7,0,,67,5,2007,5,39.9464,-75.2191,1049.0,6,1,0,0,0,0,0,0,0,,0,0,0,10,1,0,1,,0,39 56:46.986,,0,75 13:08.878,0,0,0,0,67301,0,0,0,,0,0,0,1,67301,0,,2,1,,N,N,,0,,0,0,1,9,3,,1049,0,2,0,0,0,0,0,3,4,0,2,3,,N,,,,,,,,,,,
2007082220,2140.0,3,0,0,0,0,0,0,0,0,5,0,,67,5,2007,5,40.0664,-75.0285,2135.0,6,0,0,0,0,0,1,0,0,,0,0,0,21,3,1,0,,0,40 03:59.195,,0,75 01:42.682,4,0,0,0,67301,0,0,0,N,0,0,0,1,67301,1,,6,1,,N,N,,0,,0,0,0,0,0,,2115,1,3,0,0,0,0,0,3,4,0,3,3,,N,,,,,,,,,,,
2007082221,1215.0,2,0,0,0,0,0,0,0,0,4,0,,67,6,2007,7,40.0587,-75.009,1210.0,6,0,0,0,0,0,0,2,0,,0,0,0,12,1,3,2,,0,40 03:31.000,,0,75 00:32.459,3,0,0,0,67301,0,0,0,,0,0,0,4,67301,1,,1,1,,N,N,,0,,1,0,0,3,3,,1200,3,2,0,0,0,1,0,3,4,0,2,3,,N,,,,,,,,,,,
2007082261,758.0,2,0,0,0,0,0,0,0,0,6,0,,67,5,2007,6,39.9893,-75.1555,748.0,6,0,0,0,0,0,0,0,0,3.0,0,0,0,7,1,2,1,,1,39 59:21.000,2.0,0,75 09:19.705,4,0,0,0,67301,0,0,0,N,0,0,0,3,67301,1,,1,1,,N,N,,0,,0,0,0,9,2,N,720,2,2,0,0,0,1,0,3,4,0,2,3,,N,,,,,,,,,,,
2007080049,1854.0,0,0,0,0,0,0,0,0,0,8,0,,67,6,2007,4,40.0127,-75.0725,1847.0,6,0,0,0,0,0,1,0,0,,0,0,0,18,1,1,0,,0,40 00:45.705,,0,75 04:21.281,8,0,0,0,67301,1,0,0,N,1,0,0,2,67301,0,,1,1,,N,N,,1,,0,0,0,0,0,,1845,1,2,0,0,0,1,0,3,4,0,1,3,,N,,,,,,,,,,,
2007080061,120.0,2,0,0,0,0,0,0,0,0,4,0,,67,6,2007,1,40.0227,-75.1482,112.0,6,0,0,0,1,0,1,0,0,,0,0,0,1,3,1,1,,0,40 01:21.000,,0,75 08:53.543,3,0,0,0,67301,0,0,0,N,0,0,0,2,67301,0,,1,1,,N,N,,0,,1,0,0,3,2,,100,1,2,0,0,0,0,0,3,4,0,2,3,,N,,,,,,,,,,,
2007080221,1555.0,2,0,0,0,0,0,0,0,0,1,0,,67,6,2007,5,40.0911,-75.0415,1549.0,6,0,0,0,0,0,1,0,0,,0,0,0,15,1,1,0,,0,40 05:27.926,,0,75 02:29.430,4,0,0,0,67301,0,0,0,N,0,0,0,2,67301,1,,1,1,,N,N,,0,,0,0,0,0,0,,1549,1,2,0,0,2,0,0,3,4,0,2,3,,N,,,,,,,,,,,
2007058137,250.0,1,0,0,0,0,0,0,0,0,7,0,,67,4,2007,1,,,246.0,6,0,0,0,0,0,0,0,0,1.0,0,0,0,2,3,0,0,,1,,3.0,0,,0,0,0,0,67301,0,0,0,N,0,0,0,1,67301,0,,2,9,,N,N,,0,,0,0,0,0,0,N,244,0,1,0,0,0,0,0,3,3,0,1,7,,N,,,,,,,,,,,
2007051163,25.0,2,0,0,0,0,0,0,0,0,6,0,,67,2,2007,6,40.0548,-75.1513,15.0,6,0,0,0,0,0,0,0,0,,0,0,0,0,3,1,1,,0,40 03:17.100,,0,75 09:04.633,8,0,0,0,67301,0,0,0,N,0,0,0,2,67301,0,,1,1,,N,N,,0,,0,0,0,3,3,,10,1,2,0,0,0,1,0,3,4,0,2,3,,N,,,,,,,,,,,
2007028462,1923.0,1,0,0,0,0,0,0,0,0,4,0,,67,1,2007,2,40.0389,-75.0748,1919.0,6,0,0,0,0,0,0,0,0,,0,0,0,18,3,2,2,,0,40 02:20.094,,0,75 04:29.135,8,0,0,0,67301,0,0,0,N,0,0,0,5,67301,0,,1,1,,N,N,,0,,0,0,0,3,3,,1850,2,2,0,0,0,2,0,3,4,1,2,3,,N,,,,,,,,,,,
2007022067,706.0,1,0,0,0,0,0,0,0,0,7,0,,67,1,2007,2,40.113,-75.023,658.0,6,0,0,0,0,0,0,1,0,,0,0,0,6,1,1,0,,0,40 06:46.000,,0,75 01:22.714,4,0,0,0,67301,0,0,0,N,0,0,0,2,67301,1,,5,7,,N,N,,0,,0,0,0,0,0,,650,1,1,0,0,0,0,0,3,4,0,1,10,,N,,,,,,,,,,,
2007048990,1208.0,2,0,0,0,0,0,0,0,0,4,0,,67,2,2007,5,40.0174,-75.0479,1200.0,6,0,0,0,0,0,1,0,0,,0,0,0,11,1,2,1,,0,40 01:02.000,,0,75 02:51.983,4,0,0,0,67301,0,0,0,N,0,0,0,2,67301,2,,1,1,,N,N,,0,,0,0,0,3,3,,1155,2,2,0,0,0,0,0,3,4,0,2,3,,N,,,,,,,,,,,
2007049007,1310.0,1,0,0,0,0,0,0,0,0,4,0,,67,2,2007,4,40.0458,-75.0683,1310.0,6,0,0,0,0,0,1,0,0,1.0,0,0,0,13,1,2,1,,1,40 02:44.703,3.0,0,75 04:05.879,8,0,0,0,67301,0,0,0,N,0,0,0,3,67301,0,,1,1,,N,Y,,1,,0,0,0,3,2,N,1309,2,2,0,0,0,2,0,3,4,0,2,3,,N,,,,,,,,,,,
2007049041,2327.0,1,0,0,0,0,0,0,0,0,4,0,,67,3,2007,2,39.9101,-75.1633,2320.0,6,0,0,0,0,0,1,0,0,,0,0,0,23,3,0,1,,0,39 54:36.252,,0,75 09:48.020,0,0,0,0,67301,0,0,0,N,0,0,0,3,67301,0,,1,1,,N,N,,0,,0,0,0,3,2,,2311,0,2,0,0,0,0,0,3,4,1,2,3,,N,,,,,,,,,,,
2007046454,1658.0,1,0,0,1,0,0,0,0,0,4,0,,67,3,2007,7,,,1653.0,6,0,0,0,0,0,0,0,0,,0,0,0,16,1,1,2,,0,,,0,,8,0,0,0,67301,1,0,0,N,0,0,0,2,67301,0,,1,1,,N,N,,0,,0,0,0,0,0,,1650,1,2,0,0,0,1,0,3,3,0,1,3,,N,,,,,,,,,,,
2007117228,9999.0,2,0,0,0,0,0,0,0,0,4,0,,67,9,2007,1,40.0435,-75.1487,1432.0,6,0,0,0,0,0,1,0,1,,0,0,0,99,1,2,1,,0,40 02:36.661,,0,75 08:55.233,8,0,0,0,67301,0,0,0,,0,0,0,3,67301,0,,1,1,,,,,0,,0,0,0,2,3,,9999,2,2,0,0,0,2,0,3,4,0,2,3,,N,,,,,,,,,,,
2007080815,1808.0,0,0,0,0,0,0,0,0,0,8,0,,67,6,2007,6,39.9355,-75.1786,1803.0,6,0,0,0,0,0,0,0,0,,0,0,0,18,1,1,0,,0,39 56:07.882,,0,75 10:42.794,4,0,0,0,67301,1,0,0,N,1,0,0,2,67301,1,,1,1,,N,N,,0,,0,0,1,3,2,,1803,1,2,0,0,1,0,0,3,4,0,1,3,,N,,,,,,,,,,,
2007066865,1230.0,1,0,0,0,0,0,0,0,0,1,0,,67,5,2007,7,40.0945,-75.015,1225.0,6,0,0,0,0,0,0,0,0,,0,0,0,12,1,4,1,,0,40 05:40.000,,0,75 00:54.109,4,0,0,0,67301,0,0,0,N,0,0,0,6,67301,4,,1,1,,N,N,,1,,0,0,0,3,2,,1220,4,2,0,0,0,0,0,3,4,0,2,3,,N,,,,,,,,,,,
2007056630,1300.0,3,0,0,0,0,0,0,0,0,6,0,,67,4,2007,6,39.9263,-75.1748,1255.0,6,0,0,0,0,1,0,0,0,,0,0,0,99,1,1,2,,0,39 55:34.672,,0,75 10:29.261,8,0,0,0,67301,0,0,0,N,0,0,0,5,67301,0,,1,1,,N,N,,0,,0,0,0,0,0,,9999,1,3,0,0,0,1,2,3,4,0,3,3,,N,,,,,,,,,,,
2007056732,1220.0,1,0,0,0,0,0,0,0,0,5,0,,67,3,2007,5,39.9531,-75.1819,1215.0,6,0,0,0,0,0,2,0,0,,0,0,0,12,1,0,1,,0,39 57:11.000,,0,75 10:54.853,0,0,0,0,67301,0,0,0,N,0,0,0,2,67301,0,,1,9,,N,N,,0,,0,0,1,0,0,,1205,0,2,0,0,0,0,0,3,4,0,2,3,,N,,,,,,,,,,,
2007056954,1845.0,2,0,0,0,0,0,0,0,0,4,0,,67,3,2007,7,40.0171,-75.1513,1842.0,6,0,0,0,0,0,0,0,0,1.0,0,0,0,18,1,1,1,,1,40 01:01.679,4.0,0,75 09:04.532,4,0,0,0,67301,0,0,0,,0,0,0,3,67301,1,,1,1,,N,N,,0,,0,0,0,0,0,N,1840,1,2,0,0,0,0,0,3,4,0,2,3,,N,,,,,,,,,,,
2007057023,1635.0,1,0,0,0,0,0,0,0,0,8,0,,67,4,2007,6,39.9331,-75.1608,1630.0,6,0,0,0,0,0,0,0,0,,0,0,0,16,1,1,0,,0,39 55:59.217,,0,75 09:38.772,8,0,0,0,67301,1,0,0,,1,0,0,2,67301,0,,1,1,,,,,0,,0,0,0,0,0,,1615,1,2,0,0,0,1,0,3,4,0,1,3,,N,,,,,,,,,,,
2007057036,1357.0,0,0,0,0,0,0,0,0,0,8,0,,67,4,2007,1,39.9161,-75.239,1355.0,6,0,0,0,0,0,0,0,0,,0,0,0,13,1,1,1,,0,39 54:58.000,,0,75 14:20.244,8,0,0,0,67301,1,0,0,N,1,0,0,2,67301,0,,1,1,,N,N,,0,,0,0,1,3,2,,1350,1,2,0,0,0,1,0,3,4,0,1,3,,N,,,,,,,,,,,
2007057053,1830.0,1,0,0,0,0,0,0,0,0,1,0,,67,4,2007,4,39.9261,-75.1545,1827.0,6,0,0,0,0,0,0,0,0,,0,0,0,18,1,1,0,,0,39 55:34.136,,0,75 09:16.326,8,0,0,0,67301,0,0,0,N,0,0,0,1,67301,0,,1,9,,N,N,,0,,0,0,0,0,0,,1825,1,2,0,0,0,1,0,3,4,1,2,7,,N,,,,,,,,,,,
2007099472,336.0,2,0,0,0,0,0,0,0,0,1,0,,67,8,2007,1,39.9656,-75.2262,336.0,6,0,0,0,0,0,1,0,0,,0,0,0,3,3,2,0,,0,39 57:56.037,,0,75 13:34.369,8,0,0,0,67301,0,0,0,N,0,0,0,4,67301,0,,1,1,,N,N,,0,,0,0,0,0,0,,330,2,2,0,0,3,2,0,3,4,0,2,3,,N,,,,,,,,,,,
2007099511,1505.0,1,0,0,0,0,0,0,0,0,4,0,,67,8,2007,7,40.0105,-75.1,1500.0,6,0,0,0,0,0,1,0,0,,0,0,0,14,1,1,1,,0,40 00:37.875,,0,75 06:00.082,8,0,0,0,67301,0,0,0,N,0,0,0,2,67301,0,,1,1,,N,N,,1,,0,0,0,3,2,,1430,1,2,0,0,0,1,1,3,4,0,2,3,,N,,,,,,,,,,,
2007099340,1220.0,1,0,0,0,0,0,0,0,0,4,0,,67,9,2007,3,40.033,-75.0722,1216.0,6,0,0,0,0,0,0,0,0,,0,0,0,12,1,2,0,,0,40 01:58.000,,0,75 04:19.871,4,0,0,0,67301,0,0,0,,0,0,0,3,67301,2,,1,1,,,,,0,,0,0,0,0,0,,1205,2,2,0,0,0,0,0,3,4,1,2,3,,N,,,,,,,,,,,
2007099349,1243.0,0,0,0,0,0,0,0,0,0,7,0,,67,9,2007,2,40.0115,-75.0612,1236.0,6,0,0,0,0,0,0,0,0,1.0,0,0,0,12,1,1,0,,1,40 00:41.000,2.0,0,75 03:40.193,8,0,0,0,67301,0,0,0,,0,0,0,1,67301,0,,3,1,,,,,0,,0,0,0,0,0,N,1230,1,1,0,0,0,1,0,3,4,1,1,3,,N,,,,,,,,,,,
2007111910,1140.0,2,0,0,0,0,0,0,0,0,4,0,,67,9,2007,5,40.0426,-75.0383,1135.0,6,0,0,0,0,0,1,0,0,1.0,0,0,0,11,1,2,2,,1,40 02:33.399,1.0,0,75 02:17.926,8,0,0,0,67301,0,0,0,,0,0,0,2,67301,0,,1,1,,,,,0,,0,0,0,3,3,N,1135,2,2,0,0,0,2,0,3,4,0,2,3,,N,,,,,,,,,,,
2007099392,300.0,1,0,0,0,0,0,0,0,0,7,0,,67,8,2007,6,,,256.0,6,0,0,0,0,0,0,0,0,1.0,0,0,0,2,3,0,0,,1,,3.0,0,,0,0,0,0,67301,0,0,0,N,0,0,0,1,67301,0,,2,9,,N,N,,0,,0,0,0,0,0,N,255,0,1,0,0,0,0,0,3,3,0,1,7,,N,,,,,,,,,,,
2007092173,750.0,1,0,0,0,0,0,0,0,0,4,0,,67,7,2007,5,40.0231,-75.124,748.0,6,0,0,0,0,0,1,0,0,,0,0,0,7,1,1,1,,0,40 01:23.210,,0,75 07:26.428,4,0,0,0,67301,0,0,0,N,0,0,0,4,67301,1,,1,1,,N,N,,0,,0,0,1,9,3,,745,1,2,0,0,0,0,0,3,4,0,2,3,,N,,,,,,,,,,,
2007109130,2250.0,2,0,0,0,0,0,0,0,0,1,0,,67,9,2007,2,39.9571,-75.1525,2248.0,6,0,0,0,0,0,0,0,0,1.0,0,0,0,22,3,0,0,,1,39 57:25.000,4.0,0,75 09:07.998,0,0,0,0,67301,0,0,0,N,0,0,0,2,67301,0,,1,1,,N,N,,0,,0,0,0,0,0,N,2247,0,2,0,0,0,0,0,3,4,0,2,3,,N,,,,,,,,,,,
2007092263,1535.0,2,0,0,0,0,0,0,0,0,4,0,,67,7,2007,6,39.9704,-75.1507,1530.0,6,1,0,0,0,1,0,0,0,9.0,0,0,0,15,1,0,0,,2,39 58:13.000,3.0,0,75 09:02.441,0,0,0,0,67301,0,0,0,N,0,0,0,3,67301,0,,1,1,,N,N,,0,,0,0,0,0,0,N,1516,0,2,0,0,0,0,0,3,4,0,2,3,,N,,,,,,,,,,,
2007092069,1152.0,2,0,0,0,0,0,0,0,0,4,0,,67,7,2007,1,39.947,-75.1766,1148.0,6,0,0,0,1,0,0,0,0,2.0,0,0,0,11,1,0,1,,1,39 56:49.146,2.0,0,75 10:35.615,0,0,0,0,67301,0,0,0,N,0,0,0,3,67301,0,,1,1,,N,N,,0,,0,0,0,3,2,N,1145,0,2,0,0,0,0,0,3,4,0,2,3,,N,,,,,,,,,,,
2007084599,1400.0,1,0,0,0,0,0,0,0,0,4,0,,67,5,2007,5,40.0777,-75.024,1357.0,6,0,0,0,0,0,0,0,0,,0,0,0,13,1,1,0,,0,40 04:39.779,,0,75 01:26.260,4,0,0,0,67301,0,0,0,,0,0,0,3,67301,1,,1,1,,N,N,,0,,0,0,0,3,3,,1343,1,2,0,0,0,0,0,3,4,1,2,3,,N,,,,,,,,,,,
2007080012,1950.0,1,0,0,0,0,0,0,0,0,8,0,,67,6,2007,6,,,1942.0,6,0,0,0,0,0,0,0,0,,0,0,0,19,4,1,0,,0,,,0,,4,0,0,0,67301,1,0,0,,1,0,0,2,67301,1,,1,1,,N,N,,0,,0,0,0,3,2,,1935,1,2,0,0,0,0,0,3,3,0,1,3,,N,,,,,,,,,,,
2007080023,1035.0,1,0,0,0,0,0,0,0,0,8,0,,67,6,2007,6,39.9144,-75.1631,1030.0,6,0,0,0,0,0,0,0,0,,0,0,0,99,1,1,0,,0,39 54:51.818,,0,75 09:47.314,4,0,0,0,67301,1,0,0,N,1,0,0,2,67301,1,,1,1,,N,N,,0,,0,0,0,0,0,,9999,1,2,0,0,0,0,0,3,4,0,1,3,,N,,,,,,,,,,,
2007082218,226.0,1,0,0,0,0,0,0,0,0,1,0,,67,5,2007,2,40.0625,-74.987,224.0,6,0,0,0,0,0,0,0,0,,0,0,0,2,3,1,1,,0,40 03:44.000,,0,74 59:13.261,3,0,0,0,67301,0,0,0,,0,0,0,2,67301,0,,1,1,,,,,0,,1,0,1,3,2,,222,1,2,0,0,0,0,0,3,4,0,2,3,,N,,,,,,,,,,,
2007082273,1239.0,1,0,0,0,0,0,0,0,0,4,0,,67,5,2007,5,39.9213,-75.146,1237.0,6,0,0,0,0,0,0,1,0,,0,0,0,12,1,2,2,,0,39 55:16.000,,0,75 08:45.760,8,0,0,0,67301,0,0,0,N,0,0,0,2,67301,0,,1,1,,N,N,,0,,0,0,1,3,3,,1235,2,2,0,0,0,2,0,3,4,0,2,3,,N,,,,,,,,,,,
2007082521,1745.0,1,0,0,0,0,0,0,0,0,4,0,,67,6,2007,5,40.049,-75.0947,1745.0,6,0,0,0,0,0,0,0,0,,0,0,0,99,1,0,1,,0,40 02:56.000,,0,75 05:40.779,0,0,0,0,67301,0,0,0,N,0,0,0,2,67301,0,,1,1,,N,N,,0,,0,0,1,3,3,,9999,0,2,0,0,0,0,0,3,4,0,2,3,,N,,,,,,,,,,,
2007080257,1400.0,1,0,0,0,0,0,0,0,0,6,0,,67,6,2007,3,40.0259,-75.1538,1400.0,6,0,0,0,0,0,0,0,0,,0,0,0,18,1,2,1,,0,40 01:33.063,,0,75 09:13.561,8,0,0,0,67301,0,0,0,N,0,0,0,3,67301,0,,1,98,,N,N,,0,,0,0,0,3,2,,1800,2,2,0,0,0,2,1,3,4,1,2,3,,N,,,,,,,,,,,
2007081870,630.0,2,0,0,0,0,0,0,0,0,2,0,,67,5,2007,1,39.9746,-75.1835,9999.0,6,0,0,0,0,1,0,0,0,,0,0,0,6,1,4,1,,0,39 58:28.000,,0,75 11:00.487,4,0,0,0,67301,0,0,0,,0,0,0,5,67301,3,,1,1,,N,N,,0,,0,0,0,9,2,,624,4,2,0,0,4,1,0,3,4,0,2,3,,N,,,,,,,,,,,
2007046268,2220.0,1,0,0,0,0,0,0,0,0,1,0,,67,2,2007,6,39.945,-75.1908,2216.0,6,0,0,0,0,1,0,0,0,1.0,0,0,0,22,3,5,3,,1,39 56:42.000,4.0,2,75 11:27.000,8,0,0,0,67301,0,0,0,N,0,0,0,6,67301,0,,1,1,,N,N,,0,,0,0,1,0,0,N,2200,5,2,0,0,0,5,0,3,4,0,2,3,,N,,,,,,,,,,,
2007046290,930.0,2,0,0,0,0,0,0,0,0,1,0,,67,3,2007,5,40.022,-75.1378,930.0,6,0,0,0,0,0,0,1,0,1.0,0,0,0,9,1,1,0,,1,40 01:19.000,1.0,0,75 08:14.954,8,0,0,0,67301,0,0,0,N,0,0,0,2,67301,0,,1,1,,N,N,,0,,0,0,0,3,2,N,920,1,2,0,0,0,1,0,3,4,0,2,3,,N,,,,,,,,,,,