CRN,ARRIVAL_TM,AUTOMOBILE_COUNT,BELTED_DEATH_COUNT,BELTED_SUSP_SERIOUS_INJ_COUNT,BICYCLE_COUNT,BICYCLE_DEATH_COUNT,BICYCLE_SUSP_SERIOUS_INJ_COUNT,BUS_COUNT,CHLDPAS_DEATH_COUNT,CHLDPAS_SUSP_SERIOUS_INJ_COUNT,COLLISION_TYPE,COMM_VEH_COUNT,CONS_ZONE_SPD_LIM,COUNTY,CRASH_MONTH,CRASH_YEAR,DAY_OF_WEEK,DEC_LAT,DEC_LONG,DISPATCH_TM,DISTRICT,DRIVER_COUNT_16YR,DRIVER_COUNT_17YR,DRIVER_COUNT_18YR,DRIVER_COUNT_19YR,DRIVER_COUNT_20YR,DRIVER_COUNT_50_64YR,DRIVER_COUNT_65_74YR,DRIVER_COUNT_75PLUS,EST_HRS_CLOSED,FATAL_COUNT,HEAVY_TRUCK_COUNT,HORSE_BUGGY_COUNT,HOUR_OF_DAY,ILLUMINATION,INJURY_COUNT,INTERSECT_TYPE,INTERSECTION_RELATED,LANE_CLOSED,LATITUDE,LN_CLOSE_DIR,LOCATION_TYPE,LONGITUDE,MAX_SEVERITY_LEVEL,MCYCLE_DEATH_COUNT,MCYCLE_SUSP_SERIOUS_INJ_COUNT,MOTORCYCLE_COUNT,MUNICIPALITY,NONMOTR_COUNT,NONMOTR_DEATH_COUNT,NONMOTR_SUSP_SERIOUS_INJ_COUNT,NTFY_HIWY_MAINT,PED_COUNT,PED_DEATH_COUNT,PED_SUSP_SERIOUS_INJ_COUNT,PERSON_COUNT,POLICE_AGCY,POSSIBLE_INJ_COUNT,RDWY_SURF_TYPE_CD,RELATION_TO_ROAD,ROAD_CONDITION,ROADWAY_CLEARED,SCH_BUS_IND,SCH_ZONE_IND,SECONDARY_CRASH,SMALL_TRUCK_COUNT,SPEC_JURIS_CD,SUSP_MINOR_INJ_COUNT,SUSP_SERIOUS_INJ_COUNT,SUV_COUNT,TCD_FUNC_CD,TCD_TYPE,TFC_DETOUR_IND,TIME_OF_DAY,TOT_INJ_COUNT,TOTAL_UNITS,UNB_DEATH_COUNT,UNB_SUSP_SERIOUS_INJ_COUNT,UNBELTED_OCC_COUNT,UNK_INJ_DEG_COUNT,UNK_INJ_PER_COUNT,URBAN_AREA,URBAN_RURAL,VAN_COUNT,VEHICLE_COUNT,WEATHER1,WEATHER2,WORK_ZONE_IND,WORK_ZONE_LOC,WORK_ZONE_TYPE,WORKERS_PRES,WZ_CLOSE_DETOUR,WZ_FLAGGER,WZ_LAW_OFFCR_IND,WZ_LN_CLOSURE,WZ_MOVING,WZ_OTHER,WZ_SHLDER_MDN,WZ_WORKERS_INJ_KILLED
2007046301,1315.0,2,0,0,0,0,0,0,0,0,6,0,,67,3,2007,6,40.01,-75.0802,1310.0,6,0,0,0,0,0,0,0,0,,0,0,0,12,1,2,2,,0,40 00:35.000,,0,75 04:49.706,4,0,0,0,67301,0,0,0,N,0,0,0,2,67301,2,,9,1,,N,N,,0,,0,0,0,0,0,,1251,2,2,0,0,2,0,0,3,4,0,2,3,,N,,,,,,,,,,,
2007075749,1500.0,1,0,0,0,0,0,0,0,0,7,0,,67,6,2007,3,39.9916,-75.2031,1500.0,6,0,0,0,0,0,1,0,0,3.0,0,0,0,14,1,1,0,,2,39 59:31.000,3.0,0,75 12:06.737,4,0,0,0,67301,0,0,0,Y,0,0,0,2,68K01,1,,2,9,,N,N,,0,,0,0,1,0,0,N,1458,1,2,0,0,0,0,0,3,4,0,2,7,,N,,,,,,,,,,,
2007048867,1157.0,2,0,0,0,0,0,0,0,0,4,0,,67,2,2007,5,39.9168,-75.2164,1147.0,6,0,0,0,0,0,1,1,0,1.0,0,0,0,11,1,1,0,,1,39 55:02.000,4.0,0,75 12:49.552,4,0,0,0,67301,0,0,0,N,0,0,0,2,67301,1,,1,2,,N,N,,0,,0,0,0,0,0,Y,1145,1,2,0,0,0,0,0,3,4,0,2,10,,N,,,,,,,,,,,
2007048987,735.0,1,0,0,0,0,0,0,0,0,2,0,,67,3,2007,2,40.0456,-75.0715,728.0,6,0,0,0,0,0,0,0,0,2.0,0,0,0,6,1,0,1,,1,40 02:44.000,2.0,0,75 04:17.369,0,0,0,0,67301,0,0,0,N,0,0,0,2,67301,0,,1,1,,N,N,,1,,0,0,0,2,2,N,657,0,2,0,0,0,0,0,3,4,0,2,3,,N,,,,,,,,,,,
2007048901,615.0,2,0,0,0,0,0,0,0,0,1,0,,67,3,2007,2,40.026,-75.122,615.0,6,0,0,0,0,0,0,0,0,1.0,0,0,0,6,3,2,1,,1,40 01:33.550,2.0,0,75 07:19.144,4,0,0,0,67301,0,0,0,N,0,0,0,3,67301,2,,1,1,,N,N,,0,,0,0,0,3,2,N,615,2,2,0,0,2,0,0,3,4,0,2,3,,N,,,,,,,,,,,
2007048905,1850.0,2,0,0,0,0,0,0,0,0,4,0,,67,2,2007,7,40.0216,-75.1398,1841.0,6,0,0,0,0,0,0,0,0,,0,0,0,99,1,2,0,,0,40 01:17.770,,0,75 08:23.256,4,0,0,0,67301,0,0,0,N,0,0,0,4,67301,2,,1,9,,N,N,,0,,0,0,0,3,2,,9999,2,2,0,0,0,0,0,3,4,0,2,3,,N,,,,,,,,,,,
2007048912,1330.0,2,0,0,0,0,0,0,0,0,5,0,,67,3,2007,6,39.9158,-75.1476,1330.0,6,0,0,0,0,0,0,0,0,1.0,0,0,0,13,1,0,0,,1,39 54:57.600,1.0,0,75 08:51.000,0,0,0,0,67301,0,0,0,N,0,0,0,4,67301,0,,1,2,,N,N,,0,,0,0,0,0,0,N,1330,0,2,0,0,2,0,0,3,4,0,2,9,,N,,,,,,,,,,,
2007049017,105.0,1,0,0,0,0,0,0,0,0,8,0,,67,3,2007,4,39.9335,-75.2259,58.0,6,0,0,0,0,0,0,0,0,,0,0,0,99,3,1,1,,0,39 56:00.726,,0,75 13:33.164,8,0,0,0,67301,1,0,0,N,1,0,0,2,67301,0,,1,1,,N,N,,0,,0,0,0,3,2,,9999,1,2,0,0,0,1,0,3,4,0,1,3,,N,,,,,,,,,,,
2007049044,1422.0,1,0,0,0,0,0,0,0,0,7,0,,67,3,2007,6,40.0509,-75.0361,1410.0,6,0,0,0,0,0,0,0,0,,0,0,0,14,1,1,1,,0,40 03:03.000,,0,75 02:09.968,8,0,0,0,67301,0,0,0,N,0,0,0,1,67301,0,,4,2,,N,N,,0,,0,0,0,0,0,,1400,1,1,0,0,0,1,0,3,4,0,1,9,,N,,,,,,,,,,,
2007049061,2127.0,4,0,0,0,0,0,0,0,0,4,0,,67,3,2007,7,39.9256,-75.2343,2123.0,6,0,0,0,0,0,0,0,0,,0,0,0,21,3,1,1,,0,39 55:32.060,,0,75 14:03.558,4,0,0,0,67301,0,0,0,N,0,0,0,2,67301,1,,1,1,,N,N,,0,,0,0,0,2,3,,2110,1,4,0,0,0,0,1,3,4,0,4,3,,N,,,,,,,,,,,
2007049066,113.0,1,0,0,0,0,0,0,0,0,6,0,,67,3,2007,6,39.9978,-75.1587,110.0,6,0,0,0,0,0,0,0,0,,0,0,0,1,3,1,0,,0,39 59:52.000,,0,75 09:31.273,8,0,0,0,67301,0,0,0,,0,0,0,3,67301,0,,1,9,,N,N,,0,,0,0,0,0,0,,108,1,2,0,0,0,1,1,3,4,0,2,7,,N,,,,,,,,,,,
2007046483,1122.0,2,0,0,0,0,0,0,0,0,4,0,,67,4,2007,4,,,1120.0,6,0,0,0,1,0,0,0,0,,0,0,0,11,1,0,1,,0,,,0,,0,0,0,0,67301,0,0,0,N,0,0,0,2,67301,0,,1,1,,N,N,,0,,0,0,0,3,2,,1119,0,2,0,0,0,0,0,3,3,0,2,3,,N,,,,,,,,,,,
2007117238,1758.0,2,0,0,0,0,0,0,0,0,4,0,,67,10,2007,3,40.0423,-75.0507,1746.0,6,0,0,0,0,0,1,0,0,2.0,0,0,0,17,1,1,1,,1,40 02:32.000,3.0,0,75 03:02.319,8,0,0,0,67301,0,0,0,,0,0,0,2,67301,0,,1,1,,,,,0,,0,0,0,3,2,N,1746,1,2,0,0,0,1,1,3,4,0,2,3,,N,,,,,,,,,,,
2007117278,256.0,2,0,0,0,0,0,0,0,0,4,0,,67,10,2007,1,40.0317,-75.0582,249.0,6,0,0,0,0,0,0,0,0,,0,0,0,2,3,1,1,,0,40 01:53.947,,0,75 03:29.696,4,0,0,0,67301,0,0,0,,0,0,0,6,67301,1,,1,1,,,,,0,,0,0,3,3,3,,233,1,5,0,0,0,0,0,3,4,0,5,3,,N,,,,,,,,,,,
2007117279,1913.0,1,0,0,0,0,0,0,0,0,8,0,,67,10,2007,3,40.0186,-75.0578,1904.0,6,0,0,0,0,0,0,0,0,,0,0,0,19,3,1,0,,0,40 01:07.132,,0,75 03:28.069,4,0,0,0,67301,1,0,0,N,1,0,0,2,67301,1,,1,1,,N,N,,0,,0,0,0,0,0,,1900,1,2,0,0,1,0,0,3,4,0,1,3,,N,,,,,,,,,,,
2007080827,1420.0,1,0,0,0,0,0,0,0,0,4,0,,67,6,2007,4,40.0156,-75.1394,1415.0,6,0,0,0,0,0,1,0,0,,0,0,0,14,1,1,2,,0,40 00:56.113,,0,75 08:21.944,8,0,0,0,67301,0,0,0,N,0,0,0,4,67301,0,,1,1,,N,N,,0,,0,0,1,9,3,,1400,1,2,0,0,0,1,0,3,4,0,2,3,,N,,,,,,,,,,,
2007066669,849.0,2,0,0,0,0,0,0,0,0,1,0,,67,5,2007,7,40.001,-75.1001,849.0,6,0,0,0,0,0,0,0,0,,0,0,0,8,1,0,0,,0,40 00:03.501,,0,75 06:00.207,9,0,0,0,67301,0,0,0,N,0,0,0,1,67301,0,,6,1,,N,N,,0,,0,0,0,0,0,,800,0,2,0,0,0,0,1,3,4,0,2,3,,N,,,,,,,,,,,
2007076499,1959.0,1,0,0,0,0,0,0,0,0,4,1,,67,6,2007,4,40.0052,-75.1964,1959.0,6,0,0,0,0,0,0,0,0,,0,1,0,19,1,0,6,,0,40 00:11.000,,2,75 11:42.461,0,0,0,0,67301,0,0,0,N,0,0,0,2,68K01,0,,1,1,,N,N,,0,,0,0,0,0,0,,1957,0,2,0,0,0,0,0,3,4,0,2,3,,N,,,,,,,,,,,
2007056969,1112.0,1,0,0,0,0,0,0,0,0,7,0,,67,3,2007,6,39.9406,-75.1424,1107.0,6,0,0,0,0,0,0,0,0,1.0,0,0,0,11,1,1,0,,1,39 56:26.205,2.0,0,75 08:32.538,8,0,0,0,67301,0,0,0,N,0,0,0,1,67301,0,,4,1,,N,N,,0,,0,0,0,0,0,N,1103,1,1,0,0,0,1,0,3,4,0,1,3,,N,,,,,,,,,,,
2007056828,913.0,2,0,0,0,0,0,0,0,0,1,0,,67,4,2007,3,39.9975,-75.1217,910.0,6,0,0,0,0,0,0,0,0,,0,0,0,9,1,1,0,,0,39 59:51.000,,0,75 07:17.931,8,0,0,0,67301,0,0,0,N,0,0,0,1,67301,0,,2,1,,N,N,,0,,0,0,0,0,0,,905,1,2,0,0,0,1,0,3,4,0,2,3,,N,,,,,,,,,,,
2007056838,2108.0,4,0,0,0,0,0,0,0,0,2,0,,67,3,2007,7,39.9674,-75.2457,2105.0,6,0,0,0,0,0,0,0,0,,0,0,0,21,3,1,1,,0,39 58:02.280,,0,75 14:44.520,4,0,0,0,67301,0,0,0,N,0,0,0,2,67301,1,,1,1,,N,N,,0,,0,0,0,0,0,,2100,1,4,0,0,1,0,0,3,4,0,4,3,,N,,,,,,,,,,,
2007046879,851.0,2,0,0,0,0,0,0,0,0,4,0,,67,2,2007,5,40.112,-75.0155,845.0,6,0,0,0,0,0,1,0,0,1.0,0,0,0,8,1,1,2,,1,40 06:43.275,4.0,0,75 00:55.965,3,0,0,0,67301,0,0,0,N,0,0,0,2,67301,0,,1,1,,N,N,,0,,1,0,0,3,3,N,845,1,2,0,0,0,0,0,3,4,0,2,3,,N,,,,,,,,,,,
2007102302,2125.0,0,0,0,1,0,0,0,0,0,5,0,,67,7,2007,7,40.0118,-75.142,2122.0,6,0,0,0,0,0,1,0,0,,0,0,0,21,3,1,0,,0,40 00:42.575,,0,75 08:31.131,3,0,0,0,67301,1,0,0,,0,0,0,2,67301,0,,1,1,,N,N,,1,,1,0,0,0,0,,2115,1,2,0,0,0,0,0,3,4,0,1,3,,N,,,,,,,,,,,
2007099461,1115.0,3,0,0,0,0,0,0,0,0,1,0,,67,9,2007,3,40.0522,-75.0273,1107.0,6,0,1,0,0,1,1,0,0,,0,0,0,11,1,0,1,,0,40 03:07.999,,0,75 01:38.114,0,0,0,0,67301,0,0,0,N,0,0,0,3,67301,0,,1,1,,N,N,,0,,0,0,0,3,2,,1100,0,3,0,0,0,0,0,3,4,0,3,3,,N,,,,,,,,,,,
2007116971,21.0,2,0,0,0,0,0,0,0,0,1,0,,67,10,2007,1,39.9491,-75.2153,21.0,6,0,0,0,0,0,1,0,0,,0,0,0,0,3,2,0,,0,39 56:56.608,,0,75 12:55.098,4,0,0,0,67301,0,0,0,,0,0,0,3,67301,1,,1,1,,,,,0,,0,0,0,0,0,,19,2,2,0,0,2,1,0,3,4,0,2,3,,N,,,,,,,,,,,
2007099364,623.0,2,0,0,0,0,0,0,0,0,1,0,,67,8,2007,1,40.0094,-75.1885,619.0,6,0,0,0,0,0,1,0,0,,0,0,0,6,5,1,0,,0,40 00:35.000,,0,75 11:11.510,8,0,0,0,67301,0,0,0,,0,0,0,3,67301,0,,1,98,,,,,0,,0,0,0,0,0,,618,1,3,0,0,0,1,1,3,4,1,3,99,,N,,,,,,,,,,,
2007116355,232.0,1,0,0,0,0,0,0,0,0,5,0,,67,9,2007,7,40.0054,-75.1094,231.0,6,0,0,0,0,0,0,0,0,,0,0,0,2,3,1,1,,0,40 00:19.000,,0,75 06:33.690,4,0,0,0,67301,0,0,0,,0,0,0,3,67301,1,,1,1,,,,,0,,0,0,0,0,0,,226,1,2,0,0,0,0,0,3,4,0,2,3,,N,,,,,,,,,,,
2007116400,1501.0,0,0,0,0,0,0,1,0,0,8,1,,67,10,2007,2,39.95,-75.144,1455.0,6,0,0,0,0,0,1,0,0,,1,0,0,14,1,0,0,,0,39 56:59.000,,0,75 08:37.953,1,0,0,0,67301,1,1,0,N,1,1,0,2,67301,0,2.0,1,1,,N,N,,0,0.0,0,0,0,0,0,,1455,0,2,0,0,0,0,0,3,4,0,1,3,,N,,,,,,,,,,,
2007111511,2015.0,2,0,0,0,0,0,0,0,0,4,0,,67,9,2007,4,39.9958,-75.0955,2015.0,6,0,0,0,0,0,1,1,0,,0,0,0,19,4,1,2,,0,39 59:44.000,,0,75 05:43.920,4,0,0,0,67301,0,0,0,N,0,0,0,3,67301,1,,1,1,,N,N,,0,,0,0,0,0,0,,1900,1,2,0,0,0,0,0,3,4,0,2,3,,N,,,,,,,,,,,
2007111518,300.0,2,0,0,0,0,0,0,0,0,0,0,,67,9,2007,7,40.0242,-75.0308,256.0,6,0,0,0,0,0,0,0,0,3.0,0,0,0,2,3,4,0,,2,40 01:27.000,1.0,0,75 01:50.824,4,0,0,0,67301,0,0,0,N,0,0,0,5,67301,4,,1,1,,N,N,,0,,0,0,2,0,0,Y,256,4,4,0,0,0,0,0,3,4,0,4,3,,N,,,,,,,,,,,
2007091939,1030.0,0,0,0,0,0,0,0,0,0,4,0,,67,7,2007,1,40.0387,-75.1235,1030.0,6,0,0,0,0,0,1,0,0,,0,0,0,10,1,1,1,,0,40 02:19.456,,0,75 07:24.668,4,0,0,0,67301,0,0,0,N,0,0,0,2,67301,1,,1,1,,N,N,,0,,0,0,1,2,3,,1028,1,2,0,0,0,0,0,3,4,1,2,3,,N,,,,,,,,,,,
2007080039,614.0,3,0,0,0,0,0,0,0,0,6,0,,67,6,2007,7,40.0406,-75.1334,614.0,6,0,0,0,0,0,0,0,0,,0,0,0,4,6,0,0,,0,40 02:26.023,,0,75 08:00.074,0,0,0,0,67301,0,0,0,N,0,0,0,1,67301,0,,6,1,,N,N,,0,,0,0,0,0,0,,430,0,3,0,0,0,0,0,3,4,0,3,3,,N,,,,,,,,,,,
2007082202,1615.0,1,0,0,0,0,0,0,0,0,4,0,,67,6,2007,6,40.0083,-75.1395,1613.0,6,0,0,0,0,0,2,0,0,,0,0,0,16,1,1,1,,0,40 00:30.024,,0,75 08:22.358,4,0,0,0,67301,0,0,0,N,0,0,0,4,67301,1,,1,1,,N,N,,1,,0,0,0,9,3,,1600,1,2,0,0,4,0,0,3,4,0,2,3,,N,,,,,,,,,,,
2007082250,1625.0,2,0,0,0,0,0,0,0,0,1,0,,67,6,2007,4,40.0492,-75.0444,1610.0,6,0,0,0,0,1,0,0,0,,0,0,0,16,1,0,0,,0,40 02:57.069,,0,75 02:39.854,9,0,0,0,67301,0,0,0,,0,0,0,3,67301,0,,1,1,,Y,N,,0,,0,0,0,0,0,,1610,0,2,0,0,0,0,1,3,4,0,2,3,,N,,,,,,,,,,,
2007082270,1453.0,1,0,0,0,0,0,0,0,0,2,0,,67,5,2007,4,39.9183,-75.1689,1452.0,6,0,0,0,0,0,1,0,0,1.0,0,0,0,14,1,2,1,,1,39 55:05.923,1.0,0,75 10:07.928,4,0,0,0,67301,0,0,0,N,0,0,0,3,67301,2,,1,1,,N,Y,,0,,0,0,0,3,8,N,1451,2,2,0,0,0,0,0,3,4,1,2,3,,N,,,,,,,,,,,
2007082577,1931.0,1,0,0,0,0,0,0,0,0,4,0,,67,6,2007,1,39.9782,-75.2357,1926.0,6,0,0,0,0,0,0,0,0,1.0,0,0,0,19,1,1,1,,2,39 58:41.520,5.0,0,75 14:08.372,3,0,0,1,67301,0,0,0,N,0,0,0,2,67301,0,,1,1,,N,N,,0,,1,0,0,9,3,Y,1922,1,2,0,0,0,0,0,3,4,0,2,3,,N,,,,,,,,,,,
2007057978,1640.0,2,0,0,0,0,0,0,0,0,1,0,,67,3,2007,7,,,1637.0,6,0,0,0,0,0,0,0,0,,0,0,0,16,1,1,1,,0,,,0,,4,0,0,0,67301,0,0,0,,0,0,0,3,67301,1,,1,1,,,,,0,,0,0,0,3,2,,1637,1,2,0,0,0,0,0,3,3,0,2,3,,N,,,,,,,,,,,
2007058277,333.0,0,0,0,0,0,0,0,0,0,0,0,,67,4,2007,7,39.9839,-75.2083,328.0,6,0,0,0,0,0,0,0,0,1.0,0,0,0,3,3,0,0,,1,39 59:05.842,4.0,0,75 12:30.046,0,0,0,0,67301,0,0,0,N,0,0,0,1,68K01,0,,3,9,,N,N,,0,,0,0,0,0,0,Y,328,0,1,0,0,1,0,0,3,4,1,1,7,,N,,,,,,,,,,,
2007051165,1102.0,3,0,0,0,0,0,0,0,0,4,0,,67,2,2007,1,40.0407,-75.0762,1056.0,6,0,0,1,0,0,0,0,0,2.0,0,0,0,10,1,3,1,,2,40 02:26.520,5.0,0,75 04:34.320,4,0,0,0,67301,1,0,0,N,0,0,0,4,67301,1,,1,1,,N,N,,1,,0,0,0,3,2,Y,1055,3,4,0,0,0,2,0,3,4,0,4,3,,N,,,,,,,,,,,
2007046288,2100.0,2,0,0,0,0,0,0,0,0,1,0,,67,2,2007,7,40.073,-75.0366,2048.0,6,0,0,0,0,0,0,0,0,,0,0,0,20,3,2,2,,0,40 04:22.000,,0,75 02:11.768,8,0,0,0,67301,0,0,0,N,0,0,0,3,67301,0,,1,1,,N,N,,0,,0,0,0,3,2,,2048,2,2,0,0,0,2,0,3,4,0,2,3,,N,,,,,,,,,,,
2007046310,1356.0,2,0,0,0,0,0,0,0,0,1,0,,67,2,2007,1,39.962,-75.2001,1358.0,6,0,0,0,0,0,0,0,0,,0,0,0,13,1,1,1,,0,39 57:43.000,,0,75 12:00.430,8,0,0,0,67301,0,0,0,N,0,0,0,3,67301,0,,1,1,,N,N,,0,,0,0,0,3,2,,1356,1,2,0,0,0,1,0,3,4,0,2,98,,N,,,,,,,,,,,
2007028460,755.0,2,0,0,0,0,0,0,0,0,2,0,,67,1,2007,3,40.0233,-75.1791,750.0,6,0,0,0,0,0,2,0,0,2.0,0,0,0,7,1,2,0,,1,40 01:23.847,4.0,0,75 10:44.742,4,0,0,0,67301,0,0,0,,0,0,0,3,67301,2,,1,1,,,,,0,,0,0,0,0,0,N,710,2,3,0,0,1,0,1,3,4,0,2,3,,N,,,,,,,,,,,
2007032963,1142.0,1,0,0,0,0,0,0,0,0,2,0,,67,1,2007,1,39.9569,-75.1587,1140.0,6,0,1,0,0,0,1,0,0,,0,0,0,11,1,1,2,,0,39 57:25.000,,0,75 09:31.332,8,0,0,0,67301,0,0,0,N,0,0,0,4,67301,0,,1,1,,N,N,,0,,0,0,1,3,2,,1140,1,2,0,0,0,1,1,3,4,0,2,3,,N,,,,,,,,,,,
2007022073,1550.0,1,0,0,0,0,0,0,0,0,7,0,,67,1,2007,7,40.0221,-75.039,1544.0,6,0,0,0,0,0,1,0,0,1.0,0,0,0,15,1,1,0,,1,40 01:19.430,2.0,0,75 02:20.288,8,0,0,0,67301,0,0,0,N,0,0,0,1,67301,0,,2,1,,N,N,,0,,0,0,0,0,0,N,1544,1,1,0,0,0,1,0,3,4,0,1,3,,N,,,,,,,,,,,
2007048881,824.0,3,0,0,0,0,0,0,0,0,1,0,,67,3,2007,5,39.9562,-75.1419,816.0,6,0,0,0,0,0,0,0,0,1.0,0,0,0,8,1,1,0,,1,39 57:24.881,4.0,0,75 08:36.959,4,0,0,0,67301,0,0,0,N,0,0,0,6,67301,1,,1,1,,N,N,,0,,0,0,0,0,0,N,816,1,3,0,0,0,0,0,3,4,0,3,3,,N,,,,,,,,,,,
2007048890,342.0,2,0,0,0,0,0,0,0,0,7,0,,67,3,2007,6,40.0092,-75.0676,331.0,6,0,0,0,0,0,0,1,0,1.0,0,0,0,3,3,2,0,,2,40 00:33.069,2.0,0,75 04:03.521,3,0,0,0,67301,0,0,0,N,0,0,0,3,67301,0,,2,9,,N,N,,0,,2,0,0,0,0,N,331,2,2,0,0,0,0,0,3,4,0,2,7,,N,,,,,,,,,,,
2007048968,852.0,0,0,0,0,0,0,0,0,0,7,0,,67,1,2007,7,40.0383,-75.0418,849.0,6,0,0,0,0,0,0,0,0,,0,0,0,8,1,3,0,,0,40 02:17.714,,0,75 02:30.598,2,0,0,0,67301,0,0,0,N,0,0,0,3,67301,1,,5,9,,N,N,,0,,1,1,1,0,0,,839,3,1,0,0,0,0,0,3,4,0,1,3,,N,,,,,,,,,,,
2007048983,145.0,2,0,0,0,0,0,0,0,0,4,0,,67,3,2007,2,39.9287,-75.2386,130.0,6,0,0,0,0,0,0,0,0,,0,0,0,0,3,2,1,,0,39 55:43.191,,0,75 14:18.914,4,0,0,0,67301,0,0,0,N,0,0,0,5,67301,2,,1,1,,N,N,,0,,0,0,0,3,2,,35,2,2,0,0,0,0,0,3,4,0,2,3,,N,,,,,,,,,,,
2007048997,827.0,1,0,0,0,0,0,0,0,0,4,0,,67,3,2007,6,40.0202,-75.0635,822.0,6,0,0,0,0,0,1,0,0,3.0,0,0,0,8,1,2,5,,2,40 01:12.360,4.0,0,75 03:48.240,3,0,0,0,67301,0,0,0,Y,0,0,0,2,67301,0,,1,1,,N,N,,1,,2,0,0,3,3,Y,820,2,2,0,0,0,0,0,3,4,0,2,3,,N,,,,,,,,,,,
2007117243,2003.0,0,0,0,0,0,0,0,0,0,8,0,,67,10,2007,4,40.0353,-75.1214,2001.0,6,0,0,0,0,0,0,0,0,,0,0,0,19,4,1,1,,0,40 02:06.000,,0,75 07:17.099,3,0,0,0,67301,1,0,0,N,1,0,0,2,67301,0,,1,1,,N,N,,0,,1,0,0,9,2,,1908,1,2,0,0,0,0,0,3,4,1,1,3,,N,,,,,,,,,,,
2007080849,1950.0,0,0,0,1,0,1,0,0,0,4,0,,67,5,2007,3,40.0534,-75.0751,1945.0,6,0,0,0,0,1,0,0,0,,0,0,0,19,1,1,1,,0,40 03:12.185,,0,75 04:30.278,2,0,0,0,67301,1,0,1,,0,0,0,2,67301,0,,1,1,,,,,1,,0,1,0,2,2,,1943,1,2,0,0,0,0,0,3,4,0,1,3,,N,,,,,,,,,,,
2007081000,715.0,1,0,0,0,0,0,0,0,0,1,0,,67,6,2007,6,39.9586,-75.1687,715.0,6,0,0,0,0,0,0,0,0,1.0,0,0,0,7,1,1,0,,1,39 57:30.000,3.0,0,75 10:06.679,3,0,0,0,67301,0,0,0,N,0,0,0,3,67301,0,,1,1,,N,N,,0,,1,0,0,0,0,N,715,1,2,0,0,0,0,0,3,4,1,2,3,,N,,,,,,,,,,,
2007080891,2111.0,2,0,0,0,0,0,0,0,0,4,0,,67,6,2007,2,39.9169,-75.1611,2106.0,6,0,0,0,0,0,0,0,0,,0,0,0,21,3,1,1,,0,39 55:00.789,,0,75 09:39.880,4,0,0,0,67301,0,0,0,,0,0,0,5,67301,1,,1,1,,,,,0,,0,0,1,3,3,,2106,1,4,0,0,0,0,0,3,4,1,4,3,,N,,,,,,,,,,,
2007120236,756.0,0,0,0,0,0,0,0,0,0,4,0,,67,10,2007,4,40.0342,-75.0458,750.0,6,0,0,0,0,0,0,0,0,,0,0,0,7,1,1,2,,0,40 02:03.000,,0,75 02:44.782,4,0,0,0,67301,0,0,0,N,0,0,0,2,67301,1,,1,1,,N,N,,0,,0,0,2,0,0,,740,1,2,0,0,0,0,0,3,4,0,2,3,,N,,,,,,,,,,,
2007081057,1600.0,3,0,0,0,0,0,0,0,0,5,0,,67,6,2007,4,39.9367,-75.2322,1555.0,6,0,0,1,0,0,0,0,0,,0,0,0,15,1,3,0,,0,39 56:12.228,,0,75 13:55.758,4,0,0,0,67301,3,0,0,N,0,0,0,4,67301,3,,1,1,,N,N,,0,,0,0,0,0,0,,1540,3,3,0,0,0,0,0,3,4,0,3,3,,N,,,,,,,,,,,
2007120194,249.0,1,0,0,0,0,0,0,0,0,8,0,,67,10,2007,7,39.9541,-75.2025,249.0,6,0,0,0,0,0,0,0,0,,0,0,0,2,3,1,1,,0,39 57:14.000,,0,75 12:08.994,3,0,0,0,67301,1,0,0,N,1,0,0,5,67301,0,,1,1,,N,N,,0,,1,0,0,3,2,,248,1,2,0,0,0,0,0,3,4,0,1,3,,N,,,,,,,,,,,
2007120206,731.0,1,0,0,0,0,0,0,0,0,7,0,,67,10,2007,7,40.0222,-75.2183,729.0,6,0,0,0,0,0,0,0,0,,0,0,0,7,1,1,2,,0,40 01:19.837,,7,75 13:05.894,4,0,0,0,67301,0,0,0,N,0,0,0,1,67301,1,,5,1,,N,N,,0,,0,0,0,3,2,,725,1,1,0,0,0,0,0,3,4,0,1,3,,N,,,,,,,,,,,
2007066399,1705.0,2,0,0,0,0,0,0,0,0,2,0,,67,4,2007,5,40.0491,-75.0625,1700.0,6,0,0,0,0,0,0,0,0,,0,0,0,99,1,1,1,,0,40 02:56.760,,0,75 03:45.000,4,0,0,0,67301,0,0,0,N,0,0,0,2,67301,1,,1,1,,N,N,,0,,0,0,0,0,0,,9999,1,2,0,0,0,0,0,3,4,0,2,3,,N,,,,,,,,,,,
2007069135,2216.0,2,0,0,0,0,0,0,0,0,4,0,,67,6,2007,4,40.0001,-75.2287,2216.0,6,0,0,0,0,1,0,0,0,1.0,0,0,0,22,3,0,2,,1,40 00:04.000,2.0,0,75 13:35.163,0,0,0,0,67301,0,0,0,N,0,0,0,2,46104,0,,1,9,,N,N,,0,,0,0,0,3,2,N,2214,0,2,0,0,0,0,0,3,4,0,2,7,,N,,,,,,,,,,,
2007066627,30.0,1,0,0,0,0,0,0,0,0,8,0,,67,5,2007,7,39.9975,-75.1116,30.0,6,0,0,0,0,0,0,0,1,,0,0,0,99,3,1,2,,0,39 59:50.928,,0,75 06:41.821,4,0,0,0,67301,1,0,0,,1,0,0,2,67301,1,,1,1,,,,,0,,0,0,0,0,0,,9999,1,2,0,0,0,0,0,3,4,0,1,3,,N,,,,,,,,,,,