CRN,ARRIVAL_TM,AUTOMOBILE_COUNT,BELTED_DEATH_COUNT,BELTED_SUSP_SERIOUS_INJ_COUNT,BICYCLE_COUNT,BICYCLE_DEATH_COUNT,BICYCLE_SUSP_SERIOUS_INJ_COUNT,BUS_COUNT,CHLDPAS_DEATH_COUNT,CHLDPAS_SUSP_SERIOUS_INJ_COUNT,COLLISION_TYPE,COMM_VEH_COUNT,CONS_ZONE_SPD_LIM,COUNTY,CRASH_MONTH,CRASH_YEAR,DAY_OF_WEEK,DEC_LAT,DEC_LONG,DISPATCH_TM,DISTRICT,DRIVER_COUNT_16YR,DRIVER_COUNT_17YR,DRIVER_COUNT_18YR,DRIVER_COUNT_19YR,DRIVER_COUNT_20YR,DRIVER_COUNT_50_64YR,DRIVER_COUNT_65_74YR,DRIVER_COUNT_75PLUS,EST_HRS_CLOSED,FATAL_COUNT,HEAVY_TRUCK_COUNT,HORSE_BUGGY_COUNT,HOUR_OF_DAY,ILLUMINATION,INJURY_COUNT,INTERSECT_TYPE,INTERSECTION_RELATED,LANE_CLOSED,LATITUDE,LN_CLOSE_DIR,LOCATION_TYPE,LONGITUDE,MAX_SEVERITY_LEVEL,MCYCLE_DEATH_COUNT,MCYCLE_SUSP_SERIOUS_INJ_COUNT,MOTORCYCLE_COUNT,MUNICIPALITY,NONMOTR_COUNT,NONMOTR_DEATH_COUNT,NONMOTR_SUSP_SERIOUS_INJ_COUNT,NTFY_HIWY_MAINT,PED_COUNT,PED_DEATH_COUNT,PED_SUSP_SERIOUS_INJ_COUNT,PERSON_COUNT,POLICE_AGCY,POSSIBLE_INJ_COUNT,RDWY_SURF_TYPE_CD,RELATION_TO_ROAD,ROAD_CONDITION,ROADWAY_CLEARED,SCH_BUS_IND,SCH_ZONE_IND,SECONDARY_CRASH,SMALL_TRUCK_COUNT,SPEC_JURIS_CD,SUSP_MINOR_INJ_COUNT,SUSP_SERIOUS_INJ_COUNT,SUV_COUNT,TCD_FUNC_CD,TCD_TYPE,TFC_DETOUR_IND,TIME_OF_DAY,TOT_INJ_COUNT,TOTAL_UNITS,UNB_DEATH_COUNT,UNB_SUSP_SERIOUS_INJ_COUNT,UNBELTED_OCC_COUNT,UNK_INJ_DEG_COUNT,UNK_INJ_PER_COUNT,URBAN_AREA,URBAN_RURAL,VAN_COUNT,VEHICLE_COUNT,WEATHER1,WEATHER2,WORK_ZONE_IND,WORK_ZONE_LOC,WORK_ZONE_TYPE,WORKERS_PRES,WZ_CLOSE_DETOUR,WZ_FLAGGER,WZ_LAW_OFFCR_IND,WZ_LN_CLOSURE,WZ_MOVING,WZ_OTHER,WZ_SHLDER_MDN,WZ_WORKERS_INJ_KILLED
2007066812,802.0,2,0,0,0,0,0,0,0,0,5,0,,67,4,2007,3,,,757.0,6,0,0,0,0,0,0,0,0,,0,0,0,7,1,1,0,,0,,,3,,4,0,0,0,67301,0,0,0,N,0,0,0,2,67301,1,,1,1,,N,N,,0,,0,0,0,0,0,,756,1,2,0,0,0,0,0,3,3,0,2,3,,N,,,,,,,,,,,
2007056970,1610.0,2,0,0,0,0,0,0,0,0,1,0,,67,3,2007,2,39.9181,-75.2102,1602.0,6,0,0,0,0,0,0,0,0,,0,0,0,14,1,1,0,,0,39 55:05.664,,0,75 12:33.174,8,0,0,0,67301,0,0,0,N,0,0,0,4,67301,0,,1,1,,N,N,,0,,0,0,0,0,0,,1430,1,2,0,0,0,1,0,3,4,0,2,3,,N,,,,,,,,,,,
2007057021,1845.0,1,0,0,0,0,0,0,0,0,4,0,,67,4,2007,6,40.0571,-75.0716,1840.0,6,0,0,1,0,0,0,0,0,,0,0,0,18,1,3,2,,0,40 03:25.660,,0,75 04:17.727,4,0,0,0,67301,0,0,0,,0,0,0,3,67301,3,,1,1,,,,,0,,0,0,0,3,3,,1840,3,2,0,0,0,0,0,3,4,1,2,3,,N,,,,,,,,,,,
2007054644,1645.0,3,0,0,0,0,0,0,0,0,5,1,,67,4,2007,5,39.9094,-75.155,1643.0,6,0,0,0,0,0,1,0,0,1.0,0,1,0,16,1,1,6,,2,39 54:33.690,3.0,3,75 09:17.954,3,0,0,0,67301,0,0,0,N,0,0,0,4,67501,0,,1,1,,N,N,,0,,1,0,0,2,8,N,1643,1,4,0,0,0,0,0,3,4,0,4,3,,N,,,,,,,,,,,
2007046880,518.0,1,0,0,0,0,0,0,0,0,7,0,,67,1,2007,6,40.0969,-75.0179,505.0,6,0,0,0,0,0,0,0,0,,0,0,0,4,3,0,0,,0,40 05:49.017,,0,75 01:04.553,0,0,0,0,67301,0,0,0,N,0,0,0,1,67301,0,,3,1,,N,N,,0,,0,0,0,0,0,,455,0,1,0,0,0,0,0,3,4,0,1,3,,N,,,,,,,,,,,
2007047126,1905.0,1,0,0,0,0,0,0,0,0,4,0,,67,3,2007,2,39.9858,-75.2448,1903.0,6,0,0,0,0,1,1,0,0,,0,0,0,18,1,0,2,,0,39 59:08.862,,0,75 14:41.413,0,0,0,0,67301,0,0,0,,0,0,0,2,67301,0,,1,1,,N,N,,0,,0,0,1,3,3,,1837,0,2,0,0,0,0,0,3,4,0,2,3,,N,,,,,,,,,,,
2007070737,2106.0,1,0,0,0,0,0,0,0,0,1,0,,67,6,2007,2,39.9907,-75.249,2104.0,6,0,0,0,0,0,0,0,0,,0,0,0,21,3,0,0,,0,39 59:26.000,,0,75 14:56.299,0,0,0,0,67301,0,0,0,N,0,0,0,4,46104,0,,1,1,,N,N,,1,,0,0,0,3,2,,2104,0,2,0,0,0,0,0,3,4,0,2,3,,N,,,,,,,,,,,
2007099342,939.0,4,0,0,0,0,0,0,0,0,5,0,,67,8,2007,6,39.9294,-75.1843,935.0,6,0,0,0,0,0,1,0,0,,0,0,0,9,1,0,0,,0,39 55:45.922,,0,75 11:03.422,0,0,0,0,67301,0,0,0,N,0,0,0,1,67301,0,,6,1,,N,N,,1,,0,0,0,0,0,,930,0,5,0,0,0,0,0,3,4,0,5,3,,N,,,,,,,,,,,
2007099356,1425.0,2,0,0,0,0,0,0,0,0,6,0,,67,8,2007,6,39.9643,-75.2342,1419.0,6,0,1,0,0,0,0,0,0,,0,0,0,14,1,1,2,,0,39 57:51.613,,0,75 14:03.292,3,0,0,0,67301,0,0,0,,0,0,0,2,67301,0,,1,1,,N,,,0,,1,0,0,9,2,,1416,1,2,0,0,0,0,0,3,4,0,2,3,,N,,,,,,,,,,,
2007116678,918.0,1,0,0,0,0,0,1,0,0,4,1,,67,10,2007,3,40.0252,-75.0273,914.0,6,0,0,0,0,1,0,0,0,1.0,0,0,0,9,1,1,0,,1,40 01:30.784,1.0,0,75 01:38.107,8,0,0,0,67301,0,0,0,N,0,0,0,2,67301,0,,1,1,,Y,N,,0,,0,0,0,0,0,Y,910,1,2,0,0,0,1,0,3,4,0,2,3,,N,,,,,,,,,,,
2007099391,1420.0,3,0,0,0,0,0,0,0,0,4,0,,67,8,2007,1,39.9573,-75.1572,1405.0,6,0,0,0,0,1,0,0,0,1.0,0,0,0,14,1,1,0,,1,39 57:26.000,4.0,0,75 09:25.626,4,0,0,0,67301,0,0,0,N,0,0,0,4,67301,1,,1,1,,,,,0,,0,0,0,0,0,Y,1400,1,3,0,0,0,0,0,3,4,0,3,3,,N,,,,,,,,,,,
2007096838,124.0,2,0,1,0,0,0,0,0,0,2,0,,67,8,2007,2,39.9458,-75.1894,110.0,6,0,0,0,0,0,0,0,0,1.0,0,0,0,1,3,2,0,,2,39 56:45.000,4.0,0,75 11:21.799,2,0,0,0,67301,0,0,0,N,0,0,0,2,68K01,0,,1,9,,N,N,,0,,1,1,0,0,0,N,110,2,2,0,0,0,0,0,3,4,0,2,7,,N,,,,,,,,,,,
2007111537,1705.0,3,0,0,0,0,0,0,0,0,4,0,,67,9,2007,5,40.095,-75.0154,1649.0,6,0,0,1,0,0,0,0,0,2.0,0,0,0,16,1,0,1,,2,40 05:41.000,6.0,0,75 00:55.548,9,0,0,0,67301,0,0,0,N,0,0,0,4,67301,0,,1,1,,N,N,,0,,0,0,0,3,2,Y,1645,0,4,0,0,0,0,1,3,4,1,4,3,,N,,,,,,,,,,,
2007092181,420.0,3,0,0,0,0,0,0,0,0,4,0,,67,7,2007,1,40.0031,-75.1623,415.0,6,0,0,0,0,0,0,0,0,,0,0,0,4,3,0,0,,0,40 00:11.202,,0,75 09:44.310,0,0,0,0,67301,0,0,0,N,0,0,0,3,67301,0,,1,1,,N,N,,0,,0,0,0,0,0,,415,0,3,0,0,3,0,0,3,4,0,3,3,,N,,,,,,,,,,,
2007092022,1405.0,1,0,0,0,0,0,0,0,0,2,0,,67,7,2007,3,40.0216,-75.1244,1400.0,6,0,0,0,0,0,0,0,0,,0,0,0,99,1,2,1,,0,40 01:17.655,,0,75 07:27.663,4,0,0,0,67301,0,0,0,,0,0,0,2,67301,2,,1,1,,N,N,,0,,0,0,0,3,2,,9999,2,2,0,0,0,0,0,3,4,1,2,3,,N,,,,,,,,,,,
2007092289,1508.0,1,0,0,0,0,0,0,0,0,8,0,,67,7,2007,3,40.0304,-75.145,1505.0,6,0,0,0,0,0,0,0,0,,0,0,0,15,1,1,0,,0,40 01:49.612,,0,75 08:42.039,4,0,0,0,67301,1,0,0,N,1,0,0,3,67301,1,,1,1,,N,N,,0,,0,0,0,0,0,,1500,1,2,0,0,0,0,0,3,4,0,1,3,,N,,,,,,,,,,,
2007084719,1124.0,0,0,0,1,0,0,1,0,0,4,1,,67,6,2007,7,39.9505,-75.2351,1120.0,6,0,0,0,0,0,0,0,0,,0,0,0,11,1,3,1,,0,39 57:01.728,,0,75 14:06.251,4,0,0,0,67301,1,0,0,N,0,0,0,6,67301,3,,1,1,,N,N,,0,,0,0,0,9,3,,1118,3,2,0,0,0,0,0,3,4,0,1,3,,N,,,,,,,,,,,
2007091895,1513.0,1,0,0,0,0,0,1,0,0,2,1,,67,7,2007,3,39.9199,-75.2228,1512.0,6,0,0,0,0,0,0,0,0,,0,0,0,15,1,0,1,,0,39 55:11.000,,0,75 13:22.009,9,0,0,0,67301,0,0,0,N,0,0,0,9,67301,0,,1,1,,N,N,,0,,0,0,0,3,2,,1512,0,2,0,0,0,0,4,3,4,0,2,3,,N,,,,,,,,,,,
2007082201,25.0,1,0,0,0,0,0,0,0,0,5,1,,67,6,2007,1,40.0072,-75.1296,20.0,6,0,0,0,0,0,0,0,0,,0,1,0,99,3,0,0,,0,40 00:25.000,,0,75 07:46.480,0,0,0,0,67301,0,0,0,N,0,0,0,2,67301,0,,1,1,,N,Y,,0,,0,0,0,0,0,,9999,0,2,0,0,0,0,0,3,4,0,2,3,,N,,,,,,,,,,,
2007082203,1625.0,0,0,0,0,0,0,0,0,0,4,0,,67,6,2007,6,39.9997,-75.1168,1620.0,6,0,0,0,0,0,0,0,0,,0,0,0,16,1,1,1,,0,39 59:58.833,,0,75 07:00.613,4,0,0,1,67301,0,0,0,N,0,0,0,2,67301,1,,1,1,,N,N,,0,,0,0,0,3,3,,1605,1,2,0,0,0,0,0,3,4,0,2,3,,N,,,,,,,,,,,
2007080045,2215.0,2,0,0,0,0,0,0,0,0,1,0,,67,6,2007,2,40.0525,-75.0872,2203.0,6,0,0,0,0,0,0,0,0,,0,0,0,21,3,4,2,,0,40 03:09.046,,0,75 05:13.808,3,0,0,0,67301,0,0,0,N,0,0,0,5,67301,0,,1,1,,N,N,,0,,1,0,0,3,3,,2155,4,2,0,0,0,3,1,3,4,0,2,3,,N,,,,,,,,,,,
2007082499,1611.0,0,0,0,0,0,0,0,0,0,4,1,,67,6,2007,6,40.0245,-75.1684,1611.0,6,0,0,0,0,0,0,0,0,3.0,0,1,0,16,1,3,2,,2,40 01:28.347,7.0,0,75 10:06.329,3,0,0,0,67301,0,0,0,N,0,0,0,4,67301,0,,1,1,,N,N,,0,,3,0,1,0,0,Y,1608,3,2,0,0,1,0,0,3,4,0,2,3,,N,,,,,,,,,,,
2007046285,1842.0,2,0,0,0,0,0,0,0,0,4,0,,67,2,2007,3,40.026,-75.1995,1839.0,6,0,0,0,0,0,1,0,0,,0,0,0,18,3,2,2,,0,40 01:33.000,,0,75 11:57.812,3,0,0,0,67301,0,0,0,Y,0,0,0,2,67301,1,,1,2,,N,N,,0,,1,0,0,0,0,,1839,2,2,0,0,0,0,0,3,4,0,2,9,,N,,,,,,,,,,,
2007027980,839.0,2,0,0,0,0,0,0,0,0,1,0,,67,1,2007,3,39.9669,-75.1921,837.0,6,0,0,0,0,0,0,0,0,,0,0,0,8,1,1,1,,0,39 58:00.800,,0,75 11:31.732,8,0,0,0,67301,0,0,0,N,0,0,0,6,67301,0,,1,2,,N,N,,0,,0,0,0,3,2,,835,1,2,0,0,0,1,1,3,4,0,2,10,,N,,,,,,,,,,,
2007027994,455.0,2,0,0,0,0,0,0,0,0,4,0,,67,1,2007,6,39.9501,-75.1706,454.0,6,0,0,0,0,0,0,0,0,,0,0,0,99,3,0,1,,0,39 57:00.000,,0,75 10:14.160,0,0,0,0,67301,0,0,0,N,0,0,0,2,67301,0,,1,1,,N,N,,0,,0,0,0,3,2,,9999,0,2,0,0,0,0,0,3,4,0,2,3,,N,,,,,,,,,,,
2007029409,740.0,1,0,0,0,0,0,0,0,0,7,0,,67,1,2007,1,39.933,-75.2383,730.0,6,0,0,0,0,0,0,0,0,,0,0,0,7,5,0,10,,0,39 55:58.791,,0,75 14:17.742,0,0,0,0,67301,0,0,0,,0,0,0,1,67301,0,,3,9,,N,N,,0,,0,0,0,0,0,,725,0,1,0,0,0,0,0,3,4,0,1,7,,N,,,,,,,,,,,
2007056515,625.0,1,0,0,1,0,0,0,0,0,4,0,,67,4,2007,3,39.9511,-75.2319,620.0,6,0,0,0,0,1,0,0,0,,0,0,0,6,1,1,2,,0,39 57:03.902,,0,75 13:54.883,4,0,0,0,67301,1,0,0,N,0,0,0,3,67301,1,,1,1,,N,N,,0,,0,0,0,3,3,,620,1,2,0,0,0,0,0,3,4,0,1,3,,N,,,,,,,,,,,
2007049039,1115.0,1,0,0,0,0,0,1,0,0,4,1,,67,3,2007,6,40.013,-75.1194,1109.0,6,0,0,0,0,0,0,1,0,,0,0,0,11,1,1,1,,0,40 00:46.000,,0,75 07:09.798,4,0,0,0,67301,0,0,0,N,0,0,0,2,67301,1,,1,9,,Y,N,,0,,0,0,0,0,0,,1105,1,2,0,0,0,0,0,3,4,0,2,7,,N,,,,,,,,,,,
2007049051,1155.0,2,0,0,0,0,0,0,0,0,1,0,,67,3,2007,5,40.071,-75.038,1150.0,6,0,0,0,0,0,0,0,0,,0,0,0,11,1,1,0,,0,40 04:15.000,,0,75 02:16.874,4,0,0,0,67301,0,0,0,N,0,0,0,2,67301,1,,1,1,,N,N,,0,,0,0,0,3,2,,1140,1,2,0,0,0,0,0,3,4,0,2,3,,N,,,,,,,,,,,
2007117293,2350.0,0,0,0,0,0,0,0,0,0,4,0,,67,10,2007,6,39.9925,-75.083,2350.0,6,0,0,0,0,0,0,0,0,,0,0,0,23,3,1,1,,0,39 59:32.889,,0,75 04:58.651,4,0,0,0,67301,0,0,0,N,0,0,0,3,67301,1,,1,1,,N,N,,0,,0,0,1,2,3,,2350,1,2,0,0,0,0,0,3,4,1,2,3,,N,,,,,,,,,,,
2007080974,1403.0,1,0,0,0,0,0,0,0,0,4,1,,67,3,2007,6,40.0213,-75.1602,1400.0,6,0,0,0,0,0,0,0,0,,0,1,0,14,1,1,1,,0,40 01:16.000,,0,75 09:36.797,8,0,0,0,67301,0,0,0,N,0,0,0,3,67301,0,,1,98,,N,N,,0,,0,0,0,0,0,,1400,1,2,0,0,0,1,1,3,4,0,2,99,,N,,,,,,,,,,,
2007080985,2050.0,1,0,0,0,0,0,0,0,0,8,0,,67,6,2007,6,39.9954,-75.1155,2050.0,6,0,0,0,0,0,0,0,0,,0,0,0,20,3,1,0,,0,39 59:43.297,,0,75 06:55.745,8,0,0,0,67301,1,0,0,,1,0,0,2,67301,0,,1,9,,N,N,,0,,0,0,0,0,0,,2048,1,2,0,0,0,1,1,3,4,0,1,7,,N,,,,,,,,,,,
2007120231,743.0,2,0,0,0,0,0,0,0,0,2,0,,67,9,2007,4,40.1048,-75.0013,742.0,6,0,0,0,0,0,3,0,0,,0,0,0,7,1,3,0,,0,40 06:17.000,,0,75 00:04.847,2,0,0,0,67301,0,0,0,,0,0,0,6,67301,0,,1,1,,,,,0,,0,2,2,0,0,,740,3,4,0,1,1,1,0,3,4,0,4,3,,N,,,,,,,,,,,
2007081133,747.0,1,0,0,0,0,0,0,0,0,8,0,,67,3,2007,5,39.9669,-75.2085,745.0,6,0,0,0,0,0,1,0,0,,0,0,0,7,1,1,5,,0,39 58:00.000,,0,75 12:30.305,8,0,0,0,67301,1,0,0,N,1,0,0,5,67301,0,,1,1,,N,N,,0,,0,0,0,0,0,,735,1,2,0,0,0,1,0,3,4,0,1,3,,N,,,,,,,,,,,
2007071362,2250.0,1,0,0,0,0,0,0,0,0,7,0,,67,5,2007,1,39.9996,-75.1905,2246.0,6,0,0,0,0,0,0,0,0,,0,0,0,22,3,0,2,,0,39 59:58.000,,0,75 11:25.758,0,0,0,0,67301,0,0,0,N,0,0,0,1,67301,0,,2,9,,N,N,,0,,0,0,0,3,2,,2243,0,1,0,0,0,0,0,3,4,0,1,3,,N,,,,,,,,,,,
2007066396,429.0,1,0,0,0,0,0,0,0,0,1,0,,67,4,2007,6,39.9498,-75.2058,427.0,6,0,0,0,0,0,0,0,0,,0,0,0,99,3,1,1,,0,39 56:59.280,,0,75 12:20.880,4,0,0,0,67301,0,0,0,N,0,0,0,2,67301,1,,1,9,,N,N,,1,,0,0,0,3,2,,9999,1,2,0,0,0,0,0,3,4,0,2,7,,N,,,,,,,,,,,
2007066425,1448.0,1,0,0,0,0,0,0,0,0,4,0,,67,4,2007,6,39.9929,-75.1138,1446.0,6,0,0,0,0,0,0,0,0,,0,0,0,14,1,1,1,,0,39 59:34.558,,0,75 06:49.813,8,0,0,0,67301,0,0,0,N,0,0,0,3,67301,0,,1,1,,N,N,,0,,0,0,0,3,2,,1440,1,2,0,0,0,1,0,3,4,1,2,3,,N,,,,,,,,,,,
2007066462,915.0,2,0,0,0,0,0,0,0,0,4,0,,67,5,2007,3,39.904,-75.2401,912.0,6,0,0,0,0,0,1,0,0,9.0,0,0,0,9,1,1,5,,1,39 54:14.400,6.0,0,75 14:24.360,4,0,0,0,67301,0,0,0,N,0,0,0,3,67301,1,,1,1,,N,N,,0,,0,0,0,2,2,N,907,1,2,0,0,0,0,0,3,4,0,2,3,,N,,,,,,,,,,,
2007066469,1552.0,2,0,0,0,0,0,0,0,0,1,0,,67,4,2007,2,40.0407,-75.1225,1548.0,6,0,0,0,0,0,0,0,0,,0,0,0,15,1,1,1,,0,40 02:26.577,,0,75 07:21.143,8,0,0,0,67301,1,0,0,N,1,0,0,3,67301,0,,1,1,,N,N,,0,,0,0,0,3,3,,1515,1,3,0,0,0,1,1,3,4,0,2,3,,N,,,,,,,,,,,
2007066491,758.0,0,0,0,0,0,0,0,0,0,8,0,,67,4,2007,5,40.027,-75.1302,753.0,6,0,0,0,0,0,0,0,0,,0,0,0,7,1,1,0,,0,40 01:37.100,,0,75 07:48.600,4,0,0,0,67301,1,0,0,N,1,0,0,2,67301,1,,1,1,,N,N,,0,,0,0,1,0,0,,742,1,2,0,0,0,0,0,3,4,0,1,3,,N,,,,,,,,,,,
2007066532,1721.0,0,0,0,0,0,0,0,0,0,1,0,,67,4,2007,3,40.0058,-75.1318,1720.0,6,0,0,0,0,0,0,0,0,1.0,0,0,0,17,1,1,0,,1,40 00:20.715,2.0,0,75 07:54.499,4,0,0,0,67301,0,0,0,N,0,0,0,5,67301,1,,1,1,,N,N,,0,,0,0,2,0,0,N,1715,1,4,0,0,1,0,0,3,4,2,4,3,,N,,,,,,,,,,,
2007124666,150.0,2,0,0,0,0,0,0,0,0,5,0,,67,11,2007,1,40.0779,-75.0783,140.0,6,0,0,0,0,0,0,0,0,,0,0,0,1,3,1,0,,0,40 04:40.515,,0,75 04:41.728,4,0,0,0,67301,0,0,0,N,0,0,0,1,67301,1,,6,1,,N,N,,1,,0,0,0,0,0,,130,1,3,0,0,0,0,0,3,4,0,3,3,,N,,,,,,,,,,,
2007066839,1330.0,0,0,0,0,0,0,0,0,0,7,0,,67,5,2007,5,40.0029,-75.1017,1319.0,6,0,0,0,0,0,0,0,0,,0,0,0,13,1,1,2,,0,40 00:10.274,,0,75 06:06.094,4,0,0,0,67301,0,0,0,N,0,0,0,2,67301,1,,3,1,,N,N,,0,,0,0,0,3,2,,1315,1,1,0,0,2,0,0,3,4,1,1,3,,N,,,,,,,,,,,
2007056640,1255.0,1,0,0,0,0,0,0,0,0,8,0,,67,4,2007,6,39.979,-75.109,1250.0,6,0,0,0,0,0,0,0,1,,0,0,0,12,1,1,1,,0,39 58:44.330,,0,75 06:32.410,4,0,0,0,67301,1,0,0,N,1,0,0,2,67301,1,,1,1,,N,N,,0,,0,0,0,3,3,,1250,1,2,0,0,0,0,0,3,4,0,1,3,,N,,,,,,,,,,,
2007056714,838.0,0,0,0,0,0,0,0,0,0,8,0,,67,4,2007,5,39.9578,-75.1938,838.0,6,0,0,0,0,0,0,0,0,,0,0,0,8,1,1,1,,0,39 57:28.137,,0,75 11:37.737,8,0,0,0,67301,1,0,0,N,1,0,0,2,67301,0,,1,9,,N,N,,0,,0,0,1,3,3,,810,1,2,0,0,0,1,0,3,4,0,1,7,,N,,,,,,,,,,,
2007047022,9999.0,2,0,0,0,0,0,0,0,0,1,0,,67,2,2007,4,39.9568,-75.1536,,6,0,0,0,0,0,0,0,0,1.0,0,0,0,99,3,0,2,,2,39 57:24.000,3.0,2,75 09:12.844,0,0,0,0,67301,0,0,0,N,0,0,0,2,67301,0,,1,2,,N,N,,0,,0,0,0,0,0,N,9999,0,2,0,0,0,0,0,3,4,0,2,10,,N,,,,,,,,,,,
2007047053,2000.0,2,0,0,0,0,0,0,0,0,1,0,,67,3,2007,2,40.0632,-75.0424,1952.0,6,0,0,0,1,0,0,0,0,,0,0,0,19,3,1,0,,0,40 03:47.000,,0,75 02:32.640,4,0,0,0,67301,0,0,0,,0,0,0,3,67301,1,,1,9,,,,,0,,0,0,0,0,0,,1945,1,2,0,0,0,0,0,3,4,0,2,3,,N,,,,,,,,,,,
2007120758,443.0,1,0,0,0,0,0,0,0,0,1,1,,67,10,2007,2,40.0078,-75.2012,442.0,6,0,0,0,0,1,0,0,0,1.0,0,1,0,4,3,1,0,,2,40 00:26.000,4.0,0,75 12:01.116,8,0,0,0,67301,0,0,0,N,0,0,0,2,68K01,0,,1,1,,N,N,,0,,0,0,0,0,0,N,437,1,2,0,0,0,1,0,3,4,0,2,3,,N,,,,,,,,,,,
2007099505,9999.0,2,0,0,0,0,0,0,0,0,8,0,,67,8,2007,1,40.0852,-75.0273,830.0,6,0,0,0,0,0,1,0,0,,0,0,0,4,2,1,0,,0,40 05:06.561,,0,75 01:38.125,3,0,0,0,67301,1,0,0,,1,0,0,2,67301,0,,1,1,,,,,0,,1,0,0,0,0,,400,1,3,0,0,0,0,0,3,4,0,2,99,,N,,,,,,,,,,,
2007099506,1548.0,2,0,0,0,0,0,0,0,0,1,0,,67,8,2007,1,40.1235,-75.0154,1540.0,6,0,0,0,1,1,0,0,0,,0,0,0,15,1,4,1,,0,40 07:24.000,,0,75 00:55.271,4,0,0,0,67301,0,0,0,N,0,0,0,5,67301,4,,1,9,,N,N,,0,,0,0,0,3,2,,1525,4,2,0,0,0,0,0,3,4,0,2,7,,N,,,,,,,,,,,
2007099507,9999.0,2,0,0,0,0,0,0,0,0,4,0,,67,8,2007,1,40.1018,-75.0275,1815.0,6,0,0,0,0,1,0,0,0,,0,0,0,99,4,1,1,,0,40 06:06.588,,0,75 01:38.906,4,0,0,0,67301,0,0,0,N,0,0,0,4,67301,1,,1,9,,N,N,,0,,0,0,0,3,2,,9999,1,2,0,0,0,0,0,3,4,0,2,7,,N,,,,,,,,,,,
2007091957,155.0,1,0,0,0,0,0,0,0,0,4,0,,67,7,2007,7,39.9587,-75.1688,151.0,6,0,0,0,0,0,0,0,0,,0,0,0,1,3,2,2,,0,39 57:31.000,,0,75 10:07.612,3,0,0,0,67301,0,0,0,N,0,0,0,3,67301,0,,1,1,,N,N,,0,,2,0,1,3,2,,127,2,2,0,0,0,0,0,3,4,0,2,3,,N,,,,,,,,,,,
2007091892,1654.0,2,0,0,0,0,0,0,0,0,4,0,,67,7,2007,7,40.071,-75.0378,1653.0,6,0,0,0,0,0,1,0,0,,0,0,0,16,1,1,1,,0,40 04:15.000,,0,75 02:16.209,8,0,0,0,67301,0,0,0,,0,0,0,2,67301,0,,1,1,,N,N,,0,,0,0,0,3,2,,1640,1,2,0,0,0,1,1,3,4,0,2,3,,N,,,,,,,,,,,
2007084625,1349.0,1,0,0,0,0,0,0,0,0,4,0,,67,5,2007,4,39.9623,-75.1972,1347.0,6,0,0,0,0,0,1,1,0,,0,0,0,13,1,3,2,,0,39 57:44.000,,0,75 11:49.889,8,0,0,0,67301,1,0,0,,1,0,0,3,67301,0,,1,1,,N,N,,0,,0,0,0,3,2,,1342,3,3,0,0,0,3,0,3,4,1,2,3,,N,,,,,,,,,,,
2007082494,1254.0,1,0,0,0,0,0,0,0,0,0,0,,67,5,2007,2,39.8914,-75.237,1251.0,6,0,0,0,0,0,0,0,0,1.0,0,0,0,12,1,2,7,,1,39 53:29.000,1.0,2,75 14:13.179,4,0,0,0,67301,0,0,0,N,0,0,0,2,67301,2,,3,1,,N,N,,0,,0,0,0,0,0,Y,1248,2,1,0,0,0,0,0,3,4,0,1,3,,N,,,,,,,,,,,
2007084648,100.0,1,0,0,0,0,0,0,0,0,7,0,,67,6,2007,6,40.5162,-78.4148,57.0,6,0,0,0,0,0,1,0,0,2.0,0,0,0,0,3,1,0,,1,40 30:58.000,2.0,0,78 24:53.271,4,0,0,0,67301,0,0,0,N,0,0,0,1,67301,1,,3,1,,N,N,,0,,0,0,0,3,2,N,56,1,1,0,0,0,0,0,3,3,0,1,3,,N,,,,,,,,,,,
2007082204,1212.0,1,0,0,0,0,0,0,0,0,7,0,,67,5,2007,4,40.0234,-75.0334,1208.0,6,0,0,0,0,0,1,0,0,2.0,0,0,0,99,1,2,7,,2,40 01:17.000,1.0,2,75 02:23.480,2,0,0,0,67301,0,0,0,Y,0,0,0,3,67301,1,,2,1,,N,N,,0,,0,1,0,0,0,N,9999,2,1,0,1,1,0,0,3,4,0,1,3,,N,,,,,,,,,,,
2007082264,2300.0,1,0,0,0,0,0,0,0,0,5,0,,67,6,2007,7,40.0976,-75.0118,2248.0,6,0,0,0,0,0,0,0,0,,0,0,0,22,3,2,0,,0,40 05:51.193,,0,75 00:42.514,4,0,0,0,67301,0,0,0,,0,0,0,2,67301,2,,1,1,,,,,0,,0,0,1,0,0,,2245,2,2,0,0,0,0,0,3,4,0,2,3,,N,,,,,,,,,,,
2007081860,1023.0,2,0,0,0,0,0,0,0,0,1,0,,67,6,2007,3,39.9484,-75.1565,1020.0,6,0,0,0,0,0,1,0,0,,0,0,0,10,1,1,0,,0,39 56:54.000,,0,75 09:23.308,8,0,0,0,67301,0,0,0,N,0,0,0,2,67301,0,,1,1,,N,N,,0,,0,0,0,3,2,,1013,1,2,0,0,0,1,0,3,4,0,2,3,,N,,,,,,,,,,,
2007057973,2245.0,2,0,0,0,0,0,0,0,0,5,0,,67,3,2007,6,40.0067,-75.1929,2245.0,6,0,0,1,0,0,0,0,0,1.0,0,0,0,22,3,2,0,,2,40 00:25.000,1.0,0,75 11:32.504,4,0,0,0,67301,0,0,0,,0,0,0,4,67301,1,,1,1,,,N,,0,,0,0,0,0,0,N,2240,2,2,0,0,0,1,0,3,4,0,2,3,,N,,,,,,,,,,,