CRN,ARRIVAL_TM,AUTOMOBILE_COUNT,BELTED_DEATH_COUNT,BELTED_SUSP_SERIOUS_INJ_COUNT,BICYCLE_COUNT,BICYCLE_DEATH_COUNT,BICYCLE_SUSP_SERIOUS_INJ_COUNT,BUS_COUNT,CHLDPAS_DEATH_COUNT,CHLDPAS_SUSP_SERIOUS_INJ_COUNT,COLLISION_TYPE,COMM_VEH_COUNT,CONS_ZONE_SPD_LIM,COUNTY,CRASH_MONTH,CRASH_YEAR,DAY_OF_WEEK,DEC_LAT,DEC_LONG,DISPATCH_TM,DISTRICT,DRIVER_COUNT_16YR,DRIVER_COUNT_17YR,DRIVER_COUNT_18YR,DRIVER_COUNT_19YR,DRIVER_COUNT_20YR,DRIVER_COUNT_50_64YR,DRIVER_COUNT_65_74YR,DRIVER_COUNT_75PLUS,EST_HRS_CLOSED,FATAL_COUNT,HEAVY_TRUCK_COUNT,HORSE_BUGGY_COUNT,HOUR_OF_DAY,ILLUMINATION,INJURY_COUNT,INTERSECT_TYPE,INTERSECTION_RELATED,LANE_CLOSED,LATITUDE,LN_CLOSE_DIR,LOCATION_TYPE,LONGITUDE,MAX_SEVERITY_LEVEL,MCYCLE_DEATH_COUNT,MCYCLE_SUSP_SERIOUS_INJ_COUNT,MOTORCYCLE_COUNT,MUNICIPALITY,NONMOTR_COUNT,NONMOTR_DEATH_COUNT,NONMOTR_SUSP_SERIOUS_INJ_COUNT,NTFY_HIWY_MAINT,PED_COUNT,PED_DEATH_COUNT,PED_SUSP_SERIOUS_INJ_COUNT,PERSON_COUNT,POLICE_AGCY,POSSIBLE_INJ_COUNT,RDWY_SURF_TYPE_CD,RELATION_TO_ROAD,ROAD_CONDITION,ROADWAY_CLEARED,SCH_BUS_IND,SCH_ZONE_IND,SECONDARY_CRASH,SMALL_TRUCK_COUNT,SPEC_JURIS_CD,SUSP_MINOR_INJ_COUNT,SUSP_SERIOUS_INJ_COUNT,SUV_COUNT,TCD_FUNC_CD,TCD_TYPE,TFC_DETOUR_IND,TIME_OF_DAY,TOT_INJ_COUNT,TOTAL_UNITS,UNB_DEATH_COUNT,UNB_SUSP_SERIOUS_INJ_COUNT,UNBELTED_OCC_COUNT,UNK_INJ_DEG_COUNT,UNK_INJ_PER_COUNT,URBAN_AREA,URBAN_RURAL,VAN_COUNT,VEHICLE_COUNT,WEATHER1,WEATHER2,WORK_ZONE_IND,WORK_ZONE_LOC,WORK_ZONE_TYPE,WORKERS_PRES,WZ_CLOSE_DETOUR,WZ_FLAGGER,WZ_LAW_OFFCR_IND,WZ_LN_CLOSURE,WZ_MOVING,WZ_OTHER,WZ_SHLDER_MDN,WZ_WORKERS_INJ_KILLED
2007051122,235.0,2,0,0,0,0,0,0,0,0,1,0,,67,3,2007,7,39.9868,-75.1096,9999.0,6,0,0,0,0,0,0,0,0,1.0,0,0,0,99,3,0,0,,2,39 59:12.000,1.0,0,75 06:34.397,0,0,0,0,67301,0,0,0,N,0,0,0,1,67301,0,,1,1,,N,N,,0,,0,0,0,0,0,Y,9999,0,3,0,0,1,0,0,3,4,1,3,3,,N,,,,,,,,,,,
2007051093,2338.0,1,0,0,0,0,0,0,0,0,7,0,,67,2,2007,3,40.0746,-75.0561,2335.0,6,0,0,0,0,0,0,0,0,,0,0,0,23,3,0,0,,0,40 04:28.529,,0,75 03:21.852,0,0,0,0,67301,0,0,0,N,0,0,0,1,67301,0,,5,1,,N,N,,0,,0,0,0,0,0,,2335,0,1,0,0,0,0,0,3,4,0,1,3,,N,,,,,,,,,,,
2007028423,811.0,1,0,0,0,0,0,0,0,0,1,0,,67,1,2007,4,40.0631,-75.162,811.0,6,0,0,0,0,0,0,0,0,,0,0,0,8,1,1,1,,0,40 03:47.000,,0,75 09:43.147,3,0,0,0,67301,0,0,0,N,0,0,0,2,67301,0,,1,1,,N,N,,0,,1,0,1,0,0,,805,1,2,0,0,0,0,0,3,4,0,2,3,,N,,,,,,,,,,,
2007028454,2105.0,1,0,0,0,0,0,0,0,0,7,0,,67,1,2007,6,39.9821,-75.1006,2059.0,6,0,0,0,0,0,0,0,0,1.0,0,0,0,20,3,1,0,,1,39 58:55.000,1.0,0,75 06:02.250,4,0,0,0,67301,0,0,0,N,0,0,0,4,67301,1,,2,9,,N,N,,0,,0,0,0,0,0,N,2057,1,1,0,0,1,0,0,3,4,0,1,7,,N,,,,,,,,,,,
2007077622,1053.0,2,0,0,0,0,0,0,0,0,1,0,,67,6,2007,3,39.9665,-75.1874,1048.0,6,0,0,0,0,1,1,0,0,,0,0,0,10,1,0,0,,0,39 57:59.040,,0,75 11:14.280,0,0,0,0,67301,0,0,0,N,0,0,0,3,68K01,0,,1,1,,N,N,,0,,0,0,1,0,0,,1045,0,3,0,0,0,0,0,3,4,0,3,3,,N,,,,,,,,,,,
2007027996,1930.0,1,0,0,0,0,0,0,0,0,4,0,,67,1,2007,2,40.0871,-75.0408,1920.0,6,0,0,1,0,0,0,0,0,,0,0,0,19,3,1,3,,0,40 05:14.000,,0,75 02:28.340,4,0,0,0,67301,0,0,0,,0,0,0,3,67301,1,,1,9,,,,,1,,0,0,0,3,2,,1915,1,2,0,0,0,0,0,3,4,0,2,7,,N,,,,,,,,,,,
2007022144,1415.0,2,0,0,0,0,0,0,0,0,4,0,,67,1,2007,4,39.9777,-75.1834,1410.0,6,0,0,0,0,0,1,0,0,,0,0,0,14,1,0,1,,0,39 58:39.590,,0,75 11:00.268,0,0,0,0,67301,0,0,0,N,0,0,0,2,67301,0,,1,1,,N,N,,0,,0,0,0,3,3,,1400,0,2,0,0,0,0,0,3,4,0,2,3,,N,,,,,,,,,,,
2007056518,1246.0,1,0,0,0,0,0,0,0,0,4,0,,67,4,2007,2,39.9587,-75.2333,1246.0,6,0,0,0,0,0,0,0,1,,0,0,0,12,1,2,1,,0,39 57:31.338,,0,75 14:00.034,8,0,0,0,67301,0,0,0,N,0,0,0,3,67301,0,,1,1,,N,N,,1,,0,0,0,3,3,,1246,2,2,0,0,0,2,0,3,4,0,2,3,,N,,,,,,,,,,,
2007048956,620.0,0,0,0,0,0,0,0,0,0,7,0,,67,2,2007,5,39.8925,-75.2355,612.0,6,0,0,0,0,0,1,0,0,2.0,0,0,0,6,5,1,0,,1,39 53:33.059,2.0,0,75 14:07.686,4,0,0,0,67301,0,0,0,N,0,0,0,1,67301,1,,2,1,,N,N,,1,,0,0,0,0,0,N,605,1,1,0,0,0,0,0,3,4,0,1,3,,N,,,,,,,,,,,
2007049063,1148.0,0,0,0,0,0,0,0,0,0,8,0,,67,3,2007,4,40.0075,-75.1501,1136.0,6,0,0,0,0,0,0,0,0,,0,0,0,11,1,1,1,,0,40 00:26.838,,0,75 09:00.525,4,0,0,0,67301,1,0,0,N,1,0,0,2,67301,1,,1,1,,N,N,,0,,0,0,0,3,3,,1103,1,2,0,0,0,0,0,3,4,0,1,3,,N,,,,,,,,,,,
2007046668,1310.0,2,0,0,0,0,0,0,0,0,4,0,,67,4,2007,2,40.0086,-75.2108,1305.0,6,0,0,0,0,0,0,0,0,1.0,0,0,0,13,1,0,1,,1,40 00:30.000,4.0,0,75 12:39.992,0,0,0,0,67301,0,0,0,N,0,0,0,4,46104,0,,1,1,,N,N,,0,,0,0,1,3,7,N,1300,0,3,0,0,0,0,0,3,4,0,3,3,,N,,,,,,,,,,,
2007046820,800.0,1,0,0,0,0,0,0,0,0,4,0,,67,2,2007,1,40.1135,-74.9873,754.0,6,0,0,0,0,0,0,0,0,,0,0,0,7,1,0,0,,0,40 06:48.777,,0,74 59:14.107,0,0,0,0,67301,0,0,0,N,0,0,0,4,67301,0,,1,1,,N,N,,0,,0,0,1,0,0,,752,0,2,0,0,0,0,0,3,4,0,2,3,,N,,,,,,,,,,,
2007117232,1245.0,1,0,0,0,0,0,0,0,0,1,0,,67,10,2007,2,40.0039,-75.2207,1243.0,6,0,0,0,0,0,0,0,0,,0,0,0,11,1,2,1,,0,40 00:14.000,,0,75 13:14.544,8,0,0,0,67301,0,0,0,N,0,0,0,4,67301,0,,1,1,,N,N,,1,,0,0,0,3,2,,1140,2,2,0,0,2,2,0,3,4,0,2,3,,N,,,,,,,,,,,
2007117270,1105.0,1,0,0,0,0,0,0,0,0,1,0,,67,10,2007,5,39.9957,-75.1569,1100.0,6,0,0,0,0,0,0,0,0,,0,0,0,11,1,1,0,,0,39 59:44.432,,0,75 09:24.991,8,0,0,0,67301,0,0,0,,0,0,0,3,67301,0,,1,1,,,,,0,,0,0,1,0,0,,1100,1,2,0,0,0,1,0,3,4,0,2,3,,N,,,,,,,,,,,
2007080825,2050.0,2,0,0,0,0,0,0,0,0,5,0,,67,4,2007,6,39.9755,-75.1858,2048.0,6,0,0,0,0,0,0,0,0,3.0,1,0,0,20,3,0,0,,2,39 58:31.800,4.0,0,75 11:08.800,1,1,0,1,67301,0,0,0,N,0,0,0,1,67301,0,2.0,4,1,,N,N,,0,0.0,0,0,0,0,0,Y,2040,0,3,0,0,0,0,0,3,4,0,3,3,,N,,,,,,,,,,,
2007080845,2328.0,0,0,0,0,0,0,0,0,0,8,0,,67,6,2007,3,39.9495,-75.2093,2323.0,6,0,0,0,0,0,0,0,1,,0,0,0,23,3,1,1,,0,39 56:58.000,,0,75 12:33.312,8,0,0,0,67301,1,0,0,,1,0,0,2,67301,0,,1,9,,N,N,,0,,0,0,0,3,2,,2323,1,2,0,0,0,1,0,3,4,1,1,7,,N,,,,,,,,,,,
2007080906,2120.0,0,0,0,0,0,0,0,0,0,1,0,,67,6,2007,3,40.044,-75.0754,2116.0,6,0,0,0,0,0,0,0,0,3.0,0,0,0,99,3,1,1,,2,40 02:38.533,1.0,0,75 04:31.403,8,0,0,0,67301,0,0,0,N,0,0,0,2,67301,0,,1,1,,N,N,,1,,0,0,1,3,3,Y,9999,1,3,0,0,0,1,1,3,4,1,3,3,,N,,,,,,,,,,,
2007080927,1840.0,1,0,0,0,0,0,0,0,0,8,0,,67,5,2007,5,39.9324,-75.1831,1834.0,6,0,0,0,0,0,0,0,0,,0,0,0,18,1,1,1,,0,39 55:56.560,,0,75 10:59.073,4,0,0,0,67301,1,0,0,,1,0,0,2,67301,1,,1,1,,N,N,,0,,0,0,0,0,0,,1830,1,2,0,0,0,0,0,3,4,0,1,3,,N,,,,,,,,,,,
2007093673,905.0,2,0,0,0,0,0,0,0,0,1,0,,67,7,2007,3,39.9491,-75.1848,828.0,6,0,0,0,0,0,0,0,0,,0,0,0,8,1,0,0,,0,39 57:01.000,,0,75 10:59.873,9,0,0,0,67301,0,0,0,N,0,0,0,4,68K01,0,,1,1,,N,N,,0,,0,0,0,0,0,,824,0,3,0,0,0,0,1,3,4,1,3,3,,N,,,,,,,,,,,
2007093759,1710.0,1,0,0,1,0,0,0,0,0,5,0,,67,7,2007,4,39.9756,-75.2401,1706.0,6,0,0,0,0,0,0,0,0,,0,0,0,17,1,1,0,,0,39 58:32.088,,0,75 14:24.331,4,0,0,0,67301,1,0,0,,0,0,0,2,67301,1,,1,9,,,,,0,,0,0,0,2,2,,1700,1,2,0,0,0,0,0,3,4,0,1,7,,N,,,,,,,,,,,
2007081158,828.0,3,0,0,0,0,0,0,0,0,2,0,,67,6,2007,6,39.9412,-75.2325,819.0,6,0,0,0,0,0,0,0,0,,0,0,0,8,1,0,1,,0,39 56:28.212,,0,75 13:56.931,0,0,0,0,67301,0,0,0,N,0,0,0,2,67301,0,,1,1,,N,N,,0,,0,0,0,3,3,,815,0,3,0,0,0,0,0,3,4,0,3,3,,N,,,,,,,,,,,
2007120107,1855.0,0,0,0,0,0,0,0,0,0,4,0,,67,10,2007,6,40.0068,-75.1316,1851.0,6,0,0,0,0,0,0,1,0,,0,0,0,18,3,1,1,,0,40 00:24.000,,0,75 07:53.654,4,0,0,0,67301,1,0,0,,1,0,0,2,67301,1,,1,1,,N,Y,,0,,0,0,0,3,2,,1849,1,2,0,0,0,0,0,3,4,1,1,3,,N,,,,,,,,,,,
2007120116,1838.0,1,0,0,0,0,0,0,0,0,8,0,,67,10,2007,2,39.9517,-75.1828,1836.0,6,0,0,0,0,0,0,0,0,,0,0,0,18,3,1,1,,0,39 57:05.000,,0,75 10:57.149,4,0,0,0,67301,1,0,0,N,1,0,0,2,67301,1,,1,1,,N,N,,0,,0,0,0,3,2,,1830,1,2,0,0,0,0,0,3,4,0,1,3,,N,,,,,,,,,,,
2007120208,1003.0,1,0,0,1,0,0,0,0,0,4,0,,67,10,2007,3,40.0278,-75.2051,958.0,6,0,0,0,0,0,0,0,0,,0,0,0,9,1,1,2,,0,40 01:40.000,,0,75 12:18.199,8,0,0,0,67301,1,0,0,N,0,0,0,2,67301,0,,1,1,,N,N,,0,,0,0,0,3,3,,955,1,2,0,0,0,1,0,3,4,0,1,3,,N,,,,,,,,,,,
2007066363,2041.0,2,0,0,0,0,0,0,0,0,4,0,,67,5,2007,7,39.946,-75.2286,2036.0,6,0,0,0,1,0,0,0,0,,0,0,0,20,3,2,2,,0,39 56:45.000,,0,75 13:43.160,8,0,0,0,67301,0,0,0,,0,0,0,3,67301,0,,1,9,,,,,0,,0,0,0,0,0,,2030,2,2,0,0,0,2,1,3,4,0,2,7,,N,,,,,,,,,,,
2007066674,9999.0,0,0,0,0,0,0,0,0,0,7,0,,67,3,2007,4,39.9764,-75.1135,1050.0,6,0,0,0,0,0,0,0,0,3.0,0,0,0,10,1,4,0,,1,39 58:36.000,1.0,0,75 06:48.045,3,0,0,0,67301,0,0,0,N,0,0,0,4,67301,2,,2,9,,N,N,,0,,2,0,0,3,2,Y,1020,4,1,0,0,0,0,0,3,4,1,1,10,,N,,,,,,,,,,,
2007066675,1929.0,0,0,0,0,0,0,0,0,0,6,1,,67,5,2007,5,39.9919,-75.1751,1928.0,6,0,0,0,0,0,0,0,0,,0,1,0,19,1,0,0,,0,39 59:30.760,,0,75 10:30.273,0,0,0,0,67301,0,0,0,,0,0,0,3,67301,0,,1,1,,,,,0,,0,0,1,0,0,,1928,0,2,0,0,0,0,0,3,4,0,2,3,,N,,,,,,,,,,,
2007066823,1915.0,2,0,0,0,0,0,0,0,0,1,0,,67,3,2007,6,39.9838,-75.1732,1905.0,6,0,0,0,0,0,0,0,0,,0,0,0,19,1,1,0,,0,39 59:01.641,,0,75 10:23.522,4,0,0,0,67301,0,0,0,,0,0,0,1,67301,1,,5,1,,N,N,,0,,0,0,0,3,3,,1900,1,2,0,0,0,0,0,3,4,0,2,3,,N,,,,,,,,,,,
2007066834,1849.0,0,0,0,0,0,0,0,0,0,4,0,,67,5,2007,1,,,1847.0,6,0,0,0,0,0,1,0,0,1.0,0,0,0,18,1,2,1,,1,,1.0,0,,4,0,0,0,67301,0,0,0,,0,0,0,4,67301,2,,1,1,,,,,0,,0,0,1,3,2,N,1845,2,2,0,0,0,0,0,3,3,1,2,3,,N,,,,,,,,,,,
2007066856,1627.0,2,0,0,0,0,0,0,0,0,1,0,,67,5,2007,3,39.935,-75.2352,1625.0,6,0,0,0,0,0,0,0,1,,0,0,0,16,1,0,10,,0,39 56:06.029,,0,75 14:06.873,0,0,0,0,67301,0,0,0,N,0,0,0,2,67301,0,,1,1,,N,N,,0,,0,0,0,0,0,,1620,0,2,0,0,0,0,0,3,4,0,2,3,,N,,,,,,,,,,,
2007056679,1921.0,1,0,1,0,0,0,0,0,0,4,0,,67,4,2007,7,39.9631,-75.1395,1918.0,6,0,0,0,0,0,0,0,0,2.0,0,0,0,19,1,6,0,,1,39 57:53.000,2.0,2,75 08:16.864,2,0,0,0,67301,0,0,0,N,0,0,0,7,67301,4,,1,1,,N,N,,0,,0,1,1,0,0,N,1918,6,2,0,0,0,1,0,3,4,0,2,3,,N,,,,,,,,,,,
2007056701,2015.0,1,0,0,0,0,0,0,0,0,4,0,,67,3,2007,5,40.0128,-75.1546,2011.0,6,0,0,0,0,0,1,0,0,,0,0,0,20,3,1,1,,0,40 00:46.191,,0,75 09:16.516,8,0,0,0,67301,0,0,0,N,0,0,0,2,67301,0,,1,1,,N,N,,0,,0,0,0,3,3,,2000,1,2,0,0,2,1,0,3,4,1,2,3,,N,,,,,,,,,,,
2007056849,705.0,2,0,0,0,0,0,0,0,0,5,0,,67,3,2007,5,40.0447,-75.1636,702.0,6,0,0,0,0,0,0,1,0,1.0,0,0,0,7,1,3,0,,2,40 02:40.000,5.0,0,75 09:48.920,3,0,0,0,67301,0,0,0,N,0,0,0,5,67301,1,,1,1,,N,N,,1,,2,0,0,0,0,Y,701,3,3,0,0,0,0,0,3,4,0,3,3,,N,,,,,,,,,,,
2007056996,1130.0,0,0,0,0,0,0,0,0,0,1,0,,67,4,2007,4,39.9603,-75.1375,1125.0,6,0,0,0,0,0,0,0,0,,0,0,0,11,1,0,0,,0,39 57:36.925,,0,75 08:14.877,9,0,0,0,67301,0,0,0,N,0,0,0,2,67301,0,,1,9,,N,N,,0,,0,0,2,0,0,,1123,0,2,0,0,1,0,1,3,4,0,2,7,,N,,,,,,,,,,,
2007046884,1300.0,1,0,0,0,0,0,0,0,0,0,0,,67,2,2007,3,39.9417,-75.2254,1255.0,6,0,0,1,0,0,0,0,0,,0,0,0,12,1,1,0,,0,39 56:30.270,,0,75 13:31.408,4,0,0,0,67301,0,0,0,N,0,0,0,1,67301,1,,1,98,,N,N,,1,,0,0,0,0,0,,1250,1,2,0,0,0,0,0,3,4,0,2,98,,N,,,,,,,,,,,
2007046914,2112.0,1,0,0,0,0,0,0,0,0,2,0,,67,2,2007,3,39.9661,-75.2056,2111.0,6,0,0,0,0,0,0,0,0,,0,0,0,21,3,3,1,,0,39 57:57.787,,0,75 12:20.087,4,0,0,0,67301,0,0,0,N,0,0,0,3,67301,3,,1,1,,N,N,,0,,0,0,1,3,3,,2111,3,2,0,0,0,0,0,3,4,0,2,3,,N,,,,,,,,,,,
2007047015,408.0,2,0,0,0,0,0,0,0,0,1,0,,67,2,2007,1,39.9645,-75.185,408.0,6,0,0,0,0,0,0,0,0,2.0,0,0,0,4,3,2,0,,1,39 57:50.562,4.0,0,75 11:04.611,4,0,0,0,67301,0,0,0,N,0,0,0,4,67301,1,,1,1,,N,N,,0,,0,0,0,0,0,N,408,2,2,0,0,0,1,0,3,4,0,2,3,,N,,,,,,,,,,,
2007047020,2255.0,1,0,0,0,0,0,0,0,0,7,0,,67,2,2007,4,39.9765,-75.1133,2251.0,6,0,0,0,0,0,0,0,0,2.0,0,0,0,22,3,1,0,,1,39 58:36.151,1.0,0,75 06:48.141,3,0,0,0,67301,0,0,0,N,0,0,0,3,67301,0,,3,1,,N,N,,0,,1,0,0,0,0,N,2251,1,1,0,0,0,0,0,3,4,0,1,3,,N,,,,,,,,,,,
2007099486,935.0,1,0,0,0,0,0,0,0,0,4,0,,67,9,2007,7,39.9876,-75.1537,930.0,6,0,0,0,0,0,1,0,1,,0,0,0,9,1,2,1,,0,39 59:15.000,,0,75 09:13.173,4,0,0,0,67301,0,0,0,N,0,0,0,2,67301,2,,1,1,,N,N,,0,,0,0,0,3,3,,920,2,2,0,0,0,0,0,3,4,1,2,3,,N,,,,,,,,,,,
2007091870,1516.0,2,0,0,0,0,0,0,0,0,2,0,,67,7,2007,7,39.9436,-75.1568,1511.0,6,0,0,0,0,0,1,0,0,,0,0,0,15,1,0,1,,0,39 56:37.021,,0,75 09:24.595,0,0,0,0,67301,0,0,0,,0,0,0,2,67301,0,,1,1,,,,,0,,0,0,0,3,2,,1503,0,2,0,0,0,0,0,3,4,0,2,3,,N,,,,,,,,,,,
2007091915,1359.0,0,0,0,0,0,0,0,0,0,5,0,,67,7,2007,2,40.0314,-75.1144,1355.0,6,0,0,0,0,0,0,0,0,,0,0,0,13,1,1,0,,0,40 01:52.953,,0,75 06:51.858,8,0,0,0,67301,0,0,0,N,0,0,0,2,67301,0,,2,1,,N,N,,0,,0,0,0,0,0,,1346,1,3,0,0,0,1,1,3,4,2,3,3,,N,,,,,,,,,,,
2007092278,2216.0,2,0,0,0,0,0,0,0,0,2,0,,67,7,2007,6,39.9794,-75.2253,2215.0,6,0,0,0,0,0,0,1,0,3.0,0,0,0,22,3,2,2,,2,39 58:45.000,5.0,0,75 13:31.191,4,0,0,0,67301,0,0,0,,0,0,0,2,67301,2,,1,1,,,,,0,,0,0,0,3,2,Y,2210,2,2,0,0,1,0,0,3,4,0,2,3,,N,,,,,,,,,,,
2007082408,1200.0,0,0,0,0,0,0,0,0,0,4,0,,67,6,2007,4,39.991,-75.1799,1200.0,6,0,0,0,0,0,1,0,0,,0,0,0,11,1,1,1,,0,39 59:27.000,,0,75 10:47.635,8,0,0,1,67301,0,0,0,,0,0,0,2,67301,0,,1,1,,,,,1,,0,0,0,3,2,,1145,1,2,0,0,1,1,0,3,4,0,2,3,,N,,,,,,,,,,,
2007084615,925.0,2,0,0,0,0,0,0,0,0,5,0,,67,5,2007,4,39.956,-75.1606,915.0,6,0,0,0,1,0,1,0,0,,0,0,0,9,1,0,1,,0,39 57:21.499,,0,75 09:38.239,0,0,0,0,67301,0,0,0,N,0,0,0,2,67301,0,,1,1,,N,N,,0,,0,0,0,3,2,,915,0,2,0,0,0,0,0,3,4,0,2,3,,N,,,,,,,,,,,
2007082484,1559.0,1,0,0,0,0,0,0,0,0,4,0,,67,6,2007,4,40.0071,-75.1516,1556.0,6,0,0,0,0,0,0,0,0,9.0,0,0,0,15,1,1,0,,2,40 00:25.000,1.0,0,75 09:05.748,3,0,0,1,67301,0,0,0,N,0,0,0,2,67301,0,,1,1,,N,N,,0,,1,0,0,0,0,N,1554,1,2,0,0,0,0,0,3,4,0,2,3,,N,,,,,,,,,,,
2007046291,1506.0,1,0,0,0,0,0,0,0,0,7,0,,67,2,2007,6,40.0475,-75.2539,1503.0,6,0,0,0,0,0,0,0,0,,0,0,0,14,1,1,3,,0,40 02:50.845,,0,75 15:13.931,3,0,0,0,67301,0,0,0,N,0,0,0,1,67301,0,,4,2,,N,N,,0,,1,0,0,0,0,,1455,1,1,0,0,0,0,0,3,4,0,1,3,,N,,,,,,,,,,,
2007028473,114.0,2,0,0,0,0,0,0,0,0,2,0,,67,1,2007,3,39.9587,-75.1454,112.0,6,0,0,0,0,0,0,0,0,,0,0,0,1,3,2,1,,0,39 57:31.482,,0,75 08:43.587,4,0,0,0,67301,0,0,0,N,0,0,0,2,67301,2,,1,1,,N,N,,0,,0,0,0,3,3,,110,2,2,0,0,0,0,0,3,4,0,2,3,,N,,,,,,,,,,,
2007027984,2345.0,2,0,0,0,0,0,0,0,0,4,0,,67,1,2007,4,39.9429,-75.1488,2341.0,6,0,0,0,0,0,1,0,0,1.0,0,0,0,23,3,0,0,,2,39 56:34.260,2.0,0,75 08:55.766,0,0,0,0,67301,0,0,0,N,0,0,0,2,67301,0,,1,1,,N,N,,0,,0,0,0,0,0,Y,2335,0,2,0,0,0,0,0,3,4,0,2,3,,N,,,,,,,,,,,
2007019658,1412.0,2,0,0,0,0,0,0,0,0,4,0,,67,2,2007,5,39.9802,-75.2693,9999.0,6,0,0,0,0,0,0,0,1,,0,0,0,14,1,0,1,,0,39 58:48.000,,0,75 16:09.257,0,0,0,0,67301,0,0,0,N,0,0,0,2,46104,0,,1,1,,N,N,,0,,0,0,0,3,2,,1408,0,2,0,0,0,0,0,3,4,0,2,3,,N,,,,,,,,,,,
2007022225,840.0,0,0,0,0,0,0,0,0,0,7,0,,67,1,2007,2,40.0132,-75.0581,836.0,6,0,0,0,0,0,0,0,0,2.0,0,0,0,8,1,2,0,,2,40 00:47.000,2.0,0,75 03:28.404,4,0,0,0,67301,0,0,0,Y,0,0,0,3,67301,2,,2,9,,N,N,,0,,0,0,1,0,0,N,836,2,1,0,0,0,0,0,3,4,0,1,7,,N,,,,,,,,,,,
2007048853,918.0,1,0,0,0,0,0,0,0,0,8,0,,67,2,2007,5,39.9473,-75.1793,915.0,6,0,0,0,0,0,0,1,0,,0,0,0,9,1,1,2,,0,39 56:50.359,,0,75 10:45.526,4,0,0,0,67301,1,0,0,N,0,0,0,2,67301,1,,1,1,,N,N,,0,,0,0,0,2,2,,910,1,2,0,0,0,0,0,3,4,1,2,3,,N,,,,,,,,,,,
2007051282,1035.0,2,0,0,0,0,0,0,0,0,1,0,,67,1,2007,2,39.9297,-75.1819,1033.0,6,0,0,1,0,0,0,0,0,1.0,0,0,0,10,1,2,1,,1,39 55:47.038,4.0,0,75 10:54.947,3,0,0,0,67301,0,0,0,N,0,0,0,4,67301,0,,1,9,,N,N,,0,,2,0,0,1,2,Y,1025,2,2,0,0,1,0,0,3,4,0,2,10,,N,,,,,,,,,,,
2007051285,1645.0,1,0,0,0,0,0,1,0,0,4,1,,67,2,2007,3,39.9594,-75.2393,1623.0,6,0,0,0,0,0,0,0,0,,0,0,0,16,1,1,1,,0,39 57:34.009,,0,75 14:21.443,8,0,0,0,67301,0,0,0,N,0,0,0,2,67301,0,,1,7,,N,N,,0,,0,0,0,9,3,,1623,1,2,0,0,0,1,1,3,4,0,2,10,,N,,,,,,,,,,,
2007048868,2244.0,2,0,0,0,0,0,0,0,0,2,0,,67,3,2007,1,39.9169,-75.216,2240.0,6,1,0,0,0,0,0,0,0,1.0,0,0,0,99,3,2,2,,2,39 55:00.000,7.0,0,75 12:57.138,3,0,0,0,67301,0,0,0,N,0,0,0,4,67301,0,,1,1,,N,N,,0,,2,0,0,3,2,Y,9999,2,2,0,0,0,0,0,3,4,0,2,3,,N,,,,,,,,,,,
2007056558,2020.0,2,0,0,0,0,0,0,0,0,1,1,,67,3,2007,6,40.0028,-75.1378,2012.0,6,0,1,0,0,0,0,0,0,3.0,0,1,0,20,3,2,1,,1,40 00:09.954,6.0,0,75 08:16.245,3,0,0,0,67301,0,0,0,N,0,0,0,5,67301,0,,1,1,,N,N,,0,,1,0,0,0,0,Y,2012,2,3,0,0,5,1,0,3,4,0,3,3,,N,,,,,,,,,,,
2007049049,758.0,1,0,0,0,0,0,0,0,0,7,0,,67,2,2007,7,40.1109,-74.9932,751.0,6,0,0,0,0,0,0,0,0,,0,0,0,7,1,1,0,,0,40 06:39.000,,0,74 59:35.139,3,0,0,0,67301,0,0,0,N,0,0,0,1,67301,0,,5,1,,N,N,,0,,1,0,0,0,0,,750,1,1,0,0,1,0,0,3,4,0,1,3,,N,,,,,,,,,,,
2007080862,620.0,1,0,0,0,0,0,0,0,0,7,0,,67,6,2007,1,39.8886,-75.2409,615.0,6,0,0,0,0,0,0,0,0,,0,0,0,5,5,1,0,,0,39 52:45.000,,2,75 14:52.960,3,0,0,0,67301,0,0,0,,0,0,0,1,67301,0,,2,1,,N,N,,0,,1,0,0,0,0,,555,1,1,0,0,0,0,0,3,4,0,1,3,,N,,,,,,,,,,,
2007080980,1556.0,2,0,0,0,0,0,0,0,0,5,0,,67,4,2007,3,39.9469,-75.1641,1554.0,6,0,0,0,0,0,1,0,0,3.0,0,0,0,15,1,1,0,,1,39 56:48.829,4.0,0,75 09:50.679,4,0,0,0,67301,0,0,0,N,0,0,0,3,67301,1,,1,1,,N,N,,0,,0,0,0,0,0,N,1553,1,2,0,0,0,0,0,3,4,0,2,3,,N,,,,,,,,,,,
2007080981,1300.0,3,0,0,0,0,0,0,0,0,4,0,,67,5,2007,2,39.921,-75.1433,1254.0,6,0,0,0,0,0,1,0,0,,0,0,0,12,1,0,2,,0,39 55:15.000,,6,75 08:35.912,0,0,0,0,67301,0,0,0,N,0,0,0,3,67301,0,,1,1,,N,N,,0,,0,0,0,3,3,,1249,0,3,0,0,3,0,0,3,4,0,3,3,,N,,,,,,,,,,,
2007080999,1525.0,3,0,0,0,0,0,0,0,0,4,0,,67,6,2007,2,39.9923,-75.1097,1525.0,6,1,0,0,0,0,0,0,0,1.0,0,0,0,15,1,1,2,,1,39 59:32.000,6.0,0,75 06:35.068,4,0,0,0,67301,0,0,0,N,0,0,0,5,67301,1,,1,1,,N,N,,0,,0,0,0,3,3,N,1520,1,3,0,0,0,0,0,3,4,0,3,3,,N,,,,,,,,,,,