CRN,ARRIVAL_TM,AUTOMOBILE_COUNT,BELTED_DEATH_COUNT,BELTED_SUSP_SERIOUS_INJ_COUNT,BICYCLE_COUNT,BICYCLE_DEATH_COUNT,BICYCLE_SUSP_SERIOUS_INJ_COUNT,BUS_COUNT,CHLDPAS_DEATH_COUNT,CHLDPAS_SUSP_SERIOUS_INJ_COUNT,COLLISION_TYPE,COMM_VEH_COUNT,CONS_ZONE_SPD_LIM,COUNTY,CRASH_MONTH,CRASH_YEAR,DAY_OF_WEEK,DEC_LAT,DEC_LONG,DISPATCH_TM,DISTRICT,DRIVER_COUNT_16YR,DRIVER_COUNT_17YR,DRIVER_COUNT_18YR,DRIVER_COUNT_19YR,DRIVER_COUNT_20YR,DRIVER_COUNT_50_64YR,DRIVER_COUNT_65_74YR,DRIVER_COUNT_75PLUS,EST_HRS_CLOSED,FATAL_COUNT,HEAVY_TRUCK_COUNT,HORSE_BUGGY_COUNT,HOUR_OF_DAY,ILLUMINATION,INJURY_COUNT,INTERSECT_TYPE,INTERSECTION_RELATED,LANE_CLOSED,LATITUDE,LN_CLOSE_DIR,LOCATION_TYPE,LONGITUDE,MAX_SEVERITY_LEVEL,MCYCLE_DEATH_COUNT,MCYCLE_SUSP_SERIOUS_INJ_COUNT,MOTORCYCLE_COUNT,MUNICIPALITY,NONMOTR_COUNT,NONMOTR_DEATH_COUNT,NONMOTR_SUSP_SERIOUS_INJ_COUNT,NTFY_HIWY_MAINT,PED_COUNT,PED_DEATH_COUNT,PED_SUSP_SERIOUS_INJ_COUNT,PERSON_COUNT,POLICE_AGCY,POSSIBLE_INJ_COUNT,RDWY_SURF_TYPE_CD,RELATION_TO_ROAD,ROAD_CONDITION,ROADWAY_CLEARED,SCH_BUS_IND,SCH_ZONE_IND,SECONDARY_CRASH,SMALL_TRUCK_COUNT,SPEC_JURIS_CD,SUSP_MINOR_INJ_COUNT,SUSP_SERIOUS_INJ_COUNT,SUV_COUNT,TCD_FUNC_CD,TCD_TYPE,TFC_DETOUR_IND,TIME_OF_DAY,TOT_INJ_COUNT,TOTAL_UNITS,UNB_DEATH_COUNT,UNB_SUSP_SERIOUS_INJ_COUNT,UNBELTED_OCC_COUNT,UNK_INJ_DEG_COUNT,UNK_INJ_PER_COUNT,URBAN_AREA,URBAN_RURAL,VAN_COUNT,VEHICLE_COUNT,WEATHER1,WEATHER2,WORK_ZONE_IND,WORK_ZONE_LOC,WORK_ZONE_TYPE,WORKERS_PRES,WZ_CLOSE_DETOUR,WZ_FLAGGER,WZ_LAW_OFFCR_IND,WZ_LN_CLOSURE,WZ_MOVING,WZ_OTHER,WZ_SHLDER_MDN,WZ_WORKERS_INJ_KILLED
2007081028,1125.0,0,0,0,0,0,0,0,0,0,4,0,,67,6,2007,3,40.026,-75.122,1125.0,6,0,0,0,0,0,0,1,0,1.0,0,0,0,11,1,4,1,,1,40 01:33.600,2.0,0,75 07:19.200,8,0,0,0,67301,0,0,0,N,0,0,0,4,67301,0,,1,1,,N,N,,0,,0,0,1,3,2,N,1125,4,2,0,0,0,4,0,3,4,1,2,3,,N,,,,,,,,,,,
2007083332,7.0,1,0,0,0,0,0,0,0,0,7,0,,67,6,2007,4,40.0625,-75.043,5.0,6,0,0,0,0,0,0,0,0,,0,0,0,0,3,0,0,,0,40 03:44.000,,0,75 02:35.175,9,0,0,0,67301,0,0,0,Y,0,0,0,1,67301,0,,2,1,,N,N,,0,,0,0,0,1,2,,0,0,1,0,0,0,0,1,3,4,0,1,3,,N,,,,,,,,,,,
2007080928,1115.0,4,0,0,0,0,0,0,0,0,4,0,,67,6,2007,3,40.0362,-75.1287,1106.0,6,0,0,0,0,0,0,1,0,,0,0,0,11,1,0,1,,0,40 02:10.331,,0,75 07:43.436,0,0,0,0,67301,0,0,0,N,0,0,0,2,67301,0,,1,1,,N,N,,0,,0,0,0,3,2,,1100,0,4,0,0,0,0,0,3,4,0,4,3,,N,,,,,,,,,,,
2007080941,1911.0,0,0,0,0,0,0,0,0,0,7,0,,67,5,2007,6,39.9638,-75.135,1903.0,6,0,0,0,0,0,0,0,0,,0,0,0,10,1,1,0,,0,39 57:49.539,,0,75 08:06.146,8,0,0,1,67301,0,0,0,N,0,0,0,1,67301,0,,3,1,,N,N,,0,,0,0,0,0,0,,1055,1,1,0,0,0,1,0,3,4,0,1,3,,N,,,,,,,,,,,
2007120224,2137.0,1,0,0,1,0,0,0,0,0,2,0,,67,9,2007,7,40.0144,-75.153,2133.0,6,0,0,0,0,0,0,0,0,,0,0,0,21,3,2,1,,0,40 00:51.708,,0,75 09:10.931,4,0,0,0,67301,1,0,0,N,0,0,0,2,67301,1,,1,1,,N,N,,0,,0,0,0,9,3,,2130,2,2,0,0,0,1,0,3,4,0,1,3,,N,,,,,,,,,,,
2007120251,1813.0,2,0,0,0,0,0,0,0,0,1,0,,67,10,2007,5,39.9467,-75.1622,1810.0,6,0,0,0,0,0,2,0,0,,0,0,0,18,1,1,0,,0,39 56:47.979,,0,75 09:44.004,8,0,0,0,67301,0,0,0,N,0,0,0,2,67301,0,,1,1,,N,N,,0,,0,0,0,0,0,,1805,1,2,0,0,2,1,0,3,4,0,2,3,,N,,,,,,,,,,,
2007120150,1205.0,1,0,0,0,0,0,0,0,0,4,0,,67,10,2007,6,40.0198,-75.1105,1146.0,6,0,0,0,0,0,0,0,0,1.0,0,0,0,11,1,1,2,,1,40 01:11.456,3.0,0,75 06:37.889,4,0,0,0,67301,0,0,0,N,0,0,0,2,67301,1,,1,1,,N,N,,1,,0,0,0,3,2,N,1140,1,2,0,0,0,0,0,3,4,0,2,3,,N,,,,,,,,,,,
2007066361,1528.0,1,0,0,1,0,0,0,0,0,8,0,,67,5,2007,7,39.9919,-75.1245,1526.0,6,0,0,0,0,0,0,1,0,1.0,0,0,0,15,1,1,0,,2,39 59:30.678,2.0,0,75 07:28.074,4,0,0,0,67301,1,0,0,N,0,0,0,2,67301,1,,1,1,,N,N,,0,,0,0,0,0,0,Y,1525,1,2,0,0,0,0,0,3,4,0,1,3,,N,,,,,,,,,,,
2007066797,830.0,1,0,0,1,0,0,0,0,0,4,0,,67,4,2007,6,40.0201,-75.1378,827.0,6,0,0,0,0,0,0,0,0,,0,0,0,99,3,1,1,,0,40 01:12.273,,0,75 08:16.069,3,0,0,0,67301,1,0,0,N,0,0,0,2,67301,0,,1,9,,N,N,,0,,1,0,0,3,3,,9999,1,2,0,0,1,0,0,3,4,0,1,3,,N,,,,,,,,,,,
2007056710,935.0,2,0,0,0,0,0,0,0,0,4,0,99.0,67,4,2007,4,39.9576,-75.206,930.0,6,0,0,0,1,0,0,0,0,,0,0,0,9,1,3,1,,0,39 57:27.000,,0,75 12:21.704,4,0,0,0,67301,0,0,0,N,0,0,0,3,67301,3,,1,1,,N,N,,0,,0,0,0,1,2,,930,3,2,0,0,0,0,0,3,4,0,2,3,,Y,4.0,3.0,Y,,,N,,,Y,,
2007056874,506.0,1,0,0,0,0,0,0,0,0,1,0,,67,3,2007,1,39.9735,-75.1256,505.0,6,0,0,0,0,0,0,0,0,,0,0,0,5,3,0,0,,0,39 58:24.759,,0,75 07:32.073,0,0,0,0,67301,0,0,0,N,0,0,0,1,67301,0,,6,1,,N,N,,0,,0,0,1,3,3,,502,0,2,0,0,0,0,0,3,4,0,2,3,,N,,,,,,,,,,,
2007057033,1457.0,1,0,0,0,0,0,0,0,0,1,0,,67,4,2007,4,39.954,-75.23,1455.0,6,0,0,0,0,0,0,0,0,,0,0,0,14,1,1,1,,0,39 57:14.396,,0,75 13:48.057,8,0,0,0,67301,0,0,0,N,0,0,0,2,67301,0,,1,1,,N,N,,1,,0,0,0,9,2,,1450,1,2,0,0,0,1,0,3,4,0,2,3,,N,,,,,,,,,,,
2007056926,5.0,0,0,0,0,0,0,0,0,0,4,0,,67,3,2007,5,39.9536,-75.1987,4.0,6,0,0,0,0,0,1,0,0,,0,0,0,0,3,0,1,,0,39 57:13.102,,0,75 11:55.145,0,0,0,0,67301,0,0,0,N,0,0,0,2,67504,0,,1,1,,N,N,,0,,0,0,1,3,2,,4,0,2,0,0,0,0,0,3,4,1,2,3,,N,,,,,,,,,,,
2007046876,1825.0,2,0,0,0,0,0,0,0,0,5,0,,67,3,2007,7,39.9526,-75.1485,1820.0,6,0,1,0,0,0,0,0,0,1.0,0,0,0,18,3,0,1,,1,39 57:09.360,1.0,0,75 08:54.600,9,0,0,0,67301,0,0,0,N,0,0,0,6,67301,0,,1,1,,N,N,,0,,0,0,0,3,2,Y,1820,0,2,0,0,0,0,1,3,4,0,2,3,,N,,,,,,,,,,,
2007047000,300.0,3,0,0,0,0,0,0,0,0,5,0,,67,2,2007,7,39.9416,-75.1493,256.0,6,0,0,0,0,1,0,0,0,,0,0,0,2,6,0,0,,0,39 56:29.734,,0,75 08:57.440,0,0,0,0,67301,0,0,0,N,0,0,0,4,67301,0,,6,9,,N,N,,0,,0,0,3,3,2,,250,0,7,0,0,2,0,0,3,4,0,7,10,,N,,,,,,,,,,,
2007047052,751.0,1,0,0,0,0,0,0,0,0,7,0,,67,2,2007,4,39.9276,-75.1955,745.0,6,0,0,0,0,0,0,0,0,,0,0,0,99,1,1,0,,0,39 55:40.000,,0,75 11:45.347,3,0,0,0,67301,0,0,0,N,0,0,0,1,67301,0,,3,2,,N,N,,0,,1,0,0,0,0,,9999,1,1,0,0,0,0,0,3,4,0,1,9,,N,,,,,,,,,,,
2007047062,2140.0,2,0,0,0,0,0,0,0,0,2,0,,67,3,2007,3,40.1141,-74.9877,2134.0,6,0,0,0,0,0,0,1,0,2.0,0,0,0,99,2,3,8,,1,40 06:50.000,2.0,6,74 59:15.936,8,0,0,0,67301,0,0,0,N,0,0,0,4,67301,0,,1,9,,N,N,,0,,0,0,0,2,2,N,9999,3,2,0,0,0,3,1,3,4,0,2,3,,N,,,,,,,,,,,
2007047135,622.0,0,0,0,0,0,0,0,0,0,7,0,,67,2,2007,3,40.1162,-74.9851,615.0,6,0,0,0,0,0,0,0,0,2.0,0,0,0,6,5,0,0,,1,40 06:58.000,2.0,0,74 59:06.293,0,0,0,0,67301,0,0,0,N,0,0,0,2,67301,0,,3,1,,N,N,,1,,0,0,1,0,0,N,610,0,2,0,0,1,0,0,3,4,0,2,3,,N,,,,,,,,,,,
2007099474,227.0,2,0,0,0,0,0,0,0,0,4,0,,67,8,2007,3,39.9456,-75.242,225.0,6,0,0,0,0,0,0,0,0,4.0,0,0,0,2,3,0,0,,2,39 56:44.111,2.0,0,75 14:31.025,0,0,0,0,67301,0,0,0,N,0,0,0,1,67301,0,,6,1,,N,N,,1,,0,0,0,0,0,Y,224,0,3,0,0,1,0,0,3,4,0,3,3,,N,,,,,,,,,,,
2007099483,940.0,1,0,0,0,0,0,0,0,0,1,0,,67,7,2007,2,40.0127,-75.1418,924.0,6,0,0,0,0,0,1,0,0,,0,1,0,99,1,1,1,,0,40 00:45.716,,0,75 08:30.443,4,0,0,0,67301,0,0,0,N,0,0,0,3,67301,1,,1,1,,N,N,,0,,0,0,0,3,2,,9999,1,2,0,0,0,0,0,3,4,0,2,3,,N,,,,,,,,,,,
2007116674,111.0,1,0,0,0,0,0,0,0,0,7,0,,67,10,2007,6,40.0119,-75.2049,110.0,6,0,0,0,0,0,0,0,0,,0,0,0,1,3,0,3,,0,40 00:42.000,,0,75 12:17.698,0,0,0,0,67301,0,0,0,N,0,0,0,2,67301,0,,3,9,,N,N,,0,,0,0,0,0,0,,110,0,1,0,0,0,0,0,3,4,0,1,7,,N,,,,,,,,,,,
2007099434,730.0,1,0,0,0,0,0,0,0,0,7,0,,67,9,2007,1,40.1132,-75.0229,726.0,6,0,0,0,0,0,1,0,0,1.0,0,0,0,7,1,1,0,,1,40 06:47.000,2.0,0,75 01:22.573,8,0,0,0,67301,0,0,0,,0,0,0,1,67301,0,,4,1,,,,,0,,0,0,0,0,0,N,720,1,1,0,0,0,1,0,3,4,0,1,3,,N,,,,,,,,,,,
2007111598,1208.0,4,0,0,0,0,0,0,0,0,1,0,,67,8,2007,1,,,1205.0,6,0,0,0,0,0,0,0,0,,0,0,0,12,1,2,0,,0,,,0,,3,0,0,0,67301,0,0,0,N,0,0,0,7,67501,1,,1,1,,N,N,,0,,1,0,0,3,8,,1205,2,4,0,0,0,0,1,3,3,0,4,3,,N,,,,,,,,,,,
2007091905,900.0,2,0,0,0,0,0,0,0,0,4,0,,67,7,2007,7,39.9591,-75.1703,856.0,6,0,0,0,0,0,0,0,0,,0,0,0,8,1,2,1,,0,39 57:32.000,,0,75 10:12.906,3,0,0,0,67301,0,0,0,N,0,0,0,3,67301,1,,1,1,,N,N,,0,,1,0,0,3,2,,854,2,2,0,0,0,0,0,3,4,0,2,3,,N,,,,,,,,,,,
2007092183,502.0,1,0,0,0,0,0,0,0,0,5,0,,67,7,2007,2,39.8946,-75.2367,500.0,6,0,0,0,0,0,0,0,0,,0,0,0,4,5,1,3,,0,39 53:40.000,,3,75 14:12.181,4,0,0,0,67301,0,0,0,N,0,0,0,2,67301,1,,1,1,,N,N,,1,,0,0,0,0,0,,459,1,2,0,0,0,0,0,3,4,0,2,3,,N,,,,,,,,,,,
2007092192,830.0,1,0,0,0,0,0,0,0,0,7,0,,67,7,2007,4,40.0182,-75.0977,820.0,6,0,0,0,0,0,0,0,0,,0,0,0,8,1,1,0,,0,40 01:05.526,,0,75 05:51.759,4,0,0,0,67301,0,0,0,,0,0,0,1,67301,1,,2,9,,N,N,,0,,0,0,0,0,0,,810,1,1,0,0,0,0,0,3,4,0,1,7,,N,,,,,,,,,,,
2007109134,1615.0,1,0,0,1,0,0,0,0,0,4,0,,67,9,2007,3,40.0121,-75.1122,1612.0,6,0,0,0,0,0,0,0,0,,0,0,0,16,3,1,0,,0,40 00:43.552,,7,75 06:43.880,4,0,0,0,67301,1,0,0,N,0,0,0,2,67301,1,,1,1,,N,N,,0,,0,0,0,0,0,,1609,1,2,0,0,0,0,0,3,4,0,1,3,,N,,,,,,,,,,,
2007092032,2238.0,2,0,0,0,0,0,0,0,0,5,0,,67,8,2007,5,39.9149,-75.2347,2236.0,6,0,0,0,0,0,0,0,0,,0,0,0,22,3,0,1,,0,39 54:53.676,,0,75 14:04.783,0,0,0,0,67301,0,0,0,N,0,0,0,2,67301,0,,1,1,,N,N,,0,,0,0,1,3,2,,2235,0,3,0,0,0,0,0,3,4,0,3,3,,N,,,,,,,,,,,
2007092287,1540.0,2,0,0,0,0,0,0,0,0,4,0,,67,7,2007,2,39.9566,-75.1513,1537.0,6,0,0,0,0,0,0,0,0,2.0,0,0,0,15,1,2,1,,1,39 57:23.000,1.0,0,75 09:04.690,4,0,0,0,67301,0,0,0,N,0,0,0,5,67301,2,,1,1,,N,N,,0,,0,0,0,3,2,N,1515,2,2,0,0,0,0,0,3,4,0,2,3,,N,,,,,,,,,,,
2007091887,2015.0,1,0,0,0,0,0,0,0,0,4,0,,67,7,2007,1,40.0448,-75.0778,2012.0,6,0,0,0,0,0,0,0,0,1.0,0,0,0,20,4,1,2,,2,40 02:41.143,5.0,0,75 04:40.004,8,0,0,1,67301,0,0,0,N,0,0,0,2,67301,0,,1,1,,N,N,,0,,0,0,0,3,3,Y,2011,1,2,0,0,0,1,1,3,4,0,2,3,,N,,,,,,,,,,,
2007091890,230.0,1,0,0,0,0,0,0,0,0,7,0,,67,7,2007,2,40.0242,-75.157,227.0,6,0,0,0,0,0,0,0,0,,0,0,0,2,3,1,10,,0,40 01:26.947,,0,75 09:25.369,3,0,0,0,67301,0,0,0,N,0,0,0,1,67301,0,,2,1,,N,N,,0,,1,0,0,0,0,,200,1,1,0,0,0,0,0,3,4,0,1,3,,N,,,,,,,,,,,
2007082397,2208.0,1,0,0,0,0,0,0,0,0,2,0,,67,5,2007,2,40.0359,-75.0808,2204.0,6,0,0,0,0,0,0,0,0,,0,0,0,21,3,0,0,,0,40 02:09.000,,0,75 04:50.725,0,0,0,0,67301,0,0,0,,0,0,0,2,67301,0,,1,1,,N,N,,0,,0,0,0,0,0,,2125,0,2,0,0,1,0,0,3,4,1,2,3,,N,,,,,,,,,,,
2007082399,1452.0,3,0,0,0,0,0,0,0,0,1,0,,67,6,2007,5,40.0014,-75.0816,1448.0,6,0,0,0,0,0,1,0,0,,0,0,0,14,1,1,1,,0,40 00:05.000,,0,75 04:53.662,8,0,0,0,67301,0,0,0,,0,0,0,4,67301,0,,1,1,,N,N,,0,,0,0,0,9,2,,1420,1,3,0,0,0,1,0,3,4,0,3,3,,N,,,,,,,,,,,
2007084616,1726.0,4,0,0,0,0,0,0,0,0,5,0,,67,6,2007,1,39.9589,-75.2373,1724.0,6,0,0,0,0,1,0,0,0,,0,0,0,17,1,0,0,,0,39 57:32.200,,0,75 14:14.400,0,0,0,0,67301,0,0,0,N,0,0,0,1,67301,0,,6,1,,N,N,,0,,0,0,1,0,0,,1702,0,5,0,0,0,0,0,3,4,0,5,3,,N,,,,,,,,,,,
2007080008,2300.0,1,0,0,1,0,0,0,0,0,5,0,,67,6,2007,4,39.9509,-75.2166,2052.0,6,0,0,0,0,0,1,0,0,,0,0,0,20,1,1,0,,0,39 57:03.200,,0,75 12:59.900,4,0,0,0,67301,1,0,0,N,0,0,0,2,67301,1,,9,1,,N,N,,0,,0,0,0,3,3,,2052,1,2,0,0,0,0,0,3,4,0,1,3,,N,,,,,,,,,,,
2007082212,1345.0,2,0,0,0,0,0,0,0,0,1,0,,67,5,2007,5,39.9404,-75.2366,1345.0,6,0,0,1,0,0,0,0,0,,0,0,0,13,1,3,1,,0,39 56:25.000,,0,75 14:11.714,4,0,0,0,67301,0,0,0,N,0,0,0,3,67301,3,,1,1,,N,N,,0,,0,0,0,3,2,,1343,3,2,0,0,0,0,0,3,4,0,2,3,,N,,,,,,,,,,,
2007082258,1454.0,2,0,0,0,0,0,0,0,0,6,0,,67,6,2007,6,39.9644,-75.2164,1450.0,6,0,0,0,0,0,1,0,0,,0,0,0,14,1,1,0,,0,39 57:51.900,,0,75 12:59.100,8,0,0,0,67301,0,0,0,N,0,0,0,3,67301,0,,1,1,,N,,,1,,0,0,0,3,2,,1448,1,3,0,0,0,1,0,3,4,0,3,3,,N,,,,,,,,,,,
2007081843,1030.0,2,0,0,0,0,0,0,0,0,1,0,,67,6,2007,6,40.045,-75.1598,1021.0,6,0,0,0,0,0,0,0,0,,0,0,0,9,1,0,0,,0,40 02:41.988,,0,75 09:35.190,0,0,0,0,67301,0,0,0,N,0,0,0,1,67301,0,,6,1,,N,N,,0,,0,0,0,0,0,,935,0,2,0,0,0,0,0,3,4,0,2,3,,N,,,,,,,,,,,
2007058156,2150.0,1,0,0,0,0,0,0,0,0,8,0,,67,3,2007,4,39.9489,-75.18,2149.0,6,0,0,0,0,0,0,0,0,,0,0,0,99,3,1,1,,0,39 56:55.975,,0,75 10:48.118,3,0,0,0,67301,1,0,0,,1,0,0,2,67301,0,,1,1,,,,,0,,1,0,0,3,3,,9999,1,2,0,0,0,0,0,3,4,0,1,3,,N,,,,,,,,,,,
2007058175,1208.0,0,0,0,0,0,0,2,0,0,1,2,,67,4,2007,5,,,1205.0,6,0,0,0,0,0,0,1,0,,0,0,0,12,1,1,0,,0,,,7,,8,0,0,0,67301,0,0,0,N,0,0,0,2,67301,0,,1,1,,N,N,,0,,0,0,0,3,2,,1200,1,2,0,0,0,1,1,3,3,0,2,3,,N,,,,,,,,,,,
2007058325,30.0,1,0,0,0,0,0,0,0,0,7,0,,67,3,2007,3,39.8991,-75.1785,24.0,6,0,0,0,0,0,0,0,0,1.0,0,0,0,99,3,0,0,,2,39 53:57.182,2.0,0,75 10:30.736,0,0,0,0,67301,0,0,0,,0,0,0,1,67301,0,,2,1,,N,N,,0,,0,0,0,0,0,N,9999,0,1,0,0,0,0,0,3,4,0,1,3,,N,,,,,,,,,,,
2007028470,1315.0,1,0,0,0,0,0,1,0,0,5,1,,67,1,2007,6,39.9539,-75.1595,1310.0,6,0,0,0,0,0,1,0,0,,0,0,0,13,1,2,1,,0,39 57:14.000,,0,75 09:34.032,4,0,0,0,67301,0,0,0,,0,0,0,5,67301,2,,1,1,,,,,0,,0,0,0,3,2,,1308,2,2,0,0,0,0,2,3,4,0,2,3,,N,,,,,,,,,,,
2007027981,746.0,1,0,0,0,0,0,0,0,0,8,0,,67,1,2007,3,40.0378,-75.0379,750.0,6,0,0,0,0,0,0,0,0,,0,0,0,7,1,1,1,,0,40 02:16.000,,0,75 02:16.469,3,0,0,0,67301,1,0,0,N,1,0,0,2,67301,0,,1,1,,N,N,,0,,1,0,0,3,2,,746,1,2,0,0,0,0,0,3,4,0,1,3,,N,,,,,,,,,,,
2007056548,56.0,1,0,0,0,0,0,0,0,0,4,0,,67,3,2007,6,40.0435,-75.1132,56.0,6,0,0,0,0,0,0,0,0,,0,0,0,0,3,0,0,,0,40 02:36.582,,7,75 06:47.472,0,0,0,0,67301,0,0,0,N,0,0,0,2,67301,0,,1,9,,N,N,,0,,0,0,0,0,0,,40,0,2,0,0,0,0,0,3,4,1,2,7,,N,,,,,,,,,,,
2007048891,345.0,1,0,0,0,0,0,0,0,0,7,0,,67,3,2007,1,40.0324,-75.0209,340.0,6,0,0,0,0,0,0,0,0,1.0,0,0,0,3,3,0,0,,2,40 01:56.969,1.0,0,75 01:14.795,0,0,0,0,67301,0,0,0,N,0,0,0,1,67301,0,,3,2,,N,N,,0,,0,0,0,0,0,N,340,0,1,0,0,0,0,0,3,4,0,1,98,,N,,,,,,,,,,,
2007048910,1535.0,1,0,0,0,0,0,0,0,0,4,0,,67,2,2007,7,39.9589,-75.1689,1533.0,6,0,0,0,0,0,0,0,0,,0,0,0,15,1,0,0,,0,39 57:32.037,,0,75 10:07.981,0,0,0,0,67301,0,0,0,N,0,0,0,2,67301,0,,1,1,,N,N,,1,,0,0,0,0,0,,1530,0,2,0,0,0,0,0,3,4,0,2,3,,N,,,,,,,,,,,
2007049062,1220.0,2,0,0,0,0,0,0,0,0,4,0,,67,3,2007,3,40.0158,-75.1411,1220.0,6,0,0,0,0,0,1,0,0,,0,0,0,12,1,1,1,,0,40 00:56.895,,0,75 08:28.040,4,0,0,0,67301,0,0,0,,0,0,0,2,67301,1,,1,1,,N,N,,0,,0,0,0,3,3,,1210,1,2,0,0,0,0,0,3,4,0,2,3,,N,,,,,,,,,,,
2007049070,1637.0,0,0,0,0,0,0,0,0,0,1,0,,67,2,2007,2,40.0159,-75.1538,1630.0,6,0,0,0,0,0,0,0,0,,0,0,0,16,1,1,1,,0,40 00:57.000,,0,75 09:13.829,8,0,0,0,67301,0,0,0,N,0,0,0,3,67301,0,,1,1,,N,N,,1,,0,0,1,3,2,,1630,1,2,0,0,0,1,0,3,4,0,2,3,,N,,,,,,,,,,,
2007046455,200.0,1,0,0,0,0,0,0,0,0,8,0,,67,2,2007,1,39.9587,-75.1521,200.0,6,0,0,0,0,0,0,0,0,,0,0,0,99,3,1,0,,0,39 57:31.323,,0,75 09:07.545,4,0,0,0,67301,1,0,0,N,1,0,0,2,67301,1,,1,1,,N,N,,0,,0,0,0,0,0,,9999,1,2,0,0,0,0,1,3,4,0,1,3,,N,,,,,,,,,,,
2007117246,2325.0,2,0,0,0,0,0,0,0,0,4,0,,67,9,2007,5,40.0136,-75.0685,2325.0,6,0,0,0,0,0,0,0,0,2.0,0,0,0,23,3,1,1,,1,40 00:48.000,2.0,0,75 04:06.725,3,0,0,0,67301,0,0,0,,0,0,0,3,67301,0,,1,1,,,,,0,,1,0,0,3,2,N,2320,1,2,0,0,0,0,0,3,4,0,2,3,,N,,,,,,,,,,,
2007117297,1312.0,1,0,0,0,0,0,0,0,0,2,0,,67,10,2007,1,40.0434,-75.033,1308.0,6,0,0,0,1,0,0,0,0,,0,0,0,13,1,1,0,,0,40 02:36.325,,0,75 01:58.900,4,0,0,0,67301,0,0,0,N,0,0,0,2,67301,1,,1,1,,N,N,,0,,0,0,1,0,0,,1300,1,2,0,0,1,0,0,3,4,0,2,3,,N,,,,,,,,,,,
2007056633,1130.0,2,0,0,0,0,0,0,0,0,1,0,,67,3,2007,7,40.1204,-75.0365,1126.0,6,0,0,0,0,0,0,0,0,,0,0,0,11,1,1,5,,0,40 07:13.537,,0,75 02:11.507,8,0,0,0,67301,0,0,0,N,0,0,0,2,67301,0,,1,1,,N,N,,0,,0,0,0,3,3,,1125,1,2,0,0,0,1,1,3,4,0,2,3,,N,,,,,,,,,,,
2007061844,317.0,1,0,0,0,0,0,0,0,0,7,0,,67,5,2007,3,39.9571,-75.1803,317.0,6,0,0,0,0,0,0,0,0,2.0,0,0,0,3,3,3,0,,1,39 57:32.000,4.0,0,75 10:49.931,3,0,0,0,67301,0,0,0,N,0,0,0,3,68K01,2,,3,1,,N,N,,0,,1,0,0,0,0,N,317,3,1,0,0,0,0,0,3,4,0,1,3,,N,,,,,,,,,,,
2007056659,1800.0,0,0,0,0,0,0,0,0,0,0,0,,67,4,2007,5,39.9306,-75.144,1800.0,6,0,0,0,0,0,0,0,0,,0,0,0,17,1,1,0,,0,39 55:50.000,,0,75 08:38.380,4,0,0,1,67301,0,0,0,N,0,0,0,1,67301,1,,1,1,,N,N,,0,,0,0,0,0,0,,1757,1,1,0,0,0,0,0,3,4,0,1,3,,N,,,,,,,,,,,
2007056670,2018.0,2,0,0,0,0,0,0,0,0,4,0,,67,3,2007,5,39.9671,-75.1621,2017.0,6,0,0,0,0,1,0,0,0,,0,0,0,20,3,5,1,,0,39 58:01.549,,0,75 09:43.675,4,0,0,0,67301,0,0,0,N,0,0,0,5,67301,5,,1,9,,N,N,,0,,0,0,0,3,2,,2014,5,2,0,0,0,0,0,3,4,0,2,7,,N,,,,,,,,,,,
2007056771,150.0,3,0,0,0,0,0,0,0,0,1,0,,67,4,2007,4,40.0756,-75.042,148.0,6,0,0,0,0,0,0,0,0,,0,0,0,1,3,1,0,,0,40 04:32.217,,0,75 02:31.160,4,0,0,0,67301,0,0,0,N,0,0,0,1,67301,1,,4,1,,N,N,,1,,0,0,0,0,0,,146,1,4,0,0,1,0,0,3,4,0,4,3,,N,,,,,,,,,,,
2007056852,2123.0,0,0,0,0,0,0,0,0,0,8,0,,67,4,2007,5,40.0717,-75.1541,2120.0,6,0,0,0,0,0,0,0,0,,0,0,0,21,3,1,1,,0,40 04:18.000,,0,75 09:14.575,4,0,0,0,67301,1,0,0,N,1,0,0,2,67301,1,,1,1,,N,N,,0,,0,0,0,3,2,,2115,1,2,0,0,0,0,0,3,4,1,1,3,,N,,,,,,,,,,,
2007057003,1600.0,1,0,0,0,0,0,0,0,0,6,1,,67,4,2007,7,39.9974,-75.0734,1553.0,6,0,0,0,0,0,1,0,0,,0,1,0,15,1,1,1,,0,39 59:50.490,,0,75 04:24.183,4,0,0,0,67301,0,0,0,N,0,0,0,3,67301,1,,1,1,,N,N,,0,,0,0,1,2,2,,1550,1,3,0,0,0,0,0,3,4,0,3,3,,N,,,,,,,,,,,
2007056924,2023.0,1,0,0,0,0,0,0,0,0,8,0,,67,3,2007,2,39.9546,-75.2064,2019.0,6,0,0,0,0,0,0,0,0,,0,0,0,20,3,1,1,,0,39 57:16.000,,0,75 12:22.874,8,0,0,0,67301,1,0,0,N,1,0,0,2,67504,0,,1,9,,N,N,,0,,0,0,0,3,2,,2019,1,2,0,0,1,1,0,3,4,0,1,7,,N,,,,,,,,,,,
2007054646,1505.0,1,0,0,0,0,0,0,0,0,7,0,,67,2,2007,4,39.9091,-75.1519,9999.0,6,0,0,0,0,0,0,0,0,1.0,0,0,0,15,1,0,0,,1,39 54:32.615,3.0,3,75 09:06.872,0,0,0,0,67301,0,0,0,N,0,0,0,1,67501,0,,3,2,,N,N,,0,,0,0,0,3,8,N,1505,0,1,0,0,0,0,0,3,4,0,1,9,,N,,,,,,,,,,,