CRN,ARRIVAL_TM,AUTOMOBILE_COUNT,BELTED_DEATH_COUNT,BELTED_SUSP_SERIOUS_INJ_COUNT,BICYCLE_COUNT,BICYCLE_DEATH_COUNT,BICYCLE_SUSP_SERIOUS_INJ_COUNT,BUS_COUNT,CHLDPAS_DEATH_COUNT,CHLDPAS_SUSP_SERIOUS_INJ_COUNT,COLLISION_TYPE,COMM_VEH_COUNT,CONS_ZONE_SPD_LIM,COUNTY,CRASH_MONTH,CRASH_YEAR,DAY_OF_WEEK,DEC_LAT,DEC_LONG,DISPATCH_TM,DISTRICT,DRIVER_COUNT_16YR,DRIVER_COUNT_17YR,DRIVER_COUNT_18YR,DRIVER_COUNT_19YR,DRIVER_COUNT_20YR,DRIVER_COUNT_50_64YR,DRIVER_COUNT_65_74YR,DRIVER_COUNT_75PLUS,EST_HRS_CLOSED,FATAL_COUNT,HEAVY_TRUCK_COUNT,HORSE_BUGGY_COUNT,HOUR_OF_DAY,ILLUMINATION,INJURY_COUNT,INTERSECT_TYPE,INTERSECTION_RELATED,LANE_CLOSED,LATITUDE,LN_CLOSE_DIR,LOCATION_TYPE,LONGITUDE,MAX_SEVERITY_LEVEL,MCYCLE_DEATH_COUNT,MCYCLE_SUSP_SERIOUS_INJ_COUNT,MOTORCYCLE_COUNT,MUNICIPALITY,NONMOTR_COUNT,NONMOTR_DEATH_COUNT,NONMOTR_SUSP_SERIOUS_INJ_COUNT,NTFY_HIWY_MAINT,PED_COUNT,PED_DEATH_COUNT,PED_SUSP_SERIOUS_INJ_COUNT,PERSON_COUNT,POLICE_AGCY,POSSIBLE_INJ_COUNT,RDWY_SURF_TYPE_CD,RELATION_TO_ROAD,ROAD_CONDITION,ROADWAY_CLEARED,SCH_BUS_IND,SCH_ZONE_IND,SECONDARY_CRASH,SMALL_TRUCK_COUNT,SPEC_JURIS_CD,SUSP_MINOR_INJ_COUNT,SUSP_SERIOUS_INJ_COUNT,SUV_COUNT,TCD_FUNC_CD,TCD_TYPE,TFC_DETOUR_IND,TIME_OF_DAY,TOT_INJ_COUNT,TOTAL_UNITS,UNB_DEATH_COUNT,UNB_SUSP_SERIOUS_INJ_COUNT,UNBELTED_OCC_COUNT,UNK_INJ_DEG_COUNT,UNK_INJ_PER_COUNT,URBAN_AREA,URBAN_RURAL,VAN_COUNT,VEHICLE_COUNT,WEATHER1,WEATHER2,WORK_ZONE_IND,WORK_ZONE_LOC,WORK_ZONE_TYPE,WORKERS_PRES,WZ_CLOSE_DETOUR,WZ_FLAGGER,WZ_LAW_OFFCR_IND,WZ_LN_CLOSURE,WZ_MOVING,WZ_OTHER,WZ_SHLDER_MDN,WZ_WORKERS_INJ_KILLED
2007046889,1716.0,1,0,0,0,0,0,0,0,0,8,0,,67,3,2007,5,39.9291,-75.1714,1714.0,6,0,0,0,0,0,0,0,0,,0,0,0,17,4,1,0,,0,39 55:44.713,,0,75 10:17.151,3,0,0,0,67301,1,0,0,N,1,0,0,2,67301,0,,1,1,,N,N,,0,,1,0,0,0,0,,1712,1,2,0,0,0,0,0,3,4,0,1,3,,N,,,,,,,,,,,
2007099387,1710.0,2,0,0,0,0,0,0,0,0,1,0,,67,8,2007,1,39.9452,-75.2177,1705.0,6,0,0,0,0,0,0,0,0,,0,0,0,17,8,1,1,,0,39 56:42.709,,0,75 13:03.813,8,0,0,0,67301,0,0,0,,0,0,0,2,67301,0,,1,9,,,,,0,,0,0,0,3,2,,1700,1,2,0,0,0,1,1,3,4,0,2,7,,N,,,,,,,,,,,
2007111722,1500.0,2,0,0,0,0,0,0,0,0,1,0,,67,9,2007,3,40.008,-75.2018,1458.0,6,0,0,0,0,0,0,0,0,,0,0,0,14,1,0,0,,0,40 00:28.000,,0,75 12:04.307,0,0,0,0,67301,0,0,0,N,0,0,0,2,68K01,0,,1,1,,N,N,,0,,0,0,0,0,0,,1456,0,2,0,0,1,0,0,3,4,0,2,3,,N,,,,,,,,,,,
2007091865,2022.0,1,0,0,0,0,0,0,0,0,1,0,,67,8,2007,3,39.9314,-75.185,2022.0,6,0,0,0,0,0,0,0,0,,0,0,0,20,4,1,0,,0,39 55:52.885,,0,75 11:06.010,2,0,1,1,67301,0,0,0,N,0,0,0,3,67301,0,,1,1,,N,N,,0,,0,1,0,0,0,,2021,1,2,0,0,0,0,0,3,4,0,2,3,,N,,,,,,,,,,,
2007111549,705.0,2,0,0,0,0,0,0,0,0,4,0,,67,9,2007,2,40.0811,-75.0289,655.0,6,0,0,0,0,0,0,0,0,,0,0,0,6,1,0,1,,0,40 04:51.000,,0,75 01:44.242,0,0,0,0,67301,0,0,0,,0,0,0,4,67301,0,,1,1,,N,N,,0,,0,0,0,3,2,,645,0,2,0,0,0,0,0,3,4,0,2,3,,N,,,,,,,,,,,
2007092172,2209.0,1,0,0,1,0,0,0,0,0,4,0,,67,7,2007,1,39.9218,-75.1498,2208.0,6,0,0,0,0,0,1,0,0,,0,0,0,22,3,1,1,,0,39 55:18.000,,0,75 08:59.227,4,0,0,0,67301,1,0,0,N,0,0,0,2,67301,1,,1,1,,N,N,,0,,0,0,0,3,2,,2206,1,2,0,0,0,0,0,3,4,0,1,3,,N,,,,,,,,,,,
2007092185,1358.0,0,0,0,0,0,0,0,0,0,2,0,,67,7,2007,2,39.997,-75.1786,1355.0,6,0,0,0,0,0,0,0,0,,0,0,0,13,1,1,1,,0,39 59:49.000,,0,75 10:42.862,3,0,0,1,67301,0,0,0,,0,0,0,2,67301,0,,1,1,,,,,1,,1,0,0,3,2,,1355,1,2,0,0,1,0,0,3,4,0,2,3,,N,,,,,,,,,,,
2007092006,1840.0,0,0,0,0,0,0,0,0,0,8,0,,67,7,2007,7,40.02,-75.0832,1835.0,6,0,0,0,0,0,0,0,0,,0,0,0,18,1,1,2,,0,40 01:12.090,,0,75 04:59.534,4,0,0,0,67301,1,0,0,,1,0,0,2,67301,1,,1,1,,,N,,0,,0,0,1,3,3,,1830,1,2,0,0,0,0,0,3,4,0,1,3,,N,,,,,,,,,,,
2007092050,858.0,1,0,0,1,0,0,0,0,0,5,0,,67,7,2007,5,40.0245,-75.166,853.0,6,0,0,0,0,0,0,0,0,,0,0,0,8,1,1,0,,0,40 01:28.000,,0,75 09:57.542,4,0,0,0,67301,1,0,0,N,0,0,0,2,67301,1,,1,1,,N,N,,0,,0,0,0,0,0,,850,1,2,0,0,0,0,0,3,4,0,1,3,,N,,,,,,,,,,,
2007092053,2000.0,0,0,0,0,0,0,0,0,0,6,1,,67,7,2007,6,39.9911,-75.1329,1955.0,6,0,0,0,0,0,0,0,0,1.0,0,1,0,19,4,3,1,,1,39 59:27.000,2.0,0,75 07:58.291,3,0,0,0,67301,0,0,0,N,0,0,0,4,67301,1,,1,1,,N,N,,0,,2,0,0,3,2,N,1950,3,3,0,0,0,0,0,3,4,2,3,3,,N,,,,,,,,,,,
2007092067,626.0,1,0,0,0,0,0,1,0,0,5,1,,67,7,2007,6,40.0136,-75.0685,625.0,6,0,0,0,0,0,0,0,0,,0,0,0,6,1,2,0,,0,40 00:49.000,,0,75 04:06.598,8,0,0,0,67301,0,0,0,,0,0,0,4,67301,0,,4,1,,,,,0,,0,0,0,3,2,,625,2,2,0,0,0,2,2,3,4,0,2,3,,N,,,,,,,,,,,
2007084619,152.0,1,0,0,0,0,0,0,0,0,2,0,,67,4,2007,5,40.0101,-75.1216,148.0,6,0,0,0,0,0,0,0,0,9.0,0,0,0,1,3,1,1,,2,40 00:36.000,7.0,0,75 07:17.618,8,0,0,0,67301,0,0,0,,0,0,0,3,67301,0,,1,1,,N,N,,0,,0,0,2,3,2,Y,148,1,3,0,0,0,1,0,3,4,0,3,3,,N,,,,,,,,,,,
2007084630,1924.0,1,0,0,0,0,0,0,0,0,8,0,,67,5,2007,5,40.0126,-75.0732,1920.0,6,0,0,0,0,0,0,0,0,,0,0,0,99,1,1,1,,0,40 00:45.000,,0,75 04:23.854,3,0,0,0,67301,1,0,0,N,1,0,0,2,67301,0,,1,1,,N,N,,0,,1,0,0,3,2,,9999,1,2,0,0,0,0,0,3,4,0,1,3,,N,,,,,,,,,,,
2007080007,1145.0,1,0,0,0,0,0,0,0,0,7,0,,67,6,2007,3,40.0422,-75.0392,1137.0,6,0,0,0,0,0,0,0,0,,0,0,0,11,1,1,2,,0,40 02:31.905,,0,75 02:21.069,8,0,0,0,67301,0,0,0,N,0,0,0,1,67301,0,,2,1,,N,N,,0,,0,0,0,0,0,,1100,1,1,0,0,0,1,0,3,4,0,1,3,,N,,,,,,,,,,,
2007082251,827.0,0,0,0,1,0,0,0,0,0,4,0,,67,6,2007,6,39.9454,-75.1532,824.0,6,0,0,0,0,0,0,0,0,,0,0,0,8,1,1,0,,0,39 56:43.310,,0,75 09:11.552,8,0,0,0,67301,1,0,0,,0,0,0,2,67301,0,,6,1,,,,,1,,0,0,0,0,0,,824,1,2,0,0,0,1,0,3,4,0,1,3,,N,,,,,,,,,,,
2007080042,812.0,2,0,0,0,0,0,0,0,0,4,0,,67,6,2007,3,40.0616,-75.0659,809.0,6,0,0,0,0,0,0,0,1,,0,0,0,8,1,0,1,,0,40 03:41.796,,0,75 03:57.405,0,0,0,0,67301,0,0,0,,0,0,0,3,67301,0,,1,1,,N,N,,0,,0,0,0,9,3,,800,0,2,0,0,1,0,0,3,4,0,2,3,,N,,,,,,,,,,,
2007080065,1430.0,1,0,0,0,0,0,0,0,0,8,0,,67,6,2007,6,39.9516,-75.1574,1428.0,6,0,0,0,0,0,0,0,0,,0,0,0,14,1,1,0,,0,39 57:05.000,,0,75 09:26.703,8,0,0,0,67301,1,0,0,N,1,0,0,3,67301,0,,1,1,,N,N,,0,,0,0,0,0,0,,1420,1,2,0,0,0,1,2,3,4,0,1,3,,N,,,,,,,,,,,
2007080214,2007.0,0,0,0,0,0,0,1,0,0,8,1,,67,6,2007,1,39.9499,-75.1683,2003.0,6,0,0,0,0,0,0,0,0,,0,0,0,19,4,1,0,,0,39 56:59.000,,0,75 10:05.952,8,0,0,0,67301,1,0,0,,1,0,0,2,67301,0,,5,1,,,,,0,,0,0,0,0,0,,1955,1,2,0,0,0,1,0,3,4,0,1,3,,N,,,,,,,,,,,
2007058141,1815.0,0,0,0,0,0,0,0,0,0,7,0,,67,3,2007,3,39.9117,-75.1484,1802.0,6,0,0,0,0,0,0,0,0,1.0,0,0,0,17,1,1,0,,1,39 54:38.000,1.0,2,75 08:55.298,3,0,0,1,67301,0,0,0,N,0,0,0,1,67301,0,,2,1,,N,N,,0,,1,0,0,0,0,N,1755,1,1,0,0,0,0,0,3,4,0,1,3,,N,,,,,,,,,,,
2007023240,220.0,1,0,0,0,0,0,0,0,0,7,0,,67,1,2007,4,39.9431,-75.1489,216.0,6,0,0,0,0,0,0,0,0,1.0,0,0,0,2,3,1,0,,2,39 56:35.289,2.0,0,75 08:55.878,8,0,0,0,67301,0,0,0,N,0,0,0,1,67301,0,,5,1,,N,N,,0,,0,0,0,0,0,Y,210,1,1,0,0,0,1,0,3,4,0,1,3,,N,,,,,,,,,,,
2007057762,902.0,1,0,0,0,0,0,0,0,0,1,0,,67,3,2007,6,40.0484,-74.9977,902.0,6,0,0,0,0,0,2,0,0,1.0,0,0,0,8,1,1,2,,1,40 02:55.000,4.0,2,74 59:52.662,8,0,0,0,67301,0,0,0,N,0,0,0,2,67301,0,,1,1,,N,N,,0,,0,0,1,3,3,N,855,1,2,0,0,0,1,0,3,4,0,2,3,,N,,,,,,,,,,,
2007057770,2143.0,1,0,0,0,0,0,0,0,0,7,0,,67,3,2007,7,40.0568,-75.0334,2143.0,6,0,1,0,0,0,0,0,0,,0,0,0,21,3,2,0,,0,40 03:24.000,,0,75 02:01.180,4,0,0,0,67301,0,0,0,,0,0,0,2,67301,2,,3,9,,,,,0,,0,0,0,0,0,,2140,2,1,0,0,0,0,0,3,4,0,1,7,,N,,,,,,,,,,,
2007057777,1855.0,1,0,0,0,0,0,0,0,0,7,0,,67,4,2007,5,40.034,-75.0199,1852.0,6,0,0,0,0,0,0,0,0,1.0,0,0,0,18,4,2,0,,1,40 02:03.139,2.0,0,75 01:11.007,4,0,0,0,67301,0,0,0,Y,0,0,0,2,67301,2,,2,1,,N,N,,0,,0,0,0,0,0,N,1852,2,1,0,0,0,0,0,3,4,0,1,3,,N,,,,,,,,,,,
2007051161,1525.0,1,0,0,0,0,0,0,0,0,8,0,,67,3,2007,6,,,1517.0,6,0,0,0,0,0,1,0,0,,0,0,0,15,1,1,1,,0,,,0,,8,0,0,0,67301,1,0,0,N,1,0,0,2,67301,0,,1,7,,N,N,,0,,0,0,0,3,2,,1500,1,2,0,0,0,1,0,3,3,0,1,9,,N,,,,,,,,,,,
2007046265,1515.0,1,0,0,0,0,0,0,0,0,1,0,,67,2,2007,2,39.9855,-75.2482,1515.0,6,0,0,1,0,0,0,0,0,,0,0,0,15,1,2,1,,0,39 59:07.000,,0,75 14:53.388,8,0,0,0,67301,0,0,0,N,0,0,0,2,67301,0,,1,1,,N,N,,0,,0,0,1,3,2,,1515,2,2,0,0,0,2,0,3,4,0,2,3,,N,,,,,,,,,,,
2007046269,2020.0,2,0,0,0,0,0,0,0,0,1,0,,67,2,2007,4,39.9456,-75.1903,2014.0,6,0,0,0,0,0,0,0,0,,0,0,0,20,2,1,3,,0,39 56:44.000,,2,75 11:25.033,4,0,0,0,67301,0,0,0,N,0,0,0,2,67301,1,,1,1,,N,N,,0,,0,0,0,0,0,,2013,1,2,0,0,0,0,0,3,4,0,2,3,,N,,,,,,,,,,,
2007051118,2050.0,0,0,0,0,0,0,0,0,0,7,0,,67,3,2007,5,39.9673,-75.266,2013.0,6,0,0,0,0,0,0,0,0,,0,0,0,20,2,2,0,,0,39 58:02.370,,0,75 15:57.643,4,0,0,0,67301,0,0,0,N,0,0,0,2,67301,1,,2,1,,N,N,,0,,0,0,1,0,0,,2010,2,1,0,0,0,1,0,3,4,0,1,3,,N,,,,,,,,,,,
2007028425,1055.0,1,0,0,0,0,0,0,0,0,7,0,,67,1,2007,5,39.9738,-75.2064,1053.0,6,0,0,0,1,0,0,0,0,,0,0,0,10,1,2,2,,0,39 58:25.816,,0,75 12:23.037,4,0,0,0,67301,0,0,0,N,0,0,0,2,67301,2,,3,1,,N,N,,0,,0,0,0,3,2,,1052,2,1,0,0,0,0,0,3,4,0,1,3,,N,,,,,,,,,,,
2007028464,1817.0,0,0,0,0,0,0,1,0,0,4,1,,67,1,2007,3,40.0571,-75.1396,1815.0,6,0,0,0,0,0,2,0,0,,0,0,0,18,3,6,0,,0,40 03:25.441,,0,75 08:22.707,4,0,0,0,67301,0,0,0,N,0,0,0,8,67301,6,,1,1,,N,N,,1,,0,0,0,0,0,,1813,6,2,0,0,0,0,0,3,4,0,2,3,,N,,,,,,,,,,,
2007028471,9999.0,0,0,0,0,0,0,0,0,0,8,0,,67,1,2007,3,39.9996,-75.1163,9999.0,6,0,0,0,0,0,0,0,0,,0,0,0,99,1,1,0,,0,39 59:58.452,,0,75 06:58.780,3,0,0,0,67301,1,0,0,N,1,0,0,2,67301,0,,1,1,,N,N,,1,,1,0,0,0,0,,9999,1,2,0,0,0,0,0,3,4,0,1,3,,N,,,,,,,,,,,
2007028508,54.0,0,0,0,0,0,0,1,0,0,4,1,,67,1,2007,2,40.0039,-75.1492,53.0,6,0,0,0,0,0,1,0,0,,0,0,0,0,3,4,1,,0,40 00:14.047,,0,75 08:57.044,8,0,0,0,67301,0,0,0,,0,0,0,4,67301,0,,1,9,,,,,0,,0,0,2,3,2,,45,4,3,0,0,0,4,0,3,4,0,3,10,,N,,,,,,,,,,,
2007022180,2055.0,0,0,0,0,0,0,0,0,0,1,0,,67,1,2007,6,39.9392,-75.1933,2053.0,6,0,0,0,0,0,0,0,0,,0,1,0,99,1,1,2,,0,39 56:21.084,,7,75 11:35.786,4,0,0,0,67301,0,0,0,N,0,0,0,2,67301,1,,1,9,,N,N,,0,,0,0,1,3,2,,9999,1,2,0,0,0,0,0,3,4,0,2,3,,N,,,,,,,,,,,
2007056521,2112.0,1,0,0,0,0,0,0,0,0,4,0,,67,4,2007,6,40.0258,-75.1328,2112.0,6,0,0,0,0,0,1,0,0,,0,0,0,21,3,2,1,,0,40 01:32.829,,0,75 07:58.227,8,0,0,0,67301,0,0,0,N,0,0,0,2,67301,0,,1,1,,N,N,,1,,0,0,0,3,2,,2110,2,2,0,0,1,2,0,3,4,0,2,3,,N,,,,,,,,,,,
2007048951,1020.0,1,0,0,0,0,0,0,0,0,1,0,,67,2,2007,5,39.9451,-75.1908,1016.0,6,0,0,0,1,0,0,0,0,1.0,0,0,0,10,1,1,6,,1,39 56:42.360,4.0,2,75 11:26.880,4,0,0,0,67301,0,0,0,N,0,0,0,3,67301,1,,1,1,,N,N,,0,,0,0,1,3,4,N,1016,1,2,0,0,0,0,0,3,4,0,2,3,,N,,,,,,,,,,,
2007066849,255.0,2,0,0,0,0,0,0,0,0,4,0,,67,5,2007,1,40.1141,-74.9877,251.0,6,0,0,0,0,0,0,0,0,1.0,0,0,0,2,3,2,1,,1,40 06:50.000,2.0,0,74 59:15.936,4,0,0,0,67301,0,0,0,N,0,0,0,5,67301,2,,1,1,,N,N,,0,,0,0,0,3,2,N,250,2,2,0,0,0,0,0,3,4,0,2,3,,N,,,,,,,,,,,
2007066872,1800.0,2,0,0,0,0,0,0,0,0,4,0,,67,5,2007,3,40.0204,-75.1756,1800.0,6,0,0,0,0,0,0,0,0,,0,0,0,17,1,0,0,,0,40 01:13.000,,7,75 10:32.474,0,0,0,0,67301,0,0,0,N,0,0,0,2,67301,0,,1,1,,N,N,,0,,0,0,0,0,0,,1725,0,2,0,0,0,0,0,3,4,0,2,3,,N,,,,,,,,,,,
2007056619,1050.0,0,0,0,0,0,0,0,0,0,7,0,,67,3,2007,2,40.0189,-75.1652,1046.0,6,0,0,0,0,0,0,0,0,1.0,0,0,0,10,1,2,0,,2,40 01:08.040,4.0,0,75 09:54.720,4,0,0,0,67301,0,0,0,N,0,0,0,2,67301,2,,4,1,,N,N,,0,,0,0,0,3,8,N,1046,2,1,0,0,0,0,0,3,4,1,1,3,,N,,,,,,,,,,,
2007056663,1625.0,2,0,0,0,0,0,0,0,0,1,0,,67,3,2007,4,39.9667,-75.1459,1614.0,6,0,0,0,0,0,0,0,0,,0,0,0,16,1,1,0,,0,39 57:59.956,,0,75 08:45.151,4,0,0,0,67301,0,0,0,N,0,0,0,2,67301,1,,1,1,,N,N,,0,,0,0,0,0,0,,1614,1,2,0,0,2,0,0,3,4,0,2,3,,N,,,,,,,,,,,
2007056744,1929.0,1,0,0,0,0,0,0,0,0,8,0,,67,4,2007,3,40.0061,-75.1085,1929.0,6,0,0,0,0,0,1,0,0,,0,0,0,17,1,1,0,,0,40 00:21.956,,0,75 06:30.474,8,0,0,0,67301,1,0,0,,1,0,0,2,67301,0,,1,1,,,,,0,,0,0,0,0,0,,1700,1,2,0,0,0,1,0,3,4,0,1,3,,N,,,,,,,,,,,
2007056770,705.0,1,0,0,0,0,0,0,0,0,8,0,,67,4,2007,3,40.0152,-75.1365,700.0,6,0,0,0,0,0,0,0,0,,0,0,0,6,3,1,1,,0,40 00:54.720,,0,75 08:11.306,4,0,0,0,67301,1,0,0,N,1,0,0,2,67301,1,,1,9,,N,N,,0,,0,0,0,0,0,,615,1,2,0,0,0,0,1,3,4,0,1,7,,N,,,,,,,,,,,
2007064509,759.0,3,0,0,0,0,0,0,0,0,1,0,,67,5,2007,4,39.9587,-75.1805,753.0,6,0,0,0,0,0,0,0,0,,0,0,0,7,1,1,6,,0,39 57:41.000,,2,75 10:57.066,4,0,0,0,67301,0,0,0,N,0,0,0,5,68K01,1,,1,1,,N,N,,0,,0,0,0,3,4,,750,1,3,0,0,0,0,0,3,4,0,3,3,,N,,,,,,,,,,,
2007046873,1757.0,2,0,0,0,0,0,0,0,0,4,0,,67,2,2007,7,40.019,-75.1472,1757.0,6,0,0,0,0,0,0,0,0,,0,0,0,17,1,2,1,,0,40 01:08.000,,0,75 08:50.015,8,0,0,0,67301,0,0,0,N,0,0,0,4,67301,0,,1,1,,N,N,,0,,0,0,0,3,2,,1755,2,2,0,0,0,2,0,3,4,0,2,3,,N,,,,,,,,,,,
2007046920,1225.0,0,0,0,0,0,0,0,0,0,7,0,,67,2,2007,4,39.9824,-75.101,9999.0,6,0,0,0,0,0,0,0,0,,0,0,0,12,1,0,6,,0,39 58:56.668,,0,75 06:03.647,0,0,0,0,67301,0,0,0,Y,0,0,0,1,67301,0,,2,6,,N,Y,,0,,0,0,1,0,0,,1220,0,1,0,0,0,0,0,3,4,0,1,10,,N,,,,,,,,,,,
2007070741,1234.0,1,0,0,0,0,0,1,0,0,1,1,,67,6,2007,7,40.0011,-75.2267,1234.0,6,0,0,0,0,0,1,0,0,,0,0,0,12,1,0,0,,0,40 00:07.000,,0,75 13:28.156,0,0,0,0,67301,0,0,0,N,0,0,0,2,46104,0,,1,1,,N,N,,0,,0,0,0,3,2,,1230,0,2,0,0,0,0,0,3,4,0,2,3,,N,,,,,,,,,,,
2007102318,1600.0,0,0,0,0,0,0,1,0,0,5,1,,67,8,2007,6,39.9586,-75.226,1555.0,6,0,0,0,0,0,0,0,0,,0,0,0,13,1,0,0,,0,39 57:30.000,,0,75 13:33.643,9,0,0,0,67301,1,0,0,N,0,0,0,2,67301,0,,6,1,,N,N,,0,,0,0,0,0,0,,1330,0,2,0,0,0,0,1,3,4,1,2,3,,N,,,,,,,,,,,
2007102429,15.0,0,0,0,0,0,0,0,0,0,7,0,,67,7,2007,7,40.0293,-75.1891,2.0,6,0,0,0,0,0,0,1,0,,0,0,0,0,3,0,0,,0,40 01:45.600,,0,75 11:20.800,0,0,0,0,67301,0,0,0,N,0,0,0,1,67301,0,,2,9,,N,N,,0,,0,0,1,0,0,,2,0,1,0,0,0,0,0,3,4,0,1,7,,N,,,,,,,,,,,
2007099358,1047.0,1,0,0,0,0,0,0,0,0,7,0,,67,7,2007,2,39.9794,-75.1083,1045.0,6,0,0,0,0,1,0,0,0,1.0,0,0,0,10,1,2,0,,1,39 58:47.000,2.0,0,75 06:25.288,4,0,0,0,67301,0,0,0,,0,0,0,2,67301,2,,2,1,,N,N,,0,,0,0,0,0,0,N,1040,2,1,0,0,0,0,0,3,4,0,1,3,,N,,,,,,,,,,,
2007116676,1625.0,1,0,0,0,0,0,0,0,0,4,0,,67,10,2007,5,39.9867,-75.2084,1623.0,6,0,0,0,0,0,0,1,0,,0,0,0,16,1,2,1,,0,39 59:11.000,,0,75 12:32.327,4,0,0,0,67301,0,0,0,N,0,0,0,3,67301,2,,1,1,,N,N,,0,,0,0,1,0,0,,1619,2,2,0,0,0,0,0,3,4,0,2,3,,N,,,,,,,,,,,
2007116666,1837.0,0,0,0,0,0,0,0,0,0,8,0,,67,10,2007,6,39.967,-75.1966,1830.0,6,0,0,0,0,0,0,0,0,,0,0,0,99,4,1,2,,0,39 58:01.102,,0,75 11:47.716,8,0,0,0,67301,1,0,0,N,1,0,0,2,67301,0,,1,1,,N,N,,0,,0,0,1,9,3,,9999,1,2,0,0,0,1,0,3,4,0,1,3,,N,,,,,,,,,,,
2007091872,1355.0,1,0,0,0,0,0,0,0,0,4,0,,67,7,2007,2,39.9698,-75.1415,1350.0,6,0,0,0,0,1,1,0,0,,0,0,0,99,1,1,1,,0,39 58:11.000,,0,75 08:29.318,4,0,0,0,67301,0,0,0,N,0,0,0,3,67301,1,,1,1,,N,N,,0,,0,0,1,3,2,,9999,1,2,0,0,0,0,0,3,4,0,2,3,,N,,,,,,,,,,,
2007111520,1418.0,2,0,0,0,0,0,0,0,0,1,0,,67,9,2007,5,40.0743,-75.0464,1416.0,6,0,0,0,0,0,0,1,0,,0,0,0,14,1,1,2,,0,40 04:27.000,,0,75 02:47.193,8,0,0,0,67301,0,0,0,N,0,0,0,2,67301,0,,1,1,,N,N,,0,,0,0,0,3,2,,1415,1,2,0,0,0,1,0,3,4,0,2,3,,N,,,,,,,,,,,
2007109127,808.0,1,0,0,0,0,0,0,0,0,1,0,,67,9,2007,7,40.0142,-75.1786,805.0,6,0,0,0,0,0,1,0,0,,0,0,0,8,1,1,0,,0,40 00:52.000,,0,75 10:41.550,4,0,0,0,67301,0,0,0,,0,0,0,2,67301,1,,1,1,,,,,1,,0,0,0,0,0,,805,1,2,0,0,0,0,0,3,4,0,2,3,,N,,,,,,,,,,,
2007109131,902.0,1,0,0,0,0,0,0,0,0,7,0,,67,9,2007,7,40.0256,-75.0281,838.0,6,0,0,0,0,0,0,0,0,2.0,0,0,0,8,1,0,0,,2,40 01:31.000,1.0,2,75 01:42.631,0,0,0,0,67301,0,0,0,Y,0,0,0,1,67301,0,,2,9,,N,N,,0,,0,0,0,0,0,N,838,0,1,0,0,0,0,0,3,4,0,1,7,,N,,,,,,,,,,,
2007109139,2014.0,0,0,0,0,0,0,0,0,0,4,0,,67,9,2007,1,40.0086,-75.0688,2001.0,6,0,1,0,0,0,1,0,0,,0,0,0,20,4,2,1,,0,40 00:31.000,,1,75 04:07.810,8,0,0,0,67301,0,0,0,N,0,0,0,2,67301,0,,1,1,,N,N,,1,,0,0,1,3,2,,2000,2,2,0,0,0,2,0,3,4,0,2,3,,N,,,,,,,,,,,
2007111673,1325.0,0,0,0,0,0,0,0,0,0,1,1,,67,9,2007,5,40.0089,-75.2052,1322.0,6,0,0,0,0,0,0,0,0,,0,2,0,13,1,0,0,,0,40 00:32.000,,0,75 12:19.821,0,0,0,0,67301,0,0,0,N,0,0,0,2,68K01,0,,1,1,,N,N,,0,,0,0,0,0,0,,1317,0,2,0,0,0,0,0,3,4,0,2,3,,N,,,,,,,,,,,
2007082474,1215.0,1,0,0,0,0,0,0,0,0,8,0,,67,5,2007,1,39.958,-75.2437,1156.0,6,0,0,0,0,0,0,0,0,,0,0,0,11,1,1,1,,0,39 57:28.886,,0,75 14:37.150,4,0,0,0,67301,1,0,0,N,1,0,0,2,67301,1,,1,1,,N,N,,0,,0,0,0,3,3,,1156,1,2,0,0,0,0,1,3,4,0,1,3,,N,,,,,,,,,,,
2007082489,1951.0,2,0,0,0,0,0,0,0,0,6,0,,67,6,2007,3,40.0144,-75.153,1950.0,6,0,0,0,0,0,0,0,0,,0,0,0,19,1,2,1,,0,40 00:51.708,,0,75 09:10.931,8,0,0,0,67301,0,0,0,N,0,0,0,3,67301,0,,1,1,,N,N,,0,,0,0,0,3,3,,1945,2,2,0,0,0,2,0,3,4,0,2,3,,N,,,,,,,,,,,
2007080052,1539.0,1,0,0,0,0,0,0,0,0,4,0,,67,6,2007,1,40.0089,-75.1691,1535.0,6,0,0,0,0,0,1,0,0,,0,0,0,15,1,5,2,,0,40 00:32.000,,0,75 10:08.719,8,0,0,0,67301,0,0,0,N,0,0,0,5,67301,0,,1,1,,N,N,,0,,0,0,1,3,3,,1530,5,2,0,0,0,5,0,3,4,0,2,3,,N,,,,,,,,,,,
2007081839,1302.0,1,0,0,0,0,0,0,0,0,8,0,,67,6,2007,6,40.042,-75.1768,1259.0,6,0,0,0,0,0,1,0,0,,0,0,0,12,1,1,1,,0,40 02:31.156,,0,75 10:36.627,3,0,0,0,67301,1,0,0,N,1,0,0,2,67301,0,,1,1,,N,N,,0,,1,0,0,3,3,,1258,1,2,0,0,1,0,0,3,4,0,1,3,,N,,,,,,,,,,,
2007080255,9999.0,2,0,0,0,0,0,0,0,0,4,0,,67,6,2007,3,40.0532,-75.1577,1624.0,6,0,0,0,0,0,1,0,0,,0,0,0,16,1,1,2,,0,40 03:11.660,,0,75 09:27.723,8,0,0,0,67301,0,0,0,,0,0,0,2,67301,0,,1,9,,,,,0,,0,0,0,3,3,,1624,1,2,0,0,0,1,0,3,4,0,2,7,,N,,,,,,,,,,,