CRN,ARRIVAL_TM,AUTOMOBILE_COUNT,BELTED_DEATH_COUNT,BELTED_SUSP_SERIOUS_INJ_COUNT,BICYCLE_COUNT,BICYCLE_DEATH_COUNT,BICYCLE_SUSP_SERIOUS_INJ_COUNT,BUS_COUNT,CHLDPAS_DEATH_COUNT,CHLDPAS_SUSP_SERIOUS_INJ_COUNT,COLLISION_TYPE,COMM_VEH_COUNT,CONS_ZONE_SPD_LIM,COUNTY,CRASH_MONTH,CRASH_YEAR,DAY_OF_WEEK,DEC_LAT,DEC_LONG,DISPATCH_TM,DISTRICT,DRIVER_COUNT_16YR,DRIVER_COUNT_17YR,DRIVER_COUNT_18YR,DRIVER_COUNT_19YR,DRIVER_COUNT_20YR,DRIVER_COUNT_50_64YR,DRIVER_COUNT_65_74YR,DRIVER_COUNT_75PLUS,EST_HRS_CLOSED,FATAL_COUNT,HEAVY_TRUCK_COUNT,HORSE_BUGGY_COUNT,HOUR_OF_DAY,ILLUMINATION,INJURY_COUNT,INTERSECT_TYPE,INTERSECTION_RELATED,LANE_CLOSED,LATITUDE,LN_CLOSE_DIR,LOCATION_TYPE,LONGITUDE,MAX_SEVERITY_LEVEL,MCYCLE_DEATH_COUNT,MCYCLE_SUSP_SERIOUS_INJ_COUNT,MOTORCYCLE_COUNT,MUNICIPALITY,NONMOTR_COUNT,NONMOTR_DEATH_COUNT,NONMOTR_SUSP_SERIOUS_INJ_COUNT,NTFY_HIWY_MAINT,PED_COUNT,PED_DEATH_COUNT,PED_SUSP_SERIOUS_INJ_COUNT,PERSON_COUNT,POLICE_AGCY,POSSIBLE_INJ_COUNT,RDWY_SURF_TYPE_CD,RELATION_TO_ROAD,ROAD_CONDITION,ROADWAY_CLEARED,SCH_BUS_IND,SCH_ZONE_IND,SECONDARY_CRASH,SMALL_TRUCK_COUNT,SPEC_JURIS_CD,SUSP_MINOR_INJ_COUNT,SUSP_SERIOUS_INJ_COUNT,SUV_COUNT,TCD_FUNC_CD,TCD_TYPE,TFC_DETOUR_IND,TIME_OF_DAY,TOT_INJ_COUNT,TOTAL_UNITS,UNB_DEATH_COUNT,UNB_SUSP_SERIOUS_INJ_COUNT,UNBELTED_OCC_COUNT,UNK_INJ_DEG_COUNT,UNK_INJ_PER_COUNT,URBAN_AREA,URBAN_RURAL,VAN_COUNT,VEHICLE_COUNT,WEATHER1,WEATHER2,WORK_ZONE_IND,WORK_ZONE_LOC,WORK_ZONE_TYPE,WORKERS_PRES,WZ_CLOSE_DETOUR,WZ_FLAGGER,WZ_LAW_OFFCR_IND,WZ_LN_CLOSURE,WZ_MOVING,WZ_OTHER,WZ_SHLDER_MDN,WZ_WORKERS_INJ_KILLED
2007057972,1122.0,2,0,0,0,0,0,0,0,0,4,0,,67,4,2007,6,40.0638,-75.1729,1120.0,6,0,0,0,0,0,0,2,0,,0,0,0,11,1,1,1,,0,40 03:49.000,,0,75 10:22.443,8,0,0,0,67301,0,0,0,N,0,0,0,3,67301,0,,1,1,,N,N,,0,,0,0,0,0,0,,1118,1,2,0,0,0,1,0,3,4,0,2,3,,N,,,,,,,,,,,
2007057986,25.0,2,0,0,0,0,0,0,0,0,4,0,,67,4,2007,1,39.9778,-75.2134,22.0,6,0,0,0,0,0,0,0,0,,0,0,0,0,3,4,1,,0,39 58:39.000,,0,75 12:48.173,4,0,0,0,67301,0,0,0,N,0,0,0,4,67301,1,,1,1,,N,N,,0,,0,0,0,3,2,,10,4,2,0,0,0,3,0,3,4,0,2,3,,N,,,,,,,,,,,
2007058145,2105.0,1,0,0,0,0,0,0,0,0,7,0,,67,3,2007,3,,,2100.0,6,0,0,0,0,0,0,0,0,,0,0,0,20,3,0,0,,0,,,1,,0,0,0,0,67301,0,0,0,N,0,0,0,1,67301,0,,2,1,,N,N,,0,,0,0,0,0,0,,2030,0,1,0,0,0,0,0,3,3,0,1,3,,N,,,,,,,,,,,
2007058006,855.0,2,0,0,0,0,0,0,0,0,5,0,,67,4,2007,5,39.9952,-75.1158,848.0,6,0,0,0,0,0,1,0,0,,0,0,0,8,1,2,5,,0,39 59:42.637,,0,75 06:56.944,4,0,0,0,67301,1,0,0,N,1,0,0,3,67301,2,,1,9,,N,N,,0,,0,0,0,3,2,,845,2,3,0,0,2,0,0,3,4,0,2,7,,N,,,,,,,,,,,
2007057761,841.0,2,0,0,0,0,0,0,0,0,1,0,,67,3,2007,5,39.9393,-75.1784,833.0,6,0,0,0,0,0,0,0,0,1.0,0,0,0,8,1,1,0,,2,39 56:21.482,4.0,0,75 10:42.269,4,0,0,0,67301,0,0,0,N,0,0,0,2,67301,1,,1,1,,,N,,0,,0,0,0,0,0,N,818,1,2,0,0,0,0,0,3,4,0,2,3,,N,,,,,,,,,,,
2007046266,1141.0,1,0,0,0,0,0,1,0,0,2,1,,67,2,2007,2,39.9851,-75.2474,1140.0,6,0,0,0,0,0,0,0,0,,0,0,0,11,1,1,1,,0,39 59:06.000,,0,75 14:50.529,4,0,0,0,67301,0,0,0,N,0,0,0,2,67301,1,,1,6,,Y,N,,0,,0,0,0,0,0,,1140,1,2,0,0,0,0,0,3,4,0,2,10,,N,,,,,,,,,,,
2007046280,2008.0,1,0,0,0,0,0,0,0,0,4,0,,67,2,2007,7,40.0946,-75.0152,2008.0,6,0,0,0,0,0,0,0,0,,0,0,0,20,3,1,1,,0,40 05:40.000,,0,75 00:54.688,8,0,0,0,67301,0,0,0,N,0,0,0,2,67301,0,,1,1,,N,N,,0,,0,0,0,3,2,,2002,1,2,0,0,0,1,1,3,4,0,2,3,,N,,,,,,,,,,,
2007027985,1902.0,1,0,0,1,0,0,0,0,0,4,0,,67,1,2007,3,40.0474,-75.1557,1857.0,6,0,0,0,0,0,0,0,0,,0,0,0,18,3,1,1,,0,40 02:50.568,,0,75 09:20.361,8,0,0,0,67301,1,0,0,N,0,0,0,3,67301,0,,1,1,,N,N,,0,,0,0,0,3,3,,1852,1,2,0,0,0,1,0,3,4,0,1,3,,N,,,,,,,,,,,
2007051277,1039.0,0,0,0,0,0,0,0,0,0,5,0,,67,3,2007,4,39.9005,-75.1566,1035.0,6,0,0,0,0,0,1,0,0,,0,0,0,10,1,1,0,,0,39 54:02.533,,0,75 09:18.049,4,0,0,0,67301,0,0,0,Y,0,0,0,2,67301,1,,1,9,,N,N,,1,,0,0,1,0,0,,1030,1,2,0,0,0,0,0,3,4,0,2,10,,N,,,,,,,,,,,
2007056517,1745.0,2,0,0,0,0,0,0,0,0,1,0,,67,3,2007,3,39.9563,-75.2205,1738.0,6,0,0,0,0,0,1,0,0,,0,0,0,17,1,1,0,,0,39 57:22.858,,0,75 13:13.948,4,0,0,0,67301,0,0,0,N,0,0,0,2,67301,1,,1,1,,N,N,,0,,0,0,0,3,2,,1728,1,2,0,0,0,0,0,3,4,0,2,3,,N,,,,,,,,,,,
2007048967,1910.0,2,0,0,0,0,0,0,0,0,1,0,,67,3,2007,5,39.9578,-75.1473,1908.0,6,0,0,0,0,0,1,0,0,,0,0,0,19,3,1,0,,0,39 57:27.967,,0,75 08:50.285,4,0,0,0,67301,0,0,0,N,0,0,0,4,67301,1,,1,9,,N,N,,0,,0,0,0,0,0,,1905,1,2,0,0,0,0,0,3,4,0,2,7,,N,,,,,,,,,,,
2007048970,1120.0,1,0,0,0,0,0,0,0,0,7,0,,67,3,2007,3,40.0274,-75.099,1114.0,6,0,0,0,0,0,0,0,0,2.0,0,0,0,11,1,1,0,,1,40 01:40.000,1.0,0,75 05:58.174,8,0,0,0,67301,0,0,0,N,0,0,0,1,67301,0,,5,1,,N,N,,0,,0,0,0,0,0,N,1112,1,1,0,0,0,1,0,3,4,0,1,3,,N,,,,,,,,,,,
2007046824,800.0,2,0,0,0,0,0,0,0,0,4,0,,67,3,2007,5,39.9152,-75.1592,750.0,6,0,0,0,0,0,0,0,0,,0,0,0,7,1,2,2,,0,39 54:54.000,,0,75 09:33.241,4,0,0,0,67301,0,0,0,N,0,0,0,3,67301,2,,1,1,,N,N,,0,,0,0,0,3,3,,744,2,2,0,0,0,0,0,3,4,0,2,3,,N,,,,,,,,,,,
2007117254,2330.0,16,0,0,0,0,0,0,0,0,2,0,,67,10,2007,3,39.9347,-75.1471,2330.0,6,0,0,0,0,0,0,0,0,,0,0,0,23,3,1,0,,0,39 56:04.855,,0,75 08:49.621,8,0,0,0,67301,2,0,0,,0,0,0,3,67301,0,,1,9,,,,,0,,0,0,0,0,0,,2330,1,16,0,0,0,1,0,3,4,0,16,3,,N,,,,,,,,,,,
2007117290,2322.0,2,0,0,0,0,0,0,0,0,4,0,,67,10,2007,5,39.9549,-75.1511,2320.0,6,0,0,0,0,1,1,0,0,,0,0,0,99,3,0,1,,0,39 57:17.488,,0,75 09:04.083,0,0,0,0,67301,0,0,0,,0,0,0,2,67301,0,,1,1,,N,,,0,,0,0,0,3,2,,9999,0,2,0,0,0,0,0,3,4,0,2,3,,N,,,,,,,,,,,
2007117294,2030.0,3,0,0,0,0,0,0,0,0,5,0,,67,9,2007,6,39.9956,-75.1299,2030.0,6,0,0,0,0,0,0,0,0,,0,0,0,99,1,1,0,,0,39 59:44.098,,0,75 07:47.668,4,0,0,0,67301,0,0,0,N,0,0,0,1,67301,1,,6,1,,N,N,,1,,0,0,0,0,0,,9999,1,5,0,0,0,0,0,3,4,0,4,3,,N,,,,,,,,,,,
2007080863,2245.0,1,0,0,0,0,0,0,0,0,2,0,,67,6,2007,7,40.003,-75.1639,2240.0,6,0,0,0,1,0,1,0,0,2.0,1,0,0,22,3,1,0,,1,40 00:10.000,3.0,0,75 09:50.108,1,0,0,0,67301,0,0,0,N,0,0,0,3,67301,1,2.0,1,1,,N,N,,0,0.0,0,0,0,0,0,N,2229,1,2,0,0,0,0,0,3,4,0,2,3,,N,,,,,,,,,,,
2007066654,1841.0,1,0,0,0,0,0,0,0,0,8,0,,67,5,2007,6,,,1837.0,6,0,0,0,0,0,0,1,0,,0,0,0,18,1,1,2,,0,,,0,,4,0,0,0,67301,1,0,0,N,1,0,0,2,67301,1,,1,1,,N,N,,0,,0,0,0,0,0,,1830,1,2,0,0,0,0,0,3,3,0,1,3,,N,,,,,,,,,,,
2007066819,1943.0,1,0,0,0,0,0,0,0,0,8,0,,67,5,2007,3,40.0587,-75.0439,1936.0,6,0,0,0,0,0,0,1,0,,0,0,0,19,1,1,0,,0,40 03:31.000,,0,75 02:38.577,4,0,0,0,67301,1,0,0,N,1,0,0,2,67301,1,,5,1,,N,N,,0,,0,0,0,0,0,,1925,1,2,0,0,1,0,0,3,4,0,1,3,,N,,,,,,,,,,,
2007066858,1541.0,2,0,0,0,0,0,0,0,0,1,0,,67,5,2007,1,39.9585,-75.1377,1539.0,6,0,0,0,0,1,0,0,0,,0,0,0,15,1,2,0,,0,39 57:29.000,,0,75 08:15.929,4,0,0,0,67301,0,0,0,,0,0,0,5,67301,2,,1,1,,,,,0,,0,0,0,0,0,,1530,2,2,0,0,0,0,0,3,4,0,2,3,,N,,,,,,,,,,,
2007056699,2230.0,2,0,0,0,0,0,0,0,0,1,0,,67,4,2007,2,40.0618,-75.1368,2130.0,6,0,0,0,0,0,0,0,0,,0,0,0,20,3,1,1,,0,40 03:42.000,,2,75 08:12.291,3,0,0,0,67301,0,0,0,N,0,0,0,3,67301,0,,1,9,,N,N,,0,,1,0,0,3,2,,2000,1,2,0,0,0,0,0,3,4,0,2,7,,N,,,,,,,,,,,
2007056707,1157.0,1,0,0,0,0,0,1,0,0,4,1,,67,4,2007,4,39.97,-75.143,1155.0,6,0,0,0,0,0,2,0,0,,0,0,0,11,1,1,1,,0,39 58:11.000,,0,75 08:34.897,4,0,0,0,67301,0,0,0,N,0,0,0,3,67301,1,,1,9,,N,N,,0,,0,0,0,3,2,,1150,1,2,0,0,0,0,0,3,4,0,2,7,,N,,,,,,,,,,,
2007057042,807.0,2,0,0,0,0,0,0,0,0,5,0,,67,4,2007,4,39.9474,-75.2271,751.0,6,0,0,0,0,0,0,0,0,,0,0,0,7,1,1,0,,0,39 56:50.640,,0,75 13:37.560,8,0,0,0,67301,1,0,0,N,0,0,0,2,67301,0,,6,9,,N,N,,0,,0,0,0,0,0,,740,1,2,0,0,0,1,1,3,4,0,2,7,,N,,,,,,,,,,,
2007057055,2055.0,1,0,0,0,0,0,0,0,0,1,0,,67,4,2007,2,39.8895,-75.1837,2047.0,6,0,0,0,0,0,1,0,0,,0,0,0,20,3,2,1,,0,39 53:22.251,,0,75 11:01.280,4,0,0,0,67301,0,0,0,N,0,0,0,3,67301,2,,1,1,,N,N,,0,,0,0,1,9,3,,2040,2,2,0,0,0,0,1,3,4,0,2,3,,N,,,,,,,,,,,
2007046908,1019.0,0,0,0,0,0,0,0,0,0,8,0,,67,1,2007,3,39.9858,-75.1236,1019.0,6,0,0,0,0,0,0,0,0,9.0,0,0,0,10,1,1,0,,2,39 59:08.955,7.0,0,75 07:24.804,4,0,0,0,67301,1,0,0,N,1,0,0,2,67301,1,,1,1,,N,N,,0,,0,0,1,0,0,Y,1019,1,2,0,0,1,0,0,3,4,0,1,3,,N,,,,,,,,,,,
2007099475,2246.0,3,0,0,0,0,0,0,0,0,1,0,,67,8,2007,4,39.9549,-75.2087,2243.0,6,0,0,0,0,0,1,0,0,1.0,0,0,0,22,3,3,0,,1,39 57:17.000,4.0,0,75 12:31.478,4,0,0,0,67301,0,0,0,N,0,0,0,4,67301,3,,1,1,,N,N,,0,,0,0,0,0,0,N,2240,3,3,0,0,0,0,0,3,4,0,3,3,,N,,,,,,,,,,,
2007099487,1153.0,0,0,0,0,0,0,0,0,0,0,0,,67,9,2007,7,40.0827,-75.0495,1151.0,6,0,0,0,0,0,1,0,0,,0,0,0,11,1,1,0,,0,40 04:57.864,,0,75 02:58.070,4,0,0,1,67301,0,0,0,N,0,0,0,2,67301,1,,1,1,,N,N,,0,,0,0,0,0,0,,1150,1,1,0,0,0,0,0,3,4,0,1,3,,N,,,,,,,,,,,
2007111510,1005.0,1,0,0,0,0,0,0,0,0,4,0,,67,9,2007,2,40.029,-75.1061,1000.0,6,0,0,0,0,0,0,0,0,1.0,0,0,0,10,1,2,5,,1,40 01:44.000,1.0,0,75 06:21.815,8,0,0,0,67301,0,0,0,N,0,0,0,2,67301,0,,1,1,,N,N,,1,,0,0,0,3,2,N,1000,2,2,0,0,0,2,0,3,4,0,2,3,,N,,,,,,,,,,,
2007091863,31.0,1,0,0,0,0,0,0,0,0,1,0,,67,7,2007,6,40.0643,-75.0537,25.0,6,0,0,0,0,0,1,0,0,,0,0,0,23,3,1,1,,0,40 03:51.000,,0,75 03:13.310,4,0,0,0,67301,0,0,0,N,0,0,0,2,67301,1,,1,1,,N,N,,0,,0,0,0,3,2,,2300,1,2,0,0,0,0,0,3,4,1,2,3,,N,,,,,,,,,,,
2007111559,1219.0,2,0,0,0,0,0,0,0,0,4,0,,67,9,2007,1,39.9579,-75.1641,1211.0,6,0,0,0,0,0,1,0,0,1.0,0,0,0,12,1,2,5,,1,39 57:28.000,3.0,0,75 09:50.893,4,0,0,0,67301,0,0,0,N,0,0,0,6,67301,2,,1,1,,N,N,,0,,0,0,0,3,2,Y,1208,2,2,0,0,0,0,0,3,4,0,2,3,,N,,,,,,,,,,,
2007091911,20.0,1,0,0,0,0,0,0,0,0,7,0,,67,7,2007,1,40.0989,-75.0353,15.0,6,0,1,0,0,0,0,0,0,,0,0,0,0,3,1,0,,0,40 05:56.000,,0,75 02:07.200,4,0,0,0,67301,0,0,0,,0,0,0,1,67301,1,,5,1,,N,N,,0,,0,0,0,0,0,,10,1,1,0,0,1,0,0,3,4,0,1,3,,N,,,,,,,,,,,
2007091923,827.0,2,0,0,0,0,0,0,0,0,1,0,,67,7,2007,3,40.0227,-75.1367,821.0,6,0,0,0,0,0,2,0,0,,0,0,0,8,1,1,8,,0,40 01:21.000,,6,75 08:12.364,4,0,0,0,67301,0,0,0,,0,0,0,3,67301,1,,1,1,,,,,1,,0,0,0,0,0,,821,1,3,0,0,0,0,0,3,4,0,3,3,,N,,,,,,,,,,,
2007091924,242.0,1,0,0,0,0,0,0,0,0,1,1,,67,7,2007,7,39.8861,-75.2084,240.0,6,0,0,0,0,0,0,0,0,,0,1,0,2,3,0,0,,0,39 53:09.000,,3,75 12:30.779,0,0,0,0,67301,0,0,0,,0,0,0,2,67301,0,,1,1,,N,N,,0,,0,0,0,0,0,,238,0,2,0,0,0,0,0,3,4,0,2,3,,N,,,,,,,,,,,
2007109143,140.0,1,0,0,0,0,0,0,0,0,5,0,,67,9,2007,7,40.0182,-75.1653,127.0,6,0,0,1,0,0,0,0,0,,0,0,0,99,3,2,6,,0,40 01:05.000,,2,75 09:55.731,8,0,0,0,67301,0,0,0,N,0,0,0,5,67301,0,,1,1,,N,N,,0,,0,0,1,0,0,,9999,2,2,0,0,0,2,0,3,4,0,2,3,,N,,,,,,,,,,,
2007092027,2235.0,2,0,0,0,0,0,0,0,0,1,0,,67,8,2007,3,40.0521,-75.1418,2230.0,6,0,0,0,1,0,0,0,0,,0,0,0,22,3,1,1,,0,40 03:07.000,,0,75 08:30.381,3,0,0,0,67301,0,0,0,N,0,0,0,3,67301,0,,1,1,,N,N,,0,,1,0,0,9,2,,2215,1,2,0,0,0,0,0,3,4,0,2,3,5.0,N,,,,,,,,,,,
2007084622,1215.0,2,0,0,0,0,0,0,0,0,4,0,,67,6,2007,4,40.0666,-75.1964,1206.0,6,0,0,0,0,0,0,0,0,,0,0,0,12,1,1,1,,0,40 03:59.000,,0,75 11:46.819,4,0,0,0,67301,0,0,0,N,0,0,0,3,67301,1,,1,1,,N,N,,0,,0,0,0,3,2,,1200,1,2,0,0,0,0,2,3,4,0,2,3,,N,,,,,,,,,,,
2007082476,2000.0,4,0,0,0,0,0,0,0,0,1,0,,67,5,2007,5,40.0082,-75.1975,1945.0,6,0,0,0,0,0,0,0,0,,0,0,0,19,1,4,0,,0,40 00:29.600,,0,75 11:51.100,4,0,0,0,67301,0,0,0,N,0,0,0,4,67301,1,,1,1,,N,N,,0,,0,0,0,0,0,,1945,4,4,0,0,0,3,0,3,4,0,4,3,,N,,,,,,,,,,,
2007082516,300.0,1,0,0,0,0,0,0,0,0,4,0,,67,5,2007,6,40.0331,-75.0315,254.0,6,0,0,0,0,0,0,0,0,,0,0,0,2,2,0,0,,0,40 01:59.210,,0,75 01:53.446,9,0,0,0,67301,0,0,0,N,0,0,0,1,67301,0,,1,1,,N,N,,0,,0,0,1,0,0,,245,0,3,0,0,0,0,1,3,4,0,3,3,,N,,,,,,,,,,,
2007080204,1801.0,1,0,0,0,0,0,0,0,0,8,0,,67,6,2007,2,39.9615,-75.2196,1759.0,6,0,0,0,0,0,0,0,0,,0,0,0,17,1,1,0,,0,39 57:41.400,,0,75 13:10.400,8,0,0,0,67301,1,0,0,,1,0,0,2,67301,0,,1,1,,,,,0,,0,0,0,0,0,,1745,1,2,0,0,0,1,0,3,4,0,1,3,,N,,,,,,,,,,,
2007080205,1922.0,1,0,0,0,0,0,0,0,0,8,0,,67,6,2007,6,39.9668,-75.198,1919.0,6,0,0,0,0,0,0,0,0,,0,0,0,18,1,1,1,,0,39 58:00.541,,0,75 11:52.976,8,0,0,0,67301,1,0,0,,1,0,0,2,67301,0,,1,1,,,,,0,,0,0,0,9,3,,1856,1,2,0,0,0,1,0,3,4,0,1,3,,N,,,,,,,,,,,
2007057759,1640.0,1,0,0,0,0,0,0,0,0,4,0,,67,3,2007,5,40.0441,-75.062,1631.0,6,0,0,0,0,0,1,0,0,,0,0,0,16,1,1,1,,0,40 02:38.000,,99,75 03:43.095,4,0,0,0,67301,0,0,0,N,0,0,0,2,67301,1,,1,1,,N,N,,1,,0,0,0,3,2,,1620,1,2,0,0,2,0,0,3,4,0,2,3,,N,,,,,,,,,,,
2007046282,1624.0,0,0,0,0,0,0,0,0,0,4,0,,67,2,2007,3,40.0308,-75.2268,1608.0,6,0,0,0,0,0,0,0,0,,0,0,0,16,1,0,1,,0,40 01:50.930,,0,75 13:36.350,0,0,0,0,67301,0,0,0,N,0,0,0,2,67301,0,,1,2,,N,N,,0,,0,0,1,3,3,,1600,0,2,0,0,0,0,0,3,4,1,2,10,,N,,,,,,,,,,,
2007046309,235.0,1,0,0,1,0,0,0,0,0,4,0,,67,2,2007,3,39.9513,-75.1551,230.0,6,0,0,0,0,0,0,0,0,,0,0,0,2,3,1,1,,0,39 57:04.885,,0,75 09:18.588,4,0,0,0,67301,1,0,0,N,0,0,0,2,67301,1,,1,1,,N,N,,0,,0,0,0,3,2,,220,1,2,0,0,0,0,0,3,4,0,1,3,,N,,,,,,,,,,,
2007028006,2100.0,1,0,0,0,0,0,0,0,0,8,0,,67,1,2007,4,40.0053,-75.157,2052.0,6,0,0,0,0,0,0,0,0,,0,0,0,20,3,1,1,,0,40 00:19.033,,0,75 09:25.376,3,0,0,0,67301,1,0,0,N,1,0,0,2,67301,0,,1,1,,N,N,,0,,1,0,0,3,2,,2045,1,2,0,0,0,0,0,3,4,0,1,3,,N,,,,,,,,,,,
2007056540,1445.0,1,0,0,0,0,0,0,0,0,1,0,,67,4,2007,3,39.9185,-75.2259,1441.0,6,0,0,0,0,0,0,1,0,,0,0,0,14,1,1,0,,0,39 55:06.715,,0,75 13:33.263,3,0,0,1,67301,0,0,0,N,0,0,0,2,67301,0,,1,1,,N,N,,0,,1,0,0,3,2,,1414,1,2,0,0,0,0,0,3,4,0,2,3,,N,,,,,,,,,,,
2007048972,1535.0,1,0,0,0,0,0,0,0,0,4,0,,67,3,2007,1,40.0242,-75.0955,1525.0,6,0,0,0,0,0,0,0,0,,0,0,0,15,1,2,1,,0,40 01:27.102,,0,75 05:43.897,8,0,0,0,67301,0,0,0,N,0,0,0,6,67301,0,,1,1,,N,N,,0,,0,0,1,9,2,,1520,2,2,0,0,1,2,4,3,4,0,2,3,,N,,,,,,,,,,,
2007046810,1540.0,1,0,0,0,0,0,0,0,0,4,0,,67,3,2007,5,39.982,-75.1714,1533.0,6,0,0,0,0,0,0,0,0,,0,0,0,15,1,0,2,,0,39 58:55.250,,0,75 10:17.061,9,0,0,0,67301,0,0,0,N,0,0,0,3,67301,0,,1,1,,N,N,,0,,0,0,1,0,0,,1531,0,2,0,0,2,0,1,3,4,0,2,3,,N,,,,,,,,,,,
2007080817,1520.0,1,0,0,0,0,0,0,0,0,1,0,,67,5,2007,4,39.9982,-75.1102,1515.0,6,0,0,0,0,0,0,0,0,,0,0,0,15,1,1,0,,0,39 59:53.687,,0,75 06:36.870,4,0,0,0,67301,1,0,0,N,0,0,0,4,67301,1,,1,9,,N,Y,,0,,0,0,0,0,0,,1510,1,2,0,0,0,0,0,3,4,1,2,3,,N,,,,,,,,,,,
2007080844,2225.0,1,0,0,0,0,0,0,0,0,1,0,,67,6,2007,2,,,2218.0,6,0,0,0,0,0,0,0,0,1.0,0,0,0,22,3,0,0,,2,,2.0,0,,0,0,0,0,67301,0,0,0,N,0,0,0,2,67301,0,,1,1,,N,N,,0,,0,0,1,0,0,N,2210,0,2,0,0,0,0,0,3,3,0,2,3,,N,,,,,,,,,,,
2007080860,2005.0,0,0,0,1,0,0,0,0,0,6,0,,67,6,2007,2,39.9877,-75.0924,2000.0,6,0,0,0,0,0,0,0,0,,0,0,0,19,1,1,0,,0,39 59:15.000,,0,75 05:32.513,4,0,0,0,67301,1,0,0,N,0,0,0,2,67301,1,,1,1,,N,N,,0,,0,0,0,0,0,,1955,1,2,0,0,0,0,0,3,4,0,1,3,,N,,,,,,,,,,,
2007080990,628.0,2,0,0,0,0,0,0,0,0,4,0,,67,6,2007,6,40.0329,-75.1253,623.0,6,0,0,0,0,0,0,0,0,,0,0,0,6,1,1,2,,0,40 01:58.486,,0,75 07:31.256,8,0,0,0,67301,0,0,0,N,0,0,0,3,67301,0,,1,1,,N,N,,0,,0,0,0,3,3,,623,1,2,0,0,0,1,0,3,4,0,2,3,,N,,,,,,,,,,,
2007080929,1048.0,2,0,0,0,0,0,0,0,0,4,0,,67,4,2007,5,39.981,-75.1639,1047.0,6,0,0,0,0,0,0,0,0,,0,0,0,10,1,1,1,,0,39 58:51.733,,0,75 09:50.180,4,0,0,0,67301,0,0,0,N,0,0,0,2,67301,1,,9,9,,N,N,,0,,0,0,0,3,3,,1045,1,2,0,0,1,0,0,3,4,0,2,7,,N,,,,,,,,,,,
2007080939,1455.0,1,0,0,1,0,0,0,0,0,4,0,,67,5,2007,4,39.9697,-75.1317,1450.0,6,0,0,0,0,0,0,0,0,1.0,0,0,0,14,1,1,1,,1,39 58:10.000,3.0,0,75 07:53.801,4,0,0,0,67301,1,0,0,N,0,0,0,2,67301,1,,1,1,,N,N,,0,,0,0,0,3,2,N,1446,1,2,0,0,0,0,0,3,4,0,1,3,,N,,,,,,,,,,,
2007091249,1450.0,1,0,0,0,0,0,0,0,0,1,0,,67,7,2007,6,39.9735,-75.194,1450.0,6,0,0,0,0,0,0,0,0,,0,0,0,13,1,0,0,,0,39 58:28.000,,0,75 11:39.646,9,0,0,0,67301,0,0,0,N,0,0,0,2,68K01,0,,1,1,,N,N,,0,,0,0,0,0,0,,1341,0,2,0,0,0,0,1,3,4,1,2,3,,N,,,,,,,,,,,
2007071360,30.0,3,0,0,0,0,0,0,0,0,5,0,,67,5,2007,4,40.018,-75.2076,26.0,6,0,0,0,0,0,0,0,0,2.0,0,0,0,0,3,0,0,,2,40 01:04.674,6.0,0,75 12:27.507,0,0,0,0,67301,0,0,0,,0,0,0,1,67301,0,,6,9,,,,,2,,0,0,2,0,0,N,26,0,7,0,0,0,0,0,3,4,0,7,7,,N,,,,,,,,,,,
2007066412,1500.0,0,0,0,0,0,0,0,0,0,8,0,,67,5,2007,7,40.0003,-75.1173,1443.0,6,0,0,0,0,0,0,0,0,,0,0,0,14,1,1,0,,0,40 00:01.184,,0,75 07:02.305,8,0,0,0,67301,1,0,0,N,1,0,0,2,67301,0,,1,1,,N,N,,0,,0,0,1,0,0,,1430,1,2,0,0,0,1,0,3,4,0,1,3,,N,,,,,,,,,,,
2007069134,1532.0,2,0,0,0,0,0,0,0,0,4,0,,67,6,2007,4,39.9883,-75.254,1530.0,6,0,0,0,1,0,0,0,0,1.0,0,0,0,15,1,0,1,,1,39 59:17.000,2.0,0,75 15:14.304,0,0,0,0,67301,0,0,0,N,0,0,0,5,46104,0,,1,1,,N,N,,0,,0,0,0,3,2,N,1528,0,2,0,0,0,0,0,3,4,0,2,3,,N,,,,,,,,,,,
2007080276,1804.0,1,0,0,1,0,0,0,0,0,5,0,,67,6,2007,3,39.979,-75.1714,1802.0,6,0,0,0,0,0,0,0,1,,0,0,0,18,1,1,0,,0,39 58:44.248,,0,75 10:16.885,4,0,0,0,67301,1,0,0,N,0,0,0,2,67301,1,,1,1,,N,N,,0,,0,0,0,0,0,,1800,1,2,0,0,0,0,0,3,4,0,1,3,,N,,,,,,,,,,,
2007080422,1805.0,2,0,0,0,0,0,0,0,0,2,0,,67,6,2007,5,39.9133,-75.1644,1805.0,6,0,0,0,0,0,0,0,0,,0,0,0,18,1,2,2,,0,39 54:47.818,,0,75 09:51.965,4,0,0,0,67301,0,0,0,N,0,0,0,3,67301,2,,1,1,,N,N,,0,,0,0,0,3,3,,1805,2,2,0,0,0,0,0,3,4,0,2,3,,N,,,,,,,,,,,
2007080161,1848.0,1,0,0,0,0,0,0,0,0,4,0,,67,6,2007,2,40.0229,-75.1482,1848.0,6,0,0,0,0,0,0,0,0,,0,0,0,18,1,1,1,,0,40 01:22.375,,0,75 08:53.384,4,0,0,0,67301,0,0,0,N,0,0,0,3,67301,1,,1,1,,N,N,,0,,0,0,0,9,3,,1845,1,2,0,0,3,0,0,3,4,1,2,3,,N,,,,,,,,,,,