CRN,ARRIVAL_TM,AUTOMOBILE_COUNT,BELTED_DEATH_COUNT,BELTED_SUSP_SERIOUS_INJ_COUNT,BICYCLE_COUNT,BICYCLE_DEATH_COUNT,BICYCLE_SUSP_SERIOUS_INJ_COUNT,BUS_COUNT,CHLDPAS_DEATH_COUNT,CHLDPAS_SUSP_SERIOUS_INJ_COUNT,COLLISION_TYPE,COMM_VEH_COUNT,CONS_ZONE_SPD_LIM,COUNTY,CRASH_MONTH,CRASH_YEAR,DAY_OF_WEEK,DEC_LAT,DEC_LONG,DISPATCH_TM,DISTRICT,DRIVER_COUNT_16YR,DRIVER_COUNT_17YR,DRIVER_COUNT_18YR,DRIVER_COUNT_19YR,DRIVER_COUNT_20YR,DRIVER_COUNT_50_64YR,DRIVER_COUNT_65_74YR,DRIVER_COUNT_75PLUS,EST_HRS_CLOSED,FATAL_COUNT,HEAVY_TRUCK_COUNT,HORSE_BUGGY_COUNT,HOUR_OF_DAY,ILLUMINATION,INJURY_COUNT,INTERSECT_TYPE,INTERSECTION_RELATED,LANE_CLOSED,LATITUDE,LN_CLOSE_DIR,LOCATION_TYPE,LONGITUDE,MAX_SEVERITY_LEVEL,MCYCLE_DEATH_COUNT,MCYCLE_SUSP_SERIOUS_INJ_COUNT,MOTORCYCLE_COUNT,MUNICIPALITY,NONMOTR_COUNT,NONMOTR_DEATH_COUNT,NONMOTR_SUSP_SERIOUS_INJ_COUNT,NTFY_HIWY_MAINT,PED_COUNT,PED_DEATH_COUNT,PED_SUSP_SERIOUS_INJ_COUNT,PERSON_COUNT,POLICE_AGCY,POSSIBLE_INJ_COUNT,RDWY_SURF_TYPE_CD,RELATION_TO_ROAD,ROAD_CONDITION,ROADWAY_CLEARED,SCH_BUS_IND,SCH_ZONE_IND,SECONDARY_CRASH,SMALL_TRUCK_COUNT,SPEC_JURIS_CD,SUSP_MINOR_INJ_COUNT,SUSP_SERIOUS_INJ_COUNT,SUV_COUNT,TCD_FUNC_CD,TCD_TYPE,TFC_DETOUR_IND,TIME_OF_DAY,TOT_INJ_COUNT,TOTAL_UNITS,UNB_DEATH_COUNT,UNB_SUSP_SERIOUS_INJ_COUNT,UNBELTED_OCC_COUNT,UNK_INJ_DEG_COUNT,UNK_INJ_PER_COUNT,URBAN_AREA,URBAN_RURAL,VAN_COUNT,VEHICLE_COUNT,WEATHER1,WEATHER2,WORK_ZONE_IND,WORK_ZONE_LOC,WORK_ZONE_TYPE,WORKERS_PRES,WZ_CLOSE_DETOUR,WZ_FLAGGER,WZ_LAW_OFFCR_IND,WZ_LN_CLOSURE,WZ_MOVING,WZ_OTHER,WZ_SHLDER_MDN,WZ_WORKERS_INJ_KILLED
2007066659,1828.0,2,0,0,0,0,0,0,0,0,4,0,,67,5,2007,7,40.026,-75.1467,1828.0,6,0,0,0,0,0,1,0,0,,0,0,0,16,1,2,1,,0,40 01:33.654,,0,75 08:48.101,4,0,0,0,67301,0,0,0,N,0,0,0,2,67301,1,,1,1,,N,N,,0,,0,0,0,3,2,,1627,2,2,0,0,1,1,0,3,4,0,2,3,,N,,,,,,,,,,,
2007066796,9999.0,2,0,0,0,0,0,0,0,0,4,0,,67,5,2007,2,40.0482,-75.0594,1847.0,6,0,0,0,0,0,1,0,0,,0,0,0,18,1,0,0,,0,40 02:53.000,,7,75 03:33.693,0,0,0,0,67301,0,0,0,N,0,0,0,2,67301,0,,1,1,,N,N,,0,,0,0,0,3,3,,1833,0,2,0,0,0,0,0,3,4,0,2,3,,N,,,,,,,,,,,
2007056623,815.0,2,0,0,0,0,0,0,0,0,4,0,,67,3,2007,6,39.9976,-75.1467,817.0,6,0,0,0,0,0,0,1,0,,0,0,0,8,1,1,1,,0,39 59:51.514,,0,75 08:48.199,4,0,0,0,67301,0,0,0,N,0,0,0,3,67301,1,,1,1,,N,N,,0,,0,0,0,3,3,,815,1,2,0,0,0,0,0,3,4,0,2,3,,N,,,,,,,,,,,
2007056685,1855.0,1,0,0,0,0,0,0,0,0,8,0,,67,4,2007,3,40.0293,-75.1371,1850.0,6,0,0,0,0,0,1,0,0,,0,0,0,18,1,1,0,,0,40 01:45.345,,0,75 08:13.575,4,0,0,0,67301,1,0,0,N,1,0,0,2,67301,1,,1,1,,N,N,,0,,0,0,0,3,3,,1845,1,2,0,0,0,0,0,3,4,0,1,3,,N,,,,,,,,,,,
2007057007,749.0,3,0,0,0,0,0,0,0,0,4,0,,67,4,2007,5,40.0201,-75.0562,741.0,6,0,0,0,0,0,0,0,0,,0,0,0,6,1,1,1,,0,40 01:12.208,,0,75 03:22.150,4,0,0,0,67301,0,0,0,N,0,0,0,2,67301,1,,1,9,,N,N,,0,,0,0,0,0,0,,655,1,3,0,0,0,0,0,3,4,0,3,7,,N,,,,,,,,,,,
2007046907,1830.0,1,0,0,0,0,0,0,0,0,5,0,,67,2,2007,7,39.9554,-75.1407,1823.0,6,0,0,0,0,0,1,0,0,1.0,0,0,0,18,3,2,0,,2,39 57:20.880,1.0,0,75 08:26.520,8,0,0,0,67301,0,0,0,N,0,0,0,10,67301,0,,1,1,,N,N,,0,,0,0,2,0,0,N,1823,2,3,0,0,0,2,0,3,4,0,3,3,,N,,,,,,,,,,,
2007047125,1636.0,1,0,0,0,0,0,0,0,0,1,0,,67,3,2007,2,39.981,-75.2362,1631.0,6,0,0,0,0,0,1,0,0,,0,0,0,16,1,1,0,,0,39 58:51.527,,0,75 14:10.308,4,0,0,0,67301,0,0,0,N,0,0,0,2,67301,1,,1,1,,N,N,,0,,0,0,1,0,0,,1625,1,2,0,0,0,0,0,3,4,0,2,3,,N,,,,,,,,,,,
2007060621,1856.0,0,0,0,0,0,0,0,0,0,7,0,,67,4,2007,7,39.9264,-75.1469,1854.0,6,0,0,0,0,0,0,0,0,,0,0,0,18,1,1,0,,0,39 55:39.000,,0,75 08:47.975,3,0,0,1,67301,0,0,0,N,0,0,0,1,67301,0,,2,1,,N,N,,0,,1,0,0,0,0,,1853,1,1,0,0,0,0,0,3,4,0,1,3,,N,,,,,,,,,,,
2007102425,538.0,2,0,0,0,0,0,0,0,0,4,0,,67,8,2007,6,40.0605,-75.0572,537.0,6,0,0,0,0,0,1,0,0,,0,0,0,5,5,1,1,,0,40 03:37.000,,0,75 03:26.035,4,0,0,0,67301,0,0,0,N,0,0,0,2,67301,1,,1,1,,N,N,,0,,0,0,0,3,2,,536,1,2,0,0,1,0,0,3,4,0,2,3,,N,,,,,,,,,,,
2007099402,2340.0,1,0,0,0,0,0,0,0,0,4,0,,67,8,2007,5,39.9612,-75.1466,2337.0,6,0,0,0,0,0,0,0,0,,0,0,0,23,3,0,1,,0,39 57:40.000,,0,75 08:47.803,0,0,0,0,67301,0,0,0,N,0,0,0,6,67301,0,,1,1,,N,N,,0,,0,0,0,3,2,,2330,0,2,0,0,0,0,0,3,4,1,2,3,,N,,,,,,,,,,,
2007091932,1820.0,3,0,0,0,0,0,0,0,0,1,0,,67,7,2007,6,39.9246,-75.223,1817.0,6,0,0,0,0,0,0,0,0,1.0,0,0,0,18,1,1,0,,1,39 55:28.412,2.0,0,75 13:22.944,4,0,0,0,67301,0,0,0,N,0,0,0,5,67301,1,,1,1,,N,N,,0,,0,0,0,0,0,N,1815,1,3,0,0,0,0,0,3,4,0,3,3,,N,,,,,,,,,,,
2007092055,105.0,3,0,0,0,0,0,0,0,0,1,0,,67,7,2007,1,39.9908,-75.1309,100.0,6,0,0,1,0,0,0,0,0,,0,0,0,1,3,1,1,,0,39 59:27.000,,0,75 07:51.262,4,0,0,0,67301,0,0,0,,0,0,0,4,67301,1,,1,1,,,,,0,,0,0,0,9,2,,100,1,3,0,0,1,0,3,3,4,0,3,3,,N,,,,,,,,,,,
2007084813,315.0,2,0,0,0,0,0,0,0,0,1,0,,67,8,2007,6,40.0039,-75.2207,312.0,6,0,0,0,0,0,1,0,0,,0,0,0,3,3,2,0,,0,40 00:14.000,,0,75 13:14.470,3,0,0,0,67301,0,0,0,N,0,0,0,2,46104,1,,1,1,,N,N,,0,,1,0,0,3,2,,310,2,2,0,0,0,0,0,3,4,0,2,3,,N,,,,,,,,,,,
2007084597,1305.0,2,0,0,0,0,0,0,0,0,2,0,,67,6,2007,7,40.0261,-75.2036,1300.0,6,0,0,0,0,0,0,0,0,,0,0,0,12,1,0,0,,0,40 01:34.000,,0,75 12:12.884,0,0,0,0,67301,0,0,0,N,0,0,0,2,67301,0,,1,1,,N,N,,0,,0,0,0,0,0,,1255,0,2,0,0,1,0,0,3,4,0,2,3,,N,,,,,,,,,,,
2007084610,240.0,2,0,0,0,0,0,0,0,0,6,0,,67,6,2007,4,40.0069,-75.1084,9999.0,6,0,0,0,0,0,0,0,0,,0,0,0,18,1,1,0,,0,40 00:24.800,,0,75 06:30.400,4,0,0,0,67301,0,0,0,N,0,0,0,2,67301,1,,1,1,,N,N,,0,,0,0,0,0,0,,1845,1,2,0,0,0,0,1,3,4,0,2,3,,N,,,,,,,,,,,
2007080021,1718.0,2,0,0,0,0,0,0,0,0,6,0,,67,6,2007,6,39.9215,-75.1473,1713.0,6,0,0,0,0,0,0,0,0,,0,0,0,17,1,0,1,,0,39 55:17.000,,0,75 08:50.248,0,0,0,0,67301,0,0,0,N,0,0,0,2,67301,0,,1,1,,N,N,,0,,0,0,0,3,3,,1705,0,2,0,0,0,0,0,3,4,0,2,3,,N,,,,,,,,,,,
2007081884,302.0,1,0,0,0,0,0,0,0,0,1,0,,67,6,2007,7,39.9628,-75.1835,252.0,6,0,0,0,0,0,0,0,0,2.0,0,0,0,2,3,1,6,,1,39 57:45.000,3.0,2,75 10:59.880,3,0,0,0,67301,0,0,0,N,0,0,0,2,68K01,0,,1,1,,N,N,,0,,1,0,0,0,0,N,245,1,2,0,0,1,0,1,3,4,0,2,3,,N,,,,,,,,,,,
2007058046,2035.0,1,0,0,0,0,0,0,0,0,4,0,,67,4,2007,1,40.036,-75.0492,2033.0,6,0,0,0,1,0,0,0,0,,0,0,0,20,3,2,1,,0,40 02:09.776,,0,75 02:56.943,8,0,0,0,67301,0,0,0,N,0,0,0,3,67301,0,,1,1,,N,N,,0,,0,0,0,3,3,,2030,2,2,0,0,0,2,0,3,4,0,2,3,,N,,,,,,,,,,,
2007046289,1905.0,2,0,0,0,0,0,0,0,0,1,0,,67,2,2007,1,39.9828,-75.2316,1905.0,6,0,1,0,0,0,1,0,0,,0,0,0,19,3,4,0,,0,39 58:58.051,,0,75 13:53.612,3,0,0,0,67301,0,0,0,N,0,0,0,5,67301,2,,1,7,,N,N,,0,,1,0,0,0,0,,1905,4,2,0,0,0,1,0,3,4,0,2,10,,N,,,,,,,,,,,
2007051101,1552.0,1,0,0,0,0,0,0,0,0,7,0,,67,3,2007,7,40.1068,-75.0371,1550.0,6,0,0,0,0,0,0,0,0,2.0,0,0,0,15,1,1,0,,2,40 06:24.537,3.0,0,75 02:13.480,8,0,0,0,67301,0,0,0,N,0,0,0,1,67301,0,,3,6,,N,N,,0,,0,0,0,0,0,Y,1548,1,1,0,0,0,1,0,3,4,0,1,98,,N,,,,,,,,,,,
2007022174,1613.0,0,0,0,0,0,0,0,0,0,4,0,,67,1,2007,3,40.032,-75.0315,1612.0,6,0,1,0,0,0,0,0,0,,0,0,0,16,1,2,2,,0,40 01:55.000,,0,75 01:53.254,4,0,0,0,67301,0,0,0,N,0,0,0,2,67301,2,,1,1,,N,N,,0,,0,0,1,0,0,,1609,2,2,0,0,0,0,0,3,4,0,2,3,,N,,,,,,,,,,,
2007048884,2333.0,2,0,0,0,0,0,0,0,0,1,0,,67,3,2007,1,,,2332.0,6,0,1,0,0,0,1,0,0,1.0,0,0,0,23,3,0,0,,2,,4.0,0,,0,0,0,0,67301,0,0,0,N,0,0,0,2,67301,0,,1,1,,N,N,,0,,0,0,0,0,0,N,2331,0,2,0,0,1,0,0,3,3,0,2,3,,N,,,,,,,,,,,
2007048885,1900.0,2,0,0,0,0,0,0,0,0,4,0,,67,2,2007,4,39.8925,-75.2354,1900.0,6,0,0,0,0,0,0,0,0,2.0,0,0,0,19,3,1,0,,2,39 53:32.975,2.0,0,75 14:07.613,4,0,0,0,67301,0,0,0,Y,0,0,0,2,67301,1,,1,2,,N,N,,0,,0,0,0,0,0,Y,1900,1,2,0,0,0,0,0,3,4,0,2,10,,N,,,,,,,,,,,
2007117299,920.0,2,0,0,0,0,0,0,0,0,4,0,,67,10,2007,2,39.9561,-75.238,914.0,6,0,0,1,0,0,0,0,0,,0,0,0,8,1,1,1,,0,39 57:21.859,,0,75 14:16.659,4,0,0,0,67301,0,0,0,,0,0,0,3,67301,1,,1,1,,,,,0,,0,0,0,9,2,,800,1,2,0,0,0,0,0,3,4,0,2,3,,N,,,,,,,,,,,
2007117302,1640.0,0,0,0,1,0,0,0,0,0,8,0,,67,10,2007,6,39.9495,-75.2093,1635.0,6,0,0,0,0,0,0,0,0,1.0,0,0,0,16,1,1,1,,2,39 56:58.000,5.0,0,75 12:33.312,4,0,0,0,67301,1,0,0,N,0,0,0,2,67301,1,,1,1,,N,N,,0,,0,0,1,3,2,Y,1630,1,2,0,0,0,0,0,3,4,0,1,3,,N,,,,,,,,,,,
2007080822,1741.0,1,0,0,1,0,0,0,0,0,5,0,,67,6,2007,4,39.9456,-75.1733,1735.0,6,0,0,0,0,0,0,0,0,,0,0,0,17,1,1,0,,0,39 56:44.174,,0,75 10:23.847,4,0,0,0,67301,1,0,0,N,0,0,0,2,67301,1,,1,1,,N,N,,0,,0,0,0,0,0,,1735,1,2,0,0,0,0,0,3,4,0,1,3,,N,,,,,,,,,,,
2007081022,720.0,2,0,0,0,0,0,0,0,0,6,0,,67,5,2007,5,40.0456,-75.1285,718.0,6,0,0,0,0,0,0,0,0,,0,0,0,7,1,2,1,,0,40 02:44.262,,0,75 07:42.522,4,0,0,0,67301,0,0,0,N,0,0,0,5,67301,2,,1,1,,N,N,,0,,0,0,0,3,2,,715,2,2,0,0,0,0,0,3,4,0,2,3,,N,,,,,,,,,,,
2007081025,225.0,1,0,0,0,0,0,0,0,0,7,0,,67,6,2007,7,39.9881,-75.0888,219.0,6,0,0,0,0,0,0,0,0,1.0,0,0,0,2,3,0,6,,2,39 59:17.520,1.0,0,75 05:19.320,0,0,0,0,67301,0,0,0,N,0,0,0,2,67301,0,,7,1,,N,N,,0,,0,0,0,0,0,N,215,0,1,0,0,0,0,0,3,4,0,1,3,,N,,,,,,,,,,,
2007080886,30.0,1,0,0,0,0,0,0,0,0,7,0,,67,6,2007,6,39.988,-75.0889,15.0,6,0,0,0,0,0,0,0,0,,0,0,0,0,3,1,0,,0,39 59:17.000,,0,75 05:19.632,3,0,0,0,67301,0,0,0,N,0,0,0,3,67301,0,,2,1,,N,N,,0,,1,0,0,0,0,,15,1,1,0,0,0,0,1,3,4,0,1,3,,N,,,,,,,,,,,
2007120185,900.0,2,0,0,0,0,0,0,0,0,2,0,,67,9,2007,6,,,855.0,6,0,0,0,0,0,0,0,0,,0,0,0,8,1,2,0,,0,,,0,,8,0,0,0,67301,0,0,0,N,0,0,0,2,67301,0,,1,1,,N,N,,0,,0,0,0,0,0,,855,2,2,0,0,0,2,0,3,3,0,2,3,,N,,,,,,,,,,,
2007081115,2345.0,1,0,0,0,0,0,0,0,0,1,0,,67,4,2007,1,40.0165,-75.1169,2343.0,6,0,0,0,0,0,0,0,0,3.0,0,0,0,23,3,2,0,,2,40 00:59.000,1.0,0,75 07:00.756,8,0,0,0,67301,0,0,0,N,0,0,0,4,67301,0,,1,98,,N,N,,1,,0,0,1,0,0,N,2343,2,3,0,0,0,2,0,3,4,0,3,3,,N,,,,,,,,,,,
2007066352,1115.0,1,0,0,1,0,0,0,0,0,2,0,,67,4,2007,2,39.9778,-75.151,1113.0,6,0,0,0,0,1,0,0,0,,0,0,0,11,1,1,1,,0,39 58:40.000,,0,75 09:03.591,8,0,0,0,67301,1,0,0,,0,0,0,2,67301,0,,1,1,,,,,0,,0,0,0,3,2,,1111,1,2,0,0,0,1,0,3,4,0,1,3,,N,,,,,,,,,,,
2007066520,1423.0,0,0,0,0,0,0,0,0,0,8,0,,67,4,2007,3,39.9513,-75.1554,1409.0,6,0,0,0,0,0,1,0,0,,0,0,0,14,1,1,0,,0,39 57:04.000,,0,75 09:19.590,4,0,0,0,67301,1,0,0,,1,0,0,2,67301,1,,7,1,,N,N,,0,,0,0,0,0,0,,1400,1,2,0,0,0,0,0,3,4,1,1,3,,N,,,,,,,,,,,
2007066538,30.0,2,0,0,0,0,0,0,0,0,4,0,,67,5,2007,1,40.0179,-75.1493,15.0,6,0,0,0,0,0,0,0,0,,0,0,0,99,3,0,1,,0,40 01:04.000,,0,75 08:57.222,0,0,0,0,67301,0,0,0,N,0,0,0,2,67301,0,,1,9,,N,N,,0,,0,0,0,3,2,,9999,0,2,0,0,0,0,0,3,4,0,2,7,,N,,,,,,,,,,,
2007066556,1343.0,1,0,0,0,0,0,0,0,0,7,0,,67,5,2007,1,40.0187,-75.1478,1340.0,6,0,0,0,0,0,0,0,0,,0,0,0,99,1,1,0,,0,40 01:07.000,,0,75 08:52.212,8,0,0,0,67301,0,0,0,N,0,0,0,1,67301,0,,4,1,,N,N,,0,,0,0,0,0,0,,9999,1,1,0,0,0,1,0,3,4,0,1,3,,N,,,,,,,,,,,
2007080275,830.0,2,0,0,0,0,0,0,0,0,4,0,,67,6,2007,2,39.9709,-75.1557,825.0,6,0,0,0,0,0,1,1,0,,0,0,0,99,1,1,1,,0,39 58:15.000,,0,75 09:20.494,8,0,0,0,67301,0,0,0,N,0,0,0,2,67301,0,,1,1,,N,N,,0,,0,0,0,3,2,,9999,1,2,0,0,0,1,0,3,4,0,2,3,,N,,,,,,,,,,,
2007080078,2046.0,2,0,0,0,0,0,0,0,0,4,0,,67,6,2007,5,40.1052,-75.0328,2040.0,6,0,0,0,0,0,0,0,0,1.0,0,0,0,20,3,1,1,,1,40 06:18.000,1.0,0,75 01:58.272,2,0,0,0,67301,0,0,0,N,0,0,0,2,67301,0,,1,1,,N,N,,0,,0,1,0,3,2,Y,2038,1,2,0,0,0,0,0,3,4,0,2,3,,N,,,,,,,,,,,
2007080102,2008.0,1,0,0,0,0,0,0,0,0,8,0,,67,6,2007,3,40.0055,-75.1586,2005.0,6,0,0,0,0,0,0,0,0,,0,0,0,18,1,1,1,,0,40 00:19.778,,0,75 09:30.995,8,0,0,0,67301,1,0,0,N,1,0,0,2,67301,0,,1,1,,N,N,,0,,0,0,0,3,3,,1845,1,2,0,0,0,1,0,3,4,0,1,3,,N,,,,,,,,,,,
2007080413,1544.0,1,0,0,0,0,0,0,0,0,8,0,,67,6,2007,6,40.0168,-75.0836,1542.0,6,0,0,0,0,0,0,0,0,,0,0,0,15,1,1,1,,0,40 01:00.000,,0,75 05:00.995,4,0,0,0,67301,1,0,0,N,1,0,0,2,67301,1,,1,1,,N,N,,0,,0,0,0,3,2,,1540,1,2,0,0,0,0,0,3,4,0,1,3,,N,,,,,,,,,,,
2007116261,2030.0,1,0,0,0,0,0,0,0,0,4,0,,67,10,2007,5,40.0915,-74.9656,2025.0,6,0,0,0,0,0,0,0,0,,0,0,0,20,3,1,1,,0,40 05:29.000,,0,74 57:56.182,4,0,0,0,67301,0,0,0,N,0,0,0,3,67301,1,,1,1,,N,N,,1,,0,0,0,3,2,,2023,1,2,0,0,0,0,0,3,4,0,2,3,,N,,,,,,,,,,,
2007080137,935.0,1,0,0,0,0,0,0,0,0,8,0,,67,6,2007,4,40.1065,-74.9989,925.0,6,0,0,0,0,0,0,0,0,,0,0,0,9,1,1,10,,0,40 06:23.000,,0,74 59:55.988,8,0,0,0,67301,1,0,0,N,1,0,0,2,67301,0,,1,1,,N,N,,0,,0,0,0,0,0,,910,1,2,0,0,0,1,0,3,4,0,1,3,,N,,,,,,,,,,,
2007124122,23.0,1,0,0,0,0,0,0,0,0,8,0,,67,10,2007,4,39.9645,-75.2045,18.0,6,0,0,0,0,0,0,0,0,,0,0,0,0,3,1,2,,0,39 57:52.225,,0,75 12:16.248,4,0,0,0,67301,1,0,0,N,1,0,0,2,67301,1,,1,1,,N,N,,0,,0,0,0,3,3,,18,1,2,0,0,0,0,1,3,4,0,1,3,,N,,,,,,,,,,,
2007127578,9999.0,1,0,0,0,0,0,0,0,0,1,0,,67,11,2007,3,39.9989,-75.1052,1938.0,6,0,0,0,0,0,0,0,0,,0,0,0,20,3,1,1,,0,39 59:55.935,,0,75 06:18.644,4,0,0,1,67301,0,0,0,N,0,0,0,1,67301,1,,4,1,,N,N,,0,,0,0,0,3,2,,2000,1,2,0,0,0,0,0,3,4,0,2,3,,N,,,,,,,,,,,
2007066861,9999.0,3,0,0,0,0,0,0,0,0,1,0,,67,5,2007,7,39.9164,-75.1677,9999.0,6,0,0,0,0,0,2,0,0,,0,0,0,99,1,1,0,,0,39 54:59.000,,0,75 10:03.603,4,0,0,0,67301,0,0,0,,0,0,0,3,67301,1,,1,1,,,,,0,,0,0,0,0,0,,9999,1,3,0,0,0,0,0,3,4,0,3,3,,N,,,,,,,,,,,
2007056669,1607.0,2,0,0,0,0,0,0,0,0,4,0,,67,4,2007,4,39.9601,-75.1734,1604.0,6,0,0,1,0,0,0,0,0,2.0,0,0,0,15,1,1,5,,1,39 57:37.000,6.0,0,75 10:25.443,4,0,0,0,67301,0,0,0,N,0,0,0,3,67301,1,,1,1,,N,N,,0,,0,0,0,3,2,Y,1550,1,2,0,0,0,0,0,3,4,0,2,3,,N,,,,,,,,,,,
2007056677,1543.0,1,0,0,0,0,0,0,0,0,1,0,,67,4,2007,6,39.9723,-75.1219,1537.0,6,0,0,0,0,0,1,1,0,1.0,0,0,0,15,1,3,0,,1,39 58:23.302,1.0,0,75 07:14.052,8,0,0,0,67301,0,0,0,N,0,0,0,5,67301,0,,1,1,,N,N,,1,,0,0,1,0,0,N,1535,3,3,0,0,0,3,0,3,4,0,3,3,,N,,,,,,,,,,,
2007056686,1525.0,3,0,0,0,0,0,0,0,0,1,0,,67,4,2007,6,40.0937,-74.9673,1520.0,6,0,0,0,0,0,1,1,0,2.0,0,0,0,15,1,2,1,,1,40 05:37.000,1.0,0,74 58:02.359,3,0,0,0,67301,0,0,0,N,0,0,0,4,67301,0,,1,1,,N,N,,0,,2,0,0,0,0,N,1520,2,3,0,0,0,0,0,3,4,0,3,3,,N,,,,,,,,,,,
2007056968,1525.0,0,0,0,0,0,0,0,0,0,1,0,,67,3,2007,5,39.959,-75.1718,1510.0,6,0,0,0,0,0,0,0,0,1.0,0,0,0,15,1,1,0,,2,39 57:32.359,3.0,0,75 10:18.325,8,0,0,0,67301,0,0,0,N,0,0,0,3,67301,0,,1,1,,N,N,,0,,0,0,1,0,0,N,1508,1,2,0,0,0,1,0,3,4,1,2,3,,N,,,,,,,,,,,
2007057031,1615.0,0,0,0,0,0,0,0,0,0,8,0,,67,3,2007,3,39.9534,-75.2248,1614.0,6,0,0,0,0,0,0,0,0,,0,0,0,16,1,1,0,,0,39 57:12.117,,0,75 13:29.323,3,0,0,0,67301,1,0,0,N,1,0,0,3,67301,0,,1,1,,N,N,,0,,1,0,1,0,0,,1614,1,2,0,0,0,0,0,3,4,0,1,3,,N,,,,,,,,,,,
2007046904,711.0,1,0,0,0,0,0,0,0,0,8,0,,67,1,2007,5,40.0356,-75.1239,702.0,6,0,0,0,0,0,0,0,0,,0,0,0,6,5,1,1,,0,40 02:08.080,,0,75 07:25.889,8,0,0,0,67301,1,0,0,N,1,0,0,2,67301,0,,1,9,,N,N,,0,,0,0,0,3,2,,645,1,2,0,0,0,1,0,3,4,0,1,10,,N,,,,,,,,,,,
2007056983,1553.0,2,0,0,0,0,0,0,0,0,2,0,,67,4,2007,2,40.0434,-75.0298,1551.0,6,0,0,0,0,0,0,0,0,1.0,0,0,0,15,1,2,1,,2,40 02:36.000,3.0,0,75 01:47.119,8,0,0,0,67301,0,0,0,N,0,0,0,3,67301,0,,1,1,,N,N,,0,,0,0,0,3,3,Y,1550,2,2,0,0,0,2,1,3,4,0,2,3,,N,,,,,,,,,,,
2007047043,1030.0,0,0,0,0,0,0,0,0,0,1,3,,67,2,2007,3,39.9594,-75.1738,945.0,6,0,0,0,0,0,0,0,0,2.0,0,3,0,9,1,5,0,,1,39 57:34.000,4.0,0,75 10:35.720,4,0,0,0,67301,0,0,0,Y,0,0,0,6,67301,4,,1,1,,N,N,,0,,0,0,0,0,0,N,945,5,3,0,0,0,1,0,3,4,0,3,3,,N,,,,,,,,,,,
2007058106,806.0,0,0,0,0,0,0,0,0,0,7,0,,67,4,2007,1,40.0443,-75.2177,805.0,6,0,0,0,0,0,0,0,0,,0,0,0,8,1,0,0,,0,40 02:40.294,,0,75 13:03.764,0,0,0,0,67301,0,0,0,N,0,0,0,1,67301,0,,4,9,,N,N,,0,,0,0,1,0,0,,804,0,1,0,0,0,0,0,3,4,0,1,7,,N,,,,,,,,,,,
2007091921,1716.0,1,0,0,0,0,0,0,0,0,4,0,,67,8,2007,6,39.9159,-75.2453,1705.0,6,0,0,0,0,1,0,0,0,,0,0,0,16,1,4,2,,0,39 54:57.000,,0,75 14:42.963,4,0,0,0,67301,0,0,0,N,0,0,0,4,67301,4,,1,1,,N,N,,0,,0,0,1,3,3,,1645,4,2,0,0,0,0,0,3,4,0,2,3,,N,,,,,,,,,,,
2007091952,1359.0,1,0,0,0,0,0,0,0,0,5,0,,67,6,2007,1,39.9746,-75.1995,1358.0,6,0,0,0,0,0,0,0,0,,0,0,0,13,1,1,2,,0,39 58:28.000,,0,75 11:58.249,8,0,0,0,67301,4,0,0,N,0,0,0,5,67301,0,,1,1,,N,N,,1,,0,0,1,3,2,,1355,1,3,0,0,0,1,0,3,4,0,3,3,,N,,,,,,,,,,,
2007092174,1058.0,2,0,0,0,0,0,0,0,0,4,0,,67,7,2007,4,39.9454,-75.1797,1050.0,6,0,0,0,0,0,0,0,0,1.0,0,0,0,10,1,1,2,,1,39 56:43.472,3.0,0,75 10:47.006,3,0,0,0,67301,0,0,0,,0,0,0,3,67301,0,,1,1,,,,,0,,1,0,0,9,2,N,1045,1,2,0,0,0,0,2,3,4,0,2,3,,N,,,,,,,,,,,
2007109146,1432.0,2,0,0,0,0,0,0,0,0,2,0,,67,9,2007,5,39.9076,-75.1902,1429.0,6,0,0,0,0,0,0,0,0,1.0,0,0,0,14,1,2,3,,2,39 54:27.000,3.0,0,75 11:24.328,4,0,0,0,67301,0,0,0,N,0,0,0,2,67301,2,,1,1,,N,N,,0,,0,0,0,3,2,Y,1415,2,2,0,0,0,0,0,3,4,0,2,3,,N,,,,,,,,,,,
2007111893,44.0,1,0,0,0,0,0,0,0,0,7,0,,67,9,2007,4,39.9039,-75.1502,41.0,6,0,0,0,0,0,0,0,0,,0,0,0,0,3,0,0,,0,39 54:25.000,,0,75 08:58.365,0,0,0,0,67301,0,0,0,N,0,0,0,2,67301,0,,2,1,,N,N,,0,,0,0,0,0,0,,35,0,1,0,0,0,0,0,3,4,0,1,3,,N,,,,,,,,,,,
2007092056,1040.0,1,0,0,0,0,0,0,0,0,4,0,,67,7,2007,7,40.0256,-75.0316,1040.0,6,0,0,0,0,0,0,0,0,,0,0,0,10,1,2,1,,0,40 01:32.000,,0,75 01:53.915,4,0,0,0,67301,0,0,0,N,0,0,0,3,67301,2,,1,1,,N,N,,1,,0,0,0,3,2,,1030,2,2,0,0,0,0,0,3,4,0,2,3,,N,,,,,,,,,,,
2007091889,1618.0,1,0,0,0,0,0,0,0,0,8,0,,67,7,2007,6,40.0269,-75.2191,1614.0,6,0,0,0,0,0,0,0,0,,0,0,0,16,1,1,0,,0,40 01:36.919,,0,75 13:08.821,4,0,0,0,67301,1,0,0,,1,0,0,2,67301,1,,1,1,,N,N,,0,,0,0,0,0,0,,1604,1,2,0,0,0,0,0,3,4,0,1,3,,N,,,,,,,,,,,