CRN,ARRIVAL_TM,AUTOMOBILE_COUNT,BELTED_DEATH_COUNT,BELTED_SUSP_SERIOUS_INJ_COUNT,BICYCLE_COUNT,BICYCLE_DEATH_COUNT,BICYCLE_SUSP_SERIOUS_INJ_COUNT,BUS_COUNT,CHLDPAS_DEATH_COUNT,CHLDPAS_SUSP_SERIOUS_INJ_COUNT,COLLISION_TYPE,COMM_VEH_COUNT,CONS_ZONE_SPD_LIM,COUNTY,CRASH_MONTH,CRASH_YEAR,DAY_OF_WEEK,DEC_LAT,DEC_LONG,DISPATCH_TM,DISTRICT,DRIVER_COUNT_16YR,DRIVER_COUNT_17YR,DRIVER_COUNT_18YR,DRIVER_COUNT_19YR,DRIVER_COUNT_20YR,DRIVER_COUNT_50_64YR,DRIVER_COUNT_65_74YR,DRIVER_COUNT_75PLUS,EST_HRS_CLOSED,FATAL_COUNT,HEAVY_TRUCK_COUNT,HORSE_BUGGY_COUNT,HOUR_OF_DAY,ILLUMINATION,INJURY_COUNT,INTERSECT_TYPE,INTERSECTION_RELATED,LANE_CLOSED,LATITUDE,LN_CLOSE_DIR,LOCATION_TYPE,LONGITUDE,MAX_SEVERITY_LEVEL,MCYCLE_DEATH_COUNT,MCYCLE_SUSP_SERIOUS_INJ_COUNT,MOTORCYCLE_COUNT,MUNICIPALITY,NONMOTR_COUNT,NONMOTR_DEATH_COUNT,NONMOTR_SUSP_SERIOUS_INJ_COUNT,NTFY_HIWY_MAINT,PED_COUNT,PED_DEATH_COUNT,PED_SUSP_SERIOUS_INJ_COUNT,PERSON_COUNT,POLICE_AGCY,POSSIBLE_INJ_COUNT,RDWY_SURF_TYPE_CD,RELATION_TO_ROAD,ROAD_CONDITION,ROADWAY_CLEARED,SCH_BUS_IND,SCH_ZONE_IND,SECONDARY_CRASH,SMALL_TRUCK_COUNT,SPEC_JURIS_CD,SUSP_MINOR_INJ_COUNT,SUSP_SERIOUS_INJ_COUNT,SUV_COUNT,TCD_FUNC_CD,TCD_TYPE,TFC_DETOUR_IND,TIME_OF_DAY,TOT_INJ_COUNT,TOTAL_UNITS,UNB_DEATH_COUNT,UNB_SUSP_SERIOUS_INJ_COUNT,UNBELTED_OCC_COUNT,UNK_INJ_DEG_COUNT,UNK_INJ_PER_COUNT,URBAN_AREA,URBAN_RURAL,VAN_COUNT,VEHICLE_COUNT,WEATHER1,WEATHER2,WORK_ZONE_IND,WORK_ZONE_LOC,WORK_ZONE_TYPE,WORKERS_PRES,WZ_CLOSE_DETOUR,WZ_FLAGGER,WZ_LAW_OFFCR_IND,WZ_LN_CLOSURE,WZ_MOVING,WZ_OTHER,WZ_SHLDER_MDN,WZ_WORKERS_INJ_KILLED
2007084620,1824.0,3,0,0,0,0,0,0,0,0,1,0,,67,6,2007,7,40.0202,-75.1141,1818.0,6,0,0,0,0,0,0,0,0,1.0,0,0,0,18,1,1,1,,1,40 01:12.000,1.0,0,75 06:50.708,4,0,0,0,67301,0,0,0,,0,0,0,9,67301,1,,1,1,,N,N,,0,,0,0,0,3,2,Y,1800,1,3,0,0,9,0,0,3,4,0,3,3,,N,,,,,,,,,,,
2007084621,2017.0,1,0,0,0,0,0,0,0,0,4,0,,67,6,2007,6,39.9467,-75.1746,2013.0,6,0,0,0,0,0,0,0,0,,0,0,0,19,4,0,1,,0,39 56:48.278,,0,75 10:28.689,0,0,0,0,67301,0,0,0,N,0,0,0,2,67301,0,,1,1,,N,N,,0,,0,0,1,3,2,,1945,0,2,0,0,0,0,0,3,4,0,2,3,,N,,,,,,,,,,,
2007082487,1625.0,0,0,0,0,0,0,0,0,0,8,0,,67,5,2007,4,40.0829,-74.9766,1621.0,6,0,0,0,0,0,0,0,0,,0,0,0,16,1,1,0,,0,40 04:58.612,,7,74 58:35.724,4,0,0,0,67301,1,0,0,,1,0,0,2,67301,1,,4,1,,,,,0,,0,0,0,0,0,,1615,1,2,0,0,0,0,0,3,4,1,1,3,,N,,,,,,,,,,,
2007082211,1635.0,1,0,0,0,0,0,0,0,0,8,0,,67,5,2007,2,39.9182,-75.236,1630.0,6,0,0,0,0,0,0,0,0,,0,0,0,16,1,1,2,,0,39 55:05.000,,0,75 14:09.639,4,0,0,0,67301,1,0,0,,1,0,0,2,67301,1,,1,1,,,,,0,,0,0,0,3,2,,1630,1,2,0,0,0,0,0,3,4,0,1,3,,N,,,,,,,,,,,
2007082224,1230.0,3,0,0,0,0,0,0,0,0,4,0,,67,6,2007,1,40.0356,-75.1239,1218.0,6,0,0,1,0,0,0,0,0,,0,0,0,12,1,0,1,,0,40 02:08.000,,0,75 07:25.890,0,0,0,0,67301,0,0,0,N,0,0,0,3,67301,0,,1,1,,N,N,,0,,0,0,0,3,2,,1215,0,3,0,0,0,0,0,3,4,0,3,3,,N,,,,,,,,,,,
2007080057,816.0,1,0,0,0,0,0,0,0,0,8,0,,67,6,2007,2,39.926,-75.182,813.0,6,0,0,0,0,0,0,0,0,,0,0,0,8,1,1,0,,0,39 55:33.357,,0,75 10:54.394,4,0,0,0,67301,1,0,0,N,1,0,0,2,67301,1,,1,1,,N,N,,0,,0,0,0,0,0,,800,1,2,0,0,0,0,1,3,4,0,1,3,,N,,,,,,,,,,,
2007057980,1316.0,0,0,0,0,0,0,0,0,0,0,0,,67,4,2007,1,39.8991,-75.1673,1308.0,6,0,0,0,0,0,1,0,0,1.0,0,0,0,13,1,0,0,,2,39 54:00.000,1.0,0,75 09:32.555,0,0,0,0,67301,0,0,0,N,0,0,0,1,67301,0,,1,9,,N,N,,0,,0,0,1,0,0,Y,1307,0,1,0,0,0,0,0,3,4,0,1,7,,N,,,,,,,,,,,
2007058139,2335.0,2,0,0,0,0,0,0,0,0,5,0,,67,4,2007,1,,,2334.0,6,0,0,0,0,0,0,0,0,2.0,0,0,0,23,3,0,0,,2,,4.0,0,,9,0,0,0,67301,0,0,0,N,0,0,0,3,67301,0,,1,1,,N,N,,0,,0,0,0,0,0,N,2332,0,2,0,0,0,0,1,3,3,0,2,3,,N,,,,,,,,,,,
2007058014,645.0,1,0,0,0,0,0,0,0,0,6,0,,67,4,2007,3,40.0638,-75.1729,640.0,6,0,0,0,0,0,1,0,0,,0,0,0,6,1,1,1,,0,40 03:49.000,,0,75 10:22.443,4,0,0,0,67301,0,0,0,N,0,0,0,2,67301,1,,1,1,,N,N,,0,,0,0,1,3,3,,640,1,2,0,0,0,0,0,3,4,0,2,3,,N,,,,,,,,,,,
2007048964,1920.0,1,0,0,0,0,0,0,0,0,5,0,,67,2,2007,6,40.0377,-75.0759,1908.0,6,0,0,0,0,0,1,0,0,3.0,0,0,0,19,3,1,1,,2,40 02:15.590,6.0,0,75 04:33.383,2,0,0,0,67301,0,0,0,N,0,0,0,3,67301,0,,1,2,,N,N,,0,,0,1,1,0,0,Y,1907,1,3,0,1,1,0,0,3,4,0,2,98,,N,,,,,,,,,,,
2007046825,1543.0,1,0,0,1,0,0,0,0,0,1,0,,67,3,2007,2,39.9309,-75.1564,1539.0,6,0,0,0,0,0,0,0,0,,0,0,0,15,1,1,0,,0,39 55:51.140,,0,75 09:23.113,8,0,0,0,67301,1,0,0,N,0,0,0,2,67301,0,,4,9,,N,N,,0,,0,0,0,0,0,,1533,1,2,0,0,0,1,0,3,4,0,1,98,,N,,,,,,,,,,,
2007044376,1509.0,1,0,0,0,0,0,0,0,0,1,0,,67,1,2007,6,40.0345,-75.1149,1508.0,6,0,0,0,0,1,0,0,1,2.0,1,0,0,15,1,0,1,,1,40 02:04.000,5.0,0,75 06:53.623,1,0,0,0,67301,0,0,0,N,0,0,0,2,67301,0,2.0,1,1,,N,N,,0,0.0,0,0,0,3,2,Y,1507,0,2,0,0,0,0,0,3,4,1,2,3,,N,,,,,,,,,,,
2007117251,525.0,2,0,0,0,0,0,0,0,0,4,0,,67,10,2007,6,40.0275,-75.0624,517.0,6,0,0,0,0,0,0,0,0,1.0,0,0,0,5,3,1,1,,1,40 01:38.000,3.0,0,75 03:44.584,8,0,0,0,67301,0,0,0,N,0,0,0,2,67301,0,,1,9,,N,N,,0,,0,0,0,3,2,N,515,1,2,0,0,0,1,0,3,4,0,2,7,,N,,,,,,,,,,,
2007120229,15.0,1,0,0,0,0,0,0,0,0,8,0,,67,9,2007,2,39.9999,-75.1154,10.0,6,0,0,0,0,0,0,0,0,,0,0,0,19,1,1,0,,0,39 59:59.758,,0,75 06:55.328,3,0,0,0,67301,1,0,0,,1,0,0,2,67301,0,,1,1,,N,N,,0,,1,0,0,0,0,,1900,1,2,0,0,0,0,0,3,4,0,1,3,,N,,,,,,,,,,,
2007081121,2350.0,0,0,0,0,0,0,0,0,0,4,0,,67,6,2007,5,40.02,-75.0634,2350.0,6,0,0,0,0,0,0,0,0,,0,0,0,23,3,1,5,,0,40 01:12.000,,0,75 03:48.333,4,0,0,0,67301,0,0,0,N,0,0,0,3,67301,1,,1,1,,N,N,,1,,0,0,0,3,3,,2340,1,2,0,0,0,0,0,3,4,1,2,3,,N,,,,,,,,,,,
2007066384,1930.0,1,0,0,0,0,0,0,0,0,7,0,,67,4,2007,1,40.0037,-75.169,1925.0,6,0,0,0,0,1,0,0,0,1.0,0,0,0,19,4,1,0,,1,40 00:13.237,5.0,0,75 10:08.552,3,0,0,0,67301,0,0,0,N,0,0,0,1,67301,0,,2,1,,N,N,,0,,1,0,0,0,0,N,1920,1,1,0,0,1,0,0,3,4,0,1,3,,N,,,,,,,,,,,
2007066392,1159.0,0,0,0,0,0,0,0,0,0,7,0,,67,5,2007,6,40.0177,-75.1591,1155.0,6,0,0,0,0,0,0,1,0,,0,0,0,99,1,1,2,,0,40 01:03.000,,0,75 09:32.606,4,0,0,0,67301,0,0,0,N,0,0,0,1,67301,1,,4,1,,N,N,,1,,0,0,0,0,0,,9999,1,1,0,0,0,0,0,3,4,0,1,3,,N,,,,,,,,,,,
2007066433,1919.0,2,0,0,0,0,0,0,0,0,1,0,,67,5,2007,7,40.0109,-75.1031,1912.0,6,0,0,0,0,0,0,0,0,,0,0,0,18,4,1,0,,0,40 00:39.128,,0,75 06:11.102,4,0,0,0,67301,0,0,0,N,0,0,0,4,67301,1,,1,1,,N,N,,0,,0,0,0,0,0,,1840,1,2,0,0,0,0,0,3,4,0,2,3,,N,,,,,,,,,,,
2007066501,1340.0,1,0,0,1,0,0,0,0,0,5,0,,67,5,2007,4,39.9334,-75.1527,1330.0,6,0,0,0,0,0,0,0,0,,0,0,0,12,1,1,0,,0,39 56:00.286,,0,75 09:09.795,4,0,0,0,67301,1,0,0,N,0,0,0,2,67301,1,,1,1,,N,N,,0,,0,0,0,0,0,,1250,1,2,0,0,0,0,1,3,4,0,1,3,,N,,,,,,,,,,,
2007066519,1620.0,1,0,0,0,0,0,0,0,0,8,0,,67,5,2007,1,39.9993,-75.1332,1609.0,6,0,0,0,0,0,0,0,0,,0,0,0,99,1,1,0,,0,39 59:57.454,,0,75 07:59.552,3,0,0,0,67301,1,0,0,N,1,0,0,2,67301,0,,1,1,,N,N,,0,,1,0,0,0,0,,9999,1,2,0,0,0,0,0,3,4,0,1,3,,N,,,,,,,,,,,
2007066521,1138.0,1,0,0,0,0,0,0,0,0,4,0,,67,4,2007,2,39.9578,-75.1472,1136.0,6,0,0,0,0,0,1,0,0,,0,0,0,11,1,3,2,,0,39 57:28.000,,0,75 08:50.071,4,0,0,0,67301,0,0,0,,0,0,0,4,67301,3,,1,1,,N,N,,0,,0,0,1,3,2,,1133,3,2,0,0,0,0,0,3,4,0,2,3,,N,,,,,,,,,,,
2007066522,1107.0,1,0,0,0,0,0,0,0,0,5,0,,67,5,2007,7,39.9573,-75.1427,1105.0,6,0,0,0,0,0,1,0,0,,0,0,0,11,1,1,1,,0,39 57:25.871,,0,75 08:31.299,4,0,0,1,67301,0,0,0,N,0,0,0,2,67301,1,,1,1,,N,N,,0,,0,0,0,3,2,,1100,1,2,0,0,0,0,0,3,4,0,2,3,,N,,,,,,,,,,,
2007116266,1130.0,2,0,0,0,0,0,0,0,0,4,0,,67,10,2007,2,39.9736,-75.2517,1112.0,6,0,0,0,0,0,0,0,1,,0,0,0,11,1,1,1,,0,39 58:24.999,,0,75 15:06.109,4,0,0,0,67301,0,0,0,N,0,0,0,3,67301,1,,1,1,,N,N,,0,,0,0,0,9,3,,1100,1,2,0,0,0,0,0,3,4,0,2,3,,N,,,,,,,,,,,
2007116270,455.0,2,0,0,0,0,0,0,0,0,1,0,,67,10,2007,6,40.0372,-75.013,440.0,6,0,0,0,0,0,0,0,0,,0,0,0,4,3,2,0,,0,40 02:15.000,,0,75 00:43.179,4,0,0,0,67301,0,0,0,N,0,0,0,2,67301,2,,1,1,,N,N,,0,,0,0,0,0,0,,440,2,2,0,0,0,0,0,3,4,0,2,3,,N,,,,,,,,,,,
2007080117,1207.0,2,0,0,0,0,0,0,0,0,4,0,,67,6,2007,3,40.0291,-75.1151,1200.0,6,0,0,0,1,0,1,0,0,,0,0,0,11,1,1,2,,0,40 01:44.684,,0,75 06:54.442,8,0,0,0,67301,0,0,0,N,0,0,0,4,67301,0,,1,1,,N,N,,0,,0,0,0,3,3,,1155,1,2,0,0,0,1,0,3,4,0,2,3,,N,,,,,,,,,,,
2007080145,1212.0,2,0,0,0,0,0,0,0,0,2,0,,67,6,2007,1,39.9119,-75.1728,1208.0,6,0,0,0,0,1,0,1,0,,0,0,0,11,1,1,5,,0,39 54:42.000,,0,75 10:21.917,4,0,0,0,67301,0,0,0,N,0,0,0,6,67301,1,,1,1,,N,N,,0,,0,0,0,3,2,,1147,1,2,0,0,0,0,0,3,4,0,2,3,,N,,,,,,,,,,,
2007066678,950.0,1,0,0,0,0,0,0,0,0,1,0,,67,5,2007,6,39.9724,-75.1292,930.0,6,0,0,0,0,0,0,0,0,,0,0,0,9,1,1,2,,0,39 58:20.481,,0,75 07:45.227,8,0,0,0,67301,0,0,0,,0,0,0,2,67301,0,,1,1,,N,N,,0,,0,0,1,3,3,,930,1,2,0,0,1,1,0,3,4,0,2,3,,N,,,,,,,,,,,
2007066847,1250.0,2,0,0,0,0,0,0,0,0,7,0,,67,5,2007,5,,,1247.0,6,0,0,0,0,0,0,0,0,,0,0,0,12,1,3,0,,0,,,0,,8,0,0,0,67301,3,0,0,,0,0,0,4,67301,0,,1,1,,,,,1,,0,0,0,9,8,,1247,3,3,0,0,0,3,1,3,3,0,3,3,,N,,,,,,,,,,,
2007066852,9999.0,0,0,0,0,0,0,0,0,0,4,0,,67,5,2007,6,39.9464,-75.2191,9999.0,6,1,0,0,0,0,0,0,0,,0,0,0,18,1,1,1,,0,39 56:46.986,,0,75 13:08.878,8,0,0,0,67301,0,0,0,N,0,0,0,9,67301,0,,1,1,,N,N,,0,,0,0,1,3,3,,1830,1,2,0,0,0,1,2,3,4,1,2,3,,N,,,,,,,,,,,
2007056647,705.0,2,0,0,0,0,0,0,0,0,4,0,,67,3,2007,6,39.9405,-75.2189,702.0,6,0,0,0,0,0,2,0,0,,0,0,0,6,1,1,1,,0,39 56:25.000,,0,75 13:08.210,4,0,0,0,67301,0,0,0,N,0,0,0,2,67301,1,,1,1,,N,N,,0,,0,0,0,3,2,,659,1,2,0,0,0,0,0,3,4,0,2,3,,N,,,,,,,,,,,
2007056711,1131.0,0,0,0,0,0,0,0,0,0,4,0,,67,4,2007,4,39.9667,-75.2111,1129.0,6,0,0,0,0,0,0,0,0,,0,0,0,11,1,1,1,,0,39 58:00.292,,0,75 12:39.920,4,0,0,0,67301,0,0,0,N,0,0,0,2,67301,1,,1,1,,N,Y,,1,,0,0,0,3,2,,1127,1,2,0,0,0,0,0,3,4,1,2,3,,N,,,,,,,,,,,
2007056719,808.0,3,0,0,0,0,0,0,0,0,4,0,,67,4,2007,3,39.9637,-75.1901,806.0,6,0,0,0,0,0,0,0,0,,0,0,0,8,1,0,1,,0,39 57:49.219,,0,75 11:24.233,0,0,0,0,67301,0,0,0,N,0,0,0,3,67301,0,,1,1,,N,N,,0,,0,0,0,3,3,,803,0,3,0,0,0,0,0,3,4,0,3,3,,N,,,,,,,,,,,
2007057040,1619.0,0,0,0,0,0,0,1,0,0,4,1,,67,4,2007,6,40.0811,-75.0289,1618.0,6,0,0,0,0,0,0,0,0,2.0,0,0,0,16,1,1,1,,1,40 04:51.000,2.0,0,75 01:43.882,4,0,0,0,67301,0,0,0,N,0,0,0,5,67301,1,,1,1,,N,N,,1,,0,0,0,3,2,N,1615,1,2,0,0,0,0,0,3,4,0,2,3,,N,,,,,,,,,,,
2007057049,1657.0,1,0,0,1,0,0,0,0,0,4,0,,67,3,2007,4,39.9152,-75.1582,1650.0,6,0,0,0,0,1,0,0,0,,0,0,0,16,1,1,1,,0,39 54:54.000,,0,75 09:29.272,4,0,0,0,67301,1,0,0,N,0,0,0,2,67301,1,,1,1,,N,N,,0,,0,0,0,9,2,,1640,1,2,0,0,0,0,0,3,4,0,1,3,,N,,,,,,,,,,,
2007057050,2003.0,1,0,0,0,0,0,0,0,0,8,0,,67,3,2007,6,39.9243,-75.1501,1959.0,6,0,0,0,0,0,0,0,0,,0,0,0,19,3,1,1,,0,39 55:27.516,,0,75 09:00.352,4,0,0,0,67301,1,0,0,N,1,0,0,2,67301,1,,1,1,,N,N,,0,,0,0,0,9,3,,1950,1,2,0,0,0,0,0,3,4,0,1,3,,N,,,,,,,,,,,
2007046890,1036.0,1,0,0,1,0,0,0,0,0,8,0,,67,2,2007,2,39.9428,-75.1739,1034.0,6,0,0,0,0,0,0,0,0,,0,0,0,10,1,1,1,,0,39 56:34.069,,0,75 10:25.946,4,0,0,0,67301,1,0,0,N,0,0,0,2,67301,1,,1,2,,N,N,,0,,0,0,0,3,3,,1034,1,2,0,0,0,0,0,3,4,0,1,3,,N,,,,,,,,,,,
2007047014,1820.0,0,0,0,0,0,0,0,0,0,8,0,,67,2,2007,7,39.9752,-75.1211,1814.0,6,0,0,0,0,0,0,0,0,,0,0,0,18,3,1,1,,0,39 58:32.542,,0,75 07:13.776,8,0,0,0,67301,1,0,0,N,1,0,0,2,67301,0,,1,2,,N,N,,0,,0,0,0,3,2,,1813,1,2,0,0,0,1,0,3,4,1,1,98,,N,,,,,,,,,,,
2007047130,158.0,3,0,0,0,0,0,0,0,0,2,0,,67,2,2007,6,39.9733,-75.2351,155.0,6,0,0,0,0,0,0,0,0,,0,0,0,1,3,1,0,,0,39 58:23.878,,0,75 14:06.375,8,0,0,0,67301,0,0,0,N,0,0,0,2,67301,0,,1,9,,N,N,,0,,0,0,0,0,0,,155,1,3,0,0,2,1,0,3,4,0,3,7,,N,,,,,,,,,,,
2007047145,800.0,2,0,0,0,0,0,0,0,0,4,0,,67,2,2007,4,40.0066,-75.1058,755.0,6,0,0,1,0,0,0,0,0,,0,0,0,7,1,1,1,,0,40 00:23.619,,0,75 06:20.851,4,0,0,0,67301,0,0,0,N,0,0,0,2,67301,1,,1,9,,N,N,,0,,0,0,0,3,3,,740,1,2,0,0,0,0,0,3,4,0,2,98,,N,,,,,,,,,,,
2007099497,635.0,2,0,0,0,0,0,0,0,0,4,0,,67,8,2007,7,39.9886,-75.1062,630.0,6,0,0,0,0,0,0,0,0,1.0,0,0,0,6,5,2,0,,2,39 59:18.000,5.0,0,75 06:22.356,4,0,0,0,67301,0,0,0,N,0,0,0,5,67301,2,,1,1,,N,N,,1,,0,0,1,0,0,N,620,2,5,0,0,0,0,0,3,4,1,5,3,,N,,,,,,,,,,,
2007099303,2054.0,1,0,0,0,0,0,0,0,0,4,0,,67,9,2007,6,39.9981,-75.2332,2052.0,6,0,0,0,0,0,0,0,0,,0,0,0,20,3,1,1,,0,39 59:56.000,,0,75 13:52.968,8,0,0,0,67301,0,0,0,N,0,0,0,2,46104,0,,1,1,,N,N,,1,,0,0,0,3,3,,2052,1,2,0,0,0,1,0,3,4,0,2,3,,N,,,,,,,,,,,
2007099406,2005.0,0,0,0,0,0,0,0,0,0,7,0,,67,8,2007,6,39.9265,-75.2354,2000.0,6,0,0,0,0,0,0,0,0,1.0,0,0,0,20,4,1,0,,2,39 55:35.464,2.0,0,75 14:07.606,4,0,0,1,67301,0,0,0,N,0,0,0,1,67301,1,,1,1,,N,N,,0,,0,0,0,3,2,Y,2000,1,1,0,0,0,0,0,3,4,0,1,3,,N,,,,,,,,,,,
2007091903,1400.0,1,0,0,0,0,0,0,0,0,4,0,,67,7,2007,6,39.9281,-75.2194,1400.0,6,0,0,0,0,0,0,0,0,,0,0,0,14,1,0,1,,0,39 55:41.000,,0,75 13:09.927,9,0,0,0,67301,0,0,0,N,0,0,0,6,67301,0,,1,1,,N,Y,,0,,0,0,0,9,2,,1400,0,2,0,0,0,0,4,3,4,1,2,3,,N,,,,,,,,,,,
2007092201,223.0,1,0,0,0,0,0,0,0,0,7,0,,67,7,2007,6,40.0413,-75.0581,220.0,6,0,0,0,0,0,0,0,0,,0,0,0,2,3,0,8,,0,40 02:28.680,,6,75 03:29.160,0,0,0,0,67301,0,0,0,N,0,0,0,1,67301,0,,3,1,,N,N,,0,,0,0,0,0,0,,218,0,1,0,0,0,0,0,3,4,0,1,3,,N,,,,,,,,,,,
2007091988,1100.0,0,0,0,0,0,0,0,0,0,7,0,,67,7,2007,5,40.008,-75.1916,1100.0,6,0,1,0,0,0,0,0,0,,0,0,0,11,1,1,2,,0,40 00:28.800,,2,75 11:30.120,4,0,0,0,67301,0,0,0,N,0,0,0,1,67301,1,,3,2,,N,N,,1,,0,0,0,0,0,,1100,1,1,0,0,1,0,0,3,4,0,1,3,,N,,,,,,,,,,,
2007092046,1908.0,1,0,0,0,0,0,0,0,0,8,0,,67,7,2007,4,39.998,-75.1078,1906.0,6,0,0,0,0,0,0,0,0,,0,0,0,19,1,1,0,,0,39 59:52.908,,0,75 06:28.069,8,0,0,0,67301,1,0,0,N,1,0,0,2,67301,0,,1,1,,N,N,,0,,0,0,0,0,0,,1903,1,2,0,0,0,1,0,3,4,0,1,3,,N,,,,,,,,,,,
2007091899,2245.0,0,0,0,0,0,0,0,0,0,4,0,,67,7,2007,1,40.0037,-75.0678,2240.0,6,0,0,1,0,1,0,0,0,9.0,0,0,0,22,3,2,2,,1,40 00:13.240,2.0,0,75 04:04.234,4,0,0,1,67301,0,0,0,N,0,0,0,3,67301,1,,1,1,,N,N,,0,,0,0,1,3,3,N,2235,2,2,0,0,0,1,0,3,4,0,2,3,,N,,,,,,,,,,,
2007082400,9999.0,1,0,0,0,0,0,0,0,0,4,0,,67,6,2007,1,40.0734,-75.0847,9999.0,6,0,0,0,0,0,0,0,0,,0,0,0,0,3,1,10,,0,40 04:24.000,,0,75 05:04.743,8,0,0,0,67301,0,0,0,N,0,0,0,4,67301,0,,1,1,,N,N,,1,,0,0,0,3,2,,1,1,2,0,0,0,1,0,3,4,0,2,3,,N,,,,,,,,,,,
2007080010,1332.0,0,0,0,0,0,0,0,0,0,1,0,,67,6,2007,3,40.0428,-75.1438,1330.0,6,0,0,0,0,0,0,0,0,,0,0,0,13,1,1,0,,0,40 02:34.000,,0,75 08:37.680,4,0,0,0,67301,0,0,0,N,0,0,0,3,67301,1,,1,1,,N,N,,1,,0,0,0,3,2,,1329,1,2,0,0,0,0,0,3,4,1,2,3,,N,,,,,,,,,,,
2007082259,1004.0,1,0,0,0,0,0,0,0,0,4,0,,67,6,2007,4,39.9561,-75.2058,1004.0,6,0,0,0,0,0,0,0,0,,0,0,0,10,1,2,0,,0,39 57:21.000,,0,75 12:20.761,4,0,0,0,67301,1,0,0,N,1,0,0,3,67301,1,,1,1,,N,N,,0,,0,0,1,0,0,,1004,2,4,0,0,1,1,0,3,4,1,3,3,,N,,,,,,,,,,,
2007058179,1436.0,1,0,0,0,0,0,1,0,0,5,1,,67,4,2007,1,39.9926,-75.1682,1430.0,6,0,0,0,0,0,0,0,0,,0,0,0,14,1,3,2,,0,39 59:33.432,,0,75 10:05.681,4,0,0,0,67301,0,0,0,,0,0,0,4,67301,3,,1,1,,,,,0,,0,0,0,0,0,,1430,3,2,0,0,0,0,0,3,4,0,2,3,,N,,,,,,,,,,,
2007055756,2035.0,1,0,0,0,0,0,0,0,0,1,0,,67,4,2007,7,39.9653,-75.1857,2029.0,6,0,0,0,0,0,0,0,0,2.0,0,0,0,20,3,1,3,,1,39 58:01.200,4.0,2,75 11:16.440,3,0,0,0,67301,0,0,0,N,0,0,0,8,68K01,0,,1,1,,N,N,,0,,1,0,1,0,0,N,2020,1,2,0,0,0,0,0,3,4,0,2,3,,N,,,,,,,,,,,
2007046284,610.0,1,0,0,0,0,0,0,0,0,7,0,,67,2,2007,3,40.0408,-75.1917,601.0,6,0,0,0,0,0,1,0,0,3.0,0,0,0,5,3,0,0,,1,40 02:26.000,2.0,0,75 11:30.051,0,0,0,0,67301,0,0,0,Y,0,0,0,1,67301,0,,4,2,,N,N,,0,,0,0,0,0,0,Y,540,0,1,0,0,0,0,0,3,4,0,1,3,,N,,,,,,,,,,,
2007028424,937.0,1,0,0,0,0,0,1,0,0,1,1,,67,1,2007,2,40.0341,-75.1765,935.0,6,0,0,0,0,0,0,0,0,,0,0,0,9,1,1,1,,0,40 02:02.652,,0,75 10:35.500,8,0,0,0,67301,0,0,0,N,0,0,0,3,67301,0,,1,9,,Y,Y,,0,,0,0,0,3,2,,925,1,2,0,0,1,1,0,3,4,0,2,3,,N,,,,,,,,,,,
2007028477,957.0,1,0,0,0,0,0,1,0,0,1,1,,67,1,2007,2,39.9359,-75.1569,955.0,6,0,0,0,0,0,0,0,0,,0,0,0,9,1,1,1,,0,39 56:09.409,,0,75 09:24.814,4,0,0,0,67301,0,0,0,N,0,0,0,2,67301,1,,1,9,,N,N,,0,,0,0,0,3,2,,950,1,2,0,0,0,0,0,3,4,0,2,10,,N,,,,,,,,,,,
2007032961,1000.0,0,0,0,0,0,0,1,0,0,5,2,,67,1,2007,3,40.0292,-75.1746,948.0,6,0,0,0,0,0,1,0,0,,0,1,0,9,1,1,1,,0,40 01:45.000,,0,75 10:28.501,4,0,0,0,67301,0,0,0,N,0,0,0,3,67301,1,,1,1,,N,N,,0,,0,0,0,3,2,,940,1,2,0,0,1,0,1,3,4,0,2,3,,N,,,,,,,,,,,
2007022164,1835.0,1,0,0,1,0,0,0,0,0,6,0,,67,1,2007,3,39.9446,-75.1806,1833.0,6,0,0,0,0,0,0,0,0,,0,0,0,18,3,1,1,,0,39 56:40.696,,0,75 10:50.213,4,0,0,0,67301,1,0,0,N,0,0,0,2,67301,1,,1,1,,N,N,,0,,0,0,0,3,3,,1820,1,2,0,0,1,0,0,3,4,0,1,3,,N,,,,,,,,,,,
2007048852,819.0,0,0,0,0,0,0,0,0,0,8,0,99.0,67,2,2007,6,39.9364,-75.1848,818.0,6,0,0,0,0,0,0,0,0,,0,0,0,99,1,1,0,,0,39 56:10.863,,6,75 11:05.362,4,0,0,0,67301,1,0,0,,1,0,0,3,67301,1,,1,1,,,,,0,,0,0,0,0,0,,9999,1,2,0,0,0,0,0,3,4,1,1,3,,Y,8.0,1.0,U,,,U,,,,,
2007048883,602.0,1,0,0,0,0,0,0,0,0,7,0,,67,2,2007,4,39.9486,-75.1858,600.0,6,0,0,0,0,0,0,0,0,1.0,0,0,0,6,5,0,0,,1,39 56:57.817,3.0,0,75 11:04.353,0,0,0,0,67301,0,0,0,N,0,0,0,1,67301,0,,2,7,,N,N,,0,,0,0,0,0,0,N,600,0,1,0,0,0,0,0,3,4,0,1,10,,N,,,,,,,,,,,
2007056544,1630.0,2,0,0,0,0,0,0,0,0,2,0,,67,4,2007,2,40.054,-75.0489,1623.0,6,0,0,0,0,0,0,0,0,1.0,0,0,0,16,1,2,5,,1,40 03:14.000,1.0,0,75 02:56.007,8,0,0,0,67301,0,0,0,N,0,0,0,2,67301,0,,1,1,,N,N,,0,,0,0,0,3,2,N,1615,2,2,0,0,0,2,0,3,4,0,2,3,,N,,,,,,,,,,,