CRN,ARRIVAL_TM,AUTOMOBILE_COUNT,BELTED_DEATH_COUNT,BELTED_SUSP_SERIOUS_INJ_COUNT,BICYCLE_COUNT,BICYCLE_DEATH_COUNT,BICYCLE_SUSP_SERIOUS_INJ_COUNT,BUS_COUNT,CHLDPAS_DEATH_COUNT,CHLDPAS_SUSP_SERIOUS_INJ_COUNT,COLLISION_TYPE,COMM_VEH_COUNT,CONS_ZONE_SPD_LIM,COUNTY,CRASH_MONTH,CRASH_YEAR,DAY_OF_WEEK,DEC_LAT,DEC_LONG,DISPATCH_TM,DISTRICT,DRIVER_COUNT_16YR,DRIVER_COUNT_17YR,DRIVER_COUNT_18YR,DRIVER_COUNT_19YR,DRIVER_COUNT_20YR,DRIVER_COUNT_50_64YR,DRIVER_COUNT_65_74YR,DRIVER_COUNT_75PLUS,EST_HRS_CLOSED,FATAL_COUNT,HEAVY_TRUCK_COUNT,HORSE_BUGGY_COUNT,HOUR_OF_DAY,ILLUMINATION,INJURY_COUNT,INTERSECT_TYPE,INTERSECTION_RELATED,LANE_CLOSED,LATITUDE,LN_CLOSE_DIR,LOCATION_TYPE,LONGITUDE,MAX_SEVERITY_LEVEL,MCYCLE_DEATH_COUNT,MCYCLE_SUSP_SERIOUS_INJ_COUNT,MOTORCYCLE_COUNT,MUNICIPALITY,NONMOTR_COUNT,NONMOTR_DEATH_COUNT,NONMOTR_SUSP_SERIOUS_INJ_COUNT,NTFY_HIWY_MAINT,PED_COUNT,PED_DEATH_COUNT,PED_SUSP_SERIOUS_INJ_COUNT,PERSON_COUNT,POLICE_AGCY,POSSIBLE_INJ_COUNT,RDWY_SURF_TYPE_CD,RELATION_TO_ROAD,ROAD_CONDITION,ROADWAY_CLEARED,SCH_BUS_IND,SCH_ZONE_IND,SECONDARY_CRASH,SMALL_TRUCK_COUNT,SPEC_JURIS_CD,SUSP_MINOR_INJ_COUNT,SUSP_SERIOUS_INJ_COUNT,SUV_COUNT,TCD_FUNC_CD,TCD_TYPE,TFC_DETOUR_IND,TIME_OF_DAY,TOT_INJ_COUNT,TOTAL_UNITS,UNB_DEATH_COUNT,UNB_SUSP_SERIOUS_INJ_COUNT,UNBELTED_OCC_COUNT,UNK_INJ_DEG_COUNT,UNK_INJ_PER_COUNT,URBAN_AREA,URBAN_RURAL,VAN_COUNT,VEHICLE_COUNT,WEATHER1,WEATHER2,WORK_ZONE_IND,WORK_ZONE_LOC,WORK_ZONE_TYPE,WORKERS_PRES,WZ_CLOSE_DETOUR,WZ_FLAGGER,WZ_LAW_OFFCR_IND,WZ_LN_CLOSURE,WZ_MOVING,WZ_OTHER,WZ_SHLDER_MDN,WZ_WORKERS_INJ_KILLED
2007056553,1637.0,0,0,0,1,0,0,0,0,0,4,0,,67,4,2007,2,39.9241,-75.2277,1625.0,6,0,0,0,0,0,1,0,0,,0,0,0,16,1,1,1,,0,39 55:26.000,,0,75 13:39.697,4,0,0,0,67301,1,0,0,N,0,0,0,2,67301,1,,1,1,,N,N,,0,,0,0,0,3,2,,1625,1,2,0,0,0,0,0,3,4,1,1,3,,N,,,,,,,,,,,
2007048932,1050.0,4,0,0,0,0,0,0,0,0,1,0,,67,3,2007,3,39.9961,-75.1838,1040.0,6,0,0,0,0,0,0,0,0,,0,0,0,10,1,1,0,,0,39 59:45.904,,0,75 11:01.638,8,0,0,0,67301,0,0,0,N,0,0,0,1,67301,0,,1,1,,N,N,,0,,0,0,0,0,0,,1030,1,4,0,0,0,1,0,3,4,0,4,3,,N,,,,,,,,,,,
2007048969,857.0,2,0,0,0,0,0,0,0,0,4,0,,67,2,2007,4,40.021,-75.0542,851.0,6,0,0,0,0,0,0,0,0,1.0,0,0,0,8,1,1,1,,1,40 01:15.747,3.0,0,75 03:15.058,4,0,0,0,67301,0,0,0,N,0,0,0,2,67301,1,,1,2,,N,N,,0,,0,0,0,9,3,N,845,1,2,0,0,0,0,0,3,4,0,2,10,,N,,,,,,,,,,,
2007048994,535.0,2,0,0,0,0,0,0,0,0,4,0,,67,2,2007,2,40.0052,-75.1805,530.0,6,0,0,0,0,0,0,0,0,,0,0,0,5,3,0,0,,0,40 00:18.720,,0,75 10:49.800,9,0,0,0,67301,0,0,0,N,0,0,0,1,67301,0,,1,6,,N,N,,0,,0,0,0,0,0,,530,0,2,0,0,0,0,1,3,4,0,2,9,,N,,,,,,,,,,,
2007049048,810.0,2,0,0,0,0,0,0,0,0,2,0,,67,2,2007,3,40.0822,-74.9668,800.0,6,0,0,0,0,0,0,0,0,1.0,0,0,0,8,1,3,1,,1,40 04:55.841,1.0,0,74 58:00.429,3,0,0,0,67301,0,0,0,N,0,0,0,3,67301,0,,1,1,,N,N,,0,,1,0,0,3,2,Y,800,3,2,0,0,0,2,0,3,4,0,2,3,,N,,,,,,,,,,,
2007117241,1415.0,3,0,0,0,0,0,0,0,0,1,0,,67,10,2007,7,39.9166,-75.2176,1359.0,6,0,0,0,0,0,1,0,0,,0,0,0,13,1,1,0,,0,39 55:01.000,,0,75 12:54.001,4,0,0,0,67301,0,0,0,,0,0,0,3,67301,1,,1,1,,,,,0,,0,0,0,0,0,,1336,1,3,0,0,0,0,0,3,4,0,3,3,,N,,,,,,,,,,,
2007117258,830.0,1,0,0,0,0,0,0,0,0,8,0,,67,10,2007,7,40.0039,-75.1709,823.0,6,0,0,0,0,0,0,0,0,,0,0,0,99,1,1,0,,0,40 00:14.000,,0,75 10:15.471,8,0,0,0,67301,1,0,0,,1,0,0,2,67301,0,,1,1,,,,,0,,0,0,0,0,0,,9999,1,2,0,0,0,1,0,3,4,0,1,3,5.0,N,,,,,,,,,,,
2007117269,2053.0,1,0,0,0,0,0,0,0,0,8,0,,67,10,2007,1,40.0075,-75.1566,2050.0,6,0,0,0,0,0,0,0,0,,0,0,0,99,3,1,2,,0,40 00:27.046,,0,75 09:23.612,8,0,0,0,67301,1,0,0,,1,0,0,2,67301,0,,1,1,,,,,0,,0,0,0,0,0,,9999,1,2,0,0,0,1,1,3,4,0,1,3,,N,,,,,,,,,,,
2007080818,2059.0,0,0,0,1,0,0,0,0,0,2,0,,67,5,2007,2,39.9653,-75.2015,2058.0,6,0,0,0,0,0,0,0,0,,0,0,0,20,3,3,1,,0,39 57:55.040,,0,75 12:05.565,4,0,0,1,67301,2,0,0,N,0,0,0,3,67301,3,,1,1,,N,N,,0,,0,0,0,3,3,,2058,3,2,0,0,0,0,0,3,4,0,1,3,,N,,,,,,,,,,,
2007066827,250.0,1,0,0,0,0,0,0,0,0,7,0,,67,4,2007,5,39.9453,-75.1705,248.0,6,0,0,0,0,0,0,0,0,1.0,0,0,0,2,3,0,0,,2,39 56:43.134,4.0,0,75 10:13.803,0,0,0,0,67301,0,0,0,N,0,0,0,1,67301,0,,4,1,,N,N,,0,,0,0,0,0,0,Y,245,0,1,0,0,0,0,0,3,4,0,1,3,,N,,,,,,,,,,,
2007066860,1900.0,2,0,0,0,0,0,0,0,0,1,0,,67,4,2007,5,39.9147,-75.1551,1858.0,6,0,0,0,0,0,0,0,0,1.0,0,0,0,18,1,1,0,,1,39 54:52.000,3.0,0,75 09:18.459,4,0,0,0,67301,0,0,0,N,0,0,0,2,67301,1,,1,1,,N,N,,0,,0,0,0,0,0,N,1855,1,2,0,0,0,0,0,3,4,0,2,3,,N,,,,,,,,,,,
2007056839,2125.0,1,0,0,0,0,0,0,0,0,8,0,,67,4,2007,5,39.963,-75.2363,2119.0,6,0,0,0,0,0,0,0,0,,0,0,0,21,3,1,0,,0,39 57:46.869,,0,75 14:10.834,3,0,0,0,67301,1,0,0,N,1,0,0,2,67301,0,,1,1,,N,N,,0,,1,0,0,0,0,,2115,1,2,0,0,0,0,1,3,4,0,1,3,,N,,,,,,,,,,,
2007056840,1011.0,1,0,0,0,0,0,0,0,0,4,0,,67,3,2007,4,40.0133,-75.0974,1002.0,6,0,0,0,0,0,1,0,0,,0,0,0,14,1,1,1,,0,40 00:48.000,,0,75 05:50.696,4,0,0,1,67301,0,0,0,N,0,0,0,2,67301,1,,1,1,,N,N,,0,,0,0,0,3,2,,1445,1,2,0,0,0,0,1,3,4,0,2,3,,N,,,,,,,,,,,
2007056886,1055.0,1,0,0,0,0,0,0,0,0,4,0,,67,4,2007,6,39.9515,-75.1756,1040.0,6,0,0,0,0,0,2,0,0,,0,0,0,10,1,1,2,,0,39 57:05.515,,0,75 10:32.041,8,0,0,0,67301,0,0,0,,0,0,0,4,67301,0,,1,1,,N,N,,0,,0,0,0,3,2,,1020,1,2,0,0,0,1,0,3,4,1,2,3,,N,,,,,,,,,,,
2007075684,1609.0,2,0,0,0,0,0,0,0,0,1,0,,67,6,2007,2,39.9632,-75.1839,1602.0,6,0,0,0,0,0,0,0,0,,0,0,0,16,1,2,0,,0,39 57:48.000,,0,75 11:02.606,8,0,0,0,67301,0,0,0,N,0,0,0,4,68K01,0,,1,1,,N,N,,0,,0,0,0,0,0,,1600,2,2,0,0,0,2,0,3,4,0,2,3,,N,,,,,,,,,,,
2007102317,2045.0,4,0,0,0,0,0,0,0,0,2,0,,67,7,2007,4,40.0211,-75.1399,2035.0,6,0,0,0,0,0,1,0,0,,0,0,0,20,3,1,5,,0,40 01:17.000,,0,75 08:23.327,3,0,0,0,67301,0,0,0,N,0,0,0,4,67301,0,,1,1,,N,N,,0,,1,0,0,2,2,,2025,1,4,0,0,0,0,3,3,4,0,4,3,,N,,,,,,,,,,,
2007099332,18.0,2,0,0,0,0,0,0,0,0,4,0,,67,8,2007,5,39.959,-75.229,10.0,6,0,0,0,0,0,1,0,0,,0,0,0,0,3,0,2,,0,39 57:32.000,,0,75 13:44.178,9,0,0,0,67301,0,0,0,N,0,0,0,2,67301,0,,1,1,,N,N,,0,,0,0,0,3,2,,5,0,2,0,0,0,0,2,3,4,0,2,3,,N,,,,,,,,,,,
2007111911,1104.0,2,0,0,0,0,0,0,0,0,4,0,,67,9,2007,6,40.0595,-75.052,1100.0,6,0,0,0,0,0,0,1,0,1.0,0,0,0,10,1,1,1,,1,40 03:34.000,1.0,0,75 03:07.430,8,0,0,0,67301,0,0,0,N,0,0,0,3,67301,0,,1,1,,N,N,,0,,0,0,0,3,2,Y,1059,1,2,0,0,0,1,0,3,4,0,2,3,,N,,,,,,,,,,,
2007116670,234.0,0,0,0,0,0,0,0,0,0,8,0,,67,10,2007,7,39.9548,-75.1765,229.0,6,0,0,0,0,0,0,0,0,,0,0,0,2,3,1,0,,0,39 57:17.326,,0,75 10:35.400,3,0,0,0,67301,1,0,0,N,1,0,0,2,67301,0,,1,1,,N,N,,0,,1,0,1,0,0,,215,1,2,0,0,0,0,1,3,4,0,1,3,,N,,,,,,,,,,,
2007091927,39.0,2,0,0,0,0,0,0,0,0,1,0,,67,7,2007,4,39.9599,-75.1778,39.0,6,0,0,0,0,0,0,0,0,1.0,0,0,0,0,3,1,0,,1,39 57:38.000,4.0,0,75 10:53.451,4,0,0,0,67301,0,0,0,,0,0,0,6,67301,1,,1,1,,N,N,,0,,0,0,0,0,0,N,39,1,2,0,0,0,0,0,3,4,0,2,3,,N,,,,,,,,,,,
2007091944,1242.0,1,0,0,0,0,0,0,0,0,1,0,,67,7,2007,5,39.9177,-75.1777,1233.0,6,0,0,0,0,0,1,0,0,,0,0,0,12,1,1,1,,0,39 55:03.752,,0,75 10:39.799,8,0,0,0,67301,0,0,0,,0,0,0,2,67301,0,,1,1,,,,,0,,0,0,1,3,2,,1233,1,2,0,0,0,1,0,3,4,0,2,3,,N,,,,,,,,,,,
2007092189,1804.0,3,0,0,0,0,0,0,0,0,1,0,,67,7,2007,6,40.0444,-75.0023,1800.0,6,0,0,0,0,0,2,0,0,1.0,0,0,0,18,1,5,0,,2,40 02:41.000,1.0,0,75 00:07.503,4,0,0,0,67301,0,0,0,N,0,0,0,7,67301,4,,1,1,,N,N,,0,,0,0,1,0,0,N,1800,5,4,0,0,0,1,1,3,4,0,4,3,,N,,,,,,,,,,,
2007092043,1335.0,2,0,0,0,0,0,0,0,0,1,0,,67,7,2007,1,40.0365,-75.1804,1330.0,6,0,0,0,0,0,1,0,0,,0,0,0,13,1,0,1,,0,40 02:11.493,,0,75 10:49.407,0,0,0,0,67301,0,0,0,N,0,0,0,3,67301,0,,1,9,,N,N,,0,,0,0,1,3,2,,1328,0,3,0,0,0,0,0,3,4,0,3,7,,N,,,,,,,,,,,
2007082391,1425.0,1,0,0,0,0,0,0,0,0,7,0,,67,6,2007,5,39.8778,-75.2134,1420.0,6,0,0,0,0,0,0,0,1,,0,0,0,14,1,1,0,,0,39 52:40.200,,0,75 12:48.200,4,0,0,0,67301,0,0,0,N,0,0,0,1,67301,1,,4,1,,N,N,,0,,0,0,0,0,0,,1415,1,1,0,0,0,0,0,3,4,0,1,3,,N,,,,,,,,,,,
2007080029,1930.0,2,0,0,0,0,0,0,0,0,4,0,,67,6,2007,1,40.0038,-75.1397,725.0,6,0,0,0,0,0,0,0,0,,0,0,0,7,1,4,1,,0,40 00:13.665,,0,75 08:22.783,4,0,0,0,67301,0,0,0,N,0,0,0,4,67301,4,,1,1,,N,N,,0,,0,0,0,3,2,,715,4,2,0,0,0,0,0,3,4,0,2,3,,N,,,,,,,,,,,
2007081868,9999.0,2,0,0,0,0,0,0,0,0,6,0,,67,5,2007,3,39.9776,-75.1606,9999.0,6,0,0,0,0,0,1,0,0,,0,0,0,99,1,3,2,,0,39 58:39.345,,0,75 09:38.332,4,0,0,0,67301,0,0,0,,0,0,0,3,67301,3,,1,1,,,,,0,,0,0,0,9,3,,9999,3,2,0,0,0,0,0,3,4,0,2,3,,N,,,,,,,,,,,
2007058177,142.0,1,0,0,0,0,0,1,0,0,2,0,,67,4,2007,1,40.0405,-75.1786,141.0,6,0,0,0,0,0,0,0,0,,0,0,0,1,3,0,1,,0,40 02:25.628,,99,75 10:43.047,0,0,0,0,67301,0,0,0,N,0,0,0,3,67301,0,,1,9,,N,N,,0,,0,0,1,3,2,,141,0,3,0,0,0,0,0,3,4,0,3,7,,N,,,,,,,,,,,
2007057780,545.0,2,0,0,0,0,0,0,0,0,4,0,,67,4,2007,2,40.0187,-75.1017,530.0,6,0,0,0,1,0,0,0,0,,0,0,0,5,1,0,2,,0,40 01:07.309,,0,75 06:05.983,9,0,0,0,67301,0,0,0,,0,0,0,5,67301,0,,1,1,,,,,0,,0,0,0,0,0,,530,0,2,0,0,0,0,1,3,4,0,2,3,,N,,,,,,,,,,,
2007051120,1028.0,1,0,0,0,0,0,0,0,0,1,0,,67,3,2007,3,39.9674,-75.1536,1024.0,6,0,0,0,0,0,0,0,0,,0,0,0,10,1,2,0,,0,39 58:02.758,,0,75 09:13.111,8,0,0,0,67301,1,0,0,N,1,0,0,4,67301,0,,6,1,,N,N,,0,,0,0,1,0,0,,1020,2,3,0,0,0,2,2,3,4,0,2,3,,N,,,,,,,,,,,
2007028475,740.0,2,0,0,0,0,0,0,0,0,1,0,,67,1,2007,5,40.0684,-75.0669,730.0,6,0,0,0,0,0,1,0,1,,0,0,0,99,1,2,0,,0,40 04:06.390,,0,75 04:00.728,4,0,0,0,67301,0,0,0,N,0,0,0,2,67301,2,,1,1,,N,N,,0,,0,0,0,0,0,,9999,2,2,0,0,0,0,0,3,4,0,2,3,,N,,,,,,,,,,,
2007056520,1325.0,1,0,0,0,0,0,0,0,0,8,0,,67,4,2007,2,40.0575,-75.1384,1321.0,6,0,0,0,0,0,0,0,0,,0,0,0,20,3,1,1,,0,40 03:26.848,,0,75 08:18.394,3,0,0,0,67301,1,0,0,N,1,0,0,2,67301,0,,1,9,,N,N,,0,,1,0,0,3,3,,2000,1,2,0,0,0,0,1,3,4,0,1,7,,N,,,,,,,,,,,
2007117287,1559.0,2,0,0,0,0,0,0,0,0,1,0,,67,10,2007,6,39.9546,-75.2281,1558.0,6,0,0,0,0,0,0,0,0,,0,0,0,15,1,1,0,,0,39 57:16.435,,0,75 13:41.051,4,0,0,0,67301,0,0,0,N,0,0,0,5,67301,1,,1,1,,N,N,,0,,0,0,0,0,0,,1558,1,3,0,0,1,0,1,3,4,1,3,3,,N,,,,,,,,,,,
2007117303,845.0,1,0,0,0,0,0,0,0,0,4,0,,67,10,2007,7,39.9172,-75.2374,836.0,6,0,0,0,0,0,0,0,0,,0,0,0,8,1,1,1,,0,39 55:02.000,,0,75 14:14.593,8,0,0,0,67301,0,0,0,,0,0,0,2,67301,0,,1,1,,,,,0,,0,0,1,3,2,,830,1,2,0,0,0,1,0,3,4,0,2,3,,N,,,,,,,,,,,
2007080820,1823.0,0,0,0,0,0,0,1,0,0,8,1,,67,6,2007,6,39.9515,-75.1567,9999.0,6,0,0,0,0,0,1,0,0,,0,0,0,18,1,1,1,,0,39 57:05.000,,0,75 09:23.993,8,0,0,0,67301,1,0,0,N,1,0,0,2,67301,0,,1,1,,N,N,,0,,0,0,0,3,2,,1823,1,2,0,0,0,1,0,3,4,0,1,3,,N,,,,,,,,,,,
2007080991,1840.0,2,0,0,0,0,0,0,0,0,4,0,,67,6,2007,1,40.0302,-75.1459,1840.0,6,0,0,1,0,0,0,0,0,,0,0,0,18,1,0,1,,0,40 01:48.874,,0,75 08:45.412,0,0,0,0,67301,0,0,0,N,0,0,0,3,67301,0,,1,1,,N,N,,0,,0,0,0,3,2,,1835,0,2,0,0,0,0,0,3,4,0,2,3,,N,,,,,,,,,,,
2007120066,1623.0,3,0,0,0,0,0,0,0,0,1,0,,67,10,2007,7,40.0419,-75.075,1619.0,6,0,0,0,1,0,1,0,0,,0,0,0,15,1,2,5,,0,40 02:30.000,,0,75 04:29.910,4,0,0,0,67301,0,0,0,,0,0,0,6,67301,2,,1,1,,,,,0,,0,0,1,3,2,,1530,2,4,0,0,0,0,0,3,4,0,4,3,,N,,,,,,,,,,,
2007080942,1352.0,1,0,0,0,0,0,0,0,0,8,0,,67,5,2007,4,39.9752,-75.1211,1350.0,6,0,0,0,0,0,0,0,0,,0,0,0,13,1,1,1,,0,39 58:34.000,,0,75 07:11.128,4,0,0,0,67301,1,0,0,,1,0,0,3,67301,1,,1,1,,N,N,,0,,0,0,0,3,2,,1345,1,2,0,0,2,0,0,3,4,0,1,3,,N,,,,,,,,,,,
2007091256,2225.0,0,0,0,0,0,0,0,0,0,7,0,,67,7,2007,1,39.9091,-75.1538,2225.0,6,0,0,0,0,0,0,0,0,,0,0,0,22,3,0,0,,0,39 54:32.751,,5,75 09:13.506,0,0,0,0,67301,0,0,0,,0,0,0,1,67501,0,,2,1,,N,N,,0,,0,0,1,0,0,,2225,0,1,0,0,0,0,0,3,4,0,1,3,,N,,,,,,,,,,,
2007120243,900.0,0,0,0,0,0,0,0,0,0,8,0,,67,10,2007,2,39.9558,-75.2257,846.0,6,0,0,0,0,0,0,0,0,,0,0,0,8,1,1,1,,0,39 57:20.000,,0,75 13:32.665,2,0,0,0,67301,1,0,1,,1,0,1,2,67301,0,,1,1,,,,,0,,0,1,0,0,0,,846,1,2,0,0,0,0,0,3,4,1,1,3,,N,,,,,,,,,,,
2007081053,2305.0,2,0,0,0,0,0,0,0,0,5,0,,67,5,2007,1,40.013,-75.1194,2300.0,6,0,0,0,0,0,0,0,0,,0,0,0,23,3,1,1,,0,40 00:46.000,,0,75 07:09.798,4,0,0,0,67301,0,0,0,N,0,0,0,3,67301,1,,1,9,,N,N,,0,,0,0,0,3,2,,2300,1,3,0,0,0,0,0,3,4,0,3,7,,N,,,,,,,,,,,
2007066388,2242.0,0,0,0,0,0,0,0,0,0,8,0,,67,5,2007,5,40.0069,-75.1535,2156.0,6,0,0,0,0,0,0,0,0,1.0,0,0,0,21,3,2,0,,2,40 00:24.944,7.0,0,75 09:12.499,3,0,0,0,67301,2,0,0,N,2,0,0,3,67301,0,,1,1,,N,N,,0,,2,0,0,3,3,Y,2150,2,3,0,0,0,0,0,3,4,1,1,3,,N,,,,,,,,,,,
2007066420,240.0,1,0,0,0,0,0,0,0,0,2,0,,67,5,2007,7,40.0926,-74.9874,223.0,6,0,0,0,0,0,0,0,0,,0,0,0,2,3,0,1,,0,40 05:33.432,,0,74 59:14.582,0,0,0,0,67301,0,0,0,N,0,0,0,1,67301,0,,1,1,,N,N,,0,,0,0,0,0,0,,223,0,2,0,0,0,0,0,3,4,1,2,3,,N,,,,,,,,,,,
2007066435,1720.0,1,0,0,0,0,0,0,0,0,8,0,,67,5,2007,6,39.96,-75.2249,1715.0,6,0,0,0,0,0,0,0,0,,0,0,0,15,1,1,1,,0,39 57:36.149,,0,75 13:29.566,3,0,0,0,67301,1,0,0,N,1,0,0,2,67301,0,,1,1,,N,N,,0,,1,0,0,1,2,,1505,1,2,0,0,0,0,0,3,4,0,1,3,,N,,,,,,,,,,,
2007080409,1150.0,1,0,0,0,0,0,0,0,0,8,0,,67,6,2007,5,39.9938,-75.1532,1135.0,6,0,0,0,0,0,0,0,0,,0,0,0,11,1,1,1,,0,39 59:37.000,,0,75 09:11.649,3,0,0,0,67301,1,0,0,N,1,0,0,2,67301,0,,1,1,,N,N,,0,,1,0,0,9,9,,1115,1,2,0,0,0,0,1,3,4,0,1,3,,N,,,,,,,,,,,
2007080147,1300.0,1,0,0,0,0,0,0,0,0,4,0,,67,6,2007,1,40.0524,-75.1577,1252.0,6,0,0,0,0,0,0,0,0,9.0,0,0,0,12,1,0,1,,1,40 03:08.460,6.0,0,75 09:27.889,0,0,0,0,67301,0,0,0,N,0,0,0,3,67301,0,,1,1,,N,N,,1,,0,0,0,3,2,N,1242,0,2,0,0,0,0,0,3,4,0,2,3,,N,,,,,,,,,,,
2007080162,1820.0,3,0,0,0,0,0,0,0,0,4,0,,67,6,2007,2,39.9967,-75.1517,1809.0,6,0,0,0,0,0,0,0,0,2.0,0,0,0,18,1,0,0,,2,39 59:48.000,1.0,0,75 09:06.200,9,0,0,0,67301,0,0,0,N,0,0,0,1,67301,0,,4,1,,N,N,,0,,0,0,1,0,0,Y,1805,0,4,0,0,0,0,1,3,4,0,4,3,,N,,,,,,,,,,,
2007116659,2159.0,2,0,0,0,0,0,0,0,0,4,0,,67,10,2007,2,39.9203,-75.2392,2158.0,6,0,0,0,0,0,0,0,0,1.0,0,0,0,21,1,1,0,,1,39 55:13.231,4.0,0,75 14:20.940,3,0,0,0,67301,0,0,0,N,0,0,0,1,67301,0,,1,1,,N,N,,0,,1,0,0,0,0,N,2155,1,2,0,0,0,0,0,3,4,0,2,3,,N,,,,,,,,,,,
2007116917,2328.0,4,0,0,0,0,0,0,0,0,1,0,,67,10,2007,4,40.0204,-75.1595,2325.0,6,0,0,0,1,0,0,0,0,2.0,0,0,0,23,3,2,0,,2,40 01:13.000,1.0,0,75 09:34.191,4,0,0,0,67301,0,0,0,N,0,0,0,7,67301,2,,1,1,,N,N,,0,,0,0,1,0,0,N,2325,2,5,0,0,0,0,1,3,4,0,5,3,,N,,,,,,,,,,,
2007124124,905.0,0,0,0,0,0,0,0,0,0,8,0,,67,11,2007,2,40.0003,-75.2282,852.0,6,0,0,0,0,0,0,0,0,,0,0,0,8,1,1,0,,0,40 00:04.000,,7,75 13:33.666,4,0,0,0,67301,1,0,0,N,1,0,0,2,67301,1,,1,1,,N,N,,0,,0,0,1,3,2,,833,1,2,0,0,0,0,0,3,4,0,1,3,,N,,,,,,,,,,,
2007127595,1855.0,2,0,0,0,0,0,0,0,0,1,0,,67,10,2007,7,40.0475,-75.1428,1852.0,6,0,0,0,0,0,0,0,0,,0,0,0,18,3,1,1,,0,40 02:50.000,,0,75 08:34.014,8,0,0,0,67301,0,0,0,N,0,0,0,4,67301,0,,1,1,,N,N,,0,,0,0,0,3,2,,1845,1,2,0,0,0,1,1,3,4,0,2,3,,N,,,,,,,,,,,
2007127607,2323.0,2,0,0,0,0,0,0,0,0,5,0,,67,11,2007,1,40.0176,-75.1721,2321.0,6,0,0,0,0,0,0,0,0,2.0,0,0,0,23,3,0,0,,2,40 01:03.516,1.0,0,75 10:19.521,9,0,0,0,67301,0,0,0,N,0,0,0,2,67301,0,,1,1,,N,N,,0,,0,0,0,0,0,N,2320,0,2,0,0,0,0,1,3,4,0,2,3,,N,,,,,,,,,,,
2007124679,1100.0,2,0,0,0,0,0,0,0,0,2,0,,67,11,2007,7,40.0609,-75.19,1055.0,6,0,0,0,0,0,0,0,0,,0,0,0,10,1,0,0,,0,40 03:39.000,,0,75 11:23.966,0,0,0,0,67301,0,0,0,N,0,0,0,3,67301,0,,1,9,,N,N,,0,,0,0,0,0,0,,1050,0,2,0,0,0,0,0,3,4,0,2,3,,N,,,,,,,,,,,
2007066815,1430.0,1,0,0,0,0,0,0,0,0,0,0,,67,5,2007,6,40.0179,-75.1493,1407.0,6,0,0,0,0,0,1,0,0,,0,0,0,14,1,1,3,,0,40 01:04.000,,0,75 08:57.650,4,0,0,0,67301,0,0,0,,0,0,0,1,67301,1,,2,1,,,,,0,,0,0,0,0,0,,1406,1,1,0,0,0,0,0,3,4,0,1,3,,N,,,,,,,,,,,
2007066859,434.0,0,0,0,0,0,0,0,0,0,7,0,,67,4,2007,5,39.9558,-75.159,434.0,6,0,0,0,0,0,0,0,0,1.0,0,0,0,4,3,0,2,,1,39 57:20.808,2.0,0,75 09:32.558,9,0,0,0,67301,0,0,0,,0,0,0,1,67301,0,,1,1,,N,N,,1,,0,0,0,0,0,N,430,0,1,0,0,0,0,1,3,4,0,1,3,,N,,,,,,,,,,,
2007056678,2200.0,1,0,0,0,0,0,0,0,0,1,0,,67,3,2007,1,39.9235,-75.1923,2150.0,6,0,0,0,0,0,0,0,0,1.0,0,0,0,21,3,0,0,,1,39 55:30.398,3.0,0,75 11:36.596,0,0,0,0,67301,0,0,0,N,0,0,0,2,67301,0,,1,1,,N,N,,0,,0,0,0,0,0,N,2148,0,2,0,0,0,0,0,3,4,1,2,3,,N,,,,,,,,,,,
2007056885,1040.0,1,0,0,0,0,0,0,0,0,8,0,,67,3,2007,4,39.9288,-75.1648,1037.0,6,0,0,0,0,0,0,1,0,,0,0,0,10,1,1,1,,0,39 55:43.586,,0,75 09:53.449,4,0,0,0,67301,1,0,0,N,1,0,0,2,67301,1,,1,2,,N,N,,0,,0,0,0,3,2,,1036,1,2,0,0,0,0,0,3,4,0,1,3,,N,,,,,,,,,,,
2007057012,812.0,1,0,0,0,0,0,0,0,0,5,0,,67,4,2007,4,39.9443,-75.2444,809.0,6,0,0,0,0,0,0,0,0,,0,0,0,7,1,1,5,,0,39 56:39.000,,0,75 14:40.212,8,0,0,0,67301,0,0,0,N,0,0,0,2,67301,0,,2,1,,N,N,,1,,0,0,0,0,0,,750,1,2,0,0,2,1,0,3,4,0,2,3,,N,,,,,,,,,,,
2007057043,1245.0,2,0,0,0,0,0,0,0,0,1,0,,67,4,2007,2,39.979,-75.2324,1240.0,6,0,0,0,0,0,0,0,0,,0,0,0,12,1,1,0,,0,39 58:44.382,,0,75 13:56.460,4,0,0,0,67301,0,0,0,N,0,0,0,2,67301,1,,1,1,,N,N,,0,,0,0,0,0,0,,1230,1,2,0,0,0,0,1,3,4,0,2,3,,N,,,,,,,,,,,
2007099468,928.0,2,0,0,0,0,0,0,0,0,2,0,,67,8,2007,2,39.9574,-75.2293,927.0,6,0,0,1,0,0,0,0,0,,0,0,0,9,1,4,1,,0,39 57:26.761,,0,75 13:45.491,8,0,0,0,67301,0,0,0,N,0,0,0,4,67301,0,,1,1,,N,N,,0,,0,0,0,3,2,,926,4,3,0,0,0,4,0,3,4,0,3,3,,N,,,,,,,,,,,