CRN,ARRIVAL_TM,AUTOMOBILE_COUNT,BELTED_DEATH_COUNT,BELTED_SUSP_SERIOUS_INJ_COUNT,BICYCLE_COUNT,BICYCLE_DEATH_COUNT,BICYCLE_SUSP_SERIOUS_INJ_COUNT,BUS_COUNT,CHLDPAS_DEATH_COUNT,CHLDPAS_SUSP_SERIOUS_INJ_COUNT,COLLISION_TYPE,COMM_VEH_COUNT,CONS_ZONE_SPD_LIM,COUNTY,CRASH_MONTH,CRASH_YEAR,DAY_OF_WEEK,DEC_LAT,DEC_LONG,DISPATCH_TM,DISTRICT,DRIVER_COUNT_16YR,DRIVER_COUNT_17YR,DRIVER_COUNT_18YR,DRIVER_COUNT_19YR,DRIVER_COUNT_20YR,DRIVER_COUNT_50_64YR,DRIVER_COUNT_65_74YR,DRIVER_COUNT_75PLUS,EST_HRS_CLOSED,FATAL_COUNT,HEAVY_TRUCK_COUNT,HORSE_BUGGY_COUNT,HOUR_OF_DAY,ILLUMINATION,INJURY_COUNT,INTERSECT_TYPE,INTERSECTION_RELATED,LANE_CLOSED,LATITUDE,LN_CLOSE_DIR,LOCATION_TYPE,LONGITUDE,MAX_SEVERITY_LEVEL,MCYCLE_DEATH_COUNT,MCYCLE_SUSP_SERIOUS_INJ_COUNT,MOTORCYCLE_COUNT,MUNICIPALITY,NONMOTR_COUNT,NONMOTR_DEATH_COUNT,NONMOTR_SUSP_SERIOUS_INJ_COUNT,NTFY_HIWY_MAINT,PED_COUNT,PED_DEATH_COUNT,PED_SUSP_SERIOUS_INJ_COUNT,PERSON_COUNT,POLICE_AGCY,POSSIBLE_INJ_COUNT,RDWY_SURF_TYPE_CD,RELATION_TO_ROAD,ROAD_CONDITION,ROADWAY_CLEARED,SCH_BUS_IND,SCH_ZONE_IND,SECONDARY_CRASH,SMALL_TRUCK_COUNT,SPEC_JURIS_CD,SUSP_MINOR_INJ_COUNT,SUSP_SERIOUS_INJ_COUNT,SUV_COUNT,TCD_FUNC_CD,TCD_TYPE,TFC_DETOUR_IND,TIME_OF_DAY,TOT_INJ_COUNT,TOTAL_UNITS,UNB_DEATH_COUNT,UNB_SUSP_SERIOUS_INJ_COUNT,UNBELTED_OCC_COUNT,UNK_INJ_DEG_COUNT,UNK_INJ_PER_COUNT,URBAN_AREA,URBAN_RURAL,VAN_COUNT,VEHICLE_COUNT,WEATHER1,WEATHER2,WORK_ZONE_IND,WORK_ZONE_LOC,WORK_ZONE_TYPE,WORKERS_PRES,WZ_CLOSE_DETOUR,WZ_FLAGGER,WZ_LAW_OFFCR_IND,WZ_LN_CLOSURE,WZ_MOVING,WZ_OTHER,WZ_SHLDER_MDN,WZ_WORKERS_INJ_KILLED
2007111509,1745.0,0,0,0,0,0,0,1,0,0,8,1,,67,9,2007,5,40.043,-75.1444,1745.0,6,0,0,0,0,0,0,0,0,1.0,0,0,0,17,1,1,1,,1,40 02:34.692,4.0,0,75 08:39.933,4,0,0,0,67301,1,0,0,,1,0,0,2,67301,1,,1,1,,N,N,,0,,0,0,0,9,3,N,1735,1,2,0,0,0,0,0,3,4,0,1,3,,N,,,,,,,,,,,
2007091878,1830.0,1,0,0,0,0,0,0,0,0,4,0,,67,7,2007,3,40.0714,-75.1634,1821.0,6,0,0,0,0,0,0,0,0,,0,0,0,99,1,0,1,,0,40 04:17.104,,0,75 09:48.067,9,0,0,0,67301,0,0,0,N,0,0,0,2,67301,0,,4,1,,N,N,,0,,0,0,0,3,3,,9999,0,2,0,0,0,0,2,3,4,1,2,3,,N,,,,,,,,,,,
2007091880,9999.0,1,0,0,0,0,0,0,0,0,1,0,,67,7,2007,1,40.06,-75.0185,1038.0,6,0,0,0,0,0,0,0,0,2.0,0,0,0,10,1,1,0,,1,40 03:35.000,6.0,0,75 01:06.569,4,0,0,0,67301,0,0,0,N,0,0,0,1,67301,1,,1,1,,N,N,,1,,0,0,0,0,0,Y,1035,1,2,0,0,0,0,0,3,4,0,2,3,,N,,,,,,,,,,,
2007091904,1505.0,2,0,1,0,0,0,0,0,0,5,0,,67,7,2007,1,39.9414,-75.2147,1500.0,6,0,0,1,0,0,0,0,0,,0,0,0,99,1,3,2,,0,39 56:28.874,,0,75 12:52.905,2,0,0,0,67301,0,0,0,N,0,0,0,4,67301,1,,1,1,,,,,0,,1,1,0,9,3,,9999,3,2,0,0,0,0,0,3,4,0,2,3,,N,,,,,,,,,,,
2007091919,1338.0,2,0,0,0,0,0,0,0,0,4,0,,67,7,2007,6,40.0059,-75.1237,1334.0,6,0,0,0,0,1,0,0,0,,0,0,0,13,1,1,0,,0,40 00:21.000,,0,75 07:25.408,4,0,0,0,67301,0,0,0,N,0,0,0,2,67301,1,,1,1,,N,N,,0,,0,0,0,0,0,,1330,1,2,0,0,0,0,0,3,4,0,2,3,,N,,,,,,,,,,,
2007092058,1915.0,2,0,0,0,0,0,0,0,0,4,0,,67,7,2007,5,40.0153,-75.0639,1905.0,6,0,0,0,0,0,0,0,0,1.0,0,0,0,19,1,1,2,,1,40 00:54.000,2.0,0,75 03:50.045,8,0,0,0,67301,0,0,0,N,0,0,0,3,67301,0,,1,1,,N,N,,0,,0,0,0,3,3,N,1900,1,2,0,0,1,1,0,3,4,0,2,3,,N,,,,,,,,,,,
2007084541,9999.0,1,0,0,0,0,0,0,0,0,7,0,,67,6,2007,1,39.8932,-75.2331,53.0,6,0,0,0,0,0,0,0,0,,0,0,0,0,3,0,6,,0,39 53:35.000,,2,75 13:57.221,0,0,0,0,67301,0,0,0,,0,0,0,1,67301,0,,3,1,,,,,0,,0,0,0,0,0,,53,0,2,0,0,0,0,0,3,4,0,1,3,,N,,,,,,,,,,,
2007084607,237.0,1,0,0,0,0,0,0,0,0,7,0,,67,5,2007,6,40.018,-75.1675,232.0,6,0,0,0,0,0,0,0,0,1.0,0,0,0,2,3,0,0,,2,40 01:04.000,1.0,2,75 10:03.630,0,0,0,0,67301,0,0,0,Y,0,0,0,2,67301,0,,2,1,,N,N,,0,,0,0,0,0,0,Y,230,0,1,0,0,0,0,0,3,4,0,1,3,,N,,,,,,,,,,,
2007082480,2133.0,2,0,0,0,0,0,0,0,0,6,0,,67,5,2007,5,39.9343,-75.1589,2132.0,6,0,0,0,0,0,0,0,0,,0,0,0,99,3,1,2,,0,39 56:03.444,,0,75 09:31.931,8,0,0,0,67301,0,0,0,N,0,0,0,4,67301,0,,1,1,,N,N,,0,,0,0,0,9,3,,9999,1,2,0,0,3,1,0,3,4,0,2,3,,N,,,,,,,,,,,
2007080015,2057.0,0,0,0,0,0,0,0,0,0,8,0,,67,6,2007,2,39.9515,-75.16,2055.0,6,0,0,0,0,0,0,0,0,,0,0,0,20,3,1,0,,0,39 57:05.226,,0,75 09:36.028,8,0,0,0,67301,1,0,0,,1,0,0,2,67301,0,,1,1,,,,,0,,0,0,0,0,0,,2030,1,2,0,0,0,1,1,3,4,0,1,3,,N,,,,,,,,,,,
2007082222,2044.0,1,0,0,1,0,0,0,0,0,4,0,,67,6,2007,7,39.937,-75.1751,2042.0,6,0,0,0,0,0,0,0,0,,0,0,0,99,3,1,2,,0,39 56:13.246,,0,75 10:30.496,4,0,0,0,67301,1,0,0,,0,0,0,2,67301,1,,1,1,,,,,0,,0,0,0,3,3,,9999,1,2,0,0,1,0,0,3,4,0,1,3,,N,,,,,,,,,,,
2007082248,1450.0,0,0,0,0,0,0,0,0,0,4,0,,67,5,2007,4,40.0216,-75.094,1436.0,6,0,1,0,0,0,0,0,0,,0,0,0,14,1,1,5,,0,40 01:17.000,,0,75 05:38.538,8,0,0,0,67301,0,0,0,,0,0,0,2,67301,0,,1,1,,,,,0,,0,0,1,3,2,,1435,1,2,0,0,0,1,0,3,4,1,2,3,,N,,,,,,,,,,,
2007082249,1832.0,1,0,0,0,0,0,0,0,0,8,0,,67,6,2007,1,40.0054,-75.0805,1828.0,6,0,0,0,0,0,1,0,0,9.0,0,0,0,18,1,1,0,,2,40 00:19.566,4.0,0,75 04:49.717,3,0,0,0,67301,1,0,0,,1,0,0,2,67301,0,,1,1,,N,N,,0,,1,0,0,0,0,Y,1826,1,2,0,0,0,0,0,3,4,0,1,3,,N,,,,,,,,,,,
2007082267,1525.0,1,0,0,0,0,0,0,0,0,8,0,,67,6,2007,2,40.0207,-75.1366,1523.0,6,0,0,0,0,0,1,0,0,,0,0,0,15,1,1,3,,0,40 01:14.671,,0,75 08:11.612,4,0,0,0,67301,1,0,0,,1,0,0,2,67301,1,,1,1,,,,,0,,0,0,0,9,3,,1515,1,2,0,0,0,0,0,3,4,0,1,3,,N,,,,,,,,,,,
2007080072,1604.0,1,0,0,0,0,0,0,0,0,8,0,,67,6,2007,4,40.0001,-75.1289,1602.0,6,0,0,0,0,0,0,0,0,,0,0,0,15,1,1,2,,0,40 00:00.478,,0,75 07:43.960,4,0,0,0,67301,1,0,0,N,1,0,0,2,67301,1,,1,1,,N,N,,0,,0,0,0,3,2,,1550,1,2,0,0,0,0,0,3,4,0,1,3,,N,,,,,,,,,,,
2007082571,15.0,1,0,0,0,0,0,0,0,0,4,0,,67,5,2007,4,39.9456,-75.1651,11.0,6,0,0,0,0,0,0,0,0,2.0,0,0,0,0,3,2,1,,1,39 56:44.000,2.0,0,75 09:54.498,3,0,0,1,67301,0,0,0,N,0,0,0,3,67301,1,,1,1,,N,N,,0,,1,0,0,3,2,N,8,2,2,0,0,0,0,1,3,4,0,2,3,,N,,,,,,,,,,,
2007080195,952.0,1,0,0,0,0,0,0,0,0,8,0,,67,7,2007,5,39.9753,-75.2456,945.0,6,0,0,0,0,0,0,0,0,,0,0,0,7,1,1,1,,0,39 58:25.000,,0,75 14:43.089,8,0,0,0,67301,1,0,0,N,1,0,0,2,67301,0,,1,9,,N,N,,0,,0,0,0,3,2,,730,1,2,0,0,0,1,0,3,4,0,1,7,,N,,,,,,,,,,,
2007081864,1102.0,1,0,0,0,0,0,0,0,0,1,0,,67,6,2007,5,40.0377,-75.0124,1055.0,6,0,0,0,0,1,0,0,1,1.0,0,0,0,10,1,1,0,,2,40 02:16.000,2.0,0,75 00:41.802,4,0,0,0,67301,0,0,0,N,0,0,0,4,67301,1,,1,1,,N,N,,0,,0,0,1,0,0,N,1054,1,2,0,0,0,0,0,3,4,0,2,3,,N,,,,,,,,,,,
2007058152,1811.0,1,0,0,0,0,0,0,0,0,2,0,,67,4,2007,5,39.9613,-75.1989,1811.0,6,0,0,0,0,0,0,1,0,,0,0,0,18,1,2,1,,0,39 57:41.000,,0,75 11:56.499,4,0,0,0,67301,0,0,0,N,0,0,0,4,67301,2,,1,1,,N,N,,0,,0,0,1,0,0,,1811,2,2,0,0,0,0,1,3,4,0,2,3,,N,,,,,,,,,,,
2007057772,340.0,0,0,0,0,0,0,0,0,0,7,0,,67,3,2007,7,40.1138,-74.9874,336.0,6,0,0,0,0,0,0,0,0,9.0,0,0,0,3,3,1,0,,2,40 06:49.639,7.0,0,74 59:14.772,8,0,0,0,67301,0,0,0,N,0,0,0,1,67301,0,,4,1,,N,N,,0,,0,0,1,0,0,Y,330,1,1,0,0,0,1,0,3,4,0,1,3,,N,,,,,,,,,,,
2007057776,1218.0,3,0,0,0,0,0,0,0,0,4,0,,67,3,2007,4,39.9663,-75.2029,1216.0,6,0,0,0,0,0,2,0,1,,0,0,0,99,1,2,2,,0,39 57:58.608,,0,75 12:10.313,4,0,0,0,67301,0,0,0,N,0,0,0,4,67301,2,,1,1,,N,N,,0,,0,0,0,3,3,,9999,2,3,0,0,0,0,0,3,4,0,3,3,,N,,,,,,,,,,,
2007051158,1718.0,1,0,0,0,0,0,0,0,0,1,0,,67,2,2007,7,40.0352,-75.1401,1702.0,6,0,0,0,0,0,1,0,0,,0,0,0,16,1,0,0,,0,40 02:06.655,,0,75 08:24.205,0,0,0,0,67301,0,0,0,N,0,0,0,1,67301,0,,1,1,,N,N,,2,,0,0,0,0,0,,1645,0,3,0,0,1,0,0,3,4,0,3,3,,N,,,,,,,,,,,
2007022117,243.0,2,0,0,0,0,0,0,0,0,1,0,,67,1,2007,7,39.9712,-75.1931,238.0,6,0,0,0,0,0,0,0,0,2.0,0,0,0,99,3,0,0,,2,39 58:16.000,4.0,8,75 11:35.091,0,0,0,0,67301,0,0,0,N,0,0,0,2,67301,0,,1,1,,N,N,,0,,0,0,0,0,0,Y,9999,0,2,0,0,0,0,0,3,4,0,2,3,,N,,,,,,,,,,,
2007048856,1040.0,1,0,0,0,0,0,0,0,0,1,0,,67,2,2007,3,40.0049,-75.1784,1024.0,6,0,0,0,0,0,0,0,0,1.0,0,0,0,10,1,1,0,,2,40 00:17.576,4.0,0,75 10:42.190,8,0,0,0,67301,0,0,0,N,0,0,0,4,67301,0,,1,1,,N,N,,1,,0,0,0,3,2,Y,1023,1,2,0,0,0,1,0,3,4,0,2,3,,N,,,,,,,,,,,
2007048975,2155.0,3,0,0,0,0,0,0,0,0,1,0,,67,2,2007,3,40.0263,-75.1171,2151.0,6,0,0,0,0,0,0,0,0,3.0,0,0,0,21,3,5,0,,1,40 01:34.000,4.0,0,75 07:01.028,8,0,0,0,67301,0,0,0,N,0,0,0,5,67301,0,,1,9,,N,Y,,0,,0,0,0,3,2,Y,2149,5,3,0,0,1,5,0,3,4,0,3,7,,N,,,,,,,,,,,
2007117260,845.0,1,0,0,0,0,0,0,0,0,8,0,,67,9,2007,4,40.0424,-75.2263,835.0,6,0,0,0,0,0,0,0,0,,0,0,0,7,1,1,2,,0,40 02:32.000,,0,75 13:34.030,8,0,0,0,67301,1,0,0,N,1,0,0,2,67301,0,,1,1,,N,N,,0,,0,0,0,3,2,,730,1,2,0,0,0,1,0,3,4,0,1,3,,N,,,,,,,,,,,
2007120247,1720.0,1,0,0,0,0,0,0,0,0,4,0,,67,10,2007,4,40.0345,-75.1149,1715.0,6,0,0,0,0,0,0,0,0,,0,0,0,17,1,3,1,,0,40 02:04.000,,0,75 06:53.623,4,0,0,0,67301,0,0,0,N,0,0,0,4,67301,3,,1,1,,N,N,,0,,0,0,0,3,2,,1700,3,2,0,0,0,0,0,3,4,0,2,3,,N,,,,,,,,,,,
2007120254,2215.0,1,0,0,0,0,0,0,0,0,4,1,,67,8,2007,4,39.9246,-75.1521,2210.0,6,0,0,1,0,0,0,0,0,,0,1,0,22,3,1,1,,0,39 55:28.520,,0,75 09:07.473,4,0,0,0,67301,0,0,0,N,0,0,0,2,67301,1,,1,9,,N,N,,0,,0,0,0,3,2,,2205,1,2,0,0,0,0,0,3,4,0,2,3,,N,,,,,,,,,,,
2007071370,115.0,2,0,0,0,0,0,0,0,0,1,0,,67,5,2007,4,40.0804,-75.0371,9999.0,6,0,0,0,1,0,0,0,0,,0,0,0,1,3,1,0,,0,40 04:49.000,,0,75 02:13.640,4,0,0,0,67301,0,0,0,N,0,0,0,1,67301,1,,6,1,,N,N,,0,,0,0,0,0,0,,104,1,2,0,0,0,0,0,3,4,0,2,3,,N,,,,,,,,,,,
2007066379,1155.0,2,0,0,0,0,0,0,0,0,4,0,,67,5,2007,1,40.0296,-75.0868,1145.0,6,0,0,0,1,0,0,0,0,,0,0,0,11,1,1,1,,0,40 01:46.000,,0,75 05:12.758,4,0,0,0,67301,0,0,0,N,0,0,0,2,67301,1,,1,1,,N,N,,0,,0,0,0,3,2,,1145,1,2,0,0,0,0,0,3,4,0,2,3,,N,,,,,,,,,,,
2007066441,1348.0,2,0,0,0,0,0,0,0,0,4,0,,67,4,2007,6,40.0574,-75.0768,1348.0,6,0,0,0,0,0,1,0,0,,0,0,0,13,1,2,1,,0,40 03:26.640,,0,75 04:36.480,4,0,0,0,67301,0,0,0,N,0,0,0,3,67301,2,,1,9,,N,N,,0,,0,0,0,3,2,,1340,2,2,0,0,0,0,0,3,4,0,2,3,,N,,,,,,,,,,,
2007066449,2253.0,2,0,0,0,0,0,0,0,0,1,0,,67,5,2007,6,39.9605,-75.1813,2249.0,6,0,0,0,0,0,0,0,0,9.0,0,0,0,22,3,0,3,,1,39 57:41.760,4.0,0,75 10:57.000,0,0,0,0,67301,0,0,0,N,0,0,0,4,67301,0,,1,1,,N,N,,1,,0,0,0,0,0,N,2249,0,3,0,0,0,0,0,3,4,0,3,3,,N,,,,,,,,,,,
2007066465,12.0,2,0,0,0,0,0,0,0,0,4,0,,67,4,2007,6,40.0475,-75.1427,11.0,6,0,0,0,0,0,1,0,0,,0,0,0,0,3,5,0,,0,40 02:50.000,,0,75 08:33.768,8,0,0,0,67301,0,0,0,N,0,0,0,6,67301,0,,1,9,,N,N,,0,,0,0,0,3,2,,9,5,2,0,0,0,5,0,3,4,0,2,7,,N,,,,,,,,,,,
2007066515,1857.0,1,0,0,1,0,0,0,0,0,8,0,,67,5,2007,7,40.0412,-75.1553,1854.0,6,0,0,0,0,0,0,0,0,,0,0,0,18,1,1,2,,0,40 02:28.489,,0,75 09:19.227,3,0,0,0,67301,1,0,0,N,0,0,0,2,67301,0,,1,1,,N,N,,0,,1,0,0,0,0,,1850,1,2,0,0,0,0,0,3,4,0,1,3,,N,,,,,,,,,,,
2007066549,1533.0,1,0,0,0,0,0,0,0,0,8,0,,67,5,2007,3,39.9714,-75.1594,1530.0,6,0,0,0,0,0,1,0,0,,0,0,0,15,1,1,1,,0,39 58:17.000,,0,75 09:33.737,4,0,0,0,67301,1,0,0,N,1,0,0,2,67301,1,,1,1,,N,N,,0,,0,0,0,3,2,,1529,1,2,0,0,0,0,0,3,4,0,1,3,,N,,,,,,,,,,,
2007119343,1434.0,2,0,0,0,0,0,0,0,0,4,0,,67,8,2007,2,39.939,-75.1763,1433.0,6,0,0,0,0,0,0,0,0,,0,0,0,14,1,2,1,,0,39 56:20.551,,0,75 10:34.679,8,0,0,0,67301,0,0,0,N,0,0,0,2,67301,0,,1,1,,N,N,,0,,0,0,0,9,2,,1433,2,2,0,0,0,2,0,3,4,0,2,3,,N,,,,,,,,,,,
2007066874,1327.0,2,0,0,0,0,0,0,0,0,1,0,,67,5,2007,1,40.004,-75.1718,1320.0,6,0,0,0,0,0,0,0,0,,0,0,0,13,1,2,0,,0,40 00:14.000,,0,75 10:18.889,4,0,0,0,67301,0,0,0,N,0,0,0,3,67301,2,,1,1,,N,N,,0,,0,0,0,0,0,,1315,2,2,0,0,0,0,0,3,4,0,2,3,,N,,,,,,,,,,,
2007056654,745.0,1,0,0,0,0,0,0,0,0,3,0,,67,4,2007,3,40.0272,-75.1512,725.0,6,0,0,0,0,0,0,0,0,,0,0,0,7,1,1,1,,0,40 01:37.801,,0,75 09:04.478,4,0,0,0,67301,0,0,0,N,0,0,0,3,67301,1,,1,9,,N,N,,0,,0,0,0,3,2,,715,1,2,0,0,0,0,2,3,4,1,2,7,,N,,,,,,,,,,,
2007056755,9999.0,1,0,0,0,0,0,0,0,0,5,0,,67,3,2007,7,39.8946,-75.2367,9999.0,6,0,0,0,0,0,0,0,0,,0,1,0,99,1,2,1,,0,39 53:40.000,,0,75 14:12.181,4,0,0,0,67301,0,0,0,N,0,0,0,6,67301,2,,1,1,,N,N,,0,,0,0,0,3,2,,9999,2,2,0,0,0,0,0,3,4,0,2,3,,N,,,,,,,,,,,
2007056756,2004.0,0,0,0,0,0,0,0,0,0,7,0,,67,4,2007,2,39.9121,-75.231,2002.0,6,0,0,0,0,0,0,0,0,,0,0,0,20,3,0,0,,0,39 54:43.657,,0,75 13:51.549,0,0,0,0,67301,0,0,0,N,0,0,0,1,67301,0,,5,1,,N,N,,1,,0,0,1,0,0,,2002,0,2,0,0,0,0,0,3,4,0,2,3,,N,,,,,,,,,,,
2007057011,837.0,2,0,0,0,0,0,0,0,0,1,0,,67,3,2007,6,39.9376,-75.2231,834.0,6,0,0,0,0,0,0,0,0,,0,0,0,8,1,1,1,,0,39 56:15.000,,0,75 13:23.005,4,0,0,0,67301,0,0,0,N,0,0,0,2,67301,1,,1,9,,N,N,,0,,0,0,0,3,2,,830,1,2,0,0,0,0,0,3,4,0,2,7,,N,,,,,,,,,,,
2007046827,1557.0,1,0,0,0,0,0,0,0,0,1,0,,67,3,2007,7,39.9848,-75.1691,1556.0,6,0,0,0,0,0,1,0,0,,0,0,0,15,1,2,1,,0,39 59:05.294,,0,75 10:08.806,2,0,0,0,67301,0,0,0,N,0,0,0,5,67301,1,,1,1,,N,N,,0,,0,1,2,9,3,,1545,2,3,0,0,1,0,0,3,4,0,3,3,,N,,,,,,,,,,,
2007056928,406.0,1,0,0,0,0,0,0,0,0,7,0,,67,4,2007,7,39.9547,-75.1944,405.0,6,0,0,0,0,1,0,0,0,,0,0,0,4,3,0,1,,0,39 57:16.000,,0,75 11:39.891,0,0,0,0,67301,0,0,0,N,0,0,0,1,67504,0,,4,1,,N,N,,0,,0,0,0,3,2,,405,0,1,0,0,0,0,0,3,4,0,1,3,,N,,,,,,,,,,,
2007054524,1412.0,1,0,0,0,0,0,0,0,0,5,1,,67,2,2007,4,39.9551,-75.1494,1412.0,6,0,0,0,0,0,0,0,0,,0,1,0,14,1,0,0,,0,39 57:18.000,,0,75 08:57.888,0,0,0,0,67301,0,0,0,N,0,0,0,2,67501,0,,1,1,,N,N,,0,,0,0,0,0,0,,1410,0,2,0,0,0,0,0,3,4,0,2,3,,N,,,,,,,,,,,
2007046915,1400.0,1,0,0,0,0,0,0,0,0,4,0,,67,2,2007,5,40.0826,-75.0406,1357.0,6,0,0,0,1,0,0,0,0,1.0,0,0,0,13,1,1,2,,1,40 04:57.000,5.0,0,75 02:26.311,4,0,0,0,67301,0,0,0,N,0,0,0,2,67301,1,,1,6,,N,Y,,0,,0,0,1,3,2,N,1357,1,2,0,0,0,0,0,3,4,0,2,10,,N,,,,,,,,,,,
2007047005,319.0,1,0,0,0,0,0,0,0,0,8,0,,67,1,2007,5,40.0491,-75.1359,317.0,6,0,0,0,0,0,0,0,0,,0,0,0,3,6,1,0,,0,40 02:56.868,,0,75 08:09.171,8,0,0,0,67301,1,0,0,N,1,0,0,3,67301,0,,1,1,,N,Y,,0,,0,0,0,0,0,,313,1,2,0,0,1,1,0,3,4,0,1,3,,N,,,,,,,,,,,
2007047050,1225.0,1,0,0,0,0,0,0,0,0,2,1,,67,3,2007,2,40.0392,-75.1917,1221.0,6,0,0,0,0,0,0,0,0,1.0,0,1,0,11,1,0,1,,1,40 02:20.000,3.0,0,75 11:30.209,0,0,0,0,67301,0,0,0,N,0,0,0,2,67301,0,,1,1,,N,N,,0,,0,0,0,3,2,Y,1108,0,2,0,0,1,0,0,3,4,0,2,3,,N,,,,,,,,,,,
2007123203,1348.0,1,0,0,0,0,0,0,0,0,1,1,,67,10,2007,5,39.9908,-75.2047,1348.0,6,0,0,1,0,0,1,0,0,1.0,0,1,0,13,1,0,0,,1,39 59:29.000,3.0,0,75 12:12.546,0,0,0,0,67301,0,0,0,N,0,0,0,2,68K01,0,,1,1,,N,N,,0,,0,0,0,0,0,N,1346,0,2,0,0,0,0,0,3,4,0,2,3,,N,,,,,,,,,,,
2007099490,1226.0,1,0,0,0,0,0,0,0,0,1,1,,67,7,2007,6,40.1145,-74.9878,1220.0,6,0,0,0,0,0,1,0,0,2.0,0,1,0,11,1,0,0,,1,40 06:52.000,2.0,0,74 59:16.158,9,0,0,0,67301,0,0,0,N,0,0,0,3,67301,0,,1,1,,N,N,,0,,0,0,0,3,2,Y,1150,0,3,0,0,0,0,3,3,4,1,3,3,,N,,,,,,,,,,,
2007099492,105.0,0,0,0,0,0,0,0,0,0,0,0,,67,8,2007,2,39.9507,-75.2411,103.0,6,0,0,0,0,0,0,0,0,,0,0,0,1,3,0,1,,0,39 57:02.548,,0,75 14:27.995,0,0,0,0,67301,0,0,0,N,0,0,0,1,67301,0,,1,9,,N,N,,0,,0,0,0,0,0,,103,0,1,0,0,0,0,0,3,4,1,1,3,,N,,,,,,,,,,,
2007092154,1902.0,1,0,0,0,0,0,0,0,0,1,0,,67,9,2007,6,40.0053,-75.218,1859.0,6,0,0,0,0,0,1,0,0,1.0,0,0,0,18,4,1,0,,1,40 00:18.000,2.0,0,75 13:04.810,4,0,0,0,67301,0,0,0,N,0,0,0,3,46104,1,,1,1,,N,N,,0,,0,0,0,0,0,N,1859,1,2,0,0,0,0,0,3,4,1,2,3,,N,,,,,,,,,,,
2007109133,232.0,0,0,0,0,0,0,0,0,0,8,0,,67,9,2007,1,39.9983,-75.1292,231.0,6,0,0,0,0,0,0,0,0,,0,0,0,99,3,1,1,,0,39 59:54.000,,0,75 07:45.186,8,0,0,0,67301,1,0,0,,1,0,0,2,67301,0,,1,1,,,,,0,,0,0,0,3,2,,9999,1,2,0,0,0,1,0,3,4,0,1,3,,N,,,,,,,,,,,
2007111660,2136.0,2,0,0,0,0,0,0,0,0,2,0,,67,9,2007,7,40.0331,-75.1963,2136.0,6,0,0,0,0,0,1,0,0,,0,0,0,21,3,0,0,,0,40 01:59.000,,0,75 11:46.762,0,0,0,0,67301,0,0,0,N,0,0,0,2,68K01,0,,1,1,,N,N,,0,,0,0,0,0,0,,2136,0,2,0,0,0,0,0,3,4,0,2,3,,N,,,,,,,,,,,
2007091979,1910.0,3,0,0,0,0,0,0,0,0,1,0,,67,7,2007,5,40.0852,-75.2291,1900.0,6,0,0,0,0,0,1,0,0,,0,0,0,18,1,0,0,,0,40 05:06.605,,0,75 13:44.731,0,0,0,0,67301,0,0,0,N,0,0,0,5,67301,0,,1,9,,N,N,,0,,0,0,0,3,2,,1845,0,4,0,0,0,0,0,3,4,1,4,7,,N,,,,,,,,,,,
2007092010,102.0,1,0,0,0,0,0,0,0,0,4,0,,67,7,2007,1,39.942,-75.2282,1245.0,6,0,0,0,0,0,0,0,0,,0,0,0,12,1,0,1,,0,39 56:31.178,,0,75 13:41.462,9,0,0,0,67301,0,0,0,,0,0,0,4,67301,0,,1,9,,N,N,,0,,0,0,0,3,3,,1245,0,2,0,0,0,0,4,3,4,1,2,3,,N,,,,,,,,,,,
2007082478,2356.0,3,0,0,0,0,0,0,0,0,4,0,,67,2,2007,4,39.9997,-75.099,2355.0,6,0,0,0,0,0,1,0,0,2.0,0,0,0,23,3,1,1,,2,39 59:58.000,7.0,0,75 05:56.359,8,0,0,0,67301,0,0,0,N,0,0,0,3,67301,0,,1,1,,N,N,,0,,0,0,0,3,2,Y,2355,1,4,0,0,1,1,0,3,4,1,4,3,,N,,,,,,,,,,,
2007080053,1321.0,2,0,0,0,0,0,0,0,0,4,0,,67,6,2007,4,40.0004,-75.1565,1320.0,6,0,0,0,0,1,0,0,0,,0,0,0,13,1,1,1,,0,40 00:01.476,,0,75 09:23.389,4,0,0,0,67301,0,0,0,N,0,0,0,2,67301,1,,1,1,,N,N,,0,,0,0,0,3,3,,1319,1,3,0,0,0,0,0,3,4,0,3,3,,N,,,,,,,,,,,
2007082520,646.0,2,0,0,0,0,0,0,0,0,1,0,,67,6,2007,2,39.923,-75.191,642.0,6,0,0,0,0,0,0,1,0,,0,0,0,6,1,1,3,,0,39 55:30.000,,2,75 11:35.979,8,0,0,0,67301,0,0,0,,0,0,0,2,67301,0,,7,1,,,,,0,,0,0,0,0,0,,640,1,2,0,0,0,1,0,3,4,0,2,3,,N,,,,,,,,,,,
2007081815,1435.0,1,0,0,0,0,0,0,0,0,4,0,,67,5,2007,6,39.9566,-75.2276,1430.0,6,0,0,0,0,0,0,0,0,,0,0,0,14,1,2,1,,0,39 57:23.850,,0,75 13:39.467,3,0,0,0,67301,1,0,0,,1,0,0,3,67301,1,,1,1,,,,,0,,1,0,0,0,0,,1425,2,3,0,0,1,0,0,3,4,0,2,3,,N,,,,,,,,,,,
2007058044,1607.0,2,0,0,0,0,0,0,0,0,5,0,,67,4,2007,7,39.9592,-75.2438,1559.0,6,0,0,0,0,0,0,0,0,,0,0,0,11,1,1,0,,0,39 57:33.224,,0,75 14:37.767,8,0,0,0,67301,0,0,0,N,0,0,0,2,67301,0,,1,1,,N,N,,1,,0,0,0,0,0,,1156,1,3,0,0,0,1,0,3,4,0,3,3,,N,,,,,,,,,,,