CRN,ARRIVAL_TM,AUTOMOBILE_COUNT,BELTED_DEATH_COUNT,BELTED_SUSP_SERIOUS_INJ_COUNT,BICYCLE_COUNT,BICYCLE_DEATH_COUNT,BICYCLE_SUSP_SERIOUS_INJ_COUNT,BUS_COUNT,CHLDPAS_DEATH_COUNT,CHLDPAS_SUSP_SERIOUS_INJ_COUNT,COLLISION_TYPE,COMM_VEH_COUNT,CONS_ZONE_SPD_LIM,COUNTY,CRASH_MONTH,CRASH_YEAR,DAY_OF_WEEK,DEC_LAT,DEC_LONG,DISPATCH_TM,DISTRICT,DRIVER_COUNT_16YR,DRIVER_COUNT_17YR,DRIVER_COUNT_18YR,DRIVER_COUNT_19YR,DRIVER_COUNT_20YR,DRIVER_COUNT_50_64YR,DRIVER_COUNT_65_74YR,DRIVER_COUNT_75PLUS,EST_HRS_CLOSED,FATAL_COUNT,HEAVY_TRUCK_COUNT,HORSE_BUGGY_COUNT,HOUR_OF_DAY,ILLUMINATION,INJURY_COUNT,INTERSECT_TYPE,INTERSECTION_RELATED,LANE_CLOSED,LATITUDE,LN_CLOSE_DIR,LOCATION_TYPE,LONGITUDE,MAX_SEVERITY_LEVEL,MCYCLE_DEATH_COUNT,MCYCLE_SUSP_SERIOUS_INJ_COUNT,MOTORCYCLE_COUNT,MUNICIPALITY,NONMOTR_COUNT,NONMOTR_DEATH_COUNT,NONMOTR_SUSP_SERIOUS_INJ_COUNT,NTFY_HIWY_MAINT,PED_COUNT,PED_DEATH_COUNT,PED_SUSP_SERIOUS_INJ_COUNT,PERSON_COUNT,POLICE_AGCY,POSSIBLE_INJ_COUNT,RDWY_SURF_TYPE_CD,RELATION_TO_ROAD,ROAD_CONDITION,ROADWAY_CLEARED,SCH_BUS_IND,SCH_ZONE_IND,SECONDARY_CRASH,SMALL_TRUCK_COUNT,SPEC_JURIS_CD,SUSP_MINOR_INJ_COUNT,SUSP_SERIOUS_INJ_COUNT,SUV_COUNT,TCD_FUNC_CD,TCD_TYPE,TFC_DETOUR_IND,TIME_OF_DAY,TOT_INJ_COUNT,TOTAL_UNITS,UNB_DEATH_COUNT,UNB_SUSP_SERIOUS_INJ_COUNT,UNBELTED_OCC_COUNT,UNK_INJ_DEG_COUNT,UNK_INJ_PER_COUNT,URBAN_AREA,URBAN_RURAL,VAN_COUNT,VEHICLE_COUNT,WEATHER1,WEATHER2,WORK_ZONE_IND,WORK_ZONE_LOC,WORK_ZONE_TYPE,WORKERS_PRES,WZ_CLOSE_DETOUR,WZ_FLAGGER,WZ_LAW_OFFCR_IND,WZ_LN_CLOSURE,WZ_MOVING,WZ_OTHER,WZ_SHLDER_MDN,WZ_WORKERS_INJ_KILLED
2007057760,1747.0,2,0,0,0,0,0,0,0,0,2,0,,67,4,2007,7,40.1112,-75.0244,1746.0,6,0,0,0,0,0,0,0,0,,0,0,0,17,1,2,1,,0,40 06:40.000,,0,75 01:27.736,4,0,0,0,67301,0,0,0,N,0,0,0,3,67301,2,,1,1,,N,N,,0,,0,0,0,3,2,,1744,2,2,0,0,0,0,0,3,4,0,2,3,,N,,,,,,,,,,,
2007027989,9999.0,2,0,0,0,0,0,0,0,0,1,0,,67,1,2007,2,39.9561,-75.168,210.0,6,0,0,0,0,0,0,0,0,,0,0,0,2,3,1,1,,0,39 57:29.000,,0,75 10:11.395,3,0,0,0,67301,0,0,0,N,0,0,0,3,67301,0,,1,9,,N,N,,0,,1,0,0,3,2,,210,1,2,0,0,0,0,0,3,4,0,2,7,,N,,,,,,,,,,,
2007022181,1701.0,0,0,0,1,0,0,0,0,0,4,0,,67,1,2007,6,39.9398,-75.1989,1658.0,6,0,0,0,0,0,0,0,0,,0,0,0,16,4,1,0,,0,39 56:25.000,,7,75 12:05.252,4,0,0,0,67301,1,0,0,N,0,0,0,2,67301,1,,2,1,,N,N,,0,,0,0,1,0,0,,1655,1,2,0,0,0,0,0,3,4,0,1,3,,N,,,,,,,,,,,
2007048854,1323.0,3,0,0,0,0,0,0,0,0,1,0,,67,3,2007,6,39.9888,-75.2183,1319.0,6,0,0,0,0,0,1,0,0,,0,0,0,13,1,2,0,,0,39 59:19.787,,0,75 13:06.056,4,0,0,0,67301,0,0,0,N,0,0,0,3,67301,2,,1,9,,N,N,,0,,0,0,0,0,0,,1318,2,3,0,0,2,0,0,3,4,0,3,9,,N,,,,,,,,,,,
2007056556,535.0,2,0,0,0,0,0,0,0,0,4,0,,67,4,2007,6,39.994,-75.1491,530.0,6,0,0,0,0,0,1,0,0,1.0,0,0,0,5,1,1,1,,2,39 59:38.230,1.0,0,75 08:56.680,4,0,0,0,67301,0,0,0,N,0,0,0,2,67301,1,,1,1,,N,N,,0,,0,0,0,3,3,N,526,1,2,0,0,0,0,0,3,4,0,2,3,,N,,,,,,,,,,,
2007048915,1442.0,2,0,0,0,0,0,0,0,0,7,0,,67,3,2007,6,,,1437.0,6,0,0,0,0,0,1,0,0,1.0,0,0,0,14,1,1,0,,2,,5.0,0,,8,0,0,0,67301,0,0,0,N,0,0,0,2,67301,0,,2,6,,N,N,,0,,0,0,0,0,0,N,1437,1,2,0,0,0,1,0,3,3,0,2,9,,N,,,,,,,,,,,
2007048927,1620.0,2,0,0,0,0,0,0,0,0,4,0,,67,3,2007,7,40.0398,-75.1445,1618.0,6,0,0,0,1,1,0,0,0,,0,0,0,16,1,0,1,,0,40 02:23.000,,0,75 08:40.028,0,0,0,0,67301,0,0,0,N,0,0,0,7,67301,0,,1,9,,N,N,,1,,0,0,0,0,0,,1615,0,3,0,0,7,0,0,3,4,0,3,3,,N,,,,,,,,,,,
2007048980,9999.0,1,0,0,0,0,0,0,0,0,8,0,,67,2,2007,3,39.9354,-75.2204,1930.0,6,0,0,0,0,0,0,0,0,,0,0,0,19,3,1,0,,0,39 56:07.278,,0,75 13:13.501,4,0,0,0,67301,1,0,0,N,1,0,0,2,67301,1,,1,1,,N,N,,0,,0,0,0,0,0,,1930,1,2,0,0,0,0,1,3,4,0,1,3,,N,,,,,,,,,,,
2007049046,928.0,2,0,0,0,0,0,0,0,0,4,0,,67,2,2007,6,40.0306,-75.0649,925.0,6,0,0,0,0,0,0,0,0,,0,0,0,9,1,1,2,,0,40 01:50.000,,0,75 03:53.676,4,0,0,0,67301,0,0,0,N,0,0,0,3,67301,1,,1,1,,N,N,,0,,0,0,0,3,3,,920,1,2,0,0,2,0,0,3,4,0,2,3,,N,,,,,,,,,,,
2007046450,1358.0,0,0,0,0,0,0,0,0,0,7,0,,67,2,2007,3,40.0573,-75.0342,1352.0,6,0,0,0,0,0,0,0,0,,0,0,0,13,1,1,1,,0,40 03:26.000,,0,75 02:03.612,4,0,0,0,67301,0,0,0,N,0,0,0,1,67301,1,,3,6,,N,N,,0,,0,0,1,2,2,,1350,1,1,0,0,0,0,0,3,4,0,1,10,,N,,,,,,,,,,,
2007046456,530.0,1,0,0,0,0,0,0,0,0,4,0,,67,2,2007,5,39.9578,-75.2193,522.0,6,0,0,0,0,0,1,0,0,,0,0,0,5,5,1,2,,0,39 57:27.000,,0,75 13:09.320,8,0,0,0,67301,0,0,0,N,0,0,0,3,67301,0,,1,1,,N,N,,0,,0,0,0,3,2,,522,1,2,0,0,3,1,0,3,4,1,2,3,,N,,,,,,,,,,,
2007046806,1821.0,2,0,0,0,0,0,0,0,0,6,0,,67,2,2007,1,40.0566,-75.0132,1809.0,6,0,0,1,0,0,0,0,0,,0,0,0,18,3,2,1,,0,40 03:23.000,,0,75 00:46.083,4,0,0,0,67301,0,0,0,N,0,0,0,3,67301,2,,1,1,,N,N,,0,,0,0,0,3,2,,1805,2,2,0,0,0,0,0,3,4,0,2,3,,N,,,,,,,,,,,
2007080833,1508.0,2,0,0,0,0,0,0,0,0,4,0,,67,6,2007,5,40.0809,-75.029,1503.0,6,0,0,0,0,0,0,0,1,1.0,0,0,0,15,1,2,0,,2,40 04:51.240,2.0,0,75 01:44.400,3,0,0,0,67301,0,0,0,N,0,0,0,4,67301,1,,1,1,,N,N,,0,,1,0,1,3,2,Y,1502,2,3,0,0,1,0,0,3,4,0,3,3,,N,,,,,,,,,,,
2007080847,9999.0,0,0,0,0,0,0,0,0,0,7,0,,67,6,2007,1,39.9574,-75.2293,122.0,6,0,0,0,0,1,0,0,0,4.0,1,0,0,1,3,0,1,,2,39 57:26.000,7.0,0,75 13:45.402,1,0,0,0,67301,0,0,0,N,0,0,0,1,67301,0,2.0,2,1,,N,N,,1,0.0,0,0,0,3,2,Y,115,0,1,0,0,0,0,0,3,4,0,1,3,,N,,,,,,,,,,,
2007081012,2045.0,0,0,0,0,0,0,0,0,0,8,0,,67,5,2007,3,39.9888,-75.1202,2035.0,6,0,0,0,0,0,0,0,0,,0,0,0,20,6,1,1,,0,39 59:19.554,,0,75 07:12.678,8,0,0,0,67301,1,0,0,N,1,0,0,2,67301,0,,1,1,,N,N,,0,,0,0,0,9,3,,2025,1,2,0,0,0,1,0,3,4,1,1,3,,N,,,,,,,,,,,
2007081015,1629.0,1,0,0,0,0,0,0,0,0,5,0,,67,5,2007,5,39.992,-75.1263,1625.0,6,0,0,0,0,0,0,0,0,,0,0,0,14,1,1,1,,0,39 59:31.084,,0,75 07:34.535,8,0,0,0,67301,0,0,0,,0,0,0,2,67301,0,,1,1,,N,N,,1,,0,0,0,3,3,,1430,1,2,0,0,0,1,0,3,4,0,2,3,,N,,,,,,,,,,,
2007081016,1850.0,1,0,0,0,0,0,0,0,0,4,0,,67,5,2007,2,39.9952,-75.1122,1847.0,6,0,0,0,2,0,0,0,0,,0,0,0,18,1,1,1,,0,39 59:42.000,,0,75 06:44.112,4,0,0,0,67301,0,0,0,N,0,0,0,5,67301,1,,1,1,,N,N,,1,,0,0,0,3,2,,1845,1,2,0,0,0,0,3,3,4,0,2,3,,N,,,,,,,,,,,
2007080926,1932.0,1,0,0,0,0,0,0,0,0,8,0,,67,5,2007,4,39.9418,-75.181,1927.0,6,0,0,0,0,0,0,0,0,,0,0,0,19,1,1,0,,0,39 56:30.555,,0,75 10:51.704,4,0,0,0,67301,1,0,0,,1,0,0,2,67301,1,,1,1,,N,N,,0,,0,0,0,0,0,,1923,1,2,0,0,1,0,0,3,4,0,1,3,,N,,,,,,,,,,,
2007091260,211.0,2,0,0,0,0,0,0,0,0,1,0,,67,7,2007,1,40.01,-75.2065,205.0,6,0,0,0,0,0,0,0,0,,0,0,0,2,3,0,0,,0,40 00:36.000,,0,75 12:23.967,9,0,0,0,67301,0,0,0,N,0,0,0,2,68K01,0,,1,1,,N,N,,0,,0,0,0,0,0,,200,0,2,0,0,0,0,1,3,4,0,2,3,,N,,,,,,,,,,,
2007066668,1854.0,1,0,0,0,0,0,0,0,0,8,0,,67,5,2007,6,40.0488,-75.0655,1851.0,6,0,0,0,0,0,1,0,0,1.0,0,0,0,18,1,1,0,,1,40 02:55.694,2.0,0,75 03:55.684,8,0,0,0,67301,1,0,0,N,1,0,0,2,67301,0,,1,1,,N,N,,0,,0,0,0,0,0,N,1850,1,2,0,0,0,1,0,3,4,0,1,3,,N,,,,,,,,,,,
2007066873,9999.0,2,0,0,0,0,0,0,0,0,4,0,,67,5,2007,6,40.0152,-75.1699,9999.0,6,0,0,0,0,0,0,1,0,,0,0,0,99,1,3,1,,0,40 00:54.000,,0,75 10:11.829,4,0,0,0,67301,0,0,0,N,0,0,0,3,67301,3,,1,1,,N,N,,0,,0,0,0,3,2,,9999,3,2,0,0,1,0,0,3,4,0,2,3,,N,,,,,,,,,,,
2007066918,1026.0,1,0,0,1,0,0,0,0,0,5,0,,67,5,2007,5,39.9902,-75.162,1021.0,6,0,0,0,0,0,0,0,0,,0,0,0,10,1,1,1,,0,39 59:24.820,,0,75 09:43.023,4,0,0,0,67301,1,0,0,N,0,0,0,2,67301,1,,1,9,,N,N,,0,,0,0,0,3,2,,1019,1,2,0,0,0,0,0,3,4,0,1,7,,N,,,,,,,,,,,
2007056754,1305.0,2,0,0,0,0,0,0,0,0,6,0,,67,3,2007,4,39.9405,-75.2189,1256.0,6,0,0,0,0,0,0,0,0,,0,0,0,19,6,1,1,,0,39 56:25.916,,0,75 13:08.067,4,0,0,0,67301,0,0,0,,0,0,0,2,67301,1,,1,1,,N,N,,0,,0,0,0,0,0,,1900,1,2,0,0,0,0,1,3,4,0,2,3,,N,,,,,,,,,,,
2007061797,1727.0,2,0,0,0,0,0,0,0,0,1,0,,67,3,2007,6,39.9854,-75.2083,1726.0,6,0,0,0,0,0,0,0,0,,0,0,0,17,1,0,0,,0,39 59:11.000,,0,75 12:29.092,0,0,0,0,67301,0,0,0,N,0,0,0,3,68K01,0,,1,9,,N,N,,0,,0,0,0,3,3,,1720,0,2,0,0,1,0,0,3,4,0,2,7,,N,,,,,,,,,,,
2007056668,1344.0,1,0,0,0,0,0,1,0,0,5,1,,67,3,2007,6,39.9498,-75.1729,1338.0,6,0,0,0,0,0,0,0,0,,0,0,0,13,1,1,0,,0,39 56:59.388,,0,75 10:22.292,4,0,0,0,67301,0,0,0,N,0,0,0,2,67301,1,,1,1,,N,N,,0,,0,0,0,0,0,,1322,1,2,0,0,0,0,0,3,4,0,2,3,,N,,,,,,,,,,,
2007056734,2342.0,1,0,0,1,0,0,0,0,0,5,0,,67,3,2007,3,39.9493,-75.1642,2230.0,6,0,0,0,0,0,0,0,0,,0,0,0,22,3,1,1,,0,39 56:57.480,,0,75 09:51.120,4,0,0,0,67301,1,0,0,,0,0,0,2,67301,1,,1,1,,,,,0,,0,0,0,0,0,,2230,1,2,0,0,0,0,0,3,4,0,1,3,,N,,,,,,,,,,,
2007056751,916.0,2,0,0,0,0,0,0,0,0,4,0,,67,3,2007,4,39.9331,-75.2387,911.0,6,0,0,0,0,0,0,0,0,,0,0,0,9,1,2,0,,0,39 55:59.000,,0,75 14:19.427,4,0,0,0,67301,0,0,0,,0,0,0,4,67301,2,,1,1,,N,N,,0,,0,0,0,0,0,,909,2,2,0,0,1,0,0,3,4,0,2,3,,N,,,,,,,,,,,
2007056816,845.0,2,0,0,0,0,0,1,0,0,1,1,,67,4,2007,5,39.9699,-75.2391,835.0,6,0,0,0,0,0,0,0,0,,0,0,0,8,1,1,0,,0,39 58:11.431,,0,75 14:20.835,4,0,0,0,67301,0,0,0,,0,0,0,2,67301,1,,1,9,,N,N,,0,,0,0,0,0,0,,834,1,3,0,0,0,0,0,3,4,0,3,7,,N,,,,,,,,,,,
2007056880,808.0,2,0,0,0,0,0,0,0,0,4,0,,67,4,2007,3,39.9764,-75.1198,806.0,6,0,0,0,0,0,0,0,0,,0,0,0,8,1,1,1,,0,39 58:37.000,,0,75 07:10.033,4,0,0,0,67301,0,0,0,N,0,0,0,3,67301,1,,1,1,,N,N,,0,,0,0,0,3,2,,805,1,2,0,0,0,0,0,3,4,0,2,3,,N,,,,,,,,,,,
2007057056,1455.0,2,0,0,0,0,0,0,0,0,2,0,,67,3,2007,4,40.0673,-75.0282,1447.0,6,0,0,0,0,0,0,0,0,,0,1,0,14,1,1,0,,0,40 04:02.280,,0,75 01:41.520,4,0,0,0,67301,0,0,0,N,0,0,0,1,67301,1,,1,1,,N,N,,1,,0,0,0,0,0,,1445,1,4,0,0,0,0,0,3,4,0,4,3,,N,,,,,,,,,,,
2007054645,1415.0,0,0,0,0,0,0,0,0,0,7,0,,67,4,2007,6,39.9065,-75.137,1413.0,6,0,0,0,0,0,0,0,0,1.0,0,0,0,99,1,1,0,,1,39 54:23.420,3.0,0,75 08:13.187,3,0,0,1,67301,0,0,0,N,0,0,0,7,67501,0,,3,1,,N,N,,0,,1,0,0,3,8,N,9999,1,2,0,0,0,0,0,3,4,1,2,3,,N,,,,,,,,,,,
2007056974,1406.0,2,0,0,0,0,0,0,0,0,5,0,,67,2,2007,7,39.9582,-75.2232,1555.0,6,0,0,0,0,0,0,0,0,,0,0,0,15,1,2,2,,0,39 57:29.000,,0,75 13:23.485,8,0,0,0,67301,0,0,0,N,0,0,0,2,67301,0,,1,1,,N,N,,0,,0,0,0,3,2,,1550,2,2,0,0,0,2,0,3,4,0,2,3,,N,,,,,,,,,,,
2007047138,831.0,2,0,0,0,0,0,0,0,0,6,0,,67,2,2007,3,40.0659,-75.1765,829.0,6,0,0,0,0,0,0,0,0,,0,0,0,8,1,0,1,,0,40 03:57.000,,0,75 10:35.464,0,0,0,0,67301,0,0,0,N,0,0,0,3,67301,0,,1,1,,N,N,,1,,0,0,0,3,3,,829,0,3,0,0,0,0,0,3,4,0,3,3,,N,,,,,,,,,,,
2007102319,1934.0,2,0,0,0,0,0,0,0,0,4,0,,67,8,2007,6,39.9565,-75.2155,1934.0,6,0,0,0,1,0,0,0,0,,0,0,0,19,4,2,1,,0,39 57:23.349,,0,75 12:55.731,8,0,0,0,67301,0,0,0,N,0,0,0,2,67301,0,,1,1,,N,N,,0,,0,0,0,3,3,,1930,2,2,0,0,0,2,0,3,4,0,2,3,,N,,,,,,,,,,,
2007099460,1820.0,2,0,0,0,0,0,0,0,0,4,0,,67,7,2007,4,40.0159,-75.1296,1815.0,6,0,0,1,0,0,0,0,0,,0,0,0,18,1,2,5,,0,40 00:57.319,,0,75 07:46.466,4,0,0,0,67301,0,0,0,N,0,0,0,3,67301,2,,1,1,,N,N,,0,,0,0,0,3,3,,1800,2,2,0,0,0,0,0,3,4,0,2,3,,N,,,,,,,,,,,
2007091951,830.0,2,0,0,0,0,0,0,0,0,2,0,,67,7,2007,7,39.9709,-75.2059,823.0,6,0,0,0,0,0,0,0,0,2.0,0,0,0,8,1,2,2,,2,39 58:15.078,7.0,0,75 12:21.275,4,0,0,0,67301,0,0,0,N,0,0,0,2,67301,1,,1,1,,Y,N,,0,,0,0,0,3,3,Y,805,2,2,0,0,0,1,0,3,4,0,2,3,,N,,,,,,,,,,,
2007111627,1806.0,0,0,0,0,0,0,0,0,0,7,0,,67,9,2007,2,,,1806.0,6,0,0,0,0,0,0,0,0,,0,0,0,18,1,1,0,,0,,,2,,3,0,0,1,67301,0,0,0,N,0,0,0,1,67501,0,,2,1,,N,N,,0,,1,0,0,0,0,,1806,1,1,0,0,0,0,0,3,3,0,1,3,,N,,,,,,,,,,,
2007091987,59.0,0,0,0,0,0,0,0,0,0,8,0,,67,7,2007,6,39.9094,-75.1611,58.0,6,0,0,0,0,0,0,0,0,,0,0,0,0,3,1,1,,0,39 54:33.696,,0,75 09:40.053,3,0,0,0,67301,1,0,0,,1,0,0,2,67301,0,,1,1,,N,N,,1,,1,0,0,3,2,,56,1,2,0,0,0,0,0,3,4,0,1,3,,N,,,,,,,,,,,
2007092261,9999.0,1,0,0,0,0,0,0,0,0,2,0,,67,7,2007,3,39.9688,-75.1362,1145.0,6,0,0,0,1,1,0,0,0,,0,0,0,11,1,0,1,,0,39 58:07.000,,0,75 08:10.374,9,0,0,0,67301,0,0,0,,0,0,0,4,67301,0,,1,1,,,,,1,,0,0,0,2,2,,1145,0,3,0,0,0,0,1,3,4,0,3,3,,N,,,,,,,,,,,
2007092072,1207.0,2,0,0,0,0,0,0,0,0,4,0,,67,7,2007,7,39.9602,-75.1669,1205.0,6,0,0,0,0,0,1,0,0,,0,0,0,12,1,1,1,,0,39 57:36.752,,0,75 10:00.695,3,0,0,0,67301,0,0,0,,0,0,0,3,67301,0,,1,1,,N,N,,0,,1,0,0,9,3,,1205,1,2,0,0,0,0,1,3,4,0,2,3,,N,,,,,,,,,,,
2007084628,1836.0,1,0,0,0,0,0,0,0,0,4,0,,67,6,2007,3,40.0669,-75.1583,1836.0,6,0,0,0,0,0,0,0,0,,0,0,0,18,1,1,2,,0,40 04:01.000,,0,75 09:29.767,3,0,0,0,67301,0,0,0,N,0,0,0,2,67301,0,,4,1,,N,N,,0,,1,0,0,2,3,,1815,1,2,0,0,0,0,0,3,4,1,2,3,,N,,,,,,,,,,,
2007084647,1428.0,2,0,0,0,0,0,0,0,0,4,0,99.0,67,6,2007,5,39.9113,-75.2428,1424.0,6,0,0,0,0,0,1,0,0,,0,0,0,11,1,0,1,,0,39 54:40.000,,0,75 14:34.179,0,0,0,0,67301,0,0,0,N,0,0,0,2,67301,0,,1,1,,N,N,,0,,0,0,0,1,7,,1130,0,2,0,0,2,0,0,3,4,0,2,3,,Y,4.0,1.0,Y,,,N,,,,Y,
2007082219,230.0,3,0,0,0,0,0,0,0,0,4,0,,67,6,2007,3,40.0868,-74.9718,229.0,6,0,0,1,0,1,0,0,0,,0,0,0,99,3,2,1,,0,40 05:12.000,,0,74 58:18.772,8,0,0,0,67301,0,0,0,N,0,0,0,5,67301,0,,1,1,,N,N,,0,,0,0,0,0,0,,9999,2,3,0,0,0,2,0,3,4,0,3,3,,N,,,,,,,,,,,
2007082243,2043.0,2,0,0,0,0,0,0,0,0,4,0,,67,6,2007,4,40.1026,-75.0289,2039.0,6,0,0,0,0,0,1,0,0,,0,0,0,20,3,3,1,,0,40 06:09.000,,0,75 01:43.911,4,0,0,0,67301,0,0,0,,0,0,0,3,67301,3,,1,1,,,,,0,,0,0,0,3,2,,2035,3,2,0,0,0,0,0,3,4,0,2,3,,N,,,,,,,,,,,
2007082572,720.0,2,0,0,0,0,0,0,0,0,4,0,,67,5,2007,3,40.0689,-75.1818,715.0,6,0,0,0,0,0,0,0,0,,0,0,0,7,1,0,1,,0,40 04:08.000,,0,75 10:54.330,9,0,0,0,67301,0,0,0,N,0,0,0,2,67301,0,,1,1,,N,N,,0,,0,0,0,3,2,,703,0,2,0,0,0,0,1,3,4,0,2,3,,N,,,,,,,,,,,
2007057763,148.0,2,0,0,0,0,0,0,0,0,4,0,,67,4,2007,7,39.9695,-75.1663,146.0,6,0,0,0,0,0,0,0,0,,0,0,0,1,3,0,0,,0,39 58:10.060,,0,75 09:58.554,0,0,0,0,67301,0,0,0,,0,0,0,1,67301,0,,6,1,,,,,0,,0,0,0,0,0,,143,0,3,0,0,0,0,0,3,4,1,3,3,,N,,,,,,,,,,,
2007057766,254.0,1,0,0,0,0,0,0,0,0,1,0,,67,4,2007,1,39.9596,-75.1754,246.0,6,0,0,0,0,0,0,0,0,1.0,0,0,0,2,3,0,0,,1,39 57:34.860,4.0,0,75 10:34.657,0,0,0,0,67301,0,0,0,N,0,0,0,2,67301,0,,1,1,,N,N,,0,,0,0,1,0,0,N,246,0,2,0,0,0,0,0,3,4,0,2,3,,N,,,,,,,,,,,
2007057773,2338.0,2,0,0,0,0,0,0,0,0,6,0,,67,4,2007,2,39.9864,-75.1696,2338.0,6,0,0,0,0,0,0,0,0,,0,0,0,23,3,2,1,,0,39 59:11.018,,0,75 10:10.592,4,0,0,0,67301,0,0,0,N,0,0,0,2,67301,2,,1,1,,N,N,,0,,0,0,0,3,2,,2335,2,2,0,0,0,0,0,3,4,0,2,3,,N,,,,,,,,,,,
2007051126,2230.0,1,0,0,0,0,0,0,0,0,4,0,,67,2,2007,7,40.0093,-75.069,2228.0,6,0,0,0,0,0,0,0,0,,0,0,0,22,3,2,1,,0,40 00:33.000,,2,75 04:08.444,4,0,0,0,67301,0,0,0,N,0,0,0,6,67301,2,,1,1,,N,N,,1,,0,0,0,3,2,,2214,2,2,0,0,0,0,0,3,4,0,2,3,,N,,,,,,,,,,,
2007046255,420.0,1,0,0,0,0,0,0,0,0,7,0,,67,2,2007,2,39.9737,-75.1939,419.0,6,0,0,0,0,0,0,0,0,,0,0,0,4,3,1,0,,0,39 58:30.101,,0,75 11:39.536,4,0,0,0,67301,0,0,0,N,0,0,0,1,67301,1,,2,1,,N,N,,0,,0,0,0,0,0,,418,1,1,0,0,0,0,0,3,4,0,1,3,,N,,,,,,,,,,,
2007046283,1325.0,1,0,0,0,0,0,0,0,0,1,0,,67,2,2007,7,40.0613,-75.2362,1323.0,6,0,0,0,1,0,0,0,0,2.0,0,0,0,13,1,0,1,,1,40 03:40.000,2.0,0,75 14:10.507,9,0,0,0,67301,0,0,0,N,0,0,0,4,67301,0,,1,2,,N,N,,0,,0,0,1,0,0,N,1323,0,2,0,0,2,0,3,3,4,0,2,3,,N,,,,,,,,,,,
2007046307,2050.0,0,0,0,0,0,0,1,0,0,1,1,,67,2,2007,5,40.0266,-75.0679,2050.0,6,0,0,0,0,0,0,0,0,,0,0,0,20,3,3,0,,0,40 01:35.000,,0,75 04:04.571,8,0,0,0,67301,0,0,0,N,0,0,0,4,67301,0,,1,1,,N,N,,0,,0,0,0,3,2,,2030,3,2,0,0,0,3,0,3,4,1,2,3,,N,,,,,,,,,,,
2007046314,1148.0,2,0,0,0,0,0,0,0,0,1,0,,67,2,2007,7,39.9787,-75.1578,1145.0,6,0,0,0,0,0,1,0,0,,0,0,0,11,1,2,1,,0,39 58:43.000,,0,75 09:28.092,3,0,0,0,67301,0,0,0,N,0,0,0,2,67301,0,,1,1,,N,N,,0,,2,0,0,3,2,,1140,2,2,0,0,0,0,0,3,4,0,2,3,,N,,,,,,,,,,,
2007046316,1745.0,0,0,0,0,0,0,0,0,0,7,0,,67,2,2007,4,39.9848,-75.2082,1738.0,6,0,0,0,0,0,0,0,0,2.0,0,0,0,17,3,2,0,,2,39 58:56.000,4.0,2,75 12:27.244,3,0,0,0,67301,0,0,0,Y,0,0,0,2,67301,0,,2,7,,N,N,,1,,2,0,0,0,0,Y,1735,2,2,0,0,0,0,0,3,4,0,2,10,,N,,,,,,,,,,,
2007046321,835.0,0,0,0,0,0,0,0,0,0,8,0,,67,3,2007,7,39.9364,-75.1584,830.0,6,0,0,0,0,0,0,0,0,,0,0,0,8,1,1,1,,0,39 56:10.896,,0,75 09:30.326,4,0,0,0,67301,1,0,0,N,1,0,0,2,67301,1,,1,1,,N,N,,1,,0,0,0,1,2,,828,1,2,0,0,1,0,0,3,4,0,1,3,,N,,,,,,,,,,,
2007046322,1420.0,1,0,0,0,0,0,0,0,0,4,0,,67,2,2007,3,39.9255,-75.1694,1416.0,6,0,0,0,0,0,0,0,0,,0,0,0,14,1,1,1,,0,39 55:31.698,,0,75 10:09.742,8,0,0,0,67301,0,0,0,N,0,0,0,4,67301,0,,1,1,,N,N,,1,,0,0,0,0,0,,1410,1,2,0,0,0,1,1,3,4,0,2,3,,N,,,,,,,,,,,
2007048873,820.0,1,0,0,0,0,0,0,0,0,2,0,,67,3,2007,5,39.9225,-75.2284,818.0,6,0,0,0,0,0,0,1,0,,0,0,0,99,1,2,1,,0,39 55:21.104,,0,75 13:42.304,4,0,0,0,67301,0,0,0,N,0,0,0,3,67301,2,,1,2,,N,N,,0,,0,0,0,3,3,,9999,2,2,0,0,0,0,0,3,4,1,2,3,,N,,,,,,,,,,,
2007056529,1200.0,1,0,0,0,0,0,0,0,0,8,0,,67,4,2007,3,39.9388,-75.1644,1135.0,6,0,0,0,0,0,0,0,0,,0,0,0,21,3,1,2,,0,39 56:19.683,,0,75 09:51.692,4,0,0,0,67301,1,0,0,N,1,0,0,2,67301,1,,1,1,,N,N,,0,,0,0,0,9,9,,2100,1,2,0,0,0,0,1,3,4,0,1,3,,N,,,,,,,,,,,
2007049012,1241.0,1,0,0,0,0,0,0,0,0,2,0,,67,3,2007,6,40.0185,-75.0999,1235.0,6,0,1,0,0,0,0,0,0,,0,0,0,99,1,1,0,,0,40 01:06.456,,0,75 05:59.488,8,0,0,0,67301,0,0,0,N,0,0,0,2,67301,0,,1,6,,N,N,,0,,0,0,1,0,0,,9999,1,2,0,0,0,1,0,3,4,0,2,9,,N,,,,,,,,,,,
2007051518,2338.0,0,0,0,0,0,0,0,0,0,7,1,,67,4,2007,1,39.9634,-75.1841,2325.0,6,0,0,0,0,0,0,0,0,2.0,0,1,0,23,3,0,0,,2,39 57:48.000,3.0,0,75 11:03.225,0,0,0,0,67301,0,0,0,Y,0,0,0,1,68K01,0,,2,9,,N,N,,0,,0,0,0,0,0,Y,2325,0,1,0,0,0,0,0,3,4,0,1,7,,N,,,,,,,,,,,