CRN,ARRIVAL_TM,AUTOMOBILE_COUNT,BELTED_DEATH_COUNT,BELTED_SUSP_SERIOUS_INJ_COUNT,BICYCLE_COUNT,BICYCLE_DEATH_COUNT,BICYCLE_SUSP_SERIOUS_INJ_COUNT,BUS_COUNT,CHLDPAS_DEATH_COUNT,CHLDPAS_SUSP_SERIOUS_INJ_COUNT,COLLISION_TYPE,COMM_VEH_COUNT,CONS_ZONE_SPD_LIM,COUNTY,CRASH_MONTH,CRASH_YEAR,DAY_OF_WEEK,DEC_LAT,DEC_LONG,DISPATCH_TM,DISTRICT,DRIVER_COUNT_16YR,DRIVER_COUNT_17YR,DRIVER_COUNT_18YR,DRIVER_COUNT_19YR,DRIVER_COUNT_20YR,DRIVER_COUNT_50_64YR,DRIVER_COUNT_65_74YR,DRIVER_COUNT_75PLUS,EST_HRS_CLOSED,FATAL_COUNT,HEAVY_TRUCK_COUNT,HORSE_BUGGY_COUNT,HOUR_OF_DAY,ILLUMINATION,INJURY_COUNT,INTERSECT_TYPE,INTERSECTION_RELATED,LANE_CLOSED,LATITUDE,LN_CLOSE_DIR,LOCATION_TYPE,LONGITUDE,MAX_SEVERITY_LEVEL,MCYCLE_DEATH_COUNT,MCYCLE_SUSP_SERIOUS_INJ_COUNT,MOTORCYCLE_COUNT,MUNICIPALITY,NONMOTR_COUNT,NONMOTR_DEATH_COUNT,NONMOTR_SUSP_SERIOUS_INJ_COUNT,NTFY_HIWY_MAINT,PED_COUNT,PED_DEATH_COUNT,PED_SUSP_SERIOUS_INJ_COUNT,PERSON_COUNT,POLICE_AGCY,POSSIBLE_INJ_COUNT,RDWY_SURF_TYPE_CD,RELATION_TO_ROAD,ROAD_CONDITION,ROADWAY_CLEARED,SCH_BUS_IND,SCH_ZONE_IND,SECONDARY_CRASH,SMALL_TRUCK_COUNT,SPEC_JURIS_CD,SUSP_MINOR_INJ_COUNT,SUSP_SERIOUS_INJ_COUNT,SUV_COUNT,TCD_FUNC_CD,TCD_TYPE,TFC_DETOUR_IND,TIME_OF_DAY,TOT_INJ_COUNT,TOTAL_UNITS,UNB_DEATH_COUNT,UNB_SUSP_SERIOUS_INJ_COUNT,UNBELTED_OCC_COUNT,UNK_INJ_DEG_COUNT,UNK_INJ_PER_COUNT,URBAN_AREA,URBAN_RURAL,VAN_COUNT,VEHICLE_COUNT,WEATHER1,WEATHER2,WORK_ZONE_IND,WORK_ZONE_LOC,WORK_ZONE_TYPE,WORKERS_PRES,WZ_CLOSE_DETOUR,WZ_FLAGGER,WZ_LAW_OFFCR_IND,WZ_LN_CLOSURE,WZ_MOVING,WZ_OTHER,WZ_SHLDER_MDN,WZ_WORKERS_INJ_KILLED
2007049071,1839.0,3,0,0,0,0,0,0,0,0,4,0,,67,1,2007,4,40.017,-75.1883,1838.0,6,0,0,0,0,0,1,0,0,3.0,0,0,0,18,3,1,1,,1,40 01:01.000,1.0,0,75 11:18.213,4,0,0,0,67301,0,0,0,N,0,0,0,3,67301,1,,1,1,,N,N,,0,,0,0,0,3,2,Y,1838,1,3,0,0,0,0,0,3,4,0,3,3,,N,,,,,,,,,,,
2007117236,2340.0,2,0,0,0,0,0,0,0,0,6,0,,67,10,2007,6,39.9845,-75.16,9999.0,6,0,0,0,1,0,0,0,0,,0,0,0,22,3,1,2,,0,39 59:04.221,,0,75 09:35.845,3,0,0,0,67301,0,0,0,N,0,0,0,2,67301,0,,1,1,,N,N,,0,,1,0,0,0,0,,2230,1,2,0,0,2,0,0,3,4,0,2,3,,N,,,,,,,,,,,
2007066629,1650.0,1,0,0,0,0,0,0,0,0,7,0,,67,4,2007,7,39.9987,-75.0946,1637.0,6,0,0,0,0,0,0,0,0,,0,0,0,16,1,2,1,,0,39 59:55.424,,0,75 05:40.664,3,0,0,0,67301,0,0,0,N,0,0,0,3,67301,1,,4,1,,N,N,,0,,1,0,0,9,3,,1625,2,1,0,0,0,0,0,3,4,0,1,3,,N,,,,,,,,,,,
2007066656,1342.0,1,0,0,0,0,0,0,0,0,5,0,,67,5,2007,6,40.0673,-75.1467,1328.0,6,0,0,0,0,0,2,0,0,,0,0,0,13,1,1,3,,0,40 04:02.157,,0,75 08:48.213,8,0,0,0,67301,0,0,0,N,0,0,0,2,67301,0,,1,1,,N,N,,0,,0,0,0,0,0,,1325,1,2,0,0,0,1,0,3,4,1,2,3,,N,,,,,,,,,,,
2007066779,1852.0,1,0,0,0,0,0,0,0,0,1,0,,67,5,2007,4,39.9534,-75.1969,1851.0,6,0,0,1,0,0,0,0,0,,0,0,0,18,1,0,0,,0,39 57:12.286,,0,75 11:48.730,0,0,0,0,67301,0,0,0,N,0,0,0,2,67301,0,,1,1,,N,N,,0,,0,0,1,0,0,,1845,0,2,0,0,0,0,0,3,4,0,2,3,,N,,,,,,,,,,,
2007066833,833.0,1,0,0,0,0,0,0,0,0,1,0,,67,5,2007,4,39.9077,-75.2275,831.0,6,0,0,0,0,0,1,0,1,,0,0,0,8,1,3,0,,0,39 54:27.705,,0,75 13:38.859,8,0,0,0,67301,0,0,0,N,0,0,0,5,67301,0,,1,1,,N,N,,0,,0,0,1,0,0,,827,3,4,0,0,0,3,1,3,4,1,4,3,,N,,,,,,,,,,,
2007066863,2010.0,0,0,0,0,0,0,0,0,0,8,0,,67,5,2007,5,39.9168,-75.1605,2005.0,6,0,0,0,0,0,0,0,0,,0,0,0,20,3,1,1,,0,39 55:00.519,,0,75 09:37.972,4,0,0,0,67301,1,0,0,N,1,0,0,2,67301,1,,1,1,,N,N,,0,,0,0,0,3,3,,2005,1,2,0,0,0,0,0,3,4,1,1,3,,N,,,,,,,,,,,
2007056733,1220.0,1,0,0,0,0,0,0,0,0,5,1,,67,3,2007,2,39.9525,-75.177,1215.0,6,0,0,0,0,0,1,0,0,,0,1,0,12,1,1,1,,0,39 57:08.000,,0,75 10:37.001,4,0,0,0,67301,0,0,0,N,0,0,0,2,67301,1,,1,1,,N,N,,0,,0,0,0,0,0,,1210,1,2,0,0,0,0,0,3,4,0,2,3,,N,,,,,,,,,,,
2007056775,5.0,2,0,0,0,0,0,0,0,0,6,0,,67,4,2007,6,40.0096,-75.0896,2359.0,6,0,0,0,0,0,0,0,0,,0,0,0,23,2,2,3,,0,40 00:34.000,,0,75 05:22.411,3,0,0,0,67301,0,0,0,N,0,0,0,3,67301,0,,1,1,,N,N,,0,,2,0,0,0,0,,2330,2,2,0,0,2,0,1,3,4,0,2,3,,N,,,,,,,,,,,
2007056846,2248.0,0,0,0,1,0,0,0,0,0,4,0,,67,4,2007,1,40.0661,-75.1621,2234.0,6,0,0,0,0,0,0,0,0,,0,0,0,20,3,1,0,,0,40 03:57.891,,0,75 09:43.736,8,0,0,0,67301,1,0,0,N,0,0,0,2,67301,0,,1,1,,N,N,,0,,0,0,0,0,0,,2035,1,2,0,0,0,1,1,3,4,1,1,3,,N,,,,,,,,,,,
2007058107,1432.0,1,0,0,0,0,0,0,0,0,8,0,,67,4,2007,5,39.9219,-75.1702,1417.0,6,0,0,0,0,0,0,0,0,,0,0,0,14,1,2,5,,0,39 55:18.840,,0,75 10:12.720,4,0,0,0,67301,2,0,0,N,2,0,0,3,67301,2,,1,1,,N,N,,0,,0,0,0,3,2,,1415,2,3,0,0,0,0,0,3,4,0,1,3,,N,,,,,,,,,,,
2007099467,1035.0,2,0,0,0,0,0,0,0,0,5,0,,67,8,2007,3,40.1011,-75.0435,1029.0,6,0,1,0,0,0,0,0,0,,0,0,0,10,1,1,0,,0,40 06:04.039,,0,75 02:36.578,4,0,0,0,67301,0,0,0,N,0,0,0,1,67301,1,,1,1,,N,N,,0,,0,0,0,0,0,,1029,1,2,0,0,0,0,0,3,4,0,2,3,,N,,,,,,,,,,,
2007111903,9999.0,1,0,0,0,0,0,0,0,0,8,0,,67,9,2007,5,39.9549,-75.1517,938.0,6,0,0,0,0,0,0,0,0,,0,0,0,9,1,1,2,,0,39 57:17.713,,0,75 09:05.995,8,0,0,0,67301,1,0,0,,1,0,0,2,67301,0,,1,1,,,,,0,,0,0,0,0,0,,935,1,2,0,0,0,1,0,3,4,0,1,3,,N,,,,,,,,,,,
2007109126,1445.0,1,0,0,0,0,0,0,0,0,6,1,,67,9,2007,5,39.9807,-75.1035,1435.0,6,0,0,0,0,0,1,0,0,1.0,0,1,0,14,1,1,0,,1,39 58:50.000,1.0,0,75 06:12.937,3,0,0,0,67301,0,0,0,N,0,0,0,2,67301,0,,1,1,,N,N,,0,,1,0,0,0,0,Y,1430,1,2,0,0,0,0,0,3,4,0,2,3,,N,,,,,,,,,,,
2007082404,832.0,0,0,0,0,0,0,0,0,0,8,0,,67,6,2007,3,40.0233,-75.1258,830.0,6,0,0,0,0,0,0,0,0,,0,0,0,8,1,1,2,,0,40 01:23.930,,0,75 07:32.757,4,0,0,0,67301,1,0,0,N,1,0,0,2,67301,1,,1,1,,N,N,,1,,0,0,0,0,0,,828,1,2,0,0,1,0,0,3,4,0,1,3,,N,,,,,,,,,,,
2007082491,1621.0,3,0,0,0,0,0,0,0,0,1,0,,67,6,2007,3,40.0177,-75.1725,1621.0,6,0,0,0,0,0,0,0,0,1.0,0,0,0,16,1,7,0,,1,40 01:03.000,2.0,0,75 10:20.950,3,0,0,0,67301,0,0,0,N,0,0,0,13,67301,4,,1,9,,N,N,,0,,2,0,1,0,0,N,1620,7,4,0,0,5,1,0,3,4,0,4,7,,N,,,,,,,,,,,
2007080059,1201.0,1,0,0,0,0,0,0,0,0,8,0,,67,6,2007,1,40.091,-75.0328,1201.0,6,0,0,0,0,0,0,1,0,,0,0,0,12,1,1,2,,0,40 05:27.000,,0,75 01:57.936,4,0,0,0,67301,1,0,0,N,1,0,0,2,67301,1,,1,1,,N,N,,0,,0,0,0,3,2,,1200,1,2,0,0,0,0,0,3,4,0,1,3,,N,,,,,,,,,,,
2007081851,1538.0,1,0,0,0,0,0,0,0,0,8,0,,67,5,2007,5,40.0452,-75.1703,1529.0,6,0,0,0,0,0,0,0,0,,0,0,0,15,1,1,0,,0,40 02:42.596,,0,75 10:12.958,4,0,0,0,67301,1,0,0,N,1,0,0,2,67301,1,,2,1,,N,N,,0,,0,0,0,0,0,,1525,1,2,0,0,0,0,0,3,4,0,1,3,,N,,,,,,,,,,,
2007081869,1413.0,2,0,0,0,0,0,0,0,0,2,0,,67,6,2007,6,39.9804,-75.1712,1410.0,6,0,0,0,0,0,0,0,0,,0,0,0,14,1,1,0,,0,39 58:49.000,,0,75 10:16.288,8,0,0,0,67301,0,0,0,N,0,0,0,3,67301,0,,6,1,,N,N,,0,,0,0,0,0,0,,1400,1,2,0,0,0,1,0,3,4,0,2,3,,N,,,,,,,,,,,
2007058074,1635.0,1,0,0,0,0,0,0,0,0,5,0,,67,4,2007,3,39.9982,-75.1216,1625.0,6,0,0,0,0,0,0,0,0,1.0,0,0,0,16,1,1,0,,2,39 59:53.340,1.0,0,75 07:17.731,4,0,0,0,67301,1,0,0,,0,0,0,2,67301,1,,1,98,,,,,0,,0,0,0,0,0,N,1610,1,2,0,0,0,0,0,3,4,0,2,99,,N,,,,,,,,,,,
2007028005,700.0,1,0,0,0,0,0,0,0,0,8,0,,67,1,2007,1,40.0285,-75.1672,655.0,6,0,0,0,0,0,0,0,0,,0,0,0,6,3,1,0,,0,40 01:42.711,,0,75 10:01.808,3,0,0,0,67301,1,0,0,,1,0,0,2,67301,0,,5,9,,,N,,0,,1,0,0,0,0,,650,1,2,0,0,0,0,0,3,4,0,1,7,,N,,,,,,,,,,,
2007029418,1100.0,1,0,0,0,0,0,0,0,0,6,0,,67,1,2007,2,39.9776,-75.1828,1058.0,6,0,0,0,0,0,0,0,0,,0,0,0,99,1,5,1,,0,39 58:39.266,,0,75 10:58.126,4,0,0,0,67301,0,0,0,N,0,0,0,5,67301,1,,1,9,,N,N,,1,,0,0,0,9,3,,9999,5,2,0,0,0,4,0,3,4,0,2,7,,N,,,,,,,,,,,
2007049053,2142.0,1,0,0,0,0,0,0,0,0,2,0,,67,2,2007,1,40.0915,-74.9656,2136.0,6,0,0,0,0,0,0,0,0,,0,0,0,21,3,1,1,,0,40 05:29.000,,0,74 57:56.517,4,0,0,0,67301,0,0,0,N,0,0,0,5,67301,1,,1,1,,N,N,,0,,0,0,1,3,2,,2130,1,2,0,0,0,0,0,3,4,0,2,3,,N,,,,,,,,,,,
2007046459,2213.0,1,0,0,0,0,0,0,0,0,5,0,,67,3,2007,7,40.0255,-75.1227,2209.0,6,0,0,0,0,0,0,0,0,,0,0,0,22,3,1,1,,0,40 01:31.000,,0,75 07:20.689,4,0,0,1,67301,0,0,0,N,0,0,0,2,67301,1,,1,1,,N,N,,0,,0,0,0,0,0,,2201,1,2,0,0,0,0,0,3,4,0,2,3,,N,,,,,,,,,,,
2007117235,1925.0,1,0,0,0,0,0,0,0,0,4,0,,67,10,2007,7,39.9864,-75.1696,1916.0,6,0,0,0,0,0,0,1,0,,0,0,0,19,3,1,1,,0,39 59:11.018,,0,75 10:10.592,8,0,0,0,67301,0,0,0,N,0,0,0,3,67301,0,,1,1,,N,N,,0,,0,0,1,3,2,,1916,1,2,0,0,0,1,0,3,4,0,2,3,,N,,,,,,,,,,,
2007117264,2320.0,2,0,0,0,0,0,0,0,0,8,0,,67,10,2007,7,39.9608,-75.1434,2316.0,6,0,0,0,0,0,0,1,0,,0,0,0,23,3,1,1,,0,39 57:38.000,,0,75 08:35.842,3,0,0,0,67301,1,0,0,N,1,0,0,3,67301,0,,1,1,,N,N,,0,,1,0,0,3,2,,2305,1,3,0,0,0,0,0,3,4,0,2,3,,N,,,,,,,,,,,
2007117288,1836.0,1,0,0,0,0,0,0,0,0,4,0,,67,9,2007,4,39.9602,-75.2391,1835.0,6,0,0,0,0,0,1,0,0,,0,0,0,18,1,0,1,,0,39 57:36.000,,0,75 14:20.633,0,0,0,0,67301,0,0,0,N,0,0,0,2,67301,0,,1,1,,N,N,,1,,0,0,0,1,2,,1833,0,2,0,0,0,0,0,3,4,0,2,3,,N,,,,,,,,,,,
2007091242,1126.0,1,0,0,0,0,0,0,0,0,4,0,,67,7,2007,2,39.9554,-75.148,1126.0,6,0,0,0,0,0,1,0,0,,0,0,0,11,1,1,0,,0,39 57:19.039,,0,75 08:51.731,8,0,0,1,67301,0,0,0,N,0,0,0,3,67501,0,,1,1,,N,N,,0,,0,0,0,0,0,,1126,1,2,0,0,0,1,0,3,4,0,2,3,,N,,,,,,,,,,,
2007120248,1940.0,0,0,0,0,0,0,0,0,0,4,0,,67,9,2007,4,40.0,-75.1531,1935.0,6,0,0,0,0,0,0,0,0,,0,0,0,19,3,1,1,,0,39 59:59.964,,0,75 09:11.322,4,0,0,1,67301,0,0,0,,0,0,0,3,67301,1,,1,1,,,,,0,,0,0,0,9,3,,1930,1,2,0,0,0,0,1,3,4,0,2,3,,N,,,,,,,,,,,
2007081123,1830.0,1,0,0,0,0,0,0,0,0,8,0,,67,6,2007,2,39.9192,-75.2285,1830.0,6,0,0,0,0,0,1,0,0,,0,0,0,18,1,1,0,,0,39 55:09.004,,0,75 13:42.517,8,0,0,0,67301,1,0,0,N,1,0,0,2,67301,0,,1,1,,N,N,,0,,0,0,0,0,0,,1820,1,2,0,0,0,1,0,3,4,0,1,3,,N,,,,,,,,,,,
2007120209,9999.0,1,0,0,0,0,0,0,0,0,8,0,,67,10,2007,2,39.9285,-75.1786,9999.0,6,0,0,0,0,0,0,0,0,,0,0,0,99,1,1,1,,0,39 55:42.564,,0,75 10:42.988,4,0,0,0,67301,1,0,0,N,1,0,0,2,67301,1,,1,1,,N,N,,0,,0,0,0,9,3,,9999,1,2,0,0,0,0,0,3,4,0,1,3,,N,,,,,,,,,,,
2007071393,1742.0,1,0,0,0,0,0,0,0,0,4,0,,67,5,2007,5,39.9945,-75.1985,1725.0,6,0,0,0,0,0,0,1,0,,0,0,0,17,1,0,0,,0,39 59:45.000,,0,75 11:49.554,9,0,0,0,67301,0,0,0,N,0,0,0,2,68K01,0,,1,1,,N,N,,0,,0,0,0,3,4,,1722,0,2,0,0,0,0,1,3,4,0,2,3,,N,,,,,,,,,,,
2007079970,1755.0,1,0,0,1,0,0,0,0,0,4,0,,67,6,2007,5,40.0523,-75.008,1747.0,6,0,0,0,0,0,0,0,0,,0,0,0,16,1,1,1,,0,40 03:08.000,,0,75 00:28.751,8,0,0,0,67301,1,0,0,N,0,0,0,2,67301,0,,1,1,,N,N,,0,,0,0,0,3,3,,1650,1,2,0,0,0,1,1,3,4,0,1,3,,N,,,,,,,,,,,
2007116882,1712.0,1,0,0,0,0,0,0,0,0,1,0,,67,11,2007,6,39.9992,-75.2309,1707.0,6,0,0,0,0,0,0,1,0,,0,0,0,17,3,1,1,,0,40 00:00.000,,0,75 13:43.740,8,0,0,0,67301,0,0,0,N,0,0,0,2,46104,0,,1,1,,N,N,,0,,0,0,0,3,2,,1700,1,2,0,0,0,1,0,3,4,1,2,3,,N,,,,,,,,,,,
2007124109,9999.0,2,0,0,0,0,0,0,0,0,4,0,,67,11,2007,1,40.0515,-75.1501,,6,0,0,0,0,0,2,0,0,,0,0,0,99,1,1,1,,0,40 03:05.000,,0,75 09:00.524,8,0,0,0,67301,0,0,0,,0,0,0,2,67301,0,,2,1,,N,N,,0,,0,0,0,3,2,,9999,1,2,0,0,0,1,0,3,4,0,2,3,,N,,,,,,,,,,,
2007124120,1134.0,2,0,0,0,0,0,0,0,0,1,0,,67,11,2007,2,40.0458,-75.1295,1134.0,6,0,0,0,0,0,2,0,0,,0,0,0,11,1,1,1,,0,40 02:44.725,,0,75 07:46.093,8,0,0,0,67301,0,0,0,N,0,0,0,2,67301,0,,1,1,,N,N,,0,,0,0,0,3,2,,1130,1,2,0,0,0,1,0,3,4,0,2,3,,N,,,,,,,,,,,
2007124680,1235.0,3,0,0,0,0,0,0,0,0,1,0,,67,11,2007,6,40.0279,-75.1065,1230.0,6,0,0,0,0,1,0,0,0,,0,0,0,12,1,1,2,,0,40 01:40.000,,0,75 06:23.320,8,0,0,0,67301,0,0,0,N,0,0,0,4,67301,0,,1,9,,N,N,,0,,0,0,0,3,2,,1230,1,3,0,0,0,1,1,3,4,0,3,3,,N,,,,,,,,,,,
2007031290,1530.0,1,0,0,0,0,0,0,0,0,7,0,,67,2,2007,4,40.0078,-75.2019,1524.0,6,0,0,0,0,0,0,0,0,1.0,0,0,0,15,1,1,0,,1,40 00:27.547,3.0,0,75 12:05.460,3,0,0,0,67301,0,0,0,N,0,0,0,1,68K01,0,,2,9,,N,N,,0,,1,0,0,0,0,N,1510,1,1,0,0,0,0,0,3,4,0,1,3,,N,,,,,,,,,,,
2007110753,1305.0,2,0,0,0,0,0,0,0,0,1,0,,67,9,2007,6,39.9457,-75.1661,1300.0,6,0,0,0,0,0,0,1,0,,0,0,0,12,1,2,2,,0,39 56:44.430,,0,75 09:57.909,8,0,0,0,67301,0,0,0,,0,0,0,4,67301,0,,1,1,,N,N,,0,,0,0,0,0,0,,1230,2,2,0,0,0,2,0,3,4,0,2,3,,N,,,,,,,,,,,
2007113857,9999.0,1,0,0,0,0,0,0,0,0,2,0,,67,9,2007,2,39.8838,-75.2233,1000.0,6,0,0,0,0,1,0,0,0,,0,0,0,9,1,1,1,,0,39 53:01.744,,0,75 13:23.905,3,0,0,1,67301,0,0,0,,0,0,0,3,67301,0,,1,1,,,,,0,,1,0,0,3,3,,950,1,2,0,0,0,0,0,3,4,0,2,3,,N,,,,,,,,,,,
2007108804,1831.0,1,0,0,0,0,0,0,0,0,8,0,,67,9,2007,6,39.9325,-75.1853,1830.0,6,0,0,0,0,0,0,0,0,,0,0,0,18,1,1,0,,0,39 55:57.169,,0,75 11:07.220,4,0,0,0,67301,1,0,0,N,1,0,0,2,67301,1,,1,1,,N,N,,0,,0,0,0,0,0,,1829,1,2,0,0,0,0,0,3,4,0,1,3,,N,,,,,,,,,,,
2007108990,1503.0,3,0,0,0,0,0,0,0,0,1,0,,67,9,2007,3,39.9266,-75.1947,1500.0,6,0,0,0,0,0,0,0,0,1.0,0,0,0,15,1,0,3,,1,39 55:40.080,4.0,0,75 11:44.520,0,0,0,0,67301,0,0,0,N,0,0,0,6,68K01,0,,1,1,,N,N,,0,,0,0,0,3,4,N,1500,0,3,0,0,0,0,0,3,4,0,3,3,,N,,,,,,,,,,,
2007105969,1645.0,2,0,0,0,0,0,0,0,0,7,0,,67,8,2007,3,40.0723,-75.1625,1639.0,6,0,0,0,0,0,1,0,0,,0,0,0,99,1,0,2,,0,40 04:20.190,,0,75 09:45.068,9,0,0,0,67301,0,0,0,N,0,0,0,3,67301,0,,4,1,,N,N,,0,,0,0,1,9,3,,9999,0,3,0,0,0,0,3,3,4,0,3,3,,N,,,,,,,,,,,
2007105983,1841.0,1,0,0,0,0,0,0,0,0,4,0,,67,6,2007,7,39.9694,-75.2115,1837.0,6,0,0,0,0,0,0,0,0,,0,0,0,18,1,1,1,,0,39 58:10.000,,0,75 12:41.542,4,0,0,0,67301,0,0,0,N,0,0,0,2,67301,1,,1,1,,N,N,,0,,0,0,1,3,2,,1835,1,2,0,0,0,0,0,3,4,0,2,3,,N,,,,,,,,,,,
2007105986,220.0,1,0,0,0,0,0,0,0,0,7,0,,67,8,2007,4,40.0003,-75.1064,220.0,6,0,0,0,0,0,0,0,0,,0,0,0,99,3,2,1,,0,40 00:01.004,,0,75 06:23.097,8,0,0,0,67301,0,0,0,N,0,0,0,2,67301,0,,5,1,,N,N,,0,,0,0,0,9,2,,9999,2,1,0,0,2,2,0,3,4,0,1,3,,N,,,,,,,,,,,
2007066829,1630.0,1,0,0,1,0,0,0,0,0,4,0,,67,5,2007,7,40.0352,-75.0342,1624.0,6,0,0,0,0,0,0,0,0,,0,0,0,16,1,1,1,,0,40 02:06.626,,0,75 02:03.195,4,0,0,0,67301,1,0,0,N,0,0,0,2,67301,1,,1,1,,N,N,,0,,0,0,0,3,3,,1623,1,2,0,0,0,0,0,3,4,0,1,3,,N,,,,,,,,,,,
2007056953,1504.0,2,0,0,0,0,0,0,0,0,4,0,,67,4,2007,7,40.0096,-75.1414,1502.0,6,0,0,0,0,0,1,0,0,,0,0,0,14,1,1,1,,0,40 00:34.563,,0,75 08:29.144,4,0,0,0,67301,0,0,0,N,0,0,0,8,67301,1,,1,1,,N,N,,0,,0,0,0,0,0,,1458,1,2,0,0,6,0,0,3,4,0,2,3,,N,,,,,,,,,,,
2007057020,2048.0,3,0,0,0,0,0,0,0,0,5,0,,67,4,2007,4,40.0994,-74.9724,2035.0,6,0,0,0,0,0,0,0,0,,0,0,0,20,4,1,0,,0,40 05:57.922,,0,74 58:20.751,8,0,0,0,67301,0,0,0,N,0,0,0,1,67301,0,,1,98,,N,N,,0,,0,0,0,0,0,,2003,1,3,0,0,0,1,0,3,4,0,3,99,,N,,,,,,,,,,,
2007057028,1540.0,0,0,0,0,0,0,0,0,0,1,0,,67,4,2007,3,40.0265,-75.0406,1530.0,6,0,0,0,0,0,0,0,0,1.0,0,0,0,15,1,1,1,,1,40 01:35.554,3.0,0,75 02:26.224,4,0,0,0,67301,0,0,0,,0,0,0,2,67301,1,,1,1,,,,,0,,0,0,0,3,3,N,1525,1,2,0,0,0,0,0,3,4,2,2,3,,N,,,,,,,,,,,
2007047029,1350.0,2,0,0,0,0,0,0,0,0,1,0,,67,2,2007,3,40.0362,-75.1898,1342.0,6,0,0,0,0,0,0,0,0,,0,0,0,13,1,1,0,,0,40 02:10.413,,0,75 11:23.155,8,0,0,0,67301,0,0,0,N,0,0,0,2,67301,0,,1,6,,N,N,,0,,0,0,0,0,0,,1340,1,2,0,0,0,1,0,3,4,0,2,10,,N,,,,,,,,,,,
2007047054,1643.0,3,0,0,0,0,0,0,0,0,4,0,,67,3,2007,7,40.0723,-75.0481,1643.0,6,0,0,0,0,0,0,1,1,2.0,0,0,0,16,1,2,2,,1,40 04:20.000,5.0,0,75 02:53.257,8,0,0,0,67301,0,0,0,N,0,0,0,6,67301,0,,1,1,,N,N,,0,,0,0,0,3,3,N,1640,2,3,0,0,0,2,0,3,4,0,3,3,,N,,,,,,,,,,,
2007047120,1940.0,2,0,0,0,0,0,0,0,0,2,0,,67,3,2007,5,39.9643,-75.2464,1932.0,6,0,0,0,0,0,0,1,0,,0,0,0,19,3,2,1,,0,39 57:51.442,,0,75 14:46.946,8,0,0,0,67301,0,0,0,N,0,0,0,4,67301,0,,1,1,,N,N,,0,,0,0,0,0,0,,1925,2,2,0,0,0,2,1,3,4,0,2,3,,N,,,,,,,,,,,
2007047137,1344.0,3,0,0,0,0,0,0,0,0,6,0,,67,3,2007,7,39.9701,-75.178,1340.0,6,0,0,0,0,1,0,0,0,,0,0,0,13,1,0,1,,0,39 58:12.466,,0,75 10:40.945,0,0,0,0,67301,0,0,0,N,0,0,0,2,67301,0,,1,1,,N,N,,0,,0,0,0,3,3,,1335,0,3,0,0,0,0,0,3,4,0,3,3,,N,,,,,,,,,,,
2007092196,250.0,2,0,0,0,0,0,0,0,0,2,0,,67,8,2007,1,40.0645,-75.1943,245.0,6,0,0,0,0,0,0,0,0,,0,0,0,2,3,0,0,,0,40 03:52.000,,0,75 11:39.517,0,0,0,0,67301,0,0,0,N,0,0,0,1,67301,0,,6,1,,N,N,,0,,0,0,0,0,0,,230,0,2,0,0,0,0,0,3,4,0,2,3,,N,,,,,,,,,,,
2007109129,445.0,1,0,0,0,0,0,0,0,0,7,0,,67,9,2007,3,39.9832,-75.0987,431.0,6,0,0,0,0,0,1,0,0,,0,0,0,4,3,2,7,,0,39 58:59.000,,8,75 05:55.590,4,0,0,0,67301,0,0,0,N,0,0,0,2,67301,1,,2,1,,N,N,,0,,0,0,0,0,0,,425,2,1,0,0,0,1,0,3,4,0,1,3,,N,,,,,,,,,,,
2007111892,1710.0,1,0,0,1,0,0,0,0,0,5,0,,67,9,2007,6,39.9576,-75.206,1701.0,6,0,0,0,0,0,0,0,0,,0,0,0,99,1,1,1,,0,39 57:27.000,,0,75 12:21.704,4,0,0,0,67301,1,0,0,N,0,0,0,2,67301,1,,1,1,,N,N,,0,,0,0,0,3,2,,9999,1,2,0,0,0,0,0,3,4,0,1,3,,N,,,,,,,,,,,
2007082471,1114.0,0,0,0,0,0,0,0,0,0,1,0,,67,5,2007,6,40.0077,-75.2011,1113.0,6,0,0,0,0,0,1,0,0,,0,0,0,11,1,1,0,,0,40 00:21.000,,8,75 11:43.629,8,0,0,0,67301,0,0,0,,0,0,0,2,67301,0,,1,1,,,,,0,,0,0,1,0,0,,1105,1,2,0,0,0,1,1,3,4,1,2,3,,N,,,,,,,,,,,
2007080074,1340.0,0,0,0,0,0,0,0,0,0,8,0,,67,5,2007,4,39.9236,-75.1799,1338.0,6,0,0,0,0,0,0,0,0,,0,0,0,13,1,1,0,,0,39 55:26.000,,0,75 10:41.406,4,0,0,0,67301,1,0,0,N,1,0,0,2,67301,1,,1,1,,N,N,,0,,0,0,1,3,2,,1336,1,2,0,0,0,0,0,3,4,0,1,3,,N,,,,,,,,,,,
2007081837,247.0,2,0,0,0,0,0,0,0,0,1,0,,67,5,2007,5,39.973,-75.2261,245.0,6,0,0,1,0,0,0,0,0,,0,0,0,2,3,1,1,,0,39 58:22.000,,0,75 13:34.045,4,0,0,0,67301,0,0,0,N,0,0,0,2,67301,1,,1,1,,N,N,,0,,0,0,0,3,2,,245,1,2,0,0,0,0,0,3,4,0,2,3,,N,,,,,,,,,,,
2007081866,1407.0,1,0,0,0,0,0,0,0,0,8,0,,67,5,2007,1,39.927,-75.1573,1407.0,6,0,0,0,0,0,0,0,0,,0,0,0,13,1,1,1,,0,39 55:37.333,,0,75 09:26.175,4,0,0,0,67301,1,0,0,N,1,0,0,2,67301,1,,1,1,,N,N,,0,,0,0,0,3,3,,1355,1,2,0,0,1,0,0,3,4,0,1,3,,N,,,,,,,,,,,