CRN,ARRIVAL_TM,AUTOMOBILE_COUNT,BELTED_DEATH_COUNT,BELTED_SUSP_SERIOUS_INJ_COUNT,BICYCLE_COUNT,BICYCLE_DEATH_COUNT,BICYCLE_SUSP_SERIOUS_INJ_COUNT,BUS_COUNT,CHLDPAS_DEATH_COUNT,CHLDPAS_SUSP_SERIOUS_INJ_COUNT,COLLISION_TYPE,COMM_VEH_COUNT,CONS_ZONE_SPD_LIM,COUNTY,CRASH_MONTH,CRASH_YEAR,DAY_OF_WEEK,DEC_LAT,DEC_LONG,DISPATCH_TM,DISTRICT,DRIVER_COUNT_16YR,DRIVER_COUNT_17YR,DRIVER_COUNT_18YR,DRIVER_COUNT_19YR,DRIVER_COUNT_20YR,DRIVER_COUNT_50_64YR,DRIVER_COUNT_65_74YR,DRIVER_COUNT_75PLUS,EST_HRS_CLOSED,FATAL_COUNT,HEAVY_TRUCK_COUNT,HORSE_BUGGY_COUNT,HOUR_OF_DAY,ILLUMINATION,INJURY_COUNT,INTERSECT_TYPE,INTERSECTION_RELATED,LANE_CLOSED,LATITUDE,LN_CLOSE_DIR,LOCATION_TYPE,LONGITUDE,MAX_SEVERITY_LEVEL,MCYCLE_DEATH_COUNT,MCYCLE_SUSP_SERIOUS_INJ_COUNT,MOTORCYCLE_COUNT,MUNICIPALITY,NONMOTR_COUNT,NONMOTR_DEATH_COUNT,NONMOTR_SUSP_SERIOUS_INJ_COUNT,NTFY_HIWY_MAINT,PED_COUNT,PED_DEATH_COUNT,PED_SUSP_SERIOUS_INJ_COUNT,PERSON_COUNT,POLICE_AGCY,POSSIBLE_INJ_COUNT,RDWY_SURF_TYPE_CD,RELATION_TO_ROAD,ROAD_CONDITION,ROADWAY_CLEARED,SCH_BUS_IND,SCH_ZONE_IND,SECONDARY_CRASH,SMALL_TRUCK_COUNT,SPEC_JURIS_CD,SUSP_MINOR_INJ_COUNT,SUSP_SERIOUS_INJ_COUNT,SUV_COUNT,TCD_FUNC_CD,TCD_TYPE,TFC_DETOUR_IND,TIME_OF_DAY,TOT_INJ_COUNT,TOTAL_UNITS,UNB_DEATH_COUNT,UNB_SUSP_SERIOUS_INJ_COUNT,UNBELTED_OCC_COUNT,UNK_INJ_DEG_COUNT,UNK_INJ_PER_COUNT,URBAN_AREA,URBAN_RURAL,VAN_COUNT,VEHICLE_COUNT,WEATHER1,WEATHER2,WORK_ZONE_IND,WORK_ZONE_LOC,WORK_ZONE_TYPE,WORKERS_PRES,WZ_CLOSE_DETOUR,WZ_FLAGGER,WZ_LAW_OFFCR_IND,WZ_LN_CLOSURE,WZ_MOVING,WZ_OTHER,WZ_SHLDER_MDN,WZ_WORKERS_INJ_KILLED
2007058048,1836.0,1,0,0,0,0,0,0,0,0,4,0,,67,3,2007,1,40.0151,-75.1499,1826.0,6,0,0,0,0,0,1,0,0,1.0,0,0,0,18,1,1,0,,1,40 00:54.000,1.0,0,75 08:59.497,4,0,0,1,67301,0,0,0,N,0,0,0,3,67301,1,,1,1,,N,N,,0,,0,0,0,0,0,Y,1820,1,2,0,0,2,0,0,3,4,0,2,3,,N,,,,,,,,,,,
2007078132,1551.0,2,0,0,0,0,0,0,0,0,4,0,,67,7,2007,2,39.9957,-75.2382,1548.0,6,0,0,0,0,0,0,0,0,,0,0,0,15,1,0,0,,0,39 59:45.000,,0,75 14:15.527,0,0,0,0,67301,0,0,0,N,0,0,0,3,46104,0,,1,1,,N,N,,0,,0,0,0,0,0,,1546,0,2,0,0,0,0,0,3,4,0,2,3,,N,,,,,,,,,,,
2007022220,416.0,0,0,0,0,0,0,0,0,0,7,0,,67,1,2007,7,39.9823,-75.22,408.0,6,0,0,0,0,0,0,0,0,,0,0,0,4,3,1,5,,0,39 58:56.391,,0,75 13:11.859,3,0,0,0,67301,0,0,0,N,0,0,0,1,67301,0,,5,1,,N,N,,0,,1,0,0,0,0,,405,1,1,0,0,1,0,0,3,4,1,1,3,,N,,,,,,,,,,,
2007022221,1455.0,1,0,0,0,0,0,0,0,0,4,0,,67,1,2007,6,39.9877,-75.2162,1445.0,6,0,0,0,0,1,0,0,0,1.0,0,0,0,14,1,0,2,,1,39 59:15.000,2.0,0,75 12:58.177,0,0,0,0,67301,0,0,0,N,0,0,0,3,67301,0,,1,9,,N,N,,0,,0,0,2,3,2,N,1440,0,3,0,0,0,0,0,3,4,0,3,7,,N,,,,,,,,,,,
2007046379,450.0,0,0,0,0,0,0,0,0,0,7,0,,67,2,2007,7,40.0981,-75.0471,443.0,6,0,0,0,0,0,0,0,0,,0,0,0,4,3,0,0,,0,40 05:53.000,,0,75 02:49.589,0,0,0,0,67301,0,0,0,N,0,0,0,1,67301,0,,5,1,,N,N,,0,,0,0,1,0,0,,435,0,1,0,0,0,0,0,3,4,0,1,3,,N,,,,,,,,,,,
2007048929,1332.0,1,0,0,0,0,0,0,0,0,4,0,,67,2,2007,6,40.035,-75.1434,1325.0,6,0,0,0,0,0,1,0,0,,0,0,0,13,1,0,0,,0,40 02:05.928,,7,75 08:36.323,0,0,0,0,67301,0,0,0,N,0,0,0,2,67301,0,,1,2,,N,N,,0,,0,0,1,0,0,,1320,0,2,0,0,0,0,0,3,4,0,2,98,,N,,,,,,,,,,,
2007049001,1921.0,1,0,0,0,0,0,0,0,0,4,0,,67,2,2007,3,40.0313,-75.0662,1918.0,6,0,0,0,0,0,1,0,0,,0,0,0,99,3,0,1,,0,40 01:52.000,,0,75 03:58.343,9,0,0,0,67301,0,0,0,N,0,0,0,2,67301,0,,1,1,,N,N,,0,,0,0,0,3,3,,9999,0,2,0,0,0,0,1,3,4,1,2,3,,N,,,,,,,,,,,
2007049055,940.0,1,0,1,0,0,0,0,0,0,4,0,,67,3,2007,4,40.0576,-75.0125,930.0,6,0,0,0,0,0,0,0,0,,0,0,0,9,1,2,2,,0,40 03:27.327,,0,75 00:44.978,2,0,0,0,67301,0,0,0,N,0,0,0,4,67301,1,,1,7,,N,N,,1,,0,1,0,3,3,,925,2,2,0,0,0,0,0,3,4,0,2,10,,N,,,,,,,,,,,
2007046816,2245.0,2,0,0,0,0,0,0,0,0,1,0,,67,2,2007,5,39.9888,-75.187,2242.0,6,0,0,0,0,0,0,1,0,,0,0,0,22,3,0,1,,0,39 59:19.512,,0,75 11:13.337,9,0,0,0,67301,2,0,0,N,0,0,0,4,67301,0,,1,1,,N,N,,0,,0,0,0,3,2,,2242,0,3,0,0,0,0,1,3,4,1,3,3,,N,,,,,,,,,,,
2007117289,1145.0,1,0,0,0,0,0,0,0,0,8,0,,67,9,2007,2,39.9546,-75.226,1141.0,6,0,0,0,0,0,0,0,0,,0,0,0,11,1,1,1,,0,39 57:16.000,,0,75 13:33.584,8,0,0,0,67301,1,0,0,N,1,0,0,4,67301,0,,1,1,,N,N,,0,,0,0,0,3,2,,1135,1,2,0,0,0,1,0,3,4,0,1,3,,N,,,,,,,,,,,
2007080932,1230.0,0,0,0,0,0,0,0,0,0,8,0,,67,4,2007,7,39.9876,-75.1295,1225.0,6,0,0,0,0,0,0,0,0,,0,0,0,12,1,1,0,,0,39 59:15.428,,0,75 07:46.192,2,0,0,0,67301,1,0,1,N,1,0,1,2,67301,0,,2,1,,N,N,,0,,0,1,1,0,0,,1220,1,2,0,0,0,0,0,3,4,0,1,3,,N,,,,,,,,,,,
2007081080,1045.0,1,0,0,0,0,0,0,0,0,7,0,,67,3,2007,3,39.9681,-75.2508,1039.0,6,0,0,0,0,0,0,0,0,,0,0,0,10,1,1,0,,0,39 58:05.300,,0,75 15:02.800,3,0,0,0,67301,0,0,0,N,0,0,0,2,67301,0,,5,1,,N,N,,0,,1,0,0,0,0,,1000,1,2,0,0,0,0,0,3,4,0,1,3,,N,,,,,,,,,,,
2007120201,405.0,0,0,0,0,0,0,0,0,0,4,0,,67,10,2007,7,40.0539,-75.0863,401.0,6,0,0,0,0,0,1,0,0,2.0,0,0,0,4,3,1,1,,2,40 03:13.000,7.0,0,75 05:10.795,4,0,0,0,67301,0,0,0,Y,0,0,0,2,67301,1,,1,1,,N,N,,1,,0,0,1,3,2,Y,400,1,2,0,0,0,0,0,3,4,0,2,3,,N,,,,,,,,,,,
2007066505,2325.0,2,0,0,0,0,0,0,0,0,4,0,,67,4,2007,4,40.027,-75.086,2315.0,6,0,0,0,0,0,0,0,0,,0,0,0,23,3,1,1,,0,40 01:37.128,,0,75 05:09.567,4,0,0,0,67301,0,0,0,N,0,0,0,2,67301,1,,1,9,,N,N,,0,,0,0,0,3,3,,2315,1,2,0,0,1,0,0,3,4,0,2,7,,N,,,,,,,,,,,
2007080269,2204.0,2,0,0,0,0,0,0,0,0,4,0,,67,6,2007,2,40.0016,-75.1286,2202.0,6,0,0,0,0,0,0,0,0,,0,0,0,21,3,1,1,,0,40 00:05.796,,0,75 07:42.898,4,0,0,0,67301,0,0,0,N,0,0,0,4,67301,1,,1,1,,N,N,,0,,0,0,0,3,2,,2155,1,2,0,0,1,0,0,3,4,0,2,3,,N,,,,,,,,,,,
2007080277,9999.0,2,0,0,0,0,0,0,0,0,4,0,,67,6,2007,6,39.9745,-75.1589,9999.0,6,0,0,0,0,0,1,0,0,,0,0,0,99,1,1,1,,0,39 58:28.000,,0,75 09:31.848,4,0,0,0,67301,0,0,0,N,0,0,0,2,67301,1,,1,1,,N,N,,0,,0,0,0,3,2,,9999,1,2,0,0,0,0,0,3,4,0,2,3,,N,,,,,,,,,,,
2007079986,234.0,3,0,0,0,0,0,0,0,0,1,0,,67,6,2007,7,39.9959,-75.1855,229.0,6,0,0,0,0,0,0,0,0,,0,0,0,2,3,2,1,,0,39 59:45.204,,0,75 11:07.659,4,0,0,0,67301,0,0,0,N,0,0,0,4,67301,2,,1,1,,N,N,,0,,0,0,0,9,3,,225,2,3,0,0,0,0,0,3,4,0,3,3,,N,,,,,,,,,,,
2007080086,9999.0,1,0,0,0,0,0,1,0,0,5,1,,67,6,2007,2,39.9898,-75.1255,959.0,6,0,0,0,0,0,1,0,0,,0,0,0,99,1,2,1,,0,39 59:23.000,,0,75 07:31.934,8,0,0,0,67301,0,0,0,,0,0,0,6,67301,0,,1,1,,N,N,,0,,0,0,0,3,2,,9999,2,2,0,0,0,2,0,3,4,0,2,3,,N,,,,,,,,,,,
2007124096,1305.0,0,0,0,1,0,0,0,0,0,4,0,,67,11,2007,6,39.9967,-75.1633,1300.0,6,0,0,0,0,0,0,0,0,,0,0,0,12,1,1,0,,0,39 59:48.120,,0,75 09:47.858,4,0,0,0,67301,1,0,0,,0,0,0,2,67301,1,,1,1,,N,N,,0,,0,0,1,0,0,,1250,1,2,0,0,1,0,0,3,4,0,1,3,,N,,,,,,,,,,,
2007126139,52.0,1,0,0,0,0,0,0,0,0,7,0,,67,10,2007,7,39.957,-75.1694,48.0,6,0,0,0,0,0,0,0,0,,0,0,0,0,3,0,5,,0,39 57:26.624,,0,75 10:15.323,0,0,0,0,67301,0,0,0,N,0,0,0,1,67301,0,,5,9,,N,N,,0,,0,0,0,3,2,,40,0,1,0,0,0,0,0,3,4,0,1,7,,N,,,,,,,,,,,
2007124656,810.0,2,0,0,0,0,0,0,0,0,6,0,,67,11,2007,7,40.0429,-75.1935,805.0,6,0,0,0,0,0,0,0,0,1.0,0,0,0,7,1,0,2,,2,40 02:34.000,7.0,0,75 11:36.549,0,0,0,0,67301,0,0,0,N,0,0,0,3,67301,0,,1,9,,N,N,,0,,0,0,0,0,0,Y,759,0,2,0,0,0,0,0,3,4,0,2,7,,N,,,,,,,,,,,
2007047753,245.0,0,0,0,0,0,0,0,0,0,4,0,,67,3,2007,7,39.9671,-75.1621,240.0,6,0,0,0,0,0,0,0,0,2.0,0,0,0,2,3,2,1,,2,39 58:01.549,6.0,0,75 09:43.675,8,0,0,0,67301,0,0,0,N,0,0,0,4,67301,0,,1,1,,N,N,,0,,0,0,2,3,2,Y,235,2,2,0,0,0,2,0,3,4,0,2,3,,N,,,,,,,,,,,
2007065789,818.0,1,0,0,0,0,0,0,0,0,8,0,,67,5,2007,4,39.9219,-75.1702,810.0,6,0,0,0,0,0,0,0,0,,0,0,0,7,1,1,1,,0,39 55:18.000,,0,75 10:12.565,4,0,0,0,67301,1,0,0,N,1,0,0,2,67301,1,,1,1,,N,N,,0,,0,0,0,3,2,,713,1,2,0,0,0,0,1,3,4,0,1,3,,N,,,,,,,,,,,
2007108807,1610.0,2,0,0,0,0,0,0,0,0,5,0,,67,9,2007,3,40.0232,-75.0483,1605.0,6,0,0,0,0,0,1,0,0,,0,0,0,15,1,1,0,,0,40 01:23.445,,0,75 02:53.815,8,0,0,0,67301,0,0,0,N,0,0,0,3,67301,0,,1,1,,N,N,,0,,0,0,0,0,0,,1545,1,2,0,0,0,1,0,3,4,0,2,3,,N,,,,,,,,,,,
2007108917,9999.0,3,0,0,0,0,0,0,0,0,4,0,,67,9,2007,7,40.033,-75.0296,9999.0,6,0,0,0,0,0,0,0,0,,0,0,0,1,3,0,0,,0,40 01:58.000,,0,75 01:46.588,0,0,0,0,67301,0,0,0,N,0,0,0,1,67301,0,,1,9,,N,N,,0,,0,0,0,0,0,,145,0,4,0,0,1,0,0,3,4,1,4,7,,N,,,,,,,,,,,
2007106019,935.0,3,0,0,0,0,0,0,0,0,4,0,,67,6,2007,5,40.0101,-75.1576,931.0,6,0,0,0,0,0,0,0,0,1.0,0,0,0,99,1,1,1,,2,40 00:35.000,7.0,0,75 09:21.409,8,0,0,0,67301,0,0,0,N,0,0,0,4,67301,0,,1,1,,N,N,,0,,0,0,0,3,2,Y,9999,1,3,0,0,0,1,1,3,4,0,3,3,,N,,,,,,,,,,,
2007106037,853.0,1,0,0,0,0,0,0,0,0,7,0,,67,7,2007,6,40.0401,-75.0048,845.0,6,0,0,0,0,0,1,0,0,,0,0,0,8,1,1,0,,0,40 02:24.325,,0,75 00:17.297,8,0,0,0,67301,0,0,0,N,0,0,0,1,67301,0,,1,1,,N,N,,0,,0,0,0,0,0,,840,1,1,0,0,0,1,0,3,4,0,1,3,,N,,,,,,,,,,,
2007106068,905.0,2,0,0,0,0,0,0,0,0,5,0,,67,8,2007,7,39.9922,-75.1403,904.0,6,0,0,0,0,0,0,0,0,,0,0,0,9,1,0,0,,0,39 59:31.000,,0,75 08:25.153,9,0,0,0,67301,0,0,0,N,0,0,0,1,67301,0,,6,1,,N,N,,0,,0,0,0,3,2,,900,0,2,0,0,1,0,1,3,4,0,2,3,,N,,,,,,,,,,,
2007066650,1715.0,0,0,0,0,0,0,0,0,0,1,0,,67,5,2007,3,40.0393,-75.1848,1710.0,6,0,0,0,0,0,2,0,0,,0,0,0,16,1,1,1,,0,40 02:21.000,,0,75 11:05.397,3,0,0,0,67301,0,0,0,N,0,0,0,6,67301,0,,1,1,,N,N,,0,,1,0,1,3,2,,1610,1,2,0,0,0,0,0,3,4,1,2,3,,N,,,,,,,,,,,
2007056854,9999.0,1,0,0,0,0,0,0,0,0,4,0,,67,3,2007,1,40.0273,-75.1834,9999.0,6,0,0,0,0,0,0,0,0,,0,0,0,20,6,0,0,,0,40 01:38.360,,7,75 11:00.265,0,0,0,0,67301,0,0,0,N,0,0,0,2,67301,0,,1,98,,N,N,,0,,0,0,0,0,0,,2000,0,2,0,0,0,0,0,3,4,0,2,99,,N,,,,,,,,,,,
2007046902,939.0,0,0,0,0,0,0,0,0,0,8,0,,67,3,2007,5,40.0116,-75.163,935.0,6,0,0,0,0,0,1,0,0,,0,0,0,99,3,1,1,,0,40 00:41.000,,0,75 09:47.161,8,0,0,0,67301,1,0,0,N,1,0,0,3,67301,0,,1,9,,N,N,,0,,0,0,1,3,3,,9999,1,2,0,0,0,1,0,3,4,0,1,7,,N,,,,,,,,,,,
2007099482,1630.0,1,0,0,0,0,0,0,0,0,8,0,,67,8,2007,1,40.0723,-75.1579,1630.0,6,0,0,0,0,0,0,0,0,,0,0,0,15,1,1,1,,0,40 04:20.456,,0,75 09:28.385,8,0,0,0,67301,1,0,0,N,1,0,0,3,67301,0,,1,1,,N,N,,0,,0,0,0,3,2,,1530,1,2,0,0,0,1,0,3,4,0,1,3,,N,,,,,,,,,,,
2007099518,1050.0,0,0,0,0,0,0,0,0,0,8,0,,67,7,2007,5,39.9852,-75.1845,1050.0,6,0,1,0,0,0,0,0,0,,0,0,0,10,1,1,2,,0,39 59:06.856,,0,75 11:04.052,3,0,0,0,67301,1,0,0,N,1,0,0,2,67301,0,,1,9,,N,N,,1,,1,0,0,0,0,,1050,1,2,0,0,1,0,0,3,4,0,1,3,,N,,,,,,,,,,,
2007113751,1150.0,0,0,0,0,0,0,0,0,0,1,0,,67,10,2007,7,39.9973,-75.1964,1150.0,6,0,0,0,0,0,1,0,0,,0,0,0,11,1,0,0,,0,39 59:50.000,,0,75 11:46.830,0,0,0,0,67301,0,0,0,N,0,0,0,2,68K01,0,,1,1,,N,N,,0,,0,0,2,0,0,,1148,0,2,0,0,0,0,0,3,4,0,2,3,,N,,,,,,,,,,,
2007116392,1440.0,2,0,0,0,0,0,0,0,0,4,0,,67,9,2007,6,40.0807,-75.0281,1934.0,6,0,0,1,0,0,0,0,1,,0,0,0,14,1,1,0,,0,40 04:50.000,,7,75 01:41.332,4,0,0,0,67301,0,0,0,N,0,0,0,2,67301,1,,1,1,,N,N,,0,,0,0,0,0,0,,1420,1,2,0,0,0,0,0,3,4,0,2,3,,N,,,,,,,,,,,
2007099398,150.0,3,0,0,0,0,0,0,0,0,2,0,,67,8,2007,2,40.0402,-75.0821,142.0,6,0,0,0,0,0,0,0,0,,0,0,0,1,3,0,1,,0,40 02:24.705,,0,75 04:55.495,0,0,0,0,67301,0,0,0,N,0,0,0,1,67301,0,,1,1,,N,N,,0,,0,0,0,9,2,,139,0,3,0,0,0,0,0,3,4,0,3,3,,N,,,,,,,,,,,
2007091918,1720.0,2,0,0,0,0,0,0,0,0,4,0,,67,7,2007,2,40.0437,-75.1498,1720.0,6,0,0,0,0,0,0,0,0,2.0,0,0,0,17,1,2,1,,1,40 02:37.165,7.0,0,75 08:59.326,8,0,0,0,67301,0,0,0,N,0,0,0,2,67301,0,,1,1,,N,N,,0,,0,0,0,3,2,Y,1719,2,2,0,0,0,2,0,3,4,0,2,3,,N,,,,,,,,,,,
2007091955,954.0,1,0,0,0,0,0,0,0,0,1,0,,67,7,2007,1,40.0198,-75.1228,949.0,6,0,0,0,0,0,0,0,0,,0,0,0,9,1,3,0,,0,40 01:11.305,,0,75 07:21.961,4,0,0,0,67301,0,0,0,N,0,0,0,3,67301,2,,6,1,,N,N,,0,,0,0,1,0,0,,945,3,2,0,0,0,1,0,3,4,0,2,3,,N,,,,,,,,,,,
2007092023,1330.0,2,0,0,0,0,0,0,0,0,1,0,,67,7,2007,1,40.0273,-75.1472,1314.0,6,0,0,0,0,0,0,0,0,1.0,0,0,0,13,1,1,0,,2,40 01:38.000,1.0,0,75 08:49.913,4,0,0,0,67301,0,0,0,N,0,0,0,2,67301,1,,1,1,,N,N,,0,,0,0,0,0,0,N,1312,1,2,0,0,0,0,0,3,4,0,2,3,,N,,,,,,,,,,,
2007082393,250.0,1,0,0,0,0,0,0,0,0,7,0,,67,5,2007,7,40.0351,-75.0709,247.0,6,0,0,1,0,0,0,0,0,,0,0,0,2,3,0,1,,0,40 02:06.000,,0,75 04:15.407,0,0,0,0,67301,0,0,0,Y,0,0,0,1,67301,0,,5,1,,N,N,,0,,0,0,0,3,2,,240,0,1,0,0,0,0,0,3,4,0,1,3,,N,,,,,,,,,,,
2007084609,1115.0,2,0,0,1,0,0,0,0,0,5,0,,67,4,2007,4,39.9946,-75.1128,1115.0,6,0,0,0,0,0,0,0,0,,0,0,0,11,1,1,0,,0,39 59:40.600,,0,75 06:46.200,8,0,0,0,67301,1,0,0,,0,0,0,3,67301,0,,1,1,,,,,0,,0,0,0,0,0,,1115,1,3,0,0,0,1,0,3,4,0,2,3,,N,,,,,,,,,,,
2007082206,2110.0,1,0,0,0,0,0,0,0,0,8,0,,67,5,2007,7,40.0309,-75.1191,2103.0,6,0,0,0,0,0,0,0,0,,0,0,0,20,3,1,0,,0,40 01:51.100,,0,75 07:08.900,4,0,0,0,67301,1,0,0,N,1,0,0,4,67301,1,,1,9,,N,N,,0,,0,0,0,0,0,,2039,1,2,0,0,0,0,0,3,4,0,1,7,,N,,,,,,,,,,,
2007082209,1525.0,1,0,0,0,0,0,0,0,0,8,0,,67,4,2007,3,39.9677,-75.1628,1520.0,6,0,0,0,0,0,0,0,0,3.0,0,0,0,15,1,1,0,,2,39 58:03.700,3.0,0,75 09:46.000,2,0,0,0,67301,1,0,1,N,1,0,1,2,67301,0,,1,1,,N,N,,0,,0,1,0,0,0,Y,1520,1,2,0,0,0,0,1,3,4,0,1,3,,N,,,,,,,,,,,
2007082512,1416.0,1,0,0,0,0,0,0,0,0,2,0,,67,6,2007,6,40.0153,-75.1499,1416.0,6,0,0,0,0,0,0,0,1,,0,0,0,14,1,2,1,,0,40 00:55.000,,0,75 08:59.708,8,0,0,0,67301,0,0,0,N,0,0,0,3,67301,0,,1,1,,N,N,,0,,0,0,1,3,2,,1416,2,2,0,0,0,2,0,3,4,0,2,3,,N,,,,,,,,,,,
2007080253,1910.0,1,0,0,1,0,0,0,0,0,8,0,,67,5,2007,5,40.0707,-75.1812,1905.0,6,0,0,0,0,0,0,0,0,,0,0,0,16,1,1,2,,0,40 04:14.624,,0,75 10:52.157,4,0,0,0,67301,1,0,0,N,0,0,0,2,67301,1,,1,1,,N,N,,0,,0,0,0,0,0,,1655,1,2,0,0,0,0,0,3,4,0,1,3,,N,,,,,,,,,,,
2007058135,1335.0,1,0,0,0,0,0,0,0,0,1,0,,67,4,2007,2,40.0511,-75.1186,1245.0,6,0,0,0,0,0,1,0,0,,0,0,0,99,1,1,1,,0,40 03:04.000,,0,75 07:06.989,4,0,0,0,67301,0,0,0,Y,0,0,0,2,67301,1,,1,9,,N,N,,1,,0,0,0,1,2,,9999,1,2,0,0,0,0,1,3,4,0,2,7,,N,,,,,,,,,,,
2007057779,1002.0,2,0,0,0,0,0,0,0,0,4,0,,67,4,2007,1,39.9222,-75.2303,958.0,6,0,0,0,0,0,2,0,0,1.0,0,0,0,9,1,4,1,,1,39 55:19.930,3.0,0,75 13:49.177,3,0,0,0,67301,0,0,0,N,0,0,0,4,67301,1,,1,1,,N,N,,0,,2,0,0,3,2,N,958,4,2,0,0,0,1,0,3,4,0,2,3,,N,,,,,,,,,,,
2007058324,333.0,1,0,0,0,0,0,0,0,0,7,0,,67,4,2007,1,39.9451,-75.1983,333.0,6,0,0,0,0,0,0,0,0,2.0,0,0,0,3,3,0,7,,1,39 56:42.360,1.0,8,75 11:53.880,0,0,0,0,67301,0,0,0,N,0,0,0,2,67301,0,,2,1,,N,N,,0,,0,0,0,0,0,N,331,0,1,0,0,0,0,0,3,4,0,1,3,,N,,,,,,,,,,,
2007051124,2335.0,1,0,0,0,0,0,0,0,0,1,0,,67,3,2007,1,39.9749,-75.1834,2333.0,6,0,0,0,0,0,0,0,0,,0,0,0,23,3,0,0,,0,39 58:29.810,,0,75 11:00.182,0,0,0,0,67301,0,0,0,N,0,0,0,1,67301,0,,6,1,,N,N,,0,,0,0,0,0,0,,2333,0,2,0,0,0,0,0,3,4,1,2,3,,N,,,,,,,,,,,
2007046253,2200.0,2,0,0,0,0,0,0,0,0,6,0,,67,3,2007,6,39.988,-75.1488,2156.0,6,0,0,0,0,0,0,0,1,,0,0,0,21,3,2,1,,0,39 59:16.656,,0,75 08:55.629,4,0,0,0,67301,0,0,0,N,0,0,0,3,67301,2,,1,1,,N,N,,0,,0,0,0,2,3,,2150,2,2,0,0,0,0,1,3,4,0,2,3,,N,,,,,,,,,,,
2007028463,940.0,0,0,0,0,0,0,1,0,0,1,1,,67,1,2007,6,40.0302,-75.0882,933.0,6,0,0,0,0,0,0,0,1,,0,0,0,9,1,1,1,,0,40 01:48.000,,0,75 05:17.560,4,0,0,0,67301,0,0,0,N,0,0,0,2,67301,1,,1,1,,N,N,,1,,0,0,0,3,2,,932,1,2,0,0,0,0,0,3,4,0,2,3,,N,,,,,,,,,,,
2007028003,933.0,1,0,0,1,0,1,0,0,0,4,0,,67,1,2007,5,40.0011,-75.1247,933.0,6,0,0,0,0,0,0,0,0,,0,0,0,9,1,1,1,,0,40 00:03.000,,0,75 07:29.066,2,0,0,0,67301,1,0,1,N,0,0,0,2,67301,0,,1,1,,N,N,,0,,0,1,0,0,0,,933,1,2,0,0,1,0,0,3,4,0,1,3,,N,,,,,,,,,,,
2007022115,1900.0,1,0,0,0,0,0,0,0,0,4,0,,67,1,2007,1,39.9646,-75.2025,1857.0,6,0,0,0,0,0,1,0,0,,0,0,0,18,3,4,2,,0,39 57:52.430,,0,75 12:09.165,4,0,0,0,67301,0,0,0,N,0,0,0,4,67301,2,,1,1,,N,N,,0,,0,0,1,0,0,,1854,4,2,0,0,0,2,0,3,4,0,2,3,,N,,,,,,,,,,,
2007056513,955.0,1,0,0,0,0,0,0,0,0,8,0,,67,4,2007,2,39.9512,-75.2328,952.0,6,0,0,0,0,0,0,0,0,,0,0,0,8,1,1,1,,0,39 57:04.309,,0,75 13:58.126,8,0,0,0,67301,1,0,0,N,1,0,0,2,67301,0,,4,1,,N,N,,0,,0,0,0,3,2,,800,1,2,0,0,0,1,1,3,4,0,1,3,,N,,,,,,,,,,,
2007056526,1510.0,1,0,0,0,0,0,0,0,0,4,0,,67,3,2007,5,39.9591,-75.1583,1508.0,6,0,0,0,0,0,0,0,0,,0,0,0,15,1,1,2,,0,39 57:32.806,,0,75 09:29.825,4,0,0,0,67301,1,0,0,N,1,0,0,2,67301,1,,1,1,,N,N,,0,,0,0,0,3,2,,1505,1,2,0,0,0,0,0,3,4,0,1,3,,N,,,,,,,,,,,
2007048926,555.0,2,0,0,0,0,0,0,0,0,5,0,,67,3,2007,1,39.947,-75.1545,553.0,6,0,0,0,1,0,0,0,0,,0,0,0,5,1,1,1,,0,39 56:49.048,,0,75 09:16.145,8,0,0,0,67301,0,0,0,N,0,0,0,2,67301,0,,1,1,,N,N,,0,,0,0,0,3,2,,545,1,2,0,0,0,1,0,3,4,0,2,3,,N,,,,,,,,,,,
2007048946,2025.0,0,0,0,0,0,0,0,0,0,7,0,,67,3,2007,4,39.8931,-75.236,2018.0,6,0,0,0,0,0,0,0,0,1.0,0,0,0,20,3,1,0,,1,39 53:34.800,4.0,2,75 14:10.320,2,0,1,1,67301,0,0,0,N,0,0,0,1,67301,0,,2,1,,N,N,,0,,0,1,0,0,0,N,2017,1,1,0,0,0,0,0,3,4,0,1,3,,N,,,,,,,,,,,
2007046826,1511.0,1,0,0,0,0,0,0,0,0,8,0,,67,2,2007,5,39.9941,-75.1562,1511.0,6,0,0,0,0,0,0,0,0,,0,0,0,15,1,1,1,,0,39 59:38.000,,0,75 09:22.158,4,0,0,0,67301,1,0,0,N,1,0,0,2,67301,1,,1,1,,N,N,,0,,0,0,0,3,2,,1511,1,2,0,0,0,0,0,3,4,0,1,3,,N,,,,,,,,,,,
2007117240,1425.0,1,0,0,0,0,0,1,0,0,1,1,,67,10,2007,3,39.9266,-75.2356,1420.0,6,0,0,0,0,0,1,0,0,,0,0,0,14,1,0,0,,0,39 55:35.871,,0,75 14:08.089,0,0,0,0,67301,0,0,0,N,0,0,0,8,67301,0,,1,1,,N,N,,0,,0,0,0,0,0,,1415,0,2,0,0,1,0,0,3,4,0,2,3,,N,,,,,,,,,,,
2007081035,1115.0,0,0,0,1,0,0,0,0,0,5,0,,67,6,2007,5,39.9543,-75.2402,1109.0,6,0,0,0,0,0,0,0,0,,0,0,0,11,1,1,0,,0,39 57:15.300,,0,75 14:24.800,4,0,0,0,67301,1,0,0,N,0,0,0,2,67301,1,,1,1,,N,N,,0,,0,0,0,0,0,,1100,1,2,0,0,0,0,1,3,4,0,1,3,,N,,,,,,,,,,,