CRN,ARRIVAL_TM,AUTOMOBILE_COUNT,BELTED_DEATH_COUNT,BELTED_SUSP_SERIOUS_INJ_COUNT,BICYCLE_COUNT,BICYCLE_DEATH_COUNT,BICYCLE_SUSP_SERIOUS_INJ_COUNT,BUS_COUNT,CHLDPAS_DEATH_COUNT,CHLDPAS_SUSP_SERIOUS_INJ_COUNT,COLLISION_TYPE,COMM_VEH_COUNT,CONS_ZONE_SPD_LIM,COUNTY,CRASH_MONTH,CRASH_YEAR,DAY_OF_WEEK,DEC_LAT,DEC_LONG,DISPATCH_TM,DISTRICT,DRIVER_COUNT_16YR,DRIVER_COUNT_17YR,DRIVER_COUNT_18YR,DRIVER_COUNT_19YR,DRIVER_COUNT_20YR,DRIVER_COUNT_50_64YR,DRIVER_COUNT_65_74YR,DRIVER_COUNT_75PLUS,EST_HRS_CLOSED,FATAL_COUNT,HEAVY_TRUCK_COUNT,HORSE_BUGGY_COUNT,HOUR_OF_DAY,ILLUMINATION,INJURY_COUNT,INTERSECT_TYPE,INTERSECTION_RELATED,LANE_CLOSED,LATITUDE,LN_CLOSE_DIR,LOCATION_TYPE,LONGITUDE,MAX_SEVERITY_LEVEL,MCYCLE_DEATH_COUNT,MCYCLE_SUSP_SERIOUS_INJ_COUNT,MOTORCYCLE_COUNT,MUNICIPALITY,NONMOTR_COUNT,NONMOTR_DEATH_COUNT,NONMOTR_SUSP_SERIOUS_INJ_COUNT,NTFY_HIWY_MAINT,PED_COUNT,PED_DEATH_COUNT,PED_SUSP_SERIOUS_INJ_COUNT,PERSON_COUNT,POLICE_AGCY,POSSIBLE_INJ_COUNT,RDWY_SURF_TYPE_CD,RELATION_TO_ROAD,ROAD_CONDITION,ROADWAY_CLEARED,SCH_BUS_IND,SCH_ZONE_IND,SECONDARY_CRASH,SMALL_TRUCK_COUNT,SPEC_JURIS_CD,SUSP_MINOR_INJ_COUNT,SUSP_SERIOUS_INJ_COUNT,SUV_COUNT,TCD_FUNC_CD,TCD_TYPE,TFC_DETOUR_IND,TIME_OF_DAY,TOT_INJ_COUNT,TOTAL_UNITS,UNB_DEATH_COUNT,UNB_SUSP_SERIOUS_INJ_COUNT,UNBELTED_OCC_COUNT,UNK_INJ_DEG_COUNT,UNK_INJ_PER_COUNT,URBAN_AREA,URBAN_RURAL,VAN_COUNT,VEHICLE_COUNT,WEATHER1,WEATHER2,WORK_ZONE_IND,WORK_ZONE_LOC,WORK_ZONE_TYPE,WORKERS_PRES,WZ_CLOSE_DETOUR,WZ_FLAGGER,WZ_LAW_OFFCR_IND,WZ_LN_CLOSURE,WZ_MOVING,WZ_OTHER,WZ_SHLDER_MDN,WZ_WORKERS_INJ_KILLED
2007029375,1526.0,2,0,0,0,0,0,0,0,0,2,0,,67,1,2007,4,40.0595,-75.052,1519.0,6,0,0,1,0,0,0,1,0,1.0,0,0,0,99,1,0,1,,1,40 03:34.000,2.0,0,75 03:07.430,0,0,0,0,67301,0,0,0,N,0,0,0,3,67301,0,,1,1,,N,N,,0,,0,0,0,2,2,Y,9999,0,2,0,0,0,0,0,3,4,0,2,3,,N,,,,,,,,,,,
2007022076,745.0,2,0,0,0,0,0,0,0,0,4,0,,67,1,2007,5,39.9754,-75.1907,741.0,6,0,0,0,0,0,0,0,0,,0,0,0,7,1,2,1,,0,39 58:31.000,,0,75 11:26.094,3,0,0,0,67301,0,0,0,N,0,0,0,4,67301,0,,1,9,,N,N,,0,,1,0,0,3,2,,730,2,3,0,0,0,1,0,3,4,1,3,7,,N,,,,,,,,,,,
2007022168,1609.0,1,0,0,0,0,0,0,0,0,8,0,,67,1,2007,7,39.9282,-75.157,1607.0,6,0,0,0,0,0,0,0,0,,0,0,0,16,1,1,2,,0,39 55:41.386,,0,75 09:25.297,4,0,0,0,67301,1,0,0,N,1,0,0,4,67301,1,,1,2,,N,N,,0,,0,0,0,0,0,,1606,1,2,0,0,0,0,0,3,4,0,1,3,,N,,,,,,,,,,,
2007022169,1000.0,0,0,0,1,0,0,0,0,0,4,0,,67,1,2007,3,39.9242,-75.1767,955.0,6,0,0,0,0,0,0,0,0,,0,0,0,9,1,1,0,,0,39 55:26.987,,0,75 10:36.002,8,0,0,0,67301,1,0,0,N,0,0,0,2,67301,0,,1,1,,N,N,,0,,0,0,1,0,0,,952,1,2,0,0,1,1,0,3,4,0,1,3,,N,,,,,,,,,,,
2007048872,515.0,2,0,0,0,0,0,0,0,0,2,0,,67,3,2007,1,39.8947,-75.2367,510.0,6,0,0,0,0,0,0,0,0,2.0,0,0,0,5,3,3,0,,1,39 53:41.000,1.0,0,75 14:12.284,8,0,0,0,67301,0,0,0,N,0,0,0,4,67301,0,,1,1,,N,N,,0,,0,0,0,3,2,Y,505,3,2,0,0,1,3,0,3,4,0,2,3,,N,,,,,,,,,,,
2007117230,9999.0,1,0,0,0,0,0,0,0,0,8,0,,67,10,2007,5,39.963,-75.2365,9999.0,6,0,0,0,0,0,0,0,0,,0,0,0,18,4,1,1,,0,39 57:46.951,,0,75 14:11.457,8,0,0,0,67301,1,0,0,,1,0,0,2,67301,0,,1,1,,,,,0,,0,0,0,3,3,,1845,1,2,0,0,0,1,1,3,4,0,1,3,,N,,,,,,,,,,,
2007080821,1620.0,1,0,0,0,0,0,0,0,0,8,0,,67,6,2007,7,39.9689,-75.1362,1600.0,6,0,0,0,0,0,0,0,0,,1,0,0,16,1,1,1,,0,39 58:08.000,,0,75 08:10.344,1,0,0,0,67301,1,1,0,N,1,1,0,2,67301,0,2.0,5,1,,N,N,,0,0.0,0,0,0,3,2,,1600,1,3,0,0,1,1,0,3,4,0,1,3,,N,,,,,,,,,,,
2007081046,845.0,2,0,0,0,0,0,0,0,0,4,0,,67,6,2007,1,40.0364,-75.1306,840.0,6,0,0,0,0,0,0,0,0,,0,0,0,7,1,2,1,,0,40 02:11.000,,0,75 07:50.102,4,0,0,0,67301,0,0,0,N,0,0,0,2,67301,2,,1,1,,N,N,,0,,0,0,0,3,2,,745,2,2,0,0,0,0,0,3,4,0,2,3,,N,,,,,,,,,,,
2007120196,2235.0,2,0,0,0,0,0,0,0,0,1,0,,67,10,2007,3,40.0766,-75.0329,2233.0,6,0,0,0,0,0,2,0,0,,0,0,0,22,3,1,1,,0,40 04:35.000,,0,75 01:58.202,8,0,0,0,67301,0,0,0,,0,0,0,4,67301,0,,1,1,,N,N,,1,,0,0,0,3,2,,2232,1,3,0,0,4,1,0,3,4,0,3,3,,N,,,,,,,,,,,
2007066377,1430.0,2,0,0,0,0,0,0,0,0,1,0,,67,5,2007,2,40.0179,-75.0618,1420.0,6,0,0,0,0,0,0,0,0,,1,0,0,14,1,0,0,,0,40 01:04.310,,0,75 03:42.547,1,0,0,0,67301,0,0,0,N,0,0,0,1,67301,0,2.0,6,1,,N,N,,0,0.0,0,0,0,0,0,,1420,0,3,1,0,1,0,0,3,4,1,3,3,,N,,,,,,,,,,,
2007066530,2150.0,3,0,0,0,0,0,0,0,0,1,0,,67,5,2007,3,40.0294,-75.0627,2145.0,6,0,0,0,0,0,1,1,0,,0,0,0,21,3,2,1,,0,40 01:45.000,,0,75 03:46.272,4,0,0,0,67301,0,0,0,N,0,0,0,5,67301,1,,1,1,,N,N,,0,,0,0,0,3,2,,2100,2,3,0,0,0,1,0,3,4,0,3,3,,N,,,,,,,,,,,
2007066535,329.0,1,0,0,0,0,0,0,0,0,7,0,,67,5,2007,4,40.0036,-75.1433,328.0,6,0,0,0,0,0,0,0,0,3.0,0,0,0,3,3,1,0,,2,40 00:13.082,1.0,0,75 08:35.818,4,0,0,0,67301,0,0,0,,0,0,0,1,67301,1,,2,1,,,,,0,,0,0,0,0,0,Y,327,1,1,0,0,0,0,0,3,4,0,1,3,,N,,,,,,,,,,,
2007069034,314.0,1,0,0,0,0,0,0,0,0,7,0,,67,5,2007,7,39.966,-75.1867,9999.0,6,0,0,0,0,0,0,0,0,2.0,0,0,0,3,3,1,0,,1,39 57:58.000,4.0,0,75 11:12.968,4,0,0,0,67301,0,0,0,N,0,0,0,2,68K01,1,,2,1,,N,N,,0,,0,0,0,0,0,N,314,1,1,0,0,2,0,0,3,4,0,1,3,,N,,,,,,,,,,,
2007080189,1724.0,1,0,0,0,0,0,0,0,0,5,0,,67,6,2007,4,39.9711,-75.2293,1719.0,6,0,0,0,0,0,0,0,0,,0,0,0,99,1,1,2,,0,39 58:15.794,,0,75 13:45.472,4,0,0,0,67301,0,0,0,N,0,0,0,2,67301,1,,1,1,,N,N,,0,,0,0,2,0,0,,9999,1,3,0,0,0,0,0,3,4,0,3,3,,N,,,,,,,,,,,
2007124119,1855.0,2,0,0,0,0,0,0,0,0,4,0,,67,11,2007,2,40.0552,-75.1411,1844.0,6,0,0,0,0,0,1,0,0,,0,0,0,17,3,1,0,,0,40 03:18.692,,0,75 08:27.929,4,0,0,0,67301,0,0,0,N,0,0,0,2,67301,1,,1,1,,N,N,,0,,0,0,0,0,0,,1730,1,2,0,0,0,0,0,3,4,0,2,3,,N,,,,,,,,,,,
2007127608,1710.0,1,0,0,0,0,0,0,0,0,7,0,,67,11,2007,5,40.0462,-75.2059,1705.0,6,0,0,0,0,0,0,1,0,1.0,0,0,0,16,1,1,1,,2,40 02:46.000,5.0,0,75 12:21.169,4,0,0,0,67301,0,0,0,N,0,0,0,1,67301,1,,4,1,,N,N,,0,,0,0,0,3,2,Y,1648,1,1,0,0,0,0,0,3,4,0,1,3,,N,,,,,,,,,,,
2007123817,40.0,1,0,0,0,0,0,0,0,0,4,0,,67,11,2007,6,40.0766,-75.0329,30.0,6,0,0,0,0,0,0,0,0,1.0,0,0,0,0,3,3,1,,1,40 04:35.000,2.0,0,75 01:58.202,4,0,0,0,67301,0,0,0,N,0,0,0,3,67301,3,,1,1,,N,N,,0,,0,0,0,3,2,Y,10,3,2,0,0,0,0,0,3,4,1,2,3,,N,,,,,,,,,,,
2007123823,726.0,0,0,0,0,0,0,1,0,0,8,1,,67,10,2007,2,39.9211,-75.2242,724.0,6,0,0,0,0,0,0,0,0,,0,0,0,7,1,1,1,,0,39 55:15.000,,0,75 13:27.001,4,0,0,0,67301,1,0,0,N,1,0,0,2,67301,1,,1,1,,Y,N,,0,,0,0,0,9,2,,724,1,2,0,0,0,0,0,3,4,0,1,3,,N,,,,,,,,,,,
2007123834,9999.0,2,0,0,0,0,0,0,0,0,1,0,,67,11,2007,6,39.9909,-75.2366,315.0,6,0,0,0,0,0,0,0,0,,0,0,0,3,3,1,0,,0,39 59:27.304,,0,75 14:11.785,4,0,0,0,67301,0,0,0,N,0,0,0,2,67301,1,,1,1,,N,N,,0,,0,0,0,3,2,,312,1,2,0,0,0,0,0,3,4,0,2,3,,N,,,,,,,,,,,
2007123903,1620.0,1,0,0,0,0,0,0,0,0,7,0,,67,10,2007,6,40.0192,-75.1307,1605.0,6,0,0,1,0,0,0,0,0,,0,0,0,15,1,2,1,,0,40 01:09.019,,0,75 07:50.671,4,0,0,0,67301,0,0,0,,0,0,0,2,67301,2,,5,9,,,,,0,,0,0,0,3,3,,1545,2,2,0,0,2,0,0,3,4,0,1,7,,N,,,,,,,,,,,
2007124159,1110.0,0,0,0,0,0,0,0,0,0,1,0,99.0,67,11,2007,6,40.0379,-75.0609,1104.0,6,0,0,0,0,0,1,0,0,,0,0,0,10,1,1,2,,0,40 02:16.000,,0,75 03:39.319,4,0,0,0,67301,0,0,0,N,0,0,0,3,67301,1,,1,1,,N,N,,1,,0,0,1,0,0,,1030,1,2,0,0,0,0,0,3,4,0,2,3,,Y,8.0,8.0,U,,,U,,,,,
2007066662,1735.0,1,0,0,0,0,0,0,0,0,2,0,,67,5,2007,5,39.9778,-75.2134,1730.0,6,0,0,0,0,0,1,0,0,,0,0,0,17,1,1,1,,0,39 58:39.000,,0,75 12:48.173,8,0,0,1,67301,0,0,0,N,0,0,0,2,67301,0,,1,1,,N,N,,0,,0,0,0,3,2,,1730,1,2,0,0,0,1,0,3,4,0,2,3,,N,,,,,,,,,,,
2007056946,409.0,0,0,0,0,0,0,0,0,0,2,0,,67,4,2007,3,39.9493,-75.1642,405.0,6,0,0,0,0,0,1,0,0,,0,0,0,4,3,1,5,,0,39 56:57.599,,99,75 09:51.029,2,0,0,0,67301,1,0,1,N,0,0,0,2,67301,0,,1,9,,N,N,,0,,0,1,0,3,2,,405,1,2,0,0,0,0,0,3,4,0,1,3,,N,,,,,,,,,,,
2007056848,1657.0,0,0,0,0,0,0,0,0,0,4,0,,67,4,2007,1,40.0337,-75.1975,1601.0,6,0,0,0,0,0,1,0,0,,0,0,0,99,1,1,13,,0,40 02:01.252,,0,75 11:51.158,4,0,0,1,67301,0,0,0,N,0,0,0,2,67301,1,,1,1,,N,N,,1,,0,0,0,3,4,,9999,1,2,0,0,1,0,0,3,4,0,2,3,,N,,,,,,,,,,,
2007056890,414.0,2,0,0,0,0,0,0,0,0,4,0,,67,4,2007,1,39.9847,-75.1565,414.0,6,1,0,0,0,0,0,0,0,,0,0,0,4,3,0,1,,0,39 59:04.000,,0,75 09:23.377,9,0,0,0,67301,0,0,0,,0,0,0,5,67301,0,,1,9,,,,,0,,0,0,0,9,2,,414,0,2,0,0,0,0,3,3,4,0,2,7,,N,,,,,,,,,,,
2007057006,2159.0,3,0,0,0,0,0,0,0,0,4,0,,67,4,2007,1,40.0276,-75.0415,2150.0,6,0,0,0,0,0,0,0,0,,0,0,0,21,3,3,1,,0,40 01:39.489,,0,75 02:29.536,4,0,0,0,67301,0,0,0,N,0,0,0,4,67301,3,,1,1,,N,N,,0,,0,0,0,3,3,,2150,3,3,0,0,0,0,0,3,4,0,3,3,,N,,,,,,,,,,,
2007057048,1810.0,1,0,0,0,0,0,0,0,0,8,0,,67,4,2007,6,39.917,-75.152,1802.0,6,0,0,0,0,0,0,0,0,,0,0,0,17,1,1,1,,0,39 55:01.228,,0,75 09:07.347,4,0,0,0,67301,1,0,0,N,1,0,0,2,67301,1,,1,1,,N,N,,0,,0,0,0,0,0,,1755,1,2,0,0,0,0,0,3,4,0,1,3,,N,,,,,,,,,,,
2007047009,2015.0,1,0,0,0,0,0,0,0,0,4,0,,67,2,2007,7,39.9802,-75.1693,2013.0,6,0,0,0,0,0,1,1,0,,0,1,0,99,3,2,1,,0,39 58:48.569,,0,75 10:09.486,4,0,0,0,67301,0,0,0,N,0,0,0,3,67301,2,,1,1,,N,N,,0,,0,0,0,3,2,,9999,2,2,0,0,0,0,0,3,4,0,2,3,,N,,,,,,,,,,,
2007120791,759.0,3,0,0,0,0,0,1,0,0,5,1,,67,9,2007,1,39.9396,-75.2329,757.0,6,0,0,0,0,0,0,0,0,,0,0,0,7,1,10,0,,0,39 56:22.520,,0,75 13:58.494,4,0,0,0,67301,0,0,0,N,0,0,0,21,67301,1,,1,1,,N,N,,1,,0,0,0,0,0,,750,10,5,0,0,0,9,0,3,4,0,5,3,,N,,,,,,,,,,,
2007091930,1102.0,1,0,0,0,0,0,0,0,0,1,0,,67,8,2007,4,40.0159,-75.1538,1100.0,6,0,0,0,0,1,0,0,0,,0,0,0,10,1,1,1,,0,40 00:57.000,,0,75 09:13.829,4,0,0,0,67301,0,0,0,N,0,0,0,2,67301,1,,1,1,,N,N,,0,,0,0,2,2,2,,1057,1,3,0,0,0,0,0,3,4,0,3,3,,N,,,,,,,,,,,
2007091956,1254.0,2,0,0,0,0,0,0,0,0,2,0,,67,7,2007,6,39.9277,-75.1689,1252.0,6,0,0,0,0,0,0,0,0,,0,0,0,12,1,0,0,,0,39 55:39.000,,0,75 10:08.019,0,0,0,0,67301,0,0,0,N,0,0,0,1,67301,0,,1,1,,N,N,,0,,0,0,1,3,2,,1252,0,3,0,0,0,0,0,3,4,0,3,3,,N,,,,,,,,,,,
2007091862,1320.0,2,0,0,0,0,0,0,0,0,6,0,,67,8,2007,4,39.9376,-75.1855,1320.0,6,0,0,0,0,0,0,0,0,,0,0,0,13,1,1,0,,0,39 56:15.343,,0,75 11:07.763,3,0,0,0,67301,0,0,0,N,0,0,0,2,67301,0,,1,1,,N,N,,0,,1,0,0,0,0,,1320,1,2,0,0,0,0,0,3,4,0,2,3,,N,,,,,,,,,,,
2007084611,1359.0,1,0,0,0,0,0,0,0,0,2,0,,67,3,2007,4,40.0043,-75.1281,1356.0,6,0,0,0,0,0,0,0,0,9.0,0,0,0,13,1,3,1,,2,40 00:15.609,7.0,0,75 07:41.037,2,0,0,0,67301,0,0,0,,0,0,0,5,67301,0,,1,9,,N,N,,2,,1,2,1,3,2,Y,1353,3,4,0,2,4,0,0,3,4,0,4,10,,N,,,,,,,,,,,
2007080025,911.0,1,0,0,0,0,0,0,0,0,1,0,,67,5,2007,5,39.9847,-75.1133,909.0,6,0,0,0,0,0,0,0,0,,0,0,0,9,1,1,0,,0,39 59:05.000,,0,75 06:47.861,8,0,0,0,67301,0,0,0,N,0,0,0,2,67301,0,,1,1,,N,N,,0,,0,0,1,0,0,,900,1,2,0,0,0,1,1,3,4,0,2,3,,N,,,,,,,,,,,
2007080223,1729.0,2,0,0,0,0,0,0,0,0,4,0,,67,6,2007,3,40.1018,-75.0275,1727.0,6,0,0,0,0,0,0,0,0,,0,0,0,17,1,1,1,,0,40 06:06.588,,0,75 01:38.906,4,0,0,0,67301,0,0,0,N,0,0,0,2,67301,1,,1,1,,N,N,,0,,0,0,0,3,2,,1722,1,2,0,0,0,0,0,3,4,0,2,3,,N,,,,,,,,,,,
2007001504,1722.0,2,0,0,0,0,0,0,0,0,1,0,,67,1,2007,4,39.9921,-75.246,1720.0,6,0,0,0,0,0,0,1,0,,0,0,0,17,3,1,0,,0,39 59:31.000,,0,75 14:45.640,4,0,0,0,67301,0,0,0,N,0,0,0,3,46104,1,,1,1,,N,N,,1,,0,0,0,0,0,,1720,1,3,0,0,1,0,0,3,4,0,3,3,,N,,,,,,,,,,,
2007046299,1520.0,1,0,0,0,0,0,0,0,0,8,0,,67,3,2007,3,40.0556,-75.1587,1520.0,6,0,1,0,0,0,0,0,0,,0,0,0,15,1,1,0,,0,40 03:20.000,,0,75 09:31.229,4,0,0,0,67301,1,0,0,N,1,0,0,2,67301,1,,1,1,,N,Y,,0,,0,0,0,0,0,,1520,1,2,0,0,0,0,0,3,4,0,1,3,,N,,,,,,,,,,,
2007022111,845.0,1,0,0,0,0,0,0,0,0,4,1,,67,1,2007,6,39.9791,-75.1256,845.0,6,0,0,0,0,0,0,0,0,,0,1,0,8,1,1,1,,0,39 58:44.868,,0,75 07:32.152,4,0,0,0,67301,0,0,0,,0,0,0,3,67301,1,,1,9,,,,,0,,0,0,0,3,3,,845,1,2,0,0,0,0,2,3,4,0,2,3,,N,,,,,,,,,,,
2007051286,1905.0,2,0,0,0,0,0,0,0,0,1,0,,67,3,2007,2,40.0626,-75.0428,1900.0,6,0,1,0,1,0,0,0,0,2.0,0,0,0,18,1,7,0,,1,40 03:45.000,2.0,0,75 02:34.307,4,0,0,0,67301,0,0,0,,0,0,0,10,67301,7,,1,1,,N,N,,0,,0,0,0,3,2,N,1855,7,3,0,0,0,0,0,3,4,1,3,3,,N,,,,,,,,,,,
2007048879,2310.0,2,0,0,0,0,0,0,0,0,1,0,,67,2,2007,6,39.8974,-75.1872,2308.0,6,0,0,0,0,0,0,0,0,2.0,0,0,0,23,3,0,0,,2,39 53:56.492,1.0,0,75 10:28.924,0,0,0,0,67301,0,0,0,N,0,0,0,6,67301,0,,1,1,,N,N,,0,,0,0,0,0,0,N,2306,0,2,0,0,0,0,0,3,4,0,2,3,,N,,,,,,,,,,,
2007056554,1645.0,3,0,0,0,0,0,0,0,0,4,0,,67,4,2007,5,40.0585,-75.0787,1640.0,6,0,0,0,0,0,0,0,0,2.0,0,0,0,16,1,0,1,,1,40 03:30.000,5.0,0,75 04:43.352,0,0,0,0,67301,0,0,0,N,0,0,0,6,67301,0,,1,1,,N,N,,0,,0,0,0,3,3,Y,1630,0,3,0,0,0,0,0,3,4,0,3,3,,N,,,,,,,,,,,
2007048920,2210.0,2,0,0,0,0,0,0,0,0,4,0,,67,2,2007,3,40.0682,-75.0297,2205.0,6,0,0,0,0,0,0,0,0,,0,0,0,22,3,1,0,,0,40 04:05.000,,0,75 01:46.923,4,0,0,0,67301,0,0,0,N,0,0,0,2,67301,1,,1,7,,N,N,,0,,0,0,0,3,2,,2205,1,2,0,0,0,0,0,3,4,0,2,98,,N,,,,,,,,,,,
2007048924,2247.0,2,0,0,0,0,0,0,0,0,4,0,,67,2,2007,4,40.0087,-75.0683,2244.0,6,0,0,0,0,0,1,1,0,2.0,0,0,0,22,3,0,0,,2,40 00:31.291,1.0,0,75 04:05.831,0,0,0,0,67301,0,0,0,N,0,0,0,2,67301,0,,1,1,,N,N,,0,,0,0,0,0,0,N,2240,0,2,0,0,0,0,0,3,4,0,2,3,,N,,,,,,,,,,,
2007048960,2230.0,2,0,0,0,0,0,0,0,0,1,0,,67,3,2007,3,39.876,-75.2612,2227.0,6,0,0,0,0,0,1,0,0,2.0,0,0,0,22,3,2,0,,1,39 52:33.492,1.0,0,75 15:40.388,8,0,0,0,67301,0,0,0,Y,0,0,0,2,67301,0,,1,1,,N,N,,0,,0,0,0,0,0,N,2227,2,2,0,0,0,2,0,3,4,0,2,3,,N,,,,,,,,,,,
2007046448,2352.0,1,0,0,0,0,0,0,0,0,7,0,,67,2,2007,1,39.9566,-75.1389,2341.0,6,0,0,0,0,0,0,0,0,1.0,0,0,0,23,3,0,0,,1,39 57:23.866,2.0,0,75 08:20.095,0,0,0,0,67301,0,0,0,,0,0,0,1,67301,0,,2,9,,,,,0,,0,0,0,0,0,N,2338,0,1,0,0,0,0,0,3,4,0,1,7,,N,,,,,,,,,,,
2007046701,9999.0,2,0,0,0,0,0,0,0,0,5,0,,67,2,2007,1,39.9766,-75.1642,,6,0,0,0,0,0,0,0,0,,0,0,0,99,3,0,0,,0,39 58:35.792,,0,75 09:51.228,0,0,0,0,67301,0,0,0,N,0,0,0,1,67301,0,,6,1,,N,N,,0,,0,0,1,3,2,,9999,0,3,0,0,0,0,0,3,4,0,3,3,,N,,,,,,,,,,,
2007080992,15.0,2,0,0,0,0,0,0,0,0,4,0,,67,6,2007,6,40.0297,-75.0245,0.0,6,0,0,0,0,0,0,0,0,,0,0,0,23,3,0,2,,0,40 01:46.875,,0,75 01:28.287,0,0,0,0,67301,0,0,0,N,0,0,0,4,67301,0,,1,9,,N,N,,0,,0,0,0,3,3,,2345,0,2,0,0,0,0,0,3,4,0,2,7,,N,,,,,,,,,,,
2007120249,1638.0,1,0,0,0,0,0,0,0,0,4,0,,67,9,2007,6,39.9574,-75.1724,1638.0,6,0,0,0,0,0,1,0,0,,0,0,0,15,1,1,1,,0,39 57:26.794,,0,75 10:20.564,8,0,0,1,67301,0,0,0,N,0,0,0,2,67301,0,,1,1,,N,N,,0,,0,0,0,3,2,,1515,1,2,0,0,0,1,1,3,4,0,2,3,,N,,,,,,,,,,,
2007081063,2016.0,2,0,0,0,0,0,0,0,0,4,0,,67,6,2007,4,40.0432,-75.045,2015.0,6,0,0,0,1,0,0,0,0,,0,0,0,20,4,2,5,,0,40 02:35.350,,0,75 02:41.899,4,0,0,0,67301,0,0,0,N,0,0,0,5,67301,1,,1,1,,N,N,,0,,0,0,0,3,2,,2010,2,2,0,0,0,1,0,3,4,0,2,3,,N,,,,,,,,,,,
2007081072,730.0,2,0,0,0,0,0,0,0,0,1,0,,67,5,2007,3,39.9495,-75.219,723.0,6,0,0,0,0,0,0,0,0,,0,0,0,7,1,1,1,,0,39 56:58.131,,0,75 13:08.453,8,0,0,0,67301,0,0,0,N,0,0,0,1,67301,0,,1,1,,N,N,,0,,0,0,1,0,0,,720,1,3,0,0,0,1,0,3,4,0,3,3,,N,,,,,,,,,,,
2007081078,509.0,0,0,0,0,0,0,1,0,0,6,1,,67,5,2007,4,40.0635,-75.1698,506.0,6,0,0,0,0,0,0,0,0,1.0,0,0,0,5,3,3,1,,1,40 03:48.000,7.0,0,75 10:11.389,4,0,0,0,67301,0,0,0,N,0,0,0,6,67301,3,,1,1,,N,N,,0,,0,0,0,9,2,Y,500,3,2,0,0,0,0,0,3,4,1,2,3,,N,,,,,,,,,,,
2007071359,225.0,3,0,0,0,0,0,0,0,0,1,0,,67,4,2007,3,40.0255,-75.2086,220.0,6,0,0,0,0,0,0,0,0,,0,0,0,2,3,0,0,,0,40 01:32.000,,0,75 12:31.271,0,0,0,0,67301,0,0,0,,0,0,0,1,67301,0,,6,1,,,,,0,,0,0,0,0,0,,213,0,3,0,0,0,0,0,3,4,0,3,3,,N,,,,,,,,,,,
2007066397,739.0,0,0,0,0,0,0,0,0,0,4,0,,67,5,2007,6,40.1224,-74.999,739.0,6,0,0,0,0,0,1,0,0,2.0,0,0,0,99,1,1,2,,1,40 07:20.686,4.0,0,74 59:56.273,8,0,0,1,67301,0,0,0,N,0,0,0,2,67301,0,,1,1,,N,N,,1,,0,0,0,3,3,N,9999,1,2,0,0,0,1,0,3,4,0,2,3,,N,,,,,,,,,,,
2007080264,1505.0,1,0,0,0,0,0,0,0,0,4,0,,67,5,2007,2,40.0316,-75.2131,1500.0,6,0,0,1,0,0,0,0,0,,0,0,0,14,1,3,1,,0,40 01:53.000,,0,75 12:46.939,4,0,0,0,67301,0,0,0,N,0,0,0,3,67301,2,,1,1,,N,N,,0,,0,0,0,3,2,,1459,3,2,0,0,0,1,0,3,4,1,2,3,,N,,,,,,,,,,,
2007080274,825.0,2,0,0,0,0,0,0,0,0,4,0,,67,6,2007,7,40.0311,-75.1498,815.0,6,0,0,0,0,0,0,0,0,,0,0,0,15,1,1,1,,0,40 01:51.805,,0,75 08:59.243,4,0,0,0,67301,0,0,0,N,0,0,0,2,67301,1,,1,1,,N,N,,0,,0,0,0,3,2,,1515,1,2,0,0,0,0,0,3,4,0,2,3,,N,,,,,,,,,,,
2007080400,1042.0,1,0,0,0,0,0,0,0,0,7,1,,67,6,2007,7,40.0072,-75.1236,1036.0,6,0,0,0,0,0,0,0,0,3.0,0,1,0,10,1,7,0,,2,40 00:26.000,7.0,0,75 07:25.008,3,0,0,0,67301,0,0,0,,0,0,0,10,67301,2,,2,1,,N,N,,0,,5,0,2,0,0,Y,1036,7,4,0,0,7,0,0,3,4,0,4,3,,N,,,,,,,,,,,
2007080412,1402.0,1,0,0,0,0,0,0,0,0,5,0,,67,6,2007,6,39.9126,-75.2219,1357.0,6,0,0,0,0,0,1,0,0,,0,0,0,13,1,0,1,,0,39 54:50.000,,0,75 13:17.303,0,0,0,0,67301,1,0,0,N,0,0,0,2,67301,0,,1,1,,N,N,,1,,0,0,0,0,0,,1357,0,2,0,0,0,0,0,3,4,0,2,3,,N,,,,,,,,,,,
2007080121,1605.0,2,0,0,0,0,0,0,0,0,4,0,,67,6,2007,6,39.9904,-75.127,1600.0,6,0,1,0,0,0,0,0,0,,0,0,0,15,1,2,1,,0,39 59:25.000,,0,75 07:37.376,4,0,0,0,67301,0,0,0,N,0,0,0,3,67301,2,,1,1,,N,N,,0,,0,0,0,3,2,,1550,2,2,0,0,0,0,0,3,4,0,2,3,,N,,,,,,,,,,,
2007126198,1236.0,1,0,0,0,0,0,0,0,0,3,0,,67,10,2007,3,39.92,-75.2335,1233.0,6,0,0,0,0,0,0,0,0,,0,0,0,12,1,1,0,,0,39 55:11.950,,0,75 14:00.518,8,0,0,0,67301,1,0,0,,0,0,0,2,67301,0,,6,1,,,,,0,,0,0,1,0,0,,1233,1,2,0,0,0,1,0,3,4,0,2,3,,N,,,,,,,,,,,