CRN,ARRIVAL_TM,AUTOMOBILE_COUNT,BELTED_DEATH_COUNT,BELTED_SUSP_SERIOUS_INJ_COUNT,BICYCLE_COUNT,BICYCLE_DEATH_COUNT,BICYCLE_SUSP_SERIOUS_INJ_COUNT,BUS_COUNT,CHLDPAS_DEATH_COUNT,CHLDPAS_SUSP_SERIOUS_INJ_COUNT,COLLISION_TYPE,COMM_VEH_COUNT,CONS_ZONE_SPD_LIM,COUNTY,CRASH_MONTH,CRASH_YEAR,DAY_OF_WEEK,DEC_LAT,DEC_LONG,DISPATCH_TM,DISTRICT,DRIVER_COUNT_16YR,DRIVER_COUNT_17YR,DRIVER_COUNT_18YR,DRIVER_COUNT_19YR,DRIVER_COUNT_20YR,DRIVER_COUNT_50_64YR,DRIVER_COUNT_65_74YR,DRIVER_COUNT_75PLUS,EST_HRS_CLOSED,FATAL_COUNT,HEAVY_TRUCK_COUNT,HORSE_BUGGY_COUNT,HOUR_OF_DAY,ILLUMINATION,INJURY_COUNT,INTERSECT_TYPE,INTERSECTION_RELATED,LANE_CLOSED,LATITUDE,LN_CLOSE_DIR,LOCATION_TYPE,LONGITUDE,MAX_SEVERITY_LEVEL,MCYCLE_DEATH_COUNT,MCYCLE_SUSP_SERIOUS_INJ_COUNT,MOTORCYCLE_COUNT,MUNICIPALITY,NONMOTR_COUNT,NONMOTR_DEATH_COUNT,NONMOTR_SUSP_SERIOUS_INJ_COUNT,NTFY_HIWY_MAINT,PED_COUNT,PED_DEATH_COUNT,PED_SUSP_SERIOUS_INJ_COUNT,PERSON_COUNT,POLICE_AGCY,POSSIBLE_INJ_COUNT,RDWY_SURF_TYPE_CD,RELATION_TO_ROAD,ROAD_CONDITION,ROADWAY_CLEARED,SCH_BUS_IND,SCH_ZONE_IND,SECONDARY_CRASH,SMALL_TRUCK_COUNT,SPEC_JURIS_CD,SUSP_MINOR_INJ_COUNT,SUSP_SERIOUS_INJ_COUNT,SUV_COUNT,TCD_FUNC_CD,TCD_TYPE,TFC_DETOUR_IND,TIME_OF_DAY,TOT_INJ_COUNT,TOTAL_UNITS,UNB_DEATH_COUNT,UNB_SUSP_SERIOUS_INJ_COUNT,UNBELTED_OCC_COUNT,UNK_INJ_DEG_COUNT,UNK_INJ_PER_COUNT,URBAN_AREA,URBAN_RURAL,VAN_COUNT,VEHICLE_COUNT,WEATHER1,WEATHER2,WORK_ZONE_IND,WORK_ZONE_LOC,WORK_ZONE_TYPE,WORKERS_PRES,WZ_CLOSE_DETOUR,WZ_FLAGGER,WZ_LAW_OFFCR_IND,WZ_LN_CLOSURE,WZ_MOVING,WZ_OTHER,WZ_SHLDER_MDN,WZ_WORKERS_INJ_KILLED
2007123835,928.0,2,0,0,0,0,0,0,0,0,4,0,,67,11,2007,6,40.0011,-75.2154,920.0,6,0,0,0,0,0,0,0,2,1.0,0,0,0,9,1,2,1,,1,40 00:03.902,5.0,0,75 12:55.382,3,0,0,0,67301,0,0,0,N,0,0,0,2,67301,0,,1,1,,N,N,,0,,2,0,0,2,2,N,917,2,2,0,0,0,0,0,3,4,0,2,3,,N,,,,,,,,,,,
2007126610,1207.0,1,0,0,0,0,0,0,0,0,4,0,,67,10,2007,4,39.9919,-75.0997,1200.0,6,0,0,0,0,0,0,0,0,,0,0,0,11,1,0,0,,0,39 59:30.000,,0,75 05:59.026,0,0,0,0,67301,0,0,0,N,0,0,0,2,67301,0,,3,1,,N,N,,0,,0,0,1,0,0,,1150,0,2,0,0,0,0,0,3,4,0,2,3,,N,,,,,,,,,,,
2007065652,1219.0,1,0,0,0,0,0,0,0,0,4,0,,67,5,2007,6,40.0125,-75.0585,19.0,6,0,0,0,0,0,0,0,0,4.0,1,0,0,0,3,1,1,,2,40 00:44.000,5.0,0,75 03:30.343,1,0,0,0,67301,0,0,0,,0,0,0,2,67301,0,2.0,1,1,,N,N,,0,0.0,1,0,1,3,2,Y,19,1,2,1,0,1,0,0,3,4,0,2,3,,N,,,,,,,,,,,
2007110527,233.0,2,0,0,0,0,0,0,0,0,4,0,,67,9,2007,7,39.965,-75.2253,230.0,6,0,0,0,0,0,0,0,0,,0,0,0,2,3,4,1,,0,39 57:54.000,,0,75 13:30.989,8,0,0,0,67301,0,0,0,N,0,0,0,5,67301,0,,1,1,,N,N,,0,,0,0,0,3,2,,220,4,2,0,0,0,4,0,3,4,0,2,3,,N,,,,,,,,,,,
2007110580,9999.0,0,0,0,0,0,0,0,0,0,8,0,,67,9,2007,3,39.9883,-75.0911,9999.0,6,0,0,0,0,0,0,1,0,,0,0,0,15,1,1,2,,0,39 59:17.000,,0,75 05:28.066,4,0,0,0,67301,1,0,0,N,1,0,0,2,67301,1,,1,1,,N,N,,0,,0,0,0,0,0,,1555,1,2,0,0,0,0,1,3,4,1,1,3,,N,,,,,,,,,,,
2007066643,1650.0,1,0,0,0,0,0,0,0,0,4,0,,67,5,2007,1,40.0741,-75.1909,1645.0,6,0,0,0,0,0,1,0,0,,0,0,0,16,1,1,1,,0,40 04:26.000,,0,75 11:26.888,8,0,0,0,67301,0,0,0,N,0,0,0,4,67301,0,,1,1,,N,N,,0,,0,0,1,3,2,,1625,1,2,0,0,0,1,0,3,4,0,2,3,,N,,,,,,,,,,,
2007066805,251.0,2,0,0,0,0,0,0,0,0,1,0,,67,5,2007,7,39.9664,-75.1606,251.0,6,0,0,0,0,0,0,0,0,,0,0,0,2,3,0,10,,0,39 57:58.000,,0,75 09:38.184,0,0,0,0,67301,0,0,0,,0,0,0,2,67301,0,,1,1,,,,,0,,0,0,0,9,2,,248,0,2,0,0,0,0,0,3,4,0,2,3,,N,,,,,,,,,,,
2007066809,1845.0,1,0,0,0,0,0,0,0,0,8,0,,67,5,2007,6,39.9331,-75.2314,1830.0,6,0,0,0,0,0,0,0,0,,0,0,0,18,1,1,0,,0,39 55:58.998,,0,75 13:53.162,8,0,0,0,67301,1,0,0,,1,0,0,2,67301,0,,1,1,,N,N,,0,,0,0,0,0,0,,1827,1,2,0,0,0,1,0,3,4,0,1,3,,N,,,,,,,,,,,
2007066843,1023.0,2,0,0,0,0,0,0,0,0,1,0,,67,5,2007,6,39.9658,-75.1606,1020.0,6,0,0,0,0,0,0,0,0,,0,0,0,10,1,1,0,,0,39 57:56.000,,0,75 09:38.152,4,0,0,0,67301,0,0,0,N,0,0,0,1,67301,1,,6,1,,N,N,,0,,0,0,0,0,0,,1015,1,3,0,0,0,0,0,3,4,0,3,3,,N,,,,,,,,,,,
2007066862,1239.0,2,0,0,0,0,0,0,0,0,4,0,,67,5,2007,3,39.921,-75.1433,1237.0,6,0,0,0,0,0,1,0,1,,0,0,0,99,1,2,2,,0,39 55:15.000,,7,75 08:35.912,8,0,0,0,67301,0,0,0,,0,0,0,3,67301,0,,1,1,,,,,0,,0,0,0,9,3,,9999,2,2,0,0,0,2,0,3,4,0,2,3,,N,,,,,,,,,,,
2007056743,2357.0,2,0,0,0,0,0,0,0,0,1,0,,67,3,2007,5,39.9705,-75.1481,2357.0,6,0,0,1,0,0,0,0,0,,0,0,0,23,3,1,1,,0,39 58:13.000,,0,75 08:53.199,4,0,0,0,67301,0,0,0,N,0,0,0,2,67301,1,,1,9,,N,N,,0,,0,0,0,3,2,,2357,1,2,0,0,0,0,0,3,4,0,2,7,,N,,,,,,,,,,,
2007056855,149.0,1,0,0,0,0,0,0,0,0,7,0,,67,4,2007,6,40.0667,-75.1963,149.0,6,0,0,0,0,0,0,0,0,,0,0,0,1,3,1,0,,0,40 04:00.011,,0,75 11:46.656,4,0,0,0,67301,0,0,0,N,0,0,0,1,67301,1,,4,1,,N,N,,0,,0,0,0,0,0,,149,1,1,0,0,1,0,0,3,4,0,1,3,,N,,,,,,,,,,,
2007057022,2046.0,0,0,0,0,0,0,0,0,0,8,0,,67,4,2007,3,40.039,-75.0607,2044.0,6,0,0,0,0,0,0,0,0,1.0,0,0,0,20,3,1,0,,2,40 02:19.000,2.0,0,75 03:38.455,4,0,0,0,67301,1,0,0,N,1,0,0,2,67301,1,,1,1,,N,N,,1,,0,0,0,0,0,Y,2041,1,2,0,0,0,0,0,3,4,0,1,3,,N,,,,,,,,,,,
2007056978,1830.0,2,0,0,0,0,0,0,0,0,4,0,,67,4,2007,6,39.9495,-75.2251,1822.0,6,0,0,0,0,0,1,0,0,,0,0,0,18,1,1,2,,0,39 56:58.095,,0,75 13:30.251,8,0,0,0,67301,0,0,0,N,0,0,0,5,67301,0,,1,1,,N,N,,0,,0,0,0,3,3,,1815,1,2,0,0,0,1,1,3,4,0,2,3,,N,,,,,,,,,,,
2007047026,1425.0,2,0,0,0,0,0,0,0,0,4,0,,67,3,2007,1,39.9697,-75.1317,1420.0,6,0,0,0,0,0,0,0,0,,0,0,0,14,1,0,1,,0,39 58:10.000,,0,75 07:53.801,0,0,0,0,67301,0,0,0,N,0,0,0,2,67301,0,,1,1,,N,N,,1,,0,0,0,3,2,,1415,0,3,0,0,0,0,0,3,4,0,3,3,,N,,,,,,,,,,,
2007047040,954.0,2,0,0,0,0,0,0,0,0,6,0,,67,3,2007,6,39.9299,-75.1802,1024.0,6,0,0,0,0,0,0,0,0,,0,0,0,9,1,1,1,,0,39 55:47.811,,0,75 10:48.873,8,0,0,0,67301,0,0,0,N,0,0,0,3,67301,0,,1,9,,N,N,,0,,0,0,0,3,3,,952,1,2,0,0,0,1,1,3,4,0,2,7,,N,,,,,,,,,,,
2007047122,1835.0,2,0,0,0,0,0,0,0,0,1,0,,67,3,2007,6,40.01,-75.2076,1825.0,6,0,0,0,0,0,1,0,0,2.0,0,0,0,18,1,0,0,,1,40 00:36.109,3.0,0,75 12:27.347,9,0,0,0,67301,0,0,0,N,0,0,0,4,67301,0,,1,2,,N,N,,0,,0,0,0,0,0,N,1810,0,2,0,0,3,0,1,3,4,0,2,9,,N,,,,,,,,,,,
2007092176,1640.0,3,0,0,0,0,0,0,0,0,4,0,,67,7,2007,7,39.9582,-75.2291,1633.0,6,0,0,0,0,0,0,0,0,,0,0,0,15,1,1,1,,0,39 57:29.433,,0,75 13:44.921,8,0,0,0,67301,0,0,0,N,0,0,0,4,67301,0,,1,1,,N,N,,0,,0,0,0,9,3,,1526,1,3,0,0,0,1,0,3,4,0,3,3,,N,,,,,,,,,,,
2007092034,1939.0,1,0,0,1,0,0,0,0,0,4,0,,67,7,2007,1,40.0352,-75.1456,1936.0,6,0,0,0,0,0,0,0,0,,0,0,0,19,1,1,1,,0,40 02:06.000,,0,75 08:44.050,4,0,0,0,67301,1,0,0,N,0,0,0,2,67301,1,,1,1,,N,N,,0,,0,0,0,3,2,,1912,1,2,0,0,0,0,0,3,4,0,1,3,,N,,,,,,,,,,,
2007092049,1448.0,1,0,0,0,0,0,0,0,0,1,0,,67,7,2007,3,40.0092,-75.1511,1445.0,6,0,0,0,0,0,0,0,0,,0,0,0,14,1,1,1,,0,40 00:33.000,,0,75 09:04.080,8,0,0,0,67301,0,0,0,,0,0,0,2,67301,0,,1,1,,,,,1,,0,0,0,3,2,,1444,1,2,0,0,1,1,1,3,4,0,2,3,,N,,,,,,,,,,,
2007092062,444.0,2,0,0,0,0,0,0,0,0,1,0,,67,8,2007,4,39.9981,-75.1257,443.0,6,0,0,1,0,0,0,0,0,,0,0,0,4,3,1,0,,0,39 59:53.000,,0,75 07:32.509,8,0,0,0,67301,0,0,0,N,0,0,0,2,67301,0,,6,1,,N,Y,,0,,0,0,0,0,0,,440,1,2,0,0,0,1,0,3,4,0,2,3,,N,,,,,,,,,,,
2007092063,1900.0,1,0,0,0,0,0,0,0,0,8,0,,67,7,2007,7,40.1235,-75.0154,1856.0,6,0,0,0,0,0,0,0,1,1.0,0,0,0,18,1,1,1,,1,40 07:24.000,1.0,0,75 00:55.270,4,0,0,0,67301,1,0,0,N,1,0,0,2,67301,1,,1,1,,N,N,,0,,0,0,0,3,2,Y,1853,1,2,0,0,0,0,0,3,4,0,1,3,,N,,,,,,,,,,,
2007092073,1145.0,0,0,0,1,0,0,0,0,0,4,0,,67,7,2007,3,39.9951,-75.1505,1130.0,6,0,0,0,0,0,0,0,0,,0,0,0,11,1,1,1,,0,39 59:42.230,,0,75 09:01.789,4,0,0,0,67301,1,0,0,,0,0,0,2,67301,1,,1,1,,,,,1,,0,0,0,9,2,,1120,1,2,0,0,0,0,0,3,4,0,1,3,,N,,,,,,,,,,,
2007080017,2120.0,2,0,0,0,0,0,0,0,0,1,0,,67,6,2007,6,40.0325,-75.0808,2114.0,6,0,0,0,0,0,0,0,0,,0,0,0,21,1,1,2,,0,40 01:56.000,,0,75 04:51.305,3,0,0,0,67301,0,0,0,N,0,0,0,3,67301,0,,1,1,,N,N,,0,,1,0,0,0,0,,2114,1,2,0,0,0,0,0,3,4,0,2,3,,N,,,,,,,,,,,
2007081782,1715.0,1,0,0,0,0,0,0,0,0,4,0,,67,6,2007,2,40.0631,-75.0516,1710.0,6,0,0,0,0,1,1,0,0,,0,0,0,17,1,1,1,,0,40 03:47.000,,0,75 03:05.898,8,0,0,0,67301,0,0,0,,0,0,0,3,67301,0,,1,9,,,,,0,,0,0,0,3,2,,1710,1,2,0,0,0,1,0,3,4,1,2,3,,N,,,,,,,,,,,
2007082217,715.0,1,0,0,0,0,0,0,0,0,4,0,,67,6,2007,2,40.0481,-75.0316,710.0,6,0,0,0,0,0,0,0,0,2.0,0,0,0,7,1,1,0,,2,40 02:53.000,6.0,0,75 01:53.893,4,0,0,0,67301,0,0,0,N,0,0,0,3,67301,1,,1,9,,N,N,,1,,0,0,0,0,0,Y,700,1,2,0,0,0,0,0,3,4,0,2,7,,N,,,,,,,,,,,
2007082497,2231.0,0,0,0,0,0,0,0,0,0,7,0,,67,6,2007,5,39.9216,-75.1905,2210.0,6,0,0,0,0,0,1,0,0,2.0,0,0,0,22,3,1,0,,2,39 55:17.000,4.0,0,75 11:25.706,8,0,0,1,67301,0,0,0,,0,0,0,1,67301,0,,2,1,,,,,0,,0,0,0,0,0,N,2207,1,1,0,0,0,1,0,3,4,0,1,3,,N,,,,,,,,,,,
2007082518,715.0,0,0,0,0,0,0,0,0,0,7,0,,67,6,2007,5,39.9502,-75.1417,715.0,6,0,0,0,0,0,0,0,0,1.0,0,0,0,7,1,0,0,,1,39 56:57.000,2.0,0,75 08:30.699,0,0,0,0,67301,0,0,0,N,0,0,0,1,67301,0,,2,1,,N,N,,0,,0,0,1,0,0,N,715,0,1,0,0,0,0,0,3,4,0,1,3,,N,,,,,,,,,,,
2007080220,1245.0,1,0,0,0,0,0,0,0,0,7,0,,67,6,2007,1,40.0876,-75.074,1238.0,6,0,0,0,0,0,0,0,0,,0,0,0,12,1,1,2,,0,40 05:15.316,,0,75 04:26.446,3,0,0,0,67301,0,0,0,N,0,0,0,1,67301,0,,4,1,,N,N,,0,,1,0,0,3,3,,1238,1,1,0,0,1,0,0,3,4,0,1,3,,N,,,,,,,,,,,
2007051123,2355.0,5,0,0,0,0,0,0,0,0,5,0,,67,2,2007,3,40.0301,-75.2114,2354.0,6,0,0,0,0,0,0,0,0,,0,0,0,23,3,0,0,,0,40 01:48.000,,0,75 12:41.206,0,0,0,0,67301,0,0,0,N,0,0,0,1,67301,0,,1,1,,N,N,,0,,0,0,0,0,0,,2345,0,5,0,0,1,0,0,3,4,0,5,3,,N,,,,,,,,,,,
2007046254,1128.0,1,0,0,0,0,0,0,0,0,5,0,,67,2,2007,4,39.9319,-75.1999,1121.0,6,0,0,0,0,0,0,0,0,,0,0,0,11,1,2,0,,0,39 55:51.240,,0,75 11:56.760,4,0,0,0,67301,0,0,0,N,0,0,0,3,67301,1,,1,1,,N,N,,1,,0,0,0,0,0,,1120,2,2,0,0,0,1,0,3,4,0,2,3,,N,,,,,,,,,,,
2007051289,954.0,2,0,0,0,0,0,0,0,0,6,0,,67,3,2007,3,40.0129,-75.0718,953.0,6,0,0,0,0,0,0,0,0,,0,0,0,9,1,1,1,,0,40 00:46.000,,0,75 04:18.660,8,0,0,0,67301,0,0,0,N,0,0,0,3,67301,0,,1,1,,N,N,,0,,0,0,0,3,3,,952,1,2,0,0,0,1,2,3,4,0,2,3,,N,,,,,,,,,,,
2007048882,346.0,1,0,0,0,0,0,0,0,0,7,0,,67,2,2007,4,39.9817,-75.2073,344.0,6,0,0,0,0,0,0,0,0,1.0,0,0,0,3,3,0,0,,1,39 58:57.485,3.0,0,75 12:28.558,0,0,0,0,67301,0,0,0,N,0,0,0,2,67301,0,,2,2,,N,N,,0,,0,0,0,0,0,N,344,0,1,0,0,0,0,0,3,4,0,1,10,,N,,,,,,,,,,,
2007056519,1118.0,3,0,0,0,0,0,0,0,0,4,0,,67,4,2007,2,40.035,-75.1435,1116.0,6,0,0,0,0,2,0,0,0,,0,0,0,11,1,1,0,,0,40 02:05.976,,0,75 08:36.698,3,0,0,0,67301,0,0,0,N,0,0,0,2,67301,0,,1,9,,N,N,,0,,1,0,0,0,0,,1110,1,3,0,0,0,0,0,3,4,0,3,7,,N,,,,,,,,,,,
2007056532,1806.0,1,0,0,0,0,0,0,0,0,7,0,,67,4,2007,7,39.9255,-75.1446,1759.0,6,0,0,0,0,0,0,0,0,,0,0,0,17,1,0,0,,0,39 55:31.734,,0,75 08:40.467,0,0,0,0,67301,0,0,0,N,0,0,0,1,67301,0,,3,1,,N,N,,0,,0,0,0,0,0,,1755,0,1,0,0,0,0,0,3,4,0,1,3,,N,,,,,,,,,,,
2007056546,1316.0,1,0,0,0,0,0,0,0,0,5,0,,67,4,2007,4,40.0346,-75.2152,1314.0,6,0,0,0,0,0,0,0,0,,0,0,0,12,1,0,0,,0,40 02:04.394,,0,75 12:54.745,0,0,0,0,67301,0,0,0,N,0,0,0,2,67301,0,,1,1,,N,N,,1,,0,0,0,0,0,,1252,0,2,0,0,2,0,0,3,4,0,2,3,,N,,,,,,,,,,,
2007049059,1313.0,1,0,0,0,0,0,0,0,0,8,0,,67,2,2007,2,40.1051,-75.0276,1309.0,6,0,0,0,0,0,0,0,0,,0,0,0,6,1,1,2,,0,40 06:18.000,,0,75 01:39.508,8,0,0,0,67301,1,0,0,N,1,0,0,2,67301,0,,1,1,,N,N,,0,,0,0,0,3,2,,650,1,2,0,0,0,1,1,3,4,0,1,3,,N,,,,,,,,,,,
2007117261,411.0,1,0,0,0,0,0,0,0,0,7,0,,67,9,2007,1,40.0297,-75.2231,410.0,6,0,0,0,0,0,0,0,0,,0,0,0,4,3,1,0,,0,40 01:46.930,,0,75 13:23.073,8,0,0,0,67301,0,0,0,,0,0,0,1,67301,0,,5,1,,,,,0,,0,0,0,0,0,,410,1,1,0,0,0,1,0,3,4,0,1,3,,N,,,,,,,,,,,
2007117267,1234.0,2,0,0,0,0,0,0,0,0,4,0,,67,10,2007,3,39.9571,-75.1511,1234.0,6,0,0,0,0,0,1,0,0,,0,0,0,12,1,0,1,,0,39 57:25.688,,0,75 09:03.847,0,0,0,0,67301,0,0,0,N,0,0,0,3,67301,0,,1,1,,N,N,,0,,0,0,0,3,2,,1232,0,2,0,0,0,0,0,3,4,0,2,3,,N,,,,,,,,,,,
2007080995,1005.0,1,0,0,0,0,0,0,0,0,5,0,,67,5,2007,1,40.0177,-75.065,1005.0,6,0,0,0,0,0,0,0,0,,0,0,0,9,1,1,0,,0,40 01:03.000,,0,75 03:54.393,8,0,0,1,67301,0,0,0,N,0,0,0,2,67301,0,,1,1,,N,N,,0,,0,0,0,0,0,,950,1,2,0,0,0,1,0,3,4,0,2,3,,N,,,,,,,,,,,
2007080922,1706.0,0,0,0,0,0,0,0,0,0,1,0,,67,5,2007,6,39.9808,-75.1708,1701.0,6,0,0,0,0,0,0,0,0,,0,0,0,17,1,1,0,,0,39 58:50.844,,0,75 10:14.876,8,0,0,1,67301,0,0,0,N,0,0,0,1,67301,0,,9,1,,N,N,,1,,0,0,0,3,2,,1701,1,2,0,0,0,1,0,3,4,0,2,3,,N,,,,,,,,,,,
2007083706,1732.0,1,0,0,0,0,0,0,0,0,7,0,,67,6,2007,1,39.9654,-75.1858,1726.0,6,0,0,0,0,0,0,0,0,1.0,0,0,0,17,1,2,0,,1,39 58:00.000,4.0,0,75 11:15.363,8,0,0,0,67301,0,0,0,N,0,0,0,2,68K01,0,,2,1,,N,N,,0,,0,0,0,0,0,N,1723,2,1,0,0,2,2,0,3,4,0,1,3,,N,,,,,,,,,,,
2007071364,1705.0,2,0,0,0,0,0,0,0,0,4,0,,67,5,2007,5,40.0158,-75.1993,1700.0,6,0,0,0,0,0,0,1,1,,0,0,0,99,1,1,0,,0,40 00:57.056,,7,75 11:57.418,4,0,0,0,67301,0,0,0,N,0,0,0,2,67301,1,,6,1,,N,N,,0,,0,0,0,0,0,,9999,1,2,0,0,0,0,0,3,4,0,2,3,,N,,,,,,,,,,,
2007071400,1055.0,3,0,0,0,0,0,0,0,0,5,0,,67,5,2007,2,40.0771,-75.0851,1049.0,6,0,0,1,0,0,0,0,0,,0,0,0,10,1,1,0,,0,40 04:37.000,,0,75 05:06.480,8,0,0,0,67301,0,0,0,,0,0,0,1,67301,0,,1,1,,,,,0,,0,0,0,0,0,,1035,1,3,0,0,0,1,0,3,4,0,3,3,,N,,,,,,,,,,,
2007066410,931.0,1,0,0,0,0,0,0,0,0,8,0,,67,5,2007,3,39.953,-75.1684,930.0,6,0,0,0,0,0,1,0,0,1.0,0,0,0,9,1,1,2,,1,39 57:10.730,4.0,0,75 10:06.316,4,0,0,0,67301,1,0,0,N,1,0,0,2,67301,1,,1,1,,N,N,,0,,0,0,0,3,2,N,930,1,2,0,0,0,0,0,3,4,0,1,3,,N,,,,,,,,,,,
2007066452,1535.0,2,0,0,0,0,0,0,0,0,1,0,,67,5,2007,7,39.9581,-75.1634,1522.0,6,0,0,1,0,0,0,0,0,1.0,0,0,0,15,1,2,0,,2,39 57:29.054,4.0,0,75 09:48.230,3,0,0,0,67301,0,0,0,N,0,0,0,7,67301,1,,1,1,,N,N,,0,,1,0,0,0,0,N,1521,2,2,0,0,0,0,0,3,4,0,2,3,,N,,,,,,,,,,,
2007066474,2003.0,1,0,0,0,0,0,0,0,0,8,0,,67,5,2007,1,39.9707,-75.244,2001.0,6,0,0,0,0,1,0,0,0,,0,0,0,20,1,1,0,,0,39 58:14.613,,0,75 14:38.324,4,0,0,0,67301,1,0,0,,1,0,0,2,67301,1,,1,1,,,,,0,,0,0,0,0,0,,2000,1,2,0,0,1,0,0,3,4,0,1,3,,N,,,,,,,,,,,
2007079967,1745.0,2,0,0,0,0,0,0,0,0,1,0,,67,6,2007,4,39.9764,-75.1197,1735.0,6,0,0,0,0,0,0,0,0,,0,0,0,17,1,1,0,,0,39 58:41.000,,0,75 07:08.200,4,0,0,0,67301,0,0,0,,0,0,0,2,67301,1,,1,1,,N,N,,0,,0,0,0,0,0,,1730,1,2,0,0,0,0,0,3,4,0,2,3,,N,,,,,,,,,,,
2007066822,727.0,1,0,0,0,0,0,0,0,0,8,0,,67,4,2007,3,39.9914,-75.1595,725.0,6,0,0,0,0,0,0,0,0,,0,0,0,7,1,1,1,,0,39 59:29.158,,0,75 09:34.196,3,0,0,0,67301,1,0,0,N,1,0,0,2,67301,0,,1,1,,N,N,,0,,1,0,0,0,0,,700,1,2,0,0,0,0,1,3,4,0,1,3,,N,,,,,,,,,,,
2007056628,1812.0,1,0,0,0,0,0,0,0,0,8,0,,67,4,2007,1,39.9231,-75.17,1812.0,6,0,1,0,0,0,0,0,0,,0,0,0,18,1,1,1,,0,39 55:23.000,,0,75 10:11.996,8,0,0,0,67301,1,0,0,,1,0,0,2,67301,0,,1,1,,N,N,,0,,0,0,0,3,2,,1810,1,2,0,0,0,1,0,3,4,0,1,3,,N,,,,,,,,,,,
2007056683,829.0,1,0,0,0,0,0,0,0,0,7,0,,67,4,2007,1,40.0242,-75.0316,821.0,6,0,0,0,0,0,0,0,0,1.0,0,0,0,8,1,1,0,,1,40 01:27.121,2.0,0,75 01:53.064,8,0,0,0,67301,0,0,0,,0,0,0,1,67301,0,,2,9,,N,N,,0,,0,0,0,0,0,N,820,1,1,0,0,0,1,0,3,4,0,1,7,,N,,,,,,,,,,,
2007056763,1439.0,2,0,0,0,0,0,0,0,0,1,0,,67,4,2007,2,39.9536,-75.1732,1435.0,6,0,0,0,0,0,1,0,0,,0,0,0,14,1,1,1,,0,39 57:12.000,,0,75 10:23.682,4,0,0,0,67301,0,0,0,N,0,0,0,3,67301,1,,1,1,,N,N,,0,,0,0,0,0,0,,1434,1,2,0,0,0,0,0,3,4,0,2,3,,N,,,,,,,,,,,
2007056951,310.0,3,0,0,0,0,0,0,0,0,4,0,,67,4,2007,2,40.0168,-75.1174,303.0,6,0,0,0,0,0,0,0,0,3.0,0,0,0,3,3,0,0,,2,40 01:00.649,2.0,99,75 07:02.618,9,0,0,0,67301,0,0,0,N,0,0,0,1,67301,0,,1,1,,N,N,,0,,0,0,0,0,0,Y,300,0,3,0,0,0,0,1,3,4,0,3,3,,N,,,,,,,,,,,
2007056971,1239.0,2,0,0,0,0,0,0,0,0,5,0,,67,3,2007,7,40.0315,-75.1678,1235.0,6,0,0,1,0,0,0,0,0,,0,0,0,12,1,1,0,,0,40 01:53.000,,0,75 10:04.079,8,0,0,0,67301,0,0,0,,0,0,0,2,67301,0,,1,1,,N,N,,0,,0,0,0,0,0,,1230,1,2,0,0,0,1,0,3,4,0,2,3,,N,,,,,,,,,,,
2007056863,2056.0,2,0,0,0,0,0,0,0,0,1,0,,67,3,2007,6,40.0484,-75.1755,2053.0,6,0,0,0,0,0,0,1,0,,0,0,0,20,3,1,2,,0,40 02:54.000,,0,75 10:31.953,8,0,0,0,67301,0,0,0,N,0,0,0,2,67301,0,,1,1,,N,N,,0,,0,0,0,3,2,,2015,1,2,0,0,0,1,0,3,4,0,2,3,,N,,,,,,,,,,,
2007056888,321.0,1,0,0,0,0,0,0,0,0,7,0,,67,4,2007,1,39.945,-75.1607,315.0,6,0,0,0,0,0,0,0,0,2.0,0,0,0,3,3,1,0,,1,39 56:41.982,3.0,0,75 09:38.610,4,0,0,0,67301,0,0,0,N,0,0,0,1,67301,1,,5,1,,N,N,,0,,0,0,0,0,0,N,310,1,1,0,0,0,0,0,3,4,0,1,3,,N,,,,,,,,,,,
2007057010,1430.0,1,0,0,0,0,0,0,0,0,8,0,,67,4,2007,3,39.9473,-75.2296,1427.0,6,0,0,0,0,0,0,0,0,,0,0,0,14,1,1,0,,0,39 56:50.442,,0,75 13:46.416,3,0,0,0,67301,1,0,0,N,1,0,0,2,67301,0,,1,1,,N,N,,0,,1,0,0,0,0,,1420,1,2,0,0,0,0,1,3,4,0,1,3,,N,,,,,,,,,,,
2007057014,1957.0,1,0,0,0,0,0,1,0,0,4,1,,67,3,2007,2,40.049,-75.0947,1952.0,6,0,0,0,0,0,1,0,0,2.0,0,0,0,19,3,2,1,,2,40 02:56.557,7.0,0,75 05:40.778,4,0,0,0,67301,0,0,0,N,0,0,0,2,67301,1,,1,1,,N,N,,0,,0,0,0,3,3,Y,1935,2,2,0,0,0,1,0,3,4,0,2,3,,N,,,,,,,,,,,
2007057032,500.0,1,0,0,0,0,0,0,0,0,4,0,,67,4,2007,1,39.9513,-75.2287,500.0,6,0,0,0,0,0,0,0,0,,0,0,0,5,3,1,2,,0,39 57:04.593,,0,75 13:43.496,2,0,1,1,67301,0,0,0,N,0,0,0,1,67301,0,,1,1,,N,N,,0,,0,1,0,3,3,,500,1,2,0,0,0,0,0,3,4,0,2,3,,N,,,,,,,,,,,
2007046886,2330.0,1,0,0,0,0,0,0,0,0,8,0,,67,2,2007,7,40.0074,-75.1251,2325.0,6,0,0,1,0,0,0,0,0,,0,0,0,23,3,1,0,,0,40 00:26.000,,0,75 07:30.490,4,0,0,0,67301,1,0,0,N,1,0,0,4,67301,1,,1,9,,N,N,,0,,0,0,0,0,0,,2325,1,2,0,0,0,0,0,3,4,0,1,98,,N,,,,,,,,,,,