CRN,ARRIVAL_TM,AUTOMOBILE_COUNT,BELTED_DEATH_COUNT,BELTED_SUSP_SERIOUS_INJ_COUNT,BICYCLE_COUNT,BICYCLE_DEATH_COUNT,BICYCLE_SUSP_SERIOUS_INJ_COUNT,BUS_COUNT,CHLDPAS_DEATH_COUNT,CHLDPAS_SUSP_SERIOUS_INJ_COUNT,COLLISION_TYPE,COMM_VEH_COUNT,CONS_ZONE_SPD_LIM,COUNTY,CRASH_MONTH,CRASH_YEAR,DAY_OF_WEEK,DEC_LAT,DEC_LONG,DISPATCH_TM,DISTRICT,DRIVER_COUNT_16YR,DRIVER_COUNT_17YR,DRIVER_COUNT_18YR,DRIVER_COUNT_19YR,DRIVER_COUNT_20YR,DRIVER_COUNT_50_64YR,DRIVER_COUNT_65_74YR,DRIVER_COUNT_75PLUS,EST_HRS_CLOSED,FATAL_COUNT,HEAVY_TRUCK_COUNT,HORSE_BUGGY_COUNT,HOUR_OF_DAY,ILLUMINATION,INJURY_COUNT,INTERSECT_TYPE,INTERSECTION_RELATED,LANE_CLOSED,LATITUDE,LN_CLOSE_DIR,LOCATION_TYPE,LONGITUDE,MAX_SEVERITY_LEVEL,MCYCLE_DEATH_COUNT,MCYCLE_SUSP_SERIOUS_INJ_COUNT,MOTORCYCLE_COUNT,MUNICIPALITY,NONMOTR_COUNT,NONMOTR_DEATH_COUNT,NONMOTR_SUSP_SERIOUS_INJ_COUNT,NTFY_HIWY_MAINT,PED_COUNT,PED_DEATH_COUNT,PED_SUSP_SERIOUS_INJ_COUNT,PERSON_COUNT,POLICE_AGCY,POSSIBLE_INJ_COUNT,RDWY_SURF_TYPE_CD,RELATION_TO_ROAD,ROAD_CONDITION,ROADWAY_CLEARED,SCH_BUS_IND,SCH_ZONE_IND,SECONDARY_CRASH,SMALL_TRUCK_COUNT,SPEC_JURIS_CD,SUSP_MINOR_INJ_COUNT,SUSP_SERIOUS_INJ_COUNT,SUV_COUNT,TCD_FUNC_CD,TCD_TYPE,TFC_DETOUR_IND,TIME_OF_DAY,TOT_INJ_COUNT,TOTAL_UNITS,UNB_DEATH_COUNT,UNB_SUSP_SERIOUS_INJ_COUNT,UNBELTED_OCC_COUNT,UNK_INJ_DEG_COUNT,UNK_INJ_PER_COUNT,URBAN_AREA,URBAN_RURAL,VAN_COUNT,VEHICLE_COUNT,WEATHER1,WEATHER2,WORK_ZONE_IND,WORK_ZONE_LOC,WORK_ZONE_TYPE,WORKERS_PRES,WZ_CLOSE_DETOUR,WZ_FLAGGER,WZ_LAW_OFFCR_IND,WZ_LN_CLOSURE,WZ_MOVING,WZ_OTHER,WZ_SHLDER_MDN,WZ_WORKERS_INJ_KILLED
2007056976,1632.0,1,0,0,0,0,0,0,0,0,8,0,,67,4,2007,4,39.938,-75.2268,1632.0,6,0,0,0,0,0,0,0,0,,0,0,0,16,1,1,0,,0,39 56:16.720,,0,75 13:36.580,4,0,0,0,67301,1,0,0,N,1,0,0,2,67301,1,,6,9,,N,N,,0,,0,0,0,0,0,,1632,1,2,0,0,0,0,1,3,4,0,1,7,,N,,,,,,,,,,,
2007120756,323.0,2,0,0,0,0,0,0,0,0,1,0,,67,10,2007,6,39.9898,-75.2059,309.0,6,0,0,0,0,0,0,0,0,,0,0,0,3,3,0,0,,0,39 59:26.000,,0,75 12:17.652,0,0,0,0,67301,2,0,0,N,0,0,0,3,68K01,0,,2,9,,N,N,,0,,0,0,0,0,0,,307,0,2,0,0,0,0,0,3,4,0,2,7,,N,,,,,,,,,,,
2007099459,1422.0,2,0,0,0,0,0,0,0,0,4,0,,67,8,2007,7,40.0524,-75.1577,1417.0,6,0,0,0,0,0,1,0,0,,0,0,0,14,1,1,5,,0,40 03:08.460,,0,75 09:27.889,8,0,0,0,67301,0,0,0,N,0,0,0,3,67301,0,,1,1,,N,N,,0,,0,0,0,3,2,,1415,1,2,0,0,0,1,0,3,4,0,2,3,,N,,,,,,,,,,,
2007099322,1730.0,2,0,0,0,0,0,0,0,0,2,0,,67,7,2007,4,39.9882,-75.1345,1730.0,6,0,0,0,0,0,1,0,0,,0,0,0,17,1,2,1,,0,39 59:17.480,,0,75 08:04.120,8,0,0,0,67301,0,0,0,,0,0,0,2,67301,0,,1,9,,N,N,,0,,0,0,0,3,3,,1700,2,2,0,0,0,2,0,3,4,0,2,7,,N,,,,,,,,,,,
2007099354,2100.0,1,0,0,0,0,0,0,0,0,4,0,,67,7,2007,2,40.0358,-75.1492,2057.0,6,0,0,0,0,0,1,0,0,,0,0,0,17,1,1,0,,0,40 02:08.700,,0,75 08:57.000,4,0,0,0,67301,0,0,0,N,0,0,0,3,67301,1,,1,1,,N,N,,0,,0,0,0,9,2,,1754,1,2,0,0,0,0,1,3,4,1,2,3,,N,,,,,,,,,,,
2007116401,206.0,2,0,0,0,0,0,0,0,0,1,0,,67,10,2007,4,40.0836,-75.2223,201.0,6,0,0,0,0,0,0,0,0,,0,0,0,2,3,2,2,,0,40 05:00.920,,0,75 13:20.330,4,0,0,0,67301,0,0,0,,0,0,0,3,67301,2,,1,1,,,,,0,,0,0,0,3,2,,200,2,2,0,0,0,0,1,3,4,0,2,3,,N,,,,,,,,,,,
2007116663,1212.0,1,0,0,0,0,0,0,0,0,8,0,,67,9,2007,4,39.988,-75.1693,1210.0,6,0,0,0,1,0,0,0,0,,0,0,0,12,1,1,0,,0,39 59:16.778,,0,75 10:09.447,4,0,0,0,67301,1,0,0,,1,0,0,2,67301,1,,1,1,,N,N,,0,,0,0,0,0,0,,1210,1,2,0,0,0,0,0,3,4,0,1,3,,N,,,,,,,,,,,
2007111600,913.0,0,0,0,0,0,0,0,0,0,1,0,,67,9,2007,6,,,911.0,6,1,0,0,0,0,0,0,0,,0,0,0,9,1,0,0,,0,,,0,,0,0,0,0,67301,0,0,0,,0,0,0,3,67501,0,,1,1,,,,,0,,0,0,1,3,8,,910,0,2,0,0,0,0,0,3,3,1,2,3,,N,,,,,,,,,,,
2007091912,1918.0,0,0,0,1,0,0,0,0,0,4,0,,67,7,2007,6,40.0357,-75.0843,1915.0,6,0,0,0,0,0,0,0,0,,0,0,0,19,1,1,1,,0,40 02:08.505,,0,75 05:03.483,4,0,0,0,67301,1,0,0,,0,0,0,2,67301,1,,1,1,,,,,0,,0,0,1,3,3,,1905,1,2,0,0,0,0,0,3,4,0,1,3,,N,,,,,,,,,,,
2007091928,1737.0,1,0,0,0,0,0,0,0,0,6,1,,67,7,2007,4,40.0311,-75.1815,1737.0,6,0,0,0,0,0,0,0,0,,0,1,0,17,1,1,0,,0,40 01:52.032,,0,75 10:53.446,8,0,0,0,67301,0,0,0,,0,0,0,1,67301,0,,6,9,,N,N,,0,,0,0,0,0,0,,1737,1,2,0,0,0,1,0,3,4,0,2,3,,N,,,,,,,,,,,
2007092182,312.0,1,0,0,0,0,0,0,0,0,7,0,,67,7,2007,1,40.0135,-75.1798,312.0,6,0,0,0,0,0,0,0,0,2.0,0,0,0,3,3,1,0,,1,40 00:46.000,2.0,0,75 10:50.730,3,0,0,0,67301,0,0,0,N,0,0,0,1,67301,0,,2,1,,N,N,,0,,1,0,0,0,0,N,311,1,1,0,0,0,0,0,3,4,0,1,3,,N,,,,,,,,,,,
2007091986,1129.0,0,0,0,1,0,1,0,0,0,5,0,,67,7,2007,4,39.9789,-75.1825,1125.0,6,0,0,0,0,0,0,0,0,2.0,0,0,0,11,1,1,1,,2,39 58:44.214,3.0,0,75 10:57.050,2,0,0,0,67301,1,0,1,,0,0,0,2,67301,0,,1,1,,,,,0,,0,1,1,0,0,N,1125,1,2,0,0,0,0,0,3,4,0,1,3,,N,,,,,,,,,,,
2007084639,1405.0,1,0,0,0,0,0,0,0,0,8,0,,67,3,2007,3,39.9495,-75.1659,1406.0,6,0,0,0,0,0,1,0,0,,0,0,0,99,1,1,1,,0,39 56:58.000,,0,75 09:57.108,4,0,0,0,67301,1,0,0,,1,0,0,2,67301,1,,1,1,,N,N,,0,,0,0,0,3,2,,9999,1,2,0,0,0,0,0,3,4,0,1,3,,N,,,,,,,,,,,
2007082271,1430.0,2,0,0,0,0,0,0,0,0,1,0,,67,6,2007,3,39.9266,-75.167,1409.0,6,0,0,0,0,0,0,0,0,,0,0,0,14,1,2,1,,0,39 55:35.601,,0,75 10:01.358,8,0,0,0,67301,0,0,0,,0,0,0,3,67301,0,,2,1,,,,,0,,0,0,0,0,0,,1407,2,2,0,0,0,2,1,3,4,0,2,3,,N,,,,,,,,,,,
2007082509,742.0,0,0,0,0,0,0,0,0,0,8,0,,67,5,2007,4,39.9391,-75.1664,738.0,6,0,0,0,0,0,0,0,0,,0,0,0,7,1,4,1,,0,39 56:20.000,,0,75 09:59.208,8,0,0,0,67301,4,0,0,N,4,0,0,5,67301,0,,1,1,,N,N,,0,,0,0,0,3,2,,735,4,5,0,0,0,4,0,3,4,1,1,3,,N,,,,,,,,,,,
2007081867,2030.0,0,0,0,0,0,0,0,0,0,8,0,,67,6,2007,6,39.9463,-75.1595,2030.0,6,0,0,0,0,0,0,0,0,,0,0,0,19,1,1,1,,0,39 56:46.716,,0,75 09:34.207,8,0,0,0,67301,1,0,0,,1,0,0,2,67301,0,,1,1,,,,,0,,0,0,1,3,2,,1945,1,2,0,0,0,1,0,3,4,0,1,3,,N,,,,,,,,,,,
2007057768,1832.0,1,0,0,0,0,0,0,0,0,1,0,,67,4,2007,2,39.9018,-75.1516,1830.0,6,0,0,0,0,0,0,0,0,1.0,0,0,0,18,1,2,0,,1,39 54:16.000,1.0,0,75 09:00.188,3,0,0,0,67301,2,0,0,N,0,0,0,3,67301,1,,2,1,,N,N,,1,,1,0,0,0,0,N,1830,2,2,0,0,0,0,0,3,4,0,2,3,,N,,,,,,,,,,,
2007057782,1526.0,0,0,0,0,0,0,0,0,0,4,0,,67,4,2007,7,40.0501,-75.0642,1516.0,6,0,0,0,0,0,1,0,0,,0,0,0,15,1,2,0,,0,40 03:00.373,,0,75 03:51.226,3,0,0,0,67301,0,0,0,,0,0,0,5,67301,1,,1,1,,,,,0,,1,0,2,0,0,,1510,2,2,0,0,2,0,0,3,4,0,2,3,,N,,,,,,,,,,,
2007046263,943.0,0,0,0,0,0,0,0,0,0,4,0,99.0,67,2,2007,6,39.9747,-75.1842,941.0,6,0,0,0,0,0,1,0,0,,0,0,0,9,1,2,0,,0,39 58:28.760,,0,75 11:02.993,4,0,0,0,67301,0,0,0,N,0,0,0,3,67301,2,,1,1,,N,N,,1,,0,0,0,0,0,,935,2,2,0,0,0,0,0,3,4,0,2,3,,Y,8.0,8.0,U,,,N,,,,,
2007028465,411.0,1,0,0,0,0,0,0,0,0,2,0,,67,1,2007,7,40.026,-75.122,408.0,6,0,0,0,0,0,0,0,0,,0,0,0,4,3,1,1,,0,40 01:33.000,,0,75 07:19.144,4,0,0,0,67301,0,0,0,N,0,0,0,3,67301,1,,1,9,,N,N,,0,,0,0,1,3,2,,405,1,2,0,0,0,0,0,3,4,0,2,7,,N,,,,,,,,,,,
2007027983,1630.0,2,0,0,0,0,0,0,0,0,2,0,,67,2,2007,7,40.0023,-75.2201,1619.0,6,0,0,0,0,0,0,0,0,,0,0,0,15,1,1,1,,0,40 00:08.000,,0,75 13:12.497,8,0,0,0,67301,0,0,0,N,0,0,0,2,67301,0,,1,1,,N,N,,0,,0,0,0,9,2,,1530,1,2,0,0,0,1,0,3,4,0,2,3,,N,,,,,,,,,,,
2007075951,1105.0,2,0,0,0,0,0,0,0,0,1,0,,67,7,2007,6,39.9965,-75.2366,1100.0,6,0,0,0,0,0,1,0,0,,0,0,0,11,1,1,0,,0,39 59:49.000,,0,75 14:06.647,4,0,0,0,67301,0,0,0,N,0,0,0,2,46104,1,,1,1,,N,N,,0,,0,0,0,0,0,,1100,1,2,0,0,0,0,0,3,4,0,2,3,,N,,,,,,,,,,,
2007022105,608.0,0,0,0,0,0,0,0,0,0,7,0,,67,1,2007,4,40.0234,-75.1968,605.0,6,0,0,0,0,0,0,0,0,,0,0,0,5,3,0,0,,0,40 01:24.156,,0,75 11:48.652,0,0,0,0,67301,0,0,0,Y,0,0,0,3,67301,0,,4,2,,N,N,,0,,0,0,1,9,8,,558,0,1,0,0,0,0,0,3,4,0,1,3,,N,,,,,,,,,,,
2007022146,1426.0,2,0,0,0,0,0,0,0,0,4,0,,67,1,2007,4,39.9874,-75.1521,1424.0,6,0,0,0,0,0,0,1,0,,0,0,0,14,1,2,1,,0,39 59:14.000,,0,75 09:07.529,4,0,0,0,67301,0,0,0,N,0,0,0,3,67301,2,,1,1,,N,N,,0,,0,0,0,3,3,,1422,2,2,0,0,0,0,0,3,4,0,2,3,,N,,,,,,,,,,,
2007056534,850.0,1,0,0,0,0,0,0,0,0,7,0,,67,4,2007,6,40.0749,-75.0792,845.0,6,0,0,0,1,0,0,0,0,,0,0,0,8,1,0,2,,0,40 04:29.000,,0,75 04:44.956,9,0,0,0,67301,0,0,0,N,0,0,0,1,67301,0,,2,1,,N,N,,0,,0,0,0,0,0,,840,0,2,0,0,0,0,1,3,4,0,2,3,,N,,,,,,,,,,,
2007048934,1525.0,1,0,0,0,0,0,0,0,0,8,0,,67,2,2007,5,39.9964,-75.1739,1515.0,6,0,0,0,0,0,0,0,0,,0,0,0,15,1,1,1,,0,39 59:47.000,,0,75 10:26.163,8,0,0,0,67301,1,0,0,N,1,0,0,2,67301,0,,1,1,,N,N,,0,,0,0,0,3,2,,1515,1,2,0,0,0,1,0,3,4,0,1,3,,N,,,,,,,,,,,
2007048938,1252.0,1,0,0,0,0,0,0,0,0,7,0,,67,2,2007,2,40.0536,-75.1545,1250.0,6,0,0,0,0,0,1,0,0,6.0,0,0,0,12,1,2,0,,2,40 03:12.000,7.0,0,75 09:16.208,3,0,0,0,67301,0,0,0,N,0,0,0,2,67301,0,,9,1,,N,N,,0,,2,0,0,0,0,Y,1247,2,1,0,0,0,0,0,3,4,0,1,3,,N,,,,,,,,,,,
2007048957,955.0,2,0,0,0,0,0,0,0,0,1,0,,67,3,2007,3,39.9011,-75.1528,941.0,6,0,0,0,0,0,1,0,0,1.0,0,0,0,9,1,1,0,,1,39 54:13.023,1.0,0,75 09:01.068,4,0,0,0,67301,0,0,0,N,0,0,0,2,67301,1,,1,1,,N,N,,0,,0,0,0,0,0,N,935,1,2,0,0,0,0,0,3,4,0,2,3,,N,,,,,,,,,,,
2007117242,1423.0,2,0,0,0,0,0,0,0,0,2,0,,67,10,2007,5,,,1421.0,6,0,0,0,0,0,1,0,0,2.0,0,0,0,14,1,1,0,,1,,4.0,0,,8,0,0,0,67301,0,0,0,N,0,0,0,2,67301,0,,1,1,,N,N,,0,,0,0,0,0,0,N,1415,1,2,0,0,1,1,0,3,3,0,2,3,,N,,,,,,,,,,,
2007080890,1958.0,0,0,0,0,0,0,0,0,0,6,0,,67,6,2007,1,39.9144,-75.1531,1958.0,6,0,0,0,0,0,1,0,0,,0,0,0,19,1,1,2,,0,39 54:51.000,,99,75 09:11.019,4,0,0,1,67301,0,0,0,,0,0,0,2,67301,1,,1,1,,,,,0,,0,0,0,3,2,,1958,1,2,0,0,0,0,1,3,4,1,2,3,,N,,,,,,,,,,,
2007120235,1650.0,2,0,0,0,0,0,0,0,0,2,0,,67,10,2007,3,39.9245,-75.1801,1645.0,6,0,0,0,0,0,0,0,0,,0,0,0,16,1,1,1,,0,39 55:28.146,,0,75 10:48.507,8,0,0,0,67301,0,0,0,,0,0,0,3,67301,0,,1,1,,,,,0,,0,0,0,3,3,,1640,1,2,0,0,0,1,0,3,4,0,2,3,,N,,,,,,,,,,,
2007066686,2130.0,0,0,0,0,0,0,0,0,0,8,0,,67,4,2007,1,40.0965,-74.9758,2124.0,6,0,0,0,0,0,0,0,0,,0,0,0,20,3,1,2,,0,40 05:47.000,,0,74 58:32.811,4,0,0,0,67301,1,0,0,N,1,0,0,2,67301,1,,1,1,,N,N,,0,,0,0,0,3,2,,2025,1,2,0,0,0,0,1,3,4,0,1,3,,N,,,,,,,,,,,
2007056641,1033.0,0,0,0,0,0,0,1,0,0,8,1,,67,4,2007,3,39.9575,-75.1723,1033.0,6,0,0,0,0,0,1,0,0,,0,0,0,99,1,1,0,,0,39 57:27.106,,0,75 10:20.397,8,0,0,0,67301,1,0,0,N,1,0,0,2,67301,0,,1,1,,N,N,,0,,0,0,0,0,0,,9999,1,2,0,0,0,1,0,3,4,0,1,3,,N,,,,,,,,,,,
2007056690,2217.0,0,0,0,0,0,0,0,0,0,8,0,,67,4,2007,7,40.0507,-75.0101,2215.0,6,0,0,0,0,0,0,0,0,,0,0,0,22,3,1,0,,0,40 03:02.000,,0,75 00:36.182,4,0,0,0,67301,1,0,0,N,1,0,0,2,67301,1,,1,1,,N,N,,0,,0,0,1,3,2,,2210,1,2,0,0,0,0,0,3,4,0,1,3,,N,,,,,,,,,,,
2007056864,1122.0,2,0,0,0,0,0,0,0,0,4,0,,67,4,2007,4,40.0558,-75.1589,1120.0,6,0,0,0,0,0,2,0,0,,0,0,0,11,1,0,1,,0,40 03:20.000,,0,75 09:32.008,0,0,0,0,67301,0,0,0,,0,0,0,3,67301,0,,1,1,,N,N,,0,,0,0,0,3,2,,1118,0,2,0,0,2,0,0,3,4,0,2,3,,N,,,,,,,,,,,
2007046829,1913.0,1,0,0,0,0,0,0,0,0,8,0,,67,3,2007,3,39.9872,-75.1632,1913.0,6,0,0,0,0,0,0,0,0,,0,0,0,19,3,1,2,,0,39 59:13.898,,0,75 09:47.419,4,0,0,0,67301,1,0,0,N,1,0,0,2,67301,1,,1,1,,N,N,,0,,0,0,0,3,3,,1913,1,2,0,0,0,0,0,3,4,0,1,3,,N,,,,,,,,,,,
2007056980,343.0,1,0,0,0,0,0,0,0,0,7,0,,67,3,2007,6,39.9602,-75.181,342.0,6,0,0,0,0,0,0,0,0,1.0,0,0,0,3,3,0,0,,1,39 57:36.740,4.0,2,75 10:51.500,0,0,0,0,67301,0,0,0,N,0,0,0,1,67301,0,,2,1,,N,N,,0,,0,0,0,0,0,N,342,0,1,0,0,0,0,0,3,4,0,1,3,,N,,,,,,,,,,,
2007047124,1455.0,1,0,0,0,0,0,0,0,0,4,0,,67,3,2007,1,39.9866,-75.2322,1450.0,6,0,0,0,0,0,0,0,0,,0,0,0,14,1,1,2,,0,39 59:11.918,,0,75 13:55.757,3,0,0,1,67301,0,0,0,N,0,0,0,2,67301,0,,1,1,,N,N,,0,,1,0,0,0,0,,1440,1,2,0,0,0,0,1,3,4,0,2,3,,N,,,,,,,,,,,
2007047143,1639.0,3,0,0,0,0,0,0,0,0,2,0,,67,3,2007,5,40.0256,-75.2151,1638.0,6,0,0,0,0,0,0,0,0,1.0,0,0,0,16,1,2,2,,1,40 01:32.314,5.0,0,75 12:54.521,3,0,0,0,67301,0,0,0,N,0,0,0,3,67301,0,,1,1,,N,N,,0,,2,0,1,0,0,N,1638,2,4,0,0,0,0,0,3,4,0,4,3,,N,,,,,,,,,,,
2007123267,1327.0,3,0,0,0,0,0,0,0,0,1,0,,67,10,2007,1,40.0045,-75.1949,1327.0,6,0,0,0,0,1,0,0,0,,0,0,0,13,1,1,0,,0,40 00:15.000,,0,75 11:41.201,4,0,0,0,67301,0,0,0,N,0,0,0,3,68K01,1,,1,1,,N,N,,0,,0,0,0,0,0,,1327,1,3,0,0,0,0,0,3,4,0,3,3,,N,,,,,,,,,,,
2007099361,1520.0,1,0,0,0,0,0,0,0,0,1,0,,67,7,2007,5,39.9668,-75.1342,1512.0,6,0,0,0,0,2,0,0,0,1.0,0,0,0,15,1,4,0,,1,39 57:59.000,1.0,0,75 08:04.921,4,0,0,0,67301,0,0,0,N,0,0,0,13,67301,1,,1,1,,N,N,,2,,0,0,1,0,0,N,1510,4,4,0,0,2,3,3,3,4,0,4,3,,N,,,,,,,,,,,
2007099400,108.0,0,0,0,0,0,0,0,0,0,7,0,,67,8,2007,2,39.948,-75.1413,105.0,6,0,0,0,0,0,0,0,0,2.0,0,0,0,23,3,0,2,,2,39 56:52.918,1.0,1,75 08:28.859,0,0,0,0,67301,0,0,0,N,0,0,0,1,67301,0,,5,9,,N,N,,0,,0,0,1,0,0,N,2357,0,1,0,0,0,0,0,3,4,0,1,7,,N,,,,,,,,,,,
2007099432,1140.0,2,0,0,0,0,0,0,0,0,7,0,,67,8,2007,7,40.026,-75.1085,1130.0,6,0,0,0,0,1,0,0,0,,0,0,0,11,1,1,2,,0,40 01:33.000,,0,75 06:30.907,4,0,0,0,67301,0,0,0,N,0,0,0,2,67301,1,,5,1,,N,N,,0,,0,0,0,0,0,,1108,1,2,0,0,2,0,0,3,4,0,2,3,,N,,,,,,,,,,,
2007116668,1939.0,1,0,0,1,0,0,0,0,0,4,0,,67,10,2007,7,39.9663,-75.2165,1937.0,6,0,0,0,0,0,0,0,0,,0,0,0,19,3,1,0,,0,39 57:58.859,,0,75 12:59.468,8,0,0,0,67301,1,0,0,N,0,0,0,5,67301,0,,6,1,,N,N,,0,,0,0,0,0,0,,1932,1,2,0,0,0,1,0,3,4,0,1,3,,N,,,,,,,,,,,
2007111714,2036.0,0,0,0,0,0,0,0,0,0,5,1,,67,9,2007,2,39.9639,-75.1843,2027.0,6,0,0,0,0,0,0,0,0,,0,1,0,20,2,0,3,,0,39 57:53.000,,0,75 11:06.506,9,0,0,0,67301,0,0,0,N,0,0,0,2,68K01,0,,1,1,,N,N,,0,,0,0,0,0,0,,2027,0,2,0,0,0,0,1,3,4,1,2,3,,N,,,,,,,,,,,
2007094419,1602.0,1,0,0,0,0,0,0,0,0,5,0,,67,6,2007,3,39.9939,-75.2179,1600.0,6,0,0,0,0,0,2,0,0,,0,0,0,16,1,2,0,,0,39 59:38.000,,0,75 13:04.287,3,0,0,1,67301,0,0,0,N,0,0,0,4,67301,0,,5,1,,N,N,,0,,2,0,0,0,0,,1600,2,2,0,0,0,0,0,3,4,0,2,3,,N,,,,,,,,,,,
2007092277,1530.0,1,0,0,0,0,0,0,0,0,8,0,,67,7,2007,1,39.9469,-75.2419,1515.0,6,0,0,0,0,0,0,0,0,,0,0,0,15,1,1,2,,0,39 56:48.804,,0,75 14:30.926,4,0,0,0,67301,1,0,0,,1,0,0,2,67301,1,,1,1,,N,N,,0,,0,0,0,0,0,,1514,1,2,0,0,0,0,0,3,4,0,1,3,,N,,,,,,,,,,,
2007092045,1046.0,1,0,0,0,0,0,0,0,0,0,0,,67,7,2007,5,40.0182,-75.1489,1040.0,6,0,0,0,1,0,0,0,0,,0,0,0,10,1,1,0,,0,40 01:05.000,,0,75 08:55.972,3,0,0,0,67301,0,0,0,N,0,0,0,3,67301,0,,1,1,,N,N,,0,,1,0,0,3,8,,1014,1,3,0,0,0,0,0,3,4,2,3,3,,N,,,,,,,,,,,
2007084584,1219.0,2,0,0,0,0,0,0,0,0,4,0,,67,5,2007,6,40.0076,-75.1277,1219.0,6,0,0,0,0,1,0,0,0,,0,0,0,99,1,2,0,,0,40 00:27.000,,0,75 07:39.628,4,0,0,0,67301,0,0,0,N,0,0,0,4,67301,2,,2,1,,N,N,,0,,0,0,0,0,0,,9999,2,2,0,0,0,0,0,3,4,0,2,3,,N,,,,,,,,,,,
2007084593,9999.0,1,0,0,0,0,0,0,0,0,4,0,,67,6,2007,6,40.0614,-75.0839,9999.0,6,0,0,0,0,0,0,0,0,9.0,0,0,0,23,3,2,1,,1,40 03:41.000,1.0,0,75 05:01.883,2,0,1,1,67301,0,0,0,N,0,0,0,3,67301,1,,1,1,,N,N,,0,,0,1,0,3,2,N,2348,2,2,0,0,0,0,0,3,4,0,2,3,,N,,,,,,,,,,,
2007080037,2000.0,2,0,0,0,0,0,0,0,0,1,0,,67,6,2007,1,39.9927,-75.1862,1948.0,6,0,0,0,0,0,1,0,0,,0,0,0,7,1,1,2,,0,39 59:33.000,,0,75 11:10.157,8,0,0,0,67301,0,0,0,N,0,0,0,4,67301,0,,1,1,,N,N,,0,,0,0,0,0,0,,750,1,2,0,0,0,1,0,3,4,0,2,3,,N,,,,,,,,,,,
2007082207,22.0,3,0,0,0,0,0,0,0,0,1,0,,67,5,2007,4,39.989,-75.187,15.0,6,0,0,0,0,0,0,0,0,2.0,0,0,0,99,3,1,0,,1,39 59:20.400,1.0,0,75 11:13.200,8,0,0,0,67301,0,0,0,N,0,0,0,1,67301,0,,6,1,,N,N,,0,,0,0,0,0,0,Y,9999,1,3,0,0,0,1,0,3,4,0,3,3,,N,,,,,,,,,,,
2007082507,1553.0,1,0,0,1,0,0,0,0,0,2,0,,67,6,2007,7,39.9543,-75.224,1550.0,6,0,0,0,0,0,1,0,0,,0,0,0,15,1,1,1,,0,39 57:15.642,,0,75 13:26.511,4,0,0,0,67301,1,0,0,N,0,0,0,2,67301,1,,1,1,,N,N,,0,,0,0,0,3,2,,1540,1,2,0,0,0,0,0,3,4,0,1,3,,N,,,,,,,,,,,
2007082573,555.0,1,0,0,0,0,0,0,0,0,8,0,,67,5,2007,7,39.9446,-75.2337,548.0,6,0,0,0,0,0,0,0,0,,0,0,0,99,1,1,2,,0,39 56:40.549,,0,75 14:01.478,8,0,0,0,67301,1,0,0,N,1,0,0,3,67301,0,,1,1,,N,N,,0,,0,0,0,9,3,,9999,1,2,0,0,0,1,0,3,4,0,1,3,,N,,,,,,,,,,,
2007080198,1000.0,0,0,0,0,0,0,0,0,0,8,0,,67,6,2007,1,39.9612,-75.1466,955.0,6,0,0,0,0,0,1,0,0,,0,1,0,9,1,1,1,,0,39 57:40.000,,0,75 08:47.742,4,0,0,0,67301,1,0,0,N,1,0,0,2,67301,1,,1,1,,N,N,,0,,0,0,0,3,2,,950,1,2,0,0,0,0,0,3,4,0,1,3,,N,,,,,,,,,,,
2007082157,1322.0,2,0,0,0,0,0,0,0,0,1,0,,67,7,2007,6,39.9765,-75.1966,1309.0,6,0,0,0,0,0,1,1,0,,0,0,0,13,1,0,0,,0,39 58:36.000,,0,75 11:52.492,0,0,0,0,67301,0,0,0,N,0,0,0,2,68K01,0,,1,1,,N,N,,0,,0,0,0,0,0,,1307,0,2,0,0,0,0,0,3,4,0,2,3,,N,,,,,,,,,,,
2007057985,1900.0,1,0,0,0,0,0,0,0,0,8,0,,67,3,2007,6,40.03,-75.1533,1600.0,6,0,0,0,0,0,0,0,0,,0,0,0,16,1,1,0,,0,40 01:47.826,,0,75 09:11.728,4,0,0,0,67301,1,0,0,N,1,0,0,2,67301,1,,1,9,,N,N,,0,,0,0,0,0,0,,1600,1,2,0,0,0,0,0,3,4,0,1,3,,N,,,,,,,,,,,
2007058142,53.0,1,0,0,0,0,0,0,0,0,7,0,,67,4,2007,1,39.8989,-75.1935,49.0,6,0,0,0,0,0,0,0,0,1.0,0,0,0,0,3,0,0,,1,39 53:55.975,2.0,0,75 11:36.618,0,0,0,0,67301,0,0,0,N,0,0,0,1,67301,0,,2,1,,N,N,,0,,0,0,0,0,0,N,47,0,1,0,0,0,0,0,3,4,0,1,3,,N,,,,,,,,,,,
2007058154,2330.0,1,0,0,0,0,0,0,0,0,1,0,,67,4,2007,6,39.9379,-75.1667,2327.0,6,0,0,0,0,0,0,1,0,,0,0,0,99,3,2,1,,0,39 56:16.000,,0,75 10:00.162,4,0,0,0,67301,0,0,0,N,0,0,0,3,67301,2,,1,1,,N,N,,0,,0,0,1,3,2,,9999,2,2,0,0,3,0,0,3,4,0,2,3,,N,,,,,,,,,,,
2007058016,817.0,1,0,0,0,0,0,0,0,0,8,0,,67,3,2007,5,39.9617,-75.1365,815.0,6,0,0,0,0,0,1,0,0,,0,0,0,8,1,1,2,,0,39 57:41.000,,0,75 08:11.675,4,0,0,0,67301,1,0,0,,1,0,0,2,67301,1,,1,1,,N,N,,0,,0,0,0,9,1,,813,1,2,0,0,0,0,0,3,4,0,1,3,,N,,,,,,,,,,,