CRN,ARRIVAL_TM,AUTOMOBILE_COUNT,BELTED_DEATH_COUNT,BELTED_SUSP_SERIOUS_INJ_COUNT,BICYCLE_COUNT,BICYCLE_DEATH_COUNT,BICYCLE_SUSP_SERIOUS_INJ_COUNT,BUS_COUNT,CHLDPAS_DEATH_COUNT,CHLDPAS_SUSP_SERIOUS_INJ_COUNT,COLLISION_TYPE,COMM_VEH_COUNT,CONS_ZONE_SPD_LIM,COUNTY,CRASH_MONTH,CRASH_YEAR,DAY_OF_WEEK,DEC_LAT,DEC_LONG,DISPATCH_TM,DISTRICT,DRIVER_COUNT_16YR,DRIVER_COUNT_17YR,DRIVER_COUNT_18YR,DRIVER_COUNT_19YR,DRIVER_COUNT_20YR,DRIVER_COUNT_50_64YR,DRIVER_COUNT_65_74YR,DRIVER_COUNT_75PLUS,EST_HRS_CLOSED,FATAL_COUNT,HEAVY_TRUCK_COUNT,HORSE_BUGGY_COUNT,HOUR_OF_DAY,ILLUMINATION,INJURY_COUNT,INTERSECT_TYPE,INTERSECTION_RELATED,LANE_CLOSED,LATITUDE,LN_CLOSE_DIR,LOCATION_TYPE,LONGITUDE,MAX_SEVERITY_LEVEL,MCYCLE_DEATH_COUNT,MCYCLE_SUSP_SERIOUS_INJ_COUNT,MOTORCYCLE_COUNT,MUNICIPALITY,NONMOTR_COUNT,NONMOTR_DEATH_COUNT,NONMOTR_SUSP_SERIOUS_INJ_COUNT,NTFY_HIWY_MAINT,PED_COUNT,PED_DEATH_COUNT,PED_SUSP_SERIOUS_INJ_COUNT,PERSON_COUNT,POLICE_AGCY,POSSIBLE_INJ_COUNT,RDWY_SURF_TYPE_CD,RELATION_TO_ROAD,ROAD_CONDITION,ROADWAY_CLEARED,SCH_BUS_IND,SCH_ZONE_IND,SECONDARY_CRASH,SMALL_TRUCK_COUNT,SPEC_JURIS_CD,SUSP_MINOR_INJ_COUNT,SUSP_SERIOUS_INJ_COUNT,SUV_COUNT,TCD_FUNC_CD,TCD_TYPE,TFC_DETOUR_IND,TIME_OF_DAY,TOT_INJ_COUNT,TOTAL_UNITS,UNB_DEATH_COUNT,UNB_SUSP_SERIOUS_INJ_COUNT,UNBELTED_OCC_COUNT,UNK_INJ_DEG_COUNT,UNK_INJ_PER_COUNT,URBAN_AREA,URBAN_RURAL,VAN_COUNT,VEHICLE_COUNT,WEATHER1,WEATHER2,WORK_ZONE_IND,WORK_ZONE_LOC,WORK_ZONE_TYPE,WORKERS_PRES,WZ_CLOSE_DETOUR,WZ_FLAGGER,WZ_LAW_OFFCR_IND,WZ_LN_CLOSURE,WZ_MOVING,WZ_OTHER,WZ_SHLDER_MDN,WZ_WORKERS_INJ_KILLED
2007058018,2245.0,2,0,0,0,0,0,0,0,0,4,0,,67,4,2007,6,39.9247,-75.1499,2240.0,6,0,0,1,0,0,0,0,0,,0,0,0,22,3,3,1,,0,39 55:29.028,,0,75 08:59.737,8,0,0,0,67301,0,0,0,,0,0,0,7,67301,0,,1,1,,,,,0,,0,0,0,3,3,,2235,3,2,0,0,0,3,0,3,4,0,2,3,,N,,,,,,,,,,,
2007046287,1520.0,2,0,0,0,0,0,0,0,0,4,0,,67,2,2007,1,40.0308,-75.2268,1517.0,6,0,0,0,0,0,1,0,0,,0,0,0,99,1,0,1,,0,40 01:50.930,,0,75 13:36.350,0,0,0,0,67301,0,0,0,N,0,0,0,2,67301,0,,1,7,,N,N,,0,,0,0,0,0,0,,9999,0,2,0,0,2,0,0,3,4,0,2,3,,N,,,,,,,,,,,
2007065845,1111.0,1,0,0,0,0,0,0,0,0,7,0,,67,6,2007,3,39.9819,-75.2655,1109.0,6,0,0,0,0,0,1,0,0,,0,0,0,11,1,1,2,,0,39 58:54.000,,0,75 15:55.919,3,0,0,0,67301,1,0,0,N,1,0,0,2,46104,0,,2,1,,N,N,,0,,1,0,0,0,0,,1107,1,2,0,0,0,0,0,3,4,0,1,3,,N,,,,,,,,,,,
2007065859,2050.0,0,0,0,0,0,0,0,0,0,8,0,,67,4,2007,6,40.0123,-75.1358,2048.0,6,0,0,0,0,0,0,1,0,1.0,0,0,0,20,3,1,0,,2,40 00:44.272,2.0,0,75 08:08.869,8,0,0,0,67301,1,0,0,N,1,0,0,2,67301,0,,1,1,,N,N,,0,,0,0,0,0,0,N,2048,1,2,0,0,1,1,0,3,4,1,1,3,,N,,,,,,,,,,,
2007048895,624.0,0,0,0,0,0,0,0,0,0,7,0,,67,2,2007,4,39.8992,-75.1751,615.0,6,0,0,0,0,0,1,0,0,1.0,0,0,0,6,3,0,0,,2,39 53:55.906,2.0,0,75 10:19.775,0,0,0,0,67301,0,0,0,N,0,0,0,1,67301,0,,2,2,,N,N,,1,,0,0,0,0,0,N,613,0,1,0,0,0,0,0,3,4,0,1,98,,N,,,,,,,,,,,
2007048966,829.0,1,0,0,0,0,0,0,0,0,4,0,,67,2,2007,1,39.9268,-75.145,826.0,6,0,0,0,1,0,1,0,0,,0,0,0,8,1,0,1,,0,39 55:36.840,,0,75 08:42.000,0,0,0,0,67301,0,0,0,N,0,0,0,3,67301,0,,1,1,,N,N,,1,,0,0,0,3,2,,823,0,2,0,0,0,0,0,3,4,0,2,3,,N,,,,,,,,,,,
2007046704,1755.0,1,0,0,0,0,0,0,0,0,1,0,,67,2,2007,4,39.9758,-75.1159,1750.0,6,0,0,0,0,0,0,0,0,,0,0,0,17,3,2,6,,0,39 58:31.440,,2,75 06:59.760,4,0,0,0,67301,0,0,0,N,0,0,0,3,67301,2,,1,1,,N,N,,1,,0,0,0,0,0,,1750,2,2,0,0,0,0,1,3,4,0,2,3,,N,,,,,,,,,,,
2007080868,1205.0,0,0,0,0,0,0,0,0,0,4,0,,67,5,2007,7,39.9387,-75.1595,1200.0,6,1,0,0,0,0,0,0,0,,1,0,0,11,1,0,0,,0,39 56:19.467,,0,75 09:34.329,1,1,0,1,67301,0,0,0,N,0,0,0,1,67301,0,2.0,6,1,,N,N,,1,0.0,0,0,0,0,0,,1157,0,2,0,0,0,0,0,3,4,0,2,3,,N,,,,,,,,,,,
2007080983,1643.0,1,0,0,0,0,0,0,0,0,8,0,,67,4,2007,2,39.9929,-75.1203,1642.0,6,0,0,0,0,0,0,0,0,,0,0,0,16,1,1,0,,0,39 59:34.572,,0,75 07:13.009,8,0,0,0,67301,1,0,0,N,1,0,0,3,67301,0,,1,1,,N,N,,0,,0,0,0,0,0,,1640,1,2,0,0,0,1,1,3,4,0,1,3,,N,,,,,,,,,,,
2007080931,1926.0,1,0,0,0,0,0,0,0,0,4,0,,67,3,2007,4,39.9885,-75.1063,1926.0,6,0,0,0,0,0,0,0,0,,0,0,0,19,1,3,1,,0,39 59:18.000,,0,75 06:22.881,2,0,0,0,67301,0,0,0,N,0,0,0,4,67301,1,,1,1,,N,N,,0,,0,1,0,3,2,,1926,3,2,0,1,2,1,0,3,4,1,2,3,,N,,,,,,,,,,,
2007081073,205.0,0,0,0,0,0,0,0,0,0,8,0,,67,5,2007,1,40.0119,-75.0977,203.0,6,0,0,0,0,0,0,0,0,,0,0,0,23,3,1,1,,0,40 00:42.859,,0,75 05:51.842,4,0,0,0,67301,1,0,0,N,1,0,0,2,67301,1,,1,9,,N,N,,0,,0,0,1,0,0,,2330,1,2,0,0,0,0,0,3,4,0,1,7,,N,,,,,,,,,,,
2007120193,950.0,1,0,0,0,0,0,0,0,0,8,0,,67,9,2007,7,39.9899,-75.1421,948.0,6,0,0,0,0,0,0,0,0,,0,0,0,9,1,1,0,,0,39 59:23.812,,0,75 08:31.455,2,0,0,0,67301,1,0,1,N,1,0,1,2,67301,0,,1,1,,N,N,,0,,0,1,0,0,0,,945,1,2,0,0,0,0,0,3,4,0,1,3,,N,,,,,,,,,,,
2007081079,1931.0,1,0,0,0,0,0,0,0,0,1,0,,67,5,2007,4,40.0666,-75.1964,1930.0,6,0,0,0,0,0,0,0,0,,0,0,0,19,1,1,1,,0,40 03:59.000,,0,75 11:46.819,4,0,0,1,67301,0,0,0,,0,0,0,2,67301,1,,1,1,,N,N,,0,,0,0,0,3,2,,1930,1,2,0,0,0,0,0,3,4,0,2,3,,N,,,,,,,,,,,
2007081116,736.0,1,0,0,0,0,0,0,0,0,8,0,,67,5,2007,2,40.0358,-75.0777,727.0,6,0,0,0,0,0,1,0,0,,0,0,0,7,1,1,1,,0,40 02:08.995,,0,75 04:39.601,8,0,0,0,67301,1,0,0,N,1,0,0,2,67301,0,,1,1,,N,N,,0,,0,0,0,3,2,,725,1,2,0,0,0,1,0,3,4,0,1,3,,N,,,,,,,,,,,
2007066663,1130.0,2,0,0,0,0,0,0,0,0,5,0,,67,5,2007,6,39.9561,-75.1616,1120.0,6,0,0,0,0,0,0,0,0,,0,0,0,11,1,1,1,,0,39 57:21.952,,0,75 09:41.903,4,0,0,0,67301,0,0,0,N,0,0,0,2,67301,1,,1,1,,N,N,,0,,0,0,0,0,0,,1105,1,2,0,0,1,0,0,3,4,0,2,3,,N,,,,,,,,,,,
2007056684,537.0,0,0,0,0,0,0,0,0,0,7,0,,67,4,2007,5,39.9915,-75.0863,537.0,6,0,0,0,0,0,0,0,0,1.0,0,0,0,5,3,0,0,,2,39 59:28.000,2.0,0,75 05:10.894,0,0,0,0,67301,0,0,0,Y,0,0,0,2,67301,0,,2,9,,N,N,,1,,0,0,0,0,0,N,535,0,1,0,0,0,0,0,3,4,0,1,7,,N,,,,,,,,,,,
2007056851,2300.0,2,0,0,0,0,0,0,0,0,1,0,,67,4,2007,4,40.0568,-75.1607,2257.0,6,0,0,0,0,0,0,0,0,,0,0,0,22,3,1,2,,0,40 03:24.000,,0,75 09:38.521,4,0,0,0,67301,0,0,0,N,0,0,0,2,67301,1,,1,1,,N,N,,0,,0,0,0,3,2,,2245,1,2,0,0,0,0,1,3,4,0,2,3,,N,,,,,,,,,,,
2007056858,2115.0,2,0,0,0,0,0,0,0,0,1,0,,67,3,2007,7,40.0707,-75.1574,2100.0,6,0,0,0,0,0,0,0,0,,0,0,0,19,3,1,1,,0,40 04:14.685,,0,75 09:26.643,8,0,0,0,67301,1,0,0,,0,0,0,3,67301,0,,1,9,,N,N,,0,,0,0,1,3,2,,1950,1,3,0,0,0,1,0,3,4,0,3,7,,N,,,,,,,,,,,
2007056876,1650.0,0,0,0,0,0,0,0,0,0,8,0,,67,3,2007,7,39.9902,-75.1743,1645.0,6,0,0,0,0,0,0,0,0,,0,0,0,16,1,1,0,,0,39 59:24.893,,0,75 10:27.417,8,0,0,0,67301,1,0,0,N,1,0,0,2,67301,0,,1,1,,N,N,,1,,0,0,0,0,0,,1630,1,2,0,0,0,1,0,3,4,0,1,3,,N,,,,,,,,,,,
2007047021,2254.0,1,0,0,0,0,0,0,0,0,7,0,,67,2,2007,3,39.9281,-75.1463,2254.0,6,0,0,0,0,0,0,0,0,,0,0,0,22,3,0,0,,0,39 55:41.236,,0,75 08:46.774,0,0,0,0,67301,0,0,0,N,0,0,0,1,67301,0,,3,2,,N,N,,0,,0,0,0,0,0,,2250,0,1,0,0,0,0,0,3,4,0,1,10,,N,,,,,,,,,,,
2007047041,2035.0,2,0,0,0,0,0,0,0,0,4,0,,67,3,2007,3,39.9456,-75.1733,2033.0,6,0,0,0,0,0,1,0,0,,0,0,0,20,3,1,1,,0,39 56:44.329,,0,75 10:23.764,8,0,0,0,67301,0,0,0,N,0,0,0,4,67301,0,,1,1,,N,N,,0,,0,0,0,3,2,,2030,1,2,0,0,0,1,0,3,4,0,2,3,,N,,,,,,,,,,,
2007102301,1346.0,1,0,0,0,0,0,0,0,0,1,0,,67,7,2007,3,40.0309,-75.0858,1345.0,6,0,0,0,0,0,1,0,0,,0,0,0,13,1,2,8,,0,40 01:51.000,,6,75 05:08.199,4,0,0,0,67301,0,0,0,N,0,0,0,3,67301,2,,1,1,,N,N,,0,,0,0,1,0,0,,1325,2,2,0,0,0,0,0,3,4,0,2,3,,N,,,,,,,,,,,
2007109124,1030.0,2,0,0,0,0,0,0,0,0,1,0,,67,8,2007,4,40.0067,-75.1193,1029.0,6,0,0,0,0,0,0,0,0,,0,0,0,10,1,1,1,,0,40 00:24.000,,0,75 07:09.477,4,0,0,0,67301,0,0,0,N,0,0,0,4,67301,1,,1,1,,N,N,,0,,0,0,0,3,2,,1029,1,2,0,0,0,0,0,3,4,0,2,3,,N,,,,,,,,,,,
2007092054,2040.0,0,0,0,1,0,0,0,0,0,2,0,,67,8,2007,3,39.9764,-75.1228,2030.0,6,0,0,0,0,0,0,0,0,,0,0,0,20,3,1,0,,0,39 58:35.202,,0,75 07:22.137,4,0,0,0,67301,1,0,0,N,0,0,0,2,67301,1,,1,1,,N,N,,1,,0,0,0,0,0,,2030,1,2,0,0,1,0,0,3,4,0,1,3,,N,,,,,,,,,,,
2007092060,1730.0,2,0,0,0,0,0,0,0,0,4,0,,67,7,2007,1,39.9986,-75.1303,1701.0,6,0,0,0,0,0,1,0,0,,0,0,0,17,1,2,1,,0,39 59:55.000,,0,75 07:48.983,8,0,0,0,67301,0,0,0,N,0,0,0,2,67301,0,,1,1,,N,N,,0,,0,0,2,9,3,,1701,2,4,0,0,0,2,0,3,4,0,4,3,,N,,,,,,,,,,,
2007091886,2150.0,0,0,0,0,0,0,0,0,0,8,0,,67,7,2007,7,40.0404,-75.0764,2148.0,6,0,0,0,0,0,0,0,0,,0,0,0,21,3,1,0,,0,40 02:25.000,,0,75 04:35.170,4,0,0,0,67301,1,0,0,N,1,0,0,2,67301,1,,1,1,,N,N,,0,,0,0,1,0,0,,2146,1,2,0,0,0,0,1,3,4,0,1,3,,N,,,,,,,,,,,
2007082411,934.0,0,0,0,0,0,0,0,0,0,2,0,,67,5,2007,5,39.9896,-75.1572,934.0,6,0,0,0,0,0,1,0,0,,0,0,0,9,1,1,0,,0,39 59:22.664,,0,75 09:26.049,8,0,0,0,67301,0,0,0,N,0,0,0,2,67301,0,,1,1,,N,N,,0,,0,0,2,3,2,,932,1,2,0,0,0,1,0,3,4,0,2,3,,N,,,,,,,,,,,
2007084629,8.0,1,0,0,0,0,0,0,0,0,1,0,,67,5,2007,7,40.0287,-75.2055,2.0,6,0,0,0,0,0,1,0,0,,0,0,0,23,3,1,1,,0,40 01:43.000,,0,75 12:20.348,4,0,0,0,67301,0,0,0,N,0,0,0,2,67301,1,,1,9,,N,N,,1,,0,0,0,3,2,,2335,1,2,0,0,0,0,1,3,4,0,2,7,,N,,,,,,,,,,,
2007080018,2057.0,0,0,0,0,0,0,0,0,0,8,0,,67,6,2007,6,39.9289,-75.1559,2054.0,6,0,0,0,0,0,0,0,0,,0,0,0,20,2,1,0,,0,39 55:43.917,,0,75 09:21.369,4,0,0,0,67301,1,0,0,N,1,0,0,2,67301,1,,1,1,,N,N,,0,,0,0,0,0,0,,2045,1,2,0,0,0,0,1,3,4,1,1,3,,N,,,,,,,,,,,
2007082262,413.0,3,0,0,0,0,0,0,0,0,5,0,,67,5,2007,3,39.9405,-75.2104,9999.0,6,0,0,0,0,0,0,0,0,,0,0,0,3,3,0,0,,0,39 56:25.944,,0,75 12:37.587,0,0,0,0,67301,0,0,0,N,0,0,0,1,67301,0,,6,1,,N,N,,0,,0,0,0,0,0,,309,0,3,0,0,0,0,0,3,4,0,3,3,,N,,,,,,,,,,,
2007058007,1715.0,1,0,0,0,0,0,0,0,0,8,0,,67,4,2007,1,40.012,-75.1079,1710.0,6,0,0,0,0,0,0,0,0,,0,0,0,17,1,1,0,,0,40 00:43.293,,0,75 06:28.476,3,0,0,0,67301,1,0,0,,1,0,0,2,67301,0,,1,1,,N,N,,0,,1,0,0,0,0,,1710,1,2,0,0,0,0,0,3,4,0,1,3,,N,,,,,,,,,,,
2007046311,1625.0,0,0,0,0,0,0,0,0,0,4,0,,67,2,2007,2,40.0492,-75.2004,1615.0,6,0,0,0,0,0,1,0,0,,0,0,0,15,1,3,1,,0,40 02:57.292,,0,75 12:01.346,4,0,0,0,67301,0,0,0,N,0,0,0,4,67301,2,,1,1,,N,N,,0,,0,0,1,3,3,,1550,3,2,0,0,0,1,1,3,4,1,2,3,,N,,,,,,,,,,,
2007028459,519.0,1,0,0,0,0,0,0,0,0,7,0,,67,1,2007,5,40.0096,-75.1803,519.0,6,0,0,0,0,0,0,0,0,,0,0,0,5,3,1,2,,0,40 00:34.000,,0,75 10:49.506,8,0,0,0,67301,0,0,0,N,0,0,0,2,67301,0,,4,1,,N,N,,0,,0,0,0,3,2,,516,1,1,0,0,0,1,0,3,4,0,1,3,,N,,,,,,,,,,,
2007048876,1340.0,1,0,0,0,0,0,0,0,0,8,0,,67,3,2007,2,39.9504,-75.1926,1336.0,6,0,0,0,0,0,0,0,0,,0,0,0,13,1,1,0,,0,39 57:01.371,,0,75 11:33.396,8,0,0,0,67301,1,0,0,N,1,0,0,2,67504,0,,1,1,,N,N,,0,,0,0,0,0,0,,1336,1,2,0,0,0,1,0,3,4,0,1,3,,N,,,,,,,,,,,
2007056547,1311.0,1,0,0,0,0,0,0,0,0,4,0,,67,4,2007,4,40.0707,-75.2412,1309.0,6,0,0,1,0,0,0,0,0,,0,0,0,13,1,1,1,,0,40 04:15.000,,0,75 14:28.628,4,0,0,0,67301,0,0,0,N,0,0,0,2,67301,1,,1,1,,N,N,,1,,0,0,0,3,2,,1305,1,2,0,0,0,0,0,3,4,0,2,99,,N,,,,,,,,,,,
2007048894,2016.0,1,0,0,0,0,0,0,0,0,1,0,,67,2,2007,4,40.0099,-75.1863,2012.0,6,0,0,0,0,0,0,0,0,,0,0,0,20,3,1,0,,0,40 00:35.000,,0,75 11:10.598,4,0,0,0,67301,0,0,0,N,0,0,0,2,67301,1,,1,1,,N,N,,0,,0,0,1,0,0,,2008,1,2,0,0,0,0,1,3,4,0,2,3,,N,,,,,,,,,,,
2007048899,2005.0,2,0,0,0,0,0,0,0,0,1,0,,67,2,2007,3,40.0281,-75.1082,2000.0,6,0,0,0,0,0,0,0,0,,0,0,0,20,3,1,0,,0,40 01:41.308,,0,75 06:29.695,4,0,0,0,67301,0,0,0,N,0,0,0,1,67301,1,,1,1,,N,N,,0,,0,0,0,0,0,,2000,1,2,0,0,0,0,0,3,4,0,2,3,,N,,,,,,,,,,,
2007048909,1106.0,1,0,0,0,0,0,0,0,0,8,0,,67,3,2007,2,39.954,-75.1595,1105.0,6,0,0,0,0,0,1,0,0,,0,0,0,11,1,1,1,,0,39 57:14.230,,0,75 09:34.171,4,0,0,0,67301,1,0,0,N,1,0,0,2,67301,1,,1,1,,,N,,0,,0,0,0,3,2,,1100,1,2,0,0,0,0,0,3,4,0,1,3,,N,,,,,,,,,,,
2007048955,1230.0,2,0,0,0,0,0,0,0,0,1,1,,67,2,2007,4,39.8901,-75.2213,1218.0,6,0,0,1,0,0,0,0,0,2.0,0,1,0,12,1,1,0,,1,39 53:20.598,1.0,0,75 13:08.726,3,0,0,0,67301,0,0,0,N,0,0,0,2,67301,0,,1,1,,N,N,,0,,1,0,0,0,0,N,1210,1,3,0,0,0,0,0,3,4,0,3,3,,N,,,,,,,,,,,
2007049003,440.0,1,0,0,0,0,0,0,0,0,4,0,,67,2,2007,2,40.0403,-75.0585,433.0,6,0,0,0,0,0,0,0,0,1.0,0,0,0,4,3,1,1,,1,40 02:25.000,1.0,0,75 03:30.735,4,0,0,0,67301,0,0,0,N,0,0,0,2,67301,1,,1,9,,N,N,,1,,0,0,0,3,2,N,430,1,2,0,0,0,0,0,3,4,0,2,7,,N,,,,,,,,,,,
2007049067,1620.0,1,0,0,0,0,0,0,0,0,5,0,,67,2,2007,1,40.0308,-75.1665,1607.0,6,0,0,0,0,0,0,0,0,,0,0,0,16,1,2,0,,0,40 01:50.984,,0,75 09:59.541,4,0,0,0,67301,0,0,0,N,0,0,0,3,67301,2,,1,7,,N,N,,0,,0,0,1,0,0,,1600,2,2,0,0,0,0,0,3,4,0,2,10,,N,,,,,,,,,,,
2007046821,1710.0,0,0,0,0,0,0,0,0,0,7,0,,67,3,2007,2,39.9119,-75.1728,1700.0,6,0,0,0,0,0,0,0,0,,0,0,0,17,1,1,1,,0,39 54:42.000,,0,75 10:21.917,8,0,0,0,67301,0,0,0,N,0,0,0,1,67301,0,,5,1,,N,N,,1,,0,0,0,2,2,,1700,1,1,0,0,0,1,0,3,4,0,1,3,,N,,,,,,,,,,,
2007117256,9999.0,1,0,0,0,0,0,0,0,0,6,0,,67,10,2007,5,40.0197,-75.1748,9999.0,6,0,0,0,0,0,0,0,0,,0,0,0,99,1,1,0,,0,40 01:11.000,,0,75 10:29.714,4,0,0,0,67301,0,0,0,N,0,0,0,2,67301,1,,1,1,,N,N,,1,,0,0,0,0,0,,9999,1,2,0,0,0,0,1,3,4,0,2,3,,N,,,,,,,,,,,
2007083334,1120.0,2,0,0,0,0,0,0,0,0,1,0,,67,6,2007,2,39.8974,-75.2127,1116.0,6,0,0,0,0,0,0,1,0,1.0,0,0,0,99,1,1,0,,2,39 53:50.544,4.0,0,75 12:45.417,8,0,0,0,67301,0,0,0,N,0,0,0,5,67301,0,,1,1,,N,N,,0,,0,0,1,0,0,N,9999,1,3,0,0,0,1,0,3,4,0,3,3,,N,,,,,,,,,,,
2007120065,1035.0,2,0,0,0,0,0,0,0,0,4,0,,67,10,2007,3,40.0214,-75.1486,1019.0,6,0,0,0,1,0,0,0,0,,0,0,0,10,1,0,1,,0,40 01:17.000,,0,75 08:54.907,0,0,0,0,67301,0,0,0,N,0,0,0,2,67301,0,,1,1,,N,N,,0,,0,0,0,3,2,,1010,0,2,0,0,0,0,0,3,4,0,2,3,,N,,,,,,,,,,,
2007080908,2354.0,2,0,0,0,0,0,0,0,0,4,0,,67,4,2007,1,39.9308,-75.1613,2353.0,6,0,0,0,0,1,0,0,0,,0,0,0,23,3,0,2,,0,39 55:50.923,,0,75 09:40.532,0,0,0,0,67301,0,0,0,N,0,0,0,2,67301,0,,1,9,,N,N,,0,,0,0,0,3,3,,2353,0,2,0,0,2,0,0,3,4,0,2,7,,N,,,,,,,,,,,
2007081127,1713.0,3,0,0,0,0,0,0,0,0,6,0,,67,5,2007,5,40.0672,-75.028,1713.0,6,0,0,0,0,0,0,0,0,9.0,0,0,0,16,1,1,0,,2,40 04:01.000,3.0,0,75 01:40.943,4,0,0,0,67301,0,0,0,N,0,0,0,3,67301,1,,1,1,,N,N,,0,,0,0,0,0,0,N,1636,1,3,0,0,1,0,0,3,4,0,3,3,,N,,,,,,,,,,,
2007120200,2227.0,2,0,0,0,0,0,0,0,0,1,0,,67,10,2007,6,39.9601,-75.1734,2226.0,6,0,0,0,0,0,0,0,0,,0,0,0,21,4,1,1,,0,39 57:37.000,,0,75 10:25.443,4,0,0,0,67301,0,0,0,N,0,0,0,3,67301,1,,1,1,,N,N,,0,,0,0,0,3,2,,2150,1,2,0,0,0,0,1,3,4,0,2,3,,N,,,,,,,,,,,
2007066381,940.0,1,0,0,0,0,0,0,0,0,2,1,,67,5,2007,6,40.0043,-75.0672,935.0,6,0,0,0,0,0,0,0,0,,0,1,0,9,1,1,2,,0,40 00:14.000,,0,75 04:01.494,3,0,0,0,67301,0,0,0,,0,0,0,2,67301,0,,1,1,,,,,0,,1,0,0,0,0,,935,1,2,0,0,0,0,0,3,4,0,2,3,,N,,,,,,,,,,,
2007066443,705.0,1,0,0,0,0,0,0,0,0,4,0,,67,5,2007,6,39.926,-75.1822,703.0,6,0,0,0,0,0,0,0,0,,0,0,0,7,1,1,0,,0,39 55:33.438,,0,75 10:55.019,8,0,0,1,67301,0,0,0,N,0,0,0,1,67301,0,,6,98,,N,N,,0,,0,0,0,3,2,,700,1,2,0,0,0,1,0,3,4,0,2,7,,N,,,,,,,,,,,
2007066464,1547.0,1,0,0,0,0,0,0,0,0,8,0,,67,4,2007,3,40.0436,-75.1527,1545.0,6,0,0,0,0,0,0,0,0,,0,0,0,99,1,1,0,,0,40 02:37.118,,0,75 09:09.705,4,0,0,0,67301,1,0,0,N,1,0,0,3,67301,1,,1,1,,N,N,,0,,0,0,0,0,0,,9999,1,2,0,0,2,0,0,3,4,0,1,3,,N,,,,,,,,,,,
2007116262,210.0,1,0,0,0,0,0,0,0,0,1,0,,67,10,2007,7,40.0578,-75.0087,207.0,6,0,0,0,0,0,1,0,0,,0,0,0,2,3,1,1,,0,40 03:28.000,,0,75 00:31.473,8,0,0,0,67301,0,0,0,,0,0,0,3,67301,0,,1,1,,,,,1,,0,0,1,3,2,,207,1,3,0,0,0,1,0,3,4,0,3,3,,N,,,,,,,,,,,
2007080176,155.0,1,0,0,0,0,0,0,0,0,7,0,,67,6,2007,6,40.0271,-75.2092,150.0,6,0,0,0,0,0,0,0,0,,0,0,0,1,3,0,0,,0,40 01:37.000,,0,75 12:33.174,0,0,0,0,67301,0,0,0,N,0,0,0,1,67301,0,,2,1,,N,N,,0,,0,0,0,0,0,,150,0,1,0,0,0,0,0,3,4,0,1,3,,N,,,,,,,,,,,
2007119345,1210.0,2,0,0,0,0,0,0,0,0,4,0,,67,10,2007,7,40.0948,-75.0153,1210.0,6,0,0,0,0,0,0,0,0,,0,0,0,12,1,1,1,,0,40 05:41.000,,0,75 00:54.958,8,0,0,0,67301,0,0,0,N,0,0,0,2,67301,0,,1,1,,N,N,,0,,0,0,0,3,2,,1210,1,2,0,0,0,1,1,3,4,0,2,3,,N,,,,,,,,,,,
2007127614,1808.0,1,0,0,0,0,0,0,0,0,8,0,,67,10,2007,2,39.9802,-75.1693,1803.0,6,0,0,0,0,0,0,0,0,,0,0,0,18,1,1,1,,0,39 58:48.000,,0,75 10:09.487,4,0,0,0,67301,1,0,0,N,1,0,0,2,67301,1,,1,1,,N,N,,0,,0,0,0,9,2,,1800,1,2,0,0,0,0,0,3,4,0,1,3,,N,,,,,,,,,,,
2007124692,2055.0,1,0,0,0,0,0,0,0,0,7,0,,67,10,2007,7,39.8993,-75.1756,2050.0,6,0,0,0,0,0,0,0,0,,0,0,0,20,3,0,0,,0,39 53:57.000,,0,75 10:30.550,0,0,0,0,67301,0,0,0,N,0,0,0,1,67301,0,,2,1,,N,N,,0,,0,0,0,0,0,,2045,0,1,0,0,0,0,0,3,4,0,1,3,,N,,,,,,,,,,,
2007123793,157.0,2,0,0,0,0,0,0,0,0,1,0,,67,11,2007,2,39.9511,-75.2207,155.0,6,0,0,0,0,0,0,0,0,,0,0,0,1,3,0,0,,0,39 57:03.996,,0,75 13:14.440,0,0,0,0,67301,0,0,0,N,0,0,0,1,67301,0,,6,1,,N,N,,0,,0,0,1,0,0,,155,0,3,0,0,1,0,0,3,4,0,3,3,,N,,,,,,,,,,,
2007066817,1351.0,1,0,0,0,0,0,0,0,0,4,0,,67,5,2007,6,39.9542,-75.1395,1349.0,6,0,0,0,0,0,0,0,0,2.0,0,0,0,13,1,0,2,,2,39 57:15.088,2.0,0,75 08:22.251,0,0,0,0,67301,0,0,0,,0,0,0,2,67301,0,,1,1,,,,,1,,0,0,0,0,0,N,1345,0,2,0,0,0,0,0,3,4,0,2,3,,N,,,,,,,,,,,
2007066845,1845.0,2,0,0,0,0,0,0,0,0,4,0,,67,4,2007,7,39.9597,-75.1952,1841.0,6,0,0,0,0,0,0,0,0,,0,0,0,99,8,2,1,,0,39 57:35.042,,0,75 11:42.755,3,0,0,0,67301,0,0,0,,0,0,0,3,67301,0,,1,1,,N,N,,0,,2,0,0,3,3,,9999,2,2,0,0,0,0,0,3,4,0,2,3,,N,,,,,,,,,,,
2007056820,1230.0,2,0,0,0,0,0,0,0,0,4,0,,67,3,2007,4,40.0169,-75.1516,1225.0,6,0,0,0,0,0,0,0,0,1.0,0,0,0,12,1,5,1,,2,40 01:00.926,7.0,0,75 09:05.632,4,0,0,0,67301,0,0,0,N,0,0,0,6,67301,4,,1,1,,N,N,,0,,0,0,0,0,0,Y,1220,5,2,0,0,0,1,0,3,4,0,2,3,,N,,,,,,,,,,,