CRN,ARRIVAL_TM,AUTOMOBILE_COUNT,BELTED_DEATH_COUNT,BELTED_SUSP_SERIOUS_INJ_COUNT,BICYCLE_COUNT,BICYCLE_DEATH_COUNT,BICYCLE_SUSP_SERIOUS_INJ_COUNT,BUS_COUNT,CHLDPAS_DEATH_COUNT,CHLDPAS_SUSP_SERIOUS_INJ_COUNT,COLLISION_TYPE,COMM_VEH_COUNT,CONS_ZONE_SPD_LIM,COUNTY,CRASH_MONTH,CRASH_YEAR,DAY_OF_WEEK,DEC_LAT,DEC_LONG,DISPATCH_TM,DISTRICT,DRIVER_COUNT_16YR,DRIVER_COUNT_17YR,DRIVER_COUNT_18YR,DRIVER_COUNT_19YR,DRIVER_COUNT_20YR,DRIVER_COUNT_50_64YR,DRIVER_COUNT_65_74YR,DRIVER_COUNT_75PLUS,EST_HRS_CLOSED,FATAL_COUNT,HEAVY_TRUCK_COUNT,HORSE_BUGGY_COUNT,HOUR_OF_DAY,ILLUMINATION,INJURY_COUNT,INTERSECT_TYPE,INTERSECTION_RELATED,LANE_CLOSED,LATITUDE,LN_CLOSE_DIR,LOCATION_TYPE,LONGITUDE,MAX_SEVERITY_LEVEL,MCYCLE_DEATH_COUNT,MCYCLE_SUSP_SERIOUS_INJ_COUNT,MOTORCYCLE_COUNT,MUNICIPALITY,NONMOTR_COUNT,NONMOTR_DEATH_COUNT,NONMOTR_SUSP_SERIOUS_INJ_COUNT,NTFY_HIWY_MAINT,PED_COUNT,PED_DEATH_COUNT,PED_SUSP_SERIOUS_INJ_COUNT,PERSON_COUNT,POLICE_AGCY,POSSIBLE_INJ_COUNT,RDWY_SURF_TYPE_CD,RELATION_TO_ROAD,ROAD_CONDITION,ROADWAY_CLEARED,SCH_BUS_IND,SCH_ZONE_IND,SECONDARY_CRASH,SMALL_TRUCK_COUNT,SPEC_JURIS_CD,SUSP_MINOR_INJ_COUNT,SUSP_SERIOUS_INJ_COUNT,SUV_COUNT,TCD_FUNC_CD,TCD_TYPE,TFC_DETOUR_IND,TIME_OF_DAY,TOT_INJ_COUNT,TOTAL_UNITS,UNB_DEATH_COUNT,UNB_SUSP_SERIOUS_INJ_COUNT,UNBELTED_OCC_COUNT,UNK_INJ_DEG_COUNT,UNK_INJ_PER_COUNT,URBAN_AREA,URBAN_RURAL,VAN_COUNT,VEHICLE_COUNT,WEATHER1,WEATHER2,WORK_ZONE_IND,WORK_ZONE_LOC,WORK_ZONE_TYPE,WORKERS_PRES,WZ_CLOSE_DETOUR,WZ_FLAGGER,WZ_LAW_OFFCR_IND,WZ_LN_CLOSURE,WZ_MOVING,WZ_OTHER,WZ_SHLDER_MDN,WZ_WORKERS_INJ_KILLED
2007056853,1521.0,2,0,0,0,0,0,0,0,0,6,0,,67,4,2007,7,40.0472,-75.1676,1521.0,6,0,0,0,1,0,1,0,0,,0,0,0,15,1,1,0,,0,40 02:49.000,,0,75 10:03.389,4,0,0,0,67301,0,0,0,N,0,0,0,2,67301,1,,1,1,,N,N,,0,,0,0,0,0,0,,1510,1,2,0,0,1,0,0,3,4,0,2,3,,N,,,,,,,,,,,
2007056867,953.0,1,0,0,0,0,0,0,0,0,8,0,,67,4,2007,2,39.9649,-75.1594,949.0,6,0,0,0,0,0,0,0,0,,0,0,0,9,1,1,1,,0,39 57:53.000,,0,75 09:34.098,4,0,0,0,67301,1,0,0,,1,0,0,2,67301,1,,1,9,,N,N,,0,,0,0,0,3,3,,945,1,2,0,0,0,0,0,3,4,0,1,7,,N,,,,,,,,,,,
2007057019,1618.0,1,0,0,0,0,0,0,0,0,8,0,,67,4,2007,3,40.0235,-75.0831,1614.0,6,0,0,0,0,0,0,0,0,,0,0,0,16,1,1,0,,0,40 01:24.661,,0,75 04:59.262,4,0,0,0,67301,1,0,0,N,1,0,0,2,67301,1,,1,1,,N,N,,0,,0,0,0,0,0,,1610,1,2,0,0,1,0,0,3,4,0,1,3,,N,,,,,,,,,,,
2007047059,2348.0,1,0,0,0,0,0,0,0,0,7,0,,67,2,2007,4,39.9469,-75.184,2345.0,6,0,0,0,0,0,0,0,0,,0,0,0,23,3,0,10,,0,39 56:48.890,,0,75 11:02.518,0,0,0,0,67301,0,0,0,N,0,0,0,1,67301,0,,5,2,,N,N,,0,,0,0,0,0,0,,2323,0,1,0,0,0,0,0,3,4,0,1,98,,N,,,,,,,,,,,
2007099502,2030.0,2,0,0,0,0,0,0,0,0,4,0,,67,8,2007,3,40.0362,-75.1898,2021.0,6,0,0,0,0,0,1,1,0,,0,0,0,18,1,0,0,,0,40 02:10.413,,0,75 11:23.155,0,0,0,0,67301,0,0,0,N,0,0,0,2,67301,0,,1,9,,N,N,,0,,0,0,0,0,0,,1830,0,2,0,0,0,0,0,3,4,0,2,7,,N,,,,,,,,,,,
2007113732,2113.0,2,0,0,0,0,0,0,0,0,1,0,,67,9,2007,7,39.945,-75.1908,2108.0,6,0,0,0,0,0,0,0,0,1.0,0,0,0,21,2,0,6,,1,39 56:42.000,4.0,2,75 11:27.000,0,0,0,0,67301,0,0,0,N,0,0,0,2,68K01,0,,1,1,,N,N,,0,,0,0,0,3,4,N,2106,0,2,0,0,0,0,0,3,4,0,2,3,,N,,,,,,,,,,,
2007116402,247.0,3,0,0,0,0,0,0,0,0,5,0,,67,9,2007,1,39.945,-75.177,244.0,6,0,0,0,0,0,0,0,0,2.0,0,0,0,2,3,0,0,,2,39 56:42.093,2.0,0,75 10:37.164,0,0,0,0,67301,0,0,0,N,0,0,0,3,67301,0,,1,1,,N,N,,0,,0,0,1,0,0,Y,235,0,4,0,0,0,0,0,3,4,0,4,3,,N,,,,,,,,,,,
2007111905,240.0,1,0,0,0,0,0,0,0,0,7,0,,67,9,2007,7,39.9526,-75.1485,240.0,6,0,0,0,0,0,0,0,0,,0,0,0,2,3,1,1,,0,39 57:09.000,,0,75 08:54.471,4,0,0,0,67301,0,0,0,,0,0,0,2,67301,1,,4,1,,,,,0,,0,0,0,3,2,,240,1,1,0,0,0,0,0,3,4,0,1,3,,N,,,,,,,,,,,
2007091877,1141.0,1,0,0,0,0,0,0,0,0,1,0,,67,7,2007,2,40.0322,-75.1914,1139.0,6,0,0,0,0,0,0,0,0,2.0,0,0,0,11,1,0,0,,1,40 01:55.000,3.0,0,75 11:31.055,0,0,0,0,67301,0,0,0,N,0,0,0,1,67301,0,,6,1,,N,N,,1,,0,0,0,0,0,Y,1130,0,2,0,0,0,0,0,3,4,0,2,3,,N,,,,,,,,,,,
2007111601,1032.0,1,0,0,0,0,0,0,0,0,1,0,,67,9,2007,4,,,1032.0,6,0,1,0,0,0,1,0,0,,0,0,0,7,1,1,0,,0,,,0,,4,0,0,0,67301,0,0,0,N,0,0,0,3,67501,1,,1,1,,N,N,,0,,0,0,0,3,2,,730,1,2,0,0,0,0,0,3,3,1,2,3,,N,,,,,,,,,,,
2007091960,1850.0,2,0,0,0,0,0,0,0,0,1,0,,67,7,2007,1,39.9456,-75.1733,1850.0,6,0,0,0,0,0,1,0,0,,0,0,0,18,1,4,1,,0,39 56:44.329,,0,75 10:23.764,4,0,0,0,67301,0,0,0,N,0,0,0,5,67301,4,,1,1,,N,N,,0,,0,0,0,3,2,,1850,4,2,0,0,0,0,0,3,4,0,2,3,,N,,,,,,,,,,,
2007092011,1001.0,1,0,0,0,0,0,0,0,0,6,0,,67,7,2007,7,39.9346,-75.2273,958.0,6,0,0,0,0,0,1,0,0,,0,0,0,9,1,4,1,,0,39 56:04.000,,0,75 13:38.330,4,0,0,0,67301,0,0,0,N,0,0,0,6,67301,4,,1,1,,N,N,,0,,0,0,1,3,2,,950,4,3,0,0,0,0,0,3,4,1,3,3,,N,,,,,,,,,,,
2007092042,1658.0,2,0,0,0,0,0,0,0,0,4,0,,67,7,2007,1,40.066,-75.1441,1656.0,6,0,0,0,1,0,0,0,0,,0,0,0,16,1,2,1,,0,40 03:57.655,,7,75 08:38.890,8,0,0,0,67301,0,0,0,N,0,0,0,5,67301,0,,1,1,,N,N,,0,,0,0,0,3,2,,1650,2,2,0,0,0,2,0,3,4,0,2,3,,N,,,,,,,,,,,
2007092281,1640.0,1,0,0,0,0,0,0,0,0,7,0,,67,7,2007,5,39.9813,-75.1139,1640.0,6,0,0,0,0,0,0,0,0,,0,0,0,99,3,1,0,,0,39 58:52.754,,0,75 06:49.895,4,0,0,0,67301,0,0,0,,0,0,0,1,67301,1,,2,1,,,,,0,,0,0,0,0,0,,9999,1,1,0,0,0,0,0,3,4,0,1,3,,N,,,,,,,,,,,
2007084721,1918.0,1,0,0,0,0,0,0,0,0,4,0,,67,7,2007,5,39.969,-75.16,1912.0,6,0,0,0,0,0,1,0,0,,0,0,0,18,1,1,1,,0,39 58:08.000,,0,75 09:36.121,4,0,0,0,67301,0,0,0,N,0,0,0,10,67301,1,,1,9,,N,N,,0,,0,0,0,9,2,,1825,1,2,0,0,0,0,0,3,4,1,2,7,,N,,,,,,,,,,,
2007084727,1058.0,2,0,0,0,0,0,0,0,0,4,0,,67,5,2007,4,39.9672,-75.167,1056.0,6,0,0,0,0,0,1,0,0,1.0,0,0,0,10,1,2,1,,2,39 58:01.869,6.0,0,75 10:01.127,4,0,0,0,67301,0,0,0,Y,0,0,0,2,67301,2,,1,1,,N,N,,0,,0,0,0,2,2,N,1056,2,2,0,0,0,0,0,3,4,0,2,3,,N,,,,,,,,,,,
2007091883,2018.0,2,0,0,0,0,0,0,0,0,4,0,,67,7,2007,6,40.1235,-75.0154,2004.0,6,0,0,0,0,0,0,0,0,1.0,0,0,0,20,1,4,2,,1,40 07:24.000,1.0,7,75 00:55.270,4,0,0,0,67301,0,0,0,N,0,0,0,4,67301,4,,1,1,,N,N,,0,,0,0,0,3,2,N,2004,4,2,0,0,0,0,0,3,4,0,2,3,,N,,,,,,,,,,,
2007080014,848.0,0,0,0,0,0,0,0,0,0,1,0,,67,4,2007,4,39.9516,-75.1568,845.0,6,0,0,1,0,0,0,0,0,,0,0,0,8,1,10,0,,0,39 57:05.000,,0,75 09:24.395,8,0,0,0,67301,0,0,0,N,0,0,0,12,67301,0,,1,9,,N,N,,0,,0,0,1,0,0,,820,10,2,0,0,2,10,0,3,4,1,2,7,,N,,,,,,,,,,,
2007082534,9999.0,1,0,0,1,0,0,0,0,0,1,0,,67,5,2007,2,,,9999.0,6,0,0,0,0,0,0,0,0,,0,0,0,20,3,1,0,,0,,,0,,4,0,0,0,67301,1,0,0,,0,0,0,2,67301,1,,1,1,,N,N,,0,,0,0,0,0,0,,2000,1,2,0,0,0,0,0,3,3,0,1,3,,N,,,,,,,,,,,
2007080206,2111.0,1,0,0,1,0,1,0,0,0,4,0,,67,6,2007,7,39.9702,-75.2072,2110.0,6,0,0,0,0,0,0,0,0,,0,0,0,21,3,1,1,,0,39 58:12.558,,0,75 12:25.829,2,0,0,0,67301,1,0,1,N,0,0,0,2,67301,0,,1,1,,N,N,,0,,0,1,0,2,3,,2109,1,2,0,0,0,0,0,3,4,0,1,3,,N,,,,,,,,,,,
2007080224,152.0,2,0,0,0,0,0,0,0,0,5,0,,67,6,2007,5,40.1123,-75.0219,150.0,6,0,0,0,0,0,0,0,0,,0,0,0,1,3,0,0,,0,40 06:44.128,,0,75 01:18.944,0,0,0,0,67301,0,0,0,N,0,0,0,4,67301,0,,6,1,,N,N,,0,,0,0,0,0,0,,150,0,2,0,0,0,0,0,3,4,0,2,3,,N,,,,,,,,,,,
2007081838,845.0,2,0,0,0,0,0,0,0,0,1,0,,67,5,2007,5,40.0508,-75.1731,845.0,6,0,0,0,1,0,1,0,0,1.0,0,0,0,8,1,1,0,,1,40 03:02.000,4.0,0,75 10:23.177,8,0,0,0,67301,0,0,0,N,0,0,0,4,67301,0,,1,1,,N,N,,0,,0,0,1,0,0,N,840,1,3,0,0,2,1,0,3,4,0,3,3,,N,,,,,,,,,,,
2007046270,925.0,2,0,0,0,0,0,0,0,0,1,0,,67,3,2007,7,40.0506,-74.9905,920.0,6,0,0,0,0,0,0,0,0,1.0,0,0,0,9,1,0,0,,1,40 03:02.000,1.0,0,74 59:25.326,0,0,0,0,67301,0,0,0,N,0,0,0,7,67301,0,,1,1,,N,N,,0,,0,0,1,0,0,N,920,0,3,0,0,0,0,0,3,4,0,3,3,,N,,,,,,,,,,,
2007046320,1425.0,7,0,0,0,0,0,0,0,0,1,1,,67,2,2007,4,40.0316,-75.0215,1410.0,6,0,0,0,0,0,1,0,1,3.0,0,1,0,14,1,5,0,,2,40 01:51.000,2.0,0,75 01:18.426,3,0,0,0,67301,0,0,0,N,0,0,0,10,67301,1,,1,2,,N,N,,0,,4,0,0,0,0,Y,1405,5,8,0,0,0,0,0,3,4,0,8,10,,N,,,,,,,,,,,
2007077616,1658.0,1,0,0,0,0,0,0,0,0,1,0,,67,5,2007,6,39.9749,-75.1945,1658.0,6,0,0,0,0,0,0,0,0,1.0,0,0,0,16,1,1,0,,1,39 58:33.025,3.0,0,75 11:42.642,4,0,0,0,67301,0,0,0,N,0,0,0,2,68K01,1,,1,1,,N,N,,0,,0,0,1,0,0,N,1615,1,2,0,0,0,0,0,3,4,0,2,3,,N,,,,,,,,,,,
2007019643,1511.0,2,0,0,0,0,0,0,0,0,1,0,,67,2,2007,5,39.9914,-75.2475,9999.0,6,0,0,0,0,0,0,0,1,,0,0,0,15,1,1,0,,0,39 59:28.000,,0,75 14:51.066,8,0,0,0,67301,0,0,0,N,0,0,0,4,46104,0,,1,1,,N,N,,0,,0,0,0,0,0,,1509,1,3,0,0,0,1,1,3,4,0,3,3,,N,,,,,,,,,,,
2007056527,230.0,1,0,0,0,0,0,0,0,0,1,0,,67,4,2007,1,39.9452,-75.142,226.0,6,0,0,0,0,0,1,0,0,1.0,0,0,0,2,3,0,1,,1,39 56:42.547,2.0,0,75 08:31.306,0,0,0,0,67301,0,0,0,N,0,0,0,3,67301,0,,1,1,,N,N,,0,,0,0,1,3,2,N,220,0,2,0,0,0,0,0,3,4,0,2,3,,N,,,,,,,,,,,
2007048916,2050.0,0,0,0,0,0,0,0,0,0,7,0,,67,3,2007,1,40.0147,-75.2058,2045.0,6,0,0,0,0,0,0,0,0,1.0,0,0,0,20,3,3,3,,2,40 00:53.000,2.0,0,75 12:24.451,3,0,0,0,67301,0,0,0,N,0,0,0,3,67301,0,,7,9,,N,N,,0,,3,0,1,3,4,N,2045,3,1,0,0,3,0,0,3,4,0,1,3,,N,,,,,,,,,,,
2007046453,1700.0,1,0,0,0,0,0,0,0,0,1,0,,67,2,2007,6,40.0946,-75.0152,1654.0,6,0,0,0,0,0,1,0,0,,0,0,0,16,1,1,1,,0,40 05:40.000,,0,75 00:54.688,8,0,0,0,67301,0,0,0,N,0,0,0,2,67301,0,,1,1,,N,N,,0,,0,0,1,3,2,,1630,1,2,0,0,0,1,0,3,4,0,2,3,,N,,,,,,,,,,,
2007046814,1545.0,2,0,0,0,0,0,0,0,0,4,0,,67,3,2007,4,39.9877,-75.1545,1531.0,6,0,0,0,0,0,1,0,0,,0,0,0,15,1,1,1,,0,39 59:15.000,,0,75 09:16.210,8,0,0,0,67301,0,0,0,N,0,0,0,2,67301,0,,1,1,,N,N,,0,,0,0,0,3,3,,1507,1,2,0,0,0,1,0,3,4,0,2,3,,N,,,,,,,,,,,
2007117286,735.0,1,0,0,0,0,0,0,0,0,4,0,,67,9,2007,5,39.9548,-75.2321,735.0,6,0,0,0,0,0,0,0,0,,0,0,0,7,1,1,1,,0,39 57:17.208,,0,75 13:55.430,8,0,0,0,67301,0,0,0,N,0,0,0,3,67301,0,,1,9,,N,N,,0,,0,0,1,3,3,,735,1,2,0,0,1,1,1,3,4,0,2,3,,N,,,,,,,,,,,
2007081004,2320.0,2,0,0,0,0,0,0,0,0,4,0,,67,5,2007,3,39.9578,-75.1472,2317.0,6,0,0,0,0,0,0,0,0,2.0,0,0,0,23,3,1,2,,2,39 57:28.000,1.0,0,75 08:50.071,4,0,0,0,67301,0,0,0,N,0,0,0,4,67301,1,,1,1,,N,N,,0,,0,0,0,3,2,Y,2315,1,2,0,0,0,0,0,3,4,0,2,3,,N,,,,,,,,,,,
2007120096,1059.0,0,0,0,0,0,0,0,0,0,8,0,,67,9,2007,6,39.942,-75.1676,1052.0,6,0,0,0,0,0,0,0,0,,0,0,0,10,1,1,1,,0,39 56:31.282,,0,75 10:03.298,4,0,0,0,67301,1,0,0,N,1,0,0,2,67301,1,,1,9,,N,N,,0,,0,0,0,3,3,,1052,1,2,0,0,0,0,0,3,4,1,1,7,,N,,,,,,,,,,,
2007081162,1132.0,1,0,0,0,0,0,0,0,0,4,0,,67,5,2007,5,40.0468,-75.0584,1130.0,6,0,0,0,1,0,0,0,0,,0,0,0,11,1,0,0,,0,40 02:48.000,,7,75 03:29.928,0,0,0,0,67301,0,0,0,N,0,0,0,2,67301,0,,1,1,,N,N,,0,,0,0,1,0,0,,1130,0,2,0,0,0,0,0,3,4,0,2,3,,N,,,,,,,,,,,
2007120102,908.0,2,0,0,0,0,0,0,0,0,1,0,,67,10,2007,2,39.939,-75.1763,907.0,6,0,0,0,0,0,0,0,0,,0,0,0,9,1,1,1,,0,39 56:20.551,,0,75 10:34.679,4,0,0,0,67301,0,0,0,,0,0,0,3,67301,1,,1,1,,,,,0,,0,0,0,3,2,,902,1,2,0,0,0,0,0,3,4,0,2,3,,N,,,,,,,,,,,
2007120108,1445.0,1,0,0,0,0,0,0,0,0,4,0,,67,10,2007,4,40.0948,-75.0507,1441.0,6,0,0,0,0,0,0,1,0,,0,0,0,14,1,2,1,,0,40 05:41.000,,0,75 03:02.722,8,0,0,0,67301,0,0,0,N,0,0,0,3,67301,0,,1,1,,N,N,,0,,0,0,0,3,2,,1440,2,2,0,0,0,2,0,3,4,1,2,3,,N,,,,,,,,,,,
2007081132,2304.0,2,0,0,0,0,0,0,0,0,4,0,,67,3,2007,6,39.9486,-75.1778,2303.0,6,0,0,0,0,0,1,0,0,3.0,0,0,0,23,3,1,1,,1,39 56:54.996,7.0,0,75 10:40.173,8,0,0,0,67301,0,0,0,N,0,0,0,2,67301,0,,1,9,,N,N,,0,,0,0,0,3,2,N,2301,1,2,0,0,0,1,0,3,4,0,2,7,,N,,,,,,,,,,,
2007071361,1515.0,2,0,0,0,0,0,0,0,0,1,0,,67,5,2007,1,40.032,-75.2135,1509.0,6,0,0,0,0,0,0,1,0,,0,0,0,15,1,1,0,,0,40 01:55.000,,0,75 12:48.714,4,0,0,0,67301,0,0,0,N,0,0,0,6,67301,1,,1,1,,N,N,,0,,0,0,1,3,2,,1505,1,3,0,0,0,0,0,3,4,0,3,3,,N,,,,,,,,,,,
2007066434,1045.0,1,0,0,0,0,0,1,0,0,1,1,,67,5,2007,5,40.0071,-75.2137,1040.0,6,0,0,0,0,0,0,0,0,,0,0,0,10,1,1,0,,0,40 00:25.564,,0,75 12:49.415,4,0,0,0,67301,0,0,0,N,0,0,0,5,67301,1,,1,1,,N,N,,0,,0,0,0,0,0,,1030,1,2,0,0,0,0,0,3,4,0,2,3,,N,,,,,,,,,,,
2007066463,1633.0,1,0,0,0,0,0,0,0,0,8,0,,67,5,2007,5,39.9226,-75.2308,1530.0,6,0,0,0,0,0,1,0,0,,0,0,0,99,1,1,2,,0,39 55:21.000,,0,75 13:50.969,8,0,0,0,67301,1,0,0,N,1,0,0,2,67301,0,,1,1,,N,N,,0,,0,0,0,0,0,,9999,1,2,0,0,0,1,0,3,4,0,1,3,,N,,,,,,,,,,,
2007080839,1435.0,1,0,0,0,0,0,0,0,0,7,0,,67,5,2007,4,39.99,-75.0873,1435.0,6,0,0,0,0,0,0,0,0,1.0,0,0,0,14,1,1,0,,1,39 59:23.000,2.0,0,75 05:14.515,3,0,0,0,67301,0,0,0,,0,0,0,1,67301,0,,2,1,,,,,0,,1,0,0,0,0,N,1430,1,1,0,0,1,0,0,3,4,0,1,3,,N,,,,,,,,,,,
2007080924,913.0,1,0,0,1,0,0,0,0,0,6,0,,67,5,2007,5,39.9384,-75.1708,912.0,6,0,0,0,0,0,0,0,0,,0,0,0,9,1,1,0,,0,39 56:18.132,,0,75 10:14.865,4,0,0,0,67301,1,0,0,N,0,0,0,2,67301,1,,1,1,,N,N,,0,,0,0,0,0,0,,910,1,2,0,0,1,0,0,3,4,0,1,3,,N,,,,,,,,,,,
2007081043,11.0,1,0,0,0,0,0,0,0,0,7,0,,67,6,2007,4,40.0177,-75.0647,3.0,6,0,0,0,0,0,0,0,0,,0,0,0,0,3,1,0,,0,40 01:03.000,,0,75 03:53.208,8,0,0,0,67301,0,0,0,N,0,0,0,2,67301,0,,5,9,,N,N,,0,,0,0,0,0,0,,3,1,1,0,0,0,1,0,3,4,0,1,7,,N,,,,,,,,,,,
2007081065,835.0,1,0,0,0,0,0,0,0,0,4,0,,67,6,2007,6,39.9746,-75.1995,827.0,6,0,0,0,0,0,0,0,0,,0,0,0,8,1,4,2,,0,39 58:28.000,,0,75 11:58.249,8,0,0,0,67301,0,0,0,,0,0,0,5,67301,0,,1,1,,,,,0,,0,0,0,3,2,,826,4,2,0,0,0,4,0,3,4,1,2,3,,N,,,,,,,,,,,
2007081068,9999.0,1,0,0,0,0,0,0,0,0,0,0,,67,5,2007,6,,,,6,0,0,0,0,0,0,0,0,3.0,0,0,0,2,6,0,9,,2,,6.0,0,,0,0,0,0,67301,0,0,0,N,0,0,0,1,67301,0,,9,1,,N,,,0,,0,0,0,0,0,N,230,0,2,0,0,1,0,0,3,3,0,1,3,,N,,,,,,,,,,,
2007120105,2035.0,0,0,0,0,0,0,0,0,0,8,0,,67,10,2007,6,40.0216,-75.1244,9999.0,6,0,0,0,0,0,0,0,0,,0,0,0,20,3,1,1,,0,40 01:17.655,,0,75 07:27.663,4,0,0,0,67301,1,0,0,N,1,0,0,2,67301,1,,1,1,,N,N,,0,,0,0,1,3,2,,2035,1,2,0,0,0,0,0,3,4,0,1,3,,N,,,,,,,,,,,
2007081125,1950.0,1,0,0,0,0,0,0,0,0,8,0,,67,6,2007,6,39.9536,-75.235,1949.0,6,0,0,0,0,0,0,0,0,,0,0,0,17,1,1,0,,0,39 57:12.898,,0,75 14:05.917,4,0,0,0,67301,1,0,0,N,1,0,0,2,67301,1,,1,1,,N,N,,0,,0,0,0,0,0,,1745,1,2,0,0,0,0,0,3,4,0,1,3,,N,,,,,,,,,,,
2007066386,915.0,2,0,0,0,0,0,0,0,0,4,0,,67,5,2007,6,40.0124,-75.1506,908.0,6,0,0,0,0,0,0,0,0,,0,0,0,9,1,1,1,,0,40 00:44.000,,0,75 09:02.005,4,0,0,0,67301,0,0,0,,0,0,0,3,67301,1,,1,1,,,,,0,,0,0,0,9,2,,908,1,2,0,0,0,0,0,3,4,0,2,3,,N,,,,,,,,,,,
2007066457,1900.0,1,0,0,0,0,0,0,0,0,7,0,,67,5,2007,7,40.0262,-75.1776,1855.0,6,0,0,0,0,0,1,0,0,,0,0,0,18,1,1,0,,0,40 01:34.478,,0,75 10:39.486,4,0,0,0,67301,0,0,0,N,0,0,0,1,67301,1,,2,9,,N,N,,0,,0,0,0,0,0,,1850,1,1,0,0,0,0,0,3,4,0,1,7,,N,,,,,,,,,,,
2007079977,1607.0,1,0,0,0,0,0,0,0,0,7,0,,67,6,2007,7,39.9309,-75.1782,1602.0,6,0,1,0,0,0,0,0,0,,0,0,0,15,1,1,0,,0,39 55:51.357,,0,75 10:41.341,4,0,0,0,67301,0,0,0,,0,0,0,1,67301,1,,1,1,,N,N,,0,,0,0,0,0,0,,1555,1,1,0,0,0,0,0,3,4,0,1,3,,N,,,,,,,,,,,
2007080002,1722.0,2,0,0,0,0,0,0,0,0,4,0,,67,6,2007,4,39.9587,-75.2354,1720.0,6,0,0,0,0,0,0,0,0,,0,0,0,17,1,3,0,,0,39 57:31.295,,0,75 14:07.528,3,0,0,0,67301,0,0,0,,0,0,0,4,67301,2,,1,1,,,,,0,,1,0,1,0,0,,1715,3,3,0,0,0,0,0,3,4,0,3,3,,N,,,,,,,,,,,
2007080420,55.0,1,0,0,1,0,0,0,0,0,2,0,,67,6,2007,1,39.9746,-75.1995,54.0,6,0,0,0,0,0,0,0,0,,0,0,0,0,3,1,1,,0,39 58:28.000,,0,75 11:58.249,4,0,0,0,67301,1,0,0,N,0,0,0,2,67301,1,,1,1,,N,N,,0,,0,0,0,3,2,,53,1,2,0,0,0,0,0,3,4,0,1,3,,N,,,,,,,,,,,
2007080120,1325.0,2,0,0,0,0,0,0,0,0,5,0,,67,6,2007,6,40.0059,-75.1135,1322.0,6,0,0,0,0,0,0,0,0,,0,0,0,13,1,1,1,,0,40 00:21.000,,0,75 06:48.589,4,0,0,0,67301,0,0,0,N,0,0,0,8,67301,1,,1,1,,N,N,,0,,0,0,0,3,2,,1320,1,2,0,0,0,0,0,3,4,0,2,3,,N,,,,,,,,,,,
2007116655,1830.0,0,0,0,0,0,0,0,0,0,1,0,,67,10,2007,3,40.0272,-75.0989,1823.0,6,0,0,0,1,0,1,0,0,,0,0,0,18,4,1,2,,0,40 01:38.000,,0,75 05:56.834,3,0,0,0,67301,0,0,0,N,0,0,0,2,67301,0,,1,1,,N,N,,0,,1,0,2,3,1,,1820,1,2,0,0,0,0,0,3,4,0,2,3,,N,,,,,,,,,,,
2007124103,1619.0,1,0,0,0,0,0,0,0,0,4,0,,67,10,2007,6,40.0077,-75.1515,1614.0,6,0,0,0,0,0,0,0,0,,0,0,0,16,1,1,1,,0,40 00:27.000,,0,75 09:05.323,8,0,0,0,67301,0,0,0,N,0,0,0,3,67301,0,,1,9,,N,N,,1,,0,0,0,3,3,,1602,1,2,0,0,0,1,0,3,4,0,2,7,,N,,,,,,,,,,,
2007126138,2318.0,1,0,0,0,0,0,0,0,0,8,0,,67,10,2007,7,39.9734,-75.2098,2315.0,6,0,0,0,0,0,0,0,0,,0,0,0,23,3,1,1,,0,39 58:24.000,,0,75 12:35.301,8,0,0,0,67301,1,0,0,N,1,0,0,2,67301,0,,1,1,,N,N,,0,,0,0,0,3,2,,2315,1,2,0,0,0,1,0,3,4,0,1,3,,N,,,,,,,,,,,
2007124684,1345.0,0,0,0,0,0,0,0,0,0,2,0,,67,11,2007,7,40.0649,-75.0241,1345.0,6,0,0,0,0,0,0,0,0,2.0,0,0,0,13,1,1,0,,1,40 03:53.000,4.0,0,75 01:26.848,8,0,0,0,67301,0,0,0,N,0,0,0,2,67301,0,,1,1,,N,N,,1,,0,0,1,0,0,N,1342,1,2,0,0,0,1,0,3,4,0,2,3,,N,,,,,,,,,,,
2007123756,1802.0,0,0,0,0,0,0,0,0,0,8,0,,67,11,2007,6,40.003,-75.0668,1800.0,6,0,0,0,0,0,0,0,0,,0,0,0,17,1,1,0,,0,40 00:10.929,,0,75 04:00.393,3,0,0,0,67301,1,0,0,N,1,0,0,2,67301,0,,1,1,,N,N,,0,,1,0,1,0,0,,1749,1,2,0,0,0,0,0,3,4,0,1,3,,N,,,,,,,,,,,
2007126607,1702.0,1,0,0,0,0,0,0,0,0,4,0,,67,10,2007,4,39.9536,-75.2182,1659.0,6,0,0,0,1,0,0,0,0,,0,0,0,16,1,5,1,,0,39 57:13.024,,0,75 13:05.347,4,0,0,0,67301,4,0,0,,2,0,0,6,67301,5,,1,9,,,Y,,1,,0,0,0,0,0,,1659,5,4,0,0,1,0,0,3,4,0,2,7,5.0,N,,,,,,,,,,,
2007045146,810.0,1,0,0,0,0,0,0,0,0,8,0,,67,2,2007,4,40.0205,-75.0537,806.0,6,0,0,0,0,0,0,0,0,1.0,1,0,0,8,1,0,1,,1,40 01:13.000,1.0,0,75 03:13.412,1,0,0,0,67301,1,1,0,N,1,1,0,3,67301,0,2.0,1,9,,N,N,,0,0.0,0,0,0,3,2,Y,805,0,2,0,0,0,0,0,3,4,0,1,3,,N,,,,,,,,,,,