CRN,ARRIVAL_TM,AUTOMOBILE_COUNT,BELTED_DEATH_COUNT,BELTED_SUSP_SERIOUS_INJ_COUNT,BICYCLE_COUNT,BICYCLE_DEATH_COUNT,BICYCLE_SUSP_SERIOUS_INJ_COUNT,BUS_COUNT,CHLDPAS_DEATH_COUNT,CHLDPAS_SUSP_SERIOUS_INJ_COUNT,COLLISION_TYPE,COMM_VEH_COUNT,CONS_ZONE_SPD_LIM,COUNTY,CRASH_MONTH,CRASH_YEAR,DAY_OF_WEEK,DEC_LAT,DEC_LONG,DISPATCH_TM,DISTRICT,DRIVER_COUNT_16YR,DRIVER_COUNT_17YR,DRIVER_COUNT_18YR,DRIVER_COUNT_19YR,DRIVER_COUNT_20YR,DRIVER_COUNT_50_64YR,DRIVER_COUNT_65_74YR,DRIVER_COUNT_75PLUS,EST_HRS_CLOSED,FATAL_COUNT,HEAVY_TRUCK_COUNT,HORSE_BUGGY_COUNT,HOUR_OF_DAY,ILLUMINATION,INJURY_COUNT,INTERSECT_TYPE,INTERSECTION_RELATED,LANE_CLOSED,LATITUDE,LN_CLOSE_DIR,LOCATION_TYPE,LONGITUDE,MAX_SEVERITY_LEVEL,MCYCLE_DEATH_COUNT,MCYCLE_SUSP_SERIOUS_INJ_COUNT,MOTORCYCLE_COUNT,MUNICIPALITY,NONMOTR_COUNT,NONMOTR_DEATH_COUNT,NONMOTR_SUSP_SERIOUS_INJ_COUNT,NTFY_HIWY_MAINT,PED_COUNT,PED_DEATH_COUNT,PED_SUSP_SERIOUS_INJ_COUNT,PERSON_COUNT,POLICE_AGCY,POSSIBLE_INJ_COUNT,RDWY_SURF_TYPE_CD,RELATION_TO_ROAD,ROAD_CONDITION,ROADWAY_CLEARED,SCH_BUS_IND,SCH_ZONE_IND,SECONDARY_CRASH,SMALL_TRUCK_COUNT,SPEC_JURIS_CD,SUSP_MINOR_INJ_COUNT,SUSP_SERIOUS_INJ_COUNT,SUV_COUNT,TCD_FUNC_CD,TCD_TYPE,TFC_DETOUR_IND,TIME_OF_DAY,TOT_INJ_COUNT,TOTAL_UNITS,UNB_DEATH_COUNT,UNB_SUSP_SERIOUS_INJ_COUNT,UNBELTED_OCC_COUNT,UNK_INJ_DEG_COUNT,UNK_INJ_PER_COUNT,URBAN_AREA,URBAN_RURAL,VAN_COUNT,VEHICLE_COUNT,WEATHER1,WEATHER2,WORK_ZONE_IND,WORK_ZONE_LOC,WORK_ZONE_TYPE,WORKERS_PRES,WZ_CLOSE_DETOUR,WZ_FLAGGER,WZ_LAW_OFFCR_IND,WZ_LN_CLOSURE,WZ_MOVING,WZ_OTHER,WZ_SHLDER_MDN,WZ_WORKERS_INJ_KILLED
2007047770,1325.0,1,0,0,0,0,0,0,0,0,4,0,,67,3,2007,6,40.0108,-75.1022,1320.0,6,0,0,0,1,0,1,0,0,,0,0,0,13,1,2,1,,0,40 00:38.838,,0,75 06:07.972,3,0,0,1,67301,0,0,0,N,0,0,0,2,67301,0,,1,1,,N,N,,0,,1,0,0,3,2,,1315,2,2,0,0,0,1,0,3,4,0,2,3,,N,,,,,,,,,,,
2007068130,144.0,1,0,0,0,0,0,0,0,0,7,0,,67,4,2007,1,39.9583,-75.1655,142.0,6,0,0,0,0,0,0,0,0,,0,0,0,1,3,0,6,,0,39 57:29.880,,0,75 09:55.800,0,0,0,0,67301,0,0,0,N,0,0,0,1,67301,0,,2,1,,N,N,,0,,0,0,0,0,0,,141,0,1,0,0,0,0,0,3,4,0,1,3,,N,,,,,,,,,,,
2007110750,1750.0,3,0,0,0,0,0,0,0,0,6,0,,67,9,2007,3,39.9591,-75.2036,1730.0,6,0,0,0,0,0,0,0,0,,0,0,0,17,1,1,1,,0,39 57:32.616,,0,75 12:12.967,4,0,0,0,67301,0,0,0,,0,0,0,2,67301,1,,1,1,,,,,0,,0,0,0,9,3,,1727,1,3,0,0,0,0,1,3,4,0,3,3,,N,,,,,,,,,,,
2007113312,1358.0,2,0,0,0,0,0,0,0,0,1,0,,67,11,2007,1,40.0073,-75.2135,1353.0,6,0,0,0,0,0,0,0,0,,0,0,0,13,1,1,0,,0,40 00:26.000,,0,75 12:48.762,4,0,0,0,67301,0,0,0,N,0,0,0,3,46104,1,,1,9,,N,N,,0,,0,0,0,0,0,,1353,1,2,0,0,0,0,0,3,4,0,2,7,,N,,,,,,,,,,,
2007105904,214.0,2,0,0,0,0,0,0,0,0,4,0,,67,6,2007,1,40.0567,-75.1399,210.0,6,0,0,0,0,0,0,0,0,1.0,0,0,0,2,3,5,5,,1,40 03:24.154,1.0,0,75 08:23.496,4,0,0,0,67301,0,0,0,N,0,0,0,6,67301,4,,1,1,,N,N,,0,,0,0,0,9,2,Y,210,5,2,0,0,0,1,1,3,4,0,2,3,,N,,,,,,,,,,,
2007108808,1850.0,1,0,0,1,0,0,0,0,0,4,0,,67,9,2007,4,40.0349,-75.0676,1846.0,6,0,0,0,1,0,0,0,0,9.0,0,0,0,18,1,1,0,,1,40 02:05.784,2.0,0,75 04:03.428,8,0,0,0,67301,1,0,0,,0,0,0,2,67301,0,,1,1,,N,N,,0,,0,0,0,0,0,N,1800,1,2,0,0,0,1,0,3,4,0,1,3,,N,,,,,,,,,,,
2007105981,9999.0,1,0,0,1,0,0,0,0,0,5,0,,67,8,2007,1,39.9488,-75.1694,,6,0,0,0,0,0,0,0,0,,0,0,0,12,1,1,1,,0,39 56:55.712,,0,75 10:09.688,3,0,0,0,67301,1,0,0,N,0,0,0,2,67301,0,,1,1,,N,N,,0,,1,0,0,2,2,,1205,1,2,0,0,0,0,0,3,4,0,1,3,,N,,,,,,,,,,,
2007108878,840.0,1,0,0,0,0,0,0,0,0,4,0,,67,9,2007,5,39.996,-75.0921,835.0,6,0,0,0,0,0,1,0,0,2.0,0,0,0,8,1,1,1,,1,39 59:45.000,2.0,0,75 05:31.705,3,0,0,0,67301,0,0,0,,0,0,0,2,67301,0,,1,1,,N,,,0,,1,0,0,3,2,N,800,1,2,0,0,0,0,0,3,4,0,2,3,,N,,,,,,,,,,,
2007109073,1620.0,1,0,0,0,0,0,0,0,0,5,0,,67,9,2007,2,40.0279,-75.0244,1615.0,6,0,0,0,0,0,1,0,0,2.0,0,0,0,16,1,2,3,,2,40 01:40.000,2.0,2,75 01:27.534,3,0,0,0,67301,0,0,0,Y,0,0,0,4,67301,0,,1,1,,N,N,,2,,2,0,1,0,0,N,1614,2,4,0,0,0,0,0,3,4,0,4,3,,N,,,,,,,,,,,
2007106561,1917.0,1,0,0,0,0,0,0,0,0,4,0,,67,8,2007,6,40.0558,-75.1589,1916.0,6,0,0,0,0,0,0,0,0,,0,0,0,19,1,3,1,,0,40 03:20.000,,0,75 09:32.008,8,0,0,0,67301,0,0,0,N,0,0,0,6,67301,0,,1,1,,N,N,,0,,0,0,0,3,2,,1900,3,2,0,0,0,3,0,3,4,1,2,3,,N,,,,,,,,,,,
2007106073,152.0,2,0,0,0,0,0,0,0,0,4,0,,67,9,2007,5,39.9738,-75.2303,150.0,6,0,0,0,0,0,0,0,0,,0,0,0,1,3,0,0,,0,39 58:25.690,,0,75 13:48.957,0,0,0,0,67301,0,0,0,N,0,0,0,2,67301,0,,6,1,,N,N,,0,,0,0,1,0,0,,149,0,3,0,0,0,0,0,3,4,0,3,3,,N,,,,,,,,,,,
2007098703,1841.0,2,0,0,0,0,0,0,0,0,4,0,,67,8,2007,6,40.054,-75.0489,1832.0,6,0,0,0,0,0,1,0,0,1.0,0,0,0,18,1,1,1,,1,40 03:15.000,2.0,0,75 02:58.198,4,0,0,0,67301,0,0,0,N,0,0,0,4,67301,1,,1,1,,N,N,,0,,0,0,0,3,2,Y,1827,1,2,0,0,0,0,0,3,4,0,2,3,,N,,,,,,,,,,,
2007098743,1137.0,1,0,0,0,0,0,0,0,0,7,0,,67,8,2007,7,40.1124,-74.991,1137.0,6,0,0,0,0,0,0,0,0,,0,0,0,99,1,1,1,,0,40 06:44.000,,0,74 59:27.476,3,0,0,0,67301,0,0,0,,0,0,0,1,67301,0,,4,1,,N,N,,0,,1,0,0,3,2,,9999,1,1,0,0,0,0,0,3,4,0,1,3,,N,,,,,,,,,,,
2007098807,832.0,2,0,0,0,0,0,0,0,0,2,0,,67,9,2007,3,39.9589,-75.1567,825.0,6,0,0,0,1,0,0,0,0,9.0,0,0,0,8,1,1,1,,1,39 57:32.119,4.0,0,75 09:24.206,4,0,0,0,67301,0,0,0,,0,0,0,3,67301,1,,9,1,,N,N,,0,,0,0,1,9,2,N,820,1,3,0,0,0,0,0,3,4,0,3,3,,N,,,,,,,,,,,
2007098821,2113.0,2,0,0,0,0,0,0,0,0,1,0,,67,8,2007,7,39.9794,-75.2253,2112.0,6,0,0,0,0,0,0,0,0,1.0,0,0,0,21,3,1,0,,1,39 58:46.000,2.0,0,75 13:31.081,4,0,0,0,67301,0,0,0,N,0,0,0,3,67301,1,,1,1,,N,N,,0,,0,0,0,0,0,N,2108,1,2,0,0,0,0,0,3,4,0,2,3,,N,,,,,,,,,,,
2007081431,1435.0,0,0,0,0,0,0,0,0,0,8,0,,67,7,2007,5,40.06,-75.1909,1430.0,6,0,0,0,0,0,0,0,0,,0,0,0,14,1,1,2,,0,40 03:35.957,,0,75 11:27.226,8,0,0,0,67301,1,0,0,N,1,0,0,2,67301,0,,1,1,,N,N,,0,,0,0,1,3,2,,1430,1,2,0,0,0,1,0,3,4,0,1,3,,N,,,,,,,,,,,
2007081605,20.0,1,0,0,0,0,0,0,0,0,4,0,,67,5,2007,1,40.028,-75.0574,13.0,6,0,0,0,0,0,2,0,0,,0,0,0,23,3,0,1,,0,40 01:40.000,,0,75 03:26.709,0,0,0,0,67301,0,0,0,N,0,0,0,3,67301,0,,1,9,,N,N,,0,,0,0,1,3,2,,2300,0,2,0,0,0,0,0,3,4,0,2,7,,N,,,,,,,,,,,
2007081635,736.0,2,0,0,0,0,0,0,0,0,5,0,,67,6,2007,3,40.1043,-75.0343,726.0,6,0,0,0,0,0,0,1,0,,0,0,0,7,1,0,0,,0,40 06:15.307,,0,75 02:03.368,0,0,0,0,67301,0,0,0,N,0,0,0,1,67301,0,,1,1,,N,N,,0,,0,0,0,0,0,,722,0,2,0,0,0,0,0,3,4,0,2,3,,N,,,,,,,,,,,
2007120336,1158.0,1,0,0,0,0,0,0,0,0,1,0,,67,10,2007,6,39.9955,-75.1977,1158.0,6,0,0,0,1,0,1,0,0,,0,0,0,11,1,0,0,,0,39 59:44.000,,0,75 11:51.187,0,0,0,0,67301,0,0,0,N,0,0,0,2,68K01,0,,1,1,,N,N,,1,,0,0,0,0,0,,1158,0,2,0,0,0,0,0,3,4,0,2,3,,N,,,,,,,,,,,
2007081487,1920.0,2,0,0,0,0,0,0,0,0,5,0,,67,5,2007,1,39.9729,-75.1467,1915.0,6,0,0,0,0,0,0,0,0,,0,0,0,19,1,2,0,,0,39 58:22.436,,0,75 08:47.979,3,0,0,0,67301,0,0,0,N,0,0,0,2,67301,0,,6,1,,N,N,,0,,2,0,0,0,0,,1913,2,2,0,0,2,0,0,3,4,0,2,3,,N,,,,,,,,,,,
2007081694,1840.0,1,0,0,1,0,0,0,0,0,6,0,,67,5,2007,2,39.9488,-75.2388,1840.0,6,0,0,0,0,0,0,0,0,,0,0,0,6,1,1,1,,0,39 56:55.831,,0,75 14:19.575,4,0,0,0,67301,1,0,0,,0,0,0,2,67301,1,,1,1,,,,,0,,0,0,0,0,0,,639,1,2,0,0,0,0,0,3,4,0,1,3,,N,,,,,,,,,,,
2007081735,2131.0,2,0,0,0,0,0,0,0,0,2,0,,67,6,2007,3,40.033,-75.1161,2129.0,6,0,0,0,0,0,0,0,0,,0,0,0,21,3,6,1,,0,40 01:58.000,,0,75 06:57.861,8,0,0,0,67301,0,0,0,N,0,0,0,6,67301,0,,1,9,,N,N,,0,,0,0,0,3,2,,2125,6,2,0,0,0,6,0,3,4,0,2,7,,N,,,,,,,,,,,
2007118072,1231.0,1,0,0,0,0,0,0,0,0,4,0,,67,10,2007,1,40.0384,-75.1207,1228.0,6,0,0,0,0,0,0,0,0,,0,0,0,12,1,0,2,,0,40 02:18.268,,0,75 07:14.663,0,0,0,0,67301,0,0,0,,0,0,0,2,67301,0,,1,1,,,,,1,,0,0,0,9,3,,1225,0,2,0,0,0,0,0,3,4,0,2,3,,N,,,,,,,,,,,
2007079942,210.0,1,0,0,0,0,0,0,0,0,2,0,,67,6,2007,1,40.0412,-75.0699,206.0,6,0,0,0,0,0,0,0,0,,0,0,0,2,3,1,0,,0,40 02:28.219,,0,75 04:11.780,3,0,0,0,67301,0,0,0,N,0,0,0,1,67301,0,,6,1,,N,N,,0,,1,0,1,9,3,,200,1,2,0,0,0,0,0,3,4,0,2,3,,N,,,,,,,,,,,
2007080107,1212.0,2,0,0,0,0,0,0,0,0,4,0,,67,6,2007,6,39.9405,-75.2189,1203.0,6,0,0,0,0,0,0,0,0,,0,0,0,99,1,3,1,,0,39 56:25.800,,0,75 13:08.040,4,0,0,0,67301,0,0,0,N,0,0,0,3,67301,3,,1,1,,N,N,,0,,0,0,0,3,2,,9999,3,2,0,0,0,0,0,3,4,0,2,3,,N,,,,,,,,,,,
2007080404,1832.0,0,0,0,1,0,0,0,0,0,4,0,,67,6,2007,2,40.0647,-74.9821,1830.0,6,0,0,0,0,0,1,0,0,3.0,0,0,0,18,1,1,0,,1,40 03:52.920,2.0,0,74 58:55.560,8,0,0,0,67301,1,0,0,N,0,0,0,2,67301,0,,1,1,,N,N,,1,,0,0,0,0,0,N,1828,1,2,0,0,0,1,0,3,4,0,1,3,,N,,,,,,,,,,,
2007080154,810.0,1,0,0,0,0,0,0,0,0,4,0,,67,6,2007,2,39.9746,-75.1993,809.0,6,0,0,0,0,0,0,0,0,,0,0,0,7,1,1,0,,0,39 58:28.000,,7,75 11:57.466,4,0,0,0,67301,0,0,0,N,0,0,0,7,67301,1,,1,9,,N,N,,0,,0,0,0,0,0,,715,1,2,0,0,0,0,0,3,4,1,2,7,,N,,,,,,,,,,,
2007080178,1738.0,2,0,0,0,0,0,0,0,0,4,0,,67,6,2007,4,40.0741,-75.1909,1734.0,6,0,0,0,0,0,1,0,0,,0,0,0,16,1,0,1,,0,40 04:26.000,,0,75 11:26.888,0,0,0,0,67301,0,0,0,N,0,0,0,3,67301,0,,1,1,,N,N,,0,,0,0,0,3,2,,1657,0,2,0,0,0,0,0,3,4,0,2,3,,N,,,,,,,,,,,
2007124651,9999.0,1,0,0,0,0,0,0,0,0,6,0,,67,11,2007,1,39.9169,-75.216,9999.0,6,0,0,0,0,0,1,0,0,,0,0,0,99,3,1,0,,0,39 55:05.000,,7,75 12:33.291,8,0,0,0,67301,0,0,0,,0,0,0,2,67301,0,,2,1,,,,,1,,0,0,0,0,0,,9999,1,2,0,0,0,1,0,3,4,0,2,3,,N,,,,,,,,,,,
2007065658,1715.0,0,0,0,0,0,0,0,0,0,4,0,,67,5,2007,3,40.0836,-75.1748,1710.0,6,0,0,0,0,0,2,0,0,9.0,1,0,0,17,1,1,2,,2,40 05:04.000,6.0,0,75 10:35.261,1,0,0,0,67301,0,0,0,N,0,0,0,2,67301,1,2.0,1,1,,N,N,,0,0.0,0,0,1,3,2,Y,1709,1,2,0,0,0,0,0,3,4,1,2,3,,N,,,,,,,,,,,
2007105968,1638.0,3,0,0,0,0,0,0,0,0,4,0,,67,8,2007,2,40.0445,-75.1931,1635.0,6,0,0,0,0,0,0,0,0,1.0,0,0,0,16,1,2,1,,1,40 02:40.000,2.0,0,75 11:35.236,4,0,0,0,67301,0,0,0,N,0,0,0,4,67301,1,,1,1,,N,N,,0,,0,0,0,3,2,Y,1635,2,3,0,0,0,1,0,3,4,0,3,3,,N,,,,,,,,,,,
2007108871,2327.0,2,0,0,0,0,0,0,0,0,9,0,,67,8,2007,6,40.0564,-75.029,2320.0,6,0,0,0,0,0,0,0,0,2.0,0,0,0,23,3,0,5,,1,40 03:23.087,3.0,0,75 01:44.916,0,0,0,0,67301,0,0,0,N,0,0,0,2,67301,0,,1,1,,N,N,,0,,0,0,0,3,2,N,2310,0,2,0,0,0,0,0,3,4,0,2,3,,N,,,,,,,,,,,
2007098722,1018.0,0,0,0,0,0,0,0,0,0,5,0,,67,7,2007,3,40.0113,-75.1508,1010.0,6,0,0,0,0,0,1,0,0,,0,0,0,9,1,1,0,,0,40 00:40.000,,0,75 09:02.942,4,0,0,0,67301,0,0,0,,0,0,0,2,67301,1,,1,1,,,,,0,,0,0,2,0,0,,930,1,2,0,0,0,0,0,3,4,0,2,3,,N,,,,,,,,,,,
2007098826,143.0,2,0,0,0,0,0,0,0,0,4,0,,67,8,2007,7,39.9507,-75.1504,137.0,6,0,0,0,0,0,0,0,0,1.0,0,0,0,99,3,0,1,,1,39 57:02.000,3.0,0,75 09:01.348,9,0,0,0,67301,0,0,0,,0,0,0,2,67301,0,,1,1,,N,N,,0,,0,0,0,3,2,N,9999,0,2,0,0,0,0,2,3,4,0,2,3,,N,,,,,,,,,,,
2007127855,1442.0,1,0,0,0,0,0,0,0,0,1,0,,67,11,2007,1,39.977,-75.1983,1425.0,6,0,0,0,0,0,0,0,0,,0,0,0,14,1,2,0,,0,39 58:38.000,,0,75 11:59.472,4,0,0,0,67301,0,0,0,N,0,0,0,3,68K01,2,,1,9,,N,N,,0,,0,0,0,0,0,,1423,2,2,0,0,0,0,1,3,4,0,2,7,,N,,,,,,,,,,,
2007081598,1830.0,2,0,0,0,0,0,0,0,0,4,0,,67,6,2007,6,40.0349,-75.1844,1826.0,6,0,0,0,0,0,0,0,0,,0,0,0,18,1,0,1,,0,40 02:05.000,,0,75 11:03.689,9,0,0,0,67301,0,0,0,,0,0,0,2,67301,0,,1,1,,,,,0,,0,0,0,0,0,,1820,0,2,0,0,0,0,1,3,4,0,2,3,,N,,,,,,,,,,,
2007081600,1320.0,1,0,0,0,0,0,0,0,0,8,0,,67,5,2007,4,40.0058,-75.0964,1315.0,6,0,0,0,0,0,0,0,0,,0,0,0,13,1,1,1,,0,40 00:21.000,,0,75 05:47.149,8,0,0,0,67301,1,0,0,N,1,0,0,2,67301,0,,1,1,,N,N,,0,,0,0,0,3,2,,1310,1,2,0,0,0,1,0,3,4,0,1,3,,N,,,,,,,,,,,
2007081675,1805.0,2,0,0,0,0,0,0,0,0,4,0,,67,6,2007,6,39.9159,-75.2453,1800.0,6,0,0,0,0,1,1,0,0,,0,0,0,17,1,1,2,,0,39 54:57.000,,0,75 14:43.375,8,0,0,0,67301,0,0,0,N,0,0,0,2,67301,0,,1,1,,N,N,,0,,0,0,0,3,3,,1750,1,2,0,0,0,1,0,3,4,0,2,3,,N,,,,,,,,,,,
2007120265,1920.0,2,0,0,0,0,0,0,0,0,1,0,,67,10,2007,3,40.0685,-75.2404,1920.0,6,0,0,0,0,0,1,0,1,,0,0,0,18,1,1,0,,0,40 04:07.000,,0,75 14:25.753,8,0,0,0,67301,0,0,0,,0,0,0,3,67301,0,,1,1,,N,N,,0,,0,0,0,0,0,,1830,1,3,0,0,3,1,0,3,4,1,3,3,,N,,,,,,,,,,,
2007081482,1224.0,0,0,0,0,0,0,0,0,0,7,0,,67,5,2007,1,,,1218.0,6,0,0,0,0,0,0,0,0,1.0,0,0,0,99,1,2,0,,1,,3.0,0,,4,0,0,0,67301,0,0,0,N,0,0,0,3,67301,2,,3,1,,N,N,,0,,0,0,1,0,0,N,9999,2,1,0,0,0,0,0,3,3,0,1,3,,N,,,,,,,,,,,
2007081733,1811.0,2,0,0,0,0,0,0,0,0,1,0,,67,6,2007,1,39.9992,-75.1474,1807.0,6,0,0,0,0,0,0,0,0,1.0,0,0,0,18,1,1,1,,1,39 59:57.271,4.0,0,75 08:50.495,4,0,0,0,67301,0,0,0,,0,0,0,2,67301,1,,1,9,,N,N,,0,,0,0,0,3,2,Y,1800,1,2,0,0,1,0,1,3,4,0,2,7,,N,,,,,,,,,,,
2007118027,2135.0,2,0,0,0,0,0,0,0,0,4,0,,67,10,2007,6,40.0719,-74.9811,2133.0,6,0,0,0,0,0,2,0,0,,0,0,0,21,3,1,2,,0,40 04:18.809,,0,74 58:52.281,4,0,0,0,67301,0,0,0,N,0,0,0,2,67301,1,,1,1,,N,N,,0,,0,0,0,3,2,,2132,1,2,0,0,0,0,0,3,4,0,2,3,,N,,,,,,,,,,,
2007081558,729.0,1,0,0,0,0,0,0,0,0,7,0,,67,6,2007,6,40.0299,-75.0878,725.0,6,0,0,0,0,0,0,0,0,,0,0,0,7,1,1,0,,0,40 01:47.000,,0,75 05:17.024,4,0,0,0,67301,0,0,0,N,0,0,0,1,67301,1,,3,1,,N,N,,0,,0,0,0,0,0,,725,1,1,0,0,0,0,0,3,4,0,1,3,,N,,,,,,,,,,,
2007123994,2006.0,2,0,0,0,0,0,0,0,0,1,0,,67,10,2007,7,39.9169,-75.216,2002.0,6,0,0,0,0,0,1,0,0,1.0,0,0,0,99,3,0,0,,2,39 55:06.000,4.0,0,75 12:29.583,0,0,0,0,67301,0,0,0,N,0,0,0,6,67301,0,,1,1,,N,N,,1,,0,0,0,0,0,N,9999,0,3,0,0,0,0,0,3,4,0,3,3,,N,,,,,,,,,,,
2007097808,850.0,2,0,0,0,0,0,0,0,0,4,0,,67,7,2007,3,39.9338,-75.1742,845.0,6,0,0,0,0,0,0,0,0,,0,0,0,8,1,1,1,,0,39 56:01.507,,0,75 10:27.213,4,0,0,0,67301,0,0,0,N,0,0,0,8,67301,1,,1,1,,N,N,,0,,0,0,0,2,3,,840,1,2,0,0,0,0,0,3,4,0,2,3,,N,,,,,,,,,,,
2007097812,1950.0,2,0,0,0,0,0,0,0,0,1,0,,67,7,2007,6,40.1236,-75.0155,1936.0,6,0,0,0,0,0,1,0,0,1.0,0,0,0,19,1,2,1,,1,40 07:24.000,6.0,0,75 00:55.667,4,0,0,0,67301,0,0,0,,0,0,0,4,67301,2,,1,1,,N,N,,1,,0,0,0,3,2,N,1936,2,3,0,0,0,0,0,3,4,0,3,3,,N,,,,,,,,,,,
2007097823,1452.0,2,0,0,0,0,0,0,0,0,4,0,,67,8,2007,5,40.0283,-75.0744,1447.0,6,0,0,0,0,1,0,0,0,,0,0,0,14,1,1,3,,0,40 01:41.880,,0,75 04:27.840,8,0,0,0,67301,0,0,0,N,0,0,0,3,67301,0,,1,1,,N,N,,0,,0,0,0,3,3,,1440,1,3,0,0,0,1,2,3,4,1,3,3,,N,,,,,,,,,,,
2007097842,1617.0,1,0,0,0,0,0,0,0,0,8,0,,67,7,2007,3,39.9539,-75.1947,1617.0,6,0,0,1,0,0,0,0,0,,0,0,0,14,1,1,0,,0,39 57:14.018,,0,75 11:40.925,4,0,0,0,67301,1,0,0,N,1,0,0,5,67301,1,,1,1,,N,N,,0,,0,0,0,0,0,,1410,1,2,0,0,0,0,0,3,4,0,1,3,,N,,,,,,,,,,,
2007095348,130.0,1,0,0,0,0,0,0,0,0,8,0,,67,8,2007,4,39.9281,-75.1688,120.0,6,0,0,0,0,0,0,0,0,,0,0,0,1,3,1,1,,0,39 55:40.000,,0,75 10:07.812,8,0,0,0,67301,1,0,0,N,1,0,0,2,67301,0,,1,1,,N,N,,0,,0,0,0,3,2,,115,1,2,0,0,0,1,0,3,4,0,1,3,,N,,,,,,,,,,,
2007098499,1407.0,1,0,0,1,0,0,0,0,0,4,0,,67,8,2007,3,40.0101,-75.0864,1402.0,6,0,0,0,0,0,0,0,0,,0,0,0,0,3,1,1,,0,40 00:36.212,,0,75 05:11.158,4,0,0,0,67301,1,0,0,,0,0,0,2,67301,1,,1,1,,,,,0,,0,0,0,9,3,,30,1,2,0,0,0,0,0,3,4,0,1,3,,N,,,,,,,,,,,
2007098503,2226.0,3,0,0,0,0,0,0,0,0,1,0,,67,8,2007,4,39.9325,-75.2,2224.0,6,0,0,0,0,0,1,0,1,,0,0,0,22,3,1,3,,0,39 56:02.000,,0,75 11:59.720,8,0,0,0,67301,0,0,0,N,0,0,0,4,67301,0,,1,1,,N,N,,0,,0,0,0,0,0,,2216,1,3,0,0,0,1,0,3,4,0,3,3,,N,,,,,,,,,,,
2007095793,940.0,1,0,0,0,0,0,0,0,0,4,0,,67,8,2007,7,39.9895,-75.1185,936.0,6,0,0,0,0,0,0,0,0,,0,0,0,9,1,1,0,,0,39 59:22.000,,0,75 07:06.605,4,0,0,0,67301,0,0,0,,0,0,0,1,67301,1,,1,1,,,,,1,,0,0,0,0,0,,930,1,2,0,0,1,0,0,3,4,0,2,3,,N,,,,,,,,,,,
2007093547,9999.0,0,0,0,0,0,0,0,0,0,8,0,,67,6,2007,7,40.0362,-75.1743,9999.0,6,0,0,0,0,0,0,0,0,,0,0,0,23,3,1,0,,0,40 02:10.492,,0,75 10:27.429,8,0,0,0,67301,1,0,0,N,1,0,0,2,67301,0,,9,1,,N,N,,0,,0,0,1,0,0,,2345,1,2,0,0,0,1,1,3,4,0,1,3,,N,,,,,,,,,,,
2007027587,2103.0,1,0,0,0,0,0,0,0,0,8,0,,67,1,2007,5,39.9183,-75.1624,2102.0,6,0,0,0,0,0,0,0,0,,0,0,0,21,3,1,1,,0,39 55:06.016,,0,75 09:44.625,8,0,0,0,67301,1,0,0,N,1,0,0,2,67301,0,,1,9,,N,N,,0,,0,0,0,9,3,,2100,1,2,0,0,0,1,0,3,4,0,1,7,,N,,,,,,,,,,,
2007022736,1730.0,2,0,0,0,0,0,0,0,0,6,0,,67,1,2007,2,40.0404,-75.0153,1720.0,6,0,0,0,0,0,1,0,0,,0,0,0,17,3,1,0,,0,40 02:25.000,,0,75 00:55.107,4,0,0,0,67301,0,0,0,N,0,0,0,2,67301,1,,1,9,,N,N,,0,,0,0,0,0,0,,1715,1,3,0,0,0,0,0,3,4,1,3,7,,N,,,,,,,,,,,
2007022796,853.0,2,0,0,0,0,0,0,0,0,1,0,,67,1,2007,3,40.0778,-75.0859,834.0,6,0,0,0,0,0,0,1,1,,0,0,0,8,1,1,0,,0,40 04:39.000,,0,75 05:09.298,4,0,0,0,67301,0,0,0,N,0,0,0,2,67301,1,,1,1,,N,N,,0,,0,0,0,3,2,,830,1,2,0,0,0,0,0,3,4,0,2,3,5.0,N,,,,,,,,,,,
2007066280,2048.0,2,0,0,0,0,0,0,0,0,4,0,,67,5,2007,3,39.9915,-75.135,2046.0,6,0,0,1,0,0,0,0,0,,0,0,0,20,3,1,0,,0,39 59:29.000,,0,75 08:05.960,8,0,0,0,67301,0,0,0,N,0,0,0,3,67301,0,,1,1,,N,N,,0,,0,0,0,0,0,,2030,1,2,0,0,0,1,0,3,4,0,2,3,,N,,,,,,,,,,,
2007056182,1415.0,0,0,0,0,0,0,0,0,0,0,0,,67,3,2007,5,39.9057,-75.133,1414.0,6,0,0,0,0,0,0,0,0,2.0,0,0,0,14,1,1,0,,1,39 54:20.585,3.0,3,75 07:58.695,8,0,0,1,67301,0,0,0,N,0,0,0,1,67501,0,,1,1,,N,N,,0,,0,0,0,9,8,N,1414,1,1,0,0,0,1,0,3,4,0,1,3,,N,,,,,,,,,,,
2007051276,1510.0,1,0,0,0,0,0,0,0,0,1,0,,67,2,2007,1,39.9492,-75.1843,1500.0,6,0,0,0,0,0,0,0,0,1.0,0,0,0,14,1,2,0,,1,39 56:57.000,4.0,0,75 11:03.399,4,0,0,0,67301,0,0,0,N,0,0,0,2,67301,1,,1,1,,N,N,,0,,0,0,1,0,0,N,1450,2,2,0,0,0,1,0,3,4,0,2,3,,N,,,,,,,,,,,
2007056359,1201.0,0,0,0,0,0,0,0,0,0,1,0,,67,4,2007,1,39.9891,-75.1654,1157.0,6,0,0,0,0,0,0,0,0,,0,0,0,11,1,2,1,,0,39 59:20.000,,0,75 09:55.412,4,0,0,0,67301,0,0,0,N,0,0,0,3,67301,2,,1,1,,N,N,,0,,0,0,1,3,2,,1156,2,2,0,0,0,0,1,3,4,0,2,3,,N,,,,,,,,,,,