CRN,ARRIVAL_TM,AUTOMOBILE_COUNT,BELTED_DEATH_COUNT,BELTED_SUSP_SERIOUS_INJ_COUNT,BICYCLE_COUNT,BICYCLE_DEATH_COUNT,BICYCLE_SUSP_SERIOUS_INJ_COUNT,BUS_COUNT,CHLDPAS_DEATH_COUNT,CHLDPAS_SUSP_SERIOUS_INJ_COUNT,COLLISION_TYPE,COMM_VEH_COUNT,CONS_ZONE_SPD_LIM,COUNTY,CRASH_MONTH,CRASH_YEAR,DAY_OF_WEEK,DEC_LAT,DEC_LONG,DISPATCH_TM,DISTRICT,DRIVER_COUNT_16YR,DRIVER_COUNT_17YR,DRIVER_COUNT_18YR,DRIVER_COUNT_19YR,DRIVER_COUNT_20YR,DRIVER_COUNT_50_64YR,DRIVER_COUNT_65_74YR,DRIVER_COUNT_75PLUS,EST_HRS_CLOSED,FATAL_COUNT,HEAVY_TRUCK_COUNT,HORSE_BUGGY_COUNT,HOUR_OF_DAY,ILLUMINATION,INJURY_COUNT,INTERSECT_TYPE,INTERSECTION_RELATED,LANE_CLOSED,LATITUDE,LN_CLOSE_DIR,LOCATION_TYPE,LONGITUDE,MAX_SEVERITY_LEVEL,MCYCLE_DEATH_COUNT,MCYCLE_SUSP_SERIOUS_INJ_COUNT,MOTORCYCLE_COUNT,MUNICIPALITY,NONMOTR_COUNT,NONMOTR_DEATH_COUNT,NONMOTR_SUSP_SERIOUS_INJ_COUNT,NTFY_HIWY_MAINT,PED_COUNT,PED_DEATH_COUNT,PED_SUSP_SERIOUS_INJ_COUNT,PERSON_COUNT,POLICE_AGCY,POSSIBLE_INJ_COUNT,RDWY_SURF_TYPE_CD,RELATION_TO_ROAD,ROAD_CONDITION,ROADWAY_CLEARED,SCH_BUS_IND,SCH_ZONE_IND,SECONDARY_CRASH,SMALL_TRUCK_COUNT,SPEC_JURIS_CD,SUSP_MINOR_INJ_COUNT,SUSP_SERIOUS_INJ_COUNT,SUV_COUNT,TCD_FUNC_CD,TCD_TYPE,TFC_DETOUR_IND,TIME_OF_DAY,TOT_INJ_COUNT,TOTAL_UNITS,UNB_DEATH_COUNT,UNB_SUSP_SERIOUS_INJ_COUNT,UNBELTED_OCC_COUNT,UNK_INJ_DEG_COUNT,UNK_INJ_PER_COUNT,URBAN_AREA,URBAN_RURAL,VAN_COUNT,VEHICLE_COUNT,WEATHER1,WEATHER2,WORK_ZONE_IND,WORK_ZONE_LOC,WORK_ZONE_TYPE,WORKERS_PRES,WZ_CLOSE_DETOUR,WZ_FLAGGER,WZ_LAW_OFFCR_IND,WZ_LN_CLOSURE,WZ_MOVING,WZ_OTHER,WZ_SHLDER_MDN,WZ_WORKERS_INJ_KILLED
2007056363,1620.0,1,0,0,0,0,0,0,0,0,8,0,,67,4,2007,3,40.0946,-75.0152,1615.0,6,0,1,0,0,0,0,0,0,,0,0,0,15,1,1,5,,0,40 05:40.718,,0,75 00:54.707,8,0,0,0,67301,1,0,0,N,1,0,0,2,67301,0,,1,1,,N,N,,0,,0,0,0,3,2,,1505,1,2,0,0,0,1,0,3,4,0,1,3,,N,,,,,,,,,,,
2007098972,1440.0,2,0,0,0,0,0,0,0,0,4,0,,67,8,2007,3,39.9677,-75.1496,1440.0,6,0,0,0,0,0,1,0,0,,0,0,0,14,1,0,10,,0,39 58:03.856,,0,75 08:58.426,9,0,0,0,67301,0,0,0,N,0,0,0,3,67301,0,,1,9,,N,N,,0,,0,0,0,3,3,,1435,0,2,0,0,0,0,1,3,4,0,2,7,,N,,,,,,,,,,,
2007067164,35.0,2,0,0,0,0,0,0,0,0,5,0,,67,5,2007,1,40.0489,-75.0622,30.0,6,0,0,0,0,1,0,0,0,,0,0,0,0,3,1,0,,0,40 02:56.000,,0,75 03:43.884,4,0,0,0,67301,0,0,0,N,0,0,0,1,67301,1,,1,9,,N,N,,1,,0,0,0,0,0,,30,1,3,0,0,0,0,0,3,4,0,3,7,,N,,,,,,,,,,,
2007057216,1955.0,2,0,0,0,0,0,0,0,0,2,0,,67,4,2007,1,40.0462,-75.1431,1955.0,6,0,0,0,0,0,0,0,0,,0,0,0,19,3,5,0,,0,40 02:46.000,,0,75 08:35.024,4,0,0,0,67301,0,0,0,N,0,0,0,5,67301,1,,1,1,,N,N,,0,,0,0,0,0,0,,1955,5,2,0,0,0,4,0,3,4,0,2,3,,N,,,,,,,,,,,
2007054812,1557.0,1,0,0,0,0,0,1,0,0,5,1,,67,3,2007,2,39.9544,-75.1481,1557.0,6,0,0,0,0,0,1,0,0,,0,0,0,15,1,0,3,,0,39 57:15.887,,3,75 08:53.056,0,0,0,0,67301,0,0,0,N,0,0,0,18,67501,0,,1,1,,N,N,,0,,0,0,0,3,8,,1557,0,2,0,0,0,0,0,3,4,0,2,3,,N,,,,,,,,,,,
2007067095,1627.0,2,0,0,0,0,0,0,0,0,4,0,,67,5,2007,1,40.0357,-75.081,1626.0,6,0,0,0,0,0,2,0,0,,0,0,0,16,1,2,1,,0,40 02:08.000,,0,75 04:51.478,4,0,0,0,67301,0,0,0,N,0,0,0,2,67301,2,,1,1,,N,N,,0,,0,0,0,3,2,,1624,2,2,0,0,0,0,0,3,4,0,2,3,,N,,,,,,,,,,,
2007105884,2240.0,0,0,0,0,0,0,0,0,0,7,0,,67,6,2007,4,,,2237.0,6,0,0,0,0,0,0,0,0,,0,0,0,22,3,0,0,,0,39 59:23.3,,0,75 12:09.2,0,0,0,0,67301,0,0,0,,0,0,0,1,67301,0,,5,9,,,N,,0,,0,0,1,9,2,,2230,0,1,0,0,0,0,0,3,3,0,1,7,,N,,,,,,,,,,,
2007105927,1618.0,2,0,0,0,0,0,0,0,0,4,0,,67,8,2007,7,39.9395,-75.1798,1616.0,6,0,0,0,0,0,0,0,1,,0,0,0,16,1,1,1,,0,39 56:22.120,,0,75 10:47.362,4,0,0,0,67301,0,0,0,N,0,0,0,6,67301,1,,1,1,,N,N,,0,,0,0,0,2,2,,1615,1,2,0,0,0,0,0,3,4,0,2,3,,N,,,,,,,,,,,
2007106349,2340.0,1,0,0,0,0,0,0,0,0,7,0,,67,7,2007,3,40.0721,-75.0131,2337.0,6,0,0,0,0,0,0,0,0,,0,0,0,23,3,1,0,,0,40 04:19.000,,0,75 00:47.496,8,0,0,0,67301,0,0,0,,0,0,0,1,67301,0,,5,1,,N,N,,0,,0,0,0,0,0,,2335,1,1,0,0,0,1,0,3,4,0,1,3,,N,,,,,,,,,,,
2007108865,1240.0,0,0,0,0,0,0,1,0,0,8,1,,67,8,2007,3,39.9511,-75.1785,1237.0,6,0,0,0,0,0,1,0,0,,0,0,0,12,1,1,1,,0,39 57:03.000,,0,75 10:42.378,4,0,0,0,67301,1,0,0,N,1,0,0,2,67301,1,,1,1,,N,N,,0,,0,0,0,3,2,,1235,1,2,0,0,0,0,0,3,4,0,1,3,,N,,,,,,,,,,,
2007106508,1450.0,1,0,0,0,0,0,0,0,0,5,0,,67,9,2007,6,40.0159,-75.1538,1445.0,6,0,0,0,0,0,0,0,0,,0,0,0,99,1,1,1,,0,40 00:57.000,,0,75 09:13.829,4,0,0,0,67301,0,0,0,N,0,0,0,5,67301,1,,1,1,,N,N,,0,,0,0,0,3,2,,9999,1,2,0,0,0,0,1,3,4,0,2,3,,N,,,,,,,,,,,
2007106541,210.0,2,0,0,0,0,0,0,0,0,1,0,,67,7,2007,1,40.0211,-75.1519,202.0,6,0,0,0,0,0,0,0,0,,0,0,0,2,3,4,1,,0,40 01:16.060,,0,75 09:07.019,4,0,0,0,67301,0,0,0,N,0,0,0,5,67301,4,,1,1,,N,N,,0,,0,0,0,0,0,,200,4,2,0,0,0,0,1,3,4,0,2,3,,N,,,,,,,,,,,
2007098682,2035.0,1,0,0,0,0,0,0,0,0,8,0,,67,9,2007,7,39.9771,-75.2299,2018.0,6,0,0,0,0,0,0,0,0,,0,0,0,20,3,1,1,,0,39 58:37.470,,0,75 13:47.492,4,0,0,0,67301,1,0,0,N,1,0,0,2,67301,1,,1,1,,N,N,,0,,0,0,0,3,2,,2010,1,2,0,0,0,0,1,3,4,0,1,3,,N,,,,,,,,,,,
2007081285,834.0,1,0,0,0,0,0,0,0,0,4,0,,67,6,2007,7,40.0285,-75.1672,830.0,6,0,0,0,0,0,1,1,0,,0,0,0,8,1,2,0,,0,40 01:42.711,,7,75 10:01.808,8,0,0,0,67301,0,0,0,,0,0,0,2,67301,0,,1,1,,,,,0,,0,0,1,0,0,,830,2,2,0,0,1,2,0,3,4,0,2,3,,N,,,,,,,,,,,
2007081417,12.0,2,0,0,0,0,0,0,0,0,4,0,,67,6,2007,2,40.0189,-75.1404,0.0,6,0,0,0,0,0,0,1,0,,0,0,0,23,3,1,2,,0,40 01:07.917,,0,75 08:25.576,4,0,0,0,67301,0,0,0,N,0,0,0,2,67301,1,,1,1,,N,N,,0,,0,0,0,3,2,,2357,1,2,0,0,0,0,0,3,4,0,2,3,,N,,,,,,,,,,,
2007081591,1703.0,0,0,0,1,0,0,0,0,0,5,0,,67,6,2007,6,40.0509,-75.1489,1700.0,6,0,0,0,0,0,0,1,0,,0,0,0,16,1,2,0,,0,40 03:03.000,,0,75 08:56.402,4,0,0,0,67301,2,0,0,N,0,0,0,3,67301,1,,1,1,,N,N,,0,,0,0,0,0,0,,1658,2,2,0,0,1,1,0,3,4,1,1,3,,N,,,,,,,,,,,
2007081618,1424.0,1,0,0,0,0,0,0,0,0,1,0,,67,3,2007,6,40.0312,-75.0217,1424.0,6,0,0,0,0,0,0,0,1,9.0,0,0,0,14,1,3,1,,2,40 01:52.000,2.0,0,75 01:18.461,8,0,0,0,67301,0,0,0,N,0,0,0,3,67301,0,,1,1,,N,N,,0,,0,0,0,9,2,Y,1424,3,2,0,0,0,3,0,3,4,1,2,3,,N,,,,,,,,,,,
2007081627,941.0,0,0,0,0,0,0,0,0,0,4,0,,67,3,2007,7,39.9434,-75.2323,940.0,6,0,0,0,0,0,0,0,0,2.0,0,0,0,9,1,0,1,,1,39 56:36.000,2.0,0,75 13:56.344,9,0,0,0,67301,0,0,0,N,0,0,0,3,67301,0,,1,9,,N,N,,0,,0,0,1,3,2,Y,930,0,2,0,0,0,0,1,3,4,1,2,10,,N,,,,,,,,,,,
2007081351,2345.0,3,0,0,0,0,0,0,0,1,7,0,,67,5,2007,6,40.0465,-75.0527,2343.0,6,0,0,0,0,0,0,0,0,3.0,0,0,0,23,3,5,0,,2,40 02:47.000,2.0,0,75 03:09.693,2,0,0,0,67301,0,0,0,N,0,0,0,6,67301,0,,5,1,,N,N,,0,,0,1,0,0,0,Y,2341,5,3,0,0,0,4,0,3,4,0,3,3,,N,,,,,,,,,,,
2007081533,40.0,2,0,0,0,0,0,0,0,0,1,0,,67,7,2007,5,40.0543,-75.0495,33.0,6,0,0,0,0,1,0,0,0,,0,0,0,0,3,0,1,,0,40 03:15.000,,0,75 02:58.198,0,0,0,0,67301,0,0,0,N,0,0,0,4,67301,0,,1,9,,N,N,,0,,0,0,0,3,2,,22,0,2,0,0,0,0,0,3,4,0,2,7,,N,,,,,,,,,,,
2007081696,138.0,1,0,0,0,0,0,0,0,0,5,0,,67,6,2007,3,39.9542,-75.2261,136.0,6,0,0,0,0,1,0,0,0,,0,0,0,1,3,2,0,,0,39 57:15.000,,0,75 13:33.839,4,0,0,0,67301,0,0,0,N,0,0,0,4,67301,2,,1,1,,N,N,,0,,0,0,1,0,0,,130,2,2,0,0,4,0,0,3,4,0,2,3,,N,,,,,,,,,,,
2007081708,2045.0,2,0,0,0,0,0,0,0,0,4,0,,67,5,2007,3,39.9456,-75.1651,2030.0,6,0,0,0,0,0,0,1,0,,0,0,0,19,3,2,2,,0,39 56:44.000,,0,75 09:54.498,3,0,0,0,67301,0,0,0,N,0,0,0,3,67301,1,,1,1,,N,N,,0,,1,0,0,3,2,,1939,2,2,0,0,0,0,0,3,4,0,2,3,,N,,,,,,,,,,,
2007081546,930.0,1,0,0,0,0,0,0,0,0,2,0,,67,6,2007,3,40.07,-75.2379,923.0,6,0,0,0,0,0,0,0,1,,0,0,0,9,1,1,1,,0,40 04:12.046,,0,75 14:16.281,8,0,0,0,67301,0,0,0,N,0,0,0,2,67301,0,,1,1,,N,N,,0,,0,0,1,9,3,,920,1,2,0,0,0,1,0,3,4,0,2,3,,N,,,,,,,,,,,
2007116156,1840.0,0,0,0,0,0,0,0,0,0,1,0,,67,10,2007,5,40.0353,-75.1214,1836.0,6,0,0,0,0,0,0,0,0,,0,0,0,18,1,0,1,,0,40 02:07.080,,0,75 07:17.040,0,0,0,0,67301,0,0,0,N,0,0,0,5,67301,0,,1,1,,N,N,,0,,0,0,2,3,2,,1800,0,2,0,0,0,0,0,3,4,0,2,3,,N,,,,,,,,,,,
2007116159,1745.0,1,0,0,0,0,0,0,0,0,4,0,,67,10,2007,1,40.0295,-75.0562,9999.0,6,0,0,0,0,0,0,0,0,,0,0,0,17,1,0,1,,0,40 01:45.000,,0,75 03:22.226,0,0,0,0,67301,0,0,0,,0,0,0,3,67301,0,,1,1,,,,,1,,0,0,0,3,2,,1730,0,2,0,0,0,0,0,3,4,0,2,3,,N,,,,,,,,,,,
2007126445,807.0,0,0,0,1,0,0,0,0,0,4,1,,67,11,2007,6,39.9327,-75.1813,803.0,6,0,0,0,0,0,0,0,0,,0,1,0,8,1,1,2,,0,39 55:57.640,,0,75 10:52.651,8,0,0,0,67301,1,0,0,,0,0,0,2,67301,0,,1,1,,,,,0,,0,0,0,9,3,,802,1,2,0,0,0,1,0,3,4,0,1,3,,N,,,,,,,,,,,
2007126548,1935.0,1,0,0,0,0,0,0,0,0,8,0,,67,10,2007,4,40.0413,-75.1442,1927.0,6,0,0,0,0,0,0,0,0,,0,0,0,19,3,1,0,,0,40 02:28.000,,0,75 08:39.286,4,0,0,0,67301,1,0,0,N,1,0,0,2,67301,1,,1,9,,N,N,,0,,0,0,0,0,0,,1901,1,2,0,0,0,0,0,3,4,0,1,7,,N,,,,,,,,,,,
2007107920,1842.0,2,0,0,0,0,0,0,0,0,1,0,,67,8,2007,3,40.0564,-75.0128,1838.0,6,0,0,0,0,0,1,0,0,,0,0,0,18,1,1,1,,0,40 03:23.000,,0,75 00:46.083,4,0,0,0,67301,0,0,0,N,0,0,0,2,67301,1,,1,1,,N,N,,0,,0,0,0,3,2,,1818,1,2,0,0,0,0,0,3,4,0,2,3,,N,,,,,,,,,,,
2007100113,1508.0,2,0,0,0,0,0,0,0,0,1,0,,67,9,2007,7,40.0054,-75.1967,1508.0,6,0,0,0,0,0,1,0,0,,0,0,0,15,1,0,0,,0,40 00:17.000,,0,75 11:46.297,0,0,0,0,67301,0,0,0,N,0,0,0,2,68K01,0,,1,1,,N,N,,0,,0,0,0,0,0,,1508,0,2,0,0,0,0,0,3,4,0,2,3,,N,,,,,,,,,,,
2007097781,1622.0,0,0,0,0,0,0,0,0,0,7,0,,67,8,2007,6,39.9954,-75.1918,1620.0,6,0,0,0,0,0,0,0,0,,0,0,0,16,1,1,0,,0,39 59:43.447,,0,75 11:30.406,4,0,0,0,67301,0,0,0,,0,0,0,1,67301,1,,2,1,,,,,0,,0,0,1,0,0,,1615,1,1,0,0,0,0,0,3,4,0,1,3,,N,,,,,,,,,,,
2007097914,1100.0,1,0,0,0,0,0,0,0,0,8,0,,67,7,2007,2,39.9542,-75.1698,1059.0,6,0,0,0,0,0,0,0,0,1.0,0,0,0,10,1,1,1,,1,39 57:15.000,4.0,0,75 10:11.174,4,0,0,0,67301,1,0,0,N,1,0,0,2,67301,1,,1,1,,N,N,,0,,0,0,0,3,2,N,1057,1,2,0,0,1,0,0,3,4,0,1,3,,N,,,,,,,,,,,
2007097889,9999.0,3,0,0,0,0,0,0,0,0,6,0,,67,8,2007,3,39.9524,-75.2367,9999.0,6,0,0,0,0,0,0,1,0,,0,0,0,1,3,1,0,,0,39 57:08.816,,0,75 14:12.026,4,0,0,0,67301,0,0,0,N,0,0,0,1,67301,1,,1,1,,N,N,,0,,0,0,1,3,2,,100,1,4,0,0,0,0,0,3,4,0,4,3,,N,,,,,,,,,,,
2007095358,612.0,0,0,0,0,0,0,0,0,0,8,0,,67,7,2007,6,39.9219,-75.1905,608.0,6,0,0,0,0,0,0,0,0,,0,0,0,6,1,1,1,,0,39 55:18.000,,0,75 11:24.960,8,0,0,0,67301,1,0,0,N,1,0,0,2,67301,0,,1,1,,N,N,,0,,0,0,1,3,2,,608,1,2,0,0,0,1,0,3,4,0,1,3,,N,,,,,,,,,,,
2007097952,1231.0,1,0,0,0,0,0,0,0,0,8,0,,67,8,2007,4,39.9509,-75.2431,1225.0,6,0,0,0,0,0,0,0,0,,0,0,0,12,1,1,0,,0,39 57:03.379,,0,75 14:35.009,4,0,0,0,67301,1,0,0,N,1,0,0,2,67301,1,,1,1,,N,N,,0,,0,0,0,0,0,,1220,1,2,0,0,0,0,1,3,4,0,1,3,,N,,,,,,,,,,,
2007097976,2330.0,0,0,0,0,0,0,0,0,0,7,0,,67,7,2007,4,39.9271,-75.1451,2325.0,6,0,0,0,0,0,0,0,0,,0,0,0,23,3,0,2,,0,39 55:33.000,,0,75 08:41.428,0,0,0,0,67301,0,0,0,N,0,0,0,1,67301,0,,3,1,,N,N,,1,,0,0,0,0,0,,2320,0,1,0,0,0,0,0,3,4,0,1,3,,N,,,,,,,,,,,
2007098531,1620.0,1,0,0,0,0,0,0,0,0,6,0,,67,7,2007,2,39.9974,-75.0788,1615.0,6,0,0,0,0,0,0,1,0,,0,0,0,13,1,1,1,,0,39 59:50.557,,0,75 04:43.733,4,0,0,0,67301,0,0,0,N,0,0,0,2,67301,1,,1,1,,N,N,,0,,0,0,0,3,3,,1300,1,2,0,0,0,0,0,3,4,1,2,3,,N,,,,,,,,,,,
2007098126,9999.0,0,0,0,1,0,0,0,0,0,4,0,,67,7,2007,3,39.9344,-75.1692,1648.0,6,0,0,0,0,0,0,0,0,,0,0,0,16,1,1,1,,0,39 56:03.703,,0,75 10:09.296,8,0,0,0,67301,2,0,0,N,0,0,0,3,67301,0,,1,1,,N,N,,1,,0,0,0,3,3,,1630,1,2,0,0,1,1,0,3,4,0,1,3,,N,,,,,,,,,,,
2007093167,1854.0,2,0,0,0,0,0,0,0,0,2,0,,67,7,2007,7,39.9304,-75.2276,1854.0,6,0,0,0,0,0,2,0,0,,0,0,0,18,1,2,2,,0,39 55:49.339,,0,75 13:39.363,4,0,0,0,67301,0,0,0,,0,0,0,3,67301,2,,1,1,,N,N,,0,,0,0,0,3,2,,1854,2,2,0,0,3,0,0,3,4,0,2,3,,N,,,,,,,,,,,
2007095778,221.0,2,0,0,0,0,0,0,0,0,5,0,,67,8,2007,1,39.9981,-75.1129,220.0,6,0,0,0,0,0,0,0,0,,0,1,0,2,3,0,0,,0,39 59:53.124,,0,75 06:46.609,0,0,0,0,67301,0,0,0,N,0,0,0,1,67301,0,,1,1,,N,N,,0,,0,0,0,0,0,,220,0,3,0,0,0,0,0,3,4,0,3,3,,N,,,,,,,,,,,
2007024894,33.0,1,0,0,0,0,0,0,0,0,7,0,,67,1,2007,2,39.9554,-75.148,33.0,6,0,0,0,0,0,0,0,0,,0,0,0,0,3,0,0,,0,39 57:19.052,,0,75 08:51.766,0,0,0,0,67301,0,0,0,N,0,0,0,3,67501,0,,2,9,,N,N,,0,,0,0,0,3,8,,33,0,1,0,0,1,0,0,3,4,0,1,7,,N,,,,,,,,,,,
2007027533,1432.0,1,0,0,0,0,0,0,0,0,1,0,,67,1,2007,4,40.0412,-75.1156,1432.0,6,0,0,0,0,0,0,0,0,,0,0,0,14,1,3,2,,0,40 02:28.377,,0,75 06:56.005,8,0,0,0,67301,0,0,0,N,0,0,0,4,67301,0,,1,1,,N,N,,1,,0,0,0,3,2,,1431,3,2,0,0,0,3,0,3,4,0,2,3,,N,,,,,,,,,,,
2007027660,40.0,2,0,0,0,0,0,0,0,0,4,0,,67,1,2007,1,39.9559,-75.2318,37.0,6,0,0,1,0,1,0,0,0,,0,0,0,0,3,1,1,,0,39 57:21.394,,0,75 13:54.544,4,0,0,0,67301,0,0,0,N,0,0,0,6,67301,1,,1,1,,N,N,,0,,0,0,0,9,3,,36,1,2,0,0,0,0,0,3,4,0,2,3,,N,,,,,,,,,,,
2007027697,1830.0,2,0,0,0,0,0,0,0,0,1,0,,67,1,2007,7,39.9295,-75.2431,1817.0,6,0,0,0,0,0,0,0,0,,0,0,0,16,4,1,2,,0,39 55:46.000,,0,75 14:35.337,4,0,0,0,67301,0,0,0,N,0,0,0,2,67301,1,,1,1,,N,N,,0,,0,0,0,9,3,,1600,1,2,0,0,0,0,1,3,4,0,2,3,,N,,,,,,,,,,,
2007027730,2240.0,2,0,0,0,0,0,0,0,0,4,0,,67,1,2007,3,39.952,-75.1614,2237.0,6,0,0,0,0,1,0,0,0,,0,0,0,22,3,1,1,,0,39 57:07.000,,0,75 09:40.989,3,0,0,0,67301,0,0,0,,0,0,0,3,67301,0,,1,1,,,,,0,,1,0,0,3,2,,2230,1,2,0,0,0,0,0,3,4,0,2,3,,N,,,,,,,,,,,
2007022741,1505.0,1,0,0,0,0,0,0,0,0,4,0,,67,1,2007,7,40.0673,-75.1603,1500.0,6,0,0,0,0,0,1,0,0,,0,0,0,14,1,1,0,,0,40 04:02.431,,0,75 09:36.986,8,0,0,0,67301,0,0,0,N,0,0,0,2,67301,0,,1,1,,N,N,,1,,0,0,0,0,0,,1455,1,2,0,0,0,1,1,3,4,0,2,3,,N,,,,,,,,,,,
2007080948,631.0,2,0,0,0,0,0,0,0,0,5,0,,67,5,2007,2,39.9865,-75.145,627.0,6,0,0,0,0,0,0,0,0,,0,0,0,6,1,3,3,,0,39 59:11.000,,0,75 08:42.177,4,0,0,0,67301,0,0,0,N,0,0,0,3,67301,3,,1,1,,N,N,,0,,0,0,0,3,2,,627,3,2,0,0,0,0,0,3,4,0,2,3,,N,,,,,,,,,,,
2007096741,908.0,0,0,0,0,0,0,0,0,0,4,0,,67,7,2007,5,40.0565,-75.091,905.0,6,0,0,0,0,0,0,0,0,2.0,0,0,0,9,1,1,0,,1,40 03:23.486,3.0,0,75 05:27.708,8,0,0,0,67301,0,0,0,N,0,0,0,1,67301,0,,1,1,,N,N,,2,,0,0,0,0,0,Y,903,1,2,0,0,0,1,0,3,4,0,2,3,,N,,,,,,,,,,,
2007096756,1317.0,2,0,0,0,0,0,0,0,0,2,0,,67,7,2007,3,39.8993,-75.1748,1315.0,6,0,0,0,0,0,2,0,0,,0,0,0,13,1,1,2,,0,39 53:57.000,,0,75 10:29.308,8,0,0,0,67301,0,0,0,N,0,0,0,5,67301,0,,1,1,,N,N,,0,,0,0,0,3,2,,1310,1,2,0,0,0,1,0,3,4,0,2,3,,N,,,,,,,,,,,
2007066236,1655.0,3,0,0,0,0,0,0,0,0,2,0,,67,5,2007,7,39.9455,-75.1807,1653.0,6,0,0,0,0,0,1,0,0,,0,0,0,16,1,3,1,,0,39 56:43.918,,0,75 10:50.696,4,0,0,0,67301,0,0,0,N,0,0,0,6,67301,3,,1,1,,N,N,,0,,0,0,0,3,2,,1645,3,3,0,0,0,0,0,3,4,0,3,3,,N,,,,,,,,,,,
2007117268,545.0,2,0,0,0,0,0,0,0,0,5,0,,67,10,2007,7,39.9612,-75.1466,530.0,6,0,0,0,0,0,0,0,0,,0,0,0,5,1,0,2,,0,39 57:40.000,,0,75 08:47.803,0,0,0,0,67301,0,0,0,N,0,0,0,3,67301,0,,1,1,,N,N,,0,,0,0,0,3,2,,530,0,2,0,0,0,0,0,3,4,0,2,3,,N,,,,,,,,,,,
2007080857,1750.0,2,0,0,0,0,0,0,0,0,1,0,,67,6,2007,4,,,1746.0,6,0,0,0,0,0,0,0,0,1.0,0,0,0,17,1,2,0,,1,,4.0,0,,8,0,0,0,67301,0,0,0,N,0,0,0,5,67301,0,,1,1,,N,N,,0,,0,0,0,0,0,N,1742,2,2,0,0,0,2,0,3,3,0,2,3,,N,,,,,,,,,,,
2007081006,810.0,4,0,0,0,0,0,0,0,0,6,0,,67,3,2007,5,40.0045,-75.148,801.0,6,0,0,0,0,0,0,0,0,3.0,0,0,0,7,1,1,0,,2,40 00:16.149,7.0,0,75 08:52.929,4,0,0,0,67301,0,0,0,N,0,0,0,2,67301,1,,1,1,,N,N,,1,,0,0,1,0,0,Y,715,1,7,0,0,0,0,0,3,4,1,7,3,,N,,,,,,,,,,,
2007120218,1025.0,1,0,0,0,0,0,0,0,0,7,0,,67,10,2007,5,40.0169,-75.0773,1022.0,6,0,0,0,0,0,1,0,0,1.0,0,0,0,10,1,1,1,,1,40 01:00.858,6.0,0,75 04:38.107,8,0,0,0,67301,0,0,0,N,0,0,0,1,67301,0,,5,1,,N,N,,0,,0,0,0,9,3,N,1020,1,1,0,0,0,1,0,3,4,0,1,3,,N,,,,,,,,,,,
2007083700,735.0,1,0,0,0,0,0,0,0,0,7,0,,67,7,2007,7,39.9771,-75.1994,713.0,6,0,0,0,1,0,0,0,0,,0,0,0,7,1,0,3,,0,39 58:37.000,,2,75 11:59.702,0,0,0,0,67301,0,0,0,Y,0,0,0,1,68K01,0,,7,1,,N,N,,0,,0,0,0,0,0,,711,0,1,0,0,1,0,0,3,4,0,1,3,,N,,,,,,,,,,,
2007066356,1010.0,2,0,0,0,0,0,0,0,0,4,0,,67,4,2007,5,40.0659,-75.1765,959.0,6,0,0,0,0,0,1,0,0,,0,0,0,9,1,0,1,,0,40 03:57.000,,0,75 10:35.464,0,0,0,0,67301,0,0,0,N,0,0,0,2,67301,0,,1,1,,N,N,,0,,0,0,0,3,3,,955,0,2,0,0,0,0,0,3,4,0,2,3,,N,,,,,,,,,,,
2007066390,2205.0,1,0,0,0,0,0,0,0,0,8,0,,67,4,2007,2,40.0199,-75.1566,2200.0,6,0,0,0,0,0,0,0,0,,0,0,0,21,3,1,0,,0,40 01:11.503,,0,75 09:23.601,4,0,0,0,67301,1,0,0,N,1,0,0,3,67301,1,,1,1,,N,N,,0,,0,0,0,0,0,,2155,1,2,0,0,0,0,0,3,4,0,1,3,,N,,,,,,,,,,,
2007066429,1607.0,1,0,0,0,0,0,0,0,0,8,0,,67,5,2007,7,39.9878,-75.1185,1605.0,6,0,0,0,0,0,1,0,0,,0,0,0,16,1,1,0,,0,39 59:15.900,,0,75 07:06.500,4,0,0,0,67301,1,0,0,N,1,0,0,2,67301,1,,1,1,,N,N,,0,,0,0,0,0,0,,1602,1,2,0,0,0,0,0,3,4,0,1,3,,N,,,,,,,,,,,
2007066431,1907.0,1,0,0,0,0,0,0,0,0,2,0,,67,4,2007,3,39.9928,-75.1103,1907.0,6,0,0,0,1,0,0,0,0,,0,0,0,19,1,1,0,,0,39 59:34.000,,0,75 06:37.001,8,0,0,1,67301,0,0,0,N,0,0,0,2,67301,0,,1,1,,N,N,,0,,0,0,0,3,2,,1907,1,2,0,0,0,1,0,3,4,0,2,3,,N,,,,,,,,,,,
2007066511,854.0,0,0,0,0,0,0,0,0,0,8,0,,67,5,2007,5,40.0361,-75.1277,850.0,6,0,0,0,0,0,1,0,0,,0,0,0,8,1,1,10,,0,40 02:09.000,,0,75 07:39.767,4,0,0,0,67301,1,0,0,N,1,0,0,2,67301,1,,1,1,,N,N,,0,,0,0,0,3,2,,847,1,2,0,0,0,0,0,3,4,1,1,3,,N,,,,,,,,,,,
2007079974,1628.0,1,0,0,0,0,0,0,0,0,4,0,,67,6,2007,1,39.9395,-75.1972,1626.0,6,0,0,0,0,0,0,0,0,,0,0,0,16,1,1,1,,0,39 56:22.149,,0,75 11:49.847,8,0,0,0,67301,0,0,0,N,0,0,0,2,67301,0,,1,1,,N,N,,0,,0,0,1,3,3,,1625,1,2,0,0,0,1,0,3,4,0,2,3,,N,,,,,,,,,,,