CRN,ARRIVAL_TM,AUTOMOBILE_COUNT,BELTED_DEATH_COUNT,BELTED_SUSP_SERIOUS_INJ_COUNT,BICYCLE_COUNT,BICYCLE_DEATH_COUNT,BICYCLE_SUSP_SERIOUS_INJ_COUNT,BUS_COUNT,CHLDPAS_DEATH_COUNT,CHLDPAS_SUSP_SERIOUS_INJ_COUNT,COLLISION_TYPE,COMM_VEH_COUNT,CONS_ZONE_SPD_LIM,COUNTY,CRASH_MONTH,CRASH_YEAR,DAY_OF_WEEK,DEC_LAT,DEC_LONG,DISPATCH_TM,DISTRICT,DRIVER_COUNT_16YR,DRIVER_COUNT_17YR,DRIVER_COUNT_18YR,DRIVER_COUNT_19YR,DRIVER_COUNT_20YR,DRIVER_COUNT_50_64YR,DRIVER_COUNT_65_74YR,DRIVER_COUNT_75PLUS,EST_HRS_CLOSED,FATAL_COUNT,HEAVY_TRUCK_COUNT,HORSE_BUGGY_COUNT,HOUR_OF_DAY,ILLUMINATION,INJURY_COUNT,INTERSECT_TYPE,INTERSECTION_RELATED,LANE_CLOSED,LATITUDE,LN_CLOSE_DIR,LOCATION_TYPE,LONGITUDE,MAX_SEVERITY_LEVEL,MCYCLE_DEATH_COUNT,MCYCLE_SUSP_SERIOUS_INJ_COUNT,MOTORCYCLE_COUNT,MUNICIPALITY,NONMOTR_COUNT,NONMOTR_DEATH_COUNT,NONMOTR_SUSP_SERIOUS_INJ_COUNT,NTFY_HIWY_MAINT,PED_COUNT,PED_DEATH_COUNT,PED_SUSP_SERIOUS_INJ_COUNT,PERSON_COUNT,POLICE_AGCY,POSSIBLE_INJ_COUNT,RDWY_SURF_TYPE_CD,RELATION_TO_ROAD,ROAD_CONDITION,ROADWAY_CLEARED,SCH_BUS_IND,SCH_ZONE_IND,SECONDARY_CRASH,SMALL_TRUCK_COUNT,SPEC_JURIS_CD,SUSP_MINOR_INJ_COUNT,SUSP_SERIOUS_INJ_COUNT,SUV_COUNT,TCD_FUNC_CD,TCD_TYPE,TFC_DETOUR_IND,TIME_OF_DAY,TOT_INJ_COUNT,TOTAL_UNITS,UNB_DEATH_COUNT,UNB_SUSP_SERIOUS_INJ_COUNT,UNBELTED_OCC_COUNT,UNK_INJ_DEG_COUNT,UNK_INJ_PER_COUNT,URBAN_AREA,URBAN_RURAL,VAN_COUNT,VEHICLE_COUNT,WEATHER1,WEATHER2,WORK_ZONE_IND,WORK_ZONE_LOC,WORK_ZONE_TYPE,WORKERS_PRES,WZ_CLOSE_DETOUR,WZ_FLAGGER,WZ_LAW_OFFCR_IND,WZ_LN_CLOSURE,WZ_MOVING,WZ_OTHER,WZ_SHLDER_MDN,WZ_WORKERS_INJ_KILLED
2007080401,1900.0,2,0,0,0,0,0,0,0,0,4,0,,67,6,2007,1,40.0258,-75.1328,1855.0,6,0,0,0,0,0,0,0,0,,0,0,0,18,1,1,1,,0,40 01:32.829,,0,75 07:58.227,4,0,0,0,67301,0,0,0,N,0,0,0,3,67301,1,,1,9,,N,N,,0,,0,0,0,3,2,,1848,1,2,0,0,0,0,0,3,4,0,2,7,,N,,,,,,,,,,,
2007080142,2257.0,2,0,0,0,0,0,0,0,0,1,0,,67,5,2007,2,39.9484,-75.2416,2255.0,6,0,0,0,0,1,0,0,0,,0,0,0,22,2,1,0,,0,39 56:54.117,,0,75 14:29.616,4,0,0,0,67301,0,0,0,N,0,0,0,1,67301,1,,1,1,,N,N,,0,,0,0,0,0,0,,2252,1,3,0,0,0,0,0,3,4,1,3,3,,N,,,,,,,,,,,
2007080143,1935.0,2,0,0,0,0,0,0,0,0,1,0,,67,6,2007,5,39.9421,-75.2118,1931.0,6,0,0,0,0,0,1,0,0,,0,0,0,17,1,1,0,,0,39 56:31.700,,0,75 12:42.500,8,0,0,0,67301,0,0,0,N,0,0,0,2,67301,0,,1,1,,N,N,,0,,0,0,0,0,0,,1719,1,2,0,0,2,1,0,3,4,0,2,3,,N,,,,,,,,,,,
2007080155,923.0,1,0,0,0,0,0,0,0,0,8,0,,67,7,2007,5,39.9621,-75.1915,921.0,6,0,0,0,0,0,0,0,0,3.0,0,0,0,9,1,2,0,,2,39 57:43.635,6.0,0,75 11:29.536,4,0,0,0,67301,1,0,0,,1,0,0,3,67301,1,,1,9,,,,,0,,0,0,0,0,0,Y,920,2,2,0,0,0,1,0,3,4,0,1,7,,N,,,,,,,,,,,
2007080186,1720.0,0,0,0,0,0,0,0,0,0,4,0,,67,6,2007,1,40.0011,-75.1247,1715.0,6,0,0,0,0,0,0,0,0,,0,0,0,17,1,2,1,,0,40 00:03.000,,0,75 07:29.066,8,0,0,0,67301,0,0,0,N,0,0,0,4,67301,0,,1,1,,N,N,,0,,0,0,2,3,2,,1700,2,2,0,0,0,2,0,3,4,0,2,3,,N,,,,,,,,,,,
2007119405,2335.0,2,0,0,0,0,0,0,0,0,2,0,,67,10,2007,1,39.9675,-75.1799,2330.0,6,0,1,0,0,0,0,0,0,3.0,0,0,0,22,3,3,1,,2,39 58:03.012,6.0,0,75 10:47.758,3,0,0,0,67301,0,0,0,N,0,0,0,9,67301,1,,1,1,,N,N,,0,,2,0,0,3,2,Y,2215,3,2,0,0,0,0,0,3,4,0,2,3,,N,,,,,,,,,,,
2007123836,1737.0,1,0,0,0,0,0,0,0,0,8,0,,67,11,2007,2,39.9679,-75.2335,1735.0,6,0,0,0,0,0,0,1,0,,0,0,0,17,1,1,0,,0,39 58:04.000,,0,75 14:00.446,4,0,0,0,67301,1,0,0,,1,0,0,2,67301,1,,1,1,,,,,0,,0,0,0,0,0,,1733,1,2,0,0,1,0,0,3,4,0,1,3,,N,,,,,,,,,,,
2007123848,223.0,2,0,0,0,0,0,0,0,0,2,0,,67,11,2007,2,39.8901,-75.2006,218.0,6,0,0,0,0,0,0,0,0,1.0,0,0,0,2,3,1,0,,1,39 53:52.000,1.0,3,75 11:03.870,8,0,0,0,67301,0,0,0,N,0,0,0,2,67301,0,,1,1,,N,N,,0,,0,0,0,0,0,N,217,1,2,0,0,0,1,0,3,4,0,2,3,,N,,,,,,,,,,,
2007047758,1458.0,1,0,0,1,0,0,0,0,0,4,0,,67,3,2007,1,39.959,-75.1719,1453.0,6,0,0,0,0,0,0,0,0,,0,0,0,14,1,1,1,,0,39 57:32.000,,0,75 10:19.581,8,0,0,0,67301,1,0,0,N,0,0,0,2,67301,0,,1,1,,N,N,,0,,0,0,0,3,2,,1450,1,2,0,0,0,1,0,3,4,0,1,3,,N,,,,,,,,,,,
2007068124,840.0,2,0,0,0,0,0,0,0,0,2,0,,67,5,2007,2,39.9532,-75.2487,829.0,6,0,0,0,0,0,1,0,0,1.0,0,0,0,8,1,1,2,,1,39 57:11.000,1.0,0,75 14:55.492,4,0,0,0,67301,0,0,0,N,0,0,0,3,67301,1,,1,1,,N,N,,0,,0,0,0,3,2,N,829,1,2,0,0,1,0,0,3,4,0,2,3,,N,,,,,,,,,,,
2007105971,1115.0,1,0,0,0,0,0,0,0,0,2,0,,67,7,2007,5,39.9131,-75.2433,1115.0,6,0,0,0,0,0,0,0,0,,0,0,0,11,1,0,1,,0,39 54:47.000,,0,75 14:35.859,0,0,0,0,67301,0,0,0,N,0,0,0,3,67301,0,,1,9,,N,N,,1,,0,0,0,3,2,,1115,0,2,0,0,1,0,0,3,4,0,2,3,,N,,,,,,,,,,,
2007105980,1140.0,4,0,0,0,0,0,0,0,0,1,0,,67,8,2007,2,39.9674,-75.1604,1138.0,6,0,0,0,1,0,0,0,0,,0,0,0,11,1,1,0,,0,39 58:02.000,,0,75 09:37.526,4,0,0,0,67301,0,0,0,N,0,0,0,6,67301,1,,1,9,,N,N,,0,,0,0,0,0,0,,1137,1,4,0,0,0,0,0,3,4,0,4,7,,N,,,,,,,,,,,
2007105984,800.0,1,0,0,0,0,0,0,0,0,1,0,,67,9,2007,2,40.0588,-75.0442,738.0,6,0,0,0,0,0,1,0,0,,0,0,0,7,1,2,1,,0,40 03:32.000,,0,75 02:41.289,4,0,0,0,67301,0,0,0,N,0,0,0,5,67301,2,,1,1,,N,N,,0,,0,0,1,3,2,,715,2,2,0,0,0,0,0,3,4,0,2,3,,N,,,,,,,,,,,
2007106007,1113.0,3,0,0,0,0,0,0,0,0,4,0,,67,7,2007,1,40.1222,-75.0318,1109.0,6,0,0,0,0,0,0,0,0,1.0,0,0,0,10,1,0,0,,2,40 07:19.794,5.0,0,75 01:54.624,9,0,0,0,67301,2,0,0,N,0,0,0,3,67301,0,,6,1,,N,N,,0,,0,0,0,0,0,Y,1030,0,3,0,0,0,0,1,3,4,0,3,3,,N,,,,,,,,,,,
2007108835,2055.0,2,0,0,0,0,0,0,0,0,1,0,,67,9,2007,2,39.9237,-75.1564,2047.0,6,0,0,0,0,0,0,0,0,,0,0,0,20,3,1,0,,0,39 55:25.499,,0,75 09:23.053,3,0,0,0,67301,0,0,0,,0,0,0,1,67301,0,,1,1,,,,,0,,1,0,0,0,0,,2000,1,2,0,0,1,0,0,3,4,0,2,3,,N,,,,,,,,,,,
2007106580,1222.0,0,0,0,1,0,0,1,0,0,5,1,,67,8,2007,7,39.9568,-75.1744,1220.0,6,0,0,0,0,0,0,0,0,,0,0,0,12,1,1,1,,0,39 57:24.307,,0,75 10:27.847,3,0,0,0,67301,1,0,0,N,0,0,0,2,67301,0,,1,1,,N,N,,0,,1,0,0,9,3,,1216,1,2,0,0,0,0,0,3,4,0,1,3,,N,,,,,,,,,,,
2007106583,1917.0,1,0,0,1,0,0,0,0,0,4,0,,67,9,2007,2,39.9902,-75.1737,1915.0,6,0,0,0,0,0,0,0,0,,0,0,0,19,1,1,1,,0,39 59:24.000,,0,75 10:25.157,4,0,0,0,67301,1,0,0,N,0,0,0,2,67301,1,,1,1,,N,N,,0,,0,0,0,2,2,,1915,1,2,0,0,0,0,0,3,4,0,1,3,,N,,,,,,,,,,,
2007106033,448.0,1,0,0,0,0,0,0,0,0,1,0,,67,8,2007,4,39.9898,-75.1071,448.0,6,0,0,0,0,0,1,0,0,,0,0,0,4,3,1,0,,0,39 59:23.236,,0,75 06:25.585,8,0,0,0,67301,0,0,0,N,0,0,0,2,67301,0,,1,1,,N,N,,1,,0,0,0,0,0,,445,1,2,0,0,1,1,0,3,4,0,2,3,,N,,,,,,,,,,,
2007083825,930.0,1,0,0,0,0,0,0,0,0,7,0,,67,6,2007,7,39.9266,-75.1947,926.0,6,0,0,0,0,0,0,0,0,,0,0,0,9,1,0,3,,0,39 55:40.000,,0,75 11:44.667,0,0,0,0,67301,0,0,0,,0,0,0,1,67301,0,,2,98,,,,,0,,0,0,0,0,0,,926,0,1,0,0,0,0,0,3,4,0,1,3,,N,,,,,,,,,,,
2007081429,726.0,0,0,0,0,0,0,0,0,0,2,0,,67,6,2007,6,40.1236,-75.0154,720.0,6,0,0,0,0,0,1,0,0,,0,0,0,6,1,1,0,,0,40 07:24.830,,0,75 00:55.353,4,0,0,0,67301,0,0,0,N,0,0,0,3,67301,1,,1,1,,N,N,,1,,0,0,1,0,0,,655,1,2,0,0,0,0,0,3,4,0,2,3,,N,,,,,,,,,,,
2007081602,1500.0,1,0,0,0,0,0,0,0,0,4,0,,67,6,2007,5,39.9111,-75.2305,1500.0,6,0,0,0,0,0,0,0,0,,0,0,0,15,1,1,2,,0,39 54:39.823,,0,75 13:49.691,8,0,0,1,67301,0,0,0,,0,0,0,2,67301,0,,1,1,,,,,0,,0,0,0,3,2,,1500,1,2,0,0,0,1,1,3,4,0,2,3,,N,,,,,,,,,,,
2007081677,2350.0,2,0,0,0,0,0,0,0,0,4,0,,67,5,2007,4,39.9041,-75.2262,2345.0,6,0,0,0,0,0,0,0,0,,0,0,0,23,3,1,2,,0,39 54:14.630,,0,75 13:34.143,4,0,0,0,67301,0,0,0,N,0,0,0,3,67301,1,,1,1,,N,N,,0,,0,0,0,3,3,,2330,1,2,0,0,0,0,1,3,4,0,2,3,,N,,,,,,,,,,,
2007081566,2329.0,1,0,0,0,0,0,0,0,0,8,0,,67,6,2007,2,40.0278,-75.1099,2324.0,6,0,0,0,0,0,0,0,0,,0,0,0,23,3,1,0,,0,40 01:39.000,,0,75 06:35.556,3,0,0,0,67301,1,0,0,N,1,0,0,2,67301,0,,1,1,,N,N,,0,,1,0,0,0,0,,2315,1,2,0,0,0,0,0,3,4,0,1,3,,N,,,,,,,,,,,
2007124555,1458.0,2,0,0,0,0,0,0,0,0,4,0,,67,11,2007,2,40.072,-75.013,1453.0,6,0,0,0,0,0,0,0,0,,0,0,0,14,1,0,1,,0,40 04:19.000,,0,75 00:46.977,0,0,0,0,67301,0,0,0,N,0,0,0,2,67301,0,,1,1,,N,N,,0,,0,0,0,2,2,,1451,0,2,0,0,0,0,0,3,4,0,2,3,,N,,,,,,,,,,,
2007127374,1916.0,1,0,0,0,0,0,0,0,0,8,0,,67,10,2007,4,39.9868,-75.1744,1913.0,6,0,0,0,1,0,0,0,0,2.0,0,0,0,19,3,1,0,,1,39 59:12.368,2.0,0,75 10:27.999,3,0,0,0,67301,1,0,0,N,1,0,0,2,67301,0,,1,9,,N,N,,0,,1,0,0,0,0,N,1905,1,2,0,0,0,0,0,3,4,0,1,7,,N,,,,,,,,,,,
2007107527,1318.0,2,0,0,0,0,0,0,0,0,1,0,,67,9,2007,5,39.9541,-75.161,1315.0,6,1,0,0,0,0,0,0,0,,0,0,0,13,1,1,1,,0,39 57:14.932,,0,75 09:39.712,8,0,0,0,67301,1,0,0,N,0,0,0,2,67301,0,,1,1,,N,N,,0,,0,0,0,0,0,,1301,1,2,0,0,1,1,0,3,4,0,2,3,,N,,,,,,,,,,,
2007107539,1740.0,1,0,0,1,0,0,0,0,0,4,0,,67,9,2007,5,39.9966,-75.1142,1735.0,6,0,0,0,0,0,1,0,0,,0,0,0,99,1,1,2,,0,39 59:47.625,,0,75 06:51.265,8,0,0,0,67301,1,0,0,N,0,0,0,2,67301,0,,1,1,,N,N,,0,,0,0,0,0,0,,9999,1,2,0,0,0,1,0,3,4,0,1,3,,N,,,,,,,,,,,
2007107904,152.0,1,0,0,0,0,0,0,0,0,7,0,,67,8,2007,4,39.9708,-75.193,152.0,6,0,0,0,0,1,0,0,0,2.0,0,0,0,1,3,0,0,,2,39 58:15.000,4.0,2,75 11:34.946,0,0,0,0,67301,0,0,0,Y,0,0,0,1,68K01,0,,7,1,,N,N,,0,,0,0,0,0,0,N,145,0,1,0,0,0,0,0,3,4,0,1,3,,N,,,,,,,,,,,
2007102706,2209.0,1,0,0,0,0,0,0,0,0,1,0,,67,9,2007,5,39.9475,-75.1877,2144.0,6,0,0,0,0,0,0,0,0,,0,0,0,21,3,1,1,,0,39 56:50.000,,2,75 11:15.670,8,0,0,0,67301,0,0,0,N,0,0,0,2,68K01,0,,7,1,,N,N,,0,,0,0,1,3,2,,2141,1,2,0,0,0,1,1,3,4,0,2,3,,N,,,,,,,,,,,
2007097833,634.0,1,0,0,0,0,0,0,0,0,2,0,,67,7,2007,7,39.9478,-75.2314,633.0,6,0,0,0,0,0,0,0,0,,0,0,0,6,1,1,0,,0,39 56:52.000,,0,75 13:53.295,8,0,0,0,67301,0,0,0,N,0,0,0,2,67301,0,,1,1,,N,N,,0,,0,0,0,0,0,,620,1,2,0,0,0,1,1,3,4,1,2,3,,N,,,,,,,,,,,
2007097909,315.0,2,0,0,0,0,0,0,0,0,5,0,,67,7,2007,1,39.9629,-75.2023,309.0,6,0,0,0,0,0,2,0,0,,0,0,0,3,3,1,1,,0,39 57:46.000,,0,75 12:08.238,4,0,0,0,67301,0,0,0,N,0,0,0,2,67301,1,,1,9,,N,N,,0,,0,0,0,3,2,,300,1,2,0,0,0,0,0,3,4,0,2,3,,N,,,,,,,,,,,
2007097977,1702.0,1,0,0,0,0,0,0,0,0,8,0,,67,8,2007,4,39.9795,-75.1642,1652.0,6,0,0,0,0,0,0,0,0,,0,0,0,15,1,1,1,,0,39 58:46.000,,0,75 09:51.249,8,0,0,0,67301,1,0,0,N,1,0,0,2,67301,0,,1,1,,N,N,,0,,0,0,0,3,2,,1515,1,2,0,0,0,1,1,3,4,0,1,3,,N,,,,,,,,,,,
2007083699,724.0,1,0,0,0,0,0,0,0,0,7,0,,67,7,2007,4,39.9681,-75.1906,722.0,6,0,0,0,0,1,0,0,0,1.0,0,0,0,7,1,1,0,,1,39 58:05.000,3.0,0,75 11:26.752,3,0,0,0,67301,0,0,0,N,0,0,0,1,68K01,0,,3,1,,N,N,,0,,1,0,0,0,0,N,719,1,1,0,0,0,0,0,3,4,0,1,3,,N,,,,,,,,,,,
2007066402,1145.0,2,0,0,0,0,0,0,0,0,4,0,,67,4,2007,2,40.0289,-75.0895,1140.0,6,0,0,0,0,0,0,0,0,,0,0,0,11,1,2,1,,0,40 01:43.680,,0,75 05:23.280,4,0,0,0,67301,0,0,0,N,0,0,0,2,67301,2,,1,1,,N,N,,0,,0,0,0,0,0,,1140,2,2,0,0,1,0,0,3,4,0,2,3,,N,,,,,,,,,,,
2007066415,1805.0,2,0,1,0,0,0,0,0,0,6,0,,67,4,2007,6,39.923,-75.1885,1802.0,6,0,0,0,0,0,0,0,0,,0,0,0,17,1,6,1,,0,39 55:22.764,,0,75 11:18.725,2,0,0,0,67301,0,0,0,N,0,0,0,6,67301,4,,1,1,,N,N,,0,,1,1,0,3,2,,1750,6,2,0,0,0,0,0,3,4,0,2,3,,N,,,,,,,,,,,
2007066478,410.0,3,0,0,0,0,0,0,0,0,2,0,,67,4,2007,7,40.0556,-75.019,400.0,6,0,0,0,0,0,0,0,0,,0,0,0,3,3,0,0,,0,40 03:20.100,,0,75 01:08.500,0,0,0,0,67301,0,0,0,,0,0,0,1,67301,0,,4,9,,N,N,,0,,0,0,0,0,0,,355,0,3,0,0,0,0,0,3,4,0,3,7,,N,,,,,,,,,,,
2007066543,135.0,0,0,0,0,0,0,0,0,0,8,0,,67,5,2007,2,39.9652,-75.2057,131.0,6,0,0,0,0,0,0,1,0,,0,0,0,99,3,1,0,,0,39 57:54.871,,0,75 12:20.520,2,0,0,0,67301,1,0,1,N,1,0,1,2,67301,0,,1,1,,N,N,,0,,0,1,1,3,2,,9999,1,2,0,0,0,0,0,3,4,0,1,3,,N,,,,,,,,,,,
2007066560,2018.0,2,0,0,0,0,0,0,0,0,2,0,,67,5,2007,1,,,2018.0,6,0,0,0,0,0,1,0,1,,0,0,0,20,3,2,1,,0,,,0,,4,0,0,0,67301,0,0,0,N,0,0,0,5,67301,2,,1,1,,N,N,,0,,0,0,0,3,2,,2018,2,2,0,0,0,0,0,3,3,0,2,3,,N,,,,,,,,,,,
2007079939,908.0,0,0,0,0,0,0,0,0,0,1,1,,67,6,2007,5,40.0889,-75.0207,900.0,6,0,0,0,0,0,1,1,0,,0,1,0,8,1,0,1,,0,40 05:20.000,,0,75 01:15.040,0,0,0,0,67301,0,0,0,N,0,0,0,2,67301,0,,1,1,,N,N,,1,,0,0,0,2,2,,845,0,2,0,0,0,0,0,3,4,0,2,3,,N,,,,,,,,,,,
2007079964,1952.0,2,0,0,0,0,0,0,0,0,2,0,,67,5,2007,2,39.9787,-75.1335,1950.0,6,0,0,0,0,0,1,0,0,1.0,0,0,0,19,4,1,2,,1,39 58:43.164,2.0,0,75 08:00.657,8,0,0,0,67301,0,0,0,N,0,0,0,2,67301,0,,1,1,,N,N,,0,,0,0,0,3,2,N,1945,1,2,0,0,0,1,0,3,4,0,2,3,,N,,,,,,,,,,,
2007080098,1335.0,1,0,0,0,0,0,0,0,0,1,0,,67,6,2007,1,,,1325.0,6,0,0,0,0,0,0,0,0,1.0,0,0,0,13,1,1,0,,1,,2.0,0,,4,0,0,0,67301,0,0,0,N,0,0,0,7,67301,1,,1,1,,N,N,,0,,0,0,1,0,0,N,1320,1,2,0,0,0,0,0,3,3,0,2,3,,N,,,,,,,,,,,
2007127580,1645.0,1,0,0,0,0,0,0,0,0,4,0,,67,10,2007,4,40.0228,-75.159,1636.0,6,0,0,0,0,0,2,0,0,,0,0,0,16,1,1,1,,0,40 01:22.144,,0,75 09:32.504,4,0,0,0,67301,0,0,0,N,0,0,0,2,67301,1,,1,1,,Y,N,,0,,0,0,1,3,2,,1630,1,2,0,0,0,0,1,3,4,0,2,3,,N,,,,,,,,,,,
2007124677,935.0,2,0,0,0,0,0,0,0,0,2,0,,67,10,2007,2,39.9458,-75.1668,930.0,6,0,0,0,0,0,0,0,0,,0,0,0,9,1,0,1,,0,39 56:44.732,,0,75 10:00.371,0,0,0,0,67301,0,0,0,,0,0,0,2,67301,0,,1,1,,N,N,,0,,0,0,0,9,2,,929,0,2,0,0,0,0,0,3,4,0,2,3,,N,,,,,,,,,,,
2007126185,3.0,0,0,0,0,0,0,0,0,0,7,0,,67,11,2007,4,39.8913,-75.1991,3.0,6,0,0,0,0,0,0,0,0,1.0,0,0,0,0,3,1,0,,1,39 53:33.434,2.0,3,75 11:50.414,3,0,0,0,67301,0,0,0,,0,0,0,1,67301,0,,3,1,,N,N,,0,,1,0,1,0,0,N,3,1,1,0,0,0,0,0,3,4,0,1,3,,N,,,,,,,,,,,
2007126211,621.0,1,0,0,0,0,0,0,0,0,4,0,,67,11,2007,2,39.9606,-75.1406,619.0,6,0,0,0,0,0,0,0,0,2.0,0,0,0,6,5,2,1,,2,39 57:38.000,3.0,0,75 08:25.515,8,0,0,0,67301,0,0,0,N,0,0,0,2,67301,0,,1,1,,N,N,,0,,0,0,1,3,2,Y,615,2,2,0,0,0,2,0,3,4,0,2,3,,N,,,,,,,,,,,
2007123792,2232.0,1,0,0,0,0,0,0,0,0,7,0,,67,11,2007,5,40.0155,-75.2086,2219.0,6,0,0,0,0,0,0,0,0,,0,0,0,22,3,0,0,,0,40 00:55.820,,0,75 12:30.943,0,0,0,0,67301,0,0,0,,0,0,0,1,67301,0,,4,1,,,,,0,,0,0,0,0,0,,2210,0,1,0,0,0,0,0,3,4,0,1,3,,N,,,,,,,,,,,
2007123796,917.0,1,0,0,0,0,0,0,0,0,8,0,,67,10,2007,7,39.955,-75.1666,915.0,6,0,0,0,0,0,0,0,0,,0,0,0,99,1,1,1,,0,39 57:22.000,,0,75 10:06.001,4,0,0,0,67301,1,0,0,,1,0,0,2,67301,1,,1,9,,,,,0,,0,0,0,3,2,,9999,1,2,0,0,0,0,1,3,4,0,1,7,,N,,,,,,,,,,,
2007123806,1513.0,2,0,0,0,0,0,0,0,0,4,0,,67,11,2007,1,39.9772,-75.2268,1507.0,6,0,0,0,0,1,1,0,0,,0,0,0,99,1,1,5,,0,39 58:37.000,,0,75 13:36.309,8,0,0,0,67301,0,0,0,N,0,0,0,3,67301,0,,1,1,,N,N,,0,,0,0,0,3,2,,9999,1,2,0,0,0,1,1,3,4,0,2,3,,N,,,,,,,,,,,
2007126841,1707.0,3,0,0,0,0,0,0,0,0,1,0,,67,11,2007,3,39.9944,-75.1985,1705.0,6,0,0,0,0,0,1,0,0,,0,0,0,17,3,0,0,,0,39 59:43.000,,0,75 11:51.433,0,0,0,0,67301,0,0,0,N,0,0,0,3,68K01,0,,1,1,,N,N,,0,,0,0,0,0,0,,1702,0,3,0,0,0,0,0,3,4,0,3,3,,N,,,,,,,,,,,
2007047773,835.0,1,0,0,0,0,0,0,0,0,4,0,,67,3,2007,3,39.9848,-75.1167,824.0,6,0,0,0,0,0,0,0,0,,0,0,0,6,1,3,3,,0,39 59:05.157,,0,75 07:00.015,4,0,0,0,67301,0,0,0,N,0,0,0,5,67301,3,,1,1,,N,N,,1,,0,0,0,3,2,,650,3,2,0,0,0,0,2,3,4,0,2,3,,N,,,,,,,,,,,
2007068123,600.0,1,0,0,0,0,0,0,0,0,8,0,,67,5,2007,6,39.9619,-75.234,550.0,6,0,0,0,0,0,0,0,0,,0,0,0,5,1,1,0,,0,39 57:42.922,,0,75 14:02.245,8,0,0,0,67301,1,0,0,N,1,0,0,2,67301,0,,1,1,,N,N,,0,,0,0,0,0,0,,530,1,2,0,0,0,1,1,3,4,0,1,3,,N,,,,,,,,,,,
2007065651,1250.0,0,0,0,0,0,0,0,0,0,8,0,,67,4,2007,1,39.9372,-75.1647,1248.0,6,0,0,0,0,0,0,0,0,1.0,0,0,0,12,1,1,0,,2,39 56:13.963,1.0,0,75 09:53.031,8,0,0,0,67301,1,0,0,N,1,0,0,3,67301,0,,6,1,,N,N,,0,,0,0,0,0,0,N,1245,1,2,0,0,0,1,1,3,4,1,1,3,,N,,,,,,,,,,,
2007065660,1015.0,2,0,0,0,0,0,0,0,0,2,0,,67,4,2007,5,40.0179,-75.1493,1014.0,6,0,0,0,0,0,0,0,0,1.0,0,0,0,10,1,2,1,,1,40 01:04.000,1.0,0,75 08:57.222,4,0,0,0,67301,0,0,0,N,0,0,0,3,67301,2,,1,1,,N,N,,0,,0,0,0,3,2,N,1014,2,2,0,0,0,0,0,3,4,0,2,3,,N,,,,,,,,,,,
2007110537,1352.0,1,0,0,0,0,0,0,0,0,2,0,,67,9,2007,6,40.048,-75.0928,1348.0,6,0,0,0,0,0,0,0,1,1.0,0,0,0,13,1,1,1,,1,40 02:52.000,7.0,0,75 05:34.216,4,0,0,0,67301,0,0,0,N,0,0,0,2,67301,1,,1,1,,N,N,,0,,0,0,0,9,3,Y,1343,1,2,0,0,0,0,0,3,4,1,2,3,,N,,,,,,,,,,,
2007116257,1654.0,2,0,0,0,0,0,0,0,0,4,0,,67,10,2007,1,40.0742,-75.0347,1651.0,6,0,0,0,0,0,0,0,0,,0,0,0,16,1,0,1,,0,40 04:27.000,,0,75 02:05.033,0,0,0,0,67301,0,0,0,,0,0,0,3,67301,0,,1,1,,,,,0,,0,0,0,3,2,,1648,0,2,0,0,0,0,0,3,4,0,2,3,,N,,,,,,,,,,,
2007105974,113.0,2,0,0,0,0,0,0,0,0,4,0,,67,8,2007,7,39.9456,-75.165,110.0,6,0,0,0,0,0,0,1,0,2.0,0,0,0,1,3,2,1,,2,39 56:44.000,2.0,0,75 09:54.498,4,0,0,0,67301,0,0,0,N,0,0,0,5,67301,2,,1,1,,N,N,,0,,0,0,0,3,2,Y,105,2,2,0,0,4,0,1,3,4,0,2,3,,N,,,,,,,,,,,
2007109071,104.0,0,0,0,0,0,0,0,0,0,7,0,,67,9,2007,7,40.0735,-75.0361,104.0,6,0,0,0,0,0,0,0,0,2.0,0,0,0,99,3,2,0,,2,40 04:24.608,1.0,0,75 02:09.994,3,0,0,0,67301,0,0,0,Y,0,0,0,2,67301,1,,7,9,,N,N,,0,,1,0,1,0,0,Y,9999,2,1,0,0,2,0,0,3,4,0,1,7,,N,,,,,,,,,,,
2007106570,1038.0,0,0,0,0,0,0,0,0,0,6,1,,67,8,2007,5,39.9461,-75.2421,1030.0,6,0,0,0,0,0,0,0,0,,0,1,0,99,1,0,1,,0,39 56:45.000,,0,75 14:31.460,9,0,0,0,67301,0,0,0,N,0,0,0,3,67301,0,,1,1,,,,,0,,0,0,1,3,2,,9999,0,2,0,0,0,0,2,3,4,0,2,3,,N,,,,,,,,,,,
2007106052,1554.0,1,0,0,0,0,0,0,0,0,1,0,,67,8,2007,3,40.0227,-75.1482,1554.0,6,0,0,0,0,0,0,0,0,,0,0,0,15,1,1,5,,0,40 01:21.000,,0,75 08:53.543,3,0,0,1,67301,0,0,0,N,0,0,0,2,67301,0,,1,1,,N,N,,0,,1,0,0,3,2,,1550,1,2,0,0,0,0,0,3,4,0,2,3,,N,,,,,,,,,,,
2007106176,1235.0,2,0,0,0,0,0,0,0,0,6,0,,67,6,2007,1,39.9703,-75.1606,1230.0,6,0,0,0,0,0,0,0,0,,0,0,0,12,1,2,1,,0,39 58:13.159,,0,75 09:37.990,8,0,0,0,67301,0,0,0,N,0,0,0,3,67301,0,,1,1,,N,N,,0,,0,0,0,0,0,,1220,2,2,0,0,0,2,0,3,4,0,2,3,,N,,,,,,,,,,,