CRN,ARRIVAL_TM,AUTOMOBILE_COUNT,BELTED_DEATH_COUNT,BELTED_SUSP_SERIOUS_INJ_COUNT,BICYCLE_COUNT,BICYCLE_DEATH_COUNT,BICYCLE_SUSP_SERIOUS_INJ_COUNT,BUS_COUNT,CHLDPAS_DEATH_COUNT,CHLDPAS_SUSP_SERIOUS_INJ_COUNT,COLLISION_TYPE,COMM_VEH_COUNT,CONS_ZONE_SPD_LIM,COUNTY,CRASH_MONTH,CRASH_YEAR,DAY_OF_WEEK,DEC_LAT,DEC_LONG,DISPATCH_TM,DISTRICT,DRIVER_COUNT_16YR,DRIVER_COUNT_17YR,DRIVER_COUNT_18YR,DRIVER_COUNT_19YR,DRIVER_COUNT_20YR,DRIVER_COUNT_50_64YR,DRIVER_COUNT_65_74YR,DRIVER_COUNT_75PLUS,EST_HRS_CLOSED,FATAL_COUNT,HEAVY_TRUCK_COUNT,HORSE_BUGGY_COUNT,HOUR_OF_DAY,ILLUMINATION,INJURY_COUNT,INTERSECT_TYPE,INTERSECTION_RELATED,LANE_CLOSED,LATITUDE,LN_CLOSE_DIR,LOCATION_TYPE,LONGITUDE,MAX_SEVERITY_LEVEL,MCYCLE_DEATH_COUNT,MCYCLE_SUSP_SERIOUS_INJ_COUNT,MOTORCYCLE_COUNT,MUNICIPALITY,NONMOTR_COUNT,NONMOTR_DEATH_COUNT,NONMOTR_SUSP_SERIOUS_INJ_COUNT,NTFY_HIWY_MAINT,PED_COUNT,PED_DEATH_COUNT,PED_SUSP_SERIOUS_INJ_COUNT,PERSON_COUNT,POLICE_AGCY,POSSIBLE_INJ_COUNT,RDWY_SURF_TYPE_CD,RELATION_TO_ROAD,ROAD_CONDITION,ROADWAY_CLEARED,SCH_BUS_IND,SCH_ZONE_IND,SECONDARY_CRASH,SMALL_TRUCK_COUNT,SPEC_JURIS_CD,SUSP_MINOR_INJ_COUNT,SUSP_SERIOUS_INJ_COUNT,SUV_COUNT,TCD_FUNC_CD,TCD_TYPE,TFC_DETOUR_IND,TIME_OF_DAY,TOT_INJ_COUNT,TOTAL_UNITS,UNB_DEATH_COUNT,UNB_SUSP_SERIOUS_INJ_COUNT,UNBELTED_OCC_COUNT,UNK_INJ_DEG_COUNT,UNK_INJ_PER_COUNT,URBAN_AREA,URBAN_RURAL,VAN_COUNT,VEHICLE_COUNT,WEATHER1,WEATHER2,WORK_ZONE_IND,WORK_ZONE_LOC,WORK_ZONE_TYPE,WORKERS_PRES,WZ_CLOSE_DETOUR,WZ_FLAGGER,WZ_LAW_OFFCR_IND,WZ_LN_CLOSURE,WZ_MOVING,WZ_OTHER,WZ_SHLDER_MDN,WZ_WORKERS_INJ_KILLED
2007081416,9999.0,2,0,0,0,0,0,0,0,0,6,0,,67,6,2007,6,39.9388,-75.1984,,6,0,0,0,0,0,1,0,0,,0,0,0,99,6,0,1,,0,39 56:22.000,,0,75 11:53.378,0,0,0,0,67301,0,0,0,N,0,0,0,2,67301,0,,9,1,,N,N,,0,,0,0,0,3,2,,9999,0,2,0,0,0,0,0,3,4,0,2,3,,N,,,,,,,,,,,
2007081428,1821.0,2,0,0,0,0,0,0,0,0,1,0,,67,6,2007,7,40.0742,-75.0347,1816.0,6,0,0,0,0,0,2,0,0,,0,0,0,18,1,2,2,,0,40 08:03.000,,7,75 00:32.780,4,0,0,0,67301,0,0,0,N,0,0,0,2,67301,2,,1,9,,N,N,,0,,0,0,0,3,2,,1800,2,2,0,0,0,0,0,3,4,0,2,7,,N,,,,,,,,,,,
2007081683,1310.0,1,0,0,0,0,0,0,0,0,7,0,,67,6,2007,2,39.9517,-75.1535,1300.0,6,0,0,0,0,0,0,1,0,,0,0,0,13,1,1,0,,0,39 57:05.966,,0,75 09:12.506,8,0,0,0,67301,0,0,0,,0,0,0,1,67301,0,,2,1,,,,,0,,0,0,0,0,0,,1300,1,1,0,0,0,1,0,3,4,0,1,3,,N,,,,,,,,,,,
2007081540,1720.0,1,0,0,0,0,0,0,0,0,1,0,,67,6,2007,2,40.0669,-75.1583,1712.0,6,0,0,0,0,0,1,0,0,,0,0,0,18,1,2,0,,0,40 04:00.929,,0,75 09:29.851,4,0,0,0,67301,0,0,0,N,0,0,0,4,67301,2,,1,9,,N,N,,0,,0,0,0,9,2,,1830,2,2,0,0,0,0,2,3,4,1,2,3,,N,,,,,,,,,,,
2007081584,1040.0,1,0,0,0,0,0,0,0,0,4,0,,67,5,2007,7,40.0765,-75.0824,1027.0,6,0,0,0,0,0,2,0,1,,0,0,0,10,1,1,1,,0,40 04:35.000,,0,75 04:56.744,4,0,0,0,67301,0,0,0,N,0,0,0,3,67301,1,,1,1,,N,N,,0,,0,0,1,3,2,,1025,1,3,0,0,0,0,0,3,4,1,3,3,,N,,,,,,,,,,,
2007127323,2332.0,2,0,0,0,0,0,0,0,0,4,0,,67,11,2007,6,39.9834,-75.2082,2332.0,6,0,0,0,0,0,0,0,0,1.0,0,0,0,23,3,0,0,,1,39 59:04.000,3.0,0,75 12:30.053,9,0,0,0,67301,0,0,0,N,0,0,0,2,68K01,0,,1,1,,N,N,,0,,0,0,0,0,0,Y,2330,0,2,0,0,0,0,1,3,4,0,2,3,,N,,,,,,,,,,,
2007127370,1810.0,2,0,0,0,0,0,0,0,0,2,0,,67,10,2007,4,,,1801.0,6,0,0,0,0,0,0,0,0,,0,0,0,99,3,1,0,,0,,,0,,3,0,0,0,67301,0,0,0,N,0,0,0,2,67301,0,,1,9,,N,N,,0,,1,0,0,0,0,,9999,1,2,0,0,1,0,0,3,3,0,2,7,,N,,,,,,,,,,,
2007126520,9999.0,1,0,0,0,0,0,0,0,0,7,0,,67,10,2007,4,39.9199,-75.2015,9999.0,6,0,0,0,0,0,0,0,0,9.0,0,0,0,99,2,1,0,,1,39 55:11.744,4.0,3,75 12:05.554,8,0,0,0,67301,0,0,0,,0,0,0,1,67301,0,,2,9,,,,,0,,0,0,0,0,0,N,9999,1,1,0,0,0,1,0,3,4,0,1,7,,N,,,,,,,,,,,
2007107745,2004.0,1,0,0,0,0,0,0,0,0,8,0,,67,9,2007,7,40.0006,-75.1034,2002.0,6,0,0,0,0,0,0,0,0,,0,0,0,20,2,1,0,,0,40 00:02.142,,0,75 06:12.132,3,0,0,0,67301,1,0,0,N,1,0,0,2,67301,0,,1,1,,N,N,,0,,1,0,0,0,0,,2002,1,2,0,0,0,0,0,3,4,0,1,3,,N,,,,,,,,,,,
2007107952,506.0,1,0,0,0,0,0,0,0,0,4,0,,67,7,2007,3,40.0931,-74.9668,504.0,6,0,0,0,0,0,0,0,0,,0,0,0,5,5,0,0,,0,40 05:35.000,,0,74 58:00.242,9,0,0,0,67301,0,0,0,N,0,0,0,1,67301,0,,6,1,,N,N,,1,,0,0,0,0,0,,504,0,3,0,0,0,0,1,3,4,1,3,3,,N,,,,,,,,,,,
2007105922,1443.0,1,0,0,0,0,0,0,0,0,2,0,,67,9,2007,4,40.0631,-75.022,1438.0,6,0,0,0,0,0,0,0,0,,0,0,0,14,1,2,1,,0,40 03:47.000,,0,75 01:19.196,4,0,0,0,67301,0,0,0,N,0,0,0,3,67301,2,,1,1,,N,N,,0,,0,0,1,9,2,,1435,2,2,0,0,0,0,0,3,4,0,2,3,,N,,,,,,,,,,,
2007093147,2021.0,1,0,0,0,0,0,0,0,0,1,0,,67,7,2007,2,40.0086,-75.1271,2019.0,6,0,0,0,0,0,0,0,0,,0,0,0,20,1,0,0,,0,40 00:30.848,,0,75 07:37.714,9,0,0,0,67301,0,0,0,N,0,0,0,2,67301,0,,1,1,,N,N,,1,,0,0,0,0,0,,2000,0,2,0,0,0,0,1,3,4,0,2,3,,N,,,,,,,,,,,
2007093168,10.0,1,0,0,1,0,0,0,0,0,8,0,,67,7,2007,2,39.9316,-75.1578,5.0,6,0,0,0,0,0,1,0,0,,0,0,0,23,3,1,1,,0,39 55:53.828,,0,75 09:28.234,4,0,0,0,67301,1,0,0,N,0,0,0,2,67301,1,,1,1,,N,N,,0,,0,0,0,3,3,,2315,1,2,0,0,0,0,0,3,4,0,1,3,,N,,,,,,,,,,,
2007098483,850.0,1,0,0,1,0,0,0,0,0,4,0,,67,7,2007,3,39.9847,-75.1323,845.0,6,0,0,0,0,0,0,0,0,,0,0,0,8,1,1,1,,0,39 59:05.000,,0,75 07:55.941,3,0,0,0,67301,1,0,0,N,0,0,0,2,67301,0,,1,1,,N,N,,0,,1,0,0,0,0,,815,1,2,0,0,0,0,1,3,4,0,1,3,,N,,,,,,,,,,,
2007022354,1020.0,1,0,0,0,0,0,0,0,0,8,0,,67,1,2007,4,39.9983,-75.1499,1010.0,6,0,0,0,0,0,0,0,0,,0,0,0,9,1,1,1,,0,39 59:53.948,,0,75 08:59.503,8,0,0,0,67301,1,0,0,N,1,0,0,2,67301,0,,1,1,,N,N,,0,,0,0,0,3,2,,950,1,2,0,0,0,1,0,3,4,0,1,3,,N,,,,,,,,,,,
2007120233,1705.0,1,0,2,0,0,0,0,0,0,2,0,,67,9,2007,1,39.9325,-75.2246,1655.0,6,0,0,0,0,0,0,0,0,2.0,0,0,0,99,1,7,1,,1,39 55:56.906,5.0,0,75 13:28.606,2,0,0,0,67301,0,0,0,N,0,0,0,9,67301,5,,1,1,,N,N,,0,,0,2,0,3,2,Y,9999,7,2,0,0,0,0,0,3,4,0,2,3,,N,,,,,,,,,,,
2007081055,1222.0,2,0,0,0,0,0,0,0,0,1,0,,67,5,2007,5,40.0362,-75.1287,1215.0,6,0,0,0,0,0,1,0,0,,0,0,0,12,1,2,1,,0,40 02:10.000,,0,75 07:43.436,3,0,0,0,67301,0,0,0,N,0,0,0,3,67301,1,,1,1,,N,N,,0,,1,0,0,3,2,,1210,2,2,0,0,0,0,0,3,4,0,2,3,,N,,,,,,,,,,,
2007120195,833.0,1,0,0,0,0,0,0,0,0,2,0,,67,10,2007,3,40.0101,-75.1214,831.0,6,0,0,0,1,0,1,0,0,,0,0,0,8,1,2,1,,0,40 00:36.435,,0,75 07:17.178,8,0,0,0,67301,0,0,0,N,0,0,0,2,67301,0,,1,1,,N,N,,0,,0,0,1,3,2,,825,2,2,0,0,0,2,0,3,4,0,2,3,,N,,,,,,,,,,,
2007066558,1515.0,2,0,0,0,0,0,0,0,0,4,0,,67,5,2007,7,40.0631,-75.0516,1515.0,6,0,0,0,0,0,2,0,0,,0,0,0,15,1,0,1,,0,40 03:47.160,,0,75 03:05.760,0,0,0,0,67301,0,0,0,,0,0,0,2,67301,0,,1,1,,,,,0,,0,0,0,3,2,,1510,0,2,0,0,0,0,0,3,4,0,2,3,,N,,,,,,,,,,,
2007079917,1602.0,2,0,0,0,0,0,0,0,0,4,0,,67,6,2007,7,40.0522,-75.0931,1602.0,6,0,0,0,0,0,1,0,0,,0,0,0,99,1,2,1,,0,40 03:07.000,,0,75 05:35.124,4,0,0,0,67301,0,0,0,,0,0,0,3,67301,2,,1,1,,,,,0,,0,0,0,9,3,,9999,2,2,0,0,0,0,1,3,4,0,2,3,,N,,,,,,,,,,,
2007080260,1914.0,2,0,0,0,0,0,0,0,0,4,0,,67,6,2007,7,40.0386,-75.1771,1913.0,6,0,0,0,0,0,0,0,0,,0,0,0,19,1,0,0,,0,40 02:19.000,,7,75 10:37.547,0,0,0,0,67301,0,0,0,,0,0,0,2,67301,0,,1,1,,,,,0,,0,0,0,0,0,,1910,0,2,0,0,0,0,0,3,4,0,2,3,,N,,,,,,,,,,,
2007080133,220.0,2,0,0,0,0,0,0,0,0,6,0,,67,6,2007,6,39.9315,-75.1478,216.0,6,0,0,0,0,0,0,0,0,3.0,0,0,0,2,3,0,10,,2,39 55:53.526,3.0,0,75 08:51.961,0,0,0,0,67301,0,0,0,N,0,0,0,2,67301,0,,1,9,,N,N,,1,,0,0,0,0,0,Y,210,0,3,0,0,0,0,0,3,4,0,3,3,,N,,,,,,,,,,,
2007080185,1538.0,1,0,0,0,0,0,0,0,0,8,0,,67,5,2007,4,40.0009,-75.1308,1532.0,6,0,0,0,0,0,0,0,0,,0,0,0,15,1,1,0,,0,40 00:03.412,,0,75 07:50.764,3,0,0,0,67301,1,0,0,N,1,0,0,2,67301,0,,1,1,,N,N,,0,,1,0,0,0,0,,1530,1,2,0,0,1,0,0,3,4,0,1,3,,N,,,,,,,,,,,
2007124097,2035.0,0,0,0,0,0,0,0,0,0,8,0,,67,10,2007,7,39.9983,-75.1274,2030.0,6,0,0,0,0,0,0,0,0,,0,0,0,20,3,1,2,,0,39 59:53.000,,0,75 07:38.508,2,0,0,0,67301,1,0,1,,1,0,1,2,67301,0,,1,1,,,,,0,,0,1,1,0,0,,2030,1,2,0,0,0,0,0,3,4,0,1,3,,N,,,,,,,,,,,
2007124268,2100.0,2,0,0,0,0,0,0,0,0,4,0,,67,11,2007,3,39.9421,-75.2117,2025.0,6,0,0,0,0,0,0,0,0,,0,0,0,8,3,1,1,,0,39 56:31.419,,0,75 12:42.235,8,0,0,0,67301,0,0,0,,0,0,0,3,67301,0,,1,1,,,N,,0,,0,0,0,3,1,,825,1,2,0,0,0,1,0,3,4,0,2,3,,N,,,,,,,,,,,
2007126125,1113.0,1,0,0,0,0,0,0,0,0,8,0,,67,11,2007,2,39.9519,-75.1615,1109.0,6,0,0,0,0,0,0,0,0,,0,0,0,11,1,1,0,,0,39 57:06.676,,0,75 09:41.416,8,0,0,0,67301,1,0,0,,1,0,0,2,67301,0,,1,1,,,,,0,,0,0,0,0,0,,1100,1,2,0,0,1,1,0,3,4,0,1,3,,N,,,,,,,,,,,
2007124681,825.0,1,0,0,0,0,0,0,0,0,2,1,,67,10,2007,4,40.0619,-75.0214,816.0,6,0,0,0,0,0,0,0,1,,0,1,0,8,1,1,0,,0,40 03:42.000,,0,75 01:16.895,4,0,0,0,67301,0,0,0,,0,0,0,2,67301,1,,6,1,,,,,0,,0,0,0,0,0,,800,1,2,0,0,0,0,0,3,4,0,2,3,,N,,,,,,,,,,,
2007047738,1324.0,2,0,0,0,0,0,0,0,0,1,0,,67,2,2007,4,40.0032,-75.1525,1300.0,6,0,0,0,0,1,0,0,0,,0,0,0,12,1,5,1,,0,40 00:11.000,,0,75 09:08.838,4,0,0,0,67301,0,0,0,N,0,0,0,5,67301,1,,1,1,,N,N,,0,,0,0,0,3,4,,1250,5,2,0,0,1,4,0,3,4,0,2,3,,N,,,,,,,,,,,
2007028833,1808.0,1,0,0,0,0,0,0,0,0,8,0,,67,2,2007,6,39.957,-75.1694,1805.0,6,0,0,0,0,0,1,0,0,1.0,0,0,0,18,3,1,5,,1,39 57:26.000,6.0,0,75 10:15.324,3,0,0,0,67301,1,0,0,N,1,0,0,3,67301,0,,1,9,,N,N,,0,,1,0,0,3,2,N,1803,1,2,0,0,0,0,0,3,4,0,1,7,,N,,,,,,,,,,,
2007068126,1250.0,0,0,0,0,0,0,0,0,0,8,0,,67,4,2007,4,39.9583,-75.2234,1245.0,6,0,0,0,0,0,0,0,0,9.0,0,0,0,12,1,1,0,,2,39 57:29.000,3.0,0,75 13:24.114,3,0,0,0,67301,1,0,0,N,1,0,0,5,67301,0,,1,98,,N,N,,0,,1,0,1,0,0,Y,1240,1,2,0,0,0,0,0,3,4,0,1,99,,N,,,,,,,,,,,
2007068132,1915.0,1,0,0,0,0,0,0,0,0,7,0,,67,5,2007,1,39.9117,-75.1484,1912.0,6,0,1,0,0,0,0,0,0,1.0,0,0,0,19,1,1,0,,1,39 54:38.000,1.0,2,75 08:55.181,3,0,0,0,67301,0,0,0,,0,0,0,2,67301,0,,2,1,,,,,0,,1,0,0,0,0,Y,1910,1,1,0,0,0,0,0,3,4,0,1,98,,N,,,,,,,,,,,
2007110526,1737.0,0,0,0,1,0,0,0,0,0,4,0,,67,9,2007,7,39.9718,-75.2372,1733.0,6,0,0,0,0,0,0,0,0,,0,0,0,17,1,1,2,,0,39 58:18.346,,0,75 14:13.837,8,0,0,0,67301,1,0,0,N,0,0,0,4,67301,0,,1,1,,N,N,,0,,0,0,0,0,0,,1730,1,2,0,0,0,1,0,3,4,1,1,3,,N,,,,,,,,,,,
2007110752,1810.0,1,0,0,0,0,0,0,0,0,8,0,,67,9,2007,2,40.0398,-75.1445,1805.0,6,0,0,0,0,1,0,0,0,1.0,0,0,0,18,1,1,1,,1,40 02:23.000,2.0,0,75 08:40.028,4,0,0,0,67301,1,0,0,,1,0,0,2,67301,1,,1,1,,,,,0,,0,0,0,3,2,N,1800,1,2,0,0,0,0,0,3,4,0,1,3,,N,,,,,,,,,,,
2007108206,9999.0,1,0,0,0,0,0,0,0,0,7,0,,67,9,2007,7,40.0119,-75.2049,800.0,6,0,0,0,0,0,0,0,0,,0,0,0,99,1,0,7,,0,40 00:42.000,,8,75 12:17.698,0,0,0,0,67301,0,0,0,Y,0,0,0,1,67301,0,,2,9,,N,N,,0,,0,0,0,0,0,,9999,0,1,0,0,0,0,0,3,4,0,1,98,,N,,,,,,,,,,,
2007105967,1835.0,2,0,0,0,0,0,0,0,0,4,0,,67,6,2007,1,40.0468,-75.1375,1830.0,6,0,0,0,0,0,1,0,0,1.0,0,0,0,18,1,1,1,,2,40 02:48.000,7.0,0,75 08:15.121,4,0,0,0,67301,0,0,0,N,0,0,0,2,67301,1,,1,1,,N,N,,0,,0,0,0,3,2,Y,1820,1,2,0,0,0,0,0,3,4,0,2,3,,N,,,,,,,,,,,
2007105977,332.0,1,0,0,0,0,0,0,0,0,8,0,,67,8,2007,1,40.039,-75.1446,327.0,6,0,0,0,0,0,0,0,0,,0,0,0,2,3,2,1,,0,40 02:20.000,,0,75 08:41.028,4,0,0,0,67301,1,0,0,N,1,0,0,3,67301,2,,1,1,,N,N,,0,,0,0,0,3,2,,200,2,2,0,0,0,0,1,3,4,0,1,3,,N,,,,,,,,,,,
2007106022,940.0,1,0,0,0,0,0,1,0,0,4,1,,67,8,2007,3,40.028,-75.1725,930.0,6,0,0,0,1,0,0,0,0,,0,0,0,9,1,12,1,,0,40 01:40.000,,0,75 10:21.087,3,0,0,0,67301,0,0,0,N,0,0,0,17,67301,0,,1,9,,N,N,,0,,1,0,0,3,2,,927,12,2,0,0,1,11,0,3,4,0,2,7,,N,,,,,,,,,,,
2007108881,32.0,2,0,0,0,0,0,0,0,0,4,0,,67,8,2007,5,40.0894,-74.9793,28.0,6,0,0,0,0,0,0,0,0,,0,0,0,0,3,1,0,,0,40 05:21.832,,0,74 58:45.472,4,0,0,0,67301,0,0,0,,0,0,0,1,67301,1,,1,1,,,,,0,,0,0,0,0,0,,23,1,2,0,0,0,0,0,3,4,0,2,3,,N,,,,,,,,,,,
2007106559,1611.0,4,0,0,0,0,0,0,0,0,4,0,,67,8,2007,6,39.9634,-75.1629,1604.0,6,0,0,0,0,0,0,0,0,3.0,0,0,0,15,1,2,1,,1,39 57:48.060,2.0,0,75 09:46.616,3,0,0,0,67301,0,0,0,N,0,0,0,3,67301,0,,1,1,,N,N,,0,,2,0,0,3,3,N,1555,2,4,0,0,0,0,0,3,4,0,4,3,,N,,,,,,,,,,,
2007106503,1905.0,2,0,0,0,0,0,0,0,0,4,0,,67,8,2007,6,40.0473,-75.1677,1901.0,6,0,0,0,0,0,0,0,0,,0,0,0,18,1,2,1,,0,40 02:50.000,,0,75 10:03.883,4,0,0,0,67301,0,0,0,N,0,0,0,2,67301,2,,1,1,,N,N,,0,,0,0,0,3,2,,1850,2,2,0,0,0,0,0,3,4,0,2,3,,N,,,,,,,,,,,
2007098717,1915.0,2,0,0,0,0,0,0,0,0,5,0,,67,8,2007,4,40.0082,-75.1427,1911.0,6,0,0,0,0,0,0,0,0,,0,0,0,19,1,1,1,,0,40 00:29.000,,0,75 08:33.739,4,0,0,0,67301,0,0,0,,0,0,0,2,67301,1,,1,1,,N,N,,0,,0,0,0,9,2,,1911,1,3,0,0,0,0,1,3,4,1,3,3,,N,,,,,,,,,,,
2007098745,220.0,1,0,0,0,0,0,0,0,0,7,0,,67,7,2007,7,39.9563,-75.1945,219.0,6,0,0,0,0,0,0,0,0,1.0,0,0,0,2,3,2,0,,2,39 57:22.000,4.0,0,75 11:39.959,4,0,0,0,67301,0,0,0,N,0,0,0,2,67504,2,,4,1,,N,N,,0,,0,0,0,0,0,Y,219,2,1,0,0,0,0,0,3,4,0,1,3,,N,,,,,,,,,,,
2007098752,1250.0,1,0,0,0,0,0,0,0,0,8,0,,67,8,2007,1,39.9932,-75.1241,1245.0,6,0,0,0,0,0,0,0,1,,0,0,0,12,1,1,0,,0,39 59:35.444,,0,75 07:26.641,8,0,0,0,67301,1,0,0,N,1,0,0,3,67301,0,,1,1,,N,N,,0,,0,0,0,0,0,,1215,1,2,0,0,0,1,0,3,4,0,1,3,,N,,,,,,,,,,,
2007098641,1636.0,1,0,0,0,0,0,0,0,0,7,0,,67,7,2007,7,40.0513,-75.2402,1616.0,6,0,0,0,0,0,0,1,0,,0,0,0,16,1,0,0,,0,40 03:04.640,,0,75 14:24.853,0,0,0,0,67301,0,0,0,N,0,0,0,1,67301,0,,4,1,,N,N,,0,,0,0,0,0,0,,1615,0,1,0,0,0,0,0,3,4,0,1,3,,N,,,,,,,,,,,
2007096190,9999.0,3,0,0,0,0,0,0,0,0,9,0,,67,7,2007,7,39.9567,-75.1524,9999.0,6,0,0,0,0,1,0,0,0,2.0,0,0,0,99,3,4,1,,2,39 57:24.000,3.0,2,75 09:08.535,4,0,0,0,67301,0,0,0,,0,0,0,6,67301,1,,1,1,,N,N,,0,,0,0,1,3,2,Y,9999,4,4,0,0,0,3,2,3,4,0,4,3,,N,,,,,,,,,,,
2007098822,1740.0,1,0,0,1,0,0,0,0,0,4,0,,67,8,2007,4,39.9696,-75.2254,1733.0,6,0,0,0,0,0,0,0,0,,0,0,0,16,1,1,0,,0,39 58:10.280,,0,75 13:31.343,3,0,0,0,67301,1,0,0,N,0,0,0,2,67301,0,,1,1,,N,N,,0,,1,0,0,3,3,,1645,1,2,0,0,0,0,0,3,4,0,1,3,,N,,,,,,,,,,,
2007081289,925.0,2,0,0,0,0,0,0,0,0,4,0,,67,5,2007,6,39.9563,-75.1616,9999.0,6,0,0,0,0,0,0,0,0,,0,0,0,9,1,1,0,,0,39 57:22.700,,0,75 09:41.800,4,0,0,0,67301,0,0,0,N,0,0,0,1,67301,1,,1,1,,N,N,,0,,0,0,0,0,0,,920,1,2,0,0,0,0,0,3,4,0,2,3,,N,,,,,,,,,,,
2007081604,1500.0,2,0,0,0,0,0,0,0,0,4,0,,67,6,2007,1,40.0242,-75.1328,1451.0,6,0,0,0,0,0,1,0,0,1.0,0,0,0,14,1,1,1,,1,40 01:26.000,2.0,0,75 07:59.257,8,0,0,0,67301,0,0,0,N,0,0,0,3,67301,0,,1,9,,N,N,,0,,0,0,0,3,2,Y,1451,1,2,0,0,1,1,2,3,4,0,2,7,,N,,,,,,,,,,,
2007120291,1309.0,2,0,0,0,0,0,0,0,0,1,0,,67,9,2007,6,39.9486,-75.2171,1309.0,6,0,0,0,0,0,1,0,0,,0,0,0,13,1,2,1,,0,39 56:55.000,,0,75 13:01.629,4,0,0,0,67301,0,0,0,,0,0,0,4,67301,2,,1,1,,,,,0,,0,0,0,2,2,,1309,2,2,0,0,0,0,0,3,4,0,2,3,,N,,,,,,,,,,,
2007120294,2035.0,1,0,0,0,0,0,0,0,0,8,0,,67,8,2007,4,40.0001,-75.1098,2030.0,6,0,0,0,0,0,0,0,0,,0,0,0,19,3,1,0,,0,40 00:00.244,,0,75 06:35.341,3,0,0,0,67301,1,0,0,N,1,0,0,2,67301,0,,1,1,,N,N,,0,,1,0,0,0,0,,1930,1,2,0,0,0,0,0,3,4,0,1,3,,N,,,,,,,,,,,
2007120326,32.0,2,0,0,0,0,0,0,0,0,4,0,,67,10,2007,4,39.9944,-75.1985,11.0,6,0,0,0,0,0,0,0,0,,0,0,0,0,3,0,0,,0,39 59:44.000,,0,75 11:50.511,9,0,0,0,67301,0,0,0,N,0,0,0,2,68K01,0,,1,9,,N,N,,0,,0,0,0,0,0,,5,0,2,0,0,0,0,1,3,4,0,2,3,,N,,,,,,,,,,,
2007079368,2225.0,1,0,0,0,0,0,0,0,0,1,0,,67,6,2007,6,39.9992,-75.1955,2213.0,6,0,0,0,1,0,1,0,0,1.0,0,0,0,22,3,1,0,,1,39 59:57.453,3.0,0,75 11:43.660,4,0,0,0,67301,0,0,0,N,0,0,0,2,68K01,1,,1,1,,N,N,,0,,0,0,1,0,0,N,2209,1,2,0,0,0,0,0,3,4,0,2,3,,N,,,,,,,,,,,
2007116155,935.0,2,0,0,0,0,0,0,0,0,5,0,,67,9,2007,3,39.9938,-75.1777,930.0,6,0,0,0,0,0,0,0,0,,0,0,0,9,1,1,0,,0,39 59:37.500,,0,75 10:39.594,4,0,0,0,67301,0,0,0,N,0,0,0,1,67301,1,,6,1,,N,N,,0,,0,0,0,0,0,,930,1,2,0,0,0,0,0,3,4,0,2,3,,N,,,,,,,,,,,
2007126100,851.0,1,0,0,0,0,0,0,0,0,8,0,,67,11,2007,2,39.9721,-75.1248,850.0,6,0,0,0,0,0,0,1,0,,0,0,0,8,1,1,1,,0,39 58:20.000,,0,75 07:27.822,3,0,0,0,67301,1,0,0,N,1,0,0,2,67301,0,,1,1,,N,N,,0,,1,0,0,3,2,,845,1,2,0,0,0,0,0,3,4,0,1,3,,N,,,,,,,,,,,
2007126114,1230.0,2,0,0,0,0,0,0,0,0,1,0,,67,11,2007,6,39.9732,-75.1591,1230.0,6,0,0,0,0,0,1,0,0,,0,0,0,12,1,1,1,,0,39 58:23.000,,0,75 09:32.853,3,0,0,0,67301,0,0,0,N,0,0,0,3,67301,0,,1,1,,N,N,,0,,1,0,0,3,2,,1228,1,2,0,0,0,0,0,3,4,0,2,3,,N,,,,,,,,,,,
2007126417,1725.0,0,0,0,0,0,0,0,0,0,7,0,,67,10,2007,2,,,1721.0,6,0,0,0,0,0,0,0,0,,0,0,0,16,1,1,0,,0,,,0,,8,0,0,0,67301,0,0,0,N,0,0,0,1,67301,0,,5,1,,N,N,,1,,0,0,0,0,0,,1645,1,1,0,0,0,1,0,3,3,0,1,3,,N,,,,,,,,,,,
2007126448,1445.0,1,0,0,0,0,0,0,0,0,4,0,,67,10,2007,4,39.9432,-75.1585,1441.0,6,0,0,0,0,0,0,0,0,,0,0,0,14,1,0,1,,0,39 56:35.516,,0,75 09:30.711,0,0,0,0,67301,0,0,0,N,0,0,0,2,67301,0,,1,1,,N,N,,0,,0,0,0,3,3,,1441,0,2,0,0,0,0,0,3,4,1,2,3,,N,,,,,,,,,,,
2007123987,718.0,2,0,0,0,0,0,0,0,0,4,0,,67,10,2007,3,40.0755,-74.9902,715.0,6,0,0,0,0,0,0,1,0,,0,0,0,99,1,1,0,,0,40 04:31.926,,0,74 59:24.734,4,0,0,0,67301,0,0,0,N,0,0,0,3,67301,1,,3,1,,N,N,,0,,0,0,0,0,0,,9999,1,2,0,0,0,0,0,3,4,0,2,3,,N,,,,,,,,,,,
2007080156,1705.0,1,0,0,0,0,0,1,0,0,5,1,,67,6,2007,5,39.9642,-75.1902,1659.0,6,0,0,0,0,0,0,0,0,,0,0,0,16,1,1,1,,0,39 57:51.138,,0,75 11:24.597,4,0,0,0,67301,1,0,0,,0,0,0,2,67301,1,,1,1,,,,,0,,0,0,0,9,2,,1640,1,2,0,0,0,0,1,3,4,0,2,3,,N,,,,,,,,,,,
2007080173,1120.0,0,0,0,1,0,0,0,0,0,1,0,,67,6,2007,7,40.0164,-75.2105,1113.0,6,0,0,0,0,0,0,0,0,,0,0,0,11,1,1,2,,0,40 00:59.000,,0,75 12:38.493,3,0,0,0,67301,1,0,0,N,0,0,0,2,67301,0,,2,1,,N,N,,0,,1,0,1,0,0,,1105,1,2,0,0,1,0,0,3,4,0,1,3,,N,,,,,,,,,,,