CRN,ARRIVAL_TM,AUTOMOBILE_COUNT,BELTED_DEATH_COUNT,BELTED_SUSP_SERIOUS_INJ_COUNT,BICYCLE_COUNT,BICYCLE_DEATH_COUNT,BICYCLE_SUSP_SERIOUS_INJ_COUNT,BUS_COUNT,CHLDPAS_DEATH_COUNT,CHLDPAS_SUSP_SERIOUS_INJ_COUNT,COLLISION_TYPE,COMM_VEH_COUNT,CONS_ZONE_SPD_LIM,COUNTY,CRASH_MONTH,CRASH_YEAR,DAY_OF_WEEK,DEC_LAT,DEC_LONG,DISPATCH_TM,DISTRICT,DRIVER_COUNT_16YR,DRIVER_COUNT_17YR,DRIVER_COUNT_18YR,DRIVER_COUNT_19YR,DRIVER_COUNT_20YR,DRIVER_COUNT_50_64YR,DRIVER_COUNT_65_74YR,DRIVER_COUNT_75PLUS,EST_HRS_CLOSED,FATAL_COUNT,HEAVY_TRUCK_COUNT,HORSE_BUGGY_COUNT,HOUR_OF_DAY,ILLUMINATION,INJURY_COUNT,INTERSECT_TYPE,INTERSECTION_RELATED,LANE_CLOSED,LATITUDE,LN_CLOSE_DIR,LOCATION_TYPE,LONGITUDE,MAX_SEVERITY_LEVEL,MCYCLE_DEATH_COUNT,MCYCLE_SUSP_SERIOUS_INJ_COUNT,MOTORCYCLE_COUNT,MUNICIPALITY,NONMOTR_COUNT,NONMOTR_DEATH_COUNT,NONMOTR_SUSP_SERIOUS_INJ_COUNT,NTFY_HIWY_MAINT,PED_COUNT,PED_DEATH_COUNT,PED_SUSP_SERIOUS_INJ_COUNT,PERSON_COUNT,POLICE_AGCY,POSSIBLE_INJ_COUNT,RDWY_SURF_TYPE_CD,RELATION_TO_ROAD,ROAD_CONDITION,ROADWAY_CLEARED,SCH_BUS_IND,SCH_ZONE_IND,SECONDARY_CRASH,SMALL_TRUCK_COUNT,SPEC_JURIS_CD,SUSP_MINOR_INJ_COUNT,SUSP_SERIOUS_INJ_COUNT,SUV_COUNT,TCD_FUNC_CD,TCD_TYPE,TFC_DETOUR_IND,TIME_OF_DAY,TOT_INJ_COUNT,TOTAL_UNITS,UNB_DEATH_COUNT,UNB_SUSP_SERIOUS_INJ_COUNT,UNBELTED_OCC_COUNT,UNK_INJ_DEG_COUNT,UNK_INJ_PER_COUNT,URBAN_AREA,URBAN_RURAL,VAN_COUNT,VEHICLE_COUNT,WEATHER1,WEATHER2,WORK_ZONE_IND,WORK_ZONE_LOC,WORK_ZONE_TYPE,WORKERS_PRES,WZ_CLOSE_DETOUR,WZ_FLAGGER,WZ_LAW_OFFCR_IND,WZ_LN_CLOSURE,WZ_MOVING,WZ_OTHER,WZ_SHLDER_MDN,WZ_WORKERS_INJ_KILLED
2007124655,710.0,2,0,0,0,0,0,0,0,0,6,0,,67,11,2007,3,40.0497,-75.1717,707.0,6,0,0,0,0,0,0,0,0,1.0,0,0,0,7,3,2,1,,2,40 02:58.000,5.0,0,75 10:18.240,4,0,0,0,67301,0,0,0,N,0,0,0,2,67301,2,,1,1,,N,N,,0,,0,0,0,3,3,Y,700,2,2,0,0,0,0,0,3,4,0,2,3,,N,,,,,,,,,,,
2007126196,125.0,1,0,0,0,0,0,0,0,0,5,0,,67,10,2007,1,39.9726,-75.2178,100.0,6,0,0,0,0,0,0,0,0,,0,0,0,0,3,1,2,,0,39 58:21.000,,0,75 13:03.993,8,0,0,0,67301,0,0,0,N,0,0,0,4,67301,0,,1,1,,N,N,,0,,0,0,0,3,2,,45,1,2,0,0,0,1,0,3,4,1,2,3,,N,,,,,,,,,,,
2007126203,1740.0,3,0,0,0,0,0,0,0,0,2,0,,67,11,2007,3,40.0596,-75.1783,1735.0,6,0,0,0,0,0,0,0,0,,0,0,0,17,3,0,0,,0,40 03:34.656,,0,75 10:41.967,0,0,0,0,67301,0,0,0,N,0,0,0,2,67301,0,,6,1,,N,N,,0,,0,0,0,0,0,,1725,0,3,0,0,0,0,0,3,4,0,3,3,,N,,,,,,,,,,,
2007123801,9999.0,1,0,0,0,0,0,0,0,0,8,0,,67,11,2007,4,39.93,-75.1838,9999.0,6,0,0,0,0,0,0,0,0,,0,0,0,11,1,1,2,,0,39 55:47.870,,0,75 11:01.737,8,0,0,0,67301,1,0,0,N,1,0,0,2,67301,0,,1,1,,N,N,,0,,0,0,0,9,3,,1100,1,2,0,0,0,1,1,3,4,0,1,3,,N,,,,,,,,,,,
2007124139,2301.0,2,0,0,0,0,0,0,0,0,4,0,,67,11,2007,7,40.0358,-75.1747,2301.0,6,0,0,0,0,0,1,0,0,,0,0,0,22,3,4,1,,0,40 02:08.000,,0,75 10:29.001,4,0,0,0,67301,0,0,0,N,0,0,0,5,67301,4,,1,1,,N,N,,0,,0,0,1,3,2,,2250,4,3,0,0,0,0,0,3,4,0,3,3,,N,,,,,,,,,,,
2007047740,25.0,2,0,0,0,0,0,0,0,0,4,0,,67,3,2007,1,40.0086,-75.1459,15.0,6,0,0,0,0,1,0,0,0,,0,0,0,23,3,2,5,,0,40 00:30.826,,0,75 08:44.860,4,0,0,0,67301,0,0,0,N,0,0,0,3,67301,2,,1,1,,N,N,,0,,0,0,0,3,3,,2330,2,2,0,0,0,0,1,3,4,0,2,3,,N,,,,,,,,,,,
2007110749,1932.0,1,0,0,0,0,0,0,0,0,8,0,,67,9,2007,6,39.9709,-75.2103,1930.0,6,0,0,0,1,0,0,0,0,,0,0,0,19,3,1,1,,0,39 58:15.196,,0,75 12:37.249,4,0,0,0,67301,1,0,0,N,1,0,0,2,67301,1,,1,1,,N,N,,0,,0,0,0,0,0,,1929,1,2,0,0,0,0,0,3,4,0,1,3,,N,,,,,,,,,,,
2007116254,1720.0,1,0,0,0,0,0,0,0,0,5,0,,67,9,2007,1,40.0295,-75.1191,1719.0,6,0,0,0,1,0,0,0,0,,0,0,0,17,1,1,2,,0,40 01:46.089,,0,75 07:08.659,4,0,0,0,67301,0,0,0,N,0,0,0,3,07301,1,,1,1,,N,N,,0,,0,0,1,3,8,,1719,1,2,0,0,0,0,0,3,4,0,2,3,,N,,,,,,,,,,,
2007116260,2257.0,2,0,0,0,0,0,0,0,0,2,0,,67,10,2007,7,40.083,-74.9885,2256.0,6,0,2,0,0,0,0,0,0,,0,0,0,22,3,0,2,,0,40 04:58.681,,0,74 59:18.729,0,0,0,0,67301,0,0,0,,0,0,0,3,67301,0,,1,1,,N,N,,0,,0,0,0,9,3,,2255,0,2,0,0,0,0,0,3,4,0,2,3,,N,,,,,,,,,,,
2007113306,636.0,0,0,0,0,0,0,0,0,0,7,0,,67,11,2007,2,39.9816,-75.1684,634.0,6,0,0,0,0,1,0,0,0,,0,0,0,6,5,0,0,,0,39 58:53.810,,0,75 10:06.340,0,0,0,0,67301,0,0,0,N,0,0,0,1,46104,0,,5,9,,N,N,,1,,0,0,0,0,0,,630,0,1,0,0,0,0,0,3,4,0,1,3,,N,,,,,,,,,,,
2007108207,1318.0,0,0,0,0,0,0,0,0,0,4,0,,67,8,2007,7,40.0836,-75.0264,1311.0,6,0,0,0,0,0,1,0,0,,0,0,0,13,1,0,2,,0,40 05:01.000,,0,75 01:34.928,0,0,0,0,67301,0,0,0,N,0,0,0,2,67301,0,,1,1,,N,N,,1,,0,0,0,3,2,,1303,0,2,0,0,1,0,0,3,4,1,2,3,,N,,,,,,,,,,,
2007106169,1047.0,0,0,0,0,0,0,1,0,0,8,1,,67,6,2007,3,39.9702,-75.145,1044.0,6,0,0,0,0,0,1,0,0,,0,0,0,10,1,1,1,,0,39 58:12.000,,0,75 08:41.997,4,0,0,0,67301,1,0,0,N,1,0,0,2,67301,1,,1,1,,N,N,,0,,0,0,0,0,0,,1040,1,2,0,0,0,0,0,3,4,0,1,7,,N,,,,,,,,,,,
2007106584,1410.0,2,0,0,0,0,0,0,0,0,4,0,,67,6,2007,4,39.9917,-75.17,1400.0,6,0,0,0,0,0,1,0,0,,0,0,0,99,1,1,2,,0,39 59:30.184,,0,75 10:12.169,8,0,0,0,67301,0,0,0,,0,0,0,2,67301,0,,1,1,,,,,0,,0,0,0,0,0,,9999,1,2,0,0,0,1,0,3,4,0,2,3,,N,,,,,,,,,,,
2007106041,1723.0,1,0,0,0,0,0,0,0,0,1,0,,67,7,2007,6,39.9681,-75.1635,1716.0,6,0,0,0,0,0,0,0,0,1.0,0,0,0,17,1,2,0,,2,39 58:04.989,1.0,0,75 09:48.731,4,0,0,0,67301,0,0,0,,0,0,0,4,67301,2,,1,1,,N,N,,0,,0,0,1,3,3,Y,1703,2,2,0,0,0,0,0,3,4,0,2,3,,N,,,,,,,,,,,
2007106058,2145.0,1,0,0,0,0,0,0,0,0,4,0,,67,8,2007,4,39.9544,-75.1631,2140.0,6,0,0,0,0,0,0,0,0,,0,0,0,21,3,1,1,,0,39 57:15.000,,0,75 09:47.496,4,0,0,1,67301,0,0,0,N,0,0,0,3,67301,1,,1,1,,N,N,,0,,0,0,0,3,2,,2135,1,2,0,0,0,0,0,3,4,0,2,3,,N,,,,,,,,,,,
2007111499,610.0,1,0,0,0,0,0,0,0,0,1,0,,67,9,2007,7,39.9675,-75.225,603.0,6,0,0,0,0,0,0,0,0,,0,0,0,5,3,1,0,,0,39 58:02.000,,0,75 13:30.050,8,0,0,1,67301,0,0,0,N,0,0,0,2,67301,0,,1,1,,N,N,,0,,0,0,0,0,0,,555,1,3,0,0,0,1,1,3,4,1,3,3,,N,,,,,,,,,,,
2007106510,1150.0,1,0,0,1,0,0,0,0,0,4,0,,67,9,2007,6,40.0181,-75.1593,1145.0,6,0,0,0,0,0,0,0,0,,0,0,0,11,1,2,2,,0,40 01:05.010,,0,75 09:33.605,4,0,0,0,67301,2,0,0,N,0,0,0,3,67301,2,,1,1,,N,N,,0,,0,0,0,0,0,,1130,2,2,0,0,0,0,1,3,4,0,1,3,,N,,,,,,,,,,,
2007101038,1245.0,3,0,0,0,0,0,0,0,0,1,0,,67,9,2007,7,40.0083,-75.2034,1245.0,6,0,0,0,0,1,1,0,0,1.0,0,0,0,99,1,1,0,,1,40 00:30.000,3.0,0,75 12:13.382,4,0,0,0,67301,0,0,0,N,0,0,0,7,68K01,1,,1,1,,N,N,,0,,0,0,1,0,0,N,9999,1,4,0,0,0,0,0,3,4,0,4,3,,N,,,,,,,,,,,
2007098725,2126.0,2,0,0,0,0,0,0,0,0,4,0,,67,6,2007,2,40.0477,-75.06,2124.0,6,0,0,0,0,0,1,0,0,,0,0,0,99,3,1,1,,0,40 02:51.000,,0,75 03:35.364,4,0,0,0,67301,0,0,0,N,0,0,0,2,67301,1,,1,1,,N,N,,0,,0,0,0,3,2,,9999,1,2,0,0,0,0,0,3,4,0,2,3,,N,,,,,,,,,,,
2007098751,2342.0,3,0,0,0,0,0,0,0,0,4,0,,67,6,2007,2,39.9534,-75.2161,2340.0,6,0,0,0,0,0,0,0,0,,0,0,0,23,3,6,1,,0,39 57:12.114,,0,75 12:58.132,4,0,0,0,67301,0,0,0,,0,0,0,7,67301,2,,1,1,,,,,1,,0,0,0,3,2,,2340,6,4,0,0,1,4,1,3,4,0,4,3,,N,,,,,,,,,,,
2007098757,2315.0,2,0,0,0,0,0,0,0,0,5,0,,67,8,2007,6,39.94,-75.1511,2313.0,6,0,0,0,0,0,0,0,0,,0,0,0,22,3,0,0,,0,39 56:24.050,,0,75 09:04.122,0,0,0,0,67301,0,0,0,N,0,0,0,1,67301,0,,1,1,,N,N,,0,,0,0,1,0,0,,2245,0,3,0,0,0,0,0,3,4,0,3,3,,N,,,,,,,,,,,
2007081534,843.0,3,0,0,0,0,0,0,0,0,2,0,,67,7,2007,6,40.0064,-75.1915,836.0,6,0,0,0,0,0,1,0,0,,0,0,0,8,1,2,0,,0,40 00:18.000,,0,75 11:26.993,3,0,0,0,67301,0,0,0,N,0,0,0,3,67301,1,,1,9,,N,N,,0,,1,0,0,0,0,,836,2,3,0,0,0,0,0,3,4,0,3,7,,N,,,,,,,,,,,
2007116161,1705.0,2,0,0,0,0,0,0,0,0,1,0,,67,10,2007,5,40.0446,-75.1835,1700.0,6,0,0,0,0,0,0,1,0,,0,0,0,14,1,0,0,,0,40 02:40.622,,0,75 11:00.709,0,0,0,0,67301,0,0,0,N,0,0,0,3,67301,0,,1,1,,N,N,,0,,0,0,0,0,0,,1453,0,2,0,0,0,0,0,3,4,0,2,3,,N,,,,,,,,,,,
2007127383,1643.0,1,0,0,0,0,0,0,0,0,4,0,,67,10,2007,6,39.9348,-75.162,1642.0,6,0,0,0,0,0,0,0,0,9.0,0,0,0,16,1,1,1,,1,39 56:05.323,7.0,0,75 09:43.228,4,0,0,0,67301,0,0,0,N,0,0,0,3,67301,1,,1,1,,N,N,,0,,0,0,0,3,2,N,1641,1,2,0,0,0,0,0,3,4,1,2,3,,N,,,,,,,,,,,
2007107547,25.0,1,0,0,0,0,0,0,0,0,5,0,,67,9,2007,5,40.0455,-75.0606,20.0,6,0,0,0,0,0,1,0,0,2.0,0,0,0,0,3,0,0,,1,40 02:43.000,2.0,0,75 03:38.126,0,0,0,0,67301,0,0,0,,0,0,0,1,67301,0,,1,1,,N,N,,0,,0,0,0,0,0,N,17,0,3,0,0,0,0,0,3,4,2,3,3,,N,,,,,,,,,,,
2007107842,303.0,1,0,0,0,0,0,0,0,0,7,0,,67,9,2007,5,40.0526,-75.0533,300.0,6,0,0,0,0,0,0,0,0,,0,0,0,2,3,2,1,,0,40 03:09.450,,0,75 03:11.933,4,0,0,0,67301,0,0,0,N,0,0,0,2,67301,2,,5,1,,N,N,,0,,0,0,0,9,3,,259,2,1,0,0,0,0,0,3,4,0,1,3,,N,,,,,,,,,,,
2007097841,2140.0,0,0,0,0,0,0,0,0,0,8,0,,67,7,2007,3,40.0356,-75.2174,2136.0,6,0,0,0,0,0,1,0,0,3.0,0,0,0,21,3,1,1,,1,40 02:07.000,5.0,0,75 13:02.189,4,0,0,0,67301,1,0,0,N,1,0,0,3,67301,1,,1,1,,N,N,,0,,0,0,0,3,2,Y,2130,1,2,0,0,0,0,0,3,4,1,1,3,,N,,,,,,,,,,,
2007097844,1120.0,1,0,0,0,0,0,1,0,0,2,1,,67,7,2007,3,39.9513,-75.2287,1112.0,6,0,0,0,0,0,1,0,0,,0,0,0,11,1,1,2,,0,39 57:04.593,,0,75 13:43.496,8,0,0,0,67301,0,0,0,N,0,0,0,2,67301,0,,1,1,,N,N,,0,,0,0,0,0,0,,1100,1,2,0,0,0,1,0,3,4,0,2,3,,N,,,,,,,,,,,
2007097884,1818.0,1,0,0,0,0,0,0,0,0,2,0,,67,8,2007,2,39.9804,-75.1709,1815.0,6,0,0,0,0,0,1,0,0,,0,0,0,18,1,2,1,,0,39 58:49.000,,0,75 10:15.324,4,0,0,0,67301,0,0,0,,0,0,0,3,67301,2,,1,1,,N,N,,0,,0,0,0,3,2,,1805,2,2,0,0,0,0,0,3,4,1,2,3,,N,,,,,,,,,,,
2007098498,716.0,1,0,0,0,0,0,0,0,0,8,0,,67,7,2007,2,40.0239,-75.0805,715.0,6,0,0,0,0,0,0,0,0,1.0,0,0,0,7,1,1,2,,1,40 01:25.975,3.0,0,75 04:49.868,8,0,0,0,67301,1,0,0,N,1,0,0,2,67301,0,,1,1,,N,N,,0,,0,0,0,0,0,N,710,1,2,0,0,0,1,0,3,4,0,1,3,,N,,,,,,,,,,,
2007093155,1559.0,1,0,0,0,0,0,0,0,0,7,0,,67,7,2007,4,40.0051,-75.1942,1553.0,6,0,0,0,0,0,0,0,0,4.0,1,0,0,15,1,0,0,,2,40 00:19.000,3.0,2,75 11:38.611,1,0,0,0,67301,0,0,0,Y,0,0,0,1,67301,0,1.0,2,1,,N,N,,0,0.0,0,0,0,0,0,Y,1550,0,1,0,0,0,0,0,3,4,0,1,3,,N,,,,,,,,,,,
2007093166,1658.0,1,0,0,1,0,0,0,0,0,2,0,,67,7,2007,6,39.9478,-75.2274,1658.0,6,0,0,0,0,0,0,0,0,,0,0,0,16,1,1,1,,0,39 56:52.000,,0,75 13:38.688,4,0,0,0,67301,1,0,0,N,0,0,0,2,67301,1,,1,1,,N,N,,0,,0,0,0,3,2,,1655,1,2,0,0,0,0,0,3,4,0,1,3,,N,,,,,,,,,,,
2007095651,1145.0,1,0,0,1,0,0,0,0,0,5,0,,67,8,2007,3,39.9306,-75.1565,1142.0,6,0,0,0,0,0,0,0,0,,0,0,0,11,1,1,0,,0,39 55:50.026,,0,75 09:23.288,3,0,0,0,67301,1,0,0,N,0,0,0,2,67301,0,,1,9,,N,N,,0,,1,0,0,0,0,,1142,1,2,0,0,0,0,0,3,4,0,1,7,,N,,,,,,,,,,,
2007098492,1259.0,1,0,0,1,0,0,0,0,0,5,0,,67,7,2007,3,40.0403,-75.2244,1258.0,6,0,0,0,0,0,0,0,0,,0,0,0,12,1,1,0,,0,40 02:24.000,,0,75 13:27.541,3,0,0,0,67301,1,0,0,,0,0,0,2,67301,0,,1,1,,,,,0,,1,0,0,0,0,,1258,1,2,0,0,1,0,0,3,4,0,1,3,,N,,,,,,,,,,,
2007095787,836.0,0,0,0,0,0,0,0,0,0,7,0,,67,8,2007,1,39.9941,-75.0842,834.0,6,0,0,0,0,0,0,0,0,1.0,0,0,0,8,1,1,0,,2,39 59:38.775,1.0,0,75 05:03.057,2,0,0,0,67301,0,0,0,N,0,0,0,1,67301,0,,2,1,,N,N,,0,,0,1,1,0,0,N,832,1,1,0,1,1,0,0,3,4,0,1,3,,N,,,,,,,,,,,
2007098280,556.0,2,0,0,0,0,0,0,0,0,1,0,,67,7,2007,2,40.0344,-75.0748,553.0,6,0,0,0,0,0,0,0,0,,0,0,0,5,1,1,1,,0,40 02:03.000,,0,75 04:29.625,4,0,0,0,67301,0,0,0,N,0,0,0,2,67301,1,,1,1,,N,N,,0,,0,0,0,3,2,,550,1,2,0,0,0,0,0,3,4,0,2,3,,N,,,,,,,,,,,
2007093376,902.0,1,0,0,0,0,0,0,0,0,8,0,,67,7,2007,7,39.9613,-75.2226,856.0,6,0,0,0,0,0,0,1,0,,0,0,0,8,1,1,1,,0,39 57:40.780,,0,75 13:21.320,4,0,0,0,67301,1,0,0,N,1,0,0,2,67301,1,,1,1,,N,N,,0,,0,0,0,3,3,,856,1,2,0,0,0,0,0,3,4,0,1,3,,N,,,,,,,,,,,
2007027579,1050.0,0,0,0,0,0,0,0,0,0,4,0,,67,1,2007,1,39.9771,-75.2265,1040.0,6,0,0,0,0,0,0,0,0,,0,0,0,10,1,4,0,,0,39 58:37.000,,0,75 13:35.222,4,0,0,0,67301,0,0,0,N,0,0,0,5,67301,4,,1,9,,N,N,,0,,0,0,1,3,2,,1035,4,2,0,0,1,0,1,3,4,0,2,7,,N,,,,,,,,,,,
2007027769,2020.0,3,0,0,0,0,0,0,0,0,5,0,,67,1,2007,1,40.0007,-75.1383,2016.0,6,0,0,0,0,1,0,0,0,,0,0,0,20,3,1,0,,0,40 00:02.458,,0,75 08:18.027,4,0,0,0,67301,0,0,0,N,0,0,0,2,67301,1,,6,1,,N,N,,0,,0,0,1,0,0,,2015,1,4,0,0,0,0,0,3,4,0,4,3,,N,,,,,,,,,,,
2007083522,36.0,1,0,0,0,0,0,0,0,0,7,0,,67,6,2007,2,40.0111,-75.0618,28.0,6,0,0,0,0,0,0,0,0,1.0,0,0,0,0,3,0,0,,1,40 00:40.000,2.0,0,75 03:42.534,0,0,0,0,67301,0,0,0,N,0,0,0,2,67301,0,,2,9,,N,N,,0,,0,0,0,0,0,N,25,0,1,0,0,0,0,0,3,4,0,1,7,,N,,,,,,,,,,,
2007066326,1925.0,1,0,0,0,0,0,0,0,0,1,0,,67,5,2007,3,40.0523,-75.008,1918.0,6,0,0,0,0,0,0,0,0,,0,0,0,19,1,1,1,,0,40 03:08.000,,0,75 00:28.751,8,0,0,0,67301,0,0,0,N,0,0,0,4,67301,0,,1,1,,N,N,,0,,0,0,1,3,2,,1915,1,2,0,0,0,1,0,3,4,0,2,3,,N,,,,,,,,,,,
2007066411,806.0,2,0,0,0,0,0,0,0,0,1,0,,67,4,2007,4,40.0071,-75.1315,755.0,6,0,0,0,0,0,0,0,0,,0,0,0,7,1,2,0,,0,40 00:25.412,,0,75 07:53.446,4,0,0,0,67301,0,0,0,N,0,0,0,3,67301,2,,1,1,,N,N,,0,,0,0,0,3,2,,731,2,3,0,0,0,0,0,3,4,1,3,3,,N,,,,,,,,,,,
2007066423,1230.0,2,0,0,0,0,0,0,0,0,1,0,,67,4,2007,2,40.0104,-75.0981,1214.0,6,0,0,0,0,0,0,0,0,,0,0,0,12,1,0,0,,0,40 00:37.000,,0,75 05:52.970,0,0,0,0,67301,0,0,0,N,0,0,0,1,67301,0,,6,1,,N,N,,0,,0,0,0,0,0,,1214,0,2,0,0,0,0,0,3,4,0,2,3,,N,,,,,,,,,,,
2007066555,9999.0,2,0,0,0,0,0,0,0,0,4,0,,67,5,2007,3,40.0379,-75.1449,1003.0,6,0,0,0,0,0,0,0,0,,0,0,0,99,3,0,1,,0,40 02:16.000,,0,75 08:41.541,9,0,0,0,67301,0,0,0,,0,0,0,2,67301,0,,1,1,,,,,0,,0,0,0,9,2,,9999,0,2,0,0,0,0,1,3,4,0,2,3,,N,,,,,,,,,,,
2007080085,9999.0,0,0,0,0,0,0,0,0,0,8,0,,67,6,2007,2,40.0072,-75.1745,9999.0,6,0,0,0,0,0,0,0,0,,0,0,0,99,1,1,1,,0,40 00:25.755,,0,75 10:28.143,4,0,0,0,67301,1,0,0,,1,0,0,3,67301,1,,1,1,,,,,0,,0,0,0,9,3,,9999,1,2,0,0,0,0,0,3,4,1,1,3,,N,,,,,,,,,,,
2007116654,215.0,2,0,0,0,0,0,0,0,0,1,0,,67,10,2007,2,40.0591,-75.0447,215.0,6,0,0,0,0,0,0,0,0,,0,0,0,2,3,1,5,,0,40 03:32.505,,0,75 02:41.288,4,0,0,0,67301,0,0,0,,0,0,0,2,67301,1,,1,1,,,,,0,,0,0,0,9,2,,200,1,2,0,0,0,0,1,3,4,0,2,3,,N,,,,,,,,,,,
2007124129,339.0,3,0,0,0,0,0,0,0,0,1,0,,67,1,2007,5,39.9966,-75.1539,337.0,6,0,0,0,1,0,0,0,0,9.0,0,0,0,3,3,0,0,,1,39 59:47.000,5.0,0,75 09:13.997,0,0,0,0,67301,0,0,0,N,0,0,0,6,67301,0,,1,1,,N,N,,0,,0,0,0,3,2,N,320,0,4,0,0,0,0,0,3,4,1,4,3,,N,,,,,,,,,,,
2007127584,9999.0,1,0,0,0,0,0,0,0,0,8,0,,67,10,2007,2,39.9904,-75.1161,930.0,6,0,0,0,0,0,0,0,0,,0,0,0,9,1,1,0,,0,39 59:25.000,,0,75 06:57.784,4,0,0,0,67301,1,0,0,N,1,0,0,2,67301,1,,1,1,,N,Y,,0,,0,0,0,0,0,,924,1,2,0,0,0,0,0,3,4,0,1,99,,N,,,,,,,,,,,
2007124652,1843.0,0,0,0,0,0,0,0,0,0,8,0,,67,10,2007,2,40.0391,-75.029,1839.0,6,0,0,0,0,0,0,0,0,,0,0,0,18,4,1,0,,0,40 02:20.918,,0,75 01:44.450,3,0,0,0,67301,1,0,0,,1,0,0,2,67301,0,,1,1,,N,N,,0,,1,0,1,0,0,,1834,1,2,0,0,0,0,1,3,4,0,1,3,,N,,,,,,,,,,,
2007047779,1410.0,2,0,0,0,0,0,0,0,0,5,0,,67,3,2007,2,,,1405.0,6,0,0,0,0,0,1,0,0,,0,0,0,13,1,1,0,,0,,,0,,4,0,0,0,67301,0,0,0,N,0,0,0,5,67301,1,,1,1,,N,N,,0,,0,0,0,0,0,,1330,1,2,0,0,0,0,0,3,3,0,2,98,,N,,,,,,,,,,,
2007065777,1919.0,0,0,0,0,0,0,0,0,0,4,0,,67,4,2007,1,39.9929,-75.1461,1914.0,6,0,0,0,0,0,0,0,0,,0,0,0,17,1,1,1,,0,39 59:34.000,,0,75 08:45.991,8,0,0,0,67301,0,0,0,N,0,0,0,2,67301,0,,1,1,,N,N,,1,,0,0,1,3,2,,1700,1,2,0,0,0,1,0,3,4,0,2,3,,N,,,,,,,,,,,
2007065778,9999.0,1,0,0,0,0,0,0,0,0,5,0,,67,5,2007,6,40.0115,-75.0698,,6,0,0,0,0,0,1,0,0,,0,0,0,2,3,1,1,,0,40 00:41.000,,0,75 04:11.279,4,0,0,0,67301,0,0,0,N,0,0,0,2,67301,1,,1,1,,N,N,,0,,0,0,0,0,0,,220,1,2,0,0,1,0,0,3,4,1,2,3,,N,,,,,,,,,,,
2007060526,810.0,2,0,0,0,0,0,0,0,0,4,0,,67,3,2007,3,,,802.0,6,0,0,0,0,0,0,0,0,,0,0,0,7,1,1,1,,0,,,0,,4,0,0,0,67301,0,0,0,N,0,0,0,2,67301,1,,1,1,,N,N,,1,,0,0,0,3,3,,745,1,3,0,0,0,0,0,3,3,0,3,3,,N,,,,,,,,,,,
2007110550,1506.0,1,0,0,0,0,0,0,0,0,1,1,,67,9,2007,4,39.9801,-75.105,1503.0,6,0,0,0,0,0,1,0,0,1.0,0,1,0,15,1,1,0,,1,39 58:48.000,1.0,0,75 06:18.117,4,0,0,0,67301,0,0,0,,0,0,0,3,67301,1,,1,1,,N,N,,0,,0,0,1,0,0,N,1503,1,3,0,0,0,0,0,3,4,0,3,3,,N,,,,,,,,,,,
2007110754,1910.0,1,0,0,0,0,0,0,0,0,5,1,,67,9,2007,1,39.9584,-75.1663,1905.0,6,0,0,0,0,0,1,0,0,1.0,0,1,0,19,4,1,0,,1,39 57:30.000,4.0,0,75 09:59.970,4,0,0,0,67301,0,0,0,N,0,0,0,3,67301,1,,1,1,,N,N,,0,,0,0,0,0,0,N,1900,1,2,0,0,0,0,0,3,4,0,2,3,,N,,,,,,,,,,,
2007116252,915.0,1,0,0,0,0,0,0,0,0,4,0,,67,10,2007,6,39.9867,-75.2455,912.0,6,0,0,0,0,1,0,0,0,,0,0,0,9,1,1,1,,0,39 59:11.965,,0,75 14:43.814,8,0,0,0,67301,0,0,0,N,0,0,0,2,67301,0,,1,1,,N,N,,0,,0,0,0,3,2,,910,1,2,0,0,0,1,1,3,4,1,2,3,,N,,,,,,,,,,,
2007113825,1735.0,1,0,0,0,0,0,0,0,0,7,0,,67,9,2007,1,39.9332,-75.1454,1730.0,6,0,0,0,0,0,0,0,0,1.0,0,0,0,17,1,2,0,,1,39 56:09.000,2.0,0,75 08:41.050,3,0,0,0,67301,0,0,0,N,0,0,0,2,67301,1,,2,1,,N,N,,0,,1,0,0,0,0,N,1730,2,1,0,0,0,0,0,3,4,0,1,3,,N,,,,,,,,,,,
2007108534,1143.0,0,0,0,0,0,0,0,0,0,8,0,,67,9,2007,2,40.012,-75.1359,1141.0,6,0,0,0,0,0,0,0,0,,0,0,0,14,1,1,1,,0,40 00:43.066,,0,75 08:09.135,8,0,0,0,67301,1,0,0,N,1,0,0,2,67301,0,,1,1,,Y,Y,,0,,0,0,0,3,2,,1450,1,2,0,0,0,1,0,3,4,1,1,3,,N,,,,,,,,,,,
2007108886,810.0,2,0,0,0,0,0,0,0,0,1,0,,67,9,2007,6,40.0574,-75.0768,805.0,6,0,0,0,0,0,1,0,0,,0,0,0,8,1,2,1,,0,40 03:26.000,,0,75 04:36.598,8,0,0,0,67301,0,0,0,,0,0,0,3,67301,0,,1,1,,,,,0,,0,0,0,3,2,,800,2,2,0,0,0,2,1,3,4,0,2,3,,N,,,,,,,,,,,
2007105976,959.0,0,0,0,0,0,0,1,0,0,5,2,,67,8,2007,3,39.9518,-75.1718,958.0,6,0,0,0,0,0,0,0,0,2.0,0,1,0,9,1,1,1,,2,39 57:06.000,3.0,0,75 10:18.367,3,0,0,0,67301,0,0,0,N,0,0,0,3,67301,0,,1,1,,N,N,,0,,1,0,0,3,2,Y,958,1,2,0,0,0,0,0,3,4,0,2,3,,N,,,,,,,,,,,