CRN,ARRIVAL_TM,AUTOMOBILE_COUNT,BELTED_DEATH_COUNT,BELTED_SUSP_SERIOUS_INJ_COUNT,BICYCLE_COUNT,BICYCLE_DEATH_COUNT,BICYCLE_SUSP_SERIOUS_INJ_COUNT,BUS_COUNT,CHLDPAS_DEATH_COUNT,CHLDPAS_SUSP_SERIOUS_INJ_COUNT,COLLISION_TYPE,COMM_VEH_COUNT,CONS_ZONE_SPD_LIM,COUNTY,CRASH_MONTH,CRASH_YEAR,DAY_OF_WEEK,DEC_LAT,DEC_LONG,DISPATCH_TM,DISTRICT,DRIVER_COUNT_16YR,DRIVER_COUNT_17YR,DRIVER_COUNT_18YR,DRIVER_COUNT_19YR,DRIVER_COUNT_20YR,DRIVER_COUNT_50_64YR,DRIVER_COUNT_65_74YR,DRIVER_COUNT_75PLUS,EST_HRS_CLOSED,FATAL_COUNT,HEAVY_TRUCK_COUNT,HORSE_BUGGY_COUNT,HOUR_OF_DAY,ILLUMINATION,INJURY_COUNT,INTERSECT_TYPE,INTERSECTION_RELATED,LANE_CLOSED,LATITUDE,LN_CLOSE_DIR,LOCATION_TYPE,LONGITUDE,MAX_SEVERITY_LEVEL,MCYCLE_DEATH_COUNT,MCYCLE_SUSP_SERIOUS_INJ_COUNT,MOTORCYCLE_COUNT,MUNICIPALITY,NONMOTR_COUNT,NONMOTR_DEATH_COUNT,NONMOTR_SUSP_SERIOUS_INJ_COUNT,NTFY_HIWY_MAINT,PED_COUNT,PED_DEATH_COUNT,PED_SUSP_SERIOUS_INJ_COUNT,PERSON_COUNT,POLICE_AGCY,POSSIBLE_INJ_COUNT,RDWY_SURF_TYPE_CD,RELATION_TO_ROAD,ROAD_CONDITION,ROADWAY_CLEARED,SCH_BUS_IND,SCH_ZONE_IND,SECONDARY_CRASH,SMALL_TRUCK_COUNT,SPEC_JURIS_CD,SUSP_MINOR_INJ_COUNT,SUSP_SERIOUS_INJ_COUNT,SUV_COUNT,TCD_FUNC_CD,TCD_TYPE,TFC_DETOUR_IND,TIME_OF_DAY,TOT_INJ_COUNT,TOTAL_UNITS,UNB_DEATH_COUNT,UNB_SUSP_SERIOUS_INJ_COUNT,UNBELTED_OCC_COUNT,UNK_INJ_DEG_COUNT,UNK_INJ_PER_COUNT,URBAN_AREA,URBAN_RURAL,VAN_COUNT,VEHICLE_COUNT,WEATHER1,WEATHER2,WORK_ZONE_IND,WORK_ZONE_LOC,WORK_ZONE_TYPE,WORKERS_PRES,WZ_CLOSE_DETOUR,WZ_FLAGGER,WZ_LAW_OFFCR_IND,WZ_LN_CLOSURE,WZ_MOVING,WZ_OTHER,WZ_SHLDER_MDN,WZ_WORKERS_INJ_KILLED
2007106053,1559.0,2,0,0,0,0,0,0,0,0,2,0,,67,8,2007,5,39.9278,-75.237,1548.0,6,0,0,0,0,0,0,0,0,,0,0,0,15,1,1,1,,0,39 55:40.109,,0,75 14:13.130,8,0,0,0,67301,0,0,0,N,0,0,0,2,67301,0,,1,1,,N,N,,0,,0,0,0,3,2,,1520,1,2,0,0,0,1,0,3,4,0,2,3,,N,,,,,,,,,,,
2007106477,14.0,2,0,0,0,0,0,0,0,0,1,0,,67,9,2007,4,40.0488,-74.9975,12.0,6,0,0,0,0,1,0,1,0,,0,0,0,0,3,0,0,,0,40 02:55.680,,0,74 59:50.640,0,0,0,0,67301,0,0,0,N,0,0,0,2,67301,0,,1,1,,N,N,,0,,0,0,0,0,0,,12,0,2,0,0,0,0,0,3,4,0,2,3,,N,,,,,,,,,,,
2007106511,1822.0,0,0,0,0,0,0,0,0,0,4,0,,67,8,2007,7,40.0202,-75.1505,1821.0,6,0,0,0,0,0,0,0,0,3.0,0,0,0,18,1,4,1,,2,40 01:12.586,7.0,0,75 09:01.958,4,0,0,0,67301,0,0,0,,0,0,0,9,67301,4,,1,1,,N,N,,0,,0,0,1,3,2,Y,1820,4,2,0,0,0,0,0,3,4,1,2,3,,N,,,,,,,,,,,
2007098716,923.0,0,0,0,0,0,0,0,0,0,1,1,,67,8,2007,3,40.0375,-75.2104,917.0,6,0,0,0,0,0,0,0,0,,0,1,0,9,1,1,2,,0,40 02:15.000,,0,75 12:37.446,4,0,0,0,67301,0,0,0,,0,0,0,3,67301,1,,1,9,,,,,0,,0,0,1,0,0,,915,1,2,0,0,0,0,0,3,4,0,2,7,,N,,,,,,,,,,,
2007098606,2015.0,2,0,0,0,0,0,0,0,0,4,0,,67,7,2007,6,39.9867,-75.2083,2010.0,6,0,0,0,0,0,1,0,0,1.0,0,0,0,20,6,2,1,,1,39 59:11.000,3.0,0,75 12:29.920,8,0,0,0,67301,0,0,0,N,0,0,0,4,67301,0,,1,1,,N,N,,0,,0,0,0,9,4,N,2008,2,2,0,0,1,2,0,3,4,0,2,3,,N,,,,,,,,,,,
2007098833,2229.0,0,0,0,0,0,0,0,0,0,8,1,,67,8,2007,4,39.9753,-75.1654,2225.0,6,0,0,0,0,0,1,0,0,2.0,0,1,0,22,3,1,0,,2,39 58:31.134,4.0,0,75 09:55.292,3,0,0,0,67301,1,0,0,N,1,0,0,2,67301,0,,1,1,,N,N,,0,,1,0,0,0,0,Y,2210,1,2,0,0,0,0,0,3,4,0,1,3,,N,,,,,,,,,,,
2007081588,9999.0,0,0,0,1,0,0,0,0,0,4,0,,67,6,2007,6,39.9423,-75.2132,9999.0,6,0,0,0,0,0,0,0,0,,0,0,0,21,1,1,0,,0,39 56:32.146,,0,75 12:47.433,8,0,0,0,67301,1,0,0,N,0,0,0,2,67301,0,,1,1,,N,N,,0,,0,0,0,0,0,,2100,1,2,0,0,0,1,0,3,4,0,1,3,,N,,,,,,,,,,,
2007081608,2007.0,1,0,0,0,0,0,0,0,0,7,0,,67,6,2007,6,40.0273,-75.0569,2003.0,6,0,0,1,0,0,0,0,0,,0,0,0,20,3,1,0,,0,40 01:38.000,,0,75 03:24.664,4,0,0,0,67301,0,0,0,,0,0,0,1,67301,1,,4,1,,,,,0,,0,0,0,0,0,,2000,1,1,0,0,0,0,0,3,4,0,1,3,,N,,,,,,,,,,,
2007120272,2341.0,1,0,0,0,0,0,0,0,0,4,0,,67,10,2007,2,40.0789,-75.0253,2332.0,6,0,0,0,0,0,0,0,0,,0,0,0,23,3,1,2,,0,40 04:44.000,,0,75 01:31.191,4,0,0,0,67301,0,0,0,N,0,0,0,3,67301,1,,1,1,,N,N,,0,,0,0,0,3,2,,2330,1,2,0,0,0,0,0,3,4,1,2,3,,N,,,,,,,,,,,
2007081480,1955.0,3,0,0,0,0,0,0,0,0,4,0,,67,5,2007,3,40.0659,-75.1765,1950.0,6,0,0,0,0,0,0,0,0,,0,0,0,19,1,1,1,,0,40 03:57.000,,0,75 10:35.464,4,0,0,0,67301,0,0,0,N,0,0,0,3,67301,1,,1,1,,N,N,,0,,0,0,0,2,3,,1945,1,3,0,0,0,0,0,3,4,0,3,3,,N,,,,,,,,,,,
2007081707,310.0,2,0,0,0,0,0,0,0,0,1,0,,67,6,2007,4,39.946,-75.208,308.0,6,0,0,0,0,0,0,0,0,,0,0,0,3,3,1,0,,0,39 56:45.715,,0,75 12:28.659,8,0,0,0,67301,0,0,0,N,0,0,0,1,67301,0,,1,1,,N,Y,,0,,0,0,1,0,0,,307,1,3,0,0,0,1,0,3,4,0,3,3,,N,,,,,,,,,,,
2007081726,745.0,2,0,0,0,0,0,0,0,0,8,0,,67,5,2007,3,40.0056,-75.0756,731.0,6,0,1,0,0,0,0,0,0,,0,0,0,7,1,2,1,,0,40 00:20.000,,0,75 04:32.071,4,0,0,0,67301,0,0,0,N,0,0,0,3,67301,2,,1,1,,N,N,,0,,0,0,0,3,2,,710,2,2,0,0,0,0,1,3,4,0,2,3,,N,,,,,,,,,,,
2007081742,1620.0,0,0,0,0,0,0,0,0,0,8,0,,67,6,2007,1,40.0001,-75.072,1612.0,6,0,0,0,0,0,0,0,0,,0,0,0,99,1,1,2,,0,40 00:00.370,,0,75 04:19.250,3,0,0,0,67301,1,0,0,,1,0,0,2,67301,0,,1,9,,,,,1,,1,0,0,0,0,,9999,1,2,0,0,0,0,0,3,4,0,1,7,,N,,,,,,,,,,,
2007081750,1420.0,1,0,0,0,0,0,0,0,0,7,0,,67,6,2007,4,39.9986,-75.1231,1400.0,6,0,1,0,0,0,0,0,0,,0,0,0,14,1,1,0,,0,39 59:54.861,,0,75 07:23.093,4,0,0,0,67301,0,0,0,N,0,0,0,1,67301,1,,4,1,,N,N,,0,,0,0,0,0,0,,1400,1,1,0,0,0,0,0,3,4,0,1,3,,N,,,,,,,,,,,
2007107555,839.0,1,0,0,0,0,0,0,0,0,8,0,,67,9,2007,2,40.0489,-75.0621,838.0,6,0,0,0,0,0,0,0,1,,0,0,0,8,1,2,0,,0,40 02:56.098,,0,75 03:43.738,4,0,0,0,67301,2,0,0,N,2,0,0,3,67301,2,,1,9,,N,N,,0,,0,0,0,0,0,,837,2,3,0,0,0,0,0,3,4,0,1,3,,N,,,,,,,,,,,
2007107844,1410.0,2,0,0,0,0,0,0,0,0,4,0,,67,9,2007,7,40.0391,-75.11,1405.0,6,0,0,0,0,0,0,0,0,,0,0,0,13,1,5,0,,0,40 02:20.852,,7,75 06:35.867,8,0,0,0,67301,0,0,0,,0,0,0,6,67301,0,,1,1,,,,,0,,0,0,0,0,0,,1330,5,2,0,0,0,5,0,3,4,0,2,3,,N,,,,,,,,,,,
2007097856,1109.0,1,0,0,0,0,0,1,0,0,4,1,,67,7,2007,3,39.954,-75.1767,1107.0,6,0,0,0,0,0,1,0,0,2.0,0,0,0,11,1,3,1,,2,39 57:14.000,1.0,0,75 10:36.250,4,0,0,0,67301,0,0,0,N,0,0,0,7,67301,2,,1,1,,N,N,,0,,0,0,0,3,2,N,1106,3,2,0,0,0,1,0,3,4,0,2,3,,N,,,,,,,,,,,
2007097972,1855.0,1,0,0,0,0,0,0,0,0,5,0,,67,8,2007,5,39.9702,-75.2072,1848.0,6,0,0,1,0,0,0,0,0,,0,0,0,18,1,1,1,,0,39 58:12.558,,0,75 12:25.829,8,0,0,0,67301,0,0,0,,0,0,0,2,67301,0,,1,1,,,,,1,,0,0,0,0,0,,1825,1,2,0,0,0,1,0,3,4,0,2,3,,N,,,,,,,,,,,
2007098505,1616.0,1,0,0,0,0,0,0,0,0,1,0,,67,7,2007,5,39.9569,-75.1385,1608.0,6,0,0,0,0,0,0,0,0,,0,0,0,16,1,1,0,,0,39 57:24.000,,0,75 08:18.958,4,0,0,0,67301,0,0,0,N,0,0,0,3,67301,1,,1,1,,N,N,,1,,0,0,1,0,0,,1600,1,3,0,0,0,0,0,3,4,0,3,3,,N,,,,,,,,,,,
2007103252,612.0,0,0,0,1,1,0,1,0,0,4,1,,67,1,2007,6,40.0014,-75.0861,607.0,6,0,0,0,0,0,1,0,0,,1,0,0,6,3,0,2,,0,40 00:01.000,,2,75 05:01.174,1,0,0,0,67301,1,1,0,N,0,0,0,2,67301,0,2.0,1,1,,Y,N,,0,0.0,0,0,0,3,2,,605,0,2,0,0,0,0,0,3,4,0,1,3,,N,,,,,,,,,,,
2007093153,28.0,1,0,0,0,0,0,0,0,0,5,0,,67,7,2007,4,39.9555,-75.1412,22.0,6,0,0,0,0,0,0,0,0,3.0,1,0,0,0,3,0,0,,2,39 57:23.400,4.0,8,75 08:32.640,1,1,0,1,67301,0,0,0,N,0,0,0,3,67301,0,1.0,1,1,,N,N,,0,0.0,0,0,0,0,0,Y,20,0,2,0,0,0,0,0,3,4,0,2,3,,N,,,,,,,,,,,
2007095754,2325.0,2,0,0,0,0,0,0,0,0,4,0,,67,8,2007,4,40.0475,-75.0919,2319.0,6,0,0,0,0,0,1,0,0,,0,0,0,22,3,1,1,,0,40 02:50.956,,0,75 05:30.725,4,0,0,0,67301,0,0,0,N,0,0,0,3,67301,1,,1,1,,N,N,,0,,0,0,0,3,2,,2238,1,2,0,0,0,0,0,3,4,0,2,3,,N,,,,,,,,,,,
2007093190,1700.0,0,0,0,0,0,0,0,0,0,8,0,,67,7,2007,7,40.0002,-75.1256,1657.0,6,0,0,0,0,0,0,0,0,,0,0,0,16,1,1,0,,0,40 00:00.543,,0,75 07:32.271,4,0,0,1,67301,1,0,0,N,1,0,0,2,67301,1,,1,1,,N,N,,0,,0,0,0,0,0,,1630,1,2,0,0,0,0,1,3,4,0,1,3,,N,,,,,,,,,,,
2007095784,9999.0,1,0,0,0,0,0,0,0,0,5,0,,67,8,2007,2,39.9244,-75.1659,1225.0,6,0,0,0,0,0,0,0,0,,0,0,0,99,1,2,2,,0,39 55:27.728,,0,75 09:57.391,8,0,0,0,67301,0,0,0,N,0,0,0,3,67301,0,,1,9,,N,,,0,,0,0,1,9,3,,9999,2,2,0,0,0,2,0,3,4,0,2,7,,N,,,,,,,,,,,
2007080920,1820.0,1,0,0,0,0,0,0,0,0,5,0,,67,5,2007,7,39.9737,-75.1947,1818.0,6,0,0,0,0,0,0,0,0,,0,0,0,18,1,1,0,,0,39 58:25.247,,0,75 11:40.752,4,0,0,0,67301,0,0,0,N,0,0,0,3,67301,1,,1,1,,N,N,,0,,0,0,1,0,0,,1810,1,2,0,0,0,0,0,3,4,0,2,3,,N,,,,,,,,,,,
2007120232,1625.0,2,0,0,0,0,0,0,0,0,4,0,,67,10,2007,5,40.0239,-75.0354,1620.0,6,0,0,1,0,0,0,0,0,,0,0,0,16,1,1,1,,0,40 01:26.000,,0,75 02:07.318,8,0,0,0,67301,0,0,0,,0,0,0,2,67301,0,,1,1,,,,,0,,0,0,0,3,2,,1600,1,2,0,0,0,1,1,3,4,0,2,3,,N,,,,,,,,,,,
2007120114,1055.0,2,0,0,0,0,0,0,0,0,4,0,,67,10,2007,3,40.0383,-75.1016,1055.0,6,0,0,0,0,0,0,0,0,,0,0,0,10,1,2,1,,0,40 02:17.754,,0,75 06:05.767,3,0,0,0,67301,0,0,0,,0,0,0,2,67301,0,,1,1,,N,N,,0,,1,0,0,9,2,,1055,2,2,0,0,0,1,0,3,4,0,2,3,,N,,,,,,,,,,,
2007120117,1250.0,2,0,0,0,0,0,0,0,0,2,0,,67,10,2007,5,40.0567,-75.0469,1242.0,6,0,0,0,0,0,0,0,0,,0,0,0,12,1,1,5,,0,40 03:24.000,,0,75 02:48.711,8,0,0,0,67301,0,0,0,N,0,0,0,2,67301,0,,1,1,,N,N,,0,,0,0,0,3,2,,1240,1,2,0,0,0,1,0,3,4,0,2,3,,N,,,,,,,,,,,
2007081081,1323.0,0,0,0,0,0,0,0,0,0,8,0,,67,5,2007,4,39.9492,-75.1631,1319.0,6,0,0,0,0,0,0,0,0,,0,0,0,11,1,1,1,,0,39 56:57.000,,0,75 09:46.987,3,0,0,0,67301,1,0,0,N,1,0,0,2,67301,0,,1,1,,N,N,,0,,1,0,1,3,2,,1115,1,2,0,0,0,0,0,3,4,0,1,3,,N,,,,,,,,,,,
2007081130,9999.0,1,0,0,1,0,0,0,0,0,2,0,,67,5,2007,5,39.9823,-75.1502,,6,0,0,0,0,0,0,0,0,,0,0,0,99,1,1,0,,0,39 58:56.380,,0,75 09:00.860,4,0,0,0,67301,1,0,0,N,0,0,0,2,67301,1,,1,1,,N,N,,0,,0,0,0,0,0,,9999,1,2,0,0,0,0,0,3,4,0,1,3,,N,,,,,,,,,,,
2007066407,1510.0,0,0,0,0,0,0,0,0,0,8,0,,67,5,2007,3,39.9492,-75.1509,1505.0,6,0,0,0,0,0,0,0,0,,0,0,0,14,1,1,0,,0,39 56:57.000,,0,75 09:03.185,4,0,0,0,67301,1,0,0,N,1,0,0,2,67301,1,,6,1,,N,N,,0,,0,0,0,0,0,,1430,1,2,0,0,0,0,0,3,4,1,1,3,,N,,,,,,,,,,,
2007066436,1840.0,1,0,0,0,0,0,0,0,0,8,0,,67,5,2007,5,39.9865,-75.2394,1830.0,6,0,0,0,0,0,0,0,0,,0,0,0,18,1,1,0,,0,39 59:11.300,,0,75 14:21.800,4,0,0,0,67301,1,0,0,N,1,0,0,2,67301,1,,1,1,,N,N,,0,,0,0,0,0,0,,1830,1,2,0,0,1,0,0,3,4,0,1,3,,N,,,,,,,,,,,
2007079960,1311.0,2,0,0,0,0,0,0,0,0,1,0,,67,6,2007,5,39.9848,-75.1322,1308.0,6,0,0,0,0,0,1,0,0,,0,0,0,13,1,1,0,,0,39 59:05.314,,0,75 07:55.909,8,0,0,0,67301,0,0,0,N,0,0,0,5,67301,0,,1,1,,N,N,,0,,0,0,1,3,2,,1301,1,3,0,0,0,1,0,3,4,0,3,3,,N,,,,,,,,,,,
2007079987,2245.0,1,0,1,0,0,0,0,0,0,1,0,,67,6,2007,3,40.0242,-75.157,2245.0,6,0,0,0,0,0,0,0,0,,0,0,0,22,3,1,2,,0,40 01:26.947,,0,75 09:25.369,2,0,0,0,67301,0,0,0,N,0,0,0,2,67301,0,,1,1,,N,N,,1,,0,1,0,0,0,,2243,1,2,0,0,0,0,0,3,4,0,2,3,,N,,,,,,,,,,,
2007080082,1420.0,2,0,0,0,0,0,0,0,0,5,0,,67,6,2007,7,39.986,-75.0972,1410.0,6,0,0,0,0,0,0,0,0,,0,0,0,13,1,2,1,,0,39 59:09.639,,0,75 05:49.923,4,0,0,0,67301,0,0,0,,0,0,0,2,67301,2,,1,1,,,,,0,,0,0,0,2,3,,1330,2,2,0,0,2,0,0,3,4,0,2,3,,N,,,,,,,,,,,
2007080097,1220.0,2,0,0,0,0,0,0,0,0,1,0,,67,6,2007,1,39.9041,-75.1935,1200.0,6,0,0,0,0,0,1,0,0,,0,0,0,12,1,1,0,,0,39 54:14.900,,0,75 11:36.600,4,0,0,0,67301,0,0,0,N,0,0,0,6,67301,1,,1,1,,N,N,,0,,0,0,0,0,0,,1200,1,2,0,0,0,0,0,3,4,0,2,3,,N,,,,,,,,,,,
2007080134,1726.0,2,0,0,0,0,0,0,0,0,1,0,,67,5,2007,2,39.9559,-75.2368,1724.0,6,0,0,0,0,0,0,0,0,,0,0,0,17,1,3,0,,0,39 57:21.312,,0,75 14:12.303,4,0,0,0,67301,0,0,0,N,0,0,0,4,67301,3,,1,1,,N,N,,0,,0,0,0,0,0,,1722,3,2,0,0,0,0,1,3,4,0,2,3,,N,,,,,,,,,,,
2007080149,1013.0,0,0,0,0,0,0,1,0,0,1,1,,67,6,2007,2,40.0445,-75.1496,1009.0,6,0,0,0,0,0,2,0,0,,0,0,0,10,1,1,0,,0,40 02:40.362,,0,75 08:58.545,8,0,0,0,67301,0,0,0,N,0,0,0,2,67301,0,,1,9,,Y,N,,0,,0,0,1,3,2,,1000,1,2,0,0,0,1,0,3,4,0,2,3,,N,,,,,,,,,,,
2007126193,9999.0,1,0,0,1,0,1,0,0,0,1,0,,67,10,2007,1,39.959,-75.1719,1650.0,6,0,0,0,0,0,1,0,0,,0,0,0,99,1,2,2,,0,39 57:32.000,,0,75 10:19.581,2,0,0,0,67301,2,0,1,N,0,0,0,3,67301,0,,1,1,,N,N,,0,,1,1,0,0,0,,9999,2,2,0,0,0,0,0,3,4,0,1,3,,N,,,,,,,,,,,
2007123902,1108.0,1,0,0,0,0,0,1,0,0,4,1,,67,11,2007,5,39.9517,-75.1583,1100.0,6,0,0,0,0,0,0,0,0,,0,0,0,11,1,1,1,,0,39 57:06.000,,0,75 09:29.839,4,0,0,0,67301,0,0,0,N,0,0,0,3,67301,1,,1,1,,N,N,,0,,0,0,0,3,2,,1100,1,2,0,0,2,0,0,3,4,0,2,3,,N,,,,,,,,,,,
2007124137,2100.0,0,0,0,1,0,0,0,0,0,5,0,,67,11,2007,4,39.9601,-75.1734,2051.0,6,0,0,0,0,0,1,0,0,,0,0,0,20,1,1,1,,0,39 57:37.003,,0,75 10:25.149,8,0,0,0,67301,1,0,0,N,0,0,0,2,67301,0,,1,1,,N,N,,0,,0,0,1,3,2,,2050,1,2,0,0,0,1,0,3,4,0,1,3,,N,,,,,,,,,,,
2007126707,1219.0,2,0,0,0,0,0,0,0,0,1,0,,67,10,2007,7,39.9917,-75.2028,1219.0,6,0,0,0,0,0,0,0,0,,0,0,0,12,1,2,0,,0,39 59:32.000,,0,75 12:05.773,4,0,0,0,67301,0,0,0,N,0,0,0,4,68K01,1,,1,1,,N,N,,0,,0,0,0,0,0,,1219,2,2,0,0,0,1,1,3,4,0,2,3,,N,,,,,,,,,,,
2007108531,1456.0,0,0,0,0,0,0,1,0,0,4,1,,67,8,2007,2,39.94,-75.2138,1454.0,6,0,0,0,0,0,0,0,0,2.0,0,0,0,14,1,45,1,,2,39 56:23.917,7.0,0,75 12:49.859,8,0,0,0,67301,0,0,0,N,0,0,0,47,67301,0,,1,1,,N,N,,0,,0,0,0,3,2,Y,1452,45,2,0,0,0,45,2,3,4,0,2,3,,N,,,,,,,,,,,
2007106366,2254.0,1,0,0,0,0,0,0,0,0,4,0,,67,9,2007,7,39.9333,-75.1434,2254.0,6,0,0,0,0,0,0,0,0,,0,0,0,22,3,0,2,,0,39 56:00.000,,0,75 08:36.870,0,0,0,0,67301,0,0,0,N,0,0,0,2,67301,0,,1,1,,N,N,,0,,0,0,1,3,2,,2254,0,2,0,0,0,0,0,3,4,0,2,3,,N,,,,,,,,,,,
2007108882,310.0,2,0,0,0,0,0,0,0,0,4,0,,67,9,2007,7,40.0933,-74.9621,302.0,6,0,0,0,0,0,0,0,0,,0,0,0,2,3,1,1,,0,40 05:35.000,,0,74 57:43.477,8,0,0,0,67301,0,0,0,N,0,0,0,4,67301,0,,1,9,,N,N,,0,,0,0,0,3,2,,250,1,2,0,0,0,1,0,3,4,0,2,7,,N,,,,,,,,,,,
2007106034,1415.0,3,0,0,0,0,0,0,0,0,6,0,,67,8,2007,7,39.9892,-75.1048,1413.0,6,0,0,1,0,0,1,0,0,,0,0,0,14,1,0,2,,0,39 59:21.000,,0,75 06:17.310,0,0,0,0,67301,0,0,0,N,0,0,0,3,67301,0,,1,1,,N,N,,0,,0,0,0,0,0,,1400,0,3,0,0,0,0,0,3,4,0,3,3,,N,,,,,,,,,,,
2007106038,2224.0,2,0,0,0,0,0,0,0,0,1,0,,67,7,2007,3,40.0708,-75.0308,2215.0,6,0,0,0,0,0,0,0,0,,0,0,0,22,3,1,0,,0,40 04:14.800,,0,75 01:50.900,4,0,0,0,67301,0,0,0,N,0,0,0,1,67301,1,,4,1,,N,N,,0,,0,0,0,0,0,,2215,1,2,0,0,0,0,0,3,4,0,2,3,,N,,,,,,,,,,,
2007106473,250.0,1,0,0,0,0,0,0,0,0,7,0,,67,8,2007,2,39.9058,-75.1936,250.0,6,0,0,0,0,0,0,0,0,2.0,0,0,0,2,3,0,0,,1,39 54:20.880,4.0,0,75 11:36.600,0,0,0,0,67301,0,0,0,N,0,0,0,1,67301,0,,2,9,,N,N,,0,,0,0,0,0,0,N,245,0,1,0,0,0,0,0,3,4,0,1,7,,N,,,,,,,,,,,
2007106485,2130.0,2,0,0,0,0,0,0,0,0,4,0,,67,8,2007,6,39.9437,-75.2381,2125.0,6,0,0,0,1,0,0,0,0,,0,0,0,21,3,2,0,,0,39 56:37.000,,0,75 14:17.144,4,0,0,0,67301,0,0,0,N,0,0,0,3,67301,1,,1,9,,N,N,,0,,0,0,0,0,0,,2100,2,2,0,0,0,1,0,3,4,0,2,7,,N,,,,,,,,,,,
2007106542,1346.0,1,0,0,0,0,0,0,0,0,4,0,,67,8,2007,7,40.0223,-75.162,1343.0,6,0,0,0,0,0,0,0,0,1.0,0,0,0,13,1,2,1,,1,40 01:20.000,7.0,0,75 09:43.291,8,0,0,0,67301,2,0,0,N,0,0,0,3,67301,0,,2,1,,N,N,,1,,0,0,0,3,2,N,1340,2,2,0,0,1,2,0,3,4,0,2,3,,N,,,,,,,,,,,
2007098736,1545.0,2,0,0,0,0,0,0,0,0,1,0,,67,8,2007,5,40.0218,-75.1397,1540.0,6,0,0,0,0,0,0,0,0,,0,0,0,15,1,0,0,,0,40 01:17.000,,0,75 08:23.729,0,0,0,0,67301,0,0,0,N,0,0,0,2,67301,0,,1,1,,N,N,,0,,0,0,0,0,0,,1540,0,2,0,0,0,0,0,3,4,0,2,3,,N,,,,,,,,,,,
2007098788,2048.0,1,0,0,0,0,0,0,0,0,4,0,,67,7,2007,5,40.0577,-75.0486,2044.0,6,0,0,0,0,0,0,0,0,,0,0,0,20,3,0,1,,0,40 03:27.000,,0,75 02:54.815,0,0,0,0,67301,0,0,0,N,0,0,0,3,67301,0,,1,1,,N,N,,0,,0,0,1,3,2,,2042,0,2,0,0,0,0,0,3,4,0,2,3,,N,,,,,,,,,,,
2007098642,1504.0,2,0,0,0,0,0,0,0,0,4,0,,67,8,2007,1,39.9786,-75.2136,1500.0,6,0,0,0,0,0,0,0,0,1.0,0,0,0,15,1,2,2,,1,39 58:42.000,5.0,0,75 12:49.015,3,0,0,0,67301,0,0,0,,0,0,0,2,67301,1,,1,1,,N,N,,0,,1,0,0,3,2,N,1500,2,2,0,0,2,0,0,3,4,0,2,3,,N,,,,,,,,,,,
2007081353,1335.0,2,0,0,0,0,0,0,0,0,4,0,,67,6,2007,6,40.0856,-74.9728,1328.0,6,0,0,0,0,0,1,0,0,,0,0,0,13,1,0,0,,0,40 05:07.981,,0,74 58:22.147,0,0,0,0,67301,0,0,0,N,0,0,0,3,67301,0,,1,1,,N,N,,0,,0,0,0,0,0,,1327,0,2,0,0,0,0,0,3,4,0,2,3,,N,,,,,,,,,,,
2007081288,1520.0,4,0,0,0,0,0,0,0,0,4,0,,67,5,2007,2,39.9898,-75.1211,1510.0,6,0,0,0,0,0,0,0,0,,0,0,0,15,1,1,1,,0,39 59:23.370,,0,75 07:16.049,4,0,0,0,67301,0,0,0,,0,0,0,2,67301,1,,1,1,,N,N,,0,,0,0,0,9,3,,1505,1,4,0,0,0,0,1,3,4,0,4,3,,N,,,,,,,,,,,
2007081609,1120.0,1,0,0,0,0,0,0,0,0,4,0,,67,7,2007,5,40.0126,-75.0732,1111.0,6,0,0,0,0,0,0,0,0,,0,0,0,11,1,3,1,,0,40 00:45.000,,0,75 04:23.854,8,0,0,0,67301,0,0,0,,0,0,0,5,67301,0,,1,9,,,,,0,,0,0,1,2,2,,1105,3,2,0,0,0,3,2,3,4,0,2,7,,N,,,,,,,,,,,
2007081614,1732.0,3,0,0,0,0,0,0,0,0,1,0,,67,6,2007,7,40.0183,-75.0986,1730.0,6,0,0,0,0,0,0,0,0,1.0,0,0,0,17,1,1,0,,2,40 01:05.862,6.0,0,75 05:54.837,8,0,0,0,67301,0,0,0,N,0,0,0,2,67301,0,,1,1,,N,N,,0,,0,0,0,0,0,Y,1725,1,3,0,0,0,1,0,3,4,0,3,3,,N,,,,,,,,,,,
2007081619,810.0,1,0,0,0,0,0,0,0,0,1,0,,67,5,2007,2,39.9407,-75.2242,804.0,6,0,0,0,0,0,2,0,0,,0,0,0,8,1,0,1,,0,39 56:26.512,,0,75 13:26.950,0,0,0,0,67301,0,0,0,N,0,0,0,2,67301,0,,1,1,,N,N,,0,,0,0,0,3,2,,800,0,2,0,0,0,0,0,3,4,1,2,3,,N,,,,,,,,,,,
2007081628,805.0,1,0,0,0,0,0,0,0,0,8,0,,67,5,2007,5,40.0309,-75.0887,758.0,6,0,0,0,0,0,1,0,0,,0,0,0,7,1,1,0,,0,40 01:51.121,,0,75 05:19.150,4,0,0,0,67301,1,0,0,N,1,0,0,2,67301,1,,1,1,,N,N,,0,,0,0,0,0,0,,758,1,2,0,0,0,0,0,3,4,0,1,3,,N,,,,,,,,,,,
2007081349,526.0,1,0,0,0,0,0,0,0,0,4,0,,67,6,2007,5,40.0457,-75.0563,525.0,6,0,0,0,0,0,0,0,0,,0,0,0,5,5,2,2,,0,40 02:44.000,,0,75 03:22.731,8,0,0,1,67301,0,0,0,N,0,0,0,2,67301,0,,1,1,,N,N,,0,,0,0,0,3,2,,523,2,2,0,0,0,2,0,3,4,0,2,3,,N,,,,,,,,,,,