CRN,ARRIVAL_TM,AUTOMOBILE_COUNT,BELTED_DEATH_COUNT,BELTED_SUSP_SERIOUS_INJ_COUNT,BICYCLE_COUNT,BICYCLE_DEATH_COUNT,BICYCLE_SUSP_SERIOUS_INJ_COUNT,BUS_COUNT,CHLDPAS_DEATH_COUNT,CHLDPAS_SUSP_SERIOUS_INJ_COUNT,COLLISION_TYPE,COMM_VEH_COUNT,CONS_ZONE_SPD_LIM,COUNTY,CRASH_MONTH,CRASH_YEAR,DAY_OF_WEEK,DEC_LAT,DEC_LONG,DISPATCH_TM,DISTRICT,DRIVER_COUNT_16YR,DRIVER_COUNT_17YR,DRIVER_COUNT_18YR,DRIVER_COUNT_19YR,DRIVER_COUNT_20YR,DRIVER_COUNT_50_64YR,DRIVER_COUNT_65_74YR,DRIVER_COUNT_75PLUS,EST_HRS_CLOSED,FATAL_COUNT,HEAVY_TRUCK_COUNT,HORSE_BUGGY_COUNT,HOUR_OF_DAY,ILLUMINATION,INJURY_COUNT,INTERSECT_TYPE,INTERSECTION_RELATED,LANE_CLOSED,LATITUDE,LN_CLOSE_DIR,LOCATION_TYPE,LONGITUDE,MAX_SEVERITY_LEVEL,MCYCLE_DEATH_COUNT,MCYCLE_SUSP_SERIOUS_INJ_COUNT,MOTORCYCLE_COUNT,MUNICIPALITY,NONMOTR_COUNT,NONMOTR_DEATH_COUNT,NONMOTR_SUSP_SERIOUS_INJ_COUNT,NTFY_HIWY_MAINT,PED_COUNT,PED_DEATH_COUNT,PED_SUSP_SERIOUS_INJ_COUNT,PERSON_COUNT,POLICE_AGCY,POSSIBLE_INJ_COUNT,RDWY_SURF_TYPE_CD,RELATION_TO_ROAD,ROAD_CONDITION,ROADWAY_CLEARED,SCH_BUS_IND,SCH_ZONE_IND,SECONDARY_CRASH,SMALL_TRUCK_COUNT,SPEC_JURIS_CD,SUSP_MINOR_INJ_COUNT,SUSP_SERIOUS_INJ_COUNT,SUV_COUNT,TCD_FUNC_CD,TCD_TYPE,TFC_DETOUR_IND,TIME_OF_DAY,TOT_INJ_COUNT,TOTAL_UNITS,UNB_DEATH_COUNT,UNB_SUSP_SERIOUS_INJ_COUNT,UNBELTED_OCC_COUNT,UNK_INJ_DEG_COUNT,UNK_INJ_PER_COUNT,URBAN_AREA,URBAN_RURAL,VAN_COUNT,VEHICLE_COUNT,WEATHER1,WEATHER2,WORK_ZONE_IND,WORK_ZONE_LOC,WORK_ZONE_TYPE,WORKERS_PRES,WZ_CLOSE_DETOUR,WZ_FLAGGER,WZ_LAW_OFFCR_IND,WZ_LN_CLOSURE,WZ_MOVING,WZ_OTHER,WZ_SHLDER_MDN,WZ_WORKERS_INJ_KILLED
2007118259,1600.0,2,0,0,0,0,0,0,0,0,4,0,,67,9,2007,7,39.9517,-75.1828,1550.0,6,0,0,0,0,0,0,0,0,,0,0,0,15,1,2,1,,0,39 57:05.000,,0,75 10:57.149,4,0,0,0,67301,0,0,0,N,0,0,0,4,67301,2,,1,1,,N,N,,0,,0,0,0,3,2,,1545,2,2,0,0,0,0,0,3,4,0,2,3,,N,,,,,,,,,,,
2007116162,2250.0,2,0,0,0,0,0,0,0,0,1,0,,67,9,2007,6,40.0504,-74.9999,2249.0,6,0,0,0,0,0,0,0,0,,0,0,0,22,3,1,1,,0,40 03:01.000,,0,74 59:59.580,4,0,0,0,67301,0,0,0,N,0,0,0,2,67301,1,,1,1,,N,N,,0,,0,0,0,3,2,,2249,1,2,0,0,0,0,0,3,4,0,2,3,,N,,,,,,,,,,,
2007126557,2050.0,1,0,0,0,0,0,0,0,0,4,0,,67,10,2007,6,40.0177,-75.2021,2045.0,6,0,0,0,0,0,1,0,1,1.0,0,0,0,20,2,1,0,,2,40 01:03.843,2.0,0,75 12:07.628,4,0,0,0,67301,0,0,0,,0,0,0,2,67301,1,,1,9,,N,N,,0,,0,0,0,0,0,N,2042,1,2,0,0,0,0,0,3,4,1,2,7,,N,,,,,,,,,,,
2007107967,1050.0,1,0,0,0,0,0,0,0,0,4,0,,67,9,2007,2,39.8923,-75.2248,1037.0,6,0,0,0,0,0,0,0,1,1.0,0,0,0,10,1,1,0,,1,39 53:32.016,1.0,0,75 13:28.742,4,0,0,0,67301,0,0,0,N,0,0,0,3,67301,1,,1,1,,N,N,,0,,0,0,1,0,0,N,1030,1,2,0,0,0,0,0,3,4,0,2,3,,N,,,,,,,,,,,
2007097904,1733.0,1,0,0,1,0,0,0,0,0,4,0,,67,8,2007,7,40.0162,-75.0761,1728.0,6,0,0,0,0,0,1,0,0,,0,0,0,17,1,1,0,,0,40 00:58.489,,0,75 04:33.780,4,0,0,0,67301,1,0,0,N,0,0,0,2,67301,1,,1,1,,N,N,,0,,0,0,0,0,0,,1727,1,2,0,0,0,0,0,3,4,0,1,3,,N,,,,,,,,,,,
2007097966,1640.0,0,0,0,0,0,0,0,0,0,6,1,,67,7,2007,4,40.0238,-75.1595,1630.0,6,0,0,0,0,0,0,0,0,,0,1,0,16,1,1,1,,0,40 01:25.000,,0,75 09:34.095,4,0,0,0,67301,0,0,0,N,0,0,0,2,67301,1,,1,9,,N,N,,0,,0,0,0,3,2,,1630,1,2,0,0,0,0,0,3,4,1,2,7,,N,,,,,,,,,,,
2007097973,1551.0,2,0,0,0,0,0,0,0,0,1,0,,67,8,2007,7,39.962,-75.2001,1549.0,6,0,0,0,0,0,1,0,0,,0,0,0,15,1,2,5,,0,39 57:43.000,,0,75 12:00.430,3,0,0,0,67301,0,0,0,,0,0,0,4,67301,0,,1,1,,,,,0,,1,0,0,3,2,,1535,2,3,0,0,0,1,1,3,4,0,3,3,,N,,,,,,,,,,,
2007120215,1839.0,1,0,0,0,0,0,0,0,0,8,0,,67,10,2007,3,40.0401,-75.0709,1833.0,6,0,0,0,0,0,0,0,0,1.0,0,0,0,18,4,1,0,,2,40 02:24.363,5.0,0,75 04:15.394,4,0,0,0,67301,1,0,0,N,1,0,0,4,67301,1,,1,1,,N,N,,0,,0,0,0,0,0,Y,1833,1,2,0,0,0,0,0,3,4,0,1,3,,N,,,,,,,,,,,
2007081075,1558.0,0,0,0,0,0,0,0,0,0,8,0,,67,4,2007,3,39.992,-75.2375,1556.0,6,0,0,0,0,0,0,0,0,,0,0,0,15,1,1,1,,0,39 59:31.149,,0,75 14:15.021,8,0,0,0,67301,1,0,0,N,1,0,0,2,67301,0,,4,1,,N,Y,,0,,0,0,0,1,2,,1537,1,2,0,0,0,1,0,3,4,1,1,3,,N,,,,,,,,,,,
2007081120,808.0,1,0,0,0,0,0,0,0,0,7,0,,67,5,2007,1,40.0591,-75.0447,807.0,6,0,0,0,0,0,0,0,0,,0,0,0,8,1,1,1,,0,40 03:32.000,,0,75 02:41.289,8,0,0,0,67301,0,0,0,N,0,0,0,1,67301,0,,3,1,,N,N,,0,,0,0,0,3,2,,805,1,1,0,0,0,1,0,3,4,0,1,3,,N,,,,,,,,,,,
2007066400,2020.0,1,0,0,0,0,0,0,0,0,8,0,,67,5,2007,5,40.0385,-75.0672,2015.0,6,0,0,0,0,0,0,0,0,,0,0,0,20,3,1,0,,0,40 02:18.500,,0,75 04:01.900,4,0,0,0,67301,1,0,0,N,1,0,0,2,67301,1,,1,1,,N,N,,0,,0,0,0,0,0,,2015,1,2,0,0,0,0,0,3,4,0,1,3,,N,,,,,,,,,,,
2007066444,9999.0,0,0,0,0,0,0,0,0,0,6,0,,67,4,2007,5,39.923,-75.1885,9999.0,6,0,0,0,0,0,1,0,0,,0,0,0,99,1,1,1,,0,39 55:22.764,,0,75 11:18.725,4,0,0,0,67301,0,0,0,N,0,0,0,2,67301,1,,1,1,,N,N,,0,,0,0,1,3,2,,9999,1,2,0,0,0,0,0,3,4,1,2,3,,N,,,,,,,,,,,
2007079916,1750.0,2,0,0,0,0,0,1,0,0,5,1,,67,6,2007,2,40.0545,-75.0908,1744.0,6,0,0,0,0,0,0,0,0,,0,0,0,17,1,1,1,,0,40 03:16.000,,0,75 05:26.794,4,0,0,0,67301,0,0,0,N,0,0,0,3,67301,1,,1,1,,N,N,,0,,0,0,0,3,3,,1742,1,3,0,0,0,0,0,3,4,0,3,3,,N,,,,,,,,,,,
2007079926,940.0,1,0,0,0,0,0,0,0,0,8,0,,67,6,2007,3,39.9546,-75.173,933.0,6,0,0,0,0,0,0,0,0,,0,0,0,9,1,1,1,,0,39 57:16.000,,0,75 10:22.785,8,0,0,0,67301,1,0,0,N,1,0,0,2,67301,0,,1,1,,N,N,,0,,0,0,0,9,2,,933,1,2,0,0,0,1,1,3,4,0,1,3,,N,,,,,,,,,,,
2007079963,1645.0,1,0,0,0,0,0,0,0,0,4,0,,67,5,2007,7,39.9695,-75.1396,1640.0,6,0,0,0,0,0,0,0,0,,0,0,0,16,1,2,1,,0,39 58:10.000,,0,75 08:22.538,3,0,0,1,67301,0,0,0,N,0,0,0,2,67301,0,,1,1,,N,N,,0,,1,0,0,3,2,,1638,2,2,0,0,1,1,0,3,4,0,2,3,,N,,,,,,,,,,,
2007080179,2017.0,2,0,0,0,0,0,0,0,0,1,0,,67,6,2007,5,40.032,-75.1576,2015.0,6,0,0,0,0,0,0,0,0,,0,0,0,20,4,1,1,,0,40 01:55.351,,0,75 09:27.532,4,0,0,0,67301,0,0,0,N,0,0,0,2,67301,1,,1,1,,N,N,,0,,0,0,0,0,0,,2000,1,2,0,0,0,0,0,3,4,0,2,3,,N,,,,,,,,,,,
2007080188,2140.0,1,0,0,0,0,0,0,0,0,8,0,,67,6,2007,7,40.0415,-75.1323,2140.0,6,0,0,0,0,0,0,0,0,,0,0,0,21,3,1,0,,0,40 02:29.415,,0,75 07:56.127,4,0,0,0,67301,1,0,0,N,1,0,0,5,67301,1,,1,1,,N,N,,0,,0,0,0,0,0,,2100,1,2,0,0,0,0,0,3,4,0,1,3,,N,,,,,,,,,,,
2007124130,1955.0,1,0,0,0,0,0,0,0,0,8,0,,67,11,2007,6,40.0387,-75.0442,1942.0,6,0,0,0,0,0,0,1,0,,0,0,0,19,3,1,1,,0,40 02:19.000,,0,75 02:39.098,4,0,0,0,67301,1,0,0,N,1,0,0,2,67301,1,,1,1,,N,N,,0,,0,0,0,0,0,,1930,1,2,0,0,0,0,0,3,4,0,1,3,,N,,,,,,,,,,,
2007123840,850.0,1,0,0,0,0,0,0,0,0,4,0,,67,11,2007,5,40.0613,-75.2362,840.0,6,0,0,0,0,0,1,0,0,,0,0,0,8,1,1,1,,0,40 03:41.000,,0,75 14:11.684,8,0,0,0,67301,0,0,0,N,0,0,0,2,67301,0,,1,1,,N,,,0,,0,0,0,3,2,,830,1,2,0,0,0,1,1,3,4,1,2,3,,N,,,,,,,,,,,
2007124135,1005.0,2,0,0,0,0,0,0,0,0,4,0,,67,10,2007,3,39.9691,-75.1608,1000.0,6,0,0,1,0,1,0,0,0,,0,0,0,9,1,1,1,,0,39 58:08.745,,0,75 09:38.955,4,0,0,0,67301,0,0,0,N,0,0,0,4,67301,1,,1,1,,N,N,,0,,0,0,0,3,3,,955,1,2,0,0,4,0,0,3,4,0,2,3,,N,,,,,,,,,,,
2007124170,1609.0,0,0,0,0,0,0,1,0,0,4,1,,67,11,2007,5,39.9878,-75.1676,1609.0,6,0,0,0,0,0,0,0,0,3.0,0,0,0,16,1,1,1,,1,39 59:15.993,4.0,0,75 10:03.457,8,0,0,0,67301,0,0,0,Y,0,0,0,18,67301,0,,1,1,,Y,N,,0,,0,0,1,3,2,N,1608,1,2,0,0,1,1,17,3,4,0,2,3,,N,,,,,,,,,,,
2007124417,749.0,1,0,0,0,0,0,0,0,0,4,0,,67,12,2007,5,39.9819,-75.2655,746.0,6,0,0,0,0,0,1,0,0,2.0,0,0,0,7,1,2,2,,2,39 58:54.000,1.0,0,75 15:55.919,3,0,0,0,67301,0,0,0,N,0,0,0,3,46104,1,,1,6,,N,N,,0,,1,0,0,3,3,N,746,2,2,0,0,0,0,0,3,4,1,2,3,,N,,,,,,,,,,,
2007124422,1817.0,0,0,0,0,0,0,0,0,0,1,0,,67,12,2007,2,39.9934,-75.2433,1816.0,6,0,1,0,1,0,0,0,0,,0,0,0,18,3,0,0,,0,39 59:37.000,,0,75 14:33.903,0,0,0,0,67301,0,0,0,N,0,0,0,2,46104,0,,1,9,,N,N,,0,,0,0,2,0,0,,1816,0,2,0,0,0,0,0,3,4,0,2,7,,N,,,,,,,,,,,
2007047741,9999.0,2,0,0,0,0,0,0,0,0,4,0,,67,2,2007,4,40.0204,-75.1401,650.0,6,0,0,0,0,0,2,0,0,,0,0,0,99,3,1,1,,0,40 01:13.458,,0,75 08:24.453,3,0,0,0,67301,0,0,0,N,0,0,0,2,67301,0,,1,1,,N,N,,0,,1,0,0,3,3,,9999,1,2,0,0,0,0,0,3,4,0,2,3,,N,,,,,,,,,,,
2007047747,1725.0,1,0,0,0,0,0,0,0,0,8,0,,67,3,2007,3,40.0179,-75.1493,1721.0,6,0,0,0,0,0,1,0,0,,0,0,0,17,1,1,1,,0,40 01:04.000,,0,75 08:57.222,4,0,0,0,67301,1,0,0,N,1,0,0,2,67301,1,,1,9,,N,N,,0,,0,0,0,0,0,,1700,1,2,0,0,0,0,0,3,4,0,1,3,,N,,,,,,,,,,,
2007047755,1240.0,1,0,0,0,0,0,0,0,0,5,0,,67,3,2007,4,39.9495,-75.1659,1230.0,6,0,0,0,0,0,1,0,0,,0,0,0,12,1,1,1,,0,39 56:58.000,,0,75 09:57.108,3,0,0,0,67301,0,0,0,N,0,0,0,2,67301,0,,1,1,,N,N,,1,,1,0,0,3,2,,1230,1,2,0,0,0,0,0,3,4,0,2,3,,N,,,,,,,,,,,
2007116203,1102.0,1,0,0,0,0,0,0,0,0,8,0,,67,9,2007,2,39.9491,-75.2125,1100.0,6,0,0,0,0,0,1,0,0,,0,0,0,9,1,1,0,,0,39 56:56.000,,0,75 12:45.142,4,0,0,0,67301,1,0,0,N,1,0,0,2,67301,1,,1,1,,N,N,,0,,0,0,0,0,0,,915,1,2,0,0,0,0,1,3,4,0,1,3,,N,,,,,,,,,,,
2007116228,2120.0,1,0,0,0,0,0,0,0,0,8,0,,67,10,2007,7,39.9646,-75.2301,2100.0,6,0,0,0,0,0,0,1,0,,0,0,0,20,3,1,2,,0,39 57:52.477,,0,75 13:48.352,4,0,0,0,67301,1,0,0,N,1,0,0,2,67301,1,,1,1,,N,N,,0,,0,0,0,9,3,,2030,1,2,0,0,0,0,0,3,4,0,1,3,,N,,,,,,,,,,,
2007116253,140.0,2,0,0,0,0,0,0,0,0,1,0,,67,10,2007,1,40.0254,-75.0733,135.0,6,0,0,0,0,0,1,0,0,,0,0,0,1,3,1,1,,0,40 01:31.000,,0,75 04:23.943,4,0,0,0,67301,0,0,0,,0,0,0,2,67301,1,,1,1,,,,,0,,0,0,0,0,0,,130,1,2,0,0,0,0,0,3,4,0,2,3,,N,,,,,,,,,,,
2007105882,2035.0,2,0,0,0,0,0,0,0,0,1,0,,67,4,2007,1,40.0873,-75.0354,2034.0,6,0,0,0,0,0,0,0,0,4.0,0,0,0,20,3,5,2,,2,40 05:14.000,5.0,0,75 02:07.531,4,0,0,0,67301,0,0,0,N,0,0,0,5,67301,5,,1,1,,N,N,,0,,0,0,0,0,0,Y,2034,5,3,0,0,0,0,0,3,4,1,3,3,,N,,,,,,,,,,,
2007105883,245.0,0,0,0,0,0,0,0,0,0,4,0,,67,8,2007,1,40.0084,-75.1513,240.0,6,0,0,0,0,0,0,0,0,,0,0,0,2,3,1,0,,0,40 00:30.000,,0,75 09:04.704,3,0,0,1,67301,0,0,0,,0,0,0,2,67301,0,,1,1,,,,,0,,1,0,1,0,0,,230,1,2,0,0,0,0,0,3,4,0,2,3,,N,,,,,,,,,,,
2007105962,222.0,1,0,0,0,0,0,0,0,0,7,0,,67,8,2007,2,40.0225,-75.1943,222.0,6,0,0,0,0,1,0,0,0,,1,0,0,2,3,1,0,,0,40 01:20.000,,0,75 11:39.473,1,0,0,0,67301,0,0,0,N,0,0,0,2,67301,0,2.0,4,1,,N,N,,0,0.0,0,1,0,0,0,,216,1,1,1,1,2,0,0,3,4,0,1,3,,N,,,,,,,,,,,
2007105966,1620.0,1,0,0,0,0,0,0,0,0,4,0,,67,6,2007,7,40.0381,-75.1313,1615.0,6,0,0,0,0,0,0,0,0,,0,0,0,16,1,1,0,,0,40 02:17.160,,7,75 07:52.787,8,0,0,1,67301,0,0,0,N,0,0,0,2,67301,0,,1,1,,N,N,,0,,0,0,0,0,0,,1600,1,2,0,0,0,1,0,3,4,0,2,3,,N,,,,,,,,,,,
2007106018,1244.0,1,0,0,0,0,0,0,0,0,7,0,,67,8,2007,5,40.0467,-75.0008,1239.0,6,0,0,0,0,0,0,0,0,1.0,0,0,0,12,1,2,0,,2,40 02:48.480,1.0,0,75 00:02.520,4,0,0,0,67301,0,0,0,N,0,0,0,2,67301,2,,2,1,,N,N,,0,,0,0,0,0,0,N,1238,2,1,0,0,0,0,0,3,4,0,1,3,,N,,,,,,,,,,,
2007106150,9999.0,1,0,0,0,0,0,0,0,0,7,0,,67,8,2007,6,40.0719,-75.1931,455.0,6,0,0,0,0,0,1,0,0,,0,0,0,99,3,0,0,,0,40 04:18.700,,0,75 11:35.100,0,0,0,0,67301,0,0,0,N,0,0,0,1,67301,0,,2,1,,N,N,,0,,0,0,0,0,0,,9999,0,1,0,0,0,0,0,3,4,0,1,3,,N,,,,,,,,,,,
2007106155,1240.0,1,0,0,0,0,0,0,0,0,2,0,,67,9,2007,3,39.9858,-75.2156,1235.0,6,0,0,0,0,0,2,0,0,,0,0,0,12,1,0,1,,0,39 59:08.000,,0,75 12:56.216,0,0,0,0,67301,0,0,0,N,0,0,0,3,67301,0,,1,9,,N,N,,0,,0,0,0,3,2,,1230,0,2,0,0,0,0,0,3,4,1,2,7,,N,,,,,,,,,,,
2007111474,1958.0,2,0,0,0,0,0,0,0,0,5,0,,67,9,2007,3,,,1958.0,6,0,0,0,0,0,0,0,0,9.0,0,0,0,19,3,1,0,,2,,3.0,3,,8,0,0,0,67301,0,0,0,N,0,0,0,9,67501,0,,1,1,,N,N,,0,,0,0,1,3,8,N,1955,1,3,0,0,0,1,0,3,3,0,3,3,,N,,,,,,,,,,,
2007111477,2346.0,1,0,0,0,0,0,0,0,0,4,0,,67,9,2007,7,40.114,-74.9876,2340.0,6,0,0,0,0,0,0,1,0,2.0,0,0,0,23,3,1,1,,2,40 06:50.000,6.0,0,74 59:15.382,8,0,0,0,67301,0,0,0,N,0,0,0,2,67301,0,,1,1,,N,N,,0,,0,0,0,2,2,Y,2338,1,2,0,0,0,1,0,3,4,1,2,3,,N,,,,,,,,,,,
2007098702,1913.0,1,0,0,0,0,0,0,0,0,4,0,,67,7,2007,4,40.0244,-75.0628,1913.0,6,0,0,0,0,0,0,0,0,,0,0,0,19,1,0,1,,0,40 01:27.000,,0,75 03:46.122,0,0,0,0,67301,0,0,0,N,0,0,0,4,67301,0,,1,9,,N,N,,0,,0,0,1,3,2,,1900,0,2,0,0,0,0,0,3,4,0,2,7,,N,,,,,,,,,,,
2007098581,227.0,2,0,0,0,0,0,0,0,0,4,0,,67,8,2007,4,40.0062,-75.1519,225.0,6,0,0,0,0,0,1,0,0,,0,0,0,1,3,0,1,,0,40 00:22.000,,0,75 09:06.895,9,0,0,0,67301,0,0,0,,0,0,0,2,67301,0,,1,9,,,,,0,,0,0,0,3,2,,130,0,2,0,0,0,0,1,3,4,0,2,7,,N,,,,,,,,,,,
2007098605,1459.0,2,0,0,0,0,0,0,0,0,1,0,,67,8,2007,1,39.9625,-75.2068,1457.0,6,0,0,0,0,0,1,0,0,,0,0,0,14,1,0,1,,0,39 57:45.000,,0,75 12:24.119,9,0,0,0,67301,0,0,0,,0,0,0,3,67301,0,,1,1,,,,,0,,0,0,0,3,2,,1450,0,2,0,0,0,0,1,3,4,0,2,3,,N,,,,,,,,,,,
2007098731,1816.0,1,0,0,0,0,0,0,0,0,2,0,,67,8,2007,2,40.0108,-75.1266,1727.0,6,0,0,0,0,0,0,0,0,,0,0,0,17,1,2,1,,0,40 00:38.808,,0,75 07:35.921,4,0,0,0,67301,0,0,0,N,0,0,0,5,67301,2,,1,1,,N,N,,0,,0,0,0,3,2,,1715,2,2,0,0,0,0,0,3,4,1,2,3,,N,,,,,,,,,,,
2007098741,51.0,2,0,0,0,0,0,0,0,0,1,0,,67,7,2007,7,40.0196,-75.1475,46.0,6,0,0,0,0,0,0,0,0,2.0,0,0,0,0,3,1,0,,1,40 01:10.000,1.0,0,75 08:50.741,4,0,0,0,67301,0,0,0,N,0,0,0,2,67301,1,,1,1,,N,N,,0,,0,0,0,0,0,N,10,1,2,0,0,0,0,1,3,4,0,2,3,,N,,,,,,,,,,,
2007098643,1807.0,0,0,0,0,0,0,0,0,0,1,0,,67,8,2007,2,39.9543,-75.1917,1805.0,6,0,0,0,0,0,0,0,0,,0,0,0,17,1,0,0,,0,39 57:15.000,,0,75 11:30.066,0,0,0,0,67301,0,0,0,N,0,0,0,2,67504,0,,1,1,,N,N,,1,,0,0,0,0,0,,1725,0,2,0,0,0,0,0,3,4,1,2,3,,N,,,,,,,,,,,
2007081615,1755.0,0,0,0,0,0,0,0,0,0,4,0,,67,6,2007,3,40.0507,-75.1486,1755.0,6,0,0,0,0,0,2,0,0,,0,0,0,17,1,5,1,,0,40 03:02.000,,0,75 08:55.377,8,0,0,0,67301,0,0,0,N,0,0,0,7,67301,0,,1,1,,N,N,,1,,0,0,1,3,2,,1745,5,3,0,0,0,5,0,3,4,1,3,3,,N,,,,,,,,,,,
2007081620,1332.0,2,0,0,0,0,0,0,0,0,4,0,,67,6,2007,3,39.9234,-75.2317,1332.0,6,0,0,0,0,0,0,0,0,,0,0,0,13,1,1,1,,0,39 55:24.167,,0,75 13:54.200,4,0,0,0,67301,0,0,0,N,0,0,0,2,67301,1,,1,1,,N,N,,0,,0,0,0,9,2,,1327,1,2,0,0,0,0,1,3,4,0,2,3,,N,,,,,,,,,,,
2007081645,9999.0,1,0,0,0,0,0,0,0,0,1,1,,67,6,2007,3,39.9906,-75.091,2047.0,6,0,0,0,0,0,0,0,0,1.0,0,1,0,99,3,1,0,,2,39 59:26.000,6.0,0,75 05:27.667,8,0,0,0,67301,0,0,0,N,0,0,0,3,67301,0,,1,1,,N,N,,0,,0,0,0,0,0,Y,9999,1,2,0,0,0,1,0,3,4,0,2,3,,N,,,,,,,,,,,
2007081653,812.0,1,0,0,0,0,0,0,0,0,7,0,,67,5,2007,7,39.9573,-75.1583,803.0,6,0,0,0,0,0,0,0,0,1.0,0,0,0,8,1,1,0,,1,39 57:26.280,3.0,0,75 09:29.880,8,0,0,0,67301,0,0,0,N,0,0,0,1,67301,0,,2,1,,N,N,,0,,0,0,0,0,0,N,803,1,1,0,0,0,1,0,3,4,0,1,3,,N,,,,,,,,,,,
2007081671,2011.0,2,0,0,0,0,0,0,0,0,4,0,,67,5,2007,4,39.9535,-75.2067,2011.0,6,0,0,0,0,0,0,0,0,,0,0,0,20,4,1,1,,0,39 57:12.420,,0,75 12:24.004,4,0,0,0,67301,0,0,0,N,0,0,0,2,67501,1,,1,1,,N,N,,0,,0,0,0,3,3,,2010,1,2,0,0,0,0,0,3,4,0,2,3,,N,,,,,,,,,,,
2007081734,1911.0,2,0,0,0,0,0,0,0,0,6,0,,67,5,2007,7,40.0567,-75.1408,1909.0,6,0,0,1,0,0,0,0,0,,0,0,0,19,1,1,1,,0,40 03:24.073,,0,75 08:26.746,4,0,0,0,67301,0,0,0,N,0,0,0,2,67301,1,,1,1,,N,N,,0,,0,0,0,3,2,,1900,1,2,0,0,0,0,0,3,4,0,2,3,,N,,,,,,,,,,,
2007120190,1528.0,2,0,0,0,0,0,0,0,0,5,0,,67,10,2007,3,40.0713,-75.0383,1527.0,6,0,0,0,0,0,0,0,1,9.0,0,0,0,15,1,3,1,,2,40 04:16.000,2.0,6,75 02:17.825,3,0,0,0,67301,0,0,0,,0,0,0,3,67301,2,,1,1,,N,N,,0,,1,0,0,3,2,Y,1524,3,2,0,0,0,0,0,3,4,0,2,3,,N,,,,,,,,,,,
2007120198,922.0,0,0,0,0,0,0,0,0,0,7,1,,67,10,2007,5,39.9055,-75.1741,920.0,6,0,0,0,0,0,0,0,0,4.0,0,1,0,9,1,0,1,,1,39 54:19.000,4.0,0,75 10:26.844,0,0,0,0,67301,0,0,0,N,0,0,0,1,67301,0,,5,1,,N,N,,0,,0,0,0,3,2,Y,915,0,1,0,0,0,0,0,3,4,0,1,3,,N,,,,,,,,,,,
2007120203,250.0,1,0,0,0,0,0,0,0,0,8,0,,67,10,2007,1,39.9408,-75.2125,245.0,6,0,0,0,0,0,0,0,0,,0,0,0,2,3,1,0,,0,39 56:26.701,,0,75 12:44.888,8,0,0,0,67301,1,0,0,,1,0,0,2,67301,0,,1,1,,N,N,,0,,0,0,0,0,0,,238,1,2,0,0,0,1,1,3,4,0,1,3,,N,,,,,,,,,,,
2007066514,1620.0,2,0,0,0,0,0,0,0,0,4,0,,67,5,2007,5,40.0528,-75.1353,1615.0,6,0,0,0,0,0,0,0,1,,0,0,0,15,1,2,1,,0,40 03:10.058,,0,75 08:06.953,4,0,0,0,67301,0,0,0,N,0,0,0,3,67301,2,,1,1,,N,N,,0,,0,0,0,3,3,,1530,2,2,0,0,0,0,0,3,4,0,2,3,,N,,,,,,,,,,,
2007066541,9999.0,1,0,0,0,0,0,0,0,0,4,1,,67,5,2007,6,39.9733,-75.2112,1011.0,6,0,0,0,0,0,0,0,0,,0,1,0,99,1,4,0,,0,39 58:23.880,,0,75 12:39.960,4,0,0,0,67301,0,0,0,N,0,0,0,7,67301,1,,1,1,,N,N,,0,,0,0,0,3,2,,9999,4,3,0,0,0,3,1,3,4,0,3,3,,N,,,,,,,,,,,
2007079995,525.0,2,0,0,0,0,0,0,0,0,1,0,,67,6,2007,7,40.125,-75.0177,518.0,6,0,0,0,0,1,0,0,0,,0,0,0,5,5,1,0,,0,40 07:29.960,,0,75 01:03.766,4,0,0,0,67301,0,0,0,N,0,0,0,2,67301,1,,1,1,,N,N,,0,,0,0,0,0,0,,514,1,2,0,0,0,0,0,3,4,0,2,3,,N,,,,,,,,,,,
2007116657,840.0,2,0,0,0,0,0,0,0,0,4,0,,67,10,2007,4,39.9598,-75.1637,837.0,6,0,0,0,0,0,0,0,0,,0,0,0,99,1,1,1,,0,39 57:35.366,,0,75 09:49.409,4,0,0,0,67301,0,0,0,,0,0,0,2,67301,1,,1,1,,N,N,,0,,0,0,0,9,3,,9999,1,2,0,0,0,0,0,3,4,0,2,3,,N,,,,,,,,,,,
2007124099,120.0,0,0,0,0,0,0,0,0,0,7,0,,67,11,2007,2,39.9074,-75.1936,114.0,6,0,0,0,0,0,1,0,0,1.0,0,0,0,1,3,1,0,,1,39 54:26.624,2.0,0,75 11:37.102,4,0,0,0,67301,0,0,0,N,0,0,0,1,67301,1,,2,1,,N,N,,1,,0,0,0,0,0,N,104,1,1,0,0,0,0,0,3,4,0,1,3,,N,,,,,,,,,,,
2007127609,913.0,1,0,0,0,0,0,0,0,0,8,0,,67,10,2007,3,40.0245,-75.1478,910.0,6,0,0,0,0,0,0,0,0,,0,0,0,10,1,1,1,,0,40 01:28.000,,0,75 08:52.132,4,0,0,0,67301,1,0,0,N,1,0,0,2,67301,1,,1,1,,N,N,,0,,0,0,0,3,2,,1000,1,2,0,0,0,0,1,3,4,0,1,3,,N,,,,,,,,,,,
2007124649,120.0,1,0,0,0,0,0,0,0,0,7,0,,67,11,2007,7,40.0643,-75.169,120.0,6,0,0,0,0,1,0,0,0,,0,0,0,1,3,1,2,,0,40 03:51.000,,0,75 10:08.560,4,0,0,0,67301,0,0,0,N,0,0,0,1,67301,1,,4,9,,N,N,,0,,0,0,0,0,0,,120,1,1,0,0,1,0,0,3,4,0,1,7,,N,,,,,,,,,,,