CRN,ARRIVAL_TM,AUTOMOBILE_COUNT,BELTED_DEATH_COUNT,BELTED_SUSP_SERIOUS_INJ_COUNT,BICYCLE_COUNT,BICYCLE_DEATH_COUNT,BICYCLE_SUSP_SERIOUS_INJ_COUNT,BUS_COUNT,CHLDPAS_DEATH_COUNT,CHLDPAS_SUSP_SERIOUS_INJ_COUNT,COLLISION_TYPE,COMM_VEH_COUNT,CONS_ZONE_SPD_LIM,COUNTY,CRASH_MONTH,CRASH_YEAR,DAY_OF_WEEK,DEC_LAT,DEC_LONG,DISPATCH_TM,DISTRICT,DRIVER_COUNT_16YR,DRIVER_COUNT_17YR,DRIVER_COUNT_18YR,DRIVER_COUNT_19YR,DRIVER_COUNT_20YR,DRIVER_COUNT_50_64YR,DRIVER_COUNT_65_74YR,DRIVER_COUNT_75PLUS,EST_HRS_CLOSED,FATAL_COUNT,HEAVY_TRUCK_COUNT,HORSE_BUGGY_COUNT,HOUR_OF_DAY,ILLUMINATION,INJURY_COUNT,INTERSECT_TYPE,INTERSECTION_RELATED,LANE_CLOSED,LATITUDE,LN_CLOSE_DIR,LOCATION_TYPE,LONGITUDE,MAX_SEVERITY_LEVEL,MCYCLE_DEATH_COUNT,MCYCLE_SUSP_SERIOUS_INJ_COUNT,MOTORCYCLE_COUNT,MUNICIPALITY,NONMOTR_COUNT,NONMOTR_DEATH_COUNT,NONMOTR_SUSP_SERIOUS_INJ_COUNT,NTFY_HIWY_MAINT,PED_COUNT,PED_DEATH_COUNT,PED_SUSP_SERIOUS_INJ_COUNT,PERSON_COUNT,POLICE_AGCY,POSSIBLE_INJ_COUNT,RDWY_SURF_TYPE_CD,RELATION_TO_ROAD,ROAD_CONDITION,ROADWAY_CLEARED,SCH_BUS_IND,SCH_ZONE_IND,SECONDARY_CRASH,SMALL_TRUCK_COUNT,SPEC_JURIS_CD,SUSP_MINOR_INJ_COUNT,SUSP_SERIOUS_INJ_COUNT,SUV_COUNT,TCD_FUNC_CD,TCD_TYPE,TFC_DETOUR_IND,TIME_OF_DAY,TOT_INJ_COUNT,TOTAL_UNITS,UNB_DEATH_COUNT,UNB_SUSP_SERIOUS_INJ_COUNT,UNBELTED_OCC_COUNT,UNK_INJ_DEG_COUNT,UNK_INJ_PER_COUNT,URBAN_AREA,URBAN_RURAL,VAN_COUNT,VEHICLE_COUNT,WEATHER1,WEATHER2,WORK_ZONE_IND,WORK_ZONE_LOC,WORK_ZONE_TYPE,WORKERS_PRES,WZ_CLOSE_DETOUR,WZ_FLAGGER,WZ_LAW_OFFCR_IND,WZ_LN_CLOSURE,WZ_MOVING,WZ_OTHER,WZ_SHLDER_MDN,WZ_WORKERS_INJ_KILLED
2007124686,851.0,1,0,0,0,0,0,0,0,0,7,0,,67,11,2007,5,40.0983,-75.0107,847.0,6,0,0,0,0,0,0,0,0,1.0,0,0,0,8,1,1,0,,1,40 05:53.000,1.0,0,75 00:38.700,8,0,0,0,67301,0,0,0,,0,0,0,1,67301,0,,2,1,,,,,0,,0,0,0,0,0,Y,846,1,1,0,0,0,1,0,3,4,0,1,3,,N,,,,,,,,,,,
2007126205,1758.0,1,0,0,0,0,0,0,0,0,4,0,,67,11,2007,1,40.0613,-75.2362,1755.0,6,0,0,0,0,0,0,0,0,,0,0,0,17,3,1,1,,0,40 03:41.000,,0,75 14:11.684,4,0,0,0,67301,0,0,0,N,0,0,0,2,67301,1,,1,1,,N,N,,1,,0,0,0,3,2,,1740,1,2,0,0,0,0,0,3,4,0,2,3,,N,,,,,,,,,,,
2007123790,1358.0,2,0,0,0,0,0,0,0,0,2,0,,67,11,2007,1,39.9827,-75.1112,1355.0,6,0,0,0,0,0,2,0,0,,0,0,0,13,1,2,1,,0,39 58:57.885,,0,75 06:40.168,8,0,0,0,67301,0,0,0,,0,0,0,4,67301,0,,1,1,,N,N,,0,,0,0,0,0,0,,1352,2,3,0,0,0,2,0,3,4,1,3,3,,N,,,,,,,,,,,
2007124145,2230.0,1,0,0,0,0,0,0,0,0,6,0,,67,11,2007,1,39.9689,-75.1362,2220.0,6,0,0,0,0,0,1,0,0,,0,0,0,22,3,1,1,,0,39 58:08.000,,0,75 08:10.344,3,0,0,1,67301,0,0,0,,0,0,0,2,67301,0,,1,1,,,,,0,,1,0,0,3,2,,2210,1,2,0,0,0,0,1,3,4,0,2,3,,N,,,,,,,,,,,
2007124171,1315.0,4,0,0,0,0,0,0,0,0,1,0,,67,10,2007,3,40.0295,-75.1467,1309.0,6,0,0,0,0,0,0,0,1,1.0,0,0,0,12,1,3,1,,1,40 01:46.000,5.0,0,75 08:48.184,2,0,0,0,67301,0,0,0,N,0,0,0,5,67301,1,,1,1,,N,N,,0,,1,1,1,9,2,N,1257,3,5,0,0,0,0,0,3,4,0,5,3,,N,,,,,,,,,,,
2007047777,1435.0,2,0,0,0,0,0,0,0,0,5,0,,67,3,2007,1,39.9866,-75.0944,1430.0,6,0,0,0,1,0,0,0,1,,0,0,0,14,1,1,1,,0,39 59:11.000,,0,75 05:39.698,8,0,0,0,67301,0,0,0,N,0,0,0,2,67301,0,,1,1,,N,N,,0,,0,0,0,3,3,,1430,1,2,0,0,0,1,0,3,4,0,2,3,,N,,,,,,,,,,,
2007047784,1337.0,1,0,0,0,0,0,0,0,0,7,0,,67,3,2007,4,39.9307,-75.2431,1332.0,6,0,0,0,0,0,0,0,0,1.0,0,0,0,13,1,1,0,,2,39 55:50.520,5.0,0,75 14:35.160,4,0,0,0,67301,0,0,0,N,0,0,0,1,67301,1,,2,6,,N,N,,0,,0,0,0,0,0,Y,1330,1,1,0,0,0,0,0,3,4,0,1,10,,N,,,,,,,,,,,
2007068125,1420.0,3,0,0,0,0,0,0,0,0,7,0,,67,5,2007,4,39.9766,-75.1135,1402.0,6,0,0,0,0,0,1,0,0,,0,0,0,14,1,1,0,,0,39 58:36.000,,0,75 06:47.939,3,0,0,0,67301,0,0,0,,0,0,0,4,67301,0,,2,1,,,,,0,,1,0,0,0,0,,1400,1,3,0,0,0,0,0,3,4,0,3,3,,N,,,,,,,,,,,
2007116222,1517.0,1,0,0,0,0,0,0,0,0,8,0,,67,9,2007,1,40.0095,-75.1679,1516.0,6,0,0,0,0,0,0,0,0,,0,0,0,15,1,1,0,,0,40 00:34.000,,0,75 10:04.378,3,0,0,0,67301,1,0,0,N,1,0,0,2,67301,0,,1,1,,N,N,,0,,1,0,0,0,0,,1510,1,2,0,0,0,0,0,3,4,0,1,3,,N,,,,,,,,,,,
2007110500,1900.0,2,0,0,0,0,0,0,0,0,4,0,,67,9,2007,6,40.0516,-75.1194,1845.0,6,0,0,0,0,0,0,0,0,,0,0,0,16,1,3,0,,0,40 03:05.000,,0,75 07:09.741,8,0,0,0,67301,0,0,0,N,0,0,0,4,46102,0,,1,1,,N,N,,0,,0,0,0,0,0,,1630,3,2,0,0,0,3,1,3,4,0,2,3,,N,,,,,,,,,,,
2007105880,147.0,1,0,0,0,0,0,0,0,0,7,0,,67,8,2007,2,39.9429,-75.1891,146.0,6,0,0,0,0,0,0,0,0,,0,0,0,1,3,1,10,,0,39 56:34.447,,0,75 11:20.853,8,0,0,0,67301,0,0,0,N,0,0,0,1,67301,0,,5,1,,N,N,,0,,0,0,0,3,3,,145,1,1,0,0,0,1,0,3,4,0,1,3,,N,,,,,,,,,,,
2007105963,118.0,1,0,0,0,0,0,0,0,0,8,0,,67,9,2007,1,40.0138,-75.2032,115.0,6,0,0,0,0,0,0,0,0,,1,0,0,1,3,0,0,,0,40 00:49.000,,0,75 12:11.704,1,0,0,0,67301,1,1,0,N,1,1,0,2,67301,0,2.0,1,1,,N,N,,0,0.0,0,0,0,0,0,,112,0,2,0,0,1,0,0,3,4,0,1,3,,N,,,,,,,,,,,
2007106024,2230.0,2,0,0,0,0,0,0,0,0,4,0,,67,6,2007,1,39.9985,-75.1535,2220.0,6,0,1,0,0,0,0,0,0,,0,0,0,22,3,4,2,,0,39 59:54.000,,0,75 09:12.498,4,0,0,0,67301,0,0,0,N,0,0,0,4,67301,4,,1,1,,N,N,,0,,0,0,0,3,2,,2215,4,2,0,0,0,0,0,3,4,0,2,3,,N,,,,,,,,,,,
2007106165,1200.0,1,0,0,1,0,0,0,0,0,4,0,,67,8,2007,6,39.9624,-75.1615,1152.0,6,0,0,0,0,0,0,0,0,,0,0,0,99,1,1,1,,0,39 57:44.000,,0,75 09:41.290,4,0,0,0,67301,1,0,0,N,0,0,0,2,67301,1,,1,1,,N,N,,0,,0,0,0,3,2,,9999,1,2,0,0,0,0,0,3,4,0,1,3,,N,,,,,,,,,,,
2007108866,2228.0,0,0,0,0,0,0,0,0,0,4,0,,67,9,2007,4,39.9057,-75.1939,2224.0,6,0,0,0,0,0,1,0,0,1.0,0,0,0,22,3,1,5,,1,39 54:20.000,4.0,0,75 11:38.295,4,0,0,0,67301,0,0,0,N,0,0,0,2,67301,1,,1,1,,N,N,,0,,0,0,2,3,2,N,2220,1,2,0,0,0,0,1,3,4,0,2,3,,N,,,,,,,,,,,
2007108879,625.0,3,0,0,0,0,0,0,0,0,1,0,,67,8,2007,5,39.9365,-75.167,623.0,6,0,0,0,0,0,0,0,0,,0,0,0,99,1,0,0,,0,39 56:11.000,,0,75 10:01.241,0,0,0,0,67301,0,0,0,,0,0,0,2,67301,0,,1,1,,N,N,,0,,0,0,0,3,2,,9999,0,3,0,0,0,0,0,3,4,0,3,3,,N,,,,,,,,,,,
2007109054,1616.0,1,0,0,0,0,0,0,0,0,1,0,,67,9,2007,5,39.9681,-75.1906,1610.0,6,0,0,0,0,0,2,0,0,3.0,0,0,0,16,1,1,0,,1,39 58:06.000,3.0,0,75 11:29.005,4,0,0,0,67301,0,0,0,N,0,0,0,5,68K01,1,,1,1,,N,N,,0,,0,0,0,0,0,N,1609,1,4,0,0,0,0,0,3,4,3,4,3,,N,,,,,,,,,,,
2007106563,807.0,1,0,0,0,0,0,0,0,0,2,0,,67,9,2007,6,40.0457,-75.0315,805.0,6,0,0,0,0,0,0,0,0,1.0,0,0,0,8,1,1,1,,1,40 02:44.000,7.0,0,75 01:53.443,8,0,0,0,67301,0,0,0,N,0,0,0,2,67301,0,,1,1,,N,N,,0,,0,0,1,3,2,N,800,1,2,0,0,0,1,0,3,4,0,2,3,,N,,,,,,,,,,,
2007106064,9999.0,1,0,0,0,0,0,0,0,0,4,0,,67,8,2007,7,40.0111,-75.1048,,6,0,0,0,0,0,1,0,0,,0,0,0,11,1,2,2,,0,40 00:40.035,,0,75 06:17.351,3,0,0,1,67301,0,0,0,N,0,0,0,2,67301,0,,1,1,,N,N,,0,,2,0,0,3,3,,1130,2,2,0,0,0,0,0,3,4,0,2,3,,N,,,,,,,,,,,
2007098720,1650.0,3,0,0,0,0,0,0,0,0,4,0,,67,7,2007,4,40.0316,-75.2076,1646.0,6,0,0,0,0,0,0,1,1,,0,0,0,16,1,1,1,,0,40 01:53.000,,0,75 12:27.524,8,0,0,0,67301,0,0,0,N,0,0,0,3,67301,0,,1,9,,N,N,,0,,0,0,0,3,2,,1620,1,3,0,0,0,1,0,3,4,0,3,7,,N,,,,,,,,,,,
2007098761,1832.0,0,0,0,1,0,0,0,0,0,4,0,,67,8,2007,4,39.9951,-75.1203,1830.0,6,0,0,0,0,0,0,0,0,,0,0,0,18,1,0,0,,0,39 59:42.475,,0,75 07:13.026,9,0,0,0,67301,1,0,0,N,0,0,0,2,67301,0,,1,1,,N,N,,0,,0,0,0,0,0,,1820,0,2,0,0,0,0,2,3,4,1,1,3,,N,,,,,,,,,,,
2007098647,415.0,2,0,0,0,0,0,0,0,0,5,0,,67,8,2007,6,40.036,-75.061,413.0,6,0,0,0,0,0,0,0,0,,0,0,0,3,3,0,0,,0,40 02:09.596,,0,75 03:39.639,0,0,0,0,67301,0,0,0,N,0,0,0,1,67301,0,,6,1,,N,N,,0,,0,0,0,0,0,,352,0,3,0,0,0,0,0,3,4,1,3,3,,N,,,,,,,,,,,
2007083782,104.0,1,0,0,0,0,0,0,0,0,7,0,,67,7,2007,4,39.9837,-75.2081,104.0,6,0,0,0,0,0,0,0,0,1.0,0,0,0,1,3,0,0,,1,39 59:05.000,4.0,0,75 12:29.572,0,0,0,0,67301,0,0,0,N,0,0,0,5,68K01,0,,2,1,,N,N,,0,,0,0,0,0,0,N,104,0,1,0,0,0,0,0,3,4,0,1,3,,N,,,,,,,,,,,
2007098724,1533.0,0,0,0,0,0,0,0,0,0,4,0,,67,9,2007,2,40.0455,-75.0883,1530.0,6,0,0,0,1,1,0,0,0,,0,0,0,15,1,6,1,,0,40 02:43.000,,0,75 05:17.937,4,0,0,0,67301,0,0,0,N,0,0,0,7,67301,3,,1,1,,N,N,,0,,0,0,2,3,2,,1529,6,3,0,0,0,3,1,3,4,1,3,3,,N,,,,,,,,,,,
2007081637,2315.0,0,0,0,0,0,0,0,0,0,0,0,,67,5,2007,5,40.0741,-75.035,2310.0,6,0,0,0,0,0,0,0,0,,0,0,0,23,3,1,0,,0,40 04:26.000,,0,75 02:06.142,8,0,0,1,67301,0,0,0,,0,0,0,1,67301,0,,1,1,,N,N,,0,,0,0,0,3,2,,2310,1,2,0,0,0,1,0,3,4,0,1,3,,N,,,,,,,,,,,
2007081706,1756.0,2,0,0,0,0,0,0,0,0,1,0,,67,6,2007,1,39.9477,-75.2322,1750.0,6,0,0,0,0,1,0,0,0,,0,0,0,17,1,1,0,,0,39 56:51.000,,0,75 13:55.867,4,0,0,0,67301,0,0,0,N,0,0,0,2,67301,1,,1,9,,N,N,,0,,0,0,0,0,0,,1745,1,2,0,0,0,0,1,3,4,0,2,7,,N,,,,,,,,,,,
2007118062,831.0,2,0,0,0,0,0,0,0,0,1,0,,67,9,2007,4,39.9741,-75.1942,831.0,6,0,0,0,0,0,2,0,0,,0,0,0,8,1,1,0,,0,39 58:30.000,,0,75 11:40.445,4,0,0,0,67301,0,0,0,N,0,0,0,2,68K01,1,,1,1,,N,N,,0,,0,0,0,0,0,,826,1,2,0,0,0,0,0,3,4,0,2,3,,N,,,,,,,,,,,
2007081563,255.0,2,0,0,0,0,0,0,0,0,2,0,,67,6,2007,1,39.9723,-75.2489,238.0,6,0,1,0,0,0,0,0,0,,0,0,0,2,3,1,0,,0,39 58:20.000,,0,75 14:56.118,8,0,0,0,67301,0,0,0,N,0,0,0,2,67601,0,,6,1,,N,N,,0,,0,0,0,0,0,,236,1,2,0,0,0,1,0,3,4,0,2,3,,N,,,,,,,,,,,
2007118286,1133.0,2,0,0,0,0,0,0,0,0,4,0,,67,8,2007,3,39.9746,-75.1598,1130.0,6,0,0,0,0,1,1,0,0,,0,0,0,11,1,1,1,,0,39 58:28.588,,0,75 09:35.171,4,0,0,0,67301,0,0,0,N,0,0,0,2,67301,1,,1,1,,N,N,,0,,0,0,1,9,3,,1130,1,4,0,0,0,0,0,3,4,1,4,3,,N,,,,,,,,,,,
2007116160,1029.0,0,0,0,0,0,0,0,0,0,8,0,,67,9,2007,5,40.0275,-75.11,941.0,6,0,0,0,0,0,0,0,0,,0,0,0,8,1,1,0,,0,40 01:39.047,,0,75 06:35.928,8,0,0,0,67301,1,0,0,N,1,0,0,2,67301,0,,1,1,,N,N,,0,,0,0,0,0,0,,815,1,2,0,0,0,1,1,3,4,1,1,3,,N,,,,,,,,,,,
2007112961,1906.0,3,0,0,0,0,0,0,0,0,1,0,,67,10,2007,6,40.0072,-75.2002,1902.0,6,0,0,1,0,0,0,1,0,,0,0,0,18,4,0,0,,0,40 00:26.000,,0,75 12:01.495,0,0,0,0,67301,0,0,0,N,0,0,0,3,68K01,0,,1,1,,N,N,,0,,0,0,0,0,0,,1855,0,3,0,0,0,0,0,3,4,0,3,3,,N,,,,,,,,,,,
2007126521,2057.0,2,0,0,0,0,0,0,0,0,1,0,,67,10,2007,2,39.9399,-75.2114,2055.0,6,0,0,0,0,0,0,0,0,1.0,0,0,0,20,3,3,1,,1,39 56:23.459,1.0,0,75 12:41.033,8,0,0,0,67301,0,0,0,N,0,0,0,4,67301,0,,1,1,,N,N,,0,,0,0,0,0,0,Y,2055,3,2,0,0,4,3,1,3,4,0,2,3,,N,,,,,,,,,,,
2007126526,2242.0,1,0,0,0,0,0,0,0,0,8,0,,67,10,2007,6,40.0222,-75.0523,2240.0,6,1,0,0,0,0,0,0,0,,0,0,0,22,3,1,2,,0,40 01:19.000,,0,75 03:08.112,4,0,0,0,67301,1,0,0,N,1,0,0,2,67301,1,,1,9,,N,N,,0,,0,0,0,3,3,,2233,1,2,0,0,1,0,0,3,4,0,1,7,,N,,,,,,,,,,,
2007066529,2143.0,1,0,0,0,0,0,0,0,0,1,0,,67,5,2007,1,40.0239,-75.0354,2140.0,6,0,0,0,0,0,0,0,0,,0,0,0,21,3,0,1,,0,40 01:26.000,,0,75 02:07.318,0,0,0,0,67301,0,0,0,N,0,0,0,2,67301,0,,1,9,,N,N,,0,,0,0,1,3,2,,2130,0,2,0,0,0,0,0,3,4,0,2,7,,N,,,,,,,,,,,
2007079991,1650.0,1,0,0,0,0,0,0,0,0,1,0,,67,6,2007,6,39.9485,-75.218,1635.0,6,0,0,0,0,0,0,0,0,,0,0,0,15,1,3,0,,0,39 56:54.000,,0,75 13:04.818,4,0,0,0,67301,0,0,0,,0,0,0,5,67301,3,,1,1,,,,,1,,0,0,0,0,0,,1550,3,2,0,0,2,0,0,3,4,0,2,3,,N,,,,,,,,,,,
2007080005,1510.0,1,0,0,1,0,0,0,0,0,4,0,,67,6,2007,2,40.012,-75.176,1505.0,6,0,0,0,0,0,0,1,0,,0,0,0,15,1,1,1,,0,40 00:43.000,,0,75 10:33.697,4,0,0,0,67301,1,0,0,N,0,0,0,2,67301,1,,1,1,,N,N,,0,,0,0,0,3,2,,1503,1,2,0,0,0,0,0,3,4,0,1,3,,N,,,,,,,,,,,
2007080094,1508.0,2,0,0,0,0,0,0,0,0,1,0,,67,6,2007,2,40.0298,-75.1025,1508.0,6,0,0,0,0,0,1,0,0,1.0,0,0,0,14,1,1,0,,1,40 01:47.000,2.0,0,75 06:09.198,4,0,0,0,67301,0,0,0,N,0,0,0,5,67301,1,,1,1,,N,N,,0,,0,0,1,3,2,N,1450,1,4,0,0,0,0,0,3,4,1,4,3,,N,,,,,,,,,,,
2007080122,1328.0,1,0,0,0,0,0,0,0,0,4,0,,67,6,2007,1,39.9793,-75.1118,9999.0,6,0,0,0,0,1,0,0,0,,0,0,0,11,1,2,1,,0,39 58:45.526,,0,75 06:42.616,4,0,0,0,67301,0,0,0,,0,0,0,3,67301,1,,1,1,,,,,1,,0,0,0,3,3,,1150,2,2,0,0,0,1,1,3,4,0,2,3,,N,,,,,,,,,,,
2007080146,1510.0,3,0,0,0,0,0,0,0,0,2,0,,67,6,2007,7,40.0599,-75.1334,1500.0,6,0,0,0,0,0,1,0,0,,0,0,0,14,1,3,1,,0,40 03:35.000,,0,75 08:00.048,4,0,0,0,67301,0,0,0,N,0,0,0,5,67301,3,,1,1,,N,N,,0,,0,0,0,3,2,,1440,3,3,0,0,0,0,2,3,4,0,3,3,,N,,,,,,,,,,,
2007124142,1747.0,1,0,0,0,0,0,0,0,0,8,0,,67,11,2007,2,40.0783,-75.1689,1740.0,6,0,0,0,0,0,0,1,0,1.0,0,0,0,17,4,1,0,,1,40 04:41.826,5.0,0,75 10:08.004,3,0,0,0,67301,1,0,0,N,1,0,0,2,67301,0,,1,1,,N,N,,0,,1,0,0,0,0,N,1731,1,2,0,0,0,0,0,3,4,0,1,3,,N,,,,,,,,,,,
2007124163,2125.0,1,0,0,0,0,0,0,0,0,8,0,,67,11,2007,4,40.0489,-75.0123,2119.0,6,0,0,0,0,0,0,0,0,,0,0,0,20,3,1,2,,0,40 02:55.000,,0,75 00:44.232,8,0,0,0,67301,1,0,0,N,1,0,0,2,67301,0,,1,1,,N,N,,0,,0,0,0,3,2,,2040,1,2,0,0,0,1,0,3,4,0,1,3,,N,,,,,,,,,,,
2007126699,1847.0,2,0,0,0,0,0,0,0,0,1,0,,67,11,2007,1,40.0065,-75.1984,1831.0,6,0,0,0,0,0,2,0,0,1.0,0,0,0,18,3,0,0,,2,40 00:27.000,3.0,0,75 12:01.259,0,0,0,0,67301,0,0,0,N,0,0,0,4,68K01,0,,1,1,,N,N,,0,,0,0,1,0,0,N,1830,0,4,0,0,0,0,0,3,4,1,4,3,,N,,,,,,,,,,,
2007127237,1135.0,3,0,0,0,0,0,0,0,0,1,0,,67,11,2007,4,40.0081,-75.2028,1128.0,6,0,0,0,0,0,1,0,0,,0,0,0,11,1,0,0,,0,40 00:29.000,,0,75 12:10.891,0,0,0,0,67301,0,0,0,N,0,0,0,4,68K01,0,,1,1,,N,N,,0,,0,0,0,0,0,,1126,0,3,0,0,0,0,0,3,4,0,3,3,,N,,,,,,,,,,,
2007033576,1220.0,3,0,0,0,0,0,0,0,0,1,0,,67,1,2007,6,39.9877,-75.2162,1215.0,6,0,0,0,0,0,2,0,1,,0,0,0,12,1,2,2,,0,39 59:15.000,,0,75 12:58.441,8,0,0,0,67301,0,0,0,,0,0,0,5,67301,0,,1,9,,N,N,,1,,0,0,0,2,2,,1215,2,4,0,0,0,2,0,3,4,0,4,7,,N,,,,,,,,,,,
2007116220,1555.0,1,0,0,0,0,0,0,0,0,1,0,,67,10,2007,3,40.0262,-75.1692,1552.0,6,0,0,0,0,0,0,1,0,,0,0,0,15,1,2,1,,0,40 01:34.000,,0,75 10:09.085,8,0,0,0,67301,0,0,0,N,0,0,0,4,67301,0,,1,1,,N,N,,0,,0,0,2,3,2,,1550,2,3,0,0,0,2,0,3,4,0,3,3,,N,,,,,,,,,,,
2007116236,2245.0,0,0,0,0,0,0,0,0,0,7,0,,67,9,2007,7,39.951,-75.2394,2242.0,6,0,0,0,0,0,0,0,0,,0,0,0,22,3,1,0,,0,39 57:03.650,,0,75 14:22.005,8,0,0,0,67301,0,0,0,,0,0,0,1,67301,0,,5,1,,,,,0,,0,0,0,0,0,,2241,1,1,0,0,0,1,0,3,4,1,1,3,,N,,,,,,,,,,,
2007110863,935.0,1,0,0,0,0,0,0,0,0,5,0,,67,9,2007,5,39.992,-75.1216,930.0,6,0,0,0,1,0,0,0,0,,0,0,0,9,1,1,2,,0,39 59:31.308,,0,75 07:17.698,8,0,0,0,67301,0,0,0,,0,0,0,2,67301,0,,1,1,,N,N,,1,,0,0,0,9,3,,925,1,2,0,0,0,1,1,3,4,0,2,3,,N,,,,,,,,,,,
2007105769,2350.0,1,0,0,0,0,0,0,0,0,4,0,,67,9,2007,6,39.9677,-75.2097,2345.0,6,0,0,0,1,0,0,0,0,,0,0,0,23,3,2,5,,0,39 58:03.000,,0,75 12:34.913,8,0,0,0,67301,0,0,0,N,0,0,0,6,67301,0,,1,1,,N,N,,0,,0,0,1,3,2,,2340,2,2,0,0,0,2,0,3,4,0,2,3,,N,,,,,,,,,,,
2007108530,1354.0,3,0,0,0,0,0,0,0,0,4,0,,67,9,2007,7,39.9417,-75.2228,1351.0,6,0,0,0,0,1,0,1,0,,0,0,0,13,1,1,1,,0,39 56:29.947,,0,75 13:21.989,4,0,0,0,67301,0,0,0,,0,0,0,4,67301,1,,1,1,,,,,1,,0,0,0,3,1,,1343,1,4,0,0,0,0,0,3,4,0,4,3,,N,,,,,,,,,,,
2007108904,1941.0,2,0,0,0,0,0,0,0,0,4,0,,67,9,2007,7,39.9921,-75.0993,1940.0,6,0,0,0,0,0,0,0,0,,0,0,0,19,1,2,1,,0,39 59:31.000,,0,75 05:57.418,4,0,0,0,67301,0,0,0,,0,0,0,3,67301,1,,1,1,,N,N,,0,,0,0,0,2,2,,1940,2,2,0,0,0,1,1,3,4,0,2,3,,N,,,,,,,,,,,
2007106010,854.0,1,0,0,0,0,0,0,0,0,5,0,,67,9,2007,4,40.0085,-75.2107,846.0,6,0,0,0,0,0,0,0,0,,0,0,0,8,1,0,5,,0,40 00:30.000,,0,75 12:38.579,0,0,0,0,67301,0,0,0,N,0,0,0,2,67301,0,,1,1,,N,N,,0,,0,0,1,0,0,,830,0,2,0,0,0,0,0,3,4,0,2,3,,N,,,,,,,,,,,
2007106040,9999.0,3,0,0,0,0,0,0,0,0,5,0,,67,7,2007,1,39.9421,-75.1939,2022.0,6,0,0,0,0,1,0,0,0,1.0,0,0,0,19,1,0,0,,1,39 56:37.320,4.0,0,75 11:33.000,0,0,0,0,67301,0,0,0,N,0,0,0,7,67301,0,,1,1,,N,N,,0,,0,0,0,0,0,N,1920,0,3,0,0,0,0,0,3,4,0,3,3,,N,,,,,,,,,,,
2007106507,825.0,1,0,0,0,0,0,1,0,0,1,1,,67,9,2007,3,40.0201,-75.1489,822.0,6,0,0,0,0,0,1,0,0,,0,0,0,8,1,6,3,,0,40 01:12.000,,0,75 08:55.941,4,0,0,0,67301,0,0,0,,0,0,0,8,67301,6,,2,9,,,,,0,,0,0,0,3,1,,815,6,2,0,0,0,0,0,3,4,0,2,3,,N,,,,,,,,,,,
2007098706,943.0,1,0,0,0,0,0,1,0,0,1,1,,67,8,2007,4,39.928,-75.1689,939.0,6,0,0,0,0,0,0,0,0,,0,0,0,9,1,1,1,,0,39 55:40.000,,0,75 10:08.232,4,0,0,0,67301,0,0,0,,0,0,0,2,67301,1,,1,1,,N,N,,0,,0,0,0,3,2,,937,1,2,0,0,0,0,0,3,4,0,2,3,,N,,,,,,,,,,,
2007098584,404.0,3,0,0,0,0,0,0,0,0,1,0,,67,8,2007,6,39.9832,-75.1568,404.0,6,0,0,0,0,1,0,0,0,,0,0,0,4,3,1,1,,0,39 58:59.000,,0,75 09:24.549,8,0,0,0,67301,0,0,0,N,0,0,0,9,67301,0,,1,1,,N,N,,0,,0,0,0,3,2,,404,1,4,0,0,0,1,0,3,4,1,4,3,,N,,,,,,,,,,,
2007098609,1850.0,1,0,0,0,0,0,0,0,0,5,0,,67,8,2007,6,39.9513,-75.1568,1845.0,6,0,0,0,0,0,0,0,0,,0,0,0,17,1,0,0,,0,39 57:04.541,,0,75 09:24.448,9,0,0,0,67301,0,0,0,,0,0,0,2,67301,0,,1,1,,,,,0,,0,0,0,0,0,,1700,0,2,0,0,0,0,1,3,4,0,2,3,,N,,,,,,,,,,,
2007081670,1530.0,4,0,0,0,0,0,0,0,0,1,0,,67,6,2007,3,40.024,-75.1596,1528.0,6,0,0,0,0,0,1,0,0,,0,0,0,15,1,2,1,,0,40 01:26.000,,0,75 09:34.482,8,0,0,0,67301,0,0,0,,0,0,0,8,67301,0,,1,9,,N,N,,0,,0,0,0,3,2,,1520,2,4,0,0,2,2,0,3,4,0,4,7,,N,,,,,,,,,,,
2007120260,938.0,1,0,0,0,0,0,0,0,0,5,0,,67,10,2007,2,40.0226,-75.2085,920.0,6,0,0,0,0,0,0,0,0,,0,1,0,9,1,1,2,,0,40 01:21.000,,0,75 12:30.407,3,0,0,0,67301,1,0,0,,0,0,0,2,67301,0,,1,1,,,,,0,,1,0,0,0,0,,920,1,2,0,0,0,0,0,3,4,0,2,3,,N,,,,,,,,,,,
2007081485,857.0,1,0,0,0,0,0,0,0,0,4,0,,67,6,2007,6,39.9661,-75.1344,852.0,6,0,0,0,0,0,1,0,0,,0,0,0,8,1,1,1,,0,39 57:57.000,,0,75 08:03.859,8,0,0,0,67301,0,0,0,N,0,0,0,4,67301,0,,1,1,,N,N,,0,,0,0,0,3,3,,851,1,2,0,0,0,1,0,3,4,1,2,3,,N,,,,,,,,,,,
2007118065,1315.0,3,0,0,0,0,0,0,0,0,5,0,,67,9,2007,4,39.9501,-75.1837,1312.0,6,0,0,0,0,0,1,0,0,2.0,0,0,0,13,1,2,0,,2,39 57:04.000,3.0,0,75 10:58.298,4,0,0,0,67301,0,0,0,N,0,0,0,4,68K01,2,,1,1,,N,N,,0,,0,0,0,0,0,N,1311,2,3,0,0,0,0,0,3,4,0,3,3,,N,,,,,,,,,,,