CRN,ARRIVAL_TM,AUTOMOBILE_COUNT,BELTED_DEATH_COUNT,BELTED_SUSP_SERIOUS_INJ_COUNT,BICYCLE_COUNT,BICYCLE_DEATH_COUNT,BICYCLE_SUSP_SERIOUS_INJ_COUNT,BUS_COUNT,CHLDPAS_DEATH_COUNT,CHLDPAS_SUSP_SERIOUS_INJ_COUNT,COLLISION_TYPE,COMM_VEH_COUNT,CONS_ZONE_SPD_LIM,COUNTY,CRASH_MONTH,CRASH_YEAR,DAY_OF_WEEK,DEC_LAT,DEC_LONG,DISPATCH_TM,DISTRICT,DRIVER_COUNT_16YR,DRIVER_COUNT_17YR,DRIVER_COUNT_18YR,DRIVER_COUNT_19YR,DRIVER_COUNT_20YR,DRIVER_COUNT_50_64YR,DRIVER_COUNT_65_74YR,DRIVER_COUNT_75PLUS,EST_HRS_CLOSED,FATAL_COUNT,HEAVY_TRUCK_COUNT,HORSE_BUGGY_COUNT,HOUR_OF_DAY,ILLUMINATION,INJURY_COUNT,INTERSECT_TYPE,INTERSECTION_RELATED,LANE_CLOSED,LATITUDE,LN_CLOSE_DIR,LOCATION_TYPE,LONGITUDE,MAX_SEVERITY_LEVEL,MCYCLE_DEATH_COUNT,MCYCLE_SUSP_SERIOUS_INJ_COUNT,MOTORCYCLE_COUNT,MUNICIPALITY,NONMOTR_COUNT,NONMOTR_DEATH_COUNT,NONMOTR_SUSP_SERIOUS_INJ_COUNT,NTFY_HIWY_MAINT,PED_COUNT,PED_DEATH_COUNT,PED_SUSP_SERIOUS_INJ_COUNT,PERSON_COUNT,POLICE_AGCY,POSSIBLE_INJ_COUNT,RDWY_SURF_TYPE_CD,RELATION_TO_ROAD,ROAD_CONDITION,ROADWAY_CLEARED,SCH_BUS_IND,SCH_ZONE_IND,SECONDARY_CRASH,SMALL_TRUCK_COUNT,SPEC_JURIS_CD,SUSP_MINOR_INJ_COUNT,SUSP_SERIOUS_INJ_COUNT,SUV_COUNT,TCD_FUNC_CD,TCD_TYPE,TFC_DETOUR_IND,TIME_OF_DAY,TOT_INJ_COUNT,TOTAL_UNITS,UNB_DEATH_COUNT,UNB_SUSP_SERIOUS_INJ_COUNT,UNBELTED_OCC_COUNT,UNK_INJ_DEG_COUNT,UNK_INJ_PER_COUNT,URBAN_AREA,URBAN_RURAL,VAN_COUNT,VEHICLE_COUNT,WEATHER1,WEATHER2,WORK_ZONE_IND,WORK_ZONE_LOC,WORK_ZONE_TYPE,WORKERS_PRES,WZ_CLOSE_DETOUR,WZ_FLAGGER,WZ_LAW_OFFCR_IND,WZ_LN_CLOSURE,WZ_MOVING,WZ_OTHER,WZ_SHLDER_MDN,WZ_WORKERS_INJ_KILLED
2007126515,1846.0,2,0,0,0,0,0,0,0,0,1,0,,67,10,2007,6,40.046,-75.0571,1845.0,6,0,0,0,0,0,0,0,0,,0,0,0,18,3,1,2,,0,40 02:45.000,,0,75 03:25.543,4,0,0,0,67301,0,0,0,,0,0,0,3,67301,1,,1,9,,,,,0,,0,0,0,0,0,,1840,1,2,0,0,1,0,1,3,4,0,2,7,,N,,,,,,,,,,,
2007107528,1127.0,1,0,0,0,0,0,0,0,0,8,0,,67,9,2007,2,39.9496,-75.1539,1123.0,6,0,0,0,0,0,0,0,1,,0,0,0,11,1,1,1,,0,39 56:58.000,,0,75 09:13.936,3,0,0,0,67301,1,0,0,,1,0,0,2,67301,0,,1,1,,,,,0,,1,0,0,3,2,,1122,1,2,0,0,0,0,0,3,4,0,1,3,,N,,,,,,,,,,,
2007107818,1534.0,1,0,0,0,0,0,0,0,0,1,0,,67,8,2007,1,39.9603,-75.139,1529.0,6,0,0,0,0,0,1,0,0,,0,0,0,15,1,2,0,,0,39 57:37.000,,0,75 08:20.190,3,0,0,0,67301,1,0,0,,0,0,0,2,67301,0,,6,1,,,,,0,,1,0,0,0,0,,1520,2,2,0,0,0,1,0,3,4,1,2,3,,N,,,,,,,,,,,
2007107917,1345.0,0,0,0,1,0,0,1,0,0,8,1,,67,9,2007,5,39.9954,-75.1055,1345.0,6,0,0,0,0,0,1,0,0,,0,0,0,13,1,1,1,,0,39 59:43.508,,0,75 06:19.956,4,0,0,0,67301,1,0,0,,0,0,0,3,67301,1,,1,1,,N,N,,0,,0,0,0,3,3,,1340,1,2,0,0,0,0,0,3,4,0,1,3,,N,,,,,,,,,,,
2007097800,1326.0,2,0,0,0,0,0,0,0,0,1,0,,67,7,2007,4,40.022,-75.0632,1321.0,6,0,0,0,0,0,0,1,0,,0,0,0,13,1,5,1,,0,40 01:19.000,,0,75 03:47.335,4,0,0,0,67301,0,0,0,N,0,0,0,7,67301,4,,1,1,,N,N,,0,,0,0,1,3,2,,1320,5,3,0,0,0,1,0,3,4,0,3,3,,N,,,,,,,,,,,
2007097916,1620.0,1,0,0,0,0,0,0,0,0,8,0,,67,7,2007,3,40.0112,-75.1416,1612.0,6,0,0,0,0,0,0,0,0,,0,0,0,99,1,1,0,,0,40 00:40.200,,0,75 08:29.900,8,0,0,0,67301,1,0,0,N,1,0,0,5,67301,0,,1,9,,N,N,,0,,0,0,0,0,0,,9999,1,2,0,0,0,1,0,3,4,0,1,3,,N,,,,,,,,,,,
2007105916,520.0,1,0,0,0,0,0,0,0,0,8,0,,67,7,2007,6,40.0631,-75.022,515.0,6,0,0,0,0,0,0,0,0,,0,0,0,0,3,1,1,,0,40 03:47.000,,0,75 01:19.196,3,0,0,0,67301,1,0,0,N,1,0,0,2,67301,0,,5,1,,N,N,,0,,1,0,0,3,2,,15,1,2,0,0,0,0,1,3,4,0,1,3,,N,,,,,,,,,,,
2007095712,204.0,2,0,0,0,0,0,0,0,0,1,0,,67,8,2007,1,40.0071,-75.1999,157.0,6,0,0,0,0,0,0,0,0,2.0,0,0,0,1,3,1,0,,1,40 00:25.000,3.0,0,75 11:58.748,4,0,0,0,67301,0,0,0,N,0,0,0,4,68K01,1,,1,1,,N,N,,0,,0,0,0,0,0,N,157,1,2,0,0,0,0,0,3,4,0,2,3,,N,,,,,,,,,,,
2007095788,2005.0,1,0,0,0,0,0,0,0,0,8,0,,67,7,2007,7,40.0206,-75.1537,1937.0,6,0,0,0,0,0,1,0,0,,0,0,0,18,1,1,1,,0,40 01:13.441,,0,75 09:07.585,4,0,0,0,67301,1,0,0,,1,0,0,3,67301,1,,1,1,,N,N,,0,,0,0,0,3,2,,1838,1,2,0,0,0,0,0,3,4,0,1,3,,N,,,,,,,,,,,
2007098304,1700.0,2,0,0,0,0,0,0,0,0,1,0,,67,7,2007,2,40.0302,-75.0882,1650.0,6,0,0,0,0,0,0,0,0,,0,0,0,16,1,1,1,,0,40 01:48.000,,0,75 05:17.560,4,0,0,0,67301,0,0,0,N,0,0,0,2,67301,1,,1,1,,N,N,,0,,0,0,0,3,2,,1640,1,2,0,0,0,0,0,3,4,0,2,3,,N,,,,,,,,,,,
2007022263,1128.0,1,0,0,0,0,0,0,0,0,7,0,,67,1,2007,4,39.9441,-75.1422,1128.0,6,0,0,0,0,0,1,0,0,1.0,0,0,0,11,1,3,0,,2,39 56:38.852,2.0,0,75 08:31.927,3,0,0,0,67301,0,0,0,N,0,0,0,3,67301,0,,5,1,,N,N,,0,,3,0,0,0,0,N,1128,3,1,0,0,0,0,0,3,4,0,1,3,,N,,,,,,,,,,,
2007027696,9999.0,0,0,0,0,0,0,0,0,0,7,0,,67,1,2007,2,,,445.0,6,0,0,0,0,0,0,0,0,,0,0,0,99,3,1,0,,0,,,0,,8,0,0,0,67301,0,0,0,N,0,0,0,1,67301,0,,4,7,,N,N,,0,,0,0,1,0,0,,9999,1,1,0,0,0,1,0,3,3,0,1,10,,N,,,,,,,,,,,
2007027710,1239.0,2,0,0,0,0,0,0,0,0,1,0,,67,1,2007,6,40.0062,-75.1331,1235.0,6,0,0,0,0,0,0,0,0,,0,0,0,99,3,0,0,,0,40 00:22.496,,0,75 07:59.174,0,0,0,0,67301,0,0,0,N,0,0,0,1,67301,0,,6,1,,N,N,,0,,0,0,0,3,3,,9999,0,2,0,0,0,0,0,3,4,0,2,3,,N,,,,,,,,,,,
2007027752,243.0,1,0,0,0,0,0,0,0,0,7,0,,67,2,2007,6,39.9014,-75.2393,239.0,6,0,0,0,0,0,1,0,0,,0,0,0,99,1,2,2,,0,39 54:05.040,,0,75 14:21.480,4,0,0,0,67301,0,0,0,N,0,0,0,2,67301,2,,1,9,,N,N,,0,,0,0,0,3,2,,9999,2,1,0,0,0,0,0,3,4,0,1,3,,N,,,,,,,,,,,
2007022706,1550.0,2,0,0,0,0,0,0,0,0,1,0,,67,1,2007,6,,,1549.0,6,0,0,0,0,0,0,0,0,,0,0,0,15,1,1,0,,0,,,0,,4,0,0,0,67301,0,0,0,N,0,0,0,3,67301,1,,1,9,,N,N,,0,,0,0,0,0,0,,1549,1,2,0,0,0,0,0,3,3,0,2,7,,N,,,,,,,,,,,
2007022759,1604.0,3,0,0,0,0,0,0,0,0,4,0,,67,1,2007,2,39.9744,-75.1943,1603.0,6,0,0,0,0,0,0,0,0,1.0,0,0,0,16,1,5,0,,2,39 58:31.606,3.0,0,75 11:41.228,8,0,0,0,67301,0,0,0,Y,0,0,0,8,67301,0,,1,9,,N,N,,0,,0,0,0,0,0,N,1601,5,3,0,0,0,5,0,3,4,0,3,7,,N,,,,,,,,,,,
2007117292,1935.0,1,0,0,0,0,0,0,0,0,2,0,,67,10,2007,5,39.9872,-75.1088,1930.0,6,0,0,0,0,0,0,0,0,,0,0,0,19,3,2,0,,0,39 59:13.929,,0,75 06:31.550,4,0,0,0,67301,0,0,0,N,0,0,0,3,67301,2,,1,1,,N,N,,0,,0,0,1,0,0,,1915,2,2,0,0,2,0,0,3,4,0,2,3,,N,,,,,,,,,,,
2007080964,1827.0,1,0,0,0,0,0,0,0,0,8,0,,67,3,2007,6,40.0948,-75.0507,1825.0,6,0,0,0,0,0,0,0,0,3.0,0,0,0,18,1,1,1,,2,40 05:41.000,5.0,0,75 03:02.727,2,0,0,0,67301,1,0,1,N,1,0,1,2,67301,0,,1,1,,N,N,,0,,0,1,0,3,2,Y,1824,1,2,0,0,0,0,0,3,4,0,1,3,,N,,,,,,,,,,,
2007081038,1730.0,2,0,0,0,0,0,0,0,0,6,0,,67,5,2007,4,39.951,-75.2187,1720.0,6,0,0,0,0,0,0,0,0,,0,0,0,17,1,1,1,,0,39 57:03.751,,0,75 13:07.305,3,0,0,0,67301,0,0,0,N,0,0,0,2,67301,0,,1,1,,N,N,,0,,1,0,0,3,3,,1720,1,2,0,0,0,0,1,3,4,0,2,3,,N,,,,,,,,,,,
2007081163,1445.0,0,0,0,0,0,0,0,0,0,8,0,,67,5,2007,5,40.0005,-75.1196,1435.0,6,0,0,0,0,0,0,0,0,,0,0,0,14,1,1,2,,0,40 00:01.684,,0,75 07:10.714,4,0,0,0,67301,1,0,0,N,1,0,0,2,67301,1,,5,1,,N,N,,0,,0,0,1,9,3,,1425,1,3,0,0,0,0,1,3,4,0,1,3,,N,,,,,,,,,,,
2007120103,1348.0,0,0,0,0,0,0,0,0,0,8,0,,67,10,2007,4,39.9358,-75.1672,1346.0,6,0,0,0,0,0,1,0,0,,0,0,0,13,1,1,0,,0,39 56:08.000,,0,75 10:02.122,8,0,0,0,67301,1,0,0,N,1,0,0,2,67301,0,,6,1,,N,N,,0,,0,0,1,0,0,,1344,1,2,0,0,0,1,0,3,4,0,1,3,,N,,,,,,,,,,,
2007120152,1925.0,2,0,0,0,0,0,0,0,0,4,0,,67,9,2007,3,39.9705,-75.151,1920.0,6,0,0,0,0,0,1,0,0,,0,0,0,15,1,1,1,,0,39 58:13.000,,0,75 09:03.417,4,0,0,0,67301,0,0,0,N,0,0,0,2,67301,1,,1,1,,N,N,,0,,0,0,0,0,0,,1540,1,2,0,0,0,0,0,3,4,0,2,3,,N,,,,,,,,,,,
2007081083,220.0,0,0,0,0,0,0,0,0,0,8,0,,67,5,2007,4,39.9648,-75.161,220.0,6,0,0,0,0,0,0,0,0,,0,0,0,2,3,1,0,,0,39 57:52.000,,0,75 09:39.500,3,0,0,0,67301,1,0,0,,1,0,0,2,67301,0,,1,1,,,,,0,,1,0,0,3,2,,220,1,2,0,0,0,0,0,3,4,1,1,3,,N,,,,,,,,,,,
2007066473,59.0,0,0,0,0,0,0,0,0,0,8,0,,67,4,2007,3,39.9505,-75.1489,55.0,6,0,0,0,0,0,0,0,0,,0,0,0,0,3,1,1,,0,39 57:02.000,,0,75 08:56.031,4,0,0,0,67301,1,0,0,N,1,0,0,2,67301,1,,1,1,,,,,0,,0,0,1,2,2,,53,1,2,0,0,0,0,1,3,4,0,1,3,,N,,,,,,,,,,,
2007066477,1138.0,1,0,0,0,0,0,0,0,0,8,0,,67,4,2007,2,40.0624,-75.0427,1136.0,6,0,0,0,0,0,0,0,0,,0,0,0,11,1,1,1,,0,40 03:44.000,,0,75 02:33.887,4,0,0,0,67301,1,0,0,N,1,0,0,2,67301,1,,1,98,,N,N,,0,,0,0,0,3,2,,1134,1,2,0,0,0,0,1,3,4,0,1,3,,N,,,,,,,,,,,
2007066536,940.0,1,0,0,0,0,0,0,0,0,8,0,,67,5,2007,6,40.0202,-75.1391,933.0,6,0,0,0,0,0,0,0,0,,0,0,0,99,1,1,2,,0,40 01:12.853,,0,75 08:20.698,4,0,0,0,67301,1,0,0,,1,0,0,2,67301,1,,1,1,,N,N,,0,,0,0,0,0,0,,9999,1,2,0,0,0,0,1,3,4,0,1,3,,N,,,,,,,,,,,
2007080407,1305.0,2,0,0,0,0,0,0,0,0,6,0,,67,6,2007,2,39.9421,-75.2117,1300.0,6,0,0,0,0,0,0,0,0,,0,0,0,12,1,2,1,,0,39 56:31.419,,0,75 12:42.235,3,0,0,0,67301,0,0,0,N,0,0,0,2,67301,0,,1,1,,N,N,,0,,2,0,0,3,2,,1250,2,2,0,0,0,0,0,3,4,0,2,3,,N,,,,,,,,,,,
2007080126,1227.0,1,0,0,1,0,0,0,0,0,5,0,,67,6,2007,3,39.9967,-75.1151,1225.0,6,0,0,0,0,0,1,0,0,,0,0,0,12,1,1,0,,0,39 59:48.000,,0,75 06:54.301,4,0,0,0,67301,1,0,0,N,0,0,0,2,67301,1,,1,1,,N,N,,0,,0,0,0,0,0,,1220,1,2,0,0,0,0,0,3,4,0,1,3,,N,,,,,,,,,,,
2007080153,1630.0,5,0,0,0,0,0,0,0,0,4,0,,67,6,2007,2,39.9453,-75.1438,1630.0,6,0,0,0,0,0,3,0,1,,0,0,0,16,1,0,2,,0,39 56:43.200,,0,75 08:37.600,0,0,0,0,67301,0,0,0,N,0,0,0,4,67301,0,,1,1,,N,N,,1,,0,0,0,3,3,,1630,0,6,0,0,0,0,0,3,4,0,6,3,,N,,,,,,,,,,,
2007080158,1630.0,0,0,0,0,0,0,0,0,0,8,0,,67,6,2007,6,40.03,-75.129,1628.0,6,0,0,0,0,0,0,0,0,,0,0,0,16,1,1,1,,0,40 01:47.834,,0,75 07:44.342,8,0,0,0,67301,1,0,0,N,1,0,0,2,67301,0,,1,1,,N,Y,,0,,0,0,0,9,3,,1620,1,2,0,0,0,1,0,3,4,1,1,3,,N,,,,,,,,,,,
2007080169,1800.0,1,0,0,0,0,0,0,0,0,7,0,,67,6,2007,2,40.0383,-75.1448,1757.0,6,0,0,1,0,0,0,0,0,,0,0,0,17,1,1,2,,0,40 02:17.715,,0,75 08:41.264,3,0,0,0,67301,0,0,0,N,0,0,0,2,67301,0,,5,1,,N,N,,0,,1,0,0,3,3,,1757,1,1,0,0,0,0,0,3,4,0,1,3,,N,,,,,,,,,,,
2007080172,1535.0,2,0,0,0,0,0,1,0,0,1,1,,67,6,2007,5,40.0558,-75.2326,1533.0,6,0,0,0,0,0,1,0,0,,0,0,0,15,1,1,0,,0,40 03:21.000,,0,75 13:57.368,8,0,0,0,67301,0,0,0,N,0,0,0,13,67301,0,,1,1,,Y,N,,0,,0,0,0,0,0,,1532,1,3,0,0,0,1,0,3,4,0,3,3,,N,,,,,,,,,,,
2007124098,2129.0,1,0,0,0,0,0,0,0,0,8,0,,67,11,2007,5,40.0264,-75.1172,2124.0,6,0,0,0,0,0,1,0,0,1.0,0,0,0,21,3,1,1,,2,40 01:34.000,3.0,0,75 07:01.745,4,0,0,0,67301,1,0,0,N,1,0,0,2,67301,1,,1,1,,N,N,,0,,0,0,0,3,2,N,2120,1,2,0,0,0,0,0,3,4,0,1,3,,N,,,,,,,,,,,
2007124653,1739.0,2,0,0,0,0,0,0,0,0,6,0,,67,11,2007,2,39.9929,-75.1033,1737.0,6,1,0,0,0,0,0,0,0,,0,0,0,16,1,0,2,,0,39 59:34.418,,0,75 06:11.876,0,0,0,0,67301,0,0,0,N,0,0,0,2,67301,0,,1,1,,N,N,,0,,0,0,0,0,0,,1625,0,2,0,0,0,0,0,3,4,0,2,3,,N,,,,,,,,,,,
2007124673,1638.0,1,0,0,0,0,0,0,0,0,8,0,,67,10,2007,5,39.9696,-75.1638,1636.0,6,0,0,0,0,0,0,0,0,1.0,0,0,0,16,1,1,2,,1,39 58:10.000,1.0,0,75 09:49.788,8,0,0,0,67301,1,0,0,N,1,0,0,2,67301,0,,1,1,,N,N,,0,,0,0,0,0,0,N,1630,1,2,0,0,0,1,0,3,4,0,1,3,,N,,,,,,,,,,,
2007124685,2232.0,2,0,0,0,0,0,0,0,0,4,0,,67,10,2007,7,40.0998,-74.9734,2225.0,6,0,0,0,0,0,0,0,0,,0,0,0,22,3,1,1,,0,40 05:59.197,,0,74 58:24.261,4,0,0,0,67301,0,0,0,N,0,0,0,2,67301,1,,1,1,,N,N,,0,,0,0,0,9,3,,2215,1,2,0,0,0,0,0,3,4,0,2,3,,N,,,,,,,,,,,
2007123812,810.0,1,0,0,0,0,0,0,0,0,1,1,,67,11,2007,2,40.0211,-75.1575,802.0,6,0,0,0,0,0,0,0,0,,0,1,0,7,1,3,1,,0,40 01:15.855,,0,75 09:27.038,8,0,0,0,67301,0,0,0,N,0,0,0,4,67301,0,,1,1,,N,N,,0,,0,0,0,3,3,,745,3,2,0,0,0,3,0,3,4,0,2,3,,N,,,,,,,,,,,
2007126645,2030.0,0,0,0,0,0,0,0,0,0,8,0,,67,10,2007,4,39.9941,-75.2417,2030.0,6,0,0,0,0,0,0,0,0,,0,0,0,20,3,1,2,,0,39 59:40.000,,0,75 14:26.491,4,0,0,0,67301,1,0,0,N,1,0,0,2,67301,1,,1,9,,N,N,,0,,0,0,1,3,2,,2030,1,2,0,0,0,0,0,3,4,0,1,7,,N,,,,,,,,,,,
2007065773,225.0,2,0,0,0,0,0,0,0,0,5,0,,67,4,2007,7,39.9595,-75.227,220.0,6,0,0,0,0,0,0,0,0,,0,0,0,2,3,1,1,,0,39 57:34.066,,0,75 13:37.293,4,0,0,0,67301,0,0,0,N,0,0,0,2,67301,1,,1,1,,N,N,,0,,0,0,0,0,0,,215,1,3,0,0,0,0,1,3,4,0,3,3,,N,,,,,,,,,,,
2007065657,2109.0,1,0,0,0,0,0,0,0,0,8,0,,67,4,2007,7,40.0369,-75.1452,2109.0,6,0,0,0,0,0,0,0,0,,0,0,0,21,3,1,1,,0,40 02:13.000,,0,75 08:42.701,8,0,0,0,67301,1,0,0,N,1,0,0,2,67301,0,,1,1,,N,N,,0,,0,0,0,3,2,,2105,1,2,0,0,0,1,0,3,4,0,1,3,,N,,,,,,,,,,,
2007116197,1740.0,2,0,0,0,0,0,0,0,0,4,0,,67,10,2007,5,40.121,-75.0167,1738.0,6,1,0,0,0,0,0,0,0,,0,0,0,17,1,2,0,,0,40 07:15.000,,7,75 01:00.089,4,0,0,0,67301,0,0,0,N,0,0,0,2,67301,2,,1,1,,N,N,,0,,0,0,0,0,0,,1735,2,2,0,0,0,0,0,3,4,0,2,3,,N,,,,,,,,,,,
2007116231,1600.0,2,0,0,0,0,0,0,0,0,1,0,,67,10,2007,1,39.952,-75.2265,1549.0,6,0,0,0,0,0,1,0,0,,0,0,0,15,1,1,1,,0,39 57:07.000,,0,75 13:35.517,4,0,0,0,67301,0,0,0,,0,0,0,4,67301,1,,1,1,,,,,0,,0,0,0,3,2,,1545,1,2,0,0,0,0,0,3,4,0,2,3,,N,,,,,,,,,,,
2007110587,850.0,2,0,0,0,0,0,0,0,0,1,0,,67,9,2007,3,40.0398,-75.1445,845.0,6,0,0,0,0,0,1,0,0,,0,0,0,8,1,1,0,,0,40 02:23.000,,0,75 08:40.049,4,0,0,0,67301,0,0,0,N,0,0,0,2,67301,1,,1,9,,N,N,,0,,0,0,0,0,0,,840,1,2,0,0,0,0,1,3,4,0,2,7,,N,,,,,,,,,,,
2007106523,525.0,1,0,0,0,0,0,0,0,0,7,0,,67,8,2007,5,40.02,-75.1522,522.0,6,0,0,0,0,0,0,0,0,,0,0,0,5,3,1,1,,0,40 01:12.005,,0,75 09:07.946,2,0,0,0,67301,0,0,0,N,0,0,0,1,67301,0,,5,1,,N,N,,0,,0,1,0,3,2,,520,1,1,0,1,1,0,0,3,4,0,1,3,,N,,,,,,,,,,,
2007106537,1723.0,2,0,0,0,0,0,0,0,0,4,0,,67,8,2007,7,40.0187,-75.1344,1720.0,6,0,0,0,0,0,0,0,0,,0,0,0,99,1,2,0,,0,40 01:07.420,,7,75 08:03.660,4,0,0,0,67301,0,0,0,N,0,0,0,6,67301,2,,1,1,,N,N,,0,,0,0,0,3,3,,9999,2,2,0,0,0,0,0,3,4,0,2,3,,N,,,,,,,,,,,
2007098772,9999.0,1,0,0,0,0,0,0,0,0,7,0,,67,8,2007,6,40.0401,-75.005,2345.0,6,0,0,0,0,0,1,0,0,,0,0,0,23,3,0,0,,0,40 02:23.970,,0,75 00:18.797,0,0,0,0,67301,0,0,0,N,0,0,0,1,67301,0,,5,1,,N,N,,0,,0,0,0,0,0,,2345,0,1,0,0,0,0,0,3,4,0,1,3,,N,,,,,,,,,,,
2007098784,1230.0,1,0,0,0,0,0,0,0,0,7,0,,67,8,2007,3,40.0251,-75.029,1225.0,6,0,0,0,0,1,0,0,0,,0,0,0,12,1,0,6,,0,40 01:30.360,,2,75 01:44.400,0,0,0,0,67301,0,0,0,Y,0,0,0,1,67301,0,,7,9,,N,N,,0,,0,0,0,0,0,,1225,0,1,0,0,0,0,0,3,4,0,1,7,,N,,,,,,,,,,,
2007098828,705.0,1,0,0,0,0,0,1,0,0,4,1,,67,7,2007,3,40.0307,-75.1224,700.0,6,0,0,0,0,0,1,0,0,,0,0,0,6,5,1,1,,0,40 01:50.664,,0,75 07:20.636,8,0,0,0,67301,0,0,0,N,0,0,0,3,67301,0,,1,1,,N,N,,0,,0,0,0,3,2,,620,1,2,0,0,0,1,0,3,4,0,2,3,,N,,,,,,,,,,,
2007081422,2035.0,1,0,0,1,0,0,0,0,0,5,0,,67,6,2007,6,39.9451,-75.177,2030.0,6,0,0,0,0,0,0,0,0,1.0,0,0,0,20,3,1,1,,2,39 56:42.266,3.0,0,75 10:37.106,8,0,0,0,67301,1,0,0,N,0,0,0,2,67301,0,,1,9,,N,N,,0,,0,0,0,3,2,Y,2015,1,2,0,0,0,1,0,3,4,0,1,7,,N,,,,,,,,,,,
2007081560,1216.0,2,0,0,0,0,0,0,0,0,4,0,,67,6,2007,5,40.057,-75.0343,1214.0,6,0,1,0,0,0,0,0,0,,0,0,0,12,1,3,1,,0,40 03:25.671,,0,75 02:04.150,8,0,0,0,67301,0,0,0,N,0,0,0,4,67301,0,,1,1,,N,N,,0,,0,0,0,3,2,,1205,3,2,0,0,3,3,1,3,4,0,2,3,,N,,,,,,,,,,,
2007081583,816.0,2,0,0,0,0,0,0,0,0,3,0,,67,5,2007,4,39.8982,-75.2106,813.0,6,0,0,0,0,0,0,0,0,,0,0,0,8,1,2,0,,0,39 53:53.456,,0,75 12:38.186,3,0,0,0,67301,0,0,0,N,0,0,0,3,67301,0,,1,1,,N,N,,0,,2,0,0,0,0,,810,2,3,0,0,0,0,0,3,4,1,3,3,,N,,,,,,,,,,,
2007118261,1904.0,2,0,0,0,0,0,0,0,0,4,0,,67,10,2007,6,40.0523,-75.008,1901.0,6,0,0,0,0,0,0,0,0,1.0,0,0,0,19,3,3,1,,1,40 03:08.000,7.0,0,75 00:28.400,3,0,0,0,67301,0,0,0,N,0,0,0,6,67301,2,,1,1,,N,N,,0,,1,0,0,3,2,Y,1900,3,2,0,0,3,0,0,3,4,0,2,3,,N,,,,,,,,,,,
2007124556,525.0,1,0,0,0,0,0,0,0,0,1,0,,67,10,2007,4,40.0567,-75.0469,525.0,6,0,0,0,0,0,1,0,0,1.0,0,0,0,5,3,2,5,,1,40 03:24.000,6.0,0,75 02:48.711,4,0,0,0,67301,0,0,0,N,0,0,0,3,67301,1,,1,1,,N,N,,0,,0,0,1,3,2,Y,525,2,2,0,0,2,1,0,3,4,0,2,3,,N,,,,,,,,,,,
2007126161,911.0,1,0,0,0,0,0,0,0,0,2,0,,67,11,2007,7,39.9564,-75.2085,909.0,6,0,0,0,0,0,0,0,0,,0,0,0,9,1,0,0,,0,39 57:22.898,,0,75 12:30.455,0,0,0,0,67301,0,0,0,N,0,0,0,2,67301,0,,1,1,,N,N,,0,,0,0,0,3,2,,908,0,2,0,0,0,0,0,3,4,1,2,3,,N,,,,,,,,,,,
2007126543,2220.0,1,0,0,0,0,0,0,0,0,4,0,,67,11,2007,1,39.9874,-75.1002,2215.0,6,0,0,0,0,0,0,0,0,,0,0,0,21,3,1,0,,0,39 59:14.758,,0,75 06:00.788,8,0,0,0,67301,0,0,0,N,0,0,0,1,67301,0,,1,1,,N,N,,0,,0,0,1,0,0,,2150,1,2,0,0,0,1,0,3,4,0,2,3,,N,,,,,,,,,,,
2007126562,856.0,0,0,0,0,0,0,0,0,0,8,0,,67,11,2007,6,40.0037,-75.1689,854.0,6,0,0,0,0,0,0,0,0,,0,0,0,99,1,1,5,,0,40 00:13.000,,0,75 10:08.096,4,0,0,0,67301,1,0,0,,1,0,0,2,67301,1,,1,1,,N,N,,0,,0,0,1,3,2,,9999,1,2,0,0,0,0,0,3,4,0,1,3,,N,,,,,,,,,,,
2007107746,1815.0,1,0,0,0,0,0,0,0,0,8,0,,67,9,2007,4,39.9219,-75.2277,1801.0,6,0,0,0,0,0,0,0,0,,0,0,0,16,1,1,0,,0,39 55:18.800,,7,75 13:39.700,3,0,0,0,67301,1,0,0,N,1,0,0,2,67301,0,,1,1,,N,N,,0,,1,0,0,0,0,,1630,1,2,0,0,0,0,1,3,4,0,1,3,,N,,,,,,,,,,,
2007107837,227.0,1,0,0,0,0,0,0,0,0,5,0,,67,8,2007,4,39.9804,-75.1343,225.0,6,0,0,0,0,0,0,0,0,,0,0,0,2,3,1,0,,0,39 58:49.360,,0,75 08:03.343,4,0,0,0,67301,1,0,0,N,1,0,0,2,67301,1,,1,9,,N,N,,1,,0,0,0,0,0,,225,1,3,0,0,0,0,0,3,4,0,2,7,,N,,,,,,,,,,,
2007107893,1015.0,1,0,0,0,0,0,0,0,0,4,0,,67,9,2007,2,40.0415,-75.0879,953.0,6,0,0,0,0,0,0,0,0,1.0,0,0,0,9,1,1,1,,1,40 02:29.338,2.0,0,75 05:16.364,4,0,0,0,67301,0,0,0,,0,0,0,2,67301,1,,1,1,,,,,1,,0,0,0,9,2,Y,953,1,2,0,0,0,0,0,3,4,0,2,3,,N,,,,,,,,,,,
2007124658,9999.0,1,0,0,0,0,0,0,0,0,1,0,,67,11,2007,3,40.0637,-75.1675,1245.0,6,0,0,0,0,0,1,1,0,,0,0,0,99,1,1,1,,0,40 03:49.402,,0,75 10:02.823,2,0,0,0,67301,0,0,0,N,0,0,0,2,67301,0,,1,1,,N,N,,1,,0,1,0,3,3,,9999,1,2,0,0,0,0,0,3,4,0,2,3,,N,,,,,,,,,,,