CRN,ARRIVAL_TM,AUTOMOBILE_COUNT,BELTED_DEATH_COUNT,BELTED_SUSP_SERIOUS_INJ_COUNT,BICYCLE_COUNT,BICYCLE_DEATH_COUNT,BICYCLE_SUSP_SERIOUS_INJ_COUNT,BUS_COUNT,CHLDPAS_DEATH_COUNT,CHLDPAS_SUSP_SERIOUS_INJ_COUNT,COLLISION_TYPE,COMM_VEH_COUNT,CONS_ZONE_SPD_LIM,COUNTY,CRASH_MONTH,CRASH_YEAR,DAY_OF_WEEK,DEC_LAT,DEC_LONG,DISPATCH_TM,DISTRICT,DRIVER_COUNT_16YR,DRIVER_COUNT_17YR,DRIVER_COUNT_18YR,DRIVER_COUNT_19YR,DRIVER_COUNT_20YR,DRIVER_COUNT_50_64YR,DRIVER_COUNT_65_74YR,DRIVER_COUNT_75PLUS,EST_HRS_CLOSED,FATAL_COUNT,HEAVY_TRUCK_COUNT,HORSE_BUGGY_COUNT,HOUR_OF_DAY,ILLUMINATION,INJURY_COUNT,INTERSECT_TYPE,INTERSECTION_RELATED,LANE_CLOSED,LATITUDE,LN_CLOSE_DIR,LOCATION_TYPE,LONGITUDE,MAX_SEVERITY_LEVEL,MCYCLE_DEATH_COUNT,MCYCLE_SUSP_SERIOUS_INJ_COUNT,MOTORCYCLE_COUNT,MUNICIPALITY,NONMOTR_COUNT,NONMOTR_DEATH_COUNT,NONMOTR_SUSP_SERIOUS_INJ_COUNT,NTFY_HIWY_MAINT,PED_COUNT,PED_DEATH_COUNT,PED_SUSP_SERIOUS_INJ_COUNT,PERSON_COUNT,POLICE_AGCY,POSSIBLE_INJ_COUNT,RDWY_SURF_TYPE_CD,RELATION_TO_ROAD,ROAD_CONDITION,ROADWAY_CLEARED,SCH_BUS_IND,SCH_ZONE_IND,SECONDARY_CRASH,SMALL_TRUCK_COUNT,SPEC_JURIS_CD,SUSP_MINOR_INJ_COUNT,SUSP_SERIOUS_INJ_COUNT,SUV_COUNT,TCD_FUNC_CD,TCD_TYPE,TFC_DETOUR_IND,TIME_OF_DAY,TOT_INJ_COUNT,TOTAL_UNITS,UNB_DEATH_COUNT,UNB_SUSP_SERIOUS_INJ_COUNT,UNBELTED_OCC_COUNT,UNK_INJ_DEG_COUNT,UNK_INJ_PER_COUNT,URBAN_AREA,URBAN_RURAL,VAN_COUNT,VEHICLE_COUNT,WEATHER1,WEATHER2,WORK_ZONE_IND,WORK_ZONE_LOC,WORK_ZONE_TYPE,WORKERS_PRES,WZ_CLOSE_DETOUR,WZ_FLAGGER,WZ_LAW_OFFCR_IND,WZ_LN_CLOSURE,WZ_MOVING,WZ_OTHER,WZ_SHLDER_MDN,WZ_WORKERS_INJ_KILLED
2007126202,219.0,2,0,0,0,0,0,0,0,0,4,0,,67,10,2007,6,40.0153,-75.1372,217.0,6,0,0,0,0,0,0,0,0,,0,0,0,22,3,1,1,,0,40 00:55.051,,0,75 08:13.761,8,0,0,0,67301,0,0,0,N,0,0,0,4,67301,0,,1,9,,N,N,,0,,0,0,0,9,2,,2230,1,2,0,0,0,1,1,3,4,0,2,7,,N,,,,,,,,,,,
2007126206,958.0,2,0,0,0,0,0,0,0,0,2,0,,67,10,2007,1,40.0564,-75.0533,946.0,6,0,0,0,0,0,1,0,1,,0,0,0,9,1,1,1,,0,40 03:23.000,,0,75 03:12.177,8,0,0,0,67301,0,0,0,N,0,0,0,3,67301,0,,1,1,,N,N,,0,,0,0,1,3,2,,940,1,3,0,0,0,1,0,3,4,0,3,3,,N,,,,,,,,,,,
2007121514,1450.0,2,0,0,0,0,0,0,0,0,1,0,,67,10,2007,3,39.9496,-75.1841,1443.0,6,0,0,0,0,0,1,0,0,,0,0,0,14,1,0,0,,0,39 57:03.000,,0,75 10:58.360,0,0,0,0,67301,0,0,0,N,0,0,0,4,68K01,0,,1,1,,N,N,,0,,0,0,0,0,0,,1442,0,2,0,0,2,0,0,3,4,0,2,3,,N,,,,,,,,,,,
2007047765,1235.0,2,0,0,0,0,0,0,0,0,1,0,,67,3,2007,6,40.0159,-75.1538,1231.0,6,0,0,0,0,0,1,0,0,,0,0,0,99,1,4,2,,0,40 00:57.000,,0,75 09:13.829,4,0,0,0,67301,0,0,0,N,0,0,0,5,67301,4,,1,1,,N,N,,0,,0,0,0,3,2,,9999,4,2,0,0,0,0,0,3,4,0,2,3,,N,,,,,,,,,,,
2007068133,346.0,1,0,0,0,0,0,0,0,0,5,1,,67,5,2007,7,39.899,-75.1745,338.0,6,0,0,0,1,0,0,0,0,,0,1,0,3,3,1,0,,0,39 53:57.840,,0,75 09:53.640,4,0,0,0,67301,0,0,0,N,0,0,0,2,67301,1,,1,1,,N,N,,0,,0,0,0,0,0,,328,1,2,0,0,0,0,0,3,4,0,2,3,,N,,,,,,,,,,,
2007065776,1032.0,1,0,0,0,0,0,0,0,0,4,0,,67,4,2007,7,40.0255,-75.1227,1030.0,6,0,1,0,0,0,0,0,0,1.0,0,0,0,10,1,3,1,,1,40 01:31.000,3.0,0,75 07:20.689,8,0,0,0,67301,0,0,0,N,0,0,0,4,67301,0,,1,1,,N,N,,0,,0,0,1,2,2,N,1025,3,2,0,0,0,3,1,3,4,0,2,3,,N,,,,,,,,,,,
2007065639,1245.0,2,0,0,0,0,0,0,0,0,4,0,,67,4,2007,1,40.0701,-75.2003,1240.0,6,0,0,0,0,0,0,1,1,,0,0,0,12,1,0,2,,0,40 04:11.000,,0,75 12:00.437,0,0,0,0,67301,0,0,0,N,0,0,0,2,67301,0,,1,1,,N,N,,0,,0,0,0,9,3,,1238,0,2,0,0,0,0,0,3,4,0,2,3,,N,,,,,,,,,,,
2007116208,2250.0,1,0,0,0,0,0,0,0,0,7,0,,67,10,2007,4,39.991,-75.1551,2250.0,6,0,0,0,0,0,0,0,0,,0,0,0,22,3,0,0,,0,39 59:27.000,,0,75 09:18.402,0,0,0,0,67301,0,0,0,N,0,0,0,1,67301,0,,2,1,,N,N,,0,,0,0,0,0,0,,2250,0,1,0,0,0,0,0,3,4,0,1,3,,N,,,,,,,,,,,
2007106348,220.0,1,0,0,0,0,0,0,0,0,7,0,,67,8,2007,4,40.0606,-74.9902,220.0,6,0,0,0,0,0,0,0,0,,0,0,0,2,3,1,0,,0,40 03:38.000,,0,74 59:24.655,3,0,0,0,67301,0,0,0,N,0,0,0,1,67301,0,,5,1,,N,N,,0,,1,0,0,0,0,,217,1,1,0,0,0,0,0,3,4,0,1,3,,N,,,,,,,,,,,
2007108873,325.0,1,0,0,0,0,0,0,0,0,7,0,,67,7,2007,6,40.009,-75.0676,316.0,6,0,0,0,1,0,0,0,0,1.0,0,0,0,3,3,0,0,,1,40 00:31.000,1.0,0,75 04:08.169,0,0,0,0,67301,0,0,0,,0,0,0,1,67301,0,,2,1,,,,,0,,0,0,0,0,0,N,316,0,1,0,0,0,0,0,3,4,0,1,3,,N,,,,,,,,,,,
2007109072,1324.0,1,0,0,0,0,0,0,0,0,8,0,,67,9,2007,1,40.0024,-75.139,1323.0,6,0,0,0,0,0,0,0,0,,0,0,0,13,1,1,0,,0,40 00:08.460,,0,75 08:20.259,4,0,0,0,67301,1,0,0,,1,0,0,2,67301,1,,1,1,,,,,0,,0,0,0,0,0,,1322,1,2,0,0,0,0,0,3,4,0,1,3,,N,,,,,,,,,,,
2007106463,7.0,1,0,0,0,0,0,0,0,0,8,0,,67,8,2007,6,40.0274,-75.1472,2356.0,6,0,0,0,0,0,0,0,0,,0,0,0,23,3,1,0,,0,40 01:38.484,,0,75 08:50.065,4,0,0,0,67301,1,0,0,N,1,0,0,2,67301,1,,1,1,,N,N,,0,,0,0,0,0,0,,2345,1,2,0,0,0,0,0,3,4,0,1,3,,N,,,,,,,,,,,
2007098789,1238.0,1,0,0,0,0,0,0,0,0,8,0,,67,7,2007,3,40.0731,-75.056,1238.0,6,0,0,0,0,0,0,0,1,,0,0,0,12,1,1,3,,0,40 04:23.322,,0,75 03:21.463,8,0,0,0,67301,1,0,0,N,1,0,0,2,67301,0,,5,1,,N,N,,0,,0,0,0,0,0,,1238,1,2,0,0,0,1,0,3,4,0,1,3,,N,,,,,,,,,,,
2007081697,320.0,1,0,0,0,0,0,0,0,0,1,0,,67,6,2007,5,39.9593,-75.232,56.0,6,0,0,0,0,0,1,0,0,,0,0,0,23,3,2,0,,0,39 57:33.000,,0,75 13:55.127,4,0,0,0,67301,0,0,0,N,0,0,0,4,67301,2,,1,1,,N,N,,0,,0,0,1,3,2,,2340,2,2,0,0,0,0,1,3,4,0,2,3,,N,,,,,,,,,,,
2007115555,637.0,2,0,0,0,0,0,0,0,0,1,0,,67,9,2007,1,39.9834,-75.2081,633.0,6,0,0,0,0,0,1,0,0,1.0,0,0,0,6,1,1,0,,2,39 59:04.000,4.0,0,75 12:29.572,4,0,0,0,67301,0,0,0,N,0,0,0,3,68K01,1,,1,1,,N,N,,0,,0,0,1,0,0,N,630,1,3,0,0,0,0,0,3,4,0,3,3,,N,,,,,,,,,,,
2007107733,1727.0,1,0,0,0,0,0,0,0,0,8,0,,67,9,2007,5,39.9397,-75.1681,1726.0,6,0,0,0,0,0,1,0,0,,0,0,0,17,1,1,1,,0,39 56:23.042,,0,75 10:05.105,4,0,0,0,67301,1,0,0,N,1,0,0,3,67301,1,,1,1,,N,N,,0,,0,0,0,0,0,,1725,1,2,0,0,0,0,0,3,4,0,1,3,,N,,,,,,,,,,,
2007107816,1615.0,1,0,0,0,0,0,0,0,0,8,0,,67,9,2007,6,40.0416,-75.1442,1605.0,6,0,0,0,0,0,0,0,0,,0,0,0,16,1,1,0,,0,40 02:29.000,,0,75 08:39.034,4,0,0,0,67301,1,0,0,N,1,0,0,2,67301,1,,1,1,,N,N,,0,,0,0,0,0,0,,1605,1,2,0,0,0,0,0,3,4,0,1,3,,N,,,,,,,,,,,
2007097807,1206.0,1,0,0,0,0,0,0,0,0,5,0,,67,7,2007,6,39.9337,-75.1833,1205.0,6,0,0,0,0,0,0,0,0,,0,0,0,12,1,1,0,,0,39 56:01.158,,0,75 10:59.862,4,0,0,0,67301,4,0,0,N,0,0,0,5,67301,1,,1,1,,Y,N,,0,,0,0,0,0,0,,1204,1,2,0,0,0,0,0,3,4,1,2,3,,N,,,,,,,,,,,
2007097918,1045.0,2,0,0,0,0,0,0,0,0,1,0,,67,7,2007,4,40.0649,-75.0515,1040.0,6,0,0,0,0,0,0,0,0,,0,0,0,10,1,1,1,,0,40 03:53.000,,0,75 03:05.284,4,0,0,0,67301,0,0,0,N,0,0,0,2,67301,1,,1,1,,N,N,,0,,0,0,0,3,2,,1000,1,2,0,0,0,0,0,3,4,0,2,3,,N,,,,,,,,,,,
2007097964,1506.0,1,0,0,0,0,0,0,0,0,8,0,,67,7,2007,3,40.0787,-75.2124,1506.0,6,0,0,0,0,0,0,0,0,,0,0,0,9,1,1,2,,0,40 04:43.183,,0,75 12:44.560,4,0,0,0,67301,1,0,0,N,1,0,0,2,67301,1,,9,1,,N,N,,0,,0,0,0,3,2,,900,1,2,0,0,0,0,0,3,4,0,1,3,,N,,,,,,,,,,,
2007098086,10.0,1,0,0,0,0,0,0,0,0,4,0,,67,7,2007,4,39.9505,-75.1926,10.0,6,0,0,0,0,1,0,0,0,,0,0,0,0,3,2,1,,0,39 57:01.634,,0,75 11:33.356,3,0,0,0,67301,0,0,0,,0,0,0,4,67504,0,,1,1,,,,,0,,2,0,0,3,2,,10,2,2,0,0,0,0,2,3,4,1,2,3,,N,,,,,,,,,,,
2007093212,2200.0,2,0,0,0,0,0,0,0,0,5,0,,67,7,2007,2,39.9618,-75.1943,2156.0,6,0,0,0,0,0,0,0,0,,0,0,0,21,3,0,0,,0,39 57:42.649,,0,75 11:39.537,0,0,0,0,67301,0,0,0,N,0,0,0,1,67301,0,,6,1,,N,N,,0,,0,0,0,0,0,,2143,0,2,0,0,0,0,0,3,4,0,2,3,,N,,,,,,,,,,,
2007022282,1533.0,0,0,0,0,0,0,0,0,0,8,0,,67,1,2007,5,39.9499,-75.1691,1527.0,6,0,0,0,0,0,0,0,0,,0,0,0,15,1,1,1,,0,39 56:59.000,,0,75 10:08.489,4,0,0,0,67301,1,0,0,,1,0,0,2,67301,1,,1,1,,,,,1,,0,0,0,3,2,,1510,1,2,0,0,0,0,0,3,4,0,1,3,,N,,,,,,,,,,,
2007027503,1900.0,1,0,0,0,0,0,0,0,0,1,0,,67,1,2007,6,39.9813,-75.1887,1900.0,6,0,0,0,0,0,0,0,0,,0,0,0,18,1,1,0,,0,39 58:52.535,,0,75 11:19.269,4,0,0,0,67301,0,0,0,N,0,0,0,2,67301,1,,1,98,,N,N,,0,,0,0,0,0,0,,1850,1,2,0,0,1,0,1,3,4,1,2,3,,N,,,,,,,,,,,
2007027520,15.0,1,0,0,0,0,0,0,0,0,7,0,,67,2,2007,6,40.0573,-75.0343,13.0,6,0,0,0,0,0,0,0,0,,0,0,0,0,3,1,0,,0,40 03:26.000,,0,75 02:04.191,8,0,0,0,67301,0,0,0,N,0,0,0,1,67301,0,,5,1,,N,N,,0,,0,0,0,0,0,,10,1,1,0,0,0,1,0,3,4,0,1,3,,N,,,,,,,,,,,
2007027635,1112.0,1,0,0,0,0,0,0,0,0,7,0,,67,1,2007,2,40.0196,-75.1915,1112.0,6,0,0,0,0,0,0,0,0,1.0,0,0,0,11,1,1,0,,2,40 01:10.000,5.0,0,75 11:29.425,8,0,0,0,67301,0,0,0,,0,0,0,1,67301,0,,5,9,,N,N,,0,,0,0,0,0,0,Y,1110,1,1,0,0,0,1,0,3,4,0,1,98,,N,,,,,,,,,,,
2007027672,2207.0,1,0,0,0,0,0,0,0,0,1,0,,67,1,2007,1,40.0262,-75.1218,2205.0,6,0,0,0,0,0,0,0,1,,0,0,0,21,3,1,0,,0,40 01:34.000,,0,75 07:18.352,8,0,0,0,67301,0,0,0,N,0,0,0,5,67301,0,,1,9,,N,N,,0,,0,0,1,3,2,,2105,1,2,0,0,0,1,0,3,4,0,2,7,,N,,,,,,,,,,,
2007022518,1452.0,0,0,0,0,0,0,0,0,0,8,0,,67,1,2007,7,39.9515,-75.1567,1448.0,6,0,0,0,0,0,0,0,0,,0,0,0,14,1,1,1,,0,39 57:05.000,,0,75 09:23.993,3,0,0,0,67301,1,0,0,N,1,0,0,2,67301,0,,1,1,,N,N,,0,,1,0,1,3,2,,1420,1,2,0,0,0,0,0,3,4,0,1,3,,N,,,,,,,,,,,
2007027748,1708.0,1,0,0,0,0,0,0,0,0,4,0,,67,1,2007,4,40.0425,-75.0966,1708.0,6,0,0,0,0,0,1,1,0,,0,0,0,99,1,1,2,,0,40 02:33.126,,0,75 05:47.626,8,0,0,0,67301,0,0,0,N,0,0,0,2,67301,0,,1,1,,N,N,,1,,0,0,1,0,0,,9999,1,3,0,0,0,1,0,3,4,0,3,3,,N,,,,,,,,,,,
2007025178,1154.0,1,0,0,0,0,0,0,0,0,7,0,,67,1,2007,7,39.9056,-75.1319,1153.0,6,0,0,0,0,0,0,0,0,2.0,0,0,0,11,1,1,0,,2,39 54:20.250,4.0,3,75 07:54.857,8,0,0,0,67301,0,0,0,N,0,0,0,1,67501,0,,2,1,,N,N,,0,,0,0,0,3,8,N,1150,1,1,0,0,1,1,0,3,4,0,1,3,,N,,,,,,,,,,,
2007022842,2222.0,1,0,0,0,0,0,0,0,0,8,0,,67,1,2007,7,39.9555,-75.1391,2222.0,6,0,1,0,0,0,0,0,0,,0,0,0,22,3,1,0,,0,39 57:19.000,,0,75 08:20.880,3,0,0,0,67301,1,0,0,N,1,0,0,5,67301,0,,1,1,,N,N,,0,,1,0,0,0,0,,2222,1,2,0,0,4,0,0,3,4,0,1,3,,N,,,,,,,,,,,
2007022845,1319.0,2,0,0,0,0,0,0,0,0,4,0,,67,1,2007,2,40.0545,-75.0908,1319.0,6,0,0,0,0,0,1,0,0,,0,0,0,13,1,0,1,,0,40 03:16.000,,0,75 05:26.793,0,0,0,0,67301,0,0,0,N,0,0,0,2,67301,0,,1,9,,N,N,,0,,0,0,0,3,3,,1319,0,2,0,0,0,0,0,3,4,0,2,98,,N,,,,,,,,,,,
2007066276,1250.0,1,0,0,0,0,0,0,0,0,1,0,,67,5,2007,4,40.0463,-75.1924,1240.0,6,0,0,0,0,0,0,0,0,1.0,0,0,0,12,1,1,2,,1,40 02:46.000,3.0,0,75 11:32.477,3,0,0,0,67301,0,0,0,,0,0,0,2,67301,0,,1,1,,N,N,,0,,1,0,1,3,2,N,1235,1,2,0,0,0,0,0,3,4,0,2,3,,N,,,,,,,,,,,
2007066290,743.0,1,0,0,0,0,0,0,0,0,8,0,,67,5,2007,1,39.9302,-75.1723,739.0,6,0,0,0,0,0,0,0,0,,0,0,0,7,5,1,0,,0,39 55:48.867,,0,75 10:20.326,4,0,0,0,67301,1,0,0,N,1,0,0,2,67301,1,,1,1,,N,N,,0,,0,0,0,0,0,,732,1,2,0,0,1,0,0,3,4,0,1,3,,N,,,,,,,,,,,
2007066303,332.0,1,0,0,0,0,0,0,0,0,7,0,,67,5,2007,4,,,329.0,6,0,0,0,0,0,0,0,0,,0,0,0,99,3,0,2,,0,39 58:38.2,,0,75 11:53.6,0,0,0,0,67301,0,0,0,N,0,0,0,1,67301,0,,2,9,,N,N,,0,,0,0,0,3,2,,9999,0,1,0,0,0,0,0,3,3,0,1,3,,N,,,,,,,,,,,
2007066333,600.0,1,0,0,0,0,0,0,0,0,5,0,,67,4,2007,1,39.959,-75.2293,545.0,6,0,0,1,0,0,0,0,0,,0,0,0,5,1,0,0,,0,39 57:32.000,,0,75 13:45.437,0,0,0,0,67301,0,0,0,N,0,0,0,1,67301,0,,6,1,,N,N,,1,,0,0,1,0,0,,530,0,4,0,0,1,0,0,3,4,1,4,3,,N,,,,,,,,,,,
2007066336,1755.0,2,0,0,0,0,0,0,0,0,1,0,,67,5,2007,2,39.952,-75.2391,1752.0,6,0,1,0,0,0,0,0,0,1.0,0,0,0,17,1,1,0,,1,39 57:07.167,4.0,0,75 14:20.716,4,0,0,0,67301,0,0,0,N,0,0,0,2,67301,1,,1,1,,N,N,,0,,0,0,0,0,0,N,1740,1,2,0,0,0,0,0,3,4,0,2,3,,N,,,,,,,,,,,
2007058647,1713.0,0,0,0,0,0,0,0,0,0,2,0,,67,4,2007,4,39.9026,-75.2249,1707.0,6,0,0,0,0,0,1,0,0,,0,0,0,16,1,0,2,,0,39 54:09.000,,0,75 13:29.578,0,0,0,0,67301,0,0,0,N,0,0,0,2,67301,0,,1,1,,N,N,,0,,0,0,1,3,2,,1630,0,2,0,0,0,0,0,3,4,1,2,3,,N,,,,,,,,,,,
2007048842,2248.0,2,0,0,0,0,0,0,0,0,1,0,,67,2,2007,2,40.0343,-75.0746,2245.0,6,0,0,0,0,0,0,0,0,1.0,0,0,0,22,3,2,2,,1,40 02:03.000,1.0,0,75 04:28.524,4,0,0,0,67301,0,0,0,N,0,0,0,5,67301,2,,1,1,,N,N,,0,,0,0,0,1,2,Y,2245,2,2,0,0,4,0,0,3,4,0,2,3,,N,,,,,,,,,,,
2007096315,710.0,0,0,0,0,0,0,0,0,0,1,2,,67,8,2007,2,39.9701,-75.1443,705.0,6,0,0,0,0,0,0,0,0,,0,2,0,7,1,1,0,,0,39 58:12.498,,0,75 08:39.431,8,0,0,0,67301,0,0,0,N,0,0,0,1,67301,0,,6,1,,N,N,,0,,0,0,0,0,0,,700,1,2,0,0,0,1,0,3,4,0,2,3,,N,,,,,,,,,,,
2007057392,1647.0,1,0,0,0,0,0,0,0,0,4,0,,67,3,2007,2,40.0122,-75.1505,1643.0,6,1,1,0,0,0,0,0,0,,0,0,0,16,1,1,1,,0,40 00:44.000,,7,75 09:01.746,4,0,0,0,67301,0,0,0,N,0,0,0,6,67301,1,,1,1,,N,N,,0,,0,0,1,0,0,,1635,1,2,0,0,0,0,1,3,4,0,2,3,,N,,,,,,,,,,,
2007057416,2040.0,1,0,0,0,0,0,0,0,0,4,0,,67,4,2007,1,40.0599,-75.0184,2035.0,6,0,0,0,0,0,1,0,0,2.0,0,0,0,99,3,2,1,,1,40 03:35.733,6.0,0,75 01:06.209,4,0,0,0,67301,0,0,0,N,0,0,0,2,67301,2,,1,9,,N,N,,0,,0,0,0,3,2,N,9999,2,2,0,0,0,0,0,3,4,1,2,7,,N,,,,,,,,,,,
2007120227,1210.0,1,0,0,0,0,0,0,0,0,8,0,99.0,67,10,2007,2,39.9485,-75.1574,1206.0,6,0,0,0,0,0,0,0,0,,0,0,0,11,1,1,0,,0,39 56:54.582,,0,75 09:26.631,3,0,0,0,67301,1,0,0,N,1,0,0,2,67301,0,,1,1,,N,N,,0,,1,0,0,0,0,,1130,1,2,0,0,0,0,0,3,4,0,1,3,,Y,8.0,8.0,U,,,U,,,,,
2007076170,2116.0,0,0,0,0,0,0,0,0,0,7,0,,67,6,2007,3,40.0053,-75.1955,2116.0,6,0,0,0,0,0,0,0,0,2.0,0,0,0,21,2,0,0,,2,40 00:17.000,4.0,0,75 11:42.701,0,0,0,0,67301,0,0,0,N,0,0,0,1,68K01,0,,2,1,,N,N,,0,,0,0,0,0,0,N,2116,0,1,0,0,0,0,0,3,4,1,1,3,,N,,,,,,,,,,,
2007066359,1643.0,1,0,0,0,0,0,0,0,0,8,0,,67,5,2007,5,39.9903,-75.1163,1622.0,6,0,0,0,0,0,0,0,0,,0,0,0,15,1,1,0,,0,39 59:25.000,,0,75 06:58.672,8,0,0,0,67301,1,0,0,,1,0,0,4,67301,0,,1,1,,,,,0,,0,0,0,0,0,,1510,1,2,0,0,0,1,0,3,4,0,1,3,,N,,,,,,,,,,,
2007066566,1659.0,2,0,0,0,0,0,0,0,0,4,0,,67,4,2007,3,40.0535,-75.055,1652.0,6,0,0,0,0,0,0,0,0,,0,0,0,16,1,2,1,,0,40 03:12.000,,0,75 03:17.855,4,0,0,0,67301,0,0,0,N,0,0,0,3,67301,2,,1,1,,N,N,,0,,0,0,0,3,2,,1652,2,2,0,0,0,0,0,3,4,0,2,3,,N,,,,,,,,,,,
2007080267,800.0,3,0,0,0,0,0,0,0,0,4,1,,67,6,2007,1,40.0086,-75.0835,755.0,6,0,0,0,0,0,1,0,0,3.0,0,1,0,7,1,1,1,,2,40 00:30.000,5.0,0,75 05:01.650,3,0,0,0,67301,0,0,0,N,0,0,0,2,67301,0,,1,1,,N,N,,0,,1,0,0,3,2,N,750,1,6,0,0,0,0,0,3,4,2,6,3,,N,,,,,,,,,,,
2007079959,300.0,1,0,0,0,0,0,0,0,0,7,0,,67,6,2007,2,39.9208,-75.2466,243.0,6,0,0,0,0,0,0,0,0,,0,0,0,99,1,1,2,,0,39 55:14.000,,0,75 14:47.925,4,0,0,0,67301,0,0,0,,0,0,0,1,67301,1,,2,9,,,,,0,,0,0,0,0,0,,9999,1,1,0,0,0,0,0,3,4,0,1,3,,N,,,,,,,,,,,
2007080105,2310.0,0,0,0,0,0,0,0,0,0,8,0,,67,7,2007,5,39.9528,-75.1921,2306.0,6,0,0,0,0,0,0,0,0,,0,0,0,23,3,1,1,,0,39 57:10.080,,0,75 11:31.560,8,0,0,0,67301,1,0,0,N,1,0,0,2,67301,0,,1,9,,N,N,,0,,0,0,0,3,2,,2300,1,2,0,0,0,1,0,3,4,0,1,7,,N,,,,,,,,,,,
2007080151,1022.0,2,0,0,0,0,0,0,0,0,1,0,,67,6,2007,2,39.9562,-75.1491,1020.0,6,0,0,0,0,0,1,0,0,,0,0,0,9,1,1,2,,0,39 57:22.000,,0,75 08:56.893,4,0,0,0,67301,0,0,0,N,0,0,0,2,67301,1,,1,9,,N,N,,0,,0,0,0,3,2,,930,1,2,0,0,0,0,0,3,4,0,2,7,,N,,,,,,,,,,,
2007080171,1806.0,1,0,0,0,0,0,0,0,0,1,0,,67,6,2007,2,,,1802.0,6,0,0,0,0,0,1,0,0,,0,0,0,17,1,0,0,,0,,,0,,0,0,0,0,67301,0,0,0,N,0,0,0,3,67301,0,,1,1,,N,N,,0,,0,0,0,0,0,,1750,0,3,0,0,2,0,0,3,3,1,3,3,,N,,,,,,,,,,,
2007116661,1619.0,1,0,0,0,0,0,1,0,0,1,1,,67,9,2007,6,40.047,-75.005,1607.0,6,0,0,0,0,0,2,0,0,,0,0,0,15,1,2,0,,0,40 02:49.000,,0,75 00:17.606,4,0,0,0,67301,0,0,0,N,0,0,0,4,67301,1,,1,1,,Y,N,,0,,0,0,1,0,0,,1530,2,3,0,0,0,1,0,3,4,0,3,3,,N,,,,,,,,,,,
2007124090,510.0,1,0,0,0,0,0,0,0,0,4,0,,67,10,2007,6,40.0242,-75.1328,507.0,6,0,0,0,0,0,0,0,0,,0,0,0,4,3,3,1,,0,40 01:26.000,,0,75 07:59.257,4,0,0,0,67301,0,0,0,N,0,0,0,4,67301,3,,1,1,,N,N,,0,,0,0,0,3,2,,445,3,2,0,0,0,0,1,3,4,1,2,3,,N,,,,,,,,,,,
2007127604,1938.0,1,0,0,1,0,0,0,0,0,4,0,,67,10,2007,5,39.9736,-75.187,1920.0,6,0,0,0,0,0,0,0,0,,0,0,0,17,4,2,2,,0,39 58:24.838,,0,75 11:13.160,4,0,0,0,67301,1,0,0,N,0,0,0,2,67301,2,,1,1,,N,N,,0,,0,0,0,3,3,,1715,2,2,0,0,0,0,0,3,4,0,1,3,,N,,,,,,,,,,,
2007126200,155.0,1,0,0,0,0,0,0,0,0,8,0,,67,10,2007,7,40.0568,-75.047,155.0,6,0,0,0,0,0,0,0,0,,0,0,0,1,3,1,1,,0,40 03:24.000,,0,75 02:49.228,8,0,0,0,67301,1,0,0,,1,0,0,2,67301,0,,1,9,,,,,0,,0,0,0,3,2,,151,1,2,0,0,0,1,0,3,4,0,1,7,,N,,,,,,,,,,,
2007123810,743.0,0,0,0,0,0,0,0,0,0,2,0,,67,11,2007,4,40.1018,-74.9924,737.0,6,0,0,1,0,0,0,0,0,,0,0,0,7,1,1,0,,0,40 06:06.382,,0,74 59:32.762,4,0,0,0,67301,0,0,0,,0,0,0,2,67301,1,,1,1,,,,,1,,0,0,1,0,0,,735,1,2,0,0,1,0,0,3,4,0,2,3,,N,,,,,,,,,,,
2007028828,2341.0,1,0,0,0,0,0,0,0,0,7,0,,67,1,2007,7,40.0254,-75.0285,2335.0,6,0,0,0,0,0,0,0,0,1.0,0,0,0,23,3,0,7,,2,40 01:31.440,1.0,2,75 01:42.600,0,0,0,0,67301,0,0,0,Y,0,0,0,1,67301,0,,2,9,,N,N,,0,,0,0,0,0,0,N,2334,0,1,0,0,0,0,0,3,4,0,1,7,,N,,,,,,,,,,,
2007065753,1424.0,2,0,0,0,0,0,0,0,0,4,0,,67,4,2007,5,40.0062,-75.1518,1417.0,6,0,0,0,0,0,0,0,0,,0,0,0,14,1,1,2,,0,40 00:22.203,,0,75 09:06.487,4,0,0,0,67301,0,0,0,N,0,0,0,2,67301,1,,1,1,,N,N,,0,,0,0,0,9,3,,1407,1,2,0,0,0,0,0,3,4,0,2,3,,N,,,,,,,,,,,
2007065643,1710.0,1,0,0,0,0,0,0,0,0,5,0,,67,5,2007,3,39.9305,-75.1614,1700.0,6,0,0,0,0,0,0,0,0,,0,0,0,99,3,1,0,,0,39 55:49.792,,0,75 09:40.874,8,0,0,0,67301,0,0,0,,0,0,0,2,67301,0,,6,1,,N,N,,0,,0,0,2,0,0,,9999,1,3,0,0,0,1,0,3,4,0,3,3,,N,,,,,,,,,,,
2007105946,1352.0,2,0,0,0,0,0,0,0,0,1,0,,67,7,2007,1,39.9767,-75.2268,1352.0,6,0,0,0,0,0,1,0,0,,0,0,0,13,1,2,0,,0,39 58:36.000,,0,75 13:36.385,4,0,0,0,67301,0,0,0,N,0,0,0,3,67301,1,,1,1,,N,N,,0,,0,0,0,0,0,,1350,2,2,0,0,0,1,0,3,4,0,2,3,,N,,,,,,,,,,,