CRN,ARRIVAL_TM,AUTOMOBILE_COUNT,BELTED_DEATH_COUNT,BELTED_SUSP_SERIOUS_INJ_COUNT,BICYCLE_COUNT,BICYCLE_DEATH_COUNT,BICYCLE_SUSP_SERIOUS_INJ_COUNT,BUS_COUNT,CHLDPAS_DEATH_COUNT,CHLDPAS_SUSP_SERIOUS_INJ_COUNT,COLLISION_TYPE,COMM_VEH_COUNT,CONS_ZONE_SPD_LIM,COUNTY,CRASH_MONTH,CRASH_YEAR,DAY_OF_WEEK,DEC_LAT,DEC_LONG,DISPATCH_TM,DISTRICT,DRIVER_COUNT_16YR,DRIVER_COUNT_17YR,DRIVER_COUNT_18YR,DRIVER_COUNT_19YR,DRIVER_COUNT_20YR,DRIVER_COUNT_50_64YR,DRIVER_COUNT_65_74YR,DRIVER_COUNT_75PLUS,EST_HRS_CLOSED,FATAL_COUNT,HEAVY_TRUCK_COUNT,HORSE_BUGGY_COUNT,HOUR_OF_DAY,ILLUMINATION,INJURY_COUNT,INTERSECT_TYPE,INTERSECTION_RELATED,LANE_CLOSED,LATITUDE,LN_CLOSE_DIR,LOCATION_TYPE,LONGITUDE,MAX_SEVERITY_LEVEL,MCYCLE_DEATH_COUNT,MCYCLE_SUSP_SERIOUS_INJ_COUNT,MOTORCYCLE_COUNT,MUNICIPALITY,NONMOTR_COUNT,NONMOTR_DEATH_COUNT,NONMOTR_SUSP_SERIOUS_INJ_COUNT,NTFY_HIWY_MAINT,PED_COUNT,PED_DEATH_COUNT,PED_SUSP_SERIOUS_INJ_COUNT,PERSON_COUNT,POLICE_AGCY,POSSIBLE_INJ_COUNT,RDWY_SURF_TYPE_CD,RELATION_TO_ROAD,ROAD_CONDITION,ROADWAY_CLEARED,SCH_BUS_IND,SCH_ZONE_IND,SECONDARY_CRASH,SMALL_TRUCK_COUNT,SPEC_JURIS_CD,SUSP_MINOR_INJ_COUNT,SUSP_SERIOUS_INJ_COUNT,SUV_COUNT,TCD_FUNC_CD,TCD_TYPE,TFC_DETOUR_IND,TIME_OF_DAY,TOT_INJ_COUNT,TOTAL_UNITS,UNB_DEATH_COUNT,UNB_SUSP_SERIOUS_INJ_COUNT,UNBELTED_OCC_COUNT,UNK_INJ_DEG_COUNT,UNK_INJ_PER_COUNT,URBAN_AREA,URBAN_RURAL,VAN_COUNT,VEHICLE_COUNT,WEATHER1,WEATHER2,WORK_ZONE_IND,WORK_ZONE_LOC,WORK_ZONE_TYPE,WORKERS_PRES,WZ_CLOSE_DETOUR,WZ_FLAGGER,WZ_LAW_OFFCR_IND,WZ_LN_CLOSURE,WZ_MOVING,WZ_OTHER,WZ_SHLDER_MDN,WZ_WORKERS_INJ_KILLED
2007106164,1650.0,0,0,0,0,0,0,0,0,0,8,0,,67,8,2007,7,39.9508,-75.1638,1630.0,6,0,0,0,0,0,0,0,0,,0,0,0,16,1,1,2,,0,39 57:03.000,,0,75 09:49.789,4,0,0,0,67301,1,0,0,N,1,0,0,4,67301,1,,1,1,,N,N,,0,,0,0,1,3,2,,1630,1,2,0,0,0,0,0,3,4,0,1,3,,N,,,,,,,,,,,
2007106363,9999.0,1,0,0,0,0,0,0,0,0,5,0,,67,8,2007,6,40.0067,-75.1317,9999.0,6,0,0,0,0,0,0,0,1,1.0,0,0,0,14,1,2,0,,1,40 00:24.000,4.0,0,75 07:53.984,8,0,0,0,67301,0,0,0,N,0,0,0,4,67301,0,,1,1,,N,N,,0,,0,0,1,0,0,N,1445,2,2,0,0,0,2,1,3,4,0,2,3,,N,,,,,,,,,,,
2007106576,1227.0,1,0,0,1,0,0,0,0,0,4,0,,67,6,2007,4,39.9615,-75.165,1212.0,6,0,0,0,0,0,0,0,0,,0,0,0,12,1,1,2,,0,39 57:41.346,,0,75 09:53.848,4,0,0,0,67301,1,0,0,N,0,0,0,2,67301,1,,1,1,,N,N,,0,,0,0,0,0,0,,1210,1,2,0,0,0,0,0,3,4,0,1,3,,N,,,,,,,,,,,
2007106480,2210.0,2,0,0,0,0,0,0,0,0,4,0,,67,8,2007,7,40.0369,-75.1451,2136.0,6,0,0,0,0,0,0,0,0,,0,0,0,21,4,1,1,,0,40 02:12.000,,0,75 08:42.306,8,0,0,0,67301,0,0,0,N,0,0,0,2,67301,0,,1,1,,N,N,,0,,0,0,0,3,2,,2136,1,2,0,0,0,1,0,3,4,0,2,3,,N,,,,,,,,,,,
2007098705,2011.0,0,0,0,0,0,0,0,0,0,4,0,,67,8,2007,7,40.0093,-75.082,2011.0,6,0,0,1,0,0,0,0,0,,0,0,0,20,1,2,0,,0,40 00:32.000,,0,75 04:55.972,4,0,0,0,67301,0,0,0,N,0,0,0,2,67301,2,,5,1,,,N,,0,,0,0,1,0,0,,2004,2,2,0,0,0,0,0,3,4,1,2,3,,N,,,,,,,,,,,
2007096185,832.0,1,0,0,0,0,0,0,0,0,5,0,,67,8,2007,2,39.9578,-75.1472,830.0,6,0,0,0,0,0,0,0,0,1.0,0,0,0,8,1,1,2,,1,39 57:28.000,6.0,0,75 08:50.071,4,0,0,0,67301,0,0,0,N,0,0,0,2,67301,1,,1,9,,N,N,,1,,0,0,0,3,2,N,824,1,2,0,0,0,0,0,3,4,0,2,7,,N,,,,,,,,,,,
2007081290,1755.0,2,0,0,0,0,0,0,0,0,1,0,,67,5,2007,6,39.9973,-75.0894,1750.0,6,0,0,0,0,0,0,0,0,,0,0,0,17,1,4,1,,0,39 59:50.000,,0,75 05:21.971,4,0,0,0,67301,0,0,0,,0,0,0,5,67301,4,,1,1,,N,N,,0,,0,0,0,3,2,,1730,4,2,0,0,0,0,1,3,4,0,2,3,,N,,,,,,,,,,,
2007081594,1705.0,0,0,0,1,0,0,0,0,0,4,0,,67,6,2007,5,39.949,-75.1492,1655.0,6,0,0,0,0,0,0,0,0,,0,0,0,99,1,1,1,,0,39 56:56.000,,0,75 08:57.072,8,0,0,0,67301,1,0,0,,0,0,0,2,67301,0,,1,1,,,,,0,,0,0,0,3,8,,9999,1,2,0,0,0,1,0,3,4,1,1,3,,N,,,,,,,,,,,
2007081642,9999.0,1,0,0,0,0,0,0,0,0,4,0,,67,5,2007,3,39.9931,-75.1232,9999.0,6,0,0,0,0,0,0,0,0,,0,0,0,99,1,1,1,,0,39 59:34.994,,0,75 07:23.681,3,0,0,1,67301,0,0,0,N,0,0,0,2,67301,0,,1,1,,N,N,,0,,1,0,0,3,3,,9999,1,2,0,0,0,0,1,3,4,0,2,3,,N,,,,,,,,,,,
2007081652,1638.0,2,0,0,0,0,0,0,0,0,1,0,,67,6,2007,2,40.0038,-75.1495,1630.0,6,0,0,0,0,0,1,0,0,,0,0,0,16,1,1,0,,0,40 00:13.770,,0,75 08:58.020,4,0,0,0,67301,0,0,0,N,0,0,0,2,67301,1,,1,1,,N,N,,0,,0,0,0,0,0,,1615,1,2,0,0,2,0,0,3,4,0,2,3,,N,,,,,,,,,,,
2007081659,2315.0,2,0,0,0,0,0,0,0,0,1,0,,67,6,2007,4,40.0185,-75.1671,2259.0,6,0,0,0,0,0,0,0,0,,0,0,0,22,3,0,6,,0,40 01:06.000,,2,75 10:06.756,0,0,0,0,67301,0,0,0,N,0,0,0,5,67301,0,,1,1,,N,N,,0,,0,0,0,3,4,,2259,0,2,0,0,0,0,0,3,4,0,2,3,,N,,,,,,,,,,,
2007081668,9999.0,2,0,0,0,0,0,0,0,0,4,0,,67,6,2007,4,40.0079,-75.1723,1337.0,6,0,0,0,0,0,0,1,0,,0,0,0,99,1,1,1,,0,40 00:28.000,,0,75 10:20.142,4,0,0,0,67301,0,0,0,N,0,0,0,3,67301,1,,1,1,,N,N,,0,,0,0,0,3,2,,9999,1,2,0,0,0,0,0,3,4,0,2,3,,N,,,,,,,,,,,
2007120275,2248.0,1,0,0,0,0,0,0,0,0,4,0,,67,9,2007,7,40.0692,-75.0073,2236.0,6,0,0,0,0,0,0,0,0,,0,0,0,22,3,1,1,,0,40 04:08.000,,0,75 00:26.173,4,0,0,0,67301,0,0,0,N,0,0,0,2,67301,1,,1,1,,N,N,,0,,0,0,1,3,2,,2236,1,2,0,0,0,0,0,3,4,0,2,3,,N,,,,,,,,,,,
2007081721,1102.0,1,0,0,0,0,0,0,0,0,2,0,,67,5,2007,4,39.9621,-75.2163,1102.0,6,0,0,0,0,0,0,0,0,,0,0,0,10,1,0,0,,0,39 57:43.500,,0,75 12:58.600,0,0,0,0,67301,0,0,0,,0,0,0,3,67301,0,,1,1,,N,N,,1,,0,0,0,0,0,,1036,0,2,0,0,0,0,0,3,4,0,2,3,,N,,,,,,,,,,,
2007081759,1846.0,0,0,0,0,0,0,0,0,0,1,0,,67,6,2007,7,39.9482,-75.2212,1839.0,6,0,0,0,0,0,0,0,0,,0,0,0,99,1,1,1,,0,39 56:53.000,,0,75 13:16.309,8,0,0,0,67301,0,0,0,,0,0,0,3,67301,0,,1,1,,,,,0,,0,0,0,3,2,,9999,1,2,0,0,0,1,1,3,4,1,2,3,,N,,,,,,,,,,,
2007116138,915.0,1,0,0,0,0,0,0,0,0,4,0,,67,10,2007,2,39.9316,-75.1867,914.0,6,0,0,0,0,0,1,0,0,,0,0,0,9,1,1,1,,0,39 55:53.713,,0,75 11:11.972,3,0,0,0,67301,0,0,0,N,0,0,0,2,67301,0,,1,1,,N,N,,1,,1,0,0,3,2,,913,1,2,0,0,0,0,0,3,4,0,2,3,,N,,,,,,,,,,,
2007127368,807.0,0,0,0,0,0,0,0,0,0,7,0,,67,10,2007,2,40.0941,-74.9891,803.0,6,0,0,0,0,0,0,0,0,,0,0,0,7,1,1,2,,0,40 05:38.626,,0,74 59:20.907,8,0,0,0,67301,0,0,0,N,0,0,0,1,67301,0,,5,1,,N,N,,0,,0,0,1,3,2,,758,1,1,0,0,0,1,0,3,4,0,1,3,,N,,,,,,,,,,,
2007126483,2020.0,1,0,0,0,0,0,0,0,0,4,0,,67,10,2007,6,39.9041,-75.2403,2014.0,6,0,0,0,0,0,0,0,0,3.0,0,0,0,20,3,2,1,,2,39 54:14.000,4.0,0,75 14:25.050,4,0,0,0,67301,0,0,0,N,0,0,0,3,67301,1,,1,9,,N,N,,0,,0,0,0,3,2,Y,2005,2,2,0,0,0,1,0,3,4,0,2,7,,N,,,,,,,,,,,
2007107817,1345.0,2,0,0,0,0,0,0,0,0,1,0,,67,9,2007,4,39.9214,-75.1666,1341.0,6,0,1,0,0,0,0,1,0,,0,0,0,13,1,2,1,,0,39 55:17.162,,0,75 09:59.659,4,0,0,0,67301,0,0,0,N,0,0,0,5,67301,2,,1,1,,N,N,,0,,0,0,0,3,3,,1341,2,2,0,0,0,0,0,3,4,0,2,3,,N,,,,,,,,,,,
2007107922,2150.0,1,0,0,0,0,0,0,0,0,7,0,,67,8,2007,6,40.0737,-75.0279,2148.0,6,0,0,0,0,0,1,0,0,,0,0,0,21,3,3,0,,0,40 04:25.321,,0,75 01:40.362,3,0,0,0,67301,0,0,0,N,0,0,0,3,67301,0,,2,9,,N,N,,0,,2,0,0,0,0,,2146,3,1,0,0,0,1,0,3,4,0,1,7,,N,,,,,,,,,,,
2007107944,2115.0,1,0,0,0,0,0,0,0,0,7,0,,67,8,2007,5,40.0767,-75.1762,2113.0,6,0,0,0,0,0,0,0,0,,0,0,0,21,3,1,1,,0,40 04:36.000,,0,75 10:34.254,4,0,0,0,67301,0,0,0,N,0,0,0,4,67301,1,,5,9,,N,N,,0,,0,0,0,3,3,,2110,1,1,0,0,0,0,0,3,4,0,1,7,,N,,,,,,,,,,,
2007097778,45.0,1,0,0,0,0,0,0,0,0,7,0,,67,7,2007,7,40.0624,-75.0427,36.0,6,0,0,0,0,1,0,0,0,,0,0,0,0,3,0,2,,0,40 03:44.000,,0,75 02:34.512,0,0,0,0,67301,0,0,0,,0,0,0,1,67301,0,,3,1,,,,,0,,0,0,0,3,2,,30,0,1,0,0,0,0,0,3,4,0,1,3,,N,,,,,,,,,,,
2007105911,1304.0,2,0,0,0,0,0,0,0,0,4,0,,67,8,2007,2,40.0137,-75.1375,1300.0,6,0,0,0,0,0,0,0,0,3.0,0,0,0,12,1,1,1,,1,40 00:49.330,1.0,0,75 08:14.971,4,0,0,0,67301,0,0,0,N,0,0,0,4,67301,1,,1,9,,N,N,,0,,0,0,0,9,3,N,1250,1,2,0,0,1,0,0,3,4,0,2,7,,N,,,,,,,,,,,
2007098544,1236.0,1,0,0,0,0,0,0,0,0,6,0,,67,7,2007,6,40.0141,-75.1778,1233.0,6,0,0,0,0,0,1,0,0,,0,0,0,12,1,3,0,,0,40 00:50.634,,0,75 10:40.227,4,0,0,0,67301,0,0,0,N,0,0,0,4,67301,3,,1,1,,N,N,,0,,0,0,0,0,0,,1230,3,2,0,0,0,0,0,3,4,1,2,3,,N,,,,,,,,,,,
2007101030,1025.0,1,0,0,0,0,0,0,0,0,1,0,,67,9,2007,7,39.9955,-75.1977,1020.0,6,0,0,0,0,1,0,0,0,,0,0,0,10,1,0,0,,0,39 59:44.000,,0,75 11:51.187,0,0,0,0,67301,0,0,0,N,0,0,0,3,68K01,0,,1,1,,N,N,,0,,0,0,1,0,0,,1018,0,2,0,0,0,0,0,3,4,0,2,3,,N,,,,,,,,,,,
2007066497,920.0,1,0,0,0,0,0,0,0,0,1,0,,67,4,2007,6,39.9916,-75.2266,910.0,6,0,0,0,0,0,0,0,0,,0,0,0,9,1,1,0,,0,39 59:29.900,,0,75 13:35.700,4,0,0,0,67301,0,0,0,N,0,0,0,1,67301,1,,6,9,,N,N,,0,,0,0,1,0,0,,900,1,2,0,0,0,0,0,3,4,0,2,7,,N,,,,,,,,,,,
2007066500,1124.0,1,0,0,1,0,0,0,0,0,4,0,,67,5,2007,2,39.9328,-75.1576,1118.0,6,0,0,0,0,0,0,0,0,,0,0,0,11,1,1,1,,0,39 55:58.245,,0,75 09:27.269,4,0,0,0,67301,1,0,0,N,0,0,0,2,67301,1,,1,1,,N,N,,0,,0,0,0,3,3,,1118,1,2,0,0,0,0,0,3,4,0,1,3,,N,,,,,,,,,,,
2007079937,2215.0,0,0,0,0,0,0,0,0,0,4,1,,67,6,2007,3,39.9383,-75.1986,2211.0,6,0,0,0,0,0,0,0,0,,0,1,0,22,3,1,1,,0,39 56:20.000,,0,75 11:53.844,8,0,0,0,67301,0,0,0,N,0,0,0,2,67301,0,,1,9,,N,N,,0,,0,0,0,3,2,,2200,1,2,0,0,0,1,0,3,4,1,2,7,,N,,,,,,,,,,,
2007079989,2020.0,1,0,0,0,0,0,0,0,0,4,0,,67,6,2007,3,40.0311,-75.0898,2017.0,6,0,0,0,0,0,0,0,0,1.0,0,0,0,20,4,2,1,,1,40 01:51.812,1.0,0,75 05:23.405,8,0,0,0,67301,0,0,0,N,0,0,0,4,67301,0,,1,1,,N,N,,0,,0,0,1,2,2,N,2013,2,2,0,0,0,2,2,3,4,0,2,3,,N,,,,,,,,,,,
2007079999,1705.0,2,0,0,0,0,0,0,0,0,4,0,,67,6,2007,4,40.0707,-75.2412,9999.0,6,0,0,1,0,0,0,0,0,,0,0,0,17,1,0,1,,0,40 04:15.000,,0,75 14:28.628,0,0,0,0,67301,0,0,0,N,0,0,0,4,67301,0,,1,1,,N,N,,0,,0,0,0,3,2,,1700,0,2,0,0,0,0,0,3,4,0,2,3,,N,,,,,,,,,,,
2007124104,1632.0,0,0,0,0,0,0,0,0,0,8,0,,67,10,2007,7,40.028,-75.1323,1621.0,6,0,0,0,0,0,0,0,0,,0,0,0,15,1,1,1,,0,40 01:40.843,,0,75 07:56.434,8,0,0,0,67301,1,0,0,N,1,0,0,2,67301,0,,1,1,,N,N,,0,,0,0,1,3,3,,1550,1,2,0,0,0,1,0,3,4,0,1,3,,N,,,,,,,,,,,
2007124650,9999.0,2,0,0,0,0,0,0,0,0,4,0,,67,10,2007,3,39.954,-75.1767,9999.0,6,0,0,0,0,0,1,0,0,2.0,0,0,0,99,3,1,1,,1,39 57:14.000,3.0,0,75 10:36.250,4,0,0,0,67301,0,0,0,,0,0,0,2,67301,1,,1,1,,,N,,0,,0,0,0,3,2,Y,9999,1,2,0,0,0,0,0,3,4,0,2,3,,N,,,,,,,,,,,
2007124763,25.0,1,0,0,0,0,0,0,0,0,4,0,,67,11,2007,6,40.078,-75.1976,15.0,6,0,0,0,0,0,0,0,0,,0,0,0,23,3,1,2,,0,40 04:40.000,,0,75 11:51.507,4,0,0,0,67301,0,0,0,N,0,0,0,2,67301,1,,1,9,,N,N,,0,,0,0,1,3,2,,2345,1,2,0,0,0,0,0,3,4,0,2,7,,N,,,,,,,,,,,
2007033703,104.0,1,0,0,0,0,0,0,0,0,7,0,,67,1,2007,1,,,57.0,6,0,0,0,0,0,0,0,0,1.0,0,0,0,0,3,0,0,,1,,4.0,0,,0,0,0,0,67301,0,0,0,N,0,0,0,1,67301,0,,2,9,,N,N,,0,,0,0,0,0,0,N,56,0,1,0,0,0,0,0,3,3,0,1,7,5.0,N,,,,,,,,,,,
2007047782,405.0,1,0,0,0,0,0,0,0,0,7,0,,67,2,2007,2,39.9236,-75.232,358.0,6,0,0,0,0,0,1,0,0,,0,0,0,3,3,1,0,,0,39 55:24.000,,0,75 13:55.052,8,0,0,0,67301,0,0,0,N,0,0,0,1,67301,0,,5,6,,N,N,,0,,0,0,0,0,0,,357,1,1,0,0,0,1,0,3,4,0,1,10,,N,,,,,,,,,,,
2007065768,124.0,2,0,0,0,0,0,0,0,0,2,0,,67,5,2007,1,39.9169,-75.216,115.0,6,0,1,0,0,0,0,0,0,,0,0,0,0,3,0,1,,0,39 55:05.000,,0,75 12:31.948,0,0,0,0,67301,0,0,0,N,0,0,0,2,67301,0,,1,1,,N,N,,0,,0,0,0,3,2,,40,0,2,0,0,0,0,0,3,4,0,2,3,,N,,,,,,,,,,,
2007116233,1045.0,0,0,0,0,0,0,0,0,0,4,0,,67,10,2007,5,39.9565,-75.2155,1035.0,6,0,0,0,0,0,0,0,0,,0,0,0,10,1,6,1,,0,39 57:23.349,,0,75 12:55.731,4,0,0,0,67301,0,0,0,,0,0,0,8,67301,4,,1,1,,,,,1,,0,0,0,3,3,,1011,6,2,0,0,6,2,0,3,4,1,2,3,,N,,,,,,,,,,,
2007105945,2155.0,0,0,0,0,0,0,0,0,0,7,0,,67,8,2007,5,40.0511,-75.177,2151.0,6,0,0,0,0,0,0,0,0,1.0,0,0,0,21,3,1,0,,1,40 03:03.805,4.0,0,75 10:37.246,4,0,0,0,67301,0,0,0,N,0,0,0,1,67301,1,,2,1,,N,N,,0,,0,0,1,0,0,N,2134,1,1,0,0,0,0,0,3,4,0,1,3,,N,,,,,,,,,,,
2007105964,1642.0,2,0,0,0,0,0,0,0,0,4,0,,67,8,2007,1,39.9954,-75.1659,1640.0,6,0,0,0,0,0,0,0,0,2.0,0,0,0,16,1,4,2,,2,39 59:43.000,7.0,0,75 09:57.333,3,0,0,0,67301,0,0,0,N,0,0,0,6,67301,3,,1,1,,N,N,,0,,1,0,0,3,2,Y,1635,4,2,0,0,0,0,0,3,4,0,2,3,,N,,,,,,,,,,,
2007106168,1725.0,3,0,0,0,0,0,0,0,0,1,0,,67,6,2007,2,39.9658,-75.1316,1723.0,6,0,0,0,0,0,0,0,0,9.0,0,0,0,17,1,3,1,,1,39 57:56.000,2.0,0,75 07:54.911,8,0,0,0,67301,0,0,0,N,0,0,0,4,67301,0,,1,1,,N,N,,0,,0,0,0,3,2,N,1720,3,3,0,0,0,3,0,3,4,0,3,3,,N,,,,,,,,,,,
2007106365,1055.0,1,0,0,0,0,0,0,0,0,8,0,,67,8,2007,7,40.0028,-75.1378,1050.0,6,0,0,0,0,0,0,0,0,,0,0,0,10,1,1,1,,0,40 00:09.954,,0,75 08:16.245,2,0,0,0,67301,1,0,1,N,1,0,1,2,67301,0,,1,1,,N,N,,0,,0,1,0,9,2,,1045,1,2,0,0,0,0,0,3,4,0,1,3,,N,,,,,,,,,,,
2007108836,2257.0,2,0,0,0,0,0,0,0,0,1,0,,67,9,2007,6,39.9816,-75.1023,2250.0,6,0,0,0,0,0,0,0,0,2.0,0,0,0,22,3,2,6,,1,39 58:54.000,2.0,2,75 06:06.018,4,0,0,0,67301,0,0,0,N,0,0,0,4,67301,2,,1,9,,N,N,,1,,0,0,0,0,0,N,2250,2,3,0,0,0,0,0,3,4,0,3,7,,N,,,,,,,,,,,
2007106047,1748.0,0,0,0,0,0,0,0,0,0,8,0,,67,8,2007,5,39.9972,-75.1508,1740.0,6,0,0,0,0,0,0,0,0,,0,0,0,17,1,1,0,,0,39 59:49.977,,0,75 09:02.887,3,0,0,1,67301,1,0,0,N,1,0,0,2,67301,0,,1,1,,N,N,,0,,1,0,0,0,0,,1740,1,2,0,0,0,0,0,3,4,0,1,3,,N,,,,,,,,,,,
2007103507,1530.0,2,0,0,0,0,0,0,0,0,1,0,,67,9,2007,1,39.9681,-75.1906,1528.0,6,0,0,0,0,0,0,0,0,,0,0,0,15,1,0,0,,0,39 58:07.000,,0,75 11:29.459,0,0,0,0,67301,0,0,0,N,0,0,0,2,68K01,0,,1,1,,N,N,,0,,0,0,0,0,0,,1525,0,2,0,0,0,0,0,3,4,0,2,3,,N,,,,,,,,,,,
2007106086,1915.0,1,0,0,0,0,0,0,0,0,8,0,,67,4,2007,5,40.0199,-75.0798,1912.0,6,0,0,0,0,0,0,0,0,3.0,1,0,0,19,4,0,0,,2,40 01:11.730,3.0,0,75 04:47.114,1,0,0,0,67301,1,1,0,N,1,1,0,2,67301,0,2.0,1,1,,N,N,,0,0.0,0,0,0,0,0,Y,1911,0,2,0,0,1,0,0,3,4,0,1,3,,N,,,,,,,,,,,
2007098711,940.0,1,0,0,0,0,0,0,0,0,8,0,,67,7,2007,4,40.045,-75.1235,938.0,6,0,0,0,0,0,0,0,0,,0,0,0,99,1,1,1,,0,40 02:41.000,,0,75 07:24.668,4,0,0,0,67301,1,0,0,N,1,0,0,2,67301,1,,1,98,,N,N,,0,,0,0,0,3,2,,9999,1,2,0,0,0,0,0,3,4,0,1,99,,N,,,,,,,,,,,
2007098769,2035.0,0,0,0,1,0,0,0,0,0,4,0,,67,8,2007,3,,,2030.0,6,0,0,0,0,0,0,0,0,,0,0,0,99,1,1,0,,0,,,0,,8,0,0,0,67301,1,0,0,N,0,0,0,2,67301,0,,1,1,,N,N,,0,,0,0,0,0,0,,9999,1,2,0,0,0,1,1,3,3,0,1,3,,N,,,,,,,,,,,
2007081423,2120.0,1,0,0,0,0,0,1,0,0,1,1,,67,5,2007,5,39.9405,-75.1874,2115.0,6,0,0,0,0,0,1,0,0,,0,0,0,20,4,1,1,,0,39 56:25.699,,0,75 11:14.495,8,0,0,0,67301,0,0,0,,0,0,0,2,67301,0,,1,1,,,,,0,,0,0,0,3,2,,2036,1,2,0,0,0,1,0,3,4,0,2,3,,N,,,,,,,,,,,
2007081432,1150.0,1,0,0,0,0,0,0,0,0,1,0,,67,6,2007,6,40.0729,-75.158,1150.0,6,0,0,0,0,0,0,0,0,,0,0,0,9,1,1,0,,0,40 04:22.292,,0,75 09:28.771,4,0,0,0,67301,0,0,0,N,0,0,0,2,67301,1,,1,1,,N,N,,1,,0,0,0,0,0,,931,1,2,0,0,0,0,1,3,4,0,2,3,,N,,,,,,,,,,,
2007081593,2025.0,1,0,0,0,0,0,0,0,0,8,0,,67,5,2007,4,39.9667,-75.1534,2023.0,6,0,0,0,0,0,0,0,0,9.0,0,0,0,20,1,1,0,,2,39 58:00.283,2.0,0,75 09:12.261,4,0,0,0,67301,1,0,0,,1,0,0,2,67301,1,,1,1,,N,N,,0,,0,0,0,0,0,Y,2015,1,2,0,0,0,0,0,3,4,0,1,3,,N,,,,,,,,,,,
2007081641,2105.0,0,0,0,0,0,0,0,0,0,7,0,,67,5,2007,5,40.0071,-75.094,2102.0,6,0,0,0,0,0,0,0,0,,0,0,0,20,3,1,1,,0,40 00:25.549,,0,75 05:38.543,8,0,0,0,67301,0,0,0,N,0,0,0,2,67301,0,,3,1,,N,N,,0,,0,0,1,9,2,,2055,1,1,0,0,0,1,0,3,4,0,1,3,,N,,,,,,,,,,,
2007120318,1925.0,3,0,0,0,0,0,0,0,0,1,0,,67,9,2007,1,40.0148,-75.2064,1918.0,6,0,0,0,0,0,1,0,0,,0,0,0,19,1,2,2,,0,40 00:53.000,,0,75 12:23.761,8,0,0,0,67301,0,0,0,,0,0,0,5,67301,0,,1,1,,,,,0,,0,0,0,0,0,,1915,2,3,0,0,0,2,0,3,4,0,3,3,,N,,,,,,,,,,,
2007081347,1830.0,0,0,0,0,0,0,0,0,0,8,0,,67,5,2007,6,40.0355,-75.0834,1828.0,6,0,0,0,0,0,0,0,0,,0,0,0,18,1,1,0,,0,40 02:07.885,,0,75 05:00.239,8,0,0,0,67301,1,0,0,N,1,0,0,2,67301,0,,1,1,,N,N,,0,,0,0,0,0,0,,1825,1,2,0,0,0,1,0,3,4,1,1,3,,N,,,,,,,,,,,
2007081720,1520.0,2,0,0,0,0,0,0,0,0,4,0,,67,5,2007,2,39.9694,-75.2115,1511.0,6,0,0,0,0,0,0,0,0,,0,0,0,15,1,0,1,,0,39 58:10.000,,0,75 12:41.542,9,0,0,0,67301,0,0,0,N,0,0,0,3,67301,0,,1,1,,N,N,,0,,0,0,0,3,2,,1511,0,2,0,0,0,0,3,3,4,0,2,3,,N,,,,,,,,,,,
2007118088,1717.0,2,0,0,0,0,0,0,0,0,4,0,,67,10,2007,1,40.0472,-75.1428,1716.0,6,0,0,0,0,0,1,0,0,1.0,0,0,0,17,1,2,0,,1,40 02:50.000,2.0,0,75 08:34.224,8,0,0,0,67301,0,0,0,N,0,0,0,3,67301,0,,1,1,,N,N,,0,,0,0,0,0,0,Y,1712,2,2,0,0,0,2,0,3,4,0,2,3,,N,,,,,,,,,,,
2007118020,1900.0,1,0,0,0,0,0,0,0,0,4,0,,67,9,2007,6,39.951,-75.2187,1855.0,6,0,0,0,0,0,0,0,0,,0,0,0,18,4,0,1,,0,39 57:03.751,,0,75 13:07.305,0,0,0,0,67301,0,0,0,N,0,0,0,3,67301,0,,1,1,,N,N,,0,,0,0,1,9,3,,1850,0,2,0,0,0,0,0,3,4,0,2,3,,N,,,,,,,,,,,
2007127379,1510.0,2,0,0,0,0,0,0,0,0,4,0,,67,10,2007,1,39.946,-75.2165,1510.0,6,0,0,0,0,0,0,0,0,,0,0,0,15,1,4,0,,0,39 56:45.578,,0,75 12:59.234,4,0,0,0,67301,0,0,0,N,0,0,0,5,67301,4,,1,1,,N,N,,0,,0,0,0,0,0,,1510,4,2,0,0,0,0,0,3,4,0,2,3,,N,,,,,,,,,,,
2007126522,650.0,1,0,0,0,0,0,0,0,0,8,0,,67,10,2007,3,40.0255,-75.1227,645.0,6,0,0,0,0,0,1,0,0,,0,0,0,6,1,1,1,,0,40 01:31.000,,0,75 07:20.689,4,0,0,0,67301,1,0,0,N,1,0,0,2,67301,1,,1,1,,N,N,,0,,0,0,0,3,2,,630,1,2,0,0,0,0,0,3,4,0,1,3,,N,,,,,,,,,,,
2007097805,9999.0,1,0,0,0,0,0,0,0,0,8,0,,67,7,2007,1,39.9804,-75.1822,,6,0,0,0,0,0,0,0,0,,0,0,0,18,1,1,1,,0,39 58:49.000,,0,75 10:55.936,4,0,0,0,67301,1,0,0,N,1,0,0,2,67301,1,,9,1,,N,N,,0,,0,0,0,3,3,,1800,1,2,0,0,0,0,1,3,4,0,1,99,,N,,,,,,,,,,,
2007097900,222.0,1,0,0,0,0,0,0,0,0,4,0,,67,7,2007,1,39.9631,-75.2023,222.0,6,0,0,0,0,0,0,0,0,,0,0,0,2,3,2,1,,0,39 57:47.000,,0,75 12:08.155,2,0,0,0,67301,0,0,0,N,0,0,0,3,67301,0,,1,1,,N,N,,0,,0,1,0,9,2,,218,2,2,0,0,0,1,1,3,4,0,2,3,,N,,,,,,,,,,,