CRN,ARRIVAL_TM,AUTOMOBILE_COUNT,BELTED_DEATH_COUNT,BELTED_SUSP_SERIOUS_INJ_COUNT,BICYCLE_COUNT,BICYCLE_DEATH_COUNT,BICYCLE_SUSP_SERIOUS_INJ_COUNT,BUS_COUNT,CHLDPAS_DEATH_COUNT,CHLDPAS_SUSP_SERIOUS_INJ_COUNT,COLLISION_TYPE,COMM_VEH_COUNT,CONS_ZONE_SPD_LIM,COUNTY,CRASH_MONTH,CRASH_YEAR,DAY_OF_WEEK,DEC_LAT,DEC_LONG,DISPATCH_TM,DISTRICT,DRIVER_COUNT_16YR,DRIVER_COUNT_17YR,DRIVER_COUNT_18YR,DRIVER_COUNT_19YR,DRIVER_COUNT_20YR,DRIVER_COUNT_50_64YR,DRIVER_COUNT_65_74YR,DRIVER_COUNT_75PLUS,EST_HRS_CLOSED,FATAL_COUNT,HEAVY_TRUCK_COUNT,HORSE_BUGGY_COUNT,HOUR_OF_DAY,ILLUMINATION,INJURY_COUNT,INTERSECT_TYPE,INTERSECTION_RELATED,LANE_CLOSED,LATITUDE,LN_CLOSE_DIR,LOCATION_TYPE,LONGITUDE,MAX_SEVERITY_LEVEL,MCYCLE_DEATH_COUNT,MCYCLE_SUSP_SERIOUS_INJ_COUNT,MOTORCYCLE_COUNT,MUNICIPALITY,NONMOTR_COUNT,NONMOTR_DEATH_COUNT,NONMOTR_SUSP_SERIOUS_INJ_COUNT,NTFY_HIWY_MAINT,PED_COUNT,PED_DEATH_COUNT,PED_SUSP_SERIOUS_INJ_COUNT,PERSON_COUNT,POLICE_AGCY,POSSIBLE_INJ_COUNT,RDWY_SURF_TYPE_CD,RELATION_TO_ROAD,ROAD_CONDITION,ROADWAY_CLEARED,SCH_BUS_IND,SCH_ZONE_IND,SECONDARY_CRASH,SMALL_TRUCK_COUNT,SPEC_JURIS_CD,SUSP_MINOR_INJ_COUNT,SUSP_SERIOUS_INJ_COUNT,SUV_COUNT,TCD_FUNC_CD,TCD_TYPE,TFC_DETOUR_IND,TIME_OF_DAY,TOT_INJ_COUNT,TOTAL_UNITS,UNB_DEATH_COUNT,UNB_SUSP_SERIOUS_INJ_COUNT,UNBELTED_OCC_COUNT,UNK_INJ_DEG_COUNT,UNK_INJ_PER_COUNT,URBAN_AREA,URBAN_RURAL,VAN_COUNT,VEHICLE_COUNT,WEATHER1,WEATHER2,WORK_ZONE_IND,WORK_ZONE_LOC,WORK_ZONE_TYPE,WORKERS_PRES,WZ_CLOSE_DETOUR,WZ_FLAGGER,WZ_LAW_OFFCR_IND,WZ_LN_CLOSURE,WZ_MOVING,WZ_OTHER,WZ_SHLDER_MDN,WZ_WORKERS_INJ_KILLED
2007097902,731.0,1,0,0,0,0,0,0,0,0,7,0,,67,7,2007,4,40.1186,-75.007,721.0,6,0,0,0,0,0,0,0,0,,0,0,0,7,1,0,2,,0,40 07:06.945,,0,75 00:25.153,0,0,0,0,67301,0,0,0,N,0,0,0,1,67301,0,,2,9,,N,N,,0,,0,0,0,0,0,,710,0,1,0,0,0,0,0,3,4,0,1,7,,N,,,,,,,,,,,
2007097882,1755.0,0,0,0,0,0,0,3,0,0,5,3,,67,7,2007,2,39.952,-75.1626,1750.0,6,0,0,0,0,0,1,0,0,,0,0,0,17,1,2,2,,0,39 57:07.268,,0,75 09:45.490,4,0,0,0,67301,0,0,0,N,0,0,0,90,67301,2,,1,1,,N,N,,0,,0,0,0,3,2,,1730,2,3,0,0,0,0,0,3,4,0,3,3,,N,,,,,,,,,,,
2007095563,9999.0,1,0,0,0,0,0,0,0,0,7,0,,67,8,2007,1,39.9217,-75.1905,13.0,6,0,0,0,0,0,0,0,0,1.0,0,0,0,0,3,1,0,,2,39 55:18.000,4.0,0,75 11:25.685,8,0,0,0,67301,0,0,0,N,0,0,0,2,67301,0,,2,1,,N,N,,0,,0,0,0,0,0,N,13,1,1,0,0,0,1,0,3,4,0,1,3,,N,,,,,,,,,,,
2007098120,1800.0,1,0,0,0,0,0,0,0,0,8,0,,67,6,2007,7,40.0183,-75.1325,,6,0,0,0,0,0,0,0,0,,0,0,0,99,1,1,0,,0,40 01:05.991,,0,75 07:57.093,4,0,0,0,67301,1,0,0,N,1,0,0,2,67301,1,,1,1,,N,N,,0,,0,0,0,0,0,,9999,1,2,0,0,0,0,0,3,4,0,1,3,,N,,,,,,,,,,,
2007093182,932.0,3,0,0,0,0,0,0,0,0,2,0,,67,6,2007,6,39.9539,-75.1595,930.0,6,0,0,0,0,0,0,0,0,,0,0,0,9,1,2,1,,0,39 57:14.000,,0,75 09:34.032,4,0,0,0,67301,0,0,0,N,0,0,0,4,67301,2,,1,9,,N,N,,0,,0,0,0,3,2,,930,2,3,0,0,0,0,0,3,4,0,3,7,,N,,,,,,,,,,,
2007093185,1100.0,2,0,0,0,0,0,0,0,0,4,0,,67,7,2007,3,40.1078,-75.0273,1054.0,6,0,0,0,0,0,1,1,0,,0,0,0,10,1,0,0,,0,40 06:28.000,,7,75 01:38.121,0,0,0,0,67301,0,0,0,N,0,0,0,2,67301,0,,1,1,,N,N,,0,,0,0,0,0,0,,1045,0,2,0,0,0,0,0,3,4,0,2,3,,N,,,,,,,,,,,
2007093216,1552.0,3,0,0,0,0,0,0,0,0,1,0,,67,7,2007,6,39.9594,-75.175,1540.0,6,0,0,0,0,0,1,0,0,1.0,0,0,0,15,1,1,0,,1,39 57:33.840,3.0,0,75 10:30.000,8,0,0,0,67301,0,0,0,N,0,0,0,3,67301,0,,1,1,,N,N,,0,,0,0,0,0,0,N,1535,1,3,0,0,0,1,0,3,4,0,3,3,,N,,,,,,,,,,,
2007098274,1344.0,0,0,0,0,0,0,0,0,0,8,1,,67,7,2007,4,39.941,-75.2203,1341.0,6,0,0,0,0,0,1,0,0,,0,1,0,13,1,1,0,,0,39 56:27.423,,0,75 13:13.000,4,0,0,0,67301,1,0,0,,1,0,0,3,67301,1,,1,1,,,,,0,,0,0,0,0,0,,1318,1,2,0,0,0,0,0,3,4,0,1,3,,N,,,,,,,,,,,
2007080100,309.0,1,0,0,0,0,0,0,0,0,1,0,,67,6,2007,1,39.9863,-75.0919,307.0,6,0,0,0,0,0,0,0,0,1.0,0,0,0,3,3,0,5,,1,39 59:10.826,2.0,0,75 05:30.739,0,0,0,0,67301,0,0,0,N,0,0,0,1,67301,0,,2,9,,N,N,,0,,0,0,1,0,0,N,306,0,2,0,0,0,0,0,3,4,0,2,7,,N,,,,,,,,,,,
2007123788,2350.0,1,0,0,0,0,0,0,0,0,4,0,,67,10,2007,1,39.981,-75.2362,2345.0,6,0,0,0,0,0,0,0,0,,0,0,0,23,3,2,3,,0,39 58:51.000,,0,75 14:10.155,4,0,0,0,67301,0,0,0,,0,0,0,4,67301,2,,1,1,,N,N,,0,,0,0,0,3,2,,2330,2,2,0,0,0,0,0,3,4,1,2,3,,N,,,,,,,,,,,
2007124144,1425.0,2,0,0,0,0,0,0,0,0,1,0,,67,11,2007,1,,,1351.0,6,0,0,0,0,0,0,0,0,,0,0,0,99,1,0,0,,0,,,0,,0,0,0,0,67301,0,0,0,N,0,0,0,2,67301,0,,1,1,,N,N,,0,,0,0,0,0,0,,9999,0,2,0,0,0,0,0,3,3,0,2,3,,N,,,,,,,,,,,
2007047744,300.0,2,0,0,0,0,0,0,0,0,1,0,,67,2,2007,1,40.0213,-75.1471,256.0,6,0,0,0,0,0,0,0,0,,0,0,0,2,3,1,3,,0,40 01:16.536,,0,75 08:49.556,4,0,0,0,67301,0,0,0,N,0,0,0,2,67301,1,,1,1,,N,N,,0,,0,0,0,3,2,,248,1,2,0,0,0,0,1,3,4,0,2,3,,N,,,,,,,,,,,
2007047762,9999.0,2,0,0,0,0,0,0,0,0,4,0,,67,3,2007,1,39.9505,-75.1674,,6,0,0,0,0,1,0,0,0,1.0,0,0,0,3,3,1,1,,2,39 57:01.836,1.0,0,75 10:02.485,4,0,0,0,67301,0,0,0,N,0,0,0,2,67301,1,,1,9,,N,N,,0,,0,0,0,3,2,Y,330,1,2,0,0,1,0,0,3,4,0,2,7,,N,,,,,,,,,,,
2007065780,1535.0,2,0,0,0,0,0,0,0,0,1,0,,67,4,2007,2,40.0056,-75.1278,1530.0,6,0,0,0,0,1,0,0,0,,0,0,0,14,1,1,0,,0,40 00:20.056,,0,75 07:39.918,4,0,0,0,67301,0,0,0,N,0,0,0,3,67301,1,,1,1,,N,N,,0,,0,0,0,0,0,,1431,1,2,0,0,0,0,0,3,4,0,2,3,,N,,,,,,,,,,,
2007065787,953.0,2,0,0,0,0,0,0,0,0,6,0,,67,4,2007,1,39.9921,-75.0993,953.0,6,0,0,0,0,0,0,0,0,,0,0,0,9,1,3,1,,0,39 59:31.720,,0,75 05:57.418,8,0,0,0,67301,0,0,0,N,0,0,0,3,67301,0,,1,1,,N,N,,0,,0,0,0,3,2,,950,3,2,0,0,2,3,0,3,4,0,2,3,,N,,,,,,,,,,,
2007116216,750.0,2,0,0,0,0,0,0,0,0,4,0,,67,9,2007,4,39.9565,-75.2216,745.0,6,0,0,0,0,0,0,0,0,1.0,0,0,0,7,1,4,1,,1,39 57:23.324,4.0,0,75 13:17.716,3,0,0,0,67301,0,0,0,N,0,0,0,6,67301,1,,1,1,,N,N,,0,,1,0,0,3,2,Y,740,4,2,0,0,0,2,0,3,4,0,2,3,,N,,,,,,,,,,,
2007116223,2132.0,1,0,0,0,0,0,0,0,0,5,1,,67,10,2007,2,40.1046,-75.0014,2129.0,6,0,0,0,0,0,0,0,0,,0,1,0,21,3,2,1,,0,40 06:16.000,,0,75 00:04.813,8,0,0,0,67301,0,0,0,,0,0,0,4,67301,0,,1,1,,N,N,,0,,0,0,0,0,0,,2118,2,2,0,0,0,2,0,3,4,0,2,3,,N,,,,,,,,,,,
2007105902,1349.0,1,0,0,1,0,0,0,0,0,4,0,,67,8,2007,6,39.9402,-75.1511,1347.0,6,0,0,0,0,0,0,0,0,,0,0,0,13,1,1,3,,0,39 56:24.684,,0,75 09:04.049,8,0,0,0,67301,1,0,0,,0,0,0,2,67301,0,,1,1,,,,,0,,0,0,0,9,3,,1345,1,2,0,0,0,1,0,3,4,0,1,3,,N,,,,,,,,,,,
2007105907,1848.0,1,0,0,1,0,0,0,0,0,8,0,,67,7,2007,1,39.9675,-75.14,1846.0,6,0,0,0,0,0,0,0,0,,0,0,0,18,1,1,2,,0,39 58:03.133,,0,75 08:23.873,8,0,0,0,67301,1,0,0,,0,0,0,2,67301,0,,1,1,,N,N,,0,,0,0,0,0,0,,1840,1,2,0,0,0,1,0,3,4,0,1,3,,N,,,,,,,,,,,
2007108529,210.0,0,0,0,1,0,0,1,0,0,8,1,,67,9,2007,5,39.9751,-75.1587,201.0,6,0,0,0,0,0,0,0,0,3.0,0,0,0,2,3,1,0,,2,39 58:30.000,7.0,0,75 09:31.310,8,0,0,0,67301,1,0,0,,0,0,0,11,67301,0,,1,1,,N,,,0,,0,0,0,0,0,Y,201,1,2,0,0,0,1,0,3,4,0,1,3,,N,,,,,,,,,,,
2007106013,1517.0,1,0,0,0,0,0,0,0,0,4,0,,67,8,2007,5,39.942,-75.2357,1517.0,6,0,0,0,0,0,1,0,0,2.0,0,0,0,15,1,0,2,,2,39 56:31.372,7.0,0,75 14:08.660,0,0,0,0,67301,0,0,0,N,0,0,0,4,67301,0,,1,1,,N,N,,0,,0,0,1,0,0,Y,1514,0,2,0,0,0,0,0,3,4,0,2,3,,N,,,,,,,,,,,
2007106149,1045.0,1,0,0,1,0,0,0,0,0,4,0,,67,8,2007,7,40.0851,-75.2288,1027.0,6,0,0,0,0,0,0,0,0,,0,0,0,10,1,1,2,,0,40 05:06.206,,0,75 13:43.789,8,0,0,0,67301,1,0,0,N,0,0,0,2,67301,0,,1,1,,N,N,,0,,0,0,0,3,2,,1027,1,2,0,0,0,1,0,3,4,0,1,3,,N,,,,,,,,,,,
2007106356,1750.0,2,0,0,0,0,0,0,0,0,4,0,,67,6,2007,1,40.0256,-75.0316,1750.0,6,0,0,0,0,0,0,1,0,,0,0,0,17,1,2,1,,0,40 01:32.000,,0,75 01:53.915,8,0,0,0,67301,0,0,0,N,0,0,0,3,67301,0,,1,1,,N,N,,0,,0,0,0,3,2,,1745,2,2,0,0,0,2,0,3,4,0,2,3,,N,,,,,,,,,,,
2007106361,2220.0,1,0,0,0,0,0,0,0,0,8,0,,67,8,2007,4,39.9443,-75.2268,2211.0,6,0,0,0,0,0,0,0,0,,0,0,0,21,3,1,0,,0,39 56:39.580,,0,75 13:36.526,3,0,0,0,67301,1,0,0,N,1,0,0,2,67301,0,,9,1,,N,N,,0,,1,0,0,0,0,,2154,1,2,0,0,0,0,0,3,4,0,1,3,,N,,,,,,,,,,,
2007106370,925.0,1,0,0,0,0,0,0,0,0,7,0,,67,8,2007,3,40.0772,-74.9997,922.0,6,0,0,0,0,0,1,0,0,,0,0,0,9,1,1,0,,0,40 04:38.063,,0,74 59:59.068,4,0,0,0,67301,0,0,0,N,0,0,0,1,67301,1,,4,1,,N,N,,0,,0,0,0,0,0,,920,1,1,0,0,0,0,0,3,4,0,1,3,,N,,,,,,,,,,,
2007106373,1552.0,0,0,0,0,0,0,0,0,0,1,0,,67,8,2007,5,40.0176,-75.1501,1550.0,6,0,0,0,0,0,0,0,0,2.0,0,0,0,15,1,0,0,,1,40 01:03.000,3.0,0,75 09:00.342,0,0,0,0,67301,0,0,0,N,0,0,0,2,67301,0,,1,1,,N,N,,0,,0,0,1,0,0,N,1500,0,2,0,0,1,0,0,3,4,1,2,3,,N,,,,,,,,,,,
2007109074,9999.0,1,0,0,1,0,0,0,0,0,5,0,,67,9,2007,3,39.9784,-75.1746,9999.0,6,0,0,0,0,0,0,0,0,,0,0,0,17,1,1,0,,0,39 58:42.392,,0,75 10:28.577,4,0,0,0,67301,1,0,0,N,0,0,0,3,67301,1,,1,1,,N,N,,0,,0,0,0,0,0,,1720,1,2,0,0,0,0,0,3,4,0,1,3,,N,,,,,,,,,,,
2007111506,745.0,2,0,0,0,0,0,0,0,0,4,0,,67,9,2007,4,40.0528,-75.1529,740.0,6,0,0,0,0,0,0,0,0,,0,0,0,7,1,4,1,,0,40 03:10.000,,0,75 09:10.401,8,0,0,0,67301,0,0,0,N,0,0,0,4,67301,0,,1,1,,N,,,0,,0,0,0,3,2,,730,4,2,0,0,0,4,0,3,4,0,2,3,,N,,,,,,,,,,,
2007106500,1659.0,0,0,0,0,0,0,0,0,0,7,0,,67,8,2007,1,40.0633,-75.2005,1650.0,6,0,0,0,0,0,0,0,0,,0,0,0,16,1,0,0,,0,40 03:48.000,,0,75 12:01.700,0,0,0,0,67301,0,0,0,N,0,0,0,2,67301,0,,2,9,,N,N,,0,,0,0,1,0,0,,1630,0,1,0,0,0,0,0,3,4,0,1,7,,N,,,,,,,,,,,
2007081489,2048.0,1,0,0,1,0,0,0,0,0,6,0,,67,5,2007,6,40.0389,-75.0833,2045.0,6,0,0,0,0,0,0,0,0,,0,0,0,20,3,1,1,,0,40 02:20.090,,0,75 04:59.750,4,0,0,0,67301,1,0,0,N,0,0,0,2,67301,1,,1,1,,N,N,,0,,0,0,0,3,2,,2042,1,2,0,0,0,0,0,3,4,0,1,3,,N,,,,,,,,,,,
2007081532,1855.0,1,0,0,0,0,0,0,0,0,8,0,,67,6,2007,3,40.0429,-75.1043,9999.0,6,0,0,0,0,0,0,0,0,,0,0,0,18,1,1,1,,0,40 02:34.000,,0,75 06:15.534,4,0,0,0,67301,1,0,0,N,1,0,0,3,67301,1,,1,1,,N,N,,0,,0,0,0,3,2,,1854,1,2,0,0,0,0,0,3,4,0,1,3,,N,,,,,,,,,,,
2007107552,1422.0,0,0,0,1,0,0,0,0,0,5,0,,67,9,2007,4,39.9351,-75.1636,1420.0,6,0,0,0,0,0,0,0,0,,0,0,0,14,1,1,1,,0,39 56:06.266,,0,75 09:48.783,4,0,0,0,67301,1,0,0,N,0,0,0,2,67301,1,,1,1,,N,N,,0,,0,0,0,3,3,,1415,1,2,0,0,0,0,0,3,4,0,1,3,,N,,,,,,,,,,,
2007107754,1353.0,2,0,0,0,0,0,0,0,0,4,0,,67,8,2007,6,39.9794,-75.2253,1347.0,6,0,0,0,0,0,0,0,0,,0,0,0,13,1,0,1,,0,39 58:45.886,,0,75 13:31.197,0,0,0,0,67301,0,0,0,N,0,0,0,3,67301,0,,1,1,,N,N,,0,,0,0,0,3,2,,1347,0,2,0,0,0,0,0,3,4,0,2,3,,N,,,,,,,,,,,
2007107758,1620.0,0,0,0,0,0,0,0,0,0,9,0,,67,8,2007,7,40.0492,-74.9959,1613.0,6,0,0,0,0,0,0,0,0,1.0,0,0,0,16,1,1,0,,1,40 02:57.242,1.0,99,74 59:45.151,4,0,0,0,67301,0,0,0,N,0,0,0,2,67301,1,,1,1,,N,N,,0,,0,0,1,0,0,N,1613,1,1,0,0,0,0,0,3,4,0,1,3,,N,,,,,,,,,,,
2007107831,2032.0,2,0,0,0,0,0,0,0,0,2,0,,67,9,2007,7,40.0037,-75.1689,2030.0,6,0,0,0,0,0,1,0,0,,0,0,0,20,3,1,1,,0,40 00:13.000,,0,75 10:08.096,4,0,0,0,67301,0,0,0,N,0,0,0,3,67301,1,,1,1,,N,N,,0,,0,0,0,3,2,,2020,1,2,0,0,0,0,1,3,4,0,2,3,,N,,,,,,,,,,,
2007097759,1310.0,0,0,0,0,0,0,0,0,0,1,0,,67,8,2007,4,39.9599,-75.1938,1305.0,6,0,0,0,0,0,0,0,1,,0,0,0,12,1,1,1,,0,39 57:35.596,,0,75 11:37.672,4,0,0,0,67301,0,0,0,N,0,0,0,2,67301,1,,1,1,,N,N,,0,,0,0,1,3,2,,1255,1,2,0,0,0,0,0,3,4,1,2,3,,N,,,,,,,,,,,
2007105686,1432.0,3,0,0,0,0,0,0,0,0,1,0,,67,10,2007,5,40.0027,-75.2234,1432.0,6,0,0,0,0,0,0,1,0,1.0,0,0,0,14,1,1,0,,1,40 00:13.000,2.0,0,75 13:16.301,4,0,0,0,67301,0,0,0,N,0,0,0,4,46104,1,,1,1,,N,N,,0,,0,0,0,0,0,N,1432,1,3,0,0,0,0,0,3,4,0,3,3,,N,,,,,,,,,,,
2007097846,247.0,1,0,0,0,0,0,0,0,0,7,0,,67,8,2007,2,40.0174,-75.2022,247.0,6,0,0,0,1,0,0,0,0,,0,0,0,2,3,1,0,,0,40 01:02.800,,0,75 12:07.900,4,0,0,0,67301,0,0,0,N,0,0,0,1,67301,1,,2,9,,N,N,,0,,0,0,0,0,0,,230,1,1,0,0,0,0,0,3,4,0,1,7,,N,,,,,,,,,,,
2007097965,1510.0,0,0,0,0,0,0,0,0,0,0,0,,67,7,2007,3,40.0422,-75.1849,1500.0,6,0,0,0,0,0,0,1,0,9.0,0,0,0,14,1,2,0,,2,40 02:31.884,1.0,0,75 11:05.751,8,0,0,0,67301,0,0,0,N,0,0,0,2,67301,0,,1,9,,N,N,,1,,0,0,0,0,0,Y,1450,2,1,0,0,0,2,0,3,4,0,1,3,,N,,,,,,,,,,,
2007093152,1430.0,1,0,0,0,0,0,0,0,0,8,0,,67,7,2007,3,40.0073,-75.1077,1425.0,6,0,0,0,0,0,0,0,0,,0,0,0,14,1,1,0,,0,40 00:26.254,,0,75 06:27.561,3,0,0,0,67301,1,0,0,N,1,0,0,6,67301,0,,1,1,,N,N,,0,,1,0,0,0,0,,1400,1,2,0,0,0,0,0,3,4,0,1,3,,N,,,,,,,,,,,
2007095715,622.0,2,0,0,0,0,0,0,0,0,1,0,,67,8,2007,6,39.9483,-75.1856,605.0,6,0,0,0,0,0,0,0,0,,0,0,0,6,1,0,3,,0,39 56:54.000,,2,75 11:08.209,0,0,0,0,67301,0,0,0,N,0,0,0,2,68K01,0,,1,9,,N,N,,0,,0,0,0,0,0,,603,0,2,0,0,0,0,0,3,4,0,2,7,,N,,,,,,,,,,,
2007093186,313.0,3,0,0,0,0,0,0,0,0,5,0,,67,7,2007,7,40.0392,-75.0451,313.0,6,0,0,0,0,0,0,0,0,,0,0,0,3,3,0,0,,0,40 02:20.000,,0,75 02:42.484,0,0,0,0,67301,0,0,0,N,0,0,0,1,67301,0,,1,1,,N,N,,0,,0,0,0,0,0,,310,0,5,0,0,0,0,0,3,4,2,5,3,,N,,,,,,,,,,,
2007093214,2047.0,6,0,0,0,0,0,0,0,0,1,0,,67,7,2007,3,40.0197,-75.1486,2045.0,6,0,0,0,0,0,2,0,0,2.0,0,0,0,20,3,2,0,,2,40 01:10.920,2.0,0,75 08:54.960,3,0,0,0,67301,0,0,0,N,0,0,0,8,67301,1,,1,1,,N,N,,0,,1,0,0,0,0,N,2043,2,6,0,0,0,0,0,3,4,0,6,3,,N,,,,,,,,,,,
2007027606,2317.0,2,0,0,0,0,0,0,0,0,2,0,,67,1,2007,7,40.0352,-75.1739,2313.0,6,0,0,0,0,0,0,0,0,,0,0,0,22,3,1,2,,0,40 02:06.000,,0,75 10:26.209,8,0,0,0,67301,0,0,0,,0,0,0,4,67301,0,,1,9,,,,,0,,0,0,0,0,0,,2257,1,2,0,0,0,1,0,3,4,0,2,7,,N,,,,,,,,,,,
2007027772,1051.0,0,0,0,0,0,0,0,0,0,8,0,,67,1,2007,3,40.009,-75.1442,1050.0,6,0,0,0,0,0,0,0,0,,0,0,0,10,1,1,0,,0,40 00:32.328,,0,75 08:39.004,8,0,0,0,67301,1,0,0,N,1,0,0,2,67301,0,,1,1,,N,N,,1,,0,0,0,0,0,,1049,1,2,0,0,0,1,0,3,4,0,1,3,,N,,,,,,,,,,,
2007022751,1333.0,1,0,0,0,0,0,0,0,0,4,0,,67,1,2007,1,39.9827,-75.1753,1332.0,6,0,0,0,0,0,2,0,0,,0,0,0,13,1,3,1,,0,39 58:57.000,,0,75 10:30.953,4,0,0,0,67301,0,0,0,N,0,0,0,3,67301,3,,1,1,,N,N,,0,,0,0,1,2,2,,1332,3,2,0,0,0,0,0,3,4,0,2,3,,N,,,,,,,,,,,
2007058650,1115.0,1,0,0,0,0,0,0,0,0,8,0,,67,4,2007,1,40.0358,-75.1747,1106.0,6,0,0,0,0,0,0,0,0,,0,0,0,99,1,1,1,,0,40 02:08.000,,0,75 10:29.001,8,0,0,0,67301,1,0,0,,1,0,0,2,67301,0,,1,1,,N,N,,0,,0,0,0,3,2,,9999,1,2,0,0,0,1,1,3,4,0,1,3,,N,,,,,,,,,,,
2007051167,652.0,1,0,0,0,0,0,0,0,0,4,0,,67,2,2007,1,39.991,-75.1322,645.0,6,0,0,0,0,0,0,0,0,,0,0,0,6,1,1,0,,0,39 59:27.000,,0,75 07:55.880,4,0,0,0,67301,0,0,0,N,0,0,0,1,67301,1,,4,1,,N,N,,1,,0,0,0,2,3,,640,1,2,0,0,0,0,0,3,4,0,2,3,,N,,,,,,,,,,,
2007056450,1424.0,2,0,0,0,0,0,0,0,0,4,0,,67,4,2007,3,39.9345,-75.2149,1420.0,6,0,0,0,0,0,0,0,1,,0,0,0,14,1,1,0,,0,39 56:04.000,,0,75 12:53.399,8,0,0,0,67301,0,0,0,N,0,0,0,2,67301,0,,6,1,,N,N,,0,,0,0,0,0,0,,1415,1,2,0,0,0,1,0,3,4,0,2,3,,N,,,,,,,,,,,
2007048847,26.0,2,0,0,0,0,0,0,0,0,1,0,,67,3,2007,2,40.0188,-75.1471,24.0,6,0,0,0,0,0,0,0,0,1.0,0,0,0,0,3,3,0,,2,40 01:07.741,2.0,0,75 08:49.523,3,0,0,0,67301,0,0,0,N,0,0,0,3,67301,1,,1,1,,N,N,,0,,2,0,0,2,2,N,12,3,2,0,0,0,0,0,3,4,0,2,3,,N,,,,,,,,,,,
2007056500,1640.0,1,0,0,0,0,0,0,0,0,1,0,,67,4,2007,6,40.0206,-75.1551,1636.0,6,0,0,0,0,0,0,0,0,1.0,0,0,0,16,1,2,0,,2,40 01:14.160,4.0,3,75 09:18.360,4,0,0,0,67301,0,0,0,N,0,0,0,3,67301,2,,1,1,,N,N,,0,,0,0,1,3,8,N,1630,2,2,0,0,0,0,0,3,4,0,2,3,,N,,,,,,,,,,,
2007080090,1610.0,0,0,0,0,0,0,0,0,0,4,0,,67,6,2007,1,,,1607.0,6,0,0,0,0,0,0,0,0,2.0,0,0,0,16,1,1,0,,2,,1.0,0,,3,0,0,1,67301,0,0,0,N,0,0,0,2,67301,0,,1,1,,N,N,,0,,1,0,0,0,0,Y,1600,1,2,0,0,0,0,0,3,3,1,2,3,,N,,,,,,,,,,,
2007080165,2030.0,2,0,0,0,0,0,0,0,0,1,0,,67,6,2007,6,40.0475,-75.1428,2030.0,6,0,0,0,0,0,0,0,0,1.0,0,0,0,99,3,1,1,,1,40 02:50.000,2.0,0,75 08:34.014,8,0,0,0,67301,0,0,0,N,0,0,0,2,67301,0,,1,9,,N,N,,0,,0,0,0,3,2,N,9999,1,2,0,0,0,1,0,3,4,0,2,7,,N,,,,,,,,,,,
2007080192,1642.0,1,0,0,1,0,0,0,0,0,4,0,,67,6,2007,3,39.933,-75.2253,1635.0,6,0,0,0,0,0,1,0,0,,0,0,0,16,1,1,0,,0,39 55:58.864,,0,75 13:31.076,8,0,0,0,67301,1,0,0,N,0,0,0,3,67301,0,,1,1,,N,N,,0,,0,0,0,0,0,,1620,1,2,0,0,0,1,0,3,4,0,1,3,,N,,,,,,,,,,,
2007127610,1625.0,2,0,0,0,0,0,0,0,0,1,0,,67,10,2007,4,39.9596,-75.197,1621.0,6,0,0,0,0,0,0,1,0,,0,0,0,16,4,1,1,,0,39 57:34.000,,0,75 11:49.297,8,0,0,0,67301,0,0,0,N,0,0,0,3,67301,0,,1,9,,N,N,,0,,0,0,0,3,2,,1618,1,2,0,0,1,1,2,3,4,0,2,7,,N,,,,,,,,,,,
2007126174,9999.0,1,0,0,0,0,0,0,0,0,4,0,,67,11,2007,1,39.8975,-75.2525,9999.0,6,0,0,0,0,0,0,0,0,,0,0,0,99,3,0,1,,0,39 53:50.000,,0,75 15:07.793,0,0,0,0,67301,0,0,0,,0,0,0,2,67301,0,,1,1,,N,N,,0,,0,0,1,3,2,,9999,0,2,0,0,0,0,0,3,4,0,2,3,,N,,,,,,,,,,,
2007123830,927.0,1,0,0,0,0,0,0,0,0,8,0,,67,11,2007,7,39.9501,-75.2301,921.0,6,0,0,0,0,0,0,0,0,,0,0,0,18,6,1,0,,0,39 57:00.272,,0,75 13:48.472,8,0,0,0,67301,1,0,0,,1,0,0,2,67301,0,,9,98,,,,,0,,0,0,0,0,0,,1800,1,3,0,0,0,1,0,3,4,0,2,99,,N,,,,,,,,,,,
2007047768,1930.0,1,0,0,0,0,0,0,0,0,7,0,,67,3,2007,7,40.0169,-75.1676,1928.0,6,0,0,0,0,0,0,0,0,2.0,0,0,0,99,3,3,2,,2,40 01:00.840,4.0,0,75 10:03.360,4,0,0,0,67301,0,0,0,N,0,0,0,4,67301,2,,2,1,,N,N,,0,,0,0,0,0,0,Y,9999,3,1,0,0,0,1,1,3,4,0,1,3,,N,,,,,,,,,,,
2007116221,1011.0,0,0,0,0,0,0,0,0,0,7,0,,67,9,2007,7,40.004,-75.1641,1011.0,6,0,0,0,0,0,0,0,0,,0,0,0,10,1,1,0,,0,40 00:14.288,,0,75 09:50.677,3,0,0,0,67301,0,0,0,Y,0,0,0,1,67301,0,,5,1,,,,,1,,1,0,0,0,0,,1010,1,1,0,0,0,0,0,3,4,0,1,3,,N,,,,,,,,,,,
2007110504,1814.0,1,0,0,1,0,0,0,0,0,4,0,,67,9,2007,1,39.9944,-75.1924,1807.0,6,0,0,0,0,0,0,0,0,,0,0,0,18,1,1,0,,0,39 59:39.000,,7,75 11:32.818,4,0,0,0,67301,1,0,0,N,0,0,0,2,67301,1,,4,1,,N,N,,0,,0,0,0,0,0,,1805,1,2,0,0,0,0,0,3,4,0,1,3,,N,,,,,,,,,,,