CRN,ARRIVAL_TM,AUTOMOBILE_COUNT,BELTED_DEATH_COUNT,BELTED_SUSP_SERIOUS_INJ_COUNT,BICYCLE_COUNT,BICYCLE_DEATH_COUNT,BICYCLE_SUSP_SERIOUS_INJ_COUNT,BUS_COUNT,CHLDPAS_DEATH_COUNT,CHLDPAS_SUSP_SERIOUS_INJ_COUNT,COLLISION_TYPE,COMM_VEH_COUNT,CONS_ZONE_SPD_LIM,COUNTY,CRASH_MONTH,CRASH_YEAR,DAY_OF_WEEK,DEC_LAT,DEC_LONG,DISPATCH_TM,DISTRICT,DRIVER_COUNT_16YR,DRIVER_COUNT_17YR,DRIVER_COUNT_18YR,DRIVER_COUNT_19YR,DRIVER_COUNT_20YR,DRIVER_COUNT_50_64YR,DRIVER_COUNT_65_74YR,DRIVER_COUNT_75PLUS,EST_HRS_CLOSED,FATAL_COUNT,HEAVY_TRUCK_COUNT,HORSE_BUGGY_COUNT,HOUR_OF_DAY,ILLUMINATION,INJURY_COUNT,INTERSECT_TYPE,INTERSECTION_RELATED,LANE_CLOSED,LATITUDE,LN_CLOSE_DIR,LOCATION_TYPE,LONGITUDE,MAX_SEVERITY_LEVEL,MCYCLE_DEATH_COUNT,MCYCLE_SUSP_SERIOUS_INJ_COUNT,MOTORCYCLE_COUNT,MUNICIPALITY,NONMOTR_COUNT,NONMOTR_DEATH_COUNT,NONMOTR_SUSP_SERIOUS_INJ_COUNT,NTFY_HIWY_MAINT,PED_COUNT,PED_DEATH_COUNT,PED_SUSP_SERIOUS_INJ_COUNT,PERSON_COUNT,POLICE_AGCY,POSSIBLE_INJ_COUNT,RDWY_SURF_TYPE_CD,RELATION_TO_ROAD,ROAD_CONDITION,ROADWAY_CLEARED,SCH_BUS_IND,SCH_ZONE_IND,SECONDARY_CRASH,SMALL_TRUCK_COUNT,SPEC_JURIS_CD,SUSP_MINOR_INJ_COUNT,SUSP_SERIOUS_INJ_COUNT,SUV_COUNT,TCD_FUNC_CD,TCD_TYPE,TFC_DETOUR_IND,TIME_OF_DAY,TOT_INJ_COUNT,TOTAL_UNITS,UNB_DEATH_COUNT,UNB_SUSP_SERIOUS_INJ_COUNT,UNBELTED_OCC_COUNT,UNK_INJ_DEG_COUNT,UNK_INJ_PER_COUNT,URBAN_AREA,URBAN_RURAL,VAN_COUNT,VEHICLE_COUNT,WEATHER1,WEATHER2,WORK_ZONE_IND,WORK_ZONE_LOC,WORK_ZONE_TYPE,WORKERS_PRES,WZ_CLOSE_DETOUR,WZ_FLAGGER,WZ_LAW_OFFCR_IND,WZ_LN_CLOSURE,WZ_MOVING,WZ_OTHER,WZ_SHLDER_MDN,WZ_WORKERS_INJ_KILLED
2007110546,150.0,1,0,0,0,0,0,0,0,0,7,0,,67,9,2007,7,40.0773,-74.9646,146.0,6,0,0,0,0,0,1,0,0,,0,0,0,1,3,1,0,,0,40 04:38.000,,0,74 57:52.584,3,0,0,0,67301,0,0,0,,0,0,0,1,67301,0,,4,1,,N,N,,0,,1,0,0,0,0,,116,1,1,0,0,0,0,0,3,4,0,1,3,,N,,,,,,,,,,,
2007116258,1145.0,2,0,0,0,0,0,0,0,0,4,0,,67,9,2007,1,40.0845,-74.9737,1145.0,6,0,0,0,0,1,0,0,1,,0,0,0,11,1,2,1,,0,40 05:03.000,,0,74 58:25.287,4,0,0,0,67301,0,0,0,N,0,0,0,3,67301,2,,1,1,,N,N,,0,,0,0,0,3,2,,1140,2,2,0,0,0,0,0,3,4,0,2,3,,N,,,,,,,,,,,
2007108208,935.0,1,0,0,0,0,0,0,0,0,1,0,,67,8,2007,5,39.9876,-75.179,922.0,6,0,0,1,0,0,0,0,0,,0,0,0,99,1,2,1,,0,39 59:15.414,,0,75 10:44.317,4,0,0,0,67301,1,0,0,N,0,0,0,2,67301,1,,1,1,,N,N,,0,,0,0,1,3,2,,9999,2,2,0,0,1,1,0,3,4,0,2,3,,N,,,,,,,,,,,
2007106015,245.0,0,0,0,0,0,0,0,0,0,8,0,,67,9,2007,6,40.0313,-75.0849,243.0,6,0,0,0,0,0,0,0,0,3.0,1,0,0,2,3,0,2,,2,40 01:53.000,1.0,0,75 05:05.038,1,0,0,0,67301,1,1,0,,1,1,0,2,67301,0,2.0,1,1,,,,,0,0.0,0,0,0,9,2,Y,243,0,2,0,0,0,0,1,3,4,1,1,3,,N,,,,,,,,,,,
2007109076,16.0,0,0,0,0,0,0,0,0,0,0,0,,67,8,2007,7,40.0199,-75.1812,12.0,6,0,0,0,0,0,1,0,0,,0,0,0,0,3,1,2,,0,40 01:11.632,,0,75 10:52.208,8,0,0,1,67301,0,0,0,N,0,0,0,1,67301,0,,1,1,,N,N,,0,,0,0,0,0,0,,9,1,2,0,0,0,1,0,3,4,0,1,3,,N,,,,,,,,,,,
2007106049,645.0,2,0,0,0,0,0,0,0,0,5,0,,67,9,2007,6,39.9751,-75.2634,109.0,6,0,0,1,0,0,0,0,0,,0,0,0,22,3,0,0,,0,39 58:30.262,,0,75 15:48.387,0,0,0,0,67301,0,0,0,N,0,0,0,1,67301,0,,6,1,,N,N,,0,,0,0,2,0,0,,2230,0,4,0,0,0,0,0,3,4,0,4,3,,N,,,,,,,,,,,
2007106059,1322.0,2,0,0,0,0,0,0,0,0,1,0,,67,8,2007,2,40.0049,-75.1279,1321.0,6,0,0,0,0,0,0,0,0,,0,0,0,13,1,1,0,,0,40 00:17.514,,0,75 07:40.461,4,0,0,0,67301,0,0,0,N,0,0,0,2,67301,1,,1,1,,N,N,,0,,0,0,0,3,2,,1308,1,2,0,0,0,0,0,3,4,0,2,3,,N,,,,,,,,,,,
2007098691,2245.0,2,0,0,0,0,0,0,0,0,4,0,,67,8,2007,1,39.9602,-75.2391,2236.0,6,0,0,0,0,0,0,0,0,,0,0,0,22,3,0,1,,0,39 57:36.000,,0,75 14:20.633,0,0,0,0,67301,0,0,0,N,0,0,0,3,67301,0,,1,1,,N,N,,0,,0,0,0,3,2,,2232,0,2,0,0,0,0,0,3,4,0,2,3,,N,,,,,,,,,,,
2007098750,1220.0,1,0,0,0,0,0,0,0,0,4,0,,67,7,2007,1,40.0039,-75.2144,1215.0,6,0,0,0,0,0,0,0,0,1.0,0,0,0,12,1,1,0,,1,40 00:14.191,4.0,7,75 12:51.962,8,0,0,0,67301,0,0,0,N,0,0,0,2,67301,0,,1,9,,,N,,0,,0,0,0,0,0,N,1215,1,2,0,0,0,1,0,3,4,1,2,7,,N,,,,,,,,,,,
2007081649,1542.0,1,0,0,0,0,0,0,0,0,1,0,,67,6,2007,6,39.9167,-75.1812,1539.0,6,0,0,0,0,0,0,1,0,,0,0,0,15,1,1,2,,0,39 55:00.228,,0,75 10:52.435,8,0,0,0,67301,0,0,0,,0,0,0,2,67301,0,,1,1,,,,,1,,0,0,0,3,2,,1515,1,2,0,0,0,1,0,3,4,0,2,3,,N,,,,,,,,,,,
2007120274,1913.0,1,0,0,0,0,0,0,0,0,4,0,,67,10,2007,2,39.9849,-75.2371,1900.0,6,0,0,0,0,0,0,0,0,,0,0,0,16,1,3,3,,0,39 59:05.715,,0,75 14:13.549,8,0,0,0,67301,0,0,0,N,0,0,0,3,67301,0,,1,1,,N,N,,0,,0,0,1,0,0,,1648,3,2,0,0,0,3,0,3,4,0,2,3,,N,,,,,,,,,,,
2007120281,825.0,0,0,0,0,0,0,0,0,0,1,0,,67,10,2007,3,40.0159,-75.1296,817.0,6,0,0,0,0,0,1,0,0,,0,0,0,99,1,1,1,,0,40 00:57.319,,0,75 07:46.466,8,0,0,0,67301,0,0,0,N,0,0,0,3,67301,0,,1,1,,N,N,,2,,0,0,0,0,0,,9999,1,2,0,0,0,1,0,3,4,0,2,3,,N,,,,,,,,,,,
2007081481,9999.0,0,0,0,1,0,0,0,0,0,4,0,,67,5,2007,4,40.0333,-75.1976,9999.0,6,0,0,0,0,0,0,0,0,,0,0,0,8,1,1,13,,0,40 02:00.092,,0,75 11:50.020,3,0,0,0,67301,1,0,0,N,0,0,0,2,67301,0,,1,1,,N,N,,1,,1,0,0,9,4,,810,1,2,0,0,0,0,0,3,4,0,1,3,,N,,,,,,,,,,,
2007081496,843.0,1,0,0,0,0,0,0,0,0,8,0,,67,5,2007,4,39.937,-75.1719,841.0,6,0,0,0,0,0,1,0,0,,0,0,0,8,1,1,1,,0,39 56:13.048,,0,75 10:18.857,4,0,0,0,67301,1,0,0,N,1,0,0,2,67301,1,,1,1,,N,N,,0,,0,0,0,0,0,,838,1,2,0,0,0,0,0,3,4,0,1,3,,N,,,,,,,,,,,
2007081537,1751.0,1,0,0,0,0,0,0,0,0,8,0,,67,6,2007,2,39.9606,-75.2268,1750.0,6,0,0,0,0,0,0,0,0,,0,0,0,17,1,1,0,,0,39 57:38.289,,0,75 13:36.410,8,0,0,0,67301,1,0,0,N,1,0,0,2,67301,0,,1,1,,N,N,,0,,0,0,0,0,0,,1730,1,2,0,0,0,1,0,3,4,0,1,3,,N,,,,,,,,,,,
2007081555,1710.0,2,0,0,0,0,0,0,0,0,4,0,,67,6,2007,4,40.0862,-75.0004,1701.0,6,0,0,0,0,0,0,0,0,,0,0,0,17,1,2,0,,0,40 05:10.438,,0,75 00:01.569,4,0,0,0,67301,0,0,0,N,0,0,0,2,67301,2,,1,1,,N,N,,0,,0,0,1,0,0,,1700,2,3,0,0,0,0,0,3,4,0,3,3,,N,,,,,,,,,,,
2007081573,1212.0,2,0,0,0,0,0,0,0,0,6,0,,67,5,2007,2,39.9423,-75.2389,1210.0,6,0,0,0,0,0,0,0,0,1.0,0,0,0,12,1,2,0,,1,39 56:32.000,6.0,0,75 14:20.164,4,0,0,0,67301,0,0,0,N,0,0,0,3,67301,2,,1,1,,N,N,,0,,0,0,0,0,0,N,1210,2,2,0,0,1,0,0,3,4,0,2,3,,N,,,,,,,,,,,
2007124552,1940.0,2,0,0,0,0,0,0,0,0,1,0,,67,11,2007,6,40.1041,-75.0282,1937.0,6,0,0,0,0,0,0,0,0,2.0,0,0,0,19,6,2,0,,1,40 06:14.000,2.0,0,75 01:41.429,4,0,0,0,67301,0,0,0,N,0,0,0,4,67301,2,,1,1,,N,N,,1,,0,0,1,0,0,N,1930,2,4,0,0,0,0,1,3,4,0,4,3,,N,,,,,,,,,,,
2007126535,1255.0,1,0,0,0,0,0,0,0,0,1,0,,67,10,2007,6,39.9509,-75.2307,1253.0,6,0,0,0,0,0,0,1,0,,0,0,0,19,3,2,1,,0,39 57:03.319,,0,75 13:50.365,4,0,0,0,67301,0,0,0,N,0,0,0,4,67301,2,,1,9,,N,N,,0,,0,0,1,3,2,,1930,2,2,0,0,2,0,0,3,4,0,2,7,,N,,,,,,,,,,,
2007126553,2300.0,2,0,0,0,0,0,0,0,0,1,0,,67,10,2007,4,40.0242,-75.0308,2248.0,6,0,0,0,0,0,0,0,0,1.0,0,0,0,22,3,1,0,,2,40 01:27.000,1.0,0,75 01:50.763,4,0,0,0,67301,1,0,0,N,0,0,0,2,67301,1,,2,9,,N,N,,1,,0,0,0,0,0,N,2248,1,3,0,0,0,0,0,3,4,0,3,7,,N,,,,,,,,,,,
2007126558,1308.0,1,0,0,1,0,0,0,0,0,4,0,,67,10,2007,2,39.9662,-75.1792,1300.0,6,0,0,0,0,0,0,0,1,,0,0,0,13,1,1,1,,0,39 57:58.000,,0,75 10:45.592,8,0,0,0,67301,1,0,0,N,0,0,0,3,67301,0,,1,1,,N,N,,0,,0,0,0,3,2,,1300,1,2,0,0,0,1,0,3,4,0,1,3,,N,,,,,,,,,,,
2007124089,1645.0,2,0,0,0,0,0,0,0,0,7,0,,67,11,2007,7,39.9802,-75.1055,1641.0,6,0,0,0,0,0,1,0,0,1.0,0,0,0,16,1,0,0,,2,39 58:51.000,2.0,0,75 06:12.293,0,0,0,0,67301,0,0,0,N,0,0,0,2,67301,0,,3,1,,N,N,,0,,0,0,0,0,0,N,1641,0,2,0,0,1,0,0,3,4,0,2,3,,N,,,,,,,,,,,
2007107559,1710.0,1,0,0,0,0,0,0,0,0,8,0,,67,9,2007,1,39.9498,-75.2073,1705.0,6,0,0,0,0,0,0,0,0,,0,0,0,99,1,1,0,,0,39 56:59.258,,0,75 12:26.183,8,0,0,0,67301,1,0,0,,1,0,0,2,67301,0,,1,1,,,,,0,,0,0,0,0,0,,9999,1,2,0,0,0,1,0,3,4,0,1,3,,N,,,,,,,,,,,
2007107823,552.0,1,0,0,0,0,0,0,0,0,1,0,,67,8,2007,2,39.8989,-75.1697,547.0,6,0,0,0,0,0,1,0,0,,0,0,0,5,1,0,7,,0,39 53:56.040,,2,75 10:09.840,0,0,0,0,67301,0,0,0,N,0,0,0,6,67301,0,,1,1,,N,N,,2,,0,0,0,0,0,,547,0,3,0,0,0,0,0,3,4,0,3,3,,N,,,,,,,,,,,
2007105128,922.0,3,0,0,0,0,0,0,0,0,1,0,,67,10,2007,7,40.0052,-75.2182,922.0,6,0,0,0,0,0,1,0,0,,0,0,0,9,1,2,0,,0,40 00:18.000,,0,75 13:05.389,4,0,0,0,67301,0,0,0,N,0,0,0,6,46104,2,,1,1,,N,N,,0,,0,0,0,0,0,,910,2,3,0,0,0,0,0,3,4,0,3,3,,N,,,,,,,,,,,
2007097847,1310.0,1,0,0,0,0,0,0,0,0,1,0,,67,7,2007,2,40.0161,-75.047,1303.0,6,0,0,0,0,0,0,1,0,,0,0,0,12,1,2,1,,0,40 00:57.978,,0,75 02:49.300,4,0,0,0,67301,0,0,0,N,0,0,0,4,67301,2,,1,1,,N,N,,0,,0,0,0,0,0,,1257,2,2,0,0,2,0,0,3,4,1,2,3,,N,,,,,,,,,,,
2007097905,2217.0,4,0,0,0,0,0,0,0,0,1,0,,67,7,2007,2,40.0316,-75.0633,2212.0,6,0,0,0,0,0,1,1,0,,0,0,0,22,3,1,1,,0,40 01:53.000,,0,75 03:48.013,8,0,0,0,67301,0,0,0,N,0,0,0,6,67301,0,,1,1,,N,N,,0,,0,0,0,3,2,,2212,1,4,0,0,0,1,0,3,4,0,4,3,,N,,,,,,,,,,,
2007097908,1142.0,1,0,0,0,0,0,0,0,0,8,0,,67,7,2007,2,39.9615,-75.1975,1135.0,6,0,0,0,0,0,0,0,0,,0,0,0,11,1,1,0,,0,39 57:41.364,,0,75 11:50.892,8,0,0,0,67301,1,0,0,N,1,0,0,2,67301,0,,1,1,,N,N,,0,,0,0,0,0,0,,1135,1,2,0,0,0,1,0,3,4,0,1,3,,N,,,,,,,,,,,
2007097873,1842.0,1,0,0,0,0,0,0,0,0,8,0,,67,7,2007,2,40.0284,-75.0662,1837.0,6,0,0,0,0,0,1,0,0,,0,0,0,18,1,1,2,,0,40 01:42.380,,0,75 03:58.366,4,0,0,0,67301,1,0,0,,1,0,0,2,67301,1,,1,1,,,,,0,,0,0,0,0,0,,1820,1,2,0,0,0,0,0,3,4,0,1,3,,N,,,,,,,,,,,
2007095361,1932.0,1,0,0,0,0,0,0,0,0,8,0,,67,8,2007,2,40.0225,-75.2186,1930.0,6,0,0,0,0,0,0,0,0,,0,0,0,19,1,1,0,,0,40 01:20.827,,0,75 13:06.852,4,0,0,0,67301,1,0,0,,1,0,0,3,67301,1,,1,1,,,,,0,,0,0,0,0,0,,1930,1,2,0,0,2,0,0,3,4,0,1,3,,N,,,,,,,,,,,
2007098137,851.0,1,0,0,1,0,0,0,0,0,4,0,,67,7,2007,3,39.9638,-75.22,850.0,6,0,0,0,0,0,0,0,0,,0,0,0,7,1,1,1,,0,39 57:49.000,,0,75 13:10.512,8,0,0,0,67301,1,0,0,N,0,0,0,2,67301,0,,1,1,,N,N,,0,,0,0,0,3,2,,730,1,2,0,0,0,1,1,3,4,0,1,3,,N,,,,,,,,,,,
2007090797,2203.0,1,0,0,0,0,0,0,0,0,1,0,,67,8,2007,5,39.9097,-75.1561,2203.0,6,0,0,0,0,0,0,0,0,,0,0,0,22,3,0,0,,0,39 54:34.841,,5,75 09:22.033,0,0,0,0,67301,0,0,0,N,0,0,0,5,67501,0,,1,1,,N,N,,1,,0,0,0,3,8,,2203,0,2,0,0,0,0,0,3,4,0,2,3,,N,,,,,,,,,,,
2007093372,1723.0,2,0,0,0,0,0,0,0,0,1,0,,67,7,2007,4,40.0272,-75.0329,1719.0,6,0,0,1,0,0,1,0,0,,0,0,0,17,1,2,1,,0,40 01:41.000,,0,75 02:20.031,8,0,0,0,67301,0,0,0,,0,0,0,4,67301,0,,1,9,,,,,0,,0,0,0,3,1,,1719,2,2,0,0,2,2,2,3,4,0,2,7,,N,,,,,,,,,,,
2007022336,1626.0,1,0,0,0,0,0,0,0,0,1,0,,67,1,2007,2,39.9195,-75.2431,1622.0,6,0,0,0,0,0,0,0,0,,0,0,0,15,1,1,0,,0,39 55:10.020,,0,75 14:35.048,8,0,0,0,67301,0,0,0,N,0,0,0,1,67301,0,,6,1,,N,N,,0,,0,0,1,0,0,,1525,1,3,0,0,0,1,0,3,4,1,3,3,,N,,,,,,,,,,,
2007123795,1448.0,1,0,0,0,0,0,0,0,0,4,0,,67,11,2007,5,39.9597,-75.2352,1448.0,6,0,0,0,0,0,1,0,0,2.0,0,0,0,14,1,1,1,,1,39 57:34.000,3.0,0,75 14:06.596,4,0,0,0,67301,0,0,0,,0,0,0,4,67301,1,,1,1,,N,N,,0,,0,0,0,3,2,N,1440,1,2,0,0,0,0,0,3,4,1,2,3,,N,,,,,,,,,,,
2007123843,915.0,1,0,0,0,0,0,0,0,0,1,0,,67,11,2007,7,40.0624,-75.0427,856.0,6,0,0,0,1,0,0,0,0,,0,0,0,8,1,1,2,,0,40 03:44.000,,0,75 02:33.888,4,0,0,0,67301,0,0,0,N,0,0,0,3,67301,1,,1,9,,N,N,,0,,0,0,1,3,2,,850,1,2,0,0,0,0,0,3,4,0,2,7,,N,,,,,,,,,,,
2007123905,610.0,1,0,0,0,0,0,0,0,0,2,0,,67,11,2007,7,40.0532,-75.1567,601.0,6,0,0,0,1,0,0,0,0,1.0,0,0,0,3,3,5,1,,1,40 03:11.455,1.0,0,75 09:24.155,4,0,0,0,67301,0,0,0,N,0,0,0,5,67301,5,,1,1,,,,,0,,0,0,0,3,3,N,346,5,2,0,0,0,0,0,3,4,1,2,3,,N,,,,,,,,,,,
2007123907,1156.0,1,0,0,0,0,0,0,0,0,1,1,,67,11,2007,2,39.9163,-75.1666,1152.0,6,0,0,0,0,0,0,0,0,,0,1,0,99,1,3,0,,0,39 54:58.000,,0,75 09:59.707,4,0,0,0,67301,0,0,0,N,0,0,0,4,67301,3,,1,1,,N,N,,1,,0,0,0,0,0,,9999,3,3,0,0,0,0,0,3,4,0,3,3,,N,,,,,,,,,,,
2007042632,1753.0,2,0,0,0,0,0,0,0,0,1,0,,67,4,2007,6,40.0041,-75.2205,1752.0,6,0,0,0,0,0,0,0,0,,0,0,0,17,1,1,0,,0,40 00:14.000,,0,75 13:13.850,4,0,0,0,67301,0,0,0,N,0,0,0,3,46104,1,,1,1,,N,N,,0,,0,0,0,0,0,,1752,1,2,0,0,0,0,0,3,4,0,2,3,,N,,,,,,,,,,,
2007047757,959.0,2,0,0,0,0,0,0,0,0,1,0,,67,3,2007,1,39.9674,-75.177,955.0,6,0,0,0,0,0,1,0,0,,0,0,0,9,1,1,1,,0,39 58:02.539,,0,75 10:37.185,8,0,0,0,67301,0,0,0,N,0,0,0,4,67301,0,,1,2,,N,N,,0,,0,0,0,3,2,,950,1,2,0,0,0,1,0,3,4,0,2,98,,N,,,,,,,,,,,
2007028829,1304.0,0,0,0,0,0,0,0,0,0,7,0,,67,1,2007,2,39.8977,-75.2116,1300.0,6,0,0,0,0,0,0,0,0,1.0,0,0,0,13,1,1,0,,1,39 53:51.816,3.0,3,75 12:41.860,8,0,0,0,67301,0,0,0,N,0,0,0,1,67301,0,,2,9,,N,N,,0,,0,0,1,0,0,N,1300,1,1,0,0,0,1,0,3,4,0,1,3,,N,,,,,,,,,,,
2007028838,855.0,1,0,0,0,0,0,1,0,0,4,1,,67,1,2007,3,40.046,-75.1321,840.0,6,0,0,0,0,0,0,0,0,,0,0,0,8,1,3,1,,0,40 02:45.000,,0,75 07:55.623,8,0,0,0,67301,0,0,0,N,0,0,0,5,67301,0,,1,1,,Y,N,,0,,0,0,0,3,3,,830,3,2,0,0,0,3,0,3,4,0,2,3,,N,,,,,,,,,,,
2007065774,1300.0,0,0,0,0,0,0,0,0,0,1,0,,67,4,2007,5,40.0282,-75.11,1300.0,6,0,0,0,0,0,0,0,0,,0,0,0,13,1,0,1,,0,40 01:41.000,,0,75 06:35.612,0,0,0,0,67301,0,0,0,,0,0,0,2,67301,0,,1,9,,,,,2,,0,0,0,0,0,,1300,0,2,0,0,0,0,0,3,4,0,2,7,,N,,,,,,,,,,,
2007116200,1520.0,2,0,0,0,0,0,0,0,0,4,0,,67,10,2007,3,40.1021,-75.0496,1520.0,6,0,0,0,0,0,1,0,0,,0,0,0,15,1,2,2,,0,40 06:07.000,,0,75 02:58.707,3,0,0,0,67301,0,0,0,N,0,0,0,3,67301,0,,1,1,,N,N,,0,,1,0,0,9,3,,1520,2,2,0,0,0,1,1,3,4,0,2,3,,N,,,,,,,,,,,
2007113877,19.0,2,0,0,0,0,0,0,0,0,4,0,,67,9,2007,3,40.0233,-75.0768,19.0,6,0,0,0,0,0,0,0,0,,0,0,0,0,3,5,1,,0,40 01:23.000,,0,75 04:36.638,4,0,0,0,67301,0,0,0,N,0,0,0,6,67301,5,,1,1,,N,N,,0,,0,0,0,3,2,,19,5,2,0,0,1,0,1,3,4,0,2,3,,N,,,,,,,,,,,
2007108527,2040.0,1,0,0,0,0,0,1,0,0,2,2,,67,9,2007,6,39.8919,-75.2419,2034.0,6,0,0,0,0,0,0,1,2,,0,1,0,20,3,4,1,,0,39 53:30.000,,0,75 14:30.863,4,0,0,0,67301,0,0,0,,0,0,0,6,67301,3,,1,1,,,,,0,,0,0,0,9,2,,2030,4,3,0,0,0,1,0,3,4,0,3,3,,N,,,,,,,,,,,
2007108535,1030.0,1,0,0,0,0,0,1,0,0,5,1,,67,9,2007,2,40.0103,-75.1543,1020.0,6,0,0,0,0,0,0,0,0,,0,0,0,7,1,1,0,,0,40 00:37.162,,0,75 09:15.444,2,0,0,0,67301,1,0,1,,1,0,1,3,67301,0,,1,1,,,,,0,,0,1,0,9,3,,750,1,3,0,0,1,0,1,3,4,0,2,3,,N,,,,,,,,,,,
2007108542,638.0,2,0,0,0,0,0,0,0,0,1,0,,67,9,2007,6,39.9058,-75.174,634.0,6,0,0,0,0,0,0,0,0,,0,0,0,6,1,0,0,,0,39 54:20.000,,0,75 10:26.633,0,0,0,0,67301,0,0,0,N,0,0,0,2,67301,0,,1,1,,N,N,,0,,0,0,0,0,0,,630,0,2,0,0,0,0,0,3,4,0,2,3,,N,,,,,,,,,,,
2007108793,1638.0,1,0,0,0,0,0,0,0,0,4,0,,67,9,2007,4,40.0086,-75.0688,1638.0,6,0,0,0,0,0,1,0,0,,0,0,0,16,1,0,1,,0,40 00:31.000,,0,75 04:07.810,0,0,0,0,67301,0,0,0,N,0,0,0,2,67301,0,,4,1,,N,N,,1,,0,0,0,3,2,,1636,0,2,0,0,0,0,0,3,4,0,2,3,,N,,,,,,,,,,,
2007106017,1530.0,2,0,0,0,0,0,0,0,0,1,0,,67,6,2007,4,39.9714,-75.1233,1415.0,6,0,0,0,0,0,0,0,0,2.0,0,0,0,14,1,1,0,,2,39 58:21.000,1.0,0,75 07:18.840,4,0,0,0,67301,0,0,0,N,0,0,0,3,67301,1,,1,1,,N,N,,0,,0,0,1,0,0,N,1414,1,3,0,0,0,0,0,3,4,0,3,3,,N,,,,,,,,,,,
2007108867,805.0,1,0,0,0,0,0,0,0,0,4,0,,67,9,2007,3,40.0444,-75.0549,756.0,6,0,0,0,0,0,0,0,0,1.0,0,0,0,7,1,2,0,,2,40 02:39.000,2.0,7,75 03:17.628,8,0,0,0,67301,0,0,0,N,0,0,0,5,67301,0,,1,1,,N,N,,1,,0,0,0,0,0,Y,754,2,2,0,0,0,2,0,3,4,0,2,3,,N,,,,,,,,,,,
2007108876,1250.0,2,0,0,0,0,0,0,0,0,1,0,,67,9,2007,6,39.9851,-75.1116,1247.0,6,0,0,1,0,0,0,0,0,2.0,0,0,0,12,1,1,0,,2,39 59:06.381,7.0,0,75 06:41.706,4,0,0,0,67301,0,0,0,N,0,0,0,1,67301,1,,1,1,,N,N,,0,,0,0,0,0,0,Y,1245,1,2,0,0,0,0,0,3,4,0,2,3,,N,,,,,,,,,,,
2007106581,1855.0,1,0,0,0,0,0,0,0,0,8,0,,67,8,2007,7,40.0028,-75.1244,1850.0,6,0,0,0,0,0,0,0,0,,0,0,0,18,1,1,0,,0,40 00:09.000,,0,75 07:27.803,3,0,0,0,67301,1,0,0,N,1,0,0,2,67301,0,,1,1,,N,N,,0,,1,0,0,0,0,,1845,1,2,0,0,0,0,0,3,4,0,1,3,,N,,,,,,,,,,,
2007106043,1435.0,2,0,0,0,0,0,0,0,0,4,0,,67,8,2007,1,40.0026,-75.0997,1433.0,6,0,0,0,0,0,1,0,0,,0,0,0,14,1,1,1,,0,40 00:09.000,,0,75 05:59.020,8,0,0,0,67301,0,0,0,N,0,0,0,3,67301,0,,1,1,,N,N,,0,,0,0,0,3,2,,1420,1,2,0,0,0,1,0,3,4,0,2,3,,N,,,,,,,,,,,
2007106469,1120.0,2,0,0,0,0,0,0,0,0,4,0,,67,8,2007,5,40.0345,-75.1149,1114.0,6,0,0,0,0,0,1,0,0,,0,0,0,11,1,2,1,,0,40 02:04.000,,0,75 06:53.623,4,0,0,0,67301,0,0,0,N,0,0,0,5,67301,1,,1,1,,N,N,,0,,0,0,0,3,2,,1113,2,2,0,0,0,1,1,3,4,0,2,3,,N,,,,,,,,,,,
2007106497,1109.0,2,0,0,0,0,0,0,0,0,4,0,,67,8,2007,2,39.9261,-75.228,1107.0,6,0,0,0,0,0,1,0,0,1.0,0,0,0,11,1,2,1,,1,39 55:33.913,6.0,0,75 13:40.681,2,0,0,0,67301,1,0,1,N,1,0,1,6,67301,0,,1,1,,N,N,,0,,1,1,0,3,2,Y,1105,2,3,0,0,0,0,0,3,4,0,2,3,,N,,,,,,,,,,,
2007098715,1855.0,0,0,0,0,0,0,0,0,0,0,0,,67,8,2007,6,40.0274,-75.0286,1851.0,6,0,0,0,0,0,0,0,0,,0,0,0,18,1,1,0,,0,40 01:38.000,,0,75 01:42.943,3,0,0,1,67301,0,0,0,N,0,0,0,1,67301,0,,1,1,,N,N,,0,,1,0,0,0,0,,1850,1,1,0,0,0,0,0,3,4,0,1,3,,N,,,,,,,,,,,
2007098600,1725.0,2,0,0,0,0,0,0,0,0,5,0,,67,8,2007,4,39.9885,-75.1448,9999.0,6,0,1,0,0,0,0,0,0,,0,0,0,17,1,0,0,,0,39 59:18.697,,0,75 08:41.240,0,0,0,0,67301,0,0,0,N,0,0,0,1,67301,0,,1,1,,N,N,,0,,0,0,2,0,0,,1725,0,5,0,0,0,0,0,3,4,1,5,3,,N,,,,,,,,,,,
2007098747,1609.0,1,0,0,0,0,0,0,0,0,1,0,,67,8,2007,6,39.9211,-75.2407,1607.0,6,0,0,0,0,0,0,0,0,,0,0,0,16,1,1,0,,0,39 55:15.879,,0,75 14:26.579,4,0,0,0,67301,0,0,0,N,0,0,0,3,67301,1,,1,1,,N,N,,0,,0,0,0,2,1,,1607,1,2,0,0,1,0,0,3,4,1,2,3,,N,,,,,,,,,,,