CRN,ARRIVAL_TM,AUTOMOBILE_COUNT,BELTED_DEATH_COUNT,BELTED_SUSP_SERIOUS_INJ_COUNT,BICYCLE_COUNT,BICYCLE_DEATH_COUNT,BICYCLE_SUSP_SERIOUS_INJ_COUNT,BUS_COUNT,CHLDPAS_DEATH_COUNT,CHLDPAS_SUSP_SERIOUS_INJ_COUNT,COLLISION_TYPE,COMM_VEH_COUNT,CONS_ZONE_SPD_LIM,COUNTY,CRASH_MONTH,CRASH_YEAR,DAY_OF_WEEK,DEC_LAT,DEC_LONG,DISPATCH_TM,DISTRICT,DRIVER_COUNT_16YR,DRIVER_COUNT_17YR,DRIVER_COUNT_18YR,DRIVER_COUNT_19YR,DRIVER_COUNT_20YR,DRIVER_COUNT_50_64YR,DRIVER_COUNT_65_74YR,DRIVER_COUNT_75PLUS,EST_HRS_CLOSED,FATAL_COUNT,HEAVY_TRUCK_COUNT,HORSE_BUGGY_COUNT,HOUR_OF_DAY,ILLUMINATION,INJURY_COUNT,INTERSECT_TYPE,INTERSECTION_RELATED,LANE_CLOSED,LATITUDE,LN_CLOSE_DIR,LOCATION_TYPE,LONGITUDE,MAX_SEVERITY_LEVEL,MCYCLE_DEATH_COUNT,MCYCLE_SUSP_SERIOUS_INJ_COUNT,MOTORCYCLE_COUNT,MUNICIPALITY,NONMOTR_COUNT,NONMOTR_DEATH_COUNT,NONMOTR_SUSP_SERIOUS_INJ_COUNT,NTFY_HIWY_MAINT,PED_COUNT,PED_DEATH_COUNT,PED_SUSP_SERIOUS_INJ_COUNT,PERSON_COUNT,POLICE_AGCY,POSSIBLE_INJ_COUNT,RDWY_SURF_TYPE_CD,RELATION_TO_ROAD,ROAD_CONDITION,ROADWAY_CLEARED,SCH_BUS_IND,SCH_ZONE_IND,SECONDARY_CRASH,SMALL_TRUCK_COUNT,SPEC_JURIS_CD,SUSP_MINOR_INJ_COUNT,SUSP_SERIOUS_INJ_COUNT,SUV_COUNT,TCD_FUNC_CD,TCD_TYPE,TFC_DETOUR_IND,TIME_OF_DAY,TOT_INJ_COUNT,TOTAL_UNITS,UNB_DEATH_COUNT,UNB_SUSP_SERIOUS_INJ_COUNT,UNBELTED_OCC_COUNT,UNK_INJ_DEG_COUNT,UNK_INJ_PER_COUNT,URBAN_AREA,URBAN_RURAL,VAN_COUNT,VEHICLE_COUNT,WEATHER1,WEATHER2,WORK_ZONE_IND,WORK_ZONE_LOC,WORK_ZONE_TYPE,WORKERS_PRES,WZ_CLOSE_DETOUR,WZ_FLAGGER,WZ_LAW_OFFCR_IND,WZ_LN_CLOSURE,WZ_MOVING,WZ_OTHER,WZ_SHLDER_MDN,WZ_WORKERS_INJ_KILLED
2007098834,9999.0,2,0,0,0,0,0,0,0,0,1,0,,67,8,2007,5,39.988,-75.1559,1745.0,6,0,0,0,0,0,1,0,0,,0,0,0,17,3,3,0,,0,39 59:16.000,,0,75 09:21.197,4,0,0,0,67301,0,0,0,,0,0,0,3,67301,3,,1,1,,,,,0,,0,0,0,0,0,,1732,3,2,0,0,0,0,0,3,4,0,2,3,,N,,,,,,,,,,,
2007081589,1315.0,0,0,0,0,0,0,0,0,0,2,0,,67,6,2007,4,39.9482,-75.2212,1312.0,6,0,0,0,0,0,0,0,0,,0,0,0,13,1,3,1,,0,39 56:53.000,,0,75 13:16.309,4,0,0,0,67301,0,0,0,N,0,0,0,5,67301,3,,1,1,,N,N,,1,,0,0,0,3,2,,1312,3,2,0,0,0,0,1,3,4,0,2,3,,N,,,,,,,,,,,
2007081667,1846.0,1,0,0,0,0,0,0,0,0,8,0,,67,6,2007,3,39.9998,-75.1726,1840.0,6,0,0,0,0,0,0,0,0,2.0,0,0,0,18,1,1,0,,2,39 59:59.456,2.0,0,75 10:21.453,4,0,0,0,67301,1,0,0,N,1,0,0,2,67301,1,,1,1,,N,N,,0,,0,0,0,0,0,Y,1830,1,2,0,0,0,0,1,3,4,0,1,3,,N,,,,,,,,,,,
2007081739,1050.0,1,0,0,1,0,0,0,0,0,5,0,,67,6,2007,3,39.9546,-75.1648,1047.0,6,0,0,0,0,0,0,0,0,,0,0,0,10,1,1,2,,0,39 57:17.000,,0,75 09:58.983,3,0,0,0,67301,1,0,0,,0,0,0,2,67301,0,,1,1,,N,N,,0,,1,0,0,3,2,,1047,1,2,0,0,0,0,0,3,4,0,1,3,,N,,,,,,,,,,,
2007081545,1242.0,1,0,0,0,0,0,0,0,0,1,0,,67,6,2007,5,40.0395,-75.213,1236.0,6,0,0,0,0,1,0,1,0,,0,0,0,12,1,1,2,,0,40 02:21.906,,0,75 12:46.980,8,0,0,1,67301,0,0,0,N,0,0,0,2,67301,0,,1,1,,N,N,,0,,0,0,0,0,0,,1230,1,2,0,0,0,1,0,3,4,0,2,3,,N,,,,,,,,,,,
2007116111,840.0,1,0,0,0,0,0,0,0,0,4,0,,67,10,2007,4,40.0935,-74.9802,836.0,6,0,0,1,0,0,0,0,0,,0,0,0,8,1,2,1,,0,40 05:36.000,,0,74 58:48.598,8,0,0,0,67301,0,0,0,N,0,0,0,2,67301,0,,1,1,,N,N,,0,,0,0,0,3,2,,836,2,2,0,0,0,2,0,3,4,1,2,3,,N,,,,,,,,,,,
2007116141,1153.0,1,0,0,1,0,0,0,0,0,4,0,,67,10,2007,3,39.9317,-75.1681,1147.0,6,0,0,0,0,0,0,0,0,,0,0,0,11,1,1,1,,0,39 55:54.000,,0,75 10:05.339,4,0,0,0,67301,1,0,0,,0,0,0,2,67301,1,,1,1,,,,,0,,0,0,0,3,2,,1147,1,2,0,0,0,0,0,3,4,0,1,3,,N,,,,,,,,,,,
2007123741,2135.0,2,0,0,0,0,0,0,0,0,4,0,,67,10,2007,6,39.9851,-75.1598,2129.0,6,0,0,0,0,0,0,1,0,,0,0,0,21,3,2,2,,0,39 59:06.525,,0,75 09:35.319,8,0,0,0,67301,0,0,0,N,0,0,0,3,67301,0,,1,9,,N,N,,0,,0,0,0,9,2,,2125,2,2,0,0,0,2,0,3,4,0,2,7,,N,,,,,,,,,,,
2007126541,1935.0,1,0,0,0,0,0,0,0,0,8,0,,67,10,2007,4,39.9469,-75.1626,1930.0,6,0,0,0,0,0,0,0,0,,0,0,0,19,3,1,0,,0,39 56:48.901,,0,75 09:45.305,8,0,0,0,67301,1,0,0,N,1,0,0,2,67301,0,,1,9,,N,N,,0,,0,0,0,0,0,,1918,1,2,0,0,1,1,0,3,4,0,1,7,,N,,,,,,,,,,,
2007107820,1510.0,2,0,0,0,0,0,0,0,0,1,0,,67,9,2007,1,40.0229,-75.1371,1505.0,6,0,0,0,0,0,1,0,0,,0,0,0,99,1,3,1,,0,40 01:22.000,,6,75 08:13.477,4,0,0,0,67301,0,0,0,,0,0,0,6,67301,3,,1,1,,,,,0,,0,0,0,0,0,,9999,3,2,0,0,0,0,0,3,4,0,2,3,,N,,,,,,,,,,,
2007107965,1010.0,0,0,0,0,0,0,0,0,0,4,0,,67,9,2007,3,39.9996,-75.1251,1005.0,6,0,0,0,0,0,0,0,0,,0,0,0,10,1,1,1,,0,39 59:58.000,,0,75 07:30.237,4,0,0,0,67301,0,0,0,N,0,0,0,2,67301,1,,1,9,,N,N,,0,,0,0,2,3,2,,1000,1,2,0,0,1,0,0,3,4,0,2,7,,N,,,,,,,,,,,
2007110475,2208.0,1,0,0,1,0,0,0,0,0,4,0,,67,9,2007,7,39.9293,-75.1687,2207.0,6,0,0,0,0,0,0,0,0,,0,0,0,22,3,1,1,,0,39 55:45.000,,0,75 10:07.277,3,0,0,0,67301,1,0,0,,0,0,0,2,67301,0,,1,1,,,,,0,,1,0,0,3,2,,2201,1,2,0,0,0,0,0,3,4,0,1,3,,N,,,,,,,,,,,
2007097801,2140.0,1,0,0,0,0,0,0,0,0,7,0,,67,8,2007,6,40.0174,-75.2023,2140.0,6,0,0,0,0,0,1,0,0,,0,0,0,21,3,1,0,,0,40 01:02.802,,0,75 12:08.143,3,0,0,0,67301,0,0,0,,0,0,0,2,67301,0,,2,9,,,,,0,,1,0,0,0,0,,2140,1,1,0,0,0,0,0,3,4,0,1,7,,N,,,,,,,,,,,
2007097857,2030.0,0,0,0,0,0,0,0,0,0,8,0,99.0,67,7,2007,4,39.974,-75.2055,2023.0,6,0,0,0,0,0,0,0,0,,0,0,0,16,1,1,0,,0,39 58:26.000,,0,75 12:19.462,8,0,0,0,67301,1,0,0,N,1,0,0,2,67301,0,,5,1,,N,N,,1,,0,0,0,0,0,,1630,1,2,0,0,1,1,0,3,4,0,1,3,,Y,8.0,8.0,U,,,U,,,,,
2007095365,1434.0,2,0,0,0,0,0,0,0,0,2,0,,67,8,2007,7,40.0301,-75.0882,1433.0,6,0,0,0,0,0,0,0,1,,0,0,0,12,1,2,1,,0,40 01:48.000,,0,75 05:17.341,3,0,0,0,67301,0,0,0,N,0,0,0,3,67301,1,,1,1,,N,N,,0,,1,0,0,3,2,,1223,2,2,0,0,0,0,0,3,4,0,2,3,,N,,,,,,,,,,,
2007098134,1605.0,0,0,0,0,0,0,1,0,0,8,1,,67,3,2007,5,40.0092,-75.0691,1600.0,6,0,0,0,0,0,0,0,0,,0,0,0,16,1,1,0,,0,40 00:32.000,,0,75 04:08.489,8,0,0,0,67301,1,0,0,,1,0,0,2,67301,0,,1,1,,,,,0,,0,0,0,0,0,,1600,1,2,0,0,0,1,0,3,4,0,1,3,,N,,,,,,,,,,,
2007093236,1852.0,1,0,0,0,0,0,0,0,0,8,0,,67,7,2007,3,40.0652,-75.1681,1852.0,6,0,0,0,0,0,0,0,0,,0,0,0,18,1,1,1,,0,40 03:54.000,,0,75 10:05.159,3,0,0,0,67301,1,0,0,N,1,0,0,4,67301,0,,1,1,,N,N,,0,,1,0,0,3,2,,1840,1,2,0,0,0,0,0,3,4,0,1,3,,N,,,,,,,,,,,
2007093246,1144.0,2,0,0,0,0,0,0,0,0,4,0,,67,5,2007,7,40.0307,-75.1224,1139.0,6,0,0,0,0,0,0,0,0,,0,0,0,11,1,3,1,,0,40 01:50.664,,0,75 07:20.636,4,0,0,0,67301,0,0,0,,0,0,0,3,67301,1,,1,1,,N,N,,0,,0,0,0,3,2,,1138,3,2,0,0,0,2,0,3,4,0,2,3,,N,,,,,,,,,,,
2007120158,240.0,1,0,0,0,0,0,0,0,0,1,0,,67,10,2007,6,40.0448,-75.0665,240.0,6,0,0,0,0,0,0,0,0,,0,0,0,2,3,1,2,,0,40 02:41.121,,0,75 03:59.421,4,0,0,0,67301,0,0,0,N,0,0,0,2,67301,1,,1,1,,N,N,,0,,0,0,1,3,2,,230,1,2,0,0,0,0,0,3,4,0,2,3,,N,,,,,,,,,,,
2007066417,1105.0,1,0,0,0,0,0,0,0,0,7,0,,67,5,2007,4,40.0515,-75.0091,1055.0,6,0,0,0,0,0,0,0,0,1.0,0,0,0,10,1,1,1,,1,40 03:05.400,1.0,0,75 00:32.760,4,0,0,0,67301,0,0,0,N,0,0,0,1,67301,1,,5,1,,N,N,,0,,0,0,0,3,2,N,1047,1,1,0,0,1,0,0,3,4,0,1,3,,N,,,,,,,,,,,
2007066531,124.0,3,0,0,0,0,0,0,0,0,4,0,,67,5,2007,7,40.0152,-75.0698,119.0,6,0,1,0,1,0,0,0,0,,0,0,0,0,3,0,1,,0,40 00:54.540,,0,75 04:11.143,9,0,0,0,67301,0,0,0,N,0,0,0,4,67301,0,,1,1,,N,N,,0,,0,0,0,9,3,,17,0,3,0,0,0,0,4,3,4,0,3,3,,N,,,,,,,,,,,
2007124101,1725.0,0,0,0,0,0,0,0,0,0,4,0,,67,10,2007,7,40.0277,-75.11,1718.0,6,0,0,0,0,0,0,0,0,2.0,0,0,0,17,1,2,1,,1,40 01:39.000,1.0,0,75 06:35.867,3,0,0,1,67301,0,0,0,N,0,0,0,3,67301,1,,1,1,,N,N,,1,,1,0,0,3,2,N,1717,2,2,0,0,0,0,0,3,4,0,2,3,,N,,,,,,,,,,,
2007124111,1100.0,2,0,0,0,0,0,0,0,0,1,0,,67,11,2007,7,40.0045,-75.1321,1054.0,6,0,0,0,0,0,1,0,0,,0,0,0,10,1,1,0,,0,40 00:16.329,,0,75 07:55.664,4,0,0,0,67301,0,0,0,,0,0,0,2,67301,1,,1,9,,,,,0,,0,0,0,0,0,,1050,1,2,0,0,0,0,0,3,4,0,2,98,,N,,,,,,,,,,,
2007123898,445.0,2,0,0,0,0,0,0,0,0,4,0,,67,9,2007,1,40.0689,-75.1818,443.0,6,0,0,0,0,0,0,0,0,3.0,0,0,0,4,3,2,1,,1,40 04:08.000,6.0,0,75 10:54.330,8,0,0,0,67301,0,0,0,N,0,0,0,2,67301,0,,1,1,,N,N,,0,,0,0,0,3,2,Y,443,2,2,0,0,0,2,0,3,4,0,2,3,,N,,,,,,,,,,,
2007123904,9999.0,0,0,0,0,0,0,0,0,0,7,0,,67,11,2007,1,40.0252,-75.0446,9999.0,6,0,0,0,0,0,0,0,0,,0,0,0,4,3,0,0,,0,40 01:30.000,,0,75 02:40.578,0,0,0,0,67301,0,0,0,N,0,0,0,1,67301,0,,5,1,,N,N,,0,,0,0,1,3,2,,402,0,1,0,0,0,0,0,3,4,0,1,3,,N,,,,,,,,,,,
2007126640,1220.0,0,0,0,0,0,0,0,0,0,7,0,,67,10,2007,3,40.0758,-75.1769,1220.0,6,0,0,0,0,0,0,0,0,3.0,0,0,0,12,1,1,0,,2,40 04:32.985,6.0,0,75 10:36.907,4,0,0,0,67301,0,0,0,N,0,0,0,1,67301,1,,5,1,,N,N,,0,,0,0,0,0,0,Y,1219,1,1,0,0,0,0,0,3,4,1,1,3,,N,,,,,,,,,,,
2007045175,119.0,0,0,0,1,1,0,1,0,0,5,1,,67,3,2007,7,39.9526,-75.1654,116.0,6,0,0,0,0,0,0,0,0,,1,0,0,1,3,0,2,,0,39 57:09.000,,0,75 09:55.351,1,0,0,0,67301,1,1,0,N,0,0,0,4,67301,0,2.0,1,1,,N,N,,0,0.0,0,0,0,3,2,,113,0,2,0,0,0,0,0,3,4,0,1,3,,N,,,,,,,,,,,
2007047742,2035.0,2,0,0,0,0,0,0,0,0,4,0,,67,2,2007,7,40.0118,-75.0978,2022.0,6,0,0,0,0,1,0,0,0,,0,0,0,20,3,2,1,,0,40 00:42.000,,0,75 05:51.843,4,0,0,0,67301,0,0,0,N,0,0,0,4,67301,2,,1,1,,N,N,,0,,0,0,0,3,2,,2004,2,2,0,0,1,0,0,3,4,0,2,3,,N,,,,,,,,,,,
2007047745,1941.0,1,0,0,0,0,0,0,0,0,7,0,,67,3,2007,4,40.0229,-75.116,1939.0,6,0,0,1,0,0,0,0,0,,0,0,0,19,3,1,2,,0,40 01:22.422,,0,75 06:57.743,4,0,0,0,67301,0,0,0,N,0,0,0,1,67301,1,,5,2,,N,N,,0,,0,0,0,0,0,,1939,1,1,0,0,0,0,0,3,4,0,1,10,,N,,,,,,,,,,,
2007047781,1640.0,2,0,0,0,0,0,0,0,0,1,0,,67,2,2007,1,39.9197,-75.2021,1624.0,6,0,0,0,0,0,0,0,0,2.0,0,0,0,16,1,0,0,,1,39 55:10.000,4.0,3,75 12:07.735,9,0,0,0,67301,0,0,0,Y,0,0,0,3,67301,0,,1,2,,N,N,,0,,0,0,0,0,0,N,1618,0,3,0,0,0,0,1,3,4,1,3,10,,N,,,,,,,,,,,
2007028825,752.0,4,0,0,0,0,0,0,0,0,1,0,,67,1,2007,6,40.0196,-75.147,740.0,6,0,0,0,0,1,0,0,0,1.0,0,0,0,99,1,1,0,,1,40 01:10.413,2.0,0,75 08:49.325,8,0,0,0,67301,0,0,0,N,0,0,0,8,67301,0,,1,1,,N,N,,0,,0,0,0,0,0,N,9999,1,4,0,0,0,1,0,3,4,0,4,3,,N,,,,,,,,,,,
2007105931,1616.0,1,0,0,0,0,0,0,0,0,0,0,,67,8,2007,2,40.0186,-75.1647,1615.0,6,0,0,0,1,0,0,0,0,,0,0,0,16,1,1,0,,0,40 01:06.000,,0,75 09:52.973,8,0,0,0,67301,0,0,0,N,0,0,0,3,67301,0,,7,9,,N,N,,0,,0,0,0,0,0,,1610,1,1,0,0,0,1,2,3,4,0,1,7,,N,,,,,,,,,,,
2007106148,828.0,1,0,0,0,0,0,0,0,0,8,0,,67,9,2007,3,39.9866,-75.2322,823.0,6,0,0,0,0,0,0,0,0,,0,0,0,8,1,1,1,,0,39 59:11.918,,0,75 13:55.757,8,0,0,0,67301,1,0,0,N,1,0,0,2,67301,0,,1,9,,N,Y,,0,,0,0,0,3,3,,818,1,2,0,0,0,1,0,3,4,0,1,7,,N,,,,,,,,,,,
2007106079,1936.0,2,0,0,0,0,0,0,0,0,1,0,,67,8,2007,3,39.9602,-75.1807,1935.0,6,0,0,0,0,0,0,0,0,1.0,0,0,0,19,1,1,0,,1,39 57:40.454,4.0,0,75 10:55.912,4,0,0,0,67301,0,0,0,N,0,0,0,2,67301,1,,1,1,,N,N,,0,,0,0,0,0,0,N,1935,1,2,0,0,0,0,0,3,4,0,2,3,,N,,,,,,,,,,,
2007106494,1218.0,0,0,0,0,0,0,0,0,0,4,0,,67,8,2007,3,39.9169,-75.216,1211.0,6,0,0,0,0,0,2,0,0,,0,0,0,12,1,0,0,,0,39 55:04.000,,0,75 12:35.521,0,0,0,0,67301,0,0,0,Y,0,0,0,3,67301,0,,1,1,,N,N,,1,,0,0,0,0,0,,1204,0,2,0,0,0,0,0,3,4,1,2,3,,N,,,,,,,,,,,
2007098733,120.0,1,0,0,0,0,0,0,0,0,7,0,,67,7,2007,1,39.8993,-75.1756,116.0,6,0,0,0,0,0,0,0,0,9.0,0,0,0,99,3,2,0,,1,39 53:57.000,2.0,0,75 10:30.550,8,0,0,0,67301,0,0,0,,0,0,0,2,67301,0,,2,1,,,,,0,,0,0,0,0,0,N,9999,2,1,0,0,0,2,0,3,4,0,1,3,,N,,,,,,,,,,,
2007098763,325.0,1,0,0,0,0,0,1,0,0,5,1,,67,9,2007,2,39.9055,-75.1943,322.0,6,0,0,0,0,1,1,0,0,,0,0,0,3,3,0,0,,0,39 54:19.000,,0,75 11:39.379,0,0,0,0,67301,0,0,0,N,0,0,0,2,67301,0,,1,1,,N,N,,0,,0,0,0,0,0,,305,0,2,0,0,0,0,0,3,4,0,2,3,,N,,,,,,,,,,,
2007081287,2202.0,1,0,0,0,0,0,0,0,0,5,0,,67,5,2007,7,39.9935,-75.1226,2159.0,6,0,0,0,0,0,0,0,0,,0,0,0,21,2,2,3,,0,39 59:36.718,,0,75 07:21.478,4,0,0,0,67301,2,0,0,N,0,0,0,3,67301,2,,1,9,,,,,1,,0,0,0,0,0,,2100,2,2,0,0,1,0,0,3,4,0,2,7,,N,,,,,,,,,,,
2007081430,2255.0,2,0,0,0,0,0,0,0,0,4,0,,67,6,2007,5,39.9646,-75.2235,2250.0,6,0,0,0,0,0,0,0,0,,0,0,0,99,3,1,0,,0,39 57:52.593,,0,75 13:24.708,4,0,0,0,67301,0,0,0,N,0,0,0,1,67301,1,,6,1,,N,N,,0,,0,0,0,0,0,,9999,1,2,0,0,0,0,0,3,4,0,2,3,,N,,,,,,,,,,,
2007081672,2006.0,2,0,0,0,0,0,0,0,0,4,0,,67,6,2007,4,39.9253,-75.2291,2002.0,6,0,0,0,1,0,1,0,0,2.0,0,0,0,20,1,1,1,,1,39 55:30.950,3.0,0,75 13:44.824,4,0,0,0,67301,0,0,0,N,0,0,0,6,67301,1,,1,1,,N,N,,0,,0,0,0,2,2,N,2002,1,3,0,0,0,0,0,3,4,1,3,3,,N,,,,,,,,,,,
2007081690,115.0,1,0,0,0,0,0,0,0,0,8,0,,67,6,2007,3,39.9836,-75.2311,101.0,6,0,0,0,0,0,0,0,0,,0,0,0,0,3,1,2,,0,39 59:01.100,,0,75 13:52.006,8,0,0,0,67301,1,0,0,N,1,0,0,2,67301,0,,1,1,,N,N,,0,,0,0,0,3,2,,55,1,2,0,0,0,1,0,3,4,0,1,3,,N,,,,,,,,,,,
2007081542,1604.0,0,0,0,0,0,0,0,0,0,8,0,,67,5,2007,5,40.0618,-75.1876,1554.0,6,0,0,0,0,0,1,0,0,,0,0,0,15,1,1,0,,0,40 03:42.375,,0,75 11:15.219,4,0,0,0,67301,1,0,0,N,1,0,0,3,67301,1,,1,1,,N,N,,0,,0,0,1,0,0,,1543,1,2,0,0,0,0,0,3,4,0,1,3,,N,,,,,,,,,,,
2007081576,511.0,2,0,0,0,0,0,0,0,0,4,0,,67,6,2007,2,39.9938,-75.1877,504.0,6,0,0,0,0,0,2,0,0,,0,0,0,5,3,1,0,,0,39 59:37.802,,0,75 11:15.862,3,0,0,0,67301,0,0,0,N,0,0,0,2,67301,0,,1,9,,N,N,,0,,1,0,0,0,0,,501,1,2,0,0,1,0,0,3,4,0,2,7,,N,,,,,,,,,,,
2007127381,913.0,2,0,0,0,0,0,0,0,0,4,0,,67,11,2007,6,39.9041,-75.2403,908.0,6,0,0,0,0,0,2,0,0,1.0,0,0,0,9,1,1,1,,2,39 54:14.000,2.0,0,75 14:25.050,8,0,0,0,67301,0,0,0,N,0,0,0,2,67301,0,,1,1,,N,N,,0,,0,0,0,3,2,N,907,1,2,0,0,0,1,0,3,4,0,2,3,,N,,,,,,,,,,,
2007126418,1840.0,0,0,0,0,0,0,0,0,0,8,0,,67,10,2007,4,39.9852,-75.1723,1839.0,6,0,0,0,0,0,1,0,0,,0,0,0,18,3,1,1,,0,39 59:06.734,,0,75 10:20.395,4,0,0,0,67301,1,0,0,N,1,0,0,2,67301,1,,1,9,,N,N,,0,,0,0,1,9,3,,1838,1,2,0,0,0,0,0,3,4,0,1,7,,N,,,,,,,,,,,
2007123984,2122.0,2,0,0,0,0,0,0,0,0,5,0,,67,11,2007,4,39.9207,-75.2414,2120.0,6,0,0,0,0,0,0,0,0,2.0,0,0,0,21,6,0,0,,2,39 55:14.447,6.0,0,75 14:28.972,0,0,0,0,67301,0,0,0,N,0,0,0,2,67301,0,,1,98,,N,N,,1,,0,0,2,0,0,N,2120,0,5,0,0,0,0,0,3,4,0,5,99,,N,,,,,,,,,,,
2007110367,1745.0,2,0,0,0,0,0,0,0,0,1,0,,67,9,2007,4,40.0353,-75.0684,1745.0,6,0,0,0,0,1,2,0,0,,0,0,0,17,4,0,0,,0,40 02:06.000,,0,75 04:06.373,0,0,0,0,67301,0,0,0,N,0,0,0,3,67301,0,,1,1,,N,N,,1,,0,0,0,0,0,,1740,0,3,0,0,0,0,0,3,4,0,3,3,,N,,,,,,,,,,,
2007107815,2128.0,1,0,0,0,0,0,0,0,0,7,0,,67,9,2007,2,40.0099,-75.2062,2124.0,6,0,0,0,0,0,1,0,0,2.0,0,0,0,21,3,1,3,,2,40 00:23.000,4.0,8,75 11:36.714,3,0,0,0,67301,0,0,0,Y,0,0,0,1,67301,0,,3,1,,N,N,,0,,1,0,0,3,8,N,2120,1,1,0,0,1,0,0,3,4,0,1,3,,N,,,,,,,,,,,
2007107894,1505.0,2,0,0,0,0,0,0,0,0,4,0,,67,9,2007,5,39.9492,-75.1631,1500.0,6,0,0,0,0,0,0,0,0,,0,0,0,14,1,1,2,,0,39 56:57.000,,0,75 09:46.987,8,0,0,0,67301,0,0,0,N,0,0,0,4,67301,0,,1,1,,N,N,,0,,0,0,0,3,2,,1445,1,2,0,0,4,1,0,3,4,0,2,3,,N,,,,,,,,,,,
2007110479,759.0,1,0,0,0,0,0,0,0,0,8,0,,67,9,2007,3,40.0795,-75.0422,753.0,6,0,0,0,0,0,0,0,0,,0,0,0,7,1,1,1,,0,40 04:46.000,,0,75 02:31.813,4,0,0,0,67301,1,0,0,N,1,0,0,2,67301,1,,1,1,,N,N,,0,,0,0,0,3,2,,750,1,2,0,0,0,0,0,3,4,0,1,3,,N,,,,,,,,,,,
2007108006,1845.0,1,0,0,0,0,0,1,0,0,4,1,,67,9,2007,7,40.0659,-75.1765,1840.0,6,0,0,0,0,0,0,0,0,,0,0,0,18,1,5,1,,0,40 03:57.000,,0,75 10:35.464,4,0,0,0,67301,0,0,0,N,0,0,0,12,67301,3,,1,1,,N,N,,0,,0,0,0,3,3,,1830,5,3,0,0,2,2,0,3,4,1,3,3,,N,,,,,,,,,,,
2007100118,2259.0,2,0,0,0,0,0,0,0,0,1,0,,67,8,2007,5,39.9808,-75.206,2249.0,6,0,0,0,0,0,1,0,0,1.0,0,0,0,22,3,0,0,,1,39 58:54.000,3.0,0,75 12:25.630,9,0,0,0,67301,0,0,0,N,0,0,0,5,68K01,0,,1,1,,N,N,,0,,0,0,0,0,0,N,2248,0,4,0,0,0,0,2,3,4,0,4,3,,N,,,,,,,,,,,
2007097843,1420.0,0,0,0,0,0,0,0,0,0,1,0,,67,7,2007,5,39.9409,-75.2126,1410.0,6,0,0,0,0,0,1,0,0,,0,0,0,13,1,1,1,,0,39 56:27.112,,0,75 12:45.004,4,0,0,0,67301,0,0,0,,0,0,0,2,67301,1,,1,1,,,,,0,,0,0,1,9,2,,1335,1,2,0,0,0,0,0,3,4,0,2,3,,N,,,,,,,,,,,
2007098307,935.0,2,0,0,0,0,0,0,0,0,4,0,,67,6,2007,7,40.001,-75.1237,932.0,6,0,0,0,0,0,0,1,0,,0,0,0,9,1,1,1,,0,40 00:03.643,,0,75 07:25.222,4,0,0,0,67301,0,0,0,N,0,0,0,2,67301,1,,1,1,,N,N,,0,,0,0,0,3,3,,900,1,2,0,0,0,0,0,3,4,0,2,3,,N,,,,,,,,,,,
2007095526,2027.0,1,0,0,1,0,0,0,0,0,1,0,,67,8,2007,2,39.9922,-75.2457,2020.0,6,0,0,0,0,0,0,0,0,,0,0,0,8,3,1,1,,0,39 59:32.000,,0,75 14:42.441,8,0,0,0,67301,1,0,0,,0,0,0,2,67301,0,,2,9,,,,,0,,0,0,0,3,2,,810,1,2,0,0,0,1,0,3,4,0,1,7,,N,,,,,,,,,,,
2007098133,1653.0,1,0,0,0,0,0,0,0,0,4,0,,67,7,2007,4,40.0287,-75.1059,1653.0,6,0,0,0,0,0,0,0,0,,0,0,0,16,1,1,0,,0,40 01:43.000,,0,75 06:21.326,4,0,0,0,67301,0,0,0,N,0,0,0,3,67301,1,,6,9,,N,N,,0,,0,0,1,0,0,,1630,1,2,0,0,0,0,0,3,4,0,2,7,,N,,,,,,,,,,,
2007098121,9999.0,1,0,0,0,0,0,0,0,0,1,0,,67,6,2007,6,39.9279,-75.2222,,6,0,0,0,0,0,1,0,0,,0,0,0,99,1,2,0,,0,39 55:40.000,,0,75 13:19.808,4,0,0,0,67301,0,0,0,N,0,0,0,3,67301,2,,1,1,,N,N,,0,,0,0,1,0,0,,9999,2,2,0,0,0,0,0,3,4,0,2,3,,N,,,,,,,,,,,
2007098493,1510.0,1,0,0,0,0,0,0,0,0,1,0,,67,8,2007,6,39.9693,-75.1846,1505.0,6,0,0,0,0,0,0,0,0,,0,1,0,15,1,1,1,,0,39 58:09.000,,0,75 11:05.002,8,0,0,0,67301,0,0,0,N,0,0,0,2,67301,0,,1,9,,N,N,,0,,0,0,0,3,2,,1505,1,2,0,0,0,1,1,3,4,0,2,7,,N,,,,,,,,,,,
2007093195,244.0,1,0,0,0,0,0,0,0,0,4,0,,67,6,2007,7,40.0548,-75.1988,240.0,6,0,0,0,0,0,0,0,0,,0,0,0,2,3,1,1,,0,40 03:17.000,,0,75 11:55.613,4,0,0,0,67301,0,0,0,N,0,0,0,3,67301,1,,1,1,,N,N,,1,,0,0,0,2,2,,231,1,2,0,0,0,0,0,3,4,0,2,3,,N,,,,,,,,,,,
2007098275,40.0,2,0,0,0,0,0,0,0,0,4,0,,67,7,2007,1,40.0497,-75.0786,38.0,6,0,0,0,1,0,0,0,0,2.0,0,0,0,0,3,1,1,,1,40 02:58.765,3.0,0,75 04:42.916,8,0,0,0,67301,0,0,0,N,0,0,0,3,67301,0,,1,1,,N,N,,0,,0,0,0,3,2,N,6,1,2,0,0,0,1,1,3,4,0,2,3,,N,,,,,,,,,,,