CRN,ARRIVAL_TM,AUTOMOBILE_COUNT,BELTED_DEATH_COUNT,BELTED_SUSP_SERIOUS_INJ_COUNT,BICYCLE_COUNT,BICYCLE_DEATH_COUNT,BICYCLE_SUSP_SERIOUS_INJ_COUNT,BUS_COUNT,CHLDPAS_DEATH_COUNT,CHLDPAS_SUSP_SERIOUS_INJ_COUNT,COLLISION_TYPE,COMM_VEH_COUNT,CONS_ZONE_SPD_LIM,COUNTY,CRASH_MONTH,CRASH_YEAR,DAY_OF_WEEK,DEC_LAT,DEC_LONG,DISPATCH_TM,DISTRICT,DRIVER_COUNT_16YR,DRIVER_COUNT_17YR,DRIVER_COUNT_18YR,DRIVER_COUNT_19YR,DRIVER_COUNT_20YR,DRIVER_COUNT_50_64YR,DRIVER_COUNT_65_74YR,DRIVER_COUNT_75PLUS,EST_HRS_CLOSED,FATAL_COUNT,HEAVY_TRUCK_COUNT,HORSE_BUGGY_COUNT,HOUR_OF_DAY,ILLUMINATION,INJURY_COUNT,INTERSECT_TYPE,INTERSECTION_RELATED,LANE_CLOSED,LATITUDE,LN_CLOSE_DIR,LOCATION_TYPE,LONGITUDE,MAX_SEVERITY_LEVEL,MCYCLE_DEATH_COUNT,MCYCLE_SUSP_SERIOUS_INJ_COUNT,MOTORCYCLE_COUNT,MUNICIPALITY,NONMOTR_COUNT,NONMOTR_DEATH_COUNT,NONMOTR_SUSP_SERIOUS_INJ_COUNT,NTFY_HIWY_MAINT,PED_COUNT,PED_DEATH_COUNT,PED_SUSP_SERIOUS_INJ_COUNT,PERSON_COUNT,POLICE_AGCY,POSSIBLE_INJ_COUNT,RDWY_SURF_TYPE_CD,RELATION_TO_ROAD,ROAD_CONDITION,ROADWAY_CLEARED,SCH_BUS_IND,SCH_ZONE_IND,SECONDARY_CRASH,SMALL_TRUCK_COUNT,SPEC_JURIS_CD,SUSP_MINOR_INJ_COUNT,SUSP_SERIOUS_INJ_COUNT,SUV_COUNT,TCD_FUNC_CD,TCD_TYPE,TFC_DETOUR_IND,TIME_OF_DAY,TOT_INJ_COUNT,TOTAL_UNITS,UNB_DEATH_COUNT,UNB_SUSP_SERIOUS_INJ_COUNT,UNBELTED_OCC_COUNT,UNK_INJ_DEG_COUNT,UNK_INJ_PER_COUNT,URBAN_AREA,URBAN_RURAL,VAN_COUNT,VEHICLE_COUNT,WEATHER1,WEATHER2,WORK_ZONE_IND,WORK_ZONE_LOC,WORK_ZONE_TYPE,WORKERS_PRES,WZ_CLOSE_DETOUR,WZ_FLAGGER,WZ_LAW_OFFCR_IND,WZ_LN_CLOSURE,WZ_MOVING,WZ_OTHER,WZ_SHLDER_MDN,WZ_WORKERS_INJ_KILLED
2007098285,114.0,1,0,0,0,0,0,0,0,0,8,0,,67,7,2007,1,40.0059,-75.1498,113.0,6,0,0,0,0,0,0,0,0,,0,0,0,1,3,1,1,,0,40 00:21.196,,0,75 08:59.283,4,0,0,0,67301,1,0,0,N,1,0,0,2,67301,1,,1,1,,N,N,,0,,0,0,0,3,2,,107,1,2,0,0,0,0,0,3,4,0,1,3,,N,,,,,,,,,,,
2007126187,1743.0,1,0,0,1,0,0,0,0,0,4,0,,67,11,2007,6,39.9596,-75.197,1742.0,6,0,0,0,0,0,0,0,0,,0,0,0,17,1,1,1,,0,39 57:34.000,,0,75 11:49.297,4,0,0,0,67301,1,0,0,N,0,0,0,2,67301,1,,1,1,,N,N,,0,,0,0,0,3,2,,1740,1,2,0,0,0,0,0,3,4,0,1,3,,N,,,,,,,,,,,
2007123786,1305.0,1,0,0,0,0,0,0,0,0,4,0,,67,11,2007,1,39.9857,-75.1967,1300.0,6,0,0,0,0,0,0,0,0,1.0,0,0,0,13,1,1,3,,1,39 59:08.581,2.0,0,75 11:48.299,8,0,0,0,67301,0,0,0,N,0,0,0,2,67301,0,,1,1,,N,N,,0,,0,0,0,9,4,N,1300,1,2,0,0,0,1,0,3,4,1,2,3,,N,,,,,,,,,,,
2007123789,1420.0,1,0,0,0,0,0,1,0,0,5,1,,67,11,2007,2,40.0477,-75.06,1416.0,6,0,0,0,0,0,0,0,0,,0,0,0,99,1,0,1,,0,40 02:51.000,,0,75 03:35.364,0,0,0,0,67301,0,0,0,N,0,0,0,2,67301,0,,1,1,,N,N,,0,,0,0,0,3,2,,9999,0,2,0,0,0,0,0,3,4,0,2,3,,N,,,,,,,,,,,
2007121515,15.0,1,0,0,0,0,0,0,0,0,7,0,,67,10,2007,7,39.9514,-75.1827,1.0,6,0,0,0,0,0,1,0,0,1.0,0,0,0,23,3,1,3,,2,39 57:08.000,4.0,2,75 10:55.539,8,0,0,0,67301,0,0,0,N,0,0,0,1,68K01,0,,3,1,,N,N,,0,,0,0,0,0,0,N,2355,1,1,0,0,0,1,0,3,4,0,1,3,,N,,,,,,,,,,,
2007047750,109.0,1,0,0,0,0,0,0,0,0,1,0,,67,2,2007,7,39.9494,-75.1741,9999.0,6,0,0,0,0,0,0,0,0,,0,0,0,0,3,3,0,,0,39 56:57.894,,0,75 10:26.871,4,0,0,0,67301,0,0,0,N,0,0,0,4,67301,3,,1,2,,N,N,,1,,0,0,0,3,2,,52,3,2,0,0,1,0,1,3,4,0,2,3,,N,,,,,,,,,,,
2007047754,1804.0,1,0,0,0,0,0,0,0,0,8,0,,67,3,2007,3,39.9503,-75.1722,1804.0,6,0,0,0,0,0,0,0,0,,0,0,0,18,1,1,2,,0,39 57:01.000,,0,75 10:19.857,3,0,0,0,67301,1,0,0,N,1,0,0,2,67301,0,,1,1,,N,N,,0,,1,0,0,3,2,,1800,1,2,0,0,0,0,0,3,4,0,1,3,,N,,,,,,,,,,,
2007116205,1750.0,2,0,0,0,0,0,0,0,0,5,0,,67,9,2007,1,39.9724,-75.2641,1745.0,6,0,0,0,0,0,0,0,0,,0,0,0,17,1,1,0,,0,39 58:20.618,,0,75 15:50.623,8,0,0,1,67301,0,0,0,,0,0,0,2,67301,0,,6,1,,N,N,,0,,0,0,0,0,0,,1745,1,3,0,0,0,1,0,3,4,0,3,3,,N,,,,,,,,,,,
2007110506,1619.0,1,0,0,0,0,0,1,0,0,1,1,,67,9,2007,2,40.0872,-74.9715,1613.0,6,0,0,0,0,0,2,0,0,2.0,0,0,0,16,1,2,3,,2,40 05:14.000,4.0,2,74 58:17.444,8,0,0,0,67301,0,0,0,N,0,0,0,3,67301,0,,1,1,,Y,N,,0,,0,0,0,0,0,Y,1612,2,2,0,0,0,2,0,3,4,0,2,3,,N,,,,,,,,,,,
2007116251,1836.0,1,0,0,0,0,0,0,0,0,8,0,,67,10,2007,5,39.9735,-75.27,1829.0,6,0,0,0,0,0,0,0,0,,0,0,0,18,1,1,0,,0,39 58:24.539,,0,75 16:11.959,8,0,0,0,67301,1,0,0,N,1,0,0,2,67301,0,,1,1,,N,N,,0,,0,0,0,0,0,,1827,1,2,0,0,0,1,0,3,4,0,1,3,,N,,,,,,,,,,,
2007113824,1827.0,1,0,0,0,0,0,0,0,0,4,0,,67,9,2007,4,39.9423,-75.2338,1825.0,6,0,0,0,0,0,0,0,0,,0,0,0,18,1,1,1,,0,39 56:32.000,,0,75 14:01.815,3,0,0,1,67301,0,0,0,,0,0,0,2,67301,0,,1,1,,N,N,,0,,1,0,0,9,1,,1822,1,2,0,0,0,0,1,3,4,0,2,3,,N,,,,,,,,,,,
2007105923,1446.0,2,0,0,0,0,0,0,0,0,4,0,,67,8,2007,2,40.0739,-75.0344,1441.0,6,0,0,0,0,0,2,0,0,,0,0,0,14,1,1,0,,0,40 04:25.000,,7,75 02:03.966,8,0,0,0,67301,0,0,0,,0,0,0,3,67301,0,,1,1,,,,,0,,0,0,0,0,0,,1425,1,2,0,0,0,1,0,3,4,0,2,3,,N,,,,,,,,,,,
2007108874,1715.0,1,0,0,0,0,0,0,0,0,7,0,,67,9,2007,4,40.0233,-75.035,1103.0,6,0,0,0,0,0,0,0,1,1.0,0,0,0,11,1,1,7,,2,40 01:40.000,2.0,2,75 01:26.940,4,0,0,0,67301,0,0,0,Y,0,0,0,1,67301,1,,4,1,,N,N,,0,,0,0,0,0,0,Y,1100,1,1,0,0,0,0,0,3,4,0,1,7,5.0,N,,,,,,,,,,,
2007106562,1631.0,2,0,0,0,0,0,0,0,0,4,0,,67,8,2007,7,40.0675,-75.1515,1627.0,6,0,0,0,0,0,0,1,0,,0,0,0,15,1,2,1,,0,40 04:02.946,,0,75 09:05.565,4,0,0,0,67301,0,0,0,,0,0,0,3,67301,2,,1,1,,,,,0,,0,0,0,0,0,,1525,2,2,0,0,0,0,0,3,4,0,2,3,,N,,,,,,,,,,,
2007106077,2252.0,0,0,0,1,0,0,0,0,0,4,0,,67,6,2007,4,39.9727,-75.2175,2247.0,6,0,0,0,0,0,0,0,0,,0,0,0,22,3,1,0,,0,39 58:21.000,,7,75 13:03.033,4,0,0,0,67301,1,0,0,N,0,0,0,2,67301,1,,1,9,,N,N,,0,,0,0,1,0,0,,2215,1,2,0,0,0,0,1,3,4,0,1,7,,N,,,,,,,,,,,
2007106515,1327.0,0,0,0,0,0,0,0,0,0,8,0,,67,9,2007,7,40.0114,-75.1589,1325.0,6,0,0,0,0,0,0,1,0,,0,0,0,13,1,1,2,,0,40 00:40.975,,0,75 09:32.201,4,0,0,0,67301,1,0,0,N,1,0,0,3,67301,1,,1,1,,N,N,,0,,0,0,0,0,0,,1320,1,2,0,0,2,0,0,3,4,1,1,3,,N,,,,,,,,,,,
2007098640,1330.0,0,0,0,0,0,0,0,0,0,7,0,,67,8,2007,2,,,1300.0,6,0,0,0,0,0,0,0,0,,0,0,0,12,1,1,0,,0,,,2,,8,0,0,0,67301,0,0,0,,0,0,0,1,67301,0,,7,9,,,,,0,,0,0,1,9,4,,1250,1,1,0,0,0,1,0,3,3,0,1,98,,N,,,,,,,,,,,
2007120258,1910.0,2,0,0,0,0,0,0,0,0,4,0,,67,10,2007,6,40.0341,-75.211,1905.0,6,0,0,0,0,0,0,1,0,,0,0,0,18,3,1,0,,0,40 02:02.792,,0,75 12:39.556,4,0,0,0,67301,0,0,0,,0,0,0,1,67301,1,,1,1,,N,N,,1,,0,0,0,0,0,,1850,1,3,0,0,0,0,0,3,4,0,3,3,,N,,,,,,,,,,,
2007120321,1305.0,2,0,0,0,0,0,0,0,0,4,0,,67,10,2007,6,39.9746,-75.1598,1303.0,6,0,0,0,0,1,0,0,0,,0,0,0,13,1,0,2,,0,39 58:28.588,,0,75 09:35.171,0,0,0,0,67301,0,0,0,N,0,0,0,2,67301,0,,1,1,,N,N,,0,,0,0,0,3,3,,1303,0,2,0,0,0,0,0,3,4,0,2,3,,N,,,,,,,,,,,
2007081729,2026.0,3,0,0,0,0,0,0,0,0,5,0,,67,6,2007,4,40.0108,-75.1266,2026.0,6,0,0,0,0,0,0,0,0,,0,0,0,20,1,2,1,,0,40 00:38.808,,0,75 07:35.921,4,0,0,0,67301,0,0,0,N,0,0,0,6,67301,2,,1,1,,N,N,,0,,0,0,0,3,2,,2026,2,3,0,0,2,0,0,3,4,0,3,3,,N,,,,,,,,,,,
2007081741,1645.0,2,0,0,0,0,0,0,0,0,1,0,,67,6,2007,7,40.0405,-75.0474,1645.0,6,0,0,0,0,0,0,0,0,,0,0,0,16,1,1,1,,0,40 02:25.000,,0,75 02:50.463,4,0,0,0,67301,0,0,0,N,0,0,0,2,67301,1,,1,1,,N,N,,0,,0,0,0,3,2,,1640,1,2,0,0,0,0,0,3,4,0,2,3,,N,,,,,,,,,,,
2007081567,920.0,1,0,0,0,0,0,0,0,0,8,0,,67,5,2007,4,39.9291,-75.2205,916.0,6,0,0,0,0,0,0,0,0,,0,0,0,9,1,1,1,,0,39 55:44.000,,0,75 13:13.928,8,0,0,0,67301,1,0,0,N,1,0,0,2,67301,0,,1,1,,N,N,,0,,0,0,0,3,2,,916,1,2,0,0,0,1,0,3,4,0,1,3,,N,,,,,,,,,,,
2007118260,1610.0,2,0,0,0,0,0,0,0,0,1,0,,67,10,2007,4,40.0115,-75.1635,1609.0,6,0,0,0,0,0,1,1,0,1.0,0,0,0,16,1,1,0,,1,40 00:41.000,6.0,0,75 09:48.498,4,0,0,0,67301,0,0,0,,0,0,0,5,67301,1,,1,1,,N,N,,0,,0,0,0,0,0,Y,1605,1,3,0,0,0,0,0,3,4,1,3,3,,N,,,,,,,,,,,
2007124554,57.0,0,0,0,0,0,0,0,0,0,7,0,,67,11,2007,3,40.0142,-75.0562,55.0,6,0,0,0,0,0,0,0,0,9.0,0,0,0,0,3,0,0,,1,40 00:50.000,2.0,0,75 03:22.409,0,0,0,0,67301,0,0,0,Y,0,0,0,1,67301,0,,3,9,,N,N,,0,,0,0,1,0,0,N,55,0,1,0,0,0,0,0,3,4,0,1,7,,N,,,,,,,,,,,
2007127325,830.0,2,0,0,0,0,0,0,0,0,1,0,,67,11,2007,6,39.9489,-75.1854,812.0,6,0,0,0,0,0,0,0,0,,0,0,0,7,1,0,0,,0,39 56:56.000,,0,75 11:07.372,0,0,0,0,67301,0,0,0,N,0,0,0,3,68K01,0,,1,1,,N,N,,0,,0,0,0,0,0,,750,0,3,0,0,0,0,0,3,4,1,3,3,,N,,,,,,,,,,,
2007107563,2140.0,2,0,0,0,0,0,0,0,0,1,0,,67,9,2007,7,39.9438,-75.2379,2130.0,6,0,0,0,0,0,0,0,0,,0,0,0,21,3,1,1,,0,39 56:37.000,,0,75 14:16.183,4,0,0,0,67301,0,0,0,,0,0,0,2,67301,1,,1,1,,N,N,,0,,0,0,0,0,0,,2120,1,2,0,0,0,0,0,3,4,0,2,3,,N,,,,,,,,,,,
2007107748,820.0,2,0,0,0,0,0,0,0,0,5,0,,67,9,2007,2,40.0262,-75.0948,815.0,6,0,0,0,0,0,0,0,0,1.0,0,0,0,8,1,1,0,,1,40 01:34.000,1.0,0,75 05:43.911,8,0,0,0,67301,0,0,0,N,0,0,0,2,67301,0,,2,1,,N,N,,0,,0,0,0,0,0,N,811,1,2,0,0,0,1,0,3,4,0,2,3,,N,,,,,,,,,,,
2007107959,1745.0,1,0,0,0,0,0,0,0,0,7,0,,67,9,2007,7,39.9774,-75.1127,1740.0,6,0,0,0,0,0,0,0,0,1.0,0,0,0,0,6,1,6,,2,39 58:36.840,2.0,2,75 06:49.320,3,0,0,0,67301,0,0,0,N,0,0,0,1,67301,0,,4,1,,N,N,,0,,1,0,0,0,0,N,17,1,1,0,0,0,0,0,3,4,0,1,3,,N,,,,,,,,,,,
2007103099,2019.0,1,0,0,0,0,0,0,0,0,7,0,,67,9,2007,6,39.95,-75.1838,2007.0,6,0,0,0,0,0,1,0,0,1.0,0,0,0,20,3,1,0,,2,39 57:04.000,4.0,0,75 10:58.432,4,0,0,0,67301,0,0,0,N,0,0,0,1,68K01,1,,3,1,,N,N,,0,,0,0,0,0,0,N,2000,1,1,0,0,0,0,0,3,4,0,1,3,,N,,,,,,,,,,,
2007097921,756.0,0,0,0,1,0,0,0,0,0,2,0,,67,6,2007,5,39.935,-75.1532,746.0,6,0,0,0,0,0,0,0,0,,0,0,0,7,1,1,0,,0,39 56:05.846,,0,75 09:11.648,4,0,0,0,67301,1,0,0,N,0,0,0,2,67301,1,,1,1,,N,N,,0,,0,0,0,0,0,,710,1,2,0,0,0,0,1,3,4,0,1,3,,N,,,,,,,,,,,
2007095371,1825.0,1,0,0,1,0,0,0,0,0,1,0,,67,8,2007,7,40.0428,-75.1077,1822.0,6,0,0,1,0,0,0,0,0,,0,0,0,99,1,1,0,,0,40 02:34.242,,0,75 06:27.543,4,0,0,0,67301,1,0,0,,0,0,0,2,67301,1,,1,1,,,,,0,,0,0,0,0,0,,9999,1,2,0,0,0,0,0,3,4,0,1,3,,N,,,,,,,,,,,
2007095774,1713.0,4,0,0,0,0,0,0,0,0,4,0,,67,8,2007,5,40.0394,-75.0774,1710.0,6,0,0,0,0,0,0,0,0,1.0,0,0,0,99,1,2,1,,1,40 02:21.000,6.0,0,75 04:38.559,4,0,0,0,67301,0,0,0,N,0,0,0,3,67301,1,,1,1,,N,N,,0,,0,0,1,3,2,Y,9999,2,5,0,0,0,1,1,3,4,0,5,3,,N,,,,,,,,,,,
2007022373,1922.0,1,0,0,0,0,0,0,0,0,4,0,,67,1,2007,3,40.0616,-74.9884,1915.0,6,0,0,0,0,1,0,0,0,2.0,0,0,0,19,2,0,1,,1,40 03:41.000,1.0,0,74 59:18.147,0,0,0,0,67301,0,0,0,N,0,0,0,3,67301,0,,1,1,,N,N,,1,,0,0,0,3,2,N,1914,0,2,0,0,0,0,0,3,4,0,2,3,,N,,,,,,,,,,,
2007022488,639.0,0,0,0,0,0,0,1,0,0,7,1,,67,1,2007,1,39.8818,-75.2405,630.0,6,0,0,0,0,0,0,0,0,9.0,0,0,0,6,5,1,0,,1,39 52:54.350,3.0,7,75 14:25.760,4,0,0,0,67301,0,0,0,N,0,0,0,1,67301,1,,2,1,,N,N,,0,,0,0,0,0,0,N,615,1,1,0,0,0,0,0,3,4,0,1,3,,N,,,,,,,,,,,
2007027492,105.0,2,0,0,0,0,0,0,0,0,7,0,,67,1,2007,7,39.9433,-75.2386,101.0,6,0,1,0,0,0,0,0,0,,0,0,0,0,3,0,0,,0,39 56:35.916,,0,75 14:19.007,0,0,0,0,67301,0,0,0,N,0,0,0,1,67301,0,,2,9,,N,N,,0,,0,0,0,0,0,,10,0,2,0,0,0,0,0,3,4,0,2,7,,N,,,,,,,,,,,
2007027495,624.0,2,0,0,0,0,0,0,0,0,1,0,,67,1,2007,5,39.9053,-75.2271,617.0,6,0,0,0,0,0,0,0,0,,0,0,0,6,3,2,0,,0,39 54:19.188,,0,75 13:37.617,8,0,0,0,67301,0,0,0,,0,0,0,3,67301,0,,1,6,,,,,0,,0,0,0,0,0,,608,2,2,0,0,0,2,0,3,4,0,2,10,,N,,,,,,,,,,,
2007027496,2033.0,1,0,0,0,0,0,0,0,0,6,0,,67,1,2007,4,39.9393,-75.1782,2028.0,6,0,0,0,0,0,1,0,0,,0,0,0,20,3,2,1,,0,39 56:21.404,,0,75 10:41.645,4,0,0,0,67301,0,0,0,N,0,0,0,2,67301,2,,1,1,,N,N,,0,,0,0,0,2,2,,2028,2,2,0,0,0,0,0,3,4,1,2,3,,N,,,,,,,,,,,
2007027532,1205.0,1,0,0,0,0,0,0,0,0,4,0,,67,1,2007,3,40.0086,-75.0688,1200.0,6,0,0,0,0,0,0,0,0,,0,0,0,12,1,3,1,,0,40 00:31.000,,0,75 04:07.878,4,0,0,0,67301,0,0,0,N,0,0,0,5,67301,3,,1,1,,N,N,,0,,0,0,2,3,2,,1200,3,3,0,0,0,0,0,3,4,0,3,3,,N,,,,,,,,,,,
2007027604,1515.0,1,0,0,0,0,0,0,0,0,8,0,,67,1,2007,1,39.9809,-75.2465,1508.0,6,0,0,0,0,0,0,0,0,,0,0,0,15,1,1,1,,0,39 58:51.000,,0,75 14:47.556,3,0,0,0,67301,1,0,0,N,1,0,0,2,67301,0,,1,1,,N,N,,0,,1,0,0,3,2,,1506,1,2,0,0,1,0,0,3,4,0,1,3,,N,,,,,,,,,,,
2007027639,1230.0,1,0,0,0,0,0,0,0,0,1,0,,67,1,2007,6,40.0158,-75.1541,1220.0,6,0,0,0,0,0,0,1,0,1.0,0,0,0,12,1,1,0,,2,40 00:56.000,4.0,0,75 09:15.017,4,0,0,0,67301,0,0,0,N,0,0,0,3,67301,1,,1,1,,N,N,,1,,0,0,0,0,0,Y,1218,1,3,0,0,1,0,0,3,4,1,3,3,,N,,,,,,,,,,,
2007027665,1219.0,1,0,0,0,0,0,0,0,0,5,0,,67,1,2007,1,40.0274,-75.1135,1206.0,6,0,0,0,0,0,1,0,0,,0,0,0,11,1,1,0,,0,40 01:38.000,,0,75 06:48.716,8,0,0,0,67301,0,0,0,N,0,0,0,3,67301,0,,1,1,,N,N,,0,,0,0,1,0,0,,1148,1,2,0,0,0,1,1,3,4,0,2,3,,N,,,,,,,,,,,
2007027575,603.0,2,0,0,0,0,0,0,0,0,2,0,,67,1,2007,4,39.9721,-75.2516,600.0,6,0,0,0,0,0,0,0,0,,0,0,0,5,3,0,0,,0,39 58:19.000,,0,75 15:05.728,9,0,0,0,67301,0,0,0,N,0,0,0,1,67301,0,,6,1,,N,N,,0,,0,0,0,3,2,,559,0,2,0,0,0,0,1,3,4,0,2,3,,N,,,,,,,,,,,
2007027581,1900.0,2,0,0,0,0,0,0,0,0,1,0,,67,2,2007,6,40.052,-75.1942,1848.0,6,0,0,0,0,0,0,0,0,,0,0,0,18,3,2,0,,0,40 03:07.285,,0,75 11:39.001,8,0,0,0,67301,0,0,0,N,0,0,0,2,67301,0,,1,9,,N,N,,0,,0,0,0,3,2,,1840,2,2,0,0,0,2,0,3,4,0,2,10,,N,,,,,,,,,,,
2007027721,1315.0,2,0,0,0,0,0,0,0,0,4,0,,67,1,2007,2,40.0248,-75.1303,1310.0,6,0,0,0,0,1,0,0,0,,0,0,0,13,1,3,1,,0,40 01:28.000,,0,75 07:50.009,8,0,0,0,67301,0,0,0,N,0,0,0,4,67301,0,,1,9,,N,N,,0,,0,0,0,3,2,,1310,3,2,0,0,0,3,0,3,4,0,2,7,,N,,,,,,,,,,,
2007049072,719.0,0,0,0,0,0,0,0,0,0,8,0,,67,2,2007,5,39.997,-75.1786,716.0,6,0,0,0,0,0,0,0,0,1.0,0,0,0,7,1,1,1,,1,39 59:49.000,3.0,0,75 10:42.862,2,0,0,0,67301,1,0,1,N,1,0,1,2,67301,0,,1,1,,N,N,,1,,0,1,0,3,2,N,715,1,2,0,0,0,0,0,3,4,0,1,3,,N,,,,,,,,,,,
2007046809,35.0,2,0,0,0,0,0,0,0,0,4,0,,67,2,2007,6,40.078,-75.0237,29.0,6,0,0,0,0,0,1,0,0,,0,0,0,0,3,1,2,,0,40 04:40.000,,0,75 01:25.223,2,0,0,0,67301,0,0,0,N,0,0,0,2,67301,0,,1,1,,N,N,,0,,0,1,0,3,2,,25,1,2,0,1,1,0,0,3,4,0,2,3,,N,,,,,,,,,,,
2007119820,2330.0,2,0,0,0,0,0,0,0,0,4,0,,67,10,2007,3,40.0349,-75.0724,9999.0,6,0,0,1,0,0,0,0,0,,0,0,0,23,3,0,2,,0,40 02:05.000,,0,75 04:20.986,0,0,0,0,67301,0,0,0,N,0,0,0,6,67301,0,,1,9,,N,N,,1,,0,0,0,0,0,,2320,0,4,0,0,0,0,0,3,4,1,4,7,,N,,,,,,,,,,,
2007080816,1042.0,1,0,0,0,0,0,0,0,0,2,1,,67,6,2007,6,40.0098,-75.1309,1040.0,6,0,0,0,0,0,0,0,0,,1,1,0,10,1,0,0,,0,40 00:35.269,,0,75 07:51.358,1,0,0,0,67301,0,0,0,N,0,0,0,2,67301,0,1.0,1,1,,N,N,,0,0.0,0,0,0,0,0,,1030,0,2,0,0,0,0,0,3,4,0,2,3,,N,,,,,,,,,,,
2007080837,1810.0,1,0,0,0,0,0,0,0,0,1,0,,67,6,2007,6,40.0209,-75.1403,1800.0,6,0,0,0,0,0,0,0,0,,0,0,0,18,1,2,0,,0,40 01:15.000,,0,75 08:25.133,4,0,0,0,67301,0,0,0,,0,0,0,2,67301,2,,1,1,,,,,1,,0,0,0,0,0,,1800,2,2,0,0,0,0,0,3,4,0,2,3,,N,,,,,,,,,,,
2007120257,2240.0,0,0,0,1,0,0,0,0,0,4,0,,67,6,2007,1,40.0068,-75.1016,2235.0,6,0,0,0,0,0,0,0,0,,0,0,0,20,1,1,0,,0,40 00:24.310,,0,75 06:05.803,4,0,0,0,67301,1,0,0,N,0,0,0,2,67301,1,,1,1,,N,N,,0,,0,0,1,0,0,,2030,1,2,0,0,0,0,1,3,4,0,1,3,,N,,,,,,,,,,,
2007081070,1555.0,1,0,0,0,0,0,0,0,0,1,0,,67,5,2007,6,40.0695,-75.0506,1553.0,6,0,0,0,0,0,0,0,0,,0,0,0,13,1,2,1,,0,40 04:10.107,,0,75 03:02.148,4,0,0,0,67301,0,0,0,N,0,0,0,3,67301,2,,1,1,,N,N,,0,,0,0,1,3,2,,1345,2,2,0,0,0,0,0,3,4,0,2,3,,N,,,,,,,,,,,
2007066353,9999.0,0,0,0,0,0,0,0,0,0,8,0,,67,5,2007,3,39.9558,-75.2257,1719.0,6,0,0,0,0,0,1,0,0,,0,0,0,17,1,1,1,,0,39 57:20.000,,0,75 13:32.665,8,0,0,0,67301,1,0,0,N,1,0,0,2,67301,0,,1,1,,N,N,,1,,0,0,0,0,0,,1719,1,2,0,0,1,1,1,3,4,0,1,3,,N,,,,,,,,,,,
2007071398,9999.0,1,0,0,0,0,0,0,0,0,7,0,,67,4,2007,4,39.933,-75.238,9999.0,6,0,0,0,0,0,0,0,0,1.0,0,0,0,99,1,0,0,,1,39 55:58.000,1.0,0,75 14:16.710,9,0,0,0,67301,0,0,0,,0,0,0,5,67301,0,,2,9,,,,,1,,0,0,1,0,0,N,9999,0,3,0,0,0,0,5,3,4,0,3,7,,N,,,,,,,,,,,
2007066385,1521.0,0,0,0,0,0,0,0,0,0,8,0,,67,4,2007,4,40.0051,-75.1555,1519.0,6,0,0,0,0,0,0,0,0,,0,0,0,15,1,1,1,,0,40 00:18.349,,0,75 09:19.673,8,0,0,1,67301,1,0,0,,1,0,0,2,67301,0,,1,1,,,,,0,,0,0,0,9,3,,1515,1,2,0,0,0,1,0,3,4,0,1,3,,N,,,,,,,,,,,
2007066424,1600.0,2,0,0,0,0,0,0,0,0,2,0,,67,4,2007,2,39.9891,-75.1105,1555.0,6,0,0,0,0,0,0,0,0,,0,0,0,15,1,0,2,,0,39 59:20.871,,0,75 06:37.709,0,0,0,0,67301,0,0,0,N,0,0,0,5,67301,0,,1,1,,N,N,,0,,0,0,1,3,3,,1540,0,3,0,0,0,0,0,3,4,0,3,3,,N,,,,,,,,,,,
2007066526,1306.0,1,0,0,0,0,0,0,0,0,4,0,,67,5,2007,4,39.9573,-75.1427,1305.0,6,0,0,0,0,0,1,0,0,1.0,0,0,0,13,1,1,1,,1,39 57:25.871,2.0,0,75 08:31.299,8,0,0,0,67301,0,0,0,N,0,0,0,3,67301,0,,1,1,,N,N,,0,,0,0,1,3,2,N,1303,1,2,0,0,0,1,0,3,4,0,2,3,,N,,,,,,,,,,,
2007080001,1648.0,1,0,0,1,0,0,0,0,0,5,0,,67,7,2007,5,39.9561,-75.2064,1645.0,6,0,0,0,0,0,1,0,0,,0,0,0,16,1,1,1,,0,39 57:22.000,,0,75 12:22.858,4,0,0,0,67301,1,0,0,N,0,0,0,3,67301,1,,1,1,,N,N,,0,,0,0,0,3,2,,1644,1,2,0,0,0,0,0,3,4,0,1,3,,N,,,,,,,,,,,
2007080136,132.0,2,0,0,0,0,0,0,0,0,1,0,,67,6,2007,2,39.9573,-75.2479,127.0,6,0,0,0,0,0,0,0,0,,0,0,0,1,3,1,1,,0,39 57:26.000,,0,75 14:52.348,8,0,0,0,67301,0,0,0,N,0,0,0,1,67301,0,,1,1,,N,N,,0,,0,0,1,3,2,,127,1,3,0,0,0,1,0,3,4,0,3,3,,N,,,,,,,,,,,
2007080166,1650.0,3,0,0,0,0,0,0,0,0,6,0,,67,6,2007,2,40.0445,-75.1434,1649.0,6,0,0,0,0,0,1,0,0,,0,0,0,16,1,0,0,,0,40 02:40.144,,0,75 08:36.372,0,0,0,0,67301,2,0,0,N,0,0,0,3,67301,0,,1,1,,N,N,,0,,0,0,0,3,3,,1645,0,3,0,0,1,0,0,3,4,0,3,3,,N,,,,,,,,,,,
2007116656,959.0,1,0,0,0,0,0,0,0,0,1,0,,67,10,2007,3,39.9696,-75.1638,957.0,6,0,0,0,0,0,0,0,0,,0,0,0,9,1,2,2,,0,39 58:10.000,,0,75 09:49.788,3,0,0,0,67301,0,0,0,N,0,0,0,2,67301,1,,1,1,,N,,,0,,1,0,1,0,0,,957,2,2,0,0,0,0,0,3,4,0,2,3,,N,,,,,,,,,,,