CRN,ARRIVAL_TM,AUTOMOBILE_COUNT,BELTED_DEATH_COUNT,BELTED_SUSP_SERIOUS_INJ_COUNT,BICYCLE_COUNT,BICYCLE_DEATH_COUNT,BICYCLE_SUSP_SERIOUS_INJ_COUNT,BUS_COUNT,CHLDPAS_DEATH_COUNT,CHLDPAS_SUSP_SERIOUS_INJ_COUNT,COLLISION_TYPE,COMM_VEH_COUNT,CONS_ZONE_SPD_LIM,COUNTY,CRASH_MONTH,CRASH_YEAR,DAY_OF_WEEK,DEC_LAT,DEC_LONG,DISPATCH_TM,DISTRICT,DRIVER_COUNT_16YR,DRIVER_COUNT_17YR,DRIVER_COUNT_18YR,DRIVER_COUNT_19YR,DRIVER_COUNT_20YR,DRIVER_COUNT_50_64YR,DRIVER_COUNT_65_74YR,DRIVER_COUNT_75PLUS,EST_HRS_CLOSED,FATAL_COUNT,HEAVY_TRUCK_COUNT,HORSE_BUGGY_COUNT,HOUR_OF_DAY,ILLUMINATION,INJURY_COUNT,INTERSECT_TYPE,INTERSECTION_RELATED,LANE_CLOSED,LATITUDE,LN_CLOSE_DIR,LOCATION_TYPE,LONGITUDE,MAX_SEVERITY_LEVEL,MCYCLE_DEATH_COUNT,MCYCLE_SUSP_SERIOUS_INJ_COUNT,MOTORCYCLE_COUNT,MUNICIPALITY,NONMOTR_COUNT,NONMOTR_DEATH_COUNT,NONMOTR_SUSP_SERIOUS_INJ_COUNT,NTFY_HIWY_MAINT,PED_COUNT,PED_DEATH_COUNT,PED_SUSP_SERIOUS_INJ_COUNT,PERSON_COUNT,POLICE_AGCY,POSSIBLE_INJ_COUNT,RDWY_SURF_TYPE_CD,RELATION_TO_ROAD,ROAD_CONDITION,ROADWAY_CLEARED,SCH_BUS_IND,SCH_ZONE_IND,SECONDARY_CRASH,SMALL_TRUCK_COUNT,SPEC_JURIS_CD,SUSP_MINOR_INJ_COUNT,SUSP_SERIOUS_INJ_COUNT,SUV_COUNT,TCD_FUNC_CD,TCD_TYPE,TFC_DETOUR_IND,TIME_OF_DAY,TOT_INJ_COUNT,TOTAL_UNITS,UNB_DEATH_COUNT,UNB_SUSP_SERIOUS_INJ_COUNT,UNBELTED_OCC_COUNT,UNK_INJ_DEG_COUNT,UNK_INJ_PER_COUNT,URBAN_AREA,URBAN_RURAL,VAN_COUNT,VEHICLE_COUNT,WEATHER1,WEATHER2,WORK_ZONE_IND,WORK_ZONE_LOC,WORK_ZONE_TYPE,WORKERS_PRES,WZ_CLOSE_DETOUR,WZ_FLAGGER,WZ_LAW_OFFCR_IND,WZ_LN_CLOSURE,WZ_MOVING,WZ_OTHER,WZ_SHLDER_MDN,WZ_WORKERS_INJ_KILLED
2007124114,437.0,0,0,0,0,0,0,0,0,0,7,0,,67,11,2007,7,40.0187,-75.0522,434.0,6,0,0,0,0,0,1,0,0,,0,0,0,4,6,1,0,,0,40 01:07.331,,0,75 03:07.851,4,0,0,0,67301,0,0,0,N,0,0,0,1,67301,1,,2,1,,N,N,,0,,0,0,0,0,0,,430,1,1,0,0,0,0,0,3,4,1,1,99,,N,,,,,,,,,,,
2007124267,1034.0,1,0,0,0,0,0,0,0,0,4,0,,67,11,2007,1,39.9682,-75.2251,1033.0,6,0,0,0,0,0,0,1,0,,0,0,0,10,1,0,1,,0,39 58:05.000,,0,75 13:30.499,9,0,0,0,67301,0,0,0,N,0,0,0,4,67301,0,,1,1,,N,N,,1,,0,0,2,1,2,,1033,0,4,0,0,0,0,4,3,4,0,4,3,,N,,,,,,,,,,,
2007124693,1910.0,4,0,0,0,0,0,0,0,0,1,0,,67,10,2007,5,39.9594,-75.1738,1900.0,6,0,0,0,0,0,0,0,0,1.0,0,0,0,18,1,0,0,,1,39 57:34.000,4.0,0,75 10:31.310,0,0,0,0,67301,0,0,0,,0,0,0,6,67301,0,,1,1,,N,N,,0,,0,0,0,0,0,N,1856,0,4,0,0,0,0,0,3,4,0,4,3,,N,,,,,,,,,,,
2007126212,412.0,1,0,0,0,0,0,0,0,0,4,0,,67,11,2007,1,40.0446,-75.0547,411.0,6,0,0,0,0,1,0,0,0,,0,0,0,4,3,2,1,,0,40 02:40.000,,0,75 03:16.537,4,0,0,0,67301,0,0,0,N,0,0,0,5,67301,2,,1,1,,N,N,,0,,0,0,1,3,2,,408,2,2,0,0,0,0,0,3,4,0,2,3,,N,,,,,,,,,,,
2007123809,1210.0,2,0,0,0,0,0,0,0,0,6,0,,67,10,2007,7,40.0241,-75.0569,1145.0,6,0,0,0,0,0,0,0,0,,0,0,0,11,1,6,1,,0,40 01:26.000,,0,75 03:24.737,4,0,0,0,67301,0,0,0,N,0,0,0,7,67301,6,,1,9,,N,N,,0,,0,0,0,3,3,,1140,6,2,0,0,7,0,0,3,4,0,2,7,,N,,,,,,,,,,,
2007123816,1625.0,1,0,0,1,0,0,0,0,0,4,0,,67,11,2007,4,40.116,-75.0292,1620.0,6,0,0,0,0,0,0,0,1,,0,0,0,99,1,1,1,,0,40 06:57.621,,0,75 01:45.112,8,0,0,0,67301,1,0,0,N,0,0,0,2,67301,0,,1,1,,N,N,,0,,0,0,0,3,3,,9999,1,2,0,0,0,1,0,3,4,0,1,3,,N,,,,,,,,,,,
2007123833,135.0,2,0,0,0,0,0,0,0,0,7,0,,67,11,2007,7,40.0238,-75.0488,126.0,6,0,0,0,0,0,0,0,0,,0,0,0,1,3,0,1,,0,40 01:25.798,,0,75 02:55.791,9,0,0,0,67301,0,0,0,,0,0,0,1,67301,0,,2,1,,,,,0,,0,0,0,0,0,,126,0,2,0,0,0,0,1,3,4,0,2,3,,N,,,,,,,,,,,
2007126688,1347.0,2,0,0,0,0,0,0,0,0,1,0,,67,11,2007,2,39.9522,-75.1822,1345.0,6,0,0,0,0,0,0,0,0,,0,0,0,13,1,1,0,,0,39 57:13.000,,0,75 10:52.882,4,0,0,0,67301,0,0,0,N,0,0,0,3,68K01,1,,1,1,,N,N,,0,,0,0,0,0,0,,1341,1,2,0,0,1,0,0,3,4,0,2,3,,N,,,,,,,,,,,
2007033582,1228.0,1,0,0,0,0,0,0,0,0,4,0,,67,1,2007,4,39.9612,-75.1748,1225.0,6,0,0,0,0,0,0,1,0,,0,0,0,12,1,0,5,,0,39 57:41.040,,0,75 10:30.360,0,0,0,0,67301,0,0,0,N,0,0,0,2,67301,0,,1,1,,N,N,,0,,0,0,0,3,2,,1220,0,2,0,0,0,0,0,3,4,1,2,3,,N,,,,,,,,,,,
2007113365,650.0,2,0,0,0,0,0,0,0,0,1,0,,67,9,2007,6,39.8982,-75.2106,640.0,6,0,0,0,0,0,3,0,0,2.0,0,0,0,6,1,1,0,,1,39 53:53.412,3.0,3,75 12:38.286,4,0,0,0,67301,0,0,0,N,0,0,0,5,67301,1,,1,1,,N,N,,2,,0,0,0,0,0,N,640,1,4,0,0,0,0,0,3,4,0,4,3,,N,,,,,,,,,,,
2007116196,2202.0,2,0,0,0,0,0,0,0,0,1,0,,67,9,2007,3,40.0039,-75.2206,2200.0,6,0,0,0,0,0,2,0,0,,0,0,0,21,3,3,0,,0,40 00:14.000,,0,75 13:14.090,8,0,0,0,67301,0,0,0,N,0,0,0,6,67301,0,,1,1,,N,N,,0,,0,0,1,3,2,,2157,3,3,0,0,0,3,3,3,4,0,3,3,,N,,,,,,,,,,,
2007116209,1630.0,2,0,0,0,0,0,0,0,0,2,0,,67,9,2007,6,40.0169,-75.1496,1624.0,6,0,0,0,1,0,0,0,0,2.0,0,0,0,16,1,4,1,,1,40 01:00.000,2.0,0,75 08:58.459,3,0,0,0,67301,0,0,0,N,0,0,0,5,67301,3,,1,1,,N,N,,0,,1,0,0,3,2,N,1620,4,2,0,0,0,0,0,3,4,0,2,3,,N,,,,,,,,,,,
2007110539,1750.0,1,0,0,0,0,0,0,0,0,8,0,,67,8,2007,7,40.0293,-75.1638,1735.0,6,0,0,0,0,0,0,0,0,,0,0,0,17,1,1,1,,0,40 01:45.000,,0,75 09:49.577,3,0,0,0,67301,1,0,0,N,1,0,0,2,67301,0,,1,1,,N,N,,0,,1,0,0,3,2,,1735,1,2,0,0,0,0,0,3,4,0,1,3,,N,,,,,,,,,,,
2007110551,1026.0,4,0,0,0,0,0,0,0,0,1,0,,67,9,2007,1,39.9218,-75.1906,1026.0,6,0,0,0,0,0,0,0,0,,0,0,0,10,1,1,0,,0,39 55:18.000,,0,75 11:26.122,4,0,0,0,67301,0,0,0,,0,0,0,8,67301,1,,1,1,,,,,0,,0,0,1,0,0,,1025,1,6,0,0,0,0,2,3,4,1,6,3,,N,,,,,,,,,,,
2007105924,1410.0,1,0,0,0,0,0,1,0,0,1,1,,67,9,2007,5,40.1047,-75.0015,1405.0,6,0,0,0,0,0,1,0,0,,0,0,0,14,1,2,1,,0,40 06:16.000,,0,75 00:05.336,8,0,0,0,67301,0,0,0,N,0,0,0,3,67301,0,,1,1,,N,N,,0,,0,0,0,3,2,,1405,2,2,0,0,0,2,0,3,4,0,2,3,,N,,,,,,,,,,,
2007106028,1914.0,2,0,0,0,0,0,0,0,0,4,0,,67,7,2007,6,39.9361,-75.2345,1905.0,6,0,0,0,0,0,0,0,0,,0,0,0,99,1,1,0,,0,39 56:09.000,,0,75 14:04.287,8,0,0,0,67301,0,0,0,N,0,0,0,2,67301,0,,1,1,,N,N,,0,,0,0,0,3,3,,9999,1,2,0,0,0,1,0,3,4,0,2,3,,N,,,,,,,,,,,
2007106166,1825.0,2,0,0,0,0,0,0,0,0,4,0,,67,9,2007,6,39.9463,-75.1715,1817.0,6,0,0,0,0,0,0,0,0,1.0,0,0,0,18,1,1,2,,2,39 56:46.845,1.0,0,75 10:17.353,4,0,0,0,67301,0,0,0,N,0,0,0,2,67301,1,,1,1,,N,N,,0,,0,0,0,3,2,Y,1810,1,2,0,0,0,0,0,3,4,0,2,3,,N,,,,,,,,,,,
2007106358,1705.0,0,0,0,0,0,0,0,0,0,8,0,,67,6,2007,4,39.9657,-75.1978,1659.0,6,0,0,0,0,0,0,0,0,,0,0,0,16,1,1,10,,0,39 57:56.527,,0,75 11:52.234,3,0,0,0,67301,1,0,0,N,1,0,0,2,67301,0,,1,1,,N,N,,0,,1,0,1,3,3,,1659,1,2,0,0,0,0,0,3,4,0,1,3,,N,,,,,,,,,,,
2007106368,1235.0,1,0,0,0,0,0,0,0,0,8,0,,67,8,2007,7,39.9493,-75.1642,1233.0,6,0,0,0,0,0,0,0,0,,0,0,0,12,1,1,2,,0,39 56:57.000,,0,75 09:51.030,4,0,0,0,67301,1,0,0,N,1,0,0,2,67301,1,,1,1,,N,N,,0,,0,0,0,3,2,,1202,1,2,0,0,0,0,0,3,4,0,1,3,,N,,,,,,,,,,,
2007106066,1930.0,2,0,0,0,0,0,0,0,0,4,0,,67,8,2007,2,39.9818,-75.1141,1926.0,6,0,0,1,0,0,0,0,0,,0,0,0,19,1,1,2,,0,39 58:54.512,,0,75 06:50.601,4,0,0,0,67301,0,0,0,N,0,0,0,5,67301,1,,1,1,,N,N,,0,,0,0,0,3,3,,1923,1,3,0,0,0,0,0,3,4,1,3,3,,N,,,,,,,,,,,
2007106083,1700.0,1,0,0,0,0,0,0,0,0,1,0,,67,8,2007,4,39.9556,-75.1673,1655.0,6,0,0,0,0,0,0,0,0,,0,0,0,16,1,8,0,,0,39 57:23.000,,0,75 10:06.360,8,0,0,0,67301,0,0,0,N,0,0,0,11,67301,0,,1,1,,N,N,,0,,0,0,0,3,2,,1650,8,2,0,0,0,8,0,3,4,1,2,3,,N,,,,,,,,,,,
2007106524,1253.0,3,0,0,0,0,0,0,0,0,2,0,,67,7,2007,1,40.038,-75.068,1250.0,6,0,0,0,0,0,1,0,0,1.0,0,0,0,12,1,3,1,,1,40 02:16.000,1.0,0,75 04:04.983,4,0,0,0,67301,0,0,0,N,0,0,0,5,67301,3,,1,1,,N,N,,0,,0,0,1,3,2,Y,1250,3,4,0,0,2,0,0,3,4,0,4,3,,N,,,,,,,,,,,
2007098580,1503.0,0,0,0,0,0,0,0,0,0,4,0,,67,9,2007,1,40.0344,-75.0822,1500.0,6,0,0,0,0,0,0,0,0,,0,0,0,15,1,1,1,,0,40 02:03.000,,0,75 04:55.831,8,0,0,0,67301,0,0,0,N,0,0,0,4,67301,0,,1,1,,N,N,,0,,0,0,0,2,2,,1500,1,2,0,0,0,1,0,3,4,2,2,3,,N,,,,,,,,,,,
2007098728,1523.0,2,0,0,0,0,0,0,0,0,4,0,,67,8,2007,3,40.0445,-75.1931,1520.0,6,0,0,0,0,0,1,0,0,,0,0,0,15,1,1,1,,0,40 02:40.000,,0,75 11:35.236,2,0,0,0,67301,0,0,0,N,0,0,0,4,67301,0,,1,1,,N,N,,0,,0,1,0,3,2,,1515,1,2,0,0,0,0,0,3,4,0,2,3,,N,,,,,,,,,,,
2007081427,1655.0,1,0,0,0,0,0,0,0,0,8,0,,67,6,2007,3,40.0791,-75.0411,1648.0,6,0,0,0,0,0,0,1,0,,0,0,0,16,1,1,0,,0,40 04:44.914,,0,75 02:28.064,4,0,0,0,67301,1,0,0,N,1,0,0,2,67301,1,,1,9,,N,N,,0,,0,0,0,0,0,,1645,1,2,0,0,0,0,0,3,4,0,1,7,,N,,,,,,,,,,,
2007081350,1948.0,2,0,0,0,0,0,0,0,0,1,0,,67,5,2007,5,40.0612,-75.0835,1943.0,6,0,0,0,0,0,1,0,0,,0,0,0,19,1,1,1,,0,40 03:40.000,,0,75 05:00.751,4,0,0,0,67301,0,0,0,N,0,0,0,3,67301,1,,1,1,,N,N,,0,,0,0,0,3,2,,1940,1,2,0,0,0,0,0,3,4,0,2,3,,N,,,,,,,,,,,
2007081702,1605.0,1,0,0,0,0,0,0,0,0,1,0,,67,6,2007,6,40.0592,-75.044,1600.0,6,0,0,0,0,0,1,0,0,,0,0,0,15,1,2,1,,0,40 03:33.160,,0,75 02:38.328,3,0,0,0,67301,0,0,0,N,0,0,0,3,67301,1,,1,1,,N,N,,0,,1,0,0,3,2,,1545,2,2,0,0,0,0,1,3,4,1,2,3,,N,,,,,,,,,,,
2007081009,337.0,0,0,0,0,0,0,0,0,0,4,1,,67,5,2007,6,40.0779,-75.0236,330.0,6,0,0,0,0,0,1,0,0,,0,1,0,3,3,0,0,,0,40 04:40.000,,0,75 01:24.910,0,0,0,0,67301,0,0,0,N,0,0,0,2,67301,0,,1,1,,N,N,,0,,0,0,0,0,0,,320,0,2,0,0,0,0,0,3,4,1,2,3,,N,,,,,,,,,,,
2007120241,1055.0,2,0,0,0,0,0,0,0,0,4,0,,67,10,2007,1,39.9804,-75.2247,1050.0,6,0,0,0,0,0,1,1,0,,0,0,0,10,1,1,1,,0,39 58:49.000,,0,75 13:28.842,4,0,0,0,67301,0,0,0,,0,0,0,3,67301,1,,1,1,,,,,0,,0,0,0,3,2,,1045,1,2,0,0,0,0,0,3,4,0,2,3,,N,,,,,,,,,,,
2007081042,1007.0,1,0,0,0,0,0,0,0,0,5,0,,67,5,2007,3,39.9562,-75.1938,1006.0,6,0,0,0,0,0,0,0,0,,0,0,0,10,1,1,0,,0,39 57:22.000,,0,75 11:37.550,4,0,0,0,67301,0,0,0,N,0,0,0,2,67301,1,,1,1,,N,N,,1,,0,0,0,0,0,,1006,1,2,0,0,0,0,1,3,4,0,2,3,,N,,,,,,,,,,,
2007081114,1639.0,1,0,0,0,0,0,0,0,0,4,0,,67,5,2007,7,40.0017,-75.117,1636.0,6,0,0,0,0,0,0,0,0,,0,0,0,16,1,1,2,,0,40 00:06.192,,0,75 07:01.253,4,0,0,0,67301,0,0,0,N,0,0,0,8,67301,1,,1,1,,N,N,,0,,0,0,0,3,3,,1600,1,2,0,0,0,0,0,3,4,1,2,3,,N,,,,,,,,,,,
2007066387,1630.0,1,0,0,0,0,0,0,0,0,8,0,,67,5,2007,5,40.024,-75.1596,1615.0,6,0,0,0,0,0,0,0,0,,0,0,0,16,1,1,3,,0,40 01:26.000,,0,75 09:34.482,4,0,0,0,67301,1,0,0,N,1,0,0,2,67301,1,,1,1,,N,N,,0,,0,0,0,3,2,,1615,1,2,0,0,0,0,0,3,4,0,1,3,,N,,,,,,,,,,,
2007066404,1505.0,1,0,0,0,0,0,0,0,0,4,0,,67,4,2007,6,39.9035,-75.2432,1501.0,6,0,0,0,0,0,2,0,0,,0,0,0,15,1,1,1,,0,39 54:12.423,,0,75 14:35.429,8,0,0,0,67301,0,0,0,N,0,0,0,3,67301,0,,1,9,,N,N,,0,,0,0,1,3,2,,1500,1,2,0,0,0,1,0,3,4,0,2,7,,N,,,,,,,,,,,
2007066422,1324.0,0,0,0,1,0,0,0,0,0,5,0,,67,5,2007,1,40.0564,-75.0176,1322.0,6,0,0,0,0,0,0,0,0,,0,0,0,13,1,1,0,,0,40 03:23.000,,0,75 01:03.435,8,0,0,0,67301,2,0,0,N,0,0,0,2,67301,0,,1,1,,N,N,,0,,0,0,1,0,0,,1320,1,2,0,0,0,1,0,3,4,0,1,3,,N,,,,,,,,,,,
2007066446,1605.0,0,0,0,0,0,0,0,0,0,8,0,,67,5,2007,6,40.0437,-75.1542,1556.0,6,0,0,0,0,0,0,1,0,,0,0,0,15,1,1,1,,0,40 02:37.165,,0,75 09:15.260,4,0,0,0,67301,1,0,0,N,1,0,0,2,67301,1,,1,1,,N,N,,0,,0,0,0,3,3,,1552,1,2,0,0,0,0,0,3,4,1,1,3,,N,,,,,,,,,,,
2007066480,1404.0,1,0,0,0,0,0,0,0,0,8,0,,67,5,2007,4,40.0496,-75.0114,1403.0,6,0,0,0,0,0,0,0,0,1.0,0,0,0,14,1,1,0,,2,40 02:58.000,1.0,0,75 00:40.880,3,0,0,0,67301,1,0,0,,1,0,0,2,67301,0,,3,1,,N,N,,0,,1,0,0,0,0,Y,1402,1,2,0,0,0,0,0,3,4,0,1,3,,N,,,,,,,,,,,
2007066567,115.0,0,0,0,0,0,0,0,0,0,7,0,,67,5,2007,7,40.0197,-75.1063,105.0,6,0,0,0,0,0,0,0,0,,0,0,0,1,3,1,0,,0,40 01:11.046,,0,75 06:22.532,2,0,0,0,67301,0,0,0,N,0,0,0,1,67301,0,,5,1,,N,N,,0,,0,1,1,0,0,,105,1,1,0,0,0,0,0,3,4,0,1,3,,N,,,,,,,,,,,
2007080083,1930.0,2,0,0,0,0,0,0,0,0,4,0,,67,6,2007,1,39.9804,-75.089,1930.0,6,0,0,0,0,0,0,0,0,2.0,0,0,0,19,1,0,2,,1,39 58:49.576,3.0,0,75 05:20.303,0,0,0,0,67301,0,0,0,N,0,0,0,2,67301,0,,1,9,,N,N,,0,,0,0,0,3,3,N,1915,0,2,0,0,0,0,0,3,4,0,2,7,,N,,,,,,,,,,,
2007080088,9999.0,2,0,0,0,0,0,0,0,0,5,0,,67,6,2007,7,39.9438,-75.2379,9999.0,6,0,0,0,0,0,0,0,0,,0,0,0,9,1,0,5,,0,39 56:37.000,,0,75 14:16.183,9,0,0,0,67301,0,0,0,N,0,0,0,2,67301,0,,1,1,,N,N,,0,,0,0,0,3,2,,935,0,2,0,0,0,0,1,3,4,0,2,3,,N,,,,,,,,,,,
2007080175,153.0,1,0,0,0,0,0,0,0,0,7,0,,67,6,2007,2,40.0525,-75.2374,151.0,6,0,0,0,0,0,0,0,0,,0,0,0,1,3,1,0,,0,40 03:09.126,,0,75 14:14.769,3,0,0,0,67301,0,0,0,N,0,0,0,1,67301,0,,5,9,,N,N,,0,,1,0,0,0,0,,145,1,1,0,0,0,0,0,3,4,0,1,7,,N,,,,,,,,,,,
2007124094,1855.0,2,0,0,0,0,0,0,0,0,1,0,,67,11,2007,6,40.0699,-75.1572,1848.0,6,0,0,0,0,0,0,0,0,,0,0,0,18,3,1,1,,0,40 04:11.773,,0,75 09:25.779,4,0,0,0,67301,0,0,0,N,0,0,0,6,67301,1,,1,1,,N,N,,1,,0,0,0,3,2,,1833,1,3,0,0,6,0,0,3,4,0,3,3,,N,,,,,,,,,,,
2007124659,2240.0,2,0,0,0,0,0,0,0,0,4,0,,67,11,2007,5,39.9318,-75.233,2220.0,6,0,0,0,0,0,0,0,0,,0,0,0,99,3,0,0,,0,39 55:54.446,,0,75 13:58.940,9,0,0,0,67301,0,0,0,N,0,0,0,1,67301,0,,6,1,,N,N,,0,,0,0,1,0,0,,9999,0,3,0,0,0,0,1,3,4,0,3,3,,N,,,,,,,,,,,
2007124689,230.0,0,0,0,0,0,0,0,0,0,8,0,,67,11,2007,1,40.0418,-75.0269,229.0,6,0,0,0,0,0,0,0,0,,0,0,0,2,3,1,0,,0,40 02:30.000,,0,75 01:36.959,4,0,0,1,67301,1,0,0,,1,0,0,2,67301,1,,1,1,,N,N,,0,,0,0,0,0,0,,229,1,2,0,0,0,0,0,3,4,0,1,3,,N,,,,,,,,,,,
2007126192,1552.0,2,0,0,0,0,0,0,0,0,1,0,,67,11,2007,1,40.0804,-74.9771,1548.0,6,0,0,0,0,0,0,0,0,,0,0,0,15,1,2,1,,0,40 04:49.000,,0,74 58:37.865,4,0,0,0,67301,0,0,0,N,0,0,0,4,67301,2,,1,1,,N,Y,,0,,0,0,0,3,2,,1545,2,2,0,0,0,0,0,3,4,0,2,3,,N,,,,,,,,,,,
2007123784,1000.0,1,0,0,1,0,0,0,0,0,4,0,,67,11,2007,1,39.9966,-75.077,951.0,6,0,0,0,0,0,1,0,0,,0,0,0,9,1,1,0,,0,39 59:47.770,,0,75 04:37.056,8,0,0,0,67301,1,0,0,,0,0,0,2,67301,0,,1,1,,N,N,,0,,0,0,0,0,0,,951,1,2,0,0,0,1,0,3,4,0,1,3,,N,,,,,,,,,,,
2007121616,2326.0,0,0,0,0,0,0,0,0,0,7,0,,67,10,2007,6,39.9925,-75.201,2315.0,6,0,0,0,0,0,0,0,0,1.0,0,0,0,23,3,0,0,,1,39 59:35.000,4.0,0,75 11:59.508,0,0,0,0,67301,0,0,0,N,0,0,0,1,68K01,0,,3,9,,N,N,,0,,0,0,1,0,0,N,2313,0,1,0,0,0,0,0,3,4,0,1,7,,N,,,,,,,,,,,
2007047764,1555.0,0,0,0,0,0,0,0,0,0,4,0,,67,3,2007,5,40.0056,-75.1018,1550.0,6,0,0,0,0,0,0,0,0,3.0,0,0,0,15,1,0,2,,2,40 00:20.000,6.0,0,75 06:06.507,0,0,0,0,67301,0,0,0,N,0,0,0,2,67301,0,,1,1,,N,N,,1,,0,0,1,3,2,Y,1540,0,2,0,0,0,0,0,3,4,0,2,3,,N,,,,,,,,,,,
2007068134,2258.0,1,0,0,0,0,0,0,0,0,5,1,,67,5,2007,3,40.0525,-74.9877,2254.0,6,0,0,0,0,0,0,1,0,2.0,0,1,0,22,3,1,0,,1,40 03:09.000,2.0,0,74 59:15.641,3,0,0,0,67301,0,0,0,N,0,0,0,2,67301,0,,1,1,,N,N,,0,,1,0,0,0,0,N,2252,1,2,0,0,0,0,0,3,4,0,2,3,,N,,,,,,,,,,,
2007110540,1542.0,2,0,0,0,0,0,0,0,0,1,0,,67,9,2007,4,40.0199,-75.1931,1541.0,6,0,0,1,0,0,0,0,0,,0,0,0,99,1,1,0,,0,40 01:11.485,,0,75 11:35.152,8,0,0,0,67301,0,0,0,,0,0,0,2,67301,0,,1,1,,N,N,,0,,0,0,0,0,0,,9999,1,2,0,0,0,1,0,3,4,0,2,3,,N,,,,,,,,,,,
2007105925,930.0,3,0,0,0,0,0,0,0,0,1,0,,67,4,2007,5,40.1037,-74.9834,922.0,6,0,0,0,0,0,1,0,2,,0,0,0,15,1,1,1,,0,40 06:13.309,,0,74 59:00.376,4,0,0,0,67301,0,0,0,,0,0,0,3,67301,1,,1,1,,,,,0,,0,0,0,0,0,,1545,1,3,0,0,0,0,2,3,4,0,3,3,,N,,,,,,,,,,,
2007108877,530.0,1,0,0,0,0,0,0,0,0,1,0,,67,8,2007,1,40.0778,-74.9647,523.0,6,0,0,1,0,0,1,0,0,1.0,0,0,0,5,5,0,0,,1,40 04:40.000,4.0,0,74 57:53.143,0,0,0,0,67301,0,0,0,,0,0,0,2,67301,0,,1,1,,,,,1,,0,0,0,0,0,N,520,0,2,0,0,0,0,0,3,4,0,2,3,,N,,,,,,,,,,,
2007098582,2210.0,2,0,0,0,0,0,0,0,0,5,0,,67,6,2007,7,40.0028,-75.1752,2205.0,6,0,1,0,1,0,0,0,0,1.0,0,0,0,22,3,1,0,,1,40 00:10.130,7.0,0,75 10:30.720,2,0,0,0,67301,0,0,0,N,0,0,0,3,67301,0,,4,1,,N,N,,0,,0,1,0,0,0,Y,2200,1,2,0,1,3,0,0,3,4,0,2,3,,N,,,,,,,,,,,
2007098730,1905.0,1,0,0,0,0,0,0,0,0,1,0,,67,8,2007,7,40.0092,-75.1508,1850.0,6,0,0,0,0,0,0,0,0,,0,0,0,99,1,3,0,,0,40 00:33.133,,0,75 09:02.943,4,0,0,0,67301,0,0,0,N,0,0,0,4,67301,3,,1,1,,N,N,,0,,0,0,0,0,0,,9999,3,2,0,0,0,0,1,3,4,1,2,3,,N,,,,,,,,,,,
2007098773,9999.0,2,0,0,0,0,0,0,0,0,4,0,,67,9,2007,3,39.9647,-75.2374,9999.0,6,0,0,0,0,1,0,0,0,1.0,0,0,0,99,3,1,0,,2,39 57:52.963,4.0,0,75 14:14.676,4,0,0,0,67301,0,0,0,N,0,0,0,3,67301,1,,1,1,,N,N,,0,,0,0,0,3,3,Y,9999,1,2,0,0,0,0,0,3,4,0,2,3,,N,,,,,,,,,,,
2007098777,840.0,2,0,0,0,0,0,0,0,0,4,0,,67,7,2007,2,39.992,-75.2362,830.0,6,0,0,0,0,0,0,0,1,,0,0,0,99,1,0,1,,0,39 59:31.052,,0,75 14:10.319,0,0,0,0,67301,0,0,0,N,0,0,0,2,67301,0,,1,1,,N,N,,0,,0,0,0,9,3,,9999,0,2,0,0,0,0,0,3,4,0,2,3,,N,,,,,,,,,,,
2007081625,2112.0,1,0,0,0,0,0,0,0,0,1,0,,67,6,2007,5,40.0206,-75.1605,2111.0,6,0,0,0,0,0,0,0,0,1.0,0,0,0,99,3,6,0,,1,40 01:14.130,6.0,0,75 09:37.897,8,0,0,0,67301,0,0,0,,0,0,0,7,67301,0,,1,9,,,,,0,,0,0,1,0,0,N,9999,6,3,0,0,0,6,1,3,4,1,3,3,,N,,,,,,,,,,,
2007081492,830.0,1,0,0,0,0,0,1,0,0,6,1,,67,5,2007,3,40.0407,-75.1713,824.0,6,0,0,0,0,0,0,0,0,1.0,0,0,0,8,1,1,2,,2,40 02:26.660,6.0,0,75 10:16.579,4,0,0,0,67301,0,0,0,N,0,0,0,9,67301,1,,1,1,,Y,N,,0,,0,0,0,0,0,Y,820,1,2,0,0,0,0,0,3,4,0,2,3,,N,,,,,,,,,,,
2007081581,1502.0,1,0,0,0,0,0,0,0,0,1,0,,67,6,2007,5,39.9585,-75.1674,1457.0,6,0,0,0,0,0,1,0,0,1.0,0,0,0,14,1,1,0,,1,39 57:30.600,3.0,0,75 10:02.640,8,0,0,0,67301,0,0,0,N,0,0,0,2,67301,0,,1,1,,N,N,,1,,0,0,0,0,0,N,1456,1,2,0,0,0,1,0,3,4,0,2,3,,N,,,,,,,,,,,
2007116157,1555.0,2,0,0,0,0,0,0,0,0,3,0,,67,10,2007,4,39.9876,-75.1664,1548.0,6,0,0,0,0,0,0,0,0,,0,0,0,15,1,1,1,,0,39 59:15.403,,0,75 09:59.191,4,0,0,0,67301,0,0,0,N,0,0,0,2,67301,1,,1,1,,N,N,,0,,0,0,0,9,3,,1530,1,2,0,0,1,0,0,3,4,0,2,3,,N,,,,,,,,,,,