CRN,ARRIVAL_TM,AUTOMOBILE_COUNT,BELTED_DEATH_COUNT,BELTED_SUSP_SERIOUS_INJ_COUNT,BICYCLE_COUNT,BICYCLE_DEATH_COUNT,BICYCLE_SUSP_SERIOUS_INJ_COUNT,BUS_COUNT,CHLDPAS_DEATH_COUNT,CHLDPAS_SUSP_SERIOUS_INJ_COUNT,COLLISION_TYPE,COMM_VEH_COUNT,CONS_ZONE_SPD_LIM,COUNTY,CRASH_MONTH,CRASH_YEAR,DAY_OF_WEEK,DEC_LAT,DEC_LONG,DISPATCH_TM,DISTRICT,DRIVER_COUNT_16YR,DRIVER_COUNT_17YR,DRIVER_COUNT_18YR,DRIVER_COUNT_19YR,DRIVER_COUNT_20YR,DRIVER_COUNT_50_64YR,DRIVER_COUNT_65_74YR,DRIVER_COUNT_75PLUS,EST_HRS_CLOSED,FATAL_COUNT,HEAVY_TRUCK_COUNT,HORSE_BUGGY_COUNT,HOUR_OF_DAY,ILLUMINATION,INJURY_COUNT,INTERSECT_TYPE,INTERSECTION_RELATED,LANE_CLOSED,LATITUDE,LN_CLOSE_DIR,LOCATION_TYPE,LONGITUDE,MAX_SEVERITY_LEVEL,MCYCLE_DEATH_COUNT,MCYCLE_SUSP_SERIOUS_INJ_COUNT,MOTORCYCLE_COUNT,MUNICIPALITY,NONMOTR_COUNT,NONMOTR_DEATH_COUNT,NONMOTR_SUSP_SERIOUS_INJ_COUNT,NTFY_HIWY_MAINT,PED_COUNT,PED_DEATH_COUNT,PED_SUSP_SERIOUS_INJ_COUNT,PERSON_COUNT,POLICE_AGCY,POSSIBLE_INJ_COUNT,RDWY_SURF_TYPE_CD,RELATION_TO_ROAD,ROAD_CONDITION,ROADWAY_CLEARED,SCH_BUS_IND,SCH_ZONE_IND,SECONDARY_CRASH,SMALL_TRUCK_COUNT,SPEC_JURIS_CD,SUSP_MINOR_INJ_COUNT,SUSP_SERIOUS_INJ_COUNT,SUV_COUNT,TCD_FUNC_CD,TCD_TYPE,TFC_DETOUR_IND,TIME_OF_DAY,TOT_INJ_COUNT,TOTAL_UNITS,UNB_DEATH_COUNT,UNB_SUSP_SERIOUS_INJ_COUNT,UNBELTED_OCC_COUNT,UNK_INJ_DEG_COUNT,UNK_INJ_PER_COUNT,URBAN_AREA,URBAN_RURAL,VAN_COUNT,VEHICLE_COUNT,WEATHER1,WEATHER2,WORK_ZONE_IND,WORK_ZONE_LOC,WORK_ZONE_TYPE,WORKERS_PRES,WZ_CLOSE_DETOUR,WZ_FLAGGER,WZ_LAW_OFFCR_IND,WZ_LN_CLOSURE,WZ_MOVING,WZ_OTHER,WZ_SHLDER_MDN,WZ_WORKERS_INJ_KILLED
2007126514,1620.0,1,0,0,0,0,0,0,0,0,8,0,,67,10,2007,1,39.976,-75.2419,1610.0,6,0,0,0,0,0,0,1,0,,0,0,0,14,1,1,0,,0,39 58:33.769,,0,75 14:30.746,4,0,0,0,67301,1,0,0,,1,0,0,2,67301,1,,1,1,,N,N,,0,,0,0,0,0,0,,1444,1,2,0,0,0,0,0,3,4,0,1,3,,N,,,,,,,,,,,
2007126538,1042.0,0,0,0,0,0,0,0,0,0,1,0,,67,10,2007,1,39.935,-75.2352,1042.0,6,0,0,0,0,0,1,0,0,,0,0,0,10,1,2,5,,0,39 56:06.000,,0,75 14:06.763,4,0,0,0,67301,0,0,0,N,0,0,0,2,67301,1,,1,1,,N,N,,1,,0,0,1,0,0,,1040,2,2,0,0,0,1,0,3,4,0,2,3,,N,,,,,,,,,,,
2007107755,1630.0,2,0,0,0,0,0,0,0,0,1,0,,67,9,2007,2,39.9772,-75.2268,1626.0,6,0,0,0,0,0,1,0,0,,0,0,0,16,1,1,1,,0,39 58:37.000,,0,75 13:36.309,4,0,0,0,67301,0,0,0,N,0,0,0,3,67301,1,,1,1,,N,N,,0,,0,0,1,3,2,,1626,1,3,0,0,0,0,1,3,4,0,3,3,,N,,,,,,,,,,,
2007107771,1630.0,0,0,0,1,0,0,0,0,0,4,0,,67,9,2007,7,39.9621,-75.1733,1615.0,6,0,0,0,0,0,0,0,0,,0,0,0,99,1,1,0,,0,39 57:43.472,,0,75 10:23.749,8,0,0,0,67301,1,0,0,N,0,0,0,1,67301,0,,1,1,,N,N,,0,,0,0,1,3,3,,9999,1,2,0,0,0,1,0,3,4,0,1,3,,N,,,,,,,,,,,
2007107923,1250.0,2,0,0,0,0,0,0,0,0,1,0,99.0,67,9,2007,2,39.9403,-75.2013,1243.0,6,0,0,0,0,0,0,0,0,,0,0,0,12,1,1,10,,0,39 56:25.000,,3,75 12:06.956,8,0,0,0,67301,0,0,0,N,0,0,0,3,67301,0,,1,1,,N,N,,0,,0,0,0,0,0,,1230,1,2,0,0,0,1,0,3,4,0,2,3,,Y,8.0,8.0,U,,,U,Y,,,,
2007097864,1126.0,1,0,0,0,0,0,0,0,0,4,0,,67,4,2007,5,39.9711,-75.2288,1124.0,6,0,0,0,0,0,0,0,0,3.0,0,1,0,11,1,1,1,,1,39 58:16.003,4.0,0,75 13:43.507,4,0,0,0,67301,0,0,0,N,0,0,0,2,67301,1,,1,1,,N,N,,0,,0,0,0,4,2,Y,1122,1,2,0,0,0,0,0,3,4,0,2,3,,N,,,,,,,,,,,
2007098506,1742.0,1,0,0,0,0,0,0,0,0,8,0,,67,7,2007,6,39.9546,-75.1816,1742.0,6,0,0,0,0,0,0,0,0,,0,0,0,17,1,1,0,,0,39 57:16.000,,0,75 10:53.934,8,0,0,0,67301,1,0,0,N,1,0,0,2,67301,0,,1,1,,N,N,,0,,0,0,0,0,0,,1742,1,2,0,0,0,1,0,3,4,0,1,3,,N,,,,,,,,,,,
2007093199,820.0,2,0,0,0,0,0,0,0,0,4,0,,67,7,2007,7,40.0231,-75.056,813.0,6,0,0,1,0,0,0,0,0,,0,0,0,8,1,1,1,,0,40 01:23.000,,0,75 03:21.508,8,0,0,0,67301,0,0,0,N,0,0,0,3,67301,0,,1,1,,N,N,,0,,0,0,0,9,3,,800,1,2,0,0,0,1,0,3,4,0,2,3,,N,,,,,,,,,,,
2007095799,1535.0,0,0,0,0,0,0,0,0,0,1,0,,67,8,2007,6,39.9626,-75.2467,1530.0,6,0,0,0,0,0,1,0,0,,0,0,0,15,1,1,1,,0,39 57:45.000,,0,75 14:48.167,8,0,0,0,67301,0,0,0,N,0,0,0,13,67301,0,,1,9,,N,N,,0,,0,0,1,9,7,,1502,1,2,0,0,13,1,0,3,4,1,2,7,,N,,,,,,,,,,,
2007022285,1858.0,2,0,0,0,0,0,0,0,0,4,0,,67,1,2007,3,39.9782,-75.2357,1858.0,6,0,0,0,0,0,1,0,0,,0,0,0,18,3,1,2,,0,39 58:41.520,,0,75 14:08.372,4,0,0,0,67301,0,0,0,N,0,0,0,2,67301,1,,1,1,,N,N,,0,,0,0,0,9,3,,1858,1,2,0,0,0,0,0,3,4,0,2,3,,N,,,,,,,,,,,
2007022351,1030.0,0,0,0,0,0,0,0,0,0,1,0,,67,1,2007,4,40.0611,-75.236,1028.0,6,0,0,0,0,0,1,0,0,,0,0,0,10,1,1,0,,0,40 03:41.116,,0,75 14:10.899,8,0,0,0,67301,0,0,0,N,0,0,0,3,67301,0,,1,1,,N,N,,0,,0,0,0,0,0,,1026,1,2,0,0,0,1,0,3,4,2,2,3,,N,,,,,,,,,,,
2007081031,1440.0,1,0,0,0,0,0,0,0,0,4,0,,67,5,2007,1,39.904,-75.2401,1430.0,6,0,0,0,0,0,0,0,0,,0,0,0,13,1,2,1,,0,39 54:14.400,,0,75 14:24.360,8,0,0,0,67301,0,0,0,N,0,0,0,4,67301,0,,1,1,,N,N,,0,,0,0,1,3,2,,1315,2,2,0,0,0,2,1,3,4,0,2,3,,N,,,,,,,,,,,
2007120162,826.0,2,0,0,0,0,0,0,0,0,1,0,,67,10,2007,4,40.112,-74.9905,823.0,6,0,0,0,0,0,0,0,0,,0,0,0,8,1,1,1,,0,40 06:43.000,,0,74 59:25.779,4,0,0,0,67301,0,0,0,N,0,0,0,2,67301,1,,1,1,,N,N,,0,,0,0,0,3,2,,821,1,2,0,0,0,0,0,3,4,0,2,3,,N,,,,,,,,,,,
2007081129,245.0,1,0,0,0,0,0,0,0,0,1,0,,67,6,2007,3,39.985,-75.1566,240.0,6,0,0,0,0,0,0,0,0,,0,0,0,2,6,3,0,,0,39 59:05.000,,0,75 09:23.595,3,0,0,0,67301,0,0,0,N,0,0,0,4,67301,2,,1,1,,N,N,,1,,1,0,0,0,0,,235,3,2,0,0,4,0,0,3,4,0,2,3,,N,,,,,,,,,,,
2007066445,2050.0,1,0,0,0,0,0,0,0,0,7,0,,67,4,2007,1,39.9092,-75.1828,2043.0,6,0,0,0,0,0,0,0,0,,0,0,0,99,3,0,2,,0,39 54:33.200,,0,75 10:58.200,0,0,0,0,67301,0,0,0,N,0,0,0,1,67301,0,,4,1,,N,N,,0,,0,0,0,3,3,,9999,0,1,0,0,0,0,0,3,4,0,1,3,,N,,,,,,,,,,,
2007066448,1128.0,0,0,0,0,0,0,0,0,0,7,0,,67,4,2007,2,39.9741,-75.1778,1122.0,6,0,0,0,0,0,0,0,0,,0,0,0,11,1,1,0,,0,39 58:26.600,,0,75 10:40.200,4,0,0,0,67301,1,0,0,Y,1,0,0,2,67301,1,,4,1,,N,N,,1,,0,0,0,0,0,,1118,1,2,0,0,1,0,0,3,4,0,1,3,,N,,,,,,,,,,,
2007066502,1020.0,1,0,0,0,0,0,0,0,0,1,0,,67,5,2007,4,39.9273,-75.1448,1016.0,6,0,0,0,0,0,0,0,0,,0,0,0,10,1,2,1,,0,39 55:38.000,,0,75 08:41.992,4,0,0,0,67301,0,0,0,N,0,0,0,3,67301,2,,1,1,,N,N,,1,,0,0,0,3,2,,1005,2,2,0,0,0,0,0,3,4,0,2,3,,N,,,,,,,,,,,
2007066559,1849.0,1,0,0,0,0,0,0,0,0,1,0,,67,5,2007,1,40.0631,-75.0516,1833.0,6,0,0,0,0,0,1,0,0,,0,0,0,18,1,1,1,,0,40 03:47.160,,0,75 03:05.760,4,0,0,0,67301,0,0,0,N,0,0,0,5,67301,1,,1,1,,N,N,,1,,0,0,0,3,2,,1833,1,2,0,0,0,0,0,3,4,0,2,3,,N,,,,,,,,,,,
2007079965,1256.0,0,0,0,1,0,0,0,0,0,4,0,,67,6,2007,2,39.9227,-75.1565,1254.0,6,0,0,0,0,0,0,0,0,,0,0,0,12,1,1,1,,0,39 55:21.000,,0,75 09:23.503,8,0,0,0,67301,1,0,0,N,0,0,0,2,67301,0,,1,1,,N,N,,1,,0,0,0,3,2,,1253,1,2,0,0,0,1,0,3,4,0,1,3,,N,,,,,,,,,,,
2007080403,1513.0,2,0,0,0,0,0,0,0,0,4,0,,67,6,2007,4,39.9305,-75.2313,1512.0,6,0,0,0,0,0,0,0,0,,0,0,0,15,1,1,2,,0,39 55:49.666,,0,75 13:52.809,8,0,0,0,67301,0,0,0,N,0,0,0,2,67301,0,,1,1,,N,N,,0,,0,0,0,3,3,,1511,1,2,0,0,0,1,1,3,4,0,2,3,,N,,,,,,,,,,,
2007080157,2221.0,1,0,0,1,1,0,0,0,0,2,0,,67,5,2007,1,39.9385,-75.1666,2218.0,6,0,0,0,0,0,0,0,0,1.0,1,0,0,22,3,2,0,,2,39 56:18.000,1.0,0,75 09:59.656,1,0,0,0,67301,1,1,0,N,0,0,0,3,67301,0,2.0,1,1,,N,N,,0,0.0,2,0,0,0,0,Y,2217,2,2,0,0,0,0,0,3,4,0,1,3,,N,,,,,,,,,,,
2007127582,9999.0,2,0,0,0,0,0,0,0,0,5,0,,67,10,2007,5,39.9995,-75.1058,906.0,6,0,0,0,0,0,1,0,0,1.0,0,0,0,99,1,1,0,,2,39 59:58.214,3.0,0,75 06:20.721,4,0,0,0,67301,0,0,0,N,0,0,0,2,67301,1,,1,1,,N,N,,0,,0,0,0,0,0,Y,9999,1,3,0,0,0,0,0,3,4,1,3,3,,N,,,,,,,,,,,
2007127590,2225.0,1,0,0,0,0,0,0,0,0,7,0,,67,10,2007,6,39.8993,-75.1756,2216.0,6,0,0,0,0,0,0,1,0,1.0,0,0,0,22,3,0,0,,1,39 53:57.000,2.0,0,75 10:30.540,0,0,0,0,67301,0,0,0,N,0,0,0,1,67301,0,,2,9,,N,N,,0,,0,0,0,0,0,N,2210,0,1,0,0,0,0,0,3,4,0,1,7,,N,,,,,,,,,,,
2007126199,2014.0,1,0,0,0,0,0,0,0,0,4,0,,67,11,2007,1,40.0597,-75.1783,2013.0,6,0,0,0,0,0,0,0,0,,0,0,0,20,3,1,2,,0,40 03:34.873,,0,75 10:41.782,4,0,0,0,67301,0,0,0,N,0,0,0,2,67301,1,,1,1,,N,N,,1,,0,0,0,0,0,,2007,1,2,0,0,0,0,1,3,4,0,2,3,,N,,,,,,,,,,,
2007123762,2116.0,1,0,0,0,0,0,0,0,0,7,0,,67,11,2007,1,,,2115.0,6,0,0,0,0,0,0,0,0,1.0,0,0,0,21,3,1,3,,2,,5.0,0,,8,0,0,0,67301,0,0,0,N,0,0,0,2,67301,0,,2,1,,N,N,,0,,0,0,0,0,0,Y,2114,1,1,0,0,0,1,1,3,3,0,1,3,,N,,,,,,,,,,,
2007123765,2137.0,2,0,0,0,0,0,0,0,0,1,0,,67,11,2007,2,40.0629,-75.0425,2132.0,6,0,0,0,0,0,0,0,0,,0,0,0,20,3,1,0,,0,40 03:46.000,,0,75 02:33.239,4,0,0,0,67301,0,0,0,N,0,0,0,2,67301,1,,1,1,,N,N,,0,,0,0,0,3,2,,2053,1,2,0,0,2,0,0,3,4,0,2,3,,N,,,,,,,,,,,
2007123841,812.0,0,0,0,0,0,0,0,0,0,8,0,,67,11,2007,6,40.0209,-75.1191,812.0,6,0,0,0,0,0,0,0,0,,0,0,0,8,1,1,1,,0,40 01:15.348,,0,75 07:08.774,8,0,0,0,67301,1,0,0,N,1,0,0,2,67301,0,,1,1,,N,Y,,0,,0,0,0,0,0,,812,1,2,0,0,0,1,0,3,4,1,1,3,,N,,,,,,,,,,,
2007124157,1930.0,0,0,0,0,0,0,0,0,0,8,0,,67,10,2007,4,40.0387,-75.0443,1925.0,6,0,0,0,0,0,0,0,0,,0,0,0,19,3,1,1,,0,40 02:19.000,,0,75 02:39.345,8,0,0,0,67301,1,0,0,N,1,0,0,2,67301,0,,1,1,,N,N,,1,,0,0,0,0,0,,1910,1,2,0,0,0,1,0,3,4,0,1,3,,N,,,,,,,,,,,
2007047743,2240.0,1,0,0,0,0,0,0,0,0,4,0,,67,2,2007,7,39.993,-75.1103,2235.0,6,0,0,1,0,0,0,0,0,,0,0,0,22,3,2,1,,0,39 59:34.000,,0,75 06:37.098,4,0,0,0,67301,0,0,0,N,0,0,0,5,67301,2,,1,1,,N,N,,0,,0,0,0,3,2,,2230,2,2,0,0,2,0,3,3,4,1,2,3,,N,,,,,,,,,,,
2007068120,103.0,3,0,0,0,0,0,0,0,0,2,0,,67,4,2007,2,40.0481,-75.0316,59.0,6,0,0,0,1,0,0,0,0,,0,0,0,0,3,2,0,,0,40 02:53.000,,0,75 01:53.932,3,0,0,0,67301,0,0,0,N,0,0,0,4,67301,0,,1,1,,N,N,,0,,2,0,0,0,0,,55,2,3,0,0,0,0,0,3,4,0,3,3,,N,,,,,,,,,,,
2007116211,546.0,2,0,0,0,0,0,0,0,0,4,0,,67,10,2007,7,40.0115,-75.0766,540.0,6,0,0,0,0,0,1,0,0,,0,0,0,99,3,1,0,,0,40 00:41.000,,0,75 04:36.273,2,0,0,0,67301,0,0,0,N,0,0,0,2,67301,0,,1,1,,,N,,0,,0,1,1,0,0,,9999,1,3,0,1,1,0,0,3,4,0,3,3,,N,,,,,,,,,,,
2007116230,1516.0,2,0,0,0,0,0,0,0,0,1,0,,67,10,2007,1,40.0876,-75.0352,1516.0,6,0,0,0,0,1,0,0,0,,0,0,0,15,1,0,0,,0,40 05:15.000,,0,75 02:06.674,0,0,0,0,67301,0,0,0,N,0,0,0,3,67301,0,,1,1,,N,N,,0,,0,0,0,0,0,,1514,0,2,0,0,0,0,0,3,4,0,2,3,,N,,,,,,,,,,,
2007108923,942.0,1,0,0,0,0,0,0,0,0,1,0,,67,9,2007,4,40.021,-75.0414,936.0,6,0,0,0,0,0,0,0,0,,0,0,0,99,1,1,0,,0,40 01:16.000,,0,75 02:25.760,4,0,0,0,67301,0,0,0,N,0,0,0,3,67301,1,,1,1,,N,N,,0,,0,0,1,3,8,,9999,1,2,0,0,0,0,0,3,4,0,2,3,,N,,,,,,,,,,,
2007106051,1305.0,1,0,0,0,0,0,0,0,0,7,0,,67,8,2007,3,40.0558,-75.1271,1300.0,6,0,0,0,0,0,0,0,0,,0,0,0,12,1,0,1,,0,40 03:21.000,,0,75 07:37.415,0,0,0,0,67301,0,0,0,N,0,0,0,1,67301,0,,5,1,,N,N,,0,,0,0,0,9,2,,1230,0,1,0,0,0,0,0,3,4,0,1,3,,N,,,,,,,,,,,
2007103644,1505.0,1,0,0,0,0,0,0,0,0,1,0,,67,8,2007,6,39.9995,-75.1906,1500.0,6,0,0,0,0,0,0,0,0,,0,0,0,15,1,1,0,,0,39 59:58.178,,0,75 11:26.289,4,0,0,0,67301,0,0,0,,0,0,0,3,67301,1,,1,98,,,,,0,,0,0,2,0,0,,1500,1,3,0,0,0,0,0,3,4,0,3,99,,N,,,,,,,,,,,
2007098712,123.0,3,0,0,0,0,0,0,0,0,5,0,,67,8,2007,6,40.0392,-75.0451,120.0,6,0,0,0,0,0,0,0,0,1.0,0,0,0,0,3,0,0,,1,40 02:20.000,4.0,0,75 02:42.484,0,0,0,0,67301,0,0,0,N,0,0,0,1,67301,0,,6,1,,N,N,,0,,0,0,0,0,0,N,24,0,3,0,0,0,0,0,3,4,0,3,3,,N,,,,,,,,,,,
2007098644,1915.0,1,0,0,0,0,0,0,0,0,8,0,,67,8,2007,4,40.0623,-75.0119,1907.0,6,0,0,0,1,0,0,0,0,,0,0,0,19,1,1,1,,0,40 03:44.276,,0,75 00:42.800,8,0,0,0,67301,1,0,0,N,1,0,0,3,67301,0,,1,1,,N,N,,0,,0,0,0,3,3,,1907,1,2,0,0,0,1,0,3,4,0,1,3,,N,,,,,,,,,,,
2007084004,1112.0,1,0,0,0,0,0,0,0,0,1,0,,67,7,2007,2,,,1110.0,6,0,0,0,0,0,0,0,0,,0,0,0,10,1,0,1,,0,,,0,,0,0,0,0,67301,0,0,0,,0,0,0,2,67301,0,,1,1,,,,,1,,0,0,0,0,0,,1053,0,2,0,0,0,0,0,3,3,0,2,3,,N,,,,,,,,,,,
2007081418,1508.0,2,0,0,0,0,0,0,0,0,1,0,,67,6,2007,1,39.939,-75.1917,1505.0,6,0,0,0,0,0,0,0,0,,0,0,0,15,1,1,0,,0,39 56:20.300,,0,75 11:30.200,4,0,0,0,67301,0,0,0,,0,0,0,1,67301,1,,1,1,,N,N,,0,,0,0,0,0,0,,1502,1,2,0,0,0,0,0,3,4,0,2,3,,N,,,,,,,,,,,
2007081621,1513.0,1,0,0,0,0,0,0,0,0,8,0,,67,6,2007,7,40.0035,-75.0819,1510.0,6,0,0,0,0,0,0,0,0,,0,0,0,15,1,1,0,,0,40 00:12.445,,0,75 04:54.861,8,0,0,0,67301,1,0,0,N,1,0,0,2,67301,0,,1,1,,N,N,,0,,0,0,0,0,0,,1508,1,2,0,0,0,1,0,3,4,0,1,3,,N,,,,,,,,,,,
2007081656,1755.0,3,0,0,0,0,0,0,0,0,1,0,,67,5,2007,6,39.9587,-75.1692,1748.0,6,0,0,0,0,0,0,0,0,1.0,0,0,0,99,1,0,0,,1,39 57:31.320,3.0,0,75 10:09.120,0,0,0,0,67301,0,0,0,N,0,0,0,7,67301,0,,1,1,,N,N,,0,,0,0,0,0,0,N,9999,0,3,0,0,0,0,0,3,4,0,3,3,,N,,,,,,,,,,,
2007081669,2210.0,1,0,0,0,0,0,0,0,0,2,0,,67,6,2007,7,39.9875,-75.1784,2208.0,6,0,0,0,0,0,0,0,0,,0,0,0,20,3,1,1,,0,39 59:15.093,,0,75 10:42.149,8,0,0,1,67301,0,0,0,,0,0,0,2,67301,0,,1,1,,N,N,,0,,0,0,0,3,2,,2030,1,2,0,0,0,1,0,3,4,0,2,3,,N,,,,,,,,,,,
2007081348,1900.0,1,0,0,0,0,0,0,0,0,8,0,,67,5,2007,7,40.0072,-75.1675,1850.0,6,0,0,0,0,0,0,0,0,,0,0,0,18,1,1,0,,0,40 00:25.988,,0,75 10:02.823,8,0,0,0,67301,1,0,0,,1,0,0,2,67301,0,,1,1,,,,,0,,0,0,0,0,0,,1845,1,2,0,0,0,1,0,3,4,0,1,3,,N,,,,,,,,,,,
2007081549,1659.0,1,0,0,1,0,0,0,0,0,4,0,,67,6,2007,4,40.0394,-75.2237,1658.0,6,0,0,0,0,0,0,0,0,,0,0,0,16,1,1,0,,0,40 02:21.709,,0,75 13:25.450,4,0,0,0,67301,1,0,0,N,0,0,0,2,67301,1,,6,1,,N,N,,0,,0,0,0,0,0,,1658,1,2,0,0,0,0,0,3,4,0,1,3,,N,,,,,,,,,,,
2007127377,135.0,2,0,0,0,0,0,0,0,0,1,0,,67,10,2007,4,40.0581,-75.139,124.0,6,0,0,0,0,0,2,0,0,,0,0,0,1,3,2,1,,0,40 03:29.000,,0,75 08:20.370,4,0,0,0,67301,0,0,0,N,0,0,0,3,67301,2,,1,9,,N,N,,0,,0,0,0,3,2,,120,2,2,0,0,0,0,0,3,4,0,2,7,,N,,,,,,,,,,,
2007126517,1220.0,2,0,0,0,0,0,0,0,0,4,0,,67,10,2007,6,39.9885,-75.1854,1213.0,6,0,0,0,0,0,0,0,0,,0,0,0,12,1,2,1,,0,39 59:18.434,,0,75 11:07.439,8,0,0,0,67301,0,0,0,N,0,0,0,3,67301,0,,1,9,,N,N,,0,,0,0,0,0,0,,1200,2,2,0,0,2,2,0,3,4,0,2,7,,N,,,,,,,,,,,
2007107826,1725.0,0,0,0,0,0,0,0,0,0,4,0,,67,9,2007,3,40.0029,-75.127,1720.0,6,0,0,0,0,0,1,0,0,,0,0,0,17,1,1,1,,0,40 00:10.512,,0,75 07:37.113,4,0,0,0,67301,0,0,0,N,0,0,0,2,67301,1,,1,1,,N,N,,0,,0,0,2,3,3,,1715,1,2,0,0,0,0,0,3,4,0,2,3,,N,,,,,,,,,,,
2007107827,2120.0,0,0,0,0,0,0,0,0,0,8,0,,67,9,2007,7,39.9724,-75.1478,2115.0,6,0,0,0,0,0,0,0,0,,0,0,0,21,3,1,0,,0,39 58:20.564,,0,75 08:52.020,4,0,0,0,67301,1,0,0,,1,0,0,2,67301,1,,1,98,,,,,0,,0,0,0,0,0,,2100,1,2,0,0,0,0,1,3,4,0,1,3,,N,,,,,,,,,,,
2007107902,1431.0,1,0,0,0,0,0,0,0,0,5,1,,67,9,2007,4,39.963,-75.1834,1425.0,6,0,0,0,0,0,0,2,0,1.0,0,1,0,14,1,0,0,,1,39 57:49.000,4.0,0,75 11:03.189,0,0,0,0,67301,0,0,0,N,0,0,0,2,68K01,0,,1,1,,N,N,,0,,0,0,0,0,0,N,1424,0,2,0,0,0,0,0,3,4,0,2,3,,N,,,,,,,,,,,
2007100111,2028.0,2,0,0,0,0,0,0,0,0,4,0,,67,8,2007,7,39.9498,-75.1838,2026.0,6,0,0,0,0,0,0,0,0,,0,0,0,20,3,0,0,,0,39 57:04.000,,0,75 10:57.804,9,0,0,0,67301,0,0,0,N,0,0,0,3,68K01,0,,1,1,,N,N,,0,,0,0,0,0,0,,2026,0,2,0,0,0,0,1,3,4,0,2,3,,N,,,,,,,,,,,
2007097883,1947.0,1,0,0,0,0,0,0,0,0,0,0,,67,8,2007,5,39.9763,-75.1726,1945.0,6,0,0,0,0,0,0,0,0,,0,0,0,18,1,1,0,,0,39 58:34.553,,0,75 10:21.417,3,0,0,0,67301,0,0,0,N,0,0,0,2,67301,0,,1,9,,N,N,,0,,1,0,0,0,0,,1845,1,1,0,0,0,0,1,3,4,0,1,7,,N,,,,,,,,,,,
2007098136,1200.0,2,0,0,0,0,0,0,0,0,4,0,,67,7,2007,7,39.9744,-75.1948,1154.0,6,0,0,0,0,1,0,1,0,,0,0,0,11,1,0,0,,0,39 58:27.826,,7,75 11:41.381,0,0,0,0,67301,0,0,0,N,0,0,0,2,67301,0,,1,1,,N,N,,0,,0,0,0,0,0,,1150,0,2,0,0,0,0,0,3,4,0,2,3,,N,,,,,,,,,,,
2007093213,1606.0,2,0,0,0,0,0,0,0,0,5,0,,67,7,2007,4,39.9617,-75.2165,1604.0,6,0,0,0,0,0,0,0,0,,0,0,0,15,1,1,0,,0,39 57:42.242,,0,75 12:59.230,8,0,0,0,67301,0,0,0,N,0,0,0,4,67301,0,,1,1,,N,N,,0,,0,0,0,3,2,,1530,1,2,0,0,0,1,0,3,4,0,2,3,,N,,,,,,,,,,,
2007095804,31.0,2,0,0,0,0,0,0,0,0,1,0,,67,8,2007,7,39.9688,-75.2454,30.0,6,0,0,0,0,0,0,0,0,,0,0,0,0,3,2,1,,0,39 58:07.000,,0,75 14:43.550,4,0,0,0,67301,0,0,0,N,0,0,0,3,67301,2,,1,1,,N,N,,0,,0,0,0,3,2,,28,2,2,0,0,0,0,0,3,4,0,2,3,,N,,,,,,,,,,,
2007127583,1035.0,1,0,0,0,0,0,0,0,0,4,0,,67,10,2007,3,40.0857,-75.2112,1022.0,6,0,0,0,0,0,2,0,0,,0,0,0,9,1,0,1,,0,40 05:08.000,,0,75 12:40.489,0,0,0,0,67301,0,0,0,,0,0,0,3,67301,0,,1,1,,N,N,,1,,0,0,0,3,2,,940,0,3,0,0,0,0,0,3,4,1,3,3,,N,,,,,,,,,,,
2007126126,646.0,1,0,0,0,0,0,0,0,0,4,0,,67,11,2007,6,40.0359,-75.1344,644.0,6,0,0,0,0,0,0,0,0,1.0,0,0,0,6,1,1,1,,1,40 02:09.168,1.0,0,75 08:03.699,4,0,0,0,67301,0,0,0,N,0,0,0,4,67301,1,,1,1,,N,N,,0,,0,0,1,3,3,Y,640,1,2,0,0,0,0,1,3,4,0,2,3,,N,,,,,,,,,,,
2007123759,2138.0,2,0,0,0,0,0,0,0,0,4,0,,67,10,2007,5,40.001,-75.148,2122.0,6,0,0,0,0,0,0,0,0,,0,0,0,21,3,1,1,,0,40 00:03.000,,0,75 08:53.867,8,0,0,0,67301,0,0,0,N,0,0,0,3,67301,0,,1,1,,N,N,,0,,0,0,0,3,2,,2115,1,2,0,0,0,1,0,3,4,0,2,3,,N,,,,,,,,,,,
2007123798,1055.0,1,0,0,0,0,0,0,0,0,7,0,,67,11,2007,2,40.031,-75.2212,1051.0,6,0,0,0,0,0,0,0,0,,0,0,0,10,1,0,0,,0,40 01:51.463,,0,75 13:16.204,0,0,0,0,67301,0,0,0,N,0,0,0,1,67301,0,,5,1,,N,N,,0,,0,0,0,0,0,,1045,0,1,0,0,0,0,0,3,4,0,1,3,,N,,,,,,,,,,,
2007123814,340.0,2,0,0,0,0,0,0,0,0,1,0,,67,11,2007,5,40.0079,-75.0714,336.0,6,0,0,0,0,0,0,0,0,1.0,0,0,0,3,3,1,0,,2,40 00:27.000,1.0,0,75 04:18.712,8,0,0,0,67301,0,0,0,,0,0,0,1,67301,0,,2,1,,,,,0,,0,0,0,0,0,N,331,1,2,0,0,1,1,0,3,4,0,2,3,,N,,,,,,,,,,,
2007123832,510.0,1,0,0,0,0,0,0,0,0,8,0,,67,10,2007,7,40.0316,-75.0633,455.0,6,0,0,0,0,0,0,0,0,,0,0,0,1,3,1,1,,0,40 01:53.000,,0,75 03:48.013,3,0,0,0,67301,1,0,0,N,1,0,0,2,67301,0,,1,9,,N,N,,0,,1,0,0,3,2,,100,1,2,0,0,0,0,1,3,4,0,1,7,,N,,,,,,,,,,,