CRN,ARRIVAL_TM,AUTOMOBILE_COUNT,BELTED_DEATH_COUNT,BELTED_SUSP_SERIOUS_INJ_COUNT,BICYCLE_COUNT,BICYCLE_DEATH_COUNT,BICYCLE_SUSP_SERIOUS_INJ_COUNT,BUS_COUNT,CHLDPAS_DEATH_COUNT,CHLDPAS_SUSP_SERIOUS_INJ_COUNT,COLLISION_TYPE,COMM_VEH_COUNT,CONS_ZONE_SPD_LIM,COUNTY,CRASH_MONTH,CRASH_YEAR,DAY_OF_WEEK,DEC_LAT,DEC_LONG,DISPATCH_TM,DISTRICT,DRIVER_COUNT_16YR,DRIVER_COUNT_17YR,DRIVER_COUNT_18YR,DRIVER_COUNT_19YR,DRIVER_COUNT_20YR,DRIVER_COUNT_50_64YR,DRIVER_COUNT_65_74YR,DRIVER_COUNT_75PLUS,EST_HRS_CLOSED,FATAL_COUNT,HEAVY_TRUCK_COUNT,HORSE_BUGGY_COUNT,HOUR_OF_DAY,ILLUMINATION,INJURY_COUNT,INTERSECT_TYPE,INTERSECTION_RELATED,LANE_CLOSED,LATITUDE,LN_CLOSE_DIR,LOCATION_TYPE,LONGITUDE,MAX_SEVERITY_LEVEL,MCYCLE_DEATH_COUNT,MCYCLE_SUSP_SERIOUS_INJ_COUNT,MOTORCYCLE_COUNT,MUNICIPALITY,NONMOTR_COUNT,NONMOTR_DEATH_COUNT,NONMOTR_SUSP_SERIOUS_INJ_COUNT,NTFY_HIWY_MAINT,PED_COUNT,PED_DEATH_COUNT,PED_SUSP_SERIOUS_INJ_COUNT,PERSON_COUNT,POLICE_AGCY,POSSIBLE_INJ_COUNT,RDWY_SURF_TYPE_CD,RELATION_TO_ROAD,ROAD_CONDITION,ROADWAY_CLEARED,SCH_BUS_IND,SCH_ZONE_IND,SECONDARY_CRASH,SMALL_TRUCK_COUNT,SPEC_JURIS_CD,SUSP_MINOR_INJ_COUNT,SUSP_SERIOUS_INJ_COUNT,SUV_COUNT,TCD_FUNC_CD,TCD_TYPE,TFC_DETOUR_IND,TIME_OF_DAY,TOT_INJ_COUNT,TOTAL_UNITS,UNB_DEATH_COUNT,UNB_SUSP_SERIOUS_INJ_COUNT,UNBELTED_OCC_COUNT,UNK_INJ_DEG_COUNT,UNK_INJ_PER_COUNT,URBAN_AREA,URBAN_RURAL,VAN_COUNT,VEHICLE_COUNT,WEATHER1,WEATHER2,WORK_ZONE_IND,WORK_ZONE_LOC,WORK_ZONE_TYPE,WORKERS_PRES,WZ_CLOSE_DETOUR,WZ_FLAGGER,WZ_LAW_OFFCR_IND,WZ_LN_CLOSURE,WZ_MOVING,WZ_OTHER,WZ_SHLDER_MDN,WZ_WORKERS_INJ_KILLED
2007123837,2128.0,1,0,0,0,0,0,0,0,0,8,0,,67,11,2007,1,40.0551,-75.1766,2128.0,6,0,0,0,0,0,0,0,0,,0,0,0,18,6,1,1,,0,40 03:18.000,,0,75 10:35.869,4,0,0,0,67301,1,0,0,N,1,0,0,2,67301,1,,1,1,,N,N,,0,,0,0,0,0,0,,1830,1,2,0,0,0,0,1,3,4,0,1,3,,N,,,,,,,,,,,
2007123847,145.0,0,0,0,0,0,0,0,0,0,0,1,,67,10,2007,4,40.0188,-75.1271,145.0,6,0,0,0,0,0,0,0,0,9.0,0,1,0,1,3,1,0,,2,40 01:07.557,5.0,0,75 07:37.646,4,0,0,0,67301,0,0,0,,0,0,0,1,67301,1,,1,9,,N,N,,0,,0,0,0,0,0,N,141,1,1,0,0,0,0,0,3,4,0,1,7,,N,,,,,,,,,,,
2007121449,238.0,1,0,0,0,0,0,0,0,0,7,0,,67,10,2007,7,39.9959,-75.1974,234.0,6,0,0,0,0,0,0,0,0,1.0,0,0,0,2,3,1,0,,1,39 59:45.000,3.0,0,75 11:50.229,4,0,0,0,67301,0,0,0,N,0,0,0,1,68K01,1,,3,8,,N,N,,0,,0,0,0,0,0,N,225,1,1,0,0,0,0,0,3,4,0,1,7,,N,,,,,,,,,,,
2007060527,1505.0,0,0,0,0,0,0,0,0,0,7,0,,67,4,2007,7,40.055,-75.1688,1457.0,6,0,0,0,0,0,1,0,0,,0,0,0,14,1,0,0,,0,40 03:18.000,,0,75 10:07.644,0,0,0,0,67301,0,0,0,Y,0,0,0,1,67301,0,,2,1,,N,N,,0,,0,0,0,3,2,,1445,0,1,0,0,0,0,0,3,4,1,1,3,,N,,,,,,,,,,,
2007105889,2112.0,3,0,0,0,0,0,0,0,0,4,0,,67,9,2007,5,40.0477,-75.06,2110.0,6,0,1,0,0,0,1,0,0,1.0,0,0,0,21,3,1,1,,1,40 02:51.000,3.0,0,75 03:35.364,3,0,0,0,67301,0,0,0,,0,0,0,3,67301,0,,1,1,,,,,0,,1,0,0,3,2,Y,2105,1,3,0,0,0,0,0,3,4,0,3,3,,N,,,,,,,,,,,
2007105771,1700.0,2,0,0,0,0,0,0,0,0,1,0,,67,8,2007,1,39.9593,-75.1731,1651.0,6,0,0,0,0,0,0,0,0,,0,0,0,16,1,0,0,,0,39 57:33.000,,0,75 10:24.720,0,0,0,0,67301,0,0,0,,0,0,0,2,67301,0,,1,9,,,,,0,,0,0,0,0,0,,1650,0,2,0,0,0,0,0,3,4,0,2,7,,N,,,,,,,,,,,
2007106346,1610.0,1,0,0,0,0,0,0,0,0,4,0,,67,8,2007,5,40.1134,-74.9872,1603.0,6,0,0,0,0,0,0,0,0,,0,0,0,16,1,0,0,,0,40 06:48.128,,7,74 59:13.779,0,0,0,0,67301,0,0,0,N,0,0,0,2,67301,0,,3,1,,N,N,,1,,0,0,0,0,0,,1600,0,2,0,0,0,0,0,3,4,0,2,3,,N,,,,,,,,,,,
2007106350,1820.0,2,0,0,0,0,0,0,0,0,6,0,,67,8,2007,3,39.9834,-75.1191,1810.0,6,0,0,0,0,0,0,0,0,,0,0,0,18,1,2,1,,0,39 59:00.000,,0,75 07:08.922,4,0,0,0,67301,0,0,0,N,0,0,0,3,67301,2,,1,1,,N,N,,0,,0,0,0,3,2,,1810,2,2,0,0,3,0,0,3,4,0,2,3,,N,,,,,,,,,,,
2007106571,10.0,1,0,0,0,0,0,0,0,0,2,0,,67,8,2007,6,39.8806,-75.2119,0.0,6,0,0,0,0,0,0,0,0,,0,0,0,23,3,1,0,,0,39 52:50.200,,0,75 12:42.800,8,0,0,1,67301,0,0,0,,0,0,0,1,67301,0,,2,1,,,,,0,,0,0,0,0,0,,2350,1,2,0,0,0,1,0,3,4,0,2,3,,N,,,,,,,,,,,
2007106573,9999.0,0,0,0,0,0,0,0,0,0,8,0,,67,8,2007,5,39.9441,-75.236,9999.0,6,0,0,0,0,0,0,0,0,1.0,0,0,0,99,1,1,0,,1,39 56:38.886,2.0,0,75 14:09.549,4,0,0,0,67301,1,0,0,N,1,0,0,2,67301,1,,1,1,,N,N,,0,,0,0,0,0,0,N,9999,1,2,0,0,0,0,0,3,4,0,1,3,,N,,,,,,,,,,,
2007106522,1207.0,1,0,0,0,0,0,0,0,0,4,0,,67,8,2007,5,39.9987,-75.1782,1203.0,6,0,0,0,0,0,1,0,0,1.0,0,0,0,11,1,1,1,,1,39 59:55.000,1.0,0,75 10:41.593,8,0,0,1,67301,0,0,0,N,0,0,0,2,67301,0,,1,1,,N,N,,0,,0,0,0,3,2,N,1140,1,2,0,0,0,1,0,3,4,0,2,3,,N,,,,,,,,,,,
2007106526,2225.0,2,0,0,0,0,0,0,0,0,5,0,,67,8,2007,6,39.9894,-75.1436,2220.0,6,0,0,0,1,0,0,0,0,,0,0,0,22,3,2,0,,0,39 59:21.660,,0,75 08:37.068,3,0,0,0,67301,1,0,0,N,1,0,0,3,67301,0,,1,1,,N,N,,1,,2,0,1,0,0,,2215,2,5,0,0,1,0,0,3,4,0,4,3,,N,,,,,,,,,,,
2007098764,1018.0,2,0,0,0,0,0,0,0,0,4,0,,67,8,2007,3,39.9249,-75.174,1017.0,6,0,0,0,0,0,2,0,0,1.0,0,0,0,10,1,1,1,,1,39 55:28.000,6.0,0,75 10:16.478,4,0,0,0,67301,0,0,0,,0,0,0,2,67301,1,,1,1,,,,,0,,0,0,0,9,2,Y,1017,1,2,0,0,0,0,1,3,4,0,2,3,,N,,,,,,,,,,,
2007096184,1610.0,0,0,0,0,0,0,0,0,0,4,0,,67,7,2007,5,39.9172,-75.2374,1600.0,6,0,0,1,0,0,0,0,0,,0,0,0,15,1,0,1,,0,39 55:02.000,,0,75 14:14.593,0,0,0,0,67301,0,0,0,N,0,0,0,2,67301,0,,1,1,,N,N,,1,,0,0,1,3,2,,1530,0,2,0,0,0,0,0,3,4,0,2,3,,N,,,,,,,,,,,
2007081426,1906.0,1,0,0,0,0,0,0,0,0,2,0,,67,6,2007,2,40.1058,-75.0338,1904.0,6,0,0,0,0,0,1,1,0,,0,0,0,19,4,3,0,,0,40 06:20.934,,0,75 02:01.532,4,0,0,0,67301,0,0,0,N,0,0,0,3,67301,3,,1,1,,N,N,,0,,0,0,1,0,0,,1900,3,2,0,0,0,0,0,3,4,0,2,3,,N,,,,,,,,,,,
2007081646,1716.0,2,0,0,0,0,0,0,0,0,4,0,,67,6,2007,2,39.9809,-75.2465,1711.0,6,0,0,1,0,1,0,0,0,,0,0,0,17,1,1,1,,0,39 58:51.000,,0,75 14:47.556,4,0,0,0,67301,0,0,0,N,0,0,0,3,67301,1,,1,1,,N,N,,0,,0,0,0,3,2,,1700,1,2,0,0,1,0,0,3,4,0,2,3,,N,,,,,,,,,,,
2007120330,2344.0,1,0,0,0,0,0,0,0,0,7,0,,67,10,2007,7,39.9497,-75.1841,2329.0,6,0,0,0,0,0,0,0,0,2.0,0,0,0,23,3,0,0,,1,39 57:02.000,3.0,0,75 10:59.322,0,0,0,0,67301,0,0,0,N,0,0,0,2,68K01,0,,3,1,,N,N,,0,,0,0,0,0,0,N,2329,0,1,0,0,2,0,0,3,4,0,1,3,,N,,,,,,,,,,,
2007081715,400.0,2,0,0,0,0,0,0,0,0,1,0,,67,7,2007,5,39.9614,-75.1616,355.0,6,0,0,0,0,0,1,0,0,,0,0,0,3,3,2,2,,0,39 57:40.000,,0,75 09:41.617,3,0,0,0,67301,0,0,0,N,0,0,0,3,67301,0,,1,9,,N,N,,0,,2,0,0,3,3,,346,2,2,0,0,2,0,0,3,4,0,2,7,,N,,,,,,,,,,,
2007081717,9999.0,1,0,0,0,0,0,0,0,0,1,0,,67,5,2007,6,39.9732,-75.2362,1553.0,6,0,0,0,0,0,0,0,1,,0,0,0,15,1,1,1,,0,39 58:23.415,,0,75 14:10.463,8,0,0,0,67301,0,0,0,N,0,0,0,2,67301,0,,1,1,,N,N,,0,,0,0,1,3,3,,1515,1,2,0,0,0,1,1,3,4,0,2,3,,N,,,,,,,,,,,
2007118087,3.0,2,0,0,0,0,0,0,0,0,4,0,,67,9,2007,1,40.0288,-75.1322,1.0,6,0,0,0,0,0,0,0,0,3.0,0,0,0,0,3,0,1,,1,40 01:43.550,6.0,0,75 07:55.833,0,0,0,0,67301,0,0,0,N,0,0,0,8,67301,0,,1,1,,N,N,,0,,0,0,0,9,2,Y,1,0,2,0,0,0,0,0,3,4,0,2,3,,N,,,,,,,,,,,
2007081561,1810.0,4,0,0,0,0,0,0,0,0,1,0,,67,6,2007,3,40.0811,-75.0289,1759.0,6,0,0,0,0,0,1,0,0,,0,0,0,17,1,1,1,,0,40 04:51.000,,0,75 01:44.242,4,0,0,0,67301,0,0,0,N,0,0,0,4,67301,1,,1,9,,N,N,,0,,0,0,0,3,2,,1750,1,4,0,0,0,0,0,3,4,0,4,7,,N,,,,,,,,,,,
2007081574,1550.0,3,0,0,0,0,0,0,0,0,1,0,,67,6,2007,6,39.9562,-75.2481,1544.0,6,0,0,0,0,0,0,0,1,,0,0,0,15,1,0,2,,0,39 57:22.000,,0,75 14:53.152,0,0,0,0,67301,0,0,0,N,0,0,0,1,67301,0,,2,1,,N,N,,0,,0,0,0,0,0,,1544,0,3,0,0,0,0,0,3,4,0,3,3,,N,,,,,,,,,,,
2007126113,2237.0,3,0,0,0,0,0,0,0,0,2,0,,67,11,2007,2,40.0274,-75.0923,2237.0,6,0,0,0,0,0,1,0,0,1.0,0,0,0,99,3,1,0,,1,40 01:37.000,2.0,0,75 05:34.529,4,0,0,0,67301,0,0,0,,0,0,0,5,67301,1,,1,9,,,,,0,,0,0,0,0,0,N,9999,1,3,0,0,0,0,3,3,4,0,3,7,,N,,,,,,,,,,,
2007107561,807.0,2,0,0,0,0,0,0,0,0,4,0,,67,9,2007,7,39.9519,-75.2388,755.0,6,0,0,0,0,0,0,0,0,,0,0,0,7,1,1,1,,0,39 57:07.016,,0,75 14:19.755,4,0,0,0,67301,0,0,0,N,0,0,0,2,67301,1,,1,1,,N,N,,0,,0,0,1,3,2,,750,1,3,0,0,0,0,0,3,4,0,3,3,,N,,,,,,,,,,,
2007107762,443.0,2,0,0,0,0,0,0,0,0,4,0,,67,9,2007,1,40.0227,-75.1367,334.0,6,0,0,0,1,0,0,0,0,1.0,0,0,0,3,3,1,2,,1,40 01:21.000,2.0,0,75 08:12.364,8,0,0,0,67301,0,0,0,N,0,0,0,4,67301,0,,1,1,,N,N,,0,,0,0,0,3,2,N,334,1,2,0,0,0,1,3,3,4,0,2,3,,N,,,,,,,,,,,
2007107921,1638.0,0,0,0,0,0,0,1,0,0,1,1,,67,9,2007,4,40.0577,-74.9996,1638.0,6,0,0,0,0,0,2,0,0,,0,0,0,99,1,1,0,,0,40 03:27.000,,0,74 59:58.388,8,0,0,0,67301,0,0,0,N,0,0,0,3,67301,0,,1,1,,N,N,,1,,0,0,0,0,0,,9999,1,2,0,0,0,1,1,3,4,0,2,3,,N,,,,,,,,,,,
2007107953,1745.0,2,0,0,0,0,0,0,0,0,6,0,,67,9,2007,2,39.9654,-75.1741,1742.0,6,0,0,0,0,0,0,1,0,,0,0,0,17,1,1,1,,0,39 57:55.483,,0,75 10:26.846,2,0,0,0,67301,0,0,0,N,0,0,0,3,67301,0,,1,1,,N,N,,0,,0,1,0,3,2,,1740,1,2,0,0,0,0,1,3,4,0,2,3,,N,,,,,,,,,,,
2007105283,1530.0,1,0,0,0,0,0,0,0,0,4,0,,67,8,2007,1,39.9636,-75.171,1527.0,6,0,0,0,0,0,0,0,0,,0,0,0,15,1,2,1,,0,39 57:48.000,,0,75 10:15.587,4,0,0,0,67301,0,0,0,N,0,0,0,7,67301,1,,1,1,,N,N,,0,,0,0,0,3,2,,1505,2,2,0,0,0,1,0,3,4,1,2,3,,N,,,,,,,,,,,
2007105914,1034.0,0,0,0,0,0,0,0,0,0,5,0,,67,6,2007,4,39.9702,-75.145,1033.0,6,0,0,0,0,0,1,0,0,2.0,0,0,0,10,1,0,1,,1,39 58:12.000,3.0,0,75 08:41.997,0,0,0,0,67301,0,0,0,N,0,0,0,2,67301,0,,1,9,,N,N,,2,,0,0,0,3,2,N,1000,0,2,0,0,0,0,0,3,4,0,2,7,,N,,,,,,,,,,,
2007097860,1624.0,1,0,0,0,0,0,0,0,0,4,0,,67,8,2007,1,40.0083,-75.0716,1623.0,6,0,0,0,0,0,0,0,0,2.0,0,0,0,99,1,4,2,,1,40 00:29.000,1.0,0,75 04:17.707,4,0,0,0,67301,0,0,0,N,0,0,0,7,67301,4,,1,1,,N,N,,0,,0,0,1,9,3,N,9999,4,3,0,0,0,0,3,3,4,1,3,3,,N,,,,,,,,,,,
2007095356,1700.0,1,0,0,1,0,0,0,0,0,6,0,,67,8,2007,3,39.9225,-75.185,1655.0,6,0,0,0,0,0,1,0,0,,0,0,0,16,1,1,0,,0,39 55:20.928,,0,75 11:05.866,8,0,0,0,67301,1,0,0,,0,0,0,2,67301,0,,1,1,,,,,0,,0,0,0,0,0,,1640,1,2,0,0,0,1,0,3,4,0,1,3,,N,,,,,,,,,,,
2007098146,1912.0,1,0,0,0,0,0,0,0,0,8,0,,67,7,2007,3,40.0269,-75.1535,1908.0,6,0,0,0,0,0,0,0,0,,0,0,0,99,1,1,0,,0,40 01:36.678,,0,75 09:12.524,8,0,0,0,67301,1,0,0,N,1,0,0,2,67301,0,,1,1,,N,N,,0,,0,0,0,0,0,,9999,1,2,0,0,0,1,0,3,4,0,1,3,,N,,,,,,,,,,,
2007095714,259.0,1,0,0,0,0,0,0,0,0,7,0,,67,8,2007,2,39.9643,-75.1849,254.0,6,0,0,0,0,0,0,0,0,1.0,0,0,0,2,3,2,0,,1,39 57:52.000,3.0,0,75 11:06.123,4,0,0,0,67301,0,0,0,N,0,0,0,2,68K01,2,,3,9,,N,N,,0,,0,0,0,0,0,N,254,2,1,0,0,0,0,0,3,4,0,1,7,,N,,,,,,,,,,,
2007098281,230.0,2,0,0,0,0,0,0,0,0,4,0,,67,7,2007,1,40.0278,-75.047,220.0,6,0,0,1,0,0,0,0,0,1.0,0,0,0,2,3,1,1,,1,40 01:40.011,1.0,0,75 02:49.293,4,0,0,0,67301,0,0,0,N,0,0,0,4,67301,1,,1,1,,N,N,,0,,0,0,0,3,3,Y,200,1,2,0,0,0,0,0,3,4,0,2,3,,N,,,,,,,,,,,
2007098306,1736.0,4,0,0,0,0,0,0,0,0,4,0,,67,7,2007,6,39.9654,-75.1741,1735.0,6,0,0,0,0,0,0,0,0,,0,0,0,17,1,0,1,,0,39 57:55.483,,0,75 10:26.846,0,0,0,0,67301,0,0,0,N,0,0,0,4,67301,0,,1,1,,N,,,0,,0,0,2,3,2,,1730,0,6,0,0,0,0,0,3,4,0,6,3,,N,,,,,,,,,,,
2007029901,1345.0,1,0,0,0,0,0,0,0,0,7,0,,67,1,2007,3,40.0012,-75.195,1345.0,6,0,0,0,0,0,0,0,0,1.0,0,0,0,13,1,0,0,,1,40 00:04.000,3.0,0,75 11:41.921,0,0,0,0,67301,0,0,0,N,0,0,0,1,68K01,0,,3,1,,N,N,,0,,0,0,0,0,0,N,1345,0,1,0,0,0,0,0,3,4,0,1,3,,N,,,,,,,,,,,
2007022493,918.0,3,0,0,0,0,0,0,0,0,4,0,,67,1,2007,3,39.9643,-75.2465,918.0,6,0,0,0,0,0,0,0,0,,0,0,0,9,1,1,1,,0,39 57:46.000,,0,75 14:48.422,3,0,0,0,67301,0,0,0,N,0,0,0,3,67301,0,,1,1,,N,N,,0,,1,0,1,0,0,,915,1,4,0,0,0,0,0,3,4,0,4,3,,N,,,,,,,,,,,
2007066467,630.0,1,0,0,0,0,0,0,0,0,8,0,,67,5,2007,6,40.0318,-75.122,624.0,6,0,0,0,0,0,1,0,0,,0,0,0,6,1,1,0,,0,40 01:54.500,,0,75 07:19.100,4,0,0,0,67301,1,0,0,N,1,0,0,2,67301,1,,1,1,,N,N,,0,,0,0,0,0,0,,600,1,2,0,0,0,0,0,3,4,0,1,3,,N,,,,,,,,,,,
2007066542,2043.0,1,0,0,0,0,0,0,0,0,8,0,,67,5,2007,6,39.9686,-75.2207,2041.0,6,0,0,0,0,0,1,0,0,,0,0,0,20,3,1,1,,0,39 58:06.999,,0,75 13:14.343,4,0,0,0,67301,1,0,0,N,1,0,0,3,67301,1,,1,1,,N,N,,0,,0,0,0,3,2,,2035,1,2,0,0,1,0,0,3,4,0,1,3,,N,,,,,,,,,,,
2007079969,843.0,1,0,0,0,0,0,0,0,0,7,0,,67,5,2007,7,40.009,-75.0688,838.0,6,0,0,0,0,0,0,0,0,9.0,0,0,0,8,1,1,0,,1,40 00:30.000,2.0,0,75 04:13.119,4,0,0,0,67301,0,0,0,N,0,0,0,1,67301,1,,2,1,,N,N,,0,,0,0,0,0,0,N,835,1,1,0,0,0,0,0,3,4,0,1,3,,N,,,,,,,,,,,
2007079971,750.0,2,0,0,0,0,0,0,0,0,1,0,,67,6,2007,7,39.9982,-75.1334,739.0,6,0,0,0,0,0,0,0,0,,0,0,0,7,1,1,1,,0,39 59:53.365,,0,75 08:00.340,4,0,0,0,67301,0,0,0,N,0,0,0,2,67301,1,,1,1,,,N,,0,,0,0,0,0,0,,730,1,2,0,0,0,0,0,3,4,0,2,3,,N,,,,,,,,,,,
2007080416,9999.0,1,0,0,0,0,0,0,0,0,1,0,,67,6,2007,4,39.9516,-75.1826,1742.0,6,0,0,0,0,0,0,0,0,,0,0,0,17,1,1,1,,0,39 57:05.000,,0,75 10:58.007,4,0,0,1,67301,0,0,0,N,0,0,0,2,67301,1,,1,1,,N,N,,0,,0,0,0,0,0,,1742,1,2,0,0,0,0,1,3,4,0,2,3,,N,,,,,,,,,,,
2007116658,2035.0,1,0,0,1,0,0,0,0,0,5,0,,67,10,2007,5,39.951,-75.1654,2034.0,6,0,0,0,0,0,0,0,0,,0,0,0,20,3,1,2,,0,39 57:03.000,,0,75 09:55.537,4,0,0,0,67301,1,0,0,N,0,0,0,3,67301,1,,1,1,,N,N,,0,,0,0,0,3,2,,2025,1,2,0,0,0,0,0,3,4,0,1,3,,N,,,,,,,,,,,
2007124112,2120.0,2,0,0,0,0,0,0,0,0,1,0,,67,10,2007,3,40.0566,-75.0466,2114.0,6,0,0,0,0,0,0,0,0,,0,0,0,21,3,2,5,,0,40 03:23.000,,0,75 02:47.581,8,0,0,0,67301,0,0,0,N,0,0,0,3,67301,0,,1,1,,N,N,,0,,0,0,0,3,2,,2100,2,2,0,0,0,2,0,3,4,0,2,3,,N,,,,,,,,,,,
2007126197,934.0,2,0,0,0,0,0,0,0,0,4,0,,67,11,2007,6,39.9205,-75.2141,927.0,6,0,0,0,0,0,0,1,0,1.0,0,0,0,9,1,1,0,,1,39 55:13.870,2.0,0,75 12:50.687,4,0,0,0,67301,0,0,0,N,0,0,0,3,67301,1,,1,1,,N,N,,0,,0,0,0,0,0,N,925,1,2,0,0,0,0,1,3,4,0,2,3,,N,,,,,,,,,,,
2007123808,2210.0,2,0,1,0,0,0,0,0,0,4,0,,67,11,2007,5,39.9612,-75.1748,2210.0,6,0,0,0,0,0,0,0,0,,0,0,0,22,3,1,1,,0,39 57:40.000,,0,75 10:30.473,2,0,0,0,67301,0,0,0,N,0,0,0,2,67301,0,,1,1,,N,N,,0,,0,1,0,3,2,,2210,1,2,0,0,0,0,0,3,4,0,2,3,,N,,,,,,,,,,,
2007124168,635.0,2,0,0,0,0,0,0,0,0,5,0,,67,11,2007,4,40.0185,-75.0638,625.0,6,0,0,0,0,1,0,0,0,,0,0,0,6,1,1,1,,0,40 01:06.000,,0,75 03:49.662,8,0,0,0,67301,0,0,0,N,0,0,0,3,67301,0,,1,1,,N,N,,0,,0,0,0,2,2,,625,1,2,0,0,0,1,0,3,4,0,2,5,,N,,,,,,,,,,,
2007033581,1555.0,3,0,0,0,0,0,0,0,0,4,0,,67,2,2007,5,39.9761,-75.2386,1555.0,6,0,0,0,0,0,0,0,0,2.0,0,0,0,15,1,2,1,,2,39 58:33.978,7.0,0,75 14:18.941,8,0,0,0,67301,1,0,0,N,1,0,0,3,67301,0,,1,1,,N,N,,0,,0,0,0,3,2,Y,1545,2,4,0,0,0,2,0,3,4,0,3,3,,N,,,,,,,,,,,
2007047772,1340.0,1,0,0,0,0,0,0,0,0,1,0,,67,3,2007,7,40.0116,-75.108,1326.0,6,0,0,1,0,0,1,0,0,,0,0,0,13,1,1,1,,0,40 00:41.644,,0,75 06:28.900,8,0,0,0,67301,0,0,0,N,0,0,0,2,67301,0,,1,1,,N,N,,0,,0,0,0,1,2,,1326,1,2,0,0,0,1,0,3,4,1,2,3,,N,,,,,,,,,,,
2007065772,1538.0,1,0,0,0,0,0,0,0,0,1,0,,67,5,2007,2,40.0153,-75.2081,1530.0,6,0,0,0,0,0,0,0,0,,0,0,0,15,1,1,1,,0,40 00:55.000,,0,75 12:30.236,4,0,0,0,67301,0,0,0,N,0,0,0,2,67301,1,,1,1,,N,N,,1,,0,0,0,3,2,,1529,1,2,0,0,0,0,1,3,4,0,2,3,,N,,,,,,,,,,,
2007065775,1620.0,1,0,0,0,0,0,0,0,0,1,0,,67,4,2007,6,39.9151,-75.2446,1615.0,6,0,0,0,0,0,0,0,0,,0,0,0,16,1,2,2,,0,39 54:54.000,,0,75 14:40.590,8,0,0,0,67301,0,0,0,N,0,0,0,2,67301,0,,1,9,,N,N,,0,,0,0,0,0,0,,1605,2,2,0,0,0,2,0,3,4,0,2,7,,N,,,,,,,,,,,
2007065644,2129.0,1,0,0,0,0,0,0,0,0,7,0,,67,4,2007,7,40.0586,-75.1639,2123.0,6,0,0,0,0,0,0,0,0,,0,0,0,21,3,1,0,,0,40 03:31.000,,0,75 09:50.029,3,0,0,0,67301,0,0,0,,0,0,0,1,67301,0,,5,1,,N,N,,0,,1,0,0,0,0,,2123,1,1,0,0,0,0,0,3,4,0,1,3,,N,,,,,,,,,,,
2007116195,1900.0,1,0,0,0,0,0,0,0,0,1,0,,67,9,2007,6,39.9735,-75.2331,1858.0,6,0,0,0,0,0,0,0,0,,0,0,0,18,3,1,0,,0,39 58:24.470,,0,75 13:59.210,8,0,0,0,67301,0,0,0,N,0,0,0,1,67301,0,,6,1,,N,N,,0,,0,0,0,3,3,,1855,1,2,0,0,0,1,0,3,4,0,2,3,,N,,,,,,,,,,,
2007116248,2220.0,3,0,0,0,0,0,0,0,0,1,0,,67,10,2007,5,40.007,-75.2137,2215.0,6,0,0,0,0,0,0,0,0,,0,0,0,22,2,3,0,,0,40 00:25.348,,0,75 12:49.231,4,0,0,0,67301,0,0,0,N,0,0,0,7,67301,3,,1,1,,N,N,,0,,0,0,2,3,2,,2215,3,5,0,0,0,0,0,3,4,0,5,3,,N,,,,,,,,,,,
2007105982,1758.0,1,0,0,1,0,0,0,0,0,1,0,,67,8,2007,5,39.9678,-75.1802,1755.0,6,0,0,0,0,0,0,1,0,,0,0,0,17,1,1,0,,0,39 58:04.151,,0,75 10:48.583,4,0,0,0,67301,1,0,0,N,0,0,0,2,67301,1,,4,1,,N,N,,0,,0,0,0,0,0,,1750,1,2,0,0,0,0,0,3,4,0,1,3,,N,,,,,,,,,,,
2007106167,1230.0,1,0,0,0,0,0,0,0,0,4,1,,67,6,2007,2,39.971,-75.1401,1252.0,6,0,0,0,0,0,0,0,0,,0,1,0,99,1,0,1,,0,39 58:15.710,,0,75 08:24.218,0,0,0,0,67301,0,0,0,,0,0,0,2,67301,0,,1,1,,,,,0,,0,0,0,3,3,,9999,0,2,0,0,0,0,0,3,4,0,2,3,,N,,,,,,,,,,,
2007106558,1542.0,2,0,0,0,0,0,0,0,0,4,0,,67,7,2007,7,39.9568,-75.1744,1540.0,6,0,0,0,0,0,0,0,0,2.0,0,0,0,15,1,0,1,,1,39 57:24.307,2.0,0,75 10:27.847,0,0,0,0,67301,0,0,0,,0,0,0,3,67301,0,,1,1,,,,,0,,0,0,0,3,3,N,1512,0,2,0,0,0,0,0,3,4,0,2,3,,N,,,,,,,,,,,
2007106471,1720.0,1,0,0,0,0,0,0,0,0,4,0,,67,8,2007,2,40.0283,-75.1201,1700.0,6,0,0,0,0,0,0,0,0,,0,0,0,16,1,2,1,,0,40 01:41.801,,0,75 07:12.241,8,0,0,0,67301,0,0,0,N,0,0,0,4,67301,0,,1,9,,N,N,,0,,0,0,0,3,2,,1650,2,2,0,0,0,2,0,3,4,1,2,7,,N,,,,,,,,,,,
2007098760,2217.0,1,0,0,0,0,0,0,0,0,4,0,,67,8,2007,7,39.9611,-75.2206,2215.0,6,0,0,0,0,0,0,0,0,,0,0,0,20,3,2,1,,0,39 57:39.884,,0,75 13:14.253,4,0,0,0,67301,0,0,0,N,0,0,0,3,67301,2,,1,1,,N,N,,0,,0,0,0,3,3,,2028,2,2,0,0,0,0,1,3,4,0,2,3,,N,,,,,,,,,,,
2007098808,2102.0,0,0,0,0,0,0,0,0,0,8,0,,67,8,2007,2,40.008,-75.1417,2102.0,6,0,0,0,0,0,0,0,0,,0,0,0,21,3,1,2,,0,40 00:28.000,,0,75 08:30.175,8,0,0,0,67301,1,0,0,N,1,0,0,2,67301,0,,1,1,,N,N,,1,,0,0,0,9,3,,2100,1,2,0,0,1,1,0,3,4,0,1,3,,N,,,,,,,,,,,