CRN,ARRIVAL_TM,AUTOMOBILE_COUNT,BELTED_DEATH_COUNT,BELTED_SUSP_SERIOUS_INJ_COUNT,BICYCLE_COUNT,BICYCLE_DEATH_COUNT,BICYCLE_SUSP_SERIOUS_INJ_COUNT,BUS_COUNT,CHLDPAS_DEATH_COUNT,CHLDPAS_SUSP_SERIOUS_INJ_COUNT,COLLISION_TYPE,COMM_VEH_COUNT,CONS_ZONE_SPD_LIM,COUNTY,CRASH_MONTH,CRASH_YEAR,DAY_OF_WEEK,DEC_LAT,DEC_LONG,DISPATCH_TM,DISTRICT,DRIVER_COUNT_16YR,DRIVER_COUNT_17YR,DRIVER_COUNT_18YR,DRIVER_COUNT_19YR,DRIVER_COUNT_20YR,DRIVER_COUNT_50_64YR,DRIVER_COUNT_65_74YR,DRIVER_COUNT_75PLUS,EST_HRS_CLOSED,FATAL_COUNT,HEAVY_TRUCK_COUNT,HORSE_BUGGY_COUNT,HOUR_OF_DAY,ILLUMINATION,INJURY_COUNT,INTERSECT_TYPE,INTERSECTION_RELATED,LANE_CLOSED,LATITUDE,LN_CLOSE_DIR,LOCATION_TYPE,LONGITUDE,MAX_SEVERITY_LEVEL,MCYCLE_DEATH_COUNT,MCYCLE_SUSP_SERIOUS_INJ_COUNT,MOTORCYCLE_COUNT,MUNICIPALITY,NONMOTR_COUNT,NONMOTR_DEATH_COUNT,NONMOTR_SUSP_SERIOUS_INJ_COUNT,NTFY_HIWY_MAINT,PED_COUNT,PED_DEATH_COUNT,PED_SUSP_SERIOUS_INJ_COUNT,PERSON_COUNT,POLICE_AGCY,POSSIBLE_INJ_COUNT,RDWY_SURF_TYPE_CD,RELATION_TO_ROAD,ROAD_CONDITION,ROADWAY_CLEARED,SCH_BUS_IND,SCH_ZONE_IND,SECONDARY_CRASH,SMALL_TRUCK_COUNT,SPEC_JURIS_CD,SUSP_MINOR_INJ_COUNT,SUSP_SERIOUS_INJ_COUNT,SUV_COUNT,TCD_FUNC_CD,TCD_TYPE,TFC_DETOUR_IND,TIME_OF_DAY,TOT_INJ_COUNT,TOTAL_UNITS,UNB_DEATH_COUNT,UNB_SUSP_SERIOUS_INJ_COUNT,UNBELTED_OCC_COUNT,UNK_INJ_DEG_COUNT,UNK_INJ_PER_COUNT,URBAN_AREA,URBAN_RURAL,VAN_COUNT,VEHICLE_COUNT,WEATHER1,WEATHER2,WORK_ZONE_IND,WORK_ZONE_LOC,WORK_ZONE_TYPE,WORKERS_PRES,WZ_CLOSE_DETOUR,WZ_FLAGGER,WZ_LAW_OFFCR_IND,WZ_LN_CLOSURE,WZ_MOVING,WZ_OTHER,WZ_SHLDER_MDN,WZ_WORKERS_INJ_KILLED
2007098809,1250.0,2,0,0,0,0,0,0,0,0,2,0,,67,7,2007,7,39.9344,-75.2359,1245.0,6,0,0,0,0,0,1,0,0,,0,0,0,12,1,2,0,,0,39 56:03.894,,0,75 14:09.398,8,0,0,0,67301,0,0,0,N,0,0,0,2,67301,0,,1,2,,N,N,,0,,0,0,0,0,0,,1245,2,2,0,0,0,2,0,3,4,0,2,3,,N,,,,,,,,,,,
2007098680,1531.0,3,0,0,0,0,0,0,0,0,1,0,,67,8,2007,4,39.9804,-75.234,1516.0,6,0,0,0,0,0,2,0,0,,0,0,0,15,1,2,2,,0,39 58:49.000,,0,75 14:02.354,4,0,0,0,67301,0,0,0,N,0,0,0,3,67301,2,,1,1,,N,N,,0,,0,0,0,0,0,,1509,2,3,0,0,0,0,0,3,4,0,3,3,,N,,,,,,,,,,,
2007081433,1810.0,1,0,0,0,0,0,0,0,0,8,0,,67,5,2007,4,39.9409,-75.1508,1805.0,6,0,0,0,0,0,0,0,0,,0,0,0,18,1,1,3,,0,39 56:27.308,,0,75 09:02.764,8,0,0,0,67301,1,0,0,N,1,0,0,2,67301,0,,7,1,,N,N,,0,,0,0,0,3,3,,1805,1,2,0,0,0,1,1,3,4,0,1,3,,N,,,,,,,,,,,
2007081687,840.0,1,0,0,0,0,0,0,0,0,1,1,,67,6,2007,2,39.983,-75.1014,835.0,6,0,0,0,0,0,0,0,0,,0,1,0,7,1,1,1,,0,39 58:58.000,,1,75 06:05.073,4,0,0,0,67301,0,0,0,N,0,0,0,2,67301,1,,1,1,,N,N,,0,,0,0,0,2,2,,705,1,2,0,0,1,0,0,3,4,0,2,3,,N,,,,,,,,,,,
2007120262,1316.0,1,0,0,0,0,0,0,0,0,8,0,,67,10,2007,2,40.0355,-75.2173,1315.0,6,0,0,0,0,1,0,0,0,,0,0,0,13,1,1,0,,0,40 02:07.000,,0,75 13:01.960,3,0,0,0,67301,1,0,0,N,1,0,0,2,67301,0,,1,1,,N,N,,0,,1,0,0,0,0,,1315,1,2,0,0,0,0,0,3,4,0,1,3,,N,,,,,,,,,,,
2007120279,659.0,1,0,0,0,0,0,0,0,0,8,0,,67,10,2007,2,39.9652,-75.2165,653.0,6,0,0,0,0,0,0,0,0,,0,0,0,6,1,1,1,,0,39 57:54.752,,0,75 12:59.543,3,0,0,0,67301,1,0,0,,1,0,0,2,67301,0,,1,1,,,,,0,,1,0,0,3,3,,652,1,2,0,0,0,0,0,3,4,0,1,3,,N,,,,,,,,,,,
2007120292,2211.0,2,0,0,0,0,0,0,0,0,1,0,,67,10,2007,5,40.0023,-75.1716,2210.0,6,0,0,0,0,0,0,0,0,,0,0,0,10,1,1,0,,0,40 00:08.204,,0,75 10:17.756,8,0,0,0,67301,0,0,0,,0,0,0,2,67301,0,,1,1,,,,,0,,0,0,0,0,0,,1020,1,2,0,0,1,1,0,3,4,0,2,3,,N,,,,,,,,,,,
2007127376,1542.0,1,0,0,0,0,0,0,0,0,4,0,,67,10,2007,4,40.0134,-75.1224,1540.0,6,0,0,0,0,0,0,0,0,,0,0,0,15,1,1,10,,0,40 00:48.312,,0,75 07:20.668,4,0,0,0,67301,0,0,0,N,0,0,0,2,67301,1,,1,1,,N,N,,0,,0,0,1,0,0,,1530,1,2,0,0,0,0,0,3,4,0,2,3,,N,,,,,,,,,,,
2007126452,2102.0,5,0,0,0,0,0,0,0,0,1,0,,67,10,2007,4,39.9946,-75.1986,2058.0,6,0,0,0,0,0,0,0,0,2.0,0,0,0,20,3,1,0,,1,39 59:43.000,3.0,0,75 11:51.780,4,0,0,0,67301,0,0,0,N,0,0,0,6,68K01,1,,1,1,,N,N,,0,,0,0,0,0,0,N,2056,1,5,0,0,0,0,1,3,4,0,5,3,,N,,,,,,,,,,,
2007107757,1540.0,0,0,0,0,0,0,0,0,0,1,1,,67,7,2007,5,40.0096,-75.1873,1404.0,6,0,0,0,0,0,1,0,0,,0,1,0,14,1,1,3,,0,40 00:34.000,,8,75 11:14.125,4,0,0,0,67301,0,0,0,N,0,0,0,5,67301,1,,1,1,,N,N,,0,,0,0,1,3,8,,1400,1,2,0,0,0,0,0,3,4,0,2,3,,N,,,,,,,,,,,
2007105912,1142.0,2,0,0,0,0,0,0,0,0,4,0,,67,8,2007,3,40.0108,-75.1266,1142.0,6,0,0,0,0,0,1,0,0,,0,0,0,11,1,4,1,,0,40 00:38.808,,0,75 07:35.921,8,0,0,0,67301,0,0,0,,0,0,0,5,67301,0,,1,9,,,,,0,,0,0,0,0,0,,1140,4,2,0,0,0,4,1,3,4,0,2,7,,N,,,,,,,,,,,
2007098512,955.0,0,0,0,0,0,0,0,0,0,8,1,,67,7,2007,3,39.9829,-75.1785,950.0,6,0,0,0,0,0,1,0,0,,0,1,0,9,1,2,1,,0,39 58:58.551,,0,75 10:42.700,8,0,0,0,67301,2,0,0,N,2,0,0,3,67301,0,,1,1,,,,,0,,0,0,0,9,3,,930,2,3,0,0,0,2,1,3,4,0,1,3,,N,,,,,,,,,,,
2007098541,810.0,1,0,0,0,0,0,0,0,0,7,0,,67,7,2007,2,40.0231,-75.0336,802.0,6,0,0,0,0,0,0,0,0,1.0,0,0,0,8,1,1,0,,2,40 01:22.000,1.0,2,75 02:01.753,8,0,0,0,67301,0,0,0,Y,0,0,0,1,67301,0,,2,9,,N,N,,0,,0,0,0,0,0,Y,802,1,1,0,0,0,1,0,3,4,0,1,7,,N,,,,,,,,,,,
2007098089,1510.0,0,0,0,0,0,0,0,0,0,8,0,,67,7,2007,4,39.9531,-75.1947,1506.0,6,0,0,0,0,0,1,0,0,,0,0,0,15,1,1,2,,0,39 57:11.000,,0,75 11:41.093,2,0,0,0,67301,1,0,1,N,1,0,1,2,67301,0,,1,1,,N,N,,0,,0,1,0,3,2,,1500,1,2,0,0,0,0,0,3,4,1,1,3,,N,,,,,,,,,,,
2007098495,1510.0,0,0,0,0,0,0,0,0,0,8,0,,67,7,2007,3,39.9589,-75.2414,1510.0,6,0,0,0,0,0,0,0,0,,0,0,0,15,1,1,1,,0,39 57:32.000,,0,75 14:29.004,8,0,0,0,67301,1,0,0,N,1,0,0,2,67301,0,,1,1,,N,N,,0,,0,0,0,9,2,,1510,1,2,0,0,0,1,0,3,4,1,1,3,,N,,,,,,,,,,,
2007095780,1652.0,1,0,0,0,0,0,0,0,0,8,0,,67,7,2007,3,39.9412,-75.2313,1648.0,6,1,0,0,0,0,0,0,0,3.0,0,0,0,16,1,1,0,,2,39 56:28.240,3.0,0,75 13:52.698,2,0,0,0,67301,1,0,1,N,1,0,1,3,67301,0,,5,1,,N,N,,0,,0,1,0,0,0,Y,1647,1,2,0,0,0,0,0,3,4,0,1,3,,N,,,,,,,,,,,
2007098277,625.0,2,0,0,0,0,0,0,0,0,4,0,,67,7,2007,3,40.0277,-75.0962,620.0,6,0,0,0,0,0,2,0,0,2.0,0,0,0,6,1,1,0,,1,40 01:39.637,1.0,0,75 05:46.284,8,0,0,0,67301,0,0,0,N,0,0,0,2,67301,0,,1,1,,N,N,,0,,0,0,0,0,0,N,600,1,2,0,0,0,1,0,3,4,0,2,3,,N,,,,,,,,,,,
2007096097,1423.0,2,0,0,0,0,0,0,0,0,1,0,,67,8,2007,5,39.9818,-75.2072,1407.0,6,0,0,1,0,0,2,0,1,1.0,0,0,0,14,1,2,0,,1,39 58:58.440,4.0,0,75 12:28.440,8,0,0,0,67301,0,0,0,N,0,0,0,10,68K01,0,,1,1,,N,N,,0,,0,0,2,0,0,N,1403,2,5,0,0,0,2,0,3,4,1,5,3,,N,,,,,,,,,,,
2007022242,844.0,1,0,0,0,0,0,0,0,0,8,0,,67,1,2007,6,39.9726,-75.2178,843.0,6,0,0,0,0,0,0,0,0,,0,0,0,8,1,1,2,,0,39 58:21.000,,0,75 13:03.993,4,0,0,0,67301,1,0,0,,1,0,0,2,67301,1,,1,9,,,,,0,,0,0,0,3,2,,843,1,2,0,0,0,0,0,3,4,0,1,7,,N,,,,,,,,,,,
2007022275,1724.0,2,0,0,0,0,0,0,0,0,4,0,,67,1,2007,6,40.1234,-75.015,1710.0,6,0,0,0,0,0,0,1,0,,0,0,0,99,4,1,0,,0,40 07:24.256,,0,75 00:54.020,8,0,0,0,67301,0,0,0,N,0,0,0,3,67301,0,,9,9,,N,N,,0,,0,0,0,0,0,,9999,1,2,0,0,0,1,0,3,4,0,2,7,,N,,,,,,,,,,,
2007081039,845.0,1,0,0,0,0,0,0,0,0,8,0,,67,5,2007,5,39.956,-75.2176,839.0,6,0,0,0,0,0,1,0,0,2.0,0,0,0,8,1,1,1,,1,39 57:21.000,4.0,0,75 13:03.370,4,0,0,0,67301,1,0,0,N,1,0,0,3,67301,1,,1,1,,N,Y,,0,,0,0,0,3,2,N,830,1,2,0,0,0,0,0,3,4,0,1,3,,N,,,,,,,,,,,
2007081076,1732.0,2,0,0,0,0,0,0,0,0,6,0,,67,5,2007,1,40.0793,-75.1762,1722.0,6,0,0,1,0,0,0,0,0,,0,0,0,17,1,1,1,,0,40 04:45.379,,0,75 10:34.208,8,0,0,0,67301,0,0,0,N,0,0,0,3,67301,0,,1,1,,N,N,,0,,0,0,0,9,3,,1700,1,2,0,0,0,1,0,3,4,0,2,3,,N,,,,,,,,,,,
2007081164,100.0,4,0,0,0,0,0,0,0,0,5,0,,67,6,2007,1,40.0269,-75.0859,51.0,6,0,0,0,0,0,0,0,0,,0,0,0,0,3,0,0,,0,40 01:36.858,,0,75 05:09.276,0,0,0,0,67301,0,0,0,,0,0,0,1,67301,0,,6,1,,N,N,,1,,0,0,0,0,0,,45,0,5,0,0,0,0,0,3,4,0,5,3,,N,,,,,,,,,,,
2007081122,1442.0,1,0,0,0,0,0,0,0,0,1,0,,67,5,2007,7,40.0428,-75.1135,1435.0,6,0,0,0,0,0,0,0,0,,0,0,0,14,1,1,1,,0,40 02:33.000,,0,75 06:48.818,4,0,0,0,67301,0,0,0,N,0,0,0,2,67301,1,,1,1,,N,N,,1,,0,0,0,3,2,,1425,1,2,0,0,1,0,0,3,4,0,2,3,,N,,,,,,,,,,,
2007066355,252.0,1,0,0,0,0,0,0,0,0,7,0,,67,5,2007,2,39.949,-75.1611,250.0,6,0,0,0,0,0,0,0,0,,0,0,0,2,3,0,0,,0,39 56:56.000,,0,75 09:39.888,0,0,0,0,67301,0,0,0,,0,0,0,2,67301,0,,2,1,,N,N,,0,,0,0,0,3,2,,243,0,1,0,0,2,0,0,3,4,0,1,3,,N,,,,,,,,,,,
2007066360,2228.0,1,0,0,0,0,0,0,0,0,8,0,,67,5,2007,6,40.0089,-75.1003,2228.0,6,0,0,0,0,0,0,0,0,,0,0,0,22,3,1,0,,0,40 00:31.946,,0,75 06:01.080,4,0,0,0,67301,1,0,0,,1,0,0,2,67301,1,,1,1,,N,,,0,,0,0,0,0,0,,2220,1,2,0,0,0,0,1,3,4,0,1,3,,N,,,,,,,,,,,
2007066364,9999.0,2,0,0,0,0,0,0,0,0,4,0,,67,4,2007,2,39.9356,-75.223,1118.0,6,0,0,0,0,0,0,0,1,,0,0,0,99,1,1,1,,0,39 56:07.983,,0,75 13:22.832,8,0,0,0,67301,0,0,0,,0,0,0,2,67301,0,,1,1,,N,N,,0,,0,0,1,9,3,,9999,1,3,0,0,0,1,0,3,4,0,3,3,,N,,,,,,,,,,,
2007066447,1825.0,4,0,0,0,0,0,0,0,0,5,0,,67,5,2007,6,40.0307,-75.153,1821.0,6,0,0,0,1,0,2,0,0,,0,0,0,18,1,4,0,,0,40 01:50.435,,0,75 09:10.674,4,0,0,0,67301,0,0,0,N,0,0,0,6,67301,4,,1,1,,N,N,,0,,0,0,0,3,2,,1816,4,4,0,0,2,0,0,3,4,0,4,3,,N,,,,,,,,,,,
2007066488,1749.0,1,0,0,0,0,0,0,0,0,8,0,,67,5,2007,5,39.9911,-75.1686,1748.0,6,0,0,0,0,0,0,0,0,,0,0,0,17,1,1,0,,0,39 59:27.938,,0,75 10:06.830,4,0,0,0,67301,1,0,0,N,1,0,0,2,67301,1,,1,1,,N,Y,,0,,0,0,0,0,0,,1745,1,2,0,0,0,0,0,3,4,0,1,3,,N,,,,,,,,,,,
2007066528,2025.0,2,0,0,0,0,0,0,0,0,4,0,,67,4,2007,1,40.0341,-75.0609,2025.0,6,0,0,0,0,0,0,1,0,,0,0,0,10,1,1,1,,0,40 02:02.616,,0,75 03:39.279,4,0,0,0,67301,0,0,0,N,0,0,0,2,67301,1,,1,1,,N,N,,0,,0,0,0,3,3,,1020,1,2,0,0,0,0,0,3,4,0,2,3,,N,,,,,,,,,,,
2007066557,34.0,2,0,0,0,0,0,0,0,0,1,0,,67,4,2007,7,40.0594,-75.0443,29.0,6,0,0,0,0,0,0,0,0,,0,0,0,0,3,2,0,,0,40 03:33.719,,1,75 02:39.515,4,0,0,0,67301,0,0,0,N,0,0,0,3,67301,2,,1,1,,N,N,,0,,0,0,0,0,0,,27,2,2,0,0,0,0,0,3,4,0,2,3,,N,,,,,,,,,,,
2007080279,9999.0,2,0,0,0,0,0,0,0,0,5,0,,67,6,2007,4,39.9866,-75.171,1851.0,6,0,0,0,0,0,0,0,0,,0,0,0,18,1,2,1,,0,39 59:11.763,,0,75 10:15.491,4,0,0,0,67301,0,0,0,N,0,0,0,2,67301,2,,1,1,,N,N,,0,,0,0,0,0,0,,1851,2,2,0,0,1,0,0,3,4,0,2,3,,N,,,,,,,,,,,
2007080104,744.0,0,0,0,0,0,0,0,0,0,8,0,,67,6,2007,3,39.9489,-75.1897,743.0,6,0,0,0,0,0,0,0,0,,0,0,0,7,1,1,2,,0,39 56:56.025,,3,75 11:22.873,3,0,0,0,67301,1,0,0,N,1,0,0,2,67504,0,,1,1,,N,N,,0,,1,0,1,3,2,,742,1,2,0,0,0,0,0,3,4,0,1,3,,N,,,,,,,,,,,
2007080410,1724.0,2,0,0,0,0,0,0,0,0,1,0,,67,6,2007,6,,,1722.0,6,0,0,0,0,0,0,0,0,,0,0,0,16,1,1,0,,0,,,0,,8,0,0,0,67301,0,0,0,,0,0,0,3,67301,0,,1,1,,N,N,,0,,0,0,0,0,0,,1600,1,2,0,0,0,1,2,3,3,0,2,3,,N,,,,,,,,,,,
2007080148,1630.0,2,0,0,0,0,0,0,0,0,3,0,,67,6,2007,5,40.0258,-75.1328,1630.0,6,0,0,0,0,0,0,0,0,,0,0,0,16,1,0,1,,0,40 01:32.829,,0,75 07:58.227,0,0,0,0,67301,0,0,0,N,0,0,0,9,67301,0,,1,1,,N,N,,0,,0,0,1,3,2,,1630,0,4,0,0,0,0,0,3,4,1,4,3,,N,,,,,,,,,,,
2007127591,300.0,1,0,0,0,0,0,0,0,0,7,0,,67,10,2007,1,40.009,-75.0677,257.0,6,0,0,0,0,0,0,0,0,,0,0,0,2,3,0,0,,0,40 00:31.000,,0,75 04:08.628,0,0,0,0,67301,0,0,0,Y,0,0,0,1,67301,0,,3,1,,,,,0,,0,0,0,0,0,,255,0,1,0,0,0,0,0,3,4,0,1,3,,N,,,,,,,,,,,
2007124766,1430.0,0,0,0,0,0,0,1,0,0,8,1,,67,10,2007,5,40.0437,-75.1783,1423.0,6,0,0,0,0,0,0,0,0,,0,0,0,7,8,1,1,,0,40 02:37.280,,0,75 10:41.980,4,0,0,0,67301,1,0,0,,1,0,0,2,67301,1,,1,9,,,,,0,,0,0,0,9,3,,730,1,2,0,0,0,0,1,3,4,0,1,7,,N,,,,,,,,,,,
2007126697,1811.0,0,0,0,0,0,0,0,0,0,1,0,,67,11,2007,4,40.0035,-75.1952,1748.0,6,0,0,0,0,0,2,0,0,,0,0,0,17,3,0,3,,0,40 00:06.000,,2,75 11:41.820,0,0,0,0,67301,0,0,0,N,0,0,0,2,68K01,0,,1,1,,N,N,,0,,0,0,1,0,0,,1745,0,2,0,0,0,0,0,3,4,1,2,3,,N,,,,,,,,,,,
2007047759,217.0,1,0,0,0,0,0,0,0,0,1,0,,67,3,2007,7,39.9579,-75.1623,217.0,6,0,0,0,0,0,0,0,0,1.0,0,0,0,2,3,0,0,,1,39 57:28.440,4.0,0,75 09:44.280,0,0,0,0,67301,0,0,0,N,0,0,0,4,67301,0,,1,1,,N,N,,0,,0,0,1,0,0,N,214,0,2,0,0,0,0,0,3,4,0,2,3,,N,,,,,,,,,,,
2007068131,750.0,1,0,0,0,0,0,0,0,0,7,0,,67,5,2007,6,39.8906,-75.2213,734.0,6,0,1,0,0,0,0,0,0,1.0,0,0,0,7,1,0,0,,1,39 53:24.000,1.0,0,75 13:14.790,0,0,0,0,67301,0,0,0,N,0,0,0,1,67301,0,,2,1,,N,N,,0,,0,0,0,0,0,N,725,0,1,0,0,0,0,0,3,4,0,1,3,,N,,,,,,,,,,,
2007068135,154.0,1,0,0,0,0,0,0,0,0,8,0,,67,4,2007,2,39.9499,-75.1437,154.0,6,0,0,0,0,0,0,0,0,1.0,0,0,0,1,3,1,0,,1,39 56:59.552,2.0,0,75 08:37.517,4,0,0,0,67301,1,0,0,N,1,0,0,2,67301,1,,1,1,,N,N,,0,,0,0,0,0,0,N,152,1,2,0,0,0,0,0,3,4,0,1,3,,N,,,,,,,,,,,
2007116217,1510.0,1,0,0,0,0,0,0,0,0,8,0,,67,10,2007,2,40.0397,-75.046,1506.0,6,0,0,0,0,1,0,0,0,,0,0,0,15,1,1,0,,0,40 02:22.000,,0,75 02:45.690,4,0,0,0,67301,1,0,0,,1,0,0,2,67301,1,,1,1,,,,,0,,0,0,0,2,1,,1500,1,2,0,0,0,0,1,3,4,0,1,3,,N,,,,,,,,,,,
2007116226,2100.0,0,0,0,0,0,0,0,0,0,8,0,,67,9,2007,6,40.0964,-74.9758,2100.0,6,0,0,0,0,0,0,0,0,,0,0,0,20,3,1,2,,0,40 05:47.000,,0,74 58:32.746,4,0,0,0,67301,1,0,0,N,1,0,0,2,67301,1,,1,1,,N,N,,0,,0,0,1,3,2,,2058,1,2,0,0,0,0,0,3,4,0,1,3,,N,,,,,,,,,,,
2007116235,2043.0,1,0,0,0,0,0,0,0,0,2,0,,67,10,2007,7,39.9656,-75.2319,2030.0,6,0,0,0,0,0,0,0,0,,0,0,0,20,3,1,1,,0,39 57:56.235,,0,75 13:54.861,4,0,0,0,67301,1,0,0,,1,0,0,2,67301,1,,1,1,,,,,0,,0,0,0,9,2,,2000,1,2,0,0,0,0,0,3,4,0,1,3,,N,,,,,,,,,,,
2007110528,1615.0,2,0,0,0,0,0,0,0,0,4,0,,67,7,2007,1,39.9643,-75.2342,1613.0,6,0,0,0,0,0,0,0,0,,0,0,0,15,1,1,1,,0,39 57:51.613,,0,75 14:03.292,8,0,0,0,67301,0,0,0,,0,0,0,2,67301,0,,1,1,,,,,0,,0,0,0,3,2,,1550,1,2,0,0,0,1,0,3,4,0,2,3,,N,,,,,,,,,,,
2007110548,2035.0,1,0,0,0,0,0,0,0,0,4,0,,67,9,2007,3,40.0122,-75.1505,2030.0,6,0,0,0,0,0,0,0,0,,0,0,0,20,3,1,1,,0,40 00:44.000,,0,75 09:01.746,4,0,0,0,67301,0,0,0,N,0,0,0,3,67301,1,,1,1,,N,N,,0,,0,0,1,3,2,,2015,1,2,0,0,0,0,1,3,4,0,2,3,,N,,,,,,,,,,,
2007110549,221.0,1,0,0,0,0,0,0,0,0,2,0,,67,9,2007,7,39.9561,-75.1928,219.0,6,0,0,0,0,0,0,0,0,,0,0,0,99,3,5,0,,0,39 57:21.000,,0,75 11:34.040,8,0,0,0,67301,0,0,0,N,0,0,0,6,67301,0,,1,1,,N,N,,1,,0,0,0,0,0,,9999,5,2,0,0,0,5,1,3,4,0,2,3,,N,,,,,,,,,,,
2007110856,1015.0,2,0,0,0,0,0,0,0,0,1,0,,67,9,2007,6,40.0176,-75.097,1010.0,6,0,0,0,0,0,0,0,0,1.0,0,0,0,10,1,1,1,,1,40 01:10.920,2.0,0,75 05:44.880,8,0,0,0,67301,0,0,0,N,0,0,0,2,67301,0,,1,1,,N,N,,0,,0,0,0,3,2,Y,1008,1,2,0,0,0,1,0,3,4,0,2,3,,N,,,,,,,,,,,
2007108538,1930.0,1,0,0,0,0,0,0,0,0,4,0,,67,9,2007,6,39.9926,-75.0986,1930.0,6,0,0,0,0,0,0,0,0,,0,0,0,19,4,1,0,,0,39 59:33.000,,0,75 05:54.983,4,0,0,0,67301,0,0,0,,0,0,0,2,67301,1,,1,1,,N,N,,1,,0,0,0,0,0,,1914,1,2,0,0,0,0,0,3,4,0,2,3,,N,,,,,,,,,,,
2007106023,1415.0,2,0,0,0,0,0,0,0,0,4,0,,67,8,2007,5,39.9955,-75.1543,1400.0,6,0,0,0,0,0,1,0,0,,0,0,0,13,1,0,1,,0,39 59:43.000,,0,75 09:15.276,0,0,0,0,67301,0,0,0,N,0,0,0,2,67301,0,,1,1,,N,N,,0,,0,0,0,3,2,,1350,0,2,0,0,0,0,0,3,4,0,2,3,,N,,,,,,,,,,,
2007106029,1708.0,0,0,0,0,0,0,0,0,0,1,0,,67,8,2007,2,39.8945,-75.2367,1700.0,6,0,0,0,0,0,1,0,0,9.0,0,0,0,16,1,2,0,,1,39 53:40.200,3.0,0,75 14:12.120,4,0,0,0,67301,0,0,0,N,0,0,0,3,67301,2,,1,1,,N,N,,1,,0,0,0,3,2,N,1610,2,2,0,0,0,0,0,3,4,1,2,3,,N,,,,,,,,,,,
2007106374,733.0,0,0,0,1,0,0,0,0,0,4,0,,67,9,2007,4,40.0108,-75.193,732.0,6,0,0,0,0,0,1,0,0,,0,0,0,7,1,1,0,,0,40 00:38.879,,0,75 11:34.975,4,0,0,0,67301,1,0,0,N,0,0,0,2,67301,1,,1,1,,N,Y,,0,,0,0,0,2,2,,723,1,2,0,0,0,0,0,3,4,1,1,3,,N,,,,,,,,,,,
2007106474,9999.0,3,0,0,0,0,0,0,0,0,1,0,,67,8,2007,7,39.9579,-75.1631,,6,0,0,0,0,0,0,0,0,2.0,0,0,0,99,1,5,0,,1,39 57:28.440,3.0,0,75 09:47.160,8,0,0,0,67301,0,0,0,N,0,0,0,12,67301,0,,1,9,,N,N,,0,,0,0,0,0,0,N,9999,5,3,0,0,1,5,0,3,4,0,3,3,,N,,,,,,,,,,,
2007111479,1104.0,0,0,0,0,0,0,0,0,0,5,0,,67,9,2007,1,,,1102.0,6,0,0,0,0,0,1,0,0,,0,0,0,11,1,0,0,,0,,,3,,0,0,0,0,67301,0,0,0,N,0,0,0,9,67501,0,,1,1,,N,N,,0,,0,0,2,3,8,,1101,0,3,0,0,0,0,0,3,3,1,3,3,,N,,,,,,,,,,,
2007098690,1016.0,0,0,0,0,0,0,1,0,0,5,2,,67,8,2007,6,40.0149,-75.2068,1010.0,6,0,0,0,0,0,1,0,0,2.0,0,1,0,10,1,1,0,,1,40 00:53.707,1.0,0,75 12:24.536,4,0,0,0,67301,0,0,0,N,0,0,0,3,67301,1,,1,1,,N,N,,0,,0,0,0,0,0,Y,1005,1,2,0,0,0,0,0,3,4,0,2,3,,N,,,,,,,,,,,
2007098719,1705.0,1,0,0,0,0,0,0,0,0,1,0,,67,8,2007,3,40.0092,-75.1506,1700.0,6,0,0,0,0,0,0,0,0,,0,0,0,17,1,1,0,,0,40 00:33.000,,0,75 09:01.987,8,0,0,0,67301,0,0,0,N,0,0,0,2,67301,0,,1,9,,N,N,,0,,0,0,1,3,2,,1700,1,2,0,0,0,1,1,3,4,0,2,7,,N,,,,,,,,,,,
2007098767,1335.0,1,0,0,0,0,0,0,0,0,1,1,,67,8,2007,7,40.035,-75.0694,1335.0,6,0,0,0,0,0,0,0,0,,0,1,0,13,1,1,1,,0,40 02:06.000,,0,75 04:09.824,8,0,0,0,67301,0,0,0,N,0,0,0,2,67301,0,,1,1,,N,N,,0,,0,0,0,3,2,,1335,1,2,0,0,0,1,0,3,4,0,2,3,,N,,,,,,,,,,,
2007081606,23.0,0,0,0,0,0,0,0,0,0,4,0,,67,5,2007,2,40.0323,-75.051,23.0,6,0,0,1,0,0,0,0,0,,0,0,0,23,3,1,1,,0,40 01:56.000,,0,75 03:03.546,8,0,0,0,67301,0,0,0,N,0,0,0,2,67301,0,,1,1,,N,N,,1,,0,0,1,3,2,,2350,1,2,0,0,0,1,0,3,4,0,2,3,,N,,,,,,,,,,,
2007081710,1620.0,2,0,0,0,0,0,0,0,0,1,0,,67,6,2007,6,39.9896,-75.1689,1616.0,6,0,0,0,0,0,0,0,0,,0,0,0,16,1,2,0,,0,39 59:22.407,,0,75 10:08.119,8,0,0,0,67301,2,0,0,N,0,0,0,3,67301,0,,2,1,,N,N,,1,,0,0,0,0,0,,1610,2,3,0,0,0,2,0,3,4,0,3,3,,N,,,,,,,,,,,
2007118091,254.0,3,0,0,0,0,0,0,0,0,5,0,,67,10,2007,1,39.9905,-75.135,251.0,6,0,1,0,0,0,0,0,0,1.0,0,0,0,2,3,0,0,,2,39 59:25.872,1.0,0,75 08:06.147,0,0,0,0,67301,0,0,0,N,0,0,0,3,67301,0,,1,1,,N,N,,0,,0,0,0,0,0,Y,250,0,3,0,0,0,0,0,3,4,0,3,3,,N,,,,,,,,,,,