CRN,ARRIVAL_TM,AUTOMOBILE_COUNT,BELTED_DEATH_COUNT,BELTED_SUSP_SERIOUS_INJ_COUNT,BICYCLE_COUNT,BICYCLE_DEATH_COUNT,BICYCLE_SUSP_SERIOUS_INJ_COUNT,BUS_COUNT,CHLDPAS_DEATH_COUNT,CHLDPAS_SUSP_SERIOUS_INJ_COUNT,COLLISION_TYPE,COMM_VEH_COUNT,CONS_ZONE_SPD_LIM,COUNTY,CRASH_MONTH,CRASH_YEAR,DAY_OF_WEEK,DEC_LAT,DEC_LONG,DISPATCH_TM,DISTRICT,DRIVER_COUNT_16YR,DRIVER_COUNT_17YR,DRIVER_COUNT_18YR,DRIVER_COUNT_19YR,DRIVER_COUNT_20YR,DRIVER_COUNT_50_64YR,DRIVER_COUNT_65_74YR,DRIVER_COUNT_75PLUS,EST_HRS_CLOSED,FATAL_COUNT,HEAVY_TRUCK_COUNT,HORSE_BUGGY_COUNT,HOUR_OF_DAY,ILLUMINATION,INJURY_COUNT,INTERSECT_TYPE,INTERSECTION_RELATED,LANE_CLOSED,LATITUDE,LN_CLOSE_DIR,LOCATION_TYPE,LONGITUDE,MAX_SEVERITY_LEVEL,MCYCLE_DEATH_COUNT,MCYCLE_SUSP_SERIOUS_INJ_COUNT,MOTORCYCLE_COUNT,MUNICIPALITY,NONMOTR_COUNT,NONMOTR_DEATH_COUNT,NONMOTR_SUSP_SERIOUS_INJ_COUNT,NTFY_HIWY_MAINT,PED_COUNT,PED_DEATH_COUNT,PED_SUSP_SERIOUS_INJ_COUNT,PERSON_COUNT,POLICE_AGCY,POSSIBLE_INJ_COUNT,RDWY_SURF_TYPE_CD,RELATION_TO_ROAD,ROAD_CONDITION,ROADWAY_CLEARED,SCH_BUS_IND,SCH_ZONE_IND,SECONDARY_CRASH,SMALL_TRUCK_COUNT,SPEC_JURIS_CD,SUSP_MINOR_INJ_COUNT,SUSP_SERIOUS_INJ_COUNT,SUV_COUNT,TCD_FUNC_CD,TCD_TYPE,TFC_DETOUR_IND,TIME_OF_DAY,TOT_INJ_COUNT,TOTAL_UNITS,UNB_DEATH_COUNT,UNB_SUSP_SERIOUS_INJ_COUNT,UNBELTED_OCC_COUNT,UNK_INJ_DEG_COUNT,UNK_INJ_PER_COUNT,URBAN_AREA,URBAN_RURAL,VAN_COUNT,VEHICLE_COUNT,WEATHER1,WEATHER2,WORK_ZONE_IND,WORK_ZONE_LOC,WORK_ZONE_TYPE,WORKERS_PRES,WZ_CLOSE_DETOUR,WZ_FLAGGER,WZ_LAW_OFFCR_IND,WZ_LN_CLOSURE,WZ_MOVING,WZ_OTHER,WZ_SHLDER_MDN,WZ_WORKERS_INJ_KILLED
2007117970,1625.0,1,0,0,0,0,0,0,0,0,8,0,,67,10,2007,4,39.9497,-75.1675,1616.0,6,0,0,0,0,0,0,0,0,,0,0,0,16,1,1,1,,0,39 56:59.000,,0,75 10:02.792,4,0,0,0,67301,1,0,0,,1,0,0,2,67301,1,,1,1,,N,N,,0,,0,0,0,3,2,,1610,1,2,0,0,0,0,0,3,4,0,1,3,,N,,,,,,,,,,,
2007127372,2130.0,2,0,0,0,0,0,0,0,0,1,0,,67,10,2007,7,39.9915,-75.1224,2130.0,6,0,0,0,0,0,0,0,0,,0,0,0,21,3,2,0,,0,39 59:29.436,,0,75 07:20.766,4,0,0,0,67301,0,0,0,N,0,0,0,7,67301,2,,1,1,,N,N,,0,,0,0,0,3,2,,2125,2,2,0,0,0,0,1,3,4,0,2,3,,N,,,,,,,,,,,
2007126519,1816.0,0,0,0,0,0,0,0,0,0,2,0,,67,10,2007,3,39.9185,-75.2259,1816.0,6,0,0,0,0,0,0,0,0,1.0,0,0,0,18,1,1,1,,1,39 55:06.000,7.0,0,75 13:33.263,8,0,0,0,67301,0,0,0,,0,0,0,2,67301,0,,1,1,,N,N,,1,,0,0,0,9,2,N,1810,1,2,0,0,0,1,0,3,4,1,2,3,,N,,,,,,,,,,,
2007080925,1802.0,1,0,0,0,0,0,0,0,0,8,0,,67,5,2007,1,39.9315,-75.1763,1800.0,6,0,0,0,0,0,0,0,0,,0,0,0,17,1,1,1,,0,39 55:53.446,,0,75 10:34.823,8,0,0,0,67301,1,0,0,N,1,0,0,3,67301,0,,1,1,,N,N,,0,,0,0,0,3,3,,1758,1,2,0,0,0,1,0,3,4,0,1,3,,N,,,,,,,,,,,
2007081062,205.0,2,0,0,0,0,0,0,0,0,4,0,,67,5,2007,6,40.0251,-75.0627,204.0,6,0,0,0,0,1,0,0,0,,0,0,0,2,3,1,1,,0,40 01:30.000,,0,75 03:45.765,4,0,0,0,67301,0,0,0,N,0,0,0,3,67301,1,,1,1,,N,N,,0,,0,0,0,3,2,,200,1,2,0,0,0,0,0,3,4,0,2,3,,N,,,,,,,,,,,
2007120148,1826.0,1,0,0,0,0,0,0,0,0,4,0,,67,10,2007,4,40.1319,-75.012,1822.0,6,0,0,0,0,0,0,0,0,,0,0,0,18,4,2,0,,0,40 07:54.000,,7,75 00:43.201,4,0,0,0,67301,0,0,0,N,0,0,0,3,67301,2,,1,9,,N,N,,1,,0,0,0,0,0,,1820,2,2,0,0,0,0,0,3,4,0,2,5,,N,,,,,,,,,,,
2007066419,1515.0,1,0,0,0,0,0,0,0,0,8,0,,67,5,2007,5,40.0519,-75.0271,1514.0,6,0,1,0,0,0,0,0,0,9.0,0,0,0,99,1,1,2,,1,40 03:06.858,4.0,0,75 01:37.732,3,0,0,0,67301,1,0,0,,1,0,0,2,67301,0,,2,1,,N,N,,0,,1,0,0,3,2,N,9999,1,2,0,0,0,0,0,3,4,0,1,3,,N,,,,,,,,,,,
2007066459,1555.0,2,0,0,0,0,0,0,0,0,2,0,,67,5,2007,2,39.9513,-75.1991,1555.0,6,0,0,0,0,0,0,0,0,,0,0,0,15,1,2,1,,0,39 57:04.584,,0,75 11:56.878,8,0,0,0,67301,0,0,0,N,0,0,0,3,67301,0,,1,1,,N,N,,0,,0,0,0,3,2,,1555,2,2,0,0,0,2,0,3,4,0,2,3,,N,,,,,,,,,,,
2007066495,1940.0,3,0,0,0,0,0,0,0,0,4,0,,67,4,2007,3,39.9882,-75.2498,1940.0,6,0,0,0,0,0,0,0,0,9.0,0,0,0,19,1,1,0,,1,39 59:17.000,2.0,7,75 14:59.124,4,0,0,0,67301,0,0,0,N,0,0,0,2,67301,1,,1,1,,N,N,,0,,0,0,0,0,0,N,1937,1,3,0,0,0,0,0,3,4,0,3,3,,N,,,,,,,,,,,
2007066499,1936.0,1,0,0,1,0,0,0,0,0,4,0,,67,5,2007,4,39.9801,-75.2273,1930.0,6,0,0,0,0,0,0,0,0,,0,0,0,19,1,1,1,,0,39 58:48.500,,0,75 13:38.114,8,0,0,0,67301,1,0,0,N,0,0,0,2,67301,0,,1,1,,N,N,,0,,0,0,0,3,3,,1930,1,2,0,0,0,1,0,3,4,0,1,3,,N,,,,,,,,,,,
2007079918,1909.0,1,0,0,0,0,0,0,0,0,2,0,,67,6,2007,6,40.0311,-75.0898,1909.0,6,0,0,0,0,0,0,0,0,,0,0,0,19,1,3,1,,0,40 01:51.812,,0,75 05:23.405,4,0,0,0,67301,0,0,0,,0,0,0,4,67301,3,,1,1,,N,N,,1,,0,0,0,9,2,,1905,3,2,0,0,0,0,1,3,4,0,2,3,,N,,,,,,,,,,,
2007079925,1758.0,0,0,0,0,0,0,0,0,0,8,0,,67,6,2007,4,39.9945,-75.183,1756.0,6,0,0,0,0,0,0,0,0,,0,0,0,17,1,1,0,,0,39 59:40.200,,0,75 10:58.900,4,0,0,1,67301,1,0,0,,1,0,0,2,67301,1,,1,1,,N,N,,0,,0,0,0,0,0,,1753,1,2,0,0,0,0,1,3,4,0,1,3,,N,,,,,,,,,,,
2007079996,1023.0,1,0,0,0,0,0,0,0,0,8,0,,67,6,2007,6,39.9619,-75.2407,1020.0,6,0,0,0,0,0,0,0,0,9.0,0,0,0,10,1,1,1,,2,39 57:42.000,6.0,0,75 14:26.916,8,0,0,0,67301,1,0,0,N,1,0,0,2,67301,0,,1,1,,N,N,,0,,0,0,0,9,2,N,1010,1,2,0,0,0,1,1,3,4,0,1,3,,N,,,,,,,,,,,
2007080114,1700.0,0,0,0,0,0,0,0,0,0,8,0,,67,6,2007,3,39.9493,-75.1572,1645.0,6,0,0,0,0,0,0,0,0,,0,0,0,16,1,1,1,,0,39 56:57.318,,0,75 09:25.995,3,0,0,0,67301,1,0,0,N,1,0,0,2,67301,0,,1,1,,N,N,,0,,1,0,1,3,2,,1630,1,2,0,0,0,0,0,3,4,0,1,3,,N,,,,,,,,,,,
2007116263,254.0,2,0,0,0,0,0,0,0,0,1,0,,67,10,2007,1,40.0475,-75.0141,249.0,6,0,0,0,0,0,0,0,0,,0,0,0,0,3,1,2,,0,40 02:50.000,,0,75 00:50.507,8,0,0,0,67301,0,0,0,N,0,0,0,7,67301,0,,1,1,,N,N,,0,,0,0,1,3,2,,24,1,3,0,0,0,1,0,3,4,0,3,3,,N,,,,,,,,,,,
2007080191,1710.0,2,0,0,0,0,0,0,0,0,1,0,,67,6,2007,2,40.0085,-75.2109,1700.0,6,0,0,1,0,0,1,0,0,1.0,0,0,0,16,1,1,0,,1,40 00:30.000,1.0,0,75 12:39.111,8,0,0,0,67301,0,0,0,N,0,0,0,3,67301,0,,1,1,,N,N,,0,,0,0,0,3,2,N,1650,1,2,0,0,0,1,0,3,4,0,2,3,,N,,,,,,,,,,,
2007116914,807.0,2,0,0,0,0,0,0,0,0,4,0,,67,9,2007,4,39.9565,-75.2155,805.0,6,0,0,1,0,0,0,0,0,,0,0,0,7,1,4,1,,0,39 57:23.349,,0,75 12:55.731,4,0,0,0,67301,0,0,0,,0,0,0,6,67301,4,,1,1,,,,,0,,0,0,0,9,3,,755,4,2,0,0,0,0,0,3,4,0,2,3,,N,,,,,,,,,,,
2007124270,233.0,1,0,0,0,0,0,0,0,0,7,0,,67,1,2007,1,40.0074,-75.0864,231.0,6,0,0,0,0,0,0,0,0,,0,0,0,2,3,2,2,,0,40 00:25.000,,0,75 05:12.628,4,0,0,0,67301,0,0,0,N,0,0,0,2,67301,1,,2,1,,N,N,,0,,0,0,0,0,0,,240,2,1,0,0,1,1,0,3,4,0,1,3,,N,,,,,,,,,,,
2007124271,2110.0,0,0,0,0,0,0,0,0,0,7,0,,67,11,2007,1,40.0325,-75.1075,2107.0,6,0,0,0,0,0,0,0,0,,0,0,0,21,3,1,0,,0,40 01:56.858,,0,75 06:27.155,8,0,0,0,67301,0,0,0,N,0,0,0,1,67301,0,,5,1,,N,N,,0,,0,0,0,0,0,,2107,1,1,0,0,0,1,0,3,4,1,1,3,,N,,,,,,,,,,,
2007124654,904.0,2,0,0,0,0,0,0,0,0,4,0,,67,11,2007,6,39.9177,-75.1777,903.0,6,0,0,0,0,0,0,0,0,2.0,0,0,0,9,1,2,1,,1,39 55:03.752,4.0,0,75 10:39.799,8,0,0,0,67301,0,0,0,N,0,0,0,3,67301,0,,1,1,,N,N,,0,,0,0,1,9,1,Y,902,2,3,0,0,0,2,0,3,4,0,3,3,,N,,,,,,,,,,,
2007124779,1831.0,3,0,0,0,0,0,0,0,0,4,0,,67,11,2007,3,40.0808,-75.0286,1828.0,6,0,0,0,0,0,0,0,0,,0,0,0,18,3,3,1,,0,40 04:51.000,,0,75 01:43.230,4,0,0,0,67301,0,0,0,N,0,0,0,5,67301,3,,1,1,,N,N,,0,,0,0,0,3,2,,1828,3,3,0,0,0,0,0,3,4,0,3,3,,N,,,,,,,,,,,
2007068138,1641.0,0,0,0,1,0,0,0,0,0,5,0,,67,5,2007,7,39.9231,-75.1596,1640.0,6,0,0,0,0,0,0,0,0,,0,0,0,16,1,1,1,,0,39 55:23.000,,0,75 09:34.741,4,0,0,0,67301,0,0,0,N,0,0,0,2,67301,1,,1,1,,N,N,,0,,0,0,1,3,2,,1640,1,2,0,0,0,0,0,3,4,0,2,3,,N,,,,,,,,,,,
2007065752,1258.0,3,0,0,0,0,0,0,0,0,4,0,,67,5,2007,4,39.9196,-75.2402,1255.0,6,0,0,0,0,0,0,0,0,4.0,1,0,0,12,1,4,1,,2,39 55:10.650,7.0,0,75 14:24.889,1,0,0,0,67301,0,0,0,,0,0,0,5,67301,3,2.0,1,1,,N,,,0,0.0,0,1,0,3,2,Y,1252,4,4,0,0,0,0,0,3,4,1,4,3,,N,,,,,,,,,,,
2007065785,1605.0,1,0,0,0,0,0,0,0,0,4,0,,67,5,2007,5,39.992,-75.1632,1559.0,6,0,0,0,0,0,0,0,0,,0,0,0,15,1,1,0,,0,39 59:31.236,,0,75 09:47.473,4,0,0,0,67301,0,0,0,N,0,0,0,3,67301,1,,1,1,,N,N,,0,,0,0,0,0,0,,1557,1,2,0,0,1,0,0,3,4,1,2,3,,N,,,,,,,,,,,
2007063192,645.0,1,0,0,0,0,0,0,0,0,7,0,,67,5,2007,1,,,641.0,6,0,0,1,0,0,0,0,0,1.0,0,0,0,6,1,1,0,,2,,6.0,0,,3,0,0,0,67301,0,0,0,N,0,0,0,2,67301,0,,5,1,,N,N,,0,,1,0,0,0,0,Y,641,1,1,0,0,0,0,0,3,3,0,1,3,,N,,,,,,,,,,,
2007116202,9999.0,1,0,0,0,0,0,0,0,0,4,0,,67,9,2007,6,40.0306,-75.207,810.0,6,0,0,0,0,0,0,0,0,,0,0,0,99,1,1,1,,0,40 01:50.000,,0,75 12:25.117,3,0,0,0,67301,0,0,0,,0,0,0,2,67301,0,,1,1,,,,,0,,1,0,1,0,0,,9999,1,2,0,0,0,0,1,3,4,0,2,3,,N,,,,,,,,,,,
2007116214,1444.0,3,0,0,0,0,0,0,0,0,4,0,,67,9,2007,3,39.9582,-75.2232,1438.0,6,0,0,0,0,0,0,0,0,,0,0,0,14,1,1,1,,0,39 57:29.000,,0,75 13:23.485,4,0,0,0,67301,0,0,0,,0,0,0,3,67301,1,,1,1,,,,,0,,0,0,0,3,2,,1438,1,3,0,0,0,0,1,3,4,0,3,3,,N,,,,,,,,,,,
2007116232,1730.0,2,0,0,0,0,0,0,0,0,1,0,,67,10,2007,4,39.9591,-75.2299,1730.0,6,0,0,0,0,0,0,0,0,,0,0,0,17,1,1,0,,0,39 57:32.000,,0,75 13:47.578,4,0,0,0,67301,0,0,0,N,0,0,0,1,67301,1,,6,1,,N,N,,0,,0,0,0,0,0,,1728,1,2,0,0,0,0,0,3,4,0,2,3,,N,,,,,,,,,,,
2007110940,1755.0,2,0,0,0,0,0,0,0,0,2,0,,67,9,2007,2,40.0546,-75.125,1753.0,6,0,0,0,0,0,0,0,0,,0,0,0,17,1,2,1,,0,40 03:16.000,,0,75 07:29.497,4,0,0,0,67301,0,0,0,N,0,0,0,4,46102,2,,1,1,,N,N,,0,,0,0,0,3,2,,1750,2,2,0,0,0,0,1,3,4,0,2,3,,N,,,,,,,,,,,
2007113778,1802.0,1,0,0,0,0,0,0,0,0,8,0,,67,9,2007,1,40.0123,-75.0742,1757.0,6,0,0,0,0,0,0,0,0,2.0,0,0,0,17,1,2,0,,2,40 00:44.000,5.0,0,75 04:27.542,2,0,0,0,67301,2,0,2,N,2,0,2,3,67301,0,,1,1,,N,,,0,,0,2,0,0,0,Y,1755,2,3,0,0,0,0,0,3,4,0,1,3,,N,,,,,,,,,,,
2007105877,1200.0,1,0,0,0,0,0,0,0,0,4,0,,67,8,2007,6,39.9449,-75.167,1154.0,6,0,0,0,0,0,0,0,0,,0,0,0,11,1,1,1,,0,39 56:41.578,,0,75 10:01.077,8,0,0,0,67301,0,0,0,N,0,0,0,2,67301,0,,1,1,,N,N,,1,,0,0,0,3,2,,1154,1,2,0,0,0,1,0,3,4,0,2,3,,N,,,,,,,,,,,
2007105950,1740.0,1,0,0,0,0,0,0,0,0,7,0,,67,9,2007,4,40.0995,-75.009,1735.0,6,0,0,0,0,0,0,0,0,2.0,0,0,0,17,1,1,0,,1,40 05:58.000,5.0,0,75 00:32.589,3,0,0,0,67301,0,0,0,N,0,0,0,1,67301,0,,3,1,,N,N,,0,,1,0,0,0,0,N,1735,1,1,0,0,0,0,0,3,4,0,1,3,,N,,,,,,,,,,,
2007106478,124.0,1,0,0,0,0,0,0,0,0,4,0,,67,8,2007,4,39.9598,-75.1784,122.0,6,0,0,0,0,0,0,0,0,,0,0,0,1,1,0,7,,0,39 57:35.280,,0,75 10:42.600,9,0,0,0,67301,0,0,0,N,0,0,0,2,67301,0,,2,9,,N,N,,0,,0,0,0,0,0,,122,0,2,0,0,0,0,1,3,4,0,2,7,,N,,,,,,,,,,,
2007106483,850.0,1,0,0,0,0,0,0,0,0,4,0,,67,9,2007,4,39.9898,-75.1737,846.0,6,0,0,0,1,0,0,0,0,9.0,0,0,0,8,1,1,1,,1,39 59:23.449,1.0,0,75 10:25.402,4,0,0,0,67301,0,0,0,N,0,0,0,2,67301,1,,1,1,,N,N,,0,,0,0,0,3,2,N,840,1,2,0,0,0,0,1,3,4,1,2,3,,N,,,,,,,,,,,
2007106078,1935.0,2,0,0,0,0,0,0,0,0,1,0,,67,7,2007,6,39.9588,-75.1706,1924.0,6,0,0,0,0,0,1,0,1,1.0,0,0,0,19,1,0,0,,1,39 57:31.000,3.0,99,75 10:14.106,9,0,0,0,67301,0,0,0,N,0,0,0,4,67301,0,,1,1,,N,N,,0,,0,0,1,0,0,N,1922,0,3,0,0,0,0,1,3,4,0,3,3,,N,,,,,,,,,,,
2007106518,935.0,1,0,0,0,0,0,0,0,0,4,0,,67,8,2007,1,40.0253,-75.1676,925.0,6,0,0,0,0,0,1,0,0,,0,0,0,9,1,1,1,,0,40 01:31.000,,0,75 10:03.452,4,0,0,0,67301,0,0,0,N,0,0,0,2,67301,1,,1,1,,N,N,,0,,0,0,0,3,2,,925,1,2,0,0,0,0,0,3,4,1,2,3,,N,,,,,,,,,,,
2007106535,1535.0,0,0,0,0,0,0,0,0,0,4,0,,67,8,2007,5,39.9846,-75.1296,1533.0,6,0,0,0,0,0,0,0,0,,0,0,0,15,1,1,1,,0,39 59:04.707,,0,75 07:46.703,4,0,0,0,67301,0,0,0,N,0,0,0,4,67301,1,,1,1,,N,N,,0,,0,0,2,3,3,,1505,1,2,0,0,0,0,0,3,4,0,2,3,,N,,,,,,,,,,,
2007106540,1800.0,0,0,0,0,0,0,1,0,0,8,1,,67,9,2007,6,39.9508,-75.1638,1755.0,6,0,0,0,0,0,0,0,0,,0,0,0,17,1,1,0,,0,39 57:02.950,,0,75 09:49.810,3,0,0,0,67301,1,0,0,N,1,0,0,2,67301,0,,1,1,,N,Y,,0,,1,0,0,3,2,,1745,1,2,0,0,0,0,0,3,4,0,1,3,,N,,,,,,,,,,,
2007106543,1640.0,2,0,0,0,0,0,0,0,0,4,0,,67,8,2007,4,40.0548,-75.1988,1630.0,6,0,0,0,0,0,1,0,0,,0,0,0,16,1,1,1,,0,40 03:17.000,,0,75 11:55.613,4,0,0,0,67301,0,0,0,N,0,0,0,2,67301,1,,1,1,,N,N,,0,,0,0,0,3,2,,1620,1,2,0,0,0,0,0,3,4,0,2,3,,N,,,,,,,,,,,
2007101040,1139.0,3,0,0,0,0,0,0,0,0,1,0,,67,9,2007,7,39.9944,-75.1985,1134.0,6,0,0,0,1,0,0,1,0,,0,0,0,11,1,2,0,,0,39 59:44.000,,0,75 11:50.765,4,0,0,0,67301,0,0,0,N,0,0,0,5,68K01,2,,1,1,,N,N,,0,,0,0,0,0,0,,1132,2,3,0,0,0,0,0,3,4,0,3,3,,N,,,,,,,,,,,
2007098749,749.0,1,0,0,0,0,0,0,0,0,7,0,,67,8,2007,5,40.0571,-75.1408,746.0,6,0,0,0,0,0,1,0,0,,0,0,0,7,1,1,0,,0,40 03:25.525,,0,75 08:27.034,8,0,0,0,67301,0,0,0,N,0,0,0,1,67301,0,,2,1,,N,N,,0,,0,0,0,3,2,,746,1,1,0,0,0,1,0,3,4,0,1,3,,N,,,,,,,,,,,
2007098683,1500.0,1,0,0,0,0,0,0,0,0,4,0,,67,8,2007,2,39.963,-75.1584,1450.0,6,1,0,0,0,1,0,0,0,1.0,0,0,0,14,1,0,1,,2,39 57:46.921,4.0,0,75 09:30.341,0,0,0,0,67301,0,0,0,N,0,0,0,2,67301,0,,1,1,,N,N,,0,,0,0,1,3,3,N,1440,0,2,0,0,0,0,0,3,4,0,2,3,,N,,,,,,,,,,,
2007098825,4.0,0,0,0,0,0,0,0,0,0,7,0,,67,8,2007,2,39.9636,-75.1479,0.0,6,0,1,0,0,0,0,0,0,1.0,0,0,0,23,3,1,0,,2,39 57:48.898,4.0,0,75 08:52.382,4,0,0,0,67301,0,0,0,N,0,0,0,2,67301,1,,4,1,,N,Y,,0,,0,0,1,3,2,Y,2355,1,1,0,0,0,0,0,3,4,0,1,3,,N,,,,,,,,,,,
2007081650,1530.0,3,0,0,0,0,0,0,0,0,4,0,,67,5,2007,1,39.9348,-75.162,1510.0,6,0,0,0,2,0,0,0,0,,0,0,0,15,1,0,1,,0,39 56:05.323,,0,75 09:43.228,0,0,0,0,67301,0,0,0,N,0,0,0,2,67301,0,,1,1,,N,N,,0,,0,0,0,3,2,,1505,0,3,0,0,0,0,0,3,4,0,3,3,,N,,,,,,,,,,,
2007081679,1401.0,0,0,0,0,0,0,0,0,0,1,0,,67,6,2007,3,39.9222,-75.2303,1351.0,6,0,0,0,0,0,0,0,0,,0,0,0,13,1,1,1,,0,39 55:19.000,,0,75 13:49.177,4,0,0,0,67301,0,0,0,N,0,0,0,2,67301,1,,1,1,,N,N,,1,,0,0,1,3,2,,1350,1,2,0,0,0,0,0,3,4,0,2,3,,N,,,,,,,,,,,
2007081712,750.0,1,0,0,0,0,0,0,0,0,8,0,,67,6,2007,7,39.9428,-75.1657,735.0,6,0,0,0,0,0,0,0,0,,0,0,0,11,1,1,1,,0,39 56:33.000,,0,75 09:56.689,4,0,0,0,67301,1,0,0,,1,0,0,2,67301,1,,1,1,,,,,0,,0,0,0,9,2,,1100,1,2,0,0,0,0,0,3,4,0,1,3,,N,,,,,,,,,,,
2007123842,408.0,3,0,0,0,0,0,0,0,0,1,0,,67,11,2007,4,40.0218,-75.069,402.0,6,0,0,0,0,0,0,0,0,,0,0,0,3,3,0,0,,0,40 01:18.477,,0,75 04:08.237,0,0,0,0,67301,0,0,0,N,0,0,0,1,67301,0,,2,1,,N,N,,0,,0,0,0,0,0,,355,0,3,0,0,0,0,0,3,4,0,3,3,,N,,,,,,,,,,,
2007126926,1910.0,1,0,0,0,0,0,0,0,0,1,0,,67,11,2007,6,39.9944,-75.1985,1904.0,6,0,0,0,0,1,0,0,0,1.0,0,0,0,19,3,2,0,,1,39 59:44.000,4.0,0,75 11:50.720,4,0,0,0,67301,0,0,0,N,0,0,0,7,68K01,2,,1,1,,N,N,,0,,0,0,1,0,0,N,1903,2,2,0,0,0,0,0,3,4,0,2,3,,N,,,,,,,,,,,
2007047776,2040.0,1,0,0,0,0,0,0,0,0,4,0,,67,3,2007,6,39.9932,-75.1069,2035.0,6,0,0,0,0,0,0,0,0,,0,0,0,20,3,2,1,,0,39 59:35.462,,0,75 06:24.911,8,0,0,0,67301,0,0,0,N,0,0,0,4,67301,0,,1,1,,N,N,,1,,0,0,0,3,3,,2000,2,2,0,0,0,2,0,3,4,0,2,3,,N,,,,,,,,,,,
2007065770,2050.0,1,0,0,1,0,0,0,0,0,4,0,,67,5,2007,2,39.9703,-75.2271,2045.0,6,0,0,0,0,0,0,0,0,,0,0,0,20,3,1,2,,0,39 58:13.166,,0,75 13:37.459,8,0,0,0,67301,1,0,0,N,0,0,0,2,67301,0,,1,1,,N,N,,0,,0,0,0,9,3,,2045,1,2,0,0,0,1,1,3,4,0,1,3,,N,,,,,,,,,,,
2007110534,2250.0,1,0,0,0,0,0,0,0,0,1,0,,67,9,2007,6,39.9518,-75.1718,2249.0,6,0,0,0,0,0,0,1,0,,0,0,0,99,3,1,1,,0,39 57:06.000,,0,75 10:18.367,8,0,0,0,67301,0,0,0,N,0,0,0,3,67301,0,,1,1,,N,N,,0,,0,0,1,9,2,,9999,1,2,0,0,0,1,0,3,4,0,2,3,,N,,,,,,,,,,,
2007110543,1255.0,0,0,0,0,0,0,0,0,0,8,0,,67,9,2007,6,39.969,-75.16,1253.0,6,0,0,0,0,0,1,0,0,,0,0,0,12,1,1,1,,0,39 58:08.000,,0,75 09:36.121,8,0,0,0,67301,1,0,0,N,1,0,0,2,67301,0,,1,1,,N,N,,0,,0,0,1,0,0,,1245,1,2,0,0,0,1,0,3,4,0,1,3,,N,,,,,,,,,,,
2007105768,245.0,1,0,0,0,0,0,0,0,0,7,0,,67,9,2007,7,40.0061,-75.1936,239.0,6,0,0,0,0,0,0,0,0,9.0,0,0,0,2,3,2,0,,1,40 00:17.000,1.0,2,75 11:39.588,4,0,0,0,67301,0,0,0,,0,0,0,2,67301,1,,3,1,,,,,0,,0,0,0,0,0,N,239,2,1,0,0,0,1,0,3,4,0,1,3,,N,,,,,,,,,,,
2007108539,920.0,1,0,0,0,0,0,0,0,0,5,0,,67,9,2007,3,39.978,-75.1105,915.0,6,0,0,0,0,0,0,0,0,1.0,0,0,0,9,1,2,1,,2,39 58:41.000,1.0,0,75 06:38.516,3,0,0,0,67301,0,0,0,N,0,0,0,2,67301,1,,1,1,,N,N,,1,,1,0,0,0,0,Y,915,2,2,0,0,0,0,0,3,4,0,2,3,,N,,,,,,,,,,,
2007105952,816.0,1,0,0,0,0,0,0,0,0,6,0,,67,7,2007,6,,,813.0,6,0,0,0,0,0,0,0,0,,0,0,0,8,1,0,0,,0,,,7,,0,0,0,0,67301,0,0,0,,0,0,0,2,67301,0,,4,1,,,,,1,,0,0,1,0,0,,810,0,3,0,0,2,0,0,3,3,0,3,3,,N,,,,,,,,,,,
2007106030,1535.0,2,0,0,0,0,0,0,0,0,4,0,,67,7,2007,1,39.914,-75.2216,1530.0,6,0,0,0,0,0,0,1,0,2.0,0,0,0,15,1,1,1,,1,39 54:50.000,3.0,0,75 13:17.717,8,0,0,0,67301,0,0,0,N,0,0,0,3,67301,0,,1,1,,N,N,,0,,0,0,0,3,2,Y,1515,1,2,0,0,0,1,0,3,4,0,2,3,,N,,,,,,,,,,,
2007108863,628.0,0,0,0,0,0,0,0,0,0,7,0,,67,9,2007,1,40.0204,-75.0803,624.0,6,0,0,0,0,0,0,0,0,,0,0,0,6,1,0,0,,0,40 01:13.000,,0,75 04:48.993,0,0,0,0,67301,0,0,0,,0,0,0,1,67301,0,,3,1,,,,,0,,0,0,0,0,0,,622,0,1,0,0,0,0,0,3,4,1,1,3,,N,,,,,,,,,,,
2007108880,1611.0,2,0,1,0,0,0,0,0,0,2,0,,67,9,2007,4,40.0296,-75.0868,1606.0,6,0,0,0,0,0,1,0,0,,0,0,0,16,1,1,1,,0,40 01:46.000,,0,75 05:12.758,2,0,0,0,67301,0,0,0,N,0,0,0,2,67301,0,,1,1,,N,N,,0,,0,1,0,3,2,,1600,1,2,0,0,0,0,0,3,4,0,2,3,,N,,,,,,,,,,,
2007106585,1832.0,1,0,0,1,0,0,0,0,0,4,0,,67,7,2007,1,40.0,-75.1531,1830.0,6,0,0,0,0,0,0,0,0,,0,0,0,18,1,1,1,,0,39 59:59.964,,0,75 09:11.322,3,0,0,0,67301,1,0,0,,0,0,0,2,67301,0,,1,98,,,,,0,,1,0,0,0,0,,1830,1,2,0,0,0,0,0,3,4,0,1,99,,N,,,,,,,,,,,
2007106036,9999.0,1,0,0,0,0,0,0,0,0,7,0,,67,7,2007,5,39.933,-75.2382,1157.0,6,0,0,0,0,0,0,0,0,,0,0,0,12,1,0,0,,0,39 55:58.799,,0,75 14:17.411,0,0,0,0,67301,0,0,0,N,0,0,0,1,67301,0,,4,9,,N,N,,0,,0,0,0,0,0,,1200,0,1,0,0,0,0,0,3,4,0,1,7,,N,,,,,,,,,,,