CRN,ARRIVAL_TM,AUTOMOBILE_COUNT,BELTED_DEATH_COUNT,BELTED_SUSP_SERIOUS_INJ_COUNT,BICYCLE_COUNT,BICYCLE_DEATH_COUNT,BICYCLE_SUSP_SERIOUS_INJ_COUNT,BUS_COUNT,CHLDPAS_DEATH_COUNT,CHLDPAS_SUSP_SERIOUS_INJ_COUNT,COLLISION_TYPE,COMM_VEH_COUNT,CONS_ZONE_SPD_LIM,COUNTY,CRASH_MONTH,CRASH_YEAR,DAY_OF_WEEK,DEC_LAT,DEC_LONG,DISPATCH_TM,DISTRICT,DRIVER_COUNT_16YR,DRIVER_COUNT_17YR,DRIVER_COUNT_18YR,DRIVER_COUNT_19YR,DRIVER_COUNT_20YR,DRIVER_COUNT_50_64YR,DRIVER_COUNT_65_74YR,DRIVER_COUNT_75PLUS,EST_HRS_CLOSED,FATAL_COUNT,HEAVY_TRUCK_COUNT,HORSE_BUGGY_COUNT,HOUR_OF_DAY,ILLUMINATION,INJURY_COUNT,INTERSECT_TYPE,INTERSECTION_RELATED,LANE_CLOSED,LATITUDE,LN_CLOSE_DIR,LOCATION_TYPE,LONGITUDE,MAX_SEVERITY_LEVEL,MCYCLE_DEATH_COUNT,MCYCLE_SUSP_SERIOUS_INJ_COUNT,MOTORCYCLE_COUNT,MUNICIPALITY,NONMOTR_COUNT,NONMOTR_DEATH_COUNT,NONMOTR_SUSP_SERIOUS_INJ_COUNT,NTFY_HIWY_MAINT,PED_COUNT,PED_DEATH_COUNT,PED_SUSP_SERIOUS_INJ_COUNT,PERSON_COUNT,POLICE_AGCY,POSSIBLE_INJ_COUNT,RDWY_SURF_TYPE_CD,RELATION_TO_ROAD,ROAD_CONDITION,ROADWAY_CLEARED,SCH_BUS_IND,SCH_ZONE_IND,SECONDARY_CRASH,SMALL_TRUCK_COUNT,SPEC_JURIS_CD,SUSP_MINOR_INJ_COUNT,SUSP_SERIOUS_INJ_COUNT,SUV_COUNT,TCD_FUNC_CD,TCD_TYPE,TFC_DETOUR_IND,TIME_OF_DAY,TOT_INJ_COUNT,TOTAL_UNITS,UNB_DEATH_COUNT,UNB_SUSP_SERIOUS_INJ_COUNT,UNBELTED_OCC_COUNT,UNK_INJ_DEG_COUNT,UNK_INJ_PER_COUNT,URBAN_AREA,URBAN_RURAL,VAN_COUNT,VEHICLE_COUNT,WEATHER1,WEATHER2,WORK_ZONE_IND,WORK_ZONE_LOC,WORK_ZONE_TYPE,WORKERS_PRES,WZ_CLOSE_DETOUR,WZ_FLAGGER,WZ_LAW_OFFCR_IND,WZ_LN_CLOSURE,WZ_MOVING,WZ_OTHER,WZ_SHLDER_MDN,WZ_WORKERS_INJ_KILLED
2007106174,517.0,2,0,0,0,0,0,0,0,0,4,0,,67,9,2007,6,39.9749,-75.162,512.0,6,0,0,0,0,0,0,0,0,,0,0,0,5,1,2,1,,0,39 58:29.625,,0,75 09:43.354,4,0,0,0,67301,0,0,0,N,0,0,0,4,67301,2,,1,1,,N,N,,0,,0,0,0,3,2,,505,2,2,0,0,1,0,0,3,4,0,2,3,,N,,,,,,,,,,,
2007106076,1345.0,0,0,0,0,0,0,0,0,0,1,0,,67,9,2007,3,40.004,-75.2144,1324.0,6,0,0,0,0,0,1,0,0,,0,0,0,13,1,0,2,,0,40 00:14.371,,0,75 12:51.803,0,0,0,0,67301,0,0,0,N,0,0,0,2,67301,0,,1,9,,N,N,,0,,0,0,1,3,2,,1320,0,2,0,0,0,0,0,3,4,1,2,7,,N,,,,,,,,,,,
2007098688,1643.0,2,0,0,0,0,0,0,0,0,1,0,,67,8,2007,4,40.0549,-75.0085,1641.0,6,0,0,0,0,0,1,0,0,1.0,0,0,0,16,1,2,0,,1,40 03:17.000,3.0,0,75 00:30.561,8,0,0,0,67301,0,0,0,N,0,0,0,3,67301,0,,1,1,,N,N,,1,,0,0,0,3,2,N,1635,2,3,0,0,0,2,0,3,4,0,3,98,,N,,,,,,,,,,,
2007098586,2000.0,1,0,0,0,0,0,0,0,0,8,0,,67,9,2007,1,39.9675,-75.2067,1955.0,6,0,0,0,0,0,0,0,0,,0,0,0,19,1,1,2,,0,39 58:03.176,,0,75 12:24.159,8,0,0,0,67301,1,0,0,N,1,0,0,2,67301,0,,1,1,,N,N,,0,,0,0,0,0,0,,1955,1,2,0,0,0,1,1,3,4,0,1,3,,N,,,,,,,,,,,
2007098738,2051.0,2,0,0,0,0,0,0,0,0,5,0,,67,8,2007,7,40.0206,-75.1584,2051.0,6,0,0,0,0,0,0,0,0,1.0,0,0,0,20,3,1,0,,2,40 01:14.000,2.0,0,75 09:30.050,3,0,0,0,67301,0,0,0,N,0,0,0,6,67301,0,,1,1,,N,N,,0,,1,0,0,0,0,N,2050,1,2,0,0,1,0,0,3,4,0,2,3,,N,,,,,,,,,,,
2007098755,745.0,1,0,0,0,0,0,0,0,0,4,0,,67,8,2007,5,39.9615,-75.1517,740.0,6,0,0,0,0,0,0,0,0,1.0,0,0,0,7,1,0,2,,2,39 57:41.000,2.0,0,75 09:06.282,0,0,0,0,67301,0,0,0,N,0,0,0,2,67301,0,,1,1,,N,N,,0,,0,0,1,3,2,Y,730,0,2,0,0,0,0,0,3,4,0,2,3,,N,,,,,,,,,,,
2007098776,2041.0,1,0,0,0,0,0,0,0,0,4,0,,67,9,2007,3,,,2041.0,6,0,0,0,0,0,2,0,0,,0,0,0,20,3,3,0,,0,,,0,,8,0,0,0,67301,0,0,0,N,0,0,0,4,67301,0,,1,1,,N,N,,1,,0,0,0,0,0,,2041,3,2,0,0,0,3,1,3,3,0,2,3,,N,,,,,,,,,,,
2007081286,1242.0,3,0,0,0,0,0,0,0,0,4,0,,67,5,2007,2,40.0399,-75.1204,1240.0,6,0,0,0,0,0,1,0,0,,0,0,0,12,1,2,1,,0,40 02:23.726,,0,75 07:13.540,8,0,0,0,67301,0,0,0,N,0,0,0,3,67301,0,,1,1,,N,N,,0,,0,0,0,1,2,,1235,2,3,0,0,0,2,0,3,4,0,3,3,,N,,,,,,,,,,,
2007081610,1630.0,0,0,0,0,0,0,0,0,0,8,0,,67,5,2007,3,40.0437,-75.2283,1624.0,6,0,0,0,0,0,0,0,1,,0,0,0,15,1,1,2,,0,40 02:37.394,,0,75 13:41.844,8,0,0,0,67301,1,0,0,N,1,0,0,2,67301,0,,2,1,,N,N,,0,,0,0,1,3,2,,1530,1,2,0,0,0,1,0,3,4,0,1,3,,N,,,,,,,,,,,
2007081622,2320.0,0,0,0,0,0,0,0,0,0,7,0,,67,5,2007,6,39.9734,-75.1231,2320.0,6,0,0,0,0,0,0,0,0,,0,0,0,23,3,0,0,,0,39 58:24.000,,0,75 07:23.032,0,0,0,0,67301,0,0,0,,0,0,0,1,67301,0,,2,1,,,,,1,,0,0,0,0,0,,2315,0,1,0,0,0,0,0,3,4,0,1,3,,N,,,,,,,,,,,
2007120322,1732.0,1,0,0,0,0,0,0,0,0,1,0,,67,10,2007,4,39.9689,-75.1344,1728.0,6,0,0,0,0,0,1,0,0,,0,0,0,17,1,1,1,,0,39 58:07.000,,0,75 08:03.925,4,0,0,0,67301,0,0,0,N,0,0,0,3,67301,1,,1,1,,N,N,,1,,0,0,1,3,2,,1712,1,3,0,0,0,0,0,3,4,0,3,3,,N,,,,,,,,,,,
2007127382,715.0,1,0,0,0,0,0,0,0,0,7,0,,67,10,2007,4,39.9967,-75.1972,713.0,6,0,0,0,0,0,0,0,0,,0,0,0,7,3,0,0,,0,39 59:48.084,,0,75 11:49.970,0,0,0,0,67301,0,0,0,N,0,0,0,1,67301,0,,3,9,,N,N,,0,,0,0,0,0,0,,712,0,1,0,0,0,0,0,3,4,0,1,7,,N,,,,,,,,,,,
2007107957,1325.0,1,0,0,0,0,0,0,0,0,7,0,,67,8,2007,2,39.9598,-75.1784,1320.0,6,0,0,0,0,0,0,0,0,1.0,0,0,0,13,1,1,7,,1,39 57:35.280,3.0,2,75 10:42.600,4,0,0,0,67301,0,0,0,Y,0,0,0,1,67301,1,,7,1,,N,N,,0,,0,0,0,0,0,Y,1315,1,1,0,0,0,0,0,3,4,0,1,3,,N,,,,,,,,,,,
2007107961,1106.0,1,0,0,0,0,0,1,0,0,1,0,,67,9,2007,5,39.9416,-75.1424,1105.0,6,0,0,0,0,0,0,0,0,1.0,0,0,0,10,1,1,0,,1,39 56:29.695,2.0,0,75 08:32.502,3,0,0,0,67301,0,0,0,N,0,0,0,2,67301,0,,1,1,,N,N,,0,,1,0,0,3,2,Y,1058,1,2,0,0,1,0,0,3,4,0,2,3,,N,,,,,,,,,,,
2007110478,1453.0,0,0,0,0,0,0,0,0,0,4,0,,67,9,2007,5,39.9561,-75.185,1453.0,6,0,0,0,0,0,0,1,0,,0,0,0,14,1,1,0,,0,39 57:22.000,,0,75 11:05.790,2,0,1,1,67301,0,0,0,N,0,0,0,2,67301,0,,1,1,,N,N,,0,,0,1,1,0,0,,1450,1,2,0,0,0,0,0,3,4,0,2,3,,N,,,,,,,,,,,
2007105288,1730.0,2,0,0,0,0,0,0,0,0,6,0,,67,8,2007,5,40.0767,-75.1762,1720.0,6,0,0,0,0,0,0,1,1,,0,0,0,17,1,1,1,,0,40 04:36.212,,0,75 10:34.207,4,0,0,0,67301,0,0,0,N,0,0,0,2,67301,1,,4,1,,N,N,,0,,0,0,0,3,3,,1710,1,2,0,0,0,0,0,3,4,0,2,3,,N,,,,,,,,,,,
2007097799,2315.0,2,0,0,0,0,0,0,0,0,8,0,,67,7,2007,4,39.9817,-75.1329,2310.0,6,0,0,0,0,0,1,0,0,1.0,0,0,0,23,3,1,1,,1,39 58:53.943,5.0,0,75 07:58.270,4,0,0,0,67301,1,0,0,N,1,0,0,3,67301,1,,1,9,,N,N,,0,,0,0,0,3,2,Y,2300,1,3,0,0,0,0,0,3,4,0,2,7,,N,,,,,,,,,,,
2007097828,438.0,1,0,0,0,0,0,0,0,0,1,0,,67,7,2007,4,39.9459,-75.2403,430.0,6,0,0,0,0,0,1,0,0,,0,0,0,4,6,1,1,,0,39 56:45.000,,0,75 14:25.019,4,0,0,0,67301,0,0,0,N,0,0,0,2,67301,1,,1,9,,N,N,,0,,0,0,0,3,2,,427,1,2,0,0,0,0,1,3,4,0,2,3,,N,,,,,,,,,,,
2007097829,1755.0,1,0,0,1,0,0,0,0,0,8,0,,67,7,2007,5,39.9597,-75.2352,1750.0,6,0,0,1,0,0,0,0,0,,0,0,0,17,1,1,1,,0,39 57:34.000,,0,75 14:06.596,4,0,0,0,67301,1,0,0,N,0,0,0,2,67301,1,,1,1,,N,N,,0,,0,0,0,0,0,,1740,1,2,0,0,1,0,0,3,4,0,1,3,,N,,,,,,,,,,,
2007097854,1300.0,1,0,0,0,0,0,0,0,0,1,0,,67,7,2007,7,40.0367,-75.1584,1255.0,6,0,0,0,0,0,0,0,0,,0,0,0,12,1,0,1,,0,40 02:12.109,,0,75 09:30.211,9,0,0,0,67301,0,0,0,N,0,0,0,2,67301,0,,1,1,,N,N,,1,,0,0,0,3,2,,1240,0,2,0,0,0,0,2,3,4,0,2,3,,N,,,,,,,,,,,
2007095529,1635.0,0,0,0,0,0,0,0,0,0,5,0,,67,7,2007,1,40.0183,-75.1688,1631.0,6,0,0,0,0,0,0,0,0,,0,0,0,1,3,1,3,,0,40 01:05.000,,2,75 10:07.657,4,0,0,0,67301,0,0,0,N,0,0,0,2,67301,1,,1,1,,N,N,,0,,0,0,1,0,0,,100,1,2,0,0,0,0,1,3,4,1,2,3,,N,,,,,,,,,,,
2007095777,1120.0,2,0,0,0,0,0,0,0,0,4,0,,67,8,2007,4,40.0601,-75.2384,1115.0,6,0,0,0,0,0,0,1,1,1.0,0,0,0,99,1,3,5,,1,40 03:35.480,6.0,0,75 14:17.492,8,0,0,0,67301,0,0,0,N,0,0,0,6,62301,0,,1,1,,N,N,,0,,0,0,0,3,2,Y,9999,3,2,0,0,0,3,0,3,4,0,2,3,,N,,,,,,,,,,,
2007095688,2315.0,2,0,0,0,0,0,0,0,0,4,0,,67,8,2007,2,39.9342,-75.1774,2310.0,6,0,0,0,1,0,0,0,0,,0,0,0,22,3,1,1,,0,39 56:02.979,,0,75 10:38.557,4,0,0,0,67301,0,0,0,,0,0,0,2,67301,1,,1,1,,,,,0,,0,0,0,3,2,,2245,1,2,0,0,0,0,1,3,4,0,2,3,,N,,,,,,,,,,,
2007093179,2145.0,1,0,0,0,0,0,0,0,0,8,0,,67,7,2007,7,40.0435,-75.1238,2138.0,6,0,0,0,0,0,0,0,0,,0,0,0,21,3,2,1,,0,40 02:36.502,,0,75 07:25.564,8,0,0,0,67301,2,0,0,N,2,0,0,3,67301,0,,1,1,,N,N,,0,,0,0,0,3,2,,2130,2,3,0,0,0,2,0,3,4,0,1,3,,N,,,,,,,,,,,
2007093198,2110.0,0,0,0,0,0,0,0,0,0,5,0,,67,7,2007,7,39.9979,-75.1152,2101.0,6,0,0,0,0,0,0,0,0,,0,0,0,20,2,1,2,,0,39 59:52.576,,0,75 06:54.863,8,0,0,0,67301,1,0,0,N,0,0,0,2,67301,0,,1,1,,N,N,,1,,0,0,0,0,0,,2045,1,2,0,0,0,1,1,3,4,1,2,3,,N,,,,,,,,,,,
2007095795,1641.0,0,0,0,1,0,0,0,0,0,6,0,,67,8,2007,6,39.9688,-75.2323,1641.0,6,0,0,0,0,0,0,0,0,,0,0,0,16,1,1,0,,0,39 58:07.593,,0,75 13:56.251,4,0,0,0,67301,1,0,0,N,0,0,0,2,67301,1,,1,1,,N,N,,0,,0,0,1,0,0,,1641,1,2,0,0,0,0,0,3,4,0,1,3,,N,,,,,,,,,,,
2007022314,1850.0,2,0,0,0,0,0,0,0,0,4,0,,67,1,2007,3,40.0705,-75.0784,1824.0,6,0,0,0,0,0,1,0,0,,0,0,0,18,3,1,1,,0,40 04:13.000,,0,75 04:42.245,4,0,0,0,67301,0,0,0,N,0,0,0,3,67301,1,,1,1,,N,N,,0,,0,0,0,3,2,,1801,1,2,0,0,0,0,0,3,4,0,2,3,,N,,,,,,,,,,,
2007022348,800.0,0,0,0,0,0,0,0,0,0,7,0,,67,1,2007,6,40.0272,-75.2045,800.0,6,0,0,0,0,0,0,0,0,,0,0,0,8,5,0,0,,0,40 01:38.002,,0,75 12:16.223,0,0,0,0,67301,0,0,0,N,0,0,0,1,67301,0,,5,2,,N,N,,0,,0,0,1,0,0,,800,0,1,0,0,0,0,0,3,4,0,1,10,,N,,,,,,,,,,,
2007027605,1900.0,2,0,0,0,0,0,0,0,0,5,0,,67,2,2007,6,40.0515,-75.1586,1851.0,6,0,0,0,0,0,0,0,0,,0,0,0,18,3,1,0,,0,40 03:05.524,,0,75 09:30.989,4,0,0,0,67301,0,0,0,,0,0,0,3,67301,1,,1,9,,N,N,,0,,0,0,0,0,0,,1805,1,2,0,0,0,0,0,3,4,0,2,10,,N,,,,,,,,,,,
2007080988,1012.0,3,0,0,0,0,0,0,0,0,4,0,,67,5,2007,6,39.9292,-75.2292,1008.0,6,0,0,0,0,0,0,0,0,3.0,0,0,0,10,1,3,1,,2,39 55:45.184,7.0,0,75 13:45.242,8,0,0,0,67301,0,0,0,,0,0,0,3,67301,0,,1,98,,N,N,,0,,0,0,0,3,2,Y,1007,3,3,0,0,0,3,0,3,4,0,3,99,,N,,,,,,,,,,,
2007120230,1330.0,0,0,0,0,0,0,0,0,0,0,0,,67,10,2007,1,39.9053,-75.1947,1325.0,6,0,0,0,0,0,0,0,0,2.0,0,0,0,13,1,6,0,,2,39 54:18.000,3.0,3,75 11:41.046,8,0,0,0,67301,0,0,0,N,0,0,0,6,67301,0,,1,1,,N,N,,0,,0,0,1,0,0,N,1325,6,1,0,0,0,6,0,3,4,0,1,3,,N,,,,,,,,,,,
2007120244,856.0,1,0,0,1,0,0,0,0,0,4,0,,67,9,2007,6,39.9492,-75.2113,856.0,6,0,0,0,0,0,0,0,0,,0,0,0,8,1,1,1,,0,39 56:57.000,,0,75 12:40.604,3,0,0,0,67301,1,0,0,N,0,0,0,2,67301,0,,5,1,,N,N,,0,,1,0,0,3,2,,856,1,2,0,0,0,0,0,3,4,0,1,3,,N,,,,,,,,,,,
2007081056,1449.0,1,0,0,0,0,0,0,0,0,2,0,,67,6,2007,7,40.0437,-75.1498,1147.0,6,0,0,0,0,1,0,0,0,2.0,0,0,0,11,1,2,1,,1,40 02:37.165,1.0,0,75 08:59.326,4,0,0,0,67301,0,0,0,N,0,0,0,3,67301,2,,1,1,,N,N,,0,,0,0,1,3,2,Y,1145,2,2,0,0,0,0,0,3,4,0,2,3,,N,,,,,,,,,,,
2007081058,958.0,2,0,0,0,0,0,0,0,0,1,0,,67,6,2007,6,39.9636,-75.228,953.0,6,0,0,0,0,0,0,0,0,,0,0,0,9,1,1,2,,0,39 57:48.790,,0,75 13:40.864,4,0,0,0,67301,0,0,0,N,0,0,0,4,67301,1,,1,1,,N,N,,0,,0,0,0,3,3,,950,1,2,0,0,0,0,0,3,4,0,2,3,,N,,,,,,,,,,,
2007120128,2017.0,2,0,0,0,0,0,0,0,0,1,0,,67,10,2007,6,39.9653,-75.1857,2009.0,6,0,0,0,0,1,0,0,0,1.0,0,0,0,20,3,0,3,,1,39 59:05.000,4.0,2,75 12:29.570,0,0,0,0,67301,0,0,0,N,0,0,0,3,68K01,0,,1,1,,N,N,,0,,0,0,0,0,0,N,2007,0,2,0,0,0,0,0,3,4,0,2,3,,N,,,,,,,,,,,
2007120188,1620.0,2,0,0,0,0,0,0,0,0,4,0,,67,10,2007,3,40.0553,-75.1851,1611.0,6,0,0,0,0,0,0,1,0,,0,0,0,16,1,0,1,,0,40 03:19.004,,0,75 11:06.183,0,0,0,0,67301,0,0,0,N,0,0,0,4,67301,0,,1,1,,N,N,,0,,0,0,0,3,3,,1600,0,2,0,0,0,0,0,3,4,0,2,3,,N,,,,,,,,,,,
2007066442,1907.0,2,0,0,0,0,0,0,0,0,1,0,,67,4,2007,6,39.8945,-75.2369,1901.0,6,0,0,0,0,0,1,0,0,,0,0,0,18,4,1,0,,0,39 53:40.560,,0,75 14:12.480,4,0,0,0,67301,0,0,0,N,0,0,0,2,67301,1,,1,9,,N,N,,0,,0,0,0,0,0,,1859,1,2,0,0,0,0,0,3,4,0,2,3,,N,,,,,,,,,,,
2007066455,2155.0,1,0,0,0,0,0,0,0,0,4,0,,67,5,2007,2,40.0026,-75.1609,2152.0,6,0,0,0,0,0,0,0,0,,0,0,0,99,2,1,2,,0,40 00:09.432,,0,75 09:39.099,4,0,0,1,67301,0,0,0,N,0,0,0,2,67301,1,,9,1,,N,N,,0,,0,0,0,0,0,,9999,1,2,0,0,0,0,0,3,4,0,2,3,,N,,,,,,,,,,,
2007066561,1108.0,2,0,0,0,0,0,0,0,0,4,0,,67,5,2007,4,40.0992,-75.0123,1107.0,6,0,0,0,0,0,0,1,0,,0,0,0,11,1,1,1,,0,40 05:57.051,,0,75 00:44.384,4,0,0,0,67301,0,0,0,N,0,0,0,3,67301,1,,1,9,,N,N,,0,,0,0,0,2,2,,1105,1,2,0,0,0,0,0,3,4,0,2,3,,N,,,,,,,,,,,
2007079992,1742.0,1,0,0,0,0,0,0,0,0,5,0,,67,6,2007,5,39.9613,-75.2471,1740.0,6,0,0,0,0,0,1,0,0,,0,0,0,17,1,1,2,,0,39 57:40.000,,0,75 14:49.452,3,0,0,1,67301,0,0,0,,0,0,0,2,67301,0,,1,1,,N,N,,0,,1,0,0,9,2,,1740,1,2,0,0,1,0,0,3,4,0,2,3,,N,,,,,,,,,,,
2007080106,1130.0,1,0,0,0,0,0,0,0,0,1,0,,67,6,2007,7,39.9461,-75.1985,1128.0,6,0,0,0,0,0,0,0,0,,0,0,0,10,1,1,2,,0,39 56:45.926,,0,75 11:54.625,4,0,0,0,67301,0,0,0,,0,0,0,2,67504,1,,1,1,,,,,0,,0,0,1,3,2,,1040,1,2,0,0,0,0,0,3,4,0,2,3,,N,,,,,,,,,,,
2007080405,1545.0,2,0,0,0,0,0,0,0,0,1,0,,67,6,2007,6,40.0682,-75.0297,1535.0,6,0,0,0,0,0,0,0,0,,0,0,0,15,1,1,2,,0,40 04:05.000,,0,75 01:46.759,3,0,0,0,67301,0,0,0,N,0,0,0,5,67301,0,,1,1,,N,N,,0,,1,0,1,3,1,,1525,1,3,0,0,0,0,0,3,4,0,3,3,,N,,,,,,,,,,,
2007080411,1019.0,2,0,0,0,0,0,0,0,0,5,0,,67,6,2007,5,39.9131,-75.2433,1014.0,6,0,0,0,0,0,0,0,0,,0,0,0,99,1,1,1,,0,39 54:47.000,,0,75 14:35.859,8,0,0,0,67301,0,0,0,N,0,0,0,3,67301,0,,1,1,,N,N,,0,,0,0,0,3,2,,9999,1,2,0,0,2,1,0,3,4,0,2,3,,N,,,,,,,,,,,
2007116267,1925.0,2,0,0,0,0,0,0,0,0,1,0,,67,10,2007,7,39.9723,-75.2488,1925.0,6,0,0,0,0,0,0,0,0,,0,0,0,99,3,1,1,,0,39 58:20.000,,0,75 14:55.738,4,0,0,0,67301,0,0,0,N,0,0,0,4,67301,1,,1,1,,N,N,,0,,0,0,0,3,2,,9999,1,2,0,0,0,0,0,3,4,0,2,3,,N,,,,,,,,,,,
2007080125,845.0,2,0,0,0,0,0,0,0,0,1,0,,67,6,2007,7,39.9909,-75.1016,840.0,6,0,0,0,0,0,0,0,0,,0,0,0,23,3,1,1,,0,39 59:27.000,,0,75 06:05.712,8,0,0,0,67301,0,0,0,N,0,0,0,3,67301,0,,1,1,,N,N,,0,,0,0,0,0,0,,2300,1,2,0,0,1,1,1,3,4,0,2,3,,N,,,,,,,,,,,
2007080128,1425.0,1,0,0,0,0,0,0,0,0,4,0,,67,6,2007,4,39.9936,-75.1073,1420.0,6,0,0,0,0,0,0,0,0,,0,0,0,14,1,1,1,,0,39 59:37.010,,0,75 06:26.272,8,0,0,0,67301,0,0,0,N,0,0,0,5,67301,0,,1,1,,N,N,,0,,0,0,1,9,3,,1400,1,2,0,0,0,1,0,3,4,0,2,3,,N,,,,,,,,,,,
2007080174,1950.0,2,0,0,0,0,0,0,0,0,1,0,,67,6,2007,2,40.0381,-75.2228,1943.0,6,0,0,0,0,0,1,0,0,,0,0,0,19,1,0,1,,0,40 02:16.000,,0,75 13:21.543,0,0,0,0,67301,0,0,0,N,0,0,0,2,67301,0,,1,1,,N,N,,0,,0,0,0,3,2,,1943,0,2,0,0,0,0,0,3,4,0,2,3,,N,,,,,,,,,,,
2007080181,952.0,2,0,0,0,0,0,0,0,0,1,0,,67,6,2007,2,40.0215,-75.0518,949.0,6,0,0,0,0,0,1,0,0,,0,0,0,9,1,0,1,,0,40 01:17.000,,0,75 03:06.381,0,0,0,0,67301,0,0,0,N,0,0,0,2,67301,0,,1,1,,N,N,,0,,0,0,0,3,2,,947,0,2,0,0,0,0,0,3,4,0,2,3,,N,,,,,,,,,,,
2007116919,1115.0,1,0,0,0,0,0,0,0,0,4,0,,67,9,2007,6,39.9804,-75.1179,1115.0,6,0,0,0,0,0,0,0,0,,0,0,0,11,1,0,1,,0,39 58:53.000,,0,75 07:02.419,9,0,0,0,67301,0,0,0,N,0,0,0,2,67301,0,,1,9,,N,N,,1,,0,0,0,3,2,,1105,0,2,0,0,0,0,1,3,4,0,2,3,,N,,,,,,,,,,,
2007124134,850.0,1,0,0,1,0,0,0,0,0,5,0,,67,10,2007,2,39.9626,-75.162,845.0,6,0,0,0,0,1,0,0,0,,0,0,0,8,1,1,0,,0,39 57:45.000,,7,75 09:43.255,4,0,0,0,67301,1,0,0,,0,0,0,2,67301,1,,1,1,,,,,0,,0,0,0,0,0,,835,1,2,0,0,1,0,0,3,4,0,1,3,,N,,,,,,,,,,,
2007124272,1905.0,3,0,0,0,0,0,0,0,0,1,0,,67,11,2007,2,40.0338,-75.0638,1900.0,6,0,0,0,0,0,1,0,0,,0,0,0,18,3,2,0,,0,40 02:01.774,,0,75 03:49.696,2,0,0,0,67301,1,0,0,N,0,0,0,3,67301,1,,1,1,,,,,0,,0,1,0,0,0,,1855,2,3,0,0,0,0,0,3,4,0,3,3,,N,,,,,,,,,,,
2007127586,325.0,1,0,0,0,0,0,0,0,0,7,0,,67,10,2007,7,,,320.0,6,0,0,0,0,0,0,0,0,,0,0,0,3,3,0,0,,0,,,0,,0,0,0,0,67301,0,0,0,N,0,0,0,1,67301,0,,2,9,,N,N,,0,,0,0,0,0,0,,319,0,1,0,0,0,0,0,3,3,0,1,7,,N,,,,,,,,,,,
2007124691,155.0,1,0,0,0,0,0,0,0,0,7,0,,67,11,2007,1,39.9214,-75.1906,151.0,6,0,0,0,0,0,0,0,0,9.0,0,0,0,1,3,1,0,,1,39 55:16.000,3.0,1,75 11:26.222,8,0,0,0,67301,0,0,0,N,0,0,0,1,67301,0,,2,1,,N,N,,0,,0,0,0,0,0,N,145,1,1,0,0,0,1,0,3,4,0,1,3,,N,,,,,,,,,,,
2007126195,1250.0,0,0,0,0,0,0,0,0,0,4,0,,67,11,2007,5,39.9638,-75.2201,1243.0,6,0,0,0,0,0,0,1,0,,0,0,0,12,1,1,1,,0,39 57:49.841,,0,75 13:12.286,8,0,0,0,67301,0,0,0,N,0,0,0,3,67301,0,,1,1,,N,N,,1,,0,0,1,9,3,,1238,1,2,0,0,0,1,0,3,4,0,2,3,,N,,,,,,,,,,,
2007122300,2228.0,0,0,0,0,0,0,0,0,0,1,0,,67,10,2007,5,39.9423,-75.1937,2131.0,6,0,0,0,0,0,0,0,0,,0,0,0,2,3,0,0,,0,39 56:38.000,,0,75 11:32.055,9,0,0,0,67301,0,0,0,N,0,0,0,2,68K01,0,,1,1,,N,N,,0,,0,0,1,0,0,,213,0,2,0,0,0,0,1,3,4,0,2,3,,N,,,,,,,,,,,
2007123803,1140.0,0,0,0,0,0,0,0,0,0,0,0,,67,11,2007,1,39.9094,-75.2422,1130.0,6,0,0,0,0,0,0,0,0,,0,0,0,11,1,1,0,,0,39 54:33.000,,0,75 14:31.970,4,0,0,1,67301,0,0,0,,0,0,0,1,67301,1,,2,1,,N,N,,0,,0,0,0,2,2,,1115,1,1,0,0,0,0,0,3,4,0,1,3,,N,,,,,,,,,,,
2007124152,735.0,0,0,0,0,0,0,0,0,0,7,0,,67,11,2007,1,40.1097,-75.0254,728.0,6,0,0,0,0,0,0,0,0,,0,0,0,7,1,0,0,,0,40 06:34.000,,0,75 01:31.354,0,0,0,0,67301,0,0,0,N,0,0,0,1,67301,0,,2,1,,N,N,,0,,0,0,0,0,0,,705,0,1,0,0,0,0,0,3,4,1,1,3,,N,,,,,,,,,,,
2007126694,1524.0,1,0,0,0,0,0,0,0,0,1,0,,67,11,2007,4,40.0067,-75.1982,1519.0,6,0,0,0,0,0,0,0,0,,0,0,0,15,1,0,0,,0,40 00:22.000,,0,75 11:48.951,9,0,0,0,67301,0,0,0,N,0,0,0,5,68K01,0,,1,1,,N,N,,0,,0,0,0,0,0,,1515,0,2,0,0,1,0,1,3,4,1,2,3,,N,,,,,,,,,,,
2007033622,1156.0,1,0,0,0,0,0,0,0,0,7,0,99.0,67,2,2007,4,39.9965,-75.1969,1156.0,6,0,0,0,0,0,0,0,0,,0,0,0,11,1,0,0,,0,39 59:50.640,,0,75 11:47.040,0,0,0,0,67301,0,0,0,N,0,0,0,1,68K01,0,,3,7,,N,N,,0,,0,0,0,0,0,,1145,0,1,0,0,0,0,0,3,4,0,1,10,,Y,8.0,8.0,U,,,U,,,,,
2007028835,1800.0,1,0,0,0,0,0,0,0,0,8,0,,67,1,2007,7,40.076,-75.0851,1757.0,6,0,0,0,0,0,0,0,1,1.0,0,0,0,17,3,1,0,,1,40 04:33.000,1.0,0,75 05:06.194,3,0,0,0,67301,1,0,0,N,1,0,0,3,67301,0,,1,1,,N,N,,0,,1,0,0,0,0,Y,1754,1,2,0,0,0,0,0,3,4,0,1,3,,N,,,,,,,,,,,