CRN,ARRIVAL_TM,AUTOMOBILE_COUNT,BELTED_DEATH_COUNT,BELTED_SUSP_SERIOUS_INJ_COUNT,BICYCLE_COUNT,BICYCLE_DEATH_COUNT,BICYCLE_SUSP_SERIOUS_INJ_COUNT,BUS_COUNT,CHLDPAS_DEATH_COUNT,CHLDPAS_SUSP_SERIOUS_INJ_COUNT,COLLISION_TYPE,COMM_VEH_COUNT,CONS_ZONE_SPD_LIM,COUNTY,CRASH_MONTH,CRASH_YEAR,DAY_OF_WEEK,DEC_LAT,DEC_LONG,DISPATCH_TM,DISTRICT,DRIVER_COUNT_16YR,DRIVER_COUNT_17YR,DRIVER_COUNT_18YR,DRIVER_COUNT_19YR,DRIVER_COUNT_20YR,DRIVER_COUNT_50_64YR,DRIVER_COUNT_65_74YR,DRIVER_COUNT_75PLUS,EST_HRS_CLOSED,FATAL_COUNT,HEAVY_TRUCK_COUNT,HORSE_BUGGY_COUNT,HOUR_OF_DAY,ILLUMINATION,INJURY_COUNT,INTERSECT_TYPE,INTERSECTION_RELATED,LANE_CLOSED,LATITUDE,LN_CLOSE_DIR,LOCATION_TYPE,LONGITUDE,MAX_SEVERITY_LEVEL,MCYCLE_DEATH_COUNT,MCYCLE_SUSP_SERIOUS_INJ_COUNT,MOTORCYCLE_COUNT,MUNICIPALITY,NONMOTR_COUNT,NONMOTR_DEATH_COUNT,NONMOTR_SUSP_SERIOUS_INJ_COUNT,NTFY_HIWY_MAINT,PED_COUNT,PED_DEATH_COUNT,PED_SUSP_SERIOUS_INJ_COUNT,PERSON_COUNT,POLICE_AGCY,POSSIBLE_INJ_COUNT,RDWY_SURF_TYPE_CD,RELATION_TO_ROAD,ROAD_CONDITION,ROADWAY_CLEARED,SCH_BUS_IND,SCH_ZONE_IND,SECONDARY_CRASH,SMALL_TRUCK_COUNT,SPEC_JURIS_CD,SUSP_MINOR_INJ_COUNT,SUSP_SERIOUS_INJ_COUNT,SUV_COUNT,TCD_FUNC_CD,TCD_TYPE,TFC_DETOUR_IND,TIME_OF_DAY,TOT_INJ_COUNT,TOTAL_UNITS,UNB_DEATH_COUNT,UNB_SUSP_SERIOUS_INJ_COUNT,UNBELTED_OCC_COUNT,UNK_INJ_DEG_COUNT,UNK_INJ_PER_COUNT,URBAN_AREA,URBAN_RURAL,VAN_COUNT,VEHICLE_COUNT,WEATHER1,WEATHER2,WORK_ZONE_IND,WORK_ZONE_LOC,WORK_ZONE_TYPE,WORKERS_PRES,WZ_CLOSE_DETOUR,WZ_FLAGGER,WZ_LAW_OFFCR_IND,WZ_LN_CLOSURE,WZ_MOVING,WZ_OTHER,WZ_SHLDER_MDN,WZ_WORKERS_INJ_KILLED
2007065641,1231.0,0,0,0,0,0,0,0,0,0,8,1,,67,5,2007,4,40.0356,-75.2174,1227.0,6,0,0,0,0,0,1,0,0,3.0,1,1,0,12,1,0,1,,2,40 02:07.000,7.0,0,75 13:02.189,1,0,0,0,67301,1,1,0,N,1,1,0,2,67301,0,2.0,1,1,,N,N,,0,0.0,0,0,0,3,2,Y,1225,0,2,0,0,0,0,0,3,4,0,1,3,,N,,,,,,,,,,,
2007110531,1728.0,0,0,0,0,0,0,1,0,0,1,1,,67,9,2007,7,40.0445,-75.1194,1718.0,6,0,0,0,0,0,0,0,0,,0,0,0,99,1,1,1,,0,40 02:40.000,,0,75 07:09.991,4,0,0,0,67301,0,0,0,N,0,0,0,15,67301,1,,1,1,,N,N,,0,,0,0,0,2,2,,9999,1,2,0,0,0,0,0,3,4,1,2,3,,N,,,,,,,,,,,
2007108186,1003.0,1,0,0,0,0,0,0,0,0,1,0,,67,9,2007,3,39.9959,-75.1974,1003.0,6,0,0,0,0,0,1,1,0,1.0,0,0,0,10,1,2,0,,1,39 59:45.000,3.0,0,75 11:50.265,3,0,0,0,67301,0,0,0,N,0,0,0,3,68K01,1,,1,1,,N,N,,1,,1,0,1,0,0,N,1000,2,3,0,0,0,0,0,3,4,0,3,3,,N,,,,,,,,,,,
2007105987,900.0,1,0,0,0,0,0,0,0,0,4,0,,67,6,2007,4,40.0101,-75.1576,856.0,6,0,0,0,0,0,1,0,0,2.0,0,0,0,8,1,5,1,,2,40 00:36.000,7.0,0,75 09:27.175,3,0,0,0,67301,0,0,0,N,0,0,0,5,67301,1,,1,1,,N,N,,1,,4,0,0,3,2,Y,850,5,3,0,0,3,0,0,3,4,1,3,3,,N,,,,,,,,,,,
2007106134,1741.0,1,0,0,0,0,0,0,0,0,4,0,,67,8,2007,1,40.0111,-75.1048,1739.0,6,0,0,0,0,0,0,0,0,,0,0,0,17,1,2,1,,0,40 00:40.035,,0,75 06:17.351,8,0,0,0,67301,0,0,0,N,0,0,0,4,67301,0,,1,1,,N,N,,0,,0,0,0,0,0,,1729,2,2,0,0,0,2,0,3,4,1,2,3,,N,,,,,,,,,,,
2007106555,25.0,5,0,0,0,0,0,0,0,0,5,0,,67,8,2007,7,39.955,-75.2238,22.0,6,0,0,0,1,0,0,0,0,,0,0,0,0,3,0,0,,0,39 57:17.884,,0,75 13:25.788,9,0,0,0,67301,0,0,0,N,0,0,0,4,67301,0,,1,1,,N,N,,0,,0,0,0,0,0,,16,0,6,0,0,0,0,4,3,4,1,6,3,,N,,,,,,,,,,,
2007106496,606.0,0,0,0,0,0,0,0,0,0,6,0,,67,8,2007,4,39.933,-75.2383,548.0,6,0,0,0,0,0,1,0,0,2.0,0,0,0,5,5,2,2,,1,39 55:58.000,1.0,0,75 14:17.593,4,0,0,0,67301,0,0,0,N,0,0,0,11,67301,2,,1,9,,N,N,,0,,0,0,1,0,0,Y,545,2,2,0,0,0,0,0,3,4,1,2,7,,N,,,,,,,,,,,
2007098693,2227.0,1,0,0,1,0,0,0,0,0,4,0,,67,9,2007,7,39.9261,-75.1732,2225.0,6,0,0,0,0,0,0,0,0,,0,0,0,22,3,1,1,,0,39 55:33.931,,0,75 10:23.552,4,0,0,0,67301,1,0,0,N,0,0,0,2,67301,1,,1,1,,N,N,,0,,0,0,0,3,3,,2208,1,2,0,0,0,0,0,3,4,0,1,3,,N,,,,,,,,,,,
2007098820,1450.0,2,0,0,0,0,0,0,0,0,4,0,,67,7,2007,3,40.0796,-75.2004,1445.0,6,0,0,0,0,0,2,0,0,,0,0,0,14,1,1,1,,0,40 04:46.000,,0,75 12:01.519,8,0,0,0,67301,0,0,0,N,0,0,0,2,67301,0,,1,1,,N,N,,0,,0,0,0,2,2,,1410,1,2,0,0,0,1,0,3,4,0,2,3,,N,,,,,,,,,,,
2007120412,2325.0,1,0,0,0,0,0,0,0,0,1,0,50.0,67,10,2007,5,40.0072,-75.2004,2325.0,6,0,0,0,0,0,2,0,0,1.0,0,0,0,23,3,0,0,,1,40 00:26.000,3.0,0,75 12:02.157,0,0,0,0,67301,0,0,0,N,0,0,0,2,68K01,0,,1,1,,N,N,,1,,0,0,0,3,8,N,2325,0,2,0,0,0,0,0,3,4,0,2,3,,Y,2.0,2.0,Y,Y,,Y,Y,Y,,Y,
2007081420,1925.0,0,0,0,0,0,0,0,0,0,8,0,,67,5,2007,4,39.9182,-75.235,1919.0,6,0,0,0,0,0,0,0,0,,0,0,0,19,1,1,0,,0,39 55:05.340,,0,75 14:06.010,8,0,0,0,67301,1,0,0,N,1,0,0,2,67301,0,,1,1,,N,N,,0,,0,0,1,0,0,,1905,1,2,0,0,0,1,0,3,4,0,1,3,,N,,,,,,,,,,,
2007081674,1550.0,1,0,0,0,0,0,0,0,0,8,0,,67,6,2007,4,39.9172,-75.2374,1545.0,6,0,0,0,1,0,0,0,0,,0,0,0,15,1,1,1,,0,39 55:02.019,,0,75 14:14.620,8,0,0,0,67301,1,0,0,N,1,0,0,2,67301,0,,1,1,,N,N,,0,,0,0,0,0,0,,1530,1,2,0,0,0,1,0,3,4,0,1,3,,N,,,,,,,,,,,
2007083333,1723.0,1,0,0,0,0,0,0,0,0,7,0,,67,6,2007,1,39.9996,-75.0801,1722.0,6,0,0,0,0,0,0,0,0,,0,0,0,17,1,2,0,,0,39 59:59.000,,0,75 04:48.095,4,0,0,0,67301,0,0,0,N,0,0,0,2,67301,2,,2,9,,N,N,,0,,0,0,0,0,0,,1720,2,1,0,0,1,0,0,3,4,0,1,7,,N,,,,,,,,,,,
2007080887,940.0,1,0,0,0,0,0,0,0,0,8,0,,67,6,2007,5,40.0013,-75.1506,925.0,6,0,0,0,0,0,0,0,0,,0,0,0,9,1,1,1,,0,40 00:04.000,,0,75 09:02.682,4,0,0,0,67301,1,0,0,,1,0,0,2,67301,1,,1,1,,,,,0,,0,0,0,0,0,,915,1,2,0,0,0,0,1,3,4,0,1,3,,N,,,,,,,,,,,
2007081044,2156.0,1,0,0,0,0,0,0,0,0,8,0,,67,5,2007,7,39.9939,-75.1545,2154.0,6,0,0,0,0,0,0,0,0,,0,0,0,21,3,1,1,,0,39 59:38.000,,0,75 09:16.064,2,0,0,0,67301,1,0,1,N,1,0,1,2,67301,0,,1,9,,N,N,,0,,0,1,0,3,2,,2151,1,2,0,0,0,0,0,3,4,0,1,7,,N,,,,,,,,,,,
2007081049,910.0,2,0,0,0,0,0,0,0,0,4,0,,67,5,2007,3,40.0441,-75.147,900.0,6,0,0,0,0,0,0,0,0,,0,0,0,7,1,1,1,,0,40 02:38.583,,0,75 08:49.037,4,0,0,0,67301,0,0,0,N,0,0,0,4,67301,1,,1,1,,N,N,,0,,0,0,0,3,3,,700,1,2,0,0,0,0,0,3,4,0,2,3,,N,,,,,,,,,,,
2007081118,9999.0,2,0,0,0,0,0,0,0,0,4,0,,67,5,2007,3,40.0314,-75.0848,9999.0,6,0,0,0,1,0,0,0,0,,0,0,0,23,3,0,2,,0,40 01:53.000,,0,75 05:04.465,0,0,0,0,67301,0,0,0,N,0,0,0,3,67301,0,,1,1,,N,N,,0,,0,0,0,3,2,,2358,0,2,0,0,2,0,0,3,4,0,2,3,,N,,,,,,,,,,,
2007074033,1206.0,1,0,0,0,0,0,0,0,0,0,0,,67,6,2007,4,39.977,-75.1992,1205.0,6,0,0,0,0,0,0,0,0,1.0,0,0,0,12,1,0,0,,1,39 58:38.000,3.0,0,75 12:01.802,0,0,0,0,67301,0,0,0,N,0,0,0,3,68K01,0,,1,1,,N,N,,1,,0,0,1,0,0,N,1201,0,3,0,0,0,0,0,3,4,0,3,3,,N,,,,,,,,,,,
2007066453,648.0,0,0,0,0,0,0,0,0,0,7,0,,67,5,2007,1,,,628.0,6,0,0,0,0,0,0,0,0,2.0,0,0,0,6,1,0,0,,2,,4.0,0,,0,0,0,0,67301,0,0,0,Y,0,0,0,1,67301,0,,7,1,,N,N,,0,,0,0,1,3,8,Y,600,0,1,0,0,0,0,0,3,3,0,1,3,,N,,,,,,,,,,,
2007066483,2040.0,1,0,0,1,0,0,0,0,0,4,0,,67,5,2007,5,39.954,-75.1767,9999.0,6,0,0,0,0,0,0,0,0,,0,0,0,20,3,1,1,,0,39 57:14.000,,0,75 10:36.250,4,0,0,0,67301,1,0,0,,0,0,0,2,67301,1,,1,1,,,,,0,,0,0,0,3,2,,2000,1,2,0,0,0,0,0,3,4,0,1,3,,N,,,,,,,,,,,
2007066490,1310.0,0,0,0,1,0,0,0,0,0,8,0,,67,5,2007,4,39.9185,-75.1862,1305.0,6,0,0,0,0,0,0,0,0,,0,0,0,13,1,1,0,,0,39 55:06.619,,0,75 11:10.149,4,0,0,0,67301,1,0,0,N,0,0,0,2,67301,1,,1,1,,N,N,,0,,0,0,0,0,0,,1305,1,2,0,0,0,0,0,3,4,0,1,3,,N,,,,,,,,,,,
2007080075,2224.0,2,0,0,0,0,0,0,0,0,4,0,,67,6,2007,6,39.9177,-75.1777,2223.0,6,0,1,0,0,1,0,0,0,,0,0,0,22,3,2,5,,0,39 55:03.752,,0,75 10:39.799,8,0,0,0,67301,0,0,0,N,0,0,0,4,67301,0,,1,1,,N,N,,0,,0,0,0,3,2,,2215,2,2,0,0,0,2,0,3,4,0,2,3,,N,,,,,,,,,,,
2007080095,1645.0,2,0,0,0,0,0,0,0,0,4,0,,67,6,2007,2,40.0219,-75.1395,1640.0,6,0,0,0,0,0,0,0,0,,0,0,0,16,1,2,1,,0,40 01:18.103,,0,75 08:23.224,4,0,0,0,67301,0,0,0,N,0,0,0,3,67301,2,,1,1,,N,N,,0,,0,0,0,0,0,,1640,2,2,0,0,0,0,0,3,4,0,2,3,,N,,,,,,,,,,,
2007080408,811.0,2,0,0,0,0,0,0,0,0,4,0,,67,6,2007,6,40.107,-75.0372,805.0,6,0,0,0,0,0,0,0,0,,0,0,0,8,1,1,2,,0,40 06:25.084,,0,75 02:13.815,8,0,0,0,67301,0,0,0,N,0,0,0,2,67301,0,,1,1,,N,N,,0,,0,0,0,2,2,,800,1,2,0,0,0,1,1,3,4,0,2,3,,N,,,,,,,,,,,
2007080182,1207.0,1,0,0,0,0,0,0,0,0,8,0,,67,6,2007,2,40.0367,-75.0408,1203.0,6,0,0,0,0,0,1,0,0,,0,0,0,11,1,1,0,,0,40 02:12.000,,0,75 02:27.206,8,0,0,0,67301,1,0,0,N,1,0,0,2,67301,0,,1,1,,N,N,,0,,0,0,0,0,0,,1145,1,2,0,0,0,1,0,3,4,0,1,3,,N,,,,,,,,,,,
2007124125,1940.0,2,0,0,0,0,0,0,0,0,1,0,,67,11,2007,3,39.9922,-75.1527,1934.0,6,0,0,0,0,0,0,0,0,,0,0,0,19,6,2,0,,0,39 59:31.754,,0,75 09:09.889,4,0,0,0,67301,0,0,0,N,0,0,0,3,67301,2,,1,1,,N,N,,0,,0,0,0,2,2,,1904,2,2,0,0,0,0,0,3,4,0,2,3,,N,,,,,,,,,,,
2007127588,2150.0,1,0,0,0,0,0,0,0,0,0,0,,67,10,2007,5,39.8823,-75.2453,2145.0,6,0,0,0,0,0,0,0,0,1.0,0,0,0,21,3,0,0,,1,39 52:56.000,1.0,0,75 14:42.838,0,0,0,0,67301,0,0,0,N,0,0,0,1,67301,0,,2,1,,N,N,,0,,0,0,0,0,0,N,2140,0,1,0,0,0,0,0,3,4,0,1,3,,N,,,,,,,,,,,
2007124670,1344.0,0,0,0,0,0,0,0,0,0,8,0,,67,10,2007,5,39.9259,-75.1591,1337.0,6,0,0,0,0,0,0,0,0,,0,0,0,13,1,1,0,,0,39 55:33.164,,0,75 09:32.810,4,0,0,0,67301,1,0,0,,1,0,0,2,67301,1,,1,9,,N,N,,1,,0,0,0,0,0,,1335,1,2,0,0,0,0,0,3,4,0,1,7,,N,,,,,,,,,,,
2007124676,2038.0,2,0,0,0,0,0,0,0,0,4,0,,67,11,2007,1,39.9493,-75.1642,2036.0,6,0,0,0,0,0,0,0,0,2.0,0,0,0,20,3,0,1,,2,39 56:57.000,2.0,0,75 09:51.545,0,0,0,0,67301,0,0,0,N,0,0,0,3,67301,0,,1,1,,N,N,,0,,0,0,0,3,2,N,2035,0,2,0,0,0,0,0,3,4,0,2,3,,N,,,,,,,,,,,
2007124688,1925.0,0,0,0,0,0,0,0,0,0,8,0,,67,11,2007,3,40.051,-75.0005,1911.0,6,0,0,0,0,0,0,0,0,,0,0,0,99,8,1,2,,0,40 03:03.000,,0,75 00:01.857,4,0,0,0,67301,1,0,0,,1,0,0,2,67301,1,,1,1,,,,,0,,0,0,0,0,0,,9999,1,2,0,0,0,0,0,3,4,0,1,3,,N,,,,,,,,,,,
2007123797,935.0,2,0,0,0,0,0,0,0,0,4,0,,67,11,2007,2,39.9653,-75.2299,930.0,6,0,0,0,0,0,0,0,0,,0,0,0,9,1,1,1,,0,39 57:55.245,,0,75 13:47.787,8,0,0,0,67301,0,0,0,,0,0,0,3,67301,0,,1,1,,N,N,,0,,0,0,0,9,3,,900,1,2,0,0,0,1,0,3,4,0,2,3,,N,,,,,,,,,,,
2007123818,1804.0,1,0,0,0,0,0,0,0,0,8,0,,67,11,2007,6,40.0767,-75.0361,1802.0,6,0,0,0,0,1,0,0,0,,0,0,0,18,2,1,2,,0,40 04:36.000,,0,75 02:09.930,4,0,0,0,67301,1,0,0,,1,0,0,2,67301,1,,1,1,,,,,0,,0,0,0,0,0,,1802,1,2,0,0,0,0,0,3,4,0,1,3,,N,,,,,,,,,,,
2007121643,115.0,1,0,0,0,0,0,0,0,0,7,0,,67,10,2007,2,40.0078,-75.2012,105.0,6,0,0,1,0,0,0,0,0,1.0,0,0,0,1,3,1,0,,1,40 00:26.000,4.0,0,75 12:01.034,4,0,0,0,67301,0,0,0,N,0,0,0,3,68K01,1,,4,1,,N,N,,0,,0,0,0,0,0,N,104,1,1,0,0,0,0,0,3,4,0,1,3,,N,,,,,,,,,,,
2007033701,1318.0,3,0,0,0,0,0,0,0,0,1,0,,67,1,2007,3,39.9588,-75.1639,1315.0,6,0,0,0,0,0,1,0,0,,0,0,0,13,1,2,0,,0,39 57:31.781,,0,75 09:50.193,8,0,0,0,67301,0,0,0,N,0,0,0,5,67301,0,,1,1,,N,N,,0,,0,0,0,3,2,,1310,2,3,0,0,0,2,0,3,4,0,3,3,,N,,,,,,,,,,,
2007028822,1542.0,1,0,0,0,0,0,1,0,0,6,1,,67,1,2007,3,40.001,-75.1237,1536.0,6,0,0,0,0,0,1,0,0,,0,0,0,99,1,1,1,,0,40 00:03.643,,99,75 07:25.222,4,0,0,0,67301,0,0,0,N,0,0,0,4,67301,1,,1,1,,Y,N,,0,,0,0,0,9,3,,9999,1,2,0,0,0,0,0,3,4,0,2,3,,N,,,,,,,,,,,
2007028839,1330.0,1,0,0,0,0,0,0,0,0,4,0,,67,1,2007,5,39.9993,-75.1717,1330.0,6,0,0,0,0,0,0,0,0,2.0,0,0,0,13,1,2,1,,2,39 59:57.649,5.0,0,75 10:17.972,4,0,0,0,67301,0,0,0,,0,0,0,2,67301,1,,1,1,,N,N,,1,,0,0,0,3,3,Y,1330,2,2,0,0,0,1,0,3,4,0,2,3,,N,,,,,,,,,,,
2007116244,2045.0,2,0,0,0,0,0,0,0,0,2,0,,67,9,2007,3,39.9477,-75.1511,2045.0,6,0,0,0,0,0,1,0,0,,0,0,0,20,3,1,1,,0,39 56:51.000,,0,75 09:03.936,8,0,0,0,67301,0,0,0,N,0,0,0,3,67301,0,,1,1,,N,N,,0,,0,0,0,3,2,,2045,1,2,0,0,0,1,0,3,4,0,2,3,,N,,,,,,,,,,,
2007108532,1846.0,2,0,0,0,0,0,0,0,0,7,0,,67,9,2007,7,39.9331,-75.2378,1845.0,6,0,0,0,0,0,0,0,0,,0,0,0,18,1,2,0,,0,39 55:59.000,,0,75 14:16.182,4,0,0,0,67301,0,0,0,N,0,0,0,2,67301,2,,2,1,,N,N,,0,,0,0,0,0,0,,1842,2,2,0,0,0,0,0,3,4,0,2,3,,N,,,,,,,,,,,
2007105960,1607.0,1,0,0,0,0,0,0,0,0,1,0,,67,6,2007,3,39.9877,-75.2162,1540.0,6,0,0,0,0,0,1,0,0,,0,0,0,15,1,2,2,,0,39 59:15.000,,0,75 12:58.441,4,0,0,0,67301,0,0,0,N,0,0,0,5,67301,2,,1,9,,N,N,,1,,0,0,0,3,2,,1535,2,2,0,0,0,0,0,3,4,0,2,3,,N,,,,,,,,,,,
2007106161,951.0,0,0,0,0,0,0,1,0,0,1,1,,67,9,2007,5,39.9609,-75.1635,950.0,6,0,0,0,0,0,0,0,0,,0,0,0,9,1,1,0,,0,39 57:39.325,,0,75 09:48.539,4,0,0,1,67301,0,0,0,N,0,0,0,2,67301,1,,1,1,,N,N,,0,,0,0,0,0,0,,949,1,2,0,0,0,0,0,3,4,0,2,3,,N,,,,,,,,,,,
2007106317,1458.0,2,0,0,0,0,0,0,0,0,1,0,,67,9,2007,7,39.9501,-75.1836,1458.0,6,0,0,0,0,0,0,1,0,,0,0,0,14,1,0,0,,0,39 57:04.000,,0,75 10:58.162,0,0,0,0,67301,0,0,0,N,0,0,0,5,68K01,0,,1,1,,N,N,,0,,0,0,0,0,0,,1458,0,2,0,0,0,0,0,3,4,0,2,3,,N,,,,,,,,,,,
2007106362,2247.0,1,0,0,0,0,0,0,0,0,1,0,,67,6,2007,5,40.0079,-75.1405,2246.0,6,0,0,0,0,0,0,0,0,,0,0,0,22,3,3,5,,0,40 00:28.000,,0,75 08:25.661,4,0,0,0,67301,0,0,0,N,0,0,0,5,67301,3,,1,9,,N,N,,1,,0,0,1,3,2,,2246,3,3,0,0,2,0,0,3,4,0,3,7,,N,,,,,,,,,,,
2007106032,1230.0,1,0,0,0,0,0,0,0,0,1,0,,67,8,2007,5,40.0532,-75.1221,1226.0,6,0,0,0,0,0,0,0,0,,0,0,0,12,1,1,2,,0,40 03:11.000,,0,75 07:19.656,8,0,0,0,67301,0,0,0,N,0,0,0,3,67301,0,,1,1,,N,N,,1,,0,0,0,3,2,,1224,1,2,0,0,1,1,0,3,4,0,2,3,,N,,,,,,,,,,,
2007106042,1525.0,1,0,0,0,0,0,0,0,0,8,0,,67,8,2007,4,39.9546,-75.1648,1522.0,6,0,0,0,0,0,0,0,0,,0,0,0,15,1,1,1,,0,39 57:16.000,,0,75 09:53.411,8,0,0,0,67301,1,0,0,N,1,0,0,2,67301,0,,1,1,,N,N,,0,,0,0,0,3,2,,1504,1,2,0,0,0,1,0,3,4,0,1,3,,N,,,,,,,,,,,
2007098697,2115.0,0,0,0,0,0,0,0,0,0,7,0,,67,8,2007,3,39.9996,-75.1906,2110.0,6,0,0,0,0,0,0,0,0,9.0,0,0,0,21,3,1,0,,1,40 00:01.000,2.0,0,75 11:26.271,2,0,1,1,67301,0,0,0,N,0,0,0,1,67301,0,,3,1,,N,N,,0,,0,1,0,0,0,N,2109,1,1,0,0,0,0,0,3,4,0,1,3,,N,,,,,,,,,,,
2007098829,1225.0,2,0,0,0,0,0,0,0,0,4,0,,67,7,2007,3,40.0314,-75.1548,1220.0,6,0,0,1,1,0,0,0,0,,0,0,0,12,1,1,1,,0,40 01:53.151,,0,75 09:17.114,4,0,0,0,67301,0,0,0,N,0,0,0,4,67301,1,,1,1,,N,N,,0,,0,0,0,2,2,,1220,1,2,0,0,3,0,0,3,4,0,2,3,,N,,,,,,,,,,,
2007098831,905.0,0,0,0,0,0,0,1,0,0,8,1,,67,8,2007,6,39.9732,-75.1838,900.0,6,0,0,0,0,0,0,0,0,,0,0,0,8,1,1,1,,0,39 58:23.617,,0,75 11:01.532,4,0,0,0,67301,1,0,0,,1,0,0,2,67301,1,,1,1,,,,,0,,0,0,0,3,2,,830,1,2,0,0,0,0,0,3,4,0,1,3,,N,,,,,,,,,,,
2007081654,252.0,1,0,0,0,0,0,0,0,0,7,0,,67,5,2007,7,39.9576,-75.1407,248.0,6,0,0,0,0,0,0,0,0,9.0,0,0,0,2,3,0,0,,1,39 57:29.160,1.0,2,75 08:26.520,0,0,0,0,67301,0,0,0,N,0,0,0,2,67301,0,,2,1,,N,N,,0,,0,0,0,0,0,N,245,0,1,0,0,0,0,0,3,4,0,1,3,,N,,,,,,,,,,,
2007081488,18.0,1,0,0,0,0,0,0,0,0,7,0,,67,5,2007,6,40.039,-75.0607,16.0,6,0,0,0,0,0,0,0,0,4.0,1,0,0,0,3,0,0,,2,40 02:20.000,2.0,0,75 03:38.554,1,0,0,0,67301,0,0,0,N,0,0,0,1,67301,0,2.0,4,1,,N,N,,0,0.0,0,0,0,0,0,Y,5,0,1,0,0,0,0,0,3,4,0,1,3,,N,,,,,,,,,,,
2007118086,325.0,1,0,0,0,0,0,0,0,0,5,0,,67,10,2007,7,39.9566,-75.1524,320.0,6,0,0,0,0,0,0,0,0,,0,0,0,3,3,0,1,,0,39 57:23.000,,0,75 09:08.591,0,0,0,0,67301,0,0,0,N,0,0,0,2,67301,0,,1,1,,N,N,,0,,0,0,1,9,2,,320,0,2,0,0,0,0,0,3,4,0,2,3,,N,,,,,,,,,,,
2007118270,225.0,1,0,0,0,0,0,0,0,0,7,0,,67,10,2007,5,40.0204,-75.1545,215.0,6,0,0,0,0,0,0,0,0,9.0,0,0,0,2,3,1,0,,2,40 01:13.000,1.0,0,75 09:16.210,4,0,0,0,67301,0,0,0,N,0,0,0,2,67301,1,,2,1,,N,N,,0,,0,0,0,0,0,Y,210,1,1,0,0,0,0,0,3,4,0,1,3,,N,,,,,,,,,,,
2007123985,1307.0,1,0,0,0,0,0,0,0,0,1,0,,67,11,2007,7,39.9528,-75.1923,1305.0,6,0,0,1,0,0,0,0,0,,0,0,0,13,1,0,0,,0,39 57:10.183,,0,75 11:32.217,9,0,0,0,67301,0,0,0,N,0,0,0,5,67504,0,,1,1,,N,N,,0,,0,0,0,0,0,,1305,0,2,0,0,0,0,4,3,4,1,2,3,,N,,,,,,,,,,,
2007107800,45.0,1,0,0,0,0,0,0,0,0,1,0,,67,9,2007,5,40.0258,-75.1328,40.0,6,0,0,0,0,0,0,0,0,,0,0,0,23,3,0,1,,0,40 01:32.829,,0,75 07:58.227,9,0,0,0,67301,0,0,0,N,0,0,0,4,67301,0,,1,1,,N,N,,0,,0,0,1,3,2,,2300,0,2,0,0,0,0,1,3,4,0,2,3,,N,,,,,,,,,,,
2007097831,1556.0,2,0,0,0,0,0,0,0,0,2,0,,67,8,2007,6,39.9469,-75.2071,1540.0,6,0,0,0,0,0,0,0,1,,0,0,0,15,1,2,2,,0,39 56:48.709,,0,75 12:25.528,4,0,0,0,67301,0,0,0,N,0,0,0,2,67301,2,,1,9,,N,N,,0,,0,0,0,3,2,,1540,2,2,0,0,0,0,0,3,4,0,2,7,,N,,,,,,,,,,,
2007097874,9999.0,1,0,0,0,0,0,0,0,0,4,0,,67,7,2007,7,39.9222,-75.2303,2227.0,6,0,0,1,1,0,0,0,0,2.0,0,0,0,99,3,3,1,,1,39 55:19.000,4.0,0,75 13:49.177,8,0,0,0,67301,0,0,0,N,0,0,0,7,67301,0,,1,1,,N,N,,0,,0,0,1,3,2,N,9999,3,2,0,0,0,3,4,3,4,0,2,3,,N,,,,,,,,,,,
2007066565,1745.0,1,0,0,0,0,0,0,0,0,5,0,,67,5,2007,7,40.0926,-75.066,1744.0,6,0,0,0,0,0,0,0,0,,0,0,0,17,1,0,1,,0,40 05:33.241,,0,75 03:57.765,0,0,0,0,67301,0,0,0,N,0,0,0,4,67301,0,,1,1,,N,N,,1,,0,0,0,3,2,,1735,0,2,0,0,0,0,0,3,4,0,2,3,,N,,,,,,,,,,,
2007079955,1432.0,1,0,0,0,0,0,0,0,0,4,0,,67,6,2007,3,39.9962,-75.1339,1430.0,6,0,0,0,0,0,0,0,0,,0,0,0,14,1,1,0,,0,39 59:46.212,,0,75 08:01.910,8,0,0,0,67301,0,0,0,N,0,0,0,1,67301,0,,6,9,,N,N,,1,,0,0,0,0,0,,1428,1,2,0,0,0,1,0,3,4,0,2,7,,N,,,,,,,,,,,
2007079961,100.0,1,0,0,0,0,0,0,0,0,8,0,,67,6,2007,6,39.9921,-75.1463,30.0,6,0,0,0,0,0,0,0,0,,0,0,0,15,1,1,0,,0,39 59:31.542,,0,75 08:46.647,3,0,0,0,67301,1,0,0,,1,0,0,2,67301,0,,1,1,,N,N,,0,,1,0,0,0,0,,1500,1,2,0,0,0,0,0,3,4,0,1,3,,N,,,,,,,,,,,
2007080414,2340.0,0,0,0,1,1,0,0,0,0,4,0,,67,5,2007,5,39.9569,-75.2445,2338.0,6,0,0,0,0,0,0,0,0,,1,0,0,22,3,0,0,,0,39 57:24.728,,0,75 14:40.045,1,0,0,0,67301,1,1,0,,0,0,0,3,67301,0,2.0,1,1,,N,N,,0,0.0,0,0,1,0,0,,2245,0,2,0,0,2,0,0,3,4,0,1,3,,N,,,,,,,,,,,