CRN,ARRIVAL_TM,AUTOMOBILE_COUNT,BELTED_DEATH_COUNT,BELTED_SUSP_SERIOUS_INJ_COUNT,BICYCLE_COUNT,BICYCLE_DEATH_COUNT,BICYCLE_SUSP_SERIOUS_INJ_COUNT,BUS_COUNT,CHLDPAS_DEATH_COUNT,CHLDPAS_SUSP_SERIOUS_INJ_COUNT,COLLISION_TYPE,COMM_VEH_COUNT,CONS_ZONE_SPD_LIM,COUNTY,CRASH_MONTH,CRASH_YEAR,DAY_OF_WEEK,DEC_LAT,DEC_LONG,DISPATCH_TM,DISTRICT,DRIVER_COUNT_16YR,DRIVER_COUNT_17YR,DRIVER_COUNT_18YR,DRIVER_COUNT_19YR,DRIVER_COUNT_20YR,DRIVER_COUNT_50_64YR,DRIVER_COUNT_65_74YR,DRIVER_COUNT_75PLUS,EST_HRS_CLOSED,FATAL_COUNT,HEAVY_TRUCK_COUNT,HORSE_BUGGY_COUNT,HOUR_OF_DAY,ILLUMINATION,INJURY_COUNT,INTERSECT_TYPE,INTERSECTION_RELATED,LANE_CLOSED,LATITUDE,LN_CLOSE_DIR,LOCATION_TYPE,LONGITUDE,MAX_SEVERITY_LEVEL,MCYCLE_DEATH_COUNT,MCYCLE_SUSP_SERIOUS_INJ_COUNT,MOTORCYCLE_COUNT,MUNICIPALITY,NONMOTR_COUNT,NONMOTR_DEATH_COUNT,NONMOTR_SUSP_SERIOUS_INJ_COUNT,NTFY_HIWY_MAINT,PED_COUNT,PED_DEATH_COUNT,PED_SUSP_SERIOUS_INJ_COUNT,PERSON_COUNT,POLICE_AGCY,POSSIBLE_INJ_COUNT,RDWY_SURF_TYPE_CD,RELATION_TO_ROAD,ROAD_CONDITION,ROADWAY_CLEARED,SCH_BUS_IND,SCH_ZONE_IND,SECONDARY_CRASH,SMALL_TRUCK_COUNT,SPEC_JURIS_CD,SUSP_MINOR_INJ_COUNT,SUSP_SERIOUS_INJ_COUNT,SUV_COUNT,TCD_FUNC_CD,TCD_TYPE,TFC_DETOUR_IND,TIME_OF_DAY,TOT_INJ_COUNT,TOTAL_UNITS,UNB_DEATH_COUNT,UNB_SUSP_SERIOUS_INJ_COUNT,UNBELTED_OCC_COUNT,UNK_INJ_DEG_COUNT,UNK_INJ_PER_COUNT,URBAN_AREA,URBAN_RURAL,VAN_COUNT,VEHICLE_COUNT,WEATHER1,WEATHER2,WORK_ZONE_IND,WORK_ZONE_LOC,WORK_ZONE_TYPE,WORKERS_PRES,WZ_CLOSE_DETOUR,WZ_FLAGGER,WZ_LAW_OFFCR_IND,WZ_LN_CLOSURE,WZ_MOVING,WZ_OTHER,WZ_SHLDER_MDN,WZ_WORKERS_INJ_KILLED
2007080118,1903.0,1,0,0,0,0,0,0,0,0,8,0,,67,6,2007,6,40.044,-75.1472,1858.0,6,0,0,0,0,0,0,0,0,,0,0,0,18,1,1,0,,0,40 02:38.385,,0,75 08:50.082,3,0,0,0,67301,1,0,0,N,1,0,0,2,67301,0,,1,1,,N,N,,0,,1,0,0,3,3,,1858,1,2,0,0,0,0,0,3,4,0,1,3,,N,,,,,,,,,,,
2007080152,1622.0,2,0,0,0,0,0,0,0,0,4,0,,67,6,2007,6,39.963,-75.1584,1620.0,6,0,0,0,0,0,0,2,0,,0,0,0,16,1,2,1,,0,39 57:46.000,,0,75 09:30.342,8,0,0,0,67301,0,0,0,N,0,0,0,4,67301,0,,1,1,,N,N,,0,,0,0,0,3,3,,1610,2,2,0,0,3,2,1,3,4,0,2,3,,N,,,,,,,,,,,
2007119402,2030.0,1,0,0,1,0,0,0,0,0,8,0,,67,10,2007,3,39.9501,-75.2169,2029.0,6,0,0,0,0,0,1,0,0,,0,0,0,20,3,1,1,,0,39 57:00.187,,0,75 13:00.663,4,0,0,0,67301,1,0,0,,0,0,0,2,67301,1,,1,1,,,,,0,,0,0,0,0,0,,2000,1,2,0,0,1,0,0,3,4,0,1,3,,N,,,,,,,,,,,
2007124273,1630.0,2,0,0,0,0,0,0,0,0,1,0,,67,11,2007,7,39.9926,-75.1438,1620.0,6,0,0,0,0,0,0,0,0,,0,0,0,16,1,0,1,,0,39 59:33.000,,0,75 08:37.827,9,0,0,0,67301,0,0,0,,0,0,0,5,67301,0,,1,1,,,,,0,,0,0,0,0,0,,1600,0,2,0,0,0,0,2,3,4,0,2,3,,N,,,,,,,,,,,
2007124162,1621.0,2,0,0,0,0,0,0,0,0,4,0,,67,10,2007,6,40.0551,-75.1578,1617.0,6,0,0,0,0,0,0,0,0,,0,0,0,16,1,1,2,,0,40 03:18.000,,7,75 09:28.069,4,0,0,0,67301,0,0,0,N,0,0,0,4,67301,1,,1,9,,N,N,,0,,0,0,0,3,2,,1600,1,2,0,0,0,0,1,3,4,0,2,7,,N,,,,,,,,,,,
2007126735,622.0,1,0,0,0,0,0,0,0,0,7,0,,67,10,2007,1,39.9553,-75.1478,622.0,6,0,0,0,0,0,0,0,0,,0,0,0,6,3,3,0,,0,39 57:19.105,,0,75 08:51.903,4,0,0,0,67301,0,0,0,N,0,0,0,4,67501,3,,7,1,,N,N,,0,,0,0,0,3,2,,622,3,1,0,0,0,0,0,3,4,0,1,3,,N,,,,,,,,,,,
2007047783,9999.0,1,0,0,0,0,0,0,0,0,7,0,,67,3,2007,7,39.9184,-75.2089,9999.0,6,0,0,0,1,0,0,0,0,,0,0,0,99,3,1,0,,0,39 55:06.218,,0,75 12:32.175,3,0,0,0,67301,0,0,0,N,0,0,0,1,67301,0,,3,1,,N,N,,0,,1,0,0,3,2,,9999,1,1,0,0,1,0,0,3,4,0,1,3,,N,,,,,,,,,,,
2007065654,1634.0,2,0,0,0,0,0,0,0,0,2,0,,67,5,2007,3,40.0159,-75.1296,1630.0,6,0,0,0,0,0,0,0,0,,0,0,0,16,1,0,3,,0,40 00:57.319,,0,75 07:46.466,0,0,0,0,67301,0,0,0,N,0,0,0,4,67301,0,,1,1,,N,N,,0,,0,0,0,0,0,,1628,0,2,0,0,0,0,0,3,4,0,2,3,,N,,,,,,,,,,,
2007110505,1115.0,1,0,0,0,0,0,0,0,0,1,1,,67,9,2007,4,39.8821,-75.253,1110.0,6,0,0,0,0,0,0,0,0,,0,1,0,9,1,0,0,,0,39 52:55.000,,0,75 15:11.029,0,0,0,0,67301,0,0,0,N,0,0,0,2,67301,0,,1,1,,N,N,,0,,0,0,0,3,2,,945,0,2,0,0,0,0,0,3,4,0,2,3,,N,,,,,,,,,,,
2007110842,821.0,0,0,0,0,0,0,0,0,0,2,0,,67,9,2007,5,39.9997,-75.099,817.0,6,0,0,0,0,0,1,0,0,,0,0,0,8,1,2,1,,0,39 59:58.000,,0,75 05:56.359,3,0,0,0,67301,0,0,0,,0,0,0,4,67301,0,,1,1,,,,,0,,1,0,2,9,2,,810,2,2,0,0,0,1,0,3,4,0,2,3,,N,,,,,,,,,,,
2007108543,642.0,0,0,0,0,0,0,1,0,0,4,1,,67,9,2007,4,39.9214,-75.1914,641.0,6,0,0,0,0,0,1,0,0,2.0,0,0,0,6,1,35,3,,2,39 55:17.000,3.0,0,75 11:29.075,4,0,0,0,67301,0,0,0,N,0,0,0,35,67301,35,,1,1,,Y,N,,0,,0,0,1,3,2,Y,639,35,2,0,0,0,0,0,3,4,0,2,3,,N,,,,,,,,,,,
2007105926,2232.0,1,0,0,0,0,0,0,0,0,8,0,,67,7,2007,7,39.9543,-75.179,2228.0,6,0,0,0,0,0,1,0,0,,0,0,0,18,1,1,0,,0,39 57:15.000,,0,75 10:44.809,4,0,0,0,67301,1,0,0,N,1,0,0,2,67301,1,,6,1,,,,,0,,0,0,0,0,0,,1815,1,2,0,0,1,0,0,3,4,0,1,3,,N,,,,,,,,,,,
2007106016,2015.0,0,0,0,0,0,0,0,0,0,7,0,,67,6,2007,1,39.9686,-75.1272,2200.0,6,0,0,0,0,0,1,0,0,2.0,0,0,0,20,4,1,0,,1,39 58:07.000,1.0,2,75 07:37.963,4,0,0,1,67301,0,0,0,N,0,0,0,1,67301,1,,2,1,,N,N,,0,,0,0,0,0,0,N,2000,1,1,0,0,0,0,0,3,4,0,1,3,,N,,,,,,,,,,,
2007106372,438.0,1,0,0,0,0,0,0,0,0,7,0,,67,8,2007,1,40.0162,-75.1293,436.0,6,0,0,0,0,0,0,0,0,,0,0,0,4,3,1,0,,0,40 00:58.153,,0,75 07:45.498,3,0,0,0,67301,0,0,0,N,0,0,0,1,67301,0,,4,1,,N,N,,0,,1,0,0,0,0,,420,1,1,0,0,1,0,0,3,4,0,1,3,,N,,,,,,,,,,,
2007106568,2154.0,1,0,0,1,0,0,0,0,0,5,0,,67,9,2007,7,39.933,-75.1592,2150.0,6,0,0,0,0,0,0,0,0,,0,0,0,21,3,1,0,,0,39 55:58.886,,0,75 09:33.084,3,0,0,0,67301,1,0,0,N,0,0,0,2,67301,0,,1,9,,N,N,,0,,1,0,0,0,0,,2147,1,2,0,0,0,0,0,3,4,0,1,3,,N,,,,,,,,,,,
2007106048,1710.0,1,0,0,0,0,0,0,0,0,8,0,,67,9,2007,4,39.982,-75.2393,1705.0,6,0,0,0,0,0,0,1,0,,0,0,0,17,1,1,0,,0,39 58:55.000,,0,75 14:21.521,4,0,0,0,67301,1,0,0,N,1,0,0,2,67301,1,,2,1,,N,N,,0,,0,0,0,0,0,,1700,1,2,0,0,0,0,0,3,4,0,1,3,,N,,,,,,,,,,,
2007106534,1958.0,1,0,0,0,0,0,0,0,0,8,0,,67,9,2007,3,39.9875,-75.1398,1955.0,6,0,0,0,0,0,0,0,0,,1,0,0,19,3,0,0,,0,39 59:14.971,,0,75 08:23.218,1,0,0,0,67301,1,1,0,N,1,1,0,2,67301,0,2.0,1,1,,N,N,,0,0.0,0,0,0,0,0,,1950,0,2,0,0,0,0,0,3,4,0,1,3,,N,,,,,,,,,,,
2007096109,1833.0,1,0,0,0,0,0,0,0,0,5,0,,67,8,2007,6,39.9944,-75.1985,1826.0,6,0,0,0,0,0,1,0,0,1.0,0,0,0,18,1,0,0,,1,39 59:44.000,4.0,0,75 11:50.697,9,0,0,0,67301,0,0,0,N,0,0,0,2,68K01,0,,1,1,,N,N,,0,,0,0,0,0,0,N,1824,0,2,0,0,0,0,1,3,4,0,2,3,,N,,,,,,,,,,,
2007098778,2130.0,3,0,0,0,0,0,0,0,0,4,0,,67,8,2007,2,40.0233,-75.1258,2125.0,6,0,0,0,0,0,0,0,0,1.0,0,0,0,21,3,4,1,,2,40 01:23.930,2.0,0,75 07:32.757,4,0,0,0,67301,0,0,0,N,0,0,0,5,67301,4,,1,1,,,,,0,,0,0,0,9,3,Y,2120,4,3,0,0,0,0,0,3,4,0,3,3,,N,,,,,,,,,,,
2007081629,1119.0,2,0,0,0,0,0,0,0,0,4,0,,67,5,2007,2,40.046,-75.0823,1113.0,6,0,1,0,0,0,0,0,1,,0,0,0,11,1,2,1,,0,40 02:45.600,,0,75 04:56.341,4,0,0,0,67301,0,0,0,N,0,0,0,3,67301,2,,1,1,,N,N,,0,,0,0,0,2,2,,1112,2,2,0,0,0,0,0,3,4,0,2,3,,N,,,,,,,,,,,
2007081681,1135.0,1,0,0,0,0,0,0,0,0,4,0,,67,5,2007,4,39.9535,-75.14,1130.0,6,0,0,0,0,0,0,0,0,3.0,0,0,0,11,1,2,2,,1,39 57:12.000,2.0,0,75 08:24.027,4,0,0,0,67301,0,0,0,N,0,0,0,4,67301,2,,1,1,,N,N,,0,,0,0,0,3,2,N,1125,2,2,0,0,0,0,1,3,4,1,2,3,,N,,,,,,,,,,,
2007081490,753.0,2,0,0,0,0,0,0,0,0,4,0,,67,5,2007,3,40.0516,-75.0992,747.0,6,0,0,0,0,0,0,0,0,,0,0,0,7,1,0,1,,0,40 03:05.806,,0,75 05:57.148,0,0,0,0,67301,0,0,0,N,0,0,0,2,67301,0,,1,1,,N,N,,0,,0,0,0,3,2,,738,0,2,0,0,0,0,0,3,4,0,2,3,,N,,,,,,,,,,,
2007081723,735.0,2,0,0,0,0,0,0,0,0,4,0,,67,5,2007,4,39.9282,-75.1635,750.0,6,0,0,0,0,0,0,0,1,,0,0,0,7,1,1,2,,0,39 55:41.484,,0,75 09:48.452,4,0,0,0,67301,0,0,0,N,0,0,0,3,67301,1,,1,1,,N,N,,0,,0,0,1,9,3,,730,1,3,0,0,0,0,0,3,4,0,3,3,,N,,,,,,,,,,,
2007081572,1342.0,0,0,0,0,0,0,0,0,0,8,0,,67,7,2007,5,39.9759,-75.1801,1337.0,6,0,0,0,0,0,0,0,0,,0,0,0,13,1,1,0,,0,39 58:33.268,,0,75 10:48.370,8,0,0,0,67301,1,0,0,N,1,0,0,2,67301,0,,1,1,,N,N,,1,,0,0,0,0,0,,1315,1,2,0,0,0,1,0,3,4,0,1,3,,N,,,,,,,,,,,
2007081575,1225.0,1,0,0,0,0,0,0,0,0,7,0,,67,6,2007,3,,,1220.0,6,0,0,0,0,0,0,0,0,,0,0,0,12,1,0,0,,0,,,0,,0,0,0,0,67301,0,0,0,N,0,0,0,1,67301,0,,2,1,,N,N,,0,,0,0,0,0,0,,1215,0,2,0,0,0,0,0,3,3,0,1,3,,N,,,,,,,,,,,
2007081770,910.0,2,0,0,0,0,0,0,0,0,4,0,,67,5,2007,6,40.0384,-75.0856,910.0,6,0,0,0,0,0,0,0,0,,0,0,0,9,1,1,2,,0,40 02:18.099,,0,75 05:08.113,8,0,0,0,67301,0,0,0,,0,0,0,2,67301,0,,1,1,,,,,0,,0,0,0,3,3,,910,1,2,0,0,2,1,0,3,4,0,2,3,,N,,,,,,,,,,,
2007126524,1245.0,1,0,0,0,0,0,0,0,0,4,0,,67,10,2007,2,40.0238,-75.1239,1230.0,6,0,0,0,0,0,1,0,0,,0,0,0,12,1,1,1,,0,40 01:25.849,,0,75 07:25.874,8,0,0,1,67301,0,0,0,N,0,0,0,2,67301,0,,1,1,,N,N,,0,,0,0,0,3,2,,1221,1,2,0,0,0,1,1,3,4,0,2,3,,N,,,,,,,,,,,
2007097885,1007.0,2,0,0,0,0,0,0,0,0,4,0,,67,7,2007,3,40.0368,-75.1381,1005.0,6,0,0,0,0,0,0,1,0,,0,0,0,99,1,3,1,,0,40 02:12.346,,0,75 08:17.177,4,0,0,0,67301,0,0,0,N,0,0,0,5,67301,3,,1,1,,N,N,,0,,0,0,0,3,3,,9999,3,2,0,0,0,0,0,3,4,0,2,3,,N,,,,,,,,,,,
2007095360,1638.0,1,0,0,0,0,0,0,0,0,8,0,,67,7,2007,7,40.0374,-75.1762,1628.0,6,0,0,0,0,0,1,0,0,,0,0,0,99,1,1,1,,0,40 02:14.000,,0,75 10:34.137,8,0,0,0,67301,1,0,0,N,1,0,0,2,67301,0,,1,1,,N,N,,0,,0,0,0,0,0,,9999,1,2,0,0,0,1,0,3,4,0,1,3,,N,,,,,,,,,,,
2007095554,9999.0,0,0,0,0,0,0,0,0,0,7,0,,67,7,2007,2,39.8992,-75.1701,2355.0,6,0,0,0,0,0,0,0,0,2.0,0,0,0,23,3,2,0,,1,39 53:57.172,3.0,0,75 10:12.186,2,0,2,1,67301,0,0,0,N,0,0,0,2,67301,0,,2,1,,N,N,,0,,0,2,0,0,0,N,2355,2,1,0,0,0,0,0,3,4,0,1,3,,N,,,,,,,,,,,
2007095566,2123.0,2,0,0,0,0,0,0,0,0,6,0,,67,8,2007,1,39.9221,-75.1616,2120.0,6,0,0,0,0,0,0,0,0,,0,0,0,21,3,1,1,,0,39 55:19.419,,0,75 09:41.738,8,0,0,0,67301,0,0,0,N,0,0,0,2,67301,0,,1,1,,N,N,,0,,0,0,0,9,3,,2120,1,2,0,0,1,1,0,3,4,0,2,3,,N,,,,,,,,,,,
2007095779,815.0,1,0,0,0,0,0,0,0,0,8,0,,67,8,2007,4,39.9409,-75.2126,805.0,6,0,0,0,1,0,0,0,0,,0,0,0,7,1,1,1,,0,39 56:27.000,,0,75 12:45.005,8,0,0,0,67301,1,0,0,N,1,0,0,3,67301,0,,2,1,,N,N,,0,,0,0,0,0,0,,750,1,2,0,0,0,1,0,3,4,0,1,3,,N,,,,,,,,,,,
2007093363,1030.0,1,0,0,0,0,0,0,0,0,4,1,,67,6,2007,4,39.9449,-75.224,1021.0,6,0,0,0,0,0,0,0,1,1.0,0,1,0,10,1,0,1,,1,39 56:41.532,6.0,0,75 13:26.572,0,0,0,0,67301,0,0,0,N,0,0,0,4,67301,0,,1,1,,N,N,,0,,0,0,0,3,2,Y,1005,0,2,0,0,0,0,0,3,4,0,2,3,,N,,,,,,,,,,,
2007030095,1840.0,3,0,0,0,0,0,0,0,0,4,0,,67,1,2007,7,40.0509,-75.0571,1840.0,6,0,1,0,0,0,1,0,0,,0,0,0,18,3,0,1,,0,40 03:03.000,,0,75 03:25.606,0,0,0,0,67301,0,0,0,N,0,0,0,3,67301,0,,1,9,,N,N,,0,,0,0,0,0,0,,1840,0,3,0,0,0,0,0,3,4,0,3,3,,N,,,,,,,,,,,
2007027608,1335.0,2,0,0,0,0,0,0,0,0,1,0,,67,2,2007,5,40.0992,-74.9782,1330.0,6,0,0,0,0,0,3,0,0,,0,0,0,13,1,1,2,,0,40 05:57.217,,0,74 58:41.404,8,0,0,0,67301,0,0,0,N,0,0,0,4,67301,0,,1,1,,N,N,,1,,0,0,0,3,2,,1320,1,3,0,0,0,1,0,3,4,0,3,3,,N,,,,,,,,,,,
2007027630,6.0,2,0,0,0,0,0,0,0,0,1,0,,67,1,2007,4,39.9575,-75.2173,2356.0,6,0,0,0,0,0,2,0,0,,0,0,0,23,3,3,2,,0,39 57:27.000,,0,75 13:02.346,3,0,0,0,67301,0,0,0,N,0,0,0,5,67301,0,,1,1,,N,N,,0,,3,0,0,9,2,,2350,3,2,0,0,0,0,2,3,4,0,2,3,,N,,,,,,,,,,,
2007027675,1335.0,2,0,0,0,0,0,0,0,0,4,0,,67,1,2007,6,40.068,-75.1574,1328.0,6,0,0,0,0,0,1,0,0,,0,0,0,13,1,2,2,,0,40 04:04.000,,0,75 09:26.385,4,0,0,0,67301,0,0,0,N,0,0,0,4,67301,1,,1,9,,N,N,,0,,0,0,0,3,3,,1325,2,2,0,0,0,1,0,3,4,0,2,7,,N,,,,,,,,,,,
2007027704,1518.0,1,0,0,0,0,0,0,0,0,8,0,,67,1,2007,2,40.0424,-75.2263,1510.0,6,0,0,0,0,0,0,0,0,,0,0,0,15,1,1,2,,0,40 02:32.000,,0,75 13:34.030,8,0,0,0,67301,1,0,0,N,1,0,0,2,67301,0,,1,1,,N,N,,0,,0,0,0,3,2,,1509,1,2,0,0,0,1,0,3,4,0,1,3,,N,,,,,,,,,,,
2007027765,1157.0,1,0,0,0,0,0,0,0,0,8,0,,67,2,2007,7,40.0082,-75.1427,1154.0,6,0,0,0,0,0,0,0,0,,0,0,0,11,1,1,1,,0,40 00:29.000,,0,75 08:33.739,8,0,0,0,67301,1,0,0,N,1,0,0,2,67301,0,,9,1,,N,N,,0,,0,0,0,3,2,,1153,1,2,0,0,0,1,1,3,4,0,1,3,,N,,,,,,,,,,,
2007124690,2303.0,1,0,0,0,0,0,0,0,0,4,0,,67,10,2007,6,40.0216,-75.1244,2300.0,6,0,0,0,0,0,1,0,0,,0,0,0,23,3,1,1,,0,40 01:17.655,,0,75 07:27.663,4,0,0,0,67301,0,0,0,N,0,0,0,2,67301,1,,1,9,,N,N,,0,,0,0,1,3,2,,2300,1,2,0,0,0,0,0,3,4,0,2,7,5.0,N,,,,,,,,,,,
2007124765,1205.0,1,0,0,0,0,0,0,0,0,8,0,,67,10,2007,6,40.0455,-75.1649,1156.0,6,0,0,0,0,0,0,0,0,,0,0,0,11,1,1,1,,0,40 02:43.000,,0,75 09:53.515,8,0,0,0,67301,1,0,0,N,1,0,0,2,67301,0,,1,9,,N,N,,0,,0,0,0,3,2,,1155,1,2,0,0,0,1,1,3,4,0,1,7,,N,,,,,,,,,,,
2007123791,720.0,2,0,0,0,0,0,0,0,0,1,1,,67,11,2007,3,39.9507,-75.1748,718.0,6,0,0,0,0,0,0,0,0,,0,1,0,7,8,1,0,,0,39 57:02.000,,0,75 10:29.151,8,0,0,0,67301,0,0,0,N,0,0,0,4,67301,0,,1,9,,N,N,,1,,0,0,0,0,0,,700,1,4,0,0,0,1,0,3,4,0,4,7,,N,,,,,,,,,,,
2007124141,1337.0,3,0,0,0,0,0,0,0,0,4,0,,67,11,2007,2,40.0611,-75.1544,1335.0,6,0,0,0,0,0,1,0,0,,0,0,0,13,1,2,1,,0,40 03:40.129,,0,75 09:15.983,8,0,0,0,67301,0,0,0,N,0,0,0,2,67301,0,,1,9,,N,N,,0,,0,0,1,3,2,,1330,2,4,0,0,0,2,0,3,4,0,4,3,,N,,,,,,,,,,,
2007124149,9999.0,2,0,0,0,0,0,0,0,0,5,0,,67,11,2007,2,39.9265,-75.1691,1750.0,6,0,0,0,0,0,0,0,0,,0,0,0,17,3,1,0,,0,39 55:35.000,,0,75 10:08.972,4,0,0,0,67301,0,0,0,N,0,0,0,2,67301,1,,1,1,,N,N,,0,,0,0,1,0,0,,1749,1,3,0,0,0,0,0,3,4,0,3,3,,N,,,,,,,,,,,
2007036272,256.0,1,0,0,0,0,0,0,0,0,1,0,,67,2,2007,4,39.9958,-75.1974,228.0,6,0,0,0,0,0,0,0,0,1.0,0,1,0,2,2,1,0,,1,39 59:45.000,3.0,0,75 11:50.273,4,0,0,0,67301,0,0,0,N,0,0,0,2,68K01,1,,1,7,,N,N,,0,,0,0,0,0,0,N,225,1,2,0,0,0,0,0,3,4,0,2,10,,N,,,,,,,,,,,
2007047732,2115.0,0,0,0,0,0,0,0,0,0,1,0,,67,2,2007,4,40.0451,-75.0941,2113.0,6,0,0,0,0,0,0,0,0,,0,0,0,21,3,1,0,,0,40 02:42.464,,0,75 05:38.752,4,0,0,0,67301,0,0,0,N,0,0,0,3,67301,1,,1,7,,N,N,,0,,0,0,2,0,0,,2113,1,2,0,0,0,0,0,3,4,0,2,10,,N,,,,,,,,,,,
2007047751,1302.0,1,0,0,0,0,0,0,0,0,8,0,,67,3,2007,2,39.9513,-75.1551,1300.0,6,0,0,0,0,0,1,0,0,,0,0,0,12,1,1,1,,0,39 57:04.000,,0,75 09:18.331,8,0,0,0,67301,1,0,0,N,1,0,0,2,67301,0,,1,1,,N,N,,0,,0,0,0,3,2,,1259,1,2,0,0,0,1,0,3,4,0,1,3,,N,,,,,,,,,,,
2007028826,325.0,2,0,0,0,0,0,0,0,0,5,0,,67,1,2007,1,39.9713,-75.124,320.0,6,0,0,0,0,0,0,0,0,2.0,0,0,0,3,3,1,0,,2,39 58:16.562,2.0,0,75 07:26.560,3,0,0,0,67301,0,0,0,Y,0,0,0,3,67301,0,,1,1,,N,N,,0,,1,0,0,0,0,Y,319,1,2,0,0,2,0,0,3,4,0,2,3,,N,,,,,,,,,,,
2007068137,1530.0,0,0,0,0,0,0,1,0,0,8,1,,67,5,2007,4,39.9663,-75.2378,1530.0,6,0,0,0,0,0,0,0,0,,0,0,0,15,1,1,1,,0,39 57:58.759,,0,75 14:16.205,4,0,0,0,67301,1,0,0,N,1,0,0,2,67301,1,,1,1,,Y,N,,0,,0,0,0,9,3,,1500,1,2,0,0,0,0,0,3,4,0,1,3,,N,,,,,,,,,,,
2007116224,1535.0,0,0,0,0,0,0,0,0,0,8,0,,67,9,2007,6,40.0915,-74.9656,1529.0,6,0,0,0,0,0,0,0,0,,0,0,0,14,1,1,1,,0,40 05:29.000,,0,74 57:56.517,4,0,0,0,67301,1,0,0,N,1,0,0,2,67301,1,,1,1,,N,N,,0,,0,0,0,3,2,,1435,1,2,0,0,0,0,1,3,4,1,1,3,,N,,,,,,,,,,,
2007116239,1925.0,0,0,0,0,0,0,0,0,0,5,0,,67,10,2007,1,39.949,-75.24,1915.0,6,0,0,0,0,0,1,0,0,,0,0,0,19,3,1,0,,0,39 56:56.353,,0,75 14:24.104,3,0,0,0,67301,1,0,0,N,1,0,0,2,67301,0,,1,1,,N,N,,0,,1,0,1,0,0,,1915,1,2,0,0,0,0,0,3,4,0,1,3,,N,,,,,,,,,,,
2007110544,705.0,1,0,0,0,0,0,0,0,0,5,0,,67,9,2007,5,40.0473,-75.1612,704.0,6,0,0,0,0,0,0,1,0,,0,0,0,7,1,3,0,,0,40 02:50.110,,0,75 09:40.381,4,0,0,0,67301,0,0,0,N,0,0,0,4,67301,2,,6,1,,N,Y,,0,,0,0,1,0,0,,700,3,3,0,0,0,1,0,3,4,1,3,3,,N,,,,,,,,,,,
2007116240,1630.0,0,0,0,0,0,0,0,0,0,4,0,,67,9,2007,6,39.9897,-75.104,1622.0,6,0,0,0,0,0,1,0,0,,0,0,0,14,1,0,1,,0,39 59:23.000,,0,75 06:14.229,0,0,0,0,67301,0,0,0,N,0,0,0,3,67301,0,,1,1,,N,N,,1,,0,0,0,9,2,,1430,0,2,0,0,0,0,0,3,4,1,2,3,,N,,,,,,,,,,,
2007110857,1430.0,1,0,0,0,0,0,0,0,0,6,0,,67,9,2007,3,40.0121,-75.1371,1428.0,6,0,0,0,0,0,0,0,0,,0,0,0,14,1,1,1,,0,40 00:43.642,,0,75 08:13.671,8,0,0,0,67301,0,0,0,N,0,0,0,2,67301,0,,1,1,,N,N,,0,,0,0,1,3,3,,1420,1,2,0,0,0,1,1,3,4,0,2,3,,N,,,,,,,,,,,
2007111429,1545.0,1,0,0,0,0,0,0,0,0,4,1,,67,9,2007,6,40.0586,-75.0089,1537.0,6,0,0,0,0,0,0,0,1,,0,1,0,15,1,2,2,,0,40 03:30.000,,0,75 00:31.918,8,0,0,0,67301,0,0,0,N,0,0,0,3,67301,0,,1,1,,N,N,,0,,0,0,0,0,0,,1531,2,2,0,0,0,2,0,3,4,0,2,3,,N,,,,,,,,,,,
2007105878,1750.0,3,0,0,0,0,0,0,0,0,4,0,,67,8,2007,1,39.9383,-75.1986,1747.0,6,0,0,0,0,0,2,0,0,,0,0,0,17,1,2,5,,0,39 56:20.000,,0,75 11:53.844,8,0,0,0,67301,0,0,0,N,0,0,0,5,67301,0,,1,1,,N,N,,0,,0,0,0,3,2,,1745,2,3,0,0,0,2,1,3,4,0,3,3,,N,,,,,,,,,,,
2007105988,1432.0,2,0,0,0,0,0,0,0,0,5,0,,67,7,2007,6,40.0019,-75.1711,1425.0,6,0,0,0,0,0,0,0,1,,0,0,0,14,1,0,2,,0,40 00:06.768,,0,75 10:16.082,9,0,0,0,67301,0,0,0,N,0,0,0,1,67301,0,,1,1,,N,N,,0,,0,0,0,0,0,,1423,0,2,0,0,0,0,1,3,4,0,2,3,,N,,,,,,,,,,,
2007106459,1630.0,2,0,0,0,0,0,0,0,0,1,0,,67,8,2007,7,39.9989,-75.1321,1630.0,6,0,0,0,0,0,0,0,0,,0,0,0,16,1,3,0,,0,39 59:56.000,,0,75 07:55.562,3,0,0,0,67301,0,0,0,N,0,0,0,3,67301,2,,1,1,,N,N,,0,,1,0,0,0,0,,1630,3,2,0,0,0,0,0,3,4,0,2,3,,N,,,,,,,,,,,
2007106528,1835.0,1,0,0,0,0,0,0,0,0,8,0,,67,8,2007,1,39.9844,-75.1419,1830.0,6,0,0,0,0,0,0,0,0,,0,0,0,99,1,1,1,,0,39 59:03.987,,0,75 08:30.724,4,0,0,0,67301,1,0,0,N,1,0,0,2,67301,1,,1,9,,N,N,,0,,0,0,0,3,2,,9999,1,2,0,0,0,0,0,3,4,0,1,7,,N,,,,,,,,,,,
2007106546,1323.0,1,0,0,0,0,0,1,0,0,1,1,,67,8,2007,4,40.0591,-75.1902,1318.0,6,0,0,0,0,0,1,0,0,,0,0,0,13,1,3,0,,0,40 03:32.000,,0,75 11:24.608,8,0,0,0,67301,0,0,0,N,0,0,0,5,67301,0,,1,1,,Y,N,,1,,0,0,0,0,0,,1315,3,3,0,0,0,3,0,3,4,0,3,3,,N,,,,,,,,,,,