CRN,ARRIVAL_TM,AUTOMOBILE_COUNT,BELTED_DEATH_COUNT,BELTED_SUSP_SERIOUS_INJ_COUNT,BICYCLE_COUNT,BICYCLE_DEATH_COUNT,BICYCLE_SUSP_SERIOUS_INJ_COUNT,BUS_COUNT,CHLDPAS_DEATH_COUNT,CHLDPAS_SUSP_SERIOUS_INJ_COUNT,COLLISION_TYPE,COMM_VEH_COUNT,CONS_ZONE_SPD_LIM,COUNTY,CRASH_MONTH,CRASH_YEAR,DAY_OF_WEEK,DEC_LAT,DEC_LONG,DISPATCH_TM,DISTRICT,DRIVER_COUNT_16YR,DRIVER_COUNT_17YR,DRIVER_COUNT_18YR,DRIVER_COUNT_19YR,DRIVER_COUNT_20YR,DRIVER_COUNT_50_64YR,DRIVER_COUNT_65_74YR,DRIVER_COUNT_75PLUS,EST_HRS_CLOSED,FATAL_COUNT,HEAVY_TRUCK_COUNT,HORSE_BUGGY_COUNT,HOUR_OF_DAY,ILLUMINATION,INJURY_COUNT,INTERSECT_TYPE,INTERSECTION_RELATED,LANE_CLOSED,LATITUDE,LN_CLOSE_DIR,LOCATION_TYPE,LONGITUDE,MAX_SEVERITY_LEVEL,MCYCLE_DEATH_COUNT,MCYCLE_SUSP_SERIOUS_INJ_COUNT,MOTORCYCLE_COUNT,MUNICIPALITY,NONMOTR_COUNT,NONMOTR_DEATH_COUNT,NONMOTR_SUSP_SERIOUS_INJ_COUNT,NTFY_HIWY_MAINT,PED_COUNT,PED_DEATH_COUNT,PED_SUSP_SERIOUS_INJ_COUNT,PERSON_COUNT,POLICE_AGCY,POSSIBLE_INJ_COUNT,RDWY_SURF_TYPE_CD,RELATION_TO_ROAD,ROAD_CONDITION,ROADWAY_CLEARED,SCH_BUS_IND,SCH_ZONE_IND,SECONDARY_CRASH,SMALL_TRUCK_COUNT,SPEC_JURIS_CD,SUSP_MINOR_INJ_COUNT,SUSP_SERIOUS_INJ_COUNT,SUV_COUNT,TCD_FUNC_CD,TCD_TYPE,TFC_DETOUR_IND,TIME_OF_DAY,TOT_INJ_COUNT,TOTAL_UNITS,UNB_DEATH_COUNT,UNB_SUSP_SERIOUS_INJ_COUNT,UNBELTED_OCC_COUNT,UNK_INJ_DEG_COUNT,UNK_INJ_PER_COUNT,URBAN_AREA,URBAN_RURAL,VAN_COUNT,VEHICLE_COUNT,WEATHER1,WEATHER2,WORK_ZONE_IND,WORK_ZONE_LOC,WORK_ZONE_TYPE,WORKERS_PRES,WZ_CLOSE_DETOUR,WZ_FLAGGER,WZ_LAW_OFFCR_IND,WZ_LN_CLOSURE,WZ_MOVING,WZ_OTHER,WZ_SHLDER_MDN,WZ_WORKERS_INJ_KILLED
2007098707,755.0,6,0,0,0,0,0,0,0,0,2,0,,67,8,2007,4,40.0374,-75.1909,753.0,6,0,0,0,0,0,2,0,0,3.0,0,0,0,99,1,3,1,,2,40 02:14.460,7.0,0,75 11:27.412,3,0,0,0,67301,0,0,0,Y,0,0,0,7,67301,2,,1,9,,N,N,,0,,1,0,0,3,2,N,9999,3,6,0,0,0,0,0,3,4,0,6,7,,N,,,,,,,,,,,
2007101043,2347.0,1,0,0,0,0,0,0,0,0,1,0,,67,8,2007,6,39.9631,-75.1838,2346.0,6,0,0,0,0,0,0,0,0,1.0,0,0,0,23,3,1,0,,1,39 57:47.000,3.0,0,75 11:01.612,8,0,0,1,67301,0,0,0,N,0,0,0,2,68K01,0,,1,1,,N,N,,0,,0,0,0,0,0,N,2342,1,2,0,0,0,1,1,3,4,0,2,3,,N,,,,,,,,,,,
2007098604,1745.0,0,0,0,0,0,0,0,0,0,4,0,,67,8,2007,5,39.9622,-75.1913,1744.0,6,0,0,0,0,0,0,0,0,,0,0,0,17,1,1,1,,0,39 57:43.815,,0,75 11:28.535,3,0,0,1,67301,0,0,0,N,0,0,0,2,67301,0,,1,9,,N,,,0,,1,0,1,3,2,,1740,1,2,0,0,0,0,0,3,4,0,2,98,,N,,,,,,,,,,,
2007098735,1607.0,2,0,0,0,0,0,0,0,0,1,0,,67,8,2007,5,39.9571,-75.1523,1605.0,6,0,0,0,0,0,0,0,0,,0,0,0,16,1,0,0,,0,39 57:25.000,,0,75 09:07.301,0,0,0,0,67301,0,0,0,N,0,0,0,2,67301,0,,1,9,,N,N,,0,,0,0,0,0,0,,1600,0,2,0,0,0,0,0,3,4,0,2,7,,N,,,,,,,,,,,
2007081587,1246.0,2,0,0,0,0,0,0,0,0,4,0,,67,6,2007,7,39.9507,-75.2472,1244.0,6,0,0,0,0,0,0,0,0,,0,0,0,12,1,1,1,,0,39 57:02.394,,0,75 14:49.973,4,0,0,0,67301,0,0,0,N,0,0,0,2,67301,1,,1,1,,N,N,,0,,0,0,0,3,3,,1244,1,2,0,0,0,0,0,3,4,0,2,3,,N,,,,,,,,,,,
2007081291,800.0,4,0,0,0,0,0,0,0,0,1,0,,67,5,2007,6,40.0218,-75.1393,800.0,6,0,0,0,0,0,1,0,0,1.0,0,0,0,8,1,3,0,,1,40 01:18.000,2.0,0,75 08:21.344,4,0,0,0,67301,0,0,0,N,0,0,0,6,67301,3,,1,1,,N,N,,0,,0,0,0,0,0,N,800,3,4,0,0,0,0,0,3,4,0,4,3,,N,,,,,,,,,,,
2007081309,1049.0,1,0,0,0,0,0,0,0,0,4,0,,67,5,2007,3,39.9524,-75.1468,1045.0,6,0,0,0,0,0,1,0,0,,0,0,0,10,1,2,1,,0,39 57:08.000,,0,75 08:48.480,4,0,0,0,67301,0,0,0,N,0,0,0,2,67301,2,,1,1,,N,N,,0,,0,0,1,9,2,,1043,2,2,0,0,0,0,0,3,4,0,2,3,,N,,,,,,,,,,,
2007118271,305.0,3,0,0,0,0,0,0,0,0,1,0,,67,10,2007,7,39.9897,-75.1179,304.0,6,0,0,0,0,0,0,0,0,,0,0,0,3,3,0,0,,0,39 59:22.000,,0,75 07:04.354,0,0,0,0,67301,0,0,0,,0,0,0,1,67301,0,,4,1,,,,,0,,0,0,1,0,0,,300,0,4,0,0,0,0,0,3,4,0,4,3,,N,,,,,,,,,,,
2007118023,1750.0,2,0,0,0,0,0,0,0,0,4,0,,67,10,2007,2,39.9743,-75.2264,1748.0,6,0,0,0,0,0,0,0,0,9.0,0,0,0,17,1,2,1,,2,39 58:27.000,7.0,0,75 13:34.908,4,0,0,0,67301,0,0,0,N,0,0,0,2,67301,1,,1,1,,N,N,,0,,0,0,0,3,2,Y,1747,2,3,0,0,0,1,0,3,4,1,3,3,,N,,,,,,,,,,,
2007126112,248.0,2,0,0,0,0,0,0,0,0,4,0,,67,11,2007,1,39.9903,-75.2205,248.0,6,0,0,0,0,0,0,0,0,,0,0,0,2,3,3,0,,0,39 59:25.162,,0,75 13:13.656,3,0,0,0,67301,0,0,0,N,0,0,0,3,67301,1,,1,1,,N,N,,0,,2,0,0,0,0,,248,3,2,0,0,0,0,0,3,4,0,2,3,,N,,,,,,,,,,,
2007107540,1558.0,0,0,0,1,0,0,0,0,0,5,0,,67,8,2007,7,39.9947,-75.1342,1555.0,6,0,0,0,0,0,0,0,0,,0,0,0,15,1,1,0,,0,39 59:40.794,,0,75 08:03.076,4,0,0,0,67301,1,0,0,N,0,0,0,2,67301,1,,1,1,,N,N,,0,,0,0,1,0,0,,1552,1,2,0,0,0,0,0,3,4,0,1,3,,N,,,,,,,,,,,
2007107822,1350.0,0,0,0,0,0,0,0,0,0,1,0,,67,9,2007,1,40.0242,-75.031,1345.0,6,0,0,0,0,0,0,0,0,1.0,0,0,0,13,1,1,0,,1,40 01:27.000,1.0,0,75 01:51.318,3,0,0,1,67301,0,0,0,N,0,0,0,5,67301,0,,1,1,,N,N,,0,,1,0,1,0,0,N,1330,1,2,0,0,0,0,0,3,4,0,2,3,,N,,,,,,,,,,,
2007097845,2024.0,1,0,0,0,0,0,0,0,0,4,0,,67,7,2007,5,39.9101,-75.1862,2023.0,6,0,0,0,0,0,1,0,0,,0,0,0,20,4,1,2,,0,39 54:36.000,,0,75 11:10.398,4,0,0,1,67301,0,0,0,N,0,0,0,2,67301,1,,1,1,,N,N,,0,,0,0,0,0,0,,2020,1,2,0,0,0,0,0,3,4,0,2,3,,N,,,,,,,,,,,
2007097971,1525.0,1,0,0,0,0,0,1,0,0,1,1,,67,7,2007,1,40.11,-75.0252,1520.0,6,0,0,0,0,0,1,0,0,,0,0,0,15,1,1,0,,0,40 06:35.000,,0,75 01:30.665,4,0,0,0,67301,0,0,0,,0,0,0,6,67301,1,,1,1,,,,,0,,0,0,0,0,0,,1500,1,2,0,0,0,0,0,3,4,0,2,3,,N,,,,,,,,,,,
2007097974,9999.0,0,0,0,0,0,0,0,0,0,8,0,,67,7,2007,2,39.9915,-75.1472,1120.0,6,0,0,0,0,0,0,0,0,,0,0,0,17,1,1,0,,0,39 59:29.533,,0,75 08:49.974,4,0,0,0,67301,1,0,0,N,1,0,0,2,67301,1,,1,1,,N,N,,1,,0,0,0,9,3,,1730,1,2,0,0,0,0,0,3,4,0,1,99,,N,,,,,,,,,,,
2007098124,1656.0,2,0,0,0,0,0,0,0,0,4,0,,67,7,2007,1,39.9578,-75.1602,1652.0,6,0,0,0,1,0,0,0,0,2.0,0,0,0,16,1,1,2,,2,39 57:28.000,1.0,0,75 09:36.786,4,0,0,0,67301,0,0,0,N,0,0,0,3,67301,1,,1,1,,N,N,,0,,0,0,0,3,2,Y,1648,1,2,0,0,0,0,0,3,4,0,2,3,,N,,,,,,,,,,,
2007095786,226.0,2,0,0,0,0,0,0,0,0,5,0,,67,7,2007,1,40.015,-75.1774,220.0,6,0,0,0,0,0,0,0,0,2.0,0,0,0,2,3,0,0,,2,40 00:54.000,1.0,0,75 10:38.496,9,0,0,0,67301,0,0,0,N,0,0,0,5,67301,0,,1,1,,N,N,,0,,0,0,1,0,0,N,220,0,3,0,0,0,0,1,3,4,0,3,3,,N,,,,,,,,,,,
2007095792,1455.0,1,0,0,0,0,0,0,0,0,4,0,,67,7,2007,3,39.9836,-75.113,1450.0,6,0,0,0,0,0,0,0,0,,0,0,0,14,1,1,2,,0,39 59:00.985,,0,75 06:46.940,3,0,0,0,67301,0,0,0,,0,0,0,2,67301,0,,1,1,,,,,0,,1,0,0,9,3,,1450,1,2,0,0,0,0,0,3,4,1,2,3,,N,,,,,,,,,,,
2007098297,2300.0,3,0,0,0,0,0,0,0,0,4,0,,67,7,2007,2,39.9558,-75.2099,2300.0,6,0,0,0,0,0,0,0,0,,0,0,0,23,3,1,1,,0,39 57:20.944,,0,75 12:35.661,4,0,0,0,67301,0,0,0,,0,0,0,2,67301,1,,1,1,,N,N,,0,,0,0,0,3,3,,2300,1,3,0,0,1,0,1,3,4,0,3,3,,N,,,,,,,,,,,
2007093234,1410.0,1,0,0,1,0,0,0,0,0,4,0,,67,7,2007,2,39.9716,-75.2386,1405.0,6,0,0,0,1,0,0,0,0,,0,0,0,14,1,1,1,,0,39 58:17.734,,0,75 14:18.913,4,0,0,0,67301,1,0,0,N,0,0,0,2,67301,1,,1,1,,N,N,,0,,0,0,0,3,3,,1400,1,2,0,0,0,0,0,3,4,0,1,3,,N,,,,,,,,,,,
2007093249,9999.0,1,0,0,0,0,0,0,0,0,2,0,,67,8,2007,4,39.9425,-75.197,1216.0,6,0,0,0,0,0,0,0,1,,0,0,0,12,1,2,0,,0,39 56:33.000,,3,75 11:48.642,2,0,0,0,67301,0,0,0,,0,0,0,3,67301,0,,1,1,,,,,0,,1,1,0,0,0,,1210,2,2,0,0,0,0,0,3,4,0,2,3,,N,,,,,,,,,,,
2007093253,1958.0,1,0,0,0,0,0,0,0,0,4,0,,67,6,2007,5,40.0447,-75.1214,1952.0,6,0,1,0,0,1,0,0,0,,0,0,0,19,1,5,1,,0,40 02:40.000,,0,75 07:17.032,3,0,0,0,67301,0,0,0,N,0,0,0,6,67301,2,,1,1,,N,N,,0,,1,0,1,3,3,,1950,5,2,0,0,0,2,0,3,4,0,2,3,,N,,,,,,,,,,,
2007066367,125.0,2,0,0,0,0,0,0,0,0,2,0,,67,4,2007,3,40.0369,-75.1341,120.0,6,0,0,0,0,0,0,0,0,,0,0,0,1,3,1,0,,0,40 02:12.853,,0,75 08:02.921,4,0,0,0,67301,0,0,0,N,0,0,0,1,67301,1,,9,1,,N,N,,1,,0,0,1,0,0,,100,1,4,0,0,0,0,0,3,4,0,4,3,,N,,,,,,,,,,,
2007071369,538.0,1,0,0,0,0,0,0,0,0,7,0,,67,5,2007,1,40.0458,-75.1431,534.0,6,0,0,0,0,0,0,0,0,,0,0,0,5,5,0,0,,0,40 02:44.000,,0,75 08:35.330,9,0,0,0,67301,0,0,0,N,0,0,0,1,67301,0,,2,1,,N,N,,0,,0,0,0,0,0,,534,0,1,0,0,0,0,1,3,4,0,1,3,,N,,,,,,,,,,,
2007066503,730.0,3,0,0,0,0,0,0,0,0,4,0,,67,5,2007,5,40.079,-75.0697,718.0,6,0,0,1,0,0,0,0,0,,0,0,0,7,1,2,0,,0,40 04:44.000,,0,75 04:10.856,4,0,0,0,67301,0,0,0,N,0,0,0,2,67301,2,,1,1,,N,N,,0,,0,0,0,0,0,,700,2,3,0,0,0,0,0,3,4,0,3,3,,N,,,,,,,,,,,
2007066545,1639.0,0,0,0,0,0,0,0,0,0,8,0,,67,5,2007,1,39.9751,-75.195,1637.0,6,0,0,0,0,0,0,0,0,,0,0,0,16,1,1,1,,0,39 58:30.360,,0,75 11:42.000,4,0,0,0,67301,1,0,0,N,1,0,0,2,67301,1,,1,1,,N,N,,0,,0,0,0,0,0,,1636,1,2,0,0,0,0,0,3,4,0,1,3,,N,,,,,,,,,,,
2007079919,301.0,1,0,0,0,0,0,0,0,0,7,0,,67,6,2007,6,40.0543,-75.0631,259.0,6,0,0,0,0,0,0,0,0,,0,0,0,2,3,2,1,,0,40 03:15.000,,0,75 03:47.239,2,0,0,0,67301,0,0,0,N,0,0,0,2,67301,0,,5,9,,N,N,,0,,0,2,0,0,0,,258,2,1,0,0,0,0,0,3,4,0,1,7,,N,,,,,,,,,,,
2007079975,1545.0,1,0,0,0,0,0,0,0,0,5,1,,67,5,2007,3,39.9419,-75.1588,1537.0,6,0,0,0,0,0,0,0,0,,0,1,0,15,1,1,1,,0,39 56:30.926,,0,75 09:31.759,8,0,0,0,67301,0,0,0,N,0,0,0,2,67301,0,,1,1,,N,N,,0,,0,0,0,2,3,,1537,1,2,0,0,0,1,0,3,4,0,2,3,,N,,,,,,,,,,,
2007079997,410.0,1,0,0,0,0,0,0,0,0,2,0,,67,6,2007,2,40.0309,-75.1465,400.0,6,0,0,0,0,0,0,0,0,,0,0,0,19,1,1,0,,0,40 01:51.000,,7,75 08:47.484,4,0,0,0,67301,0,0,0,N,0,0,0,2,67301,1,,1,1,,N,N,,0,,0,0,1,0,0,,1900,1,2,0,0,0,0,1,3,4,0,2,3,,N,,,,,,,,,,,
2007080130,1355.0,0,0,0,1,0,0,0,0,0,4,0,,67,6,2007,1,39.9959,-75.1272,1350.0,6,0,0,0,0,0,0,0,0,,0,0,0,13,1,1,2,,0,39 59:45.135,,0,75 07:37.941,3,0,0,0,67301,1,0,0,N,0,0,0,2,67301,0,,1,1,,N,N,,0,,1,0,0,0,0,,1345,1,2,0,0,0,0,1,3,4,0,1,3,,N,,,,,,,,,,,
2007127581,1935.0,1,0,0,0,0,0,0,0,0,8,0,,67,1,2007,4,39.9943,-75.1577,1920.0,6,0,0,0,0,0,0,0,0,,0,0,0,19,3,1,2,,0,39 59:39.000,,0,75 09:27.820,4,0,0,0,67301,1,0,0,,1,0,0,2,67301,1,,1,1,,,,,0,,0,0,0,9,3,,1915,1,2,0,0,0,0,0,3,4,0,1,3,,N,,,,,,,,,,,
2007124665,1328.0,1,0,0,0,0,0,0,0,0,5,0,,67,11,2007,3,39.9421,-75.2387,1304.0,6,0,0,0,0,0,0,0,0,,0,0,0,10,1,1,2,,0,39 56:31.000,,0,75 14:19.326,4,0,0,0,67301,0,0,0,,0,0,0,2,67301,1,,2,9,,,,,1,,0,0,0,0,0,,1012,1,2,0,0,0,0,1,3,4,0,2,7,,N,,,,,,,,,,,
2007124136,341.0,1,0,0,0,0,0,0,0,0,5,0,,67,10,2007,6,39.9511,-75.1656,334.0,6,0,0,0,0,0,0,0,0,,0,0,0,3,3,0,0,,0,39 57:03.000,,0,75 09:56.167,0,0,0,0,67301,0,0,0,N,0,0,0,0,67301,0,,2,1,,N,N,,0,,0,0,1,0,0,,333,0,2,0,0,0,0,0,3,4,0,2,3,,N,,,,,,,,,,,
2007124167,5.0,2,0,0,0,0,0,0,0,0,4,0,,67,11,2007,5,40.0377,-75.0424,2358.0,6,0,0,0,0,0,0,0,1,,0,0,0,23,3,0,1,,0,40 02:15.000,,0,75 02:32.796,0,0,0,0,67301,0,0,0,N,0,0,0,2,67301,0,,1,1,,N,N,,0,,0,0,0,3,2,,2355,0,2,0,0,0,0,0,3,4,0,2,3,,N,,,,,,,,,,,
2007028823,2027.0,2,0,0,0,0,0,0,0,0,4,0,,67,1,2007,1,40.0059,-75.1135,1021.0,6,0,0,0,0,0,1,0,0,9.0,0,0,0,10,1,1,1,,1,40 00:21.000,4.0,0,75 06:48.589,4,0,0,0,67301,0,0,0,N,0,0,0,2,67301,1,,1,9,,N,N,,0,,0,0,0,3,2,N,1018,1,2,0,0,0,0,0,3,4,0,2,3,,N,,,,,,,,,,,
2007065640,1648.0,1,0,0,1,0,0,0,0,0,4,0,,67,4,2007,7,39.9672,-75.1429,1635.0,6,0,0,0,0,0,0,0,0,,0,0,0,16,1,1,1,,0,39 58:01.761,,0,75 08:34.436,8,0,0,0,67301,1,0,0,,0,0,0,2,67301,0,,1,1,,N,N,,0,,0,0,0,3,3,,1625,1,2,0,0,0,1,0,3,4,0,1,3,,N,,,,,,,,,,,
2007110854,12.0,3,0,0,0,0,0,0,0,0,1,0,,67,9,2007,7,39.9333,-75.1436,10.0,6,0,0,0,0,1,1,0,0,,0,0,0,0,3,1,1,,0,39 55:59.880,,0,75 08:36.240,3,0,0,0,67301,0,0,0,N,0,0,0,4,67301,0,,1,9,,N,N,,1,,1,0,0,2,2,,0,1,4,0,0,0,0,0,3,4,0,4,7,,N,,,,,,,,,,,
2007108885,1255.0,1,0,0,0,0,0,0,0,0,1,0,,67,9,2007,7,40.0054,-75.1278,1244.0,6,0,0,0,0,0,0,1,0,,0,0,0,12,1,1,0,,0,40 00:19.318,,0,75 07:40.075,8,0,0,0,67301,0,0,0,,0,0,0,4,67301,0,,1,1,,,,,1,,0,0,0,0,0,,1240,1,3,0,0,0,1,3,3,4,1,3,3,,N,,,,,,,,,,,
2007106136,1155.0,1,0,0,0,0,0,0,0,0,6,0,,67,8,2007,5,39.9946,-75.0945,1150.0,6,0,0,0,0,0,0,0,0,,0,0,0,99,1,3,0,,0,39 59:40.445,,7,75 05:40.110,4,0,0,0,67301,0,0,0,N,0,0,0,4,67301,3,,1,1,,N,N,,1,,0,0,0,0,0,,9999,3,2,0,0,0,0,0,3,4,0,2,3,,N,,,,,,,,,,,
2007106345,1930.0,1,0,0,1,0,0,0,0,0,4,0,,67,7,2007,1,40.0631,-75.022,1930.0,6,0,0,0,0,0,1,0,0,,0,0,0,19,1,1,1,,0,40 03:47.000,,0,75 01:19.196,4,0,0,0,67301,1,0,0,N,0,0,0,2,67301,1,,1,1,,N,N,,0,,0,0,0,3,2,,1930,1,2,0,0,0,0,0,3,4,0,1,3,,N,,,,,,,,,,,
2007106355,1454.0,0,0,0,0,0,0,0,0,0,8,0,,67,9,2007,1,39.9284,-75.2376,1453.0,6,0,0,0,0,0,0,0,0,,1,0,0,14,1,0,0,,0,39 55:42.000,,0,75 14:15.449,1,0,0,0,67301,1,1,0,N,1,1,0,2,67301,0,2.0,1,1,,N,N,,0,0.0,0,0,0,0,0,,1452,0,2,0,0,0,0,0,3,4,1,1,3,,N,,,,,,,,,,,
2007108868,830.0,0,0,0,0,0,0,0,0,0,8,0,,67,8,2007,5,39.9969,-75.1412,2025.0,6,0,0,0,0,0,0,0,0,,0,0,0,99,3,1,1,,0,39 59:48.940,,0,75 08:28.229,4,0,0,0,67301,1,0,0,,1,0,0,2,67301,1,,1,1,,,,,0,,0,0,1,9,2,,9999,1,2,0,0,0,0,1,3,4,0,1,3,,N,,,,,,,,,,,
2007106564,1422.0,2,0,0,0,0,0,0,0,0,1,0,,67,6,2007,7,40.0455,-75.1128,1415.0,6,0,0,0,0,0,2,0,0,,0,0,0,21,6,2,3,,0,40 02:50.000,,0,75 06:44.541,8,0,0,0,67301,0,0,0,N,0,0,0,3,67301,0,,1,98,,N,N,,0,,0,0,0,3,2,,2115,2,2,0,0,0,2,1,3,4,0,2,99,,N,,,,,,,,,,,
2007106575,925.0,0,0,0,1,0,0,0,0,0,4,0,,67,8,2007,7,39.9476,-75.1696,911.0,6,0,0,0,0,0,0,0,0,,0,0,0,9,1,1,1,,0,39 56:51.284,,0,75 10:10.599,4,0,0,0,67301,1,0,0,N,0,0,0,2,67301,1,,1,1,,N,N,,0,,0,0,1,3,2,,908,1,2,0,0,0,0,0,3,4,0,1,3,,N,,,,,,,,,,,
2007103685,1130.0,1,0,0,0,0,0,1,0,0,5,1,,67,8,2007,4,39.9577,-75.1676,1128.0,6,0,0,0,0,0,0,0,0,,0,0,0,10,1,1,0,,0,39 57:27.720,,0,75 10:03.330,4,0,0,0,67301,0,0,0,N,0,0,0,3,68K01,1,,1,1,,N,N,,0,,0,0,0,0,0,,1055,1,2,0,0,1,0,0,3,4,0,2,3,,N,,,,,,,,,,,
2007081354,2020.0,2,0,0,0,0,0,0,0,0,1,0,,67,6,2007,7,40.0405,-75.0583,2015.0,6,0,0,0,0,0,1,1,0,,0,0,0,20,1,0,0,,0,40 02:25.800,,0,75 03:29.880,0,0,0,0,67301,0,0,0,N,0,0,0,3,67301,0,,1,1,,N,N,,0,,0,0,0,3,2,,2012,0,2,0,0,0,0,0,3,4,0,2,3,,N,,,,,,,,,,,
2007081630,2206.0,2,0,0,0,0,0,0,0,0,4,0,,67,6,2007,6,40.0475,-75.0646,2157.0,6,0,0,0,0,0,0,0,0,,0,0,0,21,3,1,2,,0,40 02:51.000,,0,75 03:52.400,4,0,0,0,67301,0,0,0,N,0,0,0,2,67301,1,,1,1,,N,N,,0,,0,0,0,3,3,,2146,1,2,0,0,0,0,0,3,4,0,2,3,,N,,,,,,,,,,,
2007081688,1227.0,1,0,0,0,0,0,0,0,0,7,0,,67,6,2007,2,39.9724,-75.2533,1225.0,6,0,0,0,0,0,0,0,0,,0,0,0,12,1,1,1,,0,39 58:20.000,,0,75 15:11.792,8,0,0,0,67301,0,0,0,,0,0,0,1,67301,0,,4,1,,N,N,,0,,0,0,0,3,2,,1224,1,1,0,0,0,1,0,3,4,0,1,3,,N,,,,,,,,,,,
2007120264,1545.0,0,0,0,0,0,0,1,0,0,8,1,,67,10,2007,2,40.0153,-75.2081,1540.0,6,0,0,0,0,0,0,0,0,,0,0,0,15,1,1,1,,0,40 00:55.000,,0,75 12:30.236,8,0,0,0,67301,1,0,0,,1,0,0,2,67301,0,,4,1,,N,N,,0,,0,0,0,3,2,,1540,1,2,0,0,0,1,0,3,4,0,1,3,,N,,,,,,,,,,,
2007120293,1050.0,1,0,0,1,0,0,0,0,0,4,0,,67,10,2007,3,39.9842,-75.099,1030.0,6,0,0,0,0,0,0,0,0,,0,0,0,10,1,1,2,,0,39 59:03.239,,0,75 05:56.509,4,0,0,0,67301,1,0,0,N,0,0,0,2,67301,1,,1,1,,N,N,,0,,0,0,0,0,0,,1030,1,2,0,0,0,0,0,3,4,0,1,3,,N,,,,,,,,,,,
2007107566,1135.0,3,0,0,0,0,0,0,0,0,4,0,,67,9,2007,1,40.0157,-75.1401,1130.0,6,0,0,0,0,0,0,0,0,,0,0,0,11,1,1,1,,0,40 00:56.408,,0,75 08:24.331,8,0,0,0,67301,0,0,0,N,0,0,0,3,67301,0,,1,1,,N,N,,0,,0,0,0,3,3,,1115,1,3,0,0,0,1,1,3,4,0,3,3,,N,,,,,,,,,,,
2007107753,9999.0,2,0,0,0,0,0,0,0,0,1,0,,67,9,2007,1,40.0729,-75.1883,432.0,6,0,0,0,0,0,0,0,0,,0,0,0,4,3,2,0,,0,40 04:22.425,,0,75 11:17.908,4,0,0,0,67301,0,0,0,N,0,0,0,4,67301,2,,1,1,,N,N,,0,,0,0,0,0,0,,432,2,2,0,0,0,0,0,3,4,0,2,3,,N,,,,,,,,,,,
2007107828,1245.0,0,0,0,0,0,0,0,0,0,4,0,,67,9,2007,4,39.904,-75.2401,1241.0,6,0,0,0,0,0,0,0,0,,0,0,0,12,1,1,1,,0,39 54:14.000,,0,75 14:24.410,8,0,0,0,67301,0,0,0,N,0,0,0,2,67301,0,,1,1,,N,N,,0,,0,0,1,9,2,,1230,1,2,0,0,0,1,0,3,4,0,2,3,,N,,,,,,,,,,,
2007107840,303.0,1,0,0,0,0,0,0,0,0,7,0,,67,9,2007,7,39.9303,-75.187,256.0,6,0,0,0,0,0,0,0,0,,0,0,0,99,3,0,0,,0,39 55:49.000,,0,75 11:13.100,0,0,0,0,67301,0,0,0,,0,0,0,1,67301,0,,3,1,,,,,0,,0,0,0,0,0,,9999,0,1,0,0,0,0,0,3,4,0,1,3,,N,,,,,,,,,,,
2007100115,1030.0,3,0,0,0,0,0,0,0,0,1,0,,67,8,2007,4,39.9938,-75.1994,1027.0,6,0,0,1,0,0,0,0,0,,0,0,0,10,1,1,0,,0,39 59:40.000,,0,75 11:54.550,4,0,0,0,67301,0,0,0,N,0,0,0,6,68K01,1,,1,1,,N,N,,0,,0,0,0,0,0,,1024,1,3,0,0,0,0,0,3,4,0,3,3,,N,,,,,,,,,,,
2007098504,1859.0,1,0,0,1,0,0,0,0,0,4,0,,67,6,2007,7,39.9435,-75.225,1852.0,6,0,0,0,0,0,0,0,0,,0,0,0,99,1,1,2,,0,39 56:36.668,,0,75 13:29.967,4,0,0,0,67301,1,0,0,,0,0,0,5,67301,1,,1,1,,,,,0,,0,0,0,0,0,,9999,1,2,0,0,0,0,0,3,4,0,1,3,,N,,,,,,,,,,,
2007098141,9999.0,2,0,0,0,0,0,0,0,0,1,0,,67,7,2007,3,39.9022,-75.247,9999.0,6,0,0,0,0,0,0,0,0,,0,0,0,99,1,2,1,,0,39 54:07.750,,0,75 14:49.138,8,0,0,0,67301,0,0,0,N,0,0,0,4,67301,0,,1,1,,N,N,,0,,0,0,0,3,2,,9999,2,2,0,0,0,2,0,3,4,0,2,3,,N,,,,,,,,,,,
2007093163,1328.0,1,0,0,0,0,0,0,0,0,1,0,,67,7,2007,3,40.0649,-75.0515,1328.0,6,0,0,0,0,0,0,1,1,,0,0,0,13,1,1,1,,0,40 03:53.000,,0,75 03:05.563,8,0,0,0,67301,0,0,0,N,0,0,0,4,67301,0,,1,1,,N,N,,0,,0,0,0,0,0,,1328,1,2,0,0,0,1,1,3,4,1,2,3,,N,,,,,,,,,,,
2007093165,1807.0,1,0,0,0,0,0,0,0,0,8,0,,67,7,2007,7,39.9225,-75.2363,1802.0,6,0,0,0,0,0,0,0,0,,0,0,0,99,1,1,0,,0,39 55:20.961,,0,75 14:10.682,8,0,0,0,67301,1,0,0,N,1,0,0,2,67301,0,,1,1,,N,N,,0,,0,0,0,0,0,,9999,1,2,0,0,0,1,0,3,4,0,1,3,,N,,,,,,,,,,,
2007095781,1257.0,1,0,0,0,0,0,0,0,0,1,0,,67,7,2007,7,39.9804,-75.1179,1255.0,6,0,0,0,0,0,0,0,0,,0,0,0,12,1,1,1,,0,39 58:53.000,,0,75 07:02.419,4,0,0,0,67301,0,0,0,,0,0,0,2,67301,1,,1,1,,N,N,,0,,0,0,0,3,4,,1245,1,2,0,0,1,0,0,3,4,1,2,3,,N,,,,,,,,,,,