CRN,ARRIVAL_TM,AUTOMOBILE_COUNT,BELTED_DEATH_COUNT,BELTED_SUSP_SERIOUS_INJ_COUNT,BICYCLE_COUNT,BICYCLE_DEATH_COUNT,BICYCLE_SUSP_SERIOUS_INJ_COUNT,BUS_COUNT,CHLDPAS_DEATH_COUNT,CHLDPAS_SUSP_SERIOUS_INJ_COUNT,COLLISION_TYPE,COMM_VEH_COUNT,CONS_ZONE_SPD_LIM,COUNTY,CRASH_MONTH,CRASH_YEAR,DAY_OF_WEEK,DEC_LAT,DEC_LONG,DISPATCH_TM,DISTRICT,DRIVER_COUNT_16YR,DRIVER_COUNT_17YR,DRIVER_COUNT_18YR,DRIVER_COUNT_19YR,DRIVER_COUNT_20YR,DRIVER_COUNT_50_64YR,DRIVER_COUNT_65_74YR,DRIVER_COUNT_75PLUS,EST_HRS_CLOSED,FATAL_COUNT,HEAVY_TRUCK_COUNT,HORSE_BUGGY_COUNT,HOUR_OF_DAY,ILLUMINATION,INJURY_COUNT,INTERSECT_TYPE,INTERSECTION_RELATED,LANE_CLOSED,LATITUDE,LN_CLOSE_DIR,LOCATION_TYPE,LONGITUDE,MAX_SEVERITY_LEVEL,MCYCLE_DEATH_COUNT,MCYCLE_SUSP_SERIOUS_INJ_COUNT,MOTORCYCLE_COUNT,MUNICIPALITY,NONMOTR_COUNT,NONMOTR_DEATH_COUNT,NONMOTR_SUSP_SERIOUS_INJ_COUNT,NTFY_HIWY_MAINT,PED_COUNT,PED_DEATH_COUNT,PED_SUSP_SERIOUS_INJ_COUNT,PERSON_COUNT,POLICE_AGCY,POSSIBLE_INJ_COUNT,RDWY_SURF_TYPE_CD,RELATION_TO_ROAD,ROAD_CONDITION,ROADWAY_CLEARED,SCH_BUS_IND,SCH_ZONE_IND,SECONDARY_CRASH,SMALL_TRUCK_COUNT,SPEC_JURIS_CD,SUSP_MINOR_INJ_COUNT,SUSP_SERIOUS_INJ_COUNT,SUV_COUNT,TCD_FUNC_CD,TCD_TYPE,TFC_DETOUR_IND,TIME_OF_DAY,TOT_INJ_COUNT,TOTAL_UNITS,UNB_DEATH_COUNT,UNB_SUSP_SERIOUS_INJ_COUNT,UNBELTED_OCC_COUNT,UNK_INJ_DEG_COUNT,UNK_INJ_PER_COUNT,URBAN_AREA,URBAN_RURAL,VAN_COUNT,VEHICLE_COUNT,WEATHER1,WEATHER2,WORK_ZONE_IND,WORK_ZONE_LOC,WORK_ZONE_TYPE,WORKERS_PRES,WZ_CLOSE_DETOUR,WZ_FLAGGER,WZ_LAW_OFFCR_IND,WZ_LN_CLOSURE,WZ_MOVING,WZ_OTHER,WZ_SHLDER_MDN,WZ_WORKERS_INJ_KILLED
2007095785,2256.0,0,0,0,0,0,0,0,0,0,5,0,,67,8,2007,5,39.9071,-75.1497,2253.0,6,0,0,0,0,0,1,0,0,1.0,0,0,0,22,3,1,0,,1,39 54:25.000,2.0,0,75 08:59.045,8,0,0,0,67301,0,0,0,N,0,0,0,2,67301,0,,1,1,,N,N,,0,,0,0,0,0,0,N,2250,1,2,0,0,1,1,1,3,4,2,2,3,,N,,,,,,,,,,,
2007022234,748.0,0,0,0,0,0,0,0,0,0,2,0,,67,1,2007,5,39.9851,-75.2474,730.0,6,0,0,0,0,0,0,0,0,,0,0,0,7,1,0,1,,0,39 59:06.000,,0,75 14:50.529,9,0,0,0,67301,0,0,0,,0,0,0,3,67301,0,,1,1,,,,,0,,0,0,2,3,2,,725,0,2,0,0,0,0,1,3,4,0,2,3,,N,,,,,,,,,,,
2007022292,248.0,3,0,0,0,0,0,0,0,0,4,0,,67,1,2007,6,40.0138,-75.0559,245.0,6,0,0,0,0,1,0,0,0,2.0,0,0,0,2,3,4,1,,1,40 00:49.655,6.0,0,75 03:21.279,4,0,0,0,67301,0,0,0,,0,0,0,7,67301,3,,1,9,,,,,0,,0,0,0,3,2,Y,240,4,3,0,0,0,1,3,3,4,0,3,7,,N,,,,,,,,,,,
2007022316,1709.0,0,0,0,0,0,0,0,0,0,6,0,,67,1,2007,3,40.0081,-75.0725,1705.0,6,0,0,0,0,0,1,0,0,1.0,0,0,0,17,3,4,1,,1,40 00:29.000,2.0,0,75 04:21.620,4,0,0,0,67301,0,0,0,,0,0,0,5,67301,4,,1,1,,,,,1,,0,0,1,3,2,N,1705,4,2,0,0,0,0,1,3,4,0,2,3,,N,,,,,,,,,,,
2007022361,512.0,1,0,0,0,0,0,0,0,0,7,0,,67,1,2007,2,39.9571,-75.1521,511.0,6,0,0,0,0,0,0,0,0,,0,0,0,5,3,0,7,,0,39 57:25.560,,0,75 09:07.200,0,0,0,0,67301,0,0,0,N,0,0,0,1,67301,0,,2,6,,N,N,,0,,0,0,0,0,0,,511,0,1,0,0,0,0,0,3,4,0,1,10,,N,,,,,,,,,,,
2007066393,920.0,2,0,0,0,0,0,0,0,0,4,0,,67,5,2007,7,40.0107,-75.1513,907.0,6,0,0,0,0,0,0,0,0,,0,0,0,9,1,1,1,,0,40 00:38.000,,0,75 09:04.827,4,0,0,0,67301,0,0,0,N,0,0,0,2,67301,1,,1,1,,N,N,,0,,0,0,0,3,2,,900,1,2,0,0,0,0,0,3,4,0,2,3,,N,,,,,,,,,,,
2007066418,1634.0,0,0,0,0,0,0,0,0,0,7,0,,67,5,2007,5,40.0873,-74.9717,1634.0,6,0,0,0,0,0,0,0,0,,0,0,0,16,1,1,0,,0,40 05:14.000,,0,74 58:18.041,4,0,0,0,67301,0,0,0,,0,0,0,2,67301,1,,5,1,,,,,0,,0,0,1,0,0,,1632,1,1,0,0,2,0,0,3,4,0,1,3,,N,,,,,,,,,,,
2007066525,1855.0,1,0,0,1,0,0,0,0,0,6,0,,67,5,2007,3,39.9632,-75.1419,1849.0,6,0,0,0,0,0,0,0,0,,0,0,0,99,1,1,1,,0,39 57:47.437,,0,75 08:30.893,4,0,0,0,67301,1,0,0,,0,0,0,3,67301,1,,1,1,,,,,0,,0,0,0,3,3,,9999,1,2,0,0,0,0,0,3,4,0,1,3,,N,,,,,,,,,,,
2007079935,1935.0,0,0,0,0,0,0,0,0,0,8,0,,67,6,2007,2,39.9828,-75.1875,1930.0,6,0,0,0,0,0,0,0,0,,0,0,0,19,1,1,0,,0,39 58:57.928,,0,75 11:15.018,4,0,0,0,67301,1,0,0,,1,0,0,2,67301,1,,1,1,,,,,0,,0,0,1,0,0,,1928,1,2,0,0,0,0,0,3,4,0,1,3,,N,,,,,,,,,,,
2007079973,431.0,1,0,0,0,0,0,0,0,0,4,0,,67,6,2007,1,39.9475,-75.1877,430.0,6,0,0,0,0,0,0,0,0,,0,0,0,2,3,0,1,,0,39 56:50.000,,2,75 11:15.670,9,0,0,0,67301,0,0,0,,0,0,0,3,67301,0,,1,1,,,,,0,,0,0,0,3,2,,230,0,2,0,0,0,0,1,3,4,0,2,3,,N,,,,,,,,,,,
2007080091,1350.0,2,0,0,0,0,0,0,0,0,1,0,,67,6,2007,2,39.9791,-75.1611,1341.0,6,0,0,0,0,0,1,0,0,,0,0,0,13,1,2,0,,0,39 58:44.590,,0,75 09:40.038,8,0,0,0,67301,0,0,0,N,0,0,0,4,67301,0,,1,1,,N,N,,0,,0,0,0,0,0,,1330,2,2,0,0,0,2,0,3,4,0,2,3,,N,,,,,,,,,,,
2007116269,1047.0,1,0,0,0,0,0,0,0,0,8,0,,67,10,2007,6,39.9651,-75.2054,1042.0,6,0,0,0,0,0,1,0,0,,0,0,0,10,1,1,2,,0,39 57:54.000,,0,75 12:19.512,4,0,0,0,67301,1,0,0,N,1,0,0,2,67301,1,,1,1,,N,N,,0,,0,0,0,3,2,,1040,1,2,0,0,1,0,0,3,4,0,1,3,,N,,,,,,,,,,,
2007080131,221.0,0,0,0,0,0,0,0,0,0,7,0,,67,5,2007,2,40.0025,-75.2236,218.0,6,0,0,0,0,0,0,0,0,,0,0,0,2,3,1,2,,0,40 00:10.000,,0,75 13:21.947,8,0,0,0,67301,0,0,0,Y,0,0,0,1,67301,0,,9,1,,N,N,,0,,0,0,1,3,2,,210,1,1,0,0,0,1,0,3,4,0,1,3,,N,,,,,,,,,,,
2007080138,1437.0,1,0,0,0,0,0,0,0,0,8,0,,67,6,2007,4,40.0547,-75.0048,1430.0,6,0,0,0,0,0,0,0,0,,0,0,0,14,1,1,1,,0,40 03:17.000,,0,75 00:17.300,3,0,0,0,67301,1,0,0,N,1,0,0,2,67301,0,,1,1,,N,N,,0,,1,0,0,3,2,,1425,1,2,0,0,0,0,0,3,4,0,1,3,,N,,,,,,,,,,,
2007123831,940.0,1,0,0,0,0,0,0,0,0,8,0,,67,10,2007,2,39.9602,-75.1669,935.0,6,0,0,0,0,0,0,0,0,,0,0,0,9,1,1,2,,0,39 57:36.752,,1,75 10:00.695,3,0,0,0,67301,1,0,0,,1,0,0,2,67301,0,,1,1,,N,N,,0,,1,0,0,3,3,,935,1,2,0,0,0,0,0,3,4,0,1,3,,N,,,,,,,,,,,
2007126643,1834.0,2,0,0,0,0,0,0,0,0,1,0,,67,10,2007,3,40.0445,-75.1931,1827.0,6,0,0,0,0,0,0,0,0,,0,0,0,18,6,1,1,,0,40 02:40.000,,0,75 11:35.236,4,0,0,0,67301,0,0,0,,0,0,0,6,67301,1,,1,1,,N,N,,0,,0,0,1,0,0,,1825,1,3,0,0,0,0,0,3,4,0,3,3,,N,,,,,,,,,,,
2007126661,1113.0,2,0,0,0,0,0,0,0,0,1,0,99.0,67,10,2007,2,39.9732,-75.1282,1112.0,6,0,0,0,0,0,0,1,1,,0,0,0,11,1,1,0,,0,39 58:23.692,,0,75 07:41.361,8,0,0,0,67301,0,0,0,N,0,0,0,2,67301,0,,5,1,,N,N,,0,,0,0,1,0,0,,1105,1,3,0,0,0,1,0,3,4,0,3,3,,Y,8.0,8.0,U,,,U,,,,,
2007065782,355.0,2,0,0,0,0,0,0,0,0,4,0,,67,5,2007,1,39.9705,-75.2256,349.0,6,0,0,1,0,0,0,0,0,,0,0,0,3,3,0,2,,0,39 58:13.000,,0,75 13:32.194,9,0,0,0,67301,0,0,0,N,0,0,0,2,67301,0,,1,1,,N,N,,0,,0,0,0,9,3,,330,0,2,0,0,0,0,1,3,4,0,2,3,,N,,,,,,,,,,,
2007065650,1218.0,3,0,0,0,0,0,0,0,0,5,1,,67,4,2007,1,40.0415,-75.1444,1208.0,6,0,0,0,0,0,0,0,0,2.0,0,1,0,12,1,1,0,,2,40 02:29.306,5.0,0,75 08:39.991,3,0,0,0,67301,1,0,0,N,0,0,0,2,67301,0,,6,1,,N,N,,0,,1,0,0,3,2,Y,1200,1,4,0,0,1,0,0,3,4,0,4,3,,N,,,,,,,,,,,
2007110535,1625.0,0,0,0,0,0,0,1,0,0,8,1,,67,9,2007,5,39.9544,-75.1714,1615.0,6,0,0,0,0,0,0,0,0,,0,0,0,16,1,1,1,,0,39 57:15.000,,0,75 10:16.861,8,0,0,0,67301,1,0,0,N,1,0,0,2,67301,0,,1,1,,N,N,,0,,0,0,0,0,0,,1607,1,2,0,0,0,1,1,3,4,0,1,3,,N,,,,,,,,,,,
2007108205,2150.0,2,0,0,0,0,0,0,0,0,4,0,,67,9,2007,3,39.9628,-75.1646,2147.0,6,0,0,0,0,0,0,0,0,,0,0,0,21,3,1,2,,0,39 57:46.000,,0,75 09:52.682,3,0,0,0,67301,0,0,0,N,0,0,0,2,67301,0,,1,1,,N,N,,0,,1,0,0,3,2,,2147,1,2,0,0,0,0,1,3,4,0,2,3,,N,,,,,,,,,,,
2007110849,2115.0,2,0,0,0,0,0,0,0,0,4,0,,67,9,2007,7,40.0384,-75.1207,2115.0,6,0,0,0,0,1,0,0,0,,0,0,0,18,4,1,1,,0,40 02:18.268,,0,75 07:14.663,4,0,0,0,67301,0,0,0,N,0,0,0,3,67301,1,,1,1,,N,N,,0,,0,0,0,3,3,,1850,1,2,0,0,0,0,0,3,4,0,2,3,,N,,,,,,,,,,,
2007113880,500.0,1,0,0,0,0,0,0,0,0,5,0,,67,9,2007,7,40.043,-75.1438,500.0,6,0,0,0,0,0,0,0,0,,0,0,0,5,3,0,0,,0,40 02:34.648,,0,75 08:37.570,0,0,0,0,67301,0,0,0,,0,0,0,1,67301,0,,6,1,,N,N,,2,,0,0,0,0,0,,500,0,3,0,0,0,0,0,3,4,0,3,3,,N,,,,,,,,,,,
2007105958,944.0,1,0,0,0,0,0,0,0,0,7,0,,67,8,2007,3,40.027,-75.1685,940.0,6,0,0,0,0,0,0,0,1,1.0,0,0,0,9,1,2,2,,1,40 01:37.102,4.0,0,75 10:06.542,4,0,0,0,67301,0,0,0,N,0,0,0,2,67301,2,,5,1,,N,N,,0,,0,0,0,0,0,Y,930,2,1,0,0,0,0,0,3,4,0,1,3,,N,,,,,,,,,,,
2007105979,2104.0,2,0,0,0,0,0,0,0,0,6,0,,67,8,2007,5,40.0013,-75.126,2052.0,6,0,0,1,0,0,0,0,0,,0,0,0,20,3,5,1,,0,40 00:04.528,,0,75 07:33.484,4,0,0,0,67301,0,0,0,N,0,0,0,5,67301,5,,1,1,,N,N,,0,,0,0,0,0,0,,2032,5,2,0,0,0,0,0,3,4,0,2,3,,N,,,,,,,,,,,
2007106467,843.0,2,0,0,0,0,0,0,0,0,4,0,,67,8,2007,5,40.0352,-75.1455,841.0,6,0,0,0,0,0,0,0,0,,0,0,0,8,1,2,1,,0,40 02:06.000,,0,75 08:43.671,4,0,0,0,67301,0,0,0,N,0,0,0,2,67301,2,,1,1,,N,N,,0,,0,0,0,3,2,,837,2,2,0,0,0,0,0,3,4,0,2,3,,N,,,,,,,,,,,
2007098713,510.0,1,0,0,0,0,0,0,0,0,7,0,,67,8,2007,7,40.0405,-75.0307,505.0,6,0,0,0,0,0,0,0,0,,0,0,0,5,3,0,0,,0,40 02:25.633,,0,75 01:50.350,0,0,0,0,67301,0,0,0,,0,0,0,1,67301,0,,2,1,,N,,,0,,0,0,0,0,0,,505,0,1,0,0,1,0,0,3,4,0,1,3,,N,,,,,,,,,,,
2007098792,39.0,0,0,0,0,0,0,0,0,0,7,0,,67,7,2007,7,40.1288,-75.0137,35.0,6,0,0,0,0,0,0,0,0,,0,0,0,0,3,0,1,,0,40 07:43.000,,0,75 00:49.406,9,0,0,0,67301,0,0,0,N,0,0,0,1,67301,0,,5,9,,N,N,,1,,0,0,0,3,2,,30,0,1,0,0,0,0,1,3,4,0,1,7,,N,,,,,,,,,,,
2007081607,812.0,2,0,0,0,0,0,0,0,0,4,0,,67,5,2007,5,40.0334,-75.031,810.0,6,0,0,0,0,0,1,0,0,,0,0,0,7,1,1,1,,0,40 02:00.348,,0,75 01:51.581,8,0,0,0,67301,0,0,0,N,0,0,0,2,67301,0,,1,1,,N,N,,0,,0,0,0,3,3,,720,1,2,0,0,0,1,0,3,4,0,2,3,,N,,,,,,,,,,,
2007081611,1355.0,0,0,0,0,0,0,0,0,0,0,0,,67,5,2007,5,40.0527,-75.2362,1349.0,6,0,0,0,0,0,1,0,0,,0,0,0,13,1,1,1,,0,40 03:08.000,,0,75 14:10.540,4,0,0,0,67301,0,0,0,N,0,0,0,1,67301,1,,1,1,,N,N,,0,,0,0,0,0,0,,1345,1,1,0,0,0,0,0,3,4,0,1,3,,N,,,,,,,,,,,
2007120280,247.0,1,0,0,0,0,0,0,0,0,7,0,,67,10,2007,7,40.0824,-74.9667,245.0,6,0,0,0,0,0,1,0,0,1.0,0,0,0,2,3,1,0,,2,40 04:56.000,4.0,0,74 58:00.003,8,0,0,0,67301,0,0,0,N,0,0,0,3,67301,0,,3,1,,N,N,,1,,0,0,1,0,0,N,240,1,3,0,0,0,1,0,3,4,0,3,3,,N,,,,,,,,,,,
2007081486,1700.0,1,0,0,0,0,0,0,0,0,8,0,,67,7,2007,5,39.9693,-75.1432,1655.0,6,0,0,0,0,0,0,0,0,,0,0,0,16,1,1,1,,0,39 58:09.631,,0,75 08:35.678,4,0,0,0,67301,1,0,0,N,1,0,0,2,67301,1,,1,9,,N,N,,0,,0,0,0,3,3,,1650,1,2,0,0,0,0,0,3,4,0,1,98,,N,,,,,,,,,,,
2007081711,2239.0,2,0,0,0,0,0,0,0,0,3,0,,67,6,2007,7,39.9239,-75.1901,2230.0,6,0,0,0,0,0,1,0,0,,0,0,0,22,3,1,0,,0,39 55:25.932,,0,75 11:24.349,8,0,0,0,67301,0,0,0,,0,0,0,4,67301,0,,1,1,,,,,0,,0,0,0,0,0,,2225,1,2,0,0,0,1,0,3,4,0,2,3,,N,,,,,,,,,,,
2007081547,1911.0,0,0,0,0,0,0,0,0,0,7,0,,67,5,2007,5,40.0296,-75.2034,1910.0,6,0,0,0,0,0,0,0,0,,0,0,0,19,1,1,2,,0,40 01:46.337,,0,75 12:12.519,4,0,0,0,67301,0,0,0,N,0,0,0,1,67301,1,,2,1,,N,N,,0,,0,0,1,3,2,,1905,1,1,0,0,0,0,0,3,4,0,1,3,,N,,,,,,,,,,,
2007081776,328.0,1,0,0,0,0,0,0,0,0,1,0,,67,6,2007,7,40.0674,-75.051,321.0,6,0,0,0,0,0,0,0,0,,0,0,0,3,3,1,0,,0,40 04:02.000,,0,75 03:03.669,4,0,0,0,67301,0,0,0,N,0,0,0,1,67301,1,,2,9,,N,N,,1,,0,0,1,0,0,,320,1,3,0,0,0,0,0,3,4,0,3,98,,N,,,,,,,,,,,
2007116164,1617.0,2,0,0,0,0,0,0,0,0,4,0,,67,10,2007,2,40.112,-74.9905,1610.0,6,0,0,0,0,0,0,0,0,,0,0,0,99,1,0,2,,0,40 06:43.000,,7,74 59:25.779,0,0,0,0,67301,0,0,0,,0,0,0,2,67301,0,,1,1,,N,N,,0,,0,0,0,0,0,,9999,0,2,0,0,0,0,0,3,4,0,2,3,,N,,,,,,,,,,,
2007126516,52.0,2,0,0,0,0,0,0,0,0,4,0,,67,10,2007,6,40.0219,-75.1393,52.0,6,0,0,0,0,0,0,0,0,,0,0,0,0,3,1,1,,0,40 01:18.000,,0,75 08:22.667,8,0,0,0,67301,0,0,0,,0,0,0,3,67301,0,,1,1,,,,,0,,0,0,0,3,2,,51,1,2,0,0,0,1,0,3,4,0,2,3,,N,,,,,,,,,,,
2007126533,1218.0,1,0,0,0,0,0,0,0,0,0,2,,67,10,2007,2,39.8978,-75.2117,1213.0,6,0,0,0,0,0,0,0,0,1.0,0,1,0,12,1,0,0,,2,39 53:52.161,3.0,0,75 12:41.796,0,0,0,0,67301,0,0,0,N,0,0,0,5,67301,0,,1,1,,N,N,,1,,0,0,0,0,0,N,1211,0,3,0,0,0,0,0,3,4,0,3,3,,N,,,,,,,,,,,
2007110366,2140.0,2,0,0,0,0,0,0,0,0,1,0,,67,9,2007,6,39.8998,-75.1615,2135.0,6,0,0,0,0,0,1,0,0,1.0,0,0,0,21,3,2,0,,2,39 54:03.000,1.0,0,75 09:11.809,3,0,0,0,67301,0,0,0,N,0,0,0,3,67301,0,,1,1,,N,N,,0,,2,0,0,0,0,N,2129,2,2,0,0,0,0,0,3,4,0,2,3,,N,,,,,,,,,,,
2007107988,1003.0,1,0,0,0,0,0,0,0,0,4,0,,67,9,2007,2,39.9997,-75.099,1002.0,6,0,0,0,0,0,0,0,0,,0,0,0,10,1,1,1,,0,39 59:58.000,,0,75 05:56.359,4,0,0,0,67301,0,0,0,N,0,0,0,3,67301,1,,1,1,,N,N,,0,,0,0,1,3,2,,1002,1,2,0,0,0,0,0,3,4,0,2,3,,N,,,,,,,,,,,
2007105915,9999.0,0,0,0,0,0,0,0,0,0,8,0,,67,7,2007,1,39.9698,-75.1248,335.0,6,0,0,0,0,0,0,0,0,,0,0,0,3,3,1,5,,0,39 58:09.000,,0,75 07:33.292,8,0,0,0,67301,1,0,0,,1,0,0,2,67301,0,,1,1,,,,,0,,0,0,0,0,0,,335,1,2,0,0,0,1,1,3,4,0,1,3,,N,,,,,,,,,,,
2007097865,1810.0,2,0,0,0,0,0,0,0,0,5,0,,67,7,2007,1,40.0341,-75.1059,1806.0,6,0,0,0,0,0,0,1,0,,0,0,0,17,1,1,1,,0,40 02:02.803,,0,75 06:21.333,4,0,0,0,67301,0,0,0,N,0,0,0,3,67301,1,,1,1,,N,N,,0,,0,0,0,0,0,,1753,1,2,0,0,0,0,0,3,4,0,2,3,,N,,,,,,,,,,,
2007097893,1725.0,1,0,0,0,0,0,0,0,0,8,0,,67,7,2007,4,40.0257,-75.1397,1719.0,6,0,0,0,0,0,1,0,0,,0,0,0,15,1,1,0,,0,40 01:32.592,,0,75 08:23.010,4,0,0,0,67301,1,0,0,N,1,0,0,2,67301,1,,1,1,,N,N,,0,,0,0,0,0,0,,1500,1,2,0,0,0,0,0,3,4,0,1,3,,N,,,,,,,,,,,
2007098542,2320.0,1,0,0,0,0,0,0,0,0,8,0,,67,7,2007,1,39.904,-75.2401,2315.0,6,0,0,0,0,0,0,0,1,,0,0,0,23,3,1,5,,0,39 54:14.000,,0,75 14:25.050,8,0,0,0,67301,1,0,0,N,1,0,0,2,67301,0,,1,1,,N,N,,0,,0,0,0,3,2,,2310,1,2,0,0,0,1,0,3,4,0,1,3,,N,,,,,,,,,,,
2007095531,945.0,2,0,0,0,0,0,0,0,0,1,0,,67,8,2007,3,39.9755,-75.2296,930.0,6,0,0,0,0,0,0,0,0,,0,0,0,9,1,1,1,,0,39 58:31.872,,0,75 13:46.466,8,0,0,0,67301,0,0,0,N,0,0,0,3,67301,0,,1,1,,N,N,,0,,0,0,0,0,0,,900,1,2,0,0,0,1,1,3,4,0,2,3,,N,,,,,,,,,,,
2007093150,1754.0,2,0,0,0,0,0,0,0,0,1,0,,67,7,2007,3,40.0964,-74.971,1749.0,6,0,0,0,1,0,1,0,0,,0,0,0,17,1,2,2,,0,40 05:47.000,,0,74 58:15.582,4,0,0,0,67301,0,0,0,N,0,0,0,4,67301,2,,1,1,,N,Y,,0,,0,0,0,3,2,,1745,2,2,0,0,0,0,0,3,4,0,2,3,,N,,,,,,,,,,,
2007095776,1443.0,2,0,0,0,0,0,0,0,0,4,0,,67,8,2007,1,40.0024,-75.1721,1440.0,6,0,0,0,0,0,0,0,0,,0,0,0,14,1,2,1,,0,40 00:08.715,,0,75 10:19.491,8,0,0,0,67301,0,0,0,,0,0,0,3,67301,0,,1,1,,,,,0,,0,0,0,9,3,,1430,2,2,0,0,0,2,0,3,4,0,2,3,,N,,,,,,,,,,,
2007098283,2303.0,2,0,0,0,0,0,0,0,0,4,0,,67,7,2007,3,40.0428,-75.0632,2301.0,6,0,0,0,1,1,0,0,0,1.0,0,0,0,23,3,1,1,,1,40 02:34.000,2.0,0,75 03:47.604,4,0,0,0,67301,0,0,0,N,0,0,0,2,67301,1,,1,1,,N,Y,,0,,0,0,0,3,2,N,2300,1,2,0,0,0,0,0,3,4,0,2,3,,N,,,,,,,,,,,
2007080838,2235.0,2,0,0,0,0,0,0,0,0,1,0,99.0,67,6,2007,5,,,2211.0,6,0,0,0,0,0,0,0,0,1.0,0,0,0,99,3,0,0,,1,,3.0,0,,0,0,0,0,67301,0,0,0,N,0,0,0,8,67301,0,,1,1,,N,N,,1,,0,0,0,0,0,N,9999,0,3,0,0,0,0,0,3,3,0,3,3,,Y,3.0,2.0,Y,Y,,U,Y,,,Y,
2007080843,300.0,1,0,0,0,0,0,0,0,0,0,0,,67,6,2007,6,,,256.0,6,0,0,0,0,0,0,0,0,,0,0,0,2,3,1,0,,0,,,0,,4,0,0,0,67301,0,0,0,Y,0,0,0,1,67301,1,,4,9,,N,N,,0,,0,0,0,0,0,,252,1,1,0,0,0,0,0,3,3,0,1,7,,N,,,,,,,,,,,
2007081026,835.0,1,0,0,0,0,0,0,0,0,1,0,,67,6,2007,3,,,829.0,6,0,0,0,0,0,0,0,0,1.0,0,0,0,8,1,1,0,,2,,2.0,0,,4,0,0,0,67301,0,0,0,N,0,0,0,4,67301,1,,1,1,,N,N,,0,,0,0,2,0,0,N,825,1,3,0,0,0,0,0,3,3,0,3,3,,N,,,,,,,,,,,
2007120118,805.0,1,0,0,0,0,0,0,0,0,1,0,,67,10,2007,1,40.0338,-75.0772,756.0,6,0,0,0,0,0,1,0,0,,0,0,0,7,1,2,1,,0,40 02:01.000,,0,75 04:38.215,4,0,0,0,67301,0,0,0,N,0,0,0,4,67301,2,,1,1,,N,N,,0,,0,0,0,0,0,,750,2,2,0,0,0,0,0,3,4,1,2,3,,N,,,,,,,,,,,
2007066439,1825.0,1,0,0,0,0,0,0,0,0,4,0,,67,5,2007,4,40.0041,-75.2144,1817.0,6,0,0,0,0,0,0,0,0,,0,0,0,18,4,0,2,,0,40 00:14.700,,0,75 12:51.800,0,0,0,0,67301,0,0,0,N,0,0,0,2,67301,0,,1,9,,N,N,,1,,0,0,0,3,2,,1800,0,2,0,0,0,0,0,3,4,0,2,7,,N,,,,,,,,,,,
2007066466,1148.0,1,0,0,0,0,0,0,0,0,8,0,,67,4,2007,6,40.0395,-75.1544,1145.0,6,0,0,0,0,0,0,1,0,,0,0,0,11,1,1,1,,0,40 02:22.000,,0,75 09:15.909,8,0,0,0,67301,1,0,0,N,1,0,0,2,67301,0,,1,9,,N,Y,,0,,0,0,0,3,2,,1124,1,2,0,0,0,1,0,3,4,0,1,7,,N,,,,,,,,,,,
2007066492,1600.0,1,0,0,1,0,0,0,0,0,4,0,,67,4,2007,7,39.9493,-75.1642,1550.0,6,0,0,0,1,0,0,0,0,,0,0,0,14,1,1,2,,0,39 56:57.000,,0,75 09:51.030,3,0,0,0,67301,1,0,0,,0,0,0,5,67301,0,,1,1,,,,,0,,1,0,0,3,2,,1445,1,2,0,0,0,0,0,3,4,0,1,3,,N,,,,,,,,,,,
2007066523,1609.0,1,0,0,1,0,0,0,0,0,5,0,,67,5,2007,7,39.9503,-75.1917,1554.0,6,0,0,0,0,0,1,0,0,,0,0,0,15,1,1,1,,0,39 57:01.208,,0,75 11:30.109,4,0,0,0,67301,1,0,0,N,0,0,0,2,67301,1,,1,1,,N,N,,0,,0,0,0,0,0,,1552,1,2,0,0,0,0,0,3,4,0,1,3,,N,,,,,,,,,,,
2007066552,1149.0,2,0,0,0,0,0,0,0,0,4,0,,67,5,2007,5,40.0207,-75.1263,1146.0,6,0,0,0,0,1,1,0,0,,0,0,0,11,1,2,1,,0,40 01:14.671,,0,75 07:34.831,8,0,0,0,67301,0,0,0,N,0,0,0,4,67301,0,,1,1,,N,N,,0,,0,0,0,0,0,,1140,2,2,0,0,0,2,1,3,4,0,2,3,,N,,,,,,,,,,,
2007080271,1420.0,0,0,0,0,0,0,0,0,0,1,0,,67,6,2007,6,39.9449,-75.1598,1420.0,6,0,0,0,0,0,1,0,0,,0,0,0,13,1,1,1,,0,39 56:41.643,,0,75 09:35.305,4,0,0,0,67301,0,0,0,N,0,0,0,3,67301,1,,1,1,,N,N,,0,,0,0,2,9,2,,1300,1,2,0,0,0,0,1,3,4,0,2,3,,N,,,,,,,,,,,
2007080003,1910.0,0,0,0,0,0,0,0,0,0,8,0,,67,6,2007,5,39.9201,-75.2409,1900.0,6,0,0,0,0,0,0,0,0,,0,0,0,99,1,1,0,,0,39 55:12.350,,0,75 14:27.302,4,0,0,0,67301,1,0,0,N,1,0,0,2,67301,1,,1,1,,N,N,,0,,0,0,0,0,0,,9999,1,2,0,0,0,0,0,3,4,1,1,3,,N,,,,,,,,,,,
2007080103,935.0,1,0,0,1,0,0,0,0,0,4,0,,67,6,2007,2,39.951,-75.2058,938.0,6,0,0,0,0,0,0,1,0,,0,0,0,9,1,0,1,,0,39 57:03.578,,0,75 12:20.869,0,0,0,0,67301,1,0,0,N,0,0,0,2,67504,0,,1,9,,N,N,,0,,0,0,0,3,3,,935,0,2,0,0,0,0,0,3,4,0,1,3,,N,,,,,,,,,,,