CRN,ARRIVAL_TM,AUTOMOBILE_COUNT,BELTED_DEATH_COUNT,BELTED_SUSP_SERIOUS_INJ_COUNT,BICYCLE_COUNT,BICYCLE_DEATH_COUNT,BICYCLE_SUSP_SERIOUS_INJ_COUNT,BUS_COUNT,CHLDPAS_DEATH_COUNT,CHLDPAS_SUSP_SERIOUS_INJ_COUNT,COLLISION_TYPE,COMM_VEH_COUNT,CONS_ZONE_SPD_LIM,COUNTY,CRASH_MONTH,CRASH_YEAR,DAY_OF_WEEK,DEC_LAT,DEC_LONG,DISPATCH_TM,DISTRICT,DRIVER_COUNT_16YR,DRIVER_COUNT_17YR,DRIVER_COUNT_18YR,DRIVER_COUNT_19YR,DRIVER_COUNT_20YR,DRIVER_COUNT_50_64YR,DRIVER_COUNT_65_74YR,DRIVER_COUNT_75PLUS,EST_HRS_CLOSED,FATAL_COUNT,HEAVY_TRUCK_COUNT,HORSE_BUGGY_COUNT,HOUR_OF_DAY,ILLUMINATION,INJURY_COUNT,INTERSECT_TYPE,INTERSECTION_RELATED,LANE_CLOSED,LATITUDE,LN_CLOSE_DIR,LOCATION_TYPE,LONGITUDE,MAX_SEVERITY_LEVEL,MCYCLE_DEATH_COUNT,MCYCLE_SUSP_SERIOUS_INJ_COUNT,MOTORCYCLE_COUNT,MUNICIPALITY,NONMOTR_COUNT,NONMOTR_DEATH_COUNT,NONMOTR_SUSP_SERIOUS_INJ_COUNT,NTFY_HIWY_MAINT,PED_COUNT,PED_DEATH_COUNT,PED_SUSP_SERIOUS_INJ_COUNT,PERSON_COUNT,POLICE_AGCY,POSSIBLE_INJ_COUNT,RDWY_SURF_TYPE_CD,RELATION_TO_ROAD,ROAD_CONDITION,ROADWAY_CLEARED,SCH_BUS_IND,SCH_ZONE_IND,SECONDARY_CRASH,SMALL_TRUCK_COUNT,SPEC_JURIS_CD,SUSP_MINOR_INJ_COUNT,SUSP_SERIOUS_INJ_COUNT,SUV_COUNT,TCD_FUNC_CD,TCD_TYPE,TFC_DETOUR_IND,TIME_OF_DAY,TOT_INJ_COUNT,TOTAL_UNITS,UNB_DEATH_COUNT,UNB_SUSP_SERIOUS_INJ_COUNT,UNBELTED_OCC_COUNT,UNK_INJ_DEG_COUNT,UNK_INJ_PER_COUNT,URBAN_AREA,URBAN_RURAL,VAN_COUNT,VEHICLE_COUNT,WEATHER1,WEATHER2,WORK_ZONE_IND,WORK_ZONE_LOC,WORK_ZONE_TYPE,WORKERS_PRES,WZ_CLOSE_DETOUR,WZ_FLAGGER,WZ_LAW_OFFCR_IND,WZ_LN_CLOSURE,WZ_MOVING,WZ_OTHER,WZ_SHLDER_MDN,WZ_WORKERS_INJ_KILLED
2007080167,1100.0,4,0,0,0,0,0,0,0,0,6,0,,67,6,2007,2,40.046,-75.1321,1047.0,6,0,0,0,0,0,0,0,0,,0,0,0,10,1,1,1,,0,40 02:45.000,,0,75 07:55.623,4,0,0,0,67301,0,0,0,N,0,0,0,3,67301,1,,1,1,,N,N,,0,,0,0,0,0,0,,1040,1,4,0,0,0,0,0,3,4,0,4,3,,N,,,,,,,,,,,
2007124150,9999.0,0,0,0,0,0,0,0,0,0,7,0,,67,10,2007,7,,,9999.0,6,0,0,0,0,0,1,0,0,,0,0,0,22,2,1,0,,0,,,0,,8,0,0,0,67301,0,0,0,N,0,0,0,1,67301,0,,4,1,,N,N,,1,,0,0,0,0,0,,2230,1,1,0,0,0,1,0,3,3,0,1,3,,N,,,,,,,,,,,
2007028827,2332.0,1,0,0,0,0,0,0,0,0,7,0,,67,1,2007,1,40.0093,-75.0661,2329.0,6,0,0,0,0,0,0,0,0,1.0,0,0,0,23,3,0,0,,2,40 00:33.558,1.0,0,75 03:57.910,0,0,0,0,67301,0,0,0,N,0,0,0,2,67301,0,,2,9,,N,N,,0,,0,0,0,0,0,N,2328,0,1,0,0,2,0,0,3,4,0,1,7,,N,,,,,,,,,,,
2007116237,900.0,2,0,0,0,0,0,0,0,0,4,0,,67,10,2007,4,39.9585,-75.2252,900.0,6,0,0,0,0,0,0,0,0,,0,0,0,0,3,2,2,,0,39 57:30.000,,0,75 13:30.586,4,0,0,0,67301,0,0,0,,0,0,0,3,67301,2,,1,98,,,,,0,,0,0,0,9,2,,45,2,2,0,0,0,0,0,3,4,0,2,99,,N,,,,,,,,,,,
2007110507,1432.0,1,0,0,0,0,0,0,0,0,1,0,,67,9,2007,4,39.9948,-75.1593,1428.0,6,0,0,0,1,0,1,0,0,,0,0,0,14,1,2,5,,0,39 59:41.316,,0,75 09:33.476,8,0,0,0,67301,0,0,0,N,0,0,0,4,67301,0,,1,1,,N,N,,1,,0,0,0,3,2,,1426,2,2,0,0,0,2,1,3,4,0,2,3,,N,,,,,,,,,,,
2007110545,135.0,2,0,0,0,0,0,0,0,0,5,0,,67,9,2007,7,40.1144,-74.987,135.0,6,0,0,0,0,0,1,0,0,,0,0,0,1,3,0,0,,0,40 06:51.000,,0,74 59:13.287,0,0,0,0,67301,0,0,0,N,0,0,0,3,67301,0,,1,1,,N,N,,0,,0,0,0,0,0,,135,0,2,0,0,2,0,0,3,4,0,2,3,,N,,,,,,,,,,,
2007110864,1203.0,0,0,0,0,0,0,1,0,0,1,1,,67,9,2007,5,40.022,-75.1336,1200.0,6,0,0,0,0,0,1,0,0,,0,0,0,11,1,1,0,,0,40 01:19.131,,0,75 08:01.122,4,0,0,0,67301,0,0,0,N,0,0,0,3,67301,1,,1,1,,N,N,,1,,0,0,0,0,0,,1150,1,2,0,0,0,0,0,3,4,0,2,3,,N,,,,,,,,,,,
2007106475,350.0,2,0,0,0,0,0,0,0,0,5,0,,67,8,2007,1,40.0233,-75.1343,345.0,6,0,0,0,0,0,0,0,0,,0,0,0,3,3,0,0,,0,40 01:24.039,,0,75 08:03.658,0,0,0,0,67301,0,0,0,N,0,0,0,1,67301,0,,6,1,,N,N,,0,,0,0,0,0,0,,345,0,3,0,0,0,0,0,3,4,1,3,3,,N,,,,,,,,,,,
2007106488,1123.0,0,0,0,0,0,0,0,0,0,8,0,,67,6,2007,2,39.9377,-75.2257,1118.0,6,0,0,0,0,0,0,0,0,,0,0,0,17,1,1,1,,0,39 56:15.867,,0,75 13:32.487,4,0,0,0,67301,1,0,0,N,1,0,0,2,67301,1,,2,1,,N,N,,0,,0,0,0,3,2,,1700,1,2,0,0,0,0,0,3,4,0,1,3,,N,,,,,,,,,,,
2007106525,1937.0,1,0,0,0,0,0,0,0,0,8,0,,67,9,2007,2,40.0296,-75.0824,1934.0,6,0,0,0,0,0,0,0,0,,0,0,0,99,3,1,0,,0,40 01:46.693,,0,75 04:56.467,4,0,0,0,67301,1,0,0,N,1,0,0,2,67301,1,,1,1,,N,N,,0,,0,0,0,0,0,,9999,1,2,0,0,0,0,0,3,4,0,1,3,,N,,,,,,,,,,,
2007106529,2034.0,1,0,0,0,0,0,0,0,0,6,0,,67,8,2007,2,40.0167,-75.0836,2020.0,6,0,0,0,0,0,0,0,0,,0,0,0,20,3,2,2,,0,40 01:00.000,,0,75 05:01.122,4,0,0,0,67301,0,0,0,N,0,0,0,4,67301,2,,1,1,,N,N,,0,,0,0,0,0,0,,2020,2,2,0,0,0,0,0,3,4,1,2,3,,N,,,,,,,,,,,
2007098740,32.0,1,0,0,0,0,0,0,0,0,7,0,,67,7,2007,1,40.0196,-75.1473,21.0,6,0,0,0,0,0,0,0,0,1.0,0,0,0,0,3,2,0,,2,40 01:10.000,2.0,0,75 08:49.691,4,0,0,0,67301,0,0,0,N,0,0,0,2,67301,2,,2,1,,N,N,,0,,0,0,0,0,0,N,21,2,1,0,0,0,0,0,3,4,0,1,3,,N,,,,,,,,,,,
2007096147,742.0,1,0,0,0,0,0,0,0,0,7,0,,67,8,2007,4,39.994,-75.199,737.0,6,0,0,0,0,0,1,0,0,1.0,0,0,0,7,1,0,0,,1,39 59:41.000,4.0,0,75 11:52.917,0,0,0,0,67301,0,0,0,N,0,0,0,1,68K01,0,,2,1,,N,N,,0,,0,0,0,0,0,N,732,0,1,0,0,0,0,0,3,4,0,1,3,,N,,,,,,,,,,,
2007096186,1845.0,1,0,0,0,0,0,0,0,0,8,0,,67,8,2007,2,39.9485,-75.1574,1835.0,6,0,0,0,0,0,0,0,1,,0,0,0,18,4,1,1,,0,39 56:54.579,,0,75 09:26.606,4,0,0,0,67301,1,0,0,N,1,0,0,2,67301,1,,1,9,,N,N,,0,,0,0,0,3,2,,1830,1,2,0,0,0,0,0,3,4,0,1,7,,N,,,,,,,,,,,
2007120278,1740.0,1,0,0,0,0,0,0,0,0,5,0,,67,10,2007,2,39.9973,-75.1523,1730.0,6,0,0,0,0,0,0,0,0,,0,0,0,11,1,1,0,,0,39 59:50.287,,0,75 09:08.194,4,0,0,0,67301,1,0,0,N,1,0,0,2,67301,1,,1,1,,N,N,,0,,0,0,0,0,0,,1130,1,2,0,0,0,0,1,3,4,0,1,3,,N,,,,,,,,,,,
2007081495,2035.0,1,0,0,2,0,0,0,0,0,4,0,,67,5,2007,6,39.9363,-75.1737,2030.0,6,0,0,0,0,0,0,0,0,,0,0,0,20,4,2,2,,0,39 56:10.582,,0,75 10:25.240,3,0,0,0,67301,2,0,0,N,0,0,0,3,67301,0,,1,1,,N,N,,0,,2,0,0,3,3,,2028,2,3,0,0,0,0,1,3,4,0,1,3,,N,,,,,,,,,,,
2007081722,1015.0,2,0,0,0,0,0,0,0,0,4,0,,67,5,2007,3,39.9704,-75.2047,1010.0,6,0,0,0,0,0,0,1,0,3.0,0,0,0,10,1,0,2,,2,39 58:13.476,6.0,0,75 12:17.031,0,0,0,0,67301,0,0,0,N,0,0,0,2,67301,0,,1,1,,N,N,,0,,0,0,0,3,3,Y,1010,0,2,0,0,0,0,0,3,4,0,2,3,,N,,,,,,,,,,,
2007081736,925.0,1,0,0,0,0,0,0,0,0,8,0,,67,6,2007,1,40.03,-75.1032,921.0,6,0,0,0,0,0,0,0,0,,0,0,0,16,1,1,1,,0,40 01:48.000,,0,75 06:11.547,3,0,0,0,67301,1,0,0,,1,0,0,2,67301,0,,1,9,,N,N,,0,,1,0,0,9,2,,1630,1,2,0,0,0,0,1,3,4,0,1,7,,N,,,,,,,,,,,
2007081738,1042.0,0,0,0,0,0,0,0,0,0,8,0,,67,6,2007,5,39.9629,-75.1646,1042.0,6,0,0,0,0,0,1,0,0,,0,0,0,10,1,1,1,,0,39 57:46.000,,0,75 09:52.578,3,0,0,0,67301,1,0,0,N,1,0,0,4,67301,0,,1,1,,N,Y,,1,,1,0,0,3,2,,1030,1,2,0,0,1,0,0,3,4,0,1,3,,N,,,,,,,,,,,
2007081752,752.0,1,0,0,0,0,0,0,0,0,8,0,,67,6,2007,5,40.0444,-75.0344,748.0,6,1,0,0,0,0,0,0,0,,0,0,0,7,1,1,2,,0,40 02:39.800,,0,75 02:03.911,4,0,0,0,67301,1,0,0,,1,0,0,2,67301,1,,1,1,,,,,0,,0,0,0,0,0,,747,1,2,0,0,0,0,0,3,4,0,1,3,,N,,,,,,,,,,,
2007118026,1400.0,3,0,0,0,0,0,0,0,0,5,0,,67,9,2007,7,40.078,-75.0237,1355.0,6,0,0,0,0,0,2,0,0,3.0,0,0,0,13,1,0,0,,2,40 04:40.000,3.0,0,75 01:25.223,0,0,0,0,67301,0,0,0,,0,0,0,6,67301,0,,1,1,,N,N,,0,,0,0,2,3,2,Y,1355,0,5,0,0,0,0,0,3,4,0,5,3,,N,,,,,,,,,,,
2007126419,850.0,3,0,0,0,0,0,0,0,0,1,0,,67,10,2007,4,40.0223,-75.162,845.0,6,0,0,0,0,1,1,0,0,,0,0,0,8,1,1,1,,0,40 01:20.000,,0,75 09:43.291,8,0,0,0,67301,0,0,0,,0,0,0,4,67301,0,,1,9,,,,,0,,0,0,0,3,2,,840,1,4,0,0,0,1,1,3,4,0,4,7,,N,,,,,,,,,,,
2007107538,2205.0,1,0,0,0,0,0,0,0,0,7,0,,67,9,2007,7,40.0184,-75.1251,2200.0,6,0,0,0,0,1,0,0,0,,0,0,0,22,3,1,0,,0,40 01:06.369,,0,75 07:30.388,2,0,0,0,67301,0,0,0,,0,0,0,1,67301,0,,5,1,,,,,0,,0,1,0,0,0,,2200,1,1,0,1,1,0,0,3,4,0,1,3,,N,,,,,,,,,,,
2007107824,1025.0,2,0,0,0,0,0,0,0,0,1,0,,67,9,2007,3,39.8874,-75.2162,1021.0,6,0,0,0,0,0,0,0,0,,0,0,0,10,1,1,0,,0,39 53:13.000,,0,75 12:55.539,4,0,0,0,67301,0,0,0,N,0,0,0,5,67301,1,,1,9,,N,N,,0,,0,0,0,0,0,,1015,1,2,0,0,0,0,0,3,4,0,2,3,,N,,,,,,,,,,,
2007107825,658.0,1,0,0,0,0,0,0,0,0,8,0,,67,9,2007,6,40.009,-75.1491,655.0,6,0,0,0,0,1,0,0,0,,0,0,0,6,5,1,1,,0,40 00:32.000,,0,75 08:56.628,4,0,0,0,67301,1,0,0,N,1,0,0,2,67301,1,,1,1,,N,N,,0,,0,0,0,0,0,,655,1,2,0,0,0,0,0,3,4,0,1,3,,N,,,,,,,,,,,
2007107954,112.0,3,0,0,0,0,0,0,0,0,5,0,,67,9,2007,7,39.9183,-75.2089,108.0,6,0,0,0,1,0,0,0,0,,0,0,0,1,3,2,5,,0,39 55:05.910,,0,75 12:31.905,3,0,0,0,67301,0,0,0,N,0,0,0,4,67301,1,,1,1,,N,N,,0,,1,0,0,3,2,,105,2,3,0,0,0,0,1,3,4,0,3,3,,N,,,,,,,,,,,
2007097850,1742.0,0,0,0,0,0,0,0,0,0,4,0,,67,7,2007,5,40.0427,-75.0114,1740.0,6,0,0,1,0,0,1,0,0,1.0,0,0,0,17,1,2,1,,2,40 02:33.000,2.0,0,75 00:40.952,4,0,0,1,67301,0,0,0,N,0,0,0,4,67301,1,,1,1,,N,N,,0,,0,0,1,0,0,Y,1738,2,2,0,0,0,1,0,3,4,0,2,3,,N,,,,,,,,,,,
2007095689,43.0,2,0,0,0,0,0,0,0,0,4,0,,67,7,2007,1,39.9274,-75.145,40.0,6,0,0,1,0,0,0,0,0,,0,0,0,0,3,1,1,,0,39 55:38.000,,0,75 08:41.992,8,0,0,0,67301,0,0,0,N,0,0,0,2,67301,0,,1,1,,N,N,,0,,0,0,0,3,2,,30,1,2,0,0,0,1,0,3,4,0,2,3,,N,,,,,,,,,,,
2007093235,1600.0,2,0,0,0,0,0,0,0,0,1,0,,67,7,2007,4,40.0467,-75.1668,1600.0,6,0,0,0,0,1,0,1,0,,0,0,0,15,1,2,0,,0,40 02:48.000,,0,75 10:00.441,4,0,0,0,67301,0,0,0,N,0,0,0,3,67301,1,,1,9,,N,N,,0,,0,0,0,0,0,,1500,2,2,0,0,0,1,0,3,4,0,2,7,,N,,,,,,,,,,,
2007022323,238.0,3,0,0,0,0,0,0,0,0,4,1,,67,1,2007,6,40.0387,-75.0442,236.0,6,0,0,0,0,0,1,0,0,1.0,0,1,0,2,3,0,2,,1,40 02:19.000,2.0,0,75 02:39.098,0,0,0,0,67301,0,0,0,N,0,0,0,2,67301,0,,1,1,,N,N,,0,,0,0,0,0,0,Y,236,0,4,0,0,0,0,0,3,4,0,4,3,,N,,,,,,,,,,,
2007030076,827.0,2,0,0,0,0,0,0,0,0,4,1,,67,1,2007,4,40.0187,-75.1154,820.0,6,0,0,0,0,0,1,0,0,,0,1,0,8,1,2,0,,0,40 01:07.000,,7,75 06:55.547,4,0,0,0,67301,0,0,0,N,0,0,0,5,67301,2,,1,1,,N,N,,0,,0,0,0,0,0,,818,2,3,0,0,1,0,0,3,4,0,3,3,,N,,,,,,,,,,,
2007048962,1220.0,1,0,0,0,0,0,0,0,0,8,0,,67,2,2007,3,40.0205,-75.1924,1220.0,6,0,0,0,0,0,0,1,0,,0,0,0,12,1,1,1,,0,40 01:13.000,,0,75 11:32.576,8,0,0,0,67301,1,0,0,N,1,0,0,2,67301,0,,1,7,,N,Y,,0,,0,0,0,3,2,,1220,1,2,0,0,0,1,0,3,4,0,1,10,,N,,,,,,,,,,,
2007080858,1342.0,1,0,0,0,0,0,0,0,0,5,1,,67,6,2007,3,39.9379,-75.1983,1320.0,6,0,0,0,0,0,0,0,0,1.0,0,1,0,13,1,0,0,,2,39 56:21.000,3.0,3,75 11:48.324,0,0,0,0,67301,0,0,0,N,0,0,0,3,67301,0,,1,1,,N,N,,0,,0,0,0,0,0,N,1318,0,2,0,0,0,0,0,3,4,0,2,3,,N,,,,,,,,,,,
2007120110,810.0,1,0,0,0,0,0,0,0,0,1,0,,67,10,2007,4,39.9995,-75.1905,747.0,6,0,0,0,0,0,2,0,0,,0,0,0,7,1,0,0,,0,39 59:58.000,,1,75 11:25.805,0,0,0,0,67301,0,0,0,,0,0,0,2,67301,0,,1,1,,,,,0,,0,0,0,0,0,,745,0,2,0,0,0,0,0,3,4,1,2,3,,N,,,,,,,,,,,
2007066498,1700.0,1,0,0,0,0,0,0,0,0,8,0,,67,5,2007,4,39.9658,-75.2461,1652.0,6,0,0,0,0,0,0,0,0,,0,0,0,16,1,1,1,,0,39 57:51.840,,0,75 14:47.400,4,0,0,0,67301,1,0,0,N,1,0,0,2,67301,1,,1,1,,N,N,,0,,0,0,0,3,2,,1615,1,2,0,0,0,0,0,3,4,0,1,3,,N,,,,,,,,,,,
2007080084,1905.0,1,0,0,1,0,0,0,0,0,4,0,,67,6,2007,3,40.0068,-75.0959,1900.0,6,0,0,0,0,0,0,0,0,,0,0,0,18,1,1,0,,0,40 00:24.613,,0,75 05:45.333,4,0,0,0,67301,1,0,0,N,0,0,0,4,67301,1,,1,1,,N,N,,0,,0,0,0,0,0,,1845,1,2,0,0,0,0,1,3,4,0,1,3,,N,,,,,,,,,,,
2007080092,19.0,1,0,0,0,0,0,0,0,0,7,0,,67,6,2007,7,39.9768,-75.1869,19.0,6,0,0,0,0,0,0,0,0,,0,0,0,0,3,0,0,,0,39 58:36.544,,0,75 11:12.940,0,0,0,0,67301,0,0,0,N,0,0,0,4,67301,0,,2,1,,N,N,,0,,0,0,0,0,0,,1,0,1,0,0,0,0,0,3,4,0,1,3,,N,,,,,,,,,,,
2007080096,925.0,4,0,0,0,0,0,0,0,0,1,0,,67,6,2007,6,,,920.0,6,0,0,0,0,0,1,0,0,1.0,0,0,0,9,1,0,0,,2,,1.0,0,,0,0,0,0,67301,0,0,0,N,0,0,0,4,67301,0,,1,1,,N,N,,0,,0,0,0,0,0,N,919,0,4,0,0,0,0,0,3,3,0,4,3,,N,,,,,,,,,,,
2007116271,1257.0,0,0,0,0,0,0,1,0,0,8,1,,67,9,2007,6,39.9526,-75.1781,1255.0,6,0,0,0,0,0,1,0,0,9.0,0,0,0,12,1,1,1,,2,39 57:09.489,2.0,0,75 10:41.249,8,0,0,0,67301,1,0,0,,1,0,0,15,67301,0,,1,1,,Y,,,0,,0,0,0,9,2,Y,1250,1,2,0,0,0,1,0,3,4,0,1,3,,N,,,,,,,,,,,
2007080170,1212.0,1,0,0,0,0,0,0,0,0,6,0,,67,6,2007,2,40.0155,-75.2086,1209.0,6,0,0,0,0,0,0,1,0,2.0,0,0,0,1,3,1,0,,1,40 00:55.820,4.0,0,75 12:30.943,8,0,0,0,67301,0,0,0,,0,0,0,2,67301,0,,1,9,,N,,,0,,0,0,0,0,0,N,120,1,2,0,0,0,1,0,3,4,1,2,7,,N,,,,,,,,,,,
2007116910,11.0,0,0,0,0,0,0,0,0,0,4,0,,67,10,2007,5,40.0985,-74.9856,8.0,6,0,0,1,0,0,0,0,0,1.0,0,0,0,0,3,1,0,,2,40 05:54.737,4.0,0,74 59:07.988,8,0,0,0,67301,0,0,0,,0,0,0,2,67301,0,,1,1,,N,N,,1,,0,0,1,0,0,N,5,1,3,0,0,0,1,0,3,4,1,3,3,,N,,,,,,,,,,,
2007116916,2145.0,1,0,0,0,0,0,0,0,0,8,0,,67,10,2007,5,39.963,-75.1575,2139.0,6,0,0,0,0,0,0,0,0,,0,0,0,21,3,1,2,,0,39 57:46.688,,0,75 09:26.881,8,0,0,0,67301,1,0,0,N,1,0,0,2,67301,0,,1,1,,N,N,,0,,0,0,0,0,0,,2130,1,2,0,0,0,1,0,3,4,0,1,3,,N,,,,,,,,,,,
2007124105,1500.0,1,0,0,0,0,0,1,0,0,5,1,,67,10,2007,4,40.0398,-75.1445,1400.0,6,0,0,0,0,0,0,0,0,,0,0,0,14,1,1,1,,0,40 02:23.000,,0,75 08:40.028,8,0,0,0,67301,1,0,0,N,0,0,0,2,67301,0,,4,1,,N,N,,0,,0,0,0,2,2,,1400,1,2,0,0,0,1,1,3,4,0,2,3,,N,,,,,,,,,,,
2007124675,2220.0,3,0,0,0,0,0,0,0,0,5,0,,67,10,2007,6,39.9556,-75.1728,2217.0,6,0,0,0,0,0,1,0,0,,0,0,0,22,3,1,1,,0,39 57:20.167,,0,75 10:21.953,4,0,0,0,67301,0,0,0,,0,0,0,2,67301,1,,1,1,,,,,0,,0,0,0,3,2,,2215,1,3,0,0,0,0,0,3,4,0,3,3,,N,,,,,,,,,,,
2007123829,1735.0,0,0,0,1,0,0,0,0,0,5,0,,67,11,2007,5,39.9534,-75.1531,1730.0,6,0,0,0,0,0,0,0,0,,0,0,0,99,1,1,0,,0,39 57:12.137,,0,75 09:11.131,4,0,0,0,67301,1,0,0,N,0,0,0,2,67301,1,,6,1,,N,N,,0,,0,0,1,0,0,,9999,1,2,0,0,0,0,0,3,4,0,1,3,,N,,,,,,,,,,,
2007047775,1340.0,2,0,0,0,0,0,0,0,0,4,0,,67,3,2007,6,39.9959,-75.0921,1335.0,6,0,0,0,0,0,0,0,0,,0,0,0,13,1,1,1,,0,39 59:45.240,,0,75 05:31.560,4,0,0,0,67301,0,0,0,N,0,0,0,6,67301,1,,1,1,,N,N,,0,,0,0,1,1,2,,1310,1,3,0,0,0,0,0,3,4,0,3,3,,N,,,,,,,,,,,
2007028824,15.0,0,0,0,0,0,0,0,0,0,7,0,,67,1,2007,2,40.0189,-75.1472,2354.0,6,0,0,0,0,0,0,0,0,,0,0,0,23,3,0,1,,0,40 01:08.000,,0,75 08:49.392,0,0,0,0,67301,0,0,0,,0,0,0,1,67301,0,,3,9,,N,N,,0,,0,0,1,0,0,,2354,0,1,0,0,0,0,0,3,4,0,1,7,,N,,,,,,,,,,,
2007116219,1920.0,1,0,0,0,0,0,0,0,0,1,0,,67,10,2007,7,40.0161,-75.2104,1916.0,6,0,0,0,0,0,0,0,0,,0,0,0,19,3,2,0,,0,40 00:57.967,,7,75 12:37.598,4,0,0,0,67301,0,0,0,N,0,0,0,3,67301,2,,1,1,,N,N,,0,,0,0,1,0,0,,1916,2,2,0,0,0,0,0,3,4,0,2,3,,N,,,,,,,,,,,
2007110536,620.0,2,0,0,0,0,0,0,0,0,4,0,,67,9,2007,6,40.0979,-75.0548,615.0,6,0,0,1,0,0,0,0,0,,0,0,0,6,1,1,0,,0,40 05:52.566,,0,75 03:17.157,4,0,0,0,67301,0,0,0,,0,0,0,1,67301,1,,4,1,,N,N,,0,,0,0,0,0,0,,600,1,2,0,0,0,0,0,3,4,0,2,3,,N,,,,,,,,,,,
2007108141,356.0,1,0,0,0,0,0,0,0,0,7,0,50.0,67,9,2007,3,40.007,-75.1997,349.0,6,0,0,0,0,0,0,0,0,1.0,0,0,0,3,3,2,0,,1,40 00:24.000,3.0,0,75 11:56.567,4,0,0,0,67301,0,0,0,N,0,0,0,2,68K01,2,,2,1,,N,N,,0,,0,0,0,0,0,N,348,2,1,0,0,0,0,0,3,4,0,1,3,,Y,4.0,1.0,Y,,,Y,Y,Y,,Y,
2007108903,105.0,1,0,0,0,0,0,0,0,0,8,0,,67,8,2007,3,39.9852,-75.1128,100.0,6,0,0,0,0,0,0,0,0,,0,0,0,23,3,1,0,,0,39 59:06.000,,0,75 06:45.946,4,0,0,0,67301,1,0,0,,1,0,0,2,67301,1,,1,1,,N,N,,0,,0,0,0,0,0,,2330,1,2,0,0,0,0,0,3,4,0,1,3,,N,,,,,,,,,,,
2007105970,1610.0,1,0,0,0,0,0,0,0,0,1,0,,67,8,2007,6,40.0432,-75.1218,1607.0,6,0,0,0,0,0,0,0,0,,0,0,0,15,1,1,1,,0,40 02:35.556,,0,75 07:18.375,4,0,0,0,67301,0,0,0,N,0,0,0,2,67301,1,,1,1,,N,N,,0,,0,0,1,9,3,,1527,1,2,0,0,0,0,1,3,4,0,2,3,,N,,,,,,,,,,,
2007105978,1710.0,2,0,0,0,0,0,0,0,0,1,0,,67,8,2007,1,39.9091,-75.2421,1659.0,6,0,0,0,0,0,0,0,0,,0,0,0,99,1,2,2,,0,39 54:32.000,,0,75 14:31.676,4,0,0,0,67301,0,0,0,N,0,0,0,2,67301,2,,1,9,,N,N,,0,,0,0,0,3,2,,9999,2,2,0,0,0,0,0,3,4,0,2,7,,N,,,,,,,,,,,
2007106060,1625.0,2,0,0,0,0,0,0,0,0,2,0,,67,6,2007,5,40.0582,-75.1404,1620.0,6,0,0,0,0,0,1,0,0,,0,0,0,16,1,3,1,,0,40 03:29.512,,0,75 08:25.526,4,0,0,0,67301,0,0,0,N,0,0,0,7,67301,3,,1,1,,N,N,,0,,0,0,0,3,2,,1603,3,2,0,0,0,0,0,3,4,0,2,3,,N,,,,,,,,,,,
2007103523,342.0,1,0,0,0,0,0,0,0,0,1,0,,67,7,2007,7,40.011,-75.2061,340.0,6,0,0,0,0,0,0,0,0,1.0,0,0,0,3,3,2,0,,1,40 00:32.000,4.0,2,75 12:13.355,3,0,0,1,67301,0,0,0,N,0,0,0,4,68K01,1,,4,1,,N,N,,0,,1,0,0,0,0,N,335,2,2,0,0,0,0,0,3,4,0,2,3,,N,,,,,,,,,,,
2007098718,2358.0,1,0,0,0,0,0,0,0,0,6,0,,67,7,2007,6,39.9752,-75.2066,2350.0,6,0,0,0,0,0,1,0,0,,0,0,0,23,3,0,1,,0,39 58:30.883,,0,75 12:23.828,0,0,0,0,67301,0,0,0,N,0,0,0,3,67301,0,,1,9,,N,N,,1,,0,0,0,3,2,,2350,0,2,0,0,0,0,0,3,4,0,2,7,,N,,,,,,,,,,,
2007081603,1535.0,2,0,0,0,0,0,0,0,0,4,0,,67,6,2007,4,39.9376,-75.2231,1533.0,6,0,0,0,0,0,0,0,0,,0,0,0,15,1,1,1,,0,39 56:15.402,,0,75 13:23.004,8,0,0,0,67301,0,0,0,N,0,0,0,2,67301,0,,1,1,,N,N,,0,,0,0,0,3,2,,1530,1,2,0,0,0,1,1,3,4,0,2,3,,N,,,,,,,,,,,
2007120271,232.0,1,0,0,0,0,0,0,0,0,6,0,,67,10,2007,6,40.0881,-74.9806,210.0,6,0,0,0,0,0,0,0,0,,0,0,0,2,3,1,0,,0,40 05:17.203,,0,74 58:50.034,4,0,0,0,67301,0,0,0,,0,0,0,1,67301,1,,4,1,,,,,0,,0,0,1,0,0,,200,1,2,0,0,0,0,0,3,4,0,2,3,,N,,,,,,,,,,,
2007081295,1716.0,2,0,0,0,0,0,0,0,0,3,0,,67,3,2007,7,39.9157,-75.1623,1715.0,6,0,0,0,0,0,1,0,0,,0,0,0,17,1,1,0,,0,39 54:56.000,,0,75 09:44.284,4,0,0,0,67301,0,0,0,,0,0,0,3,67301,1,,1,1,,N,N,,0,,0,0,0,0,0,,1715,1,2,0,0,0,0,0,3,4,0,2,3,,N,,,,,,,,,,,
2007081491,708.0,2,0,0,0,0,0,0,0,0,7,0,,67,6,2007,2,39.9674,-75.181,708.0,6,0,0,0,0,0,1,0,0,1.0,0,0,0,7,1,0,0,,1,39 58:02.633,2.0,0,75 10:52.195,0,0,0,0,67301,0,0,0,N,0,0,0,2,67301,0,,4,9,,N,N,,0,,0,0,0,0,0,N,707,0,2,0,0,0,0,0,3,4,0,2,7,,N,,,,,,,,,,,
2007081727,45.0,1,0,0,0,0,0,0,0,0,4,0,,67,6,2007,6,40.0394,-75.0273,38.0,6,0,0,0,0,0,0,0,0,,0,0,0,23,3,1,2,,0,40 02:21.000,,0,75 01:38.291,8,0,0,0,67301,0,0,0,N,0,0,0,2,67301,0,,1,1,,N,N,,0,,0,0,0,0,0,,2350,1,2,0,0,0,1,0,3,4,1,2,3,,N,,,,,,,,,,,