CRN,ARRIVAL_TM,AUTOMOBILE_COUNT,BELTED_DEATH_COUNT,BELTED_SUSP_SERIOUS_INJ_COUNT,BICYCLE_COUNT,BICYCLE_DEATH_COUNT,BICYCLE_SUSP_SERIOUS_INJ_COUNT,BUS_COUNT,CHLDPAS_DEATH_COUNT,CHLDPAS_SUSP_SERIOUS_INJ_COUNT,COLLISION_TYPE,COMM_VEH_COUNT,CONS_ZONE_SPD_LIM,COUNTY,CRASH_MONTH,CRASH_YEAR,DAY_OF_WEEK,DEC_LAT,DEC_LONG,DISPATCH_TM,DISTRICT,DRIVER_COUNT_16YR,DRIVER_COUNT_17YR,DRIVER_COUNT_18YR,DRIVER_COUNT_19YR,DRIVER_COUNT_20YR,DRIVER_COUNT_50_64YR,DRIVER_COUNT_65_74YR,DRIVER_COUNT_75PLUS,EST_HRS_CLOSED,FATAL_COUNT,HEAVY_TRUCK_COUNT,HORSE_BUGGY_COUNT,HOUR_OF_DAY,ILLUMINATION,INJURY_COUNT,INTERSECT_TYPE,INTERSECTION_RELATED,LANE_CLOSED,LATITUDE,LN_CLOSE_DIR,LOCATION_TYPE,LONGITUDE,MAX_SEVERITY_LEVEL,MCYCLE_DEATH_COUNT,MCYCLE_SUSP_SERIOUS_INJ_COUNT,MOTORCYCLE_COUNT,MUNICIPALITY,NONMOTR_COUNT,NONMOTR_DEATH_COUNT,NONMOTR_SUSP_SERIOUS_INJ_COUNT,NTFY_HIWY_MAINT,PED_COUNT,PED_DEATH_COUNT,PED_SUSP_SERIOUS_INJ_COUNT,PERSON_COUNT,POLICE_AGCY,POSSIBLE_INJ_COUNT,RDWY_SURF_TYPE_CD,RELATION_TO_ROAD,ROAD_CONDITION,ROADWAY_CLEARED,SCH_BUS_IND,SCH_ZONE_IND,SECONDARY_CRASH,SMALL_TRUCK_COUNT,SPEC_JURIS_CD,SUSP_MINOR_INJ_COUNT,SUSP_SERIOUS_INJ_COUNT,SUV_COUNT,TCD_FUNC_CD,TCD_TYPE,TFC_DETOUR_IND,TIME_OF_DAY,TOT_INJ_COUNT,TOTAL_UNITS,UNB_DEATH_COUNT,UNB_SUSP_SERIOUS_INJ_COUNT,UNBELTED_OCC_COUNT,UNK_INJ_DEG_COUNT,UNK_INJ_PER_COUNT,URBAN_AREA,URBAN_RURAL,VAN_COUNT,VEHICLE_COUNT,WEATHER1,WEATHER2,WORK_ZONE_IND,WORK_ZONE_LOC,WORK_ZONE_TYPE,WORKERS_PRES,WZ_CLOSE_DETOUR,WZ_FLAGGER,WZ_LAW_OFFCR_IND,WZ_LN_CLOSURE,WZ_MOVING,WZ_OTHER,WZ_SHLDER_MDN,WZ_WORKERS_INJ_KILLED
2007081740,1810.0,1,0,0,0,0,0,0,0,0,5,0,,67,6,2007,7,40.0741,-75.178,1801.0,6,0,0,0,0,0,1,0,0,,0,0,0,17,1,0,0,,0,40 04:26.881,,0,75 10:40.803,0,0,0,0,67301,0,0,0,N,0,0,0,1,67301,0,,4,1,,N,N,,0,,0,0,1,0,0,,1755,0,2,0,0,0,0,0,3,4,0,2,3,,N,,,,,,,,,,,
2007081767,1340.0,1,0,0,0,0,0,0,0,0,8,0,,67,5,2007,3,39.9511,-75.1721,1330.0,6,0,0,0,0,0,1,0,0,,0,0,0,13,1,1,1,,0,39 57:03.938,,0,75 10:19.451,8,0,0,0,67301,1,0,0,,1,0,0,2,67301,0,,1,1,,,,,0,,0,0,0,3,2,,1330,1,2,0,0,0,1,0,3,4,0,1,3,,N,,,,,,,,,,,
2007118085,1945.0,1,0,0,0,0,0,0,0,0,4,0,,67,10,2007,1,39.9496,-75.1539,1943.0,6,0,0,0,0,0,0,0,0,1.0,0,0,0,19,3,2,1,,2,39 56:58.000,3.0,0,75 09:13.936,4,0,0,0,67301,0,0,0,N,0,0,0,2,67301,2,,1,1,,N,N,,0,,0,0,1,3,2,Y,1935,2,2,0,0,0,0,0,3,4,0,2,3,,N,,,,,,,,,,,
2007081774,1410.0,0,0,0,0,0,0,0,0,0,8,0,,67,6,2007,6,40.018,-75.155,1410.0,6,0,0,0,0,0,0,0,0,,0,0,0,13,1,1,2,,0,40 01:04.000,,0,75 09:18.010,8,0,0,0,67301,1,0,0,N,1,0,0,2,67301,0,,1,1,,N,N,,0,,0,0,0,3,2,,1330,1,2,0,0,0,1,0,3,4,1,1,3,,N,,,,,,,,,,,
2007116165,910.0,2,0,0,0,0,0,0,0,0,1,0,,67,9,2007,6,40.0789,-75.0253,859.0,6,0,0,0,0,0,1,1,0,,0,0,0,8,1,1,2,,0,40 04:44.000,,0,75 01:31.191,4,0,0,0,67301,0,0,0,N,0,0,0,3,67301,1,,1,1,,N,N,,0,,0,0,1,3,2,,855,1,3,0,0,0,0,0,3,4,0,3,3,,N,,,,,,,,,,,
2007127373,2000.0,2,0,0,0,0,0,0,0,0,4,0,,67,10,2007,5,39.9881,-75.1824,2000.0,6,0,0,0,0,0,0,0,0,,0,0,0,19,3,5,5,,0,39 59:17.000,,0,75 10:56.670,4,0,0,0,67301,0,0,0,N,0,0,0,6,67301,5,,1,1,,N,N,,0,,0,0,0,3,2,,1930,5,2,0,0,0,0,0,3,4,0,2,3,,N,,,,,,,,,,,
2007126513,1300.0,1,0,0,0,0,0,0,0,0,1,0,,67,10,2007,4,39.9718,-75.2448,1300.0,6,0,0,0,0,1,0,1,0,,0,0,0,13,1,2,0,,0,39 58:18.000,,0,75 14:41.393,8,0,0,0,67301,0,0,0,N,0,0,0,3,67301,0,,1,9,,N,N,,0,,0,0,0,3,2,,1300,2,2,0,0,0,2,1,3,4,1,2,7,,N,,,,,,,,,,,
2007107536,1730.0,2,0,0,0,0,0,0,0,0,4,0,,67,9,2007,6,40.0378,-75.1726,1710.0,6,0,0,0,0,0,1,0,0,,0,0,0,17,1,0,0,,0,40 02:16.018,,0,75 10:21.403,0,0,0,0,67301,0,0,0,N,0,0,0,2,67301,0,,1,1,,N,N,,0,,0,0,0,3,2,,1710,0,2,0,0,0,0,0,3,4,0,2,3,,N,,,,,,,,,,,
2007107987,2112.0,2,0,0,0,0,0,0,0,0,4,0,,67,9,2007,6,40.0014,-75.0861,2112.0,6,0,0,0,0,0,1,0,0,2.0,0,0,0,21,3,0,2,,1,40 00:01.000,2.0,2,75 05:01.174,0,0,0,0,67301,0,0,0,N,0,0,0,4,67301,0,,1,1,,N,N,,0,,0,0,0,3,2,N,2107,0,2,0,0,0,0,0,3,4,0,2,3,,N,,,,,,,,,,,
2007097782,1515.0,1,0,0,1,0,0,0,0,0,4,0,99.0,67,7,2007,6,39.9725,-75.2121,1512.0,6,0,0,0,0,0,0,0,0,1.0,0,0,0,15,1,1,2,,1,39 58:20.000,4.0,0,75 12:43.194,4,0,0,0,67301,1,0,0,N,0,0,0,2,67301,1,,1,1,,N,N,,0,,0,0,0,3,3,N,1505,1,2,0,0,0,0,0,3,4,0,1,3,,Y,8.0,8.0,U,,,U,,,,,
2007097783,1525.0,2,0,0,1,0,0,0,0,0,1,0,,67,6,2007,7,39.9421,-75.153,1520.0,6,0,0,0,0,0,0,0,0,,0,0,0,15,1,1,0,,0,39 56:31.390,,0,75 09:10.864,4,0,0,0,67301,1,0,0,N,0,0,0,2,67301,1,,1,1,,N,N,,0,,0,0,0,0,0,,1510,1,3,0,0,0,0,0,3,4,0,2,3,,N,,,,,,,,,,,
2007097796,950.0,0,0,0,0,0,0,0,0,0,8,0,,67,7,2007,3,39.9542,-75.1698,943.0,6,0,0,0,0,0,0,0,0,,0,0,0,9,1,1,1,,0,39 57:15.080,,0,75 10:11.059,4,0,0,0,67301,1,0,0,N,1,0,0,3,67301,1,,1,1,,,N,,0,,0,0,1,3,2,,900,1,2,0,0,0,0,2,3,4,0,1,3,,N,,,,,,,,,,,
2007097848,1551.0,1,0,0,0,0,0,0,0,0,7,0,,67,7,2007,4,40.0473,-75.0744,1541.0,6,0,0,0,0,0,0,0,0,1.0,0,0,0,15,1,1,0,,1,40 02:50.326,4.0,0,75 04:27.829,4,0,0,0,67301,0,0,0,N,0,0,0,2,67301,1,,5,1,,N,N,,0,,0,0,0,0,0,N,1540,1,1,0,0,1,0,0,3,4,0,1,3,,N,,,,,,,,,,,
2007080888,839.0,2,0,0,0,0,0,0,0,0,4,0,,67,6,2007,2,40.0426,-75.0383,835.0,6,0,0,0,0,0,1,0,0,,0,0,0,8,1,1,2,,0,40 02:33.399,,0,75 02:17.926,8,0,0,0,67301,0,0,0,N,0,0,0,2,67301,0,,1,1,,N,Y,,0,,0,0,0,0,0,,830,1,2,0,0,0,1,1,3,4,0,2,3,,N,,,,,,,,,,,
2007093798,1613.0,2,0,0,0,0,0,0,0,0,1,0,,67,7,2007,3,39.9835,-75.2082,1608.0,6,0,0,0,0,0,1,0,1,,0,0,0,16,1,0,0,,0,39 59:04.000,,0,75 12:30.054,0,0,0,0,67301,0,0,0,N,0,0,0,4,68K01,0,,1,1,,N,N,,1,,0,0,0,0,0,,1606,0,3,0,0,0,0,0,3,4,0,3,3,,N,,,,,,,,,,,
2007081048,1002.0,2,0,0,0,0,0,0,0,0,4,0,,67,6,2007,6,39.9672,-75.1686,1000.0,6,0,0,0,0,0,1,0,0,,0,0,0,10,1,3,1,,0,39 58:01.981,,0,75 10:06.869,8,0,0,0,67301,0,0,0,N,0,0,0,6,67301,0,,1,1,,N,N,,0,,0,0,0,3,2,,1000,3,3,0,0,0,3,0,3,4,1,3,3,,N,,,,,,,,,,,
2007081112,1027.0,1,0,0,0,0,0,1,0,0,4,1,,67,5,2007,3,39.9919,-75.1384,1026.0,6,0,0,0,0,0,2,0,0,,0,0,0,10,1,1,1,,0,39 59:30.000,,0,75 08:18.103,8,0,0,0,67301,0,0,0,N,0,0,0,3,67301,0,,1,1,,N,N,,0,,0,0,0,0,0,,1015,1,2,0,0,0,1,1,3,4,0,2,3,,N,,,,,,,,,,,
2007066401,1030.0,2,0,0,0,0,0,0,0,0,4,0,,67,5,2007,3,40.0315,-75.1092,1025.0,6,0,0,0,0,0,1,0,0,,0,0,0,10,1,1,0,,0,40 01:53.406,,0,75 06:32.953,8,0,0,0,67301,0,0,0,N,0,0,0,2,67301,0,,1,1,,N,N,,0,,0,0,0,0,0,,1024,1,2,0,0,0,1,0,3,4,0,2,3,,N,,,,,,,,,,,
2007071556,1.0,1,0,0,0,0,0,0,0,0,1,0,,67,1,2007,7,40.0262,-75.1216,2337.0,6,0,0,1,0,0,0,0,0,3.0,1,0,0,23,3,2,1,,2,40 01:34.000,7.0,0,75 07:18.695,1,0,0,0,67301,0,0,0,N,0,0,0,7,67301,2,2.0,1,1,,N,N,,0,0.0,0,0,0,3,2,Y,2335,2,2,0,0,0,0,4,3,4,1,2,3,,N,,,,,,,,,,,
2007066546,1706.0,1,0,0,1,0,0,0,0,0,8,0,,67,5,2007,2,39.9313,-75.2144,1702.0,6,0,0,0,0,0,0,0,0,,0,0,0,17,1,1,0,,0,39 55:52.762,,0,75 12:51.840,4,0,0,0,67301,1,0,0,N,0,0,0,2,67301,1,,1,1,,N,N,,0,,0,0,0,3,3,,1701,1,2,0,0,1,0,0,3,4,0,1,3,,N,,,,,,,,,,,
2007066550,947.0,1,0,0,1,0,0,0,0,0,5,0,,67,5,2007,3,39.9562,-75.1627,945.0,6,0,0,0,0,0,0,0,0,,0,0,0,9,1,1,1,,0,39 57:22.420,,0,75 09:45.641,8,0,0,0,67301,1,0,0,N,0,0,0,3,67301,0,,1,1,,N,N,,0,,0,0,0,0,0,,900,1,2,0,0,0,1,0,3,4,0,1,3,,N,,,,,,,,,,,
2007080272,1240.0,1,0,0,0,0,0,0,0,0,1,0,,67,3,2007,3,40.0545,-75.0629,1235.0,6,0,0,0,0,0,0,0,0,,0,0,0,12,1,1,0,,0,40 03:16.000,,0,75 03:46.497,8,0,0,0,67301,0,0,0,N,0,0,0,1,67301,0,,6,1,,N,N,,1,,0,0,0,0,0,,1213,1,2,0,0,0,1,0,3,4,0,2,3,,N,,,,,,,,,,,
2007079956,1427.0,2,0,0,0,0,0,0,0,0,1,0,,67,6,2007,2,40.0097,-75.1363,1425.0,6,0,0,0,0,0,1,0,0,2.0,0,0,0,13,1,3,0,,2,40 00:34.768,1.0,0,75 08:10.770,4,0,0,0,67301,0,0,0,N,0,0,0,6,67301,3,,1,1,,N,N,,1,,0,0,0,0,0,N,1335,3,3,0,0,1,0,0,3,4,0,3,3,,N,,,,,,,,,,,
2007079972,1029.0,2,0,0,0,0,0,0,0,0,1,0,,67,6,2007,4,39.9188,-75.1807,1015.0,6,0,0,0,0,0,0,0,1,,0,0,0,10,1,1,0,,0,39 55:07.514,,0,75 10:50.662,4,0,0,0,67301,0,0,0,N,0,0,0,4,67301,1,,1,9,,N,N,,0,,0,0,0,3,2,,1010,1,2,0,0,0,0,0,3,4,0,2,7,,N,,,,,,,,,,,
2007080093,806.0,0,0,0,0,0,0,0,0,0,8,0,,67,6,2007,5,39.9528,-75.1669,802.0,6,0,0,0,0,0,1,0,0,,0,0,0,7,1,1,5,,0,39 57:10.041,,0,75 10:00.776,8,0,0,0,67301,1,0,0,N,1,0,0,2,67301,0,,1,1,,N,N,,0,,0,0,1,3,2,,758,1,2,0,0,0,1,0,3,4,0,1,3,,N,,,,,,,,,,,
2007124093,1445.0,2,0,0,0,0,0,0,0,0,4,0,,67,11,2007,1,39.9599,-75.1938,1445.0,6,0,0,0,0,1,1,0,0,,0,0,0,14,1,1,1,,0,39 57:35.596,,0,75 11:37.672,3,0,0,0,67301,0,0,0,N,0,0,0,2,67301,0,,1,1,,N,N,,0,,1,0,0,2,2,,1445,1,2,0,0,1,0,0,3,4,0,2,3,,N,,,,,,,,,,,
2007124100,323.0,1,0,0,0,0,0,0,0,0,7,0,,67,11,2007,7,,,319.0,6,0,0,0,0,0,0,0,0,1.0,0,0,0,3,3,0,0,,1,,4.0,0,,0,0,0,0,67301,0,0,0,N,0,0,0,1,67301,0,,2,9,,N,N,,0,,0,0,0,0,0,N,316,0,1,0,0,0,0,0,3,3,0,1,7,,N,,,,,,,,,,,
2007124102,1808.0,3,0,0,0,0,0,0,0,0,1,0,,67,11,2007,6,40.089,-74.974,1758.0,6,0,0,0,0,0,0,1,0,1.0,0,0,0,17,3,2,0,,1,40 05:20.000,3.0,0,74 58:26.326,4,0,0,0,67301,0,0,0,N,0,0,0,6,67301,2,,1,1,,N,N,,0,,0,0,0,0,0,N,1755,2,3,0,0,1,0,0,3,4,0,3,3,,N,,,,,,,,,,,
2007124115,2300.0,0,0,0,0,0,0,1,0,0,4,1,,67,10,2007,6,40.0272,-75.1145,2237.0,6,0,0,0,0,0,0,0,0,,0,0,0,22,3,2,3,,0,40 01:37.000,,0,75 06:52.498,4,0,0,0,67301,0,0,0,N,0,0,0,4,67301,2,,1,9,,N,N,,0,,0,0,1,0,0,,2235,2,2,0,0,0,0,1,3,4,0,2,7,,N,,,,,,,,,,,
2007124121,2021.0,1,0,0,0,0,0,1,0,0,4,1,,67,11,2007,2,40.0475,-75.1428,2020.0,6,0,0,0,0,0,0,0,0,,0,0,0,19,3,1,1,,0,40 02:50.000,,0,75 08:34.014,4,0,0,0,67301,0,0,0,N,0,0,0,3,67301,1,,1,1,,N,N,,0,,0,0,0,3,2,,1930,1,2,0,0,0,0,0,3,4,0,2,3,,N,,,,,,,,,,,
2007126124,2250.0,1,0,0,0,0,0,0,0,0,4,0,,67,10,2007,7,40.0288,-75.1322,2250.0,6,1,0,0,0,0,0,0,0,,0,0,0,22,3,1,1,,0,40 01:43.550,,0,75 07:55.833,4,0,0,1,67301,0,0,0,,0,0,0,2,67301,1,,1,1,,,,,0,,0,0,0,3,2,,2250,1,2,0,0,0,0,0,3,4,0,2,3,,N,,,,,,,,,,,
2007124668,1650.0,2,0,0,0,0,0,0,0,0,1,0,,67,11,2007,3,40.0566,-75.0132,1645.0,6,0,0,0,0,0,0,0,0,,0,0,0,14,1,1,1,,0,40 03:23.000,,0,75 00:46.083,3,0,0,0,67301,0,0,0,N,0,0,0,2,67301,0,,1,1,,N,N,,0,,1,0,0,3,2,,1400,1,2,0,0,0,0,1,3,4,0,2,3,,N,,,,,,,,,,,
2007124777,711.0,0,0,0,0,0,0,0,0,0,8,0,,67,10,2007,5,39.9538,-75.1666,710.0,6,0,0,0,0,0,1,0,0,,0,0,0,7,3,1,1,,0,39 57:13.000,,0,75 09:59.737,4,0,0,0,67301,1,0,0,N,1,0,0,2,67301,1,,1,9,,N,N,,0,,0,0,0,3,2,,700,1,2,0,0,0,0,0,3,4,1,1,7,,N,,,,,,,,,,,
2007123794,1833.0,1,0,0,0,0,0,0,0,0,4,0,,67,11,2007,5,39.9421,-75.2117,1830.0,6,0,0,0,0,0,0,1,0,1.0,0,0,0,18,3,1,1,,1,39 56:31.419,4.0,0,75 12:42.235,4,0,0,0,67301,0,0,0,,0,0,0,2,67301,1,,1,1,,,,,0,,0,0,0,3,2,N,1825,1,2,0,0,0,0,0,3,4,0,2,3,,N,,,,,,,,,,,
2007123807,830.0,2,0,0,0,0,0,0,0,0,1,0,,67,11,2007,3,39.9236,-75.2457,820.0,6,0,0,0,0,0,0,0,0,,0,0,0,8,1,1,5,,0,39 55:25.000,,0,75 14:44.403,4,0,0,0,67301,0,0,0,N,0,0,0,2,67301,1,,1,9,,N,N,,0,,0,0,0,3,2,,820,1,2,0,0,0,0,0,3,4,0,2,7,,N,,,,,,,,,,,
2007047774,1935.0,2,0,0,0,0,0,0,0,0,6,0,,67,3,2007,3,40.0084,-75.1078,1930.0,6,0,0,0,0,0,0,0,0,2.0,0,0,0,19,3,0,0,,1,40 00:30.108,4.0,0,75 06:27.935,0,0,0,0,67301,0,0,0,N,0,0,0,2,67301,0,,1,1,,N,N,,0,,0,0,0,0,0,N,1925,0,2,0,0,0,0,0,3,4,0,2,3,,N,,,,,,,,,,,
2007028836,1839.0,0,0,0,0,0,0,1,0,0,8,0,,67,2,2007,5,39.9406,-75.1559,1837.0,6,0,0,0,0,0,0,0,0,,0,0,0,18,3,1,1,,0,39 56:26.008,,0,75 09:21.189,8,0,0,0,67301,1,0,0,N,1,0,0,2,67301,0,,9,1,,N,N,,0,,0,0,0,9,3,,1800,1,2,0,0,0,1,0,3,4,0,1,3,,N,,,,,,,,,,,
2007116204,325.0,2,0,0,0,0,0,0,0,0,4,0,,67,9,2007,2,39.96,-75.2249,320.0,6,0,0,0,0,0,0,0,0,,0,0,0,3,3,0,2,,0,39 57:36.000,,0,75 13:29.465,9,0,0,0,67301,0,0,0,,0,0,0,3,67301,0,,1,1,,,,,0,,0,0,0,3,2,,320,0,2,0,0,2,0,2,3,4,0,2,3,,N,,,,,,,,,,,
2007116241,1950.0,2,0,0,0,0,0,0,0,0,2,0,,67,9,2007,1,39.9848,-75.1013,1943.0,6,0,0,0,0,0,0,0,0,,0,0,0,18,1,1,1,,0,39 59:05.449,,0,75 06:04.593,4,0,0,0,67301,0,0,0,N,0,0,0,2,67301,1,,1,1,,,N,,0,,0,0,0,9,3,,1830,1,2,0,0,0,0,0,3,4,0,2,3,,N,,,,,,,,,,,
2007108526,1023.0,2,0,0,0,0,0,0,0,0,5,0,,67,9,2007,5,40.0368,-75.133,1021.0,6,0,0,0,0,0,0,0,0,,0,0,0,10,1,1,0,,0,40 02:12.309,,0,75 07:58.732,4,0,0,0,67301,0,0,0,N,0,0,0,1,67301,1,,4,1,,N,N,,0,,0,0,0,0,0,,1020,1,2,0,0,0,0,0,3,4,0,2,3,,N,,,,,,,,,,,
2007105972,1000.0,2,0,0,0,0,0,0,0,0,1,0,,67,8,2007,5,40.0345,-75.1149,957.0,6,0,0,0,0,0,0,0,0,,0,0,0,9,1,0,0,,0,40 02:04.000,,0,75 06:53.554,9,0,0,0,67301,0,0,0,N,0,0,0,1,67301,0,,6,1,,N,N,,0,,0,0,0,0,0,,950,0,3,0,0,0,0,1,3,4,1,3,3,,N,,,,,,,,,,,
2007108834,1531.0,1,0,0,0,0,0,0,0,0,0,0,,67,9,2007,2,39.9658,-75.1316,1530.0,6,0,0,0,0,0,1,0,0,,0,0,0,15,1,1,1,,0,39 57:56.616,,0,75 07:54.911,8,0,0,0,67301,0,0,0,N,0,0,0,2,67301,0,,5,1,,N,N,,0,,0,0,0,3,2,,1520,1,2,0,0,0,1,0,3,4,1,2,3,,N,,,,,,,,,,,
2007106574,1516.0,1,0,0,0,0,0,0,0,0,4,0,,67,8,2007,6,39.9238,-75.2369,1515.0,6,0,0,0,0,0,0,0,0,,0,0,0,15,1,2,1,,0,39 55:25.798,,0,75 14:12.901,8,0,0,0,67301,0,0,0,N,0,0,0,3,67301,0,,1,1,,N,N,,1,,0,0,0,3,2,,1506,2,2,0,0,0,2,0,3,4,0,2,3,,N,,,,,,,,,,,
2007106582,1432.0,0,0,0,0,0,0,0,0,0,8,0,,67,6,2007,4,39.9152,-75.1587,1430.0,6,0,0,0,0,0,0,0,0,,0,0,0,14,1,1,2,,0,39 54:54.000,,0,75 09:31.444,4,0,0,0,67301,1,0,0,,1,0,0,2,67301,1,,1,1,,,,,0,,0,0,0,9,3,,1425,1,2,0,0,0,0,1,3,4,0,1,3,,N,,,,,,,,,,,
2007106045,1854.0,1,0,0,0,0,0,0,0,0,8,0,,67,6,2007,1,39.9701,-75.2082,1840.0,6,0,0,0,0,0,0,0,0,,0,0,0,99,1,1,0,,0,39 58:12.332,,0,75 12:29.689,4,0,0,0,67301,1,0,0,N,1,0,0,2,67301,1,,1,1,,N,N,,0,,0,0,0,0,0,,9999,1,2,0,0,0,0,0,3,4,0,1,3,,N,,,,,,,,,,,
2007106074,1835.0,1,0,0,0,0,0,0,0,0,8,0,,67,9,2007,6,39.9619,-75.2407,1824.0,6,0,0,0,0,0,0,0,0,,0,0,0,99,5,1,1,,0,39 57:42.000,,0,75 14:26.916,4,0,0,0,67301,1,0,0,N,1,0,0,2,67301,1,,1,1,,N,N,,0,,0,0,0,3,2,,9999,1,2,0,0,0,0,1,3,4,0,1,3,,N,,,,,,,,,,,
2007106088,9999.0,1,0,0,0,0,0,0,0,0,4,0,,67,8,2007,5,40.0247,-75.1237,,6,0,0,0,0,0,0,0,0,2.0,0,0,0,10,1,3,1,,2,40 01:28.740,7.0,0,75 07:25.247,4,0,0,0,67301,0,0,0,N,0,0,0,3,67301,3,,1,1,,N,N,,1,,0,0,0,3,2,Y,1046,3,2,0,0,0,0,0,3,4,0,2,3,,N,,,,,,,,,,,
2007111476,1429.0,2,0,0,0,0,0,0,0,0,4,0,,67,9,2007,1,40.0547,-75.0048,1427.0,6,0,0,0,0,0,0,0,0,4.0,0,0,0,14,1,2,1,,2,40 03:17.000,5.0,0,75 00:17.300,8,0,0,0,67301,0,0,0,N,0,0,0,5,67301,0,,1,1,,N,N,,0,,0,0,0,3,2,Y,1425,2,3,0,0,0,2,0,3,4,1,3,3,,N,,,,,,,,,,,
2007106493,1220.0,1,0,0,0,0,0,0,0,0,8,0,,67,8,2007,6,39.9315,-75.2203,1215.0,6,0,0,0,0,0,0,1,0,,0,0,0,12,1,1,0,,0,39 55:53.506,,0,75 13:13.114,4,0,0,0,67301,1,0,0,,1,0,0,3,67301,1,,1,1,,,,,0,,0,0,0,0,0,,1210,1,2,0,0,0,0,1,3,4,0,1,3,,N,,,,,,,,,,,
2007106520,1900.0,2,0,0,0,0,0,0,0,0,2,0,,67,8,2007,7,40.024,-75.1596,1854.0,6,0,0,0,0,0,0,0,0,,0,0,0,99,1,2,2,,0,40 01:26.000,,0,75 09:34.482,4,0,0,0,67301,0,0,0,,0,0,0,5,67301,2,,1,1,,N,N,,0,,0,0,1,0,0,,9999,2,3,0,0,0,0,3,3,4,0,3,3,,N,,,,,,,,,,,
2007106547,122.0,1,0,0,0,0,0,0,0,0,7,0,,67,8,2007,4,40.0362,-75.1556,119.0,6,0,0,0,0,0,0,0,0,,0,0,0,0,3,1,2,,0,40 02:10.172,,0,75 09:20.203,8,0,0,0,67301,0,0,0,N,0,0,0,1,67301,0,,5,1,,N,N,,0,,0,0,0,0,0,,30,1,1,0,0,0,1,0,3,4,0,1,3,,N,,,,,,,,,,,
2007098695,1125.0,1,0,0,0,0,0,0,0,0,7,0,,67,8,2007,6,40.0276,-75.1908,1120.0,6,0,0,0,0,0,0,0,0,,0,0,0,99,1,1,0,,0,40 01:39.400,,0,75 11:26.900,8,0,0,0,67301,0,0,0,N,0,0,0,1,67301,0,,2,9,,N,N,,0,,0,0,0,0,0,,9999,1,1,0,0,0,1,0,3,4,0,1,3,,N,,,,,,,,,,,
2007098709,1108.0,0,0,0,0,0,0,0,0,0,1,0,,67,8,2007,4,40.0475,-75.1428,1105.0,6,0,0,0,0,0,0,0,0,,0,0,0,11,1,1,1,,0,40 02:51.000,,0,75 08:34.404,4,0,0,0,67301,0,0,0,N,0,0,0,2,67301,1,,1,1,,N,N,,1,,0,0,0,3,2,,1100,1,2,0,0,0,0,0,3,4,1,2,3,,N,,,,,,,,,,,
2007098734,1812.0,2,0,0,0,0,0,0,0,0,1,0,,67,7,2007,5,39.899,-75.1677,1759.0,6,0,0,0,0,0,0,0,0,1.0,0,0,0,17,1,1,3,,1,39 53:55.000,1.0,2,75 10:12.392,4,0,0,0,67301,0,0,0,N,0,0,0,3,67301,1,,1,1,,N,N,,0,,0,0,0,0,0,N,1755,1,2,0,0,0,0,0,3,4,0,2,3,,N,,,,,,,,,,,
2007098774,1730.0,0,0,0,0,0,0,0,0,0,8,0,,67,8,2007,6,39.9743,-75.2304,1725.0,6,0,0,0,0,0,0,0,0,,0,0,0,17,1,0,0,,0,39 58:27.530,,0,75 13:49.486,9,0,0,0,67301,1,0,0,N,1,0,0,2,67301,0,,1,1,,N,N,,0,,0,0,0,0,0,,1715,0,2,0,0,0,0,1,3,4,0,1,3,,N,,,,,,,,,,,
2007098783,830.0,0,0,0,0,0,0,0,0,0,4,0,,67,7,2007,4,39.9625,-75.2068,829.0,6,0,0,0,0,0,0,1,0,,0,0,0,8,1,3,1,,0,39 57:45.000,,0,75 12:24.119,8,0,0,0,67301,0,0,0,N,0,0,0,3,67301,0,,1,1,,N,N,,0,,0,0,2,3,2,,825,3,2,0,0,0,3,0,3,4,0,2,3,,N,,,,,,,,,,,
2007127564,1010.0,0,0,0,0,0,0,0,0,0,7,0,,67,10,2007,7,39.8897,-75.2338,1000.0,6,0,0,0,0,0,0,0,0,,0,0,0,99,1,1,1,,0,39 53:23.000,,0,75 14:01.810,8,0,0,0,67301,0,0,0,Y,0,0,0,1,67301,0,,4,9,,N,N,,1,,0,0,0,0,0,,9999,1,1,0,0,0,1,0,3,4,0,1,7,,N,,,,,,,,,,,
2007124661,200.0,2,0,0,0,0,0,0,0,0,5,0,,67,10,2007,5,40.0472,-75.2177,150.0,6,0,0,0,0,0,0,0,0,,0,0,0,1,3,0,2,,0,40 02:50.000,,0,75 13:03.903,0,0,0,0,67301,0,0,0,,0,0,0,1,67301,0,,1,9,,,,,0,,0,0,0,0,0,,140,0,2,0,0,0,0,0,3,4,0,2,7,,N,,,,,,,,,,,
2007124667,2119.0,1,0,0,0,0,0,0,0,0,7,0,,67,11,2007,6,40.0599,-75.1336,2114.0,6,0,0,0,0,0,0,0,0,,0,0,0,21,3,1,0,,0,40 03:35.000,,0,75 08:00.759,8,0,0,0,67301,0,0,0,N,0,0,0,5,67301,0,,2,1,,N,N,,0,,0,0,0,3,2,,2100,1,1,0,0,0,1,0,3,4,0,1,3,,N,,,,,,,,,,,