CRN,ARRIVAL_TM,AUTOMOBILE_COUNT,BELTED_DEATH_COUNT,BELTED_SUSP_SERIOUS_INJ_COUNT,BICYCLE_COUNT,BICYCLE_DEATH_COUNT,BICYCLE_SUSP_SERIOUS_INJ_COUNT,BUS_COUNT,CHLDPAS_DEATH_COUNT,CHLDPAS_SUSP_SERIOUS_INJ_COUNT,COLLISION_TYPE,COMM_VEH_COUNT,CONS_ZONE_SPD_LIM,COUNTY,CRASH_MONTH,CRASH_YEAR,DAY_OF_WEEK,DEC_LAT,DEC_LONG,DISPATCH_TM,DISTRICT,DRIVER_COUNT_16YR,DRIVER_COUNT_17YR,DRIVER_COUNT_18YR,DRIVER_COUNT_19YR,DRIVER_COUNT_20YR,DRIVER_COUNT_50_64YR,DRIVER_COUNT_65_74YR,DRIVER_COUNT_75PLUS,EST_HRS_CLOSED,FATAL_COUNT,HEAVY_TRUCK_COUNT,HORSE_BUGGY_COUNT,HOUR_OF_DAY,ILLUMINATION,INJURY_COUNT,INTERSECT_TYPE,INTERSECTION_RELATED,LANE_CLOSED,LATITUDE,LN_CLOSE_DIR,LOCATION_TYPE,LONGITUDE,MAX_SEVERITY_LEVEL,MCYCLE_DEATH_COUNT,MCYCLE_SUSP_SERIOUS_INJ_COUNT,MOTORCYCLE_COUNT,MUNICIPALITY,NONMOTR_COUNT,NONMOTR_DEATH_COUNT,NONMOTR_SUSP_SERIOUS_INJ_COUNT,NTFY_HIWY_MAINT,PED_COUNT,PED_DEATH_COUNT,PED_SUSP_SERIOUS_INJ_COUNT,PERSON_COUNT,POLICE_AGCY,POSSIBLE_INJ_COUNT,RDWY_SURF_TYPE_CD,RELATION_TO_ROAD,ROAD_CONDITION,ROADWAY_CLEARED,SCH_BUS_IND,SCH_ZONE_IND,SECONDARY_CRASH,SMALL_TRUCK_COUNT,SPEC_JURIS_CD,SUSP_MINOR_INJ_COUNT,SUSP_SERIOUS_INJ_COUNT,SUV_COUNT,TCD_FUNC_CD,TCD_TYPE,TFC_DETOUR_IND,TIME_OF_DAY,TOT_INJ_COUNT,TOTAL_UNITS,UNB_DEATH_COUNT,UNB_SUSP_SERIOUS_INJ_COUNT,UNBELTED_OCC_COUNT,UNK_INJ_DEG_COUNT,UNK_INJ_PER_COUNT,URBAN_AREA,URBAN_RURAL,VAN_COUNT,VEHICLE_COUNT,WEATHER1,WEATHER2,WORK_ZONE_IND,WORK_ZONE_LOC,WORK_ZONE_TYPE,WORKERS_PRES,WZ_CLOSE_DETOUR,WZ_FLAGGER,WZ_LAW_OFFCR_IND,WZ_LN_CLOSURE,WZ_MOVING,WZ_OTHER,WZ_SHLDER_MDN,WZ_WORKERS_INJ_KILLED
2007124672,805.0,0,0,0,0,0,0,0,0,0,8,0,,67,4,2007,6,40.0852,-74.9883,800.0,6,0,0,0,0,0,0,0,0,,0,0,0,7,1,1,1,,0,40 05:06.000,,0,74 59:17.711,3,0,0,0,67301,1,0,0,N,1,0,0,2,67301,0,,1,1,,N,Y,,0,,1,0,1,0,0,,750,1,2,0,0,0,0,1,3,4,0,1,3,,N,,,,,,,,,,,
2007126188,300.0,1,0,0,0,0,0,0,0,0,7,0,,67,11,2007,1,39.9242,-75.1925,258.0,6,0,0,0,0,0,0,0,0,1.0,0,0,0,2,2,2,0,,2,39 55:27.000,4.0,2,75 11:33.349,3,0,0,0,67301,0,0,0,N,0,0,0,2,67301,0,,2,1,,N,N,,0,,1,0,0,0,0,N,258,2,1,0,0,1,1,0,3,4,0,1,3,,N,,,,,,,,,,,
2007123763,1249.0,0,0,0,0,0,0,1,0,0,8,1,,67,11,2007,5,39.9585,-75.2252,1249.0,6,0,0,0,0,0,1,0,0,,0,0,0,12,1,1,1,,0,39 57:30.000,,0,75 13:30.586,8,0,0,0,67301,1,0,0,,1,0,0,2,67301,0,,1,1,,,,,0,,0,0,0,3,2,,1240,1,2,0,0,0,1,0,3,4,0,1,3,,N,,,,,,,,,,,
2007126702,719.0,1,0,0,0,0,0,0,0,0,5,1,,67,11,2007,6,39.9944,-75.1985,709.0,6,0,0,0,0,0,0,0,0,,0,1,0,7,1,0,0,,0,39 59:44.000,,0,75 11:50.633,0,0,0,0,67301,1,0,0,Y,0,0,0,2,68K01,0,,2,1,,N,N,,0,,0,0,0,0,0,,702,0,2,0,0,1,0,0,3,4,0,2,3,,N,,,,,,,,,,,
2007068128,1400.0,0,0,0,0,0,0,0,0,0,7,0,,67,4,2007,4,39.9552,-75.1513,1355.0,6,0,0,0,0,0,1,0,0,,0,0,0,13,1,5,0,,0,39 57:18.868,,0,75 09:04.513,4,0,0,0,67301,0,0,0,N,0,0,0,7,67301,5,,2,1,,N,N,,0,,0,0,0,0,0,,1350,5,1,0,0,0,0,0,3,4,1,1,3,,N,,,,,,,,,,,
2007068186,753.0,3,0,0,0,0,0,0,0,0,1,0,,67,4,2007,3,40.026,-75.095,749.0,6,0,0,0,0,0,1,0,0,,0,0,0,7,1,1,0,,0,40 01:33.752,,0,75 05:42.158,2,0,0,0,67301,0,0,0,N,0,0,0,3,67301,0,,1,9,,N,N,,0,,0,1,0,0,0,,741,1,3,0,0,0,0,0,3,4,0,3,3,,N,,,,,,,,,,,
2007110547,1410.0,2,0,0,0,0,0,0,0,0,1,0,,67,9,2007,6,40.0211,-75.1202,1410.0,6,0,0,0,0,1,0,0,0,,0,0,0,14,1,2,0,,0,40 01:15.826,,0,75 07:12.544,8,0,0,0,67301,0,0,0,N,0,0,0,3,67301,0,,1,1,,N,Y,,0,,0,0,0,0,0,,1408,2,2,0,0,0,2,0,3,4,0,2,3,,N,,,,,,,,,,,
2007110859,1555.0,1,0,0,0,0,0,1,0,0,4,1,,67,9,2007,7,39.9617,-75.1577,1550.0,6,0,0,0,0,0,0,0,0,1.0,0,0,0,15,1,14,1,,1,39 57:42.000,6.0,0,75 09:27.699,8,0,0,0,67301,0,0,0,,0,0,0,16,67301,0,,1,1,,,,,0,,0,0,0,3,2,N,1540,14,2,0,0,1,14,0,3,4,0,2,3,,N,,,,,,,,,,,
2007110865,755.0,1,0,0,0,0,0,0,0,0,1,1,,67,9,2007,6,40.027,-75.0294,750.0,6,0,0,0,0,0,1,0,0,,0,1,0,7,1,1,0,,0,40 01:37.000,,0,75 01:45.971,3,0,0,0,67301,0,0,0,N,0,0,0,2,67301,0,,1,1,,N,N,,0,,1,0,0,0,0,,750,1,2,0,0,0,0,0,3,4,0,2,3,,N,,,,,,,,,,,
2007108528,1403.0,1,0,0,0,0,0,0,0,0,4,0,,67,9,2007,4,39.9267,-75.1879,1357.0,6,0,0,0,0,0,0,0,0,,0,0,0,13,1,1,1,,0,39 55:36.000,,0,75 11:16.068,8,0,0,0,67301,0,0,0,N,0,0,0,3,67301,0,,1,1,,N,N,,0,,0,0,1,3,2,,1350,1,2,0,0,0,1,0,3,4,0,2,3,,N,,,,,,,,,,,
2007108953,232.0,1,0,0,0,0,0,0,0,0,5,0,,67,9,2007,5,40.0078,-75.2012,228.0,6,0,0,0,0,0,0,0,0,,0,0,0,2,3,0,0,,0,40 00:26.000,,0,75 12:01.116,9,0,0,0,67301,0,0,0,N,0,0,0,2,68K01,0,,1,1,,N,N,,0,,0,0,1,0,0,,228,0,2,0,0,0,0,1,3,4,0,2,3,,N,,,,,,,,,,,
2007105879,505.0,1,0,0,0,0,0,0,0,0,7,0,,67,8,2007,1,39.9359,-75.1744,501.0,6,0,0,0,0,0,0,0,0,,0,0,0,2,3,0,0,,0,39 56:09.333,,0,75 10:27.674,0,0,0,0,67301,0,0,0,N,0,0,0,1,67301,0,,6,1,,N,N,,0,,0,0,0,0,0,,215,0,1,0,0,0,0,0,3,4,0,1,3,,N,,,,,,,,,,,
2007106046,1720.0,2,0,0,0,0,0,0,0,0,5,0,,67,8,2007,7,40.0071,-75.094,1715.0,6,0,0,0,0,0,0,0,0,,0,0,0,16,1,2,0,,0,40 00:25.661,,0,75 05:38.337,4,0,0,0,67301,0,0,0,N,0,0,0,3,67301,2,,6,1,,N,N,,0,,0,0,0,0,0,,1610,2,2,0,0,0,0,0,3,4,0,2,3,,N,,,,,,,,,,,
2007098732,2120.0,1,0,0,0,0,0,0,0,0,8,0,,67,8,2007,1,40.0023,-75.1295,2029.0,6,0,0,0,0,0,0,0,0,,0,0,0,20,6,1,0,,0,40 00:08.434,,0,75 07:46.264,8,0,0,0,67301,1,0,0,N,1,0,0,2,67301,0,,1,1,,N,N,,0,,0,0,0,0,0,,2000,1,2,0,0,0,1,0,3,4,0,1,3,,N,,,,,,,,,,,
2007098744,836.0,0,0,0,0,0,0,0,0,0,7,0,,67,9,2007,2,40.0853,-75.0242,833.0,6,0,0,0,0,0,1,0,0,,0,1,0,8,1,1,8,,0,40 05:07.000,,6,75 01:27.042,4,0,0,0,67301,0,0,0,N,0,0,0,1,67301,1,,3,1,,N,N,,0,,0,0,0,0,0,,823,1,1,0,0,0,0,0,3,4,0,1,3,,N,,,,,,,,,,,
2007098771,305.0,1,0,0,0,0,0,0,0,0,7,0,,67,7,2007,1,39.9977,-75.0815,305.0,6,0,0,0,0,0,0,0,0,1.0,0,0,0,2,3,0,0,,2,39 59:51.751,1.0,0,75 04:53.495,0,0,0,0,67301,0,0,0,N,0,0,0,2,67301,0,,3,1,,N,N,,0,,0,0,0,0,0,N,255,0,1,0,0,0,0,0,3,4,0,1,3,,N,,,,,,,,,,,
2007098684,732.0,0,0,0,0,0,0,0,0,0,4,0,,67,7,2007,4,39.9903,-75.127,732.0,6,0,0,0,0,0,0,0,0,,0,0,0,99,1,2,5,,0,39 59:25.000,,0,75 07:37.295,8,0,0,0,67301,0,0,0,N,0,0,0,3,67301,0,,1,1,,N,N,,0,,0,0,1,3,2,,9999,2,2,0,0,0,2,1,3,4,1,2,3,,N,,,,,,,,,,,
2007081693,1405.0,1,0,0,0,0,0,0,0,0,4,0,,67,5,2007,6,39.9558,-75.236,1359.0,6,0,0,0,0,0,0,0,0,,0,0,0,13,1,1,2,,0,39 57:20.998,,0,75 14:09.675,4,0,0,0,67301,0,0,0,N,0,0,0,2,67301,1,,1,9,,N,,,0,,0,0,0,3,2,,1359,1,2,0,0,0,0,0,3,4,1,2,3,,N,,,,,,,,,,,
2007120266,2032.0,1,0,0,0,0,0,0,0,0,1,0,,67,10,2007,3,40.0477,-75.1912,2027.0,6,0,0,0,0,1,1,0,0,,0,0,0,20,3,2,0,,0,40 02:51.596,,0,75 11:28.422,8,0,0,0,67301,0,0,0,N,0,0,0,8,67301,0,,1,9,,N,N,,1,,0,0,0,0,0,,2025,2,2,0,0,0,2,1,3,4,0,2,7,,N,,,,,,,,,,,
2007081300,1645.0,2,0,0,0,0,0,0,0,0,4,0,,67,5,2007,4,40.0231,-75.124,1637.0,6,0,0,0,0,1,0,0,0,,0,0,0,16,1,1,1,,0,40 01:23.210,,0,75 07:26.428,8,0,0,0,67301,0,0,0,N,0,0,0,4,67301,0,,1,1,,N,N,,0,,0,0,0,0,0,,1630,1,2,0,0,0,1,3,3,4,0,2,3,,N,,,,,,,,,,,
2007081493,835.0,0,0,0,0,0,0,0,0,0,8,0,,67,6,2007,3,39.931,-75.1726,834.0,6,0,0,0,0,0,0,0,0,,0,0,0,8,1,1,1,,0,39 55:51.690,,0,75 10:21.201,4,0,0,0,67301,1,0,0,N,1,0,0,2,67301,1,,1,1,,N,N,,0,,0,0,1,2,3,,819,1,2,0,0,0,0,1,3,4,0,1,3,,N,,,,,,,,,,,
2007126117,1556.0,0,0,0,0,0,0,1,0,0,8,1,,67,11,2007,4,39.9585,-75.2252,1554.0,6,0,0,0,0,0,1,0,0,,0,0,0,15,1,3,1,,0,39 57:30.000,,0,75 13:30.586,4,0,0,0,67301,1,0,0,N,1,0,0,4,67301,1,,1,1,,,,,0,,0,0,0,3,2,,1508,3,2,0,0,0,2,0,3,4,0,1,3,,N,,,,,,,,,,,
2007126481,1525.0,1,0,0,0,0,0,0,0,0,5,0,,67,10,2007,7,39.9203,-75.2418,1512.0,6,0,0,0,0,0,0,0,0,,0,0,0,15,1,1,0,,0,39 55:13.166,,0,75 14:30.364,3,0,0,1,67301,0,0,0,N,0,0,0,2,67301,0,,1,1,,N,N,,0,,1,0,0,0,0,,1500,1,2,0,0,0,0,1,3,4,0,2,3,,N,,,,,,,,,,,
2007126525,1427.0,1,0,0,0,0,0,0,0,0,4,0,,67,10,2007,2,39.9783,-75.2461,1425.0,6,0,1,0,0,0,1,0,0,9.0,0,0,0,14,1,1,1,,1,39 58:41.000,2.0,0,75 14:45.800,4,0,0,0,67301,0,0,0,N,0,0,0,5,67301,1,,1,1,,N,N,,0,,0,0,2,3,2,N,1422,1,3,0,0,0,0,0,3,4,0,3,3,,N,,,,,,,,,,,
2007107562,1917.0,0,0,0,0,0,0,0,0,0,8,0,,67,9,2007,7,39.9434,-75.2273,1910.0,6,0,0,0,0,0,0,0,0,,0,0,0,19,1,1,0,,0,39 56:36.387,,0,75 13:38.456,4,0,0,0,67301,1,0,0,N,1,0,0,3,67301,1,,1,1,,N,N,,0,,0,0,1,0,0,,1910,1,2,0,0,0,0,0,3,4,0,1,3,,N,,,,,,,,,,,
2007108005,1258.0,2,0,0,0,0,0,0,0,0,1,0,,67,9,2007,7,40.0687,-75.1568,1238.0,6,0,0,0,0,0,0,0,1,,0,0,0,12,1,1,0,,0,40 04:07.000,,0,75 09:24.339,4,0,0,0,67301,0,0,0,N,0,0,0,2,67301,1,,1,1,,N,N,,0,,0,0,0,3,2,,1238,1,2,0,0,0,0,0,3,4,0,2,3,,N,,,,,,,,,,,
2007100496,2205.0,1,0,0,0,0,0,0,0,0,1,0,,67,8,2007,3,39.9498,-75.1838,2152.0,6,0,0,0,1,0,1,0,0,,0,0,0,21,3,0,0,,0,39 57:04.000,,0,75 10:57.704,9,0,0,0,67301,0,0,0,N,0,0,0,5,68K01,0,,1,9,,N,N,,0,,0,0,2,0,0,,2151,0,4,0,0,0,0,1,3,4,0,4,7,,N,,,,,,,,,,,
2007097920,1352.0,1,0,0,0,0,0,0,0,0,6,0,,67,8,2007,4,40.0125,-75.0585,1352.0,6,0,0,0,0,0,0,0,0,,0,0,0,13,1,1,2,,0,40 00:44.000,,0,75 03:30.343,4,0,0,0,67301,0,0,0,N,0,0,0,2,67301,1,,1,1,,N,N,,1,,0,0,0,3,2,,1345,1,2,0,0,0,0,0,3,4,0,2,3,,N,,,,,,,,,,,
2007095357,2242.0,0,0,0,0,0,0,0,0,0,4,0,,67,7,2007,4,39.9211,-75.1738,2234.0,6,0,0,1,0,0,1,0,0,,0,0,0,99,3,3,1,,0,39 55:15.927,,0,75 10:25.586,4,0,0,0,67301,0,0,0,,0,0,0,3,67301,3,,1,1,,,,,1,,0,0,1,9,2,,9999,3,2,0,0,0,0,0,3,4,0,2,3,,N,,,,,,,,,,,
2007095364,1044.0,3,0,0,0,0,0,0,0,0,1,0,,67,7,2007,6,40.0704,-75.0784,1039.0,6,0,0,0,0,0,0,0,2,,0,0,0,10,1,2,0,,0,40 04:13.000,,0,75 04:42.400,4,0,0,0,67301,0,0,0,N,0,0,0,4,67301,1,,1,1,,N,N,,0,,0,0,0,3,2,,1030,2,3,0,0,0,1,0,3,4,0,3,3,,N,,,,,,,,,,,
2007095562,830.0,2,0,0,0,0,0,0,0,0,5,1,,67,8,2007,4,,,820.0,6,0,0,0,0,1,0,0,0,2.0,0,1,0,8,1,1,0,,1,,1.0,3,,8,0,0,0,67301,0,0,0,N,0,0,0,3,67301,0,,1,1,,N,N,,0,,0,0,0,0,0,N,820,1,3,0,0,0,1,0,3,3,0,3,3,,N,,,,,,,,,,,
2007093209,55.0,1,0,0,0,0,0,0,0,0,7,0,,67,7,2007,4,40.0368,-75.0407,54.0,6,0,0,0,0,0,0,0,0,4.0,0,0,0,0,3,1,1,,2,40 02:12.000,7.0,0,75 02:26.659,8,0,0,0,67301,0,0,0,N,0,0,0,1,67301,0,,4,1,,N,N,,0,,0,0,0,3,2,Y,53,1,1,0,0,0,1,0,3,4,0,1,3,,N,,,,,,,,,,,
2007022317,1440.0,0,0,0,0,0,0,1,0,0,8,1,,67,1,2007,7,39.9483,-75.2273,1438.0,6,0,0,0,0,0,0,0,0,,0,0,0,14,1,1,1,,0,39 56:53.000,,0,75 13:38.316,2,0,0,0,67301,1,0,1,,1,0,1,2,67301,0,,1,1,,N,N,,0,,0,1,0,0,0,,1430,1,2,0,0,0,0,0,3,4,0,1,3,,N,,,,,,,,,,,
2007030107,1635.0,2,0,0,0,0,0,0,0,0,2,0,,67,1,2007,7,39.9356,-75.2259,1628.0,6,0,0,0,0,0,0,0,0,,0,0,0,16,1,7,1,,0,39 56:08.000,,0,75 13:33.377,4,0,0,0,67301,0,0,0,N,0,0,0,9,67301,7,,1,1,,N,N,,1,,0,0,0,0,0,,1624,7,3,0,0,0,0,0,3,4,0,3,3,,N,,,,,,,,,,,
2007027655,1704.0,3,0,0,0,0,0,0,0,0,6,0,,67,1,2007,1,39.9592,-75.2373,1701.0,6,0,0,0,2,0,0,0,0,,0,0,0,17,1,1,1,,0,39 57:33.134,,0,75 14:14.312,3,0,0,0,67301,0,0,0,N,0,0,0,3,67301,0,,1,9,,N,N,,0,,1,0,0,9,3,,1700,1,3,0,0,0,0,0,3,4,0,3,7,,N,,,,,,,,,,,
2007027667,1555.0,1,0,0,0,0,0,0,0,0,8,0,,67,1,2007,3,40.0399,-75.1204,1550.0,6,0,0,0,0,0,1,0,0,,0,0,0,15,1,2,1,,0,40 02:23.726,,0,75 07:13.540,8,0,0,0,67301,2,0,0,,2,0,0,3,67301,0,,1,1,,N,N,,0,,0,0,0,3,2,,1545,2,3,0,0,0,2,0,3,4,0,1,3,,N,,,,,,,,,,,
2007027668,2115.0,2,0,0,0,0,0,0,0,0,1,0,,67,1,2007,7,40.0432,-75.1444,2115.0,6,0,0,0,0,0,0,0,0,,0,0,0,21,3,1,0,,0,40 02:35.469,,0,75 08:39.945,8,0,0,0,67301,0,0,0,N,0,0,0,1,67301,0,,1,1,,N,N,,1,,0,0,1,0,0,,2115,1,4,0,0,1,1,0,3,4,0,4,3,,N,,,,,,,,,,,
2007022522,300.0,1,0,0,0,0,0,0,0,0,2,0,,67,1,2007,2,39.9854,-75.1614,300.0,6,0,0,1,0,1,0,0,0,,0,0,0,2,3,3,2,,0,39 59:07.310,,0,75 09:40.971,4,0,0,0,67301,0,0,0,N,0,0,0,4,67301,3,,1,9,,N,N,,0,,0,0,2,3,2,,250,3,3,0,0,0,0,0,3,4,0,3,7,,N,,,,,,,,,,,
2007027568,1505.0,2,0,0,0,0,0,0,0,0,2,0,,67,1,2007,7,40.0352,-75.1886,1457.0,6,0,0,0,0,0,0,0,0,,0,0,0,14,1,1,0,,0,40 02:06.788,,0,75 11:18.884,8,0,0,0,67301,0,0,0,N,0,0,0,3,67301,0,,1,9,,N,N,,0,,0,0,0,0,0,,1455,1,2,0,0,0,1,0,3,4,0,2,7,,N,,,,,,,,,,,
2007027742,845.0,2,0,0,0,0,0,0,0,0,6,0,,67,1,2007,3,39.9875,-75.2557,838.0,6,0,0,0,0,0,1,0,0,,0,0,0,8,1,1,2,,0,39 59:15.000,,0,75 15:20.520,4,0,0,0,67301,0,0,0,N,0,0,0,2,67301,1,,1,1,,N,N,,0,,0,0,0,0,0,,830,1,2,0,0,0,0,0,3,4,0,2,3,,N,,,,,,,,,,,
2007127585,1028.0,2,0,0,0,0,0,0,0,0,1,0,,67,11,2007,6,39.9816,-75.1113,1025.0,6,0,0,0,0,0,0,0,0,,0,0,0,10,1,1,1,,0,39 58:53.796,,0,75 06:40.589,4,0,0,0,67301,2,0,0,,0,0,0,4,67301,1,,1,1,,,,,1,,0,0,1,3,2,,1025,1,4,0,0,0,0,0,3,4,0,4,3,,N,,,,,,,,,,,
2007127599,1600.0,1,0,0,1,0,0,0,0,0,1,0,,67,10,2007,7,39.9987,-75.1472,1555.0,6,0,0,0,0,0,0,0,0,9.0,0,0,0,15,1,1,0,,1,39 59:55.442,7.0,0,75 08:49.840,8,0,0,0,67301,1,0,0,N,0,0,0,2,67301,0,,1,1,,N,N,,0,,0,0,0,0,0,N,1555,1,2,0,0,0,1,0,3,4,0,1,3,,N,,,,,,,,,,,
2007126186,1305.0,1,0,0,0,0,0,0,0,0,4,1,,67,11,2007,4,39.9075,-75.1497,1300.0,6,0,0,0,0,0,1,1,0,1.0,0,1,0,12,1,2,0,,2,39 54:28.000,2.0,2,75 08:58.699,3,0,0,0,67301,0,0,0,N,0,0,0,2,67301,1,,1,1,,N,N,,0,,1,0,0,0,0,N,1255,2,2,0,0,0,0,0,3,4,0,2,3,,N,,,,,,,,,,,
2007126191,740.0,2,0,0,0,0,0,0,0,0,2,0,,67,11,2007,2,40.0313,-75.0849,735.0,6,0,0,0,0,0,0,0,0,,0,0,0,7,1,1,5,,0,40 01:53.078,,0,75 05:05.038,8,0,0,0,67301,0,0,0,N,0,0,0,2,67301,0,,1,1,,N,N,,0,,0,0,0,3,2,,720,1,2,0,0,1,1,0,3,4,0,2,3,,N,,,,,,,,,,,
2007123827,1305.0,1,0,0,0,0,0,0,0,0,1,0,,67,10,2007,6,40.0295,-75.119,1300.0,6,0,0,0,0,0,0,0,0,,0,0,0,12,1,1,0,,0,40 01:46.000,,0,75 07:08.522,4,0,0,0,67301,0,0,0,N,0,0,0,2,67301,1,,1,98,,N,N,,1,,0,0,0,0,0,,1215,1,2,0,0,0,0,0,3,4,0,2,99,,N,,,,,,,,,,,
2007124166,2341.0,1,0,0,0,0,0,0,0,0,7,0,,67,11,2007,2,39.9491,-75.162,2341.0,6,0,0,0,0,0,0,0,0,,0,0,0,23,3,3,1,,0,39 56:56.000,,0,75 09:43.309,4,0,0,0,67301,0,0,0,N,0,0,0,3,67301,3,,5,9,,N,N,,0,,0,0,0,3,2,,2341,3,1,0,0,0,0,0,3,4,0,1,7,,N,,,,,,,,,,,
2007047735,1440.0,1,0,0,0,0,0,0,0,0,4,0,,67,3,2007,3,40.0316,-75.0286,1432.0,6,0,0,0,0,0,0,0,0,,0,0,0,14,1,3,1,,0,40 01:53.734,,0,75 01:42.916,4,0,0,0,67301,0,0,0,N,0,0,0,3,67301,2,,1,1,,N,N,,0,,0,0,0,0,0,,1432,3,2,0,0,1,1,0,3,4,1,2,3,,N,,,,,,,,,,,
2007047749,1725.0,2,0,0,0,0,0,0,0,0,1,0,,67,2,2007,3,40.0578,-75.1392,1720.0,6,0,0,0,0,0,0,0,0,,0,0,0,0,3,1,0,,0,40 03:28.440,,0,75 08:21.120,4,0,0,0,67301,0,0,0,N,0,0,0,3,67301,1,,1,1,,N,N,,0,,0,0,0,0,0,,0,1,2,0,0,2,0,0,3,4,0,2,3,,N,,,,,,,,,,,
2007116227,1204.0,3,0,0,0,0,0,0,0,0,5,0,,67,10,2007,3,39.9875,-75.2557,1155.0,6,0,0,0,0,0,1,0,0,,0,0,0,11,1,1,2,,0,39 59:14.000,,0,75 15:20.366,4,0,0,0,67301,0,0,0,,0,0,0,3,67301,1,,1,1,,,,,0,,0,0,0,0,0,,1145,1,3,0,0,0,0,0,3,4,0,3,3,,N,,,,,,,,,,,
2007110589,2239.0,2,0,0,0,0,0,0,0,0,4,0,,67,9,2007,2,39.9579,-75.1641,2231.0,6,0,0,0,0,0,0,0,0,1.0,0,0,0,22,3,2,5,,1,39 57:28.000,3.0,0,75 09:50.893,4,0,0,0,67301,0,0,0,N,0,0,0,5,67301,2,,1,1,,N,N,,0,,0,0,0,3,2,Y,2225,2,2,0,0,0,0,0,3,4,0,2,3,,N,,,,,,,,,,,
2007116256,1236.0,3,0,0,0,0,0,0,0,0,4,0,,67,10,2007,5,40.0523,-75.008,1235.0,6,0,0,0,0,0,0,0,1,,0,0,0,12,1,1,1,,0,40 03:08.000,,0,75 00:28.751,4,0,0,0,67301,0,0,0,N,0,0,0,4,67301,1,,1,9,,N,N,,0,,0,0,0,3,2,,1233,1,3,0,0,0,0,0,3,4,0,3,3,,N,,,,,,,,,,,
2007110848,820.0,1,0,0,0,0,0,0,0,0,1,0,,67,9,2007,3,40.0475,-75.1428,816.0,6,0,0,0,0,0,1,0,0,,0,0,0,8,1,2,1,,0,40 02:50.000,,0,75 08:34.014,4,0,0,0,67301,0,0,0,N,0,0,0,2,67301,2,,1,1,,N,N,,0,,0,0,0,3,2,,800,2,2,0,0,0,0,0,3,4,1,2,3,,N,,,,,,,,,,,
2007105887,2208.0,3,0,0,0,0,0,0,0,0,4,0,,67,7,2007,1,40.0501,-75.1394,2206.0,6,0,0,0,0,0,0,0,0,,0,0,0,22,3,1,0,,0,40 03:00.392,,7,75 08:21.804,4,0,0,0,67301,0,0,0,N,0,0,0,2,67301,1,,6,1,,N,N,,0,,0,0,0,3,2,,2205,1,3,0,0,0,0,0,3,4,0,3,3,,N,,,,,,,,,,,
2007108541,530.0,3,0,0,0,0,0,0,0,0,1,0,,67,9,2007,5,39.961,-75.2455,525.0,6,0,0,0,0,0,0,0,0,,0,0,0,5,5,0,0,,0,39 57:39.000,,0,75 14:43.845,0,0,0,0,67301,0,0,0,,0,0,0,2,67301,0,,1,1,,N,N,,0,,0,0,0,0,0,,520,0,3,0,0,0,0,0,3,4,0,3,3,,N,,,,,,,,,,,
2007108544,139.0,1,0,0,0,0,0,0,0,0,5,0,,67,9,2007,6,40.0444,-75.0726,136.0,6,0,0,0,0,0,1,0,0,,0,0,0,1,3,0,1,,0,40 02:39.000,,0,75 04:21.459,0,0,0,0,67301,0,0,0,,0,0,0,2,67301,0,,1,1,,,,,0,,0,0,1,3,2,,135,0,2,0,0,0,0,0,3,4,0,2,3,,N,,,,,,,,,,,
2007108803,1725.0,2,0,0,0,0,0,0,0,0,5,0,,67,9,2007,4,39.9397,-75.1988,1720.0,6,0,0,0,0,0,1,0,0,1.0,0,0,0,16,1,1,0,,1,39 56:23.000,3.0,0,75 11:55.925,8,0,0,0,67301,0,0,0,N,0,0,0,2,67301,0,,1,1,,N,N,,0,,0,0,0,3,2,N,1655,1,2,0,0,0,1,0,3,4,0,2,3,,N,,,,,,,,,,,
2007108806,1353.0,0,0,0,1,0,0,0,0,0,4,0,,67,9,2007,3,40.0233,-75.0768,1353.0,6,0,0,0,0,0,0,0,0,,0,0,0,13,1,1,1,,0,40 01:23.000,,0,75 04:36.638,4,0,0,0,67301,1,0,0,,0,0,0,2,67301,1,,1,1,,,,,1,,0,0,0,3,2,,1351,1,2,0,0,0,0,0,3,4,0,1,3,,N,,,,,,,,,,,
2007108921,1631.0,0,0,0,0,0,0,0,0,0,5,0,,67,9,2007,1,40.0217,-75.1257,1631.0,6,0,0,0,0,0,0,0,0,,0,1,0,16,1,1,1,,0,40 01:18.141,,0,75 07:32.411,8,0,0,1,67301,0,0,0,N,0,0,0,2,67301,0,,1,1,,N,N,,0,,0,0,0,0,0,,1631,1,2,0,0,0,1,0,3,4,0,2,3,,N,,,,,,,,,,,
2007106476,242.0,1,0,0,0,0,0,0,0,0,7,0,,67,9,2007,7,39.9927,-75.1862,239.0,6,0,0,0,0,0,0,0,0,9.0,0,0,0,2,3,1,3,,1,39 59:33.000,1.0,0,75 11:10.157,3,0,0,0,67301,0,0,0,N,0,0,0,1,67301,0,,3,1,,N,N,,0,,1,0,0,0,0,N,237,1,1,0,0,0,0,0,3,4,0,1,3,,N,,,,,,,,,,,
2007106082,759.0,2,0,0,0,0,0,0,0,0,4,0,,67,6,2007,4,40.0377,-75.0424,755.0,6,0,0,0,0,0,0,0,0,,0,0,0,7,1,1,2,,0,40 02:15.000,,0,75 02:32.796,4,0,0,0,67301,0,0,0,N,0,0,0,3,67301,1,,1,1,,N,N,,0,,0,0,0,3,2,,755,1,2,0,0,0,0,1,3,4,0,2,3,,N,,,,,,,,,,,