CRN,ARRIVAL_TM,AUTOMOBILE_COUNT,BELTED_DEATH_COUNT,BELTED_SUSP_SERIOUS_INJ_COUNT,BICYCLE_COUNT,BICYCLE_DEATH_COUNT,BICYCLE_SUSP_SERIOUS_INJ_COUNT,BUS_COUNT,CHLDPAS_DEATH_COUNT,CHLDPAS_SUSP_SERIOUS_INJ_COUNT,COLLISION_TYPE,COMM_VEH_COUNT,CONS_ZONE_SPD_LIM,COUNTY,CRASH_MONTH,CRASH_YEAR,DAY_OF_WEEK,DEC_LAT,DEC_LONG,DISPATCH_TM,DISTRICT,DRIVER_COUNT_16YR,DRIVER_COUNT_17YR,DRIVER_COUNT_18YR,DRIVER_COUNT_19YR,DRIVER_COUNT_20YR,DRIVER_COUNT_50_64YR,DRIVER_COUNT_65_74YR,DRIVER_COUNT_75PLUS,EST_HRS_CLOSED,FATAL_COUNT,HEAVY_TRUCK_COUNT,HORSE_BUGGY_COUNT,HOUR_OF_DAY,ILLUMINATION,INJURY_COUNT,INTERSECT_TYPE,INTERSECTION_RELATED,LANE_CLOSED,LATITUDE,LN_CLOSE_DIR,LOCATION_TYPE,LONGITUDE,MAX_SEVERITY_LEVEL,MCYCLE_DEATH_COUNT,MCYCLE_SUSP_SERIOUS_INJ_COUNT,MOTORCYCLE_COUNT,MUNICIPALITY,NONMOTR_COUNT,NONMOTR_DEATH_COUNT,NONMOTR_SUSP_SERIOUS_INJ_COUNT,NTFY_HIWY_MAINT,PED_COUNT,PED_DEATH_COUNT,PED_SUSP_SERIOUS_INJ_COUNT,PERSON_COUNT,POLICE_AGCY,POSSIBLE_INJ_COUNT,RDWY_SURF_TYPE_CD,RELATION_TO_ROAD,ROAD_CONDITION,ROADWAY_CLEARED,SCH_BUS_IND,SCH_ZONE_IND,SECONDARY_CRASH,SMALL_TRUCK_COUNT,SPEC_JURIS_CD,SUSP_MINOR_INJ_COUNT,SUSP_SERIOUS_INJ_COUNT,SUV_COUNT,TCD_FUNC_CD,TCD_TYPE,TFC_DETOUR_IND,TIME_OF_DAY,TOT_INJ_COUNT,TOTAL_UNITS,UNB_DEATH_COUNT,UNB_SUSP_SERIOUS_INJ_COUNT,UNBELTED_OCC_COUNT,UNK_INJ_DEG_COUNT,UNK_INJ_PER_COUNT,URBAN_AREA,URBAN_RURAL,VAN_COUNT,VEHICLE_COUNT,WEATHER1,WEATHER2,WORK_ZONE_IND,WORK_ZONE_LOC,WORK_ZONE_TYPE,WORKERS_PRES,WZ_CLOSE_DETOUR,WZ_FLAGGER,WZ_LAW_OFFCR_IND,WZ_LN_CLOSURE,WZ_MOVING,WZ_OTHER,WZ_SHLDER_MDN,WZ_WORKERS_INJ_KILLED
2007106492,1240.0,2,0,0,0,0,0,0,0,0,4,0,,67,7,2007,1,40.0069,-75.0684,9999.0,6,0,0,0,0,0,1,0,0,,0,0,0,99,3,3,6,,0,40 00:23.000,,2,75 04:05.667,8,0,0,0,67301,0,0,0,,0,0,0,4,67301,0,,1,1,,,,,0,,0,0,0,0,0,,9999,3,2,0,0,0,3,1,3,4,0,2,3,,N,,,,,,,,,,,
2007098708,1620.0,1,0,0,0,0,0,0,0,0,4,0,,67,8,2007,7,40.0691,-75.1538,1618.0,6,0,0,1,0,0,0,0,0,,0,0,0,16,1,1,1,,0,40 04:08.637,,0,75 09:13.557,4,0,0,0,67301,0,0,0,N,0,0,0,2,67301,1,,1,1,,N,N,,0,,0,0,0,3,3,,1617,1,2,0,0,0,0,0,3,4,0,2,3,,N,,,,,,,,,,,
2007098759,320.0,1,0,0,0,0,0,0,0,0,7,0,,67,8,2007,7,39.967,-75.1603,316.0,6,0,0,0,0,0,0,0,0,,0,0,0,3,3,0,1,,0,39 58:01.000,,0,75 09:37.224,0,0,0,0,67301,0,0,0,N,0,0,0,1,67301,0,,3,1,,N,N,,0,,0,0,0,3,2,,310,0,1,0,0,0,0,0,3,4,0,1,3,,N,,,,,,,,,,,
2007098779,920.0,0,0,0,0,0,0,0,0,0,4,1,,67,6,2007,3,40.0285,-75.0579,911.0,6,0,0,0,0,0,2,0,0,,0,1,0,99,1,1,1,,0,40 01:42.000,,0,75 03:28.267,4,0,0,0,67301,0,0,0,N,0,0,0,6,67301,1,,1,1,,N,N,,0,,0,0,0,3,2,,9999,1,3,0,0,0,0,0,3,4,2,3,3,,N,,,,,,,,,,,
2007098819,227.0,2,0,0,0,0,0,0,0,0,4,0,,67,6,2007,7,40.0764,-75.195,225.0,6,0,0,0,0,0,0,0,0,,0,0,0,2,3,1,1,,0,40 04:35.000,,0,75 11:41.784,2,0,0,0,67301,0,0,0,N,0,0,0,2,67301,0,,1,1,,N,N,,0,,0,1,0,3,2,,224,1,2,0,0,0,0,0,3,4,0,2,3,,N,,,,,,,,,,,
2007098677,1455.0,1,0,0,0,0,0,0,0,0,2,0,,67,8,2007,6,40.0742,-74.9905,1443.0,6,0,0,0,0,0,0,0,0,,0,0,0,14,1,1,0,,0,40 04:27.105,,0,74 59:25.944,8,0,0,0,67301,0,0,0,N,0,0,0,2,67301,0,,1,1,,N,N,,0,,0,0,1,0,0,,1440,1,2,0,0,0,1,0,3,4,0,2,3,,N,,,,,,,,,,,
2007081678,1345.0,0,0,0,0,0,0,0,0,0,8,0,,67,5,2007,5,39.8999,-75.25,1345.0,6,0,0,0,0,0,0,0,0,,0,0,0,21,3,1,1,,0,39 53:59.665,,0,75 14:59.841,4,0,0,0,67301,1,0,0,N,1,0,0,2,67301,1,,1,9,,N,N,,0,,0,0,1,3,2,,2125,1,2,0,0,0,0,0,3,4,0,1,7,,N,,,,,,,,,,,
2007081484,2023.0,1,0,0,0,0,0,0,0,0,6,0,,67,6,2007,7,39.9807,-75.1245,2023.0,6,0,0,0,0,0,0,0,0,,0,0,0,20,1,0,1,,0,39 58:50.505,,0,75 07:28.210,9,0,0,0,67301,0,0,0,N,0,0,0,3,67301,0,,1,1,,N,N,,0,,0,0,1,9,3,,2020,0,2,0,0,0,0,2,3,4,0,2,3,,N,,,,,,,,,,,
2007126118,2340.0,2,0,0,0,0,0,0,0,0,2,0,,67,11,2007,1,40.0114,-75.2004,2335.0,6,0,0,0,0,0,0,1,0,,0,0,0,23,3,0,3,,0,40 00:41.400,,0,75 12:01.800,0,0,0,0,67301,0,0,0,N,0,0,0,2,67301,0,,1,1,,N,N,,0,,0,0,0,3,3,,2335,0,2,0,0,0,0,0,3,4,0,2,3,,N,,,,,,,,,,,
2007127371,1043.0,2,0,0,0,0,0,0,0,0,4,0,,67,10,2007,7,39.9922,-75.0888,1038.0,6,0,0,0,0,0,0,0,0,,0,0,0,10,1,1,1,,0,39 59:31.844,,0,75 05:19.521,8,0,0,0,67301,0,0,0,N,0,0,0,2,67301,0,,1,9,,N,N,,0,,0,0,0,3,3,,1027,1,2,0,0,0,1,0,3,4,0,2,7,,N,,,,,,,,,,,
2007126479,1408.0,1,0,0,0,0,0,0,0,0,4,0,,67,10,2007,4,39.9444,-75.1631,1403.0,6,0,0,0,0,0,0,0,0,,0,0,0,14,1,4,1,,0,39 56:39.850,,0,75 09:47.285,3,0,0,0,67301,0,0,0,,0,0,0,6,67301,0,,1,1,,,,,0,,4,0,0,3,2,,1400,4,2,0,0,0,0,0,3,4,1,2,3,,N,,,,,,,,,,,
2007107750,915.0,1,0,0,0,0,0,0,0,0,8,0,,67,9,2007,4,39.9882,-75.2327,912.0,6,0,0,0,0,0,0,0,0,,0,0,0,9,1,1,1,,0,39 59:17.401,,0,75 13:57.637,4,0,0,0,67301,1,0,0,N,1,0,0,3,67301,1,,1,1,,N,N,,0,,0,0,0,0,0,,910,1,2,0,0,0,0,0,3,4,0,1,3,,N,,,,,,,,,,,
2007107761,1420.0,1,0,0,0,0,0,0,0,0,7,0,,67,9,2007,5,39.9606,-75.1818,1355.0,6,0,0,0,0,0,0,0,0,,0,0,0,13,1,1,0,,0,39 57:39.000,,0,75 10:55.572,3,0,0,0,67301,0,0,0,,0,0,0,1,67301,0,,4,1,,N,N,,0,,1,0,0,0,0,,1355,1,1,0,0,0,0,0,3,4,0,1,3,,N,,,,,,,,,,,
2007107943,2339.0,1,0,0,0,0,0,0,0,0,6,0,,67,9,2007,7,39.9538,-75.2201,2334.0,6,0,0,0,0,0,1,0,0,,0,0,0,23,3,1,1,,0,39 57:13.845,,0,75 13:12.349,4,0,0,1,67301,0,0,0,N,0,0,0,2,67301,1,,9,1,,N,N,,0,,0,0,0,3,2,,2334,1,2,0,0,0,0,0,3,4,0,2,3,,N,,,,,,,,,,,
2007097758,1540.0,2,0,0,0,0,0,0,0,0,1,0,,67,7,2007,3,40.0892,-75.021,1532.0,6,0,0,0,0,0,0,0,0,,0,0,0,99,1,1,1,,0,40 05:21.079,,0,75 01:15.622,3,0,0,0,67301,0,0,0,N,0,0,0,2,67301,0,,1,1,,N,N,,0,,1,0,0,3,2,,9999,1,2,0,0,0,0,0,3,4,0,2,3,,N,,,,,,,,,,,
2007097810,407.0,0,0,0,0,0,0,0,0,0,8,0,,67,7,2007,4,39.9312,-75.1742,402.0,6,0,0,0,0,0,0,0,0,,0,0,0,3,3,1,10,,0,39 55:52.460,,0,75 10:27.148,8,0,0,0,67301,1,0,0,N,1,0,0,2,67301,0,,1,1,,N,N,,0,,0,0,0,0,0,,335,1,2,0,0,0,1,0,3,4,1,1,3,,N,,,,,,,,,,,
2007097830,1351.0,3,0,0,0,0,0,0,0,0,4,0,,67,8,2007,4,39.9585,-75.2476,1350.0,6,0,0,0,0,1,0,0,0,,0,0,0,13,1,1,2,,0,39 57:30.000,,0,75 14:51.320,8,0,0,0,67301,0,0,0,N,0,0,0,3,67301,0,,1,1,,N,N,,0,,0,0,0,0,0,,1350,1,3,0,0,0,1,0,3,4,0,3,3,,N,,,,,,,,,,,
2007097851,420.0,1,0,0,0,0,0,0,0,0,7,0,,67,7,2007,7,40.0124,-75.0584,415.0,6,0,0,0,0,0,0,0,0,,0,0,0,4,5,1,1,,0,40 00:45.000,,0,75 03:29.345,8,0,0,0,67301,0,0,0,N,0,0,0,2,67301,0,,5,9,,N,N,,0,,0,0,0,0,0,,415,1,1,0,0,0,1,0,3,4,0,1,7,,N,,,,,,,,,,,
2007093201,2217.0,2,0,0,0,0,0,0,0,0,4,0,,67,7,2007,5,40.043,-75.1444,2215.0,6,0,1,0,0,0,0,0,0,,0,0,0,22,3,1,1,,0,40 02:34.692,,0,75 08:39.933,8,0,0,0,67301,0,0,0,N,0,0,0,2,67301,0,,1,1,,N,N,,0,,0,0,0,3,3,,2215,1,2,0,0,1,1,0,3,4,0,2,3,,N,,,,,,,,,,,
2007093203,1835.0,1,0,0,0,0,0,0,0,0,4,0,,67,6,2007,6,39.9637,-75.2323,1830.0,6,0,0,0,0,0,0,0,0,,0,0,0,18,1,1,0,,0,39 57:49.194,,0,75 13:56.360,4,0,0,0,67301,0,0,0,N,0,0,0,1,67301,1,,1,1,,N,N,,0,,0,0,0,0,0,,1820,1,2,0,0,0,0,0,3,4,0,2,3,,N,,,,,,,,,,,
2007095872,2225.0,1,0,0,0,0,0,0,0,0,4,0,,67,7,2007,2,40.0564,-75.019,2220.0,6,0,1,0,0,0,0,0,0,,0,0,0,22,3,4,1,,0,40 03:23.000,,0,75 01:08.608,4,0,0,0,67301,0,0,0,,0,0,0,5,67301,4,,1,1,,,,,0,,0,0,1,9,2,,2217,4,2,0,0,0,0,0,3,4,0,2,3,,N,,,,,,,,,,,
2007027491,1613.0,2,0,0,0,0,0,0,0,0,4,0,,67,1,2007,5,39.927,-75.2435,1609.0,6,0,0,0,1,0,0,0,0,,0,0,0,15,1,1,2,,0,39 55:37.000,,0,75 14:36.583,4,0,0,0,67301,0,0,0,,0,0,0,2,67301,1,,1,1,,,,,0,,0,0,0,0,0,,1550,1,2,0,0,0,0,0,3,4,0,2,3,,N,,,,,,,,,,,
2007030116,1709.0,2,0,0,0,0,0,0,0,0,4,0,,67,1,2007,4,40.0068,-75.1321,1706.0,6,0,0,0,0,0,1,0,0,,0,0,0,16,1,1,2,,0,40 00:24.000,,0,75 07:55.714,4,0,0,0,67301,0,0,0,,0,0,0,2,67301,1,,1,1,,,,,0,,0,0,0,3,3,,1646,1,2,0,0,1,0,1,3,4,0,2,3,,N,,,,,,,,,,,
2007080187,845.0,1,0,0,0,0,0,0,0,0,8,0,,67,6,2007,3,40.0077,-75.1515,839.0,6,0,0,0,0,0,0,0,0,,0,0,0,8,1,1,1,,0,40 00:27.000,,0,75 09:05.323,4,0,0,0,67301,1,0,0,N,1,0,0,2,67301,1,,1,1,,N,N,,0,,0,0,0,3,2,,832,1,2,0,0,1,0,0,3,4,0,1,3,,N,,,,,,,,,,,
2007116918,1650.0,0,0,0,0,0,0,2,0,0,4,2,,67,10,2007,3,39.9914,-75.2415,1640.0,6,0,0,0,0,0,0,0,0,2.0,0,0,0,16,1,5,2,,1,39 59:28.881,7.0,0,75 14:29.291,4,0,0,0,67301,0,0,0,,0,0,0,5,67301,5,,1,1,,,,,0,,0,0,0,9,3,Y,1600,5,2,0,0,0,0,0,3,4,0,2,3,,N,,,,,,,,,,,
2007124108,1610.0,1,0,0,0,0,0,0,0,0,7,0,,67,11,2007,3,39.9635,-75.1478,1606.0,6,0,0,0,0,0,0,0,0,,0,0,0,14,1,1,1,,0,39 57:48.751,,0,75 08:52.112,4,0,0,0,67301,0,0,0,N,0,0,0,1,67301,1,,4,1,,N,N,,0,,0,0,0,3,2,,1400,1,1,0,0,0,0,0,3,4,0,1,3,,N,,,,,,,,,,,
2007123900,1335.0,2,0,0,0,0,0,0,0,0,1,0,,67,10,2007,7,39.9704,-75.2357,1333.0,6,0,0,0,0,0,1,0,0,,0,0,0,13,1,1,1,,0,39 58:13.274,,0,75 14:08.548,3,0,0,0,67301,0,0,0,,0,0,0,2,67301,0,,1,9,,,,,0,,1,0,1,3,2,,1331,1,4,0,0,0,0,0,3,4,0,3,7,,N,,,,,,,,,,,
2007126657,1303.0,0,0,0,0,0,0,0,0,0,2,0,,67,10,2007,2,39.9625,-75.2162,1250.0,6,0,0,0,0,0,0,1,0,,0,0,0,12,1,1,1,,0,39 57:44.000,,0,75 12:56.902,4,0,0,0,67301,0,0,0,N,0,0,0,3,67301,1,,1,1,,N,N,,0,,0,0,1,3,2,,1249,1,2,0,0,0,0,0,3,4,1,2,3,,N,,,,,,,,,,,
2007121645,1835.0,0,0,0,0,0,0,0,0,0,6,1,,67,10,2007,4,39.9639,-75.1847,1819.0,6,0,0,0,0,0,0,0,0,1.0,0,1,0,18,1,0,2,,2,39 57:50.000,4.0,2,75 11:05.085,0,0,0,0,67301,0,0,0,N,0,0,0,2,68K01,0,,1,1,,N,N,,0,,0,0,0,0,0,Y,1800,0,2,0,0,0,0,0,3,4,1,2,3,,N,,,,,,,,,,,
2007047739,1630.0,2,0,0,0,0,0,0,0,0,4,0,,67,2,2007,1,39.9997,-75.1385,1603.0,6,0,0,0,0,0,0,0,0,,0,0,0,16,1,0,1,,0,39 59:59.000,,0,75 08:18.619,9,0,0,0,67301,0,0,0,N,0,0,0,6,67301,0,,1,7,,N,N,,0,,0,0,0,0,0,,1603,0,3,0,0,0,0,5,3,4,1,3,10,,N,,,,,,,,,,,
2007106375,1755.0,0,0,0,0,0,0,1,0,0,4,1,,67,9,2007,6,40.0151,-75.1701,1752.0,6,0,0,0,0,0,1,0,0,,0,0,0,17,1,1,0,,0,40 00:54.360,,0,75 10:12.360,8,0,0,0,67301,0,0,0,N,0,0,0,2,67301,0,,3,1,,N,N,,0,,0,0,0,0,0,,1752,1,2,0,0,0,1,1,3,4,1,2,3,,N,,,,,,,,,,,
2007108862,2020.0,1,0,0,0,0,0,0,0,0,8,0,,67,9,2007,4,40.0434,-75.0298,2010.0,6,0,0,0,0,0,0,0,0,,0,0,0,20,1,1,1,,0,40 02:36.000,,0,75 01:47.119,8,0,0,0,67301,1,0,0,,1,0,0,3,67301,0,,1,1,,,,,0,,0,0,0,0,0,,2010,1,2,0,0,0,1,0,3,4,0,1,3,,N,,,,,,,,,,,
2007108872,1550.0,2,0,0,0,0,0,0,0,0,5,0,,67,9,2007,3,40.0392,-75.11,1543.0,6,0,0,0,0,0,0,0,0,,0,0,0,15,1,1,2,,0,40 02:20.000,,0,75 06:36.006,3,0,0,0,67301,0,0,0,N,0,0,0,6,67301,0,,1,9,,N,N,,0,,1,0,0,3,2,,1530,1,2,0,0,0,0,0,3,4,0,2,7,,N,,,,,,,,,,,
2007106486,300.0,3,0,0,0,0,0,0,0,0,1,0,,67,8,2007,7,39.9378,-75.234,254.0,6,0,0,0,0,0,0,1,0,,0,0,0,2,3,1,1,,0,39 56:16.000,,0,75 14:02.266,3,0,0,0,67301,0,0,0,N,0,0,0,2,67301,0,,1,1,,N,N,,0,,1,0,0,3,2,,230,1,3,0,0,0,0,1,3,4,0,3,3,,N,,,,,,,,,,,
2007106075,1340.0,1,0,0,0,0,0,0,0,0,4,0,,67,9,2007,4,39.9632,-75.2467,1338.0,6,0,0,0,0,0,0,0,0,,0,0,0,12,1,1,0,,0,39 57:46.000,,0,75 14:48.260,8,0,0,0,67301,0,0,0,N,0,0,0,2,67301,0,,1,1,,N,N,,0,,0,0,0,0,0,,1235,1,2,0,0,1,1,0,3,4,1,2,3,,N,,,,,,,,,,,
2007098601,1135.0,3,0,0,0,0,0,0,0,0,1,0,,67,8,2007,7,39.913,-75.1721,1130.0,6,0,0,0,0,0,1,0,1,,0,0,0,11,1,0,1,,0,39 54:46.000,,1,75 10:19.601,0,0,0,0,67301,0,0,0,N,0,0,0,8,67301,0,,1,1,,N,N,,0,,0,0,0,3,2,,1125,0,3,0,0,0,0,0,3,4,0,3,3,,N,,,,,,,,,,,
2007098781,1403.0,2,0,0,0,0,0,0,0,0,4,0,,67,8,2007,5,39.9625,-75.2162,1403.0,6,0,0,0,0,0,0,0,0,,0,0,0,14,1,1,1,,0,39 57:44.000,,0,75 12:56.902,4,0,0,0,67301,0,0,0,N,0,0,0,4,67301,1,,1,1,,N,N,,0,,0,0,0,3,2,,1400,1,2,0,0,0,0,0,3,4,0,2,3,,N,,,,,,,,,,,
2007098785,1810.0,1,0,0,0,0,0,0,0,0,1,0,,67,8,2007,2,39.9574,-75.1587,1807.0,6,0,0,0,0,0,0,0,0,,0,0,0,18,1,0,0,,0,39 57:26.640,,0,75 09:31.320,0,0,0,0,67301,0,0,0,N,0,0,0,2,67301,0,,1,9,,N,N,,1,,0,0,0,0,0,,1805,0,2,0,0,0,0,0,3,4,0,2,7,,N,,,,,,,,,,,
2007081632,1254.0,1,0,0,0,0,0,0,0,0,6,0,,67,5,2007,2,40.0226,-75.0555,1247.0,6,0,0,0,0,1,0,0,0,,0,0,0,12,1,3,1,,0,40 01:21.000,,0,75 03:19.890,4,0,0,0,67301,0,0,0,,0,0,0,3,67301,2,,1,9,,N,N,,0,,0,0,1,3,3,,1240,3,2,0,0,3,1,0,3,4,0,2,7,,N,,,,,,,,,,,
2007081651,1925.0,1,0,0,0,0,0,0,0,0,4,0,,67,6,2007,7,39.9215,-75.1473,1925.0,6,0,0,0,0,0,0,0,0,,0,0,0,19,1,0,1,,0,39 55:17.000,,0,75 08:50.248,0,0,0,0,67301,0,0,0,N,0,0,0,4,67301,0,,1,1,,N,N,,1,,0,0,0,9,3,,1925,0,2,0,0,0,0,0,3,4,0,2,3,,N,,,,,,,,,,,
2007120269,1000.0,2,0,0,0,0,0,0,0,0,4,0,,67,10,2007,2,40.0647,-74.9823,957.0,6,0,0,0,0,0,1,0,0,,0,0,0,9,1,3,1,,0,40 03:52.000,,0,74 58:56.122,4,0,0,0,67301,0,0,0,,0,0,0,5,67301,1,,1,1,,N,N,,1,,0,0,0,3,2,,945,3,3,0,0,0,2,0,3,4,0,3,3,,N,,,,,,,,,,,
2007081749,2042.0,1,0,0,0,0,0,0,0,0,8,0,,67,6,2007,6,39.9721,-75.2469,2042.0,6,0,0,0,0,0,1,0,0,,0,0,0,20,4,2,1,,0,39 58:19.000,,0,75 14:48.761,8,0,0,0,67301,2,0,0,N,2,0,0,3,67301,0,,1,1,,N,N,,0,,0,0,0,3,2,,2041,2,3,0,0,0,2,0,3,4,0,1,3,,N,,,,,,,,,,,
2007081559,2142.0,0,0,0,0,0,0,0,0,0,7,0,,67,5,2007,4,40.0819,-74.9818,2139.0,6,0,0,0,0,0,0,0,0,,0,0,0,21,2,0,0,,0,40 04:54.697,,0,74 58:54.441,0,0,0,0,67301,0,0,0,,0,0,0,1,67301,0,,5,1,,,,,1,,0,0,0,0,0,,2135,0,1,0,0,0,0,0,3,4,0,1,3,,N,,,,,,,,,,,
2007116140,1642.0,0,0,0,0,0,0,0,0,0,7,0,,67,10,2007,3,39.9333,-75.1998,1640.0,6,0,0,0,0,0,0,0,0,,0,0,0,16,1,0,0,,0,39 55:59.737,,0,75 11:59.133,0,0,0,0,67301,0,0,0,N,0,0,0,2,67301,0,,3,1,,N,N,,1,,0,0,0,0,0,,1635,0,1,0,0,0,0,0,3,4,0,1,3,,N,,,,,,,,,,,
2007126511,1305.0,2,0,0,0,0,0,0,0,0,6,0,,67,10,2007,6,39.9935,-75.1871,1300.0,6,0,0,0,0,0,0,0,0,,0,0,0,99,1,0,2,,0,39 59:36.661,,0,75 11:13.689,9,0,0,0,67301,0,0,0,N,0,0,0,3,67301,0,,1,9,,N,N,,0,,0,0,0,0,0,,9999,0,2,0,0,0,0,1,3,4,0,2,3,,N,,,,,,,,,,,
2007126518,2210.0,2,0,0,0,0,0,0,0,0,4,0,,67,10,2007,7,39.9041,-75.2262,2204.0,6,0,0,0,0,1,0,0,0,,0,0,0,22,3,1,1,,0,39 54:14.630,,0,75 13:34.143,8,0,0,0,67301,0,0,0,N,0,0,0,3,67301,0,,1,1,,N,N,,0,,0,0,0,3,3,,2204,1,2,0,0,0,1,0,3,4,0,2,3,,N,,,,,,,,,,,
2007107734,1842.0,0,0,0,0,0,0,0,0,0,7,0,,67,9,2007,5,40.0265,-75.0938,1834.0,6,0,0,0,0,0,1,0,0,,0,0,0,18,1,0,2,,0,40 01:35.000,,0,75 05:38.101,0,0,0,0,67301,0,0,0,Y,0,0,0,1,67301,0,,5,1,,N,N,,1,,0,0,0,3,3,,1832,0,1,0,0,0,0,0,3,4,0,1,3,,N,,,,,,,,,,,
2007107843,1226.0,1,0,0,0,0,0,0,0,0,8,0,,67,8,2007,3,39.9331,-75.1559,1226.0,6,0,0,0,0,0,1,0,0,,0,0,0,12,1,1,0,,0,39 55:58.983,,0,75 09:21.290,4,0,0,0,67301,1,0,0,N,1,0,0,2,67301,1,,1,1,,N,N,,0,,0,0,0,0,0,,1225,1,2,0,0,0,0,0,3,4,0,1,3,,N,,,,,,,,,,,
2007100120,1209.0,2,0,0,0,0,0,0,0,0,1,0,,67,8,2007,4,39.9653,-75.1859,1204.0,6,0,0,0,0,0,0,0,0,,0,0,0,12,1,0,0,,0,39 57:55.000,,0,75 11:09.973,9,0,0,0,67301,0,0,0,N,0,0,0,5,68K01,0,,1,1,,N,N,,0,,0,0,1,0,0,,1201,0,3,0,0,0,0,1,3,4,0,3,3,,N,,,,,,,,,,,
2007097757,330.0,1,0,0,0,0,0,0,0,0,7,0,,67,8,2007,6,40.0549,-75.0539,329.0,6,0,0,0,0,0,0,0,0,,0,0,0,3,3,1,1,,0,40 03:17.000,,0,75 03:14.193,8,0,0,0,67301,0,0,0,N,0,0,0,1,67301,0,,5,1,,N,N,,0,,0,0,0,3,2,,321,1,1,0,0,0,1,0,3,4,0,1,3,,N,,,,,,,,,,,
2007098537,1830.0,2,0,0,0,0,0,0,0,0,8,0,,67,8,2007,6,39.9664,-75.2156,1804.0,6,0,0,0,0,0,0,0,0,,0,0,0,99,1,1,0,,0,39 57:59.065,,7,75 12:56.055,4,0,0,0,67301,1,0,0,N,1,0,0,2,67301,1,,1,1,,N,N,,0,,0,0,0,0,0,,9999,1,3,0,0,0,0,0,3,4,0,2,3,,N,,,,,,,,,,,
2007093154,100.0,1,0,0,0,0,0,0,0,0,1,0,,67,6,2007,5,39.9456,-75.1899,57.0,6,0,0,0,0,0,1,0,0,2.0,0,0,0,0,3,0,0,,1,39 56:44.000,4.0,0,75 11:23.630,0,0,0,0,67301,0,0,0,N,0,0,0,8,67301,0,,1,9,,N,N,,0,,0,0,1,0,0,N,55,0,2,0,0,0,0,0,3,4,0,2,7,,N,,,,,,,,,,,
2007095690,1344.0,1,0,0,0,0,0,0,0,0,4,1,,67,7,2007,4,39.9358,-75.2311,1338.0,6,0,0,0,0,0,1,0,0,,0,1,0,13,1,1,1,,0,39 56:09.042,,0,75 13:52.046,8,0,0,0,67301,0,0,0,N,0,0,0,3,67301,0,,1,1,,N,N,,0,,0,0,0,3,2,,1300,1,2,0,0,0,1,0,3,4,0,2,3,,N,,,,,,,,,,,
2007093361,1918.0,1,0,0,0,0,0,0,0,0,8,0,,67,7,2007,1,39.9965,-75.1373,1914.0,6,0,0,0,0,0,0,0,0,,0,0,0,19,1,1,0,,0,39 59:47.265,,0,75 08:14.308,4,0,0,0,67301,1,0,0,N,1,0,0,2,67301,1,,1,1,,N,N,,0,,0,0,0,0,0,,1905,1,2,0,0,0,0,0,3,4,0,1,3,,N,,,,,,,,,,,
2007022281,921.0,1,0,0,0,0,0,0,0,0,6,0,,67,1,2007,6,40.0794,-75.0409,919.0,6,0,0,0,0,1,0,0,0,,0,0,0,9,1,1,0,,0,40 04:45.710,,0,75 02:27.272,8,0,0,0,67301,0,0,0,,0,0,0,1,67301,0,,6,2,,N,N,,0,,0,0,1,0,0,,917,1,2,0,0,0,1,0,3,4,0,2,10,,N,,,,,,,,,,,
2007027552,1750.0,1,0,0,0,0,0,0,0,0,1,0,,67,1,2007,6,40.0541,-74.9859,1745.0,6,0,0,0,0,0,0,0,1,1.0,0,0,0,17,3,0,0,,1,40 03:15.000,2.0,0,74 59:09.128,9,0,0,0,67301,0,0,0,N,0,0,0,3,67301,0,,1,1,,N,N,,0,,0,0,0,0,0,N,1743,0,2,0,0,0,0,1,3,4,0,2,3,,N,,,,,,,,,,,
2007027601,1228.0,1,0,0,0,0,0,0,0,0,8,0,,67,1,2007,4,40.0058,-75.1342,1224.0,6,0,0,0,0,0,0,0,0,,0,0,0,12,1,1,3,,0,40 00:20.962,,0,75 08:03.253,8,0,0,0,67301,1,0,0,,1,0,0,2,67301,0,,1,1,,N,N,,0,,0,0,0,0,0,,1220,1,2,0,0,0,1,0,3,4,0,1,3,,N,,,,,,,,,,,
2007027651,851.0,2,0,0,0,0,0,0,0,0,4,0,,67,1,2007,7,39.9984,-75.116,850.0,6,0,0,0,0,0,0,0,0,1.0,0,0,0,8,1,0,0,,2,39 59:54.398,4.0,0,75 06:57.560,0,0,0,0,67301,0,0,0,N,0,0,0,1,67301,0,,1,1,,,N,,0,,0,0,0,0,0,Y,850,0,2,0,0,1,0,0,3,4,0,2,3,,N,,,,,,,,,,,
2007027674,2035.0,1,0,0,0,0,0,0,0,0,7,0,,67,1,2007,6,40.0194,-75.1073,2025.0,6,0,0,0,0,0,0,0,0,1.0,0,0,0,18,3,3,0,,1,40 01:09.991,1.0,0,75 06:26.377,2,0,0,0,67301,0,0,0,,0,0,0,3,67301,0,,2,1,,,,,0,,2,1,0,0,0,N,1840,3,1,0,0,0,0,0,3,4,0,1,3,,N,,,,,,,,,,,
2007022831,2135.0,1,0,0,0,0,0,0,0,0,8,0,,67,1,2007,6,39.9476,-75.2182,2130.0,6,0,0,0,0,0,0,0,0,,0,0,0,21,3,1,0,,0,39 56:51.183,,0,75 13:05.383,4,0,0,0,67301,1,0,0,N,1,0,0,2,67301,1,,5,9,,N,N,,0,,0,0,0,0,0,,2115,1,2,0,0,0,0,0,3,4,0,1,7,,N,,,,,,,,,,,