CRN,ARRIVAL_TM,AUTOMOBILE_COUNT,BELTED_DEATH_COUNT,BELTED_SUSP_SERIOUS_INJ_COUNT,BICYCLE_COUNT,BICYCLE_DEATH_COUNT,BICYCLE_SUSP_SERIOUS_INJ_COUNT,BUS_COUNT,CHLDPAS_DEATH_COUNT,CHLDPAS_SUSP_SERIOUS_INJ_COUNT,COLLISION_TYPE,COMM_VEH_COUNT,CONS_ZONE_SPD_LIM,COUNTY,CRASH_MONTH,CRASH_YEAR,DAY_OF_WEEK,DEC_LAT,DEC_LONG,DISPATCH_TM,DISTRICT,DRIVER_COUNT_16YR,DRIVER_COUNT_17YR,DRIVER_COUNT_18YR,DRIVER_COUNT_19YR,DRIVER_COUNT_20YR,DRIVER_COUNT_50_64YR,DRIVER_COUNT_65_74YR,DRIVER_COUNT_75PLUS,EST_HRS_CLOSED,FATAL_COUNT,HEAVY_TRUCK_COUNT,HORSE_BUGGY_COUNT,HOUR_OF_DAY,ILLUMINATION,INJURY_COUNT,INTERSECT_TYPE,INTERSECTION_RELATED,LANE_CLOSED,LATITUDE,LN_CLOSE_DIR,LOCATION_TYPE,LONGITUDE,MAX_SEVERITY_LEVEL,MCYCLE_DEATH_COUNT,MCYCLE_SUSP_SERIOUS_INJ_COUNT,MOTORCYCLE_COUNT,MUNICIPALITY,NONMOTR_COUNT,NONMOTR_DEATH_COUNT,NONMOTR_SUSP_SERIOUS_INJ_COUNT,NTFY_HIWY_MAINT,PED_COUNT,PED_DEATH_COUNT,PED_SUSP_SERIOUS_INJ_COUNT,PERSON_COUNT,POLICE_AGCY,POSSIBLE_INJ_COUNT,RDWY_SURF_TYPE_CD,RELATION_TO_ROAD,ROAD_CONDITION,ROADWAY_CLEARED,SCH_BUS_IND,SCH_ZONE_IND,SECONDARY_CRASH,SMALL_TRUCK_COUNT,SPEC_JURIS_CD,SUSP_MINOR_INJ_COUNT,SUSP_SERIOUS_INJ_COUNT,SUV_COUNT,TCD_FUNC_CD,TCD_TYPE,TFC_DETOUR_IND,TIME_OF_DAY,TOT_INJ_COUNT,TOTAL_UNITS,UNB_DEATH_COUNT,UNB_SUSP_SERIOUS_INJ_COUNT,UNBELTED_OCC_COUNT,UNK_INJ_DEG_COUNT,UNK_INJ_PER_COUNT,URBAN_AREA,URBAN_RURAL,VAN_COUNT,VEHICLE_COUNT,WEATHER1,WEATHER2,WORK_ZONE_IND,WORK_ZONE_LOC,WORK_ZONE_TYPE,WORKERS_PRES,WZ_CLOSE_DETOUR,WZ_FLAGGER,WZ_LAW_OFFCR_IND,WZ_LN_CLOSURE,WZ_MOVING,WZ_OTHER,WZ_SHLDER_MDN,WZ_WORKERS_INJ_KILLED
2007080949,903.0,2,0,0,0,0,0,0,0,0,4,0,,67,5,2007,6,40.0403,-75.0585,902.0,6,0,0,0,0,0,1,0,0,,0,0,0,9,1,3,1,,0,40 02:25.000,,0,75 03:30.735,4,0,0,0,67301,0,0,0,N,0,0,0,3,67301,3,,1,1,,N,N,,0,,0,0,1,3,2,,900,3,3,0,0,0,0,0,3,4,0,3,3,,N,,,,,,,,,,,
2007096720,9999.0,0,0,0,0,0,0,0,0,0,0,0,,67,8,2007,3,40.0447,-75.054,,6,0,0,0,0,0,0,0,0,,0,0,0,99,3,1,0,,0,40 02:40.920,,0,75 03:14.400,3,0,0,1,67301,0,0,0,N,0,0,0,1,67301,0,,1,1,,N,N,,0,,1,0,0,0,0,,9999,1,1,0,0,0,0,0,3,4,0,1,3,,N,,,,,,,,,,,
2007066292,1625.0,2,0,0,0,0,0,0,0,0,4,0,,67,5,2007,7,40.0557,-75.045,1621.0,6,0,0,0,0,0,0,0,0,,0,0,0,16,1,1,0,,0,40 03:20.000,,7,75 02:42.169,8,0,0,0,67301,0,0,0,,0,0,0,4,67301,0,,1,1,,N,N,,0,,0,0,0,0,0,,1621,1,2,0,0,0,1,0,3,4,0,2,3,,N,,,,,,,,,,,
2007066313,55.0,1,0,0,0,0,0,0,0,0,7,0,,67,5,2007,7,40.0642,-75.2398,50.0,6,0,0,0,0,0,0,0,0,,0,0,0,0,3,1,0,,0,40 03:52.000,,0,75 14:23.473,3,0,0,0,67301,0,0,0,N,0,0,0,1,67301,0,,2,1,,N,N,,0,,1,0,0,9,2,,50,1,1,0,0,0,0,0,3,4,0,1,3,,N,,,,,,,,,,,
2007066314,1216.0,1,0,0,0,0,0,0,0,0,8,0,,67,5,2007,4,39.9546,-75.1648,1213.0,6,0,0,0,0,0,0,0,0,,0,0,0,12,1,1,1,,0,39 57:16.000,,0,75 09:53.411,4,0,0,0,67301,1,0,0,N,1,0,0,2,67301,1,,1,1,,N,N,,0,,0,0,0,3,2,,1210,1,2,0,0,0,0,0,3,4,0,1,3,,N,,,,,,,,,,,
2007066330,650.0,2,0,0,0,0,0,0,0,0,4,0,,67,5,2007,6,39.9761,-75.2244,647.0,6,0,0,0,0,0,0,0,0,,0,0,0,6,1,1,2,,0,39 58:34.000,,0,75 13:27.977,8,0,0,0,67301,0,0,0,N,0,0,0,3,67301,0,,1,1,,N,N,,0,,0,0,0,3,3,,640,1,2,0,0,0,1,0,3,4,0,2,3,,N,,,,,,,,,,,
2007120064,1607.0,1,0,0,0,0,0,0,0,0,1,0,,67,10,2007,6,40.0546,-75.0907,1558.0,6,0,0,1,0,0,1,0,0,,0,0,0,15,1,1,0,,0,40 03:16.000,,0,75 05:26.410,3,0,0,0,67301,0,0,0,,0,0,0,4,67301,0,,1,1,,N,N,,0,,1,0,0,0,0,,1555,1,2,0,0,0,0,0,3,4,1,2,3,,N,,,,,,,,,,,
2007120099,1037.0,2,0,0,0,0,0,0,0,0,4,0,,67,10,2007,3,39.9391,-75.1851,1037.0,6,0,0,0,0,0,1,0,1,,0,0,0,10,1,3,1,,0,39 56:20.835,,0,75 11:06.525,4,0,0,0,67301,0,0,0,N,0,0,0,4,67301,1,,1,1,,N,N,,0,,0,0,0,9,3,,1037,3,2,0,0,0,2,1,3,4,0,2,3,,N,,,,,,,,,,,
2007120187,9999.0,1,0,0,0,0,0,0,0,0,8,0,,67,10,2007,6,39.9753,-75.2662,1448.0,6,0,0,0,0,0,1,0,0,,0,0,0,14,1,1,0,,0,39 58:31.152,,0,75 15:58.294,8,0,0,0,67301,1,0,0,,1,0,0,2,67301,0,,1,1,,N,Y,,0,,0,0,0,3,1,,1448,1,2,0,0,0,1,0,3,4,0,1,3,,N,,,,,,,,,,,
2007066403,1653.0,0,0,0,0,0,0,0,0,0,4,0,,67,4,2007,2,40.049,-75.0707,1644.0,6,0,0,0,0,0,1,0,0,,0,0,0,16,1,1,1,,0,40 02:56.508,,0,75 04:14.447,4,0,0,1,67301,0,0,0,N,0,0,0,4,67301,1,,1,1,,N,N,,0,,0,0,1,3,3,,1642,1,2,0,0,0,0,1,3,4,0,2,3,,N,,,,,,,,,,,
2007066475,1149.0,1,0,0,0,0,0,0,0,0,8,0,,67,4,2007,3,39.9725,-75.2537,1146.0,6,0,0,0,0,0,0,0,0,,0,0,0,11,1,1,0,,0,39 58:20.969,,0,75 15:13.313,4,0,0,0,67301,1,0,0,,1,0,0,2,67301,1,,2,1,,N,,,0,,0,0,0,3,2,,1145,1,2,0,0,0,0,1,3,4,0,1,3,,N,,,,,,,,,,,
2007066506,930.0,1,0,0,0,0,0,0,0,0,7,0,,67,5,2007,2,40.023,-75.0372,925.0,6,0,0,0,0,0,1,0,0,,0,0,0,9,1,1,0,,0,40 01:23.138,,0,75 02:13.702,4,0,0,0,67301,0,0,0,N,0,0,0,1,67301,1,,4,1,,N,N,,0,,0,0,0,0,0,,920,1,1,0,0,0,0,0,3,4,0,1,3,,N,,,,,,,,,,,
2007080077,1625.0,2,0,0,0,0,0,0,0,0,4,0,,67,6,2007,1,40.0265,-75.0437,1600.0,6,0,0,0,0,0,0,0,0,,0,0,0,99,1,1,1,,0,40 01:35.418,,0,75 02:37.247,4,0,0,0,67301,0,0,0,,0,0,0,2,67301,1,,1,1,,,,,0,,0,0,0,9,3,,9999,1,2,0,0,0,0,0,3,4,0,2,3,,N,,,,,,,,,,,
2007124126,1340.0,0,0,0,0,0,0,0,0,0,8,0,,67,11,2007,3,39.9397,-75.1681,1330.0,6,0,0,0,0,0,0,0,0,,0,0,0,13,1,1,0,,0,39 56:22.768,,0,75 10:05.023,4,0,0,0,67301,1,0,0,N,1,0,0,2,67301,1,,1,1,,N,N,,0,,0,0,0,0,0,,1329,1,2,0,0,0,0,0,3,4,0,1,3,,N,,,,,,,,,,,
2007123804,340.0,1,0,0,0,0,0,0,0,0,5,0,,67,10,2007,2,39.9613,-75.2471,337.0,6,0,0,0,0,0,0,0,0,,0,0,0,3,3,1,2,,0,39 57:40.000,,0,75 14:49.452,8,0,0,0,67301,0,0,0,,0,0,0,2,67301,0,,1,1,,,,,0,,0,0,0,3,2,,335,1,2,0,0,1,1,1,3,4,0,2,3,,N,,,,,,,,,,,
2007124165,1555.0,1,0,0,0,0,0,0,0,0,7,0,,67,11,2007,5,39.9445,-75.164,1551.0,6,0,0,0,0,0,0,0,0,2.0,0,0,0,15,1,1,0,,2,39 56:40.214,4.0,0,75 09:50.371,8,0,0,0,67301,0,0,0,N,0,0,0,3,67301,0,,5,1,,N,N,,0,,0,0,0,0,0,Y,1500,1,1,0,0,0,1,0,3,4,0,1,3,,N,,,,,,,,,,,
2007127263,2341.0,1,0,0,0,0,0,0,0,0,7,0,,67,11,2007,2,39.9944,-75.1987,2340.0,6,0,0,1,0,0,0,0,0,,0,0,0,23,3,1,0,,0,39 59:43.000,,0,75 11:52.317,4,0,0,0,67301,0,0,0,N,0,0,0,1,68K01,1,,3,9,,N,N,,0,,0,0,0,0,0,,2337,1,1,0,0,0,0,0,3,4,0,1,7,,N,,,,,,,,,,,
2007047731,2220.0,3,0,0,0,0,0,0,0,0,4,0,,67,2,2007,3,40.0505,-75.0515,2210.0,6,0,1,0,0,0,0,0,0,,0,0,0,22,3,2,0,,0,40 03:01.000,,7,75 03:05.348,4,0,0,0,67301,0,0,0,N,0,0,0,4,67301,1,,1,1,,N,N,,0,,0,0,0,0,0,,2200,2,3,0,0,3,1,0,3,4,0,3,3,,N,,,,,,,,,,,
2007047780,1245.0,2,0,0,0,0,0,0,0,0,5,0,,67,2,2007,1,39.9209,-75.215,1240.0,6,0,0,0,1,0,0,0,0,1.0,0,0,0,12,1,1,0,,1,39 55:15.243,2.0,0,75 12:53.884,8,0,0,0,67301,0,0,0,N,0,0,0,3,67301,0,,5,1,,N,N,,0,,0,0,0,0,0,N,1235,1,2,0,0,0,1,0,3,4,0,2,3,,N,,,,,,,,,,,
2007105863,1310.0,0,0,0,0,0,0,0,0,0,8,0,,67,8,2007,3,40.0167,-75.1496,1300.0,6,0,0,0,0,0,0,0,0,,0,0,0,18,1,1,0,,0,40 01:00.000,,0,75 08:58.514,4,0,0,0,67301,1,0,0,,1,0,0,2,67301,1,,1,9,,,,,0,,0,0,0,9,2,,1800,1,2,0,0,0,0,0,3,4,0,1,7,,N,,,,,,,,,,,
2007108838,1611.0,1,0,0,0,0,0,0,0,0,1,0,,67,8,2007,1,39.9747,-75.1214,1611.0,6,0,0,0,1,0,0,0,0,,0,0,0,14,1,1,3,,0,39 58:29.000,,2,75 07:17.194,4,0,0,0,67301,0,0,0,N,0,0,0,5,67301,1,,1,1,,N,N,,0,,0,0,0,3,3,,1400,1,2,0,0,0,0,0,3,4,1,2,3,,N,,,,,,,,,,,
2007108857,2010.0,0,0,0,0,0,0,0,0,0,7,0,,67,6,2007,3,40.0177,-75.2021,2010.0,6,0,0,0,0,0,0,0,0,,0,0,0,20,4,0,10,,0,40 01:03.829,,0,75 12:07.732,0,0,0,0,67301,0,0,0,N,0,0,0,1,67301,0,,4,9,,N,N,,0,,0,0,1,0,0,,2010,0,1,0,0,0,0,0,3,4,0,1,98,,N,,,,,,,,,,,
2007108875,1452.0,1,0,0,0,0,0,0,0,0,7,0,,67,9,2007,4,40.0234,-75.0334,1452.0,6,0,0,0,0,0,0,0,0,1.0,0,0,0,14,1,2,7,,2,40 01:24.000,1.0,2,75 02:00.444,4,0,0,0,67301,0,0,0,N,0,0,0,4,67301,2,,2,1,,N,N,,0,,0,0,0,0,0,N,1451,2,1,0,0,2,0,0,3,4,0,1,3,,N,,,,,,,,,,,
2007106054,2120.0,1,0,0,1,0,0,0,0,0,4,0,,67,8,2007,3,39.9694,-75.163,2120.0,6,0,0,0,0,0,1,0,0,,0,0,0,21,3,1,0,,0,39 58:09.729,,0,75 09:46.655,3,0,0,0,67301,1,0,0,N,0,0,0,2,67301,0,,1,9,,N,N,,0,,1,0,0,0,0,,2120,1,2,0,0,0,0,0,3,4,0,1,7,,N,,,,,,,,,,,
2007111475,850.0,1,0,0,0,0,0,1,0,0,4,1,,67,9,2007,2,40.0462,-75.1661,846.0,6,0,0,0,0,0,0,0,0,,0,0,0,8,1,5,1,,0,40 02:46.000,,0,75 09:57.863,8,0,0,0,67301,0,0,0,N,0,0,0,8,67301,0,,1,1,,N,N,,0,,0,0,0,9,3,,842,5,2,0,0,0,5,0,3,4,0,2,3,,N,,,,,,,,,,,
2007106544,830.0,1,0,0,0,0,0,0,0,0,4,0,,67,8,2007,5,40.0774,-75.1755,825.0,6,0,0,0,0,0,0,0,0,,0,0,0,8,1,0,1,,0,40 04:38.000,,0,75 10:31.880,0,0,0,0,67301,0,0,0,N,0,0,0,2,67301,0,,1,1,,N,N,,0,,0,0,1,2,2,,800,0,2,0,0,0,0,0,3,4,0,2,3,,N,,,,,,,,,,,
2007098775,1220.0,1,0,0,0,0,0,0,0,0,2,0,,67,8,2007,4,39.9701,-75.2431,1217.0,6,0,0,0,0,0,0,0,0,,0,0,0,12,1,0,1,,0,39 58:12.414,,0,75 14:35.300,0,0,0,0,67301,0,0,0,N,0,0,0,2,67301,0,,1,1,,N,N,,0,,0,0,1,3,3,,1200,0,2,0,0,0,0,0,3,4,0,2,3,,N,,,,,,,,,,,
2007098685,2049.0,0,0,0,0,0,0,0,0,0,8,0,,67,8,2007,5,39.9638,-75.2304,2043.0,6,0,0,0,0,0,0,0,0,,0,0,0,20,3,1,0,,0,39 57:49.780,,0,75 13:49.332,3,0,0,0,67301,1,0,0,N,1,0,0,2,67301,0,,1,1,,N,N,,0,,1,0,0,0,0,,2043,1,2,0,0,0,0,1,3,4,0,1,3,,N,,,,,,,,,,,
2007081424,9999.0,0,0,0,0,0,0,0,0,0,8,0,,67,6,2007,3,39.9415,-75.238,,6,0,0,0,0,0,0,0,0,,0,0,0,99,1,1,2,,0,39 56:29.602,,0,75 14:16.923,4,0,0,0,67301,1,0,0,,1,0,0,2,67301,1,,1,1,,N,N,,0,,0,0,1,3,3,,9999,1,2,0,0,0,0,0,3,4,0,1,3,,N,,,,,,,,,,,
2007120270,1630.0,1,0,0,0,0,0,0,0,0,8,0,,67,10,2007,3,40.0423,-75.0178,1620.0,6,0,0,0,0,0,0,0,0,,0,0,0,99,3,1,1,,0,40 02:32.172,,0,75 01:04.216,3,0,0,0,67301,1,0,0,N,1,0,0,2,67301,0,,1,1,,N,N,,0,,1,0,0,3,3,,9999,1,2,0,0,0,0,0,3,4,0,1,3,,N,,,,,,,,,,,
2007120319,1450.0,0,0,0,0,0,0,0,0,0,8,0,,67,9,2007,6,39.9536,-75.1732,1449.0,6,0,0,0,0,0,0,0,0,,0,0,0,14,1,1,1,,0,39 57:12.000,,0,75 10:23.682,4,0,0,0,67301,1,0,0,,1,0,0,2,67301,1,,1,1,,N,N,,0,,0,0,0,3,2,,1448,1,2,0,0,0,0,0,3,4,1,1,3,,N,,,,,,,,,,,
2007081344,1550.0,2,0,0,0,0,0,0,0,0,6,0,,67,6,2007,6,40.0077,-75.127,1545.0,6,0,0,0,0,0,0,0,0,,0,0,0,15,1,1,0,,0,40 00:27.720,,0,75 07:37.200,3,0,0,0,67301,0,0,0,N,0,0,0,6,67301,0,,1,1,,N,N,,0,,1,0,0,0,0,,1530,1,2,0,0,0,0,0,3,4,0,2,3,,N,,,,,,,,,,,
2007081345,1705.0,1,0,0,0,0,0,0,0,0,8,0,,67,6,2007,6,40.0187,-75.1388,1657.0,6,0,0,0,0,0,0,0,0,,0,0,0,16,1,1,1,,0,40 01:07.194,,0,75 08:19.582,4,0,0,0,67301,1,0,0,N,1,0,0,2,67301,1,,1,1,,N,N,,0,,0,0,0,0,0,,1655,1,2,0,0,1,0,0,3,4,0,1,3,,N,,,,,,,,,,,
2007081753,1944.0,2,0,0,0,0,0,0,0,0,8,0,,67,4,2007,3,39.9952,-75.1473,1938.0,6,0,0,0,0,0,0,0,0,,0,0,0,19,4,3,0,,0,39 59:42.806,,0,75 08:50.303,2,0,0,0,67301,3,0,3,N,3,0,3,5,67301,0,,5,1,,N,N,,0,,0,3,0,0,0,,1936,3,5,0,0,0,0,2,3,4,0,2,3,,N,,,,,,,,,,,
2007081760,1852.0,2,0,0,0,0,0,0,0,0,4,0,,67,5,2007,2,39.9419,-75.2334,1849.0,6,0,0,0,0,0,0,0,1,,0,0,0,18,1,1,1,,0,39 56:30.883,,0,75 14:00.088,8,0,0,0,67301,0,0,0,N,0,0,0,2,67301,0,,1,1,,N,N,,0,,0,0,0,9,3,,1820,1,2,0,0,0,1,0,3,4,0,2,3,,N,,,,,,,,,,,
2007126416,1532.0,0,0,0,1,0,0,0,0,0,4,0,,67,11,2007,6,40.0127,-75.1538,1530.0,6,0,0,0,0,0,1,0,0,,0,0,0,15,1,1,1,,0,40 00:45.824,,0,75 09:13.651,4,0,0,0,67301,2,0,0,,0,0,0,3,67301,1,,1,1,,,,,0,,0,0,1,9,3,,1510,1,2,0,0,0,0,0,3,4,0,1,3,,N,,,,,,,,,,,
2007126482,1552.0,1,0,0,0,0,0,0,0,0,4,0,,67,10,2007,2,39.9935,-75.1871,1552.0,6,0,0,0,0,1,0,0,1,,0,0,0,15,1,2,3,,0,39 59:36.666,,0,75 11:13.693,8,0,0,0,67301,0,0,0,,0,0,0,4,67301,0,,1,1,,N,N,,1,,0,0,0,3,3,,1552,2,2,0,0,4,2,0,3,4,0,2,3,,N,,,,,,,,,,,
2007107735,2010.0,2,0,0,0,0,0,0,0,0,1,0,,67,9,2007,5,39.8877,-75.2038,2005.0,6,0,0,0,0,0,1,0,0,1.0,0,0,0,2,3,2,0,,1,39 53:33.000,1.0,3,75 11:49.978,8,0,0,0,67301,0,0,0,,0,0,0,3,67301,0,,1,1,,,,,0,,0,0,0,0,0,N,200,2,2,0,0,0,2,0,3,4,0,2,3,,N,,,,,,,,,,,
2007105921,918.0,2,0,0,0,0,0,0,0,0,1,0,,67,8,2007,5,40.0771,-75.0,916.0,6,0,0,0,0,0,0,0,0,,0,0,0,9,1,1,0,,0,40 04:37.000,,0,75 00:00.001,4,0,0,0,67301,0,0,0,N,0,0,0,2,67301,1,,6,1,,N,N,,0,,0,0,1,0,0,,915,1,3,0,0,2,0,0,3,4,0,3,3,,N,,,,,,,,,,,
2007098501,210.0,1,0,0,0,0,0,0,0,0,7,0,,67,7,2007,2,39.9598,-75.1773,210.0,6,0,1,0,0,0,0,0,0,1.0,0,0,0,2,3,0,0,,1,39 57:37.000,4.0,0,75 10:52.099,0,0,0,0,67301,0,0,0,N,0,0,0,4,67301,0,,2,1,,N,N,,0,,0,0,0,0,0,N,209,0,1,0,0,0,0,0,3,4,0,1,3,,N,,,,,,,,,,,
2007098131,2320.0,1,0,0,0,0,0,0,0,0,7,0,,67,7,2007,3,40.0291,-75.0891,2315.0,6,0,0,0,0,0,0,0,0,1.0,0,0,0,23,3,0,0,,2,40 01:44.000,1.0,0,75 05:20.520,0,0,0,0,67301,0,0,0,N,0,0,0,1,67301,0,,3,1,,N,N,,0,,0,0,0,0,0,Y,2315,0,1,0,0,0,0,0,3,4,0,1,3,,N,,,,,,,,,,,
2007022241,1111.0,2,0,0,0,0,0,0,0,0,4,0,,67,1,2007,3,39.9765,-75.2353,1107.0,6,0,0,0,0,0,0,0,0,,0,0,0,11,1,3,1,,0,39 58:35.313,,0,75 14:07.216,4,0,0,0,67301,0,0,0,,0,0,0,4,67301,3,,1,9,,N,N,,0,,0,0,0,3,2,,1100,3,2,0,0,1,0,1,3,4,0,2,3,,N,,,,,,,,,,,
2007022291,1144.0,0,0,0,0,0,0,1,0,0,1,1,,67,1,2007,3,40.0317,-75.0854,1140.0,6,0,0,0,0,0,0,0,0,,0,0,0,11,1,1,0,,0,40 01:54.291,,0,75 05:07.528,4,0,0,0,67301,0,0,0,,0,0,0,2,67301,1,,1,1,,N,N,,0,,0,0,1,9,2,,1130,1,2,0,0,0,0,0,3,4,0,2,3,,N,,,,,,,,,,,
2007027484,1106.0,1,0,0,0,0,0,0,0,0,4,0,,67,1,2007,6,40.0445,-75.1931,1101.0,6,0,0,0,0,0,1,0,0,,0,0,0,10,1,2,1,,0,40 02:40.000,,0,75 11:35.236,3,0,0,0,67301,0,0,0,N,0,0,0,2,67301,0,,1,9,,N,N,,0,,2,0,1,9,2,,1055,2,2,0,0,0,0,0,3,4,0,2,7,,N,,,,,,,,,,,
2007027487,50.0,1,0,0,0,0,0,0,0,0,2,0,,67,1,2007,7,40.055,-75.1576,46.0,6,0,0,0,0,0,1,0,0,,0,0,0,0,3,1,5,,0,40 03:18.000,,0,75 09:27.273,4,0,0,0,67301,0,0,0,N,0,0,0,2,67301,1,,1,1,,N,N,,0,,0,0,1,3,2,,20,1,2,0,0,0,0,0,3,4,0,2,3,,N,,,,,,,,,,,
2007027618,1330.0,2,0,0,0,0,0,0,0,0,4,0,,67,1,2007,3,39.9855,-75.2585,1325.0,6,0,0,0,0,0,0,0,1,,0,0,0,13,1,1,1,,0,39 59:07.000,,0,75 15:30.753,8,0,0,0,67301,0,0,0,,0,0,0,3,67301,0,,1,1,,N,N,,0,,0,0,0,3,2,,1312,1,2,0,0,0,1,0,3,4,0,2,3,,N,,,,,,,,,,,
2007027631,835.0,1,0,0,0,0,0,0,0,0,7,0,,67,1,2007,7,39.9057,-75.1942,831.0,6,0,0,0,0,0,0,0,0,,0,0,0,8,1,0,1,,0,39 54:20.000,,0,75 11:38.863,0,0,0,0,67301,0,0,0,Y,0,0,0,1,67301,0,,3,9,,N,N,,0,,0,0,0,3,2,,830,0,1,0,0,0,0,0,3,4,0,1,7,,N,,,,,,,,,,,
2007022678,1836.0,1,0,0,0,0,0,0,0,0,1,0,,67,1,2007,7,40.1214,-75.0116,1833.0,6,1,0,0,0,0,0,0,0,,0,0,0,18,3,1,0,,0,40 07:16.878,,0,75 00:41.756,8,0,0,0,67301,0,0,0,N,0,0,0,4,67301,0,,1,1,,N,N,,0,,0,0,2,0,0,,1830,1,3,0,0,0,1,0,3,4,0,3,3,,N,,,,,,,,,,,
2007060920,1647.0,2,0,0,0,0,0,0,0,0,4,0,,67,4,2007,7,,,1645.0,6,0,0,0,0,1,0,0,0,3.0,1,0,0,16,1,0,0,,2,,3.0,0,,1,1,0,1,67301,0,0,0,N,0,0,0,1,67301,0,2.0,6,1,,N,N,,0,0.0,0,0,0,0,0,Y,1643,0,3,0,0,0,0,0,3,3,0,3,3,,N,,,,,,,,,,,
2007124682,1559.0,2,0,0,0,0,0,0,0,0,1,0,,67,10,2007,4,40.0614,-75.0238,1551.0,6,0,0,0,0,0,0,0,0,,0,0,0,15,1,3,2,,0,40 03:40.881,,0,75 01:25.557,4,0,0,0,67301,0,0,0,N,0,0,0,3,67301,3,,1,1,,N,N,,0,,0,0,0,0,0,,1541,3,2,0,0,3,0,0,3,4,0,2,3,,N,,,,,,,,,,,
2007124764,625.0,2,0,0,0,0,0,0,0,0,1,0,,67,11,2007,4,40.0533,-75.1895,621.0,6,0,0,0,0,0,0,0,0,,0,0,0,6,1,2,0,,0,40 03:12.045,,0,75 11:22.228,4,0,0,0,67301,0,0,0,N,0,0,0,2,67301,2,,1,1,,N,N,,0,,0,0,1,0,0,,620,2,3,0,0,0,0,0,3,4,0,3,3,,N,,,,,,,,,,,
2007123800,9999.0,0,0,0,0,0,0,0,0,0,8,0,,67,11,2007,1,39.9613,-75.2471,1050.0,6,0,0,0,0,0,0,0,0,,0,0,0,10,1,1,2,,0,39 57:40.000,,0,75 14:49.452,4,0,0,0,67301,1,0,0,,1,0,0,2,67301,1,,1,1,,,,,0,,0,0,1,3,2,,1015,1,2,0,0,0,0,0,3,4,0,1,3,,N,,,,,,,,,,,
2007123805,1735.0,2,0,0,0,0,0,0,0,0,4,0,,67,11,2007,2,39.9572,-75.2214,1700.0,6,0,0,0,0,0,0,0,0,,0,0,0,17,4,2,1,,0,39 57:25.981,,0,75 13:17.079,3,0,0,0,67301,0,0,0,N,0,0,0,5,67301,1,,1,1,,N,N,,0,,1,0,0,3,3,,1700,2,2,0,0,0,0,0,3,4,0,2,3,,N,,,,,,,,,,,
2007126639,1020.0,2,0,0,0,0,0,0,0,0,4,0,,67,10,2007,1,40.0349,-75.1844,1013.0,6,0,0,0,0,0,0,0,0,,0,0,0,10,1,2,1,,0,40 02:05.000,,0,75 11:03.689,8,0,0,0,67301,0,0,0,,0,0,0,2,67301,0,,1,1,,,,,0,,0,0,0,3,2,,1010,2,2,0,0,0,2,0,3,4,0,2,3,,N,,,,,,,,,,,
2007126660,223.0,1,0,0,0,0,0,0,0,0,7,0,,67,10,2007,5,40.0256,-75.0281,209.0,6,0,0,0,0,0,0,0,0,,0,0,0,2,3,0,0,,0,40 01:31.000,,2,75 01:42.631,0,0,0,0,67301,0,0,0,Y,0,0,0,1,67301,0,,2,9,,N,N,,0,,0,0,0,0,0,,209,0,1,0,0,0,0,0,3,4,0,1,7,,N,,,,,,,,,,,
2007124156,1900.0,2,0,0,0,0,0,0,0,0,1,0,,67,11,2007,7,40.0448,-75.0335,1830.0,6,0,0,0,0,0,0,1,0,,0,0,0,18,3,1,0,,0,40 02:41.273,,0,75 02:00.708,4,0,0,0,67301,1,0,0,N,0,0,0,2,67301,1,,2,1,,N,N,,0,,0,0,0,0,0,,1820,1,2,0,0,0,0,0,3,4,0,2,3,,N,,,,,,,,,,,
2007047736,1520.0,2,0,0,0,0,0,0,0,0,1,0,,67,3,2007,3,40.0379,-75.0474,1520.0,6,0,0,0,0,0,1,0,0,,0,0,0,15,1,1,1,,0,40 02:16.440,,0,75 02:50.675,4,0,0,0,67301,0,0,0,N,0,0,0,2,67301,1,,1,1,,N,N,,0,,0,0,0,2,3,,1510,1,2,0,0,0,0,1,3,4,0,2,3,,N,,,,,,,,,,,
2007068139,205.0,1,0,0,0,0,0,0,0,0,5,0,,67,5,2007,7,39.9278,-75.1541,200.0,6,0,0,0,0,0,0,0,0,3.0,0,0,0,1,3,1,0,,2,39 55:39.966,4.0,0,75 09:14.626,8,0,0,0,67301,0,0,0,N,0,0,0,1,67301,0,,1,1,,N,N,,1,,0,0,0,0,0,N,153,1,2,0,0,0,1,0,3,4,0,2,3,,N,,,,,,,,,,,
2007116213,1535.0,1,0,0,0,0,0,0,0,0,8,0,,67,10,2007,5,39.9995,-75.1608,1531.0,6,0,0,0,0,0,1,0,0,,0,0,0,14,1,1,0,,0,39 59:58.029,,0,75 09:38.714,4,0,0,0,67301,1,0,0,,1,0,0,3,67301,1,,1,1,,,,,0,,0,0,0,0,0,,1455,1,2,0,0,0,0,0,3,4,0,1,3,,N,,,,,,,,,,,
2007116255,1135.0,2,0,0,0,0,0,0,0,0,4,0,,67,10,2007,5,40.0304,-75.1499,1730.0,6,0,0,0,0,0,1,0,0,,0,0,0,10,1,1,2,,0,40 01:49.407,,0,75 08:59.762,4,0,0,0,67301,0,0,0,N,0,0,0,2,67301,1,,1,1,,N,,,0,,0,0,0,3,3,,1045,1,2,0,0,0,0,1,3,4,0,2,3,,N,,,,,,,,,,,