CRN,ARRIVAL_TM,AUTOMOBILE_COUNT,BELTED_DEATH_COUNT,BELTED_SUSP_SERIOUS_INJ_COUNT,BICYCLE_COUNT,BICYCLE_DEATH_COUNT,BICYCLE_SUSP_SERIOUS_INJ_COUNT,BUS_COUNT,CHLDPAS_DEATH_COUNT,CHLDPAS_SUSP_SERIOUS_INJ_COUNT,COLLISION_TYPE,COMM_VEH_COUNT,CONS_ZONE_SPD_LIM,COUNTY,CRASH_MONTH,CRASH_YEAR,DAY_OF_WEEK,DEC_LAT,DEC_LONG,DISPATCH_TM,DISTRICT,DRIVER_COUNT_16YR,DRIVER_COUNT_17YR,DRIVER_COUNT_18YR,DRIVER_COUNT_19YR,DRIVER_COUNT_20YR,DRIVER_COUNT_50_64YR,DRIVER_COUNT_65_74YR,DRIVER_COUNT_75PLUS,EST_HRS_CLOSED,FATAL_COUNT,HEAVY_TRUCK_COUNT,HORSE_BUGGY_COUNT,HOUR_OF_DAY,ILLUMINATION,INJURY_COUNT,INTERSECT_TYPE,INTERSECTION_RELATED,LANE_CLOSED,LATITUDE,LN_CLOSE_DIR,LOCATION_TYPE,LONGITUDE,MAX_SEVERITY_LEVEL,MCYCLE_DEATH_COUNT,MCYCLE_SUSP_SERIOUS_INJ_COUNT,MOTORCYCLE_COUNT,MUNICIPALITY,NONMOTR_COUNT,NONMOTR_DEATH_COUNT,NONMOTR_SUSP_SERIOUS_INJ_COUNT,NTFY_HIWY_MAINT,PED_COUNT,PED_DEATH_COUNT,PED_SUSP_SERIOUS_INJ_COUNT,PERSON_COUNT,POLICE_AGCY,POSSIBLE_INJ_COUNT,RDWY_SURF_TYPE_CD,RELATION_TO_ROAD,ROAD_CONDITION,ROADWAY_CLEARED,SCH_BUS_IND,SCH_ZONE_IND,SECONDARY_CRASH,SMALL_TRUCK_COUNT,SPEC_JURIS_CD,SUSP_MINOR_INJ_COUNT,SUSP_SERIOUS_INJ_COUNT,SUV_COUNT,TCD_FUNC_CD,TCD_TYPE,TFC_DETOUR_IND,TIME_OF_DAY,TOT_INJ_COUNT,TOTAL_UNITS,UNB_DEATH_COUNT,UNB_SUSP_SERIOUS_INJ_COUNT,UNBELTED_OCC_COUNT,UNK_INJ_DEG_COUNT,UNK_INJ_PER_COUNT,URBAN_AREA,URBAN_RURAL,VAN_COUNT,VEHICLE_COUNT,WEATHER1,WEATHER2,WORK_ZONE_IND,WORK_ZONE_LOC,WORK_ZONE_TYPE,WORKERS_PRES,WZ_CLOSE_DETOUR,WZ_FLAGGER,WZ_LAW_OFFCR_IND,WZ_LN_CLOSURE,WZ_MOVING,WZ_OTHER,WZ_SHLDER_MDN,WZ_WORKERS_INJ_KILLED
2007106172,625.0,0,0,0,0,0,0,0,0,0,8,0,,67,9,2007,1,40.01,-75.0643,625.0,6,0,0,0,0,0,0,0,0,4.0,1,0,0,6,5,1,0,,2,40 00:35.000,2.0,0,75 03:52.527,1,0,0,0,67301,1,1,0,N,1,1,0,2,67301,1,2.0,2,1,,N,N,,1,0.0,0,0,2,0,0,N,624,1,4,0,0,0,0,0,3,4,0,3,3,,N,,,,,,,,,,,
2007106354,1845.0,0,0,0,0,0,0,0,0,0,8,0,,67,7,2007,1,39.9152,-75.2294,1837.0,6,0,0,0,0,0,0,0,0,1.0,0,0,0,18,1,1,0,,1,39 54:54.887,5.0,0,75 13:45.864,4,0,0,0,67301,1,0,0,N,1,0,0,2,67301,1,,1,1,,N,N,,0,,0,0,1,0,0,N,1837,1,2,0,0,0,0,1,3,4,0,1,3,,N,,,,,,,,,,,
2007106062,819.0,1,0,0,0,0,0,0,0,0,4,0,,67,8,2007,2,40.0577,-75.1661,816.0,6,0,0,0,0,0,0,0,0,,0,0,0,8,1,1,1,,0,40 03:27.000,,0,75 09:57.853,8,0,0,0,67301,0,0,0,N,0,0,0,3,67301,0,,1,9,,N,N,,0,,0,0,1,3,2,,810,1,2,0,0,0,1,0,3,4,0,2,7,,N,,,,,,,,,,,
2007106481,1815.0,0,0,0,1,0,0,0,0,0,4,0,,67,8,2007,1,40.0308,-75.112,1810.0,6,0,0,0,0,0,0,0,0,,0,0,0,18,1,1,1,,0,40 01:50.847,,0,75 06:43.088,8,0,0,0,67301,1,0,0,N,0,0,0,3,67301,0,,1,1,,N,N,,0,,0,0,1,3,2,,1800,1,2,0,0,0,1,0,3,4,0,1,3,,N,,,,,,,,,,,
2007106489,9999.0,0,0,0,0,0,0,0,0,0,4,0,,67,8,2007,4,39.9404,-75.2366,1308.0,6,0,0,0,0,0,2,0,0,,0,0,0,13,1,1,1,,0,39 56:25.000,,0,75 14:11.952,8,0,0,0,67301,0,0,0,N,0,0,0,2,67301,0,,1,1,,N,N,,0,,0,0,2,3,2,,1305,1,2,0,0,0,1,1,3,4,0,2,3,,N,,,,,,,,,,,
2007106093,2346.0,1,0,0,0,0,0,0,0,0,7,0,,67,7,2007,4,40.1261,-75.0034,2344.0,6,0,0,0,0,0,0,1,0,3.0,1,0,0,23,3,0,0,,2,40 07:34.032,6.0,0,75 00:12.124,1,0,0,0,67301,0,0,0,,0,0,0,1,67301,0,2.0,4,9,,,,,0,0.0,0,0,0,0,0,Y,2344,0,1,0,0,0,0,0,3,4,0,1,3,,N,,,,,,,,,,,
2007098692,1412.0,2,0,0,0,0,0,0,0,0,2,0,,67,9,2007,3,39.9142,-75.1516,1410.0,6,0,0,0,0,0,0,0,0,,0,0,0,14,1,1,0,,0,39 54:51.214,,0,75 09:05.721,4,0,0,0,67301,0,0,0,N,0,0,0,3,67301,1,,1,1,,N,N,,0,,0,0,0,0,0,,1410,1,2,0,0,0,0,1,3,4,0,2,3,,N,,,,,,,,,,,
2007098766,50.0,2,0,0,0,0,0,0,0,0,6,0,,67,8,2007,6,40.0419,-75.0365,50.0,6,0,0,0,0,0,0,0,0,,0,0,0,0,3,0,0,,0,40 02:30.998,,0,75 02:11.378,0,0,0,0,67301,0,0,0,N,0,0,0,1,67301,0,,6,1,,N,N,,0,,0,0,0,0,0,,5,0,2,0,0,0,0,0,3,4,0,2,3,,N,,,,,,,,,,,
2007081616,913.0,1,0,0,0,0,0,0,0,0,8,0,,67,5,2007,5,39.9472,-75.1788,904.0,6,0,0,0,0,0,0,0,0,,0,0,0,9,1,1,0,,0,39 56:49.783,,0,75 10:43.633,3,0,0,0,67301,1,0,0,N,1,0,0,2,67301,0,,1,1,,N,N,,0,,1,0,0,0,0,,903,1,2,0,0,0,0,1,3,4,0,1,3,,N,,,,,,,,,,,
2007081639,1515.0,1,0,0,0,0,0,0,0,0,4,0,,67,5,2007,6,40.0669,-75.009,1510.0,6,0,0,0,0,0,1,0,0,,0,0,0,15,1,1,0,,0,40 04:00.000,,0,75 00:32.420,4,0,0,0,67301,0,0,0,N,0,0,0,2,67301,1,,1,1,,N,N,,1,,0,0,0,0,0,,1500,1,2,0,0,0,0,0,3,4,0,2,3,,N,,,,,,,,,,,
2007118025,1810.0,2,0,0,0,0,0,0,0,0,1,0,,67,10,2007,4,39.9728,-75.2163,1803.0,6,0,0,0,0,0,0,0,0,,0,0,0,18,1,1,2,,0,39 58:22.000,,0,75 12:58.706,4,0,0,0,67301,0,0,0,N,0,0,0,4,67301,1,,1,1,,N,N,,0,,0,0,0,3,2,,1803,1,2,0,0,0,0,0,3,4,0,2,3,,N,,,,,,,,,,,
2007124520,1531.0,2,0,0,0,0,0,0,0,0,4,0,,67,10,2007,2,40.0692,-75.0073,1525.0,6,0,0,0,0,0,0,0,0,,0,0,0,15,1,2,1,,0,40 04:08.000,,0,75 00:26.173,4,0,0,0,67301,0,0,0,N,0,0,0,3,67301,2,,1,1,,N,N,,0,,0,0,0,3,2,,1516,2,2,0,0,0,0,0,3,4,0,2,3,,N,,,,,,,,,,,
2007126120,1042.0,1,0,0,0,0,0,0,0,0,8,0,,67,11,2007,7,39.952,-75.1614,1040.0,6,0,0,0,0,0,0,0,0,,0,0,0,99,1,1,2,,0,39 57:07.000,,0,75 09:40.989,4,0,0,0,67301,1,0,0,,1,0,0,2,67301,1,,1,9,,,,,0,,0,0,0,3,2,,9999,1,2,0,0,0,0,0,3,4,0,1,7,,N,,,,,,,,,,,
2007107751,1606.0,2,0,0,0,0,0,0,0,0,4,0,,67,9,2007,5,39.9573,-75.1523,1603.0,6,0,0,0,0,0,0,0,1,,0,0,0,16,1,1,1,,0,39 57:26.000,,0,75 09:08.017,4,0,0,0,67301,0,0,0,,0,0,0,3,67301,1,,1,1,,,,,0,,0,0,0,3,2,,1600,1,2,0,0,0,0,0,3,4,0,2,3,,N,,,,,,,,,,,
2007107916,2318.0,1,0,0,0,0,0,0,0,0,7,0,,67,9,2007,7,40.0293,-75.0886,2318.0,6,0,0,0,0,0,0,0,0,,0,0,0,23,3,0,0,,0,40 01:45.000,,0,75 05:18.861,0,0,0,0,67301,0,0,0,N,0,0,0,1,67301,0,,4,1,,N,N,,0,,0,0,0,0,0,,2310,0,1,0,0,0,0,0,3,4,0,1,3,,N,,,,,,,,,,,
2007105282,1724.0,1,0,0,0,0,0,0,0,0,4,0,,67,8,2007,1,39.9883,-75.1026,1723.0,6,0,0,0,0,0,1,0,0,,0,0,0,17,1,2,1,,0,39 59:18.052,,0,75 06:09.525,4,0,0,0,67301,0,0,0,N,0,0,0,4,67301,1,,1,9,,N,N,,1,,0,0,0,3,3,,1722,2,2,0,0,0,1,0,3,4,0,2,7,,N,,,,,,,,,,,
2007097832,9999.0,1,0,0,0,0,0,0,0,0,8,0,,67,8,2007,3,39.9526,-75.2184,,6,0,0,0,0,0,0,0,1,,0,0,0,12,1,1,1,,0,39 57:09.244,,0,75 13:06.157,4,0,0,0,67301,1,0,0,N,1,0,0,4,67301,1,,1,1,,N,N,,0,,0,0,0,3,3,,1236,1,2,0,0,0,0,0,3,4,0,1,3,,N,,,,,,,,,,,
2007097917,245.0,2,0,0,0,0,0,0,0,0,2,0,,67,8,2007,1,40.1103,-74.9937,238.0,6,0,0,0,0,1,0,0,0,,2,0,0,2,3,2,0,,0,40 06:37.000,,0,74 59:37.270,1,0,0,0,67301,0,0,0,,0,0,0,4,67301,0,2.0,1,1,,,,,0,0.0,2,0,0,0,0,,237,2,2,0,0,0,0,0,3,4,0,2,3,,N,,,,,,,,,,,
2007093173,1026.0,1,0,0,1,0,0,0,0,0,5,0,,67,7,2007,3,39.9544,-75.2333,1026.0,6,0,0,0,0,0,0,0,1,,0,0,0,10,1,0,0,,0,39 57:15.984,,0,75 14:00.027,0,0,0,0,67301,1,0,0,N,0,0,0,2,67301,0,,1,1,,N,N,,0,,0,0,0,0,0,,1026,0,2,0,0,0,0,0,3,4,0,1,3,,N,,,,,,,,,,,
2007098267,1221.0,0,0,0,0,0,0,0,0,0,5,0,,67,8,2007,6,40.0363,-75.0643,1218.0,6,0,0,0,0,0,0,0,0,,0,0,0,12,1,1,5,,0,40 02:10.000,,6,75 03:51.498,4,0,0,0,67301,0,0,0,N,0,0,0,2,67301,1,,1,1,,N,N,,1,,0,0,1,0,0,,1210,1,2,0,0,1,0,0,3,4,0,2,3,,N,,,,,,,,,,,
2007095884,1828.0,2,0,0,0,0,0,0,0,0,4,0,,67,8,2007,4,40.1054,-75.0276,1826.0,6,0,0,0,0,0,0,0,0,,0,0,0,18,1,1,0,,0,40 06:19.000,,0,75 01:39.530,8,0,0,0,67301,0,0,0,N,0,0,0,2,67301,0,,1,1,,N,N,,0,,0,0,0,0,0,,1825,1,2,0,0,0,1,0,3,4,0,2,3,,N,,,,,,,,,,,
2007022337,1530.0,2,0,0,0,0,0,0,0,0,4,0,,67,1,2007,3,39.9213,-75.2315,9999.0,6,0,0,0,0,0,1,0,0,,0,0,0,14,1,0,0,,0,39 55:16.800,,0,75 13:53.558,9,0,0,0,67301,0,0,0,,0,0,0,2,67301,0,,1,1,,,,,0,,0,0,2,3,2,,1415,0,4,0,0,0,0,2,3,4,0,4,3,,N,,,,,,,,,,,
2007027480,1845.0,1,0,0,0,0,0,0,0,0,2,0,,67,1,2007,5,40.0647,-74.9823,1845.0,6,0,0,0,0,0,1,0,0,1.0,0,0,0,18,3,0,1,,1,40 03:52.000,1.0,0,74 58:56.122,0,0,0,0,67301,0,0,0,N,0,0,0,5,67301,0,,1,1,,N,N,,1,,0,0,1,3,2,Y,1835,0,3,0,0,0,0,0,3,4,0,3,3,,N,,,,,,,,,,,
2007027482,1517.0,2,0,0,0,0,0,0,0,0,1,0,,67,1,2007,1,40.0538,-74.9934,1514.0,6,0,0,0,0,0,0,0,0,,0,0,0,99,1,1,0,,0,40 03:13.525,,0,74 59:36.110,4,0,0,0,67301,0,0,0,N,0,0,0,2,67301,1,,1,1,,N,N,,0,,0,0,0,0,0,,9999,1,2,0,0,1,0,1,3,4,0,2,3,,N,,,,,,,,,,,
2007027519,211.0,1,0,0,0,0,0,0,0,0,7,0,,67,1,2007,2,39.9309,-75.1457,259.0,6,0,0,0,0,0,0,0,0,1.0,0,0,0,1,3,0,0,,1,39 56:00.000,1.0,0,75 08:42.359,0,0,0,0,67301,0,0,0,,0,0,0,1,67301,0,,2,7,,,,,0,,0,0,0,0,0,N,157,0,1,0,0,0,0,0,3,4,0,1,10,,N,,,,,,,,,,,
2007027629,1920.0,0,0,0,0,0,0,0,0,0,4,0,,67,1,2007,7,39.9565,-75.2155,1911.0,6,0,0,0,0,0,1,0,0,,0,0,0,16,3,1,1,,0,39 57:23.349,,0,75 12:55.731,4,0,0,0,67301,0,0,0,,0,0,0,2,67301,1,,1,1,,N,N,,1,,0,0,0,3,3,,1628,1,2,0,0,0,0,0,3,4,1,2,3,,N,,,,,,,,,,,
2007027662,345.0,1,0,0,0,0,0,0,0,0,7,0,,67,1,2007,7,40.0371,-75.1359,340.0,6,0,0,0,0,0,0,0,0,,0,0,0,3,3,1,0,,0,40 02:13.000,,0,75 08:09.410,8,0,0,0,67301,0,0,0,N,0,0,0,2,67301,0,,4,1,,N,N,,0,,0,0,0,0,0,,330,1,1,0,0,2,1,0,3,4,0,1,3,,N,,,,,,,,,,,
2007027699,9999.0,1,0,0,0,0,0,0,0,0,8,0,,67,1,2007,7,39.9367,-75.216,9999.0,6,0,0,0,0,0,0,0,0,,0,0,0,11,1,1,2,,0,39 56:12.134,,0,75 12:57.499,8,0,0,0,67301,1,0,0,N,1,0,0,2,67301,0,,1,1,,N,N,,0,,0,0,0,0,0,,1100,1,2,0,0,0,1,1,3,4,0,1,3,,N,,,,,,,,,,,
2007022687,50.0,1,0,0,0,0,0,0,0,0,1,0,,67,1,2007,6,39.9982,-75.1334,45.0,6,0,0,0,0,0,0,0,0,,0,0,0,0,2,2,0,,0,39 59:53.484,,0,75 08:00.247,3,0,0,0,67301,0,0,0,N,0,0,0,4,67301,1,,2,1,,N,N,,0,,1,0,0,3,2,,45,2,2,0,0,0,0,0,3,4,0,2,3,,N,,,,,,,,,,,
2007022862,1159.0,1,0,0,0,0,0,0,0,0,8,0,,67,1,2007,4,39.9515,-75.1567,1152.0,6,0,0,0,0,0,0,0,0,,0,0,0,11,1,1,1,,0,39 57:05.000,,0,75 09:23.993,4,0,0,0,67301,1,0,0,N,1,0,0,3,67301,1,,1,1,,N,N,,0,,0,0,0,3,2,,1150,1,2,0,0,0,0,0,3,4,0,1,3,,N,,,,,,,,,,,
2007066283,625.0,1,0,0,0,0,0,0,0,0,5,0,,67,4,2007,6,40.048,-74.9996,615.0,6,0,0,0,0,0,2,0,0,,0,0,0,6,1,1,0,,0,40 02:53.000,,0,74 59:58.246,8,0,0,0,67301,0,0,0,N,0,0,0,2,67301,0,,1,9,,N,N,,0,,0,0,1,0,0,,605,1,2,0,0,0,1,0,3,4,0,2,7,,N,,,,,,,,,,,
2007066300,151.0,1,0,0,0,0,0,0,0,0,7,0,,67,5,2007,1,40.0355,-75.0698,9999.0,6,0,0,0,0,0,0,0,0,,0,0,0,1,3,1,1,,0,40 02:07.000,,0,75 04:11.352,8,0,0,0,67301,0,0,0,N,0,0,0,1,67301,0,,3,1,,N,N,,0,,0,0,0,0,0,,150,1,1,0,0,0,1,0,3,4,0,1,3,,N,,,,,,,,,,,
2007124158,2347.0,1,0,0,0,0,0,0,0,0,4,0,,67,10,2007,4,40.0363,-75.0514,2346.0,6,0,0,0,0,0,0,0,0,,0,0,0,23,3,1,1,,0,40 02:10.701,,0,75 03:04.967,8,0,0,0,67301,0,0,0,N,0,0,0,2,67301,0,,1,1,,N,N,,0,,0,0,1,3,2,,2341,1,2,0,0,0,1,0,3,4,0,2,3,,N,,,,,,,,,,,
2007047761,1240.0,1,0,0,0,0,0,0,0,0,1,0,,67,3,2007,5,39.964,-75.1745,1235.0,6,0,0,0,0,0,0,0,0,,0,0,0,12,1,1,1,,0,39 57:50.000,,0,75 10:28.319,4,0,0,0,67301,0,0,0,N,0,0,0,3,67301,1,,1,1,,N,N,,1,,0,0,0,3,2,,1225,1,2,0,0,0,0,0,3,4,0,2,3,,N,,,,,,,,,,,
2007065771,1533.0,1,0,0,0,0,0,0,0,0,2,0,,67,5,2007,7,40.0826,-74.966,1530.0,6,0,0,0,0,0,0,0,0,,0,0,0,15,1,2,1,,0,40 04:57.327,,0,74 57:57.675,4,0,0,0,67301,0,0,0,N,0,0,0,8,67301,1,,1,1,,N,N,,0,,0,0,1,3,2,,1525,2,2,0,0,0,1,0,3,4,0,2,3,,N,,,,,,,,,,,
2007116243,1305.0,2,0,0,0,0,0,0,0,0,5,0,,67,9,2007,5,39.9585,-75.2252,1256.0,6,0,0,0,0,0,1,0,0,,0,0,0,12,1,2,1,,0,39 57:30.000,,0,75 13:30.586,8,0,0,0,67301,0,0,0,,0,0,0,2,67301,0,,1,1,,,N,,0,,0,0,0,9,2,,1223,2,2,0,0,0,2,0,3,4,0,2,3,,N,,,,,,,,,,,
2007116250,1759.0,1,0,0,0,0,0,0,0,0,4,0,,67,10,2007,5,39.9648,-75.2261,1759.0,6,0,0,0,0,0,0,0,0,,0,0,0,99,1,1,1,,0,39 57:53.438,,0,75 13:34.071,8,0,0,0,67301,0,0,0,Y,0,0,0,3,67301,0,,1,1,,N,N,,0,,0,0,1,2,2,,9999,1,2,0,0,0,1,2,3,4,0,2,3,,N,,,,,,,,,,,
2007108870,855.0,1,0,0,0,0,0,0,0,0,1,0,,67,8,2007,5,40.0846,-75.0249,845.0,6,0,0,0,0,0,0,0,0,1.0,0,0,0,8,1,0,2,,1,40 05:04.000,1.0,0,75 01:29.500,0,0,0,0,67301,0,0,0,N,0,0,0,2,67301,0,,1,1,,N,N,,0,,0,0,0,3,2,N,844,0,2,0,0,0,0,0,3,4,1,2,3,,N,,,,,,,,,,,
2007106031,405.0,1,0,0,0,0,0,0,0,0,7,0,,67,7,2007,6,39.9349,-75.2353,405.0,6,0,0,0,0,0,0,0,0,,0,0,0,4,3,0,0,,0,39 56:06.000,,0,75 14:07.080,0,0,0,0,67301,0,0,0,N,0,0,0,1,67301,0,,4,9,,N,N,,0,,0,0,0,0,0,,400,0,1,0,0,0,0,0,3,4,0,1,7,,N,,,,,,,,,,,
2007106539,735.0,1,0,0,0,0,0,0,0,0,7,0,,67,6,2007,4,39.9466,-75.1428,732.0,6,0,0,0,0,0,0,0,0,,0,0,0,7,1,1,2,,0,39 56:47.000,,0,75 08:34.086,3,0,0,0,67301,0,0,0,,0,0,0,1,67301,0,,5,1,,,,,0,,1,0,0,0,0,,732,1,1,0,0,1,0,0,3,4,0,1,3,,N,,,,,,,,,,,
2007098770,2025.0,1,0,0,0,0,0,0,0,0,1,0,,67,8,2007,2,39.9832,-75.1568,2015.0,6,0,0,0,0,0,0,0,0,,0,0,0,8,1,1,1,,0,39 58:59.000,,0,75 09:24.549,4,0,0,0,67301,0,0,0,N,0,0,0,2,67301,1,,1,1,,N,N,,1,,0,0,0,0,0,,830,1,2,0,0,0,0,1,3,4,0,2,3,,N,,,,,,,,,,,
2007086531,1444.0,1,0,0,0,0,0,0,0,0,7,0,,67,7,2007,3,39.9782,-75.2023,9999.0,6,0,0,0,0,0,0,0,0,1.0,0,0,0,14,1,0,0,,1,39 58:43.000,3.0,0,75 12:12.045,0,0,0,0,67301,0,0,0,Y,0,0,0,1,68K01,0,,5,1,,N,N,,0,,0,0,0,0,0,N,1422,0,1,0,0,1,0,0,3,4,0,1,3,,N,,,,,,,,,,,
2007120277,1250.0,1,0,0,0,0,0,0,0,0,4,0,,67,10,2007,2,39.9987,-75.1534,1240.0,6,0,0,0,0,1,0,0,0,,0,0,0,12,1,1,1,,0,39 59:55.000,,0,75 09:12.329,2,0,1,1,67301,0,0,0,N,0,0,0,2,67301,0,,1,1,,N,N,,0,,0,1,0,3,2,,1230,1,2,0,0,0,0,0,3,4,0,2,3,,N,,,,,,,,,,,
2007081763,610.0,1,0,0,0,0,0,0,0,0,2,0,,67,5,2007,3,40.0139,-75.126,610.0,6,0,0,0,0,0,0,0,0,,0,0,0,6,1,3,1,,0,40 00:49.975,,0,75 07:33.617,4,0,0,0,67301,0,0,0,,0,0,0,3,67301,1,,1,1,,,,,0,,0,0,1,3,2,,610,3,2,0,0,0,2,0,3,4,0,2,3,,N,,,,,,,,,,,
2007081571,404.0,2,0,0,0,0,0,0,0,0,1,0,,67,6,2007,2,39.9813,-75.166,402.0,6,0,0,0,0,0,0,0,0,,0,0,0,1,3,3,0,,0,39 58:52.629,,0,75 09:57.538,4,0,0,0,67301,0,0,0,N,0,0,0,4,67301,2,,6,1,,N,N,,0,,0,0,0,0,0,,148,3,2,0,0,0,1,0,3,4,0,2,3,,N,,,,,,,,,,,
2007116110,1734.0,0,0,0,0,0,0,0,0,0,1,0,,67,10,2007,1,40.0228,-75.159,1730.0,6,0,0,0,0,0,1,0,0,,0,0,0,17,1,1,1,,0,40 01:22.000,,0,75 09:32.461,4,0,0,0,67301,0,0,0,N,0,0,0,5,67301,1,,1,1,,N,N,,0,,0,0,2,3,2,,1729,1,2,0,0,0,0,0,3,4,0,2,3,,N,,,,,,,,,,,
2007110325,620.0,0,0,0,0,0,0,0,0,0,4,0,,67,9,2007,3,40.095,-75.0154,615.0,6,0,0,0,0,0,1,0,0,2.0,0,1,0,6,1,1,5,,1,40 05:41.000,4.0,0,75 00:55.548,4,0,0,0,67301,0,0,0,N,0,0,0,2,67301,1,,1,1,,N,N,,0,,0,0,1,0,0,N,613,1,2,0,0,2,0,0,3,4,0,2,3,,N,,,,,,,,,,,
2007107565,2145.0,2,0,0,0,0,0,0,0,0,4,0,,67,9,2007,7,39.9505,-75.1674,2130.0,6,0,0,0,1,0,1,0,0,,0,0,0,21,3,1,1,,0,39 57:01.836,,0,75 10:02.485,4,0,0,0,67301,0,0,0,,0,0,0,3,67301,1,,1,1,,,,,0,,0,0,0,3,2,,2115,1,2,0,0,0,0,0,3,4,0,2,3,,N,,,,,,,,,,,
2007107964,925.0,1,0,0,0,0,0,0,0,0,4,0,,67,9,2007,2,40.0357,-75.081,854.0,6,0,0,0,0,0,0,0,0,2.0,0,0,0,8,3,1,1,,2,40 02:08.000,2.0,0,75 04:51.650,3,0,0,1,67301,0,0,0,N,0,0,0,2,67301,0,,1,1,,N,N,,0,,1,0,0,2,2,Y,850,1,2,0,0,1,0,0,3,4,0,2,3,,N,,,,,,,,,,,
2007097834,9999.0,1,0,0,0,0,0,0,0,0,8,0,,67,7,2007,4,39.9388,-75.2299,9999.0,6,0,0,0,0,0,0,0,0,,0,0,0,22,2,1,0,,0,39 56:19.618,,0,75 13:47.582,8,0,0,0,67301,1,0,0,N,1,0,0,2,67301,0,,1,1,,N,N,,0,,0,0,0,0,0,,2245,1,2,0,0,1,1,1,3,4,0,1,3,,N,,,,,,,,,,,
2007097907,1210.0,2,0,0,0,0,0,0,0,0,4,0,,67,7,2007,4,39.9625,-75.2162,1208.0,6,0,0,0,0,0,1,0,0,,0,0,0,12,1,4,1,,0,39 57:44.000,,0,75 12:56.902,3,0,0,0,67301,0,0,0,,0,0,0,4,67301,0,,1,1,,N,N,,0,,4,0,0,3,2,,1207,4,2,0,0,0,0,0,3,4,0,2,3,,N,,,,,,,,,,,
2007097894,1607.0,1,0,0,0,0,0,0,0,0,4,0,,67,7,2007,4,39.9617,-75.1365,1602.0,6,0,0,0,0,0,0,0,0,,0,0,0,16,1,1,1,,0,39 57:41.000,,0,75 08:11.675,3,0,0,0,67301,0,0,0,N,0,0,0,2,67301,0,,1,9,,N,N,,0,,1,0,1,3,2,,1602,1,2,0,0,0,0,0,3,4,0,2,7,,N,,,,,,,,,,,
2007098135,1645.0,2,0,0,0,0,0,0,0,0,4,0,,67,7,2007,3,40.0159,-75.0715,1641.0,6,0,0,0,0,0,0,0,0,,0,0,0,16,1,0,1,,0,40 00:57.000,,0,75 04:17.221,9,0,0,0,67301,0,0,0,N,0,0,0,3,67301,0,,1,1,,N,N,,0,,0,0,0,3,2,,1641,0,2,0,0,0,0,1,3,4,0,2,3,,N,,,,,,,,,,,
2007098491,1242.0,2,0,0,0,0,0,0,0,0,1,0,,67,7,2007,1,40.0296,-75.1032,1238.0,6,0,0,0,0,0,0,0,0,,0,0,0,12,1,1,2,,0,40 01:48.000,,0,75 06:11.547,8,0,0,0,67301,0,0,0,,0,0,0,5,67301,0,,1,1,,,,,0,,0,0,0,3,2,,1220,1,2,0,0,0,1,0,3,4,0,2,3,,N,,,,,,,,,,,
2007098272,1645.0,1,0,0,0,0,0,0,0,0,4,0,,67,8,2007,4,39.9623,-75.2008,1636.0,6,0,0,0,0,0,1,0,0,,0,0,0,16,1,1,2,,0,39 57:44.000,,0,75 12:02.720,8,0,0,0,67301,0,0,0,N,0,0,0,4,67301,0,,1,1,,N,N,,0,,0,0,0,9,3,,1636,1,2,0,0,0,1,3,3,4,0,2,3,,N,,,,,,,,,,,
2007098286,1056.0,2,0,0,0,0,0,0,0,0,1,0,,67,7,2007,3,40.0091,-75.1499,1042.0,6,0,0,0,0,0,0,0,0,,0,0,0,10,1,0,0,,0,40 00:32.905,,0,75 08:59.755,9,0,0,0,67301,3,0,0,,0,0,0,4,67301,0,,6,1,,,,,0,,0,0,0,0,0,,1035,0,2,0,0,0,0,1,3,4,0,2,3,,N,,,,,,,,,,,
2007098294,1402.0,1,0,0,0,0,0,0,0,0,4,0,,67,8,2007,7,39.9592,-75.2434,1402.0,6,0,0,0,0,0,0,0,0,,0,0,0,14,1,1,1,,0,39 57:33.000,,0,75 14:36.119,4,0,0,0,67301,0,0,0,N,0,0,0,3,67301,1,,1,1,,,N,,0,,0,0,1,3,2,,1402,1,2,0,0,3,0,0,3,4,0,2,3,,N,,,,,,,,,,,
2007098299,1253.0,0,0,0,0,0,0,0,0,0,8,0,,67,7,2007,6,40.0363,-75.0416,1249.0,6,0,0,0,0,0,0,0,0,,0,0,0,12,1,2,1,,0,40 02:10.000,,0,75 02:29.822,8,0,0,1,67301,1,0,0,,1,0,0,2,67301,0,,1,1,,,,,0,,0,0,0,0,0,,1245,2,2,0,0,0,2,0,3,4,0,1,3,,N,,,,,,,,,,,
2007022276,352.0,3,0,0,0,0,0,0,0,0,6,0,,67,1,2007,1,40.1201,-75.028,347.0,6,0,0,0,0,0,0,0,1,1.0,0,0,0,3,3,1,0,,1,40 07:12.331,6.0,0,75 01:40.713,8,0,0,0,67301,0,0,0,N,0,0,0,1,67301,0,,6,1,,N,N,,0,,0,0,0,0,0,Y,343,1,3,0,0,0,1,0,3,4,0,3,3,,N,,,,,,,,,,,
2007030077,1640.0,2,0,0,0,0,0,0,0,0,4,0,,67,1,2007,6,40.0124,-75.1149,1634.0,6,0,0,0,0,0,0,0,0,,0,0,0,99,1,0,0,,0,40 00:44.708,,0,75 06:53.629,9,0,0,0,67301,0,0,0,N,0,0,0,2,67301,0,,1,1,,N,N,,0,,0,0,0,0,0,,9999,0,2,0,0,0,0,1,3,4,0,2,3,,N,,,,,,,,,,,