CRN,ARRIVAL_TM,AUTOMOBILE_COUNT,BELTED_DEATH_COUNT,BELTED_SUSP_SERIOUS_INJ_COUNT,BICYCLE_COUNT,BICYCLE_DEATH_COUNT,BICYCLE_SUSP_SERIOUS_INJ_COUNT,BUS_COUNT,CHLDPAS_DEATH_COUNT,CHLDPAS_SUSP_SERIOUS_INJ_COUNT,COLLISION_TYPE,COMM_VEH_COUNT,CONS_ZONE_SPD_LIM,COUNTY,CRASH_MONTH,CRASH_YEAR,DAY_OF_WEEK,DEC_LAT,DEC_LONG,DISPATCH_TM,DISTRICT,DRIVER_COUNT_16YR,DRIVER_COUNT_17YR,DRIVER_COUNT_18YR,DRIVER_COUNT_19YR,DRIVER_COUNT_20YR,DRIVER_COUNT_50_64YR,DRIVER_COUNT_65_74YR,DRIVER_COUNT_75PLUS,EST_HRS_CLOSED,FATAL_COUNT,HEAVY_TRUCK_COUNT,HORSE_BUGGY_COUNT,HOUR_OF_DAY,ILLUMINATION,INJURY_COUNT,INTERSECT_TYPE,INTERSECTION_RELATED,LANE_CLOSED,LATITUDE,LN_CLOSE_DIR,LOCATION_TYPE,LONGITUDE,MAX_SEVERITY_LEVEL,MCYCLE_DEATH_COUNT,MCYCLE_SUSP_SERIOUS_INJ_COUNT,MOTORCYCLE_COUNT,MUNICIPALITY,NONMOTR_COUNT,NONMOTR_DEATH_COUNT,NONMOTR_SUSP_SERIOUS_INJ_COUNT,NTFY_HIWY_MAINT,PED_COUNT,PED_DEATH_COUNT,PED_SUSP_SERIOUS_INJ_COUNT,PERSON_COUNT,POLICE_AGCY,POSSIBLE_INJ_COUNT,RDWY_SURF_TYPE_CD,RELATION_TO_ROAD,ROAD_CONDITION,ROADWAY_CLEARED,SCH_BUS_IND,SCH_ZONE_IND,SECONDARY_CRASH,SMALL_TRUCK_COUNT,SPEC_JURIS_CD,SUSP_MINOR_INJ_COUNT,SUSP_SERIOUS_INJ_COUNT,SUV_COUNT,TCD_FUNC_CD,TCD_TYPE,TFC_DETOUR_IND,TIME_OF_DAY,TOT_INJ_COUNT,TOTAL_UNITS,UNB_DEATH_COUNT,UNB_SUSP_SERIOUS_INJ_COUNT,UNBELTED_OCC_COUNT,UNK_INJ_DEG_COUNT,UNK_INJ_PER_COUNT,URBAN_AREA,URBAN_RURAL,VAN_COUNT,VEHICLE_COUNT,WEATHER1,WEATHER2,WORK_ZONE_IND,WORK_ZONE_LOC,WORK_ZONE_TYPE,WORKERS_PRES,WZ_CLOSE_DETOUR,WZ_FLAGGER,WZ_LAW_OFFCR_IND,WZ_LN_CLOSURE,WZ_MOVING,WZ_OTHER,WZ_SHLDER_MDN,WZ_WORKERS_INJ_KILLED
2007030093,1710.0,1,0,0,0,0,0,0,0,0,4,0,,67,1,2007,7,39.9872,-75.1088,1658.0,6,0,0,0,0,1,0,0,0,,0,0,0,16,1,2,1,,0,39 59:13.000,,0,75 06:31.626,4,0,0,0,67301,0,0,0,N,0,0,0,3,67301,2,,1,9,,N,N,,1,,0,0,0,3,2,,1655,2,2,0,0,0,0,0,3,4,0,2,3,,N,,,,,,,,,,,
2007027627,1120.0,3,0,0,0,0,0,0,0,0,2,0,,67,1,2007,2,40.0388,-75.1436,1117.0,6,0,0,0,0,0,0,0,0,,0,0,0,11,1,5,1,,0,40 02:19.000,,0,75 08:37.098,8,0,0,0,67301,0,0,0,N,0,0,0,11,67301,0,,1,8,,N,N,,0,,0,0,0,9,2,,1115,5,3,0,0,0,5,6,3,4,0,3,7,,N,,,,,,,,,,,
2007027677,2130.0,2,0,0,0,0,0,0,0,0,4,0,,67,1,2007,7,40.0367,-75.1584,2126.0,6,0,0,0,0,0,0,0,0,,0,0,0,99,3,1,1,,0,40 02:12.109,,0,75 09:30.211,4,0,0,0,67301,0,0,0,,0,0,0,2,67301,1,,1,9,,,,,0,,0,0,0,3,2,,9999,1,2,0,0,0,0,1,3,4,0,2,7,,N,,,,,,,,,,,
2007027688,10.0,2,0,0,0,0,0,0,0,0,2,0,,67,1,2007,6,40.0492,-75.2004,2358.0,6,0,0,1,0,0,0,0,0,,0,0,0,23,3,0,1,,0,40 02:57.292,,0,75 12:01.346,0,0,0,0,67301,0,0,0,N,0,0,0,4,67301,0,,1,1,,N,N,,0,,0,0,0,9,3,,2330,0,2,0,0,0,0,0,3,4,0,2,3,,N,,,,,,,,,,,
2007027744,1745.0,2,0,0,0,0,0,0,0,0,1,0,,67,1,2007,7,39.9883,-75.254,1737.0,6,0,0,0,0,0,1,0,0,,0,0,0,17,3,0,1,,0,39 59:17.000,,0,75 15:14.304,0,0,0,0,67301,0,0,0,N,0,0,0,2,67301,0,,1,1,,N,N,,0,,0,0,0,3,2,,1730,0,2,0,0,0,0,0,3,4,0,2,3,,N,,,,,,,,,,,
2007022713,215.0,1,0,0,0,0,0,0,0,0,7,0,,67,1,2007,6,39.9592,-75.1757,211.0,6,0,0,0,0,0,0,0,0,1.0,0,0,0,2,3,1,6,,1,39 57:33.000,4.0,2,75 10:31.862,4,0,0,0,67301,0,0,0,N,0,0,0,1,67301,1,,2,1,,N,N,,0,,0,0,0,0,0,N,209,1,1,0,0,0,0,0,3,4,0,1,3,,N,,,,,,,,,,,
2007022783,2300.0,2,0,0,0,0,0,0,0,0,4,0,,67,1,2007,2,40.0086,-75.0688,2256.0,6,0,0,1,0,0,0,0,0,1.0,0,0,0,22,3,1,1,,1,40 00:31.000,2.0,0,75 04:07.810,8,0,0,0,67301,0,0,0,N,0,0,0,3,67301,0,,1,1,,N,N,,0,,0,0,0,3,2,N,2253,1,2,0,0,0,1,0,3,4,0,2,3,,N,,,,,,,,,,,
2007096722,1345.0,1,0,0,1,0,0,0,0,0,4,0,,67,1,2007,5,39.9612,-75.2471,1335.0,6,0,0,0,0,0,0,0,0,,0,0,0,13,1,1,2,,0,39 57:40.320,,0,75 14:49.560,4,0,0,0,67301,1,0,0,N,0,0,0,2,67301,1,,1,1,,N,N,,0,,0,0,0,3,2,,1333,1,2,0,0,0,0,0,3,4,0,1,3,,N,,,,,,,,,,,
2007096684,2255.0,1,0,0,0,0,0,0,0,0,1,0,,67,7,2007,1,40.0494,-75.0678,2255.0,6,0,0,0,0,0,0,0,0,,0,0,0,22,3,1,0,,0,40 02:57.695,,0,75 04:04.104,4,0,0,1,67301,0,0,0,N,0,0,0,2,67301,1,,1,1,,N,N,,0,,0,0,0,0,0,,2250,1,2,0,0,0,0,0,3,4,0,2,3,,N,,,,,,,,,,,
2007061561,1552.0,1,0,0,0,0,0,0,0,0,1,0,,67,5,2007,4,39.9746,-75.1944,1552.0,6,0,1,0,0,0,0,0,0,1.0,0,0,0,15,1,4,0,,1,39 58:32.000,3.0,0,75 11:41.708,4,0,0,0,67301,0,0,0,N,0,0,0,5,68K01,4,,1,1,,N,N,,1,,0,0,0,0,0,N,1552,4,2,0,0,0,0,0,3,4,0,2,3,,N,,,,,,,,,,,
2007048841,820.0,2,0,0,0,0,0,0,0,0,8,0,,67,3,2007,2,40.0431,-75.161,815.0,6,0,0,0,0,0,1,0,0,,0,0,0,8,1,2,0,,0,40 02:35.135,,0,75 09:39.453,4,0,0,0,67301,0,0,0,N,0,0,0,2,67301,2,,1,1,,N,N,,0,,0,0,0,0,0,,800,2,2,0,0,2,0,0,3,4,0,2,3,,N,,,,,,,,,,,
2007099065,719.0,0,0,0,0,0,0,0,0,0,8,0,,67,8,2007,5,39.9953,-75.14,717.0,6,0,0,0,0,0,0,0,0,,0,1,0,7,1,1,0,,0,39 59:42.962,,0,75 08:23.950,4,0,0,0,67301,1,0,0,N,1,0,0,2,67301,1,,1,1,,N,N,,0,,0,0,0,3,3,,715,1,2,0,0,0,0,0,3,4,0,1,3,,N,,,,,,,,,,,
2007067339,2209.0,1,0,0,0,0,0,0,0,0,2,0,,67,5,2007,6,39.9242,-75.1883,2207.0,6,0,0,0,0,0,1,0,0,,0,0,0,22,3,1,2,,0,39 55:27.289,,0,75 11:17.739,3,0,0,1,67301,0,0,0,,0,0,0,4,67301,0,,1,1,,,,,0,,1,0,0,0,0,,2200,1,2,0,0,0,0,0,3,4,0,2,3,,N,,,,,,,,,,,
2007067205,1305.0,1,0,0,0,0,0,0,0,0,4,0,,67,4,2007,2,40.0115,-75.0698,1300.0,6,0,0,0,0,0,0,0,0,,0,0,0,99,1,1,1,,0,40 00:42.000,,0,75 04:11.475,4,0,0,0,67301,0,0,0,N,0,0,0,2,67301,1,,1,1,,N,N,,1,,0,0,0,3,2,,9999,1,2,0,0,0,0,0,3,4,0,2,3,,N,,,,,,,,,,,
2007021330,730.0,3,0,0,0,0,0,0,0,0,1,0,,67,1,2007,5,40.0072,-75.1996,715.0,6,0,0,0,0,0,0,1,0,,0,0,0,7,1,0,0,,0,40 00:23.000,,0,75 11:52.669,0,0,0,0,67301,0,0,0,N,0,0,0,3,68K01,0,,1,1,,N,N,,0,,0,0,0,0,0,,700,0,3,0,0,1,0,0,3,4,0,3,3,,N,,,,,,,,,,,
2007120186,1045.0,1,0,0,0,0,0,0,0,0,7,0,,67,9,2007,6,40.0162,-75.2046,1045.0,6,0,0,0,0,0,0,0,0,,0,0,0,10,1,1,3,,0,40 00:58.000,,2,75 12:16.050,8,0,0,0,67301,0,0,0,N,0,0,0,1,67301,0,,3,9,,N,N,,0,,0,0,0,0,0,,1045,1,1,0,0,0,1,0,3,4,0,1,7,,N,,,,,,,,,,,
2007081144,1613.0,0,0,0,0,0,0,0,0,0,2,1,,67,4,2007,5,40.0434,-75.0298,1607.0,6,0,0,0,0,0,1,0,0,,0,1,0,15,1,0,1,,0,40 02:36.000,,0,75 01:47.119,0,0,0,0,67301,0,0,0,N,0,0,0,2,67301,0,,1,1,,N,N,,1,,0,0,0,3,3,,1537,0,2,0,0,0,0,0,3,4,0,2,3,,N,,,,,,,,,,,
2007066374,1725.0,1,0,0,0,0,0,0,0,0,7,0,,67,5,2007,3,,,1705.0,6,0,0,0,0,0,1,0,0,,0,0,0,17,1,0,2,,0,39 57:19.4,,0,75 10:29.1,0,0,0,0,67301,0,0,0,,0,0,0,1,67301,0,,5,1,,N,N,,0,,0,0,0,3,3,,1700,0,1,0,0,0,0,0,3,3,0,1,3,,N,,,,,,,,,,,
2007066405,925.0,0,0,0,0,0,0,0,0,0,1,0,,67,5,2007,6,40.0422,-75.0995,920.0,6,0,0,0,0,0,0,0,0,,0,0,0,9,1,0,0,,0,40 02:31.934,,0,75 05:58.045,0,0,0,0,67301,0,0,0,N,0,0,0,1,67301,0,,1,1,,N,N,,1,,0,0,1,0,0,,917,0,2,0,0,1,0,0,3,4,0,2,3,,N,,,,,,,,,,,
2007079923,1445.0,0,0,0,0,0,0,0,0,0,8,0,,67,6,2007,6,39.9382,-75.155,1420.0,6,0,0,0,0,0,0,1,0,,0,0,0,14,1,1,0,,0,39 56:17.581,,0,75 09:17.996,4,0,0,0,67301,1,0,0,N,1,0,0,2,67301,1,,1,1,,N,N,,1,,0,0,0,0,0,,1420,1,2,0,0,1,0,0,3,4,0,1,3,,N,,,,,,,,,,,
2007124669,1841.0,0,0,0,0,0,0,1,0,0,8,1,,67,10,2007,1,40.0279,-75.0601,1840.0,6,0,0,0,0,0,0,0,0,,0,0,0,18,3,1,0,,0,40 01:40.000,,0,75 03:36.311,2,0,0,0,67301,1,0,1,,1,0,1,2,67301,0,,1,1,,N,N,,0,,0,1,0,3,2,,1830,1,2,0,0,0,0,0,3,4,0,1,3,,N,,,,,,,,,,,
2007126189,2040.0,1,0,0,0,0,0,0,0,0,2,0,,67,11,2007,7,39.9682,-75.2251,2035.0,6,0,0,0,0,0,0,0,0,,0,0,0,20,3,0,1,,0,39 58:05.000,,0,75 13:30.499,0,0,0,0,67301,0,0,0,,0,0,0,2,67301,0,,1,1,,N,N,,0,,0,0,0,3,2,,2030,0,2,0,0,0,0,0,3,4,1,2,3,,N,,,,,,,,,,,
2007123787,45.0,0,0,0,0,0,0,0,0,0,7,0,,67,11,2007,5,40.0081,-75.2104,30.0,6,0,0,0,0,0,0,0,0,,0,0,0,0,3,1,0,,0,40 00:29.228,,0,75 12:37.396,8,0,0,0,67301,0,0,0,,0,0,0,2,67301,0,,2,1,,N,N,,0,,0,0,1,0,0,,25,1,1,0,0,0,1,0,3,4,0,1,3,,N,,,,,,,,,,,
2007123813,1930.0,3,0,0,0,0,0,0,0,0,4,0,,67,10,2007,7,40.0269,-75.0488,1912.0,6,0,0,0,0,0,0,0,0,,0,0,0,99,4,1,1,,0,40 01:36.663,,0,75 02:55.683,8,0,0,0,67301,0,0,0,,0,0,0,2,67301,0,,1,1,,N,N,,0,,0,0,0,3,3,,9999,1,3,0,0,0,1,0,3,4,0,3,3,,N,,,,,,,,,,,
2007047737,1915.0,2,0,0,0,0,0,0,0,0,1,0,,67,3,2007,5,40.0354,-75.0696,1915.0,6,0,0,0,0,0,0,0,0,,0,0,0,19,3,1,1,,0,40 02:07.000,,0,75 04:10.636,3,0,0,0,67301,0,0,0,,0,0,0,2,67301,0,,1,1,,,,,0,,1,0,0,0,0,,1910,1,2,0,0,0,0,0,3,4,0,2,3,,N,,,,,,,,,,,
2007068136,540.0,5,0,0,0,0,0,0,0,0,5,0,,67,5,2007,4,39.9915,-75.2267,531.0,6,0,0,0,0,0,0,0,0,,0,0,0,5,5,0,0,,0,39 59:29.457,,0,75 13:36.181,0,0,0,0,67301,0,0,0,N,0,0,0,1,67301,0,,1,1,,N,N,,0,,0,0,0,0,0,,515,0,5,0,0,1,0,0,3,4,0,5,3,,N,,,,,,,,,,,
2007065742,1954.0,2,0,0,0,0,0,0,0,0,1,0,,67,6,2007,2,40.0072,-75.2138,1954.0,6,0,0,0,0,0,1,0,0,,0,0,0,19,3,0,1,,0,40 00:25.000,,0,75 12:50.428,9,0,0,0,67301,0,0,0,N,0,0,0,2,46104,0,,1,1,,N,N,,0,,0,0,0,3,2,,1954,0,2,0,0,0,0,1,3,4,0,2,3,,N,,,,,,,,,,,
2007065784,2250.0,1,0,0,1,0,0,0,0,0,4,0,,67,5,2007,4,39.9678,-75.2498,2243.0,6,0,0,0,0,0,0,0,0,,0,0,0,22,3,1,1,,0,39 58:04.126,,0,75 14:59.438,8,0,0,0,67301,1,0,0,,0,0,0,3,67301,0,,1,1,,N,N,,0,,0,0,0,0,0,,2240,1,2,0,0,0,1,0,3,4,0,1,3,,N,,,,,,,,,,,
2007065788,1430.0,2,0,0,0,0,0,0,0,0,4,0,,67,4,2007,7,39.9973,-75.1203,1430.0,6,0,0,0,0,0,0,0,0,,0,0,0,14,1,0,1,,0,39 59:50.000,,0,75 07:13.186,0,0,0,0,67301,0,0,0,,0,0,0,2,67301,0,,1,1,,N,N,,0,,0,0,0,9,3,,1415,0,2,0,0,0,0,0,3,4,0,2,3,,N,,,,,,,,,,,
2007033704,320.0,1,0,0,0,0,0,0,0,0,1,0,,67,1,2007,4,,,312.0,6,0,0,0,0,0,0,0,0,2.0,0,0,0,3,3,0,0,,1,,4.0,0,,0,0,0,0,67301,0,0,0,N,0,0,0,2,67301,0,,1,1,,N,N,,1,,0,0,0,0,0,N,307,0,2,0,0,0,0,0,3,3,0,2,3,,N,,,,,,,,,,,
2007065648,1640.0,0,0,0,0,0,0,0,0,0,8,0,,67,4,2007,2,39.9165,-75.2365,1635.0,6,0,0,0,0,0,0,0,0,,0,0,0,15,1,1,3,,0,39 54:59.371,,0,75 14:11.525,8,0,0,0,67301,1,0,0,N,1,0,0,2,67301,0,,1,1,,N,Y,,0,,0,0,1,0,0,,1505,1,2,0,0,0,1,0,3,4,0,1,3,,N,,,,,,,,,,,
2007110745,1935.0,0,0,0,0,0,0,0,0,0,8,0,,67,9,2007,5,39.9917,-75.1365,1925.0,6,0,0,0,0,0,0,0,0,,0,0,0,19,4,1,0,,0,39 59:29.000,,0,75 08:11.475,3,0,0,0,67301,1,0,0,N,1,0,0,2,67301,0,,1,1,,N,N,,0,,1,0,1,0,0,,1923,1,2,0,0,0,0,0,3,4,0,1,3,,N,,,,,,,,,,,
2007116242,2351.0,2,0,0,0,0,0,0,0,0,4,0,,67,10,2007,4,39.9549,-75.1511,2349.0,6,0,0,0,1,0,1,0,0,,0,0,0,23,3,0,1,,0,39 57:17.488,,0,75 09:04.083,0,0,0,0,67301,0,0,0,N,0,0,0,3,67301,0,,1,1,,N,N,,0,,0,0,0,3,2,,2340,0,2,0,0,0,0,0,3,4,0,2,3,,N,,,,,,,,,,,
2007111456,1715.0,2,0,0,0,0,0,0,0,0,1,0,,67,9,2007,4,40.1317,-75.0122,1705.0,6,0,0,0,0,0,0,1,0,,0,0,0,17,1,1,1,,0,40 07:54.000,,0,75 00:44.359,4,0,0,0,67301,0,0,0,,0,0,0,2,67301,1,,1,1,,,,,0,,0,0,0,3,2,,1700,1,2,0,0,0,0,0,3,4,0,2,3,,N,,,,,,,,,,,
2007106153,1237.0,1,0,0,0,0,0,0,0,0,4,0,,67,6,2007,4,40.0704,-75.1701,1224.0,6,0,0,0,0,0,0,0,0,,0,0,0,12,1,1,2,,0,40 04:13.429,,0,75 10:12.323,8,0,0,0,67301,0,0,0,N,0,0,0,2,67301,0,,1,1,,N,N,,1,,0,0,0,0,0,,1210,1,2,0,0,1,1,0,3,4,0,2,3,,N,,,,,,,,,,,
2007106552,1730.0,0,0,0,0,0,0,0,0,0,1,0,,67,8,2007,1,40.063,-75.1477,9999.0,6,0,0,0,0,0,0,0,0,,0,0,0,17,1,4,1,,0,40 03:46.792,,0,75 08:51.615,4,0,0,0,67301,0,0,0,N,0,0,0,5,67301,4,,1,1,,N,N,,0,,0,0,2,0,0,,1730,4,2,0,0,0,0,0,3,4,0,2,3,,N,,,,,,,,,,,
2007106553,1115.0,2,0,0,0,0,0,0,0,0,4,0,,67,8,2007,7,40.0367,-75.1738,1057.0,6,0,0,0,0,0,1,1,0,1.0,0,0,0,10,1,0,2,,1,40 02:12.019,2.0,0,75 10:25.841,0,0,0,0,67301,0,0,0,N,0,0,0,3,67301,0,,1,1,,N,N,,0,,0,0,0,9,2,N,1000,0,2,0,0,0,0,0,3,4,0,2,3,,N,,,,,,,,,,,
2007106039,1038.0,2,0,0,0,0,0,0,0,0,1,0,,67,8,2007,4,40.0643,-75.0202,1019.0,6,0,0,0,0,0,0,0,0,1.0,0,0,0,10,1,1,0,,1,40 03:51.573,4.0,0,75 01:12.698,3,0,0,0,67301,0,0,0,N,0,0,0,1,67301,0,,6,1,,N,N,,0,,1,0,0,0,0,N,1015,1,2,0,0,1,0,0,3,4,0,2,3,,N,,,,,,,,,,,
2007106462,1444.0,2,0,0,0,0,0,0,0,0,4,0,,67,7,2007,4,40.0541,-75.1555,1434.0,6,0,0,1,0,0,0,1,0,,0,0,0,14,1,1,1,,0,40 03:14.000,,0,75 09:20.005,8,0,0,0,67301,0,0,0,N,0,0,0,2,67301,0,,1,1,,N,N,,0,,0,0,0,3,2,,1433,1,2,0,0,0,1,0,3,4,0,2,3,,N,,,,,,,,,,,
2007106484,1303.0,1,0,0,0,0,0,0,0,0,8,0,,67,9,2007,6,39.9889,-75.1556,1303.0,6,0,0,0,0,0,1,0,0,1.0,0,0,0,13,1,1,0,,1,39 59:20.000,1.0,0,75 09:20.029,4,0,0,0,67301,1,0,0,N,1,0,0,2,67301,1,,1,1,,N,N,,0,,0,0,0,0,0,N,1300,1,2,0,0,0,0,0,3,4,0,1,3,,N,,,,,,,,,,,
2007106501,800.0,1,0,0,0,0,0,0,0,0,1,0,,67,8,2007,4,40.0577,-75.1661,756.0,6,0,0,0,0,0,1,0,0,,0,0,0,7,1,1,1,,0,40 03:27.000,,0,75 09:57.853,8,0,0,0,67301,0,0,0,N,0,0,0,2,67301,0,,1,1,,N,N,,0,,0,0,1,3,2,,735,1,2,0,0,0,1,0,3,4,0,2,3,,N,,,,,,,,,,,
2007106536,2359.0,2,0,0,0,0,0,0,0,0,4,0,,67,7,2007,7,40.0187,-75.1272,2307.0,6,0,0,0,0,0,1,0,0,,0,0,0,23,3,1,1,,0,40 01:07.417,,0,75 07:37.815,4,0,0,0,67301,0,0,0,N,0,0,0,3,67301,1,,1,9,,N,N,,0,,0,0,0,3,2,,2307,1,2,0,0,0,0,0,3,4,0,2,7,,N,,,,,,,,,,,
2007098765,807.0,2,0,0,0,0,0,0,0,0,4,0,,67,9,2007,3,39.9221,-75.1714,805.0,6,0,0,0,0,0,1,0,0,2.0,0,0,0,8,1,0,2,,2,39 55:19.484,3.0,0,75 10:17.104,0,0,0,0,67301,0,0,0,N,0,0,0,2,67301,0,,1,1,,N,N,,0,,0,0,0,9,3,Y,803,0,2,0,0,0,0,0,3,4,0,2,3,,N,,,,,,,,,,,
2007081623,2314.0,3,0,0,0,0,0,0,0,0,2,0,,67,6,2007,3,40.0142,-75.1042,2312.0,6,0,0,0,1,0,1,0,0,1.0,0,0,0,23,3,1,2,,1,40 00:51.220,2.0,0,75 06:14.950,4,0,0,0,67301,0,0,0,N,0,0,0,2,67301,1,,1,1,,N,N,,0,,0,0,0,9,3,Y,2312,1,3,0,0,0,0,0,3,4,0,3,3,,N,,,,,,,,,,,
2007081647,9999.0,0,0,0,1,0,1,0,0,0,4,0,,67,5,2007,6,39.9182,-75.1828,1356.0,6,0,0,0,0,0,0,0,0,,0,0,0,99,1,1,2,,0,39 55:05.588,,0,75 10:58.159,2,0,0,0,67301,1,0,1,,0,0,0,2,67301,0,,1,1,,,,,0,,0,1,0,9,2,,9999,1,2,0,0,0,0,1,3,4,1,1,3,,N,,,,,,,,,,,
2007081539,715.0,2,0,0,0,0,0,0,0,0,4,0,,67,7,2007,5,39.9959,-75.0921,715.0,6,0,0,0,0,0,0,0,0,,0,0,0,7,1,4,1,,0,39 59:45.000,,0,75 05:31.432,8,0,0,0,67301,0,0,0,N,0,0,0,5,67301,0,,1,9,,N,N,,0,,0,0,0,1,2,,714,4,2,0,0,0,4,0,3,4,0,2,7,,N,,,,,,,,,,,
2007081569,1626.0,1,0,0,0,0,0,0,0,0,8,0,,67,6,2007,5,39.9038,-75.24,1619.0,6,0,0,0,0,0,1,0,0,,0,0,0,16,1,1,0,,0,39 54:13.000,,0,75 14:24.118,4,0,0,0,67301,1,0,0,N,1,0,0,2,67301,1,,1,1,,N,N,,0,,0,0,0,3,2,,1605,1,2,0,0,0,0,0,3,4,0,1,3,,N,,,,,,,,,,,
2007081586,1615.0,3,0,0,0,0,0,0,0,0,1,0,,67,5,2007,6,39.9549,-75.2087,1611.0,6,0,0,0,0,0,1,0,0,,0,0,0,16,1,1,1,,0,39 57:17.000,,0,75 12:31.268,8,0,0,0,67301,0,0,0,N,0,0,0,3,67301,0,,1,1,,N,N,,0,,0,0,0,3,2,,1611,1,3,0,0,0,1,0,3,4,0,3,3,,N,,,,,,,,,,,
2007081775,1743.0,2,0,0,0,0,0,0,0,0,4,0,,67,5,2007,6,40.1113,-75.0242,1739.0,6,0,0,0,0,0,0,0,2,3.0,0,0,0,99,1,2,0,,1,40 06:40.000,1.0,7,75 01:27.279,3,0,0,0,67301,0,0,0,N,0,0,0,2,67301,1,,1,1,,N,N,,0,,1,0,0,0,0,N,9999,2,2,0,0,1,0,0,3,4,0,2,3,,N,,,,,,,,,,,
2007118267,1035.0,2,0,0,0,0,0,0,0,0,4,0,,67,10,2007,1,39.9569,-75.1996,1033.0,6,0,0,0,0,0,1,0,0,,0,0,0,10,1,0,1,,0,39 57:24.000,,0,75 11:58.490,0,0,0,0,67301,0,0,0,N,0,0,0,4,67301,0,,1,1,,,,,0,,0,0,0,3,2,,1031,0,2,0,0,0,0,0,3,4,0,2,3,,N,,,,,,,,,,,
2007116139,1850.0,2,0,0,0,0,0,0,0,0,6,0,,67,10,2007,4,39.9373,-75.1831,1847.0,6,0,0,0,0,0,0,0,0,2.0,0,0,0,18,3,1,1,,2,39 56:14.236,4.0,0,75 10:59.170,4,0,0,0,67301,0,0,0,N,0,0,0,2,67301,1,,1,1,,N,N,,0,,0,0,0,9,3,Y,1843,1,2,0,0,0,0,1,3,4,0,2,3,,N,,,,,,,,,,,
2007123983,1158.0,2,0,0,0,0,0,0,0,0,4,0,,67,11,2007,1,39.967,-75.1603,1155.0,6,0,0,0,0,0,1,0,0,,0,0,0,11,1,1,1,,0,39 58:01.000,,0,75 09:37.224,8,0,0,0,67301,0,0,0,N,0,0,0,2,67301,0,,1,1,,N,N,,0,,0,0,0,3,2,,1150,1,2,0,0,0,1,0,3,4,0,2,3,,N,,,,,,,,,,,
2007097755,34.0,2,0,0,0,0,0,0,0,0,4,0,,67,7,2007,2,40.0373,-75.0736,33.0,6,0,0,0,0,0,0,0,0,,0,0,0,0,3,1,1,,0,40 02:14.279,,0,75 04:24.816,8,0,0,0,67301,0,0,0,N,0,0,0,3,67301,0,,1,1,,N,N,,0,,0,0,0,3,2,,31,1,2,0,0,0,1,0,3,4,0,2,3,,N,,,,,,,,,,,
2007100607,2206.0,1,0,0,0,0,0,0,0,0,7,0,,67,8,2007,6,40.0074,-75.2007,2205.0,6,0,0,0,0,0,0,0,0,,0,0,0,22,3,1,0,,0,40 00:26.000,,0,75 12:03.475,3,0,0,0,67301,0,0,0,,0,0,0,1,68K01,0,,3,1,,N,N,,0,,1,0,0,0,0,,2204,1,1,0,0,0,0,0,3,4,0,1,3,,N,,,,,,,,,,,
2007100960,444.0,0,0,0,0,0,0,0,0,0,8,0,,67,9,2007,1,40.0144,-75.153,443.0,6,0,0,0,0,0,0,0,0,,1,0,0,4,3,0,1,,0,40 00:51.708,,0,75 09:10.931,1,0,0,0,67301,1,1,0,N,1,1,0,2,67301,0,2.0,1,1,,N,N,,0,0.0,0,0,0,3,3,,438,0,2,0,0,0,0,0,3,4,1,1,3,,N,,,,,,,,,,,
2007098530,1554.0,1,0,0,0,0,0,1,0,0,4,1,,67,8,2007,7,39.9693,-75.2139,1551.0,6,0,0,0,0,0,1,0,0,,0,0,0,15,1,5,1,,0,39 58:09.458,,0,75 12:49.863,8,0,0,0,67301,0,0,0,N,0,0,0,6,67301,0,,1,1,,N,N,,0,,0,0,0,3,3,,1530,5,2,0,0,0,5,0,3,4,0,2,3,,N,,,,,,,,,,,
2007093144,836.0,1,0,0,0,0,0,0,0,0,2,0,,67,6,2007,7,40.0471,-75.098,833.0,6,0,0,0,0,0,0,0,0,1.0,0,0,0,8,1,1,1,,1,40 02:49.000,5.0,0,75 05:52.795,3,0,0,0,67301,0,0,0,N,0,0,0,2,67301,0,,1,1,,N,N,,0,,1,0,0,3,2,Y,830,1,2,0,0,0,0,0,3,4,1,2,3,,N,,,,,,,,,,,
2007093156,2047.0,3,0,0,0,0,0,0,0,0,5,0,,67,7,2007,3,40.0182,-75.1701,2045.0,6,0,0,0,0,0,0,1,0,1.0,0,0,0,20,1,1,0,,2,40 01:05.000,2.0,0,75 10:12.549,4,0,0,0,67301,0,0,0,N,0,0,0,3,67301,1,,1,1,,N,N,,0,,0,0,0,0,0,N,2040,1,3,0,0,0,0,0,3,4,0,3,3,,N,,,,,,,,,,,
2007117239,1300.0,1,0,0,0,0,0,0,0,0,7,0,,67,10,2007,5,39.9327,-75.2161,1240.0,6,0,0,0,0,0,0,0,0,,0,0,0,12,1,0,0,,0,39 55:57.000,,0,75 12:57.970,0,0,0,0,67301,0,0,0,,0,0,0,1,67301,0,,2,9,,,,,0,,0,0,0,0,0,,1228,0,1,0,0,0,0,0,3,4,0,1,7,,N,,,,,,,,,,,
2007117285,2108.0,2,0,0,0,0,0,0,0,0,4,0,,67,10,2007,3,39.958,-75.2437,2103.0,6,0,0,0,0,0,0,0,0,,0,0,0,21,3,0,1,,0,39 57:28.886,,0,75 14:37.150,0,0,0,0,67301,0,0,0,N,0,0,0,5,67301,0,,1,1,,N,N,,0,,0,0,0,3,3,,2100,0,2,0,0,0,0,0,3,4,0,2,3,,N,,,,,,,,,,,