CRN,ARRIVAL_TM,AUTOMOBILE_COUNT,BELTED_DEATH_COUNT,BELTED_SUSP_SERIOUS_INJ_COUNT,BICYCLE_COUNT,BICYCLE_DEATH_COUNT,BICYCLE_SUSP_SERIOUS_INJ_COUNT,BUS_COUNT,CHLDPAS_DEATH_COUNT,CHLDPAS_SUSP_SERIOUS_INJ_COUNT,COLLISION_TYPE,COMM_VEH_COUNT,CONS_ZONE_SPD_LIM,COUNTY,CRASH_MONTH,CRASH_YEAR,DAY_OF_WEEK,DEC_LAT,DEC_LONG,DISPATCH_TM,DISTRICT,DRIVER_COUNT_16YR,DRIVER_COUNT_17YR,DRIVER_COUNT_18YR,DRIVER_COUNT_19YR,DRIVER_COUNT_20YR,DRIVER_COUNT_50_64YR,DRIVER_COUNT_65_74YR,DRIVER_COUNT_75PLUS,EST_HRS_CLOSED,FATAL_COUNT,HEAVY_TRUCK_COUNT,HORSE_BUGGY_COUNT,HOUR_OF_DAY,ILLUMINATION,INJURY_COUNT,INTERSECT_TYPE,INTERSECTION_RELATED,LANE_CLOSED,LATITUDE,LN_CLOSE_DIR,LOCATION_TYPE,LONGITUDE,MAX_SEVERITY_LEVEL,MCYCLE_DEATH_COUNT,MCYCLE_SUSP_SERIOUS_INJ_COUNT,MOTORCYCLE_COUNT,MUNICIPALITY,NONMOTR_COUNT,NONMOTR_DEATH_COUNT,NONMOTR_SUSP_SERIOUS_INJ_COUNT,NTFY_HIWY_MAINT,PED_COUNT,PED_DEATH_COUNT,PED_SUSP_SERIOUS_INJ_COUNT,PERSON_COUNT,POLICE_AGCY,POSSIBLE_INJ_COUNT,RDWY_SURF_TYPE_CD,RELATION_TO_ROAD,ROAD_CONDITION,ROADWAY_CLEARED,SCH_BUS_IND,SCH_ZONE_IND,SECONDARY_CRASH,SMALL_TRUCK_COUNT,SPEC_JURIS_CD,SUSP_MINOR_INJ_COUNT,SUSP_SERIOUS_INJ_COUNT,SUV_COUNT,TCD_FUNC_CD,TCD_TYPE,TFC_DETOUR_IND,TIME_OF_DAY,TOT_INJ_COUNT,TOTAL_UNITS,UNB_DEATH_COUNT,UNB_SUSP_SERIOUS_INJ_COUNT,UNBELTED_OCC_COUNT,UNK_INJ_DEG_COUNT,UNK_INJ_PER_COUNT,URBAN_AREA,URBAN_RURAL,VAN_COUNT,VEHICLE_COUNT,WEATHER1,WEATHER2,WORK_ZONE_IND,WORK_ZONE_LOC,WORK_ZONE_TYPE,WORKERS_PRES,WZ_CLOSE_DETOUR,WZ_FLAGGER,WZ_LAW_OFFCR_IND,WZ_LN_CLOSURE,WZ_MOVING,WZ_OTHER,WZ_SHLDER_MDN,WZ_WORKERS_INJ_KILLED
2007080976,1310.0,0,0,0,0,0,0,1,0,0,5,1,,67,6,2007,7,39.9939,-75.1545,1310.0,6,0,0,0,0,0,0,0,0,,0,0,0,13,1,2,1,,0,39 59:38.000,,0,75 09:16.064,4,0,0,0,67301,0,0,0,N,0,0,0,19,67301,2,,1,1,,N,N,,1,,0,0,0,3,2,,1309,2,2,0,0,0,0,0,3,4,0,2,3,,N,,,,,,,,,,,
2007080889,2153.0,2,0,0,0,0,0,0,0,0,6,0,,67,6,2007,5,39.9383,-75.2188,2145.0,6,0,0,0,0,0,1,0,0,,0,0,0,21,2,1,0,,0,39 56:17.952,,0,75 13:07.546,8,0,0,0,67301,0,0,0,N,0,0,0,1,67301,0,,6,1,,N,N,,0,,0,0,1,0,0,,2142,1,3,0,0,0,1,0,3,4,0,3,3,,N,,,,,,,,,,,
2007071356,2105.0,1,0,0,0,0,0,0,0,0,2,0,,67,5,2007,6,40.0707,-75.2412,2100.0,6,0,0,0,0,0,0,0,0,,0,0,0,21,3,1,1,,0,40 04:15.000,,0,75 14:28.628,4,0,0,0,67301,0,0,0,N,0,0,0,2,67301,1,,1,1,,N,N,,0,,0,0,1,3,2,,2100,1,2,0,0,0,0,0,3,4,0,2,3,,N,,,,,,,,,,,
2007066430,1459.0,2,0,0,0,0,0,0,0,0,1,0,,67,5,2007,1,39.9895,-75.09,1442.0,6,0,0,0,0,0,0,0,0,,0,0,0,14,1,2,0,,0,39 59:22.000,,0,75 05:24.043,4,0,0,0,67301,0,0,0,N,0,0,0,2,67301,2,,1,1,,N,N,,0,,0,0,0,3,3,,1440,2,2,0,0,0,0,0,3,4,0,2,3,,N,,,,,,,,,,,
2007066472,1320.0,1,0,0,0,0,0,0,0,0,1,0,,67,5,2007,4,40.0226,-75.1482,1312.0,6,0,0,0,0,0,2,0,0,,0,0,0,13,1,2,0,,0,40 01:21.000,,0,75 08:53.648,8,0,0,0,67301,0,0,0,N,0,0,0,4,67301,0,,1,1,,N,N,,0,,0,0,1,3,2,,1310,2,2,0,0,0,2,0,3,4,0,2,3,,N,,,,,,,,,,,
2007066517,2110.0,1,0,0,0,0,0,0,0,0,7,0,,67,5,2007,1,40.0609,-75.1373,2100.0,6,0,0,0,1,0,0,0,0,,0,0,0,20,4,1,0,,0,40 03:39.201,,0,75 08:14.264,8,0,0,0,67301,0,0,0,N,0,0,0,1,67301,0,,5,1,,N,N,,0,,0,0,0,0,0,,2055,1,1,0,0,0,1,0,3,4,0,1,3,,N,,,,,,,,,,,
2007079993,1300.0,3,0,0,0,0,0,0,0,0,4,0,,67,6,2007,2,39.9558,-75.2217,1256.0,6,0,0,0,0,0,0,0,1,3.0,0,0,0,12,1,3,1,,2,39 57:21.049,1.0,0,75 13:18.170,2,0,0,0,67301,0,0,0,N,0,0,0,3,67301,2,,1,1,,N,N,,0,,0,1,0,9,3,Y,1242,3,3,0,0,0,0,0,3,4,0,3,3,,N,,,,,,,,,,,
2007080144,2230.0,1,0,0,0,0,0,0,0,0,5,0,,67,6,2007,3,39.9162,-75.1746,2218.0,6,0,0,1,0,0,0,0,0,,0,0,0,21,3,1,0,,0,39 54:58.243,,0,75 10:28.428,4,0,0,1,67301,0,0,0,N,0,0,0,2,67301,1,,1,1,,N,N,,0,,0,0,0,0,0,,2140,1,2,0,0,0,0,1,3,4,0,2,3,,N,,,,,,,,,,,
2007127579,1355.0,1,0,0,0,0,0,0,0,0,8,0,,67,10,2007,7,39.9956,-75.1675,1350.0,6,0,0,0,0,0,0,0,0,,0,0,0,13,1,1,1,,0,39 59:44.000,,0,75 10:03.145,4,0,0,0,67301,1,0,0,N,1,0,0,3,67301,1,,1,9,,N,Y,,0,,0,0,0,3,2,,1310,1,2,0,0,0,0,0,3,4,0,1,7,,N,,,,,,,,,,,
2007126122,1805.0,0,0,0,1,0,0,0,0,0,4,0,,67,11,2007,2,39.9488,-75.196,1758.0,6,0,0,0,0,0,1,0,0,,0,0,0,17,3,1,2,,0,39 56:55.650,,0,75 11:45.552,3,0,0,0,67301,1,0,0,N,0,0,0,2,67301,0,,1,1,,N,N,,0,,1,0,0,9,3,,1745,1,2,0,0,0,0,0,3,4,1,1,3,,N,,,,,,,,,,,
2007127596,1745.0,0,0,0,0,0,0,0,0,0,8,0,,67,7,2007,3,40.0288,-75.1322,1744.0,6,0,0,0,0,0,0,0,0,,0,0,0,17,1,1,1,,0,40 01:43.550,,0,75 07:55.833,8,0,0,0,67301,1,0,0,,1,0,0,2,67301,0,,1,9,,N,N,,0,,0,0,0,3,2,,1730,1,2,0,0,0,1,0,3,4,1,1,7,,N,,,,,,,,,,,
2007126204,1502.0,0,0,0,0,0,0,0,0,0,4,0,,67,11,2007,2,39.9908,-75.1309,1459.0,6,0,0,0,0,0,0,0,0,,0,0,0,14,1,1,1,,0,39 59:27.000,,0,75 07:51.262,8,0,0,0,67301,0,0,0,N,0,0,0,3,67301,0,,1,1,,N,N,,1,,0,0,1,3,2,,1432,1,2,0,0,0,1,0,3,4,0,2,3,,N,,,,,,,,,,,
2007123802,1315.0,1,0,0,0,0,0,0,0,0,7,0,,67,10,2007,7,40.0203,-75.2007,1315.0,6,0,0,0,0,0,0,0,0,,0,0,0,13,1,0,0,,0,40 01:13.030,,0,75 12:02.589,0,0,0,0,67301,0,0,0,,0,0,0,1,67301,0,,5,9,,N,N,,0,,0,0,0,0,0,,1309,0,1,0,0,0,0,0,3,4,0,1,7,,N,,,,,,,,,,,
2007123815,1155.0,1,0,0,1,0,0,0,0,0,4,0,,67,11,2007,3,40.0157,-75.1498,1150.0,6,0,0,0,0,0,0,0,0,,0,0,0,99,1,1,0,,0,40 00:56.000,,0,75 08:59.319,4,0,0,0,67301,1,0,0,,0,0,0,2,67301,1,,1,1,,N,N,,0,,0,0,0,0,0,,9999,1,2,0,0,0,0,0,3,4,0,1,3,,N,,,,,,,,,,,
2007047766,810.0,2,0,0,0,0,0,0,0,0,4,0,,67,3,2007,7,40.0216,-75.1817,755.0,6,0,0,0,0,0,0,0,0,,0,0,0,7,1,1,0,,0,40 01:17.609,,0,75 10:54.016,4,0,0,0,67301,0,0,0,N,0,0,0,3,67301,1,,1,1,,N,N,,0,,0,0,0,0,0,,750,1,2,0,0,0,0,0,3,4,0,2,3,,N,,,,,,,,,,,
2007033863,1833.0,1,0,0,0,0,0,0,0,0,8,0,,67,1,2007,4,39.9783,-75.2461,1828.0,6,0,0,0,0,0,0,0,0,,1,0,0,18,3,0,1,,0,39 58:41.000,,0,75 14:45.800,1,0,0,0,67301,1,1,0,,1,1,0,2,67301,0,2.0,1,1,,N,N,,0,0.0,0,0,0,3,2,,1827,0,2,0,0,0,0,0,3,4,0,1,3,,N,,,,,,,,,,,
2007068115,333.0,2,0,0,0,0,0,0,0,0,1,0,,67,5,2007,7,40.0733,-75.087,329.0,6,0,0,0,0,0,0,0,0,,0,0,0,1,3,0,0,,0,40 04:23.736,,0,75 05:13.372,0,0,0,0,67301,0,0,0,N,0,0,0,1,67301,0,,1,1,,N,N,,0,,0,0,1,0,0,,125,0,4,0,0,0,0,0,3,4,1,4,3,,N,,,,,,,,,,,
2007063235,341.0,2,0,0,0,0,0,0,0,0,1,0,,67,5,2007,7,,,335.0,6,0,0,0,0,1,0,0,0,3.0,0,0,0,3,3,2,0,,2,,1.0,7,,4,0,0,0,67301,0,0,0,N,0,0,0,6,09202,1,,1,1,,N,N,,0,,0,0,1,0,0,N,335,2,3,0,0,0,1,1,3,3,0,3,3,,N,,,,,,,,,,,
2007116234,1630.0,1,0,0,0,0,0,0,0,0,8,0,,67,10,2007,3,39.9768,-75.2321,1630.0,6,0,0,0,0,0,0,0,0,,0,0,0,16,1,1,0,,0,39 58:36.582,,0,75 13:55.691,4,0,0,0,67301,1,0,0,,1,0,0,2,67301,1,,1,1,,N,,,0,,0,0,0,0,0,,1630,1,2,0,0,1,0,0,3,4,0,1,3,,N,,,,,,,,,,,
2007105895,1423.0,0,0,0,0,0,0,0,0,0,1,0,,67,9,2007,6,39.9498,-75.1839,1341.0,6,0,0,0,0,0,0,0,0,1.0,0,0,0,13,1,0,0,,1,39 57:04.000,4.0,0,75 10:57.854,0,0,0,0,67301,0,0,0,N,0,0,0,2,68K01,0,,1,1,,N,N,,0,,0,0,1,0,0,N,1338,0,2,0,0,0,0,0,3,4,1,2,3,,N,,,,,,,,,,,
2007108918,125.0,3,0,0,0,0,0,0,0,0,4,0,,67,9,2007,3,40.0659,-75.1575,121.0,6,0,0,0,1,0,0,0,0,,0,0,0,1,3,3,0,,0,40 03:57.286,,0,75 09:26.823,4,0,0,0,67301,0,0,0,N,0,0,0,3,67301,2,,1,1,,N,N,,0,,0,0,0,0,0,,118,3,3,0,0,0,1,0,3,4,0,3,3,,N,,,,,,,,,,,
2007106170,1348.0,1,0,0,0,0,0,1,0,0,5,1,,67,6,2007,5,39.9234,-75.1597,1345.0,6,0,0,0,1,0,0,0,0,,0,0,0,13,1,2,0,,0,39 55:24.384,,0,75 09:34.912,4,0,0,0,67301,0,0,0,,0,0,0,3,67301,2,,1,1,,N,,,0,,0,0,0,3,2,,1340,2,2,0,0,0,0,0,3,4,0,2,3,,N,,,,,,,,,,,
2007108839,2143.0,0,0,0,1,0,0,0,0,0,4,0,,67,9,2007,3,39.9325,-75.1739,2140.0,6,0,0,0,0,0,0,0,0,,0,0,0,21,3,1,2,,0,39 55:56.838,,0,75 10:26.137,4,0,0,0,67301,1,0,0,N,0,0,0,2,67301,1,,1,1,,N,N,,1,,0,0,0,0,0,,2135,1,2,0,0,0,0,0,3,4,0,1,3,,N,,,,,,,,,,,
2007106461,723.0,1,0,0,0,0,0,0,0,0,4,1,,67,8,2007,4,40.0407,-75.1515,718.0,6,0,0,0,0,0,0,0,0,,0,1,0,99,1,1,0,,0,40 02:26.487,,0,75 09:05.346,8,0,0,0,67301,0,0,0,N,0,0,0,1,67301,0,,2,1,,N,N,,0,,0,0,0,0,0,,9999,1,2,0,0,0,1,0,3,4,0,2,3,,N,,,,,,,,,,,
2007106465,1020.0,1,0,0,0,0,0,0,0,0,4,0,,67,8,2007,4,39.9945,-75.1342,1020.0,6,0,0,0,0,0,1,0,1,,0,0,0,10,1,1,1,,0,39 59:40.160,,0,75 08:03.091,8,0,0,0,67301,0,0,0,N,0,0,0,2,67301,0,,1,1,,N,N,,0,,0,0,1,3,2,,1010,1,2,0,0,0,1,0,3,4,0,2,3,,N,,,,,,,,,,,
2007081601,1510.0,1,0,0,0,0,0,0,0,0,5,0,,67,6,2007,6,39.8956,-75.2335,1505.0,6,0,0,0,0,0,2,0,0,,0,0,0,15,1,1,2,,0,39 53:44.000,,0,75 14:00.732,8,0,0,0,67301,0,0,0,N,0,0,0,2,67301,0,,1,1,,N,N,,0,,0,0,1,3,2,,1505,1,2,0,0,0,1,0,3,4,0,2,3,,N,,,,,,,,,,,
2007120263,2249.0,1,0,0,0,0,0,0,0,0,2,0,,67,10,2007,1,40.0249,-75.1968,2245.0,6,0,0,0,0,0,1,0,0,2.0,0,0,0,22,3,1,0,,2,40 01:29.000,5.0,0,75 11:48.613,4,0,0,0,67301,0,0,0,N,0,0,0,2,67301,1,,1,1,,N,N,,0,,0,0,0,0,0,Y,2245,1,2,0,0,0,0,0,3,4,1,2,3,,N,,,,,,,,,,,
2007081498,2002.0,1,0,0,0,0,0,0,0,0,4,0,,67,6,2007,7,39.9961,-75.1471,2001.0,6,0,0,0,0,0,0,0,0,,0,0,0,20,4,1,1,,0,39 59:46.100,,0,75 08:49.451,8,0,0,1,67301,0,0,0,N,0,0,0,2,67301,0,,1,1,,N,N,,0,,0,0,0,3,2,,2000,1,2,0,0,0,1,0,3,4,0,2,3,,N,,,,,,,,,,,
2007081762,804.0,2,0,0,0,0,0,0,0,0,5,0,,67,6,2007,5,40.027,-75.0654,759.0,6,0,0,0,0,0,0,0,0,,0,0,0,7,1,1,1,,0,40 01:37.000,,0,75 03:55.300,8,0,0,0,67301,1,0,0,,0,0,0,3,67301,0,,1,1,,N,N,,0,,0,0,0,0,0,,740,1,3,0,0,0,1,0,3,4,0,2,3,,N,,,,,,,,,,,
2007081551,1615.0,1,0,0,0,0,0,0,0,0,8,0,,67,6,2007,6,39.9565,-75.2265,1610.0,6,0,0,0,0,0,1,0,0,,0,0,0,16,1,1,0,,0,39 57:23.392,,0,75 13:35.540,4,0,0,0,67301,1,0,0,N,1,0,0,2,67301,1,,1,1,,N,N,,0,,0,0,0,9,3,,1610,1,2,0,0,0,0,0,3,4,0,1,3,,N,,,,,,,,,,,
2007116168,758.0,3,0,0,0,0,0,0,0,0,1,0,,67,9,2007,6,40.0622,-75.0428,754.0,6,0,0,0,1,1,0,0,0,,0,0,0,7,1,1,0,,0,40 03:43.000,,0,75 02:34.262,4,0,0,0,67301,0,0,0,N,0,0,0,4,67301,1,,1,1,,N,N,,0,,0,0,0,3,2,,744,1,3,0,0,0,0,0,3,4,0,3,3,,N,,,,,,,,,,,
2007123989,1211.0,0,0,0,0,0,0,0,0,0,8,0,,67,10,2007,3,39.9945,-75.1593,1205.0,6,0,0,0,0,0,0,0,0,,0,0,0,11,1,1,1,,0,39 59:40.000,,0,75 09:33.547,4,0,0,0,67301,1,0,0,N,1,0,0,2,67301,1,,1,1,,N,N,,0,,0,0,0,3,2,,1115,1,2,0,0,0,0,1,3,4,0,1,3,,N,,,,,,,,,,,
2007123992,742.0,2,0,0,0,0,0,0,0,0,2,0,,67,11,2007,4,40.0221,-75.0579,738.0,6,0,0,0,0,0,0,0,0,,0,0,0,7,1,1,1,,0,40 01:19.560,,0,75 03:28.616,3,0,0,0,67301,0,0,0,N,0,0,0,2,67301,0,,1,9,,N,N,,0,,1,0,0,2,3,,725,1,2,0,0,0,0,0,3,4,0,2,5,,N,,,,,,,,,,,
2007107958,1014.0,1,0,0,0,0,0,0,0,0,7,0,,67,9,2007,1,39.9914,-75.0864,1012.0,6,0,0,0,0,0,0,0,0,1.0,0,0,0,10,1,1,0,,1,39 59:28.860,2.0,0,75 05:10.958,4,0,0,0,67301,0,0,0,N,0,0,0,4,67301,1,,2,1,,N,N,,0,,0,0,0,0,0,N,1000,1,1,0,0,2,0,0,3,4,0,1,3,,N,,,,,,,,,,,
2007103175,1524.0,2,0,0,0,0,0,0,0,0,1,0,,67,9,2007,6,40.0109,-75.2062,1524.0,6,0,0,0,0,0,0,0,0,,0,0,0,15,1,1,6,,0,40 00:39.000,,2,75 12:22.116,4,0,0,0,67301,0,0,0,N,0,0,0,2,68K01,1,,1,1,,N,N,,0,,0,0,0,3,3,,1523,1,2,0,0,0,0,0,3,4,0,2,3,,N,,,,,,,,,,,
2007097806,1620.0,1,0,0,0,0,0,0,0,0,1,0,,67,7,2007,4,39.9391,-75.1949,1615.0,6,0,0,0,0,0,1,0,0,2.0,0,0,0,15,1,1,2,,1,39 56:20.655,6.0,0,75 11:41.650,8,0,0,0,67301,0,0,0,N,0,0,0,6,67301,0,,1,9,,N,N,,0,,0,0,0,3,2,Y,1525,1,2,0,0,0,1,0,3,4,1,2,7,,N,,,,,,,,,,,
2007097899,1308.0,2,0,0,0,0,0,0,0,0,4,0,,67,8,2007,1,39.9751,-75.1955,1306.0,6,0,0,0,0,0,0,0,0,,0,0,0,13,1,1,0,,0,39 58:30.551,,0,75 11:43.758,4,0,0,0,67301,0,0,0,N,0,0,0,3,67301,1,,1,1,,N,N,,0,,0,0,0,0,0,,1305,1,2,0,0,0,0,0,3,4,0,2,3,,N,,,,,,,,,,,
2007097906,1820.0,3,0,0,0,0,0,0,0,0,1,0,,67,8,2007,4,39.9625,-75.2135,1817.0,6,0,0,0,0,0,0,0,0,,0,0,0,18,1,1,0,,0,39 57:45.000,,0,75 12:47.138,3,0,0,0,67301,0,0,0,N,0,0,0,4,67301,0,,1,1,,N,N,,0,,1,0,0,0,0,,1816,1,3,0,0,1,0,0,3,4,0,3,3,,N,,,,,,,,,,,
2007095530,912.0,1,0,0,0,0,0,0,0,0,4,0,,67,8,2007,5,40.0028,-75.1378,910.0,6,0,0,0,0,0,1,0,0,,0,0,0,9,1,1,2,,0,40 00:09.954,,0,75 08:16.245,4,0,0,0,67301,0,0,0,,0,0,0,2,67301,1,,1,1,,N,N,,1,,0,0,0,3,2,,900,1,2,0,0,0,0,0,3,4,0,2,3,,N,,,,,,,,,,,
2007098087,1852.0,0,0,0,0,0,0,0,0,0,4,0,,67,8,2007,5,39.9563,-75.2135,1848.0,6,0,0,0,0,0,0,0,0,,0,0,0,18,4,2,1,,0,39 57:22.503,,0,75 12:48.657,4,0,0,0,67301,0,0,0,N,0,0,0,4,67301,2,,1,1,,N,N,,1,,0,0,0,9,3,,1845,2,2,0,0,0,0,0,3,4,1,2,3,,N,,,,,,,,,,,
2007093158,1649.0,1,0,0,0,0,0,0,0,0,6,0,,67,7,2007,1,40.0047,-75.164,1640.0,6,0,0,0,0,0,0,0,0,,0,0,0,16,1,2,0,,0,40 00:16.948,,0,75 09:50.241,8,0,0,0,67301,0,0,0,N,0,0,0,3,67301,0,,1,1,,N,N,,1,,0,0,0,0,0,,1630,2,2,0,0,1,2,0,3,4,0,2,3,,N,,,,,,,,,,,
2007108837,950.0,0,0,0,0,0,0,0,0,0,7,0,,67,9,2007,3,39.9331,-75.2378,950.0,6,0,0,0,0,0,0,0,0,,0,0,0,9,1,1,0,,0,39 55:59.000,,0,75 14:16.010,4,0,0,0,67301,0,0,0,N,0,0,0,1,67301,1,,2,9,,N,N,,1,,0,0,0,0,0,,945,1,1,0,0,0,0,0,3,4,0,1,7,,N,,,,,,,,,,,
2007106557,1510.0,1,0,0,0,0,0,0,0,0,1,0,,67,9,2007,5,40.0069,-75.0684,1507.0,6,0,0,0,0,0,0,0,0,3.0,0,0,0,99,1,2,2,,1,40 00:24.000,3.0,2,75 04:06.373,8,0,0,0,67301,0,0,0,,0,0,0,2,67301,0,,7,1,,,,,0,,0,0,1,0,0,N,9999,2,2,0,0,0,2,0,3,4,0,2,3,,N,,,,,,,,,,,
2007106069,1540.0,4,0,0,0,0,0,0,0,0,4,0,,67,6,2007,5,40.0425,-75.1409,1537.0,6,0,0,0,0,0,0,0,0,,0,0,0,15,1,2,1,,0,40 02:33.068,,0,75 08:27.207,4,0,0,0,67301,1,0,0,N,0,0,0,4,67301,2,,1,1,,N,N,,0,,0,0,0,3,3,,1530,2,4,0,0,0,0,0,3,4,0,4,3,,N,,,,,,,,,,,
2007106550,1649.0,2,0,0,0,0,0,0,0,0,1,0,,67,8,2007,2,40.0367,-75.1584,1645.0,6,0,0,0,0,0,0,0,0,,0,0,0,16,1,3,1,,0,40 02:12.109,,0,75 09:30.211,4,0,0,0,67301,0,0,0,N,0,0,0,5,67301,3,,1,9,,N,N,,0,,0,0,0,3,2,,1640,3,2,0,0,0,0,0,3,4,0,2,7,,N,,,,,,,,,,,
2007098610,1742.0,1,0,0,0,0,0,0,0,0,7,0,,67,8,2007,1,39.9074,-75.1497,1735.0,6,0,0,1,0,0,0,0,0,,0,0,0,17,1,0,0,,0,39 54:26.000,,0,75 08:58.929,0,0,0,0,67301,0,0,0,N,0,0,0,1,67301,0,,2,1,,N,N,,0,,0,0,0,0,0,,1733,0,1,0,0,0,0,0,3,4,0,1,3,,N,,,,,,,,,,,
2007081633,345.0,1,0,0,0,0,0,0,0,0,7,0,,67,5,2007,6,40.0364,-75.0229,341.0,6,0,0,0,0,0,0,0,0,,0,0,0,3,3,1,0,,0,40 02:11.000,,0,75 01:22.475,8,0,0,0,67301,0,0,0,,0,0,0,1,67301,0,,2,1,,,,,0,,0,0,0,0,0,,335,1,1,0,0,0,1,0,3,4,0,1,3,,N,,,,,,,,,,,
2007081648,2118.0,1,0,0,0,0,0,0,0,0,8,0,,67,5,2007,5,39.9298,-75.1926,2115.0,6,0,0,0,0,0,0,0,0,,0,0,0,21,2,1,2,,0,39 55:47.395,,0,75 11:33.345,4,0,0,0,67301,1,0,0,N,1,0,0,2,67301,1,,1,1,,,,,0,,0,0,0,0,0,,2112,1,2,0,0,0,0,0,3,4,0,1,3,,N,,,,,,,,,,,
2007081661,1620.0,1,0,0,0,0,0,0,0,0,1,0,,67,6,2007,7,40.033,-75.0205,1616.0,6,0,0,0,0,0,1,1,0,2.0,0,0,0,16,1,2,0,,2,40 01:58.000,1.0,0,75 01:13.953,4,0,0,0,67301,0,0,0,,0,0,0,5,67301,2,,2,1,,N,N,,0,,0,0,2,0,0,N,1615,2,4,0,0,0,0,0,3,4,1,4,3,,N,,,,,,,,,,,
2007120329,2334.0,1,0,0,0,0,0,0,0,0,1,0,,67,10,2007,6,39.9378,-75.1982,2315.0,6,0,0,0,1,1,1,0,0,1.0,0,0,0,23,3,0,0,,2,39 56:23.000,4.0,0,75 11:46.455,0,0,0,0,67301,0,0,0,N,0,0,0,12,68K01,0,,1,1,,N,N,,0,,0,0,2,0,0,N,2305,0,3,0,0,0,0,0,3,4,0,3,3,,N,,,,,,,,,,,
2007081352,1715.0,2,0,0,0,0,0,0,0,0,1,0,,67,5,2007,4,40.08,-74.9973,1702.0,6,0,0,0,0,0,1,0,0,,0,0,0,99,1,1,2,,0,40 04:47.000,,0,74 59:50.275,4,0,0,0,67301,0,0,0,N,0,0,0,2,67301,1,,1,1,,N,N,,0,,0,0,0,3,2,,9999,1,2,0,0,0,0,0,3,4,0,2,3,,N,,,,,,,,,,,
2007081764,536.0,1,0,0,0,0,0,0,0,0,8,0,,67,6,2007,7,40.0121,-75.1371,533.0,6,0,0,0,0,0,0,0,0,,0,0,0,99,1,1,1,,0,40 00:43.642,,0,75 08:13.671,8,0,0,0,67301,1,0,0,N,1,0,0,2,67301,0,,1,1,,N,N,,0,,0,0,0,3,3,,9999,1,2,0,0,0,1,0,3,4,0,1,3,,N,,,,,,,,,,,
2007118089,1335.0,2,0,0,0,0,0,0,0,0,4,0,,67,9,2007,7,40.0358,-75.1498,1331.0,6,0,0,0,0,0,0,0,0,,0,0,0,13,1,1,2,,0,40 02:09.049,,0,75 08:59.276,8,0,0,0,67301,0,0,0,N,0,0,0,3,67301,0,,1,1,,N,N,,0,,0,0,0,0,0,,1330,1,2,0,0,0,1,0,3,4,0,2,3,,N,,,,,,,,,,,
2007116163,1835.0,1,0,0,0,0,0,0,0,0,2,0,,67,10,2007,4,40.0607,-75.0076,1827.0,6,0,0,0,0,0,0,1,0,1.0,0,0,0,18,4,1,0,,1,40 03:38.473,1.0,0,75 00:27.219,8,0,0,0,67301,1,0,0,,1,0,0,2,67301,0,,1,1,,,,,0,,0,0,0,0,0,N,1820,1,2,0,0,0,1,0,3,4,0,1,3,,N,,,,,,,,,,,
2007126119,453.0,4,0,0,0,0,0,0,0,0,5,0,,67,9,2007,1,39.9716,-75.2428,452.0,6,0,0,0,0,0,0,0,0,,0,0,0,4,3,0,1,,0,39 58:17.000,,0,75 14:34.044,0,0,0,0,67301,0,0,0,N,0,0,0,2,67301,0,,1,1,,N,N,,0,,0,0,0,3,1,,451,0,5,0,0,0,0,0,3,4,1,5,3,,N,,,,,,,,,,,
2007126446,850.0,1,0,0,0,0,0,0,0,0,7,0,,67,10,2007,4,39.9469,-75.1841,830.0,6,0,0,0,0,0,0,0,0,,0,0,0,99,1,0,10,,0,39 56:48.970,,0,75 11:02.600,0,0,0,0,67301,0,0,0,,0,0,0,1,67301,0,,2,9,,N,N,,0,,0,0,0,0,0,,9999,0,1,0,0,0,0,0,3,4,0,1,7,,N,,,,,,,,,,,
2007123743,1311.0,1,0,0,0,0,0,0,0,0,1,0,,67,11,2007,5,39.9824,-75.1753,1303.0,6,0,0,0,0,0,0,0,0,,0,0,0,99,1,1,1,,0,39 58:56.678,,0,75 10:31.174,8,0,0,0,67301,1,0,0,N,1,0,0,3,67301,0,,1,1,,N,N,,0,,0,0,1,3,2,,9999,1,3,0,0,0,1,1,3,4,0,2,3,,N,,,,,,,,,,,
2007107768,1030.0,0,0,0,0,0,0,0,0,0,4,0,,67,9,2007,2,39.9879,-75.0954,1021.0,6,0,1,0,0,0,0,0,0,,0,0,0,10,1,1,1,,0,39 59:16.317,,0,75 05:43.569,8,0,0,0,67301,0,0,0,N,0,0,0,2,67301,0,,1,1,,N,N,,0,,0,0,2,3,3,,1000,1,2,0,0,0,1,0,3,4,0,2,3,,N,,,,,,,,,,,
2007107924,1357.0,2,0,0,0,0,0,1,0,0,5,1,,67,9,2007,3,40.0015,-75.1529,1355.0,6,0,0,0,0,0,0,0,0,,0,0,0,13,1,4,0,,0,40 00:05.000,,0,75 09:10.585,4,0,0,0,67301,1,0,0,N,0,0,0,6,67301,4,,6,1,,N,N,,0,,0,0,0,3,2,,1350,4,4,0,0,0,0,1,3,4,0,3,3,,N,,,,,,,,,,,
2007110477,1450.0,0,0,0,0,0,0,0,0,0,8,0,,67,9,2007,6,39.9513,-75.1551,1445.0,6,0,0,0,0,0,1,0,0,1.0,0,0,0,14,1,1,1,,1,39 57:04.000,4.0,0,75 09:18.331,4,0,0,0,67301,1,0,0,N,1,0,0,2,67301,1,,1,1,,N,N,,1,,0,0,0,3,2,Y,1445,1,2,0,0,0,0,0,3,4,0,1,3,,N,,,,,,,,,,,