CRN,ARRIVAL_TM,AUTOMOBILE_COUNT,BELTED_DEATH_COUNT,BELTED_SUSP_SERIOUS_INJ_COUNT,BICYCLE_COUNT,BICYCLE_DEATH_COUNT,BICYCLE_SUSP_SERIOUS_INJ_COUNT,BUS_COUNT,CHLDPAS_DEATH_COUNT,CHLDPAS_SUSP_SERIOUS_INJ_COUNT,COLLISION_TYPE,COMM_VEH_COUNT,CONS_ZONE_SPD_LIM,COUNTY,CRASH_MONTH,CRASH_YEAR,DAY_OF_WEEK,DEC_LAT,DEC_LONG,DISPATCH_TM,DISTRICT,DRIVER_COUNT_16YR,DRIVER_COUNT_17YR,DRIVER_COUNT_18YR,DRIVER_COUNT_19YR,DRIVER_COUNT_20YR,DRIVER_COUNT_50_64YR,DRIVER_COUNT_65_74YR,DRIVER_COUNT_75PLUS,EST_HRS_CLOSED,FATAL_COUNT,HEAVY_TRUCK_COUNT,HORSE_BUGGY_COUNT,HOUR_OF_DAY,ILLUMINATION,INJURY_COUNT,INTERSECT_TYPE,INTERSECTION_RELATED,LANE_CLOSED,LATITUDE,LN_CLOSE_DIR,LOCATION_TYPE,LONGITUDE,MAX_SEVERITY_LEVEL,MCYCLE_DEATH_COUNT,MCYCLE_SUSP_SERIOUS_INJ_COUNT,MOTORCYCLE_COUNT,MUNICIPALITY,NONMOTR_COUNT,NONMOTR_DEATH_COUNT,NONMOTR_SUSP_SERIOUS_INJ_COUNT,NTFY_HIWY_MAINT,PED_COUNT,PED_DEATH_COUNT,PED_SUSP_SERIOUS_INJ_COUNT,PERSON_COUNT,POLICE_AGCY,POSSIBLE_INJ_COUNT,RDWY_SURF_TYPE_CD,RELATION_TO_ROAD,ROAD_CONDITION,ROADWAY_CLEARED,SCH_BUS_IND,SCH_ZONE_IND,SECONDARY_CRASH,SMALL_TRUCK_COUNT,SPEC_JURIS_CD,SUSP_MINOR_INJ_COUNT,SUSP_SERIOUS_INJ_COUNT,SUV_COUNT,TCD_FUNC_CD,TCD_TYPE,TFC_DETOUR_IND,TIME_OF_DAY,TOT_INJ_COUNT,TOTAL_UNITS,UNB_DEATH_COUNT,UNB_SUSP_SERIOUS_INJ_COUNT,UNBELTED_OCC_COUNT,UNK_INJ_DEG_COUNT,UNK_INJ_PER_COUNT,URBAN_AREA,URBAN_RURAL,VAN_COUNT,VEHICLE_COUNT,WEATHER1,WEATHER2,WORK_ZONE_IND,WORK_ZONE_LOC,WORK_ZONE_TYPE,WORKERS_PRES,WZ_CLOSE_DETOUR,WZ_FLAGGER,WZ_LAW_OFFCR_IND,WZ_LN_CLOSURE,WZ_MOVING,WZ_OTHER,WZ_SHLDER_MDN,WZ_WORKERS_INJ_KILLED
2007097915,1050.0,1,0,0,0,0,0,0,0,0,1,0,,67,7,2007,3,39.952,-75.1729,1042.0,6,0,0,0,0,0,0,0,0,,0,0,0,10,1,2,0,,0,39 57:07.000,,0,75 10:22.576,8,0,0,0,67301,0,0,0,N,0,0,0,5,67301,0,,1,1,,N,N,,1,,0,0,0,0,0,,1030,2,2,0,0,0,2,1,3,4,0,2,3,,N,,,,,,,,,,,
2007105913,1625.0,2,0,0,0,0,0,0,0,0,5,0,,67,8,2007,1,39.9151,-75.2446,1622.0,6,0,0,0,0,0,0,0,0,,0,0,0,15,1,1,2,,0,39 54:54.000,,0,75 14:40.590,4,0,0,0,67301,0,0,0,,0,0,0,3,67301,1,,1,1,,,,,0,,0,0,1,0,0,,1530,1,3,0,0,0,0,0,3,4,0,3,3,,N,,,,,,,,,,,
2007098303,1200.0,2,0,0,0,0,0,0,0,0,1,0,,67,7,2007,2,,,1150.0,6,1,0,0,0,0,1,0,0,,0,0,0,11,1,2,9,,0,,,0,,4,0,0,0,67301,0,0,0,N,0,0,0,3,67301,2,,1,1,,N,N,,0,,0,0,0,0,0,,1145,2,2,0,0,0,0,0,3,3,0,2,3,,N,,,,,,,,,,,
2007098305,1619.0,2,0,0,0,0,0,0,0,0,7,0,,67,8,2007,5,39.9117,-75.2301,1617.0,6,0,0,0,0,0,0,0,0,2.0,1,0,0,16,1,0,0,,2,39 54:42.033,4.0,0,75 13:48.205,1,0,0,0,67301,0,0,0,N,0,0,0,1,67301,0,2.0,4,1,,N,N,,0,0.0,0,0,0,3,2,N,1615,0,2,1,0,1,0,0,3,4,0,2,3,,N,,,,,,,,,,,
2007022280,921.0,0,0,0,0,0,0,1,0,0,7,1,,67,1,2007,6,40.0794,-75.0409,919.0,6,0,0,0,0,0,1,0,0,,0,0,0,9,1,1,0,,0,40 04:45.710,,0,75 02:27.272,8,0,0,0,67301,0,0,0,,0,0,0,2,67301,0,,5,2,,N,N,,0,,0,0,0,0,0,,915,1,1,0,0,0,1,0,3,4,0,1,10,,N,,,,,,,,,,,
2007022498,105.0,0,0,0,0,0,0,0,0,0,7,0,,67,1,2007,1,39.9497,-75.1421,102.0,6,0,0,0,0,0,0,0,0,2.0,0,0,0,1,3,1,1,,2,39 56:58.829,3.0,2,75 08:31.653,8,0,0,0,67301,0,0,0,,0,0,0,3,67301,0,,2,1,,,,,0,,0,0,1,3,2,N,100,1,1,0,0,0,1,0,3,4,0,1,3,,N,,,,,,,,,,,
2007027516,1600.0,1,0,0,0,0,0,0,0,0,4,0,,67,1,2007,1,39.9776,-75.1828,1600.0,6,0,0,0,0,0,0,1,0,,0,0,0,16,4,1,2,,0,39 58:39.266,,0,75 10:58.126,4,0,0,0,67301,0,0,0,N,0,0,0,2,67301,1,,1,1,,N,N,,0,,0,0,0,0,0,,1600,1,2,0,0,1,0,0,3,4,1,2,3,,N,,,,,,,,,,,
2007027540,1430.0,1,0,0,0,0,0,0,0,0,8,0,,67,1,2007,1,39.9789,-75.1703,1420.0,6,0,0,0,0,0,0,0,0,,0,0,0,14,1,1,1,,0,39 58:43.000,,0,75 10:13.036,8,0,0,0,67301,1,0,0,,1,0,0,2,67301,0,,1,1,,,,,0,,0,0,0,9,2,,1420,1,2,0,0,0,1,0,3,4,0,1,3,,N,,,,,,,,,,,
2007027596,558.0,2,0,0,0,0,0,0,0,0,4,0,,67,1,2007,6,40.0304,-75.2275,552.0,6,0,0,0,0,0,0,0,0,1.0,0,0,0,5,3,0,2,,1,40 01:49.587,4.0,0,75 13:38.931,0,0,0,0,67301,0,0,0,N,0,0,0,2,67301,0,,1,1,,N,N,,0,,0,0,0,9,3,N,552,0,2,0,0,0,0,0,3,4,0,2,3,,N,,,,,,,,,,,
2007027617,1850.0,1,0,0,0,0,0,0,0,0,8,0,,67,1,2007,6,39.9842,-75.2457,1845.0,6,0,0,0,0,0,0,0,0,,0,0,0,10,1,1,1,,0,39 59:03.000,,0,75 14:44.497,8,0,0,0,67301,1,0,0,,1,0,0,2,67301,0,,1,1,,,,,0,,0,0,0,3,2,,1040,1,2,0,0,1,1,0,3,4,0,1,3,,N,,,,,,,,,,,
2007027626,37.0,2,0,0,0,0,0,0,0,0,1,0,,67,1,2007,7,40.0202,-75.2158,37.0,6,0,0,0,0,0,0,0,0,,0,0,0,0,3,0,0,,0,40 01:12.861,,0,75 12:56.782,0,0,0,0,67301,0,0,0,N,0,0,0,1,67301,0,,6,1,,N,N,,0,,0,0,0,0,0,,35,0,2,0,0,0,0,0,3,4,0,2,3,,N,,,,,,,,,,,
2007027687,1945.0,2,0,0,0,0,0,0,0,0,4,0,,67,1,2007,6,40.0548,-75.169,1938.0,6,0,0,0,0,0,1,0,0,1.0,0,0,0,19,3,1,1,,1,40 03:17.000,6.0,0,75 10:08.247,8,0,0,0,67301,0,0,0,N,0,0,0,2,67301,0,,1,1,,N,N,,0,,0,0,0,3,2,Y,1936,1,2,0,0,0,1,0,3,4,0,2,3,,N,,,,,,,,,,,
2007027583,952.0,2,0,0,0,0,0,0,0,0,2,0,,67,1,2007,7,40.0781,-75.183,948.0,6,0,0,0,0,0,0,1,0,,0,0,0,9,1,1,0,,0,40 04:41.116,,0,75 10:58.839,4,0,0,0,67301,0,0,0,N,0,0,0,2,67301,1,,1,1,,N,N,,0,,0,0,0,0,0,,948,1,2,0,0,0,0,0,3,4,0,2,3,,N,,,,,,,,,,,
2007027720,9.0,2,0,0,0,0,0,0,0,0,4,0,,67,1,2007,1,40.0073,-75.1359,9.0,6,0,0,0,0,0,0,0,0,,0,0,0,0,3,3,1,,0,40 00:26.000,,0,75 08:09.211,3,0,0,0,67301,0,0,0,N,0,0,0,3,67301,0,,1,9,,N,N,,0,,2,0,0,0,0,,7,3,2,0,0,0,1,0,3,4,0,2,7,,N,,,,,,,,,,,
2007027735,26.0,2,0,0,0,0,0,0,0,0,4,0,,67,1,2007,4,39.9445,-75.1642,25.0,6,0,0,0,0,0,0,0,0,,0,0,0,0,3,2,1,,0,39 56:40.315,,0,75 09:50.965,4,0,0,0,67301,0,0,0,N,0,0,0,3,67301,2,,1,1,,N,N,,0,,0,0,0,0,0,,24,2,2,0,0,0,0,0,3,4,0,2,3,,N,,,,,,,,,,,
2007022829,2352.0,1,0,0,0,0,0,0,0,0,8,0,,67,1,2007,4,39.9579,-75.2018,2351.0,6,0,0,0,0,0,0,0,0,,0,0,0,23,3,1,1,,0,39 57:28.314,,0,75 12:06.598,4,0,0,0,67301,1,0,0,N,1,0,0,2,67301,1,,1,1,,N,N,,0,,0,0,0,9,3,,2345,1,2,0,0,0,0,0,3,4,0,1,3,,N,,,,,,,,,,,
2007096739,831.0,1,0,0,0,0,0,1,0,0,5,1,,67,7,2007,2,40.0385,-75.1097,826.0,6,0,0,0,0,0,0,0,0,,0,0,0,8,1,2,2,,0,40 02:18.000,,0,75 06:34.938,4,0,0,0,67301,0,0,0,N,0,0,0,6,67301,1,,1,1,,N,N,,0,,0,0,0,0,0,,820,2,2,0,0,0,1,0,3,4,0,2,3,,N,,,,,,,,,,,
2007058643,2020.0,1,0,0,0,0,0,0,0,0,8,0,,67,4,2007,6,40.074,-75.1781,2010.0,6,0,0,0,0,0,1,0,0,,0,0,0,20,3,1,0,,0,40 04:26.444,,0,75 10:41.019,3,0,0,0,67301,1,0,0,N,1,0,0,5,67301,0,,1,1,,N,N,,0,,1,0,0,0,0,,2005,1,2,0,0,0,0,0,3,4,0,1,3,,N,,,,,,,,,,,
2007056474,130.0,1,0,0,0,0,0,0,0,0,7,0,,67,4,2007,1,40.1357,-75.0153,125.0,6,0,0,0,0,1,0,0,0,,0,0,0,1,3,1,0,,0,40 08:08.379,,0,75 00:54.964,3,0,0,0,67301,0,0,0,N,0,0,0,1,67301,0,,4,9,,N,N,,0,,1,0,0,0,0,,125,1,1,0,0,0,0,0,3,4,0,1,7,,N,,,,,,,,,,,
2007056480,1622.0,2,0,0,0,0,0,0,0,0,4,0,,67,3,2007,4,40.0553,-75.0566,1618.0,6,0,0,0,0,0,0,0,0,,0,0,0,15,1,0,5,,0,40 03:19.087,,0,75 03:23.630,0,0,0,0,67301,0,0,0,N,0,0,0,4,67301,0,,1,1,,N,N,,0,,0,0,0,3,3,,1555,0,2,0,0,0,0,0,3,4,0,2,3,,N,,,,,,,,,,,
2007056506,925.0,1,0,0,0,0,0,0,0,0,8,0,,67,4,2007,2,40.033,-75.0801,923.0,6,0,0,0,0,0,0,0,0,,0,0,0,9,1,1,0,,0,40 01:58.791,,0,75 04:48.514,8,0,0,0,67301,1,0,0,N,1,0,0,3,67301,0,,1,1,,N,N,,0,,0,0,0,0,0,,921,1,2,0,0,0,1,0,3,4,0,1,3,,N,,,,,,,,,,,
2007099066,1810.0,1,0,0,1,0,0,0,0,0,4,0,,67,9,2007,7,39.9549,-75.1512,1808.0,6,0,0,0,0,0,0,0,0,,0,0,0,17,1,1,0,,0,39 57:17.506,,0,75 09:04.234,3,0,0,0,67301,1,0,0,,0,0,0,2,67301,0,,1,1,,,,,0,,1,0,0,0,0,,1730,1,2,0,0,0,0,0,3,4,0,1,3,,N,,,,,,,,,,,
2007067298,205.0,1,0,0,0,0,0,0,0,0,7,0,,67,5,2007,1,39.9192,-75.2052,203.0,6,0,0,0,0,0,0,0,0,,0,0,0,2,3,0,0,,0,39 55:09.331,,3,75 12:18.618,0,0,0,0,67301,0,0,0,N,0,0,0,1,67301,0,,2,9,,N,N,,0,,0,0,0,0,0,,202,0,1,0,0,0,0,0,3,4,0,1,7,,N,,,,,,,,,,,
2007067325,659.0,1,0,0,0,0,0,1,0,0,4,1,,67,5,2007,6,39.9592,-75.1724,653.0,6,0,0,0,0,0,1,0,0,1.0,0,0,0,6,1,1,0,,1,39 57:33.000,4.0,0,75 10:22.011,4,0,0,0,67301,0,0,0,N,0,0,0,3,67301,1,,1,1,,Y,N,,0,,0,0,1,0,0,N,653,1,3,0,0,0,0,0,3,4,0,3,3,,N,,,,,,,,,,,
2007106495,1908.0,2,0,0,0,0,0,0,0,0,1,0,,67,8,2007,6,39.9198,-75.2023,1906.0,6,0,0,0,0,0,0,0,0,1.0,0,0,0,19,1,2,0,,1,39 55:11.000,4.0,0,75 12:08.371,8,0,0,0,67301,0,0,0,N,0,0,0,2,67301,0,,1,1,,N,N,,0,,0,0,0,0,0,Y,1900,2,2,0,0,0,2,0,3,4,0,2,3,,N,,,,,,,,,,,
2007098689,1200.0,1,0,0,0,0,0,0,0,0,8,0,,67,8,2007,1,40.0376,-75.138,1158.0,6,0,0,0,0,0,0,0,0,,0,0,0,11,1,1,1,,0,40 02:15.186,,0,75 08:16.754,4,0,0,0,67301,1,0,0,N,1,0,0,2,67301,1,,1,1,,N,N,,0,,0,0,0,3,2,,1156,1,2,0,0,0,0,0,3,4,0,1,3,,N,,,,,,,,,,,
2007098583,1220.0,0,0,0,0,0,0,1,0,0,5,1,,67,8,2007,2,40.0368,-75.0641,1214.0,6,0,0,0,0,0,0,0,0,1.0,0,0,0,12,1,1,0,,2,40 02:12.000,2.0,0,75 03:50.807,8,0,0,0,67301,0,0,0,N,0,0,0,3,67301,0,,1,1,,,N,,0,,0,0,0,0,0,Y,1206,1,2,0,0,0,1,0,3,4,1,2,3,,N,,,,,,,,,,,
2007098756,1850.0,0,0,0,0,0,0,0,0,0,1,0,,67,8,2007,5,39.9615,-75.1529,1846.0,6,0,0,0,0,0,1,0,0,,0,0,0,18,1,1,1,,0,39 57:41.000,,0,75 09:10.482,8,0,0,0,67301,0,0,0,N,0,0,0,2,67301,0,,1,1,,N,N,,0,,0,0,1,3,2,,1815,1,2,0,0,0,1,0,3,4,1,2,3,,N,,,,,,,,,,,
2007098679,1510.0,2,0,0,0,0,0,0,0,0,1,0,,67,8,2007,4,40.0276,-75.1471,1508.0,6,0,0,0,0,0,1,0,0,,0,0,0,14,1,2,1,,0,40 01:39.000,,0,75 08:49.703,8,0,0,0,67301,0,0,0,N,0,0,0,7,67301,0,,1,1,,N,N,,1,,0,0,0,2,2,,1452,2,3,0,0,0,2,1,3,4,0,3,3,,N,,,,,,,,,,,
2007081597,1215.0,1,0,0,0,0,0,0,0,0,2,0,,67,6,2007,6,40.0741,-75.1584,1205.0,6,0,1,0,0,0,0,1,0,,0,0,0,12,1,2,0,,0,40 04:26.745,,7,75 09:30.243,3,0,0,0,67301,0,0,0,N,0,0,0,2,67301,1,,1,1,,N,N,,0,,1,0,0,0,0,,1200,2,2,0,0,0,0,0,3,4,1,2,3,,N,,,,,,,,,,,
2007081644,831.0,1,0,0,0,0,0,0,0,0,8,0,,67,6,2007,7,39.9938,-75.1183,830.0,6,0,0,0,0,0,0,0,0,1.0,0,0,0,8,1,1,2,,1,39 59:37.726,1.0,0,75 07:05.858,4,0,0,0,67301,1,0,0,,1,0,0,2,67301,1,,1,1,,N,N,,0,,0,0,0,3,2,N,830,1,2,0,0,0,0,1,3,4,0,1,3,,N,,,,,,,,,,,
2007120328,149.0,3,0,0,0,0,0,0,0,0,1,0,,67,9,2007,7,39.9489,-75.185,149.0,6,0,0,0,0,0,0,0,0,1.0,0,0,0,1,3,0,0,,1,39 56:56.000,4.0,0,75 11:05.963,0,0,0,0,67301,0,0,0,N,0,0,0,6,68K01,0,,1,1,,N,N,,0,,0,0,0,0,0,N,148,0,3,0,0,3,0,0,3,4,0,3,3,,N,,,,,,,,,,,
2007081306,738.0,2,0,0,0,0,0,0,0,0,2,0,,67,5,2007,4,40.0301,-75.0352,735.0,6,0,0,0,0,1,0,0,0,,0,0,0,7,1,0,1,,0,40 01:48.000,,0,75 02:06.580,0,0,0,0,67301,0,0,0,N,0,0,0,2,67301,0,,1,1,,N,N,,0,,0,0,0,3,2,,730,0,2,0,0,0,0,0,3,4,0,2,3,,N,,,,,,,,,,,
2007081765,124.0,2,0,0,0,0,0,0,0,0,6,0,,67,6,2007,2,40.0216,-75.1244,124.0,6,0,0,0,0,0,0,0,0,,0,0,0,1,3,1,1,,0,40 01:17.655,,0,75 07:27.663,4,0,0,0,67301,0,0,0,N,0,0,0,6,67301,1,,1,1,,,,,0,,0,0,0,9,2,,120,1,2,0,0,1,0,0,3,4,0,2,3,,N,,,,,,,,,,,
2007081536,829.0,1,0,0,0,0,0,0,0,0,8,0,,67,6,2007,2,39.9675,-75.232,827.0,6,0,0,0,0,0,0,0,0,,0,0,0,8,1,1,5,,0,39 58:02.000,,0,75 13:54.999,4,0,0,0,67301,1,0,0,N,1,0,0,2,67301,1,,1,1,,N,N,,0,,0,0,0,2,2,,827,1,2,0,0,0,0,0,3,4,0,1,3,,N,,,,,,,,,,,
2007081538,1635.0,2,0,0,0,0,0,0,0,0,1,0,,67,5,2007,5,40.0509,-75.0571,1630.0,6,0,0,1,1,0,0,0,0,,0,0,0,16,1,1,1,,0,40 03:03.000,,0,75 03:25.606,4,0,0,0,67301,0,0,0,N,0,0,0,3,67301,1,,1,1,,N,N,,0,,0,0,0,0,0,,1628,1,2,0,0,0,0,0,3,4,0,2,3,,N,,,,,,,,,,,
2007081565,1013.0,2,0,0,0,0,0,0,0,0,4,0,,67,5,2007,7,39.9764,-75.2641,1008.0,6,0,0,0,0,0,1,0,0,,0,0,0,10,1,1,2,,0,39 58:34.000,,0,75 15:50.756,4,0,0,0,67301,0,0,0,,0,0,0,1,67301,1,,1,1,,,,,0,,0,0,0,3,2,,1000,1,2,0,0,0,0,0,3,4,0,2,3,,N,,,,,,,,,,,
2007081585,1120.0,1,0,0,1,0,0,0,0,0,8,0,,67,6,2007,1,39.9752,-75.1532,1118.0,6,0,0,0,0,0,1,0,0,1.0,0,0,0,11,1,1,1,,1,39 58:30.604,1.0,0,75 09:11.469,8,0,0,0,67301,1,0,0,N,0,0,0,2,67301,0,,1,1,,N,N,,0,,0,0,0,3,3,N,1116,1,2,0,0,0,1,0,3,4,0,1,3,,N,,,,,,,,,,,
2007081772,1657.0,2,0,0,0,0,0,0,0,0,4,0,,67,5,2007,6,40.0203,-75.1628,1654.0,6,0,0,0,0,0,0,0,0,,0,0,0,16,1,4,2,,0,40 01:13.000,,0,75 09:46.119,8,0,0,0,67301,0,0,0,N,0,0,0,6,67301,0,,1,1,,N,N,,0,,0,0,0,0,0,,1652,4,2,0,0,0,4,0,3,4,0,2,3,,N,,,,,,,,,,,
2007127367,1340.0,2,0,0,0,0,0,0,0,0,1,0,,67,10,2007,3,39.9182,-75.2087,1336.0,6,0,0,0,0,0,1,0,0,2.0,0,0,0,13,1,3,2,,2,39 55:05.640,6.0,0,75 12:31.416,4,0,0,0,67301,0,0,0,N,0,0,0,3,67301,2,,1,1,,N,N,,0,,0,0,0,0,0,Y,1336,3,2,0,0,0,1,0,3,4,0,2,3,,N,,,,,,,,,,,
2007127378,806.0,1,0,0,0,0,0,0,0,0,7,0,,67,11,2007,7,39.928,-75.1961,758.0,6,0,0,0,0,0,1,0,0,9.0,0,0,0,7,1,1,0,,2,39 55:40.670,4.0,0,75 11:45.873,4,0,0,0,67301,0,0,0,N,0,0,0,1,67301,1,,5,2,,N,N,,0,,0,0,0,0,0,Y,750,1,1,0,0,0,0,0,3,4,0,1,98,,N,,,,,,,,,,,
2007107544,1845.0,2,0,0,0,0,0,0,0,0,7,0,,67,9,2007,5,40.0318,-75.1683,1840.0,6,0,0,0,0,0,0,0,0,,0,0,0,18,1,1,0,,0,40 01:54.000,,0,75 10:06.109,8,0,0,0,67301,0,0,0,N,0,0,0,2,67301,0,,5,1,,N,N,,0,,0,0,0,0,0,,1815,1,3,0,0,0,1,0,3,4,1,3,3,,N,,,,,,,,,,,
2007107990,1443.0,2,0,0,0,0,0,0,0,0,4,0,,67,9,2007,5,39.9942,-75.1078,1438.0,6,0,0,1,0,0,1,0,0,2.0,0,0,0,14,1,1,1,,2,39 59:39.000,7.0,0,75 06:28.154,8,0,0,0,67301,0,0,0,N,0,0,0,3,67301,0,,1,1,,N,N,,1,,0,0,0,3,2,Y,1435,1,3,0,0,0,1,0,3,4,0,3,3,,N,,,,,,,,,,,
2007097811,1335.0,1,0,0,0,0,0,0,0,0,5,0,,67,7,2007,5,39.9344,-75.1797,1330.0,6,0,0,0,0,0,0,0,0,,0,0,0,13,1,1,0,,0,39 56:03.680,,0,75 10:46.818,8,0,0,1,67301,0,0,0,N,0,0,0,3,67301,0,,1,1,,N,N,,0,,0,0,2,0,0,,1330,1,4,0,0,0,1,0,3,4,0,4,3,,N,,,,,,,,,,,
2007097837,610.0,2,0,0,0,0,0,0,0,0,4,0,,67,7,2007,1,40.1221,-75.0314,608.0,6,0,0,0,0,0,0,0,0,,0,0,0,6,5,0,0,,0,40 07:19.428,,0,75 01:52.885,0,0,0,0,67301,0,0,0,N,0,0,0,1,67301,0,,1,1,,N,N,,0,,0,0,0,0,0,,605,0,2,0,0,0,0,0,3,4,0,2,3,,N,,,,,,,,,,,
2007097912,1520.0,1,0,0,0,0,0,0,0,0,4,0,,67,7,2007,6,40.037,-75.0365,1450.0,6,0,0,0,0,0,0,0,0,,0,0,0,99,1,4,2,,0,40 02:13.142,,0,75 02:11.345,4,0,0,0,67301,0,0,0,N,0,0,0,5,67301,2,,1,1,,N,N,,0,,0,0,1,0,0,,9999,4,2,0,0,0,2,0,3,4,0,2,3,,N,,,,,,,,,,,
2007098122,20.0,1,0,0,0,0,0,0,0,0,4,0,,67,7,2007,5,39.942,-75.2282,2032.0,6,0,0,0,0,0,0,1,0,,0,0,0,99,1,1,1,,0,39 56:31.178,,0,75 13:41.462,8,0,0,0,67301,0,0,0,N,0,0,0,2,67301,0,,1,1,,N,N,,0,,0,0,0,3,3,,9999,1,2,0,0,0,1,0,3,4,0,2,3,,N,,,,,,,,,,,
2007098144,1540.0,1,0,0,0,0,0,0,0,0,8,0,,67,7,2007,5,39.9501,-75.1706,1535.0,6,0,0,0,0,0,0,0,0,,0,0,0,15,1,1,1,,0,39 57:00.482,,0,75 10:14.160,8,0,0,0,67301,1,0,0,N,1,0,0,2,67301,0,,1,1,,N,N,,0,,0,0,0,3,2,,1530,1,2,0,0,1,1,0,3,4,0,1,3,,N,,,,,,,,,,,
2007093210,230.0,0,0,0,0,0,0,0,0,0,7,0,,67,6,2007,7,40.0545,-75.0188,229.0,6,0,0,0,0,0,0,0,0,,0,0,0,2,3,1,2,,0,40 03:16.099,,0,75 01:07.517,4,0,0,0,67301,0,0,0,,0,0,0,1,67301,1,,2,1,,,,,0,,0,0,1,0,0,,229,1,1,0,0,0,0,0,3,4,0,1,3,,N,,,,,,,,,,,
2007093359,1727.0,1,0,0,0,0,0,0,0,0,8,0,,67,7,2007,6,40.0225,-75.119,1726.0,6,0,0,0,0,0,0,0,0,,0,0,0,17,1,1,0,,0,40 01:20.969,,0,75 07:08.368,8,0,0,0,67301,1,0,0,N,1,0,0,2,67301,0,,1,1,,N,N,,0,,0,0,0,0,0,,1723,1,2,0,0,0,1,1,3,4,0,1,3,,N,,,,,,,,,,,
2007093369,1200.0,1,0,0,0,0,0,0,0,0,1,0,,67,7,2007,7,40.0245,-75.1478,1150.0,6,0,0,0,0,0,2,0,0,,0,0,0,11,1,2,0,,0,40 01:28.000,,0,75 08:52.111,3,0,0,0,67301,0,0,0,N,0,0,0,6,67301,0,,1,1,,N,N,,1,,1,0,0,3,2,,1145,2,2,0,0,0,1,0,3,4,0,2,3,,N,,,,,,,,,,,
2007022240,720.0,1,0,0,0,0,0,0,0,0,8,0,,67,1,2007,6,39.9673,-75.2458,719.0,6,0,0,0,0,0,0,0,0,,0,0,0,7,1,1,1,,0,39 57:57.000,,0,75 14:46.084,4,0,0,0,67301,1,0,0,,1,0,0,2,67301,1,,1,2,,,,,0,,0,0,0,3,2,,719,1,2,0,0,0,0,0,3,4,0,1,98,,N,,,,,,,,,,,
2007022459,1300.0,1,0,0,0,0,0,0,0,0,4,0,,67,1,2007,7,39.9973,-75.0894,1255.0,6,0,0,0,0,0,1,0,0,,0,0,0,99,1,2,1,,0,39 59:50.000,,0,75 05:21.971,4,0,0,0,67301,0,0,0,N,0,0,0,2,67301,1,,1,1,,N,N,,0,,0,0,0,0,0,,9999,2,2,0,0,0,1,0,3,4,1,2,3,,N,,,,,,,,,,,
2007027607,2032.0,1,0,0,0,0,0,0,0,0,2,0,,67,1,2007,2,40.0553,-75.158,2030.0,6,0,0,0,0,0,1,0,0,,0,0,0,20,3,0,0,,0,40 03:19.000,,0,75 09:28.884,0,0,0,0,67301,0,0,0,,0,0,0,3,67301,0,,1,1,,,,,1,,0,0,0,3,2,,2027,0,2,0,0,3,0,0,3,4,0,2,3,,N,,,,,,,,,,,
2007027622,1353.0,1,0,0,0,0,0,0,0,0,1,0,,67,1,2007,7,40.0362,-75.1134,1348.0,6,0,0,0,0,0,0,0,0,,0,0,0,13,1,1,0,,0,40 02:10.000,,0,75 06:48.384,8,0,0,0,67301,0,0,0,N,0,0,0,2,67301,0,,1,9,,N,N,,0,,0,0,1,3,2,,1300,1,2,0,0,0,1,0,3,4,0,2,7,,N,,,,,,,,,,,
2007022808,1235.0,1,0,0,0,0,0,0,0,0,4,0,,67,1,2007,5,40.0255,-75.0414,1235.0,6,0,0,0,0,0,0,0,0,,0,0,0,12,1,0,1,,0,40 01:31.666,,0,75 02:28.975,0,0,0,0,67301,0,0,0,N,0,0,0,2,67301,0,,1,1,,N,N,,0,,0,0,1,9,3,,1230,0,2,0,0,0,0,0,3,4,0,2,3,,N,,,,,,,,,,,
2007096651,1742.0,1,0,0,0,0,0,0,0,0,1,0,,67,8,2007,7,39.9724,-75.1937,1742.0,6,0,0,0,0,0,0,0,0,,0,0,0,17,1,0,0,,0,39 58:24.000,,0,75 11:38.410,0,0,0,0,67301,0,0,0,N,0,0,0,2,68K01,0,,1,1,,N,N,,1,,0,0,0,0,0,,1736,0,2,0,0,0,0,0,3,4,0,2,3,,N,,,,,,,,,,,
2007066315,1907.0,1,0,0,0,0,0,0,0,0,7,0,,67,5,2007,4,40.1059,-75.0351,1904.0,6,0,0,0,0,0,0,1,0,,0,0,0,19,1,2,0,,0,40 06:21.160,,0,75 02:06.277,4,0,0,0,67301,0,0,0,,0,0,0,2,67301,2,,2,1,,N,N,,0,,0,0,0,0,0,,1904,2,1,0,0,0,0,0,3,4,0,1,3,,N,,,,,,,,,,,
2007056415,1706.0,1,0,0,1,0,0,0,0,0,4,0,,67,4,2007,3,39.9676,-75.2355,1659.0,6,0,0,0,0,0,0,0,0,,0,0,0,16,1,1,2,,0,39 58:03.388,,0,75 14:07.832,4,0,0,0,67301,1,0,0,N,0,0,0,2,67301,1,,1,1,,N,N,,0,,0,0,0,0,0,,1650,1,2,0,0,1,0,0,3,4,0,1,3,,N,,,,,,,,,,,
2007048850,2314.0,2,0,0,0,0,0,0,0,0,6,0,,67,2,2007,7,40.0072,-75.1234,2312.0,6,0,0,0,0,0,0,0,0,1.0,0,0,0,23,3,2,1,,1,40 00:25.000,4.0,0,75 07:24.379,4,0,0,0,67301,0,0,0,N,0,0,0,3,67301,2,,1,1,,N,N,,0,,0,0,0,3,2,N,2310,2,2,0,0,0,0,0,3,4,0,2,3,,N,,,,,,,,,,,