CRN,ARRIVAL_TM,AUTOMOBILE_COUNT,BELTED_DEATH_COUNT,BELTED_SUSP_SERIOUS_INJ_COUNT,BICYCLE_COUNT,BICYCLE_DEATH_COUNT,BICYCLE_SUSP_SERIOUS_INJ_COUNT,BUS_COUNT,CHLDPAS_DEATH_COUNT,CHLDPAS_SUSP_SERIOUS_INJ_COUNT,COLLISION_TYPE,COMM_VEH_COUNT,CONS_ZONE_SPD_LIM,COUNTY,CRASH_MONTH,CRASH_YEAR,DAY_OF_WEEK,DEC_LAT,DEC_LONG,DISPATCH_TM,DISTRICT,DRIVER_COUNT_16YR,DRIVER_COUNT_17YR,DRIVER_COUNT_18YR,DRIVER_COUNT_19YR,DRIVER_COUNT_20YR,DRIVER_COUNT_50_64YR,DRIVER_COUNT_65_74YR,DRIVER_COUNT_75PLUS,EST_HRS_CLOSED,FATAL_COUNT,HEAVY_TRUCK_COUNT,HORSE_BUGGY_COUNT,HOUR_OF_DAY,ILLUMINATION,INJURY_COUNT,INTERSECT_TYPE,INTERSECTION_RELATED,LANE_CLOSED,LATITUDE,LN_CLOSE_DIR,LOCATION_TYPE,LONGITUDE,MAX_SEVERITY_LEVEL,MCYCLE_DEATH_COUNT,MCYCLE_SUSP_SERIOUS_INJ_COUNT,MOTORCYCLE_COUNT,MUNICIPALITY,NONMOTR_COUNT,NONMOTR_DEATH_COUNT,NONMOTR_SUSP_SERIOUS_INJ_COUNT,NTFY_HIWY_MAINT,PED_COUNT,PED_DEATH_COUNT,PED_SUSP_SERIOUS_INJ_COUNT,PERSON_COUNT,POLICE_AGCY,POSSIBLE_INJ_COUNT,RDWY_SURF_TYPE_CD,RELATION_TO_ROAD,ROAD_CONDITION,ROADWAY_CLEARED,SCH_BUS_IND,SCH_ZONE_IND,SECONDARY_CRASH,SMALL_TRUCK_COUNT,SPEC_JURIS_CD,SUSP_MINOR_INJ_COUNT,SUSP_SERIOUS_INJ_COUNT,SUV_COUNT,TCD_FUNC_CD,TCD_TYPE,TFC_DETOUR_IND,TIME_OF_DAY,TOT_INJ_COUNT,TOTAL_UNITS,UNB_DEATH_COUNT,UNB_SUSP_SERIOUS_INJ_COUNT,UNBELTED_OCC_COUNT,UNK_INJ_DEG_COUNT,UNK_INJ_PER_COUNT,URBAN_AREA,URBAN_RURAL,VAN_COUNT,VEHICLE_COUNT,WEATHER1,WEATHER2,WORK_ZONE_IND,WORK_ZONE_LOC,WORK_ZONE_TYPE,WORKERS_PRES,WZ_CLOSE_DETOUR,WZ_FLAGGER,WZ_LAW_OFFCR_IND,WZ_LN_CLOSURE,WZ_MOVING,WZ_OTHER,WZ_SHLDER_MDN,WZ_WORKERS_INJ_KILLED
2007056511,945.0,3,0,0,0,0,0,0,0,0,4,0,,67,3,2007,4,39.9565,-75.2155,937.0,6,0,0,0,1,0,0,1,0,,0,0,0,9,1,1,1,,0,39 57:23.349,,0,75 12:55.731,8,0,0,0,67301,0,0,0,N,0,0,0,2,67301,0,,1,1,,N,N,,0,,0,0,0,3,3,,917,1,3,0,0,0,1,0,3,4,0,3,3,,N,,,,,,,,,,,
2007096313,1859.0,1,0,0,1,0,0,0,0,0,2,0,,67,7,2007,7,40.0741,-75.1766,1857.0,6,0,0,0,0,0,0,0,0,,0,0,0,18,1,1,2,,0,40 04:26.788,,0,75 10:35.651,8,0,0,0,67301,1,0,0,N,0,0,0,2,67301,0,,1,1,,N,N,,0,,0,0,0,3,3,,1856,1,2,0,0,0,1,0,3,4,0,1,3,,N,,,,,,,,,,,
2007057407,1800.0,2,0,0,0,0,0,0,0,0,4,0,,67,3,2007,1,39.959,-75.1739,1755.0,6,0,0,0,0,0,0,1,0,,0,0,0,17,1,1,2,,0,39 57:32.371,,0,75 10:26.147,4,0,0,0,67301,0,0,0,N,0,0,0,3,67301,1,,1,1,,N,N,,0,,0,0,0,3,2,,1755,1,2,0,0,0,0,1,3,4,0,2,3,,N,,,,,,,,,,,
2007067404,1545.0,0,0,0,0,0,0,0,0,0,8,0,,67,4,2007,2,40.0152,-75.084,1535.0,6,0,0,0,0,0,0,0,0,,0,0,0,15,1,1,0,,0,40 00:54.730,,0,75 05:02.479,4,0,0,0,67301,1,0,0,N,1,0,0,2,67301,1,,1,1,,N,N,,0,,0,0,0,0,0,,1530,1,2,0,0,1,0,0,3,4,1,1,3,,N,,,,,,,,,,,
2007098985,2317.0,1,0,0,0,0,0,0,0,0,1,0,,67,7,2007,1,39.9207,-75.1411,2313.0,6,0,0,1,0,0,0,0,0,,0,0,0,23,3,3,1,,0,39 55:14.000,,0,75 08:27.941,4,0,0,0,67301,0,0,0,N,0,0,0,4,67301,1,,1,9,,N,N,,1,,0,0,0,3,2,,2310,3,2,0,0,0,2,0,3,4,0,2,7,,N,,,,,,,,,,,
2007098998,1535.0,1,0,0,0,0,0,0,0,0,2,0,,67,8,2007,2,39.9945,-75.1969,1532.0,6,0,0,0,0,0,0,0,0,2.0,0,0,0,15,1,2,0,,2,39 59:40.030,5.0,0,75 11:48.990,3,0,0,0,67301,0,0,0,N,0,0,0,2,67301,0,,1,9,,N,N,,0,,2,0,1,0,0,Y,1531,2,2,0,0,0,0,0,3,4,0,2,7,,N,,,,,,,,,,,
2007099002,2203.0,2,0,0,0,0,0,0,0,0,2,0,,67,8,2007,4,39.9698,-75.1248,2152.0,6,0,0,0,0,0,0,0,0,,0,0,0,21,2,0,1,,0,39 58:09.000,,7,75 07:33.292,0,0,0,0,67301,0,0,0,,0,0,0,6,67301,0,,1,9,,,,,1,,0,0,0,0,0,,2152,0,3,0,0,6,0,0,3,4,0,3,7,,N,,,,,,,,,,,
2007079943,2225.0,1,0,0,1,0,0,0,0,0,4,0,,67,6,2007,6,39.9573,-75.1427,2219.0,6,0,0,0,0,0,0,0,0,,0,0,0,22,3,1,1,,0,39 57:25.871,,0,75 08:31.299,3,0,0,0,67301,1,0,0,N,0,0,0,5,67301,0,,1,1,,N,N,,0,,1,0,0,3,2,,2214,1,2,0,0,0,0,0,3,4,0,1,3,,N,,,,,,,,,,,
2007079962,2348.0,1,0,0,0,0,0,0,0,0,4,0,,67,6,2007,3,39.9125,-75.1381,2346.0,6,0,0,0,0,0,0,0,0,2.0,0,0,0,23,3,1,3,,1,39 54:45.000,1.0,0,75 08:17.604,4,0,0,0,67301,0,0,0,N,0,0,0,3,67301,1,,1,9,,N,N,,1,,0,0,0,3,2,N,2340,1,2,0,0,1,0,0,3,4,0,2,7,,N,,,,,,,,,,,
2007080089,2100.0,1,0,0,0,0,0,0,0,0,8,0,,67,5,2007,3,40.039,-75.15,9999.0,6,0,0,0,0,0,0,0,0,,0,0,0,99,3,1,1,,0,40 02:20.400,,0,75 09:00.000,3,0,0,0,67301,1,0,0,N,1,0,0,3,67301,0,,1,1,,N,N,,0,,1,0,0,3,2,,9999,1,2,0,0,0,0,0,3,4,0,1,3,,N,,,,,,,,,,,
2007080127,1348.0,2,0,0,0,0,0,0,0,0,4,0,,67,6,2007,3,39.9909,-75.1016,1343.0,6,0,0,0,0,0,0,1,0,,0,0,0,13,1,3,2,,0,39 59:27.381,,0,75 06:05.712,2,0,0,0,67301,0,0,0,N,0,0,0,3,67301,1,,1,1,,N,N,,0,,0,2,0,3,2,,1343,3,2,0,0,0,0,0,3,4,0,2,3,,N,,,,,,,,,,,
2007080129,1853.0,1,0,0,0,0,0,0,0,0,8,0,,67,6,2007,4,39.9915,-75.1226,1850.0,6,0,0,0,0,0,0,0,0,,0,0,0,18,1,1,1,,0,39 59:29.295,,0,75 07:21.395,8,0,0,0,67301,1,0,0,N,1,0,0,2,67301,0,,1,1,,N,N,,0,,0,0,0,3,2,,1848,1,2,0,0,0,1,0,3,4,0,1,3,,N,,,,,,,,,,,
2007080184,1930.0,2,0,0,0,0,0,0,0,0,4,0,,67,6,2007,4,40.0176,-75.1548,1930.0,6,0,0,0,0,0,0,0,0,,0,0,0,16,1,2,1,,0,40 01:03.000,,0,75 09:17.179,8,0,0,0,67301,0,0,0,N,0,0,0,3,67301,0,,1,1,,N,N,,0,,0,0,0,3,3,,1630,2,2,0,0,0,2,0,3,4,0,2,3,,N,,,,,,,,,,,
2007126137,2220.0,2,0,0,0,0,0,0,0,0,6,0,,67,10,2007,1,39.9524,-75.1468,2215.0,6,0,0,0,0,0,0,0,0,,0,0,0,99,3,1,1,,0,39 57:08.000,,0,75 08:48.480,4,0,0,0,67301,0,0,0,,0,0,0,2,67301,1,,1,1,,N,N,,0,,0,0,0,1,2,,9999,1,2,0,0,0,0,0,3,4,0,2,3,,N,,,,,,,,,,,
2007126207,2032.0,2,0,0,0,0,0,0,0,0,1,0,,67,11,2007,5,40.1011,-75.0254,2030.0,6,0,0,0,0,0,0,0,0,,0,0,0,20,3,2,0,,0,40 06:04.062,,0,75 01:31.354,4,0,0,0,67301,0,0,0,N,0,0,0,3,67301,2,,1,1,,N,N,,0,,0,0,0,0,0,,2030,2,2,0,0,0,0,0,3,4,0,2,3,,N,,,,,,,,,,,
2007126210,39.0,0,0,0,0,0,0,0,0,0,8,0,,67,11,2007,1,39.9517,-75.1582,2.0,6,0,0,0,0,0,0,0,0,,0,0,0,0,3,1,1,,0,39 57:05.000,,0,75 09:29.697,4,0,0,0,67301,1,0,0,N,1,0,0,2,67301,1,,1,1,,N,N,,0,,0,0,1,3,2,,0,1,2,0,0,0,0,0,3,4,0,1,3,,N,,,,,,,,,,,
2007124138,313.0,4,0,0,0,0,0,0,0,0,5,0,,67,11,2007,7,40.0577,-75.2086,307.0,6,0,0,0,0,0,0,0,0,,0,0,0,1,3,1,0,,0,40 03:27.644,,0,75 12:31.078,8,0,0,0,67301,0,0,0,N,0,0,0,1,67301,0,,6,1,,N,N,,0,,0,0,2,0,0,,155,1,6,0,0,0,1,0,3,4,0,6,3,,N,,,,,,,,,,,
2007124153,1515.0,1,0,0,0,0,0,0,0,0,1,0,,67,11,2007,2,40.0948,-75.0308,1510.0,6,0,0,0,1,0,0,1,0,,0,0,0,15,1,2,0,,0,40 05:40.000,,0,75 01:51.076,4,0,0,0,67301,0,0,0,N,0,0,0,3,67301,2,,1,1,,N,N,,0,,0,0,1,0,0,,1510,2,2,0,0,1,0,0,3,4,0,2,3,,N,,,,,,,,,,,
2007126693,1248.0,2,0,0,0,0,0,0,0,0,1,0,,67,11,2007,4,39.9453,-75.1904,1247.0,6,0,0,0,0,0,0,0,0,,0,0,0,12,1,1,6,,0,39 56:43.000,,2,75 11:25.410,8,0,0,0,67301,0,0,0,N,0,0,0,2,68K01,0,,1,1,,N,N,,0,,0,0,0,0,0,,1243,1,2,0,0,0,1,0,3,4,0,2,3,,N,,,,,,,,,,,
2007065779,348.0,2,0,0,0,0,0,0,0,0,4,0,,67,4,2007,7,40.0153,-75.1472,340.0,6,0,0,0,0,0,0,0,0,,0,0,0,3,3,1,2,,0,40 00:55.112,,0,75 08:49.930,4,0,0,0,67301,0,0,0,N,0,0,0,2,67301,1,,1,9,,N,N,,0,,0,0,0,3,3,,330,1,2,0,0,0,0,0,3,4,0,2,7,,N,,,,,,,,,,,
2007110590,216.0,1,0,0,0,0,0,0,0,0,4,0,,67,9,2007,7,39.9194,-75.1708,212.0,6,0,0,0,0,0,0,0,0,2.0,0,0,0,99,3,1,1,,2,39 55:09.000,1.0,0,75 10:14.985,3,0,0,1,67301,0,0,0,,0,0,0,2,67301,0,,1,1,,N,N,,0,,1,0,0,3,2,Y,9999,1,2,0,0,0,0,0,3,4,0,2,3,,N,,,,,,,,,,,
2007110751,1020.0,2,0,0,0,0,0,0,0,0,4,0,,67,9,2007,6,40.0342,-75.0714,1010.0,6,0,0,0,0,0,0,1,0,,0,0,0,10,1,4,1,,0,40 02:03.000,,0,75 04:17.001,3,0,0,0,67301,0,0,0,N,0,0,0,4,67301,2,,1,9,,N,N,,0,,2,0,0,3,2,,1000,4,2,0,0,0,0,0,3,4,0,2,7,,N,,,,,,,,,,,
2007108142,1536.0,1,0,0,0,0,0,0,0,0,5,0,,67,8,2007,7,39.939,-75.1971,1509.0,6,0,0,0,0,1,0,0,0,2.0,0,0,0,15,1,3,0,,1,39 56:25.000,3.0,0,75 11:44.221,4,0,0,0,67301,0,0,0,N,0,0,0,7,68K01,2,,1,1,,N,N,,0,,0,0,1,0,0,N,1505,3,2,0,0,0,1,0,3,4,0,2,3,,N,,,,,,,,,,,
2007113826,724.0,1,0,0,0,0,0,0,0,0,4,0,,67,9,2007,4,40.0304,-75.1803,723.0,6,0,0,0,0,0,0,0,0,,0,0,0,6,1,2,1,,0,40 01:49.440,,0,75 10:49.133,4,0,0,0,67301,0,0,0,N,0,0,0,2,67301,2,,1,1,,N,N,,0,,0,0,1,3,2,,650,2,2,0,0,2,0,0,3,4,0,2,3,,N,,,,,,,,,,,
2007110843,350.0,4,0,0,0,0,0,0,0,0,2,0,,67,9,2007,1,40.0391,-75.1449,345.0,6,0,0,0,0,0,0,0,0,,0,0,0,3,3,1,0,,0,40 02:20.000,,0,75 08:41.493,4,0,0,0,67301,0,0,0,,0,0,0,1,67301,1,,6,1,,N,N,,0,,0,0,0,0,0,,345,1,4,0,0,0,0,0,3,4,0,4,3,,N,,,,,,,,,,,
2007105906,2017.0,3,0,0,0,0,0,0,0,0,6,0,,67,6,2007,4,39.9843,-75.1405,2015.0,6,0,0,0,0,0,1,0,0,,0,0,0,20,1,2,1,,0,39 59:03.318,,0,75 08:25.749,3,0,0,0,67301,0,0,0,N,0,0,0,3,67301,0,,1,1,,N,Y,,0,,2,0,0,9,3,,2015,2,3,0,0,1,0,0,3,4,0,3,3,,N,,,,,,,,,,,
2007105948,1359.0,0,0,0,0,0,0,0,0,0,1,0,,67,8,2007,3,40.0753,-75.1962,1357.0,6,0,0,0,0,0,1,0,0,2.0,0,0,0,13,8,1,2,,1,40 04:31.152,4.0,0,75 11:46.161,4,0,0,0,67301,0,0,0,,0,0,0,3,67301,1,,1,9,,N,N,,0,,0,0,2,9,7,Y,1355,1,2,0,0,0,0,1,3,4,0,2,7,,N,,,,,,,,,,,
2007105953,1817.0,1,0,0,0,0,0,0,0,0,8,0,,67,6,2007,4,39.9613,-75.2471,1815.0,6,0,0,0,0,0,0,0,0,,0,0,0,18,1,2,2,,0,39 57:34.000,,0,75 14:50.654,3,0,0,0,67301,2,0,0,N,2,0,0,3,67301,0,,1,1,,N,N,,0,,2,0,0,3,2,,1805,2,3,0,0,0,0,0,3,4,0,1,3,,N,,,,,,,,,,,
2007106002,1833.0,3,0,0,0,0,0,0,0,0,4,0,,67,8,2007,6,39.9968,-75.1518,1830.0,6,0,0,0,0,0,0,0,0,,0,0,0,18,1,0,0,,0,39 59:48.422,,0,75 09:06.386,9,0,0,0,67301,0,0,0,N,0,0,0,1,67301,0,,6,1,,N,N,,0,,0,0,2,0,0,,1825,0,6,0,0,0,0,1,3,4,0,6,3,,N,,,,,,,,,,,
2007106132,225.0,1,0,0,0,0,0,0,0,0,7,0,,67,8,2007,7,39.9709,-75.1222,225.0,6,0,0,0,0,0,0,0,0,,0,0,0,2,3,0,0,,0,39 58:15.258,,0,75 07:20.031,0,0,0,0,67301,0,0,0,N,0,0,0,1,67301,0,,4,1,,N,N,,0,,0,0,0,0,0,,220,0,1,0,0,0,0,0,3,4,0,1,3,,N,,,,,,,,,,,
2007106151,2243.0,1,0,0,0,0,0,0,0,0,5,0,,67,8,2007,1,40.0482,-75.1835,2238.0,6,0,0,0,0,0,0,0,0,1.0,0,0,0,22,3,0,0,,2,40 02:53.388,6.0,0,75 11:00.481,0,0,0,0,67301,0,0,0,N,0,0,0,2,67301,0,,6,1,,N,N,,1,,0,0,2,3,3,Y,2227,0,5,0,0,0,0,0,3,4,1,5,3,,N,,,,,,,,,,,
2007106353,1039.0,1,0,0,0,0,0,0,0,0,1,0,,67,6,2007,4,39.9227,-75.2358,1035.0,6,0,0,0,0,0,0,1,0,,0,0,0,10,1,1,0,,0,39 55:21.702,,0,75 14:08.714,8,0,0,0,67301,0,0,0,,0,0,0,2,67301,0,,1,1,,N,N,,0,,0,0,0,0,0,,1005,1,2,0,0,0,1,0,3,4,1,2,3,,N,,,,,,,,,,,
2007106554,1645.0,0,0,0,0,0,0,0,0,0,8,0,,67,9,2007,4,39.9544,-75.2333,1630.0,6,0,0,0,0,0,1,0,0,,1,0,0,16,1,0,0,,0,39 57:15.911,,0,75 13:59.900,1,0,0,0,67301,1,1,0,N,1,1,0,2,67301,0,2.0,1,1,,N,N,,0,0.0,0,0,1,0,0,,1630,0,2,0,0,0,0,0,3,4,0,1,3,,N,,,,,,,,,,,
2007106565,1435.0,1,0,0,1,0,0,0,0,0,4,0,,67,6,2007,1,40.0581,-75.139,1435.0,6,0,0,0,0,0,0,0,1,,0,0,0,14,1,1,1,,0,40 03:29.000,,0,75 08:20.370,3,0,0,0,67301,1,0,0,N,0,0,0,2,67301,0,,1,1,,N,N,,0,,1,0,0,3,2,,1434,1,2,0,0,0,0,0,3,4,0,1,3,,N,,,,,,,,,,,
2007106569,611.0,1,0,0,0,0,0,0,0,0,4,0,,67,9,2007,3,40.0426,-75.0318,605.0,6,0,0,0,0,0,2,0,0,,0,0,0,6,5,1,1,,0,40 02:33.432,,0,75 01:54.490,8,0,0,0,67301,0,0,0,,0,0,0,2,67301,0,,1,9,,,,,1,,0,0,0,9,3,,604,1,2,0,0,0,1,0,3,4,0,2,7,,N,,,,,,,,,,,
2007106035,312.0,2,0,0,0,0,0,0,0,0,1,0,,67,9,2007,7,39.9572,-75.1384,311.0,6,0,0,0,0,0,0,0,0,9.0,1,0,0,3,3,1,0,,2,39 57:25.000,1.0,0,75 08:18.493,1,0,0,0,67301,0,0,0,,0,0,0,2,67301,1,2.0,1,1,,N,N,,0,0.0,0,0,0,0,0,Y,305,1,2,0,0,0,0,0,3,4,0,2,3,,N,,,,,,,,,,,
2007106061,930.0,1,0,0,1,0,0,0,0,0,1,0,,67,6,2007,5,40.0372,-75.1365,925.0,6,0,0,0,0,0,0,0,1,,0,0,0,9,1,1,3,,0,40 02:13.000,,0,75 08:11.320,3,0,0,0,67301,1,0,0,N,0,0,0,2,67301,0,,1,1,,N,N,,0,,1,0,0,3,3,,920,1,2,0,0,0,0,0,3,4,0,1,3,,N,,,,,,,,,,,
2007106460,2200.0,1,0,0,0,0,0,0,0,0,5,0,,67,7,2007,7,40.0121,-75.1358,2150.0,6,0,0,0,1,0,0,0,0,,0,0,0,21,3,0,0,,0,40 00:43.664,,0,75 08:08.995,0,0,0,0,67301,0,0,0,N,0,0,0,2,67301,0,,6,1,,N,N,,1,,0,0,0,0,0,,2130,0,2,0,0,2,0,0,3,4,0,2,3,,N,,,,,,,,,,,
2007106087,700.0,1,0,0,0,0,0,0,0,0,7,0,,67,9,2007,3,40.0161,-75.2035,700.0,6,0,0,0,0,0,0,0,0,,0,0,0,6,1,0,0,,0,40 00:58.100,,0,75 12:12.700,0,0,0,0,67301,0,0,0,N,0,0,0,1,67301,0,,4,9,,N,N,,0,,0,0,0,0,0,,658,0,1,0,0,0,0,0,3,4,0,1,7,,N,,,,,,,,,,,
2007106090,1830.0,2,0,0,0,0,0,0,0,0,4,0,,67,8,2007,2,40.0159,-75.1296,1832.0,6,0,0,0,0,0,1,0,0,,0,0,0,12,1,2,3,,0,40 00:57.319,,0,75 07:46.466,4,0,0,0,67301,0,0,0,N,0,0,0,3,67301,2,,1,9,,N,N,,0,,0,0,0,0,0,,1230,2,2,0,0,3,0,0,3,4,0,2,7,,N,,,,,,,,,,,
2007106499,105.0,1,0,0,0,0,0,0,0,0,6,0,,67,7,2007,5,40.028,-75.1384,54.0,6,0,0,0,0,0,0,0,0,,0,0,0,0,3,2,1,,0,40 01:40.879,,0,75 08:18.110,4,0,0,0,67301,0,0,0,N,0,0,0,4,67301,2,,1,9,,N,N,,0,,0,0,0,3,2,,54,2,2,0,0,0,0,2,3,4,1,2,7,,N,,,,,,,,,,,
2007106513,9999.0,1,0,0,0,0,0,0,0,0,8,0,,67,4,2007,3,40.0159,-75.1538,9999.0,6,0,0,0,0,0,0,0,0,,0,0,0,20,3,1,1,,0,40 00:57.000,,0,75 09:13.935,4,0,0,0,67301,1,0,0,,1,0,0,2,67301,1,,1,1,,,,,0,,0,0,0,0,0,,2010,1,2,0,0,0,0,0,3,4,0,1,3,,N,,,,,,,,,,,
2007106538,1653.0,1,0,0,0,0,0,0,0,0,8,0,,67,6,2007,4,40.0136,-75.1368,1651.0,6,0,0,0,0,0,0,0,0,,0,0,0,16,1,1,1,,0,40 00:49.006,,0,75 08:12.569,8,0,0,0,67301,1,0,0,N,1,0,0,2,67301,0,,1,1,,N,N,,0,,0,0,0,0,0,,1643,1,2,0,0,0,1,0,3,4,0,1,3,,N,,,,,,,,,,,
2007098694,2149.0,0,0,0,0,0,0,0,0,0,1,0,,67,8,2007,5,39.903,-75.1747,2147.0,6,0,0,0,0,0,0,0,0,,0,0,0,21,3,2,2,,0,39 54:10.000,,0,75 10:28.750,4,0,0,0,67301,0,0,0,N,0,0,0,3,67301,2,,1,1,,N,N,,1,,0,0,1,3,2,,2115,2,2,0,0,0,0,0,3,4,0,2,3,,N,,,,,,,,,,,
2007098737,1620.0,1,0,0,0,0,0,0,0,0,7,0,,67,8,2007,1,39.9066,-75.1499,1614.0,6,0,0,0,0,0,0,0,0,1.0,0,0,0,16,1,1,0,,1,39 54:23.000,2.0,0,75 08:59.447,4,0,0,0,67301,0,0,0,N,0,0,0,1,67301,1,,2,1,,N,N,,0,,0,0,0,0,0,N,1610,1,1,0,0,0,0,0,3,4,0,1,3,,N,,,,,,,,,,,
2007081421,2103.0,1,0,0,0,0,0,0,0,0,1,0,,67,5,2007,7,40.1181,-75.0184,2057.0,6,0,0,0,0,1,1,0,0,,0,0,0,20,3,1,0,,0,40 07:05.274,,0,75 01:06.266,4,0,0,0,67301,0,0,0,N,0,0,0,3,67301,1,,1,9,,N,N,,0,,0,0,1,3,2,,2055,1,2,0,0,3,0,0,3,4,0,2,7,,N,,,,,,,,,,,
2007081631,2200.0,3,0,0,0,0,0,0,0,0,1,0,,67,6,2007,3,40.0345,-75.1457,2157.0,6,0,0,0,0,0,0,1,1,,0,0,0,21,3,1,0,,0,40 02:04.000,,0,75 08:44.619,8,0,0,0,67301,0,0,0,,0,0,0,6,67301,0,,1,1,,N,N,,0,,0,0,0,3,8,,2110,1,3,0,0,0,1,0,3,4,0,3,3,,N,,,,,,,,,,,
2007078829,1542.0,0,0,0,0,0,0,0,0,0,1,0,,67,7,2007,2,39.9747,-75.1944,1533.0,6,0,0,0,0,0,0,0,0,,0,0,0,15,1,0,0,,0,39 58:32.000,,0,75 11:41.901,0,0,0,0,67301,0,0,0,N,0,0,0,2,68K01,0,,1,1,,N,N,,0,,0,0,0,0,0,,1531,0,2,0,0,0,0,0,3,4,2,2,3,,N,,,,,,,,,,,
2007081731,13.0,1,0,0,0,0,0,0,0,0,1,0,,67,5,2007,2,39.9422,-75.1507,9.0,6,0,0,0,0,0,0,0,0,,0,0,0,0,3,1,0,,0,39 56:31.981,,0,75 09:02.498,8,0,0,0,67301,0,0,0,,0,0,0,1,67301,0,,2,9,,,,,3,,0,0,0,0,0,,0,1,4,0,0,0,1,0,3,4,0,4,3,,N,,,,,,,,,,,
2007081746,2103.0,1,0,0,0,0,0,0,0,0,8,0,,67,5,2007,1,40.0353,-75.1288,2101.0,6,0,0,0,0,0,0,0,0,,0,0,0,20,3,1,0,,0,40 02:06.979,,0,75 07:43.798,4,0,0,0,67301,1,0,0,N,1,0,0,2,67301,1,,1,9,,N,N,,0,,0,0,0,0,0,,2057,1,2,0,0,0,0,0,3,4,0,1,7,,N,,,,,,,,,,,
2007066485,2052.0,1,0,0,0,0,0,0,0,0,8,0,,67,5,2007,3,39.9542,-75.1778,2052.0,6,0,0,0,0,0,0,0,0,,0,0,0,5,3,1,1,,0,39 57:15.000,,0,75 10:40.271,3,0,0,0,67301,1,0,0,,1,0,0,2,67301,0,,1,1,,,,,0,,1,0,0,3,2,,530,1,2,0,0,0,0,1,3,4,0,1,3,,N,,,,,,,,,,,
2007079968,843.0,0,0,0,0,0,0,0,0,0,7,0,,67,5,2007,7,40.0092,-75.0675,838.0,6,0,0,0,0,0,0,0,0,1.0,0,0,0,8,1,0,0,,1,40 00:32.000,2.0,0,75 04:08.320,0,0,0,0,67301,0,0,0,N,0,0,0,1,67301,0,,2,1,,N,N,,0,,0,0,1,0,0,N,835,0,1,0,0,0,0,0,3,4,0,1,3,,N,,,,,,,,,,,
2007124106,1230.0,1,0,0,0,0,0,0,0,0,4,0,,67,11,2007,5,39.9233,-75.1612,1224.0,6,0,0,0,0,0,0,0,1,,0,0,0,12,1,1,1,,0,39 55:23.000,,0,75 09:40.424,8,0,0,0,67301,0,0,0,N,0,0,0,2,67301,0,,1,1,,N,N,,0,,0,0,0,3,2,,1223,1,2,0,0,0,1,0,3,4,0,2,3,,N,,,,,,,,,,,
2007124683,1535.0,2,0,0,0,0,0,0,0,0,1,0,,67,11,2007,6,40.0476,-74.9969,1530.0,6,0,1,0,0,0,0,0,0,,0,0,0,15,1,1,2,,0,40 02:51.416,,0,74 59:48.864,8,0,0,0,67301,0,0,0,N,0,0,0,3,67301,0,,1,1,,N,N,,0,,0,0,0,0,0,,1500,1,2,0,0,0,1,2,3,4,0,2,3,,N,,,,,,,,,,,
2007122299,2058.0,1,0,0,0,0,0,0,0,0,1,0,,67,10,2007,5,40.0092,-75.2048,2058.0,6,0,0,0,0,0,1,1,0,,0,0,0,20,3,1,7,,0,40 00:26.000,,2,75 11:58.660,4,0,0,0,67301,0,0,0,N,0,0,0,2,68K01,1,,1,1,,N,N,,1,,0,0,0,0,0,,2058,1,2,0,0,1,0,0,3,4,0,2,3,,N,,,,,,,,,,,
2007123826,823.0,1,0,0,0,0,0,0,0,0,7,0,,67,11,2007,2,39.9413,-75.2077,820.0,6,0,0,0,0,0,0,0,0,,0,0,0,7,1,1,0,,0,39 56:28.000,,0,75 12:37.552,4,0,0,0,67301,0,0,0,,0,0,0,1,67301,1,,2,1,,,,,0,,0,0,0,3,4,,745,1,1,0,0,0,0,0,3,4,0,1,3,,N,,,,,,,,,,,
2007123838,855.0,1,0,0,0,0,0,0,0,0,8,0,99.0,67,10,2007,4,40.0321,-75.2137,845.0,6,0,0,0,0,0,1,0,0,9.0,0,0,0,8,1,1,0,,1,40 01:55.000,4.0,0,75 12:49.248,8,0,0,0,67301,1,0,0,,1,0,0,2,67301,0,,1,1,,N,N,,0,,0,0,0,3,2,N,845,1,2,0,0,0,1,0,3,4,0,1,3,,Y,8.0,8.0,U,,,U,,,,,
2007123897,1150.0,3,0,0,0,0,0,0,0,0,1,0,,67,11,2007,2,40.0469,-75.1259,1148.0,6,0,0,0,0,0,1,0,0,,0,0,0,11,1,1,0,,0,40 02:48.746,,0,75 07:33.214,8,0,0,0,67301,0,0,0,N,0,0,0,5,67301,0,,1,1,,N,N,,0,,0,0,0,3,2,,1144,1,4,0,0,0,1,0,3,4,1,4,3,,N,,,,,,,,,,,
2007124146,250.0,1,0,0,0,0,0,0,0,0,8,0,,67,11,2007,1,39.9709,-75.1282,245.0,6,0,0,0,0,0,0,0,0,,0,0,0,2,3,1,0,,0,39 58:15.000,,0,75 07:41.097,3,0,0,0,67301,1,0,0,N,1,0,0,2,67301,0,,4,1,,N,N,,0,,1,0,0,3,2,,240,1,2,0,0,0,0,0,3,4,0,1,3,,N,,,,,,,,,,,
2007124164,1425.0,1,0,0,0,0,0,1,0,0,6,1,,67,11,2007,3,39.9558,-75.159,1415.0,6,0,0,0,0,0,0,0,0,9.0,0,0,0,14,1,0,10,,1,39 57:20.808,2.0,0,75 09:32.558,0,0,0,0,67301,0,0,0,,0,0,0,3,67301,0,,1,1,,N,N,,0,,0,0,0,3,2,N,1414,0,2,0,0,0,0,0,3,4,0,2,3,,N,,,,,,,,,,,