CRN,ARRIVAL_TM,AUTOMOBILE_COUNT,BELTED_DEATH_COUNT,BELTED_SUSP_SERIOUS_INJ_COUNT,BICYCLE_COUNT,BICYCLE_DEATH_COUNT,BICYCLE_SUSP_SERIOUS_INJ_COUNT,BUS_COUNT,CHLDPAS_DEATH_COUNT,CHLDPAS_SUSP_SERIOUS_INJ_COUNT,COLLISION_TYPE,COMM_VEH_COUNT,CONS_ZONE_SPD_LIM,COUNTY,CRASH_MONTH,CRASH_YEAR,DAY_OF_WEEK,DEC_LAT,DEC_LONG,DISPATCH_TM,DISTRICT,DRIVER_COUNT_16YR,DRIVER_COUNT_17YR,DRIVER_COUNT_18YR,DRIVER_COUNT_19YR,DRIVER_COUNT_20YR,DRIVER_COUNT_50_64YR,DRIVER_COUNT_65_74YR,DRIVER_COUNT_75PLUS,EST_HRS_CLOSED,FATAL_COUNT,HEAVY_TRUCK_COUNT,HORSE_BUGGY_COUNT,HOUR_OF_DAY,ILLUMINATION,INJURY_COUNT,INTERSECT_TYPE,INTERSECTION_RELATED,LANE_CLOSED,LATITUDE,LN_CLOSE_DIR,LOCATION_TYPE,LONGITUDE,MAX_SEVERITY_LEVEL,MCYCLE_DEATH_COUNT,MCYCLE_SUSP_SERIOUS_INJ_COUNT,MOTORCYCLE_COUNT,MUNICIPALITY,NONMOTR_COUNT,NONMOTR_DEATH_COUNT,NONMOTR_SUSP_SERIOUS_INJ_COUNT,NTFY_HIWY_MAINT,PED_COUNT,PED_DEATH_COUNT,PED_SUSP_SERIOUS_INJ_COUNT,PERSON_COUNT,POLICE_AGCY,POSSIBLE_INJ_COUNT,RDWY_SURF_TYPE_CD,RELATION_TO_ROAD,ROAD_CONDITION,ROADWAY_CLEARED,SCH_BUS_IND,SCH_ZONE_IND,SECONDARY_CRASH,SMALL_TRUCK_COUNT,SPEC_JURIS_CD,SUSP_MINOR_INJ_COUNT,SUSP_SERIOUS_INJ_COUNT,SUV_COUNT,TCD_FUNC_CD,TCD_TYPE,TFC_DETOUR_IND,TIME_OF_DAY,TOT_INJ_COUNT,TOTAL_UNITS,UNB_DEATH_COUNT,UNB_SUSP_SERIOUS_INJ_COUNT,UNBELTED_OCC_COUNT,UNK_INJ_DEG_COUNT,UNK_INJ_PER_COUNT,URBAN_AREA,URBAN_RURAL,VAN_COUNT,VEHICLE_COUNT,WEATHER1,WEATHER2,WORK_ZONE_IND,WORK_ZONE_LOC,WORK_ZONE_TYPE,WORKERS_PRES,WZ_CLOSE_DETOUR,WZ_FLAGGER,WZ_LAW_OFFCR_IND,WZ_LN_CLOSURE,WZ_MOVING,WZ_OTHER,WZ_SHLDER_MDN,WZ_WORKERS_INJ_KILLED
2007063023,24.0,2,0,0,0,0,0,0,0,0,1,0,,67,5,2007,4,40.0081,-75.202,15.0,6,0,0,0,0,0,0,0,0,,0,0,0,0,3,0,0,,0,40 00:28.000,,0,75 12:05.409,0,0,0,0,67301,0,0,0,N,0,0,0,2,68K01,0,,1,1,,N,N,,0,,0,0,0,0,0,,13,0,2,0,0,1,0,0,3,4,0,2,3,,N,,,,,,,,,,,
2007110746,1528.0,2,0,0,0,0,0,0,0,0,6,0,,67,9,2007,6,40.0086,-75.0688,1528.0,6,0,0,0,0,0,1,0,0,,0,0,0,15,1,1,1,,0,40 00:31.000,,0,75 04:08.216,4,0,0,0,67301,0,0,0,N,0,0,0,3,67301,1,,1,1,,N,N,,0,,0,0,0,3,2,,1528,1,2,0,0,0,0,0,3,4,0,2,3,,N,,,,,,,,,,,
2007116247,1307.0,0,0,0,0,0,0,0,0,0,8,0,,67,10,2007,2,39.9239,-75.1618,1257.0,6,0,0,0,0,0,0,0,0,,0,0,0,10,1,1,0,,0,39 55:26.148,,0,75 09:42.454,8,0,0,0,67301,1,0,0,N,1,0,0,2,67301,0,,1,1,,N,N,,1,,0,0,0,0,0,,1000,1,2,0,0,0,1,0,3,4,0,1,3,,N,,,,,,,,,,,
2007110862,1910.0,1,0,0,0,0,0,1,0,0,5,1,,67,9,2007,1,39.9597,-75.2352,1905.0,6,0,0,0,0,0,0,0,0,,0,0,0,19,4,2,1,,0,39 57:34.000,,0,75 14:06.596,8,0,0,0,67301,0,0,0,N,0,0,0,4,67301,0,,1,1,,N,N,,0,,0,0,0,2,2,,1905,2,2,0,0,0,2,1,3,4,0,2,3,,N,,,,,,,,,,,
2007105888,147.0,1,0,0,0,0,0,0,0,0,6,0,,67,8,2007,7,39.9426,-75.149,147.0,6,0,0,0,0,0,0,0,0,,0,0,0,1,3,0,0,,0,39 56:33.421,,0,75 08:56.536,9,0,0,0,67301,1,0,0,,0,0,0,2,67301,0,,6,9,,,,,0,,0,0,0,3,2,,135,0,2,0,0,0,0,1,3,4,0,2,3,,N,,,,,,,,,,,
2007105930,1701.0,1,0,0,0,0,0,0,0,0,4,0,,67,8,2007,5,39.9332,-75.1897,1700.0,6,0,0,0,1,0,0,0,1,,0,0,0,16,1,1,1,,0,39 55:59.617,,0,75 11:22.847,8,0,0,1,67301,0,0,0,,0,0,0,2,67301,0,,1,1,,,,,0,,0,0,0,9,3,,1655,1,2,0,0,0,1,0,3,4,0,2,3,,N,,,,,,,,,,,
2007106160,1832.0,1,0,0,0,0,0,0,0,0,4,0,,67,7,2007,1,40.0365,-75.2276,1829.0,6,0,0,0,0,0,0,0,0,,0,0,0,18,1,1,1,,0,40 02:11.572,,0,75 13:39.381,8,0,0,0,67301,0,0,0,N,0,0,0,3,67301,0,,1,1,,N,N,,1,,0,0,0,3,3,,1825,1,2,0,0,3,1,0,3,4,0,2,3,,N,,,,,,,,,,,
2007106171,1115.0,2,0,0,0,0,0,0,0,0,4,0,,67,6,2007,4,39.9689,-75.1344,1111.0,6,0,0,0,0,0,2,0,0,,0,0,0,99,1,2,1,,0,39 58:07.000,,0,75 08:03.925,3,0,0,0,67301,0,0,0,N,0,0,0,3,67301,1,,1,1,,N,N,,0,,1,0,0,3,2,,9999,2,2,0,0,0,0,0,3,4,0,2,3,,N,,,,,,,,,,,
2007106572,9999.0,0,0,0,0,0,0,0,0,0,7,0,,67,8,2007,6,39.9233,-75.2206,1127.0,6,0,0,0,0,0,0,0,0,,0,0,0,99,1,1,2,,0,39 55:23.732,,0,75 13:14.087,4,0,0,0,67301,0,0,0,N,0,0,0,1,67301,1,,4,1,,N,N,,0,,0,0,1,3,2,,9999,1,1,0,0,0,0,0,3,4,0,1,3,,N,,,,,,,,,,,
2007111500,1930.0,2,0,0,0,0,0,0,0,0,2,0,,67,9,2007,3,39.9548,-75.2321,1928.0,6,0,0,0,1,0,0,0,0,,0,0,0,19,4,1,1,,0,39 57:17.208,,0,75 13:55.430,8,0,0,0,67301,0,0,0,N,0,0,0,3,67301,0,,1,1,,N,N,,0,,0,0,0,9,3,,1925,1,2,0,0,0,1,0,3,4,0,2,3,,N,,,,,,,,,,,
2007098746,1325.0,1,0,0,0,0,0,0,0,0,8,0,,67,8,2007,3,39.9434,-75.2273,1310.0,6,0,0,0,0,0,0,0,0,,0,0,0,13,1,1,2,,0,39 56:36.139,,0,75 13:38.254,4,0,0,0,67301,1,0,0,N,1,0,0,2,67301,1,,1,1,,N,N,,0,,0,0,0,0,0,,1300,1,2,0,0,0,0,1,3,4,0,1,3,,N,,,,,,,,,,,
2007081684,2235.0,1,0,0,1,0,1,0,0,0,4,0,,67,6,2007,7,39.9689,-75.1599,2232.0,6,0,0,0,0,0,0,0,0,,0,0,0,22,3,1,1,,0,39 58:08.000,,0,75 09:35.694,2,0,0,0,67301,1,0,1,N,0,0,0,2,67301,0,,2,1,,N,N,,0,,0,1,0,3,2,,2232,1,2,0,0,0,0,0,3,4,0,1,3,,N,,,,,,,,,,,
2007120305,2108.0,2,0,0,0,0,0,0,0,0,4,0,,67,10,2007,3,40.053,-75.1889,2104.0,6,0,0,0,0,0,0,0,1,,0,0,0,21,3,1,1,,0,40 03:10.886,,0,75 11:19.982,4,0,0,0,67301,0,0,0,N,0,0,0,2,67301,1,,1,9,,N,N,,0,,0,0,0,3,3,,2102,1,2,0,0,0,0,1,3,4,0,2,7,,N,,,,,,,,,,,
2007120317,1530.0,1,0,0,0,0,0,0,0,0,4,0,,67,10,2007,6,40.0269,-75.2272,1518.0,6,0,0,0,0,0,0,0,0,,0,0,0,15,1,1,1,,0,40 01:36.847,,0,75 13:37.905,8,0,0,0,67301,0,0,0,N,0,0,0,3,67301,0,,1,1,,N,N,,1,,0,0,0,3,2,,1516,1,2,0,0,0,1,1,3,4,0,2,3,,N,,,,,,,,,,,
2007116143,45.0,2,0,0,0,0,0,0,0,0,4,0,,67,10,2007,1,39.9966,-75.1539,42.0,6,0,0,0,0,0,0,0,0,3.0,0,0,0,0,3,1,0,,2,39 59:47.000,1.0,0,75 09:13.997,8,0,0,0,67301,0,0,0,,0,0,0,2,67301,0,,1,1,,,,,0,,0,0,0,0,0,Y,30,1,2,0,0,0,1,0,3,4,0,2,3,,N,,,,,,,,,,,
2007116167,831.0,1,0,0,0,0,0,0,0,0,8,0,,67,9,2007,5,40.0423,-75.0289,830.0,6,0,0,0,0,0,0,0,0,,0,0,0,8,1,1,1,,0,40 02:32.000,,0,75 01:44.016,4,0,0,0,67301,1,0,0,N,1,0,0,2,67301,1,,1,1,,N,N,,0,,0,0,0,3,3,,829,1,2,0,0,0,0,0,3,4,0,1,3,,N,,,,,,,,,,,
2007126099,2247.0,1,0,0,1,0,0,0,0,0,5,0,,67,10,2007,7,39.9346,-75.1809,2246.0,6,0,0,0,0,0,0,0,0,1.0,0,0,0,22,3,1,1,,1,39 56:04.578,4.0,0,75 10:51.110,8,0,0,0,67301,1,0,0,,0,0,0,2,67301,0,,1,1,,N,,,0,,0,0,0,3,2,Y,2242,1,2,0,0,0,1,1,3,4,0,1,3,,N,,,,,,,,,,,
2007127375,2125.0,1,0,0,0,0,0,0,0,0,4,0,,67,10,2007,1,39.9173,-75.1746,2120.0,6,0,0,0,0,0,0,0,0,,0,0,0,21,3,4,1,,0,39 55:02.334,,0,75 10:28.574,3,0,0,0,67301,0,0,0,N,0,0,0,4,67301,1,,1,1,,N,N,,0,,2,0,1,3,2,,2117,4,2,0,0,0,1,0,3,4,0,2,3,,N,,,,,,,,,,,
2007123742,950.0,2,0,0,0,0,0,0,0,0,5,0,,67,10,2007,6,39.9812,-75.1648,950.0,6,0,0,1,0,0,0,0,0,2.0,0,0,0,9,1,0,0,,2,39 58:52.194,3.0,0,75 09:53.240,0,0,0,0,67301,0,0,0,N,0,0,0,1,67301,0,,6,9,,N,N,,0,,0,0,0,0,0,Y,950,0,2,0,0,0,0,0,3,4,0,2,7,,N,,,,,,,,,,,
2007123990,50.0,1,0,0,0,0,0,0,0,0,8,0,,67,11,2007,7,39.9879,-75.1558,47.0,6,0,0,0,0,0,0,0,0,,0,0,0,0,3,1,1,,0,39 59:16.000,,0,75 09:20.884,8,0,0,0,67301,1,0,0,N,1,0,0,2,67301,0,,1,1,,N,N,,0,,0,0,0,3,2,,47,1,2,0,0,0,1,1,3,4,0,1,3,,N,,,,,,,,,,,
2007126530,1650.0,1,0,0,0,0,0,0,0,0,5,0,,67,10,2007,4,39.9408,-75.1434,1640.0,6,0,0,0,0,0,1,0,0,,0,0,0,16,1,0,0,,0,39 56:37.000,,2,75 08:34.578,0,0,0,0,67301,0,0,0,N,0,0,0,2,67301,0,,1,9,,N,N,,0,,0,0,1,0,0,,1640,0,2,0,0,0,0,0,3,4,0,2,7,,N,,,,,,,,,,,
2007097826,9999.0,0,0,0,0,0,0,0,0,0,8,0,,67,8,2007,2,40.0323,-75.0425,2039.0,6,0,0,0,0,0,0,0,0,,0,0,0,20,3,1,1,,0,40 01:56.000,,0,75 02:33.206,8,0,0,0,67301,1,0,0,N,1,0,0,2,67301,0,,1,1,,N,N,,1,,0,0,0,3,3,,2037,1,2,0,0,0,1,0,3,4,0,1,3,,N,,,,,,,,,,,
2007100608,1717.0,0,0,0,0,0,0,0,0,0,1,0,,67,9,2007,7,39.9822,-75.2075,1618.0,6,0,0,1,0,0,0,0,0,,0,0,0,16,1,0,0,,0,39 59:00.180,,0,75 12:28.992,0,0,0,0,67301,0,0,0,N,0,0,0,4,68K01,0,,1,1,,N,N,,0,,0,0,2,0,0,,1614,0,2,0,0,0,0,0,3,4,0,2,3,,N,,,,,,,,,,,
2007097887,1604.0,1,0,0,0,0,0,0,0,0,1,0,,67,6,2007,7,39.9368,-75.1671,1604.0,6,0,0,0,0,0,1,0,0,,0,0,0,16,1,1,1,,0,39 56:12.000,,0,75 10:01.410,4,0,0,0,67301,0,0,0,,0,0,0,5,67301,1,,5,1,,N,N,,1,,0,0,0,0,0,,1600,1,2,0,0,0,0,0,3,4,0,2,3,,N,,,,,,,,,,,
2007097953,240.0,1,0,0,0,0,0,0,0,0,4,0,,67,6,2007,7,40.0029,-75.1839,235.0,6,0,0,0,0,1,0,0,0,,0,0,0,2,6,2,1,,0,40 00:10.440,,0,75 11:00.960,4,0,0,0,67301,0,0,0,N,0,0,0,3,67301,2,,1,1,,N,N,,1,,0,0,0,3,2,,235,2,2,0,0,0,0,1,3,4,0,2,3,,N,,,,,,,,,,,
2007101002,446.0,0,0,0,0,0,0,0,0,0,7,0,,67,9,2007,1,39.9583,-75.1802,429.0,6,0,0,0,0,0,0,0,0,1.0,0,0,0,4,3,1,3,,2,39 57:34.000,4.0,2,75 10:50.657,4,0,0,0,67301,0,0,0,Y,0,0,0,1,68K01,1,,2,1,,N,N,,0,,0,0,1,0,0,Y,429,1,1,0,0,0,0,0,3,4,0,1,3,,N,,,,,,,,,,,
2007093149,227.0,1,0,0,0,0,0,0,0,0,4,0,,67,6,2007,6,40.1009,-75.0077,227.0,6,0,0,0,0,0,0,0,0,,0,0,0,2,3,0,1,,0,40 06:03.000,,0,75 00:27.496,0,0,0,0,67301,0,0,0,,0,0,0,3,67301,0,,1,1,,,,,0,,0,0,1,0,0,,227,0,2,0,0,2,0,0,3,4,0,2,3,,N,,,,,,,,,,,
2007095717,1817.0,3,0,0,0,0,0,0,0,0,1,0,,67,8,2007,5,39.9914,-75.2035,1813.0,6,0,0,0,0,0,0,0,0,,0,0,0,18,1,0,0,,0,39 59:31.200,,0,75 12:08.280,0,0,0,0,67301,0,0,0,N,0,0,0,3,68K01,0,,1,1,,N,N,,0,,0,0,0,0,0,,1811,0,3,0,0,0,0,0,3,4,0,3,3,,N,,,,,,,,,,,
2007095922,1333.0,2,0,0,0,0,0,0,0,0,1,0,,67,8,2007,3,39.9954,-75.1978,1329.0,6,0,0,0,0,0,1,0,0,,0,0,0,13,1,0,0,,0,39 59:44.000,,0,75 11:51.573,0,0,0,0,67301,0,0,0,N,0,0,0,5,68K01,0,,1,1,,N,N,,0,,0,0,1,0,0,,1327,0,3,0,0,0,0,0,3,4,0,3,3,,N,,,,,,,,,,,
2007093543,741.0,0,0,0,0,0,0,0,0,0,7,0,,67,7,2007,6,40.0291,-75.19,738.0,6,0,0,0,0,0,0,0,0,9.0,0,0,0,7,1,1,0,,2,40 01:44.939,5.0,0,75 11:24.072,8,0,0,0,67301,0,0,0,N,0,0,0,1,67301,0,,2,9,,N,N,,0,,0,0,1,0,0,Y,737,1,1,0,0,0,1,0,3,4,0,1,3,,N,,,,,,,,,,,
2007022246,914.0,2,0,0,0,0,0,0,0,0,4,0,,67,1,2007,6,40.0824,-74.9864,901.0,6,0,0,0,0,0,0,0,1,,0,0,0,8,1,3,0,,0,40 04:56.632,,0,74 59:10.996,4,0,0,0,67301,0,0,0,N,0,0,0,4,67301,3,,1,9,,N,,,0,,0,0,0,0,0,,839,3,2,0,0,0,0,0,3,4,0,2,7,,N,,,,,,,,,,,
2007022300,1053.0,1,0,0,0,0,0,1,0,0,1,1,,67,1,2007,7,39.9729,-75.1703,1051.0,6,0,0,0,0,0,1,0,1,2.0,0,0,0,99,1,5,3,,2,39 58:22.288,6.0,0,75 10:12.973,4,0,0,0,67301,0,0,0,N,0,0,0,7,67301,1,,1,1,,N,N,,0,,0,0,1,0,0,Y,9999,5,3,0,0,0,4,0,3,4,0,3,3,,N,,,,,,,,,,,
2007022398,2015.0,2,0,0,0,0,0,0,0,0,4,0,,67,1,2007,2,39.995,-75.1873,2012.0,6,0,0,0,0,0,0,0,0,,0,0,0,20,3,1,2,,0,39 59:41.000,,0,75 11:14.326,4,0,0,0,67301,0,0,0,N,0,0,0,3,67301,1,,1,1,,N,N,,0,,0,0,0,3,2,,2005,1,2,0,0,0,0,1,3,4,0,2,3,,N,,,,,,,,,,,
2007080168,1330.0,0,0,0,0,0,0,0,0,0,4,0,,67,6,2007,7,40.0374,-75.1323,1327.0,6,0,0,0,0,0,0,0,0,,0,0,0,13,1,2,1,,0,40 02:14.784,,0,75 07:56.283,4,0,0,0,67301,0,0,0,N,0,0,0,2,67301,2,,1,1,,N,N,,1,,0,0,1,3,3,,1327,2,2,0,0,0,0,0,3,4,0,2,3,,N,,,,,,,,,,,
2007203470,9999.0,1,0,0,0,0,0,0,0,0,7,0,,67,7,2007,5,39.8835,-75.2128,9999.0,6,0,0,1,0,0,0,0,0,,0,0,0,3,3,0,0,,0,39 53:00.453,,0,75 12:46.023,0,0,0,0,67301,0,0,0,N,0,0,0,1,23109,0,,5,1,,N,N,,0,,0,0,0,0,0,,338,0,1,0,0,0,0,0,3,4,0,1,3,,N,,,,,,,,,,,
2007124110,2045.0,2,0,0,0,0,0,0,0,0,4,0,,67,10,2007,4,40.0014,-75.1273,2034.0,6,0,0,0,0,0,0,0,0,,0,0,0,18,8,2,1,,0,40 00:05.158,,0,75 07:38.326,4,0,0,0,67301,0,0,0,N,0,0,0,6,67301,2,,1,98,,N,N,,0,,0,0,0,3,3,,1800,2,2,0,0,0,0,0,3,4,0,2,99,,N,,,,,,,,,,,
2007126141,1132.0,3,0,0,0,0,0,0,0,0,5,0,,67,11,2007,6,39.9763,-75.1831,1130.0,6,0,0,0,0,0,1,0,0,,0,0,0,11,1,0,1,,0,39 58:34.000,,0,75 10:59.119,0,0,0,0,67301,0,0,0,N,0,0,0,3,67301,0,,1,1,,N,N,,0,,0,0,0,3,2,,1120,0,3,0,0,0,0,0,3,4,0,3,3,,N,,,,,,,,,,,
2007127589,814.0,1,0,0,0,0,0,0,0,0,7,0,,67,10,2007,7,39.9251,-75.1472,805.0,6,0,0,0,0,1,0,0,0,1.0,0,0,0,8,1,1,0,,1,39 55:17.000,2.0,0,75 08:52.781,3,0,0,0,67301,0,0,0,N,0,0,0,1,67301,0,,2,1,,N,N,,0,,1,0,0,0,0,Y,802,1,1,0,0,0,0,0,3,4,0,1,3,,N,,,,,,,,,,,
2007123825,350.0,3,0,0,0,0,0,0,0,0,2,0,,67,11,2007,1,39.9863,-75.1561,348.0,6,0,0,0,0,0,1,0,0,,0,0,0,3,3,1,1,,0,39 59:10.000,,0,75 09:22.129,4,0,0,0,67301,0,0,0,N,0,0,0,3,67301,1,,1,1,,N,N,,0,,0,0,0,9,2,,348,1,3,0,0,0,0,0,3,4,0,3,3,,N,,,,,,,,,,,
2007126659,2028.0,1,0,0,0,0,0,0,0,0,4,0,,67,10,2007,3,40.0457,-75.1433,2025.0,6,0,0,0,0,0,1,0,0,,0,0,0,20,3,1,2,,0,40 02:44.000,,0,75 08:35.804,8,0,0,0,67301,0,0,0,N,0,0,0,2,67301,0,,3,1,,N,N,,0,,0,0,1,0,0,,2025,1,2,0,0,1,1,0,3,4,0,2,3,,N,,,,,,,,,,,
2007127262,136.0,1,0,0,0,0,0,0,0,0,1,0,,67,10,2007,1,39.9642,-75.1848,126.0,6,0,0,0,0,1,0,0,0,,0,0,0,1,3,0,0,,0,39 57:51.000,,0,75 11:05.721,0,0,0,0,67301,0,0,0,N,0,0,0,3,68K01,0,,1,1,,N,N,,0,,0,0,1,0,0,,124,0,2,0,0,0,0,0,3,4,0,2,3,,N,,,,,,,,,,,
2007028831,1743.0,2,0,0,0,0,0,0,0,0,4,0,,67,1,2007,2,40.0517,-75.1504,1741.0,6,0,0,0,0,0,0,1,0,,0,0,0,16,1,0,0,,0,40 03:06.000,,0,75 09:01.583,9,0,0,0,67301,0,0,0,N,0,0,0,2,67301,0,,1,1,,N,N,,0,,0,0,0,0,0,,1655,0,2,0,0,0,0,1,3,4,0,2,3,,N,,,,,,,,,,,
2007068185,2058.0,2,0,0,0,0,0,0,0,0,1,0,,67,5,2007,4,40.0219,-75.139,2047.0,6,0,0,0,0,0,1,0,0,,0,0,0,20,3,1,0,,0,40 01:18.000,,0,75 08:20.410,8,0,0,0,67301,0,0,0,N,0,0,0,2,67301,0,,1,9,,N,N,,0,,0,0,0,3,2,,2045,1,2,0,0,0,1,0,3,4,0,2,7,,N,,,,,,,,,,,
2007065769,245.0,3,0,0,0,0,0,0,0,0,1,0,,67,5,2007,7,39.9405,-75.2189,223.0,6,0,0,0,0,1,0,0,0,,0,0,0,2,3,1,1,,0,39 56:25.000,,0,75 13:08.210,8,0,0,0,67301,0,0,0,N,0,0,0,6,67301,0,,1,1,,N,N,,0,,0,0,0,9,2,,223,1,3,0,0,0,1,3,3,4,0,3,3,,N,,,,,,,,,,,
2007065781,1941.0,2,0,0,0,0,0,0,0,0,2,0,,67,5,2007,4,40.1132,-75.0228,1941.0,6,0,0,0,1,0,0,1,0,,0,0,0,19,1,2,0,,0,40 06:47.000,,0,75 01:22.214,4,0,0,0,67301,0,0,0,,0,0,0,3,67301,2,,1,1,,N,N,,0,,0,0,0,0,0,,1940,2,2,0,0,0,0,0,3,4,0,2,3,,N,,,,,,,,,,,
2007065649,1430.0,1,0,0,0,0,0,0,0,0,6,0,,67,4,2007,3,39.8926,-75.2344,1408.0,6,0,0,0,0,0,1,0,0,1.0,0,0,0,14,1,1,7,,1,39 53:29.000,1.0,2,75 14:13.179,4,0,0,1,67301,0,0,0,N,0,0,0,2,67301,1,,1,1,,N,N,,0,,0,0,0,0,0,Y,1405,1,2,0,0,1,0,0,3,4,0,2,3,,N,,,,,,,,,,,
2007110541,1023.0,0,0,0,0,0,0,0,0,0,8,0,,67,9,2007,7,39.996,-75.1027,1023.0,6,0,0,0,0,0,0,0,0,,0,0,0,10,1,1,1,,0,39 59:45.708,,0,75 06:09.662,8,0,0,0,67301,1,0,0,,1,0,0,2,67301,0,,1,1,,N,N,,0,,0,0,1,9,3,,1023,1,2,0,0,0,1,0,3,4,0,1,3,,N,,,,,,,,,,,
2007110579,1107.0,1,0,0,0,0,0,0,0,0,8,0,,67,9,2007,4,39.9911,-75.1143,1105.0,6,0,0,0,0,0,0,0,0,,0,0,0,11,1,1,1,,0,39 59:28.000,,0,75 06:51.408,8,0,0,0,67301,1,0,0,N,1,0,0,2,67301,0,,1,1,,N,N,,0,,0,0,0,3,3,,1103,1,2,0,0,0,1,0,3,4,0,1,3,,N,,,,,,,,,,,
2007110852,1230.0,2,0,0,0,0,0,0,0,0,4,0,,67,9,2007,1,39.9228,-75.2357,1223.0,6,0,0,0,0,1,0,0,0,,0,0,0,12,1,1,1,,0,39 55:22.123,,0,75 14:08.509,4,0,0,0,67301,0,0,0,N,0,0,0,5,67301,1,,1,1,,N,N,,0,,0,0,0,3,1,,1200,1,2,0,0,0,0,1,3,4,0,2,3,,N,,,,,,,,,,,
2007105767,243.0,1,0,0,0,0,0,0,0,0,7,0,,67,9,2007,6,39.9859,-75.2156,9999.0,6,0,0,0,0,0,0,0,0,,0,0,0,2,3,1,0,,0,39 59:09.000,,0,75 12:56.289,4,0,0,0,67301,0,0,0,,0,0,0,1,67301,1,,5,1,,N,N,,0,,0,0,0,0,0,,240,1,1,0,0,0,0,0,3,4,0,1,3,,N,,,,,,,,,,,
2007108525,1555.0,1,0,0,1,0,0,0,0,0,4,0,,67,9,2007,5,39.9527,-75.1578,1551.0,6,0,0,0,0,0,1,0,0,,0,0,0,15,1,1,2,,0,39 57:09.766,,0,75 09:27.917,4,0,0,0,67301,1,0,0,N,0,0,0,2,67301,1,,1,1,,N,N,,0,,0,0,0,3,2,,1513,1,2,0,0,0,0,0,3,4,0,1,3,,N,,,,,,,,,,,
2007108802,1500.0,4,0,0,0,0,0,0,0,0,1,0,,67,9,2007,4,39.9371,-75.1905,1500.0,6,0,0,0,0,0,1,0,0,,0,0,0,14,1,1,0,,0,39 56:13.419,,0,75 11:25.864,8,0,0,0,67301,0,0,0,,0,0,0,2,67301,0,,6,1,,N,N,,0,,0,0,0,3,3,,1450,1,4,0,0,0,1,1,3,4,0,4,3,,N,,,,,,,,,,,
2007108922,30.0,1,0,0,0,0,0,0,0,0,7,0,,67,8,2007,5,39.9727,-75.1217,26.0,6,0,0,0,0,0,0,0,0,,0,0,0,0,3,0,0,,0,39 58:20.000,,0,75 07:19.500,0,0,0,0,67301,0,0,0,,0,0,0,1,67301,0,,3,1,,,,,0,,0,0,0,0,0,,26,0,1,0,0,0,0,0,3,4,0,1,3,,N,,,,,,,,,,,
2007105928,1904.0,2,0,0,0,0,0,0,0,0,4,0,,67,8,2007,6,39.9449,-75.167,1859.0,6,0,0,0,1,0,0,0,0,,0,0,0,18,1,1,1,,0,39 56:41.578,,0,75 10:01.077,4,0,0,0,67301,0,0,0,N,0,0,0,2,67301,1,,1,1,,N,N,,0,,0,0,1,3,2,,1856,1,3,0,0,0,0,0,3,4,0,3,3,,N,,,,,,,,,,,
2007105951,1930.0,2,0,0,0,0,0,0,0,0,4,0,,67,7,2007,4,40.0711,-75.0379,1930.0,6,0,0,0,0,0,0,1,0,,0,0,0,99,1,1,1,,0,40 04:16.000,,0,75 02:17.232,8,0,0,0,67301,0,0,0,N,0,0,0,2,67301,0,,1,1,,N,N,,0,,0,0,0,3,2,,9999,1,2,0,0,0,1,0,3,4,0,2,3,,N,,,,,,,,,,,
2007106152,923.0,1,0,0,0,0,0,0,0,0,2,0,,67,6,2007,4,40.0611,-75.1544,914.0,6,0,0,0,0,0,1,0,0,,0,0,0,9,1,2,1,,0,40 03:40.129,,0,75 09:15.983,8,0,0,0,67301,0,0,0,N,0,0,0,3,67301,0,,1,1,,N,N,,1,,0,0,0,3,2,,901,2,2,0,0,2,2,0,3,4,0,2,3,,N,,,,,,,,,,,
2007106470,942.0,1,0,0,0,0,0,0,0,0,4,0,,67,8,2007,2,40.0424,-75.1239,940.0,6,0,0,0,0,0,0,0,0,2.0,0,0,0,9,1,3,2,,2,40 02:32.791,4.0,0,75 07:26.057,8,0,0,0,67301,0,0,0,N,0,0,0,4,67301,0,,1,1,,N,N,,0,,0,0,1,3,3,Y,940,3,2,0,0,0,3,0,3,4,0,2,3,,N,,,,,,,,,,,
2007106504,1811.0,2,0,0,0,0,0,0,0,0,4,0,,67,8,2007,1,40.0199,-75.175,1810.0,6,0,1,0,0,0,0,0,0,2.0,0,0,0,18,1,0,1,,1,40 01:11.000,2.0,0,75 10:29.886,0,0,0,0,67301,0,0,0,,0,0,0,4,67301,0,,1,1,,,,,0,,0,0,0,3,2,N,1810,0,2,0,0,0,0,0,3,4,0,2,3,,N,,,,,,,,,,,
2007106506,2138.0,1,0,0,1,0,0,0,0,0,4,0,,67,9,2007,2,40.0229,-75.1632,2132.0,6,0,0,0,0,0,1,0,0,,0,0,0,21,3,1,1,,0,40 01:22.634,,0,75 09:47.577,4,0,0,0,67301,1,0,0,N,0,0,0,2,67301,1,,5,1,,N,N,,0,,0,0,0,0,0,,2132,1,2,0,0,0,0,1,3,4,0,1,3,,N,,,,,,,,,,,
2007081592,2225.0,2,0,0,0,0,0,0,0,0,4,0,,67,5,2007,4,40.0266,-75.1233,2215.0,6,0,0,1,0,0,0,0,0,1.0,0,0,0,22,3,3,1,,1,40 01:35.756,1.0,0,75 07:23.800,4,0,0,0,67301,0,0,0,N,0,0,0,4,67301,3,,1,1,,N,N,,0,,0,0,0,3,3,Y,2200,3,2,0,0,4,0,0,3,4,0,2,3,,N,,,,,,,,,,,