CRN,ARRIVAL_TM,AUTOMOBILE_COUNT,BELTED_DEATH_COUNT,BELTED_SUSP_SERIOUS_INJ_COUNT,BICYCLE_COUNT,BICYCLE_DEATH_COUNT,BICYCLE_SUSP_SERIOUS_INJ_COUNT,BUS_COUNT,CHLDPAS_DEATH_COUNT,CHLDPAS_SUSP_SERIOUS_INJ_COUNT,COLLISION_TYPE,COMM_VEH_COUNT,CONS_ZONE_SPD_LIM,COUNTY,CRASH_MONTH,CRASH_YEAR,DAY_OF_WEEK,DEC_LAT,DEC_LONG,DISPATCH_TM,DISTRICT,DRIVER_COUNT_16YR,DRIVER_COUNT_17YR,DRIVER_COUNT_18YR,DRIVER_COUNT_19YR,DRIVER_COUNT_20YR,DRIVER_COUNT_50_64YR,DRIVER_COUNT_65_74YR,DRIVER_COUNT_75PLUS,EST_HRS_CLOSED,FATAL_COUNT,HEAVY_TRUCK_COUNT,HORSE_BUGGY_COUNT,HOUR_OF_DAY,ILLUMINATION,INJURY_COUNT,INTERSECT_TYPE,INTERSECTION_RELATED,LANE_CLOSED,LATITUDE,LN_CLOSE_DIR,LOCATION_TYPE,LONGITUDE,MAX_SEVERITY_LEVEL,MCYCLE_DEATH_COUNT,MCYCLE_SUSP_SERIOUS_INJ_COUNT,MOTORCYCLE_COUNT,MUNICIPALITY,NONMOTR_COUNT,NONMOTR_DEATH_COUNT,NONMOTR_SUSP_SERIOUS_INJ_COUNT,NTFY_HIWY_MAINT,PED_COUNT,PED_DEATH_COUNT,PED_SUSP_SERIOUS_INJ_COUNT,PERSON_COUNT,POLICE_AGCY,POSSIBLE_INJ_COUNT,RDWY_SURF_TYPE_CD,RELATION_TO_ROAD,ROAD_CONDITION,ROADWAY_CLEARED,SCH_BUS_IND,SCH_ZONE_IND,SECONDARY_CRASH,SMALL_TRUCK_COUNT,SPEC_JURIS_CD,SUSP_MINOR_INJ_COUNT,SUSP_SERIOUS_INJ_COUNT,SUV_COUNT,TCD_FUNC_CD,TCD_TYPE,TFC_DETOUR_IND,TIME_OF_DAY,TOT_INJ_COUNT,TOTAL_UNITS,UNB_DEATH_COUNT,UNB_SUSP_SERIOUS_INJ_COUNT,UNBELTED_OCC_COUNT,UNK_INJ_DEG_COUNT,UNK_INJ_PER_COUNT,URBAN_AREA,URBAN_RURAL,VAN_COUNT,VEHICLE_COUNT,WEATHER1,WEATHER2,WORK_ZONE_IND,WORK_ZONE_LOC,WORK_ZONE_TYPE,WORKERS_PRES,WZ_CLOSE_DETOUR,WZ_FLAGGER,WZ_LAW_OFFCR_IND,WZ_LN_CLOSURE,WZ_MOVING,WZ_OTHER,WZ_SHLDER_MDN,WZ_WORKERS_INJ_KILLED
2007081655,1550.0,0,0,0,0,0,0,0,0,0,4,0,,67,5,2007,3,39.9455,-75.1423,1545.0,6,0,0,0,0,0,0,0,0,1.0,0,0,0,15,1,2,0,,1,39 56:43.950,1.0,0,75 08:32.414,8,0,0,0,67301,0,0,0,N,0,0,0,2,67301,0,,1,1,,N,N,,0,,0,0,0,0,0,N,1530,2,2,0,0,0,2,0,3,4,2,2,3,,N,,,,,,,,,,,
2007081307,1040.0,1,0,0,0,0,0,0,0,0,2,0,,67,6,2007,1,39.9216,-75.2401,1033.0,6,0,0,0,0,0,0,0,0,1.0,0,0,0,10,1,1,2,,1,39 55:17.742,3.0,0,75 14:24.338,4,0,0,0,67301,0,0,0,N,0,0,0,5,67301,1,,1,1,,N,N,,1,,0,0,0,0,0,N,1025,1,2,0,0,1,0,0,3,4,0,2,3,,N,,,,,,,,,,,
2007081700,805.0,1,0,0,0,0,0,0,0,0,8,0,,67,6,2007,5,40.0916,-75.0115,800.0,6,0,0,0,0,0,0,0,0,3.0,0,0,0,7,1,1,0,,1,40 05:29.673,3.0,0,75 00:41.410,4,0,0,0,67301,1,0,0,N,1,0,0,2,67301,1,,1,1,,N,Y,,0,,0,0,0,3,2,N,744,1,2,0,0,0,0,0,3,4,0,1,3,,N,,,,,,,,,,,
2007081755,1302.0,1,0,0,0,0,0,0,0,0,1,0,,67,6,2007,3,39.9618,-75.1825,1302.0,6,0,0,0,1,0,0,0,0,,0,0,0,99,1,1,0,,0,39 57:42.000,,2,75 10:55.361,4,0,0,0,67301,0,0,0,N,0,0,0,2,67301,1,,1,1,,N,N,,0,,0,0,0,0,0,,9999,1,2,0,0,0,0,0,3,4,1,2,3,,N,,,,,,,,,,,
2007081541,2140.0,2,0,0,0,0,0,0,0,0,1,0,,67,7,2007,5,40.0674,-75.1741,2122.0,6,0,0,0,0,0,0,0,0,,0,0,0,21,3,0,0,,0,40 04:02.496,,0,75 10:26.810,9,0,0,0,67301,0,0,0,N,0,0,0,1,67301,0,,6,9,,N,N,,0,,0,0,0,0,0,,2115,0,2,0,0,0,0,1,3,4,0,2,7,,N,,,,,,,,,,,
2007081543,1245.0,1,0,0,0,0,0,0,0,0,5,0,,67,6,2007,4,40.0595,-75.1937,1241.0,6,0,0,0,0,0,0,0,0,3.0,0,0,0,12,1,0,0,,1,40 03:34.000,3.0,0,75 11:37.359,0,0,0,0,67301,0,0,0,N,0,0,0,1,67301,0,,6,1,,N,N,,0,,0,0,0,0,0,N,1235,0,2,0,0,0,0,0,3,4,1,2,3,,N,,,,,,,,,,,
2007081564,842.0,1,0,0,1,0,0,0,0,0,4,0,,67,5,2007,7,39.9734,-75.2535,839.0,6,0,0,0,0,0,0,0,0,,0,0,0,99,1,1,1,,0,39 58:24.337,,0,75 15:12.484,8,0,0,0,67301,1,0,0,N,0,0,0,2,67301,0,,1,1,,N,N,,0,,0,0,0,3,3,,9999,1,2,0,0,1,1,0,3,4,0,1,3,,N,,,,,,,,,,,
2007081582,2332.0,3,0,0,0,0,0,0,0,0,4,0,,67,6,2007,1,40.0098,-75.1669,2330.0,6,0,0,0,0,0,0,0,0,,0,0,0,23,3,0,1,,0,40 00:35.000,,0,75 10:00.738,0,0,0,0,67301,0,0,0,N,0,0,0,3,67301,0,,1,1,,N,N,,0,,0,0,0,3,2,,2325,0,3,0,0,0,0,0,3,4,0,3,3,,N,,,,,,,,,,,
2007079364,1352.0,2,0,0,0,0,0,0,0,0,1,0,,67,6,2007,2,39.949,-75.1849,1348.0,6,0,0,0,0,0,0,0,0,1.0,0,0,0,13,1,1,0,,1,39 57:00.000,4.0,0,75 11:00.234,4,0,0,0,67301,0,0,0,N,0,0,0,3,68K01,1,,1,1,,N,N,,0,,0,0,0,0,0,N,1345,1,2,0,0,0,0,1,3,4,0,2,3,,N,,,,,,,,,,,
2007116113,816.0,1,0,0,0,0,0,0,0,0,4,0,,67,10,2007,3,40.0037,-75.0678,815.0,6,0,0,0,0,0,0,0,0,,0,0,0,8,3,1,1,,0,40 00:13.240,,0,75 04:04.234,3,0,0,1,67301,0,0,0,,0,0,0,2,67301,0,,1,1,,,,,0,,1,0,0,3,3,,814,1,2,0,0,0,0,0,3,4,0,2,3,,N,,,,,,,,,,,
2007123986,1942.0,2,0,0,0,0,0,0,0,0,1,0,,67,11,2007,5,39.9506,-75.194,1856.0,6,0,0,0,0,0,1,0,0,,0,0,0,16,1,1,0,,0,39 57:02.163,,0,75 11:38.263,8,0,0,0,67301,0,0,0,N,0,0,0,2,67301,0,,1,1,,N,N,,0,,0,0,0,0,0,,1604,1,2,0,0,0,1,1,3,4,0,2,3,,N,,,,,,,,,,,
2007126532,1343.0,2,0,0,0,0,0,0,0,0,7,0,,67,10,2007,1,39.9509,-75.1411,1340.0,6,0,1,0,0,0,0,0,0,1.0,0,0,0,13,1,2,7,,2,39 57:04.000,1.0,2,75 08:27.696,4,0,0,0,67301,0,0,0,N,0,0,0,4,67301,2,,2,1,,N,N,,0,,0,0,0,0,0,N,1338,2,2,0,0,0,0,0,3,4,0,2,3,,N,,,,,,,,,,,
2007107549,827.0,2,0,0,0,0,0,0,0,0,1,0,99.0,67,8,2007,4,40.0561,-75.0747,823.0,6,0,0,0,0,0,0,0,0,1.0,0,0,0,8,1,1,0,,1,40 03:21.000,3.0,0,75 04:28.939,4,0,0,0,67301,0,0,0,N,0,0,0,2,67301,1,,1,1,,N,N,,0,,0,0,0,0,0,N,820,1,2,0,0,0,0,0,3,4,0,2,3,,Y,8.0,8.0,U,,,U,,,,,
2007107558,1625.0,1,0,0,0,0,0,0,0,0,4,0,,67,9,2007,3,40.0585,-75.0788,1619.0,6,0,0,0,0,0,0,1,0,,0,0,0,16,1,1,1,,0,40 03:30.000,,0,75 04:43.841,8,0,0,0,67301,0,0,0,N,0,0,0,2,67301,0,,1,1,,N,N,,0,,0,0,1,0,0,,1615,1,2,0,0,0,1,0,3,4,0,2,3,,N,,,,,,,,,,,
2007107948,1015.0,1,0,0,0,0,0,0,0,0,5,0,,67,9,2007,4,39.914,-75.2216,1006.0,6,0,0,0,0,0,0,0,0,,0,0,0,10,1,0,0,,0,39 54:56.000,,0,75 13:15.519,9,0,0,0,67301,0,0,0,N,0,0,0,2,67301,0,,1,1,,N,N,,1,,0,0,0,0,0,,1000,0,2,0,0,0,0,1,3,4,0,2,3,,N,,,,,,,,,,,
2007105382,2207.0,0,0,0,0,0,0,0,0,0,1,0,,67,10,2007,7,40.0599,-75.1334,2207.0,6,0,0,0,0,0,1,0,0,,0,0,0,22,3,2,2,,0,40 03:35.000,,0,75 08:00.048,4,0,0,0,67301,0,0,0,N,0,0,0,4,46102,2,,1,1,,N,N,,0,,0,0,1,3,2,,2207,2,2,0,0,0,0,0,3,4,1,2,3,,N,,,,,,,,,,,
2007124172,2120.0,2,0,0,0,0,0,0,0,0,4,0,,67,11,2007,4,39.9841,-75.16,2114.0,6,0,0,0,0,0,1,0,0,,0,0,0,20,3,1,1,,0,39 59:02.778,,0,75 09:36.176,8,0,0,0,67301,0,0,0,,0,0,0,3,67301,0,,1,1,,N,N,,0,,0,0,0,0,0,,2050,1,2,0,0,3,1,0,3,4,0,2,3,,N,,,,,,,,,,,
2007047734,2203.0,1,0,0,0,0,0,0,0,0,7,0,,67,3,2007,6,40.0287,-75.1009,2201.0,6,0,0,0,0,0,0,0,0,3.0,0,0,0,21,3,1,0,,1,40 01:43.423,1.0,0,75 06:03.348,2,0,0,0,67301,0,0,0,N,0,0,0,1,67301,0,,2,1,,N,N,,0,,0,1,0,0,0,Y,2151,1,1,0,0,0,0,0,3,4,0,1,3,,N,,,,,,,,,,,
2007047778,219.0,2,0,0,0,0,0,0,0,0,4,0,,67,3,2007,6,39.9979,-75.1043,217.0,6,0,0,0,0,0,0,0,0,,0,0,0,2,3,1,1,,0,39 59:52.368,,0,75 06:15.638,8,0,0,0,67301,0,0,0,N,0,0,0,2,67301,0,,1,9,,N,N,,0,,0,0,0,3,2,,215,1,2,0,0,1,1,0,3,4,0,2,7,,N,,,,,,,,,,,
2007065786,2001.0,0,0,0,0,0,0,0,0,0,8,0,,67,5,2007,5,39.9874,-75.1776,2006.0,6,0,0,0,0,0,0,0,0,,0,0,0,19,1,1,2,,0,39 59:14.744,,0,75 10:39.208,8,0,0,0,67301,1,0,0,,1,0,0,4,67301,0,,1,1,,N,N,,0,,0,0,1,9,2,,1959,1,2,0,0,0,1,0,3,4,0,1,3,,N,,,,,,,,,,,
2007028720,418.0,1,0,0,0,0,0,0,0,0,7,0,,67,1,2007,7,40.0076,-75.2013,407.0,6,0,0,0,0,0,0,0,0,,0,0,0,4,2,0,0,,0,40 00:27.000,,0,75 12:05.699,0,0,0,0,67301,0,0,0,N,0,0,0,2,68K01,0,,2,1,,N,N,,0,,0,0,0,0,0,,404,0,1,0,0,0,0,0,3,4,0,1,3,,N,,,,,,,,,,,
2007065646,1449.0,0,0,0,0,0,0,0,0,0,8,0,,67,4,2007,1,40.0159,-75.187,1446.0,6,0,0,0,0,0,0,0,0,,0,0,0,99,1,1,1,,0,40 00:57.000,,0,75 11:13.339,3,0,0,0,67301,1,0,0,,1,0,0,2,67301,0,,1,1,,N,N,,0,,1,0,0,3,2,,9999,1,2,0,0,0,0,0,3,4,0,1,3,,N,,,,,,,,,,,
2007065662,1756.0,2,0,0,0,0,0,0,0,0,1,0,,67,4,2007,1,39.9438,-75.2379,1749.0,6,0,0,0,0,0,0,0,0,,0,0,0,17,1,2,1,,0,39 56:37.717,,0,75 14:16.351,8,0,0,0,67301,0,0,0,N,0,0,0,4,67301,0,,1,9,,N,N,,0,,0,0,0,3,2,,1749,2,2,0,0,0,2,0,3,4,0,2,3,,N,,,,,,,,,,,
2007110552,2240.0,1,0,0,0,0,0,0,0,0,8,0,,67,9,2007,6,40.0236,-75.1152,2238.0,6,0,0,0,0,0,0,0,0,,0,0,0,22,6,1,1,,0,40 01:24.823,,0,75 06:54.770,4,0,0,0,67301,1,0,0,N,1,0,0,2,67301,1,,1,1,,N,N,,0,,0,0,0,9,3,,2209,1,2,0,0,0,0,0,3,4,0,1,3,,N,,,,,,,,,,,
2007110747,1925.0,1,0,0,0,0,0,0,0,0,8,0,,67,9,2007,5,39.9472,-75.1665,1920.0,6,0,0,0,0,0,0,0,0,,0,0,0,19,3,1,1,,0,39 56:49.916,,0,75 09:59.252,8,0,0,0,67301,1,0,0,,1,0,0,2,67301,0,,1,1,,,,,0,,0,0,0,0,0,,1917,1,2,0,0,0,1,0,3,4,0,1,3,,N,,,,,,,,,,,
2007108533,1236.0,0,0,0,1,0,0,0,0,0,4,0,,67,8,2007,4,40.0143,-75.2046,1235.0,6,0,0,0,0,0,0,0,0,,0,0,0,12,1,1,0,,0,40 00:51.000,,7,75 12:16.738,4,0,0,0,67301,1,0,0,N,0,0,0,2,67301,1,,2,1,,N,N,,0,,0,0,0,0,0,,1235,1,2,0,0,0,0,0,3,4,1,1,3,,N,,,,,,,,,,,
2007108924,1614.0,1,0,0,0,0,0,0,0,0,5,0,,67,9,2007,1,39.9777,-75.1731,1614.0,6,0,0,0,0,0,1,0,0,,0,1,0,16,1,1,2,,0,39 58:39.896,,0,75 10:23.203,8,0,0,0,67301,0,0,0,,0,0,0,5,67301,0,,1,1,,,,,0,,0,0,0,0,0,,1609,1,2,0,0,0,1,0,3,4,0,2,3,,N,,,,,,,,,,,
2007105862,2100.0,1,0,0,0,0,0,0,0,0,8,0,,67,6,2007,1,40.0455,-75.0987,2055.0,6,0,0,0,0,0,0,0,0,1.0,0,0,0,20,3,1,0,,1,40 02:43.929,2.0,0,75 05:55.161,8,0,0,0,67301,1,0,0,,1,0,0,2,67301,0,,1,1,,,,,0,,0,0,0,0,0,N,2045,1,2,0,0,0,1,0,3,4,0,1,3,,N,,,,,,,,,,,
2007105989,300.0,2,0,0,0,0,0,0,0,0,4,0,,67,8,2007,1,40.0272,-75.171,255.0,6,0,0,0,0,0,0,0,0,,0,0,0,2,3,2,1,,0,40 01:38.000,,0,75 10:15.760,4,0,0,0,67301,0,0,0,N,0,0,0,4,67301,2,,1,1,,N,N,,0,,0,0,0,3,2,,245,2,2,0,0,1,0,2,3,4,0,2,3,,N,,,,,,,,,,,
2007106577,945.0,1,0,1,0,0,0,0,0,0,1,0,,67,8,2007,2,39.9628,-75.1646,945.0,6,0,0,0,0,0,0,0,0,,0,0,0,9,1,3,1,,0,39 57:46.000,,0,75 09:52.682,2,0,0,0,67301,0,0,0,,0,0,0,4,67301,2,,1,1,,N,N,,0,,0,1,2,9,2,,945,3,3,0,0,0,0,0,3,4,0,3,3,,N,,,,,,,,,,,
2007106055,1350.0,1,0,0,0,0,0,0,0,0,8,0,,67,9,2007,1,39.951,-75.1654,1344.0,6,0,0,0,0,0,0,1,0,,0,0,0,13,1,1,1,,0,39 57:03.000,,0,75 09:55.537,3,0,0,0,67301,1,0,0,N,1,0,0,2,67301,0,,1,1,,N,N,,0,,1,0,0,3,2,,1340,1,2,0,0,1,0,0,3,4,0,1,3,,N,,,,,,,,,,,
2007106070,1712.0,1,0,0,0,0,0,0,0,0,5,0,,67,8,2007,3,40.0312,-75.0217,1710.0,6,0,0,0,0,0,0,0,0,,0,0,0,17,1,1,2,,0,40 01:52.000,,0,75 01:18.271,4,0,0,0,67301,0,0,0,N,0,0,0,5,67301,1,,1,9,,N,N,,1,,0,0,0,3,2,,1700,1,2,0,0,0,0,4,3,4,0,2,7,,N,,,,,,,,,,,
2007098721,550.0,1,0,0,0,0,0,0,0,0,2,0,,67,8,2007,7,40.0174,-75.1547,547.0,6,0,0,0,0,0,1,0,0,,0,0,0,5,1,2,0,,0,40 01:02.000,,0,75 09:16.777,4,0,0,0,67301,0,0,0,N,0,0,0,2,67301,2,,1,1,,N,Y,,0,,0,0,0,0,0,,544,2,2,0,0,0,0,0,3,4,1,2,3,,N,,,,,,,,,,,
2007098782,2037.0,0,0,0,0,0,0,0,0,0,7,0,,67,8,2007,2,39.9751,-75.195,2035.0,6,0,0,0,0,0,0,0,0,1.0,0,0,0,20,1,1,2,,1,39 58:30.000,2.0,0,75 11:41.875,3,0,0,0,67301,0,0,0,N,0,0,0,1,67301,0,,5,1,,N,N,,0,,1,0,1,3,3,N,2030,1,1,0,0,1,0,0,3,4,0,1,3,,N,,,,,,,,,,,
2007081280,1408.0,1,0,0,0,0,0,0,0,0,7,0,,67,5,2007,2,39.922,-75.1906,1352.0,6,0,0,1,0,0,0,0,0,1.0,0,0,0,13,1,1,0,,2,39 55:19.000,4.0,1,75 11:25.960,4,0,0,0,67301,0,0,0,N,0,0,0,1,67301,1,,3,1,,N,N,,0,,0,0,0,0,0,N,1352,1,1,0,0,0,0,0,3,4,0,1,3,,N,,,,,,,,,,,
2007081434,1130.0,1,0,0,0,0,0,0,0,0,8,0,,67,5,2007,7,39.9424,-75.1507,1125.0,6,0,0,0,0,0,0,0,0,,0,0,0,11,1,1,0,,0,39 56:32.582,,0,75 09:02.365,8,0,0,0,67301,1,0,0,N,1,0,0,2,67301,0,,1,1,,N,N,,0,,0,0,0,0,0,,1125,1,3,0,0,0,1,1,3,4,0,2,3,,N,,,,,,,,,,,
2007081657,1410.0,2,0,0,0,0,0,0,0,0,4,0,,67,5,2007,4,40.0466,-75.0009,1400.0,6,0,0,0,0,0,0,0,0,,0,0,0,13,1,1,0,,0,40 02:50.000,,0,75 00:00.183,4,0,0,1,67301,0,0,0,N,0,0,0,3,67301,1,,1,1,,N,N,,0,,0,0,0,0,0,,1350,1,3,0,0,0,0,0,3,4,0,3,3,,N,,,,,,,,,,,
2007120259,750.0,0,0,0,0,0,0,0,0,0,4,0,,67,10,2007,6,40.0402,-75.2141,750.0,6,0,0,0,0,0,0,0,0,1.0,0,0,0,7,1,1,2,,1,40 02:24.000,3.0,0,75 12:50.924,4,0,0,0,67301,0,0,0,N,0,0,0,2,67301,1,,1,9,,N,N,,0,,0,0,2,3,2,Y,740,1,2,0,0,0,0,1,3,4,0,2,5,,N,,,,,,,,,,,
2007081718,2125.0,1,0,0,0,0,0,0,0,0,4,0,,67,5,2007,1,39.9704,-75.2451,2121.0,6,0,0,1,0,1,0,0,0,,0,0,0,21,3,1,1,,0,39 58:13.000,,0,75 14:42.413,4,0,0,0,67301,0,0,0,,0,0,0,4,67301,1,,1,1,,N,N,,0,,0,0,0,3,2,,2120,1,2,0,0,0,0,0,3,4,0,2,3,,N,,,,,,,,,,,
2007081748,1445.0,0,0,0,0,0,0,0,0,0,2,0,,67,7,2007,5,40.0312,-75.0217,1440.0,6,0,0,0,0,0,1,0,0,,0,0,0,99,1,6,2,,0,40 01:52.000,,0,75 01:18.461,4,0,0,0,67301,0,0,0,,0,0,0,6,67301,6,,1,1,,N,N,,1,,0,0,1,0,0,,9999,6,2,0,0,0,0,0,3,4,0,2,3,,N,,,,,,,,,,,
2007127320,1855.0,3,0,0,0,0,0,0,0,0,1,0,,67,11,2007,7,39.9837,-75.2083,1851.0,6,0,0,0,1,0,0,1,0,1.0,0,0,0,18,3,1,0,,2,39 59:05.000,3.0,0,75 12:30.054,4,0,0,0,67301,0,0,0,N,0,0,0,6,68K01,1,,1,1,,N,N,,0,,0,0,0,0,0,N,1847,1,3,0,0,0,0,0,3,4,0,3,3,,N,,,,,,,,,,,
2007107802,905.0,0,0,0,0,0,0,0,0,0,1,0,,67,9,2007,5,39.9639,-75.1847,904.0,6,0,0,0,0,0,0,0,1,2.0,0,0,0,9,1,1,2,,1,39 57:50.000,3.0,8,75 11:04.955,8,0,0,0,67301,0,0,0,N,0,0,0,6,67301,0,,1,1,,N,N,,0,,0,0,1,3,2,N,900,1,2,0,0,0,1,0,3,4,1,2,3,,N,,,,,,,,,,,
2007107955,9999.0,1,0,0,0,0,0,0,0,0,7,0,,67,9,2007,6,39.9193,-75.1911,241.0,6,0,0,0,0,0,0,1,0,1.0,0,0,0,2,3,1,0,,2,39 55:09.000,4.0,0,75 11:27.826,4,0,0,0,67301,0,0,0,N,0,0,0,1,67301,1,,2,1,,N,N,,0,,0,0,0,0,0,Y,235,1,1,0,0,0,0,0,3,4,0,1,3,,N,,,,,,,,,,,
2007093161,2153.0,0,0,0,0,0,0,0,0,0,4,0,,67,6,2007,7,40.0098,-75.1669,2153.0,6,0,0,0,0,0,1,0,0,2.0,0,0,0,99,3,1,1,,2,40 00:35.000,7.0,0,75 10:00.931,2,0,1,1,67301,0,0,0,,0,0,0,2,67301,0,,1,1,,N,N,,0,,0,1,0,3,2,Y,9999,1,2,0,0,0,0,0,3,4,1,2,3,,N,,,,,,,,,,,
2007093224,345.0,4,0,0,0,0,0,0,0,0,5,0,,67,7,2007,4,39.9453,-75.1564,344.0,6,0,0,0,0,0,0,0,0,,0,0,0,3,3,0,0,,0,39 56:43.180,,0,75 09:23.190,9,0,0,0,67301,0,0,0,,0,0,0,1,67301,0,,6,1,,N,N,,0,,0,0,0,0,0,,344,0,5,0,0,0,0,1,3,4,1,5,3,,N,,,,,,,,,,,
2007098270,653.0,0,0,0,0,0,0,0,0,0,8,0,,67,8,2007,4,40.0176,-75.0593,647.0,6,0,0,0,0,0,0,0,0,1.0,0,0,0,6,1,2,2,,1,40 01:03.000,2.0,0,75 03:33.422,2,0,1,1,67301,1,0,0,N,1,0,0,2,67301,0,,1,1,,N,N,,0,,1,1,0,9,2,N,645,2,2,0,0,0,0,0,3,4,0,1,3,,N,,,,,,,,,,,
2007093542,2152.0,2,0,0,0,0,0,0,0,0,2,0,,67,7,2007,2,40.0352,-75.1456,2142.0,6,0,1,0,0,0,1,0,0,,0,0,0,21,3,4,1,,0,40 02:06.000,,0,75 08:44.050,3,0,0,0,67301,0,0,0,N,0,0,0,4,67301,0,,1,1,,N,N,,0,,4,0,0,3,2,,2121,4,2,0,0,0,0,0,3,4,0,2,3,,N,,,,,,,,,,,
2007022262,2256.0,0,0,0,0,0,0,0,0,0,7,0,,67,1,2007,6,40.1063,-74.995,2235.0,6,0,0,0,0,0,0,0,0,3.0,0,0,0,22,3,0,2,,2,40 06:22.000,3.0,0,74 59:40.944,9,0,0,0,67301,0,0,0,Y,0,0,0,1,67301,0,,5,9,,N,N,,1,,0,0,0,0,0,Y,2235,0,1,0,0,0,0,1,3,4,0,1,7,,N,,,,,,,,,,,
2007022362,1635.0,2,0,0,0,0,0,0,0,0,1,0,,67,1,2007,6,39.9475,-75.1781,1630.0,6,0,0,0,0,0,0,0,1,1.0,0,0,0,16,4,1,2,,1,39 56:51.014,1.0,0,75 10:41.030,8,0,0,0,67301,0,0,0,N,0,0,0,1,67301,0,,2,9,,N,N,,0,,0,0,0,0,0,N,1625,1,2,0,0,0,1,0,3,4,0,2,7,,N,,,,,,,,,,,
2007022377,1410.0,2,0,0,0,0,0,0,0,0,2,0,,67,1,2007,4,40.044,-75.0719,1408.0,6,0,0,0,0,0,1,0,0,,0,0,0,14,1,1,1,,0,40 02:38.392,,0,75 04:18.739,4,0,0,0,67301,0,0,0,N,0,0,0,4,67301,1,,1,1,,N,N,,0,,0,0,0,3,3,,1408,1,2,0,0,0,0,2,3,4,0,2,3,,N,,,,,,,,,,,
2007022496,40.0,2,0,0,0,0,0,0,0,0,2,0,,67,1,2007,2,,,32.0,6,0,0,0,0,0,0,0,0,,0,0,0,0,3,3,0,,0,,,0,,4,0,0,0,67301,0,0,0,,0,0,0,5,67301,2,,1,9,,N,N,,0,,0,0,0,0,0,,30,3,2,0,0,2,1,0,3,3,0,2,7,,N,,,,,,,,,,,
2007027535,1403.0,1,0,0,0,0,0,0,0,0,7,0,,67,1,2007,5,39.9706,-75.19,1358.0,6,0,0,0,0,0,0,0,0,1.0,0,0,0,13,1,1,0,,2,39 58:13.765,5.0,0,75 11:23.866,4,0,0,0,67301,0,0,0,N,0,0,0,1,67301,1,,5,9,,N,N,,0,,0,0,0,0,0,Y,1358,1,1,0,0,0,0,0,3,4,0,1,7,,N,,,,,,,,,,,
2007027599,5.0,2,0,0,0,0,0,0,0,0,4,0,,67,1,2007,1,39.9707,-75.1541,0.0,6,0,0,0,0,0,0,0,0,,0,0,0,23,3,1,1,,0,39 58:14.000,,0,75 09:14.824,4,0,0,0,67301,0,0,0,N,0,0,0,2,67301,1,,1,1,,N,N,,0,,0,0,0,9,2,,2310,1,2,0,0,0,0,0,3,4,0,2,3,,N,,,,,,,,,,,
2007027706,2217.0,2,0,0,0,0,0,0,0,0,2,0,,67,1,2007,7,40.0295,-75.2295,2200.0,6,0,0,0,0,0,0,0,0,,0,0,0,22,3,2,1,,0,40 01:46.236,,0,75 13:46.307,8,0,0,0,67301,0,0,0,N,0,0,0,3,67301,0,,1,1,,N,N,,0,,0,0,0,3,2,,2200,2,2,0,0,0,2,1,3,4,0,2,3,,N,,,,,,,,,,,
2007027713,900.0,2,0,0,0,0,0,0,0,0,4,0,,67,1,2007,7,40.0227,-75.1335,846.0,6,0,0,0,0,0,1,0,0,,0,0,0,8,1,0,1,,0,40 01:21.712,,0,75 08:00.711,0,0,0,0,67301,0,0,0,N,0,0,0,2,67301,0,,1,1,,N,N,,0,,0,0,1,9,2,,840,0,3,0,0,0,0,0,3,4,0,3,3,,N,,,,,,,,,,,
2007025111,759.0,0,0,0,0,0,0,0,0,0,1,0,,67,2,2007,5,39.9864,-75.0696,758.0,6,0,0,0,0,0,0,0,0,,0,1,0,7,1,1,0,,0,39 59:10.924,,0,75 04:10.442,4,0,0,0,67301,0,0,0,N,0,0,0,2,67501,1,,1,1,,N,N,,1,,0,0,0,3,8,,758,1,2,0,0,0,0,0,3,4,0,2,3,,N,,,,,,,,,,,
2007066284,1816.0,0,0,0,0,0,0,0,0,0,8,0,,67,5,2007,6,40.0315,-75.0383,1815.0,6,0,0,0,0,0,1,0,0,,0,0,0,18,1,1,0,,0,40 01:53.518,,0,75 02:18.045,4,0,0,0,67301,1,0,0,N,1,0,0,2,67301,1,,1,1,,N,N,,1,,0,0,0,0,0,,1810,1,2,0,0,0,0,0,3,4,0,1,3,,N,,,,,,,,,,,
2007066346,1750.0,2,0,0,0,0,0,0,0,0,6,0,,67,5,2007,1,40.0032,-75.1655,1740.0,6,0,0,0,0,0,1,0,0,,0,0,0,17,1,1,0,,0,40 00:11.000,,0,75 09:55.873,4,0,0,0,67301,0,0,0,N,0,0,0,2,67301,1,,1,1,,N,N,,0,,0,0,0,0,0,,1735,1,2,0,0,0,0,0,3,4,0,2,3,,N,,,,,,,,,,,
2007058644,1436.0,3,0,0,0,0,0,0,0,0,4,0,,67,4,2007,1,40.0953,-74.9597,1434.0,6,0,0,0,0,0,0,0,1,,0,0,0,14,1,3,0,,0,40 05:43.000,,7,74 57:34.962,3,0,0,0,67301,0,0,0,,0,0,0,5,67301,0,,1,1,,,,,0,,3,0,0,3,2,,1425,3,3,0,0,2,0,0,3,4,0,3,3,,N,,,,,,,,,,,