CRN,ARRIVAL_TM,AUTOMOBILE_COUNT,BELTED_DEATH_COUNT,BELTED_SUSP_SERIOUS_INJ_COUNT,BICYCLE_COUNT,BICYCLE_DEATH_COUNT,BICYCLE_SUSP_SERIOUS_INJ_COUNT,BUS_COUNT,CHLDPAS_DEATH_COUNT,CHLDPAS_SUSP_SERIOUS_INJ_COUNT,COLLISION_TYPE,COMM_VEH_COUNT,CONS_ZONE_SPD_LIM,COUNTY,CRASH_MONTH,CRASH_YEAR,DAY_OF_WEEK,DEC_LAT,DEC_LONG,DISPATCH_TM,DISTRICT,DRIVER_COUNT_16YR,DRIVER_COUNT_17YR,DRIVER_COUNT_18YR,DRIVER_COUNT_19YR,DRIVER_COUNT_20YR,DRIVER_COUNT_50_64YR,DRIVER_COUNT_65_74YR,DRIVER_COUNT_75PLUS,EST_HRS_CLOSED,FATAL_COUNT,HEAVY_TRUCK_COUNT,HORSE_BUGGY_COUNT,HOUR_OF_DAY,ILLUMINATION,INJURY_COUNT,INTERSECT_TYPE,INTERSECTION_RELATED,LANE_CLOSED,LATITUDE,LN_CLOSE_DIR,LOCATION_TYPE,LONGITUDE,MAX_SEVERITY_LEVEL,MCYCLE_DEATH_COUNT,MCYCLE_SUSP_SERIOUS_INJ_COUNT,MOTORCYCLE_COUNT,MUNICIPALITY,NONMOTR_COUNT,NONMOTR_DEATH_COUNT,NONMOTR_SUSP_SERIOUS_INJ_COUNT,NTFY_HIWY_MAINT,PED_COUNT,PED_DEATH_COUNT,PED_SUSP_SERIOUS_INJ_COUNT,PERSON_COUNT,POLICE_AGCY,POSSIBLE_INJ_COUNT,RDWY_SURF_TYPE_CD,RELATION_TO_ROAD,ROAD_CONDITION,ROADWAY_CLEARED,SCH_BUS_IND,SCH_ZONE_IND,SECONDARY_CRASH,SMALL_TRUCK_COUNT,SPEC_JURIS_CD,SUSP_MINOR_INJ_COUNT,SUSP_SERIOUS_INJ_COUNT,SUV_COUNT,TCD_FUNC_CD,TCD_TYPE,TFC_DETOUR_IND,TIME_OF_DAY,TOT_INJ_COUNT,TOTAL_UNITS,UNB_DEATH_COUNT,UNB_SUSP_SERIOUS_INJ_COUNT,UNBELTED_OCC_COUNT,UNK_INJ_DEG_COUNT,UNK_INJ_PER_COUNT,URBAN_AREA,URBAN_RURAL,VAN_COUNT,VEHICLE_COUNT,WEATHER1,WEATHER2,WORK_ZONE_IND,WORK_ZONE_LOC,WORK_ZONE_TYPE,WORKERS_PRES,WZ_CLOSE_DETOUR,WZ_FLAGGER,WZ_LAW_OFFCR_IND,WZ_LN_CLOSURE,WZ_MOVING,WZ_OTHER,WZ_SHLDER_MDN,WZ_WORKERS_INJ_KILLED
2007116246,536.0,1,0,0,0,0,0,0,0,0,1,0,,67,10,2007,3,39.9702,-75.1598,531.0,6,0,0,0,0,0,0,0,0,,0,0,0,5,3,1,1,,0,39 58:12.000,,0,75 09:35.189,4,0,0,0,67301,0,0,0,N,0,0,0,2,67301,1,,1,1,,N,N,,0,,0,0,1,3,2,,525,1,3,0,0,0,0,1,3,4,0,3,3,,N,,,,,,,,,,,
2007108536,2250.0,2,0,0,0,0,0,0,0,0,1,0,,67,9,2007,5,39.9847,-75.1136,2245.0,6,0,0,0,0,0,0,0,0,,0,0,0,22,3,0,0,,0,39 59:05.000,,0,75 06:48.909,0,0,0,0,67301,0,0,0,N,0,0,0,1,67301,0,,6,1,,N,N,,0,,0,0,0,0,0,,2238,0,2,0,0,0,0,0,3,4,0,2,3,,N,,,,,,,,,,,
2007105929,1503.0,1,0,0,0,0,0,0,0,0,5,0,,67,8,2007,5,39.9421,-75.1681,1502.0,6,0,0,0,0,0,1,0,0,,0,0,0,15,1,0,0,,0,39 56:31.556,,0,75 10:05.138,0,0,0,0,67301,0,0,0,,0,0,0,6,67301,0,,1,1,,,,,0,,0,0,0,0,0,,1500,0,2,0,0,6,0,0,3,4,1,2,3,,N,,,,,,,,,,,
2007105985,333.0,3,0,0,0,0,0,0,0,0,1,0,,67,8,2007,7,39.9518,-75.1718,330.0,6,0,0,0,0,0,0,0,0,,0,0,0,3,3,2,1,,0,39 57:06.000,,0,75 10:18.367,4,0,0,0,67301,0,0,0,N,0,0,0,4,67301,2,,1,1,,N,N,,0,,0,0,0,1,2,,330,2,3,0,0,0,0,2,3,4,0,3,3,,N,,,,,,,,,,,
2007106003,850.0,3,0,0,0,0,0,0,0,0,4,0,,67,8,2007,7,40.013,-75.1376,846.0,6,0,0,0,0,0,0,0,0,,0,0,0,8,1,0,0,,0,40 00:46.771,,0,75 08:15.237,0,0,0,0,67301,0,0,0,N,0,0,0,2,67301,0,,6,1,,N,N,,0,,0,0,0,0,0,,810,0,3,0,0,0,0,0,3,4,0,3,3,,N,,,,,,,,,,,
2007106140,1715.0,2,0,0,0,0,0,0,0,0,1,0,,67,6,2007,4,39.9816,-75.1041,1710.0,6,0,0,0,0,0,0,0,0,1.0,0,0,0,16,1,1,0,,1,39 58:53.000,1.0,0,75 06:14.990,8,0,0,0,67301,0,0,0,N,0,0,0,4,67301,0,,1,1,,N,N,,1,,0,0,0,0,0,N,1645,1,3,0,0,0,1,0,3,4,0,3,3,,N,,,,,,,,,,,
2007106579,1000.0,2,0,0,0,0,0,0,0,0,4,0,,67,8,2007,5,39.9579,-75.1641,958.0,6,0,0,0,0,0,0,0,0,2.0,0,0,0,9,1,4,5,,1,39 57:28.000,2.0,2,75 09:50.893,3,0,0,0,67301,0,0,0,,0,0,0,5,67301,3,,1,1,,N,N,,0,,1,0,0,3,2,Y,950,4,2,0,0,0,0,0,3,4,0,2,3,,N,,,,,,,,,,,
2007106466,2135.0,1,0,0,1,0,0,0,0,0,8,0,,67,8,2007,2,40.0496,-75.1555,2130.0,6,0,0,0,0,0,0,0,0,,0,0,0,20,3,2,1,,0,40 02:58.452,,0,75 09:19.846,8,0,0,0,67301,2,0,0,N,0,0,0,3,67301,0,,1,1,,N,N,,0,,0,0,0,0,0,,2000,2,2,0,0,0,2,0,3,4,0,1,3,,N,,,,,,,,,,,
2007106092,110.0,1,0,0,0,0,0,0,0,0,4,0,,67,4,2007,7,40.0754,-75.0418,46.0,6,0,0,0,0,0,0,0,0,,0,0,0,0,3,2,2,,0,40 04:31.404,,0,75 02:30.580,4,0,0,0,67301,0,0,0,N,0,0,0,3,67301,2,,1,1,,N,N,,0,,0,0,0,3,3,,40,2,2,0,0,0,0,1,3,4,1,2,3,,N,,,,,,,,,,,
2007098754,2100.0,1,0,0,0,0,0,0,0,0,8,0,,67,8,2007,1,40.043,-75.1444,2057.0,6,0,0,0,0,0,0,0,0,,0,0,0,20,3,1,1,,0,40 02:34.692,,0,75 08:39.933,8,0,0,0,67301,1,0,0,N,1,0,0,2,67301,0,,1,1,,N,N,,0,,0,0,0,2,3,,2030,1,2,0,0,0,1,0,3,4,0,1,3,,N,,,,,,,,,,,
2007081419,4.0,0,0,0,0,0,0,0,0,0,2,0,,67,7,2007,5,39.9383,-75.1987,2357.0,6,0,0,0,0,0,1,0,0,,0,0,0,23,3,1,1,,0,39 56:17.000,,0,75 11:55.632,8,0,0,0,67301,0,0,0,N,0,0,0,3,67301,0,,1,9,,N,N,,1,,0,0,1,2,2,,2314,1,2,0,0,0,1,2,3,4,0,2,7,,N,,,,,,,,,,,
2007081483,1410.0,1,0,0,0,0,0,0,0,0,1,0,,67,5,2007,5,39.9151,-75.2446,1406.0,6,0,0,0,0,0,0,0,0,,0,0,0,14,1,2,2,,0,39 54:54.000,,0,75 14:40.590,3,0,0,0,67301,0,0,0,N,0,0,0,3,67301,0,,1,1,,N,N,,0,,2,0,0,3,3,,1402,2,2,0,0,0,0,0,3,4,0,2,3,,N,,,,,,,,,,,
2007081725,1328.0,1,0,0,0,0,0,0,0,0,4,0,,67,6,2007,7,39.9728,-75.1799,1323.0,6,0,0,0,0,0,0,0,0,,0,0,0,13,1,2,1,,0,39 58:21.907,,0,75 10:47.704,8,0,0,0,67301,0,0,0,,0,0,0,3,67301,0,,1,1,,,,,0,,0,0,1,9,3,,1320,2,2,0,0,1,2,0,3,4,0,2,3,,N,,,,,,,,,,,
2007081535,1001.0,1,0,0,0,0,0,0,0,0,8,0,,67,6,2007,4,39.9674,-75.1809,959.0,6,0,0,0,0,0,1,0,0,1.0,0,0,0,9,1,1,2,,1,39 58:02.000,1.0,0,75 10:52.021,3,0,0,0,67301,1,0,0,N,1,0,0,4,67301,0,,1,1,,N,N,,0,,1,0,0,3,2,N,955,1,2,0,0,0,0,0,3,4,0,1,3,,N,,,,,,,,,,,
2007081562,1603.0,1,0,0,0,0,0,0,0,0,1,0,,67,5,2007,3,39.9565,-75.2215,1600.0,6,0,0,0,0,0,1,0,0,,0,0,0,15,1,1,1,,0,39 57:23.000,,0,75 13:17.525,3,0,0,0,67301,0,0,0,N,0,0,0,2,67301,0,,1,1,,N,N,,0,,1,0,0,9,9,,1525,1,2,0,0,0,0,0,3,4,0,2,3,,N,,,,,,,,,,,
2007081771,1950.0,1,0,0,0,0,0,0,0,0,4,0,,67,5,2007,2,40.013,-75.1194,1945.0,6,0,0,0,0,0,1,0,0,,0,0,0,19,1,1,1,,0,40 00:46.000,,0,75 07:09.798,4,0,0,1,67301,0,0,0,,0,0,0,3,67301,1,,1,1,,,,,0,,0,0,0,9,2,,1940,1,2,0,0,2,0,0,3,4,0,2,3,,N,,,,,,,,,,,
2007126444,1625.0,1,0,0,0,0,0,0,0,0,8,0,,67,10,2007,4,39.9314,-75.185,1505.0,6,0,0,0,0,0,0,0,0,,0,0,0,15,8,1,2,,0,39 55:52.932,,0,75 11:05.920,8,0,0,0,67301,1,0,0,N,1,0,0,2,67301,0,,1,9,,N,N,,0,,0,0,0,0,0,,1504,1,2,0,0,0,1,0,3,4,0,1,7,,N,,,,,,,,,,,
2007123988,1630.0,1,0,0,0,0,0,0,0,0,8,0,,67,11,2007,5,40.0202,-75.1753,1625.0,6,0,0,0,0,0,1,0,0,,0,0,0,99,1,1,0,,0,40 01:13.000,,0,75 10:31.612,4,0,0,0,67301,1,0,0,,1,0,0,2,67301,1,,1,1,,,,,0,,0,0,0,0,0,,9999,1,2,0,0,0,0,0,3,4,0,1,3,,N,,,,,,,,,,,
2007126537,1412.0,2,0,0,0,0,0,0,0,0,4,0,,67,10,2007,3,39.9169,-75.216,1407.0,6,0,0,0,0,0,2,0,0,,0,0,0,14,1,0,2,,0,39 55:00.000,,0,75 12:57.138,0,0,0,0,67301,0,0,0,N,0,0,0,2,67301,0,,1,1,,N,N,,0,,0,0,0,3,2,,1402,0,2,0,0,0,0,0,3,4,0,2,3,,N,,,,,,,,,,,
2007107530,1748.0,0,0,0,0,0,0,0,0,0,8,0,,67,9,2007,2,39.9964,-75.174,1745.0,6,0,0,0,0,0,0,0,0,,0,0,0,19,4,1,0,,0,39 59:47.106,,0,75 10:26.298,2,0,0,0,67301,1,0,1,N,1,0,1,2,67301,0,,1,1,,N,N,,0,,0,1,1,0,0,,1900,1,2,0,0,0,0,0,3,4,0,1,3,,N,,,,,,,,,,,
2007107550,2015.0,2,0,0,0,0,0,0,0,0,1,0,,67,9,2007,6,40.044,-75.1026,2015.0,6,0,0,0,0,0,0,0,0,,0,0,0,20,3,1,1,,0,40 02:38.000,,0,75 06:09.538,4,0,0,0,67301,0,0,0,,0,0,0,3,67301,1,,1,1,,,,,0,,0,0,1,3,2,,2010,1,3,0,0,2,0,0,3,4,0,3,3,,N,,,,,,,,,,,
2007107557,1710.0,1,0,0,0,0,0,0,0,0,8,0,,67,9,2007,3,40.0322,-75.0645,1710.0,6,0,0,0,0,0,0,0,0,,0,0,0,17,1,1,0,,0,40 01:55.981,,0,75 03:52.072,8,0,0,0,67301,1,0,0,N,1,0,0,2,67301,0,,1,1,,N,N,,0,,0,0,0,0,0,,1710,1,2,0,0,0,1,0,3,4,0,1,3,,N,,,,,,,,,,,
2007107759,900.0,1,0,0,0,0,0,0,0,0,7,0,,67,8,2007,4,40.0458,-75.0007,842.0,6,0,0,0,0,0,0,0,0,,0,0,0,99,1,0,0,,0,40 02:45.000,,2,75 00:02.472,0,0,0,0,67301,0,0,0,Y,0,0,0,1,67301,0,,4,9,,N,N,,0,,0,0,0,0,0,,9999,0,1,0,0,0,0,0,3,4,0,1,7,,N,,,,,,,,,,,
2007107838,1014.0,1,0,0,1,0,0,0,0,0,4,0,,67,9,2007,4,39.9505,-75.1489,1013.0,6,0,0,0,0,0,0,1,0,,0,0,0,10,1,1,1,,0,39 57:01.000,,0,75 08:56.078,3,0,0,0,67301,1,0,0,,0,0,0,2,67301,0,,1,1,,N,N,,0,,1,0,0,3,2,,1010,1,2,0,0,0,0,0,3,4,0,1,3,,N,,,,,,,,,,,
2007107945,1318.0,1,0,0,0,0,0,1,0,0,5,1,,67,9,2007,7,40.1046,-75.0014,1314.0,6,0,0,0,0,0,0,0,0,,0,0,0,13,1,1,1,,0,40 06:16.000,,0,75 00:04.813,8,0,0,0,67301,0,0,0,N,0,0,0,6,67301,0,,1,1,,N,N,,0,,0,0,0,3,2,,1313,1,2,0,0,0,1,1,3,4,0,2,3,,N,,,,,,,,,,,
2007110480,1110.0,1,0,0,0,0,0,0,0,0,1,0,,67,9,2007,5,40.0528,-75.1529,1100.0,6,0,1,0,0,0,0,1,0,,0,0,0,10,1,1,1,,0,40 03:10.000,,0,75 09:10.401,4,0,0,0,67301,0,0,0,N,0,0,0,4,67301,1,,1,1,,N,N,,0,,0,0,1,3,2,,1055,1,3,0,0,0,0,0,3,4,1,3,3,,N,,,,,,,,,,,
2007097836,715.0,2,0,0,0,0,0,0,0,0,2,0,,67,7,2007,3,40.0355,-75.114,710.0,6,0,0,0,1,0,0,0,0,,0,0,0,7,1,2,2,,0,40 02:07.000,,0,75 06:50.478,4,0,0,0,67301,0,0,0,N,0,0,0,2,67301,2,,1,1,,N,N,,0,,0,0,0,9,3,,705,2,2,0,0,0,0,0,3,4,0,2,3,,N,,,,,,,,,,,
2007097890,1105.0,0,0,0,0,0,0,0,0,0,8,0,,67,7,2007,2,39.9575,-75.2173,1052.0,6,0,0,0,0,0,0,0,0,,0,0,0,10,1,1,1,,0,39 57:27.000,,0,75 13:02.346,3,0,0,0,67301,1,0,0,N,1,0,0,2,67301,0,,1,98,,N,N,,0,,1,0,0,3,2,,1052,1,2,0,0,0,0,0,3,4,1,1,99,,N,,,,,,,,,,,
2007095359,1713.0,1,0,0,0,0,0,0,0,0,8,0,,67,7,2007,1,40.0567,-75.1831,1710.0,6,0,0,0,0,0,1,0,0,,0,0,0,17,3,1,0,,0,40 03:24.120,,0,75 10:59.160,8,0,0,0,67301,1,0,0,,1,0,0,2,67301,0,,1,1,,,,,0,,0,0,0,0,0,,1705,1,2,0,0,1,1,0,3,4,0,1,3,,N,,,,,,,,,,,
2007098496,1942.0,1,0,0,1,0,0,0,0,0,4,0,,67,8,2007,1,40.0133,-75.0656,1940.0,6,0,0,0,0,0,0,0,0,,0,0,0,19,1,1,2,,0,40 00:47.901,,0,75 03:56.116,8,0,0,0,67301,1,0,0,N,0,0,0,2,67301,0,,1,1,,N,N,,0,,0,0,0,0,0,,1939,1,2,0,0,0,1,0,3,4,0,1,3,,N,,,,,,,,,,,
2007098093,1742.0,3,0,0,0,0,0,0,0,0,1,0,,67,7,2007,4,39.9538,-75.2002,1738.0,6,0,1,0,0,0,0,0,0,,0,0,0,17,1,5,1,,0,39 57:13.000,,0,75 12:00.555,4,0,0,0,67301,0,0,0,N,0,0,0,6,67301,5,,1,9,,N,N,,0,,0,0,0,3,2,,1735,5,3,0,0,0,0,0,3,4,0,3,7,,N,,,,,,,,,,,
2007093204,1400.0,2,0,0,0,0,0,0,0,0,1,0,,67,7,2007,7,39.9749,-75.2539,1400.0,6,0,0,0,0,0,0,0,0,,0,0,0,13,1,1,0,,0,39 58:29.658,,0,75 15:13.885,4,0,0,0,67301,0,0,0,N,0,0,0,1,67301,1,,2,1,,N,N,,0,,0,0,0,0,0,,1340,1,2,0,0,1,0,0,3,4,0,2,3,,N,,,,,,,,,,,
2007098292,1209.0,1,0,0,0,0,0,0,0,0,1,0,,67,8,2007,3,40.0518,-75.0506,1200.0,6,0,0,0,0,0,0,0,0,1.0,0,0,0,12,1,2,0,,1,40 03:06.641,1.0,0,75 03:02.023,4,0,0,0,67301,0,0,0,N,0,0,0,4,67301,1,,1,9,,N,N,,1,,0,0,1,0,0,N,1200,2,3,0,0,0,1,0,3,4,0,3,7,,N,,,,,,,,,,,
2007022349,1641.0,1,0,0,0,0,0,0,0,0,4,0,,67,1,2007,2,40.0444,-75.2178,1640.0,6,0,0,0,1,0,0,0,0,2.0,0,0,0,99,1,1,2,,1,40 02:39.000,2.0,0,75 13:04.166,4,0,0,0,67301,0,0,0,N,0,0,0,3,67301,1,,1,9,,N,N,,0,,0,0,1,3,3,N,9999,1,2,0,0,3,0,0,3,4,0,2,98,,N,,,,,,,,,,,
2007027550,2025.0,2,0,0,0,0,0,0,0,0,1,0,,67,1,2007,6,39.945,-75.1908,2020.0,6,0,0,0,0,0,0,0,0,,0,0,0,20,3,0,6,,0,39 56:42.000,,2,75 11:27.000,0,0,0,0,67301,0,0,0,,0,0,0,4,67301,0,,1,1,,N,N,,0,,0,0,0,0,0,,2018,0,2,0,0,0,0,0,3,4,0,2,3,,N,,,,,,,,,,,
2007022497,1815.0,2,0,0,0,0,0,1,0,0,1,1,,67,1,2007,6,40.027,-75.0755,1810.0,6,0,0,0,1,0,1,0,0,,0,0,0,17,3,1,1,,0,40 01:37.000,,0,75 04:31.639,4,0,0,0,67301,0,0,0,N,0,0,0,5,67301,1,,1,9,,N,N,,0,,0,0,0,3,2,,1755,1,3,0,0,0,0,0,3,4,0,3,7,,N,,,,,,,,,,,
2007022510,1440.0,0,0,0,0,0,0,1,0,0,8,1,,67,1,2007,3,39.9505,-75.1553,1420.0,6,0,0,0,0,0,0,0,0,,0,0,0,14,1,1,0,,0,39 57:01.966,,0,75 09:19.091,8,0,0,0,67301,1,0,0,,1,0,0,2,67301,0,,1,1,,,,,0,,0,0,0,3,2,,1400,1,2,0,0,0,1,0,3,4,0,1,3,,N,,,,,,,,,,,
2007027476,1340.0,1,0,0,0,0,0,0,0,0,4,0,,67,2,2007,6,40.0437,-75.0594,1336.0,6,0,0,0,1,0,0,0,0,,0,0,0,13,1,1,1,,0,40 02:37.312,,0,75 03:33.944,4,0,0,0,67301,0,0,0,N,0,0,0,3,67301,1,,1,9,,N,N,,1,,0,0,1,3,3,,1330,1,3,0,0,0,0,2,3,4,0,3,3,,N,,,,,,,,,,,
2007027654,1720.0,2,0,0,0,0,0,0,0,0,4,0,,67,1,2007,1,40.0276,-75.0962,1716.0,6,0,0,0,1,0,0,0,0,,0,0,0,17,3,1,2,,0,40 01:39.432,,0,75 05:46.337,8,0,0,0,67301,0,0,0,,0,0,0,2,67301,0,,1,9,,,,,0,,0,0,0,3,3,,1715,1,2,0,0,0,1,0,3,4,0,2,7,,N,,,,,,,,,,,
2007027689,1835.0,1,0,0,0,0,0,0,0,0,4,0,,67,1,2007,6,39.9922,-75.0888,1830.0,6,0,0,0,1,0,1,0,0,,0,0,0,18,3,0,1,,0,39 59:31.844,,0,75 05:19.521,0,0,0,0,67301,0,0,0,N,0,0,0,3,67301,0,,1,1,,N,N,,0,,0,0,1,3,3,,1805,0,2,0,0,0,0,0,3,4,0,2,3,,N,,,,,,,,,,,
2007027705,110.0,1,0,0,0,0,0,0,0,0,7,0,,67,1,2007,1,40.0349,-75.2349,103.0,6,0,0,0,0,0,0,0,0,,0,0,0,1,3,0,1,,0,40 02:05.704,,0,75 14:05.819,9,0,0,0,67301,0,0,0,N,0,0,0,1,67301,0,,2,9,,N,N,,0,,0,0,0,9,3,,103,0,1,0,0,0,0,1,3,4,0,1,7,,N,,,,,,,,,,,
2007027749,11.0,2,0,0,0,0,0,0,0,0,1,0,,67,1,2007,6,39.9289,-75.2208,10.0,6,0,0,0,0,0,0,0,0,,0,0,0,11,1,1,0,,0,39 55:43.000,,0,75 13:15.048,8,0,0,0,67301,0,0,0,N,0,0,0,1,67301,0,,6,1,,N,N,,0,,0,0,0,0,0,,1144,1,2,0,0,0,1,0,3,4,0,2,3,,N,,,,,,,,,,,
2007027758,1305.0,1,0,0,0,0,0,0,0,0,4,0,,67,1,2007,7,40.0308,-75.112,1257.0,6,0,0,0,0,0,1,0,0,,0,0,0,12,1,1,1,,0,40 01:50.847,,0,75 06:43.088,8,0,0,0,67301,0,0,0,N,0,0,0,3,67301,0,,1,1,,N,N,,0,,0,0,1,3,2,,1245,1,2,0,0,0,1,2,3,4,0,2,3,,N,,,,,,,,,,,
2007116268,1853.0,1,0,0,1,0,0,0,0,0,5,0,,67,9,2007,2,39.9545,-75.2299,1850.0,6,0,0,0,0,0,0,0,0,1.0,0,0,0,18,4,1,1,,2,39 57:16.282,7.0,0,75 13:47.657,4,0,0,0,67301,1,0,0,N,0,0,0,2,67301,1,,1,1,,N,N,,0,,0,0,0,9,3,N,1835,1,2,0,0,0,0,0,3,4,0,1,3,,N,,,,,,,,,,,
2007116915,1404.0,3,0,0,0,0,0,0,0,0,4,0,,67,10,2007,4,39.9468,-75.1665,1402.0,6,0,0,0,0,0,1,0,0,,0,0,0,13,1,1,0,,0,39 56:48.512,,0,75 09:59.546,8,0,0,0,67301,0,0,0,,0,0,0,3,67301,0,,1,1,,,,,0,,0,0,0,3,2,,1358,1,3,0,0,0,1,0,3,4,0,3,3,,N,,,,,,,,,,,
2007124117,1605.0,3,0,0,0,0,0,0,0,0,1,0,,67,10,2007,1,40.0291,-75.1468,1559.0,6,0,0,0,1,0,1,0,0,1.0,0,0,0,15,1,1,1,,1,40 01:44.597,1.0,0,75 08:48.518,4,0,0,0,67301,0,0,0,N,0,0,0,4,67301,1,,1,1,,N,N,,0,,0,0,0,3,2,Y,1555,1,3,0,0,0,0,3,3,4,0,3,3,,N,,,,,,,,,,,
2007124123,1700.0,1,0,0,0,0,0,0,0,0,3,0,,67,10,2007,4,39.9472,-75.2178,1656.0,6,0,0,0,0,0,0,0,0,,0,0,0,16,1,1,0,,0,39 56:49.812,,0,75 13:04.209,4,0,0,0,67301,0,0,0,N,0,0,0,3,67301,1,,1,1,,N,N,,1,,0,0,1,0,0,,1654,1,3,0,0,1,0,0,3,4,0,3,3,,N,,,,,,,,,,,
2007127587,425.0,2,0,0,0,0,0,0,0,0,1,0,,67,10,2007,1,,,417.0,6,0,0,0,0,0,0,0,0,1.0,0,0,0,4,3,1,0,,1,,1.0,0,,3,0,0,0,67301,0,0,0,,0,0,0,2,67301,0,,1,1,,N,N,,0,,1,0,0,0,0,N,415,1,2,0,0,0,0,0,3,3,0,2,3,,N,,,,,,,,,,,
2007126641,2125.0,1,0,0,0,0,0,0,0,0,4,0,,67,10,2007,3,40.0722,-75.1747,2110.0,6,0,0,0,0,0,0,0,0,,0,0,0,21,3,2,1,,0,40 04:19.804,,0,75 10:29.042,4,0,0,0,67301,0,0,0,N,0,0,0,3,67301,2,,1,1,,N,N,,0,,0,0,1,3,2,,2101,2,2,0,0,0,0,0,3,4,0,2,3,,N,,,,,,,,,,,
2007124155,630.0,1,0,0,0,0,0,0,0,0,8,0,,67,10,2007,4,40.0346,-75.0352,625.0,6,0,0,0,0,0,0,1,0,,0,0,0,20,3,1,1,,0,40 02:04.707,,0,75 02:06.676,4,0,0,0,67301,1,0,0,N,1,0,0,2,67301,1,,1,1,,N,N,,0,,0,0,0,3,3,,2050,1,2,0,0,0,0,0,3,4,0,1,3,,N,,,,,,,,,,,
2007065653,802.0,0,0,0,0,0,0,0,0,0,8,1,,67,4,2007,5,39.9983,-75.1499,754.0,6,0,0,0,0,0,0,0,0,,0,1,0,99,1,1,1,,0,39 59:53.948,,0,75 08:59.503,3,0,0,0,67301,1,0,0,N,1,0,0,2,67301,0,,1,9,,N,N,,0,,1,0,0,3,2,,9999,1,2,0,0,0,0,0,3,4,0,1,7,,N,,,,,,,,,,,
2007110538,1510.0,2,0,0,0,0,0,0,0,0,1,0,,67,9,2007,6,40.0394,-75.0426,1505.0,6,0,0,0,0,0,1,0,0,,0,0,0,15,1,1,1,,0,40 02:21.843,,0,75 02:33.482,8,0,0,0,67301,0,0,0,,0,0,0,2,67301,0,,1,1,,,,,0,,0,0,0,9,3,,1500,1,2,0,0,0,1,1,3,4,0,2,3,,N,,,,,,,,,,,
2007108188,109.0,1,0,0,0,0,0,0,0,0,7,0,,67,9,2007,7,39.9321,-75.1999,55.0,6,0,0,0,0,1,0,0,0,,0,0,0,0,3,1,0,,0,39 55:58.000,,0,75 12:00.125,8,0,0,0,67301,0,0,0,N,0,0,0,1,68K01,0,,3,1,,N,N,,0,,0,0,0,0,0,,52,1,1,0,0,0,1,0,3,4,0,1,3,,N,,,,,,,,,,,
2007110853,1705.0,1,0,0,1,0,0,0,0,0,5,0,,67,9,2007,4,39.9368,-75.1671,1700.0,6,0,0,0,0,0,0,0,0,,0,0,0,16,1,1,2,,0,39 56:12.120,,0,75 10:01.200,4,0,0,0,67301,1,0,0,N,0,0,0,2,67301,1,,1,1,,N,N,,0,,0,0,0,3,2,,1655,1,2,0,0,0,0,0,3,4,0,1,3,,N,,,,,,,,,,,
2007105885,830.0,3,0,0,0,0,0,0,0,0,1,0,,67,9,2007,3,39.9986,-75.1907,825.0,6,0,0,0,0,0,0,0,0,1.0,0,0,0,99,1,1,0,,1,39 59:54.000,1.0,0,75 11:26.471,4,0,0,0,67301,0,0,0,N,0,0,0,3,67301,1,,1,1,,N,N,,0,,0,0,0,0,0,N,9999,1,3,0,0,0,0,0,3,4,0,3,3,,N,,,,,,,,,,,
2007105959,1328.0,2,0,0,0,0,0,0,0,0,4,0,,67,9,2007,3,39.9485,-75.2057,1326.0,6,0,0,0,0,0,1,0,0,1.0,0,0,0,13,1,1,1,,2,39 56:54.708,7.0,0,75 12:20.462,4,0,0,0,67301,0,0,0,N,0,0,0,2,67301,1,,1,1,,N,N,,0,,0,0,0,3,3,Y,1320,1,2,0,0,0,0,0,3,4,0,2,3,,N,,,,,,,,,,,
2007106344,2040.0,1,0,0,0,0,0,0,0,0,7,0,,67,6,2007,1,40.0879,-74.9645,2033.0,6,0,1,0,0,0,0,0,0,,0,0,0,20,1,1,0,,0,40 05:16.500,,0,74 57:52.100,4,0,0,0,67301,0,0,0,N,0,0,0,2,67301,1,,2,1,,N,N,,0,,0,0,0,3,2,,2024,1,1,0,0,0,0,0,3,4,0,1,3,,N,,,,,,,,,,,
2007106551,1611.0,2,0,0,0,0,0,0,0,0,4,0,,67,8,2007,6,40.0615,-75.1624,1608.0,6,0,0,0,0,0,0,1,0,,0,0,0,16,1,1,1,,0,40 03:41.403,,0,75 09:44.765,4,0,0,0,67301,0,0,0,N,0,0,0,2,67301,1,,1,1,,N,N,,0,,0,0,0,3,3,,1607,1,2,0,0,0,0,0,3,4,0,2,3,,N,,,,,,,,,,,
2007106556,1905.0,1,0,0,0,0,0,0,0,0,8,0,,67,6,2007,6,40.0276,-75.1433,1903.0,6,0,0,0,0,0,0,0,0,,0,0,0,18,1,1,0,,0,40 01:39.410,,0,75 08:35.977,3,0,0,0,67301,1,0,0,N,1,0,0,2,67301,0,,1,1,,N,N,,0,,1,0,0,0,0,,1858,1,2,0,0,0,0,0,3,4,0,1,3,,N,,,,,,,,,,,
2007106472,855.0,2,0,0,0,0,0,0,0,0,4,0,,67,8,2007,4,40.0472,-75.1408,850.0,6,0,0,0,0,0,1,0,0,,0,0,0,99,1,1,0,,0,40 02:49.989,,0,75 08:26.781,4,0,0,0,67301,0,0,0,N,0,0,0,2,67301,1,,1,1,,N,N,,0,,0,0,0,0,0,,9999,1,2,0,0,0,0,1,3,4,0,2,3,,N,,,,,,,,,,,