CRN,ARRIVAL_TM,AUTOMOBILE_COUNT,BELTED_DEATH_COUNT,BELTED_SUSP_SERIOUS_INJ_COUNT,BICYCLE_COUNT,BICYCLE_DEATH_COUNT,BICYCLE_SUSP_SERIOUS_INJ_COUNT,BUS_COUNT,CHLDPAS_DEATH_COUNT,CHLDPAS_SUSP_SERIOUS_INJ_COUNT,COLLISION_TYPE,COMM_VEH_COUNT,CONS_ZONE_SPD_LIM,COUNTY,CRASH_MONTH,CRASH_YEAR,DAY_OF_WEEK,DEC_LAT,DEC_LONG,DISPATCH_TM,DISTRICT,DRIVER_COUNT_16YR,DRIVER_COUNT_17YR,DRIVER_COUNT_18YR,DRIVER_COUNT_19YR,DRIVER_COUNT_20YR,DRIVER_COUNT_50_64YR,DRIVER_COUNT_65_74YR,DRIVER_COUNT_75PLUS,EST_HRS_CLOSED,FATAL_COUNT,HEAVY_TRUCK_COUNT,HORSE_BUGGY_COUNT,HOUR_OF_DAY,ILLUMINATION,INJURY_COUNT,INTERSECT_TYPE,INTERSECTION_RELATED,LANE_CLOSED,LATITUDE,LN_CLOSE_DIR,LOCATION_TYPE,LONGITUDE,MAX_SEVERITY_LEVEL,MCYCLE_DEATH_COUNT,MCYCLE_SUSP_SERIOUS_INJ_COUNT,MOTORCYCLE_COUNT,MUNICIPALITY,NONMOTR_COUNT,NONMOTR_DEATH_COUNT,NONMOTR_SUSP_SERIOUS_INJ_COUNT,NTFY_HIWY_MAINT,PED_COUNT,PED_DEATH_COUNT,PED_SUSP_SERIOUS_INJ_COUNT,PERSON_COUNT,POLICE_AGCY,POSSIBLE_INJ_COUNT,RDWY_SURF_TYPE_CD,RELATION_TO_ROAD,ROAD_CONDITION,ROADWAY_CLEARED,SCH_BUS_IND,SCH_ZONE_IND,SECONDARY_CRASH,SMALL_TRUCK_COUNT,SPEC_JURIS_CD,SUSP_MINOR_INJ_COUNT,SUSP_SERIOUS_INJ_COUNT,SUV_COUNT,TCD_FUNC_CD,TCD_TYPE,TFC_DETOUR_IND,TIME_OF_DAY,TOT_INJ_COUNT,TOTAL_UNITS,UNB_DEATH_COUNT,UNB_SUSP_SERIOUS_INJ_COUNT,UNBELTED_OCC_COUNT,UNK_INJ_DEG_COUNT,UNK_INJ_PER_COUNT,URBAN_AREA,URBAN_RURAL,VAN_COUNT,VEHICLE_COUNT,WEATHER1,WEATHER2,WORK_ZONE_IND,WORK_ZONE_LOC,WORK_ZONE_TYPE,WORKERS_PRES,WZ_CLOSE_DETOUR,WZ_FLAGGER,WZ_LAW_OFFCR_IND,WZ_LN_CLOSURE,WZ_MOVING,WZ_OTHER,WZ_SHLDER_MDN,WZ_WORKERS_INJ_KILLED
2007106081,1932.0,2,0,0,0,0,0,0,0,0,2,0,,67,8,2007,2,40.0241,-75.1306,1921.0,6,0,0,0,0,0,0,0,0,1.0,0,0,0,19,1,1,1,,1,40 01:27.000,3.0,0,75 07:48.996,4,0,0,0,67301,0,0,0,N,0,0,0,2,67301,1,,1,1,,N,N,,0,,0,0,0,3,2,N,1921,1,2,0,0,0,0,1,3,4,0,2,3,,N,,,,,,,,,,,
2007106490,2210.0,1,0,0,0,0,0,0,0,0,2,0,,67,7,2007,5,39.9246,-75.1745,2210.0,6,0,0,0,0,0,1,0,0,,0,0,0,22,3,0,0,,0,39 55:28.000,,0,75 10:27.805,0,0,0,0,67301,0,0,0,N,0,0,0,1,67301,0,,1,9,,N,N,,1,,0,0,0,3,2,,2208,0,2,0,0,0,0,0,3,4,0,2,7,,N,,,,,,,,,,,
2007098645,1608.0,1,0,0,0,0,0,0,0,0,4,0,,67,9,2007,1,40.0813,-74.9988,1607.0,6,0,0,0,0,0,0,1,0,1.0,0,0,0,16,1,1,2,,1,40 04:52.788,4.0,0,74 59:55.705,8,0,0,0,67301,0,0,0,N,0,0,0,4,67301,0,,1,1,,N,N,,1,,0,0,0,3,3,N,1605,1,2,0,0,0,1,0,3,4,0,2,3,,N,,,,,,,,,,,
2007083791,1416.0,1,0,0,0,0,0,0,0,0,7,0,,67,6,2007,4,39.9494,-75.1844,1416.0,6,0,0,1,0,0,0,0,0,,0,0,0,4,6,0,0,,0,39 57:01.000,,0,75 11:00.040,0,0,0,0,67301,0,0,0,N,0,0,0,3,68K01,0,,2,9,,N,N,,0,,0,0,0,0,0,,445,0,1,0,0,0,0,0,3,4,0,1,7,,N,,,,,,,,,,,
2007081590,44.0,2,0,0,0,0,0,0,0,0,9,0,,67,5,2007,5,40.0363,-75.0643,42.0,6,0,0,0,0,1,0,0,0,1.0,0,0,0,0,3,1,1,,1,40 02:11.000,2.0,0,75 03:52.061,4,0,0,0,67301,0,0,0,N,0,0,0,2,67301,1,,1,1,,N,N,,0,,0,0,0,3,2,N,40,1,2,0,0,0,0,0,3,4,0,2,3,,N,,,,,,,,,,,
2007081612,1835.0,0,0,0,0,0,0,0,0,0,8,0,,67,6,2007,2,39.9983,-75.1201,1833.0,6,0,0,0,0,0,0,0,0,,0,0,0,99,1,1,0,,0,39 59:53.848,,0,75 07:12.442,4,0,0,0,67301,1,0,0,N,1,0,0,2,67301,1,,1,1,,N,N,,0,,0,0,1,0,0,,9999,1,2,0,0,1,0,0,3,4,0,1,3,,N,,,,,,,,,,,
2007120306,1625.0,1,0,0,0,0,0,0,0,0,8,0,,67,9,2007,6,40.0355,-75.1788,1620.0,6,0,0,0,0,0,1,0,0,,0,0,0,7,1,1,1,,0,40 02:07.796,,0,75 10:43.589,4,0,0,0,67301,1,0,0,N,1,0,0,2,67301,1,,1,1,,N,N,,0,,0,0,0,3,2,,730,1,2,0,0,0,0,0,3,4,0,1,3,,N,,,,,,,,,,,
2007081292,235.0,2,0,0,0,0,0,0,0,0,4,0,,67,6,2007,5,,,226.0,6,0,0,0,0,0,0,0,0,1.0,0,0,0,99,3,0,0,,2,,1.0,0,,0,0,0,0,67301,0,0,0,N,0,0,0,2,67301,0,,1,1,,N,N,,0,,0,0,0,0,0,N,9999,0,2,0,0,0,0,0,3,3,0,2,3,,N,,,,,,,,,,,
2007081497,1817.0,1,0,0,0,0,0,0,0,0,8,0,,67,5,2007,6,39.9153,-75.1598,1815.0,6,0,0,0,0,0,0,0,0,,0,0,0,18,1,1,1,,0,39 54:55.000,,0,75 09:34.994,4,0,0,0,67301,1,0,0,N,1,0,0,3,67301,1,,1,1,,N,N,,0,,0,0,0,3,2,,1810,1,2,0,0,0,0,0,3,4,0,1,3,,N,,,,,,,,,,,
2007118097,1428.0,0,0,0,0,0,0,0,0,0,5,1,,67,9,2007,3,39.9524,-75.2428,1418.0,6,0,0,0,0,0,0,0,0,,0,1,0,14,1,0,1,,0,39 57:08.787,,0,75 14:34.029,0,0,0,0,67301,0,0,0,N,0,0,0,1,67301,0,,1,1,,N,N,,0,,0,0,1,3,2,,1418,0,2,0,0,0,0,0,3,4,0,2,3,,N,,,,,,,,,,,
2007118024,1422.0,2,0,0,0,0,0,0,0,0,4,0,,67,10,2007,2,40.012,-75.176,1418.0,6,0,0,0,0,0,0,0,0,,0,0,0,14,1,1,1,,0,40 00:43.000,,0,75 10:33.697,4,0,0,0,67301,0,0,0,N,0,0,0,2,67301,1,,1,1,,N,N,,0,,0,0,0,3,2,,1418,1,2,0,0,0,0,1,3,4,0,2,3,,N,,,,,,,,,,,
2007126094,805.0,2,0,0,0,0,0,0,0,0,1,0,,67,11,2007,3,40.0561,-75.0028,752.0,6,0,0,0,0,1,0,1,0,,0,0,0,7,1,1,0,,0,40 03:21.000,,0,75 00:10.301,8,0,0,0,67301,0,0,0,,0,0,0,2,67301,0,,1,9,,,,,0,,0,0,0,0,0,,700,1,2,0,0,0,1,0,3,4,0,2,7,,N,,,,,,,,,,,
2007127363,1723.0,2,0,0,0,0,0,0,0,0,3,0,,67,10,2007,6,39.9992,-75.1533,1707.0,6,0,0,0,0,0,0,0,0,,0,0,0,17,1,1,0,,0,39 59:57.040,,0,75 09:11.958,4,0,0,0,67301,1,0,0,N,0,0,0,4,67301,1,,2,1,,N,N,,1,,0,0,0,0,0,,1700,1,3,0,0,0,0,0,3,4,0,3,3,,N,,,,,,,,,,,
2007109992,1825.0,0,0,0,0,0,0,0,0,0,8,0,,67,9,2007,3,40.1234,-74.988,1810.0,6,0,1,0,0,0,0,0,0,,0,0,0,18,1,1,10,,0,40 07:24.254,,0,74 59:16.807,3,0,0,1,67301,1,0,0,N,1,0,0,2,67301,0,,2,1,,N,N,,0,,1,0,0,0,0,,1806,1,2,0,0,0,0,0,3,4,0,1,3,,N,,,,,,,,,,,
2007107830,1523.0,0,0,0,0,0,0,0,0,0,2,0,,67,9,2007,5,40.0303,-75.0849,1523.0,6,0,0,0,0,0,0,1,0,,0,0,0,15,1,0,0,,0,40 01:48.944,,0,75 05:05.758,0,0,0,0,67301,0,0,0,N,0,0,0,2,67301,0,,1,1,,N,N,,2,,0,0,0,3,2,,1523,0,2,0,0,0,0,0,3,4,0,2,3,,N,,,,,,,,,,,
2007107835,1220.0,0,0,0,0,0,0,0,0,0,6,0,,67,8,2007,6,39.9752,-75.1211,1210.0,6,0,0,0,0,0,1,0,0,1.0,0,0,0,12,1,0,1,,1,39 58:34.000,3.0,0,75 07:11.128,0,0,0,0,67301,0,0,0,N,0,0,0,6,67301,0,,1,1,,N,N,,0,,0,0,1,3,2,N,1200,0,3,0,0,0,0,0,3,4,2,3,3,,N,,,,,,,,,,,
2007097840,1647.0,1,0,0,1,0,0,0,0,0,4,0,,67,7,2007,2,40.0234,-75.2199,1645.0,6,0,0,0,0,0,0,0,0,,0,0,0,16,1,1,0,,0,40 01:24.279,,0,75 13:11.557,4,0,0,0,67301,1,0,0,N,0,0,0,2,67301,1,,1,1,,N,N,,0,,0,0,0,0,0,,1644,1,2,0,0,0,0,0,3,4,0,1,3,,N,,,,,,,,,,,
2007097867,1418.0,2,0,0,0,0,0,0,0,0,4,0,,67,7,2007,4,40.0259,-75.0648,1412.0,6,0,0,0,0,0,1,0,1,,0,0,0,99,1,1,1,,0,40 01:33.103,,0,75 03:53.420,8,0,0,0,67301,0,0,0,N,0,0,0,2,67301,0,,1,1,,N,N,,1,,0,0,1,3,3,,9999,1,4,0,0,0,1,0,3,4,0,4,3,,N,,,,,,,,,,,
2007097876,108.0,0,0,0,0,0,0,0,0,0,8,0,99.0,67,7,2007,5,39.9632,-75.1836,106.0,6,0,0,0,0,0,0,0,1,,0,0,0,1,3,2,0,,0,39 57:50.498,,0,75 11:03.846,8,0,0,0,67301,2,0,0,N,2,0,0,3,67301,0,,1,1,,N,N,,0,,0,0,1,9,8,,106,2,3,0,0,0,2,0,3,4,0,1,3,,Y,8.0,8.0,U,,,U,,,,,
2007095352,9999.0,1,0,0,0,0,0,0,0,0,8,0,,67,7,2007,4,40.0238,-75.1289,1200.0,6,0,0,0,0,0,0,0,0,,0,0,0,13,1,1,0,,0,40 01:25.636,,0,75 07:44.155,4,0,0,0,67301,1,0,0,N,1,0,0,2,67301,1,,1,1,,N,N,,0,,0,0,0,0,0,,1340,1,2,0,0,0,0,0,3,4,0,1,3,,N,,,,,,,,,,,
2007095713,2237.0,0,0,0,0,0,0,0,0,0,7,0,,67,8,2007,1,39.9494,-75.1843,2215.0,6,0,0,0,0,0,1,0,0,2.0,0,0,0,22,3,4,0,,1,39 57:02.000,4.0,0,75 10:58.741,4,0,0,0,67301,0,0,0,N,0,0,0,4,68K01,4,,3,9,,N,N,,0,,0,0,1,0,0,N,2215,4,1,0,0,0,0,0,3,4,0,1,7,,N,,,,,,,,,,,
2007093180,905.0,2,0,0,0,0,0,0,0,0,4,0,,67,7,2007,5,39.9578,-75.1472,901.0,6,0,0,0,0,0,0,0,0,,0,0,0,8,1,1,1,,0,39 57:28.000,,0,75 08:50.071,3,0,0,0,67301,0,0,0,,0,0,0,4,67301,0,,1,1,,,,,0,,1,0,0,3,2,,850,1,2,0,0,0,0,0,3,4,0,2,3,,N,,,,,,,,,,,
2007098268,1312.0,2,0,0,0,0,0,0,0,0,4,0,,67,8,2007,4,40.0244,-75.0628,1310.0,6,0,0,0,0,0,1,0,0,,0,0,0,13,1,1,1,,0,40 01:27.000,,0,75 03:46.122,4,0,0,0,67301,0,0,0,N,0,0,0,2,67301,1,,1,1,,N,N,,0,,0,0,1,0,0,,1305,1,3,0,0,0,0,0,3,4,0,3,3,,N,,,,,,,,,,,
2007098273,9999.0,1,0,0,0,0,0,0,0,0,2,0,,67,6,2007,5,39.9292,-75.2292,9999.0,6,0,1,0,0,0,1,0,0,,0,0,0,99,1,1,2,,0,39 55:45.184,,7,75 13:45.242,4,0,0,1,67301,0,0,0,N,0,0,0,3,67301,1,,1,1,,N,N,,0,,0,0,0,3,2,,9999,1,2,0,0,0,0,0,3,4,0,2,3,,N,,,,,,,,,,,
2007093243,706.0,2,0,0,0,0,0,0,0,0,4,0,,67,7,2007,2,39.9946,-75.0945,705.0,6,0,0,0,0,0,2,0,0,4.0,1,0,0,6,1,2,1,,2,39 59:40.000,7.0,0,75 05:40.312,1,0,0,0,67301,0,0,0,N,0,0,0,3,67301,1,2.0,1,1,,N,N,,0,0.0,0,0,0,3,2,Y,643,2,3,1,0,1,1,0,3,4,1,3,3,,N,,,,,,,,,,,
2007093247,1445.0,4,0,0,0,0,0,0,0,0,4,0,,67,7,2007,6,39.9827,-75.1753,1445.0,6,0,0,0,0,0,0,0,0,,0,0,0,14,1,1,1,,0,39 58:57.000,,0,75 10:30.953,4,0,0,0,67301,0,0,0,,0,0,0,4,67301,1,,1,1,,,,,0,,0,0,0,1,2,,1440,1,4,0,0,0,0,3,3,4,0,4,3,,N,,,,,,,,,,,
2007081051,520.0,2,0,0,0,0,0,0,0,0,4,0,,67,6,2007,7,39.996,-75.1339,515.0,6,0,0,0,0,0,1,0,0,,0,0,0,5,1,1,1,,0,39 59:45.578,,0,75 08:01.967,4,0,0,0,67301,0,0,0,N,0,0,0,4,67301,1,,1,1,,N,N,,0,,0,0,0,3,2,,510,1,2,0,0,0,0,0,3,4,0,2,3,,N,,,,,,,,,,,
2007081067,1615.0,0,0,0,0,0,0,0,0,0,1,0,,67,5,2007,5,39.9926,-75.1401,1615.0,6,0,0,1,0,0,0,1,0,,0,0,0,16,1,1,0,,0,39 59:33.373,,0,75 08:24.342,4,0,0,0,67301,0,0,0,N,0,0,0,2,67301,1,,1,1,,N,N,,1,,0,0,0,3,2,,1610,1,2,0,0,1,0,0,3,4,0,2,3,,N,,,,,,,,,,,
2007081168,910.0,1,0,0,0,0,0,0,0,0,6,0,,67,6,2007,3,39.9877,-75.1545,907.0,6,0,0,0,0,0,0,1,0,,0,0,0,9,1,1,1,,0,39 59:15.000,,0,75 09:16.210,4,0,0,0,67301,0,0,0,N,0,0,0,3,67301,1,,1,1,,N,N,,0,,0,0,1,3,3,,907,1,2,0,0,0,0,0,3,4,0,2,3,,N,,,,,,,,,,,
2007120153,1835.0,1,0,0,0,0,0,0,0,0,2,0,,67,9,2007,7,39.9498,-75.1554,1830.0,6,0,0,0,0,0,1,0,0,,0,0,0,18,1,2,1,,0,39 56:59.000,,0,75 09:19.551,3,0,0,0,67301,0,0,0,,0,0,0,7,67301,0,,1,1,,,,,0,,2,0,1,3,2,,1800,2,2,0,0,2,0,0,3,4,0,2,3,,N,,,,,,,,,,,
2007081138,905.0,1,0,0,0,0,0,0,0,0,4,0,,67,6,2007,5,40.0257,-75.0554,900.0,6,0,1,0,0,0,0,0,0,,0,0,0,8,1,1,1,,0,40 01:32.520,,0,75 03:19.440,8,0,0,0,67301,0,0,0,N,0,0,0,2,67301,0,,1,1,,N,N,,1,,0,0,0,3,2,,855,1,2,0,0,0,1,1,3,4,0,2,3,,N,,,,,,,,,,,
2007066358,2040.0,2,0,0,0,0,0,0,0,0,1,0,,67,2,2007,5,40.0548,-75.169,2037.0,6,0,0,0,0,0,1,0,0,,0,0,0,20,3,1,1,,0,40 03:17.000,,0,75 10:08.247,3,0,0,0,67301,0,0,0,N,0,0,0,6,67301,0,,1,9,,N,N,,0,,1,0,0,3,2,,2036,1,2,0,0,0,0,0,3,4,0,2,7,,N,,,,,,,,,,,
2007073930,953.0,1,0,0,0,0,0,0,0,0,4,0,,67,7,2007,3,40.0046,-75.2192,950.0,6,0,0,0,0,0,0,0,0,1.0,0,0,0,9,1,0,2,,2,40 00:16.000,2.0,0,75 13:09.113,0,0,0,0,67301,0,0,0,N,0,0,0,2,46104,0,,1,1,,N,N,,0,,0,0,1,0,0,N,950,0,2,0,0,0,0,0,3,4,0,2,3,,N,,,,,,,,,,,
2007066471,1700.0,0,0,0,0,0,0,0,0,0,8,0,,67,4,2007,2,40.0295,-75.138,1630.0,6,0,0,0,0,0,0,0,0,,0,0,0,10,1,1,1,,0,40 01:46.304,,0,75 08:16.933,4,0,0,0,67301,1,0,0,N,1,0,0,2,67301,1,,1,1,,N,N,,0,,0,0,0,3,3,,1030,1,2,0,0,0,0,1,3,4,0,1,99,,N,,,,,,,,,,,
2007066496,805.0,3,0,0,0,0,0,0,0,0,1,0,,67,4,2007,7,39.982,-75.2391,800.0,6,0,0,0,0,0,1,0,0,1.0,0,0,0,7,1,1,0,,1,39 58:55.095,2.0,3,75 14:20.711,4,0,0,0,67301,0,0,0,N,0,0,0,4,67301,1,,1,9,,N,N,,0,,0,0,0,3,2,N,750,1,3,0,0,0,0,0,3,4,0,3,7,,N,,,,,,,,,,,
2007066564,1650.0,0,0,0,0,0,0,0,0,0,1,0,,67,5,2007,3,40.0948,-75.0153,1646.0,6,0,0,0,0,0,0,0,0,,0,0,0,16,1,3,1,,0,40 05:41.000,,0,75 00:54.924,3,0,0,0,67301,0,0,0,N,0,0,0,6,67301,0,,1,1,,N,N,,1,,3,0,1,3,2,,1640,3,2,0,0,0,0,0,3,4,0,2,3,,N,,,,,,,,,,,
2007080268,1330.0,1,0,0,0,0,0,0,0,0,7,0,,67,6,2007,4,39.9571,-75.1384,1330.0,6,0,0,0,0,0,0,0,0,,0,0,0,13,1,4,2,,0,39 57:24.000,,0,75 08:18.693,3,0,0,0,67301,0,0,0,N,0,0,0,4,67301,0,,5,1,,N,N,,0,,1,0,0,3,2,,1330,4,1,0,0,0,3,0,3,4,0,1,3,,N,,,,,,,,,,,
2007079966,837.0,1,0,0,0,0,0,0,0,0,8,0,,67,4,2007,2,39.9832,-75.1325,831.0,6,0,0,0,0,0,0,0,0,,0,0,0,8,1,1,5,,0,39 58:59.552,,0,75 07:57.021,4,0,0,0,67301,1,0,0,N,1,0,0,2,67301,1,,1,9,,N,N,,0,,0,0,0,3,2,,820,1,2,0,0,0,0,1,3,4,0,1,7,,N,,,,,,,,,,,
2007116660,1750.0,1,0,0,0,0,0,0,0,0,7,0,,67,10,2007,6,40.0826,-74.966,1740.0,6,0,0,0,0,0,0,0,1,,0,0,0,17,4,1,1,,0,40 04:57.327,,0,74 57:57.675,3,0,0,0,67301,0,0,0,N,0,0,0,1,67301,0,,4,1,,N,N,,0,,1,0,0,3,2,,1735,1,1,0,0,0,0,0,3,4,0,1,3,,N,,,,,,,,,,,
2007124269,1038.0,2,0,0,0,0,0,0,0,0,4,0,,67,10,2007,5,40.0086,-75.0688,1036.0,6,0,0,0,0,0,0,0,0,2.0,0,0,0,10,1,1,1,,2,40 00:31.000,2.0,0,75 04:07.810,8,0,0,0,67301,0,0,0,N,0,0,0,2,67301,0,,1,1,,N,N,,0,,0,0,0,3,2,Y,1030,1,2,0,0,0,1,0,3,4,0,2,3,,N,,,,,,,,,,,
2007127611,1700.0,1,0,0,0,0,0,0,0,0,8,0,,67,10,2007,4,39.9887,-75.1502,1659.0,6,0,0,0,0,0,0,0,0,,0,0,0,16,8,1,1,,0,39 59:19.266,,0,75 09:00.878,8,0,0,0,67301,1,0,0,N,1,0,0,2,67301,0,,1,9,,N,N,,0,,0,0,0,3,3,,1659,1,2,0,0,0,1,1,3,4,0,1,7,,N,,,,,,,,,,,
2007127613,1209.0,0,0,0,0,0,0,0,0,0,1,0,,67,10,2007,7,39.9904,-75.1635,1207.0,6,0,0,0,0,0,1,0,0,,0,0,0,12,1,2,1,,0,39 59:25.569,,0,75 09:48.661,4,0,0,0,67301,0,0,0,N,0,0,0,4,67301,1,,1,1,,N,N,,0,,0,0,2,9,2,,1207,2,2,0,0,0,1,1,3,4,0,2,3,,N,,,,,,,,,,,
2007123760,1305.0,3,0,0,0,0,0,0,0,0,1,0,,67,10,2007,7,40.044,-75.1163,1300.0,6,0,0,1,0,0,0,0,0,,0,0,0,13,1,1,0,,0,40 02:38.429,,0,75 06:58.556,4,0,0,0,67301,0,0,0,N,0,0,0,3,67301,1,,1,9,,N,N,,0,,0,0,0,0,0,,1300,1,3,0,0,0,0,1,3,4,0,3,7,,N,,,,,,,,,,,
2007065647,910.0,4,0,0,0,0,0,0,0,0,2,0,,67,4,2007,7,39.9208,-75.2309,908.0,6,0,0,0,0,0,1,0,0,1.0,0,0,0,9,1,1,0,,1,39 55:15.052,2.0,0,75 13:51.160,8,0,0,0,67301,0,0,0,N,0,0,0,1,67301,0,,1,1,,N,N,,0,,0,0,0,0,0,N,908,1,4,0,0,0,1,0,3,4,0,4,3,,N,,,,,,,,,,,
2007110542,220.0,0,0,0,0,0,0,0,0,0,8,0,,67,9,2007,7,39.9586,-75.1376,215.0,6,0,0,0,0,0,0,0,0,1.0,0,0,0,99,3,1,0,,1,39 57:30.000,1.0,0,75 08:15.748,3,0,0,0,67301,1,0,0,N,1,0,0,2,67301,0,,1,1,,N,N,,0,,1,0,0,0,0,N,9999,1,2,0,0,0,0,0,3,4,1,1,3,,N,,,,,,,,,,,
2007110744,1814.0,1,0,0,0,0,0,0,0,0,8,0,,67,9,2007,2,40.0319,-75.1318,1810.0,6,0,0,0,0,0,0,0,0,,0,0,0,18,1,1,0,,0,40 01:54.890,,0,75 07:54.577,3,0,0,0,67301,1,0,0,N,1,0,0,2,67301,0,,1,1,,N,N,,0,,1,0,0,0,0,,1810,1,2,0,0,0,0,0,3,4,0,1,3,,N,,,,,,,,,,,
2007110858,810.0,0,0,0,0,0,0,1,0,0,7,1,,67,9,2007,5,40.0047,-75.1521,758.0,6,0,0,0,0,0,0,0,0,,0,0,0,7,1,2,1,,0,40 00:16.000,,0,75 09:07.652,4,0,0,0,67301,0,0,0,,0,0,0,6,67301,2,,2,1,,,,,0,,0,0,0,3,2,,750,2,1,0,0,0,0,0,3,4,0,1,3,,N,,,,,,,,,,,
2007105905,1750.0,2,0,0,0,0,0,0,0,0,5,0,,67,7,2007,1,39.9717,-75.1259,1750.0,6,0,0,0,0,0,0,0,0,,0,0,0,17,1,1,1,,0,39 58:18.000,,0,75 07:31.913,4,0,0,0,67301,0,0,0,N,0,0,0,4,67301,1,,1,1,,N,N,,0,,0,0,0,3,2,,1748,1,2,0,0,2,0,0,3,4,0,2,3,,N,,,,,,,,,,,
2007105770,1400.0,0,0,0,0,0,0,0,0,0,4,0,,67,8,2007,2,40.0209,-75.1401,1350.0,6,0,0,0,0,0,0,0,0,,0,0,0,13,1,0,1,,0,40 01:15.000,,0,75 08:23.308,0,0,0,0,67301,0,0,0,,0,0,0,3,67301,0,,1,1,,,,,1,,0,0,0,0,0,,1350,0,2,0,0,0,0,0,3,4,1,2,3,,N,,,,,,,,,,,
2007105949,1907.0,3,0,0,0,0,0,0,0,0,4,0,,67,9,2007,4,40.0826,-75.0406,1904.0,6,0,1,0,0,0,0,0,0,,0,0,0,19,1,2,2,,0,40 04:57.000,,0,75 02:26.311,4,0,0,0,67301,0,0,0,N,0,0,0,5,67301,2,,1,1,,N,N,,0,,0,0,0,3,2,,1904,2,3,0,0,0,0,0,3,4,0,3,3,,N,,,,,,,,,,,
2007106006,415.0,1,0,0,0,0,0,0,0,0,4,0,,67,7,2007,1,40.0618,-75.0561,410.0,6,0,0,0,0,0,0,0,0,,0,0,0,4,3,0,1,,0,40 03:42.000,,0,75 03:21.839,0,0,0,0,67301,0,0,0,N,0,0,0,3,67301,0,,1,1,,N,N,,0,,0,0,1,3,2,,408,0,2,0,0,0,0,0,3,4,0,2,3,,N,,,,,,,,,,,
2007106009,1639.0,1,0,0,0,0,0,0,0,0,8,0,,67,7,2007,1,39.9831,-75.1126,1623.0,6,0,0,0,0,0,0,0,0,,0,0,0,16,1,1,1,,0,39 58:59.253,,0,75 06:45.406,4,0,0,0,67301,1,0,0,N,1,0,0,2,67301,1,,1,1,,N,N,,0,,0,0,0,0,0,,1620,1,2,0,0,0,0,0,3,4,0,1,3,,N,,,,,,,,,,,
2007106021,750.0,1,0,0,0,0,0,0,0,0,7,0,,67,9,2007,6,40.0036,-75.1812,743.0,6,0,0,0,0,0,0,0,0,,0,0,0,7,1,1,1,,0,40 00:13.000,,0,75 10:51.870,4,0,0,0,67301,0,0,0,N,0,0,0,1,67301,1,,5,1,,N,N,,0,,0,0,0,3,2,,738,1,1,0,0,1,0,0,3,4,0,1,3,,N,,,,,,,,,,,
2007106139,931.0,2,0,0,0,0,0,0,0,0,1,0,,67,8,2007,6,40.0096,-75.0896,930.0,6,0,0,0,0,0,0,0,0,,0,0,0,9,1,1,5,,0,40 00:34.514,,0,75 05:22.410,4,0,0,0,67301,0,0,0,N,0,0,0,2,67301,1,,1,1,,N,N,,0,,0,0,0,3,2,,905,1,2,0,0,0,0,0,3,4,0,2,3,,N,,,,,,,,,,,
2007106586,115.0,0,0,0,0,0,0,0,0,0,8,0,,67,6,2007,4,39.9927,-75.1862,110.0,6,0,0,0,0,0,0,1,0,,0,0,0,23,3,1,1,,0,39 59:33.000,,0,75 11:10.157,2,0,0,0,67301,1,0,1,N,1,0,1,2,67301,0,,1,1,,N,N,,0,,0,1,1,3,2,,2330,1,2,0,0,0,0,0,3,4,0,1,3,,N,,,,,,,,,,,
2007106502,1238.0,0,0,0,0,0,0,0,0,0,4,0,,67,8,2007,4,40.0576,-75.1525,1228.0,6,0,0,0,0,0,0,1,0,,0,0,0,12,1,1,2,,0,40 03:27.475,,0,75 09:09.151,8,0,0,0,67301,0,0,0,N,0,0,0,2,67301,0,,4,1,,N,N,,0,,0,0,2,3,3,,1227,1,2,0,0,0,1,0,3,4,0,2,3,,N,,,,,,,,,,,
2007098704,1541.0,2,0,0,0,0,0,0,0,0,4,0,,67,8,2007,1,39.9582,-75.2355,1540.0,6,0,0,0,0,0,0,0,0,,0,0,0,15,1,1,1,,0,39 57:29.000,,0,75 14:07.850,8,0,0,0,67301,0,0,0,N,0,0,0,2,67301,0,,1,9,,N,N,,0,,0,0,0,3,2,,1538,1,2,0,0,0,1,0,3,4,0,2,7,,N,,,,,,,,,,,
2007098602,1615.0,2,0,0,0,0,0,0,0,0,4,0,,67,8,2007,1,40.0287,-75.0575,1609.0,6,0,0,0,0,0,0,0,0,,0,0,0,15,1,0,0,,0,40 01:43.000,,7,75 03:27.040,9,0,0,0,67301,0,0,0,N,0,0,0,2,67301,0,,1,9,,N,N,,0,,0,0,0,0,0,,1543,0,2,0,0,0,0,1,3,4,0,2,7,,N,,,,,,,,,,,
2007081596,903.0,1,0,0,0,0,0,1,0,0,4,1,,67,4,2007,6,40.0687,-75.1641,859.0,6,0,0,0,0,0,1,0,0,2.0,0,0,0,8,1,0,1,,2,40 04:07.204,6.0,0,75 09:50.796,9,0,0,0,67301,0,0,0,,0,0,0,16,67301,0,,1,1,,N,N,,0,,0,0,0,3,2,Y,858,0,3,0,0,0,0,2,3,4,1,3,3,,N,,,,,,,,,,,
2007081660,9999.0,2,0,0,0,0,0,0,0,0,4,0,,67,5,2007,1,39.9571,-75.1511,346.0,6,0,0,0,0,0,0,0,0,,0,0,0,2,3,1,1,,0,39 57:25.000,,2,75 09:03.847,4,0,0,0,67301,0,0,0,N,0,0,0,3,67301,1,,1,1,,N,N,,0,,0,0,0,0,0,,235,1,2,0,0,0,0,1,3,4,0,2,3,,N,,,,,,,,,,,