CRN,ARRIVAL_TM,AUTOMOBILE_COUNT,BELTED_DEATH_COUNT,BELTED_SUSP_SERIOUS_INJ_COUNT,BICYCLE_COUNT,BICYCLE_DEATH_COUNT,BICYCLE_SUSP_SERIOUS_INJ_COUNT,BUS_COUNT,CHLDPAS_DEATH_COUNT,CHLDPAS_SUSP_SERIOUS_INJ_COUNT,COLLISION_TYPE,COMM_VEH_COUNT,CONS_ZONE_SPD_LIM,COUNTY,CRASH_MONTH,CRASH_YEAR,DAY_OF_WEEK,DEC_LAT,DEC_LONG,DISPATCH_TM,DISTRICT,DRIVER_COUNT_16YR,DRIVER_COUNT_17YR,DRIVER_COUNT_18YR,DRIVER_COUNT_19YR,DRIVER_COUNT_20YR,DRIVER_COUNT_50_64YR,DRIVER_COUNT_65_74YR,DRIVER_COUNT_75PLUS,EST_HRS_CLOSED,FATAL_COUNT,HEAVY_TRUCK_COUNT,HORSE_BUGGY_COUNT,HOUR_OF_DAY,ILLUMINATION,INJURY_COUNT,INTERSECT_TYPE,INTERSECTION_RELATED,LANE_CLOSED,LATITUDE,LN_CLOSE_DIR,LOCATION_TYPE,LONGITUDE,MAX_SEVERITY_LEVEL,MCYCLE_DEATH_COUNT,MCYCLE_SUSP_SERIOUS_INJ_COUNT,MOTORCYCLE_COUNT,MUNICIPALITY,NONMOTR_COUNT,NONMOTR_DEATH_COUNT,NONMOTR_SUSP_SERIOUS_INJ_COUNT,NTFY_HIWY_MAINT,PED_COUNT,PED_DEATH_COUNT,PED_SUSP_SERIOUS_INJ_COUNT,PERSON_COUNT,POLICE_AGCY,POSSIBLE_INJ_COUNT,RDWY_SURF_TYPE_CD,RELATION_TO_ROAD,ROAD_CONDITION,ROADWAY_CLEARED,SCH_BUS_IND,SCH_ZONE_IND,SECONDARY_CRASH,SMALL_TRUCK_COUNT,SPEC_JURIS_CD,SUSP_MINOR_INJ_COUNT,SUSP_SERIOUS_INJ_COUNT,SUV_COUNT,TCD_FUNC_CD,TCD_TYPE,TFC_DETOUR_IND,TIME_OF_DAY,TOT_INJ_COUNT,TOTAL_UNITS,UNB_DEATH_COUNT,UNB_SUSP_SERIOUS_INJ_COUNT,UNBELTED_OCC_COUNT,UNK_INJ_DEG_COUNT,UNK_INJ_PER_COUNT,URBAN_AREA,URBAN_RURAL,VAN_COUNT,VEHICLE_COUNT,WEATHER1,WEATHER2,WORK_ZONE_IND,WORK_ZONE_LOC,WORK_ZONE_TYPE,WORKERS_PRES,WZ_CLOSE_DETOUR,WZ_FLAGGER,WZ_LAW_OFFCR_IND,WZ_LN_CLOSURE,WZ_MOVING,WZ_OTHER,WZ_SHLDER_MDN,WZ_WORKERS_INJ_KILLED
2007081663,1517.0,2,0,0,0,0,0,0,0,0,4,0,,67,6,2007,3,40.0128,-75.1607,1515.0,6,0,0,0,0,0,0,0,0,1.0,0,0,0,15,1,2,0,,2,40 00:46.000,4.0,0,75 09:38.436,4,0,0,0,67301,0,0,0,N,0,0,0,6,67301,2,,1,1,,N,N,,0,,0,0,0,0,0,Y,1505,2,2,0,0,1,0,0,3,4,0,2,3,,N,,,,,,,,,,,
2007081689,2025.0,2,0,0,0,0,0,0,0,0,1,0,,67,5,2007,3,39.9867,-75.2275,2019.0,6,0,0,0,0,0,0,0,0,,0,0,0,20,1,1,0,,0,39 59:12.066,,0,75 13:38.967,8,0,0,0,67301,0,0,0,,0,0,0,1,67301,0,,6,1,,N,N,,0,,0,0,0,0,0,,2019,1,3,0,0,0,1,0,3,4,1,3,3,,N,,,,,,,,,,,
2007120267,2118.0,1,0,0,0,0,0,0,0,0,4,0,,67,10,2007,5,40.1144,-74.9881,2113.0,6,0,0,0,0,1,0,0,0,,0,0,0,18,3,1,1,,0,40 06:51.000,,0,74 59:16.991,4,0,0,0,67301,0,0,0,,0,0,0,2,67301,1,,1,1,,,,,1,,0,0,0,3,2,,1845,1,2,0,0,0,0,1,3,4,0,2,3,,N,,,,,,,,,,,
2007120268,1555.0,1,0,0,0,0,0,0,0,0,8,0,,67,9,2007,6,40.0673,-75.0283,1542.0,6,0,0,0,0,0,0,0,0,1.0,0,0,0,15,1,1,2,,1,40 04:02.348,4.0,7,75 01:41.704,8,0,0,0,67301,1,0,0,N,1,0,0,2,67301,0,,1,1,,N,N,,0,,0,0,0,3,2,N,1536,1,2,0,0,0,1,0,3,4,0,1,3,,N,,,,,,,,,,,
2007078830,1739.0,2,0,0,0,0,0,0,0,0,1,0,,67,7,2007,2,39.9865,-75.2081,1739.0,6,0,0,0,0,0,0,0,0,,0,0,0,17,1,1,0,,0,39 59:15.000,,0,75 12:27.542,4,0,0,0,67301,0,0,0,N,0,0,0,3,68K01,1,,1,1,,N,N,,0,,0,0,0,0,0,,1739,1,2,0,0,0,0,0,3,4,0,2,3,,N,,,,,,,,,,,
2007081704,2221.0,1,0,0,0,0,0,0,0,0,4,0,,67,5,2007,5,40.0439,-75.0096,2220.0,6,0,0,0,0,0,1,0,0,,0,0,0,22,3,0,1,,0,40 02:38.000,,0,75 00:34.420,0,0,0,0,67301,0,0,0,N,0,0,0,2,67301,0,,1,1,,N,N,,1,,0,0,0,0,0,,2210,0,2,0,0,0,0,0,3,4,0,2,3,,N,,,,,,,,,,,
2007081553,1324.0,1,0,0,0,0,0,0,0,0,5,0,,67,6,2007,4,39.958,-75.2336,1322.0,6,0,0,0,0,0,0,0,0,,0,0,0,13,1,1,0,,0,39 57:28.000,,0,75 14:00.847,4,0,0,0,67301,0,0,0,N,0,0,0,2,67301,1,,1,1,,N,N,,0,,0,0,1,0,0,,1310,1,2,0,0,0,0,0,3,4,0,2,3,,N,,,,,,,,,,,
2007079367,1651.0,1,0,0,0,0,0,0,0,0,1,0,,67,6,2007,6,39.9776,-75.2007,1651.0,6,0,0,0,0,0,0,0,0,2.0,0,0,0,16,1,1,0,,2,39 58:41.000,3.0,0,75 12:07.651,4,0,0,1,67301,0,0,0,N,0,0,0,2,68K01,1,,1,1,,N,N,,0,,0,0,0,0,0,N,1648,1,2,0,0,0,0,0,3,4,0,2,3,,N,,,,,,,,,,,
2007116142,2153.0,1,0,0,0,0,0,0,0,0,1,0,,67,10,2007,5,41.6077,-80.5007,2153.0,6,0,0,0,0,0,1,0,0,,0,0,0,21,3,0,0,,0,41 36:27.560,,0,80 30:02.620,0,0,0,0,67301,0,0,0,N,0,0,0,2,67301,0,,1,1,,N,N,,1,,0,0,0,3,2,,2153,0,2,0,0,0,0,0,3,3,0,2,3,,N,,,,,,,,,,,
2007081139,1134.0,0,0,0,0,0,0,0,0,0,8,0,,67,3,2007,6,39.9474,-75.1576,1129.0,6,0,0,0,0,0,0,0,0,2.0,0,0,0,11,1,1,2,,2,39 56:50.467,3.0,0,75 09:27.482,8,0,0,0,67301,1,0,0,N,1,0,0,2,67301,0,,1,1,,N,N,,1,,0,0,0,3,2,Y,1125,1,2,0,0,0,1,0,3,4,0,1,3,,N,,,,,,,,,,,
2007066484,235.0,2,0,0,0,0,0,0,0,0,5,0,,67,5,2007,3,39.9468,-75.1746,230.0,6,0,0,0,0,0,0,0,0,,0,0,0,2,3,0,1,,0,39 56:48.300,,0,75 10:28.700,0,0,0,0,67301,0,0,0,N,0,0,0,2,67301,0,,1,1,,N,N,,0,,0,0,0,3,2,,230,0,2,0,0,0,0,0,3,4,0,2,3,,N,,,,,,,,,,,
2007066516,2044.0,1,0,0,0,0,0,0,0,0,5,0,,67,5,2007,7,40.0543,-75.0859,2042.0,6,0,0,1,0,0,0,0,0,2.0,0,0,0,20,1,1,2,,2,40 03:15.655,4.0,0,75 05:09.259,3,0,0,0,67301,0,0,0,N,0,0,0,2,67301,0,,1,1,,N,N,,1,,1,0,1,0,0,Y,2040,1,3,0,0,0,0,0,3,4,0,3,3,,N,,,,,,,,,,,
2007079921,2210.0,1,0,0,0,0,0,0,0,0,4,0,,67,6,2007,4,39.9938,-75.0804,2210.0,6,0,0,0,0,0,0,0,0,1.0,0,0,0,22,3,1,2,,2,39 59:37.000,1.0,0,75 04:48.736,2,0,1,1,67301,0,0,0,N,0,0,0,2,67301,0,,1,1,,N,N,,0,,0,1,0,0,0,N,2207,1,2,0,0,1,0,1,3,4,0,2,3,,N,,,,,,,,,,,
2007080265,1623.0,2,0,0,0,0,0,0,0,0,4,0,,67,5,2007,3,40.0531,-75.0402,1623.0,6,0,0,0,0,0,0,0,0,3.0,0,0,0,16,1,6,1,,2,40 03:11.000,4.0,0,75 02:24.781,8,0,0,0,67301,0,0,0,N,0,0,0,6,67301,0,,1,1,,N,N,,0,,0,0,0,3,2,Y,1623,6,2,0,0,0,6,0,3,4,0,2,3,,N,,,,,,,,,,,
2007080081,1808.0,0,0,0,0,0,0,0,0,0,1,0,,67,6,2007,2,40.078,-75.0233,1805.0,6,0,0,0,0,0,0,0,0,,0,0,0,18,1,1,0,,0,40 04:40.000,,0,75 01:24.008,8,0,0,0,67301,0,0,0,,0,0,0,5,67301,0,,1,1,,N,N,,0,,0,0,2,3,2,,1800,1,2,0,0,0,1,0,3,4,0,2,3,,N,,,,,,,,,,,
2007080110,1510.0,1,0,0,0,0,0,0,0,0,1,0,,67,6,2007,7,39.9211,-75.2242,1500.0,6,0,0,0,0,0,1,0,0,2.0,0,0,0,15,1,2,0,,2,39 55:15.000,7.0,0,75 13:26.985,3,0,0,0,67301,0,0,0,N,0,0,0,3,67301,0,,2,1,,N,N,,2,,1,0,0,3,2,Y,1500,2,3,0,0,1,1,0,3,4,0,3,3,,N,,,,,,,,,,,
2007080419,130.0,0,0,0,0,0,0,1,0,0,8,1,,67,6,2007,1,40.026,-75.1476,123.0,6,0,0,0,0,0,0,0,0,2.0,0,0,0,1,3,1,0,,1,40 01:33.000,2.0,0,75 08:51.279,3,0,0,0,67301,1,0,0,N,1,0,0,2,67301,0,,1,1,,N,N,,0,,1,0,0,3,2,Y,100,1,2,0,0,0,0,0,3,4,0,1,3,,N,,,,,,,,,,,
2007113715,1429.0,0,0,0,0,0,0,0,0,0,7,0,,67,9,2007,2,39.9867,-75.2084,1429.0,6,0,0,1,0,0,0,0,0,,0,0,0,14,1,0,7,,0,39 59:11.000,,2,75 12:32.327,0,0,0,0,67301,0,0,0,N,0,0,0,2,68K01,0,,2,1,,N,N,,0,,0,0,0,0,0,,1427,0,1,0,0,0,0,0,3,4,1,1,3,,N,,,,,,,,,,,
2007119403,1825.0,2,0,0,0,0,0,0,0,0,6,0,,67,9,2007,5,39.9864,-75.1696,1822.0,6,0,0,0,0,0,1,0,0,,0,0,0,18,4,3,1,,0,39 59:11.018,,0,75 10:10.592,4,0,0,0,67301,0,0,0,N,0,0,0,3,67301,3,,1,1,,N,N,,0,,0,0,0,3,2,,1822,3,2,0,0,0,0,0,3,4,0,2,3,,N,,,,,,,,,,,
2007126140,936.0,3,0,0,0,0,0,0,0,0,5,0,,67,11,2007,4,39.9623,-75.1712,933.0,6,0,0,0,0,0,0,0,0,,0,0,0,99,1,0,0,,0,39 57:44.413,,0,75 10:16.487,0,0,0,0,67301,0,0,0,,0,0,0,1,67301,0,,1,1,,,,,0,,0,0,1,0,0,,9999,0,4,0,0,0,0,0,3,4,0,4,3,,N,,,,,,,,,,,
2007124587,1755.0,1,0,0,0,0,0,0,0,0,1,0,,67,11,2007,3,40.0357,-75.0244,1745.0,6,0,0,0,0,0,0,0,0,,0,0,0,17,3,0,0,,0,40 02:08.000,,0,75 01:27.988,0,0,0,0,67301,0,0,0,N,0,0,0,2,67301,0,,1,1,,N,N,,0,,0,0,1,0,0,,1737,0,2,0,0,0,0,0,3,4,0,2,3,,N,,,,,,,,,,,
2007124663,9999.0,1,0,0,1,0,0,0,0,0,4,0,,67,10,2007,4,39.9512,-75.1788,2300.0,6,0,0,0,0,0,0,0,0,,0,0,0,23,3,1,0,,0,39 57:03.960,,0,75 10:43.320,4,0,0,0,67301,1,0,0,,0,0,0,2,67301,1,,2,1,,N,N,,0,,0,0,0,3,2,,2300,1,2,0,0,0,0,1,3,4,0,1,3,,N,,,,,,,,,,,
2007124674,105.0,2,0,0,0,0,0,0,0,0,4,0,,67,10,2007,1,39.9482,-75.1743,100.0,6,0,0,0,0,0,0,1,0,,0,0,0,0,3,0,2,,0,39 56:53.426,,0,75 10:27.573,9,0,0,0,67301,0,0,0,N,0,0,0,2,67301,0,,1,1,,N,N,,0,,0,0,0,3,2,,57,0,2,0,0,0,0,1,3,4,0,2,3,,N,,,,,,,,,,,
2007122298,36.0,2,0,0,0,0,0,0,0,0,7,0,,67,10,2007,7,39.95,-75.1838,2342.0,6,0,0,0,0,0,1,0,0,1.0,0,0,0,23,3,0,0,,1,39 57:04.000,3.0,0,75 10:58.432,0,0,0,0,67301,0,0,0,N,0,0,0,3,68K01,0,,3,1,,N,N,,0,,0,0,0,0,0,N,2342,0,2,0,0,0,0,0,3,4,0,2,3,,N,,,,,,,,,,,
2007123799,1819.0,1,0,0,0,0,0,0,0,0,1,0,,67,11,2007,6,40.0317,-75.2078,1812.0,6,0,0,0,0,0,0,0,0,,0,0,0,18,1,2,0,,0,40 01:54.000,,0,75 12:28.037,4,0,0,0,67301,0,0,0,N,0,0,0,3,67301,2,,1,1,,N,N,,0,,0,0,1,3,2,,1800,2,2,0,0,0,0,0,3,4,0,2,3,,N,,,,,,,,,,,
2007123824,1645.0,0,0,0,0,0,0,0,0,0,8,0,,67,10,2007,4,39.9773,-75.1581,1645.0,6,0,0,0,0,0,0,0,0,,0,0,0,99,1,1,1,,0,39 58:38.000,,0,75 09:29.200,4,0,0,0,67301,1,0,0,,1,0,0,2,67301,1,,1,1,,N,N,,1,,0,0,0,3,2,,9999,1,2,0,0,0,0,1,3,4,0,1,3,,N,,,,,,,,,,,
2007124148,905.0,0,0,0,0,0,0,0,0,0,7,0,,67,11,2007,7,40.0164,-75.2029,901.0,6,0,0,0,0,0,0,0,0,,0,0,0,9,1,0,0,,0,40 00:59.016,,0,75 12:10.419,0,0,0,0,67301,0,0,0,N,0,0,0,1,67301,0,,4,9,,N,N,,0,,0,0,1,0,0,,900,0,1,0,0,0,0,0,3,4,0,1,7,,N,,,,,,,,,,,
2007028834,1301.0,1,0,0,0,0,0,0,0,0,4,0,,67,1,2007,4,40.0351,-75.0709,1301.0,6,0,0,0,0,0,1,1,0,,0,0,0,13,1,0,1,,0,40 02:06.000,,0,75 04:15.407,0,0,0,0,67301,0,0,0,N,0,0,0,2,67301,0,,1,1,,N,N,,0,,0,0,0,3,2,,1300,0,2,0,0,0,0,0,3,4,1,2,3,,N,,,,,,,,,,,
2007116194,45.0,1,0,0,0,0,0,0,0,0,4,0,,67,9,2007,6,39.9874,-75.2324,42.0,6,0,0,2,0,0,0,0,0,,0,0,0,21,3,1,1,,0,39 59:14.726,,0,75 13:56.711,4,0,0,0,67301,0,0,0,N,0,0,0,3,67301,1,,1,1,,N,N,,0,,0,0,1,3,2,,2139,1,2,0,0,0,0,0,3,4,0,2,3,,N,,,,,,,,,,,
2007111461,2041.0,1,0,0,0,0,0,0,0,0,1,0,,67,9,2007,1,39.945,-75.1909,2034.0,6,0,0,0,0,0,0,0,0,,0,0,0,20,3,1,0,,0,39 56:42.000,,0,75 11:27.212,3,0,0,1,67301,0,0,0,,0,0,0,2,68K01,0,,1,1,,N,N,,0,,1,0,0,0,0,,2031,1,2,0,0,0,0,1,3,4,0,2,3,,N,,,,,,,,,,,
2007105875,1430.0,1,0,0,1,0,0,0,0,0,5,0,,67,8,2007,3,39.9355,-75.1786,1429.0,6,0,0,0,0,0,0,0,0,,0,0,0,14,1,1,0,,0,39 56:07.882,,0,75 10:42.794,8,0,0,0,67301,1,0,0,N,0,0,0,2,67301,0,,1,1,,N,N,,0,,0,0,0,0,0,,1410,1,2,0,0,0,1,0,3,4,0,1,3,,N,,,,,,,,,,,
2007108883,140.0,1,0,0,0,0,0,0,0,0,4,0,,67,9,2007,6,39.9916,-75.1362,133.0,6,0,0,0,0,0,0,0,0,,0,0,0,1,3,2,1,,0,39 59:29.000,,0,75 08:10.216,3,0,0,0,67301,0,0,0,,0,0,0,3,67301,0,,1,1,,N,N,,1,,2,0,0,3,2,,130,2,2,0,0,0,0,1,3,4,0,2,3,,N,,,,,,,,,,,
2007106089,1502.0,1,0,0,0,0,0,1,0,0,4,1,,67,8,2007,7,40.0139,-75.126,1502.0,6,0,0,0,0,0,0,0,0,2.0,0,0,0,15,1,11,1,,2,40 00:49.975,7.0,0,75 07:33.617,4,0,0,0,67301,0,0,0,N,0,0,0,11,67301,11,,1,1,,N,N,,0,,0,0,0,9,2,Y,1502,11,3,0,0,0,0,0,3,4,1,3,3,,N,,,,,,,,,,,
2007106509,31.0,1,0,0,0,0,0,0,0,0,8,0,,67,9,2007,6,40.0466,-75.1235,28.0,6,0,0,0,0,0,1,0,0,,0,0,0,0,3,1,0,,0,40 02:47.619,,0,75 07:24.693,4,0,0,0,67301,1,0,0,N,1,0,0,2,67301,1,,6,1,,N,N,,0,,0,0,0,0,0,,20,1,2,0,0,1,0,0,3,4,0,1,3,,N,,,,,,,,,,,
2007106532,1525.0,1,0,0,0,0,0,0,0,0,4,0,,67,8,2007,4,39.9871,-75.1223,1525.0,6,0,0,0,0,0,0,0,0,,0,0,0,15,1,2,1,,0,39 59:13.000,,0,75 07:20.404,4,0,0,0,67301,0,0,0,N,0,0,0,4,67301,1,,1,1,,N,N,,0,,0,0,1,3,2,,1523,2,2,0,0,0,1,0,3,4,0,2,3,,N,,,,,,,,,,,
2007098686,33.0,1,0,0,0,0,0,0,0,0,1,0,,67,8,2007,5,39.9882,-75.2498,33.0,6,0,0,0,0,0,1,0,0,2.0,0,0,0,0,3,2,0,,1,39 59:17.646,2.0,0,75 14:59.174,4,0,0,0,67301,0,0,0,N,0,0,0,9,67301,2,,1,1,,N,N,,0,,0,0,2,0,0,Y,33,2,3,0,0,0,0,3,3,4,0,3,3,,N,,,,,,,,,,,
2007098727,827.0,3,0,0,0,0,0,0,0,0,4,0,,67,8,2007,5,40.0398,-75.1775,826.0,6,0,0,0,0,0,1,0,0,,0,0,0,8,1,1,0,,0,40 02:23.215,,0,75 10:38.884,8,0,0,0,67301,0,0,0,N,0,0,0,1,67301,0,,1,1,,N,N,,0,,0,0,1,0,0,,815,1,4,0,0,0,1,0,3,4,0,4,3,,N,,,,,,,,,,,
2007120261,1246.0,2,0,0,0,0,0,0,0,0,4,0,,67,10,2007,2,40.0641,-75.2396,1240.0,6,0,0,0,1,0,0,1,0,,0,0,0,12,1,0,1,,0,40 03:52.000,,0,75 14:23.056,0,0,0,0,67301,0,0,0,N,0,0,0,2,67301,0,,1,1,,N,N,,0,,0,0,0,3,2,,1224,0,2,0,0,0,0,0,3,4,0,2,3,,N,,,,,,,,,,,
2007120276,9999.0,0,0,0,0,0,0,0,0,0,8,0,,67,9,2007,7,39.997,-75.1534,9999.0,6,0,0,0,0,0,0,0,0,,0,0,0,99,3,1,0,,0,39 59:49.254,,0,75 09:12.090,3,0,0,0,67301,1,0,0,,1,0,0,2,67301,0,,1,1,,N,N,,0,,1,0,0,0,0,,9999,1,2,0,0,0,0,1,3,4,0,1,3,,N,,,,,,,,,,,
2007118095,855.0,2,0,0,0,0,0,0,0,0,4,0,,67,10,2007,5,40.0402,-75.214,850.0,6,0,0,0,0,0,1,0,0,,0,0,0,8,1,2,2,,0,40 02:25.000,,0,75 12:51.058,8,0,0,0,67301,0,0,0,N,0,0,0,2,67301,0,,1,1,,N,N,,0,,0,0,0,3,2,,845,2,2,0,0,0,2,0,3,4,0,2,3,,N,,,,,,,,,,,
2007081568,946.0,2,0,0,0,0,0,0,0,0,4,0,,67,5,2007,5,39.9417,-75.2228,936.0,6,0,0,0,0,0,0,0,0,,0,0,0,8,1,1,1,,0,39 56:29.947,,0,75 13:21.989,4,0,0,0,67301,0,0,0,N,0,0,0,2,67301,1,,1,1,,N,N,,0,,0,0,0,3,2,,830,1,2,0,0,0,0,0,3,4,0,2,3,,N,,,,,,,,,,,
2007118269,9999.0,5,0,0,0,0,0,0,0,0,1,0,,67,9,2007,5,39.9571,-75.2083,1120.0,6,0,0,0,0,1,0,0,0,,0,0,0,11,1,0,2,,0,39 57:25.689,,0,75 12:29.847,0,0,0,0,67301,0,0,0,N,0,0,0,2,67301,0,,2,1,,N,N,,0,,0,0,0,9,3,,1120,0,5,0,0,0,0,0,3,4,0,5,3,,N,,,,,,,,,,,
2007126105,2025.0,1,0,0,0,0,0,0,0,0,1,0,,67,11,2007,5,40.0572,-75.0142,2018.0,6,0,0,0,0,0,0,0,0,,0,0,0,19,3,1,0,,0,40 03:26.000,,0,75 00:51.084,4,0,0,0,67301,0,0,0,N,0,0,0,3,67301,1,,1,1,,N,N,,0,,0,0,1,0,0,,1951,1,2,0,0,1,0,0,3,4,0,2,3,,N,,,,,,,,,,,
2007127385,1138.0,1,0,0,0,0,0,0,0,0,4,0,,67,10,2007,4,40.0223,-75.1941,1138.0,6,0,0,0,0,0,0,0,0,1.0,0,0,0,11,1,0,0,,2,40 01:20.000,1.0,0,75 11:38.812,0,0,0,0,67301,0,0,0,N,0,0,0,2,67301,0,,1,9,,N,N,,0,,0,0,1,0,0,N,1136,0,2,0,0,0,0,0,3,4,0,2,3,,N,,,,,,,,,,,
2007107769,1923.0,0,0,0,0,0,0,0,0,0,8,0,,67,8,2007,1,39.9873,-75.1157,1922.0,6,0,0,0,0,0,0,0,0,,0,0,0,19,4,1,0,,0,39 59:14.456,,0,75 06:56.433,4,0,0,0,67301,1,0,0,,1,0,0,2,67301,1,,1,1,,,,,0,,0,0,1,0,0,,1920,1,2,0,0,0,0,0,3,4,0,1,3,,N,,,,,,,,,,,
2007097803,1120.0,1,0,0,1,0,0,0,0,0,5,0,,67,8,2007,4,40.0107,-75.2019,1117.0,6,0,0,0,0,0,0,0,0,1.0,0,0,0,11,1,1,0,,1,40 00:37.440,5.0,0,75 12:03.240,8,0,0,0,67301,1,0,0,,0,0,0,2,67301,0,,2,1,,N,N,,0,,0,0,0,0,0,N,1117,1,2,0,0,0,1,1,3,4,0,1,3,,N,,,,,,,,,,,
2007097804,1655.0,1,0,0,0,0,0,0,0,0,2,0,,67,7,2007,3,39.973,-75.2261,1650.0,6,0,0,0,0,0,0,0,0,,0,0,0,16,1,2,1,,0,39 58:22.755,,0,75 13:34.045,3,0,0,1,67301,0,0,0,N,0,0,0,3,67301,1,,1,1,,N,N,,0,,1,0,0,3,2,,1650,2,2,0,0,0,0,0,3,4,0,2,3,,N,,,,,,,,,,,
2007095354,207.0,2,0,0,0,0,0,0,0,0,5,0,,67,8,2007,7,39.9555,-75.1407,158.0,6,0,0,0,0,0,1,0,0,1.0,0,0,0,1,3,1,0,,2,39 57:19.725,1.0,0,75 08:26.683,4,0,0,0,67301,0,0,0,,0,0,0,3,67301,1,,1,1,,,,,1,,0,0,0,0,0,N,155,1,3,0,0,0,0,0,3,4,0,3,3,,N,,,,,,,,,,,
2007098545,2245.0,1,0,0,0,0,0,0,0,0,8,0,,67,7,2007,5,40.0483,-75.0595,2238.0,6,0,0,0,0,0,0,0,0,,0,0,0,22,3,1,0,,0,40 02:53.000,,0,75 03:34.178,4,0,0,0,67301,1,0,0,,1,0,0,2,67301,1,,1,9,,,,,0,,0,0,0,0,0,,2230,1,2,0,0,0,0,0,3,4,0,1,3,,N,,,,,,,,,,,
2007095782,907.0,1,0,0,0,0,0,0,0,0,5,0,,67,5,2007,1,39.9945,-75.098,903.0,6,0,0,0,0,0,0,0,0,,0,0,0,9,1,1,0,,0,39 59:40.120,,0,75 05:52.724,8,0,0,1,67301,0,0,0,,0,0,0,3,67301,0,,1,1,,N,N,,0,,0,0,0,0,0,,900,1,2,0,0,0,1,0,3,4,0,2,3,,N,,,,,,,,,,,
2007098269,1835.0,4,0,0,0,0,0,0,0,0,1,0,,67,8,2007,5,40.0272,-75.0989,1830.0,6,0,0,0,0,0,1,0,0,,0,0,0,18,1,2,2,,0,40 01:38.000,,0,75 05:56.834,4,0,0,0,67301,0,0,0,N,0,0,0,4,67301,1,,1,1,,N,N,,0,,0,0,0,9,2,,1800,2,4,0,0,0,1,0,3,4,0,4,3,,N,,,,,,,,,,,
2007093368,724.0,0,0,0,0,0,0,0,0,0,8,0,,67,7,2007,3,39.9829,-75.1546,700.0,6,0,0,0,0,0,0,0,0,,0,0,0,7,1,1,0,,0,39 58:58.569,,0,75 09:16.676,4,0,0,0,67301,1,0,0,N,1,0,0,2,67301,1,,6,1,,N,N,,0,,0,0,1,0,0,,700,1,2,0,0,0,0,0,3,4,0,1,3,,N,,,,,,,,,,,
2007124169,1700.0,1,0,0,0,0,0,0,0,0,2,0,,67,11,2007,7,39.9948,-75.1857,1700.0,6,0,0,0,0,0,0,0,0,,0,0,0,17,1,1,1,,0,39 59:41.244,,0,75 11:08.516,8,0,0,0,67301,0,0,0,N,0,0,0,2,67301,0,,1,1,,N,N,,1,,0,0,0,3,2,,1700,1,2,0,0,1,1,0,3,4,0,2,3,,N,,,,,,,,,,,
2007126959,2131.0,2,0,0,0,0,0,0,0,0,1,0,,67,10,2007,1,40.1114,-75.0009,2121.0,6,0,0,0,0,0,0,0,0,,0,0,0,21,3,2,2,,0,40 06:40.000,,0,75 00:03.264,4,0,0,0,67301,0,0,0,,0,0,0,5,67301,1,,1,1,,,,,0,,0,0,0,9,3,,2115,2,2,0,0,0,1,1,3,4,0,2,3,,N,,,,,,,,,,,
2007068187,1410.0,2,0,0,0,0,0,0,0,0,6,0,,67,5,2007,6,40.0796,-75.2247,1355.0,6,0,0,0,0,0,1,0,0,,0,0,0,13,1,3,0,,0,40 04:46.406,,0,75 13:28.986,8,0,0,0,67301,0,0,0,N,0,0,0,3,67301,0,,1,1,,N,N,,0,,0,0,0,0,0,,1355,3,2,0,0,0,3,0,3,4,0,2,3,,N,,,,,,,,,,,
2007110553,9999.0,2,0,0,0,0,0,0,0,0,1,0,,67,9,2007,6,40.0115,-75.0698,1348.0,6,0,0,0,0,0,0,0,0,,0,0,0,13,1,1,1,,0,40 00:42.000,,0,75 04:11.475,8,0,0,0,67301,0,0,0,N,0,0,0,4,67301,0,,1,1,,N,N,,0,,0,0,0,3,2,,1345,1,2,0,0,0,1,0,3,4,0,2,3,,N,,,,,,,,,,,
2007110755,2222.0,1,0,0,0,0,0,0,0,0,4,0,,67,7,2007,3,40.0512,-75.1186,2218.0,6,0,0,0,0,0,0,0,0,1.0,0,0,0,22,3,1,1,,1,40 03:04.000,4.0,0,75 07:06.963,8,0,0,0,67301,0,0,0,N,0,0,0,5,46102,0,,1,1,,N,N,,0,,0,0,1,3,2,N,2218,1,2,0,0,0,1,0,3,4,0,2,3,,N,,,,,,,,,,,
2007110914,1733.0,1,0,0,0,0,0,0,0,0,1,0,,67,10,2007,6,40.0475,-75.1124,1725.0,6,0,0,1,0,0,1,0,0,2.0,0,0,0,17,1,2,2,,2,40 02:55.000,4.0,0,75 06:52.124,3,0,0,0,67301,0,0,0,N,0,0,0,3,46102,0,,1,1,,N,N,,0,,1,0,1,0,0,Y,1725,2,2,0,0,0,1,0,3,4,0,2,3,,N,,,,,,,,,,,
2007110845,1715.0,1,0,0,0,0,0,0,0,0,8,0,,67,9,2007,3,40.0284,-75.1293,1702.0,6,0,0,0,0,0,0,0,0,,0,0,0,16,1,1,1,,0,40 01:42.225,,0,75 07:45.587,8,0,0,0,67301,1,0,0,,1,0,0,2,67301,0,,1,1,,N,N,,0,,0,0,0,3,3,,1600,1,2,0,0,0,1,1,3,4,0,1,3,,N,,,,,,,,,,,
2007110847,9999.0,0,0,0,0,0,0,0,0,0,4,0,,67,9,2007,6,40.0352,-75.1455,9999.0,6,0,0,0,0,0,1,0,0,,0,0,0,99,1,3,1,,0,40 02:06.000,,0,75 08:43.671,4,0,0,0,67301,0,0,0,N,0,0,0,5,67301,3,,1,1,,N,N,,0,,0,0,2,3,2,,9999,3,3,0,0,0,0,2,3,4,1,3,3,,N,,,,,,,,,,,