CRN,ARRIVAL_TM,AUTOMOBILE_COUNT,BELTED_DEATH_COUNT,BELTED_SUSP_SERIOUS_INJ_COUNT,BICYCLE_COUNT,BICYCLE_DEATH_COUNT,BICYCLE_SUSP_SERIOUS_INJ_COUNT,BUS_COUNT,CHLDPAS_DEATH_COUNT,CHLDPAS_SUSP_SERIOUS_INJ_COUNT,COLLISION_TYPE,COMM_VEH_COUNT,CONS_ZONE_SPD_LIM,COUNTY,CRASH_MONTH,CRASH_YEAR,DAY_OF_WEEK,DEC_LAT,DEC_LONG,DISPATCH_TM,DISTRICT,DRIVER_COUNT_16YR,DRIVER_COUNT_17YR,DRIVER_COUNT_18YR,DRIVER_COUNT_19YR,DRIVER_COUNT_20YR,DRIVER_COUNT_50_64YR,DRIVER_COUNT_65_74YR,DRIVER_COUNT_75PLUS,EST_HRS_CLOSED,FATAL_COUNT,HEAVY_TRUCK_COUNT,HORSE_BUGGY_COUNT,HOUR_OF_DAY,ILLUMINATION,INJURY_COUNT,INTERSECT_TYPE,INTERSECTION_RELATED,LANE_CLOSED,LATITUDE,LN_CLOSE_DIR,LOCATION_TYPE,LONGITUDE,MAX_SEVERITY_LEVEL,MCYCLE_DEATH_COUNT,MCYCLE_SUSP_SERIOUS_INJ_COUNT,MOTORCYCLE_COUNT,MUNICIPALITY,NONMOTR_COUNT,NONMOTR_DEATH_COUNT,NONMOTR_SUSP_SERIOUS_INJ_COUNT,NTFY_HIWY_MAINT,PED_COUNT,PED_DEATH_COUNT,PED_SUSP_SERIOUS_INJ_COUNT,PERSON_COUNT,POLICE_AGCY,POSSIBLE_INJ_COUNT,RDWY_SURF_TYPE_CD,RELATION_TO_ROAD,ROAD_CONDITION,ROADWAY_CLEARED,SCH_BUS_IND,SCH_ZONE_IND,SECONDARY_CRASH,SMALL_TRUCK_COUNT,SPEC_JURIS_CD,SUSP_MINOR_INJ_COUNT,SUSP_SERIOUS_INJ_COUNT,SUV_COUNT,TCD_FUNC_CD,TCD_TYPE,TFC_DETOUR_IND,TIME_OF_DAY,TOT_INJ_COUNT,TOTAL_UNITS,UNB_DEATH_COUNT,UNB_SUSP_SERIOUS_INJ_COUNT,UNBELTED_OCC_COUNT,UNK_INJ_DEG_COUNT,UNK_INJ_PER_COUNT,URBAN_AREA,URBAN_RURAL,VAN_COUNT,VEHICLE_COUNT,WEATHER1,WEATHER2,WORK_ZONE_IND,WORK_ZONE_LOC,WORK_ZONE_TYPE,WORKERS_PRES,WZ_CLOSE_DETOUR,WZ_FLAGGER,WZ_LAW_OFFCR_IND,WZ_LN_CLOSURE,WZ_MOVING,WZ_OTHER,WZ_SHLDER_MDN,WZ_WORKERS_INJ_KILLED
2007105903,1948.0,2,0,0,0,0,0,0,0,0,2,0,,67,7,2007,7,39.9547,-75.1495,1945.0,6,0,0,0,0,0,0,0,0,,0,0,0,19,1,0,1,,0,39 57:16.000,,0,75 08:58.276,0,0,0,0,67301,0,0,0,N,0,0,0,3,67301,0,,1,1,,N,N,,0,,0,0,0,3,2,,1905,0,2,0,0,0,0,0,3,4,0,2,3,,N,,,,,,,,,,,
2007105961,9999.0,1,0,0,0,0,0,0,0,0,7,0,,67,8,2007,7,40.0066,-75.1668,9999.0,6,0,0,0,0,0,0,0,0,,0,0,0,99,1,0,2,,0,40 00:23.608,,0,75 10:00.627,0,0,0,0,67301,0,0,0,N,0,0,0,1,67301,0,,4,1,,N,N,,0,,0,0,0,0,0,,9999,0,1,0,0,0,0,0,3,4,0,1,3,,N,,,,,,,,,,,
2007105973,1629.0,3,0,0,0,0,0,0,0,0,4,0,,67,7,2007,3,39.9467,-75.1746,1627.0,6,0,0,0,0,0,2,0,0,3.0,0,0,0,16,1,0,1,,2,39 56:48.278,1.0,0,75 10:28.689,0,0,0,0,67301,0,0,0,N,0,0,0,3,67301,0,,1,1,,N,N,,0,,0,0,0,3,2,N,1626,0,3,0,0,0,0,0,3,4,0,3,3,,N,,,,,,,,,,,
2007106135,125.0,1,0,0,0,0,0,0,0,0,8,0,,67,8,2007,7,39.9911,-75.1143,115.0,6,0,0,0,0,0,0,1,0,,0,0,0,22,3,1,1,,0,39 59:28.000,,0,75 06:51.408,3,0,0,0,67301,1,0,0,N,1,0,0,2,67301,0,,1,1,,N,N,,0,,1,0,0,0,0,,2230,1,2,0,0,0,0,0,3,4,0,1,3,,N,,,,,,,,,,,
2007106050,752.0,1,0,0,0,0,0,0,0,0,4,0,,67,9,2007,3,39.9721,-75.2345,750.0,6,0,0,0,0,0,1,0,0,,0,0,0,7,1,2,1,,0,39 58:19.405,,0,75 14:04.243,4,0,0,0,67301,0,0,0,N,0,0,0,3,67301,2,,1,9,,N,N,,0,,0,0,1,3,3,,740,2,2,0,0,0,0,0,3,4,0,2,7,,N,,,,,,,,,,,
2007106173,2200.0,1,0,0,0,0,0,0,0,0,4,0,,67,6,2007,4,40.1166,-75.0233,2153.0,6,0,0,0,0,0,0,0,0,,0,0,0,21,3,2,1,,0,40 06:59.907,,0,75 01:23.901,4,0,0,0,67301,0,0,0,N,0,0,0,3,67301,2,,1,1,,N,N,,0,,0,0,1,3,3,,2151,2,2,0,0,0,0,0,3,4,0,2,3,,N,,,,,,,,,,,
2007106517,1653.0,2,0,0,0,0,0,0,0,0,0,0,,67,9,2007,7,40.0068,-75.1567,1652.0,6,0,0,0,0,0,0,0,0,,0,0,0,16,1,0,1,,0,40 00:24.400,,0,75 09:24.191,0,0,0,0,67301,1,0,0,N,0,0,0,2,67301,0,,1,1,,N,N,,0,,0,0,0,3,3,,1630,0,2,0,0,0,0,0,3,4,0,2,3,,N,,,,,,,,,,,
2007106549,1710.0,1,0,0,0,0,0,0,0,0,1,0,,67,8,2007,2,40.0558,-75.1762,1705.0,6,0,0,0,0,0,0,0,0,,0,1,0,17,1,1,1,,0,40 03:20.000,,0,75 10:34.268,4,0,0,0,67301,0,0,0,N,0,0,0,2,67301,1,,1,1,,N,N,,0,,0,0,0,2,2,,1700,1,2,0,0,0,0,0,3,4,0,2,3,,N,,,,,,,,,,,
2007098687,1415.0,4,0,0,0,0,0,0,0,0,1,0,,67,8,2007,5,40.0281,-75.2101,1410.0,6,0,0,0,0,0,0,0,0,1.0,0,0,0,14,1,0,0,,1,40 01:41.288,1.0,0,75 12:36.249,0,0,0,0,67301,0,0,0,,0,0,0,1,67301,0,,4,1,,N,N,,0,,0,0,0,3,2,Y,1410,0,4,0,0,0,0,0,3,4,0,4,3,,N,,,,,,,,,,,
2007098585,1636.0,1,0,0,0,0,0,0,0,0,6,0,,67,8,2007,3,39.9917,-75.1616,1635.0,6,0,0,0,0,0,0,0,0,,0,0,0,16,1,0,1,,0,39 59:30.152,,0,75 09:41.914,0,0,0,0,67301,0,0,0,N,0,0,0,2,67301,0,,1,9,,N,N,,0,,0,0,1,3,2,,1635,0,4,0,0,0,0,0,3,4,2,4,7,,N,,,,,,,,,,,
2007098729,1214.0,1,0,0,1,0,0,0,0,0,4,0,,67,7,2007,4,40.0319,-75.1222,1214.0,6,0,0,0,0,0,0,0,0,1.0,0,0,0,12,1,1,1,,1,40 01:54.724,4.0,0,75 07:19.750,8,0,0,0,67301,1,0,0,N,0,0,0,2,67301,0,,1,1,,N,N,,0,,0,0,0,3,2,N,1200,1,2,0,0,0,1,0,3,4,0,1,3,,N,,,,,,,,,,,
2007081276,805.0,1,0,0,0,0,0,0,0,0,8,0,,67,5,2007,4,40.0027,-75.1742,800.0,6,0,0,0,0,0,0,0,0,,0,0,0,7,1,1,1,,0,40 00:09.705,,0,75 10:27.076,4,0,0,0,67301,1,0,0,,1,0,0,2,67301,1,,1,9,,,,,0,,0,0,0,0,0,,755,1,2,0,0,0,0,0,3,4,0,1,3,,N,,,,,,,,,,,
2007081279,1903.0,1,0,0,0,0,0,0,0,0,8,0,,67,3,2007,3,39.9775,-75.1812,1901.0,6,0,0,0,0,0,1,0,0,,0,0,0,18,4,1,0,,0,39 58:38.956,,0,75 10:52.492,2,0,0,0,67301,1,0,1,N,1,0,1,3,67301,0,,1,1,,N,N,,0,,0,1,0,0,0,,1858,1,2,0,0,0,0,0,3,4,0,1,3,,N,,,,,,,,,,,
2007081676,1950.0,0,0,0,0,0,0,0,0,0,8,0,,67,5,2007,5,39.9334,-75.2232,1950.0,6,0,0,0,0,0,0,0,0,,0,0,0,19,1,1,1,,0,39 56:00.337,,0,75 13:23.656,2,0,0,0,67301,1,0,1,N,1,0,1,2,67301,0,,1,9,,N,N,,0,,0,1,0,3,2,,1950,1,2,0,0,0,0,0,3,4,1,1,3,,N,,,,,,,,,,,
2007081716,1705.0,2,0,0,0,0,0,0,0,0,6,0,,67,5,2007,1,39.9628,-75.2346,1701.0,6,0,0,0,0,0,0,0,1,,0,0,0,16,1,2,1,,0,39 57:46.033,,0,75 14:04.433,8,0,0,0,67301,0,0,0,N,0,0,0,3,67301,0,,1,1,,N,N,,0,,0,0,0,0,0,,1600,2,2,0,0,0,2,1,3,4,0,2,3,,N,,,,,,,,,,,
2007118092,804.0,2,0,0,0,0,0,0,0,0,4,0,,67,10,2007,4,40.0272,-75.1512,759.0,6,0,0,0,0,0,2,0,0,,0,0,0,7,1,0,1,,0,40 01:37.801,,0,75 09:04.478,0,0,0,0,67301,0,0,0,,0,0,0,2,67301,0,,1,1,,N,N,,0,,0,0,0,3,2,,757,0,2,0,0,0,0,0,3,4,0,2,3,,N,,,,,,,,,,,
2007081570,1825.0,1,0,0,0,0,0,0,0,0,8,0,,67,5,2007,6,40.0197,-75.2106,1821.0,6,0,0,0,0,0,0,0,0,,0,0,0,99,1,1,0,,0,40 01:11.059,,0,75 12:38.131,3,0,0,0,67301,1,0,0,N,1,0,0,2,67301,0,,1,1,,N,N,,0,,1,0,0,0,0,,9999,1,2,0,0,0,0,0,3,4,0,1,3,,N,,,,,,,,,,,
2007126443,408.0,1,0,0,0,0,0,0,0,0,7,0,,67,10,2007,7,39.934,-75.1996,406.0,6,0,0,0,0,0,0,0,0,3.0,0,0,0,4,3,1,0,,2,39 56:02.304,1.0,0,75 11:58.593,3,0,0,0,67301,0,0,0,N,0,0,0,1,67301,0,,4,9,,N,N,,0,,1,0,0,0,0,Y,403,1,1,0,0,1,0,0,3,4,0,1,7,,N,,,,,,,,,,,
2007126544,1234.0,2,0,0,0,0,0,0,0,0,4,0,,67,10,2007,5,39.979,-75.2168,1229.0,6,0,0,0,0,0,0,0,0,,0,0,0,12,1,3,2,,0,39 58:44.000,,0,75 13:00.336,8,0,0,0,67301,0,0,0,N,0,0,0,5,67301,0,,1,9,,N,N,,0,,0,0,0,0,0,,1224,3,2,0,0,0,3,0,3,4,0,2,7,,N,,,,,,,,,,,
2007126551,1755.0,0,0,0,0,0,0,0,0,0,8,0,,67,10,2007,4,39.9715,-75.2258,1743.0,6,0,0,0,0,0,0,0,0,,0,0,0,17,3,1,1,,0,39 58:17.000,,0,75 13:33.023,8,0,0,0,67301,1,0,0,,1,0,0,2,67301,0,,1,9,,,,,0,,0,0,0,3,2,,1735,1,2,0,0,0,1,0,3,4,1,1,7,,N,,,,,,,,,,,
2007107749,835.0,2,0,0,0,0,0,0,0,0,1,0,,67,9,2007,2,39.9578,-75.1472,831.0,6,0,0,0,0,0,1,0,0,,0,0,0,8,1,1,0,,0,39 57:28.191,,0,75 08:50.065,4,0,0,0,67301,0,0,0,,0,0,0,3,67301,1,,1,1,,,,,0,,0,0,0,0,0,,825,1,3,0,0,0,0,0,3,4,1,3,3,,N,,,,,,,,,,,
2007097892,2048.0,2,0,0,0,0,0,0,0,0,1,0,,67,7,2007,3,40.0473,-75.1124,2033.0,6,0,0,0,0,0,0,0,0,,0,0,0,15,1,0,0,,0,40 02:55.000,,0,75 06:51.348,9,0,0,0,67301,0,0,0,N,0,0,0,3,67301,0,,6,1,,N,N,,0,,0,0,0,0,0,,1500,0,2,0,0,0,0,3,3,4,0,2,3,,N,,,,,,,,,,,
2007095363,1120.0,2,0,0,0,0,0,0,0,0,2,0,,67,8,2007,2,40.0759,-75.081,1106.0,6,0,0,0,0,0,1,0,1,2.0,0,0,0,11,1,2,0,,2,40 04:33.000,3.0,0,75 04:51.526,3,0,0,0,67301,0,0,0,N,0,0,0,3,67301,0,,1,1,,N,N,,0,,2,0,1,3,2,Y,1105,2,3,0,0,0,0,0,3,4,0,3,3,,N,,,,,,,,,,,
2007095377,1145.0,1,0,0,0,0,0,0,0,0,4,0,,67,8,2007,3,39.9269,-75.1691,1136.0,6,0,0,0,0,0,0,0,0,,0,0,0,11,1,1,1,,0,39 55:36.000,,0,75 10:08.761,4,0,0,0,67301,0,0,0,N,0,0,0,2,67301,1,,1,9,,N,N,,0,,0,0,0,9,2,,1130,1,2,0,0,0,0,0,3,4,1,2,7,,N,,,,,,,,,,,
2007095755,1302.0,1,0,0,0,0,0,0,0,0,2,0,,67,8,2007,6,39.9406,-75.1711,1300.0,6,0,0,0,0,0,0,0,0,,0,0,0,12,1,1,1,,0,39 56:26.296,,0,75 10:16.039,8,0,0,1,67301,0,0,0,N,0,0,0,3,67301,0,,1,1,,N,N,,0,,0,0,0,3,2,,1257,1,2,0,0,2,1,0,3,4,0,2,3,,N,,,,,,,,,,,
2007098490,1335.0,1,0,0,1,0,0,0,0,0,4,0,,67,8,2007,5,39.9563,-75.2135,1330.0,6,0,0,0,0,0,0,0,1,2.0,0,0,0,13,1,2,1,,2,39 57:22.503,5.0,0,75 12:48.657,4,0,0,0,67301,1,0,0,N,0,0,0,2,67301,2,,1,1,,N,N,,0,,0,0,0,9,3,Y,1330,2,2,0,0,0,0,0,3,4,0,1,3,,N,,,,,,,,,,,
2007095791,1648.0,1,0,0,0,0,0,0,0,0,8,0,,67,8,2007,6,39.9172,-75.2463,1646.0,6,0,0,0,0,0,0,0,0,,0,0,0,16,1,1,1,,0,39 55:01.000,,0,75 14:46.691,2,0,0,0,67301,1,0,1,N,1,0,1,2,67301,0,,1,1,,N,N,,0,,0,1,0,3,2,,1646,1,2,0,0,0,0,0,3,4,0,1,3,,N,,,,,,,,,,,
2007095803,1628.0,2,0,0,0,0,0,0,0,0,1,0,,67,8,2007,7,39.9645,-75.2464,1617.0,6,0,0,0,0,0,1,0,0,,0,0,0,16,1,1,0,,0,39 57:52.102,,0,75 14:47.141,4,0,0,0,67301,0,0,0,N,0,0,0,4,67301,1,,1,1,,N,N,,0,,0,0,1,0,0,,1605,1,3,0,0,0,0,0,3,4,0,3,3,,N,,,,,,,,,,,
2007098290,1545.0,4,0,0,0,0,0,0,0,0,1,0,,67,7,2007,3,40.0895,-75.0335,1545.0,6,0,1,0,0,0,2,0,0,,0,0,0,15,1,3,0,,0,40 05:22.000,,0,75 02:00.727,4,0,0,0,67301,0,0,0,N,0,0,0,4,67301,3,,1,1,,N,N,,0,,0,0,0,0,0,,1515,3,4,0,0,1,0,0,3,4,0,4,3,,N,,,,,,,,,,,
2007095873,2236.0,2,0,0,0,0,0,0,0,0,2,0,,67,8,2007,1,39.9805,-75.2282,2235.0,6,0,0,0,0,0,0,0,0,1.0,0,0,0,22,3,5,1,,2,39 58:49.670,6.0,0,75 13:41.343,8,0,0,0,67301,0,0,0,N,0,0,0,6,67301,0,,1,9,,N,N,,0,,0,0,0,3,2,Y,2229,5,2,0,0,0,5,0,3,4,0,2,7,,N,,,,,,,,,,,
2007093550,9999.0,1,0,0,0,0,0,0,0,0,4,0,,67,7,2007,6,40.0404,-75.0655,608.0,6,0,0,0,0,0,0,0,0,2.0,1,0,0,6,1,1,5,,2,40 02:25.000,7.0,0,75 03:55.923,1,1,0,1,67301,0,0,0,N,0,0,0,2,67301,1,2.0,1,1,,N,N,,0,0.0,0,0,0,3,2,Y,608,1,2,0,0,0,0,0,3,4,0,2,3,,N,,,,,,,,,,,
2007022290,645.0,1,0,0,0,0,0,0,0,0,8,0,,67,1,2007,6,40.0315,-75.1091,639.0,6,0,0,0,0,0,1,0,0,,0,0,0,6,5,1,0,,0,40 01:53.444,,0,75 06:32.937,8,0,0,0,67301,1,0,0,N,1,0,0,2,67301,0,,1,9,,N,N,,0,,0,0,0,0,0,,637,1,2,0,0,0,1,0,3,4,0,1,10,,N,,,,,,,,,,,
2007022322,1810.0,2,0,0,0,0,0,0,0,0,1,0,,67,1,2007,5,40.0316,-75.0633,1810.0,6,0,0,0,0,0,1,0,0,9.0,0,0,0,18,3,3,1,,1,40 01:53.000,2.0,0,75 03:48.013,8,0,0,0,67301,0,0,0,N,0,0,0,4,67301,0,,1,1,,N,N,,0,,0,0,0,3,2,N,1808,3,2,0,0,0,3,0,3,4,0,2,3,,N,,,,,,,,,,,
2007030101,1727.0,1,0,0,0,0,0,0,0,0,4,0,,67,2,2007,6,39.9406,-75.2216,1726.0,6,0,0,0,0,0,1,0,0,,0,0,0,16,3,1,1,,0,39 56:26.314,,0,75 13:17.605,8,0,0,0,67301,0,0,0,,0,0,0,2,67301,0,,1,9,,,,,0,,0,0,0,3,3,,1649,1,2,0,0,0,1,0,3,4,0,2,7,,N,,,,,,,,,,,
2007027600,845.0,1,0,0,0,0,0,0,0,0,1,0,,67,1,2007,2,39.9713,-75.1241,838.0,6,0,0,0,0,0,0,0,0,,0,0,0,8,1,1,0,,0,39 58:13.000,,0,75 07:30.900,4,0,0,0,67301,0,0,0,N,0,0,0,3,67301,1,,1,7,,N,N,,1,,0,0,1,0,0,,838,1,3,0,0,0,0,0,3,4,0,3,10,,N,,,,,,,,,,,
2007066518,600.0,1,0,0,0,0,0,1,0,0,1,1,,67,5,2007,5,40.0283,-75.1201,555.0,6,0,0,0,0,1,1,0,0,,0,0,0,5,5,2,1,,0,40 01:41.000,,0,75 07:12.241,4,0,0,0,67301,0,0,0,N,0,0,0,3,67301,2,,1,1,,N,N,,0,,0,0,0,0,0,,545,2,2,0,0,0,0,0,3,4,0,2,3,,N,,,,,,,,,,,
2007066544,1507.0,1,0,0,0,0,0,0,0,0,1,0,,67,5,2007,7,39.9748,-75.1949,1505.0,6,0,0,0,0,0,0,1,0,,0,0,0,15,1,2,0,,0,39 58:29.244,,0,75 11:41.683,8,0,0,0,67301,0,0,0,N,0,0,0,6,67301,0,,1,1,,N,N,,0,,0,0,0,0,0,,1504,2,2,0,0,0,2,4,3,4,1,2,3,,N,,,,,,,,,,,
2007080261,1030.0,4,0,0,0,0,0,0,0,0,5,0,,67,6,2007,7,40.0437,-75.1881,1021.0,6,0,0,0,0,0,1,0,0,1.0,0,0,0,10,1,1,0,,1,40 02:37.200,3.0,0,75 11:17.200,3,0,0,0,67301,0,0,0,N,0,0,0,1,67301,0,,6,1,,N,N,,0,,1,0,0,2,2,N,1018,1,4,0,0,0,0,0,3,4,0,4,3,,N,,,,,,,,,,,
2007080402,1040.0,2,0,0,0,0,0,0,0,0,1,0,,67,6,2007,7,40.0274,-75.1251,1035.0,6,0,0,0,0,1,1,0,0,,0,0,0,10,1,3,1,,0,40 01:38.690,,0,75 07:30.352,4,0,0,0,67301,0,0,0,N,0,0,0,4,67301,3,,1,1,,N,N,,0,,0,0,0,3,2,,1025,3,2,0,0,0,0,0,3,4,0,2,3,,N,,,,,,,,,,,
2007116921,1302.0,0,0,0,0,0,0,0,0,0,1,0,,67,10,2007,1,39.9696,-75.2254,1300.0,6,0,0,0,0,1,0,0,0,,0,0,0,12,1,1,0,,0,39 58:10.000,,0,75 13:31.383,8,0,0,0,67301,1,0,0,N,0,0,0,2,67301,0,,6,1,,N,N,,0,,0,0,3,3,2,,1259,1,3,0,0,0,1,0,3,4,0,3,3,,N,,,,,,,,,,,
2007126791,1200.0,1,0,0,0,0,0,0,0,0,1,0,,67,11,2007,3,39.9061,-75.1341,1200.0,6,0,0,0,1,0,1,0,0,2.0,0,0,0,12,1,4,0,,2,39 54:21.887,3.0,3,75 08:02.917,3,0,0,0,67301,0,0,0,N,0,0,0,4,67501,2,,1,9,,,,,1,,1,0,0,3,8,N,1200,4,3,0,0,0,1,0,3,4,1,3,7,,N,,,,,,,,,,,
2007124095,325.0,2,0,0,0,0,0,0,0,0,5,0,,67,11,2007,7,40.0536,-75.178,320.0,6,0,0,0,0,0,0,0,0,,0,0,0,3,3,0,1,,0,40 03:12.000,,0,75 10:40.715,9,0,0,0,67301,0,0,0,N,0,0,0,2,67301,0,,1,9,,N,N,,0,,0,0,0,3,2,,310,0,2,0,0,0,0,1,3,4,0,2,7,,N,,,,,,,,,,,
2007126209,1304.0,2,0,0,0,0,0,0,0,0,4,0,,67,11,2007,1,39.9449,-75.2127,1302.0,6,0,0,0,0,0,1,0,0,9.0,0,0,0,13,1,1,1,,2,39 56:41.625,7.0,0,75 12:45.723,4,0,0,0,67301,0,0,0,N,0,0,0,2,67301,1,,1,1,,N,N,,0,,0,0,0,3,2,N,1301,1,2,0,0,1,0,0,3,4,0,2,3,,N,,,,,,,,,,,
2007065783,953.0,3,0,0,0,0,0,0,0,0,4,0,,67,4,2007,1,40.0523,-75.1517,946.0,6,0,0,0,0,0,0,0,0,,0,0,0,9,1,1,1,,0,40 03:08.206,,0,75 09:05.993,8,0,0,0,67301,0,0,0,N,0,0,0,4,67301,0,,1,1,,N,N,,0,,0,0,0,9,3,,945,1,3,0,0,0,1,1,3,4,0,3,3,,N,,,,,,,,,,,
2007065642,1359.0,1,0,0,0,0,0,0,0,0,8,0,,67,4,2007,1,40.0261,-75.1475,1354.0,6,0,0,0,0,0,0,0,0,,0,0,0,13,1,1,1,,0,40 01:33.000,,0,75 08:50.885,4,0,0,0,67301,1,0,0,N,1,0,0,2,67301,1,,1,1,,N,N,,0,,0,0,0,9,2,,1354,1,2,0,0,0,0,0,3,4,0,1,3,,N,,,,,,,,,,,
2007065656,2045.0,2,0,0,0,0,0,0,0,0,5,0,,67,4,2007,2,39.9915,-75.0965,2039.0,6,0,0,0,0,0,0,0,0,,0,0,0,20,3,0,0,,0,39 59:29.529,,0,75 05:47.223,0,0,0,0,67301,0,0,0,N,0,0,0,1,67301,0,,1,1,,N,N,,0,,0,0,0,0,0,,2030,0,2,0,0,0,0,0,3,4,0,2,3,,N,,,,,,,,,,,
2007116238,1318.0,1,0,0,0,0,0,0,0,0,2,0,,67,10,2007,3,39.9459,-75.2403,1318.0,6,0,0,0,0,0,2,0,0,2.0,0,0,0,13,1,1,1,,2,39 56:45.000,3.0,0,75 14:25.019,8,0,0,0,67301,0,0,0,,0,0,0,4,67301,0,,1,1,,N,,,2,,0,0,0,0,0,Y,1318,1,4,0,0,1,1,1,3,4,1,4,3,,N,,,,,,,,,,,
2007110860,1028.0,2,0,0,0,0,0,0,0,0,2,0,,67,9,2007,6,40.0263,-75.0973,1025.0,6,0,0,0,1,0,0,0,0,1.0,0,0,0,10,1,1,1,,1,40 01:34.000,1.0,0,75 05:51.163,8,0,0,0,67301,0,0,0,N,0,0,0,3,67301,0,,1,9,,N,N,,0,,0,0,0,3,2,Y,1020,1,2,0,0,0,1,1,3,4,0,2,7,,N,,,,,,,,,,,
2007105908,1355.0,0,0,0,0,0,0,0,0,0,4,0,,67,6,2007,3,39.9784,-75.1146,1345.0,6,0,0,0,0,0,0,0,0,,0,0,0,13,1,1,1,,0,39 58:42.000,,0,75 06:52.947,4,0,0,0,67301,0,0,0,,0,0,0,2,67301,1,,1,1,,,,,0,,0,0,1,0,0,,1345,1,2,0,0,2,0,0,3,4,1,2,3,,N,,,,,,,,,,,
2007108540,1036.0,1,0,0,0,0,0,0,0,0,1,0,,67,9,2007,3,40.006,-75.1766,1036.0,6,0,0,0,0,0,1,0,0,,0,0,0,10,1,0,1,,0,40 00:21.754,,0,75 10:35.816,0,0,0,0,67301,0,0,0,,0,0,0,4,67301,0,,1,1,,,,,1,,0,0,1,3,2,,1030,0,3,0,0,0,0,0,3,4,0,3,3,,N,,,,,,,,,,,
2007105861,2337.0,0,0,0,0,0,0,0,0,0,1,0,,67,6,2007,7,40.1293,-75.0211,2330.0,6,0,0,0,0,0,1,0,0,1.0,0,0,0,23,3,2,2,,1,40 07:45.000,3.0,0,75 01:16.921,4,0,0,0,67301,0,0,0,N,0,0,0,3,67301,1,,1,1,,N,N,,1,,0,0,1,0,0,N,2310,2,2,0,0,0,1,0,3,4,0,2,3,,N,,,,,,,,,,,
2007106014,2155.0,2,0,0,0,0,0,0,0,0,1,0,,67,6,2007,6,39.9728,-75.1209,2145.0,6,0,0,0,0,0,1,0,0,1.0,0,0,0,21,3,1,0,,1,39 58:25.050,1.0,0,75 07:10.727,8,0,0,0,67301,0,0,0,N,0,0,0,3,67301,0,,1,1,,N,N,,0,,0,0,0,0,0,N,2140,1,3,0,0,0,1,0,3,4,0,2,3,,N,,,,,,,,,,,
2007106154,1336.0,1,0,0,0,0,0,0,0,0,1,0,,67,8,2007,1,40.0326,-75.1374,1330.0,6,0,0,0,0,0,0,0,0,,0,0,0,13,1,1,2,,0,40 01:57.453,,0,75 08:14.535,4,0,0,0,67301,0,0,0,N,0,0,0,2,67301,1,,1,1,,N,N,,0,,0,0,1,3,2,,1300,1,2,0,0,0,0,0,3,4,0,2,3,,N,,,,,,,,,,,
2007108861,1307.0,1,0,0,0,0,0,0,0,0,7,0,,67,9,2007,3,39.9169,-75.216,1247.0,6,0,0,0,0,0,0,0,0,1.0,0,0,0,12,1,1,0,,1,39 55:04.000,4.0,0,75 12:37.601,3,0,0,0,67301,0,0,0,N,0,0,0,1,67301,0,,2,9,,,,,0,,1,0,0,0,0,Y,1247,1,1,0,0,0,0,0,3,4,0,1,7,,N,,,,,,,,,,,
2007106567,318.0,1,0,0,0,0,0,0,0,0,0,0,,67,9,2007,7,39.9359,-75.1569,321.0,6,0,0,0,0,0,0,0,0,,0,0,0,3,3,1,1,,0,39 56:09.409,,0,75 09:24.814,8,0,0,0,67301,0,0,0,N,0,0,0,2,67301,0,,1,1,,N,N,,0,,0,0,0,3,2,,315,1,1,0,0,1,1,0,3,4,0,1,3,,N,,,,,,,,,,,
2007106044,1649.0,1,0,0,0,0,0,0,0,0,5,0,,67,6,2007,3,40.0295,-75.1467,1644.0,6,0,0,0,0,0,1,1,0,,0,0,0,16,1,1,1,,0,40 01:46.000,,0,75 08:48.184,4,0,0,0,67301,0,0,0,N,0,0,0,2,67301,1,,1,1,,N,N,,0,,0,0,0,3,2,,1640,1,2,0,0,0,0,0,3,4,1,2,3,,N,,,,,,,,,,,
2007106063,817.0,2,0,0,0,0,0,0,0,0,4,0,,67,8,2007,3,40.0569,-75.1881,817.0,6,0,0,0,0,0,0,0,0,,0,0,0,7,1,2,1,,0,40 03:24.000,,0,75 11:16.997,8,0,0,0,67301,0,0,0,N,0,0,0,3,67301,0,,1,9,,N,N,,0,,0,0,0,3,2,,755,2,2,0,0,0,2,1,3,4,0,2,7,,N,,,,,,,,,,,
2007106468,1856.0,1,0,0,0,0,0,0,0,0,7,0,,67,8,2007,1,40.0548,-75.1501,1849.0,6,0,0,0,0,0,0,0,0,,0,0,0,18,1,1,0,,0,40 03:17.100,,0,75 09:00.400,3,0,0,0,67301,0,0,0,N,0,0,0,2,67301,0,,1,1,,N,N,,0,,1,0,0,0,0,,1842,1,1,0,0,0,0,0,3,4,0,1,3,,N,,,,,,,,,,,
2007106479,931.0,3,0,0,0,0,0,0,0,0,2,0,,67,8,2007,7,40.0314,-75.1524,930.0,6,0,0,0,0,0,0,0,0,,0,0,0,9,1,1,1,,0,40 01:52.935,,0,75 09:08.539,3,0,0,0,67301,0,0,0,N,0,0,0,4,67301,0,,1,1,,N,N,,0,,1,0,0,3,2,,907,1,3,0,0,0,0,3,3,4,0,3,3,,N,,,,,,,,,,,