CRN,ARRIVAL_TM,AUTOMOBILE_COUNT,BELTED_DEATH_COUNT,BELTED_SUSP_SERIOUS_INJ_COUNT,BICYCLE_COUNT,BICYCLE_DEATH_COUNT,BICYCLE_SUSP_SERIOUS_INJ_COUNT,BUS_COUNT,CHLDPAS_DEATH_COUNT,CHLDPAS_SUSP_SERIOUS_INJ_COUNT,COLLISION_TYPE,COMM_VEH_COUNT,CONS_ZONE_SPD_LIM,COUNTY,CRASH_MONTH,CRASH_YEAR,DAY_OF_WEEK,DEC_LAT,DEC_LONG,DISPATCH_TM,DISTRICT,DRIVER_COUNT_16YR,DRIVER_COUNT_17YR,DRIVER_COUNT_18YR,DRIVER_COUNT_19YR,DRIVER_COUNT_20YR,DRIVER_COUNT_50_64YR,DRIVER_COUNT_65_74YR,DRIVER_COUNT_75PLUS,EST_HRS_CLOSED,FATAL_COUNT,HEAVY_TRUCK_COUNT,HORSE_BUGGY_COUNT,HOUR_OF_DAY,ILLUMINATION,INJURY_COUNT,INTERSECT_TYPE,INTERSECTION_RELATED,LANE_CLOSED,LATITUDE,LN_CLOSE_DIR,LOCATION_TYPE,LONGITUDE,MAX_SEVERITY_LEVEL,MCYCLE_DEATH_COUNT,MCYCLE_SUSP_SERIOUS_INJ_COUNT,MOTORCYCLE_COUNT,MUNICIPALITY,NONMOTR_COUNT,NONMOTR_DEATH_COUNT,NONMOTR_SUSP_SERIOUS_INJ_COUNT,NTFY_HIWY_MAINT,PED_COUNT,PED_DEATH_COUNT,PED_SUSP_SERIOUS_INJ_COUNT,PERSON_COUNT,POLICE_AGCY,POSSIBLE_INJ_COUNT,RDWY_SURF_TYPE_CD,RELATION_TO_ROAD,ROAD_CONDITION,ROADWAY_CLEARED,SCH_BUS_IND,SCH_ZONE_IND,SECONDARY_CRASH,SMALL_TRUCK_COUNT,SPEC_JURIS_CD,SUSP_MINOR_INJ_COUNT,SUSP_SERIOUS_INJ_COUNT,SUV_COUNT,TCD_FUNC_CD,TCD_TYPE,TFC_DETOUR_IND,TIME_OF_DAY,TOT_INJ_COUNT,TOTAL_UNITS,UNB_DEATH_COUNT,UNB_SUSP_SERIOUS_INJ_COUNT,UNBELTED_OCC_COUNT,UNK_INJ_DEG_COUNT,UNK_INJ_PER_COUNT,URBAN_AREA,URBAN_RURAL,VAN_COUNT,VEHICLE_COUNT,WEATHER1,WEATHER2,WORK_ZONE_IND,WORK_ZONE_LOC,WORK_ZONE_TYPE,WORKERS_PRES,WZ_CLOSE_DETOUR,WZ_FLAGGER,WZ_LAW_OFFCR_IND,WZ_LN_CLOSURE,WZ_MOVING,WZ_OTHER,WZ_SHLDER_MDN,WZ_WORKERS_INJ_KILLED
2007098723,1520.0,1,0,0,0,0,0,0,0,0,4,0,,67,8,2007,4,39.9174,-75.1756,1516.0,6,0,0,0,0,0,0,0,0,,0,0,0,99,1,1,2,,0,39 55:02.776,,0,75 10:32.051,4,0,0,0,67301,0,0,0,N,0,0,0,4,67301,1,,1,1,,N,N,,0,,0,0,0,3,3,,9999,1,2,0,0,0,0,2,3,4,0,2,3,,N,,,,,,,,,,,
2007081719,1305.0,2,0,0,0,0,0,0,0,0,4,0,,67,6,2007,5,39.9678,-75.2187,1255.0,6,0,0,0,0,0,1,0,0,,0,0,0,12,1,1,1,,0,39 58:04.051,,0,75 13:07.395,4,0,0,0,67301,0,0,0,,0,0,0,2,67301,1,,1,1,,,,,0,,0,0,0,9,3,,1245,1,2,0,0,0,0,1,3,4,0,2,3,,N,,,,,,,,,,,
2007118013,215.0,2,0,0,0,0,0,0,0,0,1,0,,67,9,2007,1,40.0562,-75.0191,215.0,6,0,0,0,0,0,0,1,0,,0,0,0,2,3,0,0,,0,40 03:22.449,,0,75 01:08.605,0,0,0,0,67301,0,0,0,N,0,0,0,1,67301,0,,6,1,,N,N,,0,,0,0,0,0,0,,215,0,2,0,0,1,0,0,3,4,0,2,3,,N,,,,,,,,,,,
2007123993,1610.0,0,0,0,0,0,0,1,0,0,8,1,,67,10,2007,4,40.0284,-75.1323,1610.0,6,0,0,0,0,0,0,0,0,,0,0,0,16,1,1,0,,0,40 01:42.198,,0,75 07:56.132,8,0,0,0,67301,1,0,0,N,1,0,0,2,67301,0,,1,1,,N,N,,0,,0,0,0,0,0,,1610,1,2,0,0,0,1,0,3,4,0,1,3,,N,,,,,,,,,,,
2007126534,1020.0,2,0,0,0,0,0,0,0,0,1,0,,67,10,2007,4,40.0214,-75.1401,1000.0,6,0,0,0,0,0,2,0,0,,0,0,0,10,1,1,0,,0,40 01:16.000,,0,75 08:24.428,4,0,0,0,67301,0,0,0,N,0,0,0,2,67301,1,,1,1,,N,N,,0,,0,0,0,3,2,,1000,1,2,0,0,0,0,0,3,4,0,2,3,,N,,,,,,,,,,,
2007126554,1845.0,2,0,0,0,0,0,0,0,0,1,0,,67,10,2007,5,39.9982,-75.1908,1836.0,6,0,0,0,0,0,0,0,0,,0,0,0,18,3,0,0,,0,39 59:53.000,,0,75 11:26.769,0,0,0,0,67301,0,0,0,N,0,0,0,5,67301,0,,1,1,,N,N,,0,,0,0,1,0,0,,1835,0,3,0,0,0,0,0,3,4,0,3,3,,N,,,,,,,,,,,
2007126560,1308.0,2,0,0,0,0,0,0,0,0,4,0,,67,10,2007,1,40.0276,-75.1471,1301.0,6,0,0,0,1,0,0,0,0,,0,0,0,99,4,2,1,,0,40 01:39.188,,0,75 08:49.702,4,0,0,0,67301,0,0,0,N,0,0,0,4,67301,2,,1,1,,N,N,,0,,0,0,0,9,3,,9999,2,3,0,0,0,0,1,3,4,1,3,3,,N,,,,,,,,,,,
2007105293,723.0,1,0,0,0,0,0,0,0,0,8,0,,67,8,2007,6,39.9611,-75.2471,718.0,6,0,0,0,0,0,0,0,0,,0,0,0,7,1,1,0,,0,39 57:40.122,,0,75 14:49.435,8,0,0,0,67301,1,0,0,N,1,0,0,2,67301,0,,3,1,,N,N,,0,,0,0,0,0,0,,715,1,2,0,0,0,1,0,3,4,0,1,3,,N,,,,,,,,,,,
2007097780,1418.0,1,0,0,0,0,0,0,0,0,4,0,,67,8,2007,5,39.9694,-75.2045,1415.0,6,0,0,0,0,0,1,0,0,,0,0,0,99,1,2,2,,0,39 58:09.757,,0,75 12:16.372,4,0,0,0,67301,0,0,0,N,0,0,0,3,67301,1,,1,1,,N,N,,0,,0,0,0,9,3,,9999,2,2,0,0,0,1,1,3,4,1,2,3,,N,,,,,,,,,,,
2007097798,1920.0,1,0,0,1,0,0,0,0,0,4,0,,67,7,2007,2,39.9743,-75.1431,1917.0,6,0,0,0,1,0,0,0,0,,0,0,0,19,1,1,0,,0,39 58:27.314,,0,75 08:35.314,4,0,0,0,67301,1,0,0,N,0,0,0,2,67301,1,,1,1,,N,N,,0,,0,0,0,0,0,,1905,1,2,0,0,0,0,0,3,4,0,1,3,,N,,,,,,,,,,,
2007097911,1520.0,2,0,0,0,0,0,0,0,0,1,0,,67,7,2007,3,39.9421,-75.1939,1512.0,6,0,0,0,0,0,0,0,0,1.0,0,0,0,15,1,1,0,,1,39 56:37.320,4.0,0,75 11:33.000,3,0,0,1,67301,0,0,0,N,0,0,0,8,67301,0,,1,1,,N,N,,2,,1,0,0,3,2,N,1510,1,5,0,0,0,0,0,3,4,0,5,3,,N,,,,,,,,,,,
2007097891,2025.0,2,0,0,0,0,0,0,0,0,1,0,,67,8,2007,6,39.9564,-75.2085,2015.0,6,0,0,0,0,0,0,0,0,,0,0,0,20,1,1,1,,0,39 57:23.000,,0,75 12:30.390,8,0,0,0,67301,0,0,0,,0,0,0,3,67301,0,,1,1,,,,,0,,0,0,0,9,2,,2015,1,2,0,0,0,1,0,3,4,0,2,3,,N,,,,,,,,,,,
2007095797,823.0,1,0,0,0,0,0,0,0,0,4,0,,67,8,2007,6,39.9924,-75.0989,823.0,6,0,0,0,0,0,1,0,0,9.0,0,0,0,7,1,2,0,,1,39 59:32.476,2.0,0,75 05:55.973,3,0,0,0,67301,0,0,0,N,0,0,0,3,67301,0,,1,9,,N,N,,1,,1,0,0,3,2,Y,705,2,2,0,0,0,1,1,3,4,0,2,7,,N,,,,,,,,,,,
2007098287,1605.0,1,0,0,0,0,0,0,0,0,8,0,,67,6,2007,7,40.0195,-75.1185,1600.0,6,0,0,0,0,0,0,0,0,,0,0,0,15,1,1,0,,0,40 01:10.155,,0,75 07:06.778,4,0,0,0,67301,1,0,0,N,1,0,0,2,67301,1,,6,1,,N,N,,0,,0,0,0,0,0,,1550,1,2,0,0,0,0,0,3,4,0,1,3,,N,,,,,,,,,,,
2007022229,216.0,2,0,0,0,0,0,0,0,0,1,0,,67,1,2007,2,39.8993,-75.1756,206.0,6,0,0,0,0,0,0,0,0,,0,0,0,2,3,1,0,,0,39 53:57.000,,3,75 10:30.550,4,0,0,0,67301,0,0,0,,0,0,0,2,67301,1,,1,9,,,,,0,,0,0,0,0,0,,200,1,2,0,0,0,0,0,3,4,0,2,10,,N,,,,,,,,,,,
2007030083,1055.0,1,0,0,0,0,0,0,0,0,7,0,,67,1,2007,6,,,1053.0,6,0,0,0,0,0,0,0,0,1.0,0,0,0,99,1,0,0,,1,,3.0,0,,0,0,0,0,67301,0,0,0,N,0,0,0,1,67301,0,,2,9,,N,N,,0,,0,0,0,0,0,N,9999,0,1,0,0,0,0,0,3,3,0,1,7,,N,,,,,,,,,,,
2007030097,1339.0,1,0,0,0,0,0,0,0,0,8,0,,67,1,2007,2,39.9538,-75.2201,1331.0,6,0,0,0,0,0,0,0,0,,0,0,0,1,3,1,2,,0,39 57:13.845,,0,75 13:12.349,2,0,0,0,67301,1,0,1,N,1,0,1,2,67301,0,,1,9,,N,N,,0,,0,1,0,3,2,,125,1,2,0,0,0,0,1,3,4,0,1,7,,N,,,,,,,,,,,
2007027498,1312.0,2,0,0,0,0,0,0,0,0,4,0,,67,1,2007,1,39.9397,-75.2255,1304.0,6,0,0,0,0,0,0,0,0,,0,0,0,13,1,1,1,,0,39 56:23.042,,0,75 13:31.760,4,0,0,0,67301,0,0,0,N,0,0,0,3,67301,1,,1,1,,,,,0,,0,0,0,3,2,,1300,1,2,0,0,0,0,1,3,4,0,2,3,,N,,,,,,,,,,,
2007027526,757.0,0,0,0,0,0,0,0,0,0,8,0,,67,1,2007,3,40.0381,-75.1236,757.0,6,0,0,0,0,0,1,0,0,,0,0,0,7,3,1,3,,0,40 02:17.300,,0,75 07:24.959,8,0,0,0,67301,1,0,0,N,1,0,0,2,67301,0,,1,1,,N,N,,1,,0,0,0,0,0,,755,1,2,0,0,0,1,0,3,4,0,1,3,,N,,,,,,,,,,,
2007081557,1951.0,1,0,0,0,0,0,0,0,0,8,0,,67,6,2007,5,39.9148,-75.2363,1947.0,6,0,0,0,0,0,0,0,0,,0,0,0,18,1,1,0,,0,39 54:53.211,,0,75 14:10.802,4,0,0,0,67301,1,0,0,N,1,0,0,2,67301,1,,1,1,,N,N,,0,,0,0,0,0,0,,1834,1,2,0,0,0,0,0,3,4,0,1,3,,N,,,,,,,,,,,
2007123953,2242.0,3,0,0,0,0,0,0,0,0,5,0,,67,11,2007,6,39.9526,-75.1907,2240.0,6,0,0,0,0,0,0,0,0,2.0,0,0,0,22,3,1,0,,2,39 57:09.000,4.0,0,75 11:26.114,4,0,0,0,67301,0,0,0,N,0,0,0,2,67504,1,,6,1,,N,N,,0,,0,0,0,0,0,N,2238,1,3,0,0,0,0,0,3,4,0,3,3,,N,,,,,,,,,,,
2007109993,1400.0,2,0,0,0,0,0,0,0,0,1,0,,67,9,2007,3,39.988,-75.1559,1356.0,6,0,0,0,0,0,0,0,0,,0,0,0,13,1,0,0,,0,39 59:16.000,,0,75 09:21.197,0,0,0,0,67301,0,0,0,N,0,0,0,3,67301,0,,1,1,,N,N,,0,,0,0,1,0,0,,1345,0,3,0,0,0,0,0,3,4,0,3,3,,N,,,,,,,,,,,
2007107541,2150.0,1,0,0,0,0,0,0,0,0,8,0,,67,9,2007,6,39.9558,-75.2443,2143.0,6,0,0,0,0,0,0,0,0,,0,0,0,21,3,1,0,,0,39 57:20.732,,0,75 14:39.447,8,0,0,0,67301,1,0,0,N,1,0,0,2,67301,0,,1,1,,N,N,,0,,0,0,0,3,3,,2130,1,2,0,0,0,1,1,3,4,0,1,3,,N,,,,,,,,,,,
2007107740,445.0,1,0,0,0,0,0,0,0,0,5,1,,67,9,2007,1,39.9092,-75.1494,440.0,6,0,0,0,0,0,0,0,0,,0,1,0,4,3,1,0,,0,39 54:36.000,,0,75 09:00.268,8,0,0,0,67301,0,0,0,N,0,0,0,2,67301,0,,1,1,,N,N,,0,,0,0,0,0,0,,440,1,2,0,0,0,1,0,3,4,0,2,3,,N,,,,,,,,,,,
2007107783,1839.0,1,0,0,1,0,0,0,0,0,5,0,,67,9,2007,4,39.9534,-75.1967,1836.0,6,0,0,0,0,0,0,0,0,,0,0,0,18,1,1,2,,0,39 57:12.000,,0,75 11:48.105,4,0,0,0,67301,1,0,0,N,0,0,0,2,67301,1,,1,1,,N,N,,0,,0,0,0,0,0,,1835,1,2,0,0,0,0,0,3,4,0,1,3,,N,,,,,,,,,,,
2007107832,1044.0,0,0,0,0,0,0,0,0,0,0,0,,67,9,2007,3,39.9755,-75.1152,1043.0,6,0,0,0,0,0,0,0,0,,0,0,0,10,1,1,0,,0,39 58:33.000,,0,75 06:54.075,3,0,0,1,67301,0,0,0,N,0,0,0,1,67301,0,,1,9,,N,N,,0,,1,0,0,0,0,,1043,1,1,0,0,0,0,0,3,4,0,1,3,,N,,,,,,,,,,,
2007105295,1355.0,1,0,0,0,0,0,0,0,0,1,0,,67,7,2007,4,39.9931,-75.148,1350.0,6,0,0,0,0,0,0,0,0,,0,0,0,13,1,1,0,,0,39 59:35.150,,0,75 08:52.931,4,0,0,0,67301,0,0,0,,0,0,0,2,67301,1,,1,1,,,,,0,,0,0,1,0,0,,1340,1,3,0,0,0,0,0,3,4,1,3,3,,N,,,,,,,,,,,
2007097839,730.0,2,0,0,0,0,0,0,0,0,4,0,,67,7,2007,2,40.036,-75.0701,726.0,6,0,0,0,0,0,0,0,0,,0,0,0,6,1,0,0,,0,40 02:09.750,,7,75 04:12.410,0,0,0,0,67301,0,0,0,,0,0,0,3,67301,0,,4,1,,,,,0,,0,0,0,0,0,,641,0,2,0,0,0,0,0,3,4,0,2,3,,N,,,,,,,,,,,
2007095374,8.0,0,0,0,0,0,0,0,0,0,7,0,,67,8,2007,1,39.9336,-75.1457,2.0,6,0,0,0,0,0,0,0,0,,0,0,0,0,3,1,1,,0,39 56:00.960,,0,75 08:44.440,3,0,0,1,67301,0,0,0,N,0,0,0,1,67301,0,,1,1,,N,N,,0,,1,0,0,0,0,,2,1,1,0,0,0,0,0,3,4,0,1,3,,N,,,,,,,,,,,
2007095565,1026.0,2,0,0,0,0,0,0,0,0,4,0,,67,7,2007,1,39.9976,-75.1467,1021.0,6,0,0,0,0,0,1,0,0,,0,0,0,10,1,3,1,,0,39 59:51.514,,0,75 08:48.199,8,0,0,0,67301,0,0,0,N,0,0,0,3,67301,0,,1,9,,N,N,,0,,0,0,0,9,3,,1015,3,2,0,0,0,3,0,3,4,0,2,7,,N,,,,,,,,,,,
2007093143,1628.0,1,0,0,0,0,0,0,0,0,1,0,,67,7,2007,2,40.0392,-75.11,1620.0,6,0,0,0,0,0,0,0,0,,0,0,0,15,1,1,1,,0,40 02:20.000,,0,75 06:36.006,8,0,0,0,67301,0,0,0,N,0,0,0,3,67301,0,,1,1,,N,N,,0,,0,0,0,3,2,,1507,1,2,0,0,0,1,0,3,4,1,2,3,,N,,,,,,,,,,,
2007095687,1623.0,0,0,0,0,0,0,0,0,0,1,0,,67,8,2007,2,39.904,-75.2401,1610.0,6,0,0,0,0,0,1,0,0,,0,0,0,16,1,1,1,,0,39 54:14.000,,0,75 14:25.050,8,0,0,0,67301,0,0,0,N,0,0,0,3,67301,0,,1,1,,N,N,,0,,0,0,2,3,2,,1600,1,2,0,0,0,1,0,3,4,0,2,3,,N,,,,,,,,,,,
2007095789,2256.0,1,0,0,0,0,0,0,0,0,7,0,,67,8,2007,7,40.0977,-75.0122,2256.0,6,0,0,0,0,0,0,0,0,,0,0,0,22,3,1,0,,0,40 05:51.000,,0,75 00:43.912,8,0,0,0,67301,0,0,0,,0,0,0,1,67301,0,,2,1,,N,N,,0,,0,0,0,0,0,,2255,1,1,0,0,0,1,0,3,4,0,1,3,,N,,,,,,,,,,,
2007095807,2110.0,1,0,0,0,0,0,0,0,0,8,0,,67,8,2007,5,39.9953,-75.1354,2107.0,6,0,0,0,0,0,0,0,0,,0,0,0,20,3,1,0,,0,39 59:43.242,,0,75 08:07.512,3,0,0,0,67301,1,0,0,N,1,0,0,2,67301,0,,1,1,,N,N,,0,,1,0,0,0,0,,2015,1,2,0,0,0,0,1,3,4,0,1,3,,N,,,,,,,,,,,
2007095853,900.0,1,0,0,0,0,0,0,0,0,8,0,,67,7,2007,2,39.9922,-75.1088,851.0,6,0,0,0,0,0,0,0,0,,0,0,0,8,1,1,0,,0,39 59:31.862,,0,75 06:31.593,4,0,0,0,67301,1,0,0,N,1,0,0,2,67301,1,,1,1,,N,N,,0,,0,0,0,0,0,,800,1,2,0,0,0,0,1,3,4,0,1,3,,N,,,,,,,,,,,
2007027538,838.0,1,0,0,0,0,0,0,0,0,4,0,,67,1,2007,6,40.0424,-75.1893,835.0,6,0,0,0,0,0,0,0,0,,0,0,0,7,1,0,0,,0,40 02:32.735,,0,75 11:21.525,0,0,0,0,67301,0,0,0,N,0,0,0,1,67301,0,,2,2,,N,N,,0,,0,0,1,0,0,,730,0,2,0,0,0,0,0,3,4,0,2,10,,N,,,,,,,,,,,
2007027716,1218.0,2,0,0,0,0,0,0,0,0,6,0,,67,1,2007,3,40.015,-75.1352,1214.0,6,0,0,0,0,0,0,0,0,,0,0,0,11,1,2,1,,0,40 00:54.079,,0,75 08:06.611,3,0,0,0,67301,0,0,0,N,0,0,0,2,67301,1,,1,1,,N,N,,0,,1,0,0,0,0,,1156,2,2,0,0,0,0,0,3,4,0,2,3,,N,,,,,,,,,,,
2007027592,245.0,1,0,0,0,0,0,0,0,0,2,0,,67,1,2007,6,39.9998,-75.1033,241.0,6,0,0,0,0,0,0,0,0,1.0,0,0,0,2,3,0,0,,2,39 59:59.413,2.0,0,75 06:11.790,0,0,0,0,67301,0,0,0,N,0,0,0,1,67301,0,,6,1,,N,N,,0,,0,0,0,0,0,Y,235,0,2,0,0,0,0,0,3,4,1,2,3,,N,,,,,,,,,,,
2007027750,1140.0,2,0,0,0,0,0,0,0,0,4,0,,67,1,2007,3,39.9131,-75.2433,1133.0,6,0,0,0,0,0,1,0,0,,0,0,0,11,1,1,1,,0,39 54:47.160,,0,75 14:35.880,3,0,0,0,67301,0,0,0,N,0,0,0,2,67301,0,,1,1,,N,N,,0,,1,0,0,0,0,,1100,1,2,0,0,0,0,1,3,4,0,2,3,,N,,,,,,,,,,,
2007096752,1140.0,2,0,0,0,0,0,0,0,0,1,0,,67,8,2007,7,39.9978,-75.111,1140.0,6,0,0,0,0,0,0,0,0,,0,0,0,10,1,1,1,,0,39 59:52.195,,0,75 06:39.459,8,0,0,0,67301,0,0,0,,0,0,0,4,67301,0,,1,1,,N,N,,0,,0,0,0,3,2,,1040,1,2,0,0,0,1,0,3,4,0,2,3,,N,,,,,,,,,,,
2007058328,2258.0,2,0,0,0,0,0,0,0,0,1,0,,67,4,2007,4,39.9585,-75.2252,2257.0,6,0,0,0,0,1,0,0,0,2.0,0,0,0,22,3,1,1,,1,39 57:30.000,1.0,0,75 13:30.586,4,0,0,0,67301,0,0,0,N,0,0,0,5,67301,1,,1,1,,N,N,,1,,0,0,0,3,2,N,2256,1,3,0,0,1,0,0,3,4,0,3,3,,N,,,,,,,,,,,
2007056183,1607.0,1,0,0,0,0,0,0,0,0,0,0,,67,4,2007,5,39.9126,-75.1743,1607.0,6,0,0,0,0,0,0,0,0,,0,0,0,16,1,0,0,,0,39 54:45.288,,0,75 10:27.451,0,0,0,0,67301,0,0,0,N,0,0,0,1,67501,0,,1,1,,N,N,,0,,0,0,0,0,0,,1607,0,1,0,0,0,0,0,3,4,0,1,3,,N,,,,,,,,,,,
2007056406,835.0,1,0,0,0,0,0,0,0,0,1,0,,67,3,2007,3,40.096,-75.0246,835.0,6,0,0,0,0,0,0,0,0,,0,0,0,8,1,1,0,,0,40 05:45.751,,0,75 01:28.617,4,0,0,0,67301,0,0,0,N,0,0,0,2,67301,1,,1,1,,N,N,,0,,0,0,1,0,0,,830,1,2,0,0,0,0,0,3,4,0,2,3,,N,,,,,,,,,,,
2007056470,1031.0,0,0,0,0,0,0,0,0,0,8,0,,67,3,2007,4,40.076,-75.2064,1030.0,6,0,0,0,0,0,0,0,0,,0,0,0,10,1,1,1,,0,40 04:32.880,,0,75 12:21.960,4,0,0,0,67301,1,0,0,N,1,0,0,2,67301,1,,1,1,,N,N,,0,,0,0,1,3,2,,1030,1,2,0,0,0,0,0,3,4,0,1,98,,N,,,,,,,,,,,
2007056576,1952.0,2,0,0,0,0,0,0,0,0,1,0,,67,3,2007,3,40.0096,-75.1803,1948.0,6,0,0,0,0,0,1,0,0,,0,0,0,99,3,1,2,,0,40 00:34.000,,0,75 10:49.080,8,0,0,0,67301,0,0,0,N,0,0,0,2,67301,0,,1,1,,N,N,,0,,0,0,0,3,2,,9999,1,2,0,0,0,1,0,3,4,0,2,3,,N,,,,,,,,,,,
2007056588,1510.0,2,0,0,0,0,0,0,0,0,4,0,,67,4,2007,5,39.9709,-75.2409,1510.0,6,0,0,0,1,0,0,0,0,1.0,0,0,0,15,1,1,1,,1,39 58:15.000,4.0,0,75 14:27.110,8,0,0,0,67301,0,0,0,N,0,0,0,2,67301,0,,1,1,,N,N,,0,,0,0,0,0,0,Y,1510,1,2,0,0,0,1,0,3,4,0,2,3,,N,,,,,,,,,,,
2007056609,2355.0,1,0,0,0,0,0,0,0,0,7,0,,67,4,2007,1,40.0384,-75.0856,2352.0,6,0,0,0,0,0,0,0,0,2.0,0,0,0,23,3,1,2,,2,40 02:18.099,2.0,0,75 05:08.113,8,0,0,0,67301,0,0,0,N,0,0,0,1,67301,0,,2,9,,N,N,,0,,0,0,0,3,3,Y,2350,1,1,0,0,0,1,0,3,4,0,1,7,,N,,,,,,,,,,,
2007056498,2128.0,2,0,0,0,0,0,0,0,0,2,0,,67,3,2007,6,40.0315,-75.0632,2127.0,6,0,0,0,0,0,0,0,0,,0,0,0,21,3,0,5,,0,40 01:53.383,,0,75 03:47.425,0,0,0,0,67301,0,0,0,N,0,0,0,3,67301,0,,1,1,,N,N,,0,,0,0,0,3,2,,2127,0,2,0,0,0,0,0,3,4,0,2,3,,N,,,,,,,,,,,
2007088934,856.0,0,0,0,0,0,0,0,0,0,1,0,,67,7,2007,3,40.0068,-75.1933,833.0,6,0,0,0,0,0,1,0,0,,0,0,0,8,1,0,0,,0,40 00:26.000,,0,75 11:33.822,9,0,0,0,67301,0,0,0,N,0,0,0,8,68K01,0,,1,1,,N,N,,0,,0,0,0,0,0,,830,0,2,0,0,0,0,1,3,4,1,2,3,,N,,,,,,,,,,,
2007057410,1632.0,2,0,0,0,0,0,0,0,0,2,0,,67,3,2007,6,39.9392,-75.1594,1629.0,6,0,0,0,0,0,0,0,0,,0,0,0,16,1,0,1,,0,39 56:21.058,,0,75 09:33.879,0,0,0,0,67301,0,0,0,N,0,0,0,2,67301,0,,1,1,,N,N,,0,,0,0,0,3,2,,1625,0,2,0,0,0,0,0,3,4,0,2,10,,N,,,,,,,,,,,
2007057418,520.0,1,0,0,0,0,0,0,0,0,4,0,,67,4,2007,1,40.0388,-75.1436,515.0,6,0,0,0,0,0,0,0,0,,0,0,0,5,1,1,1,,0,40 02:19.000,,0,75 08:37.098,3,0,0,0,67301,0,0,0,N,0,0,0,2,67301,0,,1,1,,N,N,,0,,1,0,1,3,2,,515,1,2,0,0,0,0,0,3,4,0,2,3,,N,,,,,,,,,,,
2007067309,440.0,1,0,0,0,0,0,0,0,0,8,0,,67,5,2007,6,40.0402,-75.1444,440.0,6,0,0,0,1,0,0,0,0,,0,0,0,4,3,1,0,,0,40 02:24.000,,0,75 08:39.753,8,0,0,0,67301,1,0,0,N,1,0,0,2,67301,0,,1,1,,N,N,,0,,0,0,0,0,0,,430,1,2,0,0,0,1,0,3,4,0,1,3,,N,,,,,,,,,,,
2007067382,215.0,1,0,0,0,0,0,0,0,0,6,0,,67,4,2007,2,40.0026,-75.1244,205.0,6,0,0,0,0,0,0,0,0,1.0,0,0,0,2,3,1,1,,1,40 00:09.000,5.0,0,75 07:27.901,3,0,0,0,67301,0,0,0,N,0,0,0,2,67301,0,,1,1,,N,N,,1,,1,0,1,3,2,Y,205,1,3,0,0,1,0,0,3,4,0,3,3,,N,,,,,,,,,,,
2007067400,315.0,1,0,0,0,0,0,0,0,0,7,0,,67,5,2007,1,40.1241,-75.0019,310.0,6,0,0,0,0,0,0,0,0,,0,0,0,3,3,0,0,,0,40 07:26.900,,0,75 00:06.900,0,0,0,0,67301,0,0,0,,0,0,0,1,67301,0,,2,9,,N,N,,0,,0,0,0,0,0,,308,0,1,0,0,0,0,0,3,4,0,1,99,,N,,,,,,,,,,,
2007067182,1115.0,1,0,0,0,0,0,0,0,0,4,0,,67,5,2007,7,40.0385,-75.0783,1115.0,6,0,0,0,0,0,0,0,0,,0,0,0,11,1,2,0,,0,40 02:18.000,,0,75 04:41.855,8,0,0,0,67301,0,0,0,N,0,0,0,5,67301,0,,1,1,,Y,N,,1,,0,0,0,0,0,,1110,2,2,0,0,0,2,0,3,4,0,2,3,,N,,,,,,,,,,,
2007057292,2110.0,1,0,0,0,0,0,0,0,0,7,0,,67,4,2007,5,40.0473,-75.0006,2107.0,6,0,0,0,0,0,0,0,0,1.0,0,0,0,21,3,3,0,,1,40 02:50.392,2.0,0,75 00:02.018,8,0,0,0,67301,0,0,0,N,0,0,0,4,67301,0,,3,1,,N,N,,0,,0,0,0,0,0,N,2107,3,1,0,0,0,3,0,3,4,0,1,3,,N,,,,,,,,,,,
2007099096,110.0,0,0,0,0,0,0,0,0,0,7,1,,67,9,2007,7,39.9241,-75.1924,105.0,6,0,0,0,0,0,0,0,0,3.0,0,1,0,0,3,0,10,,2,39 55:29.862,3.0,0,75 11:35.293,0,0,0,0,67301,0,0,0,Y,0,0,0,1,67301,0,,4,1,,N,N,,0,,0,0,0,0,0,Y,48,0,1,0,0,0,0,0,3,4,0,1,3,,N,,,,,,,,,,,
2007057342,1215.0,2,0,0,0,0,0,0,0,0,2,0,,67,4,2007,7,39.9763,-75.1197,1208.0,6,0,0,0,0,0,0,0,0,,0,0,0,12,1,0,1,,0,39 58:38.640,,0,75 07:09.120,0,0,0,0,67301,0,0,0,N,0,0,0,2,67301,0,,1,1,,N,N,,0,,0,0,0,3,2,,1200,0,2,0,0,0,0,0,3,4,0,2,3,,N,,,,,,,,,,,
2007057360,1304.0,2,0,0,0,0,0,0,0,0,4,0,,67,4,2007,5,40.0386,-75.2402,1300.0,6,0,0,0,0,0,1,0,0,,0,0,0,12,1,1,2,,0,40 02:18.931,,0,75 14:24.633,3,0,0,0,67301,0,0,0,N,0,0,0,2,67301,0,,1,9,,N,N,,0,,1,0,0,3,3,,1258,1,2,0,0,0,0,0,3,4,0,2,3,,N,,,,,,,,,,,
2007057376,1630.0,2,0,0,0,0,0,0,0,0,5,0,,67,3,2007,7,39.909,-75.1933,1620.0,6,0,0,0,0,0,0,0,0,,0,0,0,16,1,2,0,,0,39 54:31.000,,0,75 11:35.988,4,0,0,0,67301,0,0,0,N,0,0,0,2,67301,2,,1,1,,N,N,,0,,0,0,0,9,9,,1615,2,2,0,0,0,0,0,3,4,0,2,3,,N,,,,,,,,,,,