CRN,ARRIVAL_TM,AUTOMOBILE_COUNT,BELTED_DEATH_COUNT,BELTED_SUSP_SERIOUS_INJ_COUNT,BICYCLE_COUNT,BICYCLE_DEATH_COUNT,BICYCLE_SUSP_SERIOUS_INJ_COUNT,BUS_COUNT,CHLDPAS_DEATH_COUNT,CHLDPAS_SUSP_SERIOUS_INJ_COUNT,COLLISION_TYPE,COMM_VEH_COUNT,CONS_ZONE_SPD_LIM,COUNTY,CRASH_MONTH,CRASH_YEAR,DAY_OF_WEEK,DEC_LAT,DEC_LONG,DISPATCH_TM,DISTRICT,DRIVER_COUNT_16YR,DRIVER_COUNT_17YR,DRIVER_COUNT_18YR,DRIVER_COUNT_19YR,DRIVER_COUNT_20YR,DRIVER_COUNT_50_64YR,DRIVER_COUNT_65_74YR,DRIVER_COUNT_75PLUS,EST_HRS_CLOSED,FATAL_COUNT,HEAVY_TRUCK_COUNT,HORSE_BUGGY_COUNT,HOUR_OF_DAY,ILLUMINATION,INJURY_COUNT,INTERSECT_TYPE,INTERSECTION_RELATED,LANE_CLOSED,LATITUDE,LN_CLOSE_DIR,LOCATION_TYPE,LONGITUDE,MAX_SEVERITY_LEVEL,MCYCLE_DEATH_COUNT,MCYCLE_SUSP_SERIOUS_INJ_COUNT,MOTORCYCLE_COUNT,MUNICIPALITY,NONMOTR_COUNT,NONMOTR_DEATH_COUNT,NONMOTR_SUSP_SERIOUS_INJ_COUNT,NTFY_HIWY_MAINT,PED_COUNT,PED_DEATH_COUNT,PED_SUSP_SERIOUS_INJ_COUNT,PERSON_COUNT,POLICE_AGCY,POSSIBLE_INJ_COUNT,RDWY_SURF_TYPE_CD,RELATION_TO_ROAD,ROAD_CONDITION,ROADWAY_CLEARED,SCH_BUS_IND,SCH_ZONE_IND,SECONDARY_CRASH,SMALL_TRUCK_COUNT,SPEC_JURIS_CD,SUSP_MINOR_INJ_COUNT,SUSP_SERIOUS_INJ_COUNT,SUV_COUNT,TCD_FUNC_CD,TCD_TYPE,TFC_DETOUR_IND,TIME_OF_DAY,TOT_INJ_COUNT,TOTAL_UNITS,UNB_DEATH_COUNT,UNB_SUSP_SERIOUS_INJ_COUNT,UNBELTED_OCC_COUNT,UNK_INJ_DEG_COUNT,UNK_INJ_PER_COUNT,URBAN_AREA,URBAN_RURAL,VAN_COUNT,VEHICLE_COUNT,WEATHER1,WEATHER2,WORK_ZONE_IND,WORK_ZONE_LOC,WORK_ZONE_TYPE,WORKERS_PRES,WZ_CLOSE_DETOUR,WZ_FLAGGER,WZ_LAW_OFFCR_IND,WZ_LN_CLOSURE,WZ_MOVING,WZ_OTHER,WZ_SHLDER_MDN,WZ_WORKERS_INJ_KILLED
2007067099,157.0,4,0,0,0,0,0,0,0,0,1,0,,67,5,2007,5,39.996,-75.1821,154.0,6,0,0,0,0,0,0,0,0,,0,0,0,1,3,3,0,,0,39 59:45.500,,0,75 10:55.600,4,0,0,0,67301,1,0,0,N,0,0,0,4,67301,1,,1,1,,N,N,,0,,0,0,1,0,0,,154,3,5,0,0,0,2,0,3,4,0,5,3,,N,,,,,,,,,,,
2007099165,1730.0,2,0,0,0,0,0,0,0,0,1,0,,67,9,2007,7,39.9478,-75.2319,1722.0,6,0,0,0,0,0,1,1,0,,0,0,0,17,1,3,0,,0,39 56:51.938,,0,75 13:54.720,4,0,0,0,67301,0,0,0,N,0,0,0,5,67301,3,,1,1,,N,N,,0,,0,0,1,0,0,,1720,3,3,0,0,0,0,0,3,4,0,3,3,,N,,,,,,,,,,,
2007067123,9999.0,2,0,0,0,0,0,0,0,0,4,0,,67,5,2007,4,39.9662,-75.2248,1135.0,6,0,0,0,0,0,0,0,0,,0,0,0,11,1,0,2,,0,39 57:58.243,,0,75 13:29.249,0,0,0,0,67301,0,0,0,N,0,0,0,2,67301,0,,1,1,,N,N,,0,,0,0,0,9,3,,1125,0,2,0,0,0,0,0,3,4,0,2,3,,N,,,,,,,,,,,
2007067147,1846.0,1,0,0,0,0,0,0,0,0,8,0,,67,5,2007,6,39.9968,-75.1804,1830.0,6,0,0,0,0,0,0,0,0,,0,0,0,18,1,1,0,,0,39 59:48.415,,0,75 10:49.278,2,0,0,0,67301,1,0,1,N,1,0,1,2,67301,0,,1,1,,N,N,,0,,0,1,0,0,0,,1830,1,2,0,0,1,0,0,3,4,0,1,3,,N,,,,,,,,,,,
2007029260,1648.0,2,0,0,0,0,0,0,0,0,1,0,,67,1,2007,7,39.9447,-75.2388,1636.0,6,0,0,0,0,0,0,0,0,,0,0,0,16,1,2,0,,0,39 56:40.958,,0,75 14:19.811,8,0,0,0,67301,0,0,0,N,0,0,0,3,67301,0,,1,1,,N,N,,0,,0,0,0,0,0,,1600,2,2,0,0,0,2,1,3,4,0,2,3,,N,,,,,,,,,,,
2007120815,825.0,1,0,0,0,0,0,0,0,0,7,0,,67,12,2007,3,40.0821,-75.2049,820.0,6,0,0,1,0,0,0,0,0,,0,0,0,8,1,0,2,,0,40 04:55.000,,0,75 12:17.505,0,0,0,0,67301,0,0,0,N,0,0,0,1,46108,0,,5,9,,N,N,,0,,0,0,0,0,0,,820,0,1,0,0,0,0,0,3,4,0,1,3,,N,,,,,,,,,,,
2007099604,1615.0,0,0,0,0,0,0,0,0,0,4,0,,67,9,2007,7,40.125,-75.0148,1607.0,6,0,0,0,0,0,0,0,0,1.0,0,0,0,16,1,1,0,,1,40 07:29.000,2.0,0,75 00:53.398,8,0,0,0,67301,0,0,0,,0,0,0,3,67301,0,,1,1,,N,N,,1,,0,0,0,0,0,N,1600,1,2,0,0,0,1,1,3,4,1,2,3,,N,,,,,,,,,,,
2007092302,1839.0,1,0,0,1,0,0,0,0,0,6,0,,67,7,2007,6,39.9506,-75.1499,1837.0,6,0,0,0,0,0,0,0,0,,0,0,0,18,1,1,0,,0,39 57:02.000,,0,75 08:59.560,4,0,0,0,67301,1,0,0,N,0,0,0,2,67301,1,,1,1,,N,N,,0,,0,0,0,0,0,,1822,1,2,0,0,0,0,0,3,4,0,1,3,,N,,,,,,,,,,,
2007095021,1720.0,1,0,0,0,0,0,0,0,0,8,0,,67,8,2007,2,39.9654,-75.2301,1716.0,6,0,0,0,0,0,0,0,0,,0,0,0,17,1,1,0,,0,39 57:55.400,,0,75 13:48.400,4,0,0,0,67301,1,0,0,N,1,0,0,2,67301,1,,1,1,,N,N,,0,,0,0,0,3,3,,1700,1,2,0,0,0,0,1,3,4,0,1,3,,N,,,,,,,,,,,
2007095037,1317.0,0,0,0,0,0,0,0,0,0,8,0,,67,7,2007,3,39.9398,-75.1577,1312.0,6,0,0,0,0,0,0,0,0,,0,0,0,13,1,1,1,,0,39 56:23.107,,0,75 09:27.637,2,0,0,0,67301,1,0,1,N,1,0,1,2,67301,0,,1,1,,N,N,,0,,0,1,1,0,0,,1310,1,2,0,0,1,0,0,3,4,0,1,3,,N,,,,,,,,,,,
2007095055,1042.0,0,0,0,0,0,0,0,0,0,8,1,,67,4,2007,2,40.0398,-75.1318,1035.0,6,0,0,0,0,0,1,0,0,,0,1,0,10,1,1,1,,0,40 02:23.262,,0,75 07:54.458,3,0,0,0,67301,1,0,0,N,1,0,0,2,67301,0,,1,1,,N,N,,0,,1,0,0,3,3,,1000,1,2,0,0,0,0,0,3,4,0,1,3,,N,,,,,,,,,,,
2007095064,9999.0,2,0,0,0,0,0,0,0,0,1,0,,67,7,2007,2,39.9484,-75.1568,1344.0,6,0,0,0,0,0,0,0,0,,0,0,0,13,1,1,0,,0,39 56:54.000,,0,75 09:24.466,4,0,0,0,67301,0,0,0,,0,0,0,2,67301,1,,1,1,,,,,0,,0,0,0,0,0,,1315,1,2,0,0,1,0,0,3,4,0,2,3,,N,,,,,,,,,,,
2007095075,1110.0,3,0,0,0,0,0,0,0,0,1,0,,67,8,2007,6,39.981,-75.2362,1100.0,6,0,0,0,0,0,0,0,1,,0,0,0,10,1,1,2,,0,39 58:51.000,,0,75 14:10.155,4,0,0,0,67301,0,0,0,N,0,0,0,3,67301,1,,1,1,,N,N,,0,,0,0,0,0,0,,1045,1,3,0,0,0,0,2,3,4,0,3,3,,N,,,,,,,,,,,
2007120514,1140.0,2,0,0,0,0,0,0,0,0,4,0,,67,10,2007,4,40.0277,-75.11,1134.0,6,0,0,0,0,0,0,0,0,1.0,0,0,0,99,1,3,1,,1,40 01:39.000,1.0,0,75 06:35.867,4,0,0,0,67301,0,0,0,N,0,0,0,4,67301,1,,1,1,,N,N,,0,,0,0,1,3,2,Y,9999,3,3,0,0,0,2,1,3,4,0,3,3,,N,,,,,,,,,,,
2007120639,1923.0,0,0,0,0,0,0,0,0,0,8,0,,67,10,2007,5,39.9441,-75.2281,1920.0,6,0,0,0,0,0,1,0,0,,0,0,0,18,3,1,0,,0,39 56:38.765,,0,75 13:41.243,8,0,0,0,67301,1,0,0,N,1,0,0,2,67301,0,,1,1,,N,N,,0,,0,0,1,3,3,,1830,1,2,0,0,0,1,0,3,4,0,1,3,,N,,,,,,,,,,,
2007120644,1945.0,1,0,0,1,0,0,0,0,0,8,0,,67,10,2007,1,39.9228,-75.2357,1940.0,6,0,0,0,0,0,0,0,0,,0,0,0,19,3,1,1,,0,39 55:22.123,,0,75 14:08.509,8,0,0,0,67301,1,0,0,N,0,0,0,2,67301,0,,1,1,,N,N,,0,,0,0,0,3,2,,1940,1,2,0,0,0,1,0,3,4,0,1,3,,N,,,,,,,,,,,
2007080487,1013.0,1,0,0,0,0,0,0,0,0,6,0,,67,6,2007,7,40.0591,-75.0751,1008.0,6,0,0,0,0,0,1,0,0,,0,0,0,10,1,1,1,,0,40 03:32.738,,0,75 04:30.305,8,0,0,0,67301,0,0,0,N,0,0,0,2,67301,0,,1,1,,N,N,,1,,0,0,0,3,3,,1008,1,2,0,0,0,1,0,3,4,0,2,3,,N,,,,,,,,,,,
2007120730,1235.0,1,0,0,0,0,0,0,0,0,8,0,,67,9,2007,1,39.9038,-75.2406,1230.0,6,0,0,0,0,0,0,0,0,,0,0,0,12,1,1,0,,0,39 54:13.687,,0,75 14:26.242,8,0,0,0,67301,1,0,0,N,1,0,0,2,67301,0,,1,1,,,,,0,,0,0,0,0,0,,1230,1,2,0,0,0,1,0,3,4,0,1,3,,N,,,,,,,,,,,
2007027826,1657.0,1,0,0,0,0,0,0,0,0,8,0,,67,1,2007,2,39.9754,-75.172,1642.0,6,0,0,0,0,0,0,0,0,,0,0,0,16,1,1,0,,0,39 58:31.458,,0,75 10:19.225,8,0,0,0,67301,1,0,0,N,1,0,0,2,67301,0,,1,1,,N,N,,0,,0,0,0,0,0,,1642,1,2,0,0,1,1,0,3,4,0,1,3,,N,,,,,,,,,,,
2007027837,847.0,1,0,0,0,0,0,0,0,0,4,0,,67,1,2007,3,40.0937,-74.9802,847.0,6,0,0,0,0,0,0,0,0,,0,0,0,8,1,1,1,,0,40 05:37.000,,0,74 58:48.658,4,0,0,0,67301,0,0,0,N,0,0,0,5,67301,1,,1,1,,N,N,,0,,0,0,1,3,2,,847,1,2,0,0,0,0,0,3,4,0,2,3,,N,,,,,,,,,,,
2007030356,1423.0,1,0,0,0,0,0,0,0,0,7,0,,67,1,2007,2,39.924,-75.1436,1417.0,6,0,0,0,0,0,0,0,0,,0,0,0,99,1,0,1,,0,39 55:26.000,,0,75 08:36.968,0,0,0,0,67301,0,0,0,N,0,0,0,1,67301,0,,4,1,,N,N,,0,,0,0,0,3,2,,9999,0,1,0,0,0,0,0,3,4,0,1,3,,N,,,,,,,,,,,
2007026263,1315.0,0,0,0,0,0,0,0,0,0,7,0,,67,2,2007,2,39.9059,-75.1332,1315.0,6,0,0,0,0,0,0,0,0,,0,0,0,13,1,1,0,,0,39 54:21.075,,0,75 07:59.551,8,0,0,0,67301,0,0,0,N,0,0,0,1,67501,0,,2,1,,N,N,,0,,0,0,1,3,8,,1311,1,1,0,0,0,1,0,3,4,0,1,3,,N,,,,,,,,,,,
2007047283,253.0,2,0,0,0,0,0,0,0,0,4,0,,67,3,2007,7,39.9786,-75.2136,252.0,6,0,0,0,0,0,0,0,0,,0,0,0,2,3,0,1,,0,39 58:42.000,,0,75 12:49.015,0,0,0,0,67301,0,0,0,N,0,0,0,3,67301,0,,1,1,,N,N,,0,,0,0,0,3,2,,250,0,2,0,0,0,0,0,3,4,0,2,3,,N,,,,,,,,,,,
2007047685,820.0,1,0,0,0,0,0,0,0,0,1,0,,67,2,2007,4,39.9571,-75.2143,811.0,6,0,0,0,0,0,0,0,0,,0,0,0,8,1,1,1,,0,39 57:25.000,,0,75 12:51.554,4,0,0,0,67301,0,0,0,N,0,0,0,5,67301,1,,1,1,,N,N,,0,,0,0,1,3,2,,811,1,2,0,0,1,0,0,3,4,0,2,3,,N,,,,,,,,,,,
2007047574,1725.0,2,0,0,0,0,0,0,0,0,4,0,,67,2,2007,5,39.9467,-75.1626,1720.0,6,0,0,0,0,0,1,0,1,,0,0,0,17,4,2,1,,0,39 56:48.166,,0,75 09:45.464,8,0,0,0,67301,0,0,0,N,0,0,0,3,67504,0,,1,1,,N,N,,0,,0,0,0,2,2,,1700,2,2,0,0,0,2,0,3,4,0,2,3,,N,,,,,,,,,,,
2007067850,1821.0,2,0,0,0,0,0,0,0,0,5,0,,67,4,2007,4,40.0396,-75.0331,1820.0,6,0,0,0,0,1,0,0,0,,0,0,0,18,1,2,0,,0,40 02:22.000,,0,75 01:58.973,4,0,0,0,67301,0,0,0,N,0,0,0,3,67301,2,,1,9,,N,N,,0,,0,0,1,0,0,,1818,2,3,0,0,2,0,1,3,4,0,3,7,,N,,,,,,,,,,,
2007109450,1540.0,0,0,0,0,0,0,0,0,0,4,0,,67,9,2007,2,39.9586,-75.1379,1530.0,6,0,0,0,0,0,0,0,0,,0,0,0,15,1,0,0,,0,39 57:30.000,,0,75 08:16.506,9,0,0,0,67301,0,0,0,N,0,0,0,3,67301,0,,1,1,,N,N,,0,,0,0,2,0,0,,1520,0,2,0,0,2,0,1,3,4,0,2,3,,N,,,,,,,,,,,
2007109451,1905.0,1,0,0,0,0,0,0,0,0,8,0,,67,9,2007,6,40.0358,-75.1747,1905.0,6,0,0,0,0,0,1,0,0,,0,0,0,18,1,1,1,,0,40 02:08.000,,0,75 10:29.001,4,0,0,0,67301,1,0,0,N,1,0,0,2,67301,1,,1,1,,N,N,,0,,0,0,0,3,2,,1805,1,2,0,0,0,0,0,3,4,0,1,3,,N,,,,,,,,,,,
2007106880,1950.0,1,0,0,0,0,0,0,0,0,5,0,,67,9,2007,5,40.0221,-75.1597,1950.0,6,0,0,0,0,0,0,0,0,,0,0,0,19,4,2,0,,0,40 01:19.519,,0,75 09:34.999,4,0,0,0,67301,0,0,0,N,0,0,0,3,67301,2,,1,1,,N,N,,0,,0,0,0,0,0,,1945,2,2,0,0,1,0,0,3,4,1,2,3,,N,,,,,,,,,,,
2007106881,1800.0,0,0,0,0,0,0,0,0,0,8,0,,67,6,2007,4,40.0171,-75.1385,1740.0,6,0,0,0,0,0,0,0,0,,0,0,0,17,1,1,1,,0,40 01:01.488,,0,75 08:18.491,4,0,0,0,67301,1,0,0,,1,0,0,2,67301,1,,1,1,,N,N,,0,,0,0,0,0,0,,1735,1,2,0,0,0,0,1,3,4,0,1,3,,N,,,,,,,,,,,
2007106886,2036.0,1,0,0,0,0,0,0,0,0,0,0,,67,8,2007,7,39.9737,-75.1527,2034.0,6,0,0,0,0,0,0,0,0,9.0,1,0,0,20,3,0,2,,2,39 58:25.305,7.0,0,75 09:09.716,1,0,0,0,67301,0,0,0,N,0,0,0,2,67301,0,2.0,1,1,,N,N,,0,0.0,0,0,0,0,0,Y,2030,0,1,1,0,1,0,0,3,4,0,1,3,,N,,,,,,,,,,,
2007047880,1445.0,1,0,0,0,0,0,0,0,0,4,0,,67,3,2007,3,40.06,-75.1378,1430.0,6,0,0,0,0,0,0,0,0,,0,0,0,13,1,0,0,,0,40 03:36.000,,0,75 08:16.020,9,0,0,0,67301,0,0,0,N,0,0,0,1,67301,0,,1,1,,N,N,,1,,0,0,0,3,2,,1348,0,3,0,0,0,0,1,3,4,1,3,3,,N,,,,,,,,,,,
2007106981,1200.0,2,0,0,0,0,0,0,0,0,6,0,,67,8,2007,2,40.0604,-74.9904,1151.0,6,0,0,0,0,0,1,0,0,,0,0,0,11,1,1,2,,0,40 03:37.000,,0,74 59:25.566,4,0,0,0,67301,0,0,0,N,0,0,0,3,67301,1,,1,1,,N,Y,,0,,0,0,0,0,0,,1148,1,2,0,0,0,0,0,3,4,0,2,3,,N,,,,,,,,,,,
2007047897,12.0,3,0,0,0,0,0,0,0,0,3,0,,67,3,2007,1,40.007,-75.134,9.0,6,0,0,0,0,0,0,0,0,1.0,0,0,0,99,3,8,2,,2,40 00:25.000,3.0,0,75 08:02.260,8,0,0,0,67301,0,0,0,N,0,0,0,9,67301,0,,1,1,,N,N,,0,,0,0,0,3,2,Y,9999,8,3,0,0,0,8,0,3,4,0,3,3,,N,,,,,,,,,,,
2007047941,810.0,1,0,0,0,0,0,0,0,0,7,0,,67,3,2007,7,40.0364,-75.064,807.0,6,0,0,0,0,0,0,0,0,,0,0,0,8,1,1,0,,0,40 02:11.040,,0,75 03:50.400,8,0,0,0,67301,0,0,0,N,0,0,0,1,67301,0,,4,9,,N,N,,0,,0,0,0,0,0,,807,1,1,0,0,0,1,0,3,4,0,1,3,,N,,,,,,,,,,,
2007047943,1913.0,3,0,0,0,0,0,0,0,0,1,0,,67,3,2007,2,40.0079,-75.1918,1912.0,6,0,0,0,0,0,0,0,0,,0,0,0,19,1,5,0,,0,40 00:35.280,,0,75 11:13.200,4,0,0,0,67301,0,0,0,,0,0,0,6,67301,5,,1,1,,,,,0,,0,0,0,0,0,,1912,5,3,0,0,0,0,0,3,4,0,3,3,,N,,,,,,,,,,,
2007093561,1913.0,1,0,0,1,0,0,0,0,0,8,0,,67,7,2007,7,39.9196,-75.2402,1911.0,6,0,0,0,0,0,0,0,0,,0,0,0,99,3,1,1,,0,39 55:10.650,,0,75 14:24.889,8,0,0,0,67301,1,0,0,N,0,0,0,5,67301,0,,1,1,,N,N,,0,,0,0,0,9,2,,9999,1,2,0,0,0,1,0,3,4,0,1,3,,N,,,,,,,,,,,
2007093604,1252.0,1,0,0,0,0,0,0,0,0,4,0,,67,6,2007,7,40.0072,-75.1234,1250.0,6,0,0,0,0,0,0,0,1,2.0,0,0,0,12,1,2,1,,1,40 00:25.000,6.0,0,75 07:24.379,8,0,0,0,67301,0,0,0,N,0,0,0,5,67301,0,,1,1,,N,N,,0,,0,0,1,3,2,Y,1250,2,2,0,0,0,2,0,3,4,0,2,3,,N,,,,,,,,,,,
2007125101,216.0,1,0,0,0,0,0,0,0,0,7,0,,67,10,2007,7,40.009,-75.0677,209.0,6,0,0,0,0,0,0,0,0,1.0,0,0,0,2,3,0,0,,2,40 00:31.000,1.0,0,75 04:08.628,0,0,0,0,67301,0,0,0,N,0,0,0,1,67301,0,,2,1,,N,N,,0,,0,0,0,0,0,N,205,0,1,0,0,0,0,0,3,4,0,1,3,,N,,,,,,,,,,,
2007127648,1110.0,3,0,0,0,0,0,0,0,0,4,0,,67,11,2007,5,39.986,-75.141,1105.0,6,0,0,0,1,0,0,0,0,,0,0,0,11,1,1,1,,0,39 59:09.000,,0,75 08:27.712,4,0,0,0,67301,0,0,0,N,0,0,0,4,67301,1,,1,1,,N,N,,1,,0,0,0,3,3,,1100,1,4,0,0,4,0,0,3,4,0,4,3,,N,,,,,,,,,,,
2007127649,759.0,1,0,0,0,0,0,0,0,0,8,0,,67,11,2007,6,39.9747,-75.1991,755.0,6,0,0,0,0,0,0,0,0,,0,0,0,7,1,1,0,,0,39 58:29.099,,0,75 11:56.656,3,0,0,0,67301,1,0,0,N,1,0,0,3,67301,0,,1,1,,N,N,,0,,1,0,0,0,0,,750,1,2,0,0,2,0,0,3,4,0,1,3,,N,,,,,,,,,,,
2007048266,2000.0,1,0,0,0,0,0,0,0,0,1,0,,67,2,2007,5,40.0308,-75.1464,1955.0,6,0,0,0,0,0,0,0,0,,0,0,0,15,1,1,1,,0,40 01:50.000,,0,75 08:47.141,8,0,0,0,67301,0,0,0,N,0,0,0,3,67301,0,,1,1,,N,N,,0,,0,0,1,3,2,,1500,1,2,0,0,0,1,0,3,4,0,2,3,,N,,,,,,,,,,,
2007048284,1505.0,2,0,0,0,0,0,0,0,0,1,0,,67,2,2007,3,39.9786,-75.2136,1455.0,6,0,0,0,0,0,0,1,0,,0,0,0,14,1,1,1,,0,39 58:42.848,,0,75 12:49.036,8,0,0,0,67301,0,0,0,N,0,0,0,3,67301,0,,1,9,,N,N,,0,,0,0,0,3,2,,1455,1,2,0,0,0,1,2,3,4,0,2,10,,N,,,,,,,,,,,
2007048312,359.0,2,0,0,0,0,0,0,0,0,1,0,,67,2,2007,1,39.9632,-75.1837,357.0,6,0,0,0,0,0,0,0,0,,0,0,0,3,3,1,0,,0,39 57:50.833,,1,75 11:04.147,4,0,0,0,67301,0,0,0,N,0,0,0,2,67301,1,,1,1,,N,N,,0,,0,0,0,0,0,,356,1,2,0,0,0,0,0,3,4,0,2,3,,N,,,,,,,,,,,
2007092912,1715.0,1,0,0,0,0,0,0,0,0,8,0,,67,7,2007,6,39.9923,-75.1422,1710.0,6,0,0,0,0,0,0,0,0,,0,0,0,99,1,1,1,,0,39 59:32.000,,0,75 08:31.897,3,0,0,0,67301,1,0,0,N,1,0,0,2,67301,0,,1,9,,N,N,,0,,1,0,0,3,2,,9999,1,2,0,0,0,0,0,3,4,0,1,3,,N,,,,,,,,,,,
2007066263,1826.0,1,0,0,0,0,0,0,0,0,1,0,,67,5,2007,1,39.9721,-75.1251,1824.0,6,0,0,0,0,0,0,0,0,,0,0,0,99,1,1,0,,0,39 58:19.000,,0,75 07:29.986,8,0,0,0,67301,0,0,0,N,0,0,0,1,67301,0,,2,1,,N,N,,1,,0,0,1,0,0,,9999,1,3,0,0,1,1,0,3,4,0,3,3,,N,,,,,,,,,,,
2007066305,309.0,1,0,0,0,0,0,0,0,0,7,0,,67,4,2007,1,39.9867,-75.2084,304.0,6,0,0,0,0,0,0,0,0,,0,0,0,3,3,1,2,,0,39 59:11.000,,2,75 12:32.327,8,0,0,0,67301,0,0,0,Y,0,0,0,1,67301,0,,2,1,,N,N,,0,,0,0,0,0,0,,304,1,1,0,0,0,1,0,3,4,0,1,3,,N,,,,,,,,,,,
2007066311,944.0,1,0,0,0,0,0,0,0,0,7,0,,67,4,2007,4,40.0538,-75.2407,938.0,6,0,0,0,0,0,1,0,0,,0,0,0,9,1,1,2,,0,40 03:13.636,,0,75 14:26.440,8,0,0,0,67301,0,0,0,,0,0,0,1,67301,0,,2,1,,,,,0,,0,0,0,0,0,,930,1,1,0,0,0,1,0,3,4,0,1,3,,N,,,,,,,,,,,
2007051173,1555.0,2,0,0,0,0,0,0,0,0,1,0,,67,2,2007,4,40.0468,-75.0703,1547.0,6,0,0,0,0,0,1,0,0,,0,0,0,15,1,1,1,,0,40 02:48.480,,0,75 04:13.080,8,0,0,0,67301,0,0,0,Y,0,0,0,4,67301,0,,1,1,,N,N,,0,,0,0,0,3,2,,1545,1,2,0,0,0,1,0,3,4,0,2,3,,N,,,,,,,,,,,
2007051218,107.0,1,0,0,0,0,0,0,0,0,1,0,,67,1,2007,3,39.9943,-75.1114,105.0,6,0,0,0,0,0,0,0,0,,0,0,0,1,3,2,0,,0,39 59:39.000,,0,75 06:41.224,4,0,0,0,67301,0,0,0,N,0,0,0,6,67301,2,,1,9,,N,N,,0,,0,0,0,3,2,,101,2,2,0,0,0,0,0,3,4,1,2,3,,N,,,,,,,,,,,
2007056612,1614.0,2,0,0,0,0,0,0,0,0,1,0,,67,3,2007,5,40.0698,-75.0695,1608.0,6,0,0,0,0,0,0,0,0,,0,0,0,16,1,1,0,,0,40 04:11.000,,0,75 04:10.198,4,0,0,0,67301,0,0,0,N,0,0,0,2,67301,1,,1,1,,N,N,,0,,0,0,0,0,0,,1605,1,2,0,0,0,0,0,3,4,0,2,3,,N,,,,,,,,,,,
2007051275,2149.0,2,0,0,0,0,0,0,0,0,4,0,,67,2,2007,6,39.9041,-75.2262,2144.0,6,0,0,0,1,0,0,0,0,,0,0,0,21,3,2,2,,0,39 54:14.630,,0,75 13:34.143,3,0,0,0,67301,0,0,0,N,0,0,0,2,67301,0,,1,1,,N,N,,0,,2,0,0,3,3,,2134,2,2,0,0,0,0,0,3,4,0,2,3,,N,,,,,,,,,,,
2007042924,102.0,1,0,0,0,0,0,0,0,0,7,0,,67,3,2007,1,39.9885,-75.2069,49.0,6,0,0,0,0,0,0,0,0,,0,0,0,0,3,0,1,,0,39 59:22.000,,2,75 12:21.744,0,0,0,0,67301,0,0,0,N,0,0,0,1,68K01,0,,1,1,,N,N,,0,,0,0,0,0,0,,45,0,1,0,0,1,0,0,3,4,0,1,3,,N,,,,,,,,,,,
2007098969,1245.0,1,0,0,0,0,0,0,0,0,4,0,,67,8,2007,7,39.9861,-75.2348,1230.0,6,0,0,0,0,0,0,0,0,,0,0,0,12,1,1,1,,0,39 59:09.999,,0,75 14:05.272,8,0,0,0,67301,0,0,0,N,0,0,0,3,67301,0,,1,1,,N,N,,0,,0,0,1,3,3,,1225,1,2,0,0,0,1,0,3,4,0,2,3,,N,,,,,,,,,,,
2007067330,1243.0,1,0,0,1,0,0,0,0,0,5,0,,67,4,2007,2,39.9634,-75.1612,1240.0,6,0,0,0,0,0,0,0,0,,0,0,0,99,1,1,2,,0,39 57:48.000,,0,75 09:40.496,4,0,0,0,67301,1,0,0,N,0,0,0,4,67301,1,,1,1,,N,N,,1,,0,0,0,3,2,,9999,1,3,0,0,0,0,0,3,4,0,2,3,,N,,,,,,,,,,,
2007099087,542.0,1,0,0,0,0,0,0,0,0,7,0,,67,8,2007,4,39.8979,-75.2112,540.0,6,0,0,0,0,0,0,0,0,,0,0,0,5,3,1,0,,0,39 53:52.577,,3,75 12:40.157,8,0,0,0,67301,0,0,0,N,0,0,0,1,67301,0,,3,1,,N,N,,0,,0,0,0,0,0,,539,1,1,0,0,0,1,0,3,4,0,1,3,,N,,,,,,,,,,,
2007099101,9999.0,1,0,0,0,0,0,0,0,0,7,0,,67,8,2007,5,39.9196,-75.2033,2219.0,6,0,0,0,0,1,0,0,0,3.0,0,0,0,99,3,2,0,,1,39 55:10.000,4.0,3,75 12:12.214,3,0,0,0,67301,0,0,0,N,0,0,0,2,67301,0,,3,9,,N,N,,0,,1,0,0,0,0,Y,9999,2,1,0,0,0,1,0,3,4,0,1,7,,N,,,,,,,,,,,
2007067141,1930.0,2,0,0,0,0,0,0,0,0,4,0,,67,5,2007,7,39.9795,-75.125,1930.0,6,0,0,0,0,0,0,0,0,,0,0,0,99,4,1,1,,0,39 58:46.038,,0,75 07:30.075,4,0,0,0,67301,0,0,0,,0,0,0,2,67301,1,,1,9,,,,,0,,0,0,0,9,3,,9999,1,2,0,0,0,0,0,3,4,0,2,7,,N,,,,,,,,,,,
2007099118,130.0,2,0,0,0,0,0,0,0,0,4,0,,67,8,2007,7,39.996,-75.154,127.0,6,0,0,0,0,0,0,0,0,2.0,0,0,0,1,2,1,1,,2,39 59:45.000,5.0,0,75 09:14.465,3,0,0,0,67301,0,0,0,N,0,0,0,5,67301,0,,1,1,,N,N,,0,,1,0,0,9,2,Y,125,1,2,0,0,0,0,0,3,4,0,2,3,,N,,,,,,,,,,,
2007099138,1934.0,2,0,0,0,0,0,0,0,0,4,0,,67,8,2007,5,40.0214,-75.0794,1934.0,6,0,0,0,0,1,0,0,0,,0,0,0,99,3,2,2,,0,40 01:17.000,,0,75 04:45.952,3,0,0,0,67301,0,0,0,N,0,0,0,4,67301,1,,1,9,,N,N,,0,,1,0,0,9,3,,9999,2,2,0,0,0,0,0,3,4,0,2,7,,N,,,,,,,,,,,