CRN,ARRIVAL_TM,AUTOMOBILE_COUNT,BELTED_DEATH_COUNT,BELTED_SUSP_SERIOUS_INJ_COUNT,BICYCLE_COUNT,BICYCLE_DEATH_COUNT,BICYCLE_SUSP_SERIOUS_INJ_COUNT,BUS_COUNT,CHLDPAS_DEATH_COUNT,CHLDPAS_SUSP_SERIOUS_INJ_COUNT,COLLISION_TYPE,COMM_VEH_COUNT,CONS_ZONE_SPD_LIM,COUNTY,CRASH_MONTH,CRASH_YEAR,DAY_OF_WEEK,DEC_LAT,DEC_LONG,DISPATCH_TM,DISTRICT,DRIVER_COUNT_16YR,DRIVER_COUNT_17YR,DRIVER_COUNT_18YR,DRIVER_COUNT_19YR,DRIVER_COUNT_20YR,DRIVER_COUNT_50_64YR,DRIVER_COUNT_65_74YR,DRIVER_COUNT_75PLUS,EST_HRS_CLOSED,FATAL_COUNT,HEAVY_TRUCK_COUNT,HORSE_BUGGY_COUNT,HOUR_OF_DAY,ILLUMINATION,INJURY_COUNT,INTERSECT_TYPE,INTERSECTION_RELATED,LANE_CLOSED,LATITUDE,LN_CLOSE_DIR,LOCATION_TYPE,LONGITUDE,MAX_SEVERITY_LEVEL,MCYCLE_DEATH_COUNT,MCYCLE_SUSP_SERIOUS_INJ_COUNT,MOTORCYCLE_COUNT,MUNICIPALITY,NONMOTR_COUNT,NONMOTR_DEATH_COUNT,NONMOTR_SUSP_SERIOUS_INJ_COUNT,NTFY_HIWY_MAINT,PED_COUNT,PED_DEATH_COUNT,PED_SUSP_SERIOUS_INJ_COUNT,PERSON_COUNT,POLICE_AGCY,POSSIBLE_INJ_COUNT,RDWY_SURF_TYPE_CD,RELATION_TO_ROAD,ROAD_CONDITION,ROADWAY_CLEARED,SCH_BUS_IND,SCH_ZONE_IND,SECONDARY_CRASH,SMALL_TRUCK_COUNT,SPEC_JURIS_CD,SUSP_MINOR_INJ_COUNT,SUSP_SERIOUS_INJ_COUNT,SUV_COUNT,TCD_FUNC_CD,TCD_TYPE,TFC_DETOUR_IND,TIME_OF_DAY,TOT_INJ_COUNT,TOTAL_UNITS,UNB_DEATH_COUNT,UNB_SUSP_SERIOUS_INJ_COUNT,UNBELTED_OCC_COUNT,UNK_INJ_DEG_COUNT,UNK_INJ_PER_COUNT,URBAN_AREA,URBAN_RURAL,VAN_COUNT,VEHICLE_COUNT,WEATHER1,WEATHER2,WORK_ZONE_IND,WORK_ZONE_LOC,WORK_ZONE_TYPE,WORKERS_PRES,WZ_CLOSE_DETOUR,WZ_FLAGGER,WZ_LAW_OFFCR_IND,WZ_LN_CLOSURE,WZ_MOVING,WZ_OTHER,WZ_SHLDER_MDN,WZ_WORKERS_INJ_KILLED
2007099610,1600.0,1,0,0,0,0,0,0,0,0,8,0,,67,8,2007,6,40.0288,-75.0607,1555.0,6,0,0,0,0,0,1,0,0,,0,0,0,15,1,1,0,,0,40 01:43.777,,0,75 03:38.404,4,0,0,0,67301,1,0,0,N,1,0,0,2,67301,1,,1,1,,N,N,,0,,0,0,0,0,0,,1545,1,2,0,0,1,0,0,3,4,0,1,3,,N,,,,,,,,,,,
2007099644,1815.0,2,0,0,0,0,0,0,0,0,4,0,,67,8,2007,7,40.0252,-75.0447,9999.0,6,0,0,0,0,0,0,0,0,,0,0,0,18,1,2,1,,0,40 01:30.000,,0,75 02:40.998,4,0,0,0,67301,0,0,0,N,0,0,0,3,67301,2,,1,1,,N,N,,0,,0,0,0,3,2,,1815,2,2,0,0,0,0,0,3,4,0,2,3,,N,,,,,,,,,,,
2007092315,1745.0,2,0,0,0,0,0,0,0,0,4,0,,67,7,2007,6,39.9784,-75.1557,1738.0,6,0,0,0,0,0,0,0,0,,0,0,0,17,1,0,1,,0,39 58:42.242,,0,75 09:20.526,0,0,0,0,67301,0,0,0,N,0,0,0,6,67301,0,,1,1,,N,N,,0,,0,0,0,3,2,,1700,0,2,0,0,0,0,0,3,4,0,2,3,,N,,,,,,,,,,,
2007095026,1846.0,1,0,0,0,0,0,0,0,0,8,0,,67,8,2007,4,39.9833,-75.1547,1842.0,6,0,0,0,0,0,0,0,0,,0,0,0,18,1,1,0,,0,39 58:59.826,,0,75 09:16.830,4,0,0,0,67301,1,0,0,N,1,0,0,2,67301,1,,1,1,,N,N,,0,,0,0,0,0,0,,1840,1,2,0,0,0,0,0,3,4,0,1,3,,N,,,,,,,,,,,
2007095057,9999.0,2,0,0,0,0,0,0,0,0,2,0,,67,6,2007,7,40.0113,-75.1061,9999.0,6,0,0,0,1,0,0,0,0,,0,0,0,99,1,1,1,,0,40 00:40.651,,0,75 06:21.920,4,0,0,0,67301,0,0,0,,0,0,0,4,67301,1,,1,1,,,,,0,,0,0,0,3,2,,9999,1,2,0,0,0,0,1,3,4,0,2,3,,N,,,,,,,,,,,
2007092810,2306.0,1,0,0,0,0,0,0,0,0,8,0,,67,7,2007,2,39.9319,-75.1999,2305.0,6,0,0,0,0,0,0,0,0,3.0,0,0,0,23,3,1,0,,2,39 55:51.000,3.0,0,75 11:56.870,8,0,0,0,67301,1,0,0,Y,1,0,0,3,67301,0,,1,1,,N,N,,0,,0,0,0,0,0,Y,2305,1,2,0,0,0,1,0,3,4,0,1,3,,N,,,,,,,,,,,
2007092619,829.0,1,0,0,0,0,0,0,0,0,4,0,,67,7,2007,2,39.9878,-75.1676,826.0,6,0,0,0,0,0,0,0,0,,0,0,0,8,1,2,1,,0,39 59:15.993,,0,75 10:03.457,8,0,0,0,67301,1,0,0,Y,1,0,0,3,67301,0,,1,9,,N,N,,0,,0,0,0,9,2,,826,2,3,0,0,0,2,0,3,4,1,2,7,,N,,,,,,,,,,,
2007123412,1934.0,1,0,0,0,0,0,0,0,0,4,0,,67,10,2007,5,40.0389,-75.0833,1934.0,6,0,0,0,0,0,2,0,0,,0,0,0,18,3,0,1,,0,40 02:20.090,,0,75 04:59.750,0,0,0,0,67301,0,0,0,,0,0,0,2,67301,0,,1,1,,,,,0,,0,0,1,3,2,,1819,0,2,0,0,0,0,0,3,4,0,2,3,,N,,,,,,,,,,,
2007120541,1810.0,1,0,0,0,0,0,0,0,0,1,0,,67,10,2007,2,40.0971,-75.0182,1801.0,6,0,0,0,0,0,0,0,0,,0,0,0,18,1,1,1,,0,40 05:49.711,,0,75 01:05.375,4,0,0,0,67301,0,0,0,Y,0,0,0,3,67301,1,,1,1,,N,N,,1,,0,0,0,3,2,,1800,1,2,0,0,0,0,0,3,4,0,2,3,,N,,,,,,,,,,,
2007082584,1930.0,0,0,0,0,0,0,0,0,0,8,0,,67,5,2007,3,40.0172,-75.1495,1917.0,6,0,0,1,0,0,0,0,0,,0,0,0,19,3,1,0,,0,40 01:02.000,,0,75 08:58.138,4,0,0,0,67301,1,0,0,N,1,0,0,2,67301,1,,4,1,,N,N,,0,,0,0,1,3,2,,1917,1,2,0,0,0,0,0,3,4,0,1,3,,N,,,,,,,,,,,
2007120593,2215.0,0,0,0,0,0,0,0,0,0,1,0,,67,10,2007,5,40.077,-75.2068,2208.0,6,0,0,0,0,0,0,0,0,,0,0,0,22,3,1,0,,0,40 04:37.358,,0,75 12:24.570,4,0,0,0,67301,0,0,0,N,0,0,0,2,67301,1,,1,1,,N,N,,1,,0,0,1,0,0,,2207,1,2,0,0,0,0,0,3,4,0,2,3,,N,,,,,,,,,,,
2007120633,1008.0,1,0,0,0,0,0,0,0,0,1,0,,67,10,2007,6,39.9238,-75.1787,1005.0,6,0,0,0,0,0,1,0,0,,0,0,0,10,1,1,0,,0,39 55:25.678,,0,75 10:43.440,8,0,0,0,67301,0,0,0,N,0,0,0,1,67301,0,,6,1,,N,N,,0,,0,0,0,0,0,,1001,1,2,0,0,0,1,0,3,4,1,2,3,,N,,,,,,,,,,,
2007120673,1121.0,0,0,0,0,0,0,0,0,0,8,0,,67,10,2007,3,40.0621,-75.0847,1104.0,6,0,0,0,0,0,0,0,1,,0,0,0,11,1,1,2,,0,40 03:43.000,,0,75 05:05.103,3,0,0,0,67301,1,0,0,N,1,0,0,2,67301,0,,1,1,,N,N,,0,,1,0,1,3,2,,1103,1,2,0,0,0,0,0,3,4,0,1,3,,N,,,,,,,,,,,
2007082929,436.0,0,0,0,0,0,0,0,0,0,7,0,,67,6,2007,6,39.9766,-75.1135,435.0,6,0,0,0,0,0,0,0,0,2.0,0,0,0,4,3,0,0,,1,39 58:36.000,1.0,0,75 06:47.939,9,0,0,0,67301,0,0,0,Y,0,0,0,1,67301,0,,2,9,,N,N,,0,,0,0,1,0,0,N,435,0,1,0,0,0,0,1,3,4,0,1,7,,N,,,,,,,,,,,
2007107134,2045.0,0,0,0,1,0,0,0,0,0,1,0,,67,9,2007,2,39.9727,-75.1735,2033.0,6,0,0,0,0,0,0,0,0,,0,0,0,20,3,1,0,,0,39 58:21.569,,0,75 10:24.560,4,0,0,0,67301,1,0,0,N,0,0,0,2,67301,1,,1,1,,N,N,,0,,0,0,0,0,0,,2033,1,2,0,0,0,0,0,3,4,0,1,3,,N,,,,,,,,,,,
2007027890,1153.0,1,0,0,0,0,0,0,0,0,4,0,,67,2,2007,5,40.0857,-75.2112,1147.0,6,0,0,0,0,0,1,0,0,,0,1,0,11,1,1,1,,0,40 05:08.000,,0,75 12:40.489,4,0,0,0,67301,0,0,0,N,0,0,0,3,67301,1,,1,1,,N,N,,1,,0,0,0,3,2,,1130,1,3,0,0,3,0,0,3,4,0,3,3,,N,,,,,,,,,,,
2007027956,1010.0,0,0,0,0,0,0,0,0,0,8,0,,67,1,2007,3,40.0189,-75.1525,1006.0,6,0,0,0,0,0,0,0,0,,0,0,0,10,1,1,2,,0,40 01:08.018,,0,75 09:08.895,8,0,0,0,67301,2,0,0,N,2,0,0,3,67301,0,,1,1,,N,N,,0,,0,0,0,3,3,,1000,1,3,0,0,0,1,0,3,4,1,1,3,,N,,,,,,,,,,,
2007117205,957.0,1,0,0,0,0,0,0,0,0,6,0,,67,10,2007,1,40.0481,-75.158,945.0,6,0,0,0,0,0,0,0,0,,0,0,0,9,1,0,2,,0,40 02:53.293,,0,75 09:28.929,0,0,0,0,67301,0,0,0,N,0,0,0,1,67301,0,,1,1,,N,N,,0,,0,0,0,0,0,,930,0,2,0,0,0,0,0,3,4,0,1,3,,N,,,,,,,,,,,
2007112112,1414.0,2,0,0,0,0,0,0,0,0,4,0,,67,9,2007,7,40.0362,-75.0642,1416.0,6,0,0,0,0,0,0,0,0,,0,0,0,14,1,1,1,,0,40 02:10.000,,0,75 03:51.595,8,0,0,0,67301,0,0,0,,0,0,0,6,67301,0,,1,1,,,,,0,,0,0,0,3,2,,1409,1,2,0,0,0,1,1,3,4,0,2,3,,N,,,,,,,,,,,
2007047332,1010.0,2,0,0,0,0,0,0,0,0,1,0,,67,2,2007,1,40.1035,-75.0029,1004.0,6,0,0,1,0,0,0,0,0,,0,0,0,10,1,2,0,,0,40 06:12.600,,6,75 00:10.440,8,0,0,0,67301,0,0,0,N,0,0,0,3,67301,0,,1,1,,N,N,,0,,0,0,0,0,0,,1000,2,2,0,0,1,2,0,3,4,0,2,3,,N,,,,,,,,,,,
2007047559,1611.0,1,0,0,0,0,0,0,0,0,7,0,,67,2,2007,3,40.0287,-75.2055,1607.0,6,0,0,0,0,0,1,0,0,,0,0,0,16,1,1,1,,0,40 01:43.000,,0,75 12:19.910,4,0,0,0,67301,0,0,0,N,0,0,0,1,67301,1,,4,6,,N,N,,0,,0,0,0,3,2,,1607,1,1,0,0,0,0,0,3,4,0,1,10,,N,,,,,,,,,,,
2007047520,1102.0,1,0,0,0,0,0,0,0,0,1,0,,67,2,2007,2,40.0992,-74.9869,1056.0,6,0,0,0,0,0,0,0,1,,0,0,0,10,1,1,1,,0,40 05:57.000,,0,74 59:12.909,4,0,0,0,67301,0,0,0,N,0,0,0,2,67301,1,,1,9,,N,N,,0,,0,0,1,0,0,,1020,1,2,0,0,0,0,1,3,4,0,2,3,,N,,,,,,,,,,,
2007047693,501.0,0,0,0,0,0,0,0,0,0,0,0,,67,2,2007,1,40.0224,-75.0936,500.0,6,0,0,0,0,0,0,0,0,,0,0,0,4,3,1,0,,0,40 01:20.701,,0,75 05:36.932,8,0,0,0,67301,0,0,0,N,0,0,0,2,67301,0,,1,1,,N,N,,0,,0,0,1,0,0,,455,1,2,0,0,0,1,1,3,4,0,2,3,,N,,,,,,,,,,,
2007067625,1800.0,1,0,0,0,0,0,0,0,0,1,0,,67,5,2007,5,39.9379,-75.1968,1755.0,6,0,0,0,0,0,1,0,0,,0,0,0,16,1,2,1,,0,39 56:16.400,,0,75 11:48.400,4,0,0,0,67301,0,0,0,,0,0,0,3,67301,2,,1,1,,N,N,,0,,0,0,1,0,0,,1615,2,2,0,0,1,0,0,3,4,0,2,3,,N,,,,,,,,,,,
2007047829,2308.0,1,0,0,0,0,0,0,0,0,4,0,,67,2,2007,7,40.0447,-75.1257,2307.0,6,0,0,0,0,1,0,0,0,,0,0,0,22,3,0,1,,0,40 02:40.966,,0,75 07:32.631,9,0,0,0,67301,0,0,0,N,0,0,0,2,67301,0,,1,7,,N,N,,0,,0,0,1,3,3,,2255,0,2,0,0,0,0,1,3,4,0,2,3,,N,,,,,,,,,,,
2007106927,1825.0,0,0,0,0,0,0,0,0,0,7,0,,67,9,2007,4,40.0116,-75.0605,1820.0,6,0,0,0,0,0,0,0,0,2.0,0,0,0,18,4,1,0,,2,40 00:42.000,1.0,0,75 03:36.476,3,0,0,0,67301,0,0,0,N,0,0,0,1,67301,0,,2,1,,N,N,,0,,1,0,1,0,0,N,1815,1,1,0,0,0,0,0,3,4,0,1,3,,N,,,,,,,,,,,
2007047960,254.0,0,0,0,0,0,0,0,0,0,7,0,,67,2,2007,5,39.9775,-75.1125,254.0,6,0,0,0,1,0,0,0,0,2.0,0,0,0,2,3,1,0,,2,39 58:37.200,2.0,0,75 06:48.600,4,0,0,0,67301,0,0,0,N,0,0,0,1,67301,1,,2,1,,N,N,,0,,0,0,0,0,0,N,254,1,1,0,0,0,0,0,3,4,1,1,3,,N,,,,,,,,,,,
2007047969,232.0,1,0,0,0,0,0,0,0,0,7,0,,67,3,2007,7,39.9571,-75.1455,221.0,6,0,0,0,0,0,0,0,0,1.0,0,0,0,2,3,0,0,,2,39 57:27.000,3.0,0,75 08:51.720,0,0,0,0,67301,0,0,0,N,0,0,0,4,67301,0,,2,1,,N,N,,0,,0,0,0,0,0,N,220,0,1,0,0,0,0,0,3,4,0,1,3,,N,,,,,,,,,,,
2007098511,1754.0,1,0,0,0,0,0,0,0,0,4,0,,67,7,2007,7,40.0443,-75.113,1752.0,6,0,0,1,0,0,0,0,0,,0,0,0,17,1,1,2,,0,40 02:46.000,,0,75 06:45.290,4,0,0,1,67301,0,0,0,N,0,0,0,2,67301,1,,1,1,,N,N,,0,,0,0,0,0,0,,1702,1,2,0,0,1,0,0,3,4,0,2,3,,N,,,,,,,,,,,
2007098142,815.0,2,0,0,0,0,0,0,0,0,4,0,,67,8,2007,2,39.9962,-75.1958,814.0,6,0,0,0,0,0,1,0,0,1.0,0,0,0,8,1,1,2,,2,39 59:46.392,2.0,0,75 11:45.049,8,0,0,0,67301,0,0,0,,0,0,0,2,67301,0,,1,9,,N,N,,0,,0,0,0,0,0,N,814,1,2,0,0,0,1,0,3,4,0,2,7,,N,,,,,,,,,,,
2007095909,455.0,1,0,0,0,0,0,0,0,0,7,0,,67,8,2007,2,39.9498,-75.1838,453.0,6,0,0,0,0,0,0,0,0,,0,0,0,4,3,1,0,,0,39 57:04.000,,0,75 10:57.704,4,0,0,0,67301,0,0,0,N,0,0,0,1,68K01,1,,3,9,,N,N,,0,,0,0,0,0,0,,453,1,1,0,0,0,0,0,3,4,0,1,7,,N,,,,,,,,,,,
2007022367,1341.0,1,0,0,0,0,0,0,0,0,4,0,,67,1,2007,7,39.9666,-75.1604,1341.0,6,0,0,0,0,0,1,0,0,,0,0,0,13,1,1,1,,0,39 57:59.000,,0,75 09:37.524,4,0,0,0,67301,0,0,0,N,0,0,0,2,67301,1,,1,1,,N,N,,1,,0,0,0,3,2,,1339,1,2,0,0,0,0,0,3,4,0,2,3,,N,,,,,,,,,,,
2007027518,1545.0,0,0,0,0,0,0,0,0,0,4,1,,67,1,2007,6,39.9716,-75.1463,1540.0,6,0,0,0,0,0,1,0,0,1.0,0,1,0,15,1,1,1,,1,39 58:17.655,2.0,0,75 08:46.741,4,0,0,0,67301,0,0,0,N,0,0,0,2,67301,1,,1,1,,N,N,,0,,0,0,0,3,2,Y,1500,1,2,0,0,0,0,0,3,4,1,2,3,,N,,,,,,,,,,,
2007027625,1705.0,0,0,0,0,0,0,1,0,0,1,1,,67,1,2007,7,40.0169,-75.0718,1700.0,6,0,0,0,0,0,1,0,0,,0,0,0,16,3,2,1,,0,40 01:00.000,,0,75 04:18.546,4,0,0,0,67301,0,0,0,N,0,0,0,4,67301,2,,1,9,,N,N,,0,,0,0,0,9,3,,1647,2,2,0,0,1,0,0,3,4,1,2,7,,N,,,,,,,,,,,
2007027663,213.0,6,0,0,0,0,0,0,0,0,4,0,,67,1,2007,7,40.0323,-75.139,213.0,6,0,0,0,0,0,0,0,0,,0,0,0,2,3,0,0,,0,40 01:56.132,,0,75 08:20.443,0,0,0,0,67301,0,0,0,N,0,0,0,1,67301,0,,1,1,,N,N,,0,,0,0,0,0,0,,200,0,6,0,0,0,0,0,3,4,0,6,3,,N,,,,,,,,,,,
2007027694,1125.0,0,0,0,0,0,0,0,0,0,7,0,,67,1,2007,2,40.0012,-75.0972,1120.0,6,0,0,0,0,0,0,0,0,2.0,0,0,0,11,1,1,2,,1,40 00:04.157,2.0,0,75 05:49.913,3,0,0,0,67301,0,0,0,N,0,0,0,1,62301,0,,4,9,,N,N,,1,,1,0,0,3,3,N,1115,1,1,0,0,1,0,0,3,4,0,1,7,,N,,,,,,,,,,,
2007027709,859.0,0,0,0,0,0,0,0,0,0,8,0,,67,1,2007,6,40.0092,-75.1508,855.0,6,0,0,0,0,0,0,0,0,,0,0,0,8,1,1,0,,0,40 00:33.250,,0,75 09:02.978,4,0,0,0,67301,1,0,0,N,1,0,0,2,67301,1,,1,9,,N,N,,1,,0,0,0,0,0,,840,1,2,0,0,0,0,0,3,4,0,1,7,5.0,N,,,,,,,,,,,
2007027725,2340.0,0,0,0,0,0,0,0,0,0,7,0,,67,1,2007,7,40.016,-75.1759,2337.0,6,0,0,0,0,0,0,0,0,2.0,0,0,0,23,3,0,0,,1,40 00:57.461,1.0,0,75 10:33.007,0,0,0,0,67301,0,0,0,Y,0,0,0,1,67301,0,,2,9,,N,N,,0,,0,0,0,0,0,N,2336,0,1,0,0,0,0,0,3,4,1,1,3,,N,,,,,,,,,,,
2007027737,825.0,1,0,0,0,0,0,0,0,0,5,0,,67,2,2007,6,40.0068,-75.0828,815.0,6,0,0,0,0,0,0,0,0,2.0,0,0,0,8,3,1,1,,1,40 00:24.490,2.0,0,75 04:57.907,2,0,0,0,67301,0,0,0,N,0,0,0,5,67301,0,,1,1,,N,N,,0,,0,1,2,3,3,Y,800,1,3,0,0,0,0,0,3,4,0,3,3,,N,,,,,,,,,,,
2007066246,1842.0,1,0,0,1,0,0,0,0,0,4,0,,67,5,2007,3,39.9806,-75.1488,1835.0,6,0,0,0,0,0,0,0,0,,0,0,0,99,1,1,1,,0,39 58:50.293,,0,75 08:55.546,4,0,0,0,67301,1,0,0,,0,0,0,2,67301,1,,1,1,,,,,0,,0,0,0,3,3,,9999,1,2,0,0,0,0,0,3,4,0,1,3,,N,,,,,,,,,,,
2007058645,1710.0,1,0,0,1,0,0,0,0,0,8,0,,67,4,2007,6,39.9806,-75.2348,1700.0,6,0,0,0,0,0,0,0,0,1.0,0,0,0,16,1,1,0,,1,39 58:50.000,4.0,0,75 14:05.413,8,0,0,0,67301,1,0,0,Y,0,0,0,2,67301,0,,1,1,,N,N,,0,,0,0,0,0,0,Y,1650,1,2,0,0,0,1,0,3,4,0,1,3,,N,,,,,,,,,,,
2007051169,1757.0,2,0,0,0,0,0,0,0,0,0,0,,67,2,2007,1,39.9341,-75.2363,1755.0,6,0,0,0,0,0,0,0,0,,0,0,0,17,3,1,0,,0,39 56:02.000,,0,75 14:10.715,8,0,0,0,67301,0,0,0,N,0,0,0,4,67301,0,,1,6,,N,N,,0,,0,0,0,0,0,,1753,1,3,0,0,0,1,0,3,4,1,3,9,,N,,,,,,,,,,,
2007051177,915.0,2,0,0,0,0,0,0,0,0,4,0,,67,2,2007,5,40.0336,-75.1454,905.0,6,0,0,0,0,0,0,0,0,,0,0,0,7,1,2,0,,0,40 02:01.092,,0,75 08:43.327,4,0,0,0,67301,0,0,0,N,0,0,0,2,67301,2,,6,1,,N,N,,0,,0,0,0,0,0,,741,2,3,0,0,0,0,0,3,4,0,2,3,,N,,,,,,,,,,,
2007056562,2015.0,0,0,0,0,0,0,0,0,0,7,0,,67,3,2007,7,39.9751,-75.195,2008.0,6,0,0,0,0,0,1,0,0,,0,0,0,20,3,2,2,,0,39 58:30.000,,0,75 11:41.875,8,0,0,0,67301,1,0,0,N,1,0,0,3,67301,0,,3,1,,N,N,,0,,0,0,1,3,2,,2005,2,2,0,0,0,2,0,3,4,0,1,3,,N,,,,,,,,,,,
2007056592,1407.0,2,0,0,0,0,0,0,0,0,4,0,,67,4,2007,2,39.9721,-75.2469,1407.0,6,0,0,0,0,0,1,0,0,2.0,0,0,0,14,1,2,1,,1,39 58:19.000,3.0,0,75 14:48.761,3,0,0,0,67301,0,0,0,N,0,0,0,3,67301,1,,1,9,,N,N,,0,,1,0,0,3,2,Y,1407,2,2,0,0,0,0,0,3,4,0,2,7,,N,,,,,,,,,,,
2007056494,915.0,2,0,0,0,0,0,0,0,0,1,0,,67,3,2007,3,39.9594,-75.2453,910.0,6,0,0,0,0,0,0,0,0,,0,0,0,9,1,1,1,,0,39 57:33.000,,0,75 14:43.234,4,0,0,0,67301,0,0,0,N,0,0,0,2,67301,1,,1,1,,N,N,,0,,0,0,0,3,2,,907,1,2,0,0,1,0,0,3,4,0,2,3,,N,,,,,,,,,,,
2007057382,518.0,1,0,0,0,0,0,0,0,0,7,0,,67,4,2007,2,40.0469,-75.1671,516.0,6,0,0,0,0,0,0,0,0,,0,0,0,4,3,0,0,,0,40 02:48.806,,0,75 10:01.659,0,0,0,0,67301,0,0,0,N,0,0,0,1,67301,0,,4,1,,N,N,,0,,0,0,0,3,2,,445,0,1,0,0,0,0,0,3,4,0,1,3,,N,,,,,,,,,,,
2007057393,130.0,1,0,0,0,0,0,0,0,0,7,0,,67,4,2007,1,40.0052,-75.1805,130.0,6,0,0,0,0,0,1,0,0,,0,0,0,1,3,1,0,,0,40 00:18.000,,0,75 10:49.417,2,0,0,0,67301,0,0,0,N,0,0,0,1,67301,0,,5,1,,N,N,,0,,0,1,0,0,0,,125,1,1,0,1,1,0,0,3,4,0,1,3,,N,,,,,,,,,,,
2007057428,1945.0,2,0,0,0,0,0,0,0,0,4,0,,67,4,2007,2,40.0401,-75.1046,1945.0,6,0,0,0,0,0,0,0,0,,0,0,0,19,3,1,2,,0,40 02:24.306,,0,75 06:16.678,4,0,0,0,67301,0,0,0,N,0,0,0,3,67301,1,,1,9,,N,N,,0,,0,0,0,3,3,,1945,1,2,0,0,0,0,0,3,4,0,2,7,,N,,,,,,,,,,,
2007067401,805.0,1,0,0,0,0,0,1,0,0,1,1,,67,4,2007,6,40.0809,-75.0288,802.0,6,0,0,0,0,0,1,0,0,,0,0,0,7,1,1,5,,0,40 04:51.000,,0,75 01:43.129,8,0,0,0,67301,0,0,0,N,0,0,0,5,67301,0,,1,9,,Y,N,,0,,0,0,0,9,2,,756,1,2,0,0,0,1,0,3,4,0,2,7,,N,,,,,,,,,,,
2007067491,1808.0,0,0,0,0,0,0,0,0,0,7,0,,67,5,2007,7,39.9651,-75.1334,1801.0,6,0,0,0,0,0,0,0,0,,0,0,0,99,1,1,0,,0,39 57:53.000,,0,75 08:00.897,4,0,0,1,67301,0,0,0,N,0,0,0,1,67301,1,,3,98,,N,N,,0,,0,0,0,0,0,,9999,1,1,0,0,0,0,0,3,4,0,1,3,,N,,,,,,,,,,,
2007057515,258.0,2,0,0,0,0,0,0,0,0,5,0,,67,3,2007,1,40.0722,-75.1623,256.0,6,0,0,0,0,0,1,0,0,,0,0,0,2,3,0,0,,0,40 04:19.880,,0,75 09:44.424,0,0,0,0,67301,0,0,0,N,0,0,0,1,67301,0,,1,1,,N,N,,0,,0,0,1,0,0,,250,0,4,0,0,0,0,0,3,4,0,4,3,,N,,,,,,,,,,,
2007067295,321.0,1,0,0,0,0,0,0,0,0,7,0,,67,4,2007,6,,,317.0,6,0,0,0,0,0,0,0,0,1.0,0,0,0,3,3,0,0,,1,,1.0,0,,0,0,0,0,67301,0,0,0,Y,0,0,0,3,67301,0,,2,9,,N,N,,0,,0,0,0,0,0,N,316,0,2,0,0,0,0,0,3,3,0,1,7,,N,,,,,,,,,,,
2007067172,137.0,2,0,0,0,0,0,0,0,0,4,0,,67,5,2007,1,40.0363,-75.0643,134.0,6,0,0,0,0,0,0,0,0,,0,0,0,1,3,1,1,,0,40 02:11.000,,0,75 03:51.603,4,0,0,0,67301,0,0,0,N,0,0,0,3,67301,1,,1,9,,N,N,,0,,0,0,0,3,2,,133,1,2,0,0,0,0,0,3,4,0,2,7,,N,,,,,,,,,,,
2007067203,2110.0,0,0,0,0,0,0,0,0,0,8,0,,67,4,2007,3,39.9609,-75.245,2059.0,6,0,0,0,0,0,0,0,0,,0,0,0,20,4,1,1,,0,39 57:39.000,,0,75 14:41.973,4,0,0,0,67301,1,0,0,N,1,0,0,2,67301,1,,9,1,,N,N,,0,,0,0,1,9,2,,2056,1,2,0,0,0,0,0,3,4,0,1,3,,N,,,,,,,,,,,
2007057294,402.0,1,0,0,0,0,0,0,0,0,4,0,,67,3,2007,6,39.9643,-75.1848,400.0,6,0,0,0,0,0,0,0,0,2.0,0,0,0,99,3,0,0,,2,39 57:49.895,4.0,0,75 11:04.049,0,0,0,0,67301,0,0,0,N,0,0,0,1,67301,0,,1,9,,N,N,,1,,0,0,0,0,0,N,9999,0,2,0,0,0,0,0,3,4,0,2,7,,N,,,,,,,,,,,
2007099097,1437.0,1,0,0,0,0,0,0,0,0,1,0,,67,8,2007,5,40.0388,-75.0351,1435.0,6,0,0,0,0,0,0,0,0,,0,0,0,14,1,1,0,,0,40 02:19.000,,0,75 02:06.337,3,0,0,0,67301,0,0,0,N,0,0,0,1,67301,0,,6,1,,N,N,,1,,1,0,1,0,0,,1430,1,3,0,0,0,0,0,3,4,0,3,3,,N,,,,,,,,,,,
2007029580,1130.0,1,0,0,0,0,0,0,0,0,4,0,,67,1,2007,7,40.0071,-75.094,1120.0,6,0,0,0,0,0,1,0,0,,0,0,0,11,1,1,1,,0,40 00:25.549,,0,75 05:38.543,4,0,0,0,67301,0,0,0,N,0,0,0,2,67301,1,,1,9,,N,N,,1,,0,0,0,3,2,,1120,1,2,0,0,0,0,1,3,4,0,2,7,,N,,,,,,,,,,,
2007029255,1452.0,0,0,0,0,0,0,0,0,0,8,0,,67,1,2007,4,39.9879,-75.2299,1437.0,6,0,0,0,0,0,0,0,0,,0,0,0,14,1,1,2,,0,39 59:16.598,,0,75 13:47.686,3,0,0,0,67301,1,0,0,N,1,0,0,2,67301,0,,7,1,,N,N,,0,,1,0,0,3,3,,1437,1,2,0,0,0,0,0,3,4,1,1,3,5.0,N,,,,,,,,,,,
2007029266,1053.0,1,0,0,0,0,0,0,0,0,8,0,,67,2,2007,6,39.9529,-75.1733,1048.0,6,0,0,0,0,0,0,0,0,,0,0,0,10,1,1,1,,0,39 57:10.602,,0,75 10:23.843,4,0,0,0,67301,1,0,0,,1,0,0,2,67301,1,,1,1,,,,,0,,0,0,0,0,0,,1045,1,2,0,0,0,0,0,3,4,0,1,3,,N,,,,,,,,,,,