CRN,ARRIVAL_TM,AUTOMOBILE_COUNT,BELTED_DEATH_COUNT,BELTED_SUSP_SERIOUS_INJ_COUNT,BICYCLE_COUNT,BICYCLE_DEATH_COUNT,BICYCLE_SUSP_SERIOUS_INJ_COUNT,BUS_COUNT,CHLDPAS_DEATH_COUNT,CHLDPAS_SUSP_SERIOUS_INJ_COUNT,COLLISION_TYPE,COMM_VEH_COUNT,CONS_ZONE_SPD_LIM,COUNTY,CRASH_MONTH,CRASH_YEAR,DAY_OF_WEEK,DEC_LAT,DEC_LONG,DISPATCH_TM,DISTRICT,DRIVER_COUNT_16YR,DRIVER_COUNT_17YR,DRIVER_COUNT_18YR,DRIVER_COUNT_19YR,DRIVER_COUNT_20YR,DRIVER_COUNT_50_64YR,DRIVER_COUNT_65_74YR,DRIVER_COUNT_75PLUS,EST_HRS_CLOSED,FATAL_COUNT,HEAVY_TRUCK_COUNT,HORSE_BUGGY_COUNT,HOUR_OF_DAY,ILLUMINATION,INJURY_COUNT,INTERSECT_TYPE,INTERSECTION_RELATED,LANE_CLOSED,LATITUDE,LN_CLOSE_DIR,LOCATION_TYPE,LONGITUDE,MAX_SEVERITY_LEVEL,MCYCLE_DEATH_COUNT,MCYCLE_SUSP_SERIOUS_INJ_COUNT,MOTORCYCLE_COUNT,MUNICIPALITY,NONMOTR_COUNT,NONMOTR_DEATH_COUNT,NONMOTR_SUSP_SERIOUS_INJ_COUNT,NTFY_HIWY_MAINT,PED_COUNT,PED_DEATH_COUNT,PED_SUSP_SERIOUS_INJ_COUNT,PERSON_COUNT,POLICE_AGCY,POSSIBLE_INJ_COUNT,RDWY_SURF_TYPE_CD,RELATION_TO_ROAD,ROAD_CONDITION,ROADWAY_CLEARED,SCH_BUS_IND,SCH_ZONE_IND,SECONDARY_CRASH,SMALL_TRUCK_COUNT,SPEC_JURIS_CD,SUSP_MINOR_INJ_COUNT,SUSP_SERIOUS_INJ_COUNT,SUV_COUNT,TCD_FUNC_CD,TCD_TYPE,TFC_DETOUR_IND,TIME_OF_DAY,TOT_INJ_COUNT,TOTAL_UNITS,UNB_DEATH_COUNT,UNB_SUSP_SERIOUS_INJ_COUNT,UNBELTED_OCC_COUNT,UNK_INJ_DEG_COUNT,UNK_INJ_PER_COUNT,URBAN_AREA,URBAN_RURAL,VAN_COUNT,VEHICLE_COUNT,WEATHER1,WEATHER2,WORK_ZONE_IND,WORK_ZONE_LOC,WORK_ZONE_TYPE,WORKERS_PRES,WZ_CLOSE_DETOUR,WZ_FLAGGER,WZ_LAW_OFFCR_IND,WZ_LN_CLOSURE,WZ_MOVING,WZ_OTHER,WZ_SHLDER_MDN,WZ_WORKERS_INJ_KILLED
2007120850,1126.0,1,0,0,0,0,0,0,0,0,4,0,,67,9,2007,6,40.0085,-75.158,1126.0,6,0,1,0,0,0,0,0,0,,0,0,0,11,1,1,1,,0,40 00:30.463,,0,75 09:28.677,2,0,1,1,67301,0,0,0,,0,0,0,2,67301,0,,1,1,,N,N,,0,,0,1,0,2,3,,1126,1,2,0,0,0,0,1,3,4,0,2,3,,N,,,,,,,,,,,
2007092335,9999.0,1,0,0,0,0,0,1,0,0,1,1,,67,7,2007,4,39.9983,-75.1274,9999.0,6,0,0,0,0,0,0,0,0,,0,0,0,99,3,2,1,,0,39 59:53.000,,0,75 07:38.508,8,0,0,0,67301,0,0,0,N,0,0,0,3,67301,0,,1,9,,N,N,,0,,0,0,0,3,2,,9999,2,2,0,0,0,2,1,3,4,0,2,3,,N,,,,,,,,,,,
2007095024,2250.0,1,0,0,0,0,0,0,0,0,8,0,,67,7,2007,4,40.0008,-75.1103,2247.0,6,0,0,0,0,0,0,0,0,,0,0,0,22,3,1,0,,0,40 00:02.980,,0,75 06:36.921,8,0,0,0,67301,1,0,0,N,1,0,0,2,67301,0,,1,9,,N,N,,0,,0,0,0,0,0,,2242,1,2,0,0,0,1,0,3,4,0,1,7,,N,,,,,,,,,,,
2007095059,400.0,2,0,0,0,0,0,0,0,0,1,0,,67,7,2007,6,39.9833,-75.2431,344.0,6,0,0,0,0,0,0,0,0,,0,0,0,22,3,1,0,,0,39 59:00.000,,0,75 14:35.104,8,0,0,0,67301,0,0,0,N,0,0,0,2,67301,0,,1,9,,N,N,,0,,0,0,0,3,3,,2250,1,2,0,0,0,1,1,3,4,0,2,7,,N,,,,,,,,,,,
2007095071,1832.0,1,0,0,1,0,0,0,0,0,2,0,,67,7,2007,4,40.0172,-75.1391,1831.0,6,0,0,1,0,0,0,0,0,,0,0,0,18,1,1,1,,0,40 01:01.779,,0,75 08:20.723,4,0,0,0,67301,2,0,0,N,0,0,0,3,67301,1,,1,1,,N,N,,0,,0,0,0,0,0,,1820,1,2,0,0,1,0,0,3,4,0,1,3,,N,,,,,,,,,,,
2007123513,9999.0,2,0,0,0,0,0,0,0,0,5,0,,67,10,2007,3,39.9223,-75.1874,9999.0,6,0,0,1,1,0,0,0,0,,0,0,0,99,1,0,0,,0,39 55:20.000,,7,75 11:15.891,0,0,0,0,67301,0,0,0,N,0,0,0,2,67301,0,,1,1,,N,N,,0,,0,0,0,3,2,,9999,0,2,0,0,0,0,0,3,4,0,2,3,,N,,,,,,,,,,,
2007083267,443.0,1,0,0,0,0,0,0,0,0,7,0,,67,6,2007,6,39.9629,-75.1834,431.0,6,0,0,0,1,0,0,0,0,,0,0,0,4,5,0,0,,0,39 57:49.000,,0,75 11:03.077,0,0,0,0,67301,0,0,0,N,0,0,0,1,68K01,0,,2,1,,N,N,,0,,0,0,0,0,0,,425,0,1,0,0,0,0,0,3,4,0,1,3,,N,,,,,,,,,,,
2007120665,1818.0,2,0,0,0,0,0,0,0,0,4,0,,67,10,2007,7,39.9807,-75.1245,1816.0,6,0,0,0,0,0,0,1,0,,0,0,0,18,4,1,2,,0,39 58:50.505,,0,75 07:28.210,4,0,0,0,67301,0,0,0,N,0,0,0,4,67301,1,,1,1,,N,N,,0,,0,0,0,3,3,,1815,1,2,0,0,0,0,0,3,4,0,2,3,,N,,,,,,,,,,,
2007107123,902.0,2,0,0,0,0,0,0,0,0,1,0,,67,9,2007,5,40.0588,-75.1494,901.0,6,0,0,0,0,0,0,1,0,,0,0,0,8,1,1,0,,0,40 03:31.636,,0,75 08:57.890,4,0,0,0,67301,0,0,0,N,0,0,0,2,67301,1,,1,1,,N,N,,0,,0,0,0,3,2,,855,1,2,0,0,0,0,0,3,4,0,2,3,,N,,,,,,,,,,,
2007082918,1001.0,0,0,0,0,0,0,1,0,0,8,1,,67,5,2007,4,40.0584,-75.1895,1000.0,6,0,0,0,0,0,1,0,0,,0,0,0,9,1,1,1,,0,40 03:30.000,,0,75 11:21.982,4,0,0,0,67301,1,0,0,,1,0,0,2,67301,1,,1,1,,,,,0,,0,0,0,3,2,,930,1,2,0,0,0,0,0,3,4,0,1,3,,N,,,,,,,,,,,
2007080476,2350.0,1,0,0,0,0,0,0,0,0,1,0,,67,6,2007,3,40.0447,-75.0537,2345.0,6,0,0,0,0,0,1,0,0,,0,0,0,23,3,1,0,,0,40 02:40.000,,0,75 03:13.119,8,0,0,0,67301,0,0,0,N,0,0,0,2,67301,0,,1,9,,N,N,,1,,0,0,0,0,0,,2340,1,2,0,0,2,1,0,3,4,0,2,7,,N,,,,,,,,,,,
2007030114,2014.0,4,0,0,0,0,0,0,0,0,1,0,,67,2,2007,6,40.028,-75.1,2008.0,6,0,0,0,0,0,1,0,0,3.0,0,0,0,20,3,1,0,,1,40 01:41.000,1.0,0,75 06:01.072,4,0,0,0,67301,0,0,0,N,0,0,0,4,67301,1,,1,9,,N,N,,0,,0,0,0,0,0,Y,2000,1,4,0,0,0,0,0,3,4,0,4,9,,N,,,,,,,,,,,
2007027637,1931.0,2,0,0,0,0,0,0,0,0,2,0,,67,1,2007,5,40.0226,-75.1782,1926.0,6,0,0,0,0,0,0,0,0,,0,0,0,99,3,1,1,,0,40 01:21.000,,0,75 10:41.375,8,0,0,0,67301,0,0,0,N,0,0,0,2,67301,0,,1,9,,N,N,,0,,0,0,0,0,0,,9999,1,2,0,0,0,1,1,3,4,0,2,7,,N,,,,,,,,,,,
2007027673,1659.0,1,0,0,0,0,0,0,0,0,8,0,,67,1,2007,2,39.9493,-75.1642,1655.0,6,0,0,0,0,0,0,0,0,,0,0,0,16,1,1,1,,0,39 56:57.000,,0,75 09:51.030,4,0,0,0,67301,1,0,0,N,1,0,0,2,67301,1,,1,1,,N,N,,0,,0,0,0,9,2,,1650,1,2,0,0,1,0,0,3,4,0,1,3,,N,,,,,,,,,,,
2007027570,2000.0,2,0,0,0,0,0,0,0,0,4,0,,67,1,2007,2,40.0084,-75.211,1950.0,6,0,0,0,0,0,0,0,1,,0,0,0,17,2,0,2,,0,40 00:30.704,,0,75 12:38.642,0,0,0,0,67301,0,0,0,,0,0,0,2,67301,0,,1,1,,N,N,,0,,0,0,0,3,2,,1755,0,2,0,0,0,0,0,3,4,0,2,3,,N,,,,,,,,,,,
2007027577,455.0,0,0,0,0,0,0,0,0,0,1,0,,67,1,2007,7,39.9788,-75.2301,451.0,6,0,0,0,0,0,0,0,0,,0,0,0,4,3,1,1,,0,39 58:43.000,,0,75 13:48.350,4,0,0,0,67301,2,0,0,N,0,0,0,3,67301,1,,1,9,,N,N,,1,,0,0,1,0,0,,448,1,2,0,0,1,0,0,3,4,0,2,7,,N,,,,,,,,,,,
2007022819,1642.0,1,0,0,0,0,0,0,0,0,2,0,,67,1,2007,1,39.9686,-75.2207,1637.0,6,0,0,0,0,0,0,0,0,,0,0,0,16,1,0,1,,0,39 58:06.999,,0,75 13:14.343,0,0,0,0,67301,0,0,0,N,0,0,0,3,67301,0,,1,1,,N,N,,1,,0,0,0,0,0,,1630,0,2,0,0,3,0,0,3,4,0,2,3,,N,,,,,,,,,,,
2007022701,2211.0,0,0,0,0,0,0,0,0,0,8,0,,67,1,2007,5,39.9266,-75.2356,9999.0,6,0,0,0,0,0,0,0,0,,0,0,0,22,3,1,1,,0,39 55:35.885,,0,75 14:08.107,8,0,0,0,67301,1,0,0,N,1,0,0,2,67301,0,,1,9,,N,N,,0,,0,0,1,3,2,,2211,1,2,0,0,0,1,1,3,4,0,1,7,,N,,,,,,,,,,,
2007022769,1610.0,2,0,0,0,0,0,0,0,0,1,0,,67,1,2007,2,40.0362,-75.0642,1600.0,6,0,0,0,0,0,0,0,0,,0,0,0,15,1,1,2,,0,40 02:10.000,,0,75 03:51.114,4,0,0,0,67301,0,0,0,,0,0,0,2,67301,1,,1,9,,N,N,,0,,0,0,0,2,3,,1545,1,2,0,0,2,0,0,3,4,0,2,7,,N,,,,,,,,,,,
2007022795,809.0,1,0,0,0,0,0,0,0,0,8,0,,67,1,2007,3,40.0483,-75.0659,807.0,6,0,0,0,0,0,1,0,0,,0,0,0,8,1,1,1,,0,40 02:53.847,,0,75 03:57.279,4,0,0,0,67301,1,0,0,N,1,0,0,2,67301,1,,1,1,,N,N,,0,,0,0,0,3,2,,800,1,2,0,0,0,0,0,3,4,0,1,3,,N,,,,,,,,,,,
2007096682,1556.0,2,0,0,0,0,0,0,0,0,4,0,,67,7,2007,6,39.9949,-75.171,1551.0,6,0,0,0,0,0,1,0,0,,0,0,0,15,1,2,1,,0,39 59:41.776,,0,75 10:15.553,4,0,0,0,67301,0,0,0,N,0,0,0,3,67301,1,,1,1,,N,N,,0,,0,0,0,0,0,,1550,2,2,0,0,0,1,0,3,4,0,2,3,,N,,,,,,,,,,,
2007066307,2103.0,1,0,0,0,0,0,0,0,0,8,0,,67,5,2007,1,39.9701,-75.178,2059.0,6,0,0,0,0,0,1,0,0,,0,0,0,20,3,1,1,,0,39 58:12.466,,0,75 10:40.945,4,0,0,0,67301,1,0,0,N,1,0,0,2,67301,1,,1,1,,N,N,,0,,0,0,0,3,3,,2057,1,2,0,0,0,0,0,3,4,0,1,3,,N,,,,,,,,,,,
2007056167,2025.0,1,0,0,0,0,0,0,0,0,4,0,,67,3,2007,3,39.9073,-75.1411,2024.0,6,0,0,0,0,0,0,0,0,1.0,0,0,0,20,3,0,0,,2,39 54:26.176,4.0,3,75 08:27.946,0,0,0,0,67301,0,0,0,N,0,0,0,5,67301,0,,1,1,,N,N,,1,,0,0,1,3,8,N,2023,0,3,0,0,0,0,0,3,4,0,3,3,,N,,,,,,,,,,,
2007056425,215.0,2,0,0,0,0,0,0,0,0,2,0,,67,4,2007,7,40.0291,-75.1901,212.0,6,0,0,0,0,0,0,0,0,,0,0,0,2,3,4,0,,0,40 01:44.817,,0,75 11:24.231,2,0,0,0,67301,0,0,0,N,0,0,0,4,67301,0,,1,1,,N,N,,0,,3,1,0,0,0,,212,4,2,0,0,0,0,0,3,4,0,2,3,,N,,,,,,,,,,,
2007056579,1917.0,3,0,0,0,0,0,0,0,0,4,0,,67,4,2007,1,40.0,-75.1649,1915.0,6,0,0,0,1,0,0,0,0,2.0,0,0,0,19,4,2,1,,2,40 00:00.003,7.0,0,75 09:53.798,3,0,0,0,67301,0,0,0,N,0,0,0,3,67301,0,,1,9,,N,N,,0,,2,0,1,3,3,N,1915,2,4,0,0,1,0,0,3,4,0,4,7,,N,,,,,,,,,,,
2007048846,1300.0,2,0,0,0,0,0,0,0,0,5,0,,67,3,2007,5,40.0394,-75.0774,1255.0,6,0,0,0,0,0,0,0,0,,0,0,0,12,1,1,0,,0,40 02:21.000,,0,75 04:38.610,4,0,0,0,67301,0,0,0,,0,0,0,2,67301,1,,1,1,,N,N,,0,,0,0,0,0,0,,1250,1,2,0,0,0,0,0,3,4,0,2,3,,N,,,,,,,,,,,
2007056367,1820.0,1,0,0,0,0,0,0,0,0,7,0,,67,3,2007,6,40.0891,-74.9741,1819.0,6,0,0,0,0,0,0,0,0,,0,0,0,18,1,1,0,,0,40 05:20.580,,0,74 58:26.811,8,0,0,0,67301,0,0,0,N,0,0,0,1,67301,0,,5,9,,N,N,,0,,0,0,0,0,0,,1819,1,1,0,0,0,1,0,3,4,0,1,7,,N,,,,,,,,,,,
2007057513,944.0,1,0,0,0,0,0,1,0,0,6,1,,67,3,2007,4,40.0644,-75.1538,943.0,6,0,0,0,0,0,0,0,0,,0,0,0,9,1,1,0,,0,40 03:51.962,,0,75 09:13.708,4,0,0,0,67301,0,0,0,,0,0,0,1,67301,1,,1,1,,,,,0,,0,0,0,0,0,,943,1,2,0,0,0,0,0,3,4,0,2,3,,N,,,,,,,,,,,
2007067483,2209.0,1,0,0,0,0,0,0,0,0,5,0,,67,4,2007,2,40.0928,-75.0168,2207.0,6,0,1,0,0,0,0,0,0,3.0,0,0,0,22,3,1,0,,2,40 05:33.000,1.0,0,75 01:00.290,2,0,0,0,67301,0,0,0,N,0,0,0,2,67301,0,,1,1,,N,N,,0,,0,1,0,0,0,Y,2206,1,2,0,0,0,0,1,3,4,0,2,3,,N,,,,,,,,,,,
2007067497,946.0,3,0,0,0,0,0,0,0,0,4,0,,67,5,2007,1,40.0982,-74.9713,943.0,6,0,0,0,0,0,0,1,0,,0,0,0,9,1,1,0,,0,40 05:53.433,,0,74 58:16.806,4,0,0,0,67301,0,0,0,N,0,0,0,1,67301,1,,1,1,,N,N,,0,,0,0,0,0,0,,935,1,3,0,0,0,0,0,3,4,0,3,3,,N,,,,,,,,,,,
2007067171,2355.0,3,0,0,0,0,0,0,0,0,1,0,,67,5,2007,5,40.0603,-75.0819,2354.0,6,0,0,0,0,0,1,0,0,,0,0,0,22,3,1,0,,0,40 03:36.000,,0,75 04:54.699,4,0,0,0,67301,0,0,0,,0,0,0,5,67301,1,,1,1,,,,,0,,0,0,1,0,0,,2257,1,4,0,0,0,0,0,3,4,0,4,3,,N,,,,,,,,,,,
2007067181,1045.0,1,0,0,0,0,0,0,0,0,5,1,,67,5,2007,5,40.0383,-75.1016,1045.0,6,0,0,0,0,0,2,0,0,,0,1,0,10,1,0,1,,0,40 02:17.754,,0,75 06:05.767,0,0,0,0,67301,0,0,0,,0,0,0,2,67301,0,,1,1,,N,N,,0,,0,0,0,2,2,,1043,0,2,0,0,0,0,0,3,4,0,2,3,,N,,,,,,,,,,,
2007067216,1416.0,2,0,0,0,0,0,0,0,0,4,0,,67,5,2007,6,39.9373,-75.2176,1407.0,6,0,0,0,0,0,1,0,0,,0,0,0,12,1,0,1,,0,39 56:14.400,,0,75 13:03.400,0,0,0,0,67301,0,0,0,,0,0,0,2,67301,0,,1,1,,N,N,,0,,0,0,0,2,3,,1229,0,2,0,0,0,0,0,3,4,0,2,3,,N,,,,,,,,,,,
2007034558,29.0,2,0,1,0,0,0,0,0,0,1,1,,67,3,2007,2,39.9898,-75.2508,28.0,6,0,0,1,0,0,0,0,0,3.0,0,1,0,0,3,3,0,,2,39 59:23.000,5.0,0,75 15:02.911,2,0,0,0,67301,0,0,0,N,0,0,0,7,46104,1,,1,1,,N,N,,0,,1,1,0,3,2,Y,28,3,3,0,0,0,0,0,3,4,0,3,3,,N,,,,,,,,,,,
2007016564,1648.0,2,0,0,0,0,0,0,0,0,7,0,,67,1,2007,3,39.9955,-75.2387,9999.0,6,0,0,0,0,0,0,1,0,,0,0,0,16,4,0,0,,0,39 59:44.000,,0,75 14:17.150,0,0,0,0,67301,0,0,0,N,0,0,0,2,46104,0,,4,1,,N,N,,0,,0,0,0,0,0,,1646,0,2,0,0,0,0,0,3,4,0,2,3,,N,,,,,,,,,,,
2007120854,9999.0,1,0,0,0,0,0,0,0,0,4,0,,67,10,2007,7,40.0391,-75.0345,9999.0,6,0,0,0,0,0,0,0,0,9.0,0,0,0,99,3,2,1,,1,40 02:20.000,1.0,0,75 02:04.204,8,0,0,0,67301,0,0,0,N,0,0,0,3,67301,0,,1,1,,N,N,,0,,0,0,1,0,0,N,9999,2,2,0,0,0,2,1,3,4,0,2,3,,N,,,,,,,,,,,
2007120868,1316.0,2,0,0,0,0,0,0,0,0,4,0,,67,10,2007,3,39.9263,-75.1847,1316.0,6,0,0,0,0,0,0,0,0,,0,0,0,14,1,1,0,,0,39 55:34.000,,0,75 11:04.290,8,0,0,0,67301,0,0,0,N,0,0,0,2,67301,0,,1,98,,N,N,,0,,0,0,0,0,0,,1400,1,2,0,0,1,1,0,3,4,0,2,99,,N,,,,,,,,,,,
2007120871,748.0,2,0,0,0,0,0,0,0,0,1,0,,67,10,2007,4,40.0307,-75.2121,741.0,6,0,0,0,0,0,1,0,0,,0,0,0,7,1,1,1,,0,40 01:50.000,,0,75 12:43.298,4,0,0,0,67301,0,0,0,N,0,0,0,2,67301,1,,1,1,,N,N,,0,,0,0,0,0,0,,740,1,2,0,0,0,0,0,3,4,0,2,3,,N,,,,,,,,,,,
2007095115,1457.0,1,0,0,0,0,0,0,0,0,8,0,,67,7,2007,1,39.9944,-75.1814,1455.0,6,0,0,0,0,1,0,0,0,,0,0,0,6,1,1,0,,0,39 59:39.890,,0,75 10:53.076,8,0,0,0,67301,1,0,0,N,1,0,0,2,67301,0,,1,1,,N,N,,0,,0,0,0,0,0,,655,1,2,0,0,0,1,0,3,4,0,1,3,,N,,,,,,,,,,,
2007097470,2257.0,1,0,0,0,0,0,0,0,0,4,0,,67,8,2007,7,39.962,-75.1593,2254.0,6,0,0,0,1,0,0,0,0,,0,0,0,22,3,3,1,,0,39 57:43.000,,0,75 09:33.320,3,0,0,0,67301,0,0,0,,0,0,0,6,67301,0,,1,1,,,,,0,,3,0,0,3,2,,2247,3,2,0,0,0,0,0,3,4,1,2,3,,N,,,,,,,,,,,
2007092296,750.0,1,0,0,0,0,0,0,0,0,5,0,,67,6,2007,7,40.0276,-75.1101,741.0,6,0,0,0,0,0,0,0,0,,0,0,0,7,1,1,1,,0,40 01:39.000,,6,75 06:35.953,4,0,0,0,67301,0,0,0,N,0,0,0,2,67301,1,,1,1,,N,N,,1,,0,0,0,3,2,,741,1,2,0,0,0,0,0,3,4,0,2,3,,N,,,,,,,,,,,
2007092298,34.0,1,0,0,0,0,0,0,0,0,7,0,,67,6,2007,6,40.0185,-75.0638,30.0,6,0,0,0,0,0,0,0,0,,0,0,0,0,3,0,0,,0,40 01:06.000,,0,75 03:49.677,0,0,0,0,67301,0,0,0,Y,0,0,0,1,67301,0,,4,9,,N,N,,0,,0,0,0,0,0,,15,0,1,0,0,0,0,0,3,4,0,1,98,,N,,,,,,,,,,,
2007092813,1008.0,0,0,0,0,0,0,0,0,0,8,0,,67,6,2007,6,40.0501,-75.0642,1008.0,6,0,0,0,0,0,1,0,0,,0,0,0,10,1,1,1,,0,40 03:00.400,,0,75 03:50.622,3,0,0,0,67301,1,0,0,N,1,0,0,2,67301,0,,1,1,,N,N,,0,,1,0,0,3,2,,1005,1,2,0,0,0,0,0,3,4,1,1,3,,N,,,,,,,,,,,
2007092385,1953.0,0,0,0,0,0,0,0,0,0,8,0,,67,8,2007,4,39.9979,-75.1077,1951.0,6,0,0,0,0,0,0,0,0,9.0,0,0,0,19,1,1,0,,2,39 59:52.386,6.0,0,75 06:27.777,2,0,0,0,67301,1,0,1,N,1,0,1,2,67301,0,,1,9,,N,N,,0,,0,1,1,0,0,Y,1946,1,2,0,0,0,0,0,3,4,0,1,3,,N,,,,,,,,,,,
2007120601,430.0,3,0,0,0,0,0,0,0,0,4,0,,67,10,2007,7,39.9908,-75.1309,425.0,6,0,0,0,0,0,0,0,0,2.0,0,0,0,4,3,4,1,,1,39 59:27.000,4.0,0,75 07:51.262,2,0,0,0,67301,0,0,0,N,0,0,0,4,67301,2,,1,1,,N,N,,0,,1,1,0,3,2,Y,420,4,3,0,0,0,0,0,3,4,0,3,3,,N,,,,,,,,,,,
2007120663,2038.0,1,0,0,0,0,0,0,0,0,8,0,,67,10,2007,6,39.9878,-75.1316,2035.0,6,0,0,0,0,0,0,0,0,,0,0,0,20,3,1,0,,0,39 59:16.065,,0,75 07:53.850,4,0,0,0,67301,1,0,0,N,1,0,0,2,67301,1,,1,1,,N,N,,0,,0,0,0,0,0,,2030,1,2,0,0,0,0,0,3,4,0,1,3,,N,,,,,,,,,,,
2007082919,1450.0,1,0,0,0,0,0,1,0,0,4,1,,67,5,2007,5,39.9627,-75.2468,1445.0,6,0,0,0,0,0,0,0,0,,0,0,0,14,1,2,2,,0,39 57:45.360,,0,75 14:48.480,8,0,0,0,67301,0,0,0,,0,0,0,10,67301,0,,1,1,,,,,0,,0,0,0,3,2,,1440,2,2,0,0,0,2,0,3,4,0,2,3,,N,,,,,,,,,,,
2007107164,2256.0,1,0,0,0,0,0,0,0,0,1,0,,67,9,2007,5,39.9834,-75.2081,2253.0,6,0,0,0,0,0,0,0,0,,0,0,0,22,3,0,0,,0,39 59:04.719,,0,75 12:29.574,0,0,0,0,67301,0,0,0,N,0,0,0,2,68K01,0,,1,1,,N,N,,0,,0,0,1,0,0,,2253,0,2,0,0,0,0,0,3,4,0,2,3,,N,,,,,,,,,,,
2007120712,2050.0,0,0,0,0,0,0,0,0,0,5,0,,67,10,2007,6,39.9976,-75.1213,2045.0,6,0,0,0,0,0,0,0,0,,0,0,0,18,1,0,0,,0,39 59:51.187,,0,75 07:16.546,9,0,0,0,67301,0,0,0,N,0,0,0,1,67301,0,,1,1,,N,N,,0,,0,0,1,0,0,,1800,0,2,0,0,0,0,1,3,4,0,2,3,,N,,,,,,,,,,,
2007120713,1435.0,0,0,0,0,0,0,0,0,0,8,0,,67,10,2007,6,39.9267,-75.1879,1430.0,6,0,0,0,0,0,1,0,0,,0,0,0,14,1,1,1,,0,39 55:36.000,,0,75 11:16.068,3,0,0,0,67301,1,0,0,N,1,0,0,2,67301,0,,1,1,,N,N,,0,,1,0,1,3,2,,1430,1,2,0,0,0,0,0,3,4,0,1,3,,N,,,,,,,,,,,
2007027830,1830.0,0,0,0,1,0,0,0,0,0,4,0,,67,1,2007,7,40.0277,-75.1481,1811.0,6,0,0,0,0,0,0,0,0,,0,0,0,18,1,1,1,,0,40 01:39.889,,0,75 08:53.131,4,0,0,0,67301,1,0,0,N,0,0,0,2,67301,1,,1,1,,N,N,,0,,0,0,0,3,3,,1800,1,2,0,0,0,0,0,3,4,1,1,3,,N,,,,,,,,,,,
2007027946,1020.0,2,0,0,0,0,0,0,0,0,4,0,,67,2,2007,6,40.012,-75.07,1010.0,6,0,0,0,0,0,1,0,0,,0,0,0,10,1,1,2,,0,40 00:43.000,,0,75 04:11.917,4,0,0,0,67301,0,0,0,N,0,0,0,2,67301,1,,1,1,,N,N,,0,,0,0,0,3,3,,1000,1,2,0,0,2,0,0,3,4,0,2,3,,N,,,,,,,,,,,
2007047528,2338.0,2,0,0,0,0,0,0,0,0,4,0,,67,2,2007,7,40.1052,-75.0328,2322.0,6,0,0,0,0,0,0,0,0,,0,0,0,23,3,2,1,,0,40 06:18.000,,0,75 01:58.272,4,0,0,0,67301,0,0,0,N,0,0,0,3,67301,2,,1,1,,N,N,,0,,0,0,0,3,2,,2318,2,2,0,0,0,0,0,3,4,0,2,3,,N,,,,,,,,,,,
2007047633,1335.0,2,0,0,0,0,0,0,0,0,1,0,,67,2,2007,5,39.9548,-75.228,1330.0,6,0,0,0,0,0,0,0,0,,0,0,0,12,1,0,1,,0,39 57:17.442,,0,75 13:40.835,0,0,0,0,67301,0,0,0,N,0,0,0,2,67301,0,,1,1,,N,N,,0,,0,0,0,3,2,,1259,0,2,0,0,0,0,0,3,4,0,2,3,,N,,,,,,,,,,,
2007126539,1620.0,2,0,0,0,0,0,0,0,0,6,0,,67,10,2007,2,39.9224,-75.2233,1613.0,6,0,0,0,0,0,0,0,1,,0,0,0,16,1,0,1,,0,39 55:20.000,,0,75 13:23.874,0,0,0,0,67301,0,0,0,N,0,0,0,4,67301,0,,1,1,,N,N,,0,,0,0,0,3,2,,1608,0,2,0,0,0,0,0,3,4,0,2,3,,N,,,,,,,,,,,
2007110327,1931.0,1,0,0,0,0,0,0,0,0,4,0,,67,9,2007,2,39.997,-75.2353,1930.0,6,0,0,1,0,0,1,0,0,1.0,0,0,0,19,3,2,1,,1,39 59:52.000,1.0,0,75 14:01.007,4,0,0,0,67301,0,0,0,,0,0,0,2,67301,2,,1,1,,,,,1,,0,0,0,3,2,N,1930,2,2,0,0,0,0,0,3,4,0,2,3,,N,,,,,,,,,,,
2007107532,925.0,1,0,0,0,0,0,0,0,0,4,0,,67,9,2007,5,40.0257,-75.0872,918.0,6,0,0,0,0,0,1,0,0,,0,0,0,9,1,1,1,,0,40 01:32.534,,0,75 05:13.851,4,0,0,0,67301,0,0,0,N,0,0,0,2,67301,1,,1,1,,N,N,,1,,0,0,0,3,3,,910,1,2,0,0,0,0,0,3,4,0,2,3,,N,,,,,,,,,,,
2007107556,905.0,3,0,0,0,0,0,0,0,0,4,0,,67,9,2007,4,40.0332,-75.0378,859.0,6,0,0,0,0,0,0,0,1,,0,0,0,8,1,1,1,,0,40 01:59.000,,0,75 02:15.936,4,0,0,0,67301,0,0,0,N,0,0,0,3,67301,1,,1,1,,N,N,,0,,0,0,0,3,2,,850,1,3,0,0,0,0,0,3,4,0,3,3,,N,,,,,,,,,,,
2007107960,1543.0,1,0,0,0,0,0,0,0,0,4,0,,67,9,2007,5,39.9987,-75.1782,1539.0,6,0,0,0,0,0,0,0,0,,0,0,0,15,1,3,1,,0,39 59:55.000,,0,75 10:41.593,3,0,0,0,67301,0,0,0,N,0,0,0,5,67301,1,,1,1,,N,N,,1,,2,0,0,3,2,,1534,3,2,0,0,0,0,0,3,4,0,2,3,,N,,,,,,,,,,,
2007097792,1952.0,0,0,0,0,0,0,0,0,0,1,0,,67,8,2007,1,39.9776,-75.1828,1945.0,6,0,0,0,1,0,0,0,0,,0,0,0,19,3,2,1,,0,39 58:39.000,,0,75 10:58.126,2,0,2,1,67301,0,0,0,,0,0,0,3,67301,0,,1,1,,,,,0,,0,2,0,3,2,,1945,2,2,0,0,0,0,1,3,4,0,2,3,,N,,,,,,,,,,,