CRN,ARRIVAL_TM,AUTOMOBILE_COUNT,BELTED_DEATH_COUNT,BELTED_SUSP_SERIOUS_INJ_COUNT,BICYCLE_COUNT,BICYCLE_DEATH_COUNT,BICYCLE_SUSP_SERIOUS_INJ_COUNT,BUS_COUNT,CHLDPAS_DEATH_COUNT,CHLDPAS_SUSP_SERIOUS_INJ_COUNT,COLLISION_TYPE,COMM_VEH_COUNT,CONS_ZONE_SPD_LIM,COUNTY,CRASH_MONTH,CRASH_YEAR,DAY_OF_WEEK,DEC_LAT,DEC_LONG,DISPATCH_TM,DISTRICT,DRIVER_COUNT_16YR,DRIVER_COUNT_17YR,DRIVER_COUNT_18YR,DRIVER_COUNT_19YR,DRIVER_COUNT_20YR,DRIVER_COUNT_50_64YR,DRIVER_COUNT_65_74YR,DRIVER_COUNT_75PLUS,EST_HRS_CLOSED,FATAL_COUNT,HEAVY_TRUCK_COUNT,HORSE_BUGGY_COUNT,HOUR_OF_DAY,ILLUMINATION,INJURY_COUNT,INTERSECT_TYPE,INTERSECTION_RELATED,LANE_CLOSED,LATITUDE,LN_CLOSE_DIR,LOCATION_TYPE,LONGITUDE,MAX_SEVERITY_LEVEL,MCYCLE_DEATH_COUNT,MCYCLE_SUSP_SERIOUS_INJ_COUNT,MOTORCYCLE_COUNT,MUNICIPALITY,NONMOTR_COUNT,NONMOTR_DEATH_COUNT,NONMOTR_SUSP_SERIOUS_INJ_COUNT,NTFY_HIWY_MAINT,PED_COUNT,PED_DEATH_COUNT,PED_SUSP_SERIOUS_INJ_COUNT,PERSON_COUNT,POLICE_AGCY,POSSIBLE_INJ_COUNT,RDWY_SURF_TYPE_CD,RELATION_TO_ROAD,ROAD_CONDITION,ROADWAY_CLEARED,SCH_BUS_IND,SCH_ZONE_IND,SECONDARY_CRASH,SMALL_TRUCK_COUNT,SPEC_JURIS_CD,SUSP_MINOR_INJ_COUNT,SUSP_SERIOUS_INJ_COUNT,SUV_COUNT,TCD_FUNC_CD,TCD_TYPE,TFC_DETOUR_IND,TIME_OF_DAY,TOT_INJ_COUNT,TOTAL_UNITS,UNB_DEATH_COUNT,UNB_SUSP_SERIOUS_INJ_COUNT,UNBELTED_OCC_COUNT,UNK_INJ_DEG_COUNT,UNK_INJ_PER_COUNT,URBAN_AREA,URBAN_RURAL,VAN_COUNT,VEHICLE_COUNT,WEATHER1,WEATHER2,WORK_ZONE_IND,WORK_ZONE_LOC,WORK_ZONE_TYPE,WORKERS_PRES,WZ_CLOSE_DETOUR,WZ_FLAGGER,WZ_LAW_OFFCR_IND,WZ_LN_CLOSURE,WZ_MOVING,WZ_OTHER,WZ_SHLDER_MDN,WZ_WORKERS_INJ_KILLED
2007097809,1751.0,1,0,0,1,0,0,0,0,0,4,0,,67,7,2007,6,39.9331,-75.1695,1748.0,6,0,0,0,0,0,1,0,0,,0,0,0,17,1,1,1,,0,39 55:59.318,,0,75 10:10.243,3,0,0,0,67301,1,0,0,N,0,0,0,2,67301,0,,1,1,,N,N,,0,,1,0,0,3,3,,1745,1,2,0,0,0,0,0,3,4,0,1,3,,N,,,,,,,,,,,
2007097853,2046.0,1,0,0,0,0,0,0,0,0,4,0,,67,8,2007,4,39.9577,-75.2314,2045.0,6,0,0,0,0,0,0,1,0,,0,0,0,20,3,2,2,,0,39 57:27.000,,0,75 13:53.176,4,0,0,0,67301,0,0,0,N,0,0,0,4,67301,1,,1,1,,N,N,,1,,0,0,0,3,2,,2040,2,2,0,0,0,1,0,3,4,0,2,3,,N,,,,,,,,,,,
2007105918,708.0,0,0,0,0,0,0,0,0,0,2,0,,67,7,2007,1,40.039,-75.018,703.0,6,0,0,1,0,0,0,0,0,,0,0,0,7,1,1,0,,0,40 02:20.000,,0,75 01:04.659,4,0,0,0,67301,0,0,0,N,0,0,0,2,67301,1,,1,1,,N,N,,0,,0,0,2,0,0,,700,1,2,0,0,0,0,0,3,4,0,2,3,,N,,,,,,,,,,,
2007097888,1534.0,2,0,0,0,0,0,0,0,0,5,0,,67,7,2007,2,39.9319,-75.1578,1534.0,6,0,0,0,0,0,1,0,0,,0,0,0,15,1,1,0,,0,39 55:54.786,,0,75 09:27.954,8,0,0,0,67301,0,0,0,N,0,0,0,1,67301,0,,1,1,,N,N,,0,,0,0,0,0,0,,1500,1,2,0,0,0,1,0,3,4,0,2,3,,N,,,,,,,,,,,
2007095370,1743.0,1,0,0,0,0,0,0,0,0,8,0,,67,8,2007,7,39.952,-75.1626,1740.0,6,0,0,0,0,0,0,0,0,,0,0,0,17,1,1,2,,0,39 57:07.000,,0,75 09:45.490,4,0,0,0,67301,1,0,0,N,1,0,0,2,67301,1,,1,1,,N,N,,0,,0,0,0,3,2,,1735,1,2,0,0,0,0,0,3,4,0,1,3,,N,,,,,,,,,,,
2007098538,59.0,0,0,0,0,0,0,0,0,0,4,0,,67,8,2007,7,40.0007,-75.0724,59.0,6,0,1,0,0,0,0,0,0,1.0,0,0,0,0,3,1,1,,1,40 00:02.512,4.0,0,75 04:20.683,4,0,0,1,67301,0,0,0,N,0,0,0,3,67301,1,,1,1,,N,N,,0,,0,0,1,3,2,N,55,1,2,0,0,0,0,2,3,4,0,2,3,,N,,,,,,,,,,,
2007098132,1008.0,2,0,0,0,0,0,0,0,0,2,0,,67,7,2007,2,39.9312,-75.2429,1008.0,6,0,0,0,1,0,0,1,0,3.0,0,0,0,10,1,2,0,,2,39 55:52.000,5.0,0,75 14:34.329,2,0,0,0,67301,0,0,0,N,0,0,0,2,67301,1,,1,9,,N,N,,0,,0,1,0,0,0,Y,1008,2,2,0,0,0,0,0,3,4,0,2,7,,N,,,,,,,,,,,
2007098145,841.0,0,0,0,0,0,0,0,0,0,4,0,,67,7,2007,3,40.0123,-75.1505,831.0,6,0,0,0,0,0,0,0,0,,0,0,0,8,1,1,0,,0,40 00:44.000,,0,75 09:01.662,8,0,0,1,67301,0,0,0,N,0,0,0,2,67301,0,,1,1,,N,N,,0,,0,0,0,3,2,,800,1,2,0,0,1,1,0,3,4,1,2,3,,N,,,,,,,,,,,
2007093197,1700.0,2,0,0,0,0,0,0,0,0,1,0,,67,7,2007,6,39.9911,-75.1014,1653.0,6,0,0,0,0,0,1,0,0,,0,0,0,16,1,0,0,,0,39 59:28.137,,0,75 06:05.087,0,0,0,0,67301,0,0,0,N,0,0,0,6,67301,0,,1,1,,N,N,,0,,0,0,0,3,2,,1643,0,2,0,0,0,0,0,3,4,0,2,3,,N,,,,,,,,,,,
2007093215,2141.0,1,0,0,0,0,0,0,0,0,8,0,,67,8,2007,3,39.9458,-75.1894,2137.0,6,0,0,0,0,0,0,0,0,3.0,1,0,0,21,3,0,0,,2,39 56:45.000,4.0,0,75 11:21.794,1,0,0,0,67301,1,1,0,N,1,1,0,5,67301,0,1.0,1,1,,N,N,,0,0.0,0,0,0,0,0,Y,2136,0,2,0,0,0,0,0,3,4,0,1,3,,N,,,,,,,,,,,
2007027512,910.0,2,0,0,0,0,0,0,0,0,6,0,,67,1,2007,3,39.9634,-75.1874,858.0,6,0,0,0,0,0,0,1,0,,0,0,0,8,1,0,1,,0,39 57:48.000,,0,75 11:14.759,0,0,0,0,67301,0,0,0,,0,0,0,2,67301,0,,1,1,,,,,0,,0,0,0,3,2,,853,0,2,0,0,0,0,0,3,4,0,2,3,,N,,,,,,,,,,,
2007030118,1718.0,4,0,0,0,0,0,0,0,0,4,0,,67,1,2007,5,40.0278,-75.1842,1718.0,6,0,0,0,0,0,1,0,0,,0,0,0,99,3,2,0,,0,40 01:39.000,,7,75 11:02.894,4,0,0,0,67301,0,0,0,N,0,0,0,10,67301,2,,1,1,,N,N,,1,,0,0,0,0,0,,9999,2,5,0,0,0,0,0,3,4,0,5,3,,N,,,,,,,,,,,
2007022681,9999.0,1,0,0,0,0,0,0,0,0,8,0,,67,1,2007,4,39.9534,-75.1716,9999.0,6,0,0,0,0,0,1,0,0,,0,0,0,99,1,1,1,,0,39 57:12.000,,0,75 10:17.839,4,0,0,0,67301,1,0,0,N,1,0,0,2,67301,1,,1,1,,N,N,,0,,0,0,0,3,2,,9999,1,2,0,0,0,0,0,3,4,0,1,3,,N,,,,,,,,,,,
2007022815,905.0,1,0,0,0,0,0,0,0,0,1,1,,67,1,2007,2,39.9577,-75.2314,855.0,6,0,0,0,0,0,0,0,0,,0,1,0,8,1,2,1,,0,39 57:27.000,,0,75 13:53.176,4,0,0,0,67301,0,0,0,,0,0,0,4,67301,2,,1,9,,N,N,,0,,0,0,0,3,2,,850,2,2,0,0,0,0,1,3,4,0,2,10,,N,,,,,,,,,,,
2007022789,1535.0,1,0,0,0,0,0,0,0,0,1,0,,67,1,2007,7,,,1530.0,6,0,0,1,0,0,0,0,0,,0,0,0,15,1,0,0,,0,,,0,,0,0,0,0,67301,0,0,0,N,0,0,0,2,67301,0,,1,1,,N,N,,1,,0,0,0,0,0,,1515,0,2,0,0,1,0,0,3,3,0,2,3,,N,,,,,,,,,,,
2007080943,1926.0,2,0,0,0,0,0,0,0,0,6,0,,67,4,2007,3,40.0325,-75.0808,1924.0,6,0,0,0,0,0,0,1,0,,0,0,0,19,4,1,1,,0,40 01:56.000,,0,75 04:51.305,8,0,0,0,67301,0,0,0,N,0,0,0,2,67301,0,,1,1,,N,N,,0,,0,0,0,3,2,,1924,1,2,0,0,0,1,0,3,4,0,2,3,,N,,,,,,,,,,,
2007096751,1818.0,1,0,0,0,0,0,0,0,0,8,0,,67,8,2007,2,40.0638,-75.0836,1815.0,6,0,0,0,0,1,0,0,0,,0,0,0,18,1,1,1,,0,40 03:49.000,,0,75 05:00.782,8,0,0,0,67301,1,0,0,N,1,0,0,3,67301,0,,1,1,,N,N,,0,,0,0,0,3,2,,1804,1,2,0,0,0,1,0,3,4,0,1,3,,N,,,,,,,,,,,
2007114973,2319.0,2,0,0,0,0,0,0,0,0,5,0,,67,11,2007,6,39.9973,-75.2348,2313.0,6,0,0,0,0,0,0,0,0,,0,0,0,23,3,0,0,,0,39 59:52.000,,0,75 14:00.109,0,0,0,0,67301,0,0,0,N,0,0,0,2,46104,0,,1,1,,N,N,,0,,0,0,0,0,0,,2305,0,2,0,0,0,0,0,3,4,0,2,3,,N,,,,,,,,,,,
2007066320,1710.0,1,0,0,0,0,0,0,0,0,8,0,,67,5,2007,1,40.0392,-75.2236,1705.0,6,0,0,0,0,0,0,0,0,,0,0,0,17,1,1,0,,0,40 02:20.000,,0,75 13:24.531,3,0,0,0,67301,1,0,0,,1,0,0,2,67301,0,,1,1,,,,,0,,1,0,0,0,0,,1705,1,2,0,0,0,0,0,3,4,0,1,3,,N,,,,,,,,,,,
2007058767,9999.0,4,0,0,0,0,0,0,0,0,1,0,,67,4,2007,6,40.0352,-75.1455,9999.0,6,0,0,0,0,0,1,0,0,2.0,0,0,0,99,1,4,1,,2,40 02:06.000,3.0,0,75 08:43.671,8,0,0,0,67301,0,0,0,,0,0,0,8,67301,0,,1,1,,N,Y,,0,,0,0,0,9,2,Y,9999,4,4,0,0,0,4,0,3,4,0,4,3,,N,,,,,,,,,,,
2007056408,1639.0,2,0,0,0,0,0,0,0,0,1,0,,67,4,2007,3,40.0753,-75.1962,1629.0,6,0,0,0,0,0,0,0,0,,0,0,0,14,1,1,2,,0,40 04:31.152,,0,75 11:46.161,8,0,0,0,67301,0,0,0,N,0,0,0,2,67301,0,,1,1,,N,N,,0,,0,0,0,0,0,,1413,1,2,0,0,0,1,0,3,4,0,2,3,,N,,,,,,,,,,,
2007056409,1430.0,1,0,0,0,0,0,0,0,0,5,0,,67,4,2007,7,40.0343,-75.1604,1258.0,6,0,0,0,0,0,0,0,0,,0,0,0,99,1,0,1,,0,40 02:03.606,,0,75 09:37.515,0,0,0,1,67301,0,0,0,N,0,0,0,5,67301,0,,1,1,,N,N,,0,,0,0,0,0,0,,9999,0,2,0,0,0,0,0,3,4,0,2,3,,N,,,,,,,,,,,
2007056411,517.0,2,0,0,0,0,0,0,0,0,5,0,,67,3,2007,7,40.0041,-75.1241,516.0,6,0,0,0,1,0,0,0,0,1.0,0,0,0,99,3,1,0,,1,40 00:14.779,5.0,0,75 07:26.743,3,0,0,0,67301,0,0,0,N,0,0,0,1,67301,0,,1,1,,N,N,,0,,1,0,0,0,0,N,9999,1,2,0,0,0,0,0,3,4,0,2,3,,N,,,,,,,,,,,
2007056600,1327.0,1,0,0,0,0,0,0,0,0,2,0,,67,4,2007,5,40.0296,-75.1032,1324.0,6,0,0,0,0,0,1,0,0,2.0,0,0,0,13,1,2,1,,2,40 01:46.000,4.0,0,75 06:13.959,3,0,0,0,67301,0,0,0,N,0,0,0,3,67301,0,,1,1,,N,N,,2,,2,0,0,3,2,N,1322,2,4,0,0,0,0,0,3,4,1,4,3,,N,,,,,,,,,,,
2007056365,1106.0,1,0,0,0,0,0,0,0,0,8,0,,67,4,2007,5,39.9266,-75.1774,1103.0,6,0,0,0,0,0,0,1,0,,0,0,0,10,1,1,1,,0,39 55:35.824,,0,75 10:38.499,8,0,0,0,67301,1,0,0,N,1,0,0,2,67301,0,,1,1,,N,N,,0,,0,0,0,3,3,,1058,1,2,0,0,0,1,0,3,4,0,1,3,,N,,,,,,,,,,,
2007096322,1347.0,1,0,0,0,0,0,0,0,0,4,0,,67,8,2007,3,40.0383,-75.0754,1344.0,6,0,0,0,0,0,0,0,0,,0,0,0,13,1,1,1,,0,40 02:17.000,,0,75 04:31.313,4,0,0,0,67301,0,0,0,N,0,0,0,2,67301,1,,1,1,,N,N,,1,,0,0,0,3,2,,1344,1,2,0,0,1,0,0,3,4,0,2,3,,N,,,,,,,,,,,
2007057409,2129.0,1,0,0,0,0,0,0,0,0,6,0,,67,4,2007,7,39.9152,-75.2403,2126.0,6,0,0,0,0,0,0,0,0,,0,0,0,21,3,1,1,,0,39 54:54.000,,0,75 14:25.193,8,0,0,0,67301,1,0,0,N,0,0,0,2,67301,0,,1,1,,N,N,,0,,0,0,0,3,2,,2124,1,2,0,0,0,1,0,3,4,0,1,3,,N,,,,,,,,,,,
2007057543,2120.0,2,0,0,0,0,0,0,0,0,1,0,,67,4,2007,5,39.9747,-75.1942,2118.0,6,0,0,0,0,0,1,0,0,1.0,0,0,0,21,3,1,0,,1,39 58:33.000,4.0,0,75 11:41.710,8,0,0,0,67301,0,0,0,N,0,0,0,2,68K01,0,,1,1,,N,N,,0,,0,0,0,0,0,N,2114,1,2,0,0,0,1,0,3,4,0,2,3,,N,,,,,,,,,,,
2007067201,208.0,2,0,0,0,0,0,0,0,0,4,0,,67,4,2007,7,40.0398,-75.1445,208.0,6,0,0,0,0,0,0,0,0,,0,0,0,2,3,0,1,,0,40 02:23.000,,0,75 08:40.028,0,0,0,0,67301,0,0,0,N,0,0,0,3,67301,0,,1,1,,N,N,,0,,0,0,0,3,2,,200,0,2,0,0,0,0,0,3,4,0,2,3,,N,,,,,,,,,,,
2007099147,944.0,4,0,0,0,0,0,0,0,0,2,0,99.0,67,7,2007,2,39.9582,-75.2355,944.0,6,0,0,0,0,0,1,0,0,2.0,0,0,0,9,1,2,2,,1,39 57:29.000,4.0,0,75 14:07.850,4,0,0,0,67301,0,0,0,Y,0,0,0,3,67301,2,,1,1,,N,N,,0,,0,0,0,1,7,N,944,2,4,0,0,0,0,0,3,4,0,4,3,,Y,8.0,8.0,U,,,Y,,,,,
2007099169,246.0,2,0,0,0,0,0,0,0,0,6,0,,67,7,2007,1,39.9507,-75.1504,246.0,6,0,0,0,0,0,0,0,0,4.0,0,0,0,2,3,0,1,,2,39 57:02.000,3.0,0,75 09:01.348,0,0,0,0,67301,0,0,0,N,0,0,0,12,67301,0,,1,1,,N,N,,0,,0,0,0,3,2,N,240,0,2,0,0,0,0,0,3,4,0,2,3,,N,,,,,,,,,,,
2007120901,2311.0,0,0,0,0,0,0,0,0,0,4,0,,67,9,2007,7,39.9626,-75.213,2317.0,6,0,1,0,0,0,0,1,0,1.0,0,0,0,23,3,1,1,,1,39 57:45.000,4.0,0,75 12:45.870,8,0,0,1,67301,0,0,0,,0,0,0,2,67301,0,,1,1,,,,,0,,0,0,1,9,2,Y,2307,1,2,0,0,1,1,0,3,4,0,2,3,,N,,,,,,,,,,,
2007097156,204.0,1,0,0,0,0,0,0,0,0,1,0,,67,8,2007,1,39.9898,-75.2059,159.0,6,0,0,0,0,0,0,0,0,,0,0,0,1,3,1,0,,0,39 59:26.000,,0,75 12:17.631,3,0,0,0,67301,0,0,0,N,0,0,0,5,68K01,0,,1,1,,N,N,,0,,1,0,1,0,0,,152,1,2,0,0,2,0,0,3,4,0,2,3,,N,,,,,,,,,,,
2007092301,2311.0,1,0,0,0,0,0,0,0,0,1,0,,67,6,2007,5,39.8977,-75.2117,2311.0,6,0,0,0,0,1,0,0,0,1.0,0,0,0,23,3,1,0,,1,39 53:51.712,3.0,3,75 12:42.094,8,0,0,0,67301,0,0,0,N,0,0,0,4,67301,0,,1,9,,N,N,,0,,0,0,1,0,0,N,2311,1,3,0,0,0,1,0,3,4,1,3,7,,N,,,,,,,,,,,
2007092307,1300.0,1,0,0,0,0,0,0,0,0,4,0,,67,7,2007,3,39.9752,-75.1887,1250.0,6,0,0,0,0,0,0,0,0,,0,0,0,12,1,1,0,,0,39 58:30.000,,0,75 11:19.250,8,0,0,0,67301,0,0,0,N,0,0,0,3,67301,0,,1,1,,N,N,,0,,0,0,0,0,0,,1240,1,2,0,0,0,1,0,3,4,1,2,3,,N,,,,,,,,,,,
2007095012,2205.0,1,0,0,0,0,0,0,0,0,5,0,,67,7,2007,3,39.97,-75.1431,2200.0,6,0,0,0,0,0,0,0,0,,0,0,0,21,3,2,0,,0,39 58:11.980,,0,75 08:35.259,4,0,0,0,67301,2,0,0,N,0,0,0,4,67301,2,,1,1,,N,N,,0,,0,0,0,3,2,,2145,2,2,0,0,0,0,0,3,4,0,1,3,,N,,,,,,,,,,,
2007120538,1257.0,3,0,0,0,0,0,0,0,0,4,0,,67,10,2007,7,39.9335,-75.1623,1255.0,6,0,0,0,0,0,1,0,0,,0,0,0,12,1,1,1,,0,39 56:00.466,,0,75 09:44.283,4,0,0,0,67301,0,0,0,N,0,0,0,3,67301,1,,1,1,,N,N,,0,,0,0,1,3,2,,1255,1,4,0,0,1,0,0,3,4,0,4,3,,N,,,,,,,,,,,
2007056433,2334.0,2,0,0,0,0,0,0,0,0,1,0,,67,4,2007,1,39.9319,-75.1998,2333.0,6,0,0,0,0,0,0,0,0,2.0,0,0,0,23,3,3,0,,1,39 55:57.071,4.0,0,75 12:00.088,8,0,0,0,67301,0,0,0,N,0,0,0,4,67301,0,,1,1,,N,N,,0,,0,0,0,0,0,N,2332,3,2,0,0,0,3,1,3,4,0,2,3,,N,,,,,,,,,,,
2007056572,1020.0,1,0,0,0,0,0,0,0,0,4,0,,67,4,2007,3,40.0122,-75.1505,1015.0,6,0,0,0,0,0,0,0,0,,0,0,0,99,1,1,1,,0,40 00:44.000,,0,75 09:01.746,8,0,0,0,67301,0,0,0,N,0,0,0,2,67301,0,,1,1,,N,N,,0,,0,0,1,3,2,,9999,1,2,0,0,0,1,0,3,4,0,2,3,,N,,,,,,,,,,,
2007056591,759.0,4,0,0,0,0,0,0,0,0,5,0,,67,4,2007,6,39.954,-75.2486,755.0,6,0,0,0,0,0,1,0,0,,0,0,0,7,1,0,0,,0,39 57:14.489,,0,75 14:54.830,0,0,0,0,67301,0,0,0,N,0,0,0,1,67301,0,,6,1,,N,N,,0,,0,0,0,0,0,,750,0,4,0,0,0,0,0,3,4,0,4,3,,N,,,,,,,,,,,
2007056476,1737.0,3,0,0,0,0,0,0,0,0,1,0,,67,4,2007,6,40.1336,-75.0102,1730.0,6,0,0,0,0,0,1,1,0,,0,0,0,17,1,1,0,,0,40 08:00.000,,0,75 00:36.779,4,0,0,0,67301,0,0,0,N,0,0,0,5,67301,1,,1,1,,N,N,,0,,0,0,0,0,0,,1725,1,3,0,0,0,0,0,3,4,0,3,3,,N,,,,,,,,,,,
2007056477,1500.0,1,0,0,1,0,0,0,0,0,4,0,,67,4,2007,2,39.9783,-75.2461,1458.0,6,0,0,0,0,0,0,0,1,,0,0,0,14,1,1,1,,0,39 58:36.480,,0,75 14:45.240,8,0,0,0,67301,1,0,0,N,0,0,0,2,67301,0,,1,1,,N,N,,0,,0,0,0,3,2,,1450,1,2,0,0,0,1,0,3,4,0,1,3,,N,,,,,,,,,,,
2007056489,1833.0,0,0,0,0,0,0,0,0,0,1,0,,67,3,2007,3,39.9523,-75.2368,1830.0,6,0,0,0,0,0,0,0,0,,0,0,0,18,1,2,1,,0,39 57:08.114,,0,75 14:12.361,3,0,0,2,67301,0,0,0,N,0,0,0,2,67301,0,,1,1,,N,N,,0,,1,0,0,0,0,,1817,2,2,0,0,0,1,0,3,4,0,2,3,,N,,,,,,,,,,,
2007056501,1143.0,1,0,0,0,0,0,0,0,0,8,0,,67,4,2007,7,40.0278,-75.1761,1140.0,6,0,0,0,0,0,0,0,0,2.0,0,0,0,11,1,2,1,,2,40 01:40.105,6.0,0,75 10:33.790,3,0,0,0,67301,2,0,0,N,2,0,0,3,67301,1,,1,1,,N,N,,0,,1,0,0,3,3,Y,1135,2,3,0,0,0,0,0,3,4,0,1,3,,N,,,,,,,,,,,
2007057413,832.0,1,0,0,0,0,0,0,0,0,5,1,,67,3,2007,3,39.971,-75.1246,830.0,6,0,0,0,0,0,1,0,0,1.0,0,1,0,8,1,1,6,,1,39 58:31.440,2.0,2,75 06:59.760,4,0,0,0,67301,0,0,0,N,0,0,0,2,67301,1,,7,1,,N,N,,0,,0,0,0,0,0,N,830,1,2,0,0,0,0,0,3,4,0,2,3,,N,,,,,,,,,,,
2007098975,1855.0,2,0,0,0,0,0,0,0,0,2,0,,67,8,2007,1,40.0605,-75.0194,1840.0,6,0,0,0,0,0,0,0,0,1.0,0,0,0,18,4,1,0,,1,40 03:37.000,4.0,0,75 01:09.827,4,0,0,0,67301,0,0,0,N,0,0,0,1,67301,1,,6,9,,N,N,,0,,0,0,0,0,0,N,1833,1,2,0,0,0,0,0,3,4,0,2,7,,N,,,,,,,,,,,
2007067220,109.0,1,0,0,0,0,0,0,0,0,7,0,,67,4,2007,1,40.03,-75.1029,109.0,6,0,0,0,0,1,0,0,0,,0,0,0,1,3,0,0,,0,40 01:47.000,,0,75 06:09.731,0,0,0,0,67301,0,0,0,N,0,0,0,2,67301,0,,2,1,,N,N,,0,,0,0,0,0,0,,107,0,1,0,0,0,0,0,3,4,0,1,3,,N,,,,,,,,,,,
2007057278,1215.0,1,0,0,0,0,0,0,0,0,4,0,,67,4,2007,7,40.1143,-74.9879,1212.0,6,0,1,0,0,0,0,0,0,,0,0,0,12,1,2,1,,0,40 06:51.000,,0,74 59:16.414,4,0,0,0,67301,0,0,0,,0,0,0,2,67301,2,,1,1,,,,,0,,0,0,1,3,2,,1209,2,2,0,0,0,0,0,3,4,0,2,3,,N,,,,,,,,,,,
2007099106,1841.0,1,0,0,0,0,0,0,0,0,8,0,,67,7,2007,4,40.0276,-75.1238,1841.0,6,0,0,0,0,0,0,0,0,,0,0,0,18,1,1,0,,0,40 01:39.280,,7,75 07:25.579,8,0,0,0,67301,1,0,0,N,1,0,0,2,67301,0,,1,1,,N,N,,0,,0,0,0,0,0,,1836,1,2,0,0,0,1,0,3,4,0,1,3,,N,,,,,,,,,,,
2007067094,1245.0,0,0,0,0,0,0,0,0,0,8,0,,67,5,2007,3,40.0306,-75.1041,1227.0,6,0,0,0,0,0,0,0,0,,0,0,0,12,1,1,1,,0,40 01:48.360,,0,75 06:15.480,4,0,0,0,67301,1,0,0,N,1,0,0,2,67301,1,,1,1,,N,N,,0,,0,0,0,3,2,,1225,1,2,0,0,0,0,0,3,4,1,1,3,,N,,,,,,,,,,,
2007099155,2220.0,1,0,0,0,0,0,0,0,0,4,0,,67,8,2007,5,40.0464,-75.0695,2216.0,6,0,0,0,0,0,0,0,0,,0,0,0,22,3,1,1,,0,40 02:47.166,,0,75 04:10.318,4,0,0,1,67301,0,0,0,N,0,0,0,2,67301,1,,1,1,,N,N,,0,,0,0,0,3,3,,2216,1,2,0,0,0,0,1,3,4,0,2,3,,N,,,,,,,,,,,
2007099608,1820.0,1,0,0,0,0,0,0,0,0,5,0,,67,8,2007,7,39.9819,-75.1706,1815.0,6,0,0,1,0,1,0,0,0,,0,0,0,6,1,1,1,,0,39 58:54.847,,0,75 10:14.127,3,0,0,1,67301,0,0,0,,0,0,0,3,67301,0,,1,1,,,,,0,,1,0,0,3,2,,615,1,2,0,0,0,0,0,3,4,0,2,3,,N,,,,,,,,,,,
2007099614,2234.0,1,0,0,0,0,0,0,0,0,7,0,,67,8,2007,1,40.0166,-75.2026,2232.0,6,0,0,0,0,0,0,0,0,,0,0,0,22,3,0,0,,0,40 00:59.700,,0,75 12:09.200,9,0,0,0,67301,0,0,0,N,0,0,0,1,67301,0,,2,9,,N,N,,0,,0,0,0,0,0,,2232,0,1,0,0,0,0,1,3,4,0,1,7,,N,,,,,,,,,,,
2007128147,1920.0,0,0,0,0,0,0,0,0,0,8,0,,67,10,2007,4,39.9441,-75.1688,,6,0,0,0,0,0,0,0,0,,0,0,0,99,3,1,1,,0,39 56:38.601,,0,75 10:07.543,8,0,0,0,67301,1,0,0,,1,0,0,2,67301,0,,1,9,,,,,1,,0,0,0,3,2,,9999,1,2,0,0,1,1,0,3,4,0,1,7,,N,,,,,,,,,,,
2007092489,1255.0,2,0,0,0,0,0,0,0,0,4,0,,67,7,2007,6,40.0176,-75.0593,1245.0,6,0,0,0,0,0,0,1,0,,0,0,0,12,1,1,1,,0,40 01:03.000,,0,75 03:33.422,8,0,0,0,67301,0,0,0,N,0,0,0,2,67301,0,,1,1,,N,N,,0,,0,0,2,3,2,,1230,1,4,0,0,0,1,0,3,4,0,4,3,,N,,,,,,,,,,,
2007092304,9999.0,2,0,0,0,0,0,0,0,0,5,0,,67,7,2007,5,40.0296,-75.1032,225.0,6,0,0,0,0,0,0,0,0,9.0,0,0,0,2,3,5,1,,2,40 01:46.000,5.0,0,75 06:12.061,8,0,0,0,67301,0,0,0,Y,0,0,0,6,67301,0,,1,9,,N,N,,0,,0,0,0,3,2,Y,220,5,2,0,0,3,5,0,3,4,0,2,7,,N,,,,,,,,,,,
2007092308,500.0,2,0,0,0,0,0,0,0,0,1,0,,67,7,2007,5,,,453.0,6,0,0,0,0,0,0,0,0,2.0,0,0,0,4,3,1,0,,2,,3.0,3,,4,0,0,0,67301,0,0,0,N,0,0,0,4,67301,1,,1,1,,N,N,,0,,0,0,2,0,0,N,451,1,4,0,0,0,0,0,3,3,0,4,3,,N,,,,,,,,,,,
2007092323,1215.0,3,0,0,0,0,0,0,0,0,4,0,,67,7,2007,1,39.9489,-75.2456,1200.0,6,0,0,0,0,0,0,0,1,,0,0,0,12,1,2,1,,0,39 56:56.040,,0,75 14:44.033,3,0,0,0,67301,0,0,0,N,0,0,0,2,67301,0,,1,1,,N,N,,0,,2,0,0,3,3,,1200,2,3,0,0,0,0,0,3,4,0,3,3,,N,,,,,,,,,,,
2007092331,2038.0,0,0,0,0,0,0,0,0,0,8,0,,67,6,2007,2,39.9466,-75.1805,2028.0,6,0,0,0,0,0,0,0,0,,0,0,0,20,3,1,1,,0,39 56:47.637,,0,75 10:49.900,2,0,0,0,67301,1,0,1,,1,0,1,2,67301,0,,1,9,,,,,0,,0,1,0,3,2,,2000,1,2,0,0,0,0,1,3,4,0,1,3,,N,,,,,,,,,,,
2007095068,2240.0,0,0,0,0,0,0,0,0,0,8,0,,67,7,2007,3,39.9826,-75.1005,2240.0,6,0,0,0,0,0,0,0,0,,0,0,0,16,1,2,2,,0,39 58:56.000,,2,75 06:03.338,4,0,0,0,67301,2,0,0,N,2,0,0,3,67301,1,,7,1,,N,N,,0,,0,0,1,9,3,,1600,2,3,0,0,0,1,1,3,4,0,1,3,,N,,,,,,,,,,,