CRN,ARRIVAL_TM,AUTOMOBILE_COUNT,BELTED_DEATH_COUNT,BELTED_SUSP_SERIOUS_INJ_COUNT,BICYCLE_COUNT,BICYCLE_DEATH_COUNT,BICYCLE_SUSP_SERIOUS_INJ_COUNT,BUS_COUNT,CHLDPAS_DEATH_COUNT,CHLDPAS_SUSP_SERIOUS_INJ_COUNT,COLLISION_TYPE,COMM_VEH_COUNT,CONS_ZONE_SPD_LIM,COUNTY,CRASH_MONTH,CRASH_YEAR,DAY_OF_WEEK,DEC_LAT,DEC_LONG,DISPATCH_TM,DISTRICT,DRIVER_COUNT_16YR,DRIVER_COUNT_17YR,DRIVER_COUNT_18YR,DRIVER_COUNT_19YR,DRIVER_COUNT_20YR,DRIVER_COUNT_50_64YR,DRIVER_COUNT_65_74YR,DRIVER_COUNT_75PLUS,EST_HRS_CLOSED,FATAL_COUNT,HEAVY_TRUCK_COUNT,HORSE_BUGGY_COUNT,HOUR_OF_DAY,ILLUMINATION,INJURY_COUNT,INTERSECT_TYPE,INTERSECTION_RELATED,LANE_CLOSED,LATITUDE,LN_CLOSE_DIR,LOCATION_TYPE,LONGITUDE,MAX_SEVERITY_LEVEL,MCYCLE_DEATH_COUNT,MCYCLE_SUSP_SERIOUS_INJ_COUNT,MOTORCYCLE_COUNT,MUNICIPALITY,NONMOTR_COUNT,NONMOTR_DEATH_COUNT,NONMOTR_SUSP_SERIOUS_INJ_COUNT,NTFY_HIWY_MAINT,PED_COUNT,PED_DEATH_COUNT,PED_SUSP_SERIOUS_INJ_COUNT,PERSON_COUNT,POLICE_AGCY,POSSIBLE_INJ_COUNT,RDWY_SURF_TYPE_CD,RELATION_TO_ROAD,ROAD_CONDITION,ROADWAY_CLEARED,SCH_BUS_IND,SCH_ZONE_IND,SECONDARY_CRASH,SMALL_TRUCK_COUNT,SPEC_JURIS_CD,SUSP_MINOR_INJ_COUNT,SUSP_SERIOUS_INJ_COUNT,SUV_COUNT,TCD_FUNC_CD,TCD_TYPE,TFC_DETOUR_IND,TIME_OF_DAY,TOT_INJ_COUNT,TOTAL_UNITS,UNB_DEATH_COUNT,UNB_SUSP_SERIOUS_INJ_COUNT,UNBELTED_OCC_COUNT,UNK_INJ_DEG_COUNT,UNK_INJ_PER_COUNT,URBAN_AREA,URBAN_RURAL,VAN_COUNT,VEHICLE_COUNT,WEATHER1,WEATHER2,WORK_ZONE_IND,WORK_ZONE_LOC,WORK_ZONE_TYPE,WORKERS_PRES,WZ_CLOSE_DETOUR,WZ_FLAGGER,WZ_LAW_OFFCR_IND,WZ_LN_CLOSURE,WZ_MOVING,WZ_OTHER,WZ_SHLDER_MDN,WZ_WORKERS_INJ_KILLED
2007120645,1755.0,1,0,0,0,0,0,0,0,0,8,0,,67,9,2007,7,40.0262,-75.1692,1745.0,6,0,0,0,0,0,0,0,0,,0,0,0,17,1,1,1,,0,40 01:34.000,,0,75 10:09.085,8,0,0,0,67301,1,0,0,N,1,0,0,2,67301,0,,1,1,,N,N,,0,,0,0,0,3,2,,1745,1,2,0,0,0,1,1,3,4,0,1,3,,N,,,,,,,,,,,
2007120662,1745.0,2,0,0,0,0,0,0,0,0,8,0,,67,9,2007,1,39.9794,-75.2254,1741.0,6,0,0,0,0,1,0,0,0,,0,0,0,17,1,3,1,,0,39 58:45.965,,0,75 13:31.446,2,0,0,0,67301,1,0,1,N,1,0,1,4,67301,2,,5,1,,N,N,,0,,0,1,0,3,2,,1730,3,3,0,0,3,0,0,3,4,0,2,3,,N,,,,,,,,,,,
2007120674,810.0,2,0,0,0,0,0,0,0,0,1,0,,67,10,2007,5,40.0596,-75.0806,758.0,6,0,0,0,0,0,0,1,0,,0,0,0,7,1,1,0,,0,40 03:34.000,,0,75 04:50.303,4,0,0,0,67301,0,0,0,N,0,0,0,2,67301,1,,1,1,,N,N,,0,,0,0,0,2,2,,755,1,2,0,0,0,0,0,3,4,0,2,3,,N,,,,,,,,,,,
2007120737,1304.0,2,0,0,0,0,0,0,0,0,4,0,,67,10,2007,7,39.9612,-75.1748,1301.0,6,0,0,0,0,0,0,0,0,,0,0,0,13,1,2,1,,0,39 57:40.000,,0,75 10:30.473,8,0,0,0,67301,0,0,0,N,0,0,0,4,67301,0,,1,1,,N,N,,0,,0,0,0,3,2,,1301,2,2,0,0,0,2,0,3,4,0,2,3,,N,,,,,,,,,,,
2007027915,1545.0,1,0,0,0,0,0,0,0,0,8,0,,67,1,2007,5,39.9472,-75.2344,1539.0,6,0,0,0,0,0,1,0,0,,0,0,0,15,1,1,2,,0,39 56:49.000,,0,75 14:03.777,8,0,0,0,67301,1,0,0,N,1,0,0,2,67301,0,,1,9,,N,N,,0,,0,0,0,3,3,,1500,1,2,0,0,0,1,0,3,4,0,1,10,,N,,,,,,,,,,,
2007027945,2005.0,2,0,0,0,0,0,0,0,0,2,0,,67,1,2007,5,40.0187,-75.0636,2000.0,6,0,0,1,0,0,0,0,0,,0,0,0,19,3,1,0,,0,40 01:07.000,,0,75 03:49.076,4,0,0,0,67301,0,0,0,N,0,0,0,2,67301,1,,1,9,,N,N,,0,,0,0,0,0,0,,1945,1,2,0,0,2,0,0,3,4,0,2,7,,N,,,,,,,,,,,
2007117204,1427.0,1,0,0,0,0,0,0,0,0,7,0,,67,10,2007,6,,,1420.0,6,0,0,0,0,0,0,0,0,,0,0,0,14,1,2,0,,0,,,0,,8,0,0,0,67301,0,0,0,N,0,0,0,3,67301,0,,5,1,,N,N,,0,,0,0,0,0,0,,1415,2,2,0,0,0,2,1,3,3,0,1,3,,N,,,,,,,,,,,
2007047502,644.0,0,0,0,0,0,0,1,0,0,7,1,,67,2,2007,3,40.0651,-75.2338,636.0,6,0,0,0,0,0,0,0,0,3.0,0,0,0,6,1,0,0,,2,40 03:54.442,6.0,0,75 14:01.734,0,0,0,0,67301,0,0,0,Y,0,0,0,1,67301,0,,5,2,,N,Y,,0,,0,0,0,0,0,Y,630,0,1,0,0,0,0,0,3,4,0,1,98,,N,,,,,,,,,,,
2007047611,1900.0,0,0,0,0,0,0,1,0,0,8,1,,67,2,2007,6,39.9915,-75.1226,1853.0,6,0,0,0,0,0,0,0,0,,0,0,0,14,1,1,1,,0,39 59:29.295,,0,75 07:21.395,3,0,0,0,67301,1,0,0,,1,0,0,2,67301,0,,1,2,,,,,0,,1,0,0,3,2,,1410,1,2,0,0,0,0,1,3,4,0,1,3,,N,,,,,,,,,,,
2007047647,1211.0,2,0,0,0,0,0,0,0,0,1,0,,67,3,2007,4,40.0492,-75.1458,1206.0,6,0,0,0,0,0,1,0,0,,0,0,0,12,1,1,0,,0,40 02:56.991,,0,75 08:45.046,8,0,0,0,67301,0,0,0,N,0,0,0,1,67301,0,,6,6,,N,N,,0,,0,0,0,0,0,,1202,1,2,0,0,0,1,0,3,4,0,2,10,,N,,,,,,,,,,,
2007047655,2210.0,0,0,0,0,0,0,1,0,0,8,1,,67,3,2007,3,39.9469,-75.1446,2205.0,6,0,0,0,0,0,0,0,0,,0,0,0,22,3,1,0,,0,39 56:48.000,,0,75 08:40.382,8,0,0,0,67301,1,0,0,N,1,0,0,2,67301,0,,1,1,,N,N,,0,,0,0,0,3,2,,2200,1,2,0,0,0,1,0,3,4,0,1,3,,N,,,,,,,,,,,
2007047707,1305.0,1,0,0,0,0,0,0,0,0,8,0,,67,3,2007,7,40.0429,-75.1439,1301.0,6,0,0,0,0,0,0,0,1,,0,0,0,13,1,2,0,,0,40 02:34.000,,0,75 08:38.005,4,0,0,0,67301,2,0,0,N,2,0,0,3,67301,2,,1,1,,N,N,,0,,0,0,0,0,0,,1300,2,3,0,0,0,0,0,3,4,0,1,3,,N,,,,,,,,,,,
2007047714,712.0,1,0,0,0,0,0,0,0,0,2,0,,67,3,2007,2,40.0631,-75.022,707.0,6,0,0,0,0,0,0,0,1,,0,0,0,7,1,1,1,,0,40 03:47.229,,0,75 01:19.196,4,0,0,1,67301,0,0,0,N,0,0,0,2,67301,1,,1,1,,N,N,,0,,0,0,0,3,2,,705,1,2,0,0,0,0,0,3,4,0,2,3,,N,,,,,,,,,,,
2007067649,2007.0,1,0,0,0,0,0,0,0,0,1,0,,67,5,2007,3,39.9996,-75.0689,2007.0,6,1,0,0,0,0,0,0,0,,0,0,0,20,4,1,0,,0,39 59:58.724,,0,75 04:08.063,4,0,0,1,67301,0,0,0,N,0,0,0,2,67301,1,,1,1,,N,N,,0,,0,0,0,0,0,,2007,1,2,0,0,0,0,0,3,4,0,2,3,,N,,,,,,,,,,,
2007067651,1720.0,3,0,0,0,0,0,0,0,0,2,0,,67,5,2007,1,39.9799,-75.1673,1715.0,6,0,0,0,0,0,0,0,0,,0,0,0,17,1,1,0,,0,39 58:47.000,,0,75 10:02.336,3,0,0,0,67301,0,0,0,N,0,0,0,3,67301,0,,1,1,,N,N,,0,,1,0,0,0,0,,1700,1,3,0,0,0,0,1,3,4,0,3,3,,N,,,,,,,,,,,
2007067669,9999.0,1,0,0,0,0,0,0,0,0,4,0,,67,5,2007,1,40.0144,-75.153,1647.0,6,0,0,0,0,0,1,0,0,,0,0,0,16,1,1,1,,0,40 00:51.000,,0,75 09:10.931,8,0,0,0,67301,0,0,0,N,0,0,0,2,67301,0,,1,1,,N,N,,0,,0,0,0,3,2,,1647,1,2,0,0,0,1,0,3,4,0,2,3,,N,,,,,,,,,,,
2007067825,244.0,2,0,0,0,0,0,0,0,0,4,0,,67,5,2007,6,39.943,-75.1834,240.0,6,0,0,0,0,0,0,0,0,9.0,0,0,0,99,3,1,2,,1,39 56:34.720,1.0,0,75 11:00.074,4,0,0,0,67301,0,0,0,N,0,0,0,3,67301,1,,1,1,,N,N,,0,,0,0,0,3,3,N,9999,1,2,0,0,0,0,0,3,4,0,2,3,,N,,,,,,,,,,,
2007067830,1135.0,2,0,0,0,0,0,0,0,0,4,0,,67,4,2007,2,40.0155,-75.0633,1130.0,6,0,0,0,0,0,0,1,0,,1,0,0,11,1,2,1,,0,40 00:55.000,,0,75 03:48.040,1,0,0,0,67301,0,0,0,N,0,0,0,3,67301,0,2.0,1,1,,N,N,,0,0.0,0,0,0,3,2,,1129,2,2,0,0,0,2,0,3,4,0,2,3,,N,,,,,,,,,,,
2007106789,2345.0,1,0,0,1,0,0,0,0,0,5,0,99.0,67,9,2007,7,40.0075,-75.1927,2341.0,6,0,0,0,0,0,1,0,0,,0,0,0,23,3,2,0,,0,40 00:23.000,,0,75 11:29.542,4,0,0,0,67301,1,0,0,N,0,0,0,2,67301,1,,1,1,,N,N,,0,,0,0,0,0,0,,2341,2,2,0,0,1,1,0,3,4,0,1,3,,Y,3.0,1.0,N,Y,,N,Y,,Y,,
2007107029,1050.0,1,0,0,0,0,0,0,0,0,1,0,,67,8,2007,2,39.9968,-75.1538,1045.0,6,0,0,0,0,0,0,0,0,,0,0,0,10,1,1,1,,0,39 59:48.000,,0,75 09:13.788,4,0,0,0,67301,0,0,0,N,0,0,0,2,67301,1,,1,1,,N,N,,1,,0,0,0,0,0,,1030,1,2,0,0,0,0,0,3,4,0,2,3,,N,,,,,,,,,,,
2007095796,2105.0,1,0,0,0,0,0,0,0,0,8,0,,67,8,2007,7,39.9723,-75.2353,2100.0,6,0,0,0,0,0,0,0,0,,0,0,0,21,3,1,0,,0,39 58:20.398,,0,75 14:07.256,4,0,0,0,67301,1,0,0,N,1,0,0,2,67301,1,,1,1,,N,N,,0,,0,0,0,0,0,,2100,1,2,0,0,0,0,0,3,4,0,1,3,,N,,,,,,,,,,,
2007090671,1900.0,1,0,0,0,0,0,0,0,0,1,0,,67,8,2007,1,39.9553,-75.1479,1900.0,6,0,0,0,0,0,0,1,0,,0,0,0,18,1,1,0,,0,39 57:18.814,,3,75 08:51.125,8,0,0,0,67301,0,0,0,N,0,0,0,3,67501,0,,1,1,,N,N,,0,,0,0,1,3,2,,1857,1,2,0,0,0,1,0,3,4,0,2,3,,N,,,,,,,,,,,
2007027504,1622.0,0,0,0,0,0,0,0,0,0,4,0,,67,1,2007,7,40.0396,-75.0844,1622.0,6,0,0,0,0,0,0,1,0,,0,0,0,14,1,1,1,,0,40 02:22.401,,0,75 05:03.893,4,0,0,0,67301,0,0,0,N,0,0,0,2,67301,1,,1,9,,N,N,,0,,0,0,2,3,2,,1436,1,2,0,0,0,0,0,3,4,0,2,7,,N,,,,,,,,,,,
2007027643,1355.0,2,0,0,0,0,0,0,0,0,1,0,,67,1,2007,5,39.9823,-75.1605,1350.0,6,0,0,0,0,0,0,0,0,,0,0,0,13,1,1,0,,0,39 58:56.229,,0,75 09:37.681,8,0,0,0,67301,0,0,0,,0,0,0,2,67301,0,,1,1,,,,,0,,0,0,0,0,0,,1345,1,2,0,0,0,1,0,3,4,0,2,3,,N,,,,,,,,,,,
2007027682,1750.0,3,0,0,0,0,0,0,0,0,4,0,,67,1,2007,6,40.0653,-75.2062,1745.0,6,0,0,0,0,0,2,0,0,,0,0,0,17,3,2,1,,0,40 03:55.052,,0,75 12:22.304,4,0,0,0,67301,0,0,0,,0,0,0,4,67301,2,,1,1,,,,,0,,0,0,0,3,3,,1745,2,3,0,0,0,0,2,3,4,0,3,3,,N,,,,,,,,,,,
2007027712,1435.0,1,0,0,0,0,0,0,0,0,4,0,,67,2,2007,5,40.0204,-75.1401,1425.0,6,0,0,0,0,0,1,0,0,,0,0,0,14,1,1,2,,0,40 01:13.458,,0,75 08:24.453,3,0,0,0,67301,0,0,0,N,0,0,0,2,67301,0,,1,1,,N,N,,1,,1,0,0,3,3,,1405,1,2,0,0,1,0,1,3,4,0,2,3,,N,,,,,,,,,,,
2007027714,1540.0,1,0,0,0,0,0,0,0,0,8,0,,67,1,2007,5,39.9913,-75.1349,1540.0,6,0,0,0,0,0,0,0,0,,0,0,0,16,1,1,1,,0,39 59:28.000,,0,75 08:05.484,3,0,0,0,67301,1,0,0,N,1,0,0,2,67301,0,,1,1,,N,N,,0,,1,0,0,9,2,,1614,1,2,0,0,0,0,0,3,4,0,1,3,,N,,,,,,,,,,,
2007027726,1010.0,1,0,0,0,0,0,0,0,0,7,0,,67,1,2007,3,39.959,-75.1699,1006.0,6,0,0,0,0,0,0,0,0,,0,0,0,10,1,1,1,,0,39 57:32.509,,0,75 10:11.658,3,0,0,0,67301,0,0,0,N,0,0,0,1,67301,0,,4,1,,N,N,,0,,1,0,0,0,0,,1004,1,1,0,0,0,0,0,3,4,0,1,3,,N,,,,,,,,,,,
2007022790,150.0,4,0,0,0,0,0,0,0,0,4,0,,67,1,2007,5,40.0159,-75.0554,147.0,6,0,0,0,0,1,0,0,0,,0,0,0,1,3,0,2,,0,40 00:57.204,,0,75 03:19.396,0,0,0,0,67301,0,0,0,N,0,0,0,3,67301,0,,1,1,,N,N,,0,,0,0,0,9,3,,147,0,4,0,0,0,0,0,3,4,0,4,3,,N,,,,,,,,,,,
2007022798,1857.0,1,0,0,0,0,0,0,0,0,1,0,,67,1,2007,3,40.0419,-75.082,1855.0,6,0,0,0,0,0,0,0,1,,0,0,0,18,3,1,0,,0,40 02:30.980,,0,75 04:55.185,4,0,0,0,67301,0,0,0,N,0,0,0,4,67301,1,,1,1,,N,N,,0,,0,0,1,0,0,,1853,1,3,0,0,1,0,0,3,4,1,3,3,,N,,,,,,,,,,,
2007022997,738.0,1,0,0,0,0,0,0,0,0,4,0,,67,1,2007,6,,,738.0,6,0,0,0,1,0,1,0,0,,0,0,0,7,1,3,0,,0,,,0,,3,0,0,0,67301,0,0,0,Y,0,0,0,5,67301,0,,1,2,,N,N,,0,,3,0,2,0,0,,715,3,3,0,0,0,0,0,3,3,0,3,98,,N,,,,,,,,,,,
2007080945,1518.0,1,0,0,0,0,0,0,0,0,1,0,,67,6,2007,7,39.9756,-75.192,1515.0,6,0,0,0,0,1,0,0,0,1.0,0,0,0,15,1,1,1,,2,39 58:31.000,5.0,0,75 11:30.568,8,0,0,0,67301,0,0,0,N,0,0,0,5,67301,0,,1,9,,N,N,,0,,0,0,1,0,0,N,1515,1,2,0,0,2,1,0,3,4,0,2,3,,N,,,,,,,,,,,
2007091495,2306.0,1,0,0,0,0,0,0,0,0,1,0,,67,8,2007,7,40.0041,-75.2205,2306.0,6,0,0,0,0,1,0,0,0,,0,0,0,23,3,1,0,,0,40 00:14.000,,0,75 13:13.850,4,0,0,0,67301,0,0,0,N,0,0,0,9,46104,1,,1,1,,N,N,,0,,0,0,0,0,0,,2306,1,2,0,0,0,0,0,3,4,1,2,3,,N,,,,,,,,,,,
2007096662,800.0,1,0,0,0,0,0,0,0,0,1,0,,67,8,2007,4,39.9954,-75.1978,800.0,6,0,0,0,0,0,1,0,0,,0,0,0,8,1,0,0,,0,39 59:43.000,,0,75 11:51.652,0,0,0,0,67301,0,0,0,N,0,0,0,3,68K01,0,,1,9,,N,N,,1,,0,0,1,0,0,,800,0,3,0,0,0,0,0,3,4,0,3,3,,N,,,,,,,,,,,
2007060849,654.0,2,0,0,0,0,0,0,0,0,1,0,,67,5,2007,2,40.0352,-75.1455,650.0,6,0,0,0,0,0,1,0,0,2.0,0,0,0,6,1,1,1,,1,40 02:06.731,4.0,0,75 08:43.670,4,0,0,0,67301,0,0,0,N,0,0,0,2,67301,1,,1,1,,N,N,,0,,0,0,0,3,2,Y,650,1,2,0,0,0,0,0,3,4,0,2,3,,N,,,,,,,,,,,
2007066308,2050.0,1,0,0,0,0,0,0,0,0,1,1,,67,5,2007,1,40.0383,-75.1016,2047.0,6,0,0,0,0,0,1,0,0,,0,1,0,20,3,1,1,,0,40 02:17.754,,0,75 06:05.767,4,0,0,0,67301,0,0,0,,0,0,0,1,67301,1,,1,1,,,,,0,,0,0,0,0,0,,2038,1,2,0,0,0,0,0,3,4,0,2,3,,N,,,,,,,,,,,
2007066342,1245.0,2,0,0,0,0,0,0,0,0,1,0,,67,5,2007,3,39.9557,-75.2156,1245.0,6,0,0,0,0,0,0,0,0,,0,0,0,15,1,1,1,,0,39 57:20.000,,0,75 12:56.102,8,0,0,0,67301,0,0,0,,0,0,0,2,67301,0,,1,1,,,,,0,,0,0,0,3,2,,1515,1,2,0,0,0,1,0,3,4,0,2,3,,N,,,,,,,,,,,
2007056465,443.0,3,0,0,0,0,0,0,0,0,1,0,,67,2,2007,7,40.0261,-75.1988,441.0,6,0,0,0,0,0,0,0,0,,0,0,0,99,3,0,0,,0,40 01:33.000,,0,75 11:55.610,0,0,0,0,67301,1,0,0,N,0,0,0,2,67301,0,,2,2,,N,N,,0,,0,0,0,0,0,,9999,0,3,0,0,0,0,0,3,4,0,3,98,,N,,,,,,,,,,,
2007056468,510.0,2,0,0,0,0,0,0,0,0,1,0,,67,3,2007,3,39.972,-75.1611,510.0,6,0,0,0,0,0,0,0,0,,0,0,0,5,2,1,0,,0,39 58:19.255,,0,75 09:39.843,8,0,0,0,67301,0,0,0,N,0,0,0,1,67301,0,,6,1,,N,N,,0,,0,0,0,0,0,,510,1,2,0,0,0,1,0,3,4,0,2,3,,N,,,,,,,,,,,
2007056570,806.0,4,0,0,0,0,0,0,0,0,4,0,,67,4,2007,3,40.0181,-75.1593,806.0,6,0,0,0,0,0,0,0,0,1.0,0,0,0,8,1,1,2,,1,40 01:05.000,2.0,0,75 09:33.605,4,0,0,0,67301,0,0,0,N,0,0,0,5,67301,1,,1,1,,N,N,,0,,0,0,0,0,0,N,805,1,4,0,0,0,0,0,3,4,0,4,3,,N,,,,,,,,,,,
2007059595,1718.0,1,0,0,0,0,0,0,0,0,1,1,,67,4,2007,7,,,1711.0,6,0,0,0,0,0,0,0,0,,0,1,0,17,1,0,0,,0,,,0,,0,0,0,0,67301,0,0,0,N,0,0,0,2,68K01,0,,1,1,,N,N,,0,,0,0,0,0,0,,1711,0,2,0,0,0,0,0,3,3,0,2,3,,N,,,,,,,,,,,
2007096474,1257.0,2,0,0,0,0,0,0,0,0,4,0,,67,9,2007,7,39.9961,-75.2374,1256.0,6,0,0,0,0,0,1,0,1,1.0,0,0,0,12,1,0,2,,1,39 59:48.000,2.0,0,75 14:09.397,0,0,0,0,67301,0,0,0,N,0,0,0,2,46104,0,,1,1,,N,N,,0,,0,0,0,0,0,Y,1256,0,2,0,0,0,0,0,3,4,0,2,3,,N,,,,,,,,,,,
2007057380,1845.0,3,0,0,0,0,0,0,0,0,1,0,,67,3,2007,2,40.026,-75.122,1845.0,6,0,0,0,0,0,0,0,0,,0,0,0,18,1,2,5,,0,40 01:33.000,,0,75 07:19.144,8,0,0,0,67301,0,0,0,N,0,0,0,6,67301,0,,1,1,,N,N,,0,,0,0,1,3,2,,1843,2,4,0,0,1,2,0,3,4,0,4,3,,N,,,,,,,,,,,
2007057529,915.0,1,0,0,0,0,0,0,0,0,4,0,,67,3,2007,7,39.9542,-75.1395,907.0,6,0,0,0,0,0,0,0,0,,0,0,0,9,1,0,2,,0,39 57:14.000,,0,75 08:22.455,0,0,0,0,67301,0,0,0,N,0,0,0,2,67301,0,,1,1,,N,N,,1,,0,0,0,0,0,,905,0,2,0,0,0,0,0,3,4,0,2,3,,N,,,,,,,,,,,
2007074499,1741.0,3,0,0,0,0,0,0,0,0,1,0,,67,7,2007,2,39.9533,-75.1362,1739.0,6,0,0,0,0,0,1,0,0,,0,0,0,17,1,1,0,,0,39 57:12.000,,3,75 08:10.300,8,0,0,0,67301,0,0,0,,0,0,0,3,67501,0,,1,1,,,,,0,,0,0,0,2,8,,1737,1,3,0,0,0,1,0,3,4,0,3,3,,N,,,,,,,,,,,
2007067269,23.0,2,0,0,0,0,0,0,0,0,1,0,,67,5,2007,7,40.0577,-75.1493,18.0,6,0,0,0,0,0,0,1,0,,0,0,0,23,3,2,0,,0,40 03:27.544,,0,75 08:57.426,4,0,0,0,67301,0,0,0,N,0,0,0,4,67301,2,,1,9,,N,N,,0,,0,0,0,3,2,,2315,2,4,0,0,0,0,2,3,4,1,4,7,,N,,,,,,,,,,,
2007037857,651.0,1,0,0,0,0,0,0,0,0,1,0,,67,2,2007,3,39.9981,-75.196,642.0,6,0,0,0,0,0,0,0,0,1.0,0,0,0,6,1,1,0,,1,39 59:55.481,4.0,0,75 11:44.436,4,0,0,0,67301,0,0,0,N,0,0,0,2,68K01,1,,1,1,,N,N,,0,,0,0,0,0,0,N,640,1,2,0,0,0,0,0,3,4,1,2,3,,N,,,,,,,,,,,
2007099079,2132.0,0,0,0,0,0,0,0,0,0,8,0,,67,8,2007,2,40.03,-75.129,2132.0,6,0,0,0,0,0,0,0,0,,0,0,0,19,4,1,1,,0,40 01:47.834,,0,75 07:44.342,8,0,0,0,67301,1,0,0,N,1,0,0,2,67301,0,,1,1,,N,N,,0,,0,0,1,3,3,,1945,1,2,0,0,0,1,0,3,4,0,1,3,,N,,,,,,,,,,,
2007029318,241.0,1,0,0,0,0,0,1,0,0,5,1,,67,1,2007,6,40.1141,-74.9877,238.0,6,0,0,0,0,0,0,0,0,2.0,0,0,0,2,3,2,1,,2,40 06:50.000,1.0,0,74 59:15.936,3,0,0,0,67301,0,0,0,N,0,0,0,3,67301,0,,1,1,,N,N,,1,,1,0,0,3,2,Y,235,2,3,0,0,0,1,0,3,4,0,3,3,,N,,,,,,,,,,,
2007128225,1536.0,1,0,0,0,0,0,0,0,0,8,0,,67,10,2007,5,40.0395,-75.1778,1532.0,6,0,0,0,0,0,0,1,0,,0,0,0,15,1,1,0,,0,40 02:22.000,,0,75 10:40.230,4,0,0,0,67301,1,0,0,,1,0,0,4,67301,1,,1,1,,,,,0,,0,0,0,3,2,,1530,1,2,0,0,0,0,0,3,4,0,1,3,,N,,,,,,,,,,,
2007097474,2104.0,0,0,0,0,0,0,0,0,0,0,0,,67,8,2007,5,39.899,-75.1748,2058.0,6,0,0,0,0,0,0,0,0,1.0,0,0,0,20,2,1,0,,2,39 53:58.000,1.0,0,75 09:47.387,3,0,0,1,67301,0,0,0,N,0,0,0,1,67301,0,,1,1,,N,N,,0,,1,0,0,0,0,Y,2055,1,1,0,0,0,0,0,3,4,0,1,3,,N,,,,,,,,,,,
2007092293,1650.0,2,0,0,0,0,0,0,0,0,1,0,,67,6,2007,5,40.029,-75.0892,1646.0,6,0,0,0,0,0,0,0,0,,0,0,0,16,1,1,1,,0,40 01:44.000,,0,75 05:21.035,4,0,0,0,67301,0,0,0,,0,0,0,2,67301,1,,1,1,,,,,0,,0,0,0,3,2,,1644,1,2,0,0,0,0,0,3,4,0,2,3,,N,,,,,,,,,,,
2007092325,2307.0,2,0,0,0,0,0,0,0,0,4,0,,67,6,2007,5,39.9488,-75.1694,2300.0,6,0,0,0,0,0,0,0,0,,0,0,0,22,3,3,2,,0,39 56:55.712,,0,75 10:09.688,4,0,0,0,67301,0,0,0,N,0,0,0,4,67301,3,,1,9,,N,N,,0,,0,0,0,3,2,,2250,3,2,0,0,2,0,0,3,4,0,2,7,,N,,,,,,,,,,,
2007092770,1550.0,1,0,0,0,0,0,0,0,0,5,1,,67,6,2007,6,40.0071,-75.1923,1541.0,6,0,0,0,0,0,1,0,0,1.0,0,1,0,15,1,3,0,,2,40 00:27.000,3.0,3,75 11:30.338,4,0,0,0,67301,0,0,0,N,0,0,0,4,67301,3,,1,1,,N,N,,0,,0,0,0,0,0,N,1538,3,2,0,0,0,0,0,3,4,0,2,3,,N,,,,,,,,,,,
2007092783,1312.0,2,0,0,0,0,0,0,0,0,4,0,,67,7,2007,3,39.9303,-75.1766,1310.0,6,0,0,0,0,1,0,0,0,,0,0,0,13,1,1,1,,0,39 55:49.040,,0,75 10:35.731,8,0,0,0,67301,0,0,0,N,0,0,0,7,67301,0,,1,1,,N,N,,0,,0,0,0,3,3,,1300,1,2,0,0,0,1,1,3,4,0,2,3,,N,,,,,,,,,,,
2007120520,1859.0,1,0,0,0,0,0,0,0,0,8,0,,67,9,2007,7,40.0447,-75.1434,1858.0,6,0,0,0,0,0,0,0,0,,0,0,0,18,3,1,0,,0,40 02:40.857,,0,75 08:36.217,2,0,0,0,67301,1,0,1,N,1,0,1,3,67301,0,,1,1,,N,N,,0,,0,1,0,3,2,,1858,1,2,0,0,0,0,1,3,4,0,1,3,,N,,,,,,,,,,,
2007120525,1655.0,0,0,0,0,0,0,0,0,0,8,0,,67,10,2007,3,40.0211,-75.1339,1644.0,6,0,0,0,0,0,0,0,0,,0,0,0,18,4,1,1,,0,40 01:15.960,,0,75 08:01.924,4,0,0,0,67301,1,0,0,N,1,0,0,2,67301,1,,1,1,,N,N,,0,,0,0,0,2,2,,1830,1,2,0,0,0,0,1,3,4,0,1,3,,N,,,,,,,,,,,
2007120527,826.0,1,0,0,0,0,0,1,0,0,4,1,,67,10,2007,3,39.9746,-75.1995,824.0,6,0,0,0,0,0,1,0,0,,0,0,0,8,1,1,2,,0,39 58:28.000,,0,75 11:58.249,8,0,0,0,67301,0,0,0,,0,0,0,9,67301,0,,1,1,,Y,,,0,,0,0,0,3,2,,821,1,2,0,0,0,1,0,3,4,0,2,3,,N,,,,,,,,,,,
2007120590,1359.0,2,0,0,0,0,0,0,0,0,2,0,,67,10,2007,6,,,1350.0,6,0,0,0,0,0,0,0,0,,0,0,0,12,1,0,0,,0,,,0,,0,0,0,0,67301,0,0,0,N,0,0,0,1,67301,0,,1,9,,N,N,,0,,0,0,0,0,0,,1230,0,2,0,0,0,0,0,3,3,0,2,7,,N,,,,,,,,,,,
2007082925,849.0,0,0,0,0,0,0,1,0,0,8,1,,67,6,2007,2,39.9528,-75.1499,848.0,6,0,0,0,0,0,1,0,0,,0,0,0,8,1,1,1,,0,39 57:09.000,,0,75 08:59.709,2,0,0,0,67301,1,0,1,N,1,0,1,2,67301,0,,1,9,,N,N,,0,,0,1,0,3,2,,846,1,2,0,0,0,0,0,3,4,0,1,98,,N,,,,,,,,,,,