CRN,ARRIVAL_TM,AUTOMOBILE_COUNT,BELTED_DEATH_COUNT,BELTED_SUSP_SERIOUS_INJ_COUNT,BICYCLE_COUNT,BICYCLE_DEATH_COUNT,BICYCLE_SUSP_SERIOUS_INJ_COUNT,BUS_COUNT,CHLDPAS_DEATH_COUNT,CHLDPAS_SUSP_SERIOUS_INJ_COUNT,COLLISION_TYPE,COMM_VEH_COUNT,CONS_ZONE_SPD_LIM,COUNTY,CRASH_MONTH,CRASH_YEAR,DAY_OF_WEEK,DEC_LAT,DEC_LONG,DISPATCH_TM,DISTRICT,DRIVER_COUNT_16YR,DRIVER_COUNT_17YR,DRIVER_COUNT_18YR,DRIVER_COUNT_19YR,DRIVER_COUNT_20YR,DRIVER_COUNT_50_64YR,DRIVER_COUNT_65_74YR,DRIVER_COUNT_75PLUS,EST_HRS_CLOSED,FATAL_COUNT,HEAVY_TRUCK_COUNT,HORSE_BUGGY_COUNT,HOUR_OF_DAY,ILLUMINATION,INJURY_COUNT,INTERSECT_TYPE,INTERSECTION_RELATED,LANE_CLOSED,LATITUDE,LN_CLOSE_DIR,LOCATION_TYPE,LONGITUDE,MAX_SEVERITY_LEVEL,MCYCLE_DEATH_COUNT,MCYCLE_SUSP_SERIOUS_INJ_COUNT,MOTORCYCLE_COUNT,MUNICIPALITY,NONMOTR_COUNT,NONMOTR_DEATH_COUNT,NONMOTR_SUSP_SERIOUS_INJ_COUNT,NTFY_HIWY_MAINT,PED_COUNT,PED_DEATH_COUNT,PED_SUSP_SERIOUS_INJ_COUNT,PERSON_COUNT,POLICE_AGCY,POSSIBLE_INJ_COUNT,RDWY_SURF_TYPE_CD,RELATION_TO_ROAD,ROAD_CONDITION,ROADWAY_CLEARED,SCH_BUS_IND,SCH_ZONE_IND,SECONDARY_CRASH,SMALL_TRUCK_COUNT,SPEC_JURIS_CD,SUSP_MINOR_INJ_COUNT,SUSP_SERIOUS_INJ_COUNT,SUV_COUNT,TCD_FUNC_CD,TCD_TYPE,TFC_DETOUR_IND,TIME_OF_DAY,TOT_INJ_COUNT,TOTAL_UNITS,UNB_DEATH_COUNT,UNB_SUSP_SERIOUS_INJ_COUNT,UNBELTED_OCC_COUNT,UNK_INJ_DEG_COUNT,UNK_INJ_PER_COUNT,URBAN_AREA,URBAN_RURAL,VAN_COUNT,VEHICLE_COUNT,WEATHER1,WEATHER2,WORK_ZONE_IND,WORK_ZONE_LOC,WORK_ZONE_TYPE,WORKERS_PRES,WZ_CLOSE_DETOUR,WZ_FLAGGER,WZ_LAW_OFFCR_IND,WZ_LN_CLOSURE,WZ_MOVING,WZ_OTHER,WZ_SHLDER_MDN,WZ_WORKERS_INJ_KILLED
2007080492,818.0,1,0,0,0,0,0,0,0,0,6,1,,67,6,2007,3,39.9526,-75.1782,817.0,6,0,0,0,0,0,0,0,0,,0,1,0,8,1,1,0,,0,39 57:09.515,,0,75 10:41.454,8,0,0,0,67301,0,0,0,N,0,0,0,3,67301,0,,1,1,,N,N,,0,,0,0,0,0,0,,810,1,2,0,0,1,1,0,3,4,0,2,3,,N,,,,,,,,,,,
2007080496,1415.0,0,0,0,0,0,0,0,0,0,4,0,,67,6,2007,6,39.9894,-75.1556,1402.0,6,0,0,0,0,0,0,0,0,,0,0,0,13,1,1,1,,0,39 59:21.000,,0,75 09:20.126,8,0,0,0,67301,0,0,0,N,0,0,0,2,67301,0,,1,1,,N,N,,0,,0,0,2,3,2,,1350,1,2,0,0,0,1,0,3,4,0,2,3,,N,,,,,,,,,,,
2007107045,1256.0,1,0,0,0,0,0,0,0,0,5,0,,67,9,2007,3,39.9169,-75.216,1253.0,6,0,0,0,0,0,1,0,0,,0,0,0,12,1,1,1,,0,39 55:05.000,,0,75 12:31.948,4,0,0,0,67301,0,0,0,N,0,0,0,2,67301,1,,1,1,,N,N,,0,,0,0,1,3,2,,1250,1,2,0,0,0,0,0,3,4,0,2,3,,N,,,,,,,,,,,
2007098546,1705.0,1,0,0,0,0,0,0,0,0,1,1,,67,7,2007,6,40.0072,-75.1234,1700.0,6,0,0,0,0,0,0,0,0,,0,1,0,17,1,2,1,,0,40 00:25.000,,0,75 07:24.379,4,0,0,0,67301,0,0,0,N,0,0,0,3,67301,2,,1,1,,N,N,,0,,0,0,0,3,2,,1700,2,2,0,0,0,0,1,3,4,0,2,3,,N,,,,,,,,,,,
2007098547,1407.0,1,0,0,0,0,0,0,0,0,8,0,,67,8,2007,7,39.9932,-75.1614,1407.0,6,0,0,0,0,0,0,0,0,,0,0,0,14,1,1,0,,0,39 59:35.583,,0,75 09:41.141,8,0,0,0,67301,1,0,0,N,1,0,0,2,67301,0,,1,1,,N,N,,0,,0,0,0,0,0,,1407,1,2,0,0,1,1,0,3,4,0,1,3,,N,,,,,,,,,,,
2007098138,2058.0,1,0,0,0,0,0,0,0,0,8,0,,67,8,2007,7,40.0296,-75.0391,2057.0,6,0,0,0,0,0,0,0,0,,0,0,0,19,3,1,0,,0,40 01:46.693,,0,75 02:20.853,8,0,0,0,67301,1,0,0,N,1,0,0,2,67301,0,,1,1,,N,N,,0,,0,0,0,0,0,,1949,1,2,0,0,0,1,1,3,4,0,1,3,,N,,,,,,,,,,,
2007095921,915.0,1,0,0,0,0,0,0,0,0,1,0,,67,8,2007,3,39.9753,-75.1947,847.0,6,0,0,0,0,0,0,0,0,,0,0,0,8,1,2,6,,0,39 58:33.000,,2,75 11:43.009,4,0,0,0,67301,0,0,0,N,0,0,0,3,68K01,2,,1,1,,N,N,,0,,0,0,1,3,4,,841,2,2,0,0,0,0,0,3,4,0,2,3,,N,,,,,,,,,,,
2007095783,1232.0,1,0,0,0,0,0,0,0,0,1,0,,67,7,2007,2,39.9885,-75.1063,1229.0,6,0,0,0,0,0,0,0,0,,0,0,0,12,1,1,1,,0,39 59:18.000,,0,75 06:23.029,4,0,0,0,67301,0,0,0,N,0,0,0,3,67301,1,,1,9,,N,N,,1,,0,0,0,0,0,,1225,1,2,0,0,0,0,0,3,4,0,2,7,,N,,,,,,,,,,,
2007098264,9999.0,1,0,0,0,0,0,0,0,0,8,0,,67,8,2007,6,39.9466,-75.2217,1906.0,6,0,0,0,0,0,0,0,0,,0,0,0,19,1,1,0,,0,39 56:47.889,,0,75 13:18.091,8,0,0,0,67301,1,0,0,N,1,0,0,2,67301,0,,1,1,,N,N,,0,,0,0,0,0,0,,1906,1,2,0,0,0,1,0,3,4,0,1,3,,N,,,,,,,,,,,
2007093366,1651.0,0,0,0,0,0,0,0,0,0,8,0,,67,6,2007,6,39.9751,-75.195,1649.0,6,0,0,0,0,0,1,0,0,,0,0,0,16,1,1,0,,0,39 58:30.000,,0,75 11:41.875,3,0,0,0,67301,1,0,0,N,1,0,0,3,67301,0,,1,1,,N,N,,1,,1,0,0,0,0,,1624,1,2,0,0,0,0,0,3,4,0,1,3,,N,,,,,,,,,,,
2007022318,1600.0,1,0,0,0,0,0,1,0,0,4,1,,67,1,2007,5,39.958,-75.2094,1555.0,6,0,0,0,0,0,0,0,0,1.0,0,0,0,15,1,5,5,,2,39 57:28.000,6.0,0,75 12:33.892,4,0,0,0,67301,0,0,0,N,0,0,0,38,67301,5,,1,1,,Y,N,,0,,0,0,0,3,2,Y,1552,5,2,0,0,0,0,0,3,4,0,2,3,,N,,,,,,,,,,,
2007022374,1425.0,3,0,0,0,0,0,0,0,0,4,0,,67,1,2007,3,40.0808,-75.0286,1420.0,6,0,0,0,0,0,0,1,0,,0,0,0,14,1,2,5,,0,40 04:50.000,,0,75 01:43.036,3,0,0,0,67301,0,0,0,N,0,0,0,4,67301,1,,1,1,,N,N,,0,,1,0,0,3,2,,1419,2,3,0,0,0,0,0,3,4,0,3,3,,N,,,,,,,,,,,
2007027530,1202.0,2,0,0,0,0,0,0,0,0,5,0,,67,1,2007,1,39.9632,-75.1836,1154.0,6,0,0,0,0,0,0,0,0,9.0,0,0,0,11,1,1,0,,1,39 57:50.000,4.0,0,75 11:03.893,4,0,0,0,67301,0,0,0,N,0,0,0,2,67301,1,,1,1,,N,N,,0,,0,0,0,0,0,N,1154,1,2,0,0,0,0,0,3,4,0,2,3,,N,,,,,,,,,,,
2007027616,727.0,1,0,0,0,0,0,0,0,0,7,0,,67,1,2007,5,39.9541,-75.1778,725.0,6,0,0,0,0,0,1,0,0,,0,0,0,7,5,1,0,,0,39 57:14.754,,0,75 10:39.795,8,0,0,0,67301,0,0,0,N,0,0,0,2,67301,0,,1,9,,N,N,,0,,0,0,0,0,0,,720,1,1,0,0,0,1,0,3,4,0,1,3,,N,,,,,,,,,,,
2007027586,2050.0,2,0,0,0,0,0,0,0,0,4,0,,67,1,2007,7,40.0385,-75.1097,2041.0,6,0,0,0,0,0,0,0,0,,0,0,0,20,3,1,2,,0,40 02:18.000,,0,75 06:34.938,8,0,0,0,67301,0,0,0,,0,0,0,2,67301,0,,1,9,,,,,0,,0,0,0,0,0,,2041,1,2,0,0,0,1,0,3,4,0,2,7,,N,,,,,,,,,,,
2007022811,1220.0,2,0,0,0,0,0,0,0,0,4,0,,67,1,2007,4,40.0889,-74.9694,1213.0,6,0,0,0,0,0,1,0,0,,0,0,0,12,1,0,0,,0,40 05:19.000,,7,74 58:10.236,0,0,0,0,67301,0,0,0,N,0,0,0,2,67301,0,,1,1,,N,N,,0,,0,0,0,3,2,,1200,0,2,0,0,0,0,0,3,4,0,2,3,,N,,,,,,,,,,,
2007096721,955.0,0,0,0,0,0,0,1,0,0,8,1,,67,8,2007,3,39.9508,-75.1638,943.0,6,0,0,0,0,0,1,0,0,,0,0,0,9,1,1,1,,0,39 57:03.000,,0,75 09:49.789,4,0,0,0,67301,1,0,0,,1,0,0,2,67301,1,,1,1,,,,,0,,0,0,0,3,2,,943,1,2,0,0,0,0,0,3,4,0,1,3,,N,,,,,,,,,,,
2007066256,243.0,1,0,0,0,0,0,0,0,0,4,0,,67,5,2007,1,40.0349,-75.026,238.0,6,0,0,0,0,0,0,0,0,,0,0,0,99,3,2,0,,0,40 02:05.000,,0,75 01:33.577,4,0,0,0,67301,0,0,0,,0,0,0,2,67301,2,,1,1,,,,,0,,0,0,1,0,0,,9999,2,2,0,0,0,0,0,3,4,0,2,3,,N,,,,,,,,,,,
2007066310,1015.0,1,0,0,0,0,0,0,0,0,8,0,,67,5,2007,4,39.9607,-75.2432,1009.0,6,0,0,0,0,0,0,0,0,,0,0,0,10,1,1,0,,0,39 57:38.000,,0,75 14:35.489,4,0,0,0,67301,1,0,0,,1,0,0,2,67301,1,,1,1,,,,,0,,0,0,0,9,2,,1000,1,2,0,0,1,0,0,3,4,0,1,3,,N,,,,,,,,,,,
2007058642,121.0,4,0,0,0,0,0,0,0,0,4,0,,67,4,2007,3,39.9314,-75.1563,121.0,6,0,0,0,0,0,1,0,0,1.0,0,0,0,99,3,0,1,,1,39 55:53.086,7.0,0,75 09:22.669,0,0,0,0,67301,0,0,0,N,0,0,0,2,67301,0,,1,9,,N,N,,0,,0,0,0,3,3,Y,9999,0,4,0,0,0,0,0,3,4,0,4,7,,N,,,,,,,,,,,
2007058648,2015.0,1,0,0,0,0,0,0,0,0,5,0,,67,4,2007,7,39.9384,-75.2189,2011.0,6,0,0,1,0,0,0,0,0,,0,0,0,19,3,1,0,,0,39 56:18.097,,0,75 13:08.161,4,0,0,0,67301,0,0,0,N,0,0,0,2,67301,1,,1,1,,N,N,,0,,0,0,1,0,0,,1915,1,2,0,0,0,0,0,3,4,0,2,3,,N,,,,,,,,,,,
2007056391,558.0,1,0,0,0,0,0,0,0,0,2,0,,67,4,2007,5,39.9779,-75.2061,554.0,6,0,0,0,0,0,0,0,0,,0,0,0,5,5,0,2,,0,39 58:40.436,,0,75 12:21.801,0,0,0,0,67301,0,0,0,N,0,0,0,3,67301,0,,1,1,,N,N,,0,,0,0,1,3,3,,552,0,2,0,0,0,0,0,3,4,0,2,3,,N,,,,,,,,,,,
2007056564,1859.0,2,0,0,0,0,0,0,0,0,1,0,,67,4,2007,4,40.0322,-75.0369,1855.0,6,0,0,0,0,0,0,0,0,,0,0,0,18,3,1,1,,0,40 01:55.000,,0,75 02:12.866,8,0,0,0,67301,0,0,0,N,0,0,0,2,67301,0,,1,9,,N,N,,0,,0,0,0,3,2,,1831,1,2,0,0,0,1,0,3,4,0,2,3,,N,,,,,,,,,,,
2007056595,822.0,2,0,0,0,0,0,0,0,0,6,0,,67,4,2007,3,39.9733,-75.2355,815.0,6,0,0,0,0,0,0,0,0,,0,0,0,8,1,4,1,,0,39 58:23.707,,0,75 14:07.853,3,0,0,0,67301,0,0,0,N,0,0,0,4,67301,2,,1,1,,N,Y,,0,,2,0,0,3,1,,800,4,2,0,0,0,0,0,3,4,0,2,3,,N,,,,,,,,,,,
2007057417,1752.0,1,0,0,0,0,0,0,0,0,1,0,,67,4,2007,2,40.0443,-75.113,1748.0,6,0,0,0,0,0,0,0,0,,0,0,0,16,1,1,2,,0,40 02:46.000,,0,75 06:45.290,4,0,0,0,67301,0,0,0,N,0,0,0,2,67301,1,,1,9,,N,N,,1,,0,0,0,0,0,,1609,1,2,0,0,0,0,0,3,4,0,2,7,,N,,,,,,,,,,,
2007067271,1655.0,3,0,0,0,0,0,0,0,0,1,0,,67,4,2007,2,40.0075,-75.1515,1648.0,6,0,0,0,0,0,0,0,0,,0,0,0,16,1,0,0,,0,40 00:27.000,,0,75 09:05.407,0,0,0,0,67301,0,0,0,N,0,0,0,5,67301,0,,1,1,,N,N,,0,,0,0,0,3,2,,1645,0,3,0,0,0,0,0,3,4,0,3,3,,N,,,,,,,,,,,
2007067286,1012.0,2,0,0,0,0,0,0,0,0,4,0,,67,5,2007,5,39.9407,-75.1435,1006.0,6,0,1,0,0,0,0,0,0,1.0,0,0,0,10,1,1,10,,1,39 56:30.840,2.0,0,75 08:35.880,8,0,0,0,67301,0,0,0,N,0,0,0,3,67301,0,,1,1,,N,N,,0,,0,0,0,0,0,Y,1005,1,2,0,0,0,1,0,3,4,0,2,3,,N,,,,,,,,,,,
2007067360,116.0,1,0,0,0,0,0,0,0,0,4,0,,67,4,2007,6,39.9942,-75.1078,114.0,6,0,0,0,0,1,0,0,0,2.0,0,0,0,1,3,1,1,,2,39 59:39.000,7.0,0,75 06:28.154,4,0,0,0,67301,0,0,0,N,0,0,0,2,67301,1,,1,1,,N,N,,1,,0,0,1,3,2,Y,113,1,3,0,0,0,0,0,3,4,0,3,3,,N,,,,,,,,,,,
2007067199,1615.0,1,0,0,0,0,0,0,0,0,4,0,,67,4,2007,7,39.9507,-75.2472,1611.0,6,0,0,0,0,0,1,0,0,,0,0,0,15,1,2,1,,0,39 57:02.400,,0,75 14:49.900,8,0,0,0,67301,0,0,0,,0,0,0,3,67301,0,,1,1,,,,,0,,0,0,1,9,3,,1527,2,2,0,0,0,2,1,3,4,0,2,3,,N,,,,,,,,,,,
2007067222,2249.0,0,0,0,0,0,0,0,0,0,4,0,,67,5,2007,5,40.0215,-75.1398,2238.0,6,0,0,0,0,0,0,0,0,2.0,0,0,0,22,3,4,1,,1,40 01:17.000,2.0,0,75 08:23.327,3,0,0,0,67301,0,0,0,N,0,0,0,5,67301,0,,1,1,,N,N,,0,,1,0,2,3,2,N,2234,4,2,0,0,0,3,0,3,4,0,2,3,,N,,,,,,,,,,,
2007067096,1850.0,4,0,0,0,0,0,0,0,0,1,0,,67,5,2007,3,40.0595,-75.052,1843.0,6,0,0,0,1,0,1,0,0,,0,0,0,18,1,1,1,,0,40 03:34.000,,0,75 03:07.166,4,0,0,0,67301,0,0,0,N,0,0,0,4,67301,1,,1,1,,N,N,,0,,0,0,0,3,2,,1840,1,4,0,0,0,0,0,3,4,0,4,3,,N,,,,,,,,,,,
2007067150,431.0,6,0,0,0,0,0,0,0,0,5,0,,67,5,2007,1,39.9868,-75.1255,426.0,6,0,0,0,0,0,0,0,0,2.0,0,0,0,4,3,0,0,,2,39 59:12.500,1.0,0,75 07:31.800,9,0,0,0,67301,0,0,0,N,0,0,0,2,67301,0,,6,1,,N,N,,1,,0,0,2,0,0,Y,420,0,9,0,0,0,0,1,3,4,0,9,3,,N,,,,,,,,,,,
2007099151,1645.0,2,0,0,0,0,0,0,0,0,6,0,,67,7,2007,2,39.9637,-75.171,1640.0,6,0,0,0,0,0,0,0,0,,0,0,0,16,1,1,1,,0,39 57:49.000,,0,75 10:15.480,3,0,0,0,67301,0,0,0,,0,0,0,2,67301,0,,1,1,,,,,0,,1,0,0,3,2,,1635,1,2,0,0,0,0,0,3,4,0,2,3,,N,,,,,,,,,,,
2007099170,1902.0,1,0,0,0,0,0,0,0,0,4,0,,67,8,2007,7,39.994,-75.1302,1859.0,6,0,0,0,0,0,0,0,0,,0,0,0,18,1,0,0,,0,39 59:38.500,,0,75 07:48.799,0,0,0,0,67301,0,0,0,N,0,0,0,4,67301,0,,1,1,,N,N,,0,,0,0,1,0,0,,1859,0,2,0,0,0,0,0,3,4,0,2,3,,N,,,,,,,,,,,
2007120853,1620.0,0,0,0,1,0,0,0,0,0,4,0,,67,9,2007,6,39.9379,-75.1668,1620.0,6,0,0,0,0,0,0,0,0,,0,0,0,16,1,1,5,,0,39 56:16.000,,0,75 10:00.537,3,0,0,0,67301,1,0,0,N,0,0,0,4,67301,0,,1,1,,N,N,,0,,1,0,1,3,2,,1619,1,2,0,0,0,0,0,3,4,0,1,3,,N,,,,,,,,,,,
2007120915,9999.0,1,0,0,0,0,0,0,0,0,5,0,,67,7,2007,2,39.9786,-75.2136,,6,0,0,0,0,0,0,0,0,,0,0,0,19,4,1,1,,0,39 58:42.000,,0,75 12:49.015,3,0,0,0,67301,0,0,0,N,0,0,0,2,67301,0,,1,98,,N,N,,0,,1,0,0,3,2,,1930,1,2,0,0,0,0,1,3,4,0,2,99,,N,,,,,,,,,,,
2007099613,1440.0,1,0,0,1,0,0,0,0,0,5,0,,67,8,2007,4,39.9533,-75.1838,1435.0,6,0,0,0,0,0,0,0,0,,0,0,0,14,1,1,1,,0,39 57:12.000,,0,75 11:01.526,4,0,0,0,67301,1,0,0,,0,0,0,2,67301,1,,1,9,,N,N,,0,,0,0,0,9,2,,1430,1,2,0,0,0,0,0,3,4,0,1,98,,N,,,,,,,,,,,
2007094957,1530.0,1,0,0,0,0,0,0,0,0,4,0,,67,8,2007,5,40.0344,-75.0748,1526.0,6,0,0,0,0,0,0,0,0,,0,0,0,15,1,1,1,,0,40 02:03.000,,0,75 04:29.625,8,0,0,0,67301,0,0,0,,0,0,0,2,67301,0,,1,1,,,,,0,,0,0,1,0,0,,1500,1,2,0,0,0,1,0,3,4,0,2,3,,N,,,,,,,,,,,
2007125753,9999.0,1,0,0,0,0,0,0,0,0,4,0,,67,11,2007,4,39.9279,-75.1875,9999.0,6,0,0,0,0,0,0,0,0,,0,0,0,99,1,1,1,,0,39 55:40.490,,0,75 11:14.888,8,0,0,0,67301,0,0,0,N,0,0,0,2,67301,0,,2,1,,N,N,,0,,0,0,0,3,2,,9999,1,2,0,0,0,1,0,3,4,1,2,3,,N,,,,,,,,,,,
2007095058,1045.0,1,0,0,0,0,0,0,0,0,8,0,,67,7,2007,7,39.9729,-75.2222,1042.0,6,0,0,0,0,0,0,0,0,,0,0,0,10,1,1,2,,0,39 58:22.533,,0,75 13:19.937,8,0,0,0,67301,1,0,0,N,1,0,0,2,67301,0,,1,1,,N,N,,0,,0,0,0,0,0,,1035,1,2,0,0,0,1,0,3,4,0,1,3,,N,,,,,,,,,,,
2007092604,1910.0,0,0,0,1,0,0,0,0,0,4,0,,67,6,2007,6,40.0439,-75.0692,1907.0,6,0,0,0,0,0,0,0,0,,0,0,0,19,1,1,1,,0,40 02:38.065,,0,75 04:08.981,4,0,0,0,67301,1,0,0,N,0,0,0,2,67301,1,,1,1,,N,N,,0,,0,0,0,0,0,,1907,1,2,0,0,1,0,0,3,4,1,1,3,,N,,,,,,,,,,,
2007092606,1205.0,1,0,0,1,0,0,0,0,0,4,0,,67,7,2007,6,40.0497,-75.0786,1200.0,6,0,0,0,0,0,1,0,0,,0,0,0,12,1,1,1,,0,40 02:58.765,,0,75 04:42.916,8,0,0,0,67301,1,0,0,N,0,0,0,2,67301,0,,1,1,,N,N,,0,,0,0,0,3,2,,1200,1,2,0,0,0,1,0,3,4,0,1,3,,N,,,,,,,,,,,
2007090156,1527.0,1,0,0,0,0,0,0,0,0,1,1,,67,8,2007,2,39.9067,-75.1383,1523.0,6,0,0,0,0,0,1,0,0,,0,1,0,15,1,2,0,,0,39 54:24.030,,0,75 08:17.910,3,0,0,0,67301,0,0,0,N,0,0,0,4,67501,1,,1,1,,N,N,,1,,1,0,0,3,8,,1523,2,3,0,0,0,0,0,3,4,0,3,3,,N,,,,,,,,,,,
2007120679,1230.0,2,0,0,0,0,0,0,0,0,5,0,,67,9,2007,3,39.9944,-75.187,1225.0,6,0,0,0,0,0,2,0,0,,0,0,0,12,1,1,1,,0,39 59:39.000,,0,75 11:13.292,4,0,0,0,67301,0,0,0,N,0,0,0,2,67301,1,,1,1,,N,N,,0,,0,0,0,3,3,,1215,1,2,0,0,0,0,0,3,4,0,2,3,,N,,,,,,,,,,,
2007080397,1827.0,2,0,0,0,0,0,0,0,0,1,0,,67,6,2007,1,39.9982,-75.1389,1823.0,6,0,0,0,0,0,0,0,0,,0,0,0,18,1,3,1,,0,39 59:53.415,,0,75 08:19.870,4,0,0,0,67301,0,0,0,N,0,0,0,5,67301,3,,1,9,,N,N,,0,,0,0,0,3,2,,1810,3,2,0,0,0,0,1,3,4,0,2,7,,N,,,,,,,,,,,
2007082860,1133.0,1,0,0,0,0,0,1,0,0,1,1,,67,6,2007,6,39.9398,-75.1981,1129.0,6,0,0,0,0,0,0,0,0,,0,0,0,11,1,1,0,,0,39 56:23.280,,0,75 11:53.520,4,0,0,0,67301,0,0,0,N,0,0,0,3,67301,1,,1,1,,N,N,,0,,0,0,0,0,0,,1109,1,2,0,0,0,0,0,3,4,0,2,3,,N,,,,,,,,,,,
2007081754,602.0,1,0,0,0,0,0,0,0,0,4,0,,67,5,2007,7,39.992,-75.1402,602.0,6,0,0,0,0,0,0,0,0,,0,0,0,6,1,1,1,,0,39 59:31.000,,0,75 08:24.666,3,0,0,0,67301,0,0,0,N,0,0,0,2,67301,0,,1,1,,N,N,,0,,1,0,1,3,2,,602,1,2,0,0,0,0,0,3,4,0,2,3,,N,,,,,,,,,,,
2007126115,2313.0,2,0,0,0,0,0,0,0,0,4,0,,67,10,2007,4,40.017,-75.2114,2310.0,6,0,0,0,0,0,0,0,0,2.0,0,0,0,23,3,0,0,,2,40 01:01.000,5.0,0,75 12:40.972,0,0,0,0,67301,0,0,0,N,0,0,0,3,67301,0,,1,9,,N,N,,0,,0,0,0,0,0,Y,2308,0,2,0,0,0,0,0,3,4,0,2,7,,N,,,,,,,,,,,
2007126142,816.0,2,0,0,0,0,0,0,0,0,4,0,,67,11,2007,7,39.9817,-75.1809,808.0,6,0,0,0,0,0,0,0,0,,0,0,0,8,1,0,1,,0,39 58:54.004,,0,75 10:51.117,0,0,0,0,67301,0,0,0,,0,0,0,2,67301,0,,1,9,,,,,0,,0,0,0,3,3,,800,0,2,0,0,0,0,0,3,4,0,2,7,,N,,,,,,,,,,,
2007126528,1844.0,1,0,0,0,0,0,0,0,0,0,0,,67,10,2007,2,39.9793,-75.1087,1839.0,6,0,0,0,0,0,0,0,0,2.0,0,0,0,18,3,3,0,,2,39 58:46.000,2.0,0,75 06:27.602,4,0,0,0,67301,0,0,0,N,0,0,0,3,67301,3,,1,1,,N,N,,0,,0,0,0,0,0,N,1837,3,1,0,0,3,0,0,3,4,0,1,3,,N,,,,,,,,,,,
2007105294,9999.0,3,0,0,0,0,0,0,0,0,4,0,,67,9,2007,5,39.9587,-75.1621,9999.0,6,0,0,0,0,0,0,0,0,,0,0,0,99,3,0,2,,0,39 57:31.000,,0,75 09:43.713,0,0,0,0,67301,0,0,0,,0,0,0,2,67301,0,,1,1,,,,,0,,0,0,0,0,0,,9999,0,3,0,0,0,0,0,3,4,0,3,3,,N,,,,,,,,,,,
2007097895,9999.0,0,0,0,1,0,0,0,0,0,5,0,,67,7,2007,5,39.9372,-75.1465,1058.0,6,0,0,0,0,0,1,0,0,,0,0,0,99,1,1,0,,0,39 56:13.977,,0,75 08:47.572,4,0,0,0,67301,1,0,0,,0,0,0,2,67301,1,,1,1,,N,N,,1,,0,0,0,0,0,,9999,1,2,0,0,0,0,0,3,4,0,1,3,,N,,,,,,,,,,,
2007095349,1225.0,1,0,0,0,0,0,0,0,0,1,0,,67,8,2007,1,39.9129,-75.1825,1219.0,6,0,0,0,0,0,0,0,0,,0,0,0,99,1,0,1,,0,39 54:46.000,,0,75 10:56.720,9,0,0,0,67301,0,0,0,N,0,0,0,4,67301,0,,1,1,,N,N,,0,,0,0,1,3,2,,9999,0,2,0,0,0,0,2,3,4,0,2,3,,N,,,,,,,,,,,
2007097969,130.0,1,0,0,0,0,0,0,0,0,7,0,,67,7,2007,3,40.0392,-75.11,125.0,6,0,0,0,0,0,0,0,0,1.0,0,0,0,1,3,1,1,,1,40 02:20.000,1.0,0,75 06:36.006,8,0,0,0,67301,0,0,0,N,0,0,0,1,67301,0,,2,1,,N,N,,0,,0,0,0,3,2,N,125,1,1,0,0,0,1,0,3,4,0,1,3,,N,,,,,,,,,,,
2007098140,1748.0,1,0,0,0,0,0,0,0,0,8,0,,67,7,2007,7,39.9245,-75.2241,1746.0,6,0,0,0,0,0,0,0,0,9.0,0,0,0,17,1,1,0,,2,39 55:28.121,3.0,0,75 13:26.717,2,0,0,0,67301,1,0,1,N,1,0,1,2,67301,0,,1,1,,N,N,,0,,0,1,0,3,2,Y,1746,1,2,0,0,0,0,0,3,4,0,1,3,,N,,,,,,,,,,,
2007098143,1555.0,1,0,0,0,0,0,0,0,0,4,0,,67,7,2007,5,39.921,-75.1433,1550.0,6,0,0,0,0,0,0,0,1,,0,0,0,15,1,1,2,,0,39 55:15.000,,7,75 08:35.912,4,0,0,0,67301,0,0,0,,0,0,0,2,67301,1,,1,1,,,,,0,,0,0,1,9,3,,1545,1,2,0,0,0,0,0,3,4,0,2,3,,N,,,,,,,,,,,
2007093138,400.0,4,0,0,0,0,0,0,0,0,5,0,,67,7,2007,1,40.0507,-75.1485,355.0,6,0,0,0,0,0,0,0,0,,0,0,0,3,3,1,0,,0,40 03:02.000,,0,75 08:54.864,8,0,0,0,67301,0,0,0,N,0,0,0,2,67301,0,,1,1,,N,N,,0,,0,0,0,0,0,,350,1,4,0,0,0,1,1,3,4,0,4,3,,N,,,,,,,,,,,
2007093146,1916.0,2,0,0,0,0,0,0,0,0,4,0,,67,6,2007,6,39.9569,-75.1587,1916.0,6,0,0,0,0,0,0,0,0,,0,0,0,18,1,1,2,,0,39 57:25.000,,0,75 09:31.332,4,0,0,0,67301,0,0,0,,0,0,0,2,67301,1,,1,1,,,,,0,,0,0,0,0,0,,1855,1,2,0,0,0,0,0,3,4,0,2,3,,N,,,,,,,,,,,
2007093181,1855.0,0,0,0,1,1,0,1,0,0,4,1,,67,7,2007,2,39.9613,-75.1369,1850.0,6,0,0,0,0,0,0,0,0,,1,0,0,18,1,0,0,,0,39 57:40.000,,7,75 08:12.811,1,0,0,0,67301,1,1,0,N,0,0,0,2,67301,0,2.0,1,1,,N,N,,0,0.0,0,0,0,0,0,,1845,0,2,0,0,0,0,0,3,4,0,1,3,,N,,,,,,,,,,,
2007093189,9999.0,2,0,0,0,0,0,0,0,0,4,0,,67,7,2007,5,40.0101,-75.1214,9999.0,6,0,0,0,0,0,1,0,0,2.0,0,0,0,99,3,1,1,,1,40 00:36.435,4.0,0,75 07:17.178,8,0,0,0,67301,0,0,0,,0,0,0,2,67301,0,,1,1,,,,,0,,0,0,0,3,2,Y,9999,1,2,0,0,0,1,0,3,4,0,2,3,,N,,,,,,,,,,,