CRN,ARRIVAL_TM,AUTOMOBILE_COUNT,BELTED_DEATH_COUNT,BELTED_SUSP_SERIOUS_INJ_COUNT,BICYCLE_COUNT,BICYCLE_DEATH_COUNT,BICYCLE_SUSP_SERIOUS_INJ_COUNT,BUS_COUNT,CHLDPAS_DEATH_COUNT,CHLDPAS_SUSP_SERIOUS_INJ_COUNT,COLLISION_TYPE,COMM_VEH_COUNT,CONS_ZONE_SPD_LIM,COUNTY,CRASH_MONTH,CRASH_YEAR,DAY_OF_WEEK,DEC_LAT,DEC_LONG,DISPATCH_TM,DISTRICT,DRIVER_COUNT_16YR,DRIVER_COUNT_17YR,DRIVER_COUNT_18YR,DRIVER_COUNT_19YR,DRIVER_COUNT_20YR,DRIVER_COUNT_50_64YR,DRIVER_COUNT_65_74YR,DRIVER_COUNT_75PLUS,EST_HRS_CLOSED,FATAL_COUNT,HEAVY_TRUCK_COUNT,HORSE_BUGGY_COUNT,HOUR_OF_DAY,ILLUMINATION,INJURY_COUNT,INTERSECT_TYPE,INTERSECTION_RELATED,LANE_CLOSED,LATITUDE,LN_CLOSE_DIR,LOCATION_TYPE,LONGITUDE,MAX_SEVERITY_LEVEL,MCYCLE_DEATH_COUNT,MCYCLE_SUSP_SERIOUS_INJ_COUNT,MOTORCYCLE_COUNT,MUNICIPALITY,NONMOTR_COUNT,NONMOTR_DEATH_COUNT,NONMOTR_SUSP_SERIOUS_INJ_COUNT,NTFY_HIWY_MAINT,PED_COUNT,PED_DEATH_COUNT,PED_SUSP_SERIOUS_INJ_COUNT,PERSON_COUNT,POLICE_AGCY,POSSIBLE_INJ_COUNT,RDWY_SURF_TYPE_CD,RELATION_TO_ROAD,ROAD_CONDITION,ROADWAY_CLEARED,SCH_BUS_IND,SCH_ZONE_IND,SECONDARY_CRASH,SMALL_TRUCK_COUNT,SPEC_JURIS_CD,SUSP_MINOR_INJ_COUNT,SUSP_SERIOUS_INJ_COUNT,SUV_COUNT,TCD_FUNC_CD,TCD_TYPE,TFC_DETOUR_IND,TIME_OF_DAY,TOT_INJ_COUNT,TOTAL_UNITS,UNB_DEATH_COUNT,UNB_SUSP_SERIOUS_INJ_COUNT,UNBELTED_OCC_COUNT,UNK_INJ_DEG_COUNT,UNK_INJ_PER_COUNT,URBAN_AREA,URBAN_RURAL,VAN_COUNT,VEHICLE_COUNT,WEATHER1,WEATHER2,WORK_ZONE_IND,WORK_ZONE_LOC,WORK_ZONE_TYPE,WORKERS_PRES,WZ_CLOSE_DETOUR,WZ_FLAGGER,WZ_LAW_OFFCR_IND,WZ_LN_CLOSURE,WZ_MOVING,WZ_OTHER,WZ_SHLDER_MDN,WZ_WORKERS_INJ_KILLED
2007096082,1731.0,1,0,0,0,0,0,0,0,0,7,0,,67,8,2007,3,39.9785,-75.2025,1724.0,6,0,0,0,0,0,1,0,0,,0,0,0,17,1,0,0,,0,39 58:45.000,,0,75 12:13.386,0,0,0,0,67301,0,0,0,N,0,0,0,1,68K01,0,,4,1,,N,N,,0,,0,0,0,0,0,,1724,0,1,0,0,0,0,0,3,4,0,1,3,,N,,,,,,,,,,,
2007090900,9999.0,2,0,0,0,0,0,0,0,0,7,1,,67,7,2007,2,,,,6,0,0,0,0,0,0,1,1,1.0,0,1,0,99,1,1,0,,1,,1.0,3,,4,0,0,0,67301,0,0,0,N,0,0,0,4,67501,1,,5,1,,N,N,,0,,0,0,0,0,0,N,9999,1,3,0,0,0,0,0,3,3,0,3,3,,N,,,,,,,,,,,
2007090901,1750.0,0,0,0,0,0,0,0,0,0,1,1,,67,7,2007,5,39.9856,-75.068,1747.0,6,0,0,0,0,0,0,0,0,2.0,0,1,0,17,1,4,0,,1,39 59:08.184,4.0,3,75 04:04.928,3,0,0,0,67301,0,0,0,N,0,0,0,4,67501,0,,1,1,,N,N,,0,,3,0,1,3,8,N,1746,4,2,0,0,0,1,0,3,4,0,2,3,,N,,,,,,,,,,,
2007022288,5.0,3,0,0,0,0,0,0,0,0,4,0,,67,1,2007,5,40.0255,-75.1753,5.0,6,0,0,0,1,0,0,0,0,,0,0,0,0,3,2,0,,0,40 01:31.792,,0,75 10:31.144,8,0,0,0,67301,0,0,0,,0,0,0,2,67301,0,,1,1,,N,N,,0,,0,0,0,9,3,,5,2,3,0,0,1,2,0,3,4,0,3,3,,N,,,,,,,,,,,
2007027555,2356.0,2,0,0,0,0,0,0,0,0,4,0,,67,1,2007,7,39.9336,-75.1928,2350.0,6,0,0,0,0,0,0,0,0,,0,0,0,23,3,1,1,,0,39 56:01.078,,0,75 11:34.209,4,0,0,0,67301,0,0,0,N,0,0,0,6,67301,1,,1,9,,N,N,,0,,0,0,0,3,3,,2345,1,2,0,0,0,0,0,3,4,0,2,7,,N,,,,,,,,,,,
2007030106,1215.0,1,0,0,0,0,0,0,0,0,7,0,,67,1,2007,5,39.9683,-75.1961,1215.0,6,0,0,0,0,0,1,0,0,,0,0,0,12,1,1,0,,0,39 58:05.727,,0,75 11:46.007,4,0,0,0,67301,0,0,0,N,0,0,0,2,67301,1,,5,1,,N,N,,0,,0,0,0,0,0,,1210,1,1,0,0,0,0,0,3,4,0,1,3,,N,,,,,,,,,,,
2007022489,1802.0,2,0,0,0,0,0,0,0,0,1,0,,67,1,2007,3,40.0078,-75.0855,1757.0,6,0,0,0,0,0,1,0,0,1.0,0,0,0,17,3,1,2,,1,40 00:27.000,2.0,0,75 05:08.954,8,0,0,0,67301,0,0,0,,0,0,0,2,67301,0,,1,1,,,,,0,,0,0,1,0,0,N,1747,1,3,0,0,0,1,0,3,4,0,3,3,,N,,,,,,,,,,,
2007027502,1930.0,0,0,0,0,0,0,0,0,0,5,0,,67,1,2007,5,39.9761,-75.2244,1930.0,6,0,0,0,0,0,1,0,0,,0,0,0,19,3,2,1,,0,39 58:34.000,,0,75 13:27.977,4,0,0,0,67301,0,0,0,N,0,0,0,4,67301,2,,1,98,,N,N,,1,,0,0,1,0,0,,1925,2,2,0,0,0,0,1,3,4,0,2,99,,N,,,,,,,,,,,
2007027595,116.0,2,0,0,0,0,0,0,0,0,1,0,,67,1,2007,5,39.9456,-75.1651,115.0,6,0,0,0,0,0,0,0,0,,0,0,0,1,3,2,1,,0,39 56:44.000,,0,75 09:54.498,4,0,0,0,67301,0,0,0,,0,0,0,2,67301,2,,1,1,,,,,0,,0,0,0,3,2,,110,2,2,0,0,0,0,0,3,4,0,2,3,,N,,,,,,,,,,,
2007027610,1948.0,1,0,0,0,0,0,0,0,0,4,1,,67,1,2007,4,40.0829,-75.0007,1943.0,6,0,0,0,0,0,1,0,0,,0,1,0,19,3,0,0,,0,40 04:58.544,,0,75 00:02.484,0,0,0,0,67301,0,0,0,,0,0,0,1,67301,0,,2,1,,Y,,,0,,0,0,0,0,0,,1940,0,2,0,0,1,0,0,3,4,0,2,3,,N,,,,,,,,,,,
2007027621,55.0,0,0,0,0,0,0,0,0,0,7,0,,67,1,2007,6,39.9989,-75.1568,49.0,6,0,0,0,0,0,0,0,0,,0,0,0,0,3,1,1,,0,39 59:56.173,,0,75 09:24.508,8,0,0,0,67301,0,0,0,N,0,0,0,1,67301,0,,4,98,,N,N,,0,,0,0,0,9,3,,39,1,1,0,0,1,1,0,3,4,1,1,10,,N,,,,,,,,,,,
2007022770,1250.0,1,0,0,0,0,0,0,0,0,7,0,,67,1,2007,6,40.0266,-75.068,1250.0,6,0,0,0,0,0,0,0,0,,0,0,0,12,1,1,2,,0,40 01:35.000,,0,75 04:04.855,4,0,0,0,67301,0,0,0,N,0,0,0,2,67301,1,,4,9,,N,N,,0,,0,0,0,0,0,,1245,1,1,0,0,0,0,0,3,4,0,1,7,,N,,,,,,,,,,,
2007022813,1353.0,1,0,0,0,0,0,0,0,0,5,0,,67,1,2007,2,39.9724,-75.2174,1324.0,6,0,0,0,0,0,0,0,1,,0,0,0,13,1,1,2,,0,39 58:20.000,,0,75 13:02.761,8,0,0,0,67301,0,0,0,N,0,0,0,12,67301,0,,1,9,,N,N,,0,,0,0,0,3,2,,1322,1,2,0,0,0,1,10,3,4,0,2,7,,N,,,,,,,,,,,
2007096746,2230.0,1,0,0,0,0,0,0,0,0,4,0,,67,8,2007,7,39.9926,-75.1682,2230.0,6,0,0,0,0,0,0,0,0,,0,0,0,22,3,2,1,,0,39 59:33.432,,0,75 10:05.681,4,0,0,0,67301,0,0,0,N,0,0,0,3,67301,1,,1,1,,N,N,,1,,0,0,0,3,2,,2220,2,2,0,0,0,1,0,3,4,0,2,3,,N,,,,,,,,,,,
2007066317,1252.0,3,0,0,0,0,0,0,0,0,6,0,,67,5,2007,4,40.0233,-75.209,1252.0,6,0,0,0,0,0,1,0,0,,0,0,0,12,1,0,0,,0,40 01:23.962,,0,75 12:32.421,0,0,0,0,67301,0,0,0,,0,0,0,2,67301,0,,1,1,,N,N,,0,,0,0,0,0,0,,1252,0,3,0,0,0,0,0,3,4,0,3,3,,N,,,,,,,,,,,
2007051176,1248.0,2,0,0,0,0,0,0,0,0,4,0,,67,3,2007,3,40.0129,-75.1194,1246.0,6,0,0,0,0,0,0,0,0,1.0,0,0,0,12,1,1,0,,2,40 00:46.000,2.0,0,75 07:09.981,4,0,0,0,67301,0,0,0,N,0,0,0,2,67301,1,,1,1,,N,N,,0,,0,0,0,3,2,N,1240,1,2,0,0,1,0,0,3,4,0,2,3,,N,,,,,,,,,,,
2007056372,1017.0,0,0,0,0,0,0,0,0,0,7,0,,67,4,2007,1,40.0219,-75.0395,1012.0,6,0,0,0,0,0,1,0,0,1.0,0,0,0,10,1,1,0,,2,40 01:18.000,2.0,0,75 02:22.458,4,0,0,0,67301,0,0,0,N,0,0,0,1,67301,1,,2,9,,N,N,,0,,0,0,1,0,0,Y,1012,1,1,0,0,0,0,0,3,4,0,1,7,,N,,,,,,,,,,,
2007056449,2130.0,1,0,0,0,0,0,0,0,0,1,0,,67,4,2007,2,39.9196,-75.2402,2123.0,6,0,0,0,0,0,0,0,0,,0,0,0,99,1,3,2,,0,39 55:10.650,,0,75 14:24.889,8,0,0,0,67301,0,0,0,N,0,0,0,4,67301,0,,1,9,,N,N,,0,,0,0,0,0,0,,9999,3,2,0,0,0,3,0,3,4,1,2,7,,N,,,,,,,,,,,
2007057429,2355.0,1,0,0,0,0,0,0,0,0,4,0,,67,3,2007,5,40.0272,-75.0329,2346.0,6,0,0,0,0,0,1,0,0,,0,0,0,22,2,0,1,,0,40 01:41.000,,0,75 02:20.031,9,0,0,0,67301,0,0,0,N,0,0,0,3,67301,0,,1,1,,N,N,,0,,0,0,1,3,2,,2218,0,2,0,0,0,0,2,3,4,0,2,3,,N,,,,,,,,,,,
2007098989,1645.0,1,0,0,0,0,0,0,0,0,1,0,,67,8,2007,6,39.9304,-75.2276,1640.0,6,0,0,0,0,0,0,0,0,,0,0,0,16,1,3,2,,0,39 55:49.339,,0,75 13:39.363,4,0,0,0,67301,0,0,0,N,0,0,0,5,67301,3,,1,1,,N,N,,0,,0,0,1,3,2,,1630,3,2,0,0,3,0,2,3,4,0,2,3,,N,,,,,,,,,,,
2007067349,923.0,1,0,0,0,0,0,0,0,0,1,0,,67,5,2007,6,39.9596,-75.1925,919.0,6,0,0,0,0,0,1,0,0,,0,0,0,9,1,1,0,,0,39 57:34.507,,0,75 11:33.073,8,0,0,0,67301,0,0,0,N,0,0,0,3,67301,0,,1,1,,N,N,,0,,0,0,1,3,2,,905,1,2,0,0,0,1,1,3,4,0,2,3,,N,,,,,,,,,,,
2007067280,1427.0,1,0,0,0,0,0,0,0,0,7,0,,67,4,2007,2,40.0073,-75.1927,1417.0,6,0,0,0,0,0,0,0,0,,0,0,0,14,1,1,0,,0,40 00:28.000,,0,75 11:30.311,4,0,0,0,67301,0,0,0,,0,0,0,1,67301,1,,2,1,,,,,0,,0,0,0,0,0,,1417,1,1,0,0,0,0,0,3,4,0,1,3,,N,,,,,,,,,,,
2007067290,431.0,2,0,0,0,0,0,0,0,0,4,0,,67,5,2007,7,40.0264,-75.1172,426.0,6,0,0,1,0,0,0,0,0,1.0,0,0,0,4,3,0,1,,1,40 01:35.040,3.0,0,75 07:01.920,0,0,0,0,67301,0,0,0,N,0,0,0,2,67301,0,,1,1,,N,N,,0,,0,0,0,3,2,N,422,0,2,0,0,0,0,0,3,4,0,2,3,,N,,,,,,,,,,,
2007067304,25.0,1,0,0,0,0,0,0,0,0,1,0,,67,5,2007,1,39.8774,-75.2136,18.0,6,0,0,0,0,0,0,0,0,,0,0,0,23,3,1,0,,0,39 52:38.800,,0,75 12:49.000,4,0,0,1,67301,0,0,0,N,0,0,0,4,67301,1,,1,1,,N,N,,0,,0,0,0,0,0,,2316,1,2,0,0,0,0,0,3,4,0,2,3,,N,,,,,,,,,,,
2007067311,232.0,1,0,0,0,0,0,0,0,0,1,0,,67,5,2007,7,39.9528,-75.1499,230.0,6,0,0,0,0,0,0,0,0,,0,0,0,2,3,0,1,,0,39 57:09.000,,0,75 08:59.709,9,0,0,0,67301,0,0,0,N,0,0,0,7,67301,0,,1,1,,N,N,,1,,0,0,0,3,2,,225,0,2,0,0,0,0,1,3,4,0,2,3,,N,,,,,,,,,,,
2007067359,615.0,1,0,0,0,0,0,0,0,0,4,0,,67,5,2007,5,40.0124,-75.0691,615.0,6,0,0,0,0,1,0,0,0,,0,0,0,6,1,0,1,,0,40 00:44.640,,0,75 04:08.760,0,0,0,0,67301,0,0,0,N,0,0,0,3,67301,0,,1,9,,N,N,,0,,0,0,0,3,2,,603,0,2,0,0,0,0,0,3,4,1,2,3,,N,,,,,,,,,,,
2007067197,9999.0,1,0,0,0,0,0,0,0,0,8,0,,67,5,2007,1,40.0002,-75.155,,6,0,0,0,0,0,0,0,0,,0,0,0,19,1,2,0,,0,40 00:00.824,,0,75 09:17.942,4,0,0,0,67301,2,0,0,,2,0,0,3,67301,2,,1,1,,,,,0,,0,0,0,0,0,,1930,2,3,0,0,0,0,0,3,4,0,1,3,,N,,,,,,,,,,,
2007099104,242.0,2,0,0,0,0,0,0,0,0,2,0,,67,8,2007,6,39.9177,-75.2466,237.0,6,0,0,0,0,0,0,0,0,,0,0,0,2,6,2,0,,0,39 55:03.000,,0,75 14:47.859,4,0,0,0,67301,0,0,0,N,0,0,0,2,67301,2,,1,9,,N,N,,0,,0,0,0,0,0,,232,2,2,0,0,0,0,0,3,4,0,2,7,,N,,,,,,,,,,,
2007057367,2350.0,2,0,0,0,0,0,0,0,0,4,0,,67,4,2007,2,40.0626,-75.1708,2345.0,6,0,0,0,1,0,0,0,0,,0,0,0,23,2,1,1,,0,40 03:45.360,,0,75 10:14.880,3,0,0,0,67301,0,0,0,N,0,0,0,3,67301,0,,1,9,,N,N,,0,,1,0,0,1,2,,2324,1,2,0,0,0,0,0,3,4,0,2,7,,N,,,,,,,,,,,
2007126527,715.0,2,0,0,0,0,0,0,0,0,1,0,,67,10,2007,3,40.0225,-75.1372,712.0,6,0,0,0,0,0,2,0,0,1.0,0,0,0,7,1,1,0,,1,40 01:20.000,1.0,0,75 08:13.924,4,0,0,0,67301,0,0,0,,0,0,0,3,67301,1,,1,1,,N,N,,0,,0,0,1,3,2,N,712,1,3,0,0,0,0,0,3,4,0,3,3,,N,,,,,,,,,,,
2007126545,31.0,4,0,0,0,0,0,0,0,0,4,0,,67,10,2007,2,39.9665,-75.2264,24.0,6,0,0,0,0,0,0,0,0,,0,0,0,0,3,2,2,,0,39 57:59.544,,0,75 13:35.111,4,0,0,0,67301,0,0,0,,0,0,0,3,67301,2,,1,1,,,,,0,,0,0,0,3,3,,24,2,4,0,0,0,0,0,3,4,0,4,3,,N,,,,,,,,,,,
2007126549,1317.0,2,0,0,0,0,0,0,0,0,4,0,,67,10,2007,4,40.0207,-75.1486,1315.0,6,0,0,0,0,0,1,0,0,,0,0,0,13,1,1,2,,0,40 01:14.000,,0,75 08:55.162,8,0,0,0,67301,0,0,0,N,0,0,0,4,67301,0,,1,1,,N,N,,0,,0,0,0,0,0,,1314,1,2,0,0,0,1,0,3,4,0,2,3,,N,,,,,,,,,,,
2007107773,2230.0,1,0,0,0,0,0,0,0,0,4,0,,67,9,2007,7,39.9546,-75.173,2217.0,6,0,0,0,1,0,0,0,0,1.0,0,0,0,99,3,4,1,,1,39 57:16.000,4.0,0,75 10:22.785,4,0,0,0,67301,0,0,0,N,0,0,0,5,67301,4,,1,1,,N,N,,0,,0,0,1,3,2,Y,9999,4,2,0,0,0,0,0,3,4,0,2,3,,N,,,,,,,,,,,
2007097872,1300.0,1,0,0,0,0,0,0,0,0,4,0,,67,7,2007,5,40.0306,-75.0548,1250.0,6,0,0,0,0,0,0,2,0,,0,0,0,12,1,1,1,,0,40 01:50.000,,0,75 03:17.182,8,0,0,0,67301,0,0,0,,0,0,0,2,67301,0,,1,1,,N,N,,0,,0,0,0,3,2,,1250,1,2,0,0,0,1,0,3,4,1,2,3,,N,,,,,,,,,,,
2007098507,2223.0,1,0,0,0,0,0,0,0,0,5,1,,67,7,2007,4,39.9689,-75.1984,2220.0,6,0,0,0,0,0,1,0,0,2.0,0,1,0,22,3,3,2,,2,39 58:08.011,1.0,0,75 11:54.319,8,0,0,0,67301,0,0,0,N,0,0,0,4,67301,0,,1,1,,N,N,,0,,0,0,0,0,0,Y,2215,3,2,0,0,0,3,0,3,4,0,2,3,,N,,,,,,,,,,,
2007093205,1504.0,0,0,0,0,0,0,0,0,0,7,0,,67,7,2007,6,39.9822,-75.2647,1500.0,6,0,0,0,0,0,0,0,0,,0,0,0,14,1,1,0,,0,39 58:55.000,,0,75 15:52.830,4,0,0,0,67301,0,0,0,,0,0,0,1,67301,1,,5,1,,,,,0,,0,0,1,0,0,,1455,1,1,0,0,0,0,0,3,4,0,1,3,,N,,,,,,,,,,,
2007093206,2135.0,1,0,0,0,0,0,0,0,0,8,0,,67,6,2007,5,39.9753,-75.2455,2130.0,6,0,0,0,0,0,0,0,0,,0,0,0,21,3,1,1,,0,39 58:31.000,,0,75 14:43.800,4,0,0,0,67301,1,0,0,N,1,0,0,5,67301,1,,1,9,,N,N,,0,,0,0,0,3,2,,2123,1,2,0,0,0,0,0,3,4,0,1,7,,N,,,,,,,,,,,
2007093228,52.0,2,0,0,0,0,0,0,0,0,6,0,,67,6,2007,7,40.0503,-75.1171,49.0,6,0,0,0,0,0,0,0,0,,0,0,0,0,3,1,1,,0,40 03:00.000,,0,75 07:01.348,4,0,0,0,67301,0,0,0,N,0,0,0,6,67301,1,,1,1,,N,N,,0,,0,0,0,3,2,,47,1,2,0,0,0,0,0,3,4,0,2,3,,N,,,,,,,,,,,
2007093250,1918.0,1,0,0,0,0,0,0,0,0,7,0,,67,8,2007,6,40.0182,-75.1896,1907.0,6,0,0,0,1,0,0,0,0,,1,0,0,19,1,0,0,,0,40 01:05.000,,0,75 11:22.674,1,0,0,0,67301,0,0,0,,0,0,0,1,67301,0,2.0,4,1,,,,,0,0.0,0,0,0,0,0,,1906,0,1,0,0,0,0,0,3,4,0,1,3,,N,,,,,,,,,,,
2007093546,1908.0,1,0,0,0,0,0,0,0,0,4,0,,67,6,2007,5,40.0354,-75.1786,1906.0,6,0,0,0,0,0,1,0,0,,1,0,0,19,1,0,0,,0,40 02:07.320,,7,75 10:42.843,1,1,0,1,67301,0,0,0,N,0,0,0,2,67301,0,2.0,1,1,,N,N,,0,0.0,0,0,0,0,0,,1906,0,2,0,0,0,0,0,3,4,0,2,3,,N,,,,,,,,,,,
2007022330,1210.0,1,0,0,0,0,0,0,0,0,4,0,,67,1,2007,2,39.9893,-75.0891,1200.0,6,0,0,0,0,0,1,0,0,,0,0,0,11,1,1,0,,0,39 59:21.000,,0,75 05:21.010,8,0,0,0,67301,0,0,0,N,0,0,0,1,67301,0,,6,9,,N,N,,0,,0,0,1,0,0,,1145,1,2,0,0,0,1,0,3,4,0,2,7,,N,,,,,,,,,,,
2007022381,1240.0,2,0,0,0,0,0,0,0,0,4,0,,67,1,2007,3,40.0383,-75.0754,1240.0,6,0,0,0,0,0,1,0,0,,0,0,0,12,1,2,1,,0,40 02:17.000,,0,75 04:31.313,3,0,0,0,67301,0,0,0,N,0,0,0,3,67301,1,,1,1,,N,N,,0,,1,0,0,3,2,,1235,2,2,0,0,0,0,0,3,4,0,2,3,,N,,,,,,,,,,,
2007027536,2120.0,1,0,0,1,0,0,0,0,0,4,0,,67,1,2007,3,40.0075,-75.198,2115.0,6,0,0,0,0,0,0,0,0,1.0,0,0,0,21,3,1,2,,1,40 00:26.833,2.0,0,75 11:52.680,4,0,0,0,67301,1,0,0,,0,0,0,2,67301,1,,1,9,,N,N,,0,,0,0,0,9,3,N,2114,1,2,0,0,0,0,0,3,4,0,1,10,,N,,,,,,,,,,,
2007022693,1329.0,2,0,0,0,0,0,0,0,0,2,0,,67,1,2007,2,39.9392,-75.1917,1328.0,6,0,0,0,0,0,2,0,0,,0,0,0,13,1,2,2,,0,39 56:21.084,,0,75 11:29.990,4,0,0,0,67301,0,0,0,N,0,0,0,4,67301,2,,1,9,,N,N,,0,,0,0,0,0,0,,1326,2,2,0,0,2,0,0,3,4,0,2,7,,N,,,,,,,,,,,
2007022834,1743.0,1,0,0,0,0,0,0,0,0,1,0,,67,1,2007,5,39.9619,-75.2163,1741.0,6,0,0,0,0,0,0,0,0,2.0,0,0,0,17,3,1,0,,2,39 57:42.825,5.0,0,75 12:58.837,8,0,0,0,67301,0,0,0,N,0,0,0,2,67301,0,,1,1,,N,N,,0,,0,0,1,0,0,Y,1715,1,2,0,0,1,1,0,3,4,0,2,3,,N,,,,,,,,,,,
2007096685,1725.0,1,0,0,0,0,0,0,0,0,6,0,,67,7,2007,2,39.9869,-75.1358,1720.0,6,0,0,0,0,0,1,0,0,,0,0,0,99,1,1,1,,0,39 59:12.710,,0,75 08:09.023,4,0,0,1,67301,0,0,0,N,0,0,0,2,67301,1,,1,1,,N,N,,0,,0,0,0,3,2,,9999,1,2,0,0,0,0,0,3,4,0,2,3,,N,,,,,,,,,,,
2007066260,1845.0,1,0,0,1,0,0,0,0,0,4,0,,67,4,2007,7,39.9798,-75.2511,1842.0,6,0,0,0,0,0,0,0,0,,0,0,0,18,1,1,0,,0,39 58:47.209,,7,75 15:04.016,8,0,0,0,67301,1,0,0,N,0,0,0,2,67301,0,,1,1,,N,N,,0,,0,0,0,0,0,,1842,1,2,0,0,0,1,0,3,4,0,1,3,,N,,,,,,,,,,,
2007051166,1400.0,2,0,0,0,0,0,0,0,0,5,0,,67,2,2007,3,40.0184,-75.0994,1342.0,6,0,0,0,0,1,0,0,0,,0,0,0,13,1,1,0,,0,40 01:06.258,,0,75 05:57.940,8,0,0,0,67301,0,0,0,,0,0,0,3,67301,0,,1,9,,,,,0,,0,0,1,0,0,,1328,1,3,0,0,0,1,0,3,4,0,3,10,,N,,,,,,,,,,,
2007056420,1225.0,0,0,0,0,0,0,0,0,0,8,0,,67,4,2007,6,39.9972,-75.1411,1221.0,6,0,0,0,0,0,0,0,0,,0,0,0,12,1,1,0,,0,39 59:49.902,,0,75 08:28.100,8,0,0,0,67301,1,0,0,N,1,0,0,3,67301,0,,1,1,,N,Y,,1,,0,0,0,0,0,,1212,1,2,0,0,2,1,0,3,4,0,1,3,,N,,,,,,,,,,,
2007056434,1230.0,1,0,0,0,0,0,0,0,0,8,0,,67,4,2007,6,39.9882,-75.1411,1216.0,6,0,0,0,0,0,0,0,0,,0,0,0,99,3,1,0,,0,39 59:17.569,,0,75 08:27.857,8,0,0,0,67301,1,0,0,N,1,0,0,2,67301,0,,1,1,,N,N,,0,,0,0,0,3,2,,9999,1,2,0,0,0,1,0,3,4,0,1,3,,N,,,,,,,,,,,
2007056366,1534.0,2,0,0,0,0,0,0,0,0,2,0,,67,4,2007,2,39.9272,-75.1718,1531.0,6,0,0,0,0,0,1,0,0,,0,0,0,15,1,2,2,,0,39 55:37.812,,0,75 10:18.645,8,0,0,0,67301,0,0,0,N,0,0,0,3,67301,0,,1,9,,N,N,,0,,0,0,0,3,3,,1510,2,2,0,0,0,2,0,3,4,0,2,7,,N,,,,,,,,,,,
2007096309,1659.0,2,0,0,0,0,0,0,0,0,1,0,,67,8,2007,5,39.9291,-75.1461,1652.0,6,0,0,0,0,0,0,0,0,,0,0,0,16,1,1,0,,0,39 55:44.662,,0,75 08:46.011,4,0,0,0,67301,0,0,0,N,0,0,0,6,67301,1,,1,1,,N,N,,0,,0,0,0,0,0,,1651,1,3,0,0,5,0,0,3,4,1,3,3,,N,,,,,,,,,,,
2007098967,342.0,2,0,0,0,0,0,0,0,0,1,0,,67,9,2007,7,40.0625,-75.0429,340.0,6,0,0,0,0,0,0,0,0,,0,0,0,3,3,1,1,,0,40 03:44.000,,0,75 02:34.512,4,0,0,0,67301,0,0,0,N,0,0,0,2,67301,1,,1,1,,N,N,,0,,0,0,0,0,0,,325,1,2,0,0,0,0,0,3,4,0,2,3,,N,,,,,,,,,,,
2007067263,1932.0,1,0,0,0,0,0,0,0,0,8,0,,67,5,2007,1,39.9951,-75.1045,1930.0,6,0,0,0,0,0,0,0,0,2.0,0,0,0,19,1,1,0,,2,39 59:42.450,1.0,0,75 06:16.052,3,0,0,0,67301,1,0,0,N,1,0,0,2,67301,0,,1,1,,N,N,,0,,1,0,0,0,0,Y,1924,1,2,0,0,0,0,0,3,4,0,1,3,,N,,,,,,,,,,,
2007067390,9999.0,1,0,0,0,0,0,0,0,0,3,0,,67,5,2007,5,40.0112,-75.138,936.0,6,0,0,0,0,0,0,0,0,,0,0,0,99,1,1,0,,0,40 00:40.244,,0,75 08:16.879,3,0,0,0,67301,0,0,0,,0,0,0,2,67301,0,,1,1,,,N,,0,,1,0,0,0,0,,9999,1,2,0,0,1,0,0,3,4,1,2,3,,N,,,,,,,,,,,
2007067184,1500.0,0,0,0,0,0,0,0,0,0,0,0,,67,4,2007,2,40.0443,-75.2177,1457.0,6,0,0,0,0,1,0,0,0,,0,0,0,14,1,1,0,,0,40 02:40.000,,0,75 13:03.756,8,0,0,1,67301,0,0,0,N,0,0,0,1,67301,0,,1,1,,N,N,,0,,0,0,0,0,0,,1450,1,1,0,0,0,1,0,3,4,0,1,3,,N,,,,,,,,,,,
2007067212,1600.0,2,0,0,0,0,0,0,0,0,1,0,,67,5,2007,3,39.8993,-75.1756,1551.0,6,0,0,0,0,0,0,0,0,,0,0,0,13,1,2,0,,0,39 53:57.000,,0,75 10:30.550,4,0,0,0,67301,0,0,0,,0,0,0,3,67301,2,,1,1,,,,,0,,0,0,0,0,0,,1300,2,2,0,0,0,0,1,3,4,0,2,3,,N,,,,,,,,,,,
2007067224,55.0,2,0,0,0,0,0,0,0,0,4,0,,67,5,2007,2,39.9879,-75.1233,48.0,6,0,0,0,0,0,1,0,0,,0,0,0,0,3,2,1,,0,39 59:16.000,,0,75 07:24.031,4,0,0,0,67301,0,0,0,,0,0,0,5,67301,2,,1,1,,,,,0,,0,0,0,3,2,,45,2,2,0,0,0,0,3,3,4,0,2,3,,N,,,,,,,,,,,
2007060137,817.0,1,0,0,0,0,0,0,0,0,7,0,,67,4,2007,1,,,814.0,6,0,0,0,0,0,0,0,0,1.0,0,0,0,8,1,0,0,,1,,3.0,0,,0,0,0,0,67301,0,0,0,N,0,0,0,1,68K01,0,,2,9,,N,N,,0,,0,0,0,0,0,N,810,0,1,0,0,0,0,0,3,3,0,1,7,,N,,,,,,,,,,,
2007057217,1405.0,2,0,0,0,0,0,0,0,0,1,0,,67,4,2007,2,40.0011,-75.153,1359.0,6,0,0,0,0,0,1,0,0,9.0,0,0,0,13,1,1,0,,1,40 00:03.000,2.0,0,75 09:10.954,8,0,0,0,67301,0,0,0,N,0,0,0,2,67301,0,,1,1,,N,N,,0,,0,0,0,0,0,N,1349,1,2,0,0,2,1,0,3,4,0,2,3,,N,,,,,,,,,,,