CRN,ARRIVAL_TM,AUTOMOBILE_COUNT,BELTED_DEATH_COUNT,BELTED_SUSP_SERIOUS_INJ_COUNT,BICYCLE_COUNT,BICYCLE_DEATH_COUNT,BICYCLE_SUSP_SERIOUS_INJ_COUNT,BUS_COUNT,CHLDPAS_DEATH_COUNT,CHLDPAS_SUSP_SERIOUS_INJ_COUNT,COLLISION_TYPE,COMM_VEH_COUNT,CONS_ZONE_SPD_LIM,COUNTY,CRASH_MONTH,CRASH_YEAR,DAY_OF_WEEK,DEC_LAT,DEC_LONG,DISPATCH_TM,DISTRICT,DRIVER_COUNT_16YR,DRIVER_COUNT_17YR,DRIVER_COUNT_18YR,DRIVER_COUNT_19YR,DRIVER_COUNT_20YR,DRIVER_COUNT_50_64YR,DRIVER_COUNT_65_74YR,DRIVER_COUNT_75PLUS,EST_HRS_CLOSED,FATAL_COUNT,HEAVY_TRUCK_COUNT,HORSE_BUGGY_COUNT,HOUR_OF_DAY,ILLUMINATION,INJURY_COUNT,INTERSECT_TYPE,INTERSECTION_RELATED,LANE_CLOSED,LATITUDE,LN_CLOSE_DIR,LOCATION_TYPE,LONGITUDE,MAX_SEVERITY_LEVEL,MCYCLE_DEATH_COUNT,MCYCLE_SUSP_SERIOUS_INJ_COUNT,MOTORCYCLE_COUNT,MUNICIPALITY,NONMOTR_COUNT,NONMOTR_DEATH_COUNT,NONMOTR_SUSP_SERIOUS_INJ_COUNT,NTFY_HIWY_MAINT,PED_COUNT,PED_DEATH_COUNT,PED_SUSP_SERIOUS_INJ_COUNT,PERSON_COUNT,POLICE_AGCY,POSSIBLE_INJ_COUNT,RDWY_SURF_TYPE_CD,RELATION_TO_ROAD,ROAD_CONDITION,ROADWAY_CLEARED,SCH_BUS_IND,SCH_ZONE_IND,SECONDARY_CRASH,SMALL_TRUCK_COUNT,SPEC_JURIS_CD,SUSP_MINOR_INJ_COUNT,SUSP_SERIOUS_INJ_COUNT,SUV_COUNT,TCD_FUNC_CD,TCD_TYPE,TFC_DETOUR_IND,TIME_OF_DAY,TOT_INJ_COUNT,TOTAL_UNITS,UNB_DEATH_COUNT,UNB_SUSP_SERIOUS_INJ_COUNT,UNBELTED_OCC_COUNT,UNK_INJ_DEG_COUNT,UNK_INJ_PER_COUNT,URBAN_AREA,URBAN_RURAL,VAN_COUNT,VEHICLE_COUNT,WEATHER1,WEATHER2,WORK_ZONE_IND,WORK_ZONE_LOC,WORK_ZONE_TYPE,WORKERS_PRES,WZ_CLOSE_DETOUR,WZ_FLAGGER,WZ_LAW_OFFCR_IND,WZ_LN_CLOSURE,WZ_MOVING,WZ_OTHER,WZ_SHLDER_MDN,WZ_WORKERS_INJ_KILLED
2007054813,715.0,1,0,0,0,0,0,0,0,0,4,1,,67,2,2007,4,39.9539,-75.1396,709.0,6,0,0,0,0,0,1,1,0,,0,0,0,7,5,1,0,,0,39 57:13.892,,3,75 08:22.665,8,0,0,0,67301,0,0,0,N,0,0,0,3,67501,0,,1,6,,N,N,,2,,0,0,0,3,8,,709,1,3,0,0,0,1,0,3,4,0,3,9,,N,,,,,,,,,,,
2007057365,1448.0,1,0,0,0,0,0,0,0,0,6,0,99.0,67,4,2007,4,40.0367,-75.1584,1446.0,6,0,0,0,0,0,0,0,0,,0,0,0,14,1,4,1,,0,40 02:12.109,,0,75 09:30.211,8,0,0,0,67301,0,0,0,N,0,0,0,5,67301,0,,3,1,,N,N,,0,,0,0,1,3,2,,1440,4,2,0,0,3,4,0,3,4,0,2,3,,Y,8.0,8.0,U,,,U,,,,,
2007099116,1030.0,1,0,0,0,0,0,1,0,0,5,1,,67,8,2007,6,39.9992,-75.1474,1025.0,6,0,0,0,0,0,0,0,0,,0,0,0,12,1,1,1,,0,39 59:57.271,,0,75 08:50.495,3,0,0,0,67301,0,0,0,N,0,0,0,2,67301,0,,1,1,,N,N,,0,,1,0,0,0,0,,1200,1,2,0,0,0,0,1,3,4,0,2,3,,N,,,,,,,,,,,
2007099158,250.0,2,0,0,0,0,0,0,0,0,1,0,,67,8,2007,7,39.9282,-75.1606,250.0,6,0,0,0,0,0,0,0,0,,0,0,0,2,3,0,0,,0,39 55:41.516,,0,75 09:38.131,0,0,0,0,67301,0,0,0,,0,0,0,1,67301,0,,6,1,,,,,0,,0,0,0,0,0,,245,0,2,0,0,0,0,0,3,4,0,2,3,,N,,,,,,,,,,,
2007099172,1926.0,0,0,0,0,0,0,0,0,0,8,0,,67,9,2007,1,39.994,-75.173,1924.0,6,0,0,0,0,1,0,0,0,,0,0,0,19,1,1,0,,0,39 59:38.475,,0,75 10:22.634,3,0,0,0,67301,1,0,0,N,1,0,0,2,67301,0,,1,1,,N,N,,0,,1,0,1,0,0,,1924,1,2,0,0,1,0,0,3,4,0,1,3,,N,,,,,,,,,,,
2007120924,1815.0,1,0,0,0,0,0,0,0,0,2,0,,67,10,2007,3,40.0038,-75.1397,1810.0,6,0,0,0,0,0,0,0,0,,0,0,0,99,1,0,2,,0,40 00:13.665,,0,75 08:22.783,9,0,0,0,67301,0,0,0,N,0,0,0,2,67301,0,,1,1,,N,N,,1,,0,0,0,3,2,,9999,0,2,0,0,0,0,1,3,4,0,2,3,,N,,,,,,,,,,,
2007097492,2008.0,2,0,0,0,0,0,0,0,0,4,0,,67,8,2007,4,39.997,-75.1786,2004.0,6,0,0,0,0,0,0,0,0,,0,0,0,19,1,2,1,,0,39 59:49.000,,0,75 10:42.862,2,0,0,0,67301,0,0,0,,0,0,0,2,67301,0,,1,1,,N,N,,0,,0,1,0,3,2,,1930,2,2,0,0,0,1,0,3,4,0,2,3,,N,,,,,,,,,,,
2007092339,300.0,2,0,0,0,0,0,0,0,0,4,0,,67,7,2007,1,39.9673,-75.2458,255.0,6,0,0,0,0,0,0,0,0,,0,0,0,2,3,1,1,,0,39 57:57.000,,0,75 14:46.084,4,0,0,0,67301,0,0,0,N,0,0,0,2,67301,1,,1,1,,N,N,,0,,0,0,0,3,2,,255,1,2,0,0,0,0,1,3,4,0,2,3,,N,,,,,,,,,,,
2007092340,2205.0,1,0,0,0,0,0,0,0,0,4,0,,67,7,2007,1,40.0039,-75.2207,2203.0,6,0,0,0,0,0,0,0,0,,0,0,0,21,3,1,1,,0,40 00:14.000,,0,75 13:14.544,4,0,0,0,67301,0,0,0,,0,0,0,3,67301,1,,1,1,,,,,0,,0,0,1,0,0,,2150,1,2,0,0,0,0,0,3,4,0,2,3,,N,,,,,,,,,,,
2007095034,9999.0,1,0,0,0,0,0,0,0,0,8,0,,67,6,2007,6,40.0169,-75.1495,625.0,6,0,0,0,0,0,0,0,0,,0,0,0,6,1,1,1,,0,40 01:00.648,,0,75 08:58.512,4,0,0,0,67301,1,0,0,N,1,0,0,2,67301,1,,1,1,,N,N,,0,,0,0,0,0,0,,625,1,2,0,0,1,0,0,3,4,0,1,3,,N,,,,,,,,,,,
2007092752,1554.0,1,0,0,0,0,0,0,0,0,4,0,,67,8,2007,6,39.9449,-75.167,1553.0,6,0,0,0,0,0,0,0,0,,0,0,0,15,1,2,1,,0,39 56:41.578,,0,75 10:01.077,2,0,1,1,67301,1,0,0,N,0,0,0,3,67301,1,,1,1,,N,N,,0,,0,1,2,9,2,,1524,2,4,0,0,0,0,0,3,4,0,4,3,,N,,,,,,,,,,,
2007092767,2329.0,1,0,0,0,0,0,0,0,0,7,0,,67,7,2007,2,,,2327.0,6,0,0,0,0,0,0,0,0,1.0,0,0,0,23,3,1,0,,1,,2.0,0,,8,0,0,0,67301,0,0,0,,0,0,0,1,67301,0,,3,1,,N,N,,0,,0,0,0,0,0,N,2325,1,1,0,0,0,1,0,3,3,0,1,3,,N,,,,,,,,,,,
2007096724,1800.0,2,0,0,0,0,0,0,0,0,4,0,,67,8,2007,3,39.9955,-75.1789,1755.0,6,0,0,0,0,0,0,0,0,,0,0,0,17,1,2,1,,0,39 59:43.789,,0,75 10:44.075,4,0,0,0,67301,0,0,0,N,0,0,0,2,67301,2,,1,9,,N,N,,0,,0,0,0,3,2,,1750,2,2,0,0,0,0,0,3,4,0,2,7,,N,,,,,,,,,,,
2007056398,1924.0,2,0,0,0,0,0,0,0,0,4,0,,67,4,2007,7,39.9434,-75.1553,1922.0,6,0,0,0,0,0,0,0,0,,0,0,0,19,4,1,1,,0,39 56:36.308,,0,75 09:18.932,4,0,0,0,67301,0,0,0,N,0,0,0,2,67301,1,,1,1,,N,N,,0,,0,0,0,3,2,,1920,1,2,0,0,0,0,0,3,4,0,2,3,,N,,,,,,,,,,,
2007056412,750.0,1,0,0,0,0,0,0,0,0,2,0,,67,4,2007,2,39.9924,-75.1651,746.0,6,0,0,0,0,0,0,0,0,,0,0,0,7,1,2,3,,0,39 59:32.578,,0,75 09:54.197,4,0,0,0,67301,0,0,0,N,0,0,0,3,67301,2,,1,1,,N,N,,0,,0,0,1,0,0,,740,2,2,0,0,0,0,0,3,4,0,2,3,,N,,,,,,,,,,,
2007056444,2230.0,0,0,0,0,0,0,0,0,0,5,0,,67,4,2007,6,40.0946,-75.0152,2230.0,6,0,0,0,0,0,1,0,0,2.0,0,0,0,22,3,3,1,,1,40 05:40.718,1.0,0,75 00:54.707,4,0,0,0,67301,0,0,0,N,0,0,0,3,67301,3,,1,1,,N,N,,1,,0,0,1,3,2,N,2230,3,3,0,0,0,0,0,3,4,1,3,3,,N,,,,,,,,,,,
2007056472,1355.0,1,0,0,0,0,0,0,0,0,8,0,,67,4,2007,6,40.085,-74.9749,1352.0,6,0,0,0,0,0,0,0,0,1.0,0,0,0,13,1,1,2,,1,40 05:06.154,7.0,0,74 58:29.553,8,0,0,0,67301,1,0,0,N,1,0,0,2,67301,0,,1,1,,N,N,,0,,0,0,0,0,0,N,1351,1,2,0,0,0,1,0,3,4,0,1,3,,N,,,,,,,,,,,
2007056360,135.0,0,0,0,0,0,0,0,0,0,7,0,,67,3,2007,7,40.1031,-75.051,132.0,6,0,0,0,0,0,0,0,0,4.0,0,0,0,1,3,0,0,,2,40 06:10.000,3.0,0,75 03:03.452,0,0,0,0,67301,0,0,0,N,0,0,0,1,67301,0,,4,1,,N,N,,0,,0,0,1,0,0,Y,132,0,1,0,0,0,0,0,3,4,0,1,3,,N,,,,,,,,,,,
2007056496,2155.0,2,0,0,0,0,0,0,0,0,4,0,,67,4,2007,6,39.9489,-75.2456,2150.0,6,0,0,0,0,1,0,1,0,,0,0,0,21,3,1,1,,0,39 56:56.040,,0,75 14:44.033,4,0,0,0,67301,0,0,0,,0,0,0,2,67301,1,,1,1,,N,N,,0,,0,0,0,3,3,,2145,1,2,0,0,0,0,0,3,4,0,2,3,,N,,,,,,,,,,,
2007057394,9999.0,2,0,0,0,0,0,0,0,0,2,0,,67,4,2007,6,39.9026,-75.2249,,6,0,0,0,0,0,0,0,0,1.0,0,0,0,99,1,1,2,,1,39 54:09.000,7.0,0,75 13:29.578,3,0,0,0,67301,0,0,0,N,0,0,0,4,67301,0,,1,1,,N,N,,1,,1,0,0,3,2,N,9999,1,3,0,0,0,0,0,3,4,0,3,3,,N,,,,,,,,,,,
2007057402,1748.0,1,0,0,0,0,0,0,0,0,6,0,,67,4,2007,1,40.043,-75.1447,1745.0,6,0,0,0,0,0,0,0,0,1.0,0,0,0,17,1,1,0,,1,40 02:34.864,4.0,0,75 08:41.026,4,0,0,0,67301,0,0,0,N,0,0,0,3,67301,1,,1,1,,N,N,,0,,0,0,1,0,0,Y,1745,1,2,0,0,0,0,0,3,4,0,2,3,,N,,,,,,,,,,,
2007057430,303.0,2,0,0,0,0,0,0,0,0,1,0,,67,3,2007,7,40.0209,-75.0798,259.0,6,0,0,0,0,0,0,0,0,,0,0,0,2,3,1,0,,0,40 01:15.285,,0,75 04:47.268,4,0,0,0,67301,0,0,0,N,0,0,0,1,67301,1,,1,1,,N,N,,0,,0,0,0,0,0,,259,1,2,0,0,0,0,0,3,4,0,2,3,,N,,,,,,,,,,,
2007037902,1034.0,1,0,0,0,0,0,0,0,0,0,0,,67,2,2007,6,40.0081,-75.202,1021.0,6,0,0,0,0,0,0,0,0,,0,0,0,10,1,1,0,,0,40 00:28.000,,0,75 12:05.161,4,0,0,0,67301,0,0,0,N,0,0,0,2,68K01,1,,1,1,,N,N,,0,,0,0,0,0,0,,1020,1,2,0,0,0,0,0,3,4,0,2,3,,N,,,,,,,,,,,
2007067173,1303.0,1,0,0,0,0,0,0,0,0,8,0,,67,5,2007,1,40.0449,-75.2312,1300.0,6,0,0,0,0,0,0,0,0,,0,0,0,12,1,1,1,,0,40 02:41.000,,0,75 13:51.182,4,0,0,0,67301,1,0,0,,1,0,0,2,67301,1,,1,1,,,,,0,,0,0,0,0,0,,1259,1,2,0,0,0,0,0,3,4,0,1,3,,N,,,,,,,,,,,
2007067143,1500.0,1,0,0,0,0,0,0,0,0,6,0,,67,5,2007,4,39.9842,-75.2457,1500.0,6,0,0,0,0,0,0,0,0,,0,0,0,18,1,1,1,,0,39 59:03.000,,0,75 14:44.497,8,0,0,0,67301,0,0,0,N,0,0,0,2,67301,0,,1,9,,N,,,0,,0,0,1,3,2,,1830,1,2,0,0,0,1,1,3,4,0,2,7,,N,,,,,,,,,,,
2007099142,1225.0,1,0,0,1,0,0,0,0,0,4,0,,67,8,2007,4,39.9456,-75.165,1220.0,6,0,0,0,0,0,0,0,0,,0,0,0,99,1,1,1,,0,39 56:43.000,,0,75 09:54.100,4,0,0,0,67301,1,0,0,N,0,0,0,2,67301,1,,1,1,,N,N,,0,,0,0,0,3,2,,9999,1,2,0,0,0,0,0,3,4,0,1,3,,N,,,,,,,,,,,
2007029279,132.0,2,0,0,0,0,0,0,0,0,1,0,,67,1,2007,2,40.0239,-75.1597,130.0,6,0,0,0,0,0,2,0,0,,0,0,0,1,6,1,0,,0,40 01:26.000,,0,75 09:34.955,8,0,0,0,67301,0,0,0,N,0,0,0,2,67301,0,,1,9,,N,N,,0,,0,0,0,0,0,,125,1,2,0,0,0,1,0,3,4,0,2,7,,N,,,,,,,,,,,
2007094984,1718.0,1,0,0,1,0,0,0,0,0,5,0,,67,7,2007,3,39.9425,-75.1636,1715.0,6,0,0,0,0,0,0,0,0,,0,0,0,17,1,1,0,,0,39 56:33.014,,0,75 09:48.999,3,0,0,0,67301,1,0,0,N,0,0,0,2,67301,0,,1,1,,N,N,,0,,1,0,0,0,0,,1704,1,2,0,0,0,0,0,3,4,0,1,3,,N,,,,,,,,,,,
2007095287,1710.0,1,0,0,1,0,0,0,0,0,4,0,,67,8,2007,6,39.9203,-75.1539,1709.0,6,0,0,0,0,0,0,0,0,,0,0,0,17,1,1,1,,0,39 55:12.907,,0,75 09:14.043,4,0,0,0,67301,1,0,0,N,0,0,0,3,67301,1,,1,1,,N,,,0,,0,0,0,2,3,,1709,1,2,0,0,0,0,0,3,4,0,1,3,,N,,,,,,,,,,,
2007092297,420.0,1,0,0,0,0,0,0,0,0,4,0,,67,6,2007,7,40.0457,-75.0315,415.0,6,0,0,0,0,0,0,0,0,,0,0,0,4,3,3,1,,0,40 02:44.000,,0,75 01:53.444,4,0,0,0,67301,0,0,0,N,0,0,0,4,67301,1,,1,1,,N,N,,0,,0,0,1,3,2,,413,3,2,0,0,0,2,0,3,4,0,2,3,,N,,,,,,,,,,,
2007095039,1216.0,1,0,0,0,0,0,0,0,0,4,0,,67,8,2007,6,40.0347,-75.2193,1214.0,6,0,0,0,0,0,1,0,0,,0,0,0,12,1,1,1,,0,40 02:04.765,,0,75 13:09.515,3,0,0,1,67301,0,0,0,,0,0,0,2,67301,0,,1,1,,N,N,,0,,1,0,0,9,3,,1210,1,2,0,0,0,0,0,3,4,0,2,3,,N,,,,,,,,,,,
2007090006,1644.0,2,0,0,0,0,0,0,0,0,2,0,,67,5,2007,5,40.1001,-75.0084,1644.0,6,0,0,0,0,0,0,1,0,9.0,1,0,0,16,1,0,2,,1,40 06:00.000,2.0,7,75 00:30.008,1,0,0,0,67301,0,0,0,N,0,0,0,3,67301,0,2.0,1,1,,N,N,,0,0.0,0,0,0,3,2,Y,1644,0,2,0,0,0,0,0,3,4,0,2,3,,N,,,,,,,,,,,
2007082893,1235.0,0,0,0,0,0,0,1,0,0,8,1,,67,6,2007,6,39.997,-75.1786,1230.0,6,0,0,0,0,0,0,0,0,,0,0,0,12,1,1,1,,0,39 59:49.000,,0,75 10:42.862,4,0,0,0,67301,1,0,0,Y,1,0,0,2,67301,1,,1,1,,,,,0,,0,0,0,3,2,,1225,1,2,0,0,0,0,0,3,4,0,1,3,,N,,,,,,,,,,,
2007107043,1928.0,2,0,0,0,0,0,0,0,0,1,0,,67,9,2007,7,40.0745,-75.035,1926.0,6,1,0,0,0,0,0,0,0,,0,0,0,19,3,2,1,,0,40 04:28.000,,0,75 02:05.822,4,0,0,0,67301,0,0,0,N,0,0,0,4,67301,2,,1,1,,N,N,,0,,0,0,0,3,2,,1924,2,2,0,0,0,0,0,3,4,0,2,3,,N,,,,,,,,,,,
2007027934,10.0,1,0,0,0,0,0,0,0,0,8,0,,67,1,2007,1,39.9169,-75.216,7.0,6,0,0,0,0,0,0,0,0,,0,0,0,23,3,1,2,,0,39 55:05.000,,0,75 12:31.417,3,0,0,0,67301,1,0,0,N,1,0,0,2,67301,0,,1,9,,N,N,,0,,1,0,0,3,2,,2350,1,2,0,0,0,0,1,3,4,0,1,7,,N,,,,,,,,,,,
2007047595,1721.0,2,0,0,0,0,0,0,0,0,4,0,,67,3,2007,5,40.0223,-75.162,1721.0,6,0,0,0,0,0,0,1,0,,0,0,0,17,1,0,1,,0,40 01:20.000,,0,75 09:43.291,0,0,0,0,67301,0,0,0,N,0,0,0,5,67301,0,,1,1,,N,N,,1,,0,0,0,3,2,,1721,0,3,0,0,0,0,0,3,4,0,3,3,,N,,,,,,,,,,,
2007047614,1150.0,2,0,0,0,0,0,0,0,0,4,0,,67,2,2007,2,39.9922,-75.0993,1147.0,6,0,0,0,0,0,0,0,0,,0,0,0,11,1,2,2,,0,39 59:32.000,,7,75 05:57.585,4,0,0,0,67301,0,0,0,N,0,0,0,3,67301,1,,1,6,,N,N,,0,,0,0,0,0,0,,1134,2,2,0,0,0,1,1,3,4,0,2,7,,N,,,,,,,,,,,
2007045111,343.0,1,0,0,0,0,0,0,0,0,8,0,,67,2,2007,1,40.0805,-75.0517,340.0,6,0,0,0,0,0,0,0,0,,1,0,0,3,3,0,0,,0,40 04:49.717,,0,75 03:06.195,1,0,0,0,67301,1,1,0,N,1,1,0,3,67301,0,2.0,1,1,,N,N,,0,0.0,0,0,0,0,0,,338,0,3,0,0,0,0,0,3,4,0,2,3,,N,,,,,,,,,,,
2007106862,1140.0,2,0,0,0,0,0,0,0,0,1,0,,67,6,2007,1,40.1288,-75.0137,1135.0,6,0,0,0,0,0,0,0,0,,0,0,0,11,1,1,1,,0,40 07:43.000,,0,75 00:49.406,4,0,0,0,67301,0,0,0,,0,0,0,2,67301,1,,1,1,,,,,0,,0,0,0,3,2,,1124,1,2,0,0,0,0,0,3,4,0,2,3,,N,,,,,,,,,,,
2007047792,700.0,1,0,0,0,0,0,0,0,0,1,0,,67,3,2007,1,39.9434,-75.2203,650.0,6,0,0,0,0,0,0,0,0,9.0,0,0,0,6,1,2,1,,1,39 56:36.304,3.0,0,75 13:12.928,4,0,0,0,67301,0,0,0,N,0,0,0,2,67301,1,,1,2,,N,N,,0,,0,0,1,3,3,Y,634,2,2,0,0,0,1,0,3,4,0,2,10,,N,,,,,,,,,,,
2007047806,1453.0,2,0,0,0,0,0,0,0,0,1,1,,67,3,2007,6,40.0166,-75.0668,1450.0,6,0,0,0,0,0,2,0,0,,0,1,0,14,1,3,0,,0,40 00:59.000,,0,75 04:00.600,4,0,0,0,67301,0,0,0,N,0,0,0,4,67301,3,,1,1,,N,N,,0,,0,0,0,3,2,,1430,3,3,0,0,0,0,0,3,4,0,3,3,,N,,,,,,,,,,,
2007047856,22.0,2,0,0,0,0,0,0,0,0,1,0,,67,2,2007,7,39.9496,-75.1759,19.0,6,0,0,0,0,0,0,0,0,,0,0,0,0,3,1,0,,0,39 56:58.556,,0,75 10:33.387,8,0,0,0,67301,0,0,0,N,0,0,0,2,67301,0,,1,2,,N,N,,0,,0,0,0,0,0,,16,1,2,0,0,0,1,0,3,4,0,2,3,,N,,,,,,,,,,,
2007106946,1553.0,2,0,0,0,0,0,0,0,0,6,0,,67,8,2007,1,39.9401,-75.1849,1551.0,6,0,0,0,0,1,0,0,0,9.0,0,0,0,15,1,2,1,,1,39 56:24.381,4.0,0,75 11:05.801,3,0,0,0,67301,0,0,0,,0,0,0,3,67301,0,,1,9,,,,,0,,2,0,0,3,2,N,1550,2,2,0,0,0,0,0,3,4,0,2,7,,N,,,,,,,,,,,
2007107010,544.0,2,0,0,0,0,0,0,0,0,2,1,99.0,67,9,2007,1,40.0357,-75.1858,541.0,6,0,0,0,0,0,1,0,0,,0,1,0,3,3,2,0,,0,40 02:08.000,,0,75 11:08.729,3,0,0,0,67301,2,0,0,,0,0,0,3,67301,1,,1,1,,,,,0,,1,0,1,0,0,,320,2,4,0,0,0,0,0,3,4,0,4,3,,Y,8.0,8.0,U,,,U,,,,,
2007047953,1330.0,1,0,0,0,0,0,0,0,0,1,0,,67,2,2007,3,39.9494,-75.1414,1320.0,6,0,0,0,0,0,1,0,0,1.0,0,0,0,13,1,2,0,,2,39 56:57.787,2.0,0,75 08:29.188,3,0,0,0,67301,0,0,0,N,0,0,0,4,67301,0,,1,1,,N,N,,0,,1,0,1,0,0,N,1320,2,3,0,0,0,1,0,3,4,1,3,3,,N,,,,,,,,,,,
2007093581,1905.0,1,0,0,1,0,0,0,0,0,5,0,,67,7,2007,3,39.9789,-75.1594,1905.0,6,0,0,0,0,0,0,0,0,,0,0,0,19,1,1,1,,0,39 58:43.000,,0,75 09:33.954,4,0,0,0,67301,1,0,0,,0,0,0,3,67301,1,,1,1,,N,N,,0,,0,0,0,3,2,,1900,1,2,0,0,0,0,0,3,4,0,1,3,,N,,,,,,,,,,,
2007093426,1748.0,2,0,0,0,0,0,0,0,0,4,0,,67,7,2007,3,40.0455,-75.1433,1745.0,6,0,0,0,0,0,0,0,0,,0,0,0,15,1,2,0,,0,40 02:43.643,,0,75 08:36.027,4,0,0,0,67301,0,0,0,N,0,0,0,2,67301,2,,1,1,,N,N,,0,,0,0,0,0,0,,1540,2,2,0,0,0,0,0,3,4,0,2,3,,N,,,,,,,,,,,
2007125018,1609.0,1,0,0,0,0,0,1,0,0,1,1,,67,11,2007,6,39.9206,-75.2414,1608.0,6,0,0,0,0,0,0,0,0,,0,0,0,16,1,2,1,,0,39 55:14.271,,0,75 14:29.219,4,0,0,0,67301,0,0,0,N,0,0,0,32,67301,2,,1,1,,Y,N,,0,,0,0,0,3,2,,1608,2,2,0,0,0,0,0,3,4,0,2,3,,N,,,,,,,,,,,
2007125141,408.0,1,0,0,0,0,0,0,0,0,8,0,,67,11,2007,7,39.9181,-75.1604,406.0,6,0,0,0,0,0,0,0,0,,0,0,0,4,3,1,0,,0,39 55:05.106,,0,75 09:37.342,4,0,0,0,67301,1,0,0,N,1,0,0,2,67301,1,,1,1,,N,N,,0,,0,0,0,0,0,,404,1,2,0,0,0,0,0,3,4,0,1,3,,N,,,,,,,,,,,
2007107357,1215.0,1,0,0,0,0,0,0,0,0,7,0,,67,8,2007,6,40.0622,-75.0128,1210.0,6,0,0,0,0,0,1,0,0,,0,0,0,12,1,1,1,,0,40 03:43.830,,0,75 00:45.917,4,0,0,0,67301,0,0,0,N,0,0,0,1,67301,1,,5,1,,N,N,,0,,0,0,0,3,3,,1200,1,1,0,0,0,0,0,3,4,0,1,3,,N,,,,,,,,,,,
2007107366,1706.0,0,0,0,0,0,0,0,0,0,8,0,,67,9,2007,4,39.9187,-75.1655,1700.0,6,0,0,0,0,0,0,0,0,,0,0,0,16,1,1,1,,0,39 55:07.431,,0,75 09:55.897,4,0,0,0,67301,1,0,0,N,1,0,0,2,67301,1,,1,1,,N,N,,1,,0,0,0,3,3,,1650,1,2,0,0,0,0,0,3,4,0,1,3,,N,,,,,,,,,,,
2007107368,103.0,2,0,0,0,0,0,0,0,0,4,0,,67,9,2007,7,39.9541,-75.1395,103.0,6,0,0,0,0,0,0,0,0,3.0,0,0,0,1,3,1,2,,1,39 57:15.000,3.0,2,75 08:23.055,4,0,0,0,67301,0,0,0,N,0,0,0,7,67301,1,,1,1,,N,N,,0,,0,0,0,0,0,N,100,1,2,0,0,0,0,0,3,4,0,2,3,,N,,,,,,,,,,,
2007048300,1850.0,2,0,0,0,0,0,0,0,0,4,0,,67,2,2007,5,39.9528,-75.1668,1839.0,6,0,0,0,0,0,0,0,0,,0,0,0,18,3,0,0,,0,39 57:10.042,,0,75 10:00.400,0,0,0,0,67301,0,0,0,N,0,0,0,2,67301,0,,1,1,,N,N,,0,,0,0,0,0,0,,1830,0,2,0,0,0,0,0,3,4,0,2,3,,N,,,,,,,,,,,
2007048319,1025.0,1,0,0,0,0,0,0,0,0,8,0,,67,2,2007,1,39.9673,-75.129,1022.0,6,0,0,0,0,0,0,0,0,,0,0,0,10,1,1,1,,0,39 58:02.216,,0,75 07:44.286,3,0,0,0,67301,1,0,0,N,1,0,0,2,67301,0,,1,1,,N,N,,0,,1,0,0,3,2,,1018,1,2,0,0,0,0,1,3,4,0,1,3,,N,,,,,,,,,,,
2007045865,647.0,1,0,0,0,0,0,0,0,0,5,0,,67,2,2007,4,40.0478,-74.9994,642.0,6,0,0,0,0,0,0,0,0,,0,0,0,6,1,1,0,,0,40 02:52.000,,0,74 59:57.206,4,0,0,0,67301,0,0,0,N,0,0,0,2,67301,1,,1,2,,N,N,,1,,0,0,0,0,0,,641,1,2,0,0,0,0,1,3,4,0,2,10,,N,,,,,,,,,,,
2007107989,330.0,3,0,0,0,0,0,0,0,0,4,0,,67,9,2007,1,40.0026,-75.1733,328.0,6,0,0,0,0,0,1,0,0,,0,0,0,3,3,1,0,,0,40 00:09.356,,0,75 10:24.056,4,0,0,0,67301,0,0,0,N,0,0,0,1,67301,1,,1,1,,N,N,,0,,0,0,0,0,0,,328,1,3,0,0,0,0,0,3,4,0,3,3,,N,,,,,,,,,,,
2007097910,301.0,1,0,0,1,0,0,0,0,0,1,0,,67,7,2007,4,39.9682,-75.2191,259.0,6,0,0,0,0,0,0,0,0,,0,0,0,2,3,1,0,,0,39 58:05.548,,0,75 13:08.583,8,0,0,0,67301,1,0,0,N,0,0,0,1,67301,0,,6,1,,N,N,,0,,0,0,0,0,0,,259,1,2,0,0,0,1,0,3,4,0,1,3,,N,,,,,,,,,,,
2007097970,1725.0,0,0,0,0,0,0,1,0,0,8,1,,67,7,2007,3,40.0278,-75.0601,1720.0,6,0,0,0,0,0,1,0,0,3.0,0,0,0,17,1,1,1,,1,40 01:40.000,1.0,0,75 03:36.278,2,0,0,0,67301,1,0,1,,1,0,1,2,67301,0,,1,1,,,,,0,,0,1,0,3,2,N,1715,1,2,0,0,0,0,1,3,4,0,1,3,,N,,,,,,,,,,,
2007093192,1530.0,1,0,0,0,0,0,0,0,0,5,0,,67,7,2007,5,40.0332,-75.1757,1530.0,6,0,0,0,0,0,0,0,0,,0,0,0,99,1,2,0,,0,40 01:59.523,,0,75 10:32.559,4,0,0,1,67301,0,0,0,,0,0,0,3,67301,2,,1,1,,,,,0,,0,0,0,0,0,,9999,2,2,0,0,0,0,1,3,4,0,2,3,,N,,,,,,,,,,,
2007095806,955.0,1,0,0,0,0,0,0,0,0,4,0,,67,8,2007,5,39.9743,-75.2264,951.0,6,0,0,0,1,0,1,0,0,,0,0,0,99,1,1,1,,0,39 58:27.000,,0,75 13:34.908,4,0,0,0,67301,0,0,0,,0,0,0,2,67301,1,,1,1,,N,N,,0,,0,0,1,3,2,,9999,1,3,0,0,0,0,1,3,4,1,3,3,,N,,,,,,,,,,,