CRN,ARRIVAL_TM,AUTOMOBILE_COUNT,BELTED_DEATH_COUNT,BELTED_SUSP_SERIOUS_INJ_COUNT,BICYCLE_COUNT,BICYCLE_DEATH_COUNT,BICYCLE_SUSP_SERIOUS_INJ_COUNT,BUS_COUNT,CHLDPAS_DEATH_COUNT,CHLDPAS_SUSP_SERIOUS_INJ_COUNT,COLLISION_TYPE,COMM_VEH_COUNT,CONS_ZONE_SPD_LIM,COUNTY,CRASH_MONTH,CRASH_YEAR,DAY_OF_WEEK,DEC_LAT,DEC_LONG,DISPATCH_TM,DISTRICT,DRIVER_COUNT_16YR,DRIVER_COUNT_17YR,DRIVER_COUNT_18YR,DRIVER_COUNT_19YR,DRIVER_COUNT_20YR,DRIVER_COUNT_50_64YR,DRIVER_COUNT_65_74YR,DRIVER_COUNT_75PLUS,EST_HRS_CLOSED,FATAL_COUNT,HEAVY_TRUCK_COUNT,HORSE_BUGGY_COUNT,HOUR_OF_DAY,ILLUMINATION,INJURY_COUNT,INTERSECT_TYPE,INTERSECTION_RELATED,LANE_CLOSED,LATITUDE,LN_CLOSE_DIR,LOCATION_TYPE,LONGITUDE,MAX_SEVERITY_LEVEL,MCYCLE_DEATH_COUNT,MCYCLE_SUSP_SERIOUS_INJ_COUNT,MOTORCYCLE_COUNT,MUNICIPALITY,NONMOTR_COUNT,NONMOTR_DEATH_COUNT,NONMOTR_SUSP_SERIOUS_INJ_COUNT,NTFY_HIWY_MAINT,PED_COUNT,PED_DEATH_COUNT,PED_SUSP_SERIOUS_INJ_COUNT,PERSON_COUNT,POLICE_AGCY,POSSIBLE_INJ_COUNT,RDWY_SURF_TYPE_CD,RELATION_TO_ROAD,ROAD_CONDITION,ROADWAY_CLEARED,SCH_BUS_IND,SCH_ZONE_IND,SECONDARY_CRASH,SMALL_TRUCK_COUNT,SPEC_JURIS_CD,SUSP_MINOR_INJ_COUNT,SUSP_SERIOUS_INJ_COUNT,SUV_COUNT,TCD_FUNC_CD,TCD_TYPE,TFC_DETOUR_IND,TIME_OF_DAY,TOT_INJ_COUNT,TOTAL_UNITS,UNB_DEATH_COUNT,UNB_SUSP_SERIOUS_INJ_COUNT,UNBELTED_OCC_COUNT,UNK_INJ_DEG_COUNT,UNK_INJ_PER_COUNT,URBAN_AREA,URBAN_RURAL,VAN_COUNT,VEHICLE_COUNT,WEATHER1,WEATHER2,WORK_ZONE_IND,WORK_ZONE_LOC,WORK_ZONE_TYPE,WORKERS_PRES,WZ_CLOSE_DETOUR,WZ_FLAGGER,WZ_LAW_OFFCR_IND,WZ_LN_CLOSURE,WZ_MOVING,WZ_OTHER,WZ_SHLDER_MDN,WZ_WORKERS_INJ_KILLED
2007093242,1511.0,5,0,0,0,0,0,0,0,0,4,0,,67,6,2007,7,40.054,-75.1974,1509.0,6,0,0,0,0,0,0,0,0,2.0,0,0,0,14,1,2,1,,1,40 03:14.320,2.0,0,75 11:50.625,4,0,0,0,67301,0,0,0,N,0,0,0,3,67301,2,,1,1,,N,N,,0,,0,0,0,3,3,Y,1430,2,5,0,0,0,0,0,3,4,0,5,3,,N,,,,,,,,,,,
2007022228,54.0,1,0,0,0,0,0,0,0,0,5,0,,67,1,2007,2,39.9085,-75.1495,42.0,6,0,0,0,1,0,1,0,0,1.0,0,0,0,0,3,0,0,,1,39 54:32.115,2.0,0,75 08:57.776,0,0,0,0,67301,0,0,0,N,0,0,0,3,67301,0,,1,9,,N,N,,1,,0,0,0,0,0,N,40,0,2,0,0,0,0,0,3,4,0,2,10,,N,,,,,,,,,,,
2007027546,618.0,3,0,0,0,0,0,0,0,0,1,0,,67,1,2007,7,39.937,-75.1896,619.0,6,0,0,0,0,0,0,0,0,1.0,0,0,0,6,3,0,0,,2,39 56:13.092,3.0,0,75 11:22.401,0,0,0,0,67301,0,0,0,N,0,0,0,1,67301,0,,6,9,,N,N,,0,,0,0,0,0,0,Y,617,0,3,0,0,0,0,0,3,4,0,3,7,,N,,,,,,,,,,,
2007022382,1728.0,0,0,0,0,0,0,0,0,0,8,0,,67,1,2007,4,40.0419,-75.075,1725.0,6,0,0,0,0,0,0,0,0,,0,0,0,17,3,1,5,,0,40 02:30.000,,0,75 04:29.910,3,0,0,0,67301,1,0,0,,1,0,0,2,67301,0,,1,1,,N,N,,0,,1,0,1,3,2,,1720,1,2,0,0,0,0,0,3,4,0,1,3,,N,,,,,,,,,,,
2007022385,2030.0,1,0,0,0,0,0,0,0,0,4,0,,67,1,2007,1,40.0278,-75.0335,2022.0,6,0,0,0,0,0,0,0,0,,0,0,0,20,3,1,1,,0,40 01:40.000,,0,75 02:00.659,4,0,0,0,67301,0,0,0,,0,0,0,2,67301,1,,1,9,,,,,0,,0,0,1,3,3,,2017,1,2,0,0,0,0,1,3,4,0,2,7,,N,,,,,,,,,,,
2007027479,1300.0,1,0,0,0,0,0,0,0,0,4,0,,67,2,2007,5,39.9896,-75.1572,1254.0,6,0,0,0,0,0,1,0,0,,0,0,0,12,1,0,1,,0,39 59:22.466,,0,75 09:25.981,0,0,0,0,67301,0,0,0,,0,0,0,2,67301,0,,1,1,,,,,0,,0,0,0,3,2,,1250,0,2,0,0,0,0,0,3,4,1,2,3,,N,,,,,,,,,,,
2007027537,2025.0,2,0,0,0,0,0,0,0,0,4,0,,67,1,2007,7,40.0783,-75.1688,2022.0,6,0,0,1,0,0,0,0,0,,0,0,0,20,3,2,1,,0,40 04:41.750,,0,75 10:07.741,8,0,0,0,67301,0,0,0,N,0,0,0,3,67301,0,,1,1,,N,N,,0,,0,0,0,9,3,,2009,2,2,0,0,0,2,0,3,4,0,2,3,,N,,,,,,,,,,,
2007027647,1045.0,1,0,0,0,0,0,0,0,0,7,0,,67,1,2007,7,39.9954,-75.1055,1044.0,6,0,0,0,0,0,0,0,0,,0,0,0,10,1,0,1,,0,39 59:43.000,,0,75 06:19.956,0,0,0,0,67301,0,0,0,N,0,0,0,2,67301,0,,4,9,,N,N,,0,,0,0,0,3,2,,1040,0,1,0,0,0,0,0,3,4,0,1,7,,N,,,,,,,,,,,
2007027684,1548.0,1,0,0,0,0,0,0,0,0,8,0,,67,1,2007,6,40.0406,-75.1698,1515.0,6,0,0,0,0,0,1,0,0,,0,0,0,15,1,1,5,,0,40 02:26.242,,0,75 10:11.315,8,0,0,0,67301,1,0,0,,1,0,0,2,67301,0,,1,9,,,,,0,,0,0,0,3,2,,1515,1,2,0,0,0,1,0,3,4,0,1,7,,N,,,,,,,,,,,
2007022828,1907.0,0,0,0,0,0,0,0,0,0,2,0,,67,1,2007,4,39.9763,-75.2093,1909.0,6,0,0,0,0,0,0,0,0,,0,0,0,19,3,2,2,,0,39 58:34.000,,0,75 12:33.523,4,0,0,0,67301,0,0,0,N,0,0,0,3,67301,2,,1,1,,N,N,,0,,0,0,2,3,2,,1904,2,2,0,0,0,0,0,3,4,0,2,3,,N,,,,,,,,,,,
2007022712,351.0,0,0,0,0,0,0,0,0,0,7,0,,67,1,2007,2,,,345.0,6,0,0,0,0,0,0,0,0,2.0,0,0,0,3,3,1,0,,2,,4.0,0,,8,0,0,0,67301,0,0,0,N,0,0,0,1,67301,0,,2,9,,N,N,,0,,0,0,1,0,0,N,343,1,1,0,0,0,1,0,3,3,0,1,7,,N,,,,,,,,,,,
2007022761,1047.0,1,0,0,0,0,0,0,0,0,4,0,,67,1,2007,4,39.9921,-75.1026,1040.0,6,0,0,0,0,0,1,0,0,,0,0,0,10,1,1,1,,0,39 59:31.635,,0,75 06:09.428,4,0,0,0,67301,0,0,0,N,0,0,0,2,67301,1,,1,1,,N,N,,0,,0,0,0,3,3,,1035,1,2,0,0,0,0,0,3,4,1,2,3,,N,,,,,,,,,,,
2007096742,1445.0,1,0,0,0,0,0,1,0,0,4,1,,67,8,2007,7,39.9503,-75.1473,1441.0,6,0,0,0,0,0,1,0,0,,0,0,0,14,1,1,1,,0,39 57:01.000,,0,75 08:50.141,8,0,0,0,67301,0,0,0,,0,0,0,5,67301,0,,1,1,,,,,0,,0,0,0,9,2,,1435,1,2,0,0,0,1,0,3,4,0,2,3,,N,,,,,,,,,,,
2007096653,210.0,2,0,0,0,0,0,0,0,0,1,0,,67,8,2007,1,40.0072,-75.2001,202.0,6,0,0,0,0,0,0,0,0,3.0,0,0,0,1,3,1,0,,1,40 00:26.000,3.0,0,75 12:01.438,4,0,0,0,67301,0,0,0,N,0,0,0,3,68K01,1,,1,1,,N,N,,0,,0,0,0,0,0,N,155,1,2,0,0,0,0,0,3,4,0,2,3,,N,,,,,,,,,,,
2007058639,1220.0,2,0,0,0,0,0,0,0,0,1,0,,67,3,2007,1,40.0016,-75.1528,2357.0,6,0,0,1,0,0,0,0,0,,0,0,0,99,3,3,1,,0,40 00:05.000,,0,75 09:10.529,4,0,0,0,67301,0,0,0,,0,0,0,7,67301,3,,1,1,,,,,0,,0,0,0,3,2,,9999,3,3,0,0,3,0,0,3,4,0,3,3,,N,,,,,,,,,,,
2007056421,417.0,1,0,0,0,0,0,0,0,0,4,0,,67,4,2007,7,40.0229,-75.1632,414.0,6,0,0,0,0,0,0,0,0,1.0,0,0,0,4,3,0,1,,1,40 01:22.800,2.0,0,75 09:47.520,9,0,0,0,67301,0,0,0,N,0,0,0,2,67301,0,,1,1,,N,N,,0,,0,0,0,3,3,N,414,0,2,0,0,0,0,1,3,4,1,2,3,,N,,,,,,,,,,,
2007056431,1845.0,1,0,0,0,0,0,0,0,0,1,0,,67,4,2007,5,39.9395,-75.1432,1841.0,6,0,0,0,0,1,0,0,0,1.0,0,0,0,18,1,0,0,,1,39 56:22.320,1.0,0,75 08:35.617,0,0,0,0,67301,0,0,0,N,0,0,0,2,67301,0,,1,1,,N,N,,0,,0,0,1,3,2,N,1841,0,2,0,0,0,0,0,3,4,0,2,3,,N,,,,,,,,,,,
2007048836,335.0,1,0,0,0,0,0,0,0,0,7,0,,67,2,2007,6,40.0971,-75.0182,335.0,6,0,0,0,0,0,0,0,0,,0,0,0,3,3,0,1,,0,40 05:49.711,,0,75 01:05.375,0,0,0,0,67301,0,0,0,N,0,0,0,2,67301,0,,5,1,,N,N,,0,,0,0,0,0,0,,335,0,1,0,0,0,0,0,3,4,0,1,3,,N,,,,,,,,,,,
2007048837,158.0,2,0,0,0,0,0,0,0,0,1,0,,67,3,2007,6,40.071,-75.0383,154.0,6,0,0,0,0,0,0,0,0,,0,0,0,1,3,1,0,,0,40 04:15.000,,0,75 02:17.991,4,0,0,0,67301,0,0,0,N,0,0,0,2,67301,1,,1,1,,N,N,,0,,0,0,0,0,0,,152,1,2,0,0,0,0,0,3,4,0,2,3,,N,,,,,,,,,,,
2007045385,216.0,1,0,0,0,0,0,0,0,0,7,0,,67,3,2007,4,40.0076,-75.2013,152.0,6,0,0,0,0,0,0,0,0,,0,0,0,1,3,0,0,,0,40 00:27.000,,0,75 12:05.833,0,0,0,0,67301,0,0,0,N,0,0,0,1,68K01,0,,2,1,,N,N,,0,,0,0,0,0,0,,145,0,1,0,0,0,0,0,3,4,0,1,3,,N,,,,,,,,,,,
2007067402,846.0,0,0,0,0,0,0,0,0,0,0,0,,67,5,2007,3,40.0812,-75.0321,844.0,6,0,0,0,0,0,0,0,0,,0,0,0,8,1,1,0,,0,40 04:52.400,,0,75 01:55.700,4,0,0,1,67301,0,0,0,N,0,0,0,1,67301,1,,1,1,,N,N,,0,,0,0,0,0,0,,842,1,1,0,0,0,0,0,3,4,0,1,3,,N,,,,,,,,,,,
2007067447,835.0,2,0,0,0,0,0,0,0,0,4,0,,67,7,2007,1,39.9572,-75.2214,835.0,6,0,0,0,0,0,0,0,0,,0,0,0,8,1,1,2,,0,39 57:25.981,,0,75 13:17.079,4,0,0,0,67301,0,0,0,N,0,0,0,3,67301,1,,1,1,,N,N,,0,,0,0,0,9,3,,831,1,2,0,0,0,0,0,3,4,0,2,3,,N,,,,,,,,,,,
2007067449,1633.0,2,0,0,0,0,0,0,0,0,4,0,,67,5,2007,6,39.9522,-75.2408,1630.0,6,0,0,0,0,0,0,0,0,,0,0,0,16,1,1,1,,0,39 57:07.894,,0,75 14:26.897,8,0,0,0,67301,0,0,0,,0,0,0,3,67301,0,,1,1,,N,N,,0,,0,0,1,3,2,,1625,1,4,0,0,0,1,0,3,4,1,4,3,,N,,,,,,,,,,,
2007067256,1655.0,3,0,0,1,0,0,0,0,0,5,0,,67,5,2007,4,40.0015,-75.1042,9999.0,6,0,0,0,0,0,0,0,0,,0,0,0,16,1,2,3,,0,40 00:05.418,,0,75 06:14.947,8,0,0,0,67301,1,0,0,N,0,0,0,4,67301,0,,1,1,,N,N,,1,,0,0,0,9,2,,1655,2,5,0,0,0,2,2,3,4,0,4,3,,N,,,,,,,,,,,
2007067326,1340.0,1,0,0,0,0,0,0,0,0,4,1,,67,5,2007,6,39.9233,-75.1922,1332.0,6,0,0,0,1,0,0,0,0,1.0,0,1,0,13,1,0,3,,1,39 55:29.000,3.0,0,75 11:36.074,0,0,0,0,67301,0,0,0,N,0,0,0,2,67301,0,,1,1,,N,N,,0,,0,0,0,0,0,N,1332,0,2,0,0,0,0,0,3,4,0,2,3,,N,,,,,,,,,,,
2007067394,820.0,2,0,0,0,0,0,0,0,0,1,0,,67,5,2007,2,40.0299,-75.0878,820.0,6,0,0,0,0,1,0,0,0,,0,0,0,8,1,1,1,,0,40 01:47.000,,0,75 05:16.817,8,0,0,0,67301,0,0,0,,0,0,0,2,67301,0,,1,1,,,,,0,,0,0,0,3,2,,805,1,2,0,0,0,1,0,3,4,0,2,3,,N,,,,,,,,,,,
2007069504,1916.0,0,0,0,0,0,0,0,0,0,5,1,,67,5,2007,4,39.945,-75.1908,1843.0,6,0,0,0,0,0,0,0,0,,0,1,0,18,1,0,6,,0,39 56:42.000,,2,75 11:27.000,9,0,0,0,67301,0,0,0,N,0,0,0,2,68K01,0,,1,1,,N,N,,1,,0,0,0,0,0,,1843,0,2,0,0,0,0,1,3,4,0,2,3,,N,,,,,,,,,,,
2007057206,1103.0,1,0,0,0,0,0,0,0,0,8,0,,67,4,2007,7,40.0178,-75.2114,1059.0,6,0,0,0,0,0,0,0,0,,0,0,0,10,1,1,1,,0,40 01:04.000,,0,75 12:40.875,4,0,0,0,67301,1,0,0,,1,0,0,2,67301,1,,1,1,,,,,0,,0,0,0,0,0,,1057,1,2,0,0,0,0,0,3,4,0,1,3,,N,,,,,,,,,,,
2007099148,1905.0,2,0,0,0,0,0,0,0,0,4,0,,67,8,2007,5,39.9573,-75.2479,1900.0,6,0,0,0,1,0,0,0,0,,0,0,0,19,4,1,1,,0,39 57:26.000,,0,75 14:52.348,4,0,0,0,67301,0,0,0,,0,0,0,2,67301,1,,1,1,,,,,0,,0,0,0,3,2,,1900,1,2,0,0,2,0,0,3,4,0,2,3,,N,,,,,,,,,,,
2007097319,1808.0,2,0,0,0,0,0,0,0,0,0,0,,67,8,2007,6,40.0071,-75.1994,1800.0,6,0,0,0,1,0,0,0,0,,0,0,0,17,1,0,0,,0,40 00:23.000,,0,75 11:52.040,0,0,0,0,67301,0,0,0,N,0,0,0,6,68K01,0,,1,1,,N,N,,0,,0,0,0,0,0,,1758,0,3,0,0,0,0,0,3,4,1,3,3,,N,,,,,,,,,,,
2007095116,1208.0,1,0,0,0,0,0,0,0,0,8,0,,67,6,2007,3,40.0275,-75.1148,1208.0,6,0,0,0,0,0,0,1,0,,0,0,0,99,1,1,0,,0,40 01:39.115,,0,75 06:53.143,4,0,0,0,67301,1,0,0,,1,0,0,2,67301,1,,1,1,,N,N,,0,,0,0,0,0,0,,9999,1,2,0,0,0,0,0,3,4,0,1,3,,N,,,,,,,,,,,
2007125752,1235.0,1,0,0,0,0,0,0,0,0,1,0,,67,11,2007,1,39.9418,-75.2114,1224.0,6,0,0,0,0,0,0,0,0,,0,0,0,21,6,0,0,,0,39 56:30.483,,0,75 12:41.184,9,0,0,0,67301,0,0,0,N,0,0,0,1,67301,0,,6,9,,N,N,,0,,0,0,0,0,0,,2100,0,2,0,0,0,0,1,3,4,0,2,3,,N,,,,,,,,,,,
2007092311,2341.0,0,0,0,0,0,0,0,0,0,7,0,,67,7,2007,6,39.9746,-75.1181,2339.0,6,0,0,0,0,0,0,0,0,1.0,0,0,0,23,3,0,0,,1,39 58:28.000,2.0,0,75 07:05.812,0,0,0,0,67301,0,0,0,N,0,0,0,3,67301,0,,2,9,,N,N,,0,,0,0,1,0,0,N,2339,0,1,0,0,0,0,0,3,4,0,1,7,,N,,,,,,,,,,,
2007123342,2056.0,1,0,0,0,0,0,0,0,0,1,0,,67,10,2007,1,39.975,-75.1943,2045.0,6,0,0,0,0,0,1,0,0,,0,0,0,20,3,0,0,,0,39 58:33.000,,0,75 11:42.522,0,0,0,0,67301,0,0,0,N,0,0,0,4,68K01,0,,1,1,,N,N,,0,,0,0,2,0,0,,2044,0,3,0,0,0,0,0,3,4,0,3,3,,N,,,,,,,,,,,
2007092617,2354.0,0,0,0,1,0,0,0,0,0,5,0,,67,7,2007,6,39.988,-75.1693,2354.0,6,0,0,0,0,0,0,0,0,,0,0,0,23,3,1,2,,0,39 59:16.800,,0,75 10:09.307,8,0,0,1,67301,1,0,0,N,0,0,0,2,67301,0,,1,1,,N,N,,0,,0,0,0,0,0,,2353,1,2,0,0,0,1,0,3,4,0,1,3,,N,,,,,,,,,,,
2007120685,1530.0,2,0,0,0,0,0,0,0,0,1,0,,67,10,2007,2,39.9517,-75.1583,1520.0,6,0,1,0,0,0,0,0,0,1.0,0,0,0,15,1,1,1,,1,39 57:06.000,4.0,0,75 09:29.839,4,0,0,0,67301,0,0,0,,0,0,0,3,67301,1,,1,1,,,,,0,,0,0,1,3,2,N,1520,1,3,0,0,0,0,0,3,4,0,3,3,,N,,,,,,,,,,,
2007120709,1634.0,2,0,0,0,0,0,0,0,0,4,0,,67,10,2007,4,39.9997,-75.099,1633.0,6,0,0,0,0,0,1,0,0,,0,0,0,16,1,1,1,,0,39 59:58.000,,0,75 05:56.359,4,0,0,0,67301,0,0,0,N,0,0,0,3,67301,1,,1,1,,N,N,,0,,0,0,0,3,2,,1620,1,2,0,0,0,0,0,3,4,0,2,3,,N,,,,,,,,,,,
2007027822,2154.0,1,0,0,0,0,0,0,0,0,8,0,,67,1,2007,2,39.9792,-75.249,2152.0,6,0,0,0,0,0,0,0,0,2.0,0,0,0,21,3,1,1,,2,39 58:45.019,3.0,0,75 14:56.536,3,0,0,0,67301,1,0,0,N,1,0,0,2,67301,0,,1,1,,N,N,,0,,1,0,0,3,3,Y,2149,1,2,0,0,0,0,0,3,4,0,1,3,,N,,,,,,,,,,,
2007098970,2045.0,1,0,0,0,0,0,0,0,0,4,0,,67,8,2007,3,40.0258,-75.1235,2040.0,6,0,0,0,0,0,1,0,0,3.0,0,0,0,20,3,1,1,,1,40 01:32.000,2.0,0,75 07:24.507,8,0,0,0,67301,0,0,0,N,0,0,0,2,67301,0,,1,1,,N,N,,1,,0,0,0,3,2,N,2040,1,2,0,0,0,1,0,3,4,0,2,3,,N,,,,,,,,,,,
2007099003,147.0,2,0,0,0,0,0,0,0,0,7,0,,67,7,2007,7,39.9562,-75.1418,145.0,6,0,0,0,0,0,0,0,0,,0,0,0,1,3,0,0,,0,39 57:26.000,,0,75 08:38.091,0,0,0,0,67301,0,0,0,,0,0,0,2,67301,0,,3,9,,,,,0,,0,0,0,0,0,,140,0,2,0,0,0,0,0,3,4,0,2,3,,N,,,,,,,,,,,
2007067334,754.0,1,0,0,0,0,0,0,0,0,3,0,,67,5,2007,7,39.954,-75.1767,750.0,6,0,0,0,0,0,0,0,0,,0,0,0,7,5,3,1,,0,39 57:14.000,,0,75 10:36.250,4,0,0,0,67301,0,0,0,N,0,0,0,7,67301,3,,1,1,,N,N,,0,,0,0,1,3,2,,750,3,2,0,0,0,0,0,3,4,0,2,3,,N,,,,,,,,,,,
2007067366,1508.0,1,0,0,0,0,0,0,0,0,4,1,,67,5,2007,6,40.0472,-75.1406,1506.0,6,0,0,0,0,0,1,0,0,,0,1,0,15,1,1,0,,0,40 02:49.000,,0,75 08:26.113,4,0,0,0,67301,0,0,0,N,0,0,0,3,67301,1,,1,1,,N,N,,0,,0,0,0,0,0,,1500,1,2,0,0,0,0,0,3,4,0,2,3,,N,,,,,,,,,,,
2007067237,1555.0,2,0,0,0,0,0,0,0,0,1,0,,67,5,2007,5,40.0471,-75.098,1546.0,6,0,0,0,0,0,1,0,0,,0,0,0,15,1,1,0,,0,40 02:49.000,,0,75 05:52.716,8,0,0,0,67301,0,0,0,N,0,0,0,4,67301,0,,1,1,,N,N,,0,,0,0,1,0,0,,1530,1,3,0,0,0,1,1,3,4,0,3,3,,N,,,,,,,,,,,
2007057277,2.0,3,0,0,0,0,0,0,0,0,1,0,,67,3,2007,5,40.1179,-75.0366,2358.0,6,0,0,0,0,0,0,0,0,,0,0,0,23,3,0,0,,0,40 07:04.285,,0,75 02:11.616,9,0,0,0,67301,0,0,0,N,0,0,0,1,67301,0,,1,1,,N,N,,0,,0,0,0,0,0,,2354,0,3,0,0,0,0,1,3,4,0,3,3,,N,,,,,,,,,,,
2007057280,1852.0,2,0,0,0,0,0,0,0,0,4,0,,67,4,2007,7,39.9464,-75.1795,1850.0,6,0,0,0,0,0,0,0,0,,0,0,0,18,1,0,1,,0,39 56:47.166,,0,75 10:46.214,0,0,0,0,67301,0,0,0,N,0,0,0,4,67301,0,,1,1,,N,N,,0,,0,0,0,3,2,,1848,0,2,0,0,0,0,0,3,4,0,2,3,,N,,,,,,,,,,,
2007057373,2119.0,2,0,0,0,0,0,0,0,0,1,0,,67,3,2007,4,40.0169,-75.1496,1943.0,6,0,0,0,0,0,2,0,0,,0,0,0,19,1,1,2,,0,40 01:00.000,,0,75 08:58.459,8,0,0,0,67301,0,0,0,N,0,0,0,2,67301,0,,1,1,,N,N,,0,,0,0,0,0,0,,1943,1,2,0,0,0,1,0,3,4,0,2,3,,N,,,,,,,,,,,
2007067122,1630.0,5,0,0,0,0,0,0,0,0,4,0,,67,5,2007,6,39.9431,-75.1722,1630.0,6,0,0,0,0,0,0,1,0,,0,0,0,16,1,1,2,,0,39 56:35.034,,0,75 10:19.945,4,0,0,0,67301,0,0,0,N,0,0,0,6,67301,1,,1,1,,N,N,,0,,0,0,0,0,0,,1629,1,5,0,0,4,0,0,3,4,0,5,3,,N,,,,,,,,,,,
2007029325,1.0,2,0,0,0,0,0,0,0,0,1,0,,67,1,2007,4,40.0153,-75.1499,9999.0,6,0,0,0,0,0,0,0,0,,0,0,0,23,3,3,1,,0,40 00:55.000,,0,75 08:59.708,4,0,0,0,67301,0,0,0,,0,0,0,5,67301,2,,1,1,,N,N,,0,,0,0,0,3,2,,2349,3,2,0,0,0,1,2,3,4,0,2,3,,N,,,,,,,,,,,
2007099637,1100.0,2,0,0,0,0,0,0,0,0,4,0,,67,9,2007,7,40.0086,-75.0688,1100.0,6,0,0,1,0,0,1,0,0,,0,0,0,99,1,1,1,,0,40 00:31.000,,0,75 04:07.810,8,0,0,0,67301,0,0,0,,0,0,0,3,67301,0,,1,1,,N,N,,0,,0,0,0,9,2,,9999,1,2,0,0,0,1,0,3,4,0,2,3,,N,,,,,,,,,,,
2007097480,1110.0,1,0,0,0,0,0,0,0,0,8,0,,67,8,2007,6,40.0062,-75.1519,1100.0,6,0,0,0,0,0,1,0,0,,0,0,0,99,1,2,1,,0,40 00:22.000,,0,75 09:06.895,4,0,0,0,67301,2,0,0,N,2,0,0,3,67301,2,,1,1,,N,N,,0,,0,0,0,3,2,,9999,2,3,0,0,0,0,0,3,4,0,1,3,,N,,,,,,,,,,,
2007095279,1950.0,1,0,0,0,0,0,0,0,0,4,0,,67,7,2007,4,40.125,-75.0028,1942.0,6,0,0,0,0,0,1,0,0,,0,0,0,19,1,1,2,,0,40 07:30.133,,0,75 00:09.975,4,0,0,0,67301,0,0,0,N,0,0,0,2,67301,1,,1,9,,N,N,,1,,0,0,0,3,3,,1930,1,2,0,0,0,0,0,3,4,0,2,7,,N,,,,,,,,,,,
2007095072,2117.0,1,0,0,0,0,0,0,0,0,8,0,,67,7,2007,5,40.0037,-75.1353,2114.0,6,0,0,0,0,0,0,0,0,,0,0,0,21,6,1,0,,0,40 00:13.437,,0,75 08:06.910,8,0,0,0,67301,1,0,0,N,1,0,0,2,67301,0,,1,1,,N,N,,0,,0,0,0,0,0,,2112,1,2,0,0,0,1,0,3,4,0,1,3,,N,,,,,,,,,,,
2007092602,1610.0,0,0,0,0,0,0,0,0,0,8,0,,67,7,2007,3,40.017,-75.1883,1600.0,6,0,0,0,0,0,0,0,0,,0,0,0,15,1,1,1,,0,40 01:01.000,,0,75 11:18.213,3,0,0,0,67301,1,0,0,N,1,0,0,2,67301,0,,1,1,,N,N,,0,,1,0,0,3,2,,1530,1,2,0,0,0,0,0,3,4,0,1,3,,N,,,,,,,,,,,
2007120616,1534.0,2,0,0,0,0,0,0,0,0,1,0,,67,10,2007,6,39.9585,-75.1675,1524.0,6,0,0,0,0,1,0,0,0,2.0,0,0,0,15,1,1,0,,2,39 57:30.000,3.0,0,75 10:02.431,4,0,0,0,67301,0,0,0,Y,0,0,0,2,67301,1,,1,1,,N,N,,0,,0,0,0,0,0,Y,1518,1,2,0,0,2,0,0,3,4,0,2,3,,N,,,,,,,,,,,
2007120652,1038.0,2,0,0,0,0,0,0,0,0,4,0,,67,10,2007,1,39.9301,-75.1464,1038.0,6,0,0,0,0,0,1,0,0,,0,0,0,10,1,1,1,,0,39 55:48.388,,0,75 08:47.140,4,0,0,0,67301,0,0,0,N,0,0,0,3,67301,1,,1,1,,N,N,,0,,0,0,0,3,3,,1036,1,2,0,0,2,0,0,3,4,0,2,3,,N,,,,,,,,,,,
2007120666,1915.0,0,0,0,0,0,0,0,0,0,8,0,,67,10,2007,3,39.9701,-75.1441,1910.0,6,0,0,0,0,0,0,0,0,,0,0,0,19,3,1,0,,0,39 58:12.000,,0,75 08:38.939,4,0,0,0,67301,1,0,0,N,1,0,0,2,67301,1,,1,1,,N,N,,0,,0,0,0,0,0,,1900,1,2,0,0,0,0,0,3,4,1,1,3,,N,,,,,,,,,,,
2007107108,245.0,3,0,0,0,0,0,0,0,0,4,0,,67,9,2007,1,39.9921,-75.0993,240.0,6,0,0,0,0,1,0,0,0,,0,0,0,2,8,3,1,,0,39 59:31.720,,0,75 05:57.418,2,0,0,0,67301,0,0,0,N,0,0,0,3,67301,1,,9,1,,N,N,,0,,1,1,0,3,2,,238,3,3,0,0,0,0,0,3,4,0,3,3,,N,,,,,,,,,,,
2007080485,2024.0,1,0,0,0,0,0,0,0,0,8,0,,67,6,2007,2,40.0495,-75.0667,2342.0,6,0,0,0,0,0,0,0,0,,0,0,0,20,4,1,0,,0,40 02:58.207,,0,75 04:00.289,3,0,0,0,67301,1,0,0,N,1,0,0,4,67301,0,,1,1,,N,N,,0,,1,0,0,0,0,,2024,1,2,0,0,0,0,3,3,4,0,1,3,,N,,,,,,,,,,,
2007120697,1610.0,2,0,0,0,0,0,0,0,0,4,0,,67,10,2007,5,40.0354,-75.0498,1600.0,6,0,0,0,0,0,0,0,0,,0,0,0,15,1,1,1,,0,40 02:07.432,,0,75 02:59.146,4,0,0,0,67301,0,0,0,,0,0,0,3,67301,1,,1,1,,,,,0,,0,0,0,3,2,,1515,1,2,0,0,0,0,2,3,4,0,2,3,,N,,,,,,,,,,,
2007027925,9999.0,2,0,0,0,0,0,0,0,0,4,0,,67,1,2007,7,40.0631,-75.022,1529.0,6,0,0,0,0,0,0,0,0,,0,0,0,15,1,0,1,,0,40 03:47.000,,0,75 01:19.225,0,0,0,0,67301,0,0,0,N,0,0,0,5,67301,0,,1,9,,N,N,,0,,0,0,0,3,2,,1508,0,2,0,0,1,0,0,3,4,0,2,7,,N,,,,,,,,,,,