CRN,ARRIVAL_TM,AUTOMOBILE_COUNT,BELTED_DEATH_COUNT,BELTED_SUSP_SERIOUS_INJ_COUNT,BICYCLE_COUNT,BICYCLE_DEATH_COUNT,BICYCLE_SUSP_SERIOUS_INJ_COUNT,BUS_COUNT,CHLDPAS_DEATH_COUNT,CHLDPAS_SUSP_SERIOUS_INJ_COUNT,COLLISION_TYPE,COMM_VEH_COUNT,CONS_ZONE_SPD_LIM,COUNTY,CRASH_MONTH,CRASH_YEAR,DAY_OF_WEEK,DEC_LAT,DEC_LONG,DISPATCH_TM,DISTRICT,DRIVER_COUNT_16YR,DRIVER_COUNT_17YR,DRIVER_COUNT_18YR,DRIVER_COUNT_19YR,DRIVER_COUNT_20YR,DRIVER_COUNT_50_64YR,DRIVER_COUNT_65_74YR,DRIVER_COUNT_75PLUS,EST_HRS_CLOSED,FATAL_COUNT,HEAVY_TRUCK_COUNT,HORSE_BUGGY_COUNT,HOUR_OF_DAY,ILLUMINATION,INJURY_COUNT,INTERSECT_TYPE,INTERSECTION_RELATED,LANE_CLOSED,LATITUDE,LN_CLOSE_DIR,LOCATION_TYPE,LONGITUDE,MAX_SEVERITY_LEVEL,MCYCLE_DEATH_COUNT,MCYCLE_SUSP_SERIOUS_INJ_COUNT,MOTORCYCLE_COUNT,MUNICIPALITY,NONMOTR_COUNT,NONMOTR_DEATH_COUNT,NONMOTR_SUSP_SERIOUS_INJ_COUNT,NTFY_HIWY_MAINT,PED_COUNT,PED_DEATH_COUNT,PED_SUSP_SERIOUS_INJ_COUNT,PERSON_COUNT,POLICE_AGCY,POSSIBLE_INJ_COUNT,RDWY_SURF_TYPE_CD,RELATION_TO_ROAD,ROAD_CONDITION,ROADWAY_CLEARED,SCH_BUS_IND,SCH_ZONE_IND,SECONDARY_CRASH,SMALL_TRUCK_COUNT,SPEC_JURIS_CD,SUSP_MINOR_INJ_COUNT,SUSP_SERIOUS_INJ_COUNT,SUV_COUNT,TCD_FUNC_CD,TCD_TYPE,TFC_DETOUR_IND,TIME_OF_DAY,TOT_INJ_COUNT,TOTAL_UNITS,UNB_DEATH_COUNT,UNB_SUSP_SERIOUS_INJ_COUNT,UNBELTED_OCC_COUNT,UNK_INJ_DEG_COUNT,UNK_INJ_PER_COUNT,URBAN_AREA,URBAN_RURAL,VAN_COUNT,VEHICLE_COUNT,WEATHER1,WEATHER2,WORK_ZONE_IND,WORK_ZONE_LOC,WORK_ZONE_TYPE,WORKERS_PRES,WZ_CLOSE_DETOUR,WZ_FLAGGER,WZ_LAW_OFFCR_IND,WZ_LN_CLOSURE,WZ_MOVING,WZ_OTHER,WZ_SHLDER_MDN,WZ_WORKERS_INJ_KILLED
2007023087,1209.0,1,0,0,0,0,0,0,0,0,1,0,,67,1,2007,4,40.016,-75.0843,1209.0,6,0,0,0,0,0,0,0,1,,0,0,0,12,1,1,2,,0,40 00:57.000,,0,75 05:03.643,3,0,0,0,67301,0,0,0,N,0,0,0,3,67301,0,,1,1,,N,N,,0,,1,0,1,0,0,,1209,1,2,0,0,0,0,0,3,4,0,2,3,,N,,,,,,,,,,,
2007026262,1921.0,1,0,0,0,0,0,0,0,0,5,1,,67,1,2007,7,39.9088,-75.1506,1921.0,6,0,0,0,0,0,0,0,0,1.0,0,1,0,99,3,0,0,,2,39 54:31.792,3.0,0,75 09:02.211,0,0,0,0,67301,0,0,0,N,0,0,0,2,67501,0,,1,9,,N,N,,0,,0,0,0,0,0,N,9999,0,2,0,0,0,0,0,3,4,0,2,7,,N,,,,,,,,,,,
2007025626,1011.0,1,0,0,0,0,0,0,0,0,5,1,,67,1,2007,3,39.9092,-75.1535,1010.0,6,0,0,0,0,0,0,1,0,,0,1,0,10,1,0,0,,0,39 54:33.034,,0,75 09:12.422,0,0,0,0,67301,0,0,0,N,0,0,0,2,67501,0,,1,1,,N,N,,0,,0,0,0,3,8,,1000,0,2,0,0,0,0,0,3,4,0,2,3,,N,,,,,,,,,,,
2007044850,422.0,0,0,0,0,0,0,0,0,0,7,0,,67,1,2007,6,40.0555,-75.1263,420.0,6,0,0,0,0,0,0,0,0,,0,0,0,4,3,0,2,,0,40 03:19.000,,0,75 07:34.533,0,0,0,0,67301,0,0,0,N,0,0,0,1,46102,0,,5,1,,N,N,,1,,0,0,0,3,2,,420,0,1,0,0,0,0,0,3,4,0,1,3,,N,,,,,,,,,,,
2007047503,1040.0,0,0,0,0,0,0,0,0,0,5,1,,67,1,2007,2,40.0331,-75.2157,1033.0,6,0,0,0,0,0,0,0,0,,0,1,0,10,1,1,0,,0,40 01:59.127,,0,75 12:56.448,8,0,0,0,67301,0,0,0,N,0,0,0,2,67301,0,,1,2,,N,N,,0,,0,0,1,0,0,,1033,1,2,0,0,1,1,0,3,4,0,2,3,,N,,,,,,,,,,,
2007047630,940.0,0,0,0,0,0,0,0,0,0,8,0,,67,3,2007,4,39.9581,-75.2095,938.0,6,0,0,0,0,0,0,1,0,,0,0,0,9,1,1,0,,0,39 57:29.000,,0,75 12:34.521,4,0,0,0,67301,1,0,0,N,1,0,0,2,67301,1,,6,1,,N,N,,0,,0,0,0,0,0,,938,1,2,0,0,0,0,0,3,4,1,1,3,,N,,,,,,,,,,,
2007047670,2145.0,2,0,0,0,0,0,0,0,0,4,0,,67,2,2007,6,40.0542,-75.179,2140.0,6,0,0,0,1,0,0,0,0,,0,0,0,21,3,3,1,,0,40 03:15.000,,0,75 10:44.337,8,0,0,0,67301,0,0,0,N,0,0,0,3,67301,0,,1,1,,N,N,,0,,0,0,0,3,3,,2120,3,2,0,0,0,3,0,3,4,0,2,3,,N,,,,,,,,,,,
2007047679,1330.0,0,0,0,0,0,0,0,0,0,8,0,,67,2,2007,4,39.9817,-75.1039,1320.0,6,0,0,0,0,0,0,0,0,,0,0,0,13,1,1,1,,0,39 58:54.090,,0,75 06:13.944,4,0,0,0,67301,1,0,0,N,1,0,0,2,67301,1,,1,7,,N,N,,0,,0,0,0,3,3,,1315,1,2,0,0,0,0,1,3,4,0,1,10,,N,,,,,,,,,,,
2007029681,1743.0,0,0,0,0,0,0,0,0,0,7,0,,67,1,2007,2,40.0877,-75.2114,9999.0,6,0,0,0,0,0,1,0,0,2.0,0,0,0,17,3,0,0,,2,40 05:15.622,6.0,0,75 12:41.130,0,0,0,0,67301,0,0,0,N,0,0,0,3,67301,0,,4,9,,N,N,,0,,0,0,1,0,0,Y,1740,0,1,0,0,0,0,0,3,4,0,1,7,,N,,,,,,,,,,,
2007067622,1600.0,2,0,0,0,0,0,0,0,0,1,0,,67,5,2007,5,40.1179,-75.0326,1547.0,6,0,0,0,0,0,0,0,1,,0,0,0,15,1,1,0,,0,40 07:04.400,,0,75 01:57.300,3,0,0,0,67301,0,0,0,,0,0,0,2,67301,0,,6,1,,,,,0,,1,0,0,0,0,,1540,1,2,0,0,0,0,0,3,4,0,2,3,,N,,,,,,,,,,,
2007106761,1642.0,0,0,0,0,0,0,0,0,0,1,0,,67,9,2007,3,40.014,-75.1789,1640.0,6,0,0,0,0,0,0,0,0,1.0,0,0,0,16,1,1,0,,1,40 00:51.000,3.0,0,75 10:42.819,3,0,0,0,67301,0,0,0,N,0,0,0,2,67301,0,,1,1,,N,N,,1,,1,0,1,3,8,N,1636,1,2,0,0,0,0,0,3,4,0,2,3,,N,,,,,,,,,,,
2007106773,2220.0,0,0,0,1,0,0,0,0,0,6,0,,67,8,2007,7,39.9701,-75.1304,2211.0,6,0,0,0,0,0,0,0,0,1.0,0,0,0,99,3,2,1,,2,39 58:12.000,4.0,0,75 07:48.887,4,0,0,1,67301,1,0,0,,0,0,0,2,67301,2,,1,1,,N,N,,0,,0,0,0,3,2,N,9999,2,2,0,0,0,0,0,3,4,0,1,3,,N,,,,,,,,,,,
2007109457,1800.0,0,0,0,1,0,0,1,0,0,4,1,,67,9,2007,2,39.9561,-75.2381,1750.0,6,0,0,0,0,0,0,0,0,,0,0,0,17,1,1,0,,0,39 57:21.905,,0,75 14:17.033,4,0,0,0,67301,1,0,0,N,0,0,0,2,67301,1,,1,1,,N,N,,0,,0,0,0,3,2,,1745,1,2,0,0,0,0,0,3,4,0,1,3,,N,,,,,,,,,,,
2007047846,1520.0,1,0,0,0,0,0,0,0,0,8,0,,67,3,2007,3,39.9572,-75.2337,1510.0,6,0,0,0,0,0,0,1,0,,0,0,0,15,1,1,0,,0,39 57:25.808,,0,75 14:01.237,8,0,0,0,67301,1,0,0,N,1,0,0,2,67301,0,,1,1,,N,Y,,0,,0,0,0,0,0,,1500,1,2,0,0,0,1,0,3,4,0,1,3,,N,,,,,,,,,,,
2007047886,2011.0,2,0,0,0,0,0,0,0,0,4,0,,67,2,2007,1,40.0584,-75.1492,2008.0,6,0,0,0,1,0,0,0,0,,0,0,0,20,3,0,1,,0,40 03:30.268,,0,75 08:57.263,0,0,0,0,67301,0,0,0,N,0,0,0,2,67301,0,,1,1,,N,N,,0,,0,0,0,2,2,,2005,0,2,0,0,0,0,0,3,4,0,2,3,,N,,,,,,,,,,,
2007106925,9999.0,1,0,0,0,0,0,0,0,0,7,0,,67,9,2007,4,40.0891,-74.9901,9999.0,6,0,0,0,1,0,0,0,0,,0,0,0,99,3,2,10,,0,40 05:20.680,,0,74 59:24.352,4,0,0,0,67301,0,0,0,N,0,0,0,2,67301,2,,2,1,,N,N,,0,,0,0,0,0,0,,9999,2,1,0,0,0,0,0,3,4,0,1,3,,N,,,,,,,,,,,
2007047890,1912.0,1,0,0,0,0,0,0,0,0,1,0,,67,3,2007,7,40.029,-75.0892,1907.0,6,0,0,1,0,0,0,0,0,1.0,0,0,0,19,3,2,0,,1,40 01:44.000,1.0,1,75 05:20.726,4,0,0,0,67301,0,0,0,N,0,0,0,3,67301,1,,1,1,,N,N,,1,,0,0,0,0,0,Y,1907,2,2,0,0,0,1,0,3,4,0,2,3,,N,,,,,,,,,,,
2007047952,1855.0,1,0,0,0,0,0,0,0,0,4,0,,67,2,2007,4,39.988,-75.0889,1852.0,6,0,0,0,0,0,0,1,0,2.0,0,0,0,99,3,2,0,,1,39 59:17.000,1.0,1,75 05:19.632,3,0,0,0,67301,0,0,0,N,0,0,0,2,67301,0,,1,1,,N,N,,0,,2,0,1,0,0,N,9999,2,2,0,0,0,0,0,3,4,0,2,3,,N,,,,,,,,,,,
2007058125,1850.0,1,0,0,0,0,0,0,0,0,1,0,,67,4,2007,6,39.893,-75.2356,1810.0,6,0,0,0,0,0,0,0,0,,0,0,0,17,1,0,7,,0,39 53:34.800,,2,75 14:08.160,0,0,0,0,67301,0,0,0,N,0,0,0,2,67301,0,,1,1,,N,N,,1,,0,0,0,0,0,,1720,0,2,0,0,0,0,0,3,4,0,2,3,,N,,,,,,,,,,,
2007093570,1822.0,3,0,0,0,0,0,0,0,0,4,0,,67,7,2007,2,40.0789,-75.0253,1816.0,6,0,0,0,0,0,2,0,0,1.0,0,0,0,18,1,1,2,,1,40 04:44.000,3.0,0,75 01:31.191,8,0,0,0,67301,0,0,0,N,0,0,0,5,67301,0,,1,1,,N,N,,1,,0,0,0,3,2,N,1815,1,4,0,0,1,1,0,3,4,0,4,3,,N,,,,,,,,,,,
2007127656,1659.0,1,0,0,0,0,0,0,0,0,8,0,,67,10,2007,6,39.9534,-75.1547,1656.0,6,0,0,0,0,0,0,0,0,,0,0,0,13,1,1,1,,0,39 57:12.000,,0,75 09:16.973,3,0,0,0,67301,1,0,0,,1,0,0,2,67301,0,,1,9,,,,,0,,1,0,0,3,2,,1315,1,2,0,0,0,0,0,3,4,0,1,7,,N,,,,,,,,,,,
2007093142,830.0,1,0,0,0,0,0,0,0,0,1,0,,67,7,2007,2,40.0396,-75.0844,823.0,6,0,0,0,0,0,0,0,0,,0,0,0,8,1,1,1,,0,40 02:22.401,,0,75 05:03.893,4,0,0,0,67301,0,0,0,N,0,0,0,2,67301,1,,1,1,,N,Y,,0,,0,0,1,3,2,,815,1,2,0,0,0,0,0,3,4,0,2,3,,N,,,,,,,,,,,
2007093229,1228.0,1,0,0,0,0,0,0,0,0,1,0,,67,6,2007,7,39.9572,-75.2145,1225.0,6,0,0,0,0,0,0,0,0,,0,0,0,12,1,2,0,,0,39 57:25.000,,0,75 12:52.016,4,0,0,0,67301,0,0,0,N,0,0,0,4,67301,2,,1,1,,N,N,,1,,0,0,0,3,2,,1224,2,2,0,0,0,0,0,3,4,0,2,3,,N,,,,,,,,,,,
2007093374,1605.0,1,0,0,0,0,0,0,0,0,8,0,,67,7,2007,2,39.9716,-75.1602,1603.0,6,0,0,0,0,0,0,0,0,,0,0,0,16,1,1,1,,0,39 58:17.000,,0,75 09:36.821,8,0,0,0,67301,1,0,0,,1,0,0,2,67301,0,,1,1,,,,,0,,0,0,0,0,0,,1600,1,2,0,0,0,1,0,3,4,0,1,3,,N,,,,,,,,,,,
2007029971,1122.0,2,0,0,0,0,0,0,0,0,1,0,,67,1,2007,6,39.9932,-75.2003,1116.0,6,0,0,0,0,0,0,0,0,,0,0,0,11,1,0,0,,0,39 59:38.268,,0,75 11:57.409,0,0,0,0,67301,0,0,0,N,0,0,0,2,68K01,0,,1,1,,N,N,,0,,0,0,0,0,0,,1113,0,2,0,0,0,0,0,3,4,0,2,3,,N,,,,,,,,,,,
2007022239,823.0,1,0,0,0,0,0,0,0,0,4,0,,67,1,2007,6,39.964,-75.2444,820.0,6,0,0,0,0,0,0,0,0,,0,0,0,8,1,2,1,,0,39 57:50.551,,0,75 14:39.847,4,0,0,0,67301,0,0,0,,0,0,0,6,67301,2,,1,9,,,,,0,,0,0,1,3,3,,815,2,2,0,0,0,0,0,3,4,0,2,3,,N,,,,,,,,,,,
2007027636,2010.0,1,0,0,0,0,0,0,0,0,2,0,,67,2,2007,5,40.0392,-75.1917,2000.0,6,0,0,0,0,0,0,0,0,,0,0,0,20,3,1,1,,0,40 02:20.000,,0,75 11:30.209,4,0,0,0,67301,0,0,0,N,0,0,0,2,67301,1,,1,1,,N,N,,0,,0,0,1,3,2,,2000,1,2,0,0,0,0,1,3,4,0,2,3,,N,,,,,,,,,,,
2007027648,1612.0,1,0,0,0,0,0,0,0,0,4,0,,67,1,2007,6,39.9932,-75.0933,1601.0,6,0,0,0,0,0,1,0,0,,0,0,0,15,1,1,2,,0,39 59:35.000,,0,75 05:35.812,3,0,0,0,67301,0,0,0,,0,0,0,2,67301,0,,1,1,,N,N,,0,,1,0,0,0,0,,1501,1,2,0,0,1,0,1,3,4,1,2,3,,N,,,,,,,,,,,
2007027659,1730.0,1,0,0,2,0,0,0,0,0,8,0,,67,1,2007,2,39.9577,-75.2142,1727.0,6,0,0,0,0,0,1,0,0,,0,0,0,17,3,3,0,,0,39 57:27.820,,0,75 12:51.055,8,0,0,0,67301,3,0,0,N,0,0,0,4,67301,0,,1,1,,N,N,,0,,0,0,0,0,0,,1726,3,3,0,0,0,3,0,3,4,0,1,3,,N,,,,,,,,,,,
2007027700,1216.0,2,0,0,0,0,0,0,0,0,4,0,,67,1,2007,6,39.9303,-75.222,1215.0,6,0,0,0,0,1,0,0,0,2.0,0,0,0,12,1,1,2,,1,39 55:48.957,1.0,0,75 13:19.160,3,0,0,0,67301,0,0,0,N,0,0,0,2,67301,0,,1,9,,,,,0,,1,0,0,9,3,N,1200,1,2,0,0,0,0,0,3,4,0,2,7,,N,,,,,,,,,,,
2007027707,1745.0,1,0,0,0,0,0,0,0,0,8,0,,67,1,2007,3,40.0077,-75.1388,1740.0,6,0,0,0,0,0,1,0,0,,0,0,0,17,3,1,1,,0,40 00:27.586,,0,75 08:19.563,4,0,0,0,67301,1,0,0,,1,0,0,2,67301,1,,1,1,,,,,0,,0,0,0,0,0,,1738,1,2,0,0,1,0,0,3,4,0,1,3,,N,,,,,,,,,,,
2007027557,707.0,2,0,0,0,0,0,0,0,0,1,0,,67,2,2007,7,39.9392,-75.1933,707.0,6,0,0,0,0,0,0,0,0,,0,0,0,7,1,1,1,,0,39 56:21.084,,0,75 11:35.786,8,0,0,0,67301,0,0,0,N,0,0,0,2,67301,0,,1,1,,N,N,,0,,0,0,0,3,2,,707,1,2,0,0,0,1,0,3,4,0,2,3,,N,,,,,,,,,,,
2007022757,845.0,3,0,0,0,0,0,0,0,0,2,0,,67,1,2007,5,40.1121,-75.0269,832.0,6,0,0,0,0,0,0,0,0,2.0,0,0,0,8,1,1,0,,1,40 06:43.513,1.0,0,75 01:36.994,4,0,0,0,67301,0,0,0,N,0,0,0,2,67301,1,,1,2,,N,N,,0,,0,0,0,0,0,Y,805,1,3,0,0,0,0,0,3,4,0,3,10,,N,,,,,,,,,,,
2007023006,215.0,2,0,0,0,0,0,0,0,0,4,0,,67,1,2007,2,40.0415,-75.1065,211.0,6,0,0,0,0,0,0,0,0,,0,0,0,2,3,2,0,,0,40 02:29.000,,0,75 06:23.166,4,0,0,0,67301,0,0,0,N,0,0,0,3,67301,2,,1,9,,N,N,,0,,0,0,0,0,0,,210,2,2,0,0,0,0,0,3,4,0,2,7,,N,,,,,,,,,,,
2007096657,1533.0,3,0,0,0,0,0,0,0,0,1,0,,67,8,2007,1,39.9745,-75.1942,1516.0,6,0,0,0,0,0,0,0,0,,0,0,0,15,1,2,0,,0,39 58:32.761,,0,75 11:41.218,4,0,0,0,67301,0,0,0,N,0,0,0,5,68K01,2,,1,1,,N,N,,1,,0,0,0,0,0,,1505,2,4,0,0,0,0,1,3,4,0,4,3,,N,,,,,,,,,,,
2007066268,1804.0,3,0,0,0,0,0,0,0,0,7,0,,67,5,2007,5,39.9323,-75.1593,1756.0,6,0,0,0,0,0,2,0,0,,0,0,0,17,1,1,0,,0,39 55:56.154,,0,75 09:33.591,8,0,0,0,67301,0,0,0,,0,0,0,2,67301,0,,2,1,,N,N,,0,,0,0,0,0,0,,1705,1,3,0,0,0,1,0,3,4,0,3,3,,N,,,,,,,,,,,
2007056405,1530.0,3,0,0,0,0,0,0,0,0,6,0,,67,3,2007,1,40.1018,-75.0275,1530.0,6,0,0,0,0,0,1,1,0,,0,0,0,15,1,3,1,,0,40 06:06.588,,0,75 01:38.906,8,0,0,0,67301,0,0,0,N,0,0,0,4,67301,0,,1,1,,N,N,,0,,0,0,0,3,2,,1530,3,3,0,0,0,3,0,3,4,0,3,3,,N,,,,,,,,,,,
2007056601,1900.0,1,0,0,0,0,0,0,0,0,8,0,,67,4,2007,7,40.0734,-75.0847,1855.0,6,0,0,0,0,0,1,0,0,,0,0,0,18,1,1,3,,0,40 04:24.000,,0,75 05:04.743,4,0,0,0,67301,1,0,0,N,1,0,0,2,67301,1,,5,1,,N,N,,0,,0,0,0,3,2,,1855,1,2,0,0,0,0,0,3,4,0,1,3,,N,,,,,,,,,,,
2007057408,950.0,1,0,0,0,0,0,0,0,0,4,0,,67,3,2007,4,39.959,-75.1739,945.0,6,0,0,0,0,0,1,0,0,,0,0,0,9,1,1,1,,0,39 57:32.371,,0,75 10:26.147,8,0,0,0,67301,0,0,0,N,0,0,0,3,67301,0,,1,1,,N,N,,1,,0,0,0,3,2,,940,1,2,0,0,0,1,0,3,4,0,2,3,,N,,,,,,,,,,,
2007067450,1953.0,1,0,0,1,0,0,0,0,0,6,0,,67,5,2007,5,39.9549,-75.2087,1953.0,6,0,0,0,0,0,1,0,0,,0,0,0,19,1,1,1,,0,39 57:17.000,,0,75 12:31.268,8,0,0,0,67301,1,0,0,,0,0,0,3,67301,0,,2,1,,,,,0,,0,0,0,9,2,,1915,1,2,0,0,0,1,0,3,4,0,1,3,,N,,,,,,,,,,,
2007057534,753.0,1,0,0,0,0,0,0,0,0,7,0,,67,4,2007,1,40.0492,-74.996,747.0,6,0,0,0,0,0,0,0,0,1.0,0,0,0,7,1,1,6,,1,40 02:59.000,1.0,2,74 59:36.330,4,0,0,0,67301,0,0,0,Y,0,0,0,2,67301,1,,4,9,,N,N,,0,,0,0,0,0,0,N,745,1,1,0,0,0,0,0,3,4,0,1,7,,N,,,,,,,,,,,
2007067284,1525.0,2,0,0,0,0,0,0,0,0,1,0,,67,5,2007,7,,,1520.0,6,0,0,0,0,0,0,0,0,1.0,0,0,0,15,1,0,0,,1,,1.0,0,,9,0,0,0,67301,0,0,0,N,0,0,0,4,67301,0,,1,9,,N,N,,0,,0,0,0,0,0,N,1520,0,2,0,0,0,0,1,3,3,0,2,3,,N,,,,,,,,,,,
2007067285,1555.0,1,0,0,0,0,0,0,0,0,7,0,,67,4,2007,7,39.9117,-75.1489,1546.0,6,0,0,0,0,1,0,0,0,,0,0,0,15,1,1,7,,0,39 54:42.708,,0,75 08:55.748,4,0,0,0,67301,0,0,0,N,0,0,0,1,67301,1,,2,1,,N,N,,0,,0,0,0,0,0,,1546,1,1,0,0,0,0,0,3,4,0,1,3,,N,,,,,,,,,,,
2007067355,750.0,2,0,0,0,0,0,0,0,0,4,0,,67,5,2007,2,39.964,-75.1745,748.0,6,0,0,0,0,0,1,1,0,,0,0,0,7,1,1,1,,0,39 57:50.835,,0,75 10:27.945,8,0,0,0,67301,0,0,0,N,0,0,0,2,67301,0,,1,1,,N,N,,0,,0,0,0,3,2,,745,1,2,0,0,0,1,0,3,4,0,2,3,,N,,,,,,,,,,,
2007067202,2235.0,1,0,0,0,0,0,0,0,0,7,0,,67,5,2007,4,39.9964,-75.0825,2221.0,6,0,0,0,0,0,0,0,0,2.0,0,0,0,22,3,1,0,,1,39 59:47.000,1.0,0,75 04:56.751,3,0,0,0,67301,0,0,0,Y,0,0,0,1,67301,0,,2,1,,N,N,,0,,1,0,0,0,0,N,2220,1,1,0,0,0,0,0,3,4,0,1,3,,N,,,,,,,,,,,
2007067214,1635.0,2,0,0,0,0,0,0,0,0,4,0,,67,5,2007,4,40.0007,-75.2136,1628.0,6,0,0,0,0,0,0,0,0,,0,0,0,16,1,0,0,,0,40 00:02.368,,0,75 12:48.927,0,0,0,0,67301,0,0,0,N,0,0,0,2,67301,0,,1,1,,N,N,,0,,0,0,0,0,0,,1600,0,2,0,0,0,0,0,3,4,0,2,3,,N,,,,,,,,,,,
2007057337,953.0,2,0,0,0,0,0,0,0,0,1,0,,67,4,2007,4,40.0175,-75.2022,953.0,6,0,0,0,1,0,1,0,0,1.0,0,0,0,9,1,1,0,,2,40 01:03.157,5.0,0,75 12:07.920,4,0,0,0,67301,0,0,0,N,0,0,0,4,67301,1,,1,1,,N,N,,0,,0,0,1,0,0,N,950,1,3,0,0,0,0,0,3,4,0,3,3,,N,,,,,,,,,,,
2007057339,1809.0,0,0,0,0,0,0,0,0,0,0,0,,67,4,2007,2,39.9128,-75.138,1806.0,6,0,0,0,0,0,0,0,0,,0,0,0,17,1,0,0,,0,39 54:46.152,,0,75 08:16.892,0,0,0,0,67301,0,0,0,N,0,0,0,1,67301,0,,1,1,,N,N,,1,,0,0,0,0,0,,1737,0,1,0,0,0,0,0,3,4,0,1,3,,N,,,,,,,,,,,
2007067098,1617.0,2,0,0,1,0,0,0,0,0,6,0,,67,5,2007,4,39.9224,-75.1542,1611.0,6,0,0,0,0,0,0,0,0,,0,0,0,16,1,1,0,,0,39 55:20.000,,0,75 09:15.251,3,0,0,0,67301,1,0,0,,0,0,0,3,67301,0,,1,1,,N,N,,0,,1,0,0,0,0,,1610,1,3,0,0,0,0,1,3,4,0,2,3,,N,,,,,,,,,,,
2007067104,1300.0,1,0,0,0,0,0,0,0,0,1,0,,67,5,2007,6,39.9536,-75.165,1250.0,6,0,0,1,0,0,0,0,0,,0,0,0,12,1,1,0,,0,39 57:12.000,,0,75 09:54.217,8,0,0,0,67301,0,0,0,N,0,0,0,2,67301,0,,1,1,,N,N,,1,,0,0,0,0,0,,1250,1,2,0,0,0,1,0,3,4,0,2,3,,N,,,,,,,,,,,
2007099131,1740.0,1,0,0,0,0,0,0,0,0,1,0,,67,9,2007,3,40.029,-75.0892,1735.0,6,0,0,0,0,0,0,0,0,,0,0,0,17,1,0,1,,0,40 01:44.000,,0,75 05:21.035,0,0,0,0,67301,0,0,0,,0,0,0,2,67301,0,,1,1,,,N,,0,,0,0,0,3,2,,1730,0,2,0,0,0,0,0,3,4,1,2,3,,N,,,,,,,,,,,
2007099166,1700.0,1,0,0,0,0,0,0,0,0,1,0,,67,8,2007,7,39.9278,-75.237,1655.0,6,0,0,0,0,0,1,0,0,,0,0,0,16,1,2,1,,0,39 55:40.000,,0,75 14:13.131,4,0,0,0,67301,0,0,0,N,0,0,0,3,67301,2,,1,1,,N,N,,0,,0,0,0,3,2,,1645,2,2,0,0,2,0,1,3,4,0,2,3,,N,,,,,,,,,,,
2007029314,9999.0,2,0,0,0,0,0,0,0,0,1,0,,67,1,2007,6,40.0185,-75.1671,1455.0,6,0,0,0,0,0,0,0,0,,0,0,0,14,1,0,3,,0,40 01:06.000,,2,75 10:01.464,0,0,0,0,67301,0,0,0,N,0,0,0,2,67301,0,,1,1,,N,N,,0,,0,0,0,0,0,,1455,0,2,0,0,0,0,0,3,4,0,2,3,,N,,,,,,,,,,,
2007099605,850.0,1,0,0,1,0,0,0,0,0,4,0,,67,8,2007,4,39.9558,-75.1915,820.0,6,0,0,0,0,0,1,0,0,,0,0,0,8,1,1,1,,0,39 57:20.966,,0,75 11:29.280,4,0,0,0,67301,1,0,0,N,0,0,0,3,67301,1,,1,1,,N,N,,0,,0,0,0,3,2,,815,1,2,0,0,0,0,0,3,4,0,1,3,,N,,,,,,,,,,,
2007128148,638.0,1,0,0,0,0,0,0,0,0,4,0,,67,10,2007,6,39.9445,-75.2236,611.0,6,0,0,0,0,0,0,0,0,,0,0,0,6,5,3,2,,0,39 56:40.207,,0,75 13:25.075,4,0,0,0,67301,0,0,0,N,0,0,0,3,67301,3,,1,9,,N,N,,0,,0,0,1,0,0,,600,3,2,0,0,0,0,0,3,4,0,2,7,,N,,,,,,,,,,,
2007092496,2035.0,1,0,0,0,0,0,0,0,0,4,0,,67,7,2007,4,39.9543,-75.1621,2029.0,6,0,0,0,0,0,1,0,0,,0,0,0,20,4,1,1,,0,39 57:15.000,,0,75 09:43.411,4,0,0,0,67301,0,0,0,N,0,0,0,2,67301,1,,1,1,,N,N,,0,,0,0,0,3,3,,2010,1,2,0,0,0,0,0,3,4,1,2,3,,N,,,,,,,,,,,
2007092809,704.0,1,0,0,0,0,0,0,0,0,7,0,,67,8,2007,3,39.8827,-75.245,702.0,6,0,0,0,0,0,1,0,0,1.0,0,0,0,7,1,0,3,,1,39 52:45.000,1.0,0,75 14:55.260,0,0,0,0,67301,0,0,0,Y,0,0,0,1,67301,0,,2,1,,N,N,,0,,0,0,0,0,0,Y,700,0,1,0,0,0,0,0,3,4,0,1,3,,N,,,,,,,,,,,
2007090058,1546.0,1,0,0,0,0,0,0,0,0,4,0,,67,7,2007,6,39.9074,-75.1427,1545.0,6,0,1,0,0,0,1,0,0,1.0,0,0,0,15,1,0,0,,1,39 54:26.683,3.0,0,75 08:33.593,0,0,0,0,67301,0,0,0,N,0,0,0,3,67501,0,,1,1,,N,N,,0,,0,0,1,3,8,N,1545,0,2,0,0,0,0,0,3,4,0,2,3,,N,,,,,,,,,,,
2007120515,1630.0,2,0,0,0,0,0,0,0,0,6,0,,67,10,2007,6,39.9482,-75.2212,1530.0,6,0,0,0,0,0,0,0,0,,0,0,0,99,1,2,1,,0,39 56:53.428,,0,75 13:16.308,8,0,0,0,67301,0,0,0,N,0,0,0,3,67301,0,,1,1,,N,N,,0,,0,0,0,3,2,,9999,2,2,0,0,0,2,1,3,4,0,2,3,,N,,,,,,,,,,,