CRN,ARRIVAL_TM,AUTOMOBILE_COUNT,BELTED_DEATH_COUNT,BELTED_SUSP_SERIOUS_INJ_COUNT,BICYCLE_COUNT,BICYCLE_DEATH_COUNT,BICYCLE_SUSP_SERIOUS_INJ_COUNT,BUS_COUNT,CHLDPAS_DEATH_COUNT,CHLDPAS_SUSP_SERIOUS_INJ_COUNT,COLLISION_TYPE,COMM_VEH_COUNT,CONS_ZONE_SPD_LIM,COUNTY,CRASH_MONTH,CRASH_YEAR,DAY_OF_WEEK,DEC_LAT,DEC_LONG,DISPATCH_TM,DISTRICT,DRIVER_COUNT_16YR,DRIVER_COUNT_17YR,DRIVER_COUNT_18YR,DRIVER_COUNT_19YR,DRIVER_COUNT_20YR,DRIVER_COUNT_50_64YR,DRIVER_COUNT_65_74YR,DRIVER_COUNT_75PLUS,EST_HRS_CLOSED,FATAL_COUNT,HEAVY_TRUCK_COUNT,HORSE_BUGGY_COUNT,HOUR_OF_DAY,ILLUMINATION,INJURY_COUNT,INTERSECT_TYPE,INTERSECTION_RELATED,LANE_CLOSED,LATITUDE,LN_CLOSE_DIR,LOCATION_TYPE,LONGITUDE,MAX_SEVERITY_LEVEL,MCYCLE_DEATH_COUNT,MCYCLE_SUSP_SERIOUS_INJ_COUNT,MOTORCYCLE_COUNT,MUNICIPALITY,NONMOTR_COUNT,NONMOTR_DEATH_COUNT,NONMOTR_SUSP_SERIOUS_INJ_COUNT,NTFY_HIWY_MAINT,PED_COUNT,PED_DEATH_COUNT,PED_SUSP_SERIOUS_INJ_COUNT,PERSON_COUNT,POLICE_AGCY,POSSIBLE_INJ_COUNT,RDWY_SURF_TYPE_CD,RELATION_TO_ROAD,ROAD_CONDITION,ROADWAY_CLEARED,SCH_BUS_IND,SCH_ZONE_IND,SECONDARY_CRASH,SMALL_TRUCK_COUNT,SPEC_JURIS_CD,SUSP_MINOR_INJ_COUNT,SUSP_SERIOUS_INJ_COUNT,SUV_COUNT,TCD_FUNC_CD,TCD_TYPE,TFC_DETOUR_IND,TIME_OF_DAY,TOT_INJ_COUNT,TOTAL_UNITS,UNB_DEATH_COUNT,UNB_SUSP_SERIOUS_INJ_COUNT,UNBELTED_OCC_COUNT,UNK_INJ_DEG_COUNT,UNK_INJ_PER_COUNT,URBAN_AREA,URBAN_RURAL,VAN_COUNT,VEHICLE_COUNT,WEATHER1,WEATHER2,WORK_ZONE_IND,WORK_ZONE_LOC,WORK_ZONE_TYPE,WORKERS_PRES,WZ_CLOSE_DETOUR,WZ_FLAGGER,WZ_LAW_OFFCR_IND,WZ_LN_CLOSURE,WZ_MOVING,WZ_OTHER,WZ_SHLDER_MDN,WZ_WORKERS_INJ_KILLED
2007120649,1147.0,2,0,0,0,0,0,0,0,0,4,0,,67,10,2007,2,39.9287,-75.1447,1143.0,6,0,0,0,0,0,0,0,0,,0,0,0,11,1,0,2,,0,39 55:43.000,,0,75 08:40.953,0,0,0,0,67301,0,0,0,N,0,0,0,2,67301,0,,1,1,,N,N,,0,,0,0,0,0,0,,1140,0,2,0,0,2,0,0,3,4,0,2,3,,N,,,,,,,,,,,
2007120659,1839.0,2,0,0,0,0,0,0,0,0,4,0,,67,10,2007,6,39.9779,-75.1254,1838.0,6,0,0,0,0,0,1,0,0,,0,0,0,99,1,1,1,,0,39 58:40.422,,0,75 07:31.292,4,0,0,0,67301,0,0,0,N,0,0,0,2,67301,1,,1,1,,N,N,,0,,0,0,0,2,3,,9999,1,2,0,0,0,0,0,3,4,0,2,3,,N,,,,,,,,,,,
2007120670,1820.0,2,0,0,0,0,0,0,0,0,2,0,,67,10,2007,4,39.9828,-75.2063,1815.0,6,0,0,0,0,0,1,0,0,,0,0,0,18,4,0,2,,0,39 58:58.072,,0,75 12:22.561,0,0,0,0,67301,0,0,0,N,0,0,0,3,67301,0,,1,1,,N,N,,0,,0,0,0,0,0,,1815,0,2,0,0,0,0,0,3,4,0,2,3,,N,,,,,,,,,,,
2007125531,820.0,2,0,0,0,0,0,0,0,0,5,0,,67,12,2007,7,40.0832,-75.2066,819.0,6,0,0,0,0,0,2,0,0,,0,0,0,6,3,1,0,,0,40 04:59.000,,0,75 12:23.377,8,0,0,0,67301,0,0,0,N,0,0,0,4,46108,0,,1,1,,N,N,,0,,0,0,0,0,0,,634,1,2,0,0,0,1,0,3,4,0,2,3,,N,,,,,,,,,,,
2007080426,1712.0,0,0,0,0,0,0,0,0,0,6,1,,67,2,2007,1,,,1707.0,6,0,0,0,0,0,0,0,0,,0,1,0,17,1,1,0,,0,,,99,,4,0,0,0,67301,0,0,0,N,0,0,0,1,67301,1,,1,1,,N,N,,0,,0,0,0,0,0,,1700,1,2,0,0,0,0,0,3,3,1,2,3,,N,,,,,,,,,,,
2007093373,1225.0,2,0,0,0,0,0,0,0,0,4,0,,67,6,2007,1,39.9763,-75.1831,1225.0,6,0,0,0,0,0,0,0,0,2.0,0,0,0,11,1,4,1,,2,39 58:34.000,1.0,0,75 10:59.119,8,0,0,0,67301,0,0,0,N,0,0,0,4,67301,0,,1,1,,N,N,,0,,0,0,0,3,2,Y,1130,4,2,0,0,0,4,0,3,4,0,2,3,,N,,,,,,,,,,,
2007022244,1215.0,1,0,0,0,0,0,0,0,0,4,0,,67,1,2007,4,40.0621,-75.0583,1206.0,6,0,0,0,0,0,1,0,1,,0,0,0,12,1,2,1,,0,40 03:43.646,,0,75 03:29.984,4,0,0,0,67301,0,0,0,,0,0,0,2,67301,1,,1,1,,,,,1,,0,0,0,3,3,,1200,2,2,0,0,0,1,0,3,4,0,2,3,,N,,,,,,,,,,,
2007022304,9999.0,2,0,0,0,0,0,0,0,0,1,0,,67,1,2007,6,40.0339,-75.0743,1754.0,6,0,0,0,0,0,1,0,0,,0,0,0,99,3,1,1,,0,40 02:02.000,,0,75 04:27.142,8,0,0,0,67301,0,0,0,,0,0,0,5,67301,0,,1,9,,N,,,0,,0,0,0,0,0,,9999,1,2,0,0,4,1,0,3,4,0,2,7,,N,,,,,,,,,,,
2007022308,2034.0,1,0,0,0,0,0,0,0,0,4,0,,67,1,2007,3,40.0201,-75.1488,2032.0,6,0,0,1,0,0,0,0,0,,0,0,0,20,3,3,2,,0,40 01:12.000,,0,75 08:55.616,4,0,0,1,67301,0,0,0,,0,0,0,4,67301,2,,1,1,,N,N,,0,,0,0,0,3,2,,2030,3,2,0,0,0,1,0,3,4,0,2,3,,N,,,,,,,,,,,
2007022350,1410.0,2,0,0,0,0,0,0,0,0,6,0,,67,1,2007,4,40.029,-75.2106,1402.0,6,0,0,0,0,0,1,0,1,,0,0,0,14,1,1,2,,0,40 01:44.000,,0,75 12:38.066,4,0,0,0,67301,0,0,0,N,0,0,0,3,67301,1,,1,1,,N,N,,0,,0,0,0,3,3,,1402,1,2,0,0,0,0,0,3,4,0,2,3,,N,,,,,,,,,,,
2007030092,610.0,1,0,0,0,0,0,0,0,0,1,0,,67,1,2007,4,39.9785,-75.1106,605.0,6,0,0,0,0,0,2,0,0,1.0,0,0,0,6,3,2,0,,1,39 58:42.000,2.0,0,75 06:38.694,8,0,0,0,67301,0,0,0,N,0,0,0,3,67301,0,,1,1,,N,N,,0,,0,0,1,0,0,N,605,2,3,0,0,2,2,0,3,4,1,3,3,,N,,,,,,,,,,,
2007022400,910.0,2,0,0,0,0,0,0,0,0,1,0,,67,1,2007,5,39.9792,-75.1091,906.0,6,0,0,0,0,1,0,0,0,1.0,0,0,0,9,1,1,0,,1,39 58:45.000,2.0,3,75 06:29.997,4,0,0,0,67301,0,0,0,N,0,0,0,2,67301,1,,1,1,,N,N,,0,,0,0,0,0,0,Y,902,1,2,0,0,0,0,0,3,4,0,2,3,,N,,,,,,,,,,,
2007027545,2030.0,3,0,0,0,0,0,0,0,0,1,0,,67,1,2007,5,39.9308,-75.1805,2029.0,6,0,0,0,0,0,0,0,1,,0,0,0,20,3,1,0,,0,39 55:50.901,,0,75 10:49.864,4,0,0,0,67301,0,0,0,N,0,0,0,1,67301,1,,6,1,,N,N,,0,,0,0,0,0,0,,2028,1,3,0,0,1,0,0,3,4,0,3,3,,N,,,,,,,,,,,
2007022519,1336.0,1,0,0,0,0,0,0,0,0,8,0,,67,1,2007,1,39.9633,-75.1586,1300.0,6,0,0,0,0,0,0,0,0,,0,0,0,13,1,1,0,,0,39 57:48.041,,7,75 09:31.059,4,0,0,0,67301,1,0,0,N,1,0,0,2,67301,1,,1,1,,,,,0,,0,0,0,3,3,,1300,1,2,0,0,0,0,0,3,4,0,1,3,,N,,,,,,,,,,,
2007027722,848.0,2,0,0,0,0,0,0,0,0,4,0,,67,1,2007,7,40.0395,-75.1544,847.0,6,0,0,0,0,0,0,0,0,,0,0,0,8,1,1,0,,0,40 02:22.000,,0,75 09:15.669,8,0,0,0,67301,0,0,0,N,0,0,0,2,67301,0,,1,1,,N,N,,0,,0,0,0,3,2,,846,1,2,0,0,0,1,0,3,4,0,2,3,,N,,,,,,,,,,,
2007022688,529.0,1,0,0,0,0,0,0,0,0,2,0,,67,1,2007,2,40.0285,-75.0579,501.0,6,0,0,1,0,0,1,0,0,,0,0,0,4,3,2,1,,0,40 01:42.000,,0,75 03:28.508,4,0,0,0,67301,0,0,0,N,0,0,0,4,67301,2,,1,9,,N,N,,0,,0,0,1,2,2,,459,2,2,0,0,0,0,0,3,4,0,2,7,,N,,,,,,,,,,,
2007096733,1658.0,0,0,0,1,0,1,1,0,0,5,1,,67,8,2007,6,39.9418,-75.1658,1658.0,6,0,0,0,0,0,0,0,0,9.0,0,0,0,16,1,1,0,,1,39 56:30.000,1.0,0,75 09:57.094,2,0,0,0,67301,1,0,1,N,0,0,0,2,67301,0,,1,1,,N,N,,0,,0,1,0,0,0,N,1657,1,2,0,0,0,0,0,3,4,0,1,3,,N,,,,,,,,,,,
2007096740,1518.0,2,0,0,0,0,0,0,0,0,6,1,,67,8,2007,4,40.0455,-75.0883,1515.0,6,0,0,0,1,0,1,0,0,,0,1,0,99,1,1,1,,0,40 02:43.000,,0,75 05:17.937,8,0,0,0,67301,0,0,0,N,0,0,0,5,67301,0,,1,1,,N,N,,0,,0,0,0,3,2,,9999,1,3,0,0,0,1,2,3,4,0,3,3,,N,,,,,,,,,,,
2007058326,22.0,1,0,0,0,0,0,0,0,0,7,0,,67,4,2007,2,39.8922,-75.2355,14.0,6,0,0,0,0,0,0,0,0,1.0,0,0,0,99,3,0,0,,1,39 53:32.287,1.0,0,75 14:07.186,9,0,0,0,67301,0,0,0,Y,0,0,0,1,67301,0,,2,1,,N,N,,0,,0,0,0,0,0,N,9999,0,1,0,0,0,0,1,3,4,0,1,3,,N,,,,,,,,,,,
2007066235,2023.0,0,0,0,0,0,0,0,0,0,7,0,,67,5,2007,1,39.9429,-75.1891,2018.0,6,0,0,0,0,0,1,0,0,,0,0,0,20,3,1,10,,0,39 56:34.447,,0,75 11:20.853,3,0,0,0,67301,0,0,0,,0,0,0,1,67301,0,,5,1,,,,,1,,1,0,0,3,3,,2010,1,1,0,0,0,0,0,3,4,0,1,3,,N,,,,,,,,,,,
2007066270,1616.0,2,0,0,0,0,0,0,0,0,4,0,,67,5,2007,6,39.9791,-75.1231,1614.0,6,0,0,1,0,0,0,0,0,,0,0,0,16,1,1,1,,0,39 58:44.706,,0,75 07:23.109,8,0,0,0,67301,0,0,0,,0,0,0,3,67301,0,,1,1,,N,N,,0,,0,0,1,3,3,,1609,1,3,0,0,0,1,0,3,4,0,3,3,,N,,,,,,,,,,,
2007061229,112.0,1,0,0,0,0,0,0,0,0,7,0,,67,4,2007,1,39.9514,-75.1827,108.0,6,0,0,0,0,0,0,0,0,1.0,0,0,0,1,3,0,3,,2,39 57:05.000,4.0,2,75 10:57.480,0,0,0,0,67301,0,0,0,Y,0,0,0,1,68K01,0,,7,1,,N,N,,0,,0,0,0,0,0,N,106,0,1,0,0,0,0,0,3,4,0,1,3,,N,,,,,,,,,,,
2007066335,1700.0,2,0,0,0,0,0,0,0,0,6,0,,67,5,2007,3,39.9449,-75.2127,1653.0,6,0,0,0,0,0,0,0,0,,0,0,0,16,1,1,1,,0,39 56:41.625,,0,75 12:45.723,3,0,0,0,67301,0,0,0,N,0,0,0,3,67301,0,,1,1,,N,N,,0,,1,0,0,3,2,,1620,1,2,0,0,0,0,1,3,4,0,2,3,,N,,,,,,,,,,,
2007058631,1650.0,2,0,0,0,0,0,0,0,0,4,0,,67,4,2007,2,39.9804,-75.1179,1645.0,6,0,0,0,0,0,0,0,1,,0,0,0,16,1,1,1,,0,39 58:53.000,,0,75 07:02.419,4,0,0,0,67301,0,0,0,N,0,0,0,2,67301,1,,1,1,,N,N,,0,,0,0,0,0,0,,1630,1,2,0,0,0,0,0,3,4,0,2,3,,N,,,,,,,,,,,
2007056395,2245.0,3,0,0,0,0,0,0,0,0,4,0,,67,2,2007,2,40.0658,-75.1575,2242.0,6,0,0,0,1,0,0,0,0,1.0,0,0,0,22,3,2,2,,2,40 03:56.775,5.0,0,75 09:26.823,8,0,0,0,67301,0,0,0,N,0,0,0,3,67301,0,,1,1,,N,N,,1,,0,0,0,3,3,,2240,2,4,0,0,0,2,0,3,4,0,4,3,,N,,,,,,,,,,,
2007056414,53.0,2,0,0,0,0,0,0,0,0,5,0,,67,4,2007,1,39.9759,-75.2633,51.0,6,0,0,1,0,0,0,0,0,,0,0,0,0,3,2,0,,0,39 58:33.240,,0,75 15:48.240,4,0,0,0,67301,0,0,0,N,0,0,0,2,67301,2,,6,1,,N,N,,0,,0,0,1,3,2,,39,2,3,0,0,0,0,0,3,4,0,3,3,,N,,,,,,,,,,,
2007056481,1728.0,1,0,0,0,0,0,0,0,0,8,0,,67,4,2007,6,40.0516,-75.2363,1724.0,6,0,0,0,0,0,0,0,0,,0,0,0,17,1,1,0,,0,40 03:04.000,,0,75 14:10.719,8,0,0,0,67301,1,0,0,N,1,0,0,2,67301,0,,1,1,,N,N,,0,,0,0,0,0,0,,1714,1,2,0,0,0,1,0,3,4,0,1,3,,N,,,,,,,,,,,
2007067275,407.0,1,0,0,0,0,0,0,0,0,7,0,,67,5,2007,2,39.968,-75.1297,403.0,6,0,0,0,0,0,0,0,0,1.0,0,0,0,4,3,1,3,,1,39 58:06.000,1.0,2,75 07:44.162,4,0,0,0,67301,0,0,0,,0,0,0,6,67301,1,,3,1,,,,,0,,0,0,0,0,0,N,403,1,1,0,0,0,0,0,3,4,0,1,3,,N,,,,,,,,,,,
2007067300,1759.0,1,0,0,0,0,0,0,0,0,5,0,,67,5,2007,7,,,1743.0,6,0,0,0,0,0,1,0,0,2.0,0,0,0,17,1,0,0,,1,,4.0,0,,0,0,0,0,67301,0,0,0,N,0,0,0,6,67301,0,,1,9,,N,N,,1,,0,0,0,0,0,N,1743,0,2,0,0,0,0,0,3,3,0,2,7,,N,,,,,,,,,,,
2007067337,1325.0,1,0,0,0,0,0,1,0,0,1,1,,67,5,2007,5,39.9182,-75.1828,1320.0,6,0,0,0,0,0,1,0,0,,0,0,0,13,1,1,2,,0,39 55:05.588,,0,75 10:58.159,8,0,0,0,67301,0,0,0,,0,0,0,3,67301,0,,1,1,,N,N,,0,,0,0,0,9,2,,1320,1,2,0,0,0,1,0,3,4,0,2,3,,N,,,,,,,,,,,
2007067374,730.0,1,0,0,0,0,0,1,0,0,2,1,,67,4,2007,3,40.049,-75.0019,725.0,6,0,0,0,0,0,1,0,0,,0,0,0,7,1,0,1,,0,40 02:56.400,,0,75 00:06.840,0,0,0,0,67301,0,0,0,N,0,0,0,2,67301,0,,1,1,,Y,N,,0,,0,0,0,2,2,,720,0,2,0,0,0,0,0,3,4,0,2,3,,N,,,,,,,,,,,
2007067384,2355.0,1,0,0,0,0,0,0,0,0,7,0,,67,5,2007,5,39.9739,-75.1947,2348.0,6,0,0,1,0,0,0,0,0,,0,0,0,23,3,2,0,,0,39 58:26.058,,0,75 11:40.995,8,0,0,0,67301,0,0,0,,0,0,0,2,67301,0,,5,1,,,,,0,,0,0,0,0,0,,2300,2,1,0,0,0,2,0,3,4,0,1,3,,N,,,,,,,,,,,
2007099098,1600.0,2,0,0,0,0,0,0,0,0,4,0,,67,7,2007,7,39.904,-75.2401,1555.0,6,0,0,0,0,0,0,0,0,1.0,0,0,0,15,1,1,1,,1,39 54:14.000,2.0,0,75 14:25.050,4,0,0,0,67301,0,0,0,N,0,0,0,2,67301,1,,1,1,,N,N,,0,,0,0,0,3,2,Y,1530,1,2,0,0,0,0,0,3,4,0,2,3,,N,,,,,,,,,,,
2007057335,2225.0,0,0,0,0,0,0,0,0,0,7,0,,67,3,2007,3,39.9997,-75.1906,2205.0,6,0,0,0,0,0,0,0,0,2.0,0,0,0,22,2,1,0,,2,39 59:58.855,5.0,0,75 11:26.211,8,0,0,1,67301,0,0,0,N,0,0,0,1,67301,0,,3,1,,N,N,,0,,0,0,0,0,0,N,2200,1,1,0,0,0,1,0,3,4,0,1,3,,N,,,,,,,,,,,
2007099139,1710.0,2,0,0,0,0,0,0,0,0,4,0,,67,8,2007,3,39.9976,-75.0783,1657.0,6,0,0,0,0,0,1,1,0,,0,0,0,16,1,1,1,,0,39 59:51.507,,0,75 04:41.897,4,0,0,0,67301,0,0,0,N,0,0,0,2,67301,1,,1,1,,N,N,,0,,0,0,0,3,3,,1657,1,2,0,0,0,0,0,3,4,0,2,3,,N,,,,,,,,,,,
2007029564,1205.0,1,0,0,0,0,0,0,0,0,5,0,,67,1,2007,4,39.9832,-75.0987,1201.0,6,0,0,0,0,0,2,0,0,2.0,0,0,0,12,1,1,3,,2,39 58:59.000,2.0,2,75 05:55.590,4,0,0,0,67301,0,0,0,,0,0,0,2,67301,1,,1,1,,N,N,,0,,0,0,1,0,0,N,1200,1,2,0,0,0,0,0,3,4,0,2,3,,N,,,,,,,,,,,
2007120904,2248.0,2,0,0,0,0,0,0,0,0,5,0,,67,10,2007,3,40.0175,-75.2022,2244.0,6,0,0,0,0,0,0,0,0,,0,0,0,22,3,1,0,,0,40 01:03.025,,0,75 12:08.056,4,0,0,0,67301,0,0,0,,0,0,0,3,67301,1,,1,9,,N,N,,0,,0,0,0,0,0,,2239,1,2,0,0,0,0,0,3,4,0,2,7,,N,,,,,,,,,,,
2007099611,1527.0,1,0,0,0,0,0,0,0,0,4,0,,67,8,2007,1,40.0354,-75.0548,1525.0,6,0,0,0,0,0,1,0,0,,0,0,0,14,1,1,1,,0,40 02:07.332,,0,75 03:17.164,4,0,0,0,67301,0,0,0,N,0,0,0,3,67301,1,,1,1,,N,N,,0,,0,0,0,9,3,,1425,1,2,0,0,0,0,1,3,4,1,2,3,,N,,,,,,,,,,,
2007099646,1435.0,1,0,0,0,0,0,0,0,0,1,0,,67,8,2007,7,40.0767,-75.0361,1431.0,6,0,0,0,0,0,2,0,0,1.0,0,0,0,14,1,1,2,,1,40 04:36.000,1.0,0,75 02:09.930,4,0,0,0,67301,0,0,0,N,0,0,0,2,67301,1,,1,1,,N,N,,1,,0,0,0,0,0,N,1428,1,2,0,0,1,0,0,3,4,0,2,3,,N,,,,,,,,,,,
2007094962,1835.0,1,0,0,1,0,0,0,0,0,1,0,,67,8,2007,6,39.984,-75.1456,1831.0,6,0,0,0,0,0,0,0,0,,0,0,0,18,1,1,0,,0,39 59:02.536,,0,75 08:44.091,8,0,0,0,67301,1,0,0,N,0,0,0,2,67301,0,,1,1,,N,N,,0,,0,0,0,0,0,,1825,1,2,0,0,0,1,0,3,4,0,1,3,,N,,,,,,,,,,,
2007095276,1400.0,1,0,0,0,0,0,0,0,0,2,0,,67,8,2007,5,40.0366,-75.0695,1355.0,6,0,0,0,0,1,0,0,0,,0,0,0,13,1,1,0,,0,40 02:11.000,,7,75 04:10.036,4,0,0,0,67301,0,0,0,,0,0,0,2,67301,1,,2,9,,N,N,,0,,0,0,1,0,0,,1350,1,2,0,0,1,0,0,3,4,0,2,7,,N,,,,,,,,,,,
2007092300,1532.0,2,0,0,0,0,0,0,0,0,2,0,,67,8,2007,6,40.0466,-75.1814,1532.0,6,0,0,0,0,0,0,1,1,,0,0,0,15,1,1,0,,0,40 02:47.922,,0,75 10:53.054,3,0,0,0,67301,0,0,0,N,0,0,0,4,67301,0,,1,1,,N,N,,0,,1,0,0,0,0,,1525,1,2,0,0,0,0,0,3,4,0,2,3,,N,,,,,,,,,,,
2007092329,938.0,2,0,0,0,0,0,0,0,0,4,0,,67,7,2007,6,39.9641,-75.1745,935.0,6,0,0,0,0,0,1,1,0,9.0,0,0,0,9,1,3,1,,1,39 57:50.000,1.0,0,75 10:28.176,8,0,0,0,67301,0,0,0,,0,0,0,4,67301,0,,1,1,,N,N,,0,,0,0,0,3,2,N,930,3,3,0,0,0,3,0,3,4,1,3,3,,N,,,,,,,,,,,
2007095044,1035.0,1,0,0,0,0,0,0,0,0,4,0,,67,7,2007,2,40.031,-75.1047,1025.0,6,0,0,0,0,0,1,0,0,,0,0,0,10,1,4,0,,0,40 01:50.000,,0,75 06:15.431,4,0,0,0,67301,0,0,0,N,0,0,0,5,67301,2,,1,1,,N,N,,0,,0,0,0,0,0,,1010,4,2,0,0,0,2,0,3,4,1,2,3,,N,,,,,,,,,,,
2007107042,9999.0,2,0,0,0,0,0,0,0,0,4,0,,67,9,2007,7,40.0082,-75.1427,9999.0,6,0,0,0,0,0,0,0,0,,0,0,0,16,1,1,1,,0,40 00:29.000,,0,75 08:33.739,4,0,0,0,67301,0,0,0,N,0,0,0,2,67301,1,,1,1,,N,N,,0,,0,0,0,9,2,,1600,1,2,0,0,0,0,1,3,4,0,2,3,,N,,,,,,,,,,,
2007107048,1122.0,1,0,0,0,0,0,0,0,0,7,0,,67,8,2007,4,40.0495,-74.9948,1117.0,6,0,0,1,0,0,0,0,0,,0,0,0,11,1,0,0,,0,40 02:58.000,,0,74 59:40.109,0,0,0,0,67301,0,0,0,Y,0,0,0,1,67301,0,,2,1,,N,N,,0,,0,0,0,0,0,,1117,0,1,0,0,0,0,0,3,4,0,1,3,,N,,,,,,,,,,,
2007107066,430.0,1,0,0,1,0,0,0,0,0,8,0,,67,9,2007,7,39.9624,-75.1615,426.0,6,0,0,0,0,0,0,0,0,,0,0,0,4,3,1,1,,0,39 57:44.000,,0,75 09:41.290,3,0,0,0,67301,1,0,0,N,0,0,0,5,67301,0,,1,1,,N,N,,0,,1,0,0,3,2,,420,1,2,0,0,0,0,0,3,4,0,1,3,,N,,,,,,,,,,,
2007027942,1450.0,1,0,0,0,0,0,0,0,0,1,0,,67,1,2007,3,39.9774,-75.1127,1445.0,6,0,0,0,0,0,1,0,0,1.0,0,0,0,14,1,0,0,,1,39 58:36.840,1.0,0,75 06:49.320,0,0,0,0,67301,0,0,0,N,0,0,0,3,67301,0,,1,1,,N,N,,1,,0,0,0,0,0,N,1445,0,2,0,0,0,0,0,3,4,0,2,3,,N,,,,,,,,,,,
2007096312,2220.0,1,0,0,0,0,0,0,0,0,8,0,,67,8,2007,7,39.931,-75.2174,2211.0,6,0,0,0,0,0,0,0,0,,0,0,0,14,1,1,1,,0,39 55:51.000,,0,75 13:02.828,4,0,0,0,67301,1,0,0,,1,0,0,2,67301,1,,1,1,,N,N,,0,,0,0,0,0,0,,1400,1,2,0,0,0,0,0,3,4,0,1,3,,N,,,,,,,,,,,
2007057422,1140.0,2,0,0,0,0,0,0,0,0,4,0,,67,4,2007,7,40.0316,-75.1173,1140.0,6,0,0,1,0,0,0,0,0,1.0,0,0,0,11,1,2,1,,2,40 01:53.000,2.0,0,75 07:02.148,3,0,0,0,67301,0,0,0,N,0,0,0,4,67301,0,,1,1,,N,N,,0,,1,0,0,0,0,N,1138,2,2,0,0,2,1,0,3,4,0,2,3,,N,,,,,,,,,,,
2007067489,2102.0,3,0,0,0,0,0,0,0,0,6,0,,67,5,2007,7,39.9821,-75.1369,2100.0,6,0,1,0,1,0,0,0,0,,0,0,0,21,1,1,10,,0,39 58:55.668,,0,75 08:12.695,4,0,0,0,67301,0,0,0,,0,0,0,10,67301,1,,1,9,,,,,0,,0,0,0,3,2,,2100,1,3,0,0,0,0,0,3,4,0,3,7,,N,,,,,,,,,,,
2007057528,1430.0,1,0,0,0,0,0,0,0,0,7,0,,67,3,2007,5,39.9926,-75.2175,1424.0,6,0,0,0,0,0,1,0,0,1.0,0,0,0,14,1,0,0,,1,39 59:33.000,1.0,0,75 13:02.956,0,0,0,0,67301,0,0,0,,0,0,0,1,67301,0,,4,1,,N,N,,0,,0,0,0,0,0,N,1424,0,1,0,0,0,0,0,3,4,0,1,3,,N,,,,,,,,,,,
2007076929,938.0,2,0,0,0,0,0,0,0,0,4,0,,67,5,2007,4,40.0619,-75.1367,936.0,6,0,0,0,0,0,1,0,0,1.0,0,0,0,9,1,1,1,,2,40 03:42.840,1.0,0,75 08:12.120,8,0,0,0,67301,0,0,0,N,0,0,0,2,46102,0,,1,1,,N,N,,0,,0,0,0,3,2,Y,935,1,2,0,0,0,1,0,3,4,0,2,3,,N,,,,,,,,,,,
2007067353,1805.0,0,0,0,0,0,0,0,0,0,1,1,,67,5,2007,2,39.9359,-75.1569,1800.0,6,0,0,0,0,0,1,0,0,,0,1,0,17,1,1,1,,0,39 56:09.409,,0,75 09:24.814,4,0,0,0,67301,0,0,0,N,0,0,0,2,67301,1,,1,1,,N,N,,0,,0,0,1,1,2,,1757,1,2,0,0,2,0,0,3,4,0,2,3,,N,,,,,,,,,,,
2007067297,1131.0,1,0,0,0,0,0,0,0,0,4,0,,67,5,2007,7,40.0174,-75.1588,1127.0,6,0,0,0,0,0,0,0,0,,0,0,0,11,1,2,10,,0,40 01:02.000,,0,75 09:31.781,8,0,0,0,67301,0,0,0,N,0,0,0,2,67301,0,,1,1,,N,N,,0,,0,0,1,0,0,,1120,2,2,0,0,0,2,0,3,4,0,2,3,,N,,,,,,,,,,,
2007067318,42.0,1,0,0,0,0,0,0,0,0,7,0,,67,5,2007,7,40.0544,-75.0425,37.0,6,0,0,0,0,0,0,0,0,,0,0,0,0,3,0,0,,0,40 03:15.000,,0,75 02:33.077,0,0,0,0,67301,0,0,0,,0,0,0,1,67301,0,,5,1,,,,,0,,0,0,0,0,0,,30,0,1,0,0,0,0,0,3,4,0,1,3,,N,,,,,,,,,,,
2007067227,1730.0,1,0,0,1,0,0,0,0,0,4,0,,67,5,2007,1,40.0086,-75.0984,1705.0,6,0,0,0,0,0,1,0,0,,0,0,0,99,1,1,1,,0,40 00:31.000,,0,75 05:54.308,4,0,0,0,67301,1,0,0,N,0,0,0,2,67301,1,,1,1,,N,N,,0,,0,0,0,3,2,,9999,1,2,0,0,0,0,0,3,4,0,1,3,,N,,,,,,,,,,,
2007057207,1405.0,1,0,0,0,0,0,0,0,0,4,0,,67,3,2007,1,39.9676,-75.2479,1400.0,6,0,0,0,0,0,1,0,0,,0,0,0,13,1,1,1,,0,39 58:03.270,,0,75 14:52.313,3,0,0,0,67301,0,0,0,N,0,0,0,2,67301,0,,1,1,,N,N,,0,,1,0,0,9,3,,1358,1,2,0,0,0,0,0,3,4,0,2,3,,N,,,,,,,,,,,
2007057208,1201.0,1,0,0,0,0,0,0,0,0,4,0,,67,4,2007,7,40.003,-75.2053,1200.0,6,0,0,0,1,0,0,0,0,,0,0,0,11,1,1,0,,0,40 00:10.944,,7,75 12:19.083,8,0,0,1,67301,0,0,0,,0,0,0,2,67301,0,,1,1,,,,,0,,0,0,0,0,0,,1157,1,2,0,0,0,1,0,3,4,0,2,3,,N,,,,,,,,,,,
2007057295,350.0,1,0,0,0,0,0,0,0,0,4,0,,67,4,2007,5,40.0845,-75.0384,350.0,6,0,0,0,0,0,0,0,0,1.0,0,0,0,3,3,0,1,,1,40 05:04.029,2.0,0,75 02:18.148,0,0,0,0,67301,0,0,0,N,0,0,0,2,67301,0,,1,9,,N,N,,0,,0,0,1,3,2,Y,345,0,2,0,0,0,0,0,3,4,0,2,7,,N,,,,,,,,,,,