CRN,ARRIVAL_TM,AUTOMOBILE_COUNT,BELTED_DEATH_COUNT,BELTED_SUSP_SERIOUS_INJ_COUNT,BICYCLE_COUNT,BICYCLE_DEATH_COUNT,BICYCLE_SUSP_SERIOUS_INJ_COUNT,BUS_COUNT,CHLDPAS_DEATH_COUNT,CHLDPAS_SUSP_SERIOUS_INJ_COUNT,COLLISION_TYPE,COMM_VEH_COUNT,CONS_ZONE_SPD_LIM,COUNTY,CRASH_MONTH,CRASH_YEAR,DAY_OF_WEEK,DEC_LAT,DEC_LONG,DISPATCH_TM,DISTRICT,DRIVER_COUNT_16YR,DRIVER_COUNT_17YR,DRIVER_COUNT_18YR,DRIVER_COUNT_19YR,DRIVER_COUNT_20YR,DRIVER_COUNT_50_64YR,DRIVER_COUNT_65_74YR,DRIVER_COUNT_75PLUS,EST_HRS_CLOSED,FATAL_COUNT,HEAVY_TRUCK_COUNT,HORSE_BUGGY_COUNT,HOUR_OF_DAY,ILLUMINATION,INJURY_COUNT,INTERSECT_TYPE,INTERSECTION_RELATED,LANE_CLOSED,LATITUDE,LN_CLOSE_DIR,LOCATION_TYPE,LONGITUDE,MAX_SEVERITY_LEVEL,MCYCLE_DEATH_COUNT,MCYCLE_SUSP_SERIOUS_INJ_COUNT,MOTORCYCLE_COUNT,MUNICIPALITY,NONMOTR_COUNT,NONMOTR_DEATH_COUNT,NONMOTR_SUSP_SERIOUS_INJ_COUNT,NTFY_HIWY_MAINT,PED_COUNT,PED_DEATH_COUNT,PED_SUSP_SERIOUS_INJ_COUNT,PERSON_COUNT,POLICE_AGCY,POSSIBLE_INJ_COUNT,RDWY_SURF_TYPE_CD,RELATION_TO_ROAD,ROAD_CONDITION,ROADWAY_CLEARED,SCH_BUS_IND,SCH_ZONE_IND,SECONDARY_CRASH,SMALL_TRUCK_COUNT,SPEC_JURIS_CD,SUSP_MINOR_INJ_COUNT,SUSP_SERIOUS_INJ_COUNT,SUV_COUNT,TCD_FUNC_CD,TCD_TYPE,TFC_DETOUR_IND,TIME_OF_DAY,TOT_INJ_COUNT,TOTAL_UNITS,UNB_DEATH_COUNT,UNB_SUSP_SERIOUS_INJ_COUNT,UNBELTED_OCC_COUNT,UNK_INJ_DEG_COUNT,UNK_INJ_PER_COUNT,URBAN_AREA,URBAN_RURAL,VAN_COUNT,VEHICLE_COUNT,WEATHER1,WEATHER2,WORK_ZONE_IND,WORK_ZONE_LOC,WORK_ZONE_TYPE,WORKERS_PRES,WZ_CLOSE_DETOUR,WZ_FLAGGER,WZ_LAW_OFFCR_IND,WZ_LN_CLOSURE,WZ_MOVING,WZ_OTHER,WZ_SHLDER_MDN,WZ_WORKERS_INJ_KILLED
2007067134,21.0,0,0,0,0,0,0,1,0,0,8,1,,67,5,2007,6,40.0377,-75.0425,20.0,6,0,0,0,0,0,1,0,0,,0,0,0,23,3,1,0,,0,40 02:15.000,,0,75 02:33.142,4,0,0,0,67301,1,0,0,,1,0,0,2,67301,1,,1,1,,N,N,,0,,0,0,0,0,0,,2340,1,2,0,0,0,0,0,3,4,0,1,3,,N,,,,,,,,,,,
2007099125,1608.0,1,0,0,0,0,0,0,0,0,6,0,,67,9,2007,1,40.0269,-75.2094,1604.0,6,0,0,0,0,0,0,1,0,,0,0,0,16,1,2,1,,0,40 01:36.000,,0,75 12:33.945,8,0,0,0,67301,0,0,0,Y,0,0,0,2,67301,0,,1,1,,N,N,,0,,0,0,1,3,2,,1600,2,2,0,0,0,2,0,3,4,0,2,3,,N,,,,,,,,,,,
2007099137,1537.0,1,0,0,1,0,0,0,0,0,4,0,,67,8,2007,5,40.0189,-75.0933,1529.0,6,0,0,0,0,0,1,0,0,,0,0,0,15,1,1,0,,0,40 01:08.155,,7,75 05:35.836,4,0,0,0,67301,1,0,0,N,0,0,0,2,67301,1,,1,1,,N,N,,0,,0,0,0,0,0,,1520,1,2,0,0,0,0,0,3,4,0,1,3,,N,,,,,,,,,,,
2007120878,913.0,0,0,0,0,0,0,0,0,0,2,0,,67,9,2007,5,39.9652,-75.1405,910.0,6,0,0,0,0,0,0,0,0,,0,0,0,9,1,1,1,,0,39 57:54.684,,0,75 08:25.634,3,0,0,1,67301,0,0,0,N,0,0,0,2,67301,0,,1,1,,N,N,,0,,1,0,1,9,3,,905,1,2,0,0,0,0,0,3,4,0,2,3,,N,,,,,,,,,,,
2007095112,858.0,0,0,0,1,0,0,0,0,0,5,0,,67,8,2007,5,39.947,-75.1626,854.0,6,0,0,0,0,0,0,0,0,,0,0,0,8,1,1,0,,0,39 56:49.125,,0,75 09:45.256,4,0,0,0,67301,1,0,0,N,0,0,0,2,67301,1,,1,1,,N,N,,0,,0,0,0,0,0,,834,1,2,0,0,0,0,0,3,4,1,1,3,,N,,,,,,,,,,,
2007092295,745.0,2,0,0,0,0,0,0,0,0,6,0,,67,6,2007,5,40.0501,-75.0642,742.0,6,0,0,0,0,0,0,0,0,,0,0,0,7,1,2,1,,0,40 03:00.000,,0,75 03:51.268,4,0,0,0,67301,0,0,0,,0,0,0,2,67301,2,,1,1,,N,N,,0,,0,0,0,3,2,,740,2,2,0,0,0,0,0,3,4,0,2,3,,N,,,,,,,,,,,
2007092750,454.0,2,0,0,0,0,0,0,0,0,4,0,,67,7,2007,7,39.9126,-75.1504,454.0,6,0,0,0,0,0,0,0,0,1.0,0,0,0,4,3,1,2,,1,39 54:45.000,1.0,0,75 09:01.327,3,0,0,0,67301,0,0,0,N,0,0,0,3,67301,0,,7,1,,N,N,,0,,1,0,0,9,2,N,454,1,2,0,0,0,0,0,3,4,0,2,3,,N,,,,,,,,,,,
2007092382,1215.0,3,0,0,0,0,0,0,0,0,4,0,,67,7,2007,1,39.9587,-75.2272,1209.0,6,0,0,0,0,0,0,0,0,,0,0,0,12,1,3,2,,0,39 57:31.000,,0,75 13:37.725,8,0,0,0,67301,0,0,0,N,0,0,0,4,67301,0,,1,1,,N,N,,0,,0,0,0,3,2,,1200,3,3,0,0,0,3,0,3,4,0,3,3,,N,,,,,,,,,,,
2007092384,1955.0,1,0,0,0,0,0,0,0,0,8,0,,67,7,2007,7,39.9928,-75.1202,1953.0,6,0,0,0,0,0,0,0,0,,0,0,0,19,1,1,0,,0,39 59:33.942,,0,75 07:12.893,8,0,0,0,67301,1,0,0,N,1,0,0,2,67301,0,,1,1,,N,N,,0,,0,0,0,0,0,,1945,1,2,0,0,0,1,0,3,4,0,1,3,,N,,,,,,,,,,,
2007121118,1448.0,2,0,0,0,0,0,0,0,0,1,0,,67,12,2007,7,39.9895,-75.2514,1448.0,6,0,0,0,0,0,0,0,0,1.0,0,0,0,14,1,5,2,,1,39 59:22.000,2.0,0,75 15:05.312,8,0,0,0,67301,0,0,0,N,0,0,0,11,46104,0,,1,1,,N,N,,0,,0,0,0,3,2,N,1448,5,2,0,0,2,5,0,3,4,0,2,3,,N,,,,,,,,,,,
2007120523,1600.0,2,0,0,0,0,0,0,0,0,1,0,,67,10,2007,5,40.0549,-75.0046,1556.0,6,0,0,0,0,0,1,0,0,2.0,0,0,0,15,1,0,0,,2,40 03:17.789,2.0,0,75 00:16.395,0,0,0,0,67301,0,0,0,N,0,0,0,1,67301,0,,2,1,,N,N,,0,,0,0,0,0,0,Y,1553,0,2,0,0,0,0,0,3,4,0,2,3,,N,,,,,,,,,,,
2007120600,1525.0,1,0,0,0,0,0,0,0,0,8,0,,67,10,2007,5,39.9922,-75.1251,1521.0,6,0,0,0,0,1,0,0,0,,0,0,0,99,1,2,0,,0,39 59:31.999,,0,75 07:30.216,3,0,0,0,67301,2,0,0,,2,0,0,3,67301,0,,1,1,,N,N,,0,,2,0,0,0,0,,9999,2,3,0,0,0,0,0,3,4,0,1,3,,N,,,,,,,,,,,
2007107079,2330.0,1,0,0,0,0,0,0,0,0,5,0,,67,9,2007,1,39.9742,-75.2552,2320.0,6,0,0,0,0,0,1,0,0,,0,0,0,18,3,1,1,,0,39 58:27.296,,0,75 15:18.665,4,0,0,0,67301,0,0,0,N,0,0,0,2,67301,1,,1,1,,N,N,,1,,0,0,0,3,2,,1845,1,2,0,0,0,0,0,3,4,0,2,3,,N,,,,,,,,,,,
2007107112,746.0,0,0,0,0,0,0,0,0,0,1,0,,67,9,2007,1,40.0845,-75.0384,745.0,6,0,0,0,0,0,1,0,0,,0,0,0,7,1,1,1,,0,40 05:04.000,,0,75 02:18.148,4,0,0,1,67301,0,0,0,N,0,0,0,2,67301,1,,1,1,,N,N,,0,,0,0,0,3,2,,742,1,2,0,0,0,0,0,3,4,1,2,3,,N,,,,,,,,,,,
2007080427,2215.0,0,0,0,0,0,0,0,0,0,4,0,,67,6,2007,1,40.0223,-75.162,2210.0,6,0,0,0,0,0,0,0,0,,0,0,0,22,6,2,1,,0,40 01:20.000,,0,75 09:43.291,4,0,0,0,67301,0,0,0,N,0,0,0,4,67301,2,,1,1,,N,N,,1,,0,0,0,3,2,,2205,2,2,0,0,0,0,2,3,4,1,2,3,,N,,,,,,,,,,,
2007107059,1225.0,2,0,0,0,0,0,0,0,0,4,0,,67,7,2007,1,40.0414,-75.1201,1217.0,6,0,0,0,0,0,1,0,0,,0,0,0,12,1,2,0,,0,40 02:28.942,,0,75 07:12.435,4,0,0,0,67301,0,0,0,N,0,0,0,4,67301,2,,1,1,,N,N,,0,,0,0,0,3,2,,1210,2,2,0,0,0,0,0,3,4,0,2,3,,N,,,,,,,,,,,
2007120707,1540.0,0,0,0,0,0,0,1,0,0,8,1,,67,10,2007,3,39.9911,-75.1143,1538.0,6,0,0,0,0,0,1,0,0,,0,0,0,99,1,1,1,,0,39 59:28.000,,0,75 06:51.408,4,0,0,0,67301,1,0,0,N,1,0,0,2,67301,1,,1,1,,Y,Y,,0,,0,0,0,1,2,,9999,1,2,0,0,0,0,0,3,4,0,1,3,,N,,,,,,,,,,,
2007027823,1330.0,1,0,0,0,0,0,0,0,0,4,0,,67,1,2007,6,39.9617,-75.1545,1322.0,6,0,0,0,0,0,0,0,0,,0,0,0,13,1,0,1,,0,39 57:42.000,,0,75 09:16.198,0,0,0,0,67301,0,0,0,N,0,0,0,3,67301,0,,1,9,,N,N,,1,,0,0,0,3,2,,1320,0,2,0,0,0,0,0,3,4,0,2,7,,N,,,,,,,,,,,
2007027832,1550.0,2,0,0,0,0,0,0,0,0,2,0,,67,1,2007,5,39.9704,-75.15,1540.0,6,0,0,0,0,0,1,0,0,,0,0,0,15,1,2,1,,0,39 58:13.000,,0,75 08:59.852,4,0,0,0,67301,0,0,0,N,0,0,0,3,67301,2,,1,9,,N,N,,0,,0,0,0,9,2,,1535,2,2,0,0,0,0,0,3,4,0,2,3,,N,,,,,,,,,,,
2007117200,936.0,1,0,0,1,0,0,0,0,0,6,0,,67,10,2007,3,39.9586,-75.208,931.0,6,0,0,0,0,0,1,0,0,,0,0,0,9,1,1,2,,0,39 57:30.992,,0,75 12:28.771,8,0,0,0,67301,1,0,0,,0,0,0,2,67301,0,,1,1,,N,N,,0,,0,0,0,2,3,,930,1,2,0,0,1,1,0,3,4,0,1,3,,N,,,,,,,,,,,
2007047372,926.0,1,0,0,0,0,0,0,0,0,1,1,,67,2,2007,5,40.0,-75.0993,923.0,6,0,0,0,0,0,1,0,0,,0,1,0,9,1,1,0,,0,40 00:00.000,,0,75 05:57.452,3,0,0,0,67301,0,0,0,N,0,0,0,2,67301,0,,1,1,,N,N,,0,,1,0,0,0,0,,915,1,2,0,0,0,0,0,3,4,0,2,3,,N,,,,,,,,,,,
2007047565,20.0,2,0,0,0,0,0,0,0,0,1,0,,67,3,2007,2,39.9519,-75.2449,14.0,6,0,0,0,0,0,0,0,0,,0,0,0,0,3,1,1,,0,39 57:06.922,,0,75 14:41.650,8,0,0,0,67301,0,0,0,N,0,0,0,2,67301,0,,1,1,,N,N,,0,,0,0,0,0,0,,13,1,2,0,0,0,1,0,3,4,0,2,3,,N,,,,,,,,,,,
2007047522,1115.0,0,0,0,0,0,0,0,0,0,1,0,,67,2,2007,7,40.0546,-75.01,1112.0,6,0,0,0,0,0,0,0,0,1.0,0,0,0,11,1,0,2,,1,40 03:16.000,4.0,0,75 00:36.034,0,0,0,0,67301,0,0,0,N,0,0,0,4,67301,0,,1,1,,N,N,,0,,0,0,2,3,2,N,1109,0,2,0,0,0,0,0,3,4,0,2,3,,N,,,,,,,,,,,
2007047534,9999.0,1,0,0,0,0,0,0,0,0,8,0,,67,3,2007,6,40.0041,-75.1573,1604.0,6,0,0,0,0,0,0,0,0,,0,0,0,16,1,1,0,,0,40 00:14.760,,0,75 09:26.179,4,0,0,0,67301,1,0,0,N,1,0,0,2,67301,1,,1,1,,N,N,,0,,0,0,0,0,0,,1600,1,2,0,0,0,0,1,3,4,0,1,3,,N,,,,,,,,,,,
2007047659,1430.0,1,0,0,0,0,0,0,0,0,4,0,,67,3,2007,4,39.9522,-75.1452,1425.0,6,0,0,0,0,0,0,0,0,,0,0,0,14,1,1,1,,0,39 57:07.000,,0,75 08:42.817,3,0,0,0,67301,0,0,0,N,0,0,0,2,67301,0,,1,6,,N,N,,0,,1,0,0,3,2,,1410,1,2,0,0,0,0,0,3,4,1,2,9,,N,,,,,,,,,,,
2007047716,1615.0,2,0,0,0,0,0,0,0,0,1,0,,67,3,2007,1,40.0508,-75.0358,1554.0,6,0,0,0,0,1,0,0,0,,0,0,0,15,1,3,0,,0,40 03:02.000,,0,75 02:08.927,8,0,0,0,67301,0,0,0,N,0,0,0,3,67301,0,,1,1,,N,N,,0,,0,0,0,3,2,,1530,3,2,0,0,0,3,0,3,4,0,2,3,,N,,,,,,,,,,,
2007047719,1930.0,2,0,0,0,0,0,0,0,0,4,0,,67,3,2007,7,39.9769,-75.2112,1925.0,6,0,0,0,0,0,1,0,0,,0,0,0,19,3,2,2,,0,39 58:36.989,,0,75 12:40.237,4,0,0,0,67301,0,0,0,N,0,0,0,3,67301,2,,1,1,,N,N,,0,,0,0,0,3,3,,1920,2,2,0,0,1,0,0,3,4,0,2,3,,N,,,,,,,,,,,
2007067627,1725.0,1,0,0,0,0,0,0,0,0,8,0,,67,5,2007,4,39.951,-75.1774,1706.0,6,0,0,0,0,0,0,0,0,2.0,0,0,0,17,1,1,1,,1,39 57:03.000,4.0,0,75 10:38.220,8,0,0,0,67301,1,0,0,N,1,0,0,2,67301,0,,1,9,,N,N,,0,,0,0,0,9,2,N,1706,1,2,0,0,1,1,0,3,4,0,1,7,,N,,,,,,,,,,,
2007067639,636.0,1,0,0,0,0,0,0,0,0,4,0,,67,5,2007,7,39.9057,-75.1939,611.0,6,0,0,0,0,1,0,0,0,1.0,0,0,0,6,1,2,1,,1,39 54:21.000,4.0,0,75 11:37.839,8,0,0,0,67301,0,0,0,N,0,0,0,2,67301,0,,1,1,,N,N,,0,,0,0,1,2,2,N,610,2,2,0,0,0,2,0,3,4,0,2,3,,N,,,,,,,,,,,
2007067851,529.0,1,0,0,0,0,0,0,0,0,7,0,,67,5,2007,1,39.9077,-75.1513,525.0,6,0,0,0,0,0,0,0,0,1.0,0,0,0,5,1,1,0,,1,39 54:27.497,1.0,0,75 09:02.859,4,0,0,0,67301,0,0,0,N,0,0,0,1,67301,1,,2,1,,N,N,,0,,0,0,0,0,0,N,520,1,1,0,0,0,0,0,3,4,0,1,3,,N,,,,,,,,,,,
2007107030,1414.0,0,0,0,0,0,0,0,0,0,0,0,,67,9,2007,5,39.9868,-75.173,1410.0,6,0,0,0,0,0,0,0,0,,0,0,0,14,1,1,0,,0,39 59:12.552,,0,75 10:22.638,4,0,0,1,67301,0,0,0,N,0,0,0,1,67301,1,,1,1,,N,N,,0,,0,0,0,0,0,,1410,1,1,0,0,0,0,0,3,4,0,1,3,,N,,,,,,,,,,,
2007027623,1446.0,1,0,0,0,0,0,0,0,0,8,0,,67,2,2007,5,40.0322,-75.106,1444.0,6,0,0,0,1,0,0,0,0,,0,0,0,14,1,1,0,,0,40 01:55.801,,0,75 06:21.451,4,0,0,0,67301,1,0,0,,1,0,0,2,67301,1,,1,1,,,,,0,,0,0,0,0,0,,1440,1,2,0,0,0,0,0,3,4,0,1,3,,N,,,,,,,,,,,
2007027634,2115.0,2,0,0,0,0,0,0,0,0,1,0,,67,1,2007,4,40.006,-75.1766,2110.0,6,0,0,0,0,0,1,0,0,,0,0,0,20,3,1,2,,0,40 00:21.000,,0,75 10:35.816,8,0,0,0,67301,0,0,0,N,0,0,0,3,67301,0,,1,1,,N,N,,0,,0,0,0,3,2,,2044,1,2,0,0,0,1,0,3,4,0,2,3,,N,,,,,,,,,,,
2007027649,2017.0,1,0,0,0,0,0,0,0,0,8,0,,67,1,2007,7,39.9866,-75.0944,2015.0,6,0,0,0,1,0,0,0,0,,0,0,0,19,3,1,1,,0,39 59:11.923,,0,75 05:39.698,8,0,0,0,67301,1,0,0,,1,0,0,2,67301,0,,1,9,,N,N,,0,,0,0,0,3,2,,1950,1,2,0,0,0,1,0,3,4,0,1,3,,N,,,,,,,,,,,
2007022523,944.0,0,0,0,1,0,0,0,0,0,4,0,,67,1,2007,6,39.9868,-75.1808,942.0,6,0,0,0,0,0,0,0,0,,0,0,0,9,1,1,5,,0,39 59:12.447,,0,75 10:50.908,4,0,0,0,67301,1,0,0,N,0,0,0,2,67301,1,,1,9,,N,N,,0,,0,0,0,3,2,,915,1,2,0,0,0,0,0,3,4,1,1,7,,N,,,,,,,,,,,
2007027567,1629.0,2,0,0,0,0,0,0,0,0,4,0,,67,2,2007,7,39.9702,-75.2286,1627.0,6,0,0,0,0,0,0,0,0,,0,0,0,15,1,1,1,,0,39 58:12.601,,0,75 13:42.801,4,0,0,0,67301,0,0,0,N,0,0,0,2,67301,1,,1,1,,N,N,,0,,0,0,0,9,3,,1554,1,2,0,0,0,0,0,3,4,0,2,3,,N,,,,,,,,,,,
2007022818,2306.0,1,0,0,0,0,0,0,0,0,8,0,,67,1,2007,2,39.9546,-75.2064,9999.0,6,0,0,0,0,0,0,0,0,,0,0,0,23,6,1,1,,0,39 57:16.000,,0,75 12:22.874,4,0,0,0,67301,1,0,0,N,1,0,0,2,67301,1,,1,1,,N,N,,0,,0,0,0,3,2,,2306,1,2,0,0,1,0,0,3,4,0,1,3,,N,,,,,,,,,,,
2007022847,2040.0,2,0,0,0,0,0,0,0,0,4,0,,67,1,2007,2,40.0363,-75.0514,2038.0,6,0,0,0,0,0,1,0,0,,0,0,0,20,3,1,1,,0,40 02:10.701,,0,75 03:04.967,3,0,0,0,67301,0,0,0,N,0,0,0,2,67301,0,,1,9,,N,N,,0,,1,0,0,3,2,,2016,1,2,0,0,0,0,0,3,4,0,2,7,,N,,,,,,,,,,,
2007080960,443.0,3,0,0,0,0,0,0,0,0,4,0,,67,6,2007,1,40.0256,-75.1542,443.0,6,0,0,0,0,0,0,0,0,3.0,0,0,0,3,3,2,1,,1,40 01:32.257,6.0,0,75 09:15.145,4,0,0,0,67301,0,0,0,N,0,0,0,4,67301,1,,1,1,,N,N,,0,,0,0,0,3,2,Y,345,2,3,0,0,0,1,1,3,4,0,3,3,,N,,,,,,,,,,,
2007096744,1735.0,0,0,0,0,0,0,0,0,0,8,0,,67,7,2007,4,39.9804,-75.1215,1730.0,6,0,0,0,0,0,0,0,0,,0,0,0,17,4,1,0,,0,39 58:49.300,,0,75 07:17.500,8,0,0,0,67301,1,0,0,N,1,0,0,2,67301,0,,1,1,,N,N,,1,,0,0,0,0,0,,1730,1,2,0,0,0,1,0,3,4,0,1,3,,N,,,,,,,,,,,
2007096757,2246.0,3,0,0,0,0,0,0,0,0,1,0,,67,7,2007,6,39.9221,-75.1906,2224.0,6,0,0,0,0,0,1,0,0,1.0,0,0,0,99,3,1,0,,1,39 55:20.161,4.0,0,75 11:26.523,8,0,0,0,67301,0,0,0,,0,0,0,4,67301,0,,1,9,,N,,,0,,0,0,0,0,0,N,9999,1,4,0,0,0,1,1,3,4,0,4,7,,N,,,,,,,,,,,
2007083520,655.0,1,0,0,0,0,0,0,0,0,7,0,,67,6,2007,2,40.0236,-75.0312,645.0,6,0,0,0,0,0,0,0,0,2.0,0,0,0,6,5,1,0,,1,40 01:23.000,1.0,2,75 01:53.822,3,0,0,0,67301,0,0,0,Y,0,0,0,1,67301,0,,2,9,,N,N,,0,,1,0,0,3,8,N,635,1,1,0,0,1,0,0,3,4,0,1,7,,N,,,,,,,,,,,
2007066248,9999.0,0,0,0,0,0,0,0,0,0,8,0,,67,5,2007,5,39.9538,-75.1666,9999.0,6,0,0,0,0,0,1,0,0,,0,0,0,17,1,1,1,,0,39 57:13.000,,0,75 09:59.737,4,0,0,0,67301,1,0,0,N,1,0,0,2,67301,1,,1,1,,N,N,,0,,0,0,1,9,2,,1741,1,2,0,0,0,0,0,3,4,0,1,3,,N,,,,,,,,,,,
2007066306,2046.0,1,0,0,0,0,0,0,0,0,8,0,,67,4,2007,5,39.9626,-75.2467,2045.0,6,0,0,0,0,0,1,0,0,,0,0,0,20,3,1,1,,0,39 57:45.000,,0,75 14:48.589,4,0,0,0,67301,1,0,0,N,1,0,0,2,67301,1,,1,1,,N,N,,0,,0,0,0,2,2,,2044,1,2,0,0,0,0,0,3,4,0,1,3,,N,,,,,,,,,,,
2007066332,9999.0,1,0,0,0,0,0,0,0,0,4,0,,67,4,2007,3,40.0098,-75.1669,1530.0,6,0,0,0,0,0,1,0,0,,0,0,0,15,1,0,1,,0,40 00:35.000,,0,75 10:00.931,0,0,0,0,67301,0,0,0,,0,0,0,4,67301,0,,1,1,,,,,0,,0,0,0,3,2,,1530,0,2,0,0,0,0,0,3,4,1,2,3,,N,,,,,,,,,,,
2007066349,135.0,3,0,0,0,0,0,0,0,0,5,0,,67,1,2007,3,39.9188,-75.1759,128.0,6,0,0,0,0,0,0,0,0,2.0,0,0,0,1,3,1,0,,2,39 55:07.654,4.0,0,75 10:33.387,8,0,0,0,67301,0,0,0,N,0,0,0,1,67301,0,,1,9,,N,N,,0,,0,0,1,0,0,Y,128,1,4,0,0,0,1,0,3,4,0,4,7,,N,,,,,,,,,,,
2007056407,619.0,1,0,0,0,0,0,0,0,0,7,0,,67,4,2007,1,40.0768,-75.033,616.0,6,0,0,0,0,0,0,0,0,,0,0,0,6,1,1,0,,0,40 04:36.340,,0,75 01:58.814,4,0,0,0,67301,0,0,0,Y,0,0,0,2,67301,1,,2,1,,N,N,,0,,0,0,0,0,0,,613,1,1,0,0,0,0,0,3,4,0,1,3,,N,,,,,,,,,,,
2007056439,1035.0,0,0,0,1,0,0,0,0,0,4,0,,67,4,2007,2,39.9808,-75.1385,1030.0,6,0,0,0,0,0,0,0,0,1.0,0,0,0,10,1,1,1,,1,39 58:50.977,1.0,0,75 08:18.473,4,0,0,0,67301,1,0,0,N,0,0,0,2,67301,1,,1,9,,N,N,,0,,0,0,1,3,3,N,1030,1,2,0,0,0,0,0,3,4,0,1,7,,N,,,,,,,,,,,
2007056467,1254.0,2,0,0,0,0,0,0,0,0,4,0,,67,4,2007,2,39.9545,-75.2149,1252.0,6,0,0,0,1,0,0,1,0,,0,0,0,12,1,1,1,,0,39 57:16.045,,0,75 12:53.647,8,0,0,0,67301,0,0,0,N,0,0,0,2,67301,0,,1,9,,N,N,,0,,0,0,0,3,3,,1245,1,2,0,0,2,1,0,3,4,0,2,7,,N,,,,,,,,,,,
2007061566,1937.0,3,0,0,0,0,0,0,0,0,1,0,,67,5,2007,7,39.9483,-75.1856,1930.0,6,0,0,0,0,0,1,0,0,2.0,0,0,0,19,3,0,6,,1,39 56:54.000,4.0,2,75 11:08.209,0,0,0,0,67301,0,0,0,N,0,0,0,7,68K01,0,,1,9,,N,N,,0,,0,0,0,0,0,N,1925,0,3,0,0,1,0,0,3,4,0,3,7,,N,,,,,,,,,,,
2007056594,1510.0,3,0,0,0,0,0,0,0,0,5,0,,67,4,2007,5,39.9663,-75.2501,1500.0,6,0,0,0,0,0,1,0,0,,0,0,0,14,1,1,2,,0,39 57:58.633,,0,75 15:00.431,4,0,0,0,67301,1,0,0,N,0,0,0,2,67301,1,,1,1,,N,N,,0,,0,0,0,0,0,,1455,1,3,0,0,0,0,0,3,4,0,3,3,,N,,,,,,,,,,,
2007056610,850.0,1,0,0,0,0,0,0,0,0,8,0,,67,3,2007,4,40.0144,-75.0872,847.0,6,0,0,0,0,0,0,0,0,,0,0,0,8,1,1,2,,0,40 00:51.663,,0,75 05:14.042,4,0,0,0,67301,1,0,0,N,1,0,0,2,67301,1,,1,1,,N,Y,,0,,0,0,0,3,3,,825,1,2,0,0,0,0,1,3,4,0,1,3,,N,,,,,,,,,,,
2007048851,1910.0,0,0,0,0,0,0,0,0,0,8,0,,67,2,2007,7,39.9724,-75.2534,1910.0,6,0,0,0,0,0,1,0,0,,0,0,0,19,2,1,0,,0,39 58:20.000,,0,75 15:12.288,8,0,0,0,67301,1,0,0,N,1,0,0,2,67301,0,,1,1,,N,N,,0,,0,0,0,0,0,,1910,1,2,0,0,0,1,0,3,4,1,1,3,,N,,,,,,,,,,,
2007056362,1720.0,0,0,0,0,0,0,0,0,0,1,0,,67,4,2007,6,40.079,-75.0252,1715.0,6,0,0,0,0,0,2,0,0,1.0,0,0,0,17,1,1,2,,1,40 04:44.000,4.0,0,75 01:30.863,4,0,0,0,67301,0,0,0,N,0,0,0,3,67301,1,,1,1,,N,N,,1,,0,0,1,3,2,N,1710,1,3,0,0,0,0,0,3,4,1,3,3,,N,,,,,,,,,,,
2007057397,842.0,1,0,0,0,0,0,0,0,0,2,0,,67,4,2007,7,40.0441,-75.0619,842.0,6,0,1,0,0,0,0,0,0,,0,0,0,8,1,2,1,,0,40 02:38.000,,0,75 03:42.723,4,0,0,0,67301,0,0,0,N,0,0,0,2,67301,2,,1,1,,N,N,,0,,0,0,1,3,2,,841,2,2,0,0,1,0,0,3,4,0,2,3,,N,,,,,,,,,,,
2007057520,1300.0,2,0,0,0,0,0,0,0,0,4,0,,67,4,2007,3,40.0421,-75.1821,1254.0,6,0,0,0,0,0,0,0,0,,0,0,0,12,1,0,2,,0,40 02:31.000,,0,75 10:55.461,0,0,0,0,67301,0,0,0,N,0,0,0,2,67301,0,,1,1,,N,N,,0,,0,0,0,3,3,,1245,0,2,0,0,0,0,0,3,4,0,2,3,,N,,,,,,,,,,,
2007098986,1915.0,2,0,0,0,0,0,0,0,0,4,0,,67,8,2007,3,40.0165,-75.0503,1900.0,6,0,0,0,0,0,0,1,0,,0,0,0,99,3,2,2,,0,40 01:00.000,,0,75 02:59.363,3,0,0,0,67301,0,0,0,,0,0,0,3,67301,0,,1,9,,N,N,,0,,2,0,0,2,2,,9999,2,2,0,0,0,0,0,3,4,0,2,7,,N,,,,,,,,,,,
2007096622,125.0,1,0,0,1,0,0,0,0,0,4,0,,67,8,2007,7,39.9436,-75.1672,123.0,6,0,0,0,0,0,0,0,0,,0,0,0,99,3,1,0,,0,39 56:37.087,,0,75 10:02.048,3,0,0,0,67301,1,0,0,,0,0,0,2,67301,0,,1,1,,,,,0,,1,0,0,0,0,,9999,1,2,0,0,0,0,0,3,4,0,1,3,,N,,,,,,,,,,,
2007067301,2201.0,2,0,0,0,0,0,0,0,0,1,0,,67,5,2007,4,39.9427,-75.2215,2200.0,6,0,0,0,0,0,1,0,0,,0,0,0,21,3,2,0,,0,39 56:33.700,,0,75 13:17.300,8,0,0,0,67301,0,0,0,,0,0,0,3,67301,0,,1,1,,N,N,,0,,0,0,0,0,0,,2150,2,2,0,0,1,2,0,3,4,0,2,3,,N,,,,,,,,,,,
2007037870,1746.0,2,0,0,0,0,0,0,0,0,1,0,,67,3,2007,7,39.9573,-75.181,1746.0,6,0,0,0,0,0,0,0,0,1.0,0,0,0,17,4,0,0,,1,39 57:26.579,4.0,0,75 10:51.344,0,0,0,0,67301,0,0,0,N,0,0,0,6,68K01,0,,1,1,,N,N,,0,,0,0,0,0,0,N,1744,0,2,0,0,0,0,0,3,4,0,2,3,,N,,,,,,,,,,,