CRN,ARRIVAL_TM,AUTOMOBILE_COUNT,BELTED_DEATH_COUNT,BELTED_SUSP_SERIOUS_INJ_COUNT,BICYCLE_COUNT,BICYCLE_DEATH_COUNT,BICYCLE_SUSP_SERIOUS_INJ_COUNT,BUS_COUNT,CHLDPAS_DEATH_COUNT,CHLDPAS_SUSP_SERIOUS_INJ_COUNT,COLLISION_TYPE,COMM_VEH_COUNT,CONS_ZONE_SPD_LIM,COUNTY,CRASH_MONTH,CRASH_YEAR,DAY_OF_WEEK,DEC_LAT,DEC_LONG,DISPATCH_TM,DISTRICT,DRIVER_COUNT_16YR,DRIVER_COUNT_17YR,DRIVER_COUNT_18YR,DRIVER_COUNT_19YR,DRIVER_COUNT_20YR,DRIVER_COUNT_50_64YR,DRIVER_COUNT_65_74YR,DRIVER_COUNT_75PLUS,EST_HRS_CLOSED,FATAL_COUNT,HEAVY_TRUCK_COUNT,HORSE_BUGGY_COUNT,HOUR_OF_DAY,ILLUMINATION,INJURY_COUNT,INTERSECT_TYPE,INTERSECTION_RELATED,LANE_CLOSED,LATITUDE,LN_CLOSE_DIR,LOCATION_TYPE,LONGITUDE,MAX_SEVERITY_LEVEL,MCYCLE_DEATH_COUNT,MCYCLE_SUSP_SERIOUS_INJ_COUNT,MOTORCYCLE_COUNT,MUNICIPALITY,NONMOTR_COUNT,NONMOTR_DEATH_COUNT,NONMOTR_SUSP_SERIOUS_INJ_COUNT,NTFY_HIWY_MAINT,PED_COUNT,PED_DEATH_COUNT,PED_SUSP_SERIOUS_INJ_COUNT,PERSON_COUNT,POLICE_AGCY,POSSIBLE_INJ_COUNT,RDWY_SURF_TYPE_CD,RELATION_TO_ROAD,ROAD_CONDITION,ROADWAY_CLEARED,SCH_BUS_IND,SCH_ZONE_IND,SECONDARY_CRASH,SMALL_TRUCK_COUNT,SPEC_JURIS_CD,SUSP_MINOR_INJ_COUNT,SUSP_SERIOUS_INJ_COUNT,SUV_COUNT,TCD_FUNC_CD,TCD_TYPE,TFC_DETOUR_IND,TIME_OF_DAY,TOT_INJ_COUNT,TOTAL_UNITS,UNB_DEATH_COUNT,UNB_SUSP_SERIOUS_INJ_COUNT,UNBELTED_OCC_COUNT,UNK_INJ_DEG_COUNT,UNK_INJ_PER_COUNT,URBAN_AREA,URBAN_RURAL,VAN_COUNT,VEHICLE_COUNT,WEATHER1,WEATHER2,WORK_ZONE_IND,WORK_ZONE_LOC,WORK_ZONE_TYPE,WORKERS_PRES,WZ_CLOSE_DETOUR,WZ_FLAGGER,WZ_LAW_OFFCR_IND,WZ_LN_CLOSURE,WZ_MOVING,WZ_OTHER,WZ_SHLDER_MDN,WZ_WORKERS_INJ_KILLED
2007067206,919.0,2,0,0,0,0,0,0,0,0,1,0,,67,4,2007,3,40.0595,-75.1655,902.0,6,0,0,0,0,0,0,0,0,,0,0,0,8,1,0,1,,0,40 03:34.000,,0,75 09:55.641,0,0,0,0,67301,0,0,0,,0,0,0,2,67301,0,,1,1,,,,,0,,0,0,0,0,0,,835,0,2,0,0,0,0,0,3,4,0,2,3,,N,,,,,,,,,,,
2007067244,1609.0,0,0,0,0,0,0,0,0,0,8,0,,67,4,2007,5,39.9511,-75.1536,1606.0,6,0,0,0,0,0,0,0,0,,0,0,0,15,1,1,1,,0,39 57:03.000,,0,75 09:12.848,4,0,0,0,67301,1,0,0,N,1,0,0,2,67301,1,,1,1,,N,N,,1,,0,0,0,3,2,,1559,1,2,0,0,0,0,0,3,4,0,1,3,,N,,,,,,,,,,,
2007057212,715.0,1,0,0,0,0,0,0,0,0,4,0,,67,4,2007,3,40.0168,-75.0497,705.0,6,0,0,0,0,0,1,0,0,,0,0,0,6,1,0,2,,0,40 01:00.801,,0,75 02:59.088,0,0,0,0,67301,0,0,0,N,0,0,0,2,67301,0,,1,1,,N,N,,1,,0,0,0,3,2,,635,0,2,0,0,0,0,0,3,4,0,2,3,,N,,,,,,,,,,,
2007099074,235.0,5,0,0,0,0,0,0,0,0,4,0,,67,8,2007,1,40.0012,-75.1254,230.0,6,0,0,0,0,0,0,0,0,,0,0,0,2,3,2,0,,0,40 00:04.277,,0,75 07:31.573,2,0,0,0,67301,0,0,0,N,0,0,0,2,67301,0,,5,1,,N,N,,1,,1,1,0,0,0,,220,2,6,0,0,0,0,0,3,4,0,6,3,,N,,,,,,,,,,,
2007099117,1630.0,1,0,0,0,0,0,0,0,0,8,0,,67,8,2007,2,40.0768,-75.2078,1629.0,6,0,0,0,0,0,0,0,0,,0,0,0,16,1,1,0,,0,40 04:35.000,,0,75 12:26.993,4,0,0,0,67301,1,0,0,,1,0,0,2,67301,1,,1,1,,,,,0,,0,0,0,0,0,,1628,1,2,0,0,0,0,0,3,4,0,1,3,,N,,,,,,,,,,,
2007100018,715.0,2,0,0,0,0,0,0,0,0,4,0,,67,9,2007,1,39.9715,-75.2258,710.0,6,0,0,0,0,0,0,1,0,,0,0,0,7,1,0,1,,0,39 58:17.000,,0,75 13:33.023,9,0,0,0,67301,0,0,0,N,0,0,0,4,67301,0,,1,1,,N,N,,0,,0,0,0,3,2,,710,0,2,0,0,0,0,1,3,4,0,2,3,,N,,,,,,,,,,,
2007094961,1145.0,1,0,0,1,0,0,0,0,0,6,0,,67,8,2007,5,39.9157,-75.1565,1141.0,6,0,0,0,0,0,0,0,0,,0,0,0,11,1,1,1,,0,39 54:56.559,,0,75 09:23.504,4,0,0,0,67301,1,0,0,N,0,0,0,2,67301,1,,1,1,,N,N,,0,,0,0,0,0,0,,1135,1,2,0,0,0,0,1,3,4,0,1,3,,N,,,,,,,,,,,
2007095047,1203.0,1,0,0,0,0,0,0,0,0,1,0,,67,7,2007,2,40.1221,-74.9984,1203.0,6,0,0,0,0,0,0,0,0,,0,0,0,99,1,2,2,,0,40 07:19.488,,0,74 59:54.394,4,0,0,0,67301,0,0,0,,0,0,0,3,67301,2,,1,1,,,,,1,,0,0,0,0,0,,9999,2,2,0,0,0,0,0,3,4,0,2,3,,N,,,,,,,,,,,
2007120613,830.0,1,0,0,0,0,0,0,0,0,5,0,,67,9,2007,6,39.9038,-75.1981,813.0,6,0,0,0,0,0,2,0,0,,0,0,0,8,1,2,0,,0,39 54:13.000,,3,75 11:53.277,3,0,0,0,67301,0,0,0,,0,0,0,3,67301,0,,1,1,,,,,0,,2,0,2,0,0,,811,2,3,0,0,1,0,0,3,4,0,3,3,,N,,,,,,,,,,,
2007082922,1910.0,3,0,0,0,0,0,0,0,0,2,0,,67,5,2007,4,40.0265,-75.1387,1905.0,6,0,0,0,0,0,0,0,0,1.0,0,0,0,19,1,2,1,,2,40 01:35.533,7.0,0,75 08:19.298,3,0,0,0,67301,0,0,0,N,0,0,0,3,67301,0,,1,1,,N,N,,0,,2,0,0,0,0,Y,1900,2,3,0,0,1,0,0,3,4,0,3,3,,N,,,,,,,,,,,
2007082935,2303.0,1,0,0,1,0,0,0,0,0,4,0,,67,6,2007,3,39.9556,-75.1728,2302.0,6,0,0,0,0,0,1,0,0,2.0,0,0,0,22,3,1,1,,1,39 57:20.167,4.0,0,75 10:21.953,3,0,0,0,67301,1,0,0,N,0,0,0,2,67301,0,,1,9,,N,N,,0,,1,0,0,3,2,N,2246,1,2,0,0,0,0,0,3,4,0,1,3,,N,,,,,,,,,,,
2007107125,1104.0,3,0,0,0,0,0,0,0,0,1,0,,67,9,2007,1,39.9693,-75.2379,1100.0,6,0,0,0,0,0,0,1,0,,0,0,0,11,1,7,0,,0,39 58:09.000,,0,75 14:16.244,8,0,0,0,67301,0,0,0,N,0,0,0,8,67301,0,,1,1,,N,N,,0,,0,0,0,0,0,,1100,7,3,0,0,0,7,0,3,4,0,3,3,,N,,,,,,,,,,,
2007107036,9999.0,0,0,0,1,0,0,0,0,0,4,0,,67,9,2007,6,39.9966,-75.1628,810.0,6,0,0,0,0,0,0,0,0,,0,0,0,99,3,1,1,,0,39 59:47.936,,0,75 09:45.932,8,0,0,0,67301,1,0,0,N,0,0,0,2,67301,0,,1,1,,N,N,,0,,0,0,0,0,0,,9999,1,2,0,0,0,1,0,3,4,1,1,3,,N,,,,,,,,,,,
2007117212,920.0,1,0,0,0,0,0,0,0,0,7,0,,67,10,2007,2,39.9598,-75.1784,915.0,6,0,0,0,0,0,1,0,0,,0,0,0,9,1,0,7,,0,39 57:35.000,,2,75 10:45.221,0,0,0,0,67301,0,0,0,Y,0,0,0,2,67301,0,,7,1,,N,N,,0,,0,0,0,0,0,,914,0,1,0,0,0,0,0,3,4,0,1,3,,N,,,,,,,,,,,
2007093254,1715.0,1,0,0,0,0,0,0,0,0,8,0,,67,7,2007,7,39.9261,-75.1828,1710.0,6,0,0,0,0,0,0,0,0,,0,0,0,16,1,1,1,,0,39 55:33.000,,0,75 10:57.484,4,0,0,0,67301,1,0,0,N,1,0,0,2,67301,1,,1,1,,N,N,,0,,0,0,0,3,2,,1657,1,2,0,0,0,0,1,3,4,0,1,3,,N,,,,,,,,,,,
2007022311,250.0,1,0,0,0,0,0,0,0,0,6,0,,67,1,2007,2,39.9077,-75.19,243.0,6,0,0,0,0,0,1,0,0,,0,0,0,2,3,0,0,,0,39 54:28.000,,7,75 11:23.513,0,0,0,0,67301,0,0,0,N,0,0,0,2,67301,0,,1,9,,,N,,0,,0,0,1,0,0,,240,0,2,0,0,0,0,0,3,4,0,2,7,,N,,,,,,,,,,,
2007027507,211.0,2,0,0,0,0,0,0,0,0,6,0,,67,1,2007,4,39.9247,-75.2232,207.0,6,0,0,0,0,0,0,0,0,3.0,0,0,0,2,3,0,0,,2,39 55:28.761,5.0,0,75 13:23.638,0,0,0,0,67301,0,0,0,N,0,0,0,1,67301,0,,6,1,,N,N,,0,,0,0,0,3,2,Y,203,0,2,0,0,0,0,0,3,4,0,2,3,,N,,,,,,,,,,,
2007027771,1055.0,2,0,0,0,0,0,0,0,0,4,0,,67,1,2007,3,40.0214,-75.1485,1052.0,6,0,0,0,0,0,1,0,0,1.0,0,0,0,10,1,1,1,,1,40 01:16.000,1.0,0,75 08:54.571,4,0,0,0,67301,0,0,0,N,0,0,0,2,67301,1,,1,1,,N,N,,0,,0,0,0,9,2,N,1050,1,2,0,0,0,0,1,3,4,0,2,3,,N,,,,,,,,,,,
2007096738,749.0,1,0,0,0,0,0,1,0,0,4,1,,67,8,2007,2,39.9239,-75.1855,748.0,6,0,0,0,0,0,0,0,0,,0,0,0,7,1,2,1,,0,39 55:25.914,,0,75 11:07.915,4,0,0,0,67301,0,0,0,N,0,0,0,3,67301,2,,1,9,,Y,N,,0,,0,0,0,3,3,,748,2,2,0,0,0,0,0,3,4,0,2,3,,N,,,,,,,,,,,
2007066286,1918.0,1,0,0,1,0,0,0,0,0,4,0,,67,5,2007,3,39.9351,-75.1925,1914.0,6,0,0,0,0,0,0,0,0,1.0,0,0,0,19,1,1,0,,2,39 56:06.212,2.0,0,75 11:33.098,4,0,0,0,67301,1,0,0,N,0,0,0,2,67301,1,,1,1,,N,N,,0,,0,0,0,3,3,N,1914,1,2,0,0,0,0,0,3,4,0,1,3,,N,,,,,,,,,,,
2007066288,1032.0,2,0,0,0,0,0,0,0,0,1,0,,67,4,2007,6,39.9461,-75.1985,1031.0,6,0,0,0,0,0,0,0,0,,0,0,0,22,3,0,1,,0,39 56:45.000,,0,75 11:54.625,0,0,0,0,67301,0,0,0,,0,0,0,2,67301,0,,1,1,,,,,0,,0,0,0,9,2,,2230,0,2,0,0,0,0,0,3,4,0,2,3,,N,,,,,,,,,,,
2007056559,1850.0,3,0,0,0,0,0,0,0,0,4,0,,67,4,2007,7,,,1850.0,6,0,0,0,0,1,0,0,0,2.0,0,0,0,18,1,0,1,,1,,4.0,0,,0,0,0,0,67301,0,0,0,N,0,0,0,1,67301,0,,1,9,,N,N,,1,,0,0,0,3,2,Y,1850,0,4,0,0,1,0,0,3,3,0,4,10,,N,,,,,,,,,,,
2007056574,1725.0,1,0,0,0,0,0,0,0,0,8,0,,67,3,2007,5,40.0159,-75.1538,1723.0,6,0,0,0,0,1,0,0,0,,0,0,0,99,1,1,1,,0,40 00:57.000,,0,75 09:13.829,3,0,0,0,67301,1,0,0,N,1,0,0,2,67301,0,,1,1,,N,N,,0,,1,0,0,3,2,,9999,1,2,0,0,1,0,0,3,4,0,1,3,,N,,,,,,,,,,,
2007056607,2010.0,1,0,0,0,0,0,0,0,0,4,0,,67,4,2007,7,40.0072,-75.1419,2005.0,6,0,0,0,0,0,0,0,0,,0,0,0,23,6,1,2,,0,40 00:25.948,,0,75 08:31.009,8,0,0,0,67301,0,0,0,N,0,0,0,4,67301,0,,1,1,,N,N,,1,,0,0,0,0,0,,2305,1,2,0,0,0,1,2,3,4,0,2,3,,N,,,,,,,,,,,
2007048844,1635.0,4,0,0,0,0,0,0,0,0,1,0,,67,2,2007,6,40.058,-75.0596,1628.0,6,0,0,0,0,0,2,0,0,1.0,0,0,0,16,1,1,1,,1,40 03:28.000,1.0,0,75 03:34.540,4,0,0,0,67301,0,0,0,N,0,0,0,5,67301,1,,1,1,,N,N,,0,,0,0,0,3,2,N,1620,1,4,0,0,0,0,0,3,4,0,4,3,,N,,,,,,,,,,,
2007067446,2011.0,1,0,0,0,0,0,0,0,0,4,0,,67,5,2007,1,39.9484,-75.2192,2011.0,6,0,0,0,0,0,0,0,0,,0,0,0,20,1,1,0,,0,39 56:54.208,,0,75 13:09.045,2,0,0,0,67301,0,0,0,N,0,0,0,1,67301,0,,1,1,,N,N,,0,,0,1,0,0,0,,2011,1,2,0,0,0,0,0,3,4,0,2,3,,N,,,,,,,,,,,
2007057542,1642.0,0,0,0,0,0,0,0,0,0,1,0,,67,4,2007,7,39.9631,-75.1838,1626.0,6,0,0,0,0,0,1,0,0,1.0,0,0,0,16,1,1,0,,1,39 57:48.000,4.0,0,75 11:02.502,4,0,0,0,67301,0,0,0,N,0,0,0,3,68K01,1,,1,1,,N,N,,0,,0,0,2,0,0,N,1620,1,2,0,0,0,0,0,3,4,0,2,3,,N,,,,,,,,,,,
2007098987,2140.0,0,0,0,1,0,0,0,0,0,4,0,,67,8,2007,5,39.9238,-75.2397,2137.0,6,0,0,0,0,0,0,0,0,,0,0,0,21,3,2,1,,0,39 55:25.806,,0,75 14:22.876,4,0,0,0,67301,2,0,0,N,0,0,0,3,67301,2,,1,1,,N,N,,0,,0,0,1,3,3,,2129,2,2,0,0,0,0,0,3,4,0,1,3,,N,,,,,,,,,,,
2007067316,1431.0,2,0,0,0,0,0,0,0,0,4,0,,67,4,2007,1,40.114,-74.9877,1425.0,6,0,0,0,0,0,2,0,0,,0,0,0,14,1,2,0,,0,40 06:50.388,,0,74 59:15.611,4,0,0,0,67301,0,0,0,,0,0,0,4,67301,2,,1,1,,N,N,,0,,0,0,0,0,0,,1420,2,2,0,0,0,0,0,3,4,0,2,3,,N,,,,,,,,,,,
2007067395,19.0,1,0,0,0,0,0,0,0,0,8,0,,67,5,2007,1,40.0216,-75.0632,19.0,6,0,0,0,0,0,0,1,0,,0,0,0,0,3,1,0,,0,40 01:17.000,,0,75 03:47.554,3,0,0,0,67301,1,0,0,,1,0,0,2,67301,0,,1,9,,,,,0,,1,0,0,9,2,,19,1,2,0,0,1,0,0,3,4,0,1,7,,N,,,,,,,,,,,
2007057214,0.0,1,0,0,0,0,0,0,0,0,4,0,,67,3,2007,6,39.9339,-75.1473,10.0,6,0,0,0,0,0,0,1,0,,0,0,0,99,1,1,2,,0,39 56:02.036,,0,75 08:50.171,4,0,0,0,67301,0,0,0,N,0,0,0,3,67301,1,,1,1,,N,N,,1,,0,0,0,3,2,,9999,1,2,0,0,1,0,0,3,4,0,2,3,,N,,,,,,,,,,,
2007057222,2053.0,1,0,0,0,0,0,0,0,0,5,0,,67,3,2007,3,40.0267,-75.0966,2050.0,6,0,0,0,1,0,0,0,0,,0,0,0,20,3,1,0,,0,40 01:35.000,,0,75 05:47.742,4,0,0,1,67301,0,0,0,,0,0,0,5,67301,1,,1,1,,,,,0,,0,0,0,0,0,,2050,1,2,0,0,0,0,0,3,4,0,2,3,,N,,,,,,,,,,,
2007057369,736.0,2,0,0,0,0,0,0,0,0,2,0,,67,3,2007,6,40.0383,-75.0754,734.0,6,0,0,0,0,0,1,0,0,,0,0,0,7,1,1,1,,0,40 02:17.896,,0,75 04:31.313,8,0,0,0,67301,0,0,0,N,0,0,0,2,67301,0,,1,9,,N,N,,0,,0,0,0,3,2,,730,1,2,0,0,0,1,0,3,4,0,2,7,,N,,,,,,,,,,,
2007029271,2115.0,3,0,0,0,0,0,0,0,0,2,0,,67,1,2007,7,39.9833,-75.1042,2115.0,6,0,1,0,0,0,0,0,0,,0,0,0,21,3,1,1,,0,39 58:59.959,,0,75 06:15.080,3,0,0,0,67301,0,0,0,N,0,0,0,2,67301,0,,1,1,,N,N,,0,,1,0,0,9,3,,2115,1,3,0,0,1,0,1,3,4,0,3,3,,N,,,,,,,,,,,
2007029312,1548.0,1,0,0,0,0,0,0,0,0,8,0,,67,1,2007,5,39.9792,-75.2501,1545.0,6,0,0,0,0,0,1,0,0,,0,0,0,15,1,1,0,,0,39 58:45.166,,0,75 15:00.392,8,0,0,0,67301,1,0,0,N,1,0,0,2,67301,0,,1,1,,N,N,,0,,0,0,0,0,0,,1538,1,2,0,0,0,1,0,3,4,0,1,3,,N,,,,,,,,,,,
2007120912,910.0,1,0,0,0,0,0,0,0,0,8,0,,67,10,2007,4,40.0364,-75.1306,859.0,6,0,0,0,0,0,0,0,0,,0,0,0,8,1,1,1,,0,40 02:11.000,,0,75 07:50.102,4,0,0,0,67301,1,0,0,N,1,0,0,1,67301,1,,5,1,,N,N,,0,,0,0,0,3,2,,859,1,2,0,0,0,0,0,3,4,0,1,3,,N,,,,,,,,,,,
2007128228,548.0,0,0,0,0,0,0,0,0,0,8,0,,67,10,2007,5,40.0132,-75.0704,544.0,6,0,0,0,0,0,0,0,0,,0,0,0,5,3,1,1,,0,40 00:47.000,,0,75 04:13.514,4,0,0,0,67301,1,0,0,N,1,0,0,2,67301,1,,1,9,,N,N,,1,,0,0,0,3,2,,540,1,2,0,0,0,0,0,3,4,0,1,7,,N,,,,,,,,,,,
2007092888,1730.0,2,0,0,0,0,0,0,0,0,1,0,,67,3,2007,2,39.9732,-75.2122,1723.0,6,0,0,0,0,0,0,0,0,,0,0,0,17,1,3,1,,0,39 58:23.000,,0,75 12:43.721,4,0,0,0,67301,0,0,0,N,0,0,0,4,67301,3,,1,1,,N,N,,0,,0,0,0,3,2,,1715,3,2,0,0,0,0,1,3,4,0,2,3,,N,,,,,,,,,,,
2007123430,329.0,2,0,0,0,0,0,0,0,0,1,0,,67,10,2007,7,39.9748,-75.1944,313.0,6,0,0,0,0,0,0,0,0,,0,0,0,3,3,0,0,,0,39 58:32.000,,0,75 11:42.090,0,0,0,0,67301,0,0,0,N,0,0,0,3,68K01,0,,1,1,,N,N,,0,,0,0,0,0,0,,313,0,2,0,0,0,0,0,3,4,0,2,3,,N,,,,,,,,,,,
2007120524,1318.0,2,0,0,0,0,0,0,0,0,1,0,,67,10,2007,3,39.9945,-75.1159,1315.0,6,0,0,0,0,0,0,0,0,,0,0,0,13,1,1,0,,0,39 59:40.376,,0,75 06:57.142,4,0,0,0,67301,0,0,0,N,0,0,0,3,67301,1,,1,1,,N,N,,1,,0,0,0,0,0,,1310,1,3,0,0,1,0,0,3,4,0,3,3,,N,,,,,,,,,,,
2007120634,1721.0,0,0,0,1,0,0,0,0,0,4,0,,67,10,2007,4,39.9642,-75.2152,1721.0,6,0,0,0,0,0,0,0,0,,0,0,0,17,1,1,1,,0,39 57:51.109,,0,75 12:54.633,8,0,0,0,67301,1,0,0,N,0,0,0,3,67301,0,,1,1,,N,N,,0,,0,0,1,3,3,,1720,1,2,0,0,1,1,0,3,4,0,1,3,,N,,,,,,,,,,,
2007120646,802.0,1,0,0,0,0,0,0,0,0,2,0,,67,10,2007,4,40.0707,-75.1574,754.0,6,0,0,0,0,0,0,0,0,,0,0,0,7,3,1,1,,0,40 04:14.685,,0,75 09:26.643,4,0,0,0,67301,1,0,0,N,1,0,0,2,67301,1,,1,1,,N,N,,0,,0,0,0,3,2,,746,1,2,0,0,0,0,1,3,4,0,1,3,,N,,,,,,,,,,,
2007120692,1900.0,2,0,0,0,0,0,0,0,0,5,0,,67,10,2007,2,40.0286,-75.0953,1803.0,6,0,0,0,0,0,0,0,0,,0,0,0,18,4,1,0,,0,40 01:42.913,,0,75 05:43.022,4,0,0,0,67301,0,0,0,N,0,0,0,3,67301,1,,1,1,,N,N,,0,,0,0,0,0,0,,1802,1,2,0,0,0,0,0,3,4,0,2,3,,N,,,,,,,,,,,
2007107084,1354.0,0,0,0,1,0,0,0,0,0,1,0,,67,9,2007,7,39.9219,-75.16,1352.0,6,0,0,0,0,0,0,0,0,,0,0,0,8,1,1,1,,0,39 55:18.717,,0,75 09:36.025,3,0,0,0,67301,1,0,0,N,0,0,0,2,67301,0,,1,1,,N,N,,0,,1,0,1,3,3,,800,1,2,0,0,0,0,1,3,4,0,1,3,,N,,,,,,,,,,,
2007107111,1917.0,2,0,0,0,0,0,0,0,0,2,0,,67,9,2007,5,39.9946,-75.0945,1915.0,6,0,0,0,0,0,0,0,0,,0,0,0,19,1,1,1,,0,39 59:40.000,,0,75 05:40.312,8,0,0,0,67301,0,0,0,N,0,0,0,4,67301,0,,1,1,,N,N,,0,,0,0,1,3,2,,1902,1,3,0,0,0,1,0,3,4,0,3,3,,N,,,,,,,,,,,
2007082928,1125.0,1,0,0,0,0,0,0,0,0,7,0,,67,6,2007,6,39.9567,-75.1423,1120.0,6,0,0,0,0,0,0,0,0,,0,0,0,11,1,1,0,,0,39 57:34.000,,2,75 08:27.922,3,0,0,0,67301,0,0,0,Y,0,0,0,1,67301,0,,2,1,,N,N,,0,,1,0,0,0,0,,1115,1,1,0,0,0,0,0,3,4,0,1,3,,N,,,,,,,,,,,
2007080478,1155.0,3,0,0,0,0,0,0,0,0,1,0,,67,6,2007,4,40.0312,-75.0864,1150.0,6,0,0,0,0,0,0,0,0,,0,0,0,11,1,1,1,,0,40 01:52.000,,0,75 05:11.198,4,0,0,0,67301,0,0,0,,0,0,0,3,67301,1,,1,1,,,,,0,,0,0,0,3,2,,1145,1,3,0,0,3,0,0,3,4,0,3,3,,N,,,,,,,,,,,
2007107064,1225.0,4,0,0,0,0,0,0,0,0,5,0,,67,8,2007,7,40.0518,-74.9846,1222.0,6,0,0,0,0,0,0,1,1,,0,0,0,12,1,1,0,,0,40 03:06.516,,0,74 59:04.750,8,0,0,0,67301,0,0,0,N,0,0,0,2,67301,0,,1,1,,N,N,,0,,0,0,0,0,0,,1220,1,4,0,0,0,1,0,3,4,0,4,3,,N,,,,,,,,,,,
2007120719,2153.0,1,0,0,1,0,0,0,0,0,4,0,,67,9,2007,6,39.935,-75.1427,2150.0,6,0,0,0,0,0,0,0,0,,0,0,0,21,1,1,1,,0,39 56:05.853,,0,75 08:33.775,4,0,0,0,67301,1,0,0,N,0,0,0,2,67301,1,,1,1,,N,N,,0,,0,0,0,3,2,,2148,1,2,0,0,1,0,0,3,4,0,1,3,,N,,,,,,,,,,,
2007027827,710.0,1,0,0,0,0,0,0,0,0,8,0,,67,1,2007,2,40.0675,-75.1793,701.0,6,0,0,0,0,0,0,1,0,,0,0,0,7,5,1,1,,0,40 04:02.000,,0,75 10:45.487,8,0,0,0,67301,1,0,0,N,1,0,0,2,67301,0,,1,9,,N,N,,0,,0,0,0,3,2,,700,1,2,0,0,0,1,0,3,4,0,1,7,,N,,,,,,,,,,,
2007027889,1405.0,1,0,0,0,0,0,0,0,0,4,0,,67,2,2007,6,40.0139,-75.126,1400.0,6,0,0,0,0,1,0,0,0,,0,0,0,99,1,1,0,,0,40 00:50.018,,7,75 07:33.556,4,0,0,0,67301,0,0,0,N,0,0,0,2,67301,1,,1,1,,N,N,,0,,0,0,2,0,0,,9999,1,3,0,0,0,0,0,3,4,0,3,3,,N,,,,,,,,,,,
2007027894,1031.0,2,0,0,0,0,0,0,0,0,4,0,,67,1,2007,1,39.9923,-75.1415,1027.0,6,0,0,0,0,0,2,0,0,,0,0,0,10,1,1,1,,0,39 59:32.000,,0,75 08:29.523,4,0,0,0,67301,0,0,0,,0,0,0,3,67301,1,,1,1,,N,N,,0,,0,0,0,9,3,,1026,1,2,0,0,0,0,0,3,4,0,2,3,,N,,,,,,,,,,,
2007027948,1739.0,2,0,0,0,0,0,0,0,0,4,0,,67,1,2007,4,40.0522,-75.056,1730.0,6,0,0,0,0,0,0,0,0,,0,0,0,17,3,0,1,,0,40 03:08.000,,0,75 03:21.588,0,0,0,0,67301,0,0,0,N,0,0,0,5,67301,0,,1,1,,N,N,,0,,0,0,0,3,3,,1730,0,2,0,0,5,0,0,3,4,0,2,3,,N,,,,,,,,,,,
2007117219,1240.0,1,0,0,0,0,0,1,0,0,4,1,,67,10,2007,4,40.0244,-75.1469,1220.0,6,0,0,0,0,0,0,1,0,,0,0,0,99,1,2,1,,0,40 01:27.922,,0,75 08:48.832,4,0,0,0,67301,0,0,0,N,0,0,0,3,67301,1,,1,1,,N,N,,0,,0,0,0,3,2,,9999,2,2,0,0,0,1,0,3,4,0,2,3,,N,,,,,,,,,,,
2007112114,157.0,1,0,0,0,0,0,0,0,0,8,0,,67,9,2007,7,39.985,-75.1283,150.0,6,0,0,0,0,0,0,0,0,,0,0,0,1,3,1,0,,0,39 59:06.112,,0,75 07:41.705,3,0,0,0,67301,1,0,0,,1,0,0,2,67301,0,,1,9,,,,,0,,1,0,0,0,0,,140,1,2,0,0,0,0,1,3,4,0,1,7,,N,,,,,,,,,,,
2007047640,409.0,0,0,0,0,0,0,0,0,0,4,1,25.0,67,1,2007,6,40.0524,-75.1577,350.0,6,0,0,0,0,0,1,0,0,3.0,0,0,0,99,3,1,1,,2,40 03:08.460,7.0,0,75 09:27.889,8,0,0,0,67301,1,0,0,N,1,0,0,5,67301,0,,1,9,,N,N,,1,,0,0,1,3,2,Y,9999,1,3,0,0,0,1,0,3,4,0,2,7,,Y,8.0,8.0,Y,,,U,,,,,
2007047644,1804.0,0,0,0,0,0,0,0,0,0,8,0,,67,3,2007,6,40.0263,-75.1337,1854.0,6,0,0,0,0,0,0,0,0,,0,0,0,18,1,1,0,,0,40 01:34.777,,0,75 08:01.420,3,0,0,0,67301,1,0,0,N,1,0,0,2,67301,0,,1,1,,N,N,,0,,1,0,0,0,0,,1800,1,2,0,0,1,0,0,3,4,1,1,3,,N,,,,,,,,,,,
2007098302,840.0,1,0,0,1,0,0,0,0,0,2,0,,67,7,2007,2,40.0567,-75.1413,835.0,6,0,0,0,0,0,0,0,0,,0,0,0,17,1,1,0,,0,40 03:24.094,,0,75 08:28.608,4,0,0,0,67301,1,0,0,N,0,0,0,2,67301,1,,1,1,,N,N,,0,,0,0,0,0,0,,1700,1,2,0,0,0,0,0,3,4,0,1,3,,N,,,,,,,,,,,
2007093237,1602.0,1,0,0,0,0,0,0,0,0,7,0,,67,6,2007,7,40.0524,-75.1857,1600.0,6,0,0,0,0,1,0,0,0,,0,0,0,15,1,1,2,,0,40 03:08.000,,0,75 11:08.436,4,0,0,0,67301,0,0,0,N,0,0,0,1,67301,1,,4,98,,N,N,,0,,0,0,0,0,0,,1550,1,1,0,0,0,0,0,3,4,0,1,3,,N,,,,,,,,,,,
2007095885,150.0,3,0,0,0,0,0,0,0,0,1,0,,67,7,2007,2,39.9738,-75.2179,143.0,6,0,0,0,0,0,0,0,0,,0,0,0,1,3,1,0,,0,39 58:25.539,,0,75 13:04.598,8,0,0,0,67301,0,0,0,N,0,0,0,1,67301,0,,6,1,,N,N,,0,,0,0,1,0,0,,140,1,4,0,0,0,1,0,3,4,0,4,3,,N,,,,,,,,,,,