CRN,ARRIVAL_TM,AUTOMOBILE_COUNT,BELTED_DEATH_COUNT,BELTED_SUSP_SERIOUS_INJ_COUNT,BICYCLE_COUNT,BICYCLE_DEATH_COUNT,BICYCLE_SUSP_SERIOUS_INJ_COUNT,BUS_COUNT,CHLDPAS_DEATH_COUNT,CHLDPAS_SUSP_SERIOUS_INJ_COUNT,COLLISION_TYPE,COMM_VEH_COUNT,CONS_ZONE_SPD_LIM,COUNTY,CRASH_MONTH,CRASH_YEAR,DAY_OF_WEEK,DEC_LAT,DEC_LONG,DISPATCH_TM,DISTRICT,DRIVER_COUNT_16YR,DRIVER_COUNT_17YR,DRIVER_COUNT_18YR,DRIVER_COUNT_19YR,DRIVER_COUNT_20YR,DRIVER_COUNT_50_64YR,DRIVER_COUNT_65_74YR,DRIVER_COUNT_75PLUS,EST_HRS_CLOSED,FATAL_COUNT,HEAVY_TRUCK_COUNT,HORSE_BUGGY_COUNT,HOUR_OF_DAY,ILLUMINATION,INJURY_COUNT,INTERSECT_TYPE,INTERSECTION_RELATED,LANE_CLOSED,LATITUDE,LN_CLOSE_DIR,LOCATION_TYPE,LONGITUDE,MAX_SEVERITY_LEVEL,MCYCLE_DEATH_COUNT,MCYCLE_SUSP_SERIOUS_INJ_COUNT,MOTORCYCLE_COUNT,MUNICIPALITY,NONMOTR_COUNT,NONMOTR_DEATH_COUNT,NONMOTR_SUSP_SERIOUS_INJ_COUNT,NTFY_HIWY_MAINT,PED_COUNT,PED_DEATH_COUNT,PED_SUSP_SERIOUS_INJ_COUNT,PERSON_COUNT,POLICE_AGCY,POSSIBLE_INJ_COUNT,RDWY_SURF_TYPE_CD,RELATION_TO_ROAD,ROAD_CONDITION,ROADWAY_CLEARED,SCH_BUS_IND,SCH_ZONE_IND,SECONDARY_CRASH,SMALL_TRUCK_COUNT,SPEC_JURIS_CD,SUSP_MINOR_INJ_COUNT,SUSP_SERIOUS_INJ_COUNT,SUV_COUNT,TCD_FUNC_CD,TCD_TYPE,TFC_DETOUR_IND,TIME_OF_DAY,TOT_INJ_COUNT,TOTAL_UNITS,UNB_DEATH_COUNT,UNB_SUSP_SERIOUS_INJ_COUNT,UNBELTED_OCC_COUNT,UNK_INJ_DEG_COUNT,UNK_INJ_PER_COUNT,URBAN_AREA,URBAN_RURAL,VAN_COUNT,VEHICLE_COUNT,WEATHER1,WEATHER2,WORK_ZONE_IND,WORK_ZONE_LOC,WORK_ZONE_TYPE,WORKERS_PRES,WZ_CLOSE_DETOUR,WZ_FLAGGER,WZ_LAW_OFFCR_IND,WZ_LN_CLOSURE,WZ_MOVING,WZ_OTHER,WZ_SHLDER_MDN,WZ_WORKERS_INJ_KILLED
2007093371,1850.0,1,0,0,0,0,0,0,0,0,8,0,,67,6,2007,7,39.9283,-75.2318,1843.0,6,0,0,0,0,0,0,0,0,,0,0,0,99,1,1,3,,0,39 55:41.923,,0,75 13:54.641,8,0,0,0,67301,1,0,0,,1,0,0,2,67301,0,,1,1,,N,N,,0,,0,0,0,0,0,,9999,1,2,0,0,1,1,0,3,4,0,1,3,,N,,,,,,,,,,,
2007022370,227.0,0,0,0,0,0,0,0,0,0,8,0,,67,1,2007,2,39.9615,-75.15,227.0,6,0,0,0,0,0,0,0,0,2.0,0,0,0,99,3,2,0,,1,39 57:41.337,4.0,0,75 08:59.830,4,0,0,0,67301,2,0,0,N,2,0,0,3,67301,2,,5,9,,N,N,,0,,0,0,0,0,0,N,9999,2,3,0,0,0,0,1,3,4,0,1,7,,N,,,,,,,,,,,
2007022383,1845.0,2,0,0,0,0,0,0,0,0,4,0,,67,1,2007,4,40.0512,-75.0661,1835.0,6,0,0,0,0,1,0,0,0,,0,0,0,18,3,1,1,,0,40 03:04.000,,0,75 03:57.572,8,0,0,0,67301,0,0,0,,0,0,0,2,67301,0,,1,1,,N,N,,0,,0,0,0,3,2,,1818,1,2,0,0,0,1,1,3,4,0,2,3,,N,,,,,,,,,,,
2007027499,1905.0,0,0,0,0,0,0,0,0,0,4,0,,67,1,2007,6,40.0107,-75.1508,1858.0,6,0,0,0,0,0,0,2,0,2.0,0,0,0,18,3,2,1,,1,40 00:38.000,1.0,0,75 09:02.934,4,0,0,0,67301,0,0,0,N,0,0,0,4,67301,2,,1,1,,N,N,,0,,0,0,1,3,2,N,1858,2,2,0,0,0,0,0,3,4,1,2,3,,N,,,,,,,,,,,
2007027611,1625.0,2,0,0,0,0,0,0,0,0,1,0,,67,1,2007,6,40.114,-74.988,1620.0,6,0,0,0,0,0,2,0,0,,0,0,0,99,8,2,0,,0,40 06:50.000,,0,74 59:16.648,8,0,0,0,67301,0,0,0,,0,0,0,4,67301,0,,1,1,,,,,1,,0,0,0,0,0,,9999,2,3,0,0,0,2,0,3,4,0,3,3,,N,,,,,,,,,,,
2007027578,1300.0,1,0,0,0,0,0,0,0,0,6,0,,67,1,2007,7,39.9835,-75.2471,1255.0,6,0,0,0,0,1,2,0,0,,0,0,0,12,1,1,1,,0,39 58:55.000,,0,75 14:48.639,4,0,0,0,67301,0,0,0,,0,0,0,3,67301,1,,1,9,,,,,0,,0,0,1,3,2,,1230,1,3,0,0,0,0,0,3,4,1,3,7,,N,,,,,,,,,,,
2007022686,1204.0,2,0,0,0,0,0,0,0,0,4,0,,67,1,2007,2,40.0541,-75.0884,1158.0,6,0,0,0,0,0,0,0,0,,0,0,0,11,1,1,2,,0,40 03:14.601,,0,75 05:18.196,4,0,0,0,67301,0,0,0,N,0,0,0,2,67301,1,,1,9,,N,N,,0,,0,0,0,3,3,,1145,1,2,0,0,0,0,0,3,4,0,2,7,,N,,,,,,,,,,,
2007022832,1333.0,2,0,0,0,0,0,0,0,0,4,0,,67,1,2007,1,39.9633,-75.1874,1330.0,6,0,0,0,1,0,0,0,0,2.0,0,0,0,13,1,0,1,,1,39 57:48.000,1.0,0,75 11:14.695,0,0,0,0,67301,0,0,0,N,0,0,0,3,67301,0,,1,1,,N,N,,0,,0,0,0,3,2,Y,1325,0,2,0,0,0,0,0,3,4,0,2,3,,N,,,,,,,,,,,
2007022755,1620.0,2,0,0,0,0,0,0,0,0,4,0,,67,1,2007,6,40.0207,-75.1486,1617.0,6,0,0,0,0,0,0,0,0,,0,0,0,16,1,1,2,,0,40 01:14.000,,0,75 08:55.162,4,0,0,0,67301,0,0,0,N,0,0,0,3,67301,1,,1,1,,N,N,,0,,0,0,0,0,0,,1617,1,2,0,0,0,0,2,3,4,0,2,3,,N,,,,,,,,,,,
2007096736,1608.0,1,0,0,0,0,0,1,0,0,6,1,,67,8,2007,6,39.9179,-75.1793,1603.0,6,0,0,0,1,0,0,0,0,,0,0,0,16,1,2,1,,0,39 55:04.486,,0,75 10:45.530,4,0,0,0,67301,0,0,0,N,0,0,0,3,67301,1,,1,1,,N,N,,0,,0,0,0,3,2,,1600,2,2,0,0,0,1,0,3,4,0,2,3,,N,,,,,,,,,,,
2007096747,2237.0,1,0,0,0,0,0,0,0,0,1,0,,67,7,2007,4,39.9266,-75.1947,2235.0,6,0,1,0,0,0,0,0,0,,0,0,0,22,3,0,3,,0,39 55:40.000,,0,75 11:44.667,0,0,0,0,67301,0,0,0,N,0,0,0,4,67301,0,,1,1,,N,N,,0,,0,0,1,0,0,,2235,0,2,0,0,0,0,0,3,4,0,2,3,,N,,,,,,,,,,,
2007096753,1740.0,0,0,0,1,0,0,1,0,0,5,1,,67,7,2007,4,39.9507,-75.1504,1730.0,6,0,0,0,0,0,0,0,0,,0,0,0,16,1,1,1,,0,39 57:02.000,,0,75 09:01.299,8,0,0,0,67301,1,0,0,N,0,0,0,2,67301,0,,1,1,,N,N,,0,,0,0,0,3,2,,1600,1,2,0,0,0,1,0,3,4,0,1,3,,N,,,,,,,,,,,
2007096658,1059.0,2,0,0,0,0,0,0,0,0,1,0,,67,8,2007,2,40.0085,-75.2041,1057.0,6,0,0,0,0,0,0,0,0,,0,0,0,10,1,0,0,,0,40 00:31.000,,2,75 12:18.718,0,0,0,0,67301,0,0,0,N,0,0,0,2,68K01,0,,1,1,,N,N,,0,,0,0,0,0,0,,1054,0,2,0,0,0,0,0,3,4,0,2,3,,N,,,,,,,,,,,
2007063586,142.0,1,0,0,0,0,0,0,0,0,1,0,,67,6,2007,7,39.9899,-75.2507,140.0,6,0,0,0,0,0,0,0,0,,0,0,0,1,3,0,0,,0,39 59:23.000,,0,75 15:02.477,0,0,0,0,67301,0,0,0,N,0,0,0,2,46104,0,,1,1,,N,N,,0,,0,0,1,3,2,,140,0,2,0,0,0,0,0,3,4,0,2,3,,N,,,,,,,,,,,
2007066345,154.0,0,0,0,0,0,0,0,0,0,8,0,,67,4,2007,6,39.9987,-75.1745,1152.0,6,0,0,0,0,0,0,0,0,,0,0,0,11,1,1,0,,0,39 59:55.370,,0,75 10:28.268,4,0,0,0,67301,1,0,0,,1,0,0,2,67301,1,,4,1,,,,,1,,0,0,0,0,0,,1152,1,2,0,0,1,0,0,3,4,0,1,3,,N,,,,,,,,,,,
2007058630,2203.0,1,0,0,0,0,0,0,0,0,5,0,,67,4,2007,4,40.0221,-75.1993,2200.0,6,0,0,0,0,0,0,1,0,2.0,0,0,0,21,2,0,0,,1,40 01:19.420,5.0,0,75 11:57.500,9,0,0,0,67301,0,0,0,N,0,0,0,2,67301,0,,1,1,,N,N,,0,,0,0,0,0,0,Y,2158,0,2,0,0,0,0,1,3,4,0,2,3,,N,,,,,,,,,,,
2007058766,2027.0,2,0,0,0,0,0,0,0,0,4,0,,67,4,2007,2,39.9401,-75.1849,2026.0,6,0,0,0,0,0,2,0,0,,0,0,0,99,3,1,1,,0,39 56:24.381,,0,75 11:05.801,8,0,0,0,67301,0,0,0,N,0,0,0,3,67301,0,,1,1,,N,N,,0,,0,0,1,3,2,,9999,1,3,0,0,0,1,0,3,4,0,3,3,,N,,,,,,,,,,,
2007056378,1355.0,0,0,0,1,0,0,0,0,0,2,0,,67,4,2007,7,39.9323,-75.1729,1345.0,6,0,0,0,0,0,0,0,0,1.0,0,0,0,13,1,1,1,,2,39 55:56.352,3.0,0,75 10:22.382,8,0,0,0,67301,1,0,0,N,0,0,0,2,67301,0,,1,9,,N,N,,1,,0,0,0,3,3,Y,1340,1,2,0,0,0,1,0,3,4,0,1,3,,N,,,,,,,,,,,
2007056471,1340.0,1,0,0,0,0,0,0,0,0,4,0,,67,4,2007,1,40.0678,-74.9884,1328.0,6,0,0,0,0,0,0,0,0,2.0,0,0,0,13,1,0,1,,1,40 04:04.094,3.0,0,74 59:18.106,0,0,0,0,67301,0,0,0,N,0,0,0,3,67301,0,,1,9,,N,N,,0,,0,0,1,3,2,Y,1327,0,2,0,0,0,0,0,3,4,0,2,7,,N,,,,,,,,,,,
2007056603,1135.0,3,0,0,0,0,0,0,0,0,4,0,,67,4,2007,6,40.0605,-75.0823,1129.0,6,0,0,0,0,1,0,0,0,,0,0,0,11,1,1,1,,0,40 03:37.000,,0,75 04:56.326,8,0,0,0,67301,0,0,0,N,0,0,0,1,67301,0,,9,1,,N,N,,1,,0,0,0,0,0,,1102,1,4,0,0,0,1,0,3,4,0,4,3,,N,,,,,,,,,,,
2007048838,210.0,2,0,0,0,0,0,0,0,0,4,0,,67,1,2007,1,40.0681,-75.0611,205.0,6,0,0,0,0,0,0,0,0,3.0,1,0,0,2,3,3,1,,2,40 04:05.300,7.0,0,75 03:39.909,1,0,0,0,67301,0,0,0,N,0,0,0,4,67301,1,2.0,1,9,,N,N,,0,0.0,1,1,0,3,2,Y,200,3,2,1,0,1,0,0,3,4,0,2,7,,N,,,,,,,,,,,
2007056479,1500.0,2,0,0,0,0,0,0,0,0,1,0,,67,3,2007,6,39.9791,-75.2392,1500.0,6,0,0,1,0,0,0,0,0,,0,0,0,12,1,2,1,,0,39 58:44.601,,0,75 14:20.972,3,0,0,0,67301,0,0,0,N,0,0,0,3,67301,0,,1,1,,N,N,,0,,1,0,0,3,3,,1258,2,2,0,0,0,1,0,3,4,0,2,3,,N,,,,,,,,,,,
2007056493,1350.0,1,0,0,0,0,0,0,0,0,8,0,,67,4,2007,3,39.9508,-75.1953,1345.0,6,0,0,0,0,0,0,0,0,,0,0,0,13,1,1,1,,0,39 57:02.847,,0,75 11:43.137,8,0,0,0,67301,1,0,0,N,1,0,0,2,67301,0,,1,1,,N,N,,0,,0,0,0,3,2,,1342,1,2,0,0,0,1,0,3,4,0,1,3,,N,,,,,,,,,,,
2007057396,1750.0,1,0,0,0,0,0,0,0,0,7,0,,67,4,2007,5,40.0555,-75.0731,1740.0,6,0,0,0,0,0,0,0,0,,0,0,0,16,1,1,0,,0,40 03:19.803,,0,75 04:23.156,8,0,0,0,67301,0,0,0,N,0,0,0,1,67301,0,,4,1,,N,N,,0,,0,0,0,0,0,,1605,1,1,0,0,0,1,0,3,4,0,1,3,,N,,,,,,,,,,,
2007057404,1050.0,1,0,0,0,0,0,0,0,0,7,0,,67,3,2007,1,39.9743,-75.1943,1047.0,6,0,0,0,0,0,1,0,0,,0,0,0,10,1,1,0,,0,39 58:31.123,,0,75 11:40.853,4,0,0,0,67301,0,0,0,N,0,0,0,1,67301,1,,2,1,,N,N,,0,,0,0,0,0,0,,1045,1,1,0,0,0,0,0,3,4,0,1,3,,N,,,,,,,,,,,
2007057511,1105.0,2,0,0,0,0,0,0,0,0,2,0,,67,4,2007,2,40.0461,-75.1707,1100.0,6,0,0,0,0,0,0,0,0,,0,0,0,10,1,0,1,,0,40 02:46.104,,0,75 10:14.609,0,0,0,0,67301,0,0,0,N,0,0,0,2,67301,0,,1,6,,N,N,,0,,0,0,0,0,0,,1045,0,2,0,0,0,0,0,3,4,0,2,10,,N,,,,,,,,,,,
2007067476,2110.0,2,0,0,0,0,0,0,0,0,2,0,,67,5,2007,3,40.0687,-75.1568,2058.0,6,0,0,0,0,0,0,0,0,2.0,0,0,0,20,3,3,1,,1,40 04:07.000,2.0,0,75 09:24.408,3,0,0,0,67301,0,0,0,N,0,0,0,3,67301,2,,1,1,,N,N,,0,,1,0,0,0,0,Y,2049,3,2,0,0,0,0,0,3,4,0,2,3,,N,,,,,,,,,,,
2007057530,800.0,2,0,0,0,0,0,0,0,0,4,0,,67,3,2007,2,40.0399,-75.1204,756.0,6,0,0,0,0,0,0,0,0,,0,0,0,7,1,1,1,,0,40 02:23.726,,0,75 07:13.540,4,0,0,0,67301,0,0,0,N,0,0,0,2,67301,1,,1,1,,N,N,,0,,0,0,0,3,2,,734,1,2,0,0,0,0,0,3,4,0,2,3,,N,,,,,,,,,,,
2007057537,1127.0,1,0,0,0,0,0,0,0,0,4,0,,67,4,2007,5,39.9225,-75.1549,1122.0,6,0,0,0,0,0,2,0,0,,0,0,0,11,1,2,1,,0,39 55:20.000,,0,75 09:17.862,3,0,0,0,67301,0,0,0,N,0,0,0,2,67301,1,,1,1,,N,N,,0,,1,0,0,3,2,,1120,2,2,0,0,0,0,0,3,4,1,2,3,,N,,,,,,,,,,,
2007067246,1515.0,1,0,0,0,0,0,0,0,0,8,0,,67,4,2007,6,39.9995,-75.1468,1515.0,6,0,0,0,0,0,0,0,0,,0,0,0,15,1,1,0,,0,39 59:58.092,,0,75 08:48.447,8,0,0,0,67301,1,0,0,N,1,0,0,2,67301,0,,1,1,,Y,N,,0,,0,0,0,0,0,,1510,1,2,0,0,0,1,0,3,4,0,1,3,,N,,,,,,,,,,,
2007067268,26.0,1,0,0,0,0,0,0,0,0,7,0,,67,5,2007,6,40.0461,-75.1333,22.0,6,0,0,0,0,0,0,0,0,2.0,0,0,0,0,3,1,0,,2,40 02:45.000,6.0,0,75 07:59.783,3,0,0,0,67301,0,0,0,N,0,0,0,1,67301,0,,2,1,,N,N,,0,,1,0,0,0,0,Y,5,1,1,0,0,0,0,0,3,4,0,1,3,,N,,,,,,,,,,,
2007071760,1338.0,2,0,0,0,0,0,0,0,0,4,0,,67,7,2007,1,39.9987,-75.2319,1338.0,6,0,0,0,0,0,1,0,1,,0,0,0,13,1,0,0,,0,39 59:57.000,,0,75 13:49.469,0,0,0,0,67301,0,0,0,N,0,0,0,2,46104,0,,1,1,,N,N,,0,,0,0,0,0,0,,1336,0,2,0,0,1,0,0,3,4,0,2,3,,N,,,,,,,,,,,
2007067368,435.0,2,0,0,0,0,0,0,0,0,5,0,,67,5,2007,1,,,430.0,6,0,0,0,0,1,0,0,0,,0,0,0,4,3,0,0,,0,,,0,,0,0,0,0,67301,0,0,0,N,0,0,0,1,67301,0,,6,1,,N,N,,0,,0,0,3,0,0,,426,0,5,0,0,0,0,0,3,3,0,5,3,,N,,,,,,,,,,,
2007067379,930.0,1,0,0,0,0,0,0,0,0,1,0,,67,4,2007,6,40.0109,-75.1508,923.0,6,0,0,0,0,0,1,0,0,,0,0,0,9,1,1,0,,0,40 00:39.000,,0,75 09:02.725,3,0,0,0,67301,0,0,0,,0,0,0,2,67301,0,,1,9,,N,N,,0,,1,0,0,0,0,,920,1,2,0,0,0,0,0,3,4,1,2,7,,N,,,,,,,,,,,
2007067242,328.0,2,0,0,0,0,0,0,0,0,1,0,,67,5,2007,1,39.9605,-75.1407,324.0,6,0,0,0,0,0,0,0,0,3.0,0,0,0,2,3,1,0,,2,39 57:37.000,3.0,1,75 08:26.653,4,0,0,0,67301,0,0,0,N,0,0,0,6,67301,1,,1,1,,N,N,,0,,0,0,1,0,0,N,210,1,3,0,0,0,0,0,3,4,0,3,3,,N,,,,,,,,,,,
2007069509,55.0,0,0,0,0,0,0,0,0,0,7,0,,67,6,2007,6,40.0082,-75.2102,55.0,6,0,0,0,0,0,0,0,0,3.0,0,0,0,99,3,0,0,,1,40 00:29.440,2.0,0,75 12:36.810,0,0,0,0,67301,0,0,0,N,0,0,0,3,68K01,0,,3,9,,N,N,,1,,0,0,0,0,0,N,9999,0,1,0,0,0,0,0,3,4,0,1,7,,N,,,,,,,,,,,
2007067114,1439.0,2,0,0,0,0,0,0,0,0,1,0,,67,5,2007,3,39.94,-75.1981,1433.0,6,0,0,0,0,0,1,0,0,9.0,0,0,0,14,1,0,0,,2,39 56:23.856,2.0,0,75 11:53.136,0,0,0,0,67301,0,0,0,N,0,0,0,6,67301,0,,1,1,,N,N,,0,,0,0,0,0,0,N,1410,0,3,0,0,0,0,0,3,4,1,3,3,,N,,,,,,,,,,,
2007067148,1315.0,1,0,0,0,0,0,0,0,0,1,0,,67,5,2007,2,39.9232,-75.2445,1305.0,6,0,0,0,0,1,0,0,0,,0,0,0,13,1,2,3,,0,39 55:23.500,,0,75 14:40.100,4,0,0,0,67301,0,0,0,N,0,0,0,4,67301,2,,1,1,,N,N,,0,,0,0,0,0,0,,1300,2,2,0,0,0,0,0,3,4,1,2,3,,N,,,,,,,,,,,
2007099635,1943.0,0,0,0,1,0,0,0,0,0,4,0,,67,8,2007,2,40.0395,-75.0383,1939.0,6,0,0,0,0,0,1,0,0,,0,0,0,19,3,1,0,,0,40 02:22.354,,0,75 02:17.714,3,0,0,0,67301,1,0,0,,0,0,0,2,67301,0,,1,1,,,,,0,,1,0,0,0,0,,1930,1,2,0,0,0,0,0,3,4,1,1,3,,N,,,,,,,,,,,
2007099650,1730.0,2,0,0,0,0,0,0,0,0,1,0,,67,8,2007,3,39.9288,-75.1553,1726.0,6,0,0,0,0,0,1,0,0,,0,0,0,17,1,2,1,,0,39 55:43.550,,0,75 09:19.007,4,0,0,0,67301,0,0,0,N,0,0,0,3,67301,2,,1,1,,N,N,,0,,0,0,0,3,3,,1725,2,2,0,0,0,0,0,3,4,0,2,3,,N,,,,,,,,,,,
2007027762,1832.0,2,0,0,0,0,0,0,0,0,1,0,,67,2,2007,6,39.9374,-75.163,1830.0,6,0,0,0,0,0,0,0,0,,0,0,0,18,3,2,1,,0,39 56:14.629,,0,75 09:46.969,4,0,0,0,67301,0,0,0,N,0,0,0,3,67301,1,,1,9,,N,N,,0,,0,0,0,3,2,,1830,2,2,0,0,0,1,0,3,4,0,2,7,,N,,,,,,,,,,,
2007022695,47.0,0,0,0,0,0,0,0,0,0,4,0,,67,1,2007,7,39.9581,-75.1657,45.0,6,0,0,0,0,0,0,0,0,,0,0,0,0,3,2,1,,0,39 57:30.000,,0,75 09:56.096,4,0,0,0,67301,0,0,0,N,0,0,0,2,67301,2,,1,9,,N,N,,0,,0,0,2,3,2,,43,2,2,0,0,0,0,0,3,4,0,2,7,,N,,,,,,,,,,,
2007022792,1135.0,2,0,0,0,0,0,0,0,0,2,0,,67,1,2007,7,40.027,-75.0755,1130.0,6,0,0,0,0,0,0,0,1,,0,0,0,11,1,3,1,,0,40 01:37.269,,0,75 04:31.638,4,0,0,0,67301,0,0,0,N,0,0,0,5,67301,3,,1,1,,N,N,,0,,0,0,0,3,2,,1120,3,2,0,0,0,0,0,3,4,0,2,3,,N,,,,,,,,,,,
2007066319,2102.0,1,0,0,0,0,0,0,0,0,8,0,,67,5,2007,7,40.0269,-75.2094,2100.0,6,0,0,0,0,0,1,0,0,,0,0,0,20,3,1,1,,0,40 01:36.000,,0,75 12:33.945,4,0,0,0,67301,1,0,0,N,1,0,0,2,67301,1,,1,9,,N,N,,0,,0,0,0,9,2,,2015,1,2,0,0,0,0,0,3,4,0,1,7,,N,,,,,,,,,,,
2007066323,50.0,1,0,0,0,0,0,0,0,0,7,0,,67,5,2007,1,40.0281,-75.1592,38.0,6,0,0,0,0,0,1,0,0,,0,0,0,0,3,1,0,,0,40 01:41.271,,0,75 09:32.950,4,0,0,0,67301,0,0,0,N,0,0,0,2,67301,1,,2,9,,N,N,,0,,0,0,0,0,0,,15,1,1,0,0,0,0,0,3,4,0,1,7,,N,,,,,,,,,,,
2007056369,1900.0,1,0,0,0,0,0,0,0,0,1,0,,67,4,2007,5,39.9816,-75.1023,1855.0,6,0,0,0,0,0,1,0,0,1.0,0,0,0,18,1,1,2,,1,39 58:54.000,2.0,2,75 06:06.018,4,0,0,0,67301,0,0,0,N,0,0,0,6,67301,1,,1,1,,N,N,,1,,0,0,0,0,0,N,1850,1,2,0,0,0,0,0,3,4,0,2,3,,N,,,,,,,,,,,
2007056446,835.0,2,0,0,0,0,0,0,0,0,4,0,,67,4,2007,2,39.9362,-75.1702,831.0,6,0,0,0,0,0,0,1,0,,0,0,0,99,1,1,2,,0,39 56:10.244,,0,75 10:12.565,8,0,0,0,67301,0,0,0,N,0,0,0,3,67301,0,,1,9,,N,N,,0,,0,0,0,0,0,,9999,1,2,0,0,0,1,0,3,4,0,2,7,,N,,,,,,,,,,,
2007054025,445.0,2,0,0,0,0,0,0,0,0,1,0,,67,4,2007,7,39.994,-75.199,444.0,6,0,0,0,0,0,0,0,0,1.0,0,0,0,4,3,0,0,,1,39 59:41.484,4.0,0,75 11:53.052,0,0,0,0,67301,0,0,0,N,0,0,0,2,68K01,0,,1,9,,N,N,,0,,0,0,0,0,0,N,444,0,2,0,0,1,0,0,3,4,0,2,3,,N,,,,,,,,,,,
2007067490,1255.0,1,0,0,0,0,0,0,0,0,8,0,,67,5,2007,4,39.9558,-75.1746,1245.0,6,0,0,0,0,0,0,0,0,,0,0,0,12,1,1,2,,0,39 57:21.002,,0,75 10:28.581,8,0,0,0,67301,1,0,0,N,1,0,0,2,67301,0,,1,1,,N,N,,0,,0,0,0,3,2,,1240,1,2,0,0,0,1,0,3,4,0,1,3,,N,,,,,,,,,,,
2007067310,1045.0,1,0,0,0,0,0,0,0,0,8,0,,67,5,2007,3,39.9507,-75.1504,1030.0,6,0,0,0,0,0,0,0,0,,0,0,0,10,1,1,2,,0,39 57:02.000,,0,75 09:01.299,4,0,0,0,67301,1,0,0,N,1,0,0,2,67301,1,,1,1,,N,N,,0,,0,0,0,3,2,,1030,1,2,0,0,0,0,0,3,4,0,1,3,,N,,,,,,,,,,,
2007067328,858.0,2,0,0,0,0,0,0,0,0,1,0,,67,5,2007,3,39.9612,-75.1748,848.0,6,0,0,0,0,0,0,0,0,2.0,0,0,0,8,1,0,5,,1,39 57:40.000,1.0,0,75 10:30.473,0,0,0,0,67301,0,0,0,N,0,0,0,3,67301,0,,1,1,,N,N,,0,,0,0,1,3,2,Y,830,0,3,0,0,0,0,0,3,4,0,3,3,,N,,,,,,,,,,,
2007067365,1244.0,2,0,0,0,0,0,0,0,0,1,0,,67,5,2007,6,40.0469,-75.1379,1240.0,6,0,0,0,0,0,0,1,0,,0,0,0,12,1,3,0,,0,40 02:48.000,,0,75 08:16.380,8,0,0,0,67301,0,0,0,N,0,0,0,4,67301,0,,1,1,,N,N,,1,,0,0,0,3,2,,1215,3,3,0,0,0,3,0,3,4,0,3,3,,N,,,,,,,,,,,
2007067373,9999.0,1,0,0,0,0,0,0,0,0,8,0,,67,5,2007,3,40.021,-75.1123,733.0,6,0,0,0,0,0,0,0,0,,0,0,0,99,1,1,0,,0,40 01:15.668,,0,75 06:44.298,4,0,0,0,67301,1,0,0,,1,0,0,2,67301,1,,1,1,,,,,0,,0,0,0,0,0,,9999,1,2,0,0,0,0,0,3,4,0,1,3,,N,,,,,,,,,,,
2007099085,320.0,1,0,0,0,0,0,0,0,0,7,0,,67,8,2007,7,39.9222,-75.1907,313.0,6,0,0,0,0,0,0,0,0,1.0,0,0,0,3,3,1,0,,2,39 55:19.000,1.0,0,75 11:26.234,3,0,0,0,67301,0,0,0,N,0,0,0,2,67301,0,,2,1,,N,N,,0,,1,0,0,0,0,N,313,1,1,0,0,0,0,1,3,4,0,1,3,,N,,,,,,,,,,,
2007099173,725.0,1,0,0,0,0,0,0,0,0,4,1,,67,8,2007,6,39.9895,-75.1689,715.0,6,0,0,0,0,0,0,0,0,3.0,0,1,0,99,1,1,1,,2,39 59:22.000,3.0,0,75 10:07.878,4,0,0,0,67301,0,0,0,,0,0,0,2,67301,1,,1,1,,N,N,,0,,0,0,0,3,2,Y,9999,1,2,0,0,0,0,0,3,4,0,2,3,,N,,,,,,,,,,,
2007029577,1420.0,3,0,0,0,0,0,0,0,0,6,0,,67,1,2007,5,39.9921,-75.0993,1420.0,6,0,0,0,0,0,1,0,0,1.0,0,0,0,14,1,1,1,,1,39 59:31.720,6.0,0,75 05:57.418,4,0,0,0,67301,0,0,0,N,0,0,0,2,67301,1,,1,1,,N,N,,0,,0,0,0,3,2,Y,1400,1,3,0,0,0,0,0,3,4,0,3,3,,N,,,,,,,,,,,
2007095105,2133.0,0,0,0,0,0,0,0,0,0,8,0,,67,8,2007,1,40.0385,-75.169,2131.0,6,0,0,0,0,0,0,0,0,,0,0,0,20,3,1,0,,0,40 02:18.506,,0,75 10:08.500,4,0,0,0,67301,1,0,0,N,1,0,0,2,67301,1,,1,1,,N,N,,0,,0,0,1,0,0,,2058,1,2,0,0,0,0,0,3,4,0,1,3,,N,,,,,,,,,,,
2007095042,820.0,2,0,0,0,0,0,0,0,0,4,0,,67,8,2007,4,39.9242,-75.1763,811.0,6,0,0,0,0,0,1,0,0,,0,0,0,8,1,1,1,,0,39 55:27.000,,0,75 10:34.191,8,0,0,0,67301,0,0,0,,0,0,0,2,67301,0,,1,1,,,,,0,,0,0,0,3,2,,811,1,2,0,0,0,1,0,3,4,0,2,3,,N,,,,,,,,,,,
2007092791,1820.0,0,0,0,0,0,0,0,0,0,7,0,,67,7,2007,2,40.005,-75.1908,1811.0,6,0,0,0,0,0,0,0,0,1.0,0,0,0,18,1,1,0,,1,40 00:14.018,2.0,0,75 11:26.318,3,0,0,1,67301,0,0,0,N,0,0,0,1,67301,0,,2,1,,N,N,,0,,1,0,0,0,0,N,1810,1,1,0,0,0,0,0,3,4,0,1,3,,N,,,,,,,,,,,
2007092885,1404.0,2,0,0,0,0,0,0,0,0,2,0,,67,7,2007,7,39.9444,-75.2309,1404.0,6,0,1,0,0,0,0,0,0,,0,0,0,14,1,4,1,,0,39 56:39.000,,0,75 13:51.352,4,0,0,0,67301,0,0,0,N,0,0,0,6,67301,2,,1,1,,N,N,,0,,0,0,0,3,3,,1400,4,2,0,0,0,2,0,3,4,0,2,3,,N,,,,,,,,,,,