CRN,ARRIVAL_TM,AUTOMOBILE_COUNT,BELTED_DEATH_COUNT,BELTED_SUSP_SERIOUS_INJ_COUNT,BICYCLE_COUNT,BICYCLE_DEATH_COUNT,BICYCLE_SUSP_SERIOUS_INJ_COUNT,BUS_COUNT,CHLDPAS_DEATH_COUNT,CHLDPAS_SUSP_SERIOUS_INJ_COUNT,COLLISION_TYPE,COMM_VEH_COUNT,CONS_ZONE_SPD_LIM,COUNTY,CRASH_MONTH,CRASH_YEAR,DAY_OF_WEEK,DEC_LAT,DEC_LONG,DISPATCH_TM,DISTRICT,DRIVER_COUNT_16YR,DRIVER_COUNT_17YR,DRIVER_COUNT_18YR,DRIVER_COUNT_19YR,DRIVER_COUNT_20YR,DRIVER_COUNT_50_64YR,DRIVER_COUNT_65_74YR,DRIVER_COUNT_75PLUS,EST_HRS_CLOSED,FATAL_COUNT,HEAVY_TRUCK_COUNT,HORSE_BUGGY_COUNT,HOUR_OF_DAY,ILLUMINATION,INJURY_COUNT,INTERSECT_TYPE,INTERSECTION_RELATED,LANE_CLOSED,LATITUDE,LN_CLOSE_DIR,LOCATION_TYPE,LONGITUDE,MAX_SEVERITY_LEVEL,MCYCLE_DEATH_COUNT,MCYCLE_SUSP_SERIOUS_INJ_COUNT,MOTORCYCLE_COUNT,MUNICIPALITY,NONMOTR_COUNT,NONMOTR_DEATH_COUNT,NONMOTR_SUSP_SERIOUS_INJ_COUNT,NTFY_HIWY_MAINT,PED_COUNT,PED_DEATH_COUNT,PED_SUSP_SERIOUS_INJ_COUNT,PERSON_COUNT,POLICE_AGCY,POSSIBLE_INJ_COUNT,RDWY_SURF_TYPE_CD,RELATION_TO_ROAD,ROAD_CONDITION,ROADWAY_CLEARED,SCH_BUS_IND,SCH_ZONE_IND,SECONDARY_CRASH,SMALL_TRUCK_COUNT,SPEC_JURIS_CD,SUSP_MINOR_INJ_COUNT,SUSP_SERIOUS_INJ_COUNT,SUV_COUNT,TCD_FUNC_CD,TCD_TYPE,TFC_DETOUR_IND,TIME_OF_DAY,TOT_INJ_COUNT,TOTAL_UNITS,UNB_DEATH_COUNT,UNB_SUSP_SERIOUS_INJ_COUNT,UNBELTED_OCC_COUNT,UNK_INJ_DEG_COUNT,UNK_INJ_PER_COUNT,URBAN_AREA,URBAN_RURAL,VAN_COUNT,VEHICLE_COUNT,WEATHER1,WEATHER2,WORK_ZONE_IND,WORK_ZONE_LOC,WORK_ZONE_TYPE,WORKERS_PRES,WZ_CLOSE_DETOUR,WZ_FLAGGER,WZ_LAW_OFFCR_IND,WZ_LN_CLOSURE,WZ_MOVING,WZ_OTHER,WZ_SHLDER_MDN,WZ_WORKERS_INJ_KILLED
2007090008,1607.0,3,0,0,0,0,0,0,0,0,1,0,,67,8,2007,6,39.957,-75.1504,1607.0,6,0,0,0,0,0,0,0,0,,0,0,0,16,1,1,0,,0,39 57:25.109,,3,75 09:01.583,8,0,0,0,67301,0,0,0,N,0,0,0,4,67501,0,,1,9,,N,N,,0,,0,0,0,0,0,,1607,1,3,0,0,0,1,0,3,4,0,3,7,,N,,,,,,,,,,,
2007120620,1835.0,1,0,0,0,0,0,0,0,0,8,0,,67,9,2007,1,40.0209,-75.1324,1820.0,6,0,0,0,0,0,0,0,0,,0,0,0,99,1,1,0,,0,40 01:15.297,,0,75 07:56.787,8,0,0,0,67301,1,0,0,N,1,0,0,2,67301,0,,1,1,,N,N,,0,,0,0,0,0,0,,9999,1,2,0,0,0,1,0,3,4,0,1,3,,N,,,,,,,,,,,
2007120687,1210.0,2,0,0,0,0,0,0,0,0,5,0,,67,10,2007,4,40.0199,-75.1498,1205.0,6,0,0,0,0,0,0,0,0,,0,1,0,12,1,0,0,,0,40 01:11.000,,0,75 08:59.170,0,0,0,0,67301,0,0,0,N,0,0,0,3,67301,0,,1,1,,N,N,,0,,0,0,0,0,0,,1200,0,3,0,0,3,0,0,3,4,0,3,3,,N,,,,,,,,,,,
2007120690,1403.0,2,0,0,0,0,0,0,0,0,4,0,,67,10,2007,1,40.0405,-75.0656,1400.0,6,0,0,1,0,0,0,0,0,1.0,0,0,0,13,1,2,1,,1,40 02:25.000,6.0,0,75 03:56.177,4,0,0,0,67301,0,0,0,N,0,0,0,4,67301,2,,1,1,,N,N,,0,,0,0,0,3,2,Y,1355,2,2,0,0,1,0,0,3,4,0,2,3,,N,,,,,,,,,,,
2007107038,2210.0,0,0,0,0,0,0,0,0,0,1,0,,67,9,2007,1,40.0383,-75.1016,2200.0,6,0,0,0,0,0,0,0,0,,0,0,0,22,3,0,0,,0,40 02:17.952,,0,75 06:05.634,9,0,0,0,67301,0,0,0,N,0,0,0,1,67301,0,,2,1,,N,N,,0,,0,0,1,0,0,,2200,0,2,0,0,0,0,1,3,4,1,2,3,,N,,,,,,,,,,,
2007027907,1644.0,1,0,0,0,0,0,0,0,0,4,0,,67,1,2007,3,40.0012,-75.2153,1638.0,6,0,0,0,0,0,0,0,0,4.0,0,0,0,16,1,0,0,,2,40 00:04.372,5.0,0,75 12:55.223,0,0,0,0,67301,0,0,0,N,0,0,0,2,67301,0,,1,1,,N,N,,0,,0,0,1,0,0,Y,1637,0,2,0,0,0,0,0,3,4,0,2,3,,N,,,,,,,,,,,
2007027979,1536.0,1,0,0,0,0,0,0,0,0,4,0,,67,1,2007,6,39.9609,-75.2195,1450.0,6,0,0,0,0,0,2,0,0,,0,0,0,14,1,3,2,,0,39 57:39.369,,0,75 13:10.030,4,0,0,0,67301,0,0,0,N,0,0,0,4,67301,3,,1,1,,N,N,,0,,0,0,0,0,0,,1445,3,2,0,0,0,0,1,3,4,1,2,3,,N,,,,,,,,,,,
2007047564,1440.0,2,0,0,0,0,0,0,0,0,4,0,,67,2,2007,5,39.9575,-75.2049,1428.0,6,0,0,0,0,0,0,0,0,,0,0,0,13,1,0,2,,0,39 57:26.000,,0,75 12:17.978,0,0,0,0,67301,0,0,0,N,0,0,0,3,67301,0,,1,1,,N,N,,0,,0,0,0,3,3,,1353,0,2,0,0,0,0,0,3,4,0,2,3,,N,,,,,,,,,,,
2007047516,720.0,3,0,0,0,0,0,0,0,0,4,0,,67,2,2007,4,40.007,-75.2023,715.0,6,0,0,0,0,0,1,0,0,2.0,0,0,0,7,1,0,0,,2,40 00:25.243,6.0,0,75 12:08.258,9,0,0,0,67301,0,0,0,N,0,0,0,3,67301,0,,1,2,,N,N,,0,,0,0,0,0,0,Y,710,0,3,0,0,0,0,1,3,4,0,3,3,,N,,,,,,,,,,,
2007047547,1759.0,3,0,0,0,0,0,0,0,0,1,0,,67,3,2007,2,39.9681,-75.1295,1753.0,6,0,0,0,0,0,3,0,0,1.0,0,0,0,17,1,0,0,,2,39 58:06.402,1.0,0,75 07:43.616,0,0,0,0,67301,0,0,0,N,0,0,0,3,67301,0,,1,1,,N,N,,0,,0,0,0,0,0,N,1750,0,3,0,0,0,0,0,3,4,0,3,3,,N,,,,,,,,,,,
2007047598,1430.0,0,0,0,0,0,0,0,0,0,7,0,,67,3,2007,6,40.0159,-75.1755,1425.0,6,0,0,0,0,0,1,0,0,,0,0,0,14,1,1,0,,0,40 00:57.180,,0,75 10:31.810,4,0,0,0,67301,0,0,0,N,0,0,0,2,67301,1,,4,2,,N,N,,1,,0,0,0,0,0,,1420,1,2,0,0,0,0,0,3,4,1,2,10,,N,,,,,,,,,,,
2007047622,920.0,2,0,0,0,0,0,0,0,0,4,0,,67,2,2007,4,40.0445,-75.0808,911.0,6,0,0,0,0,0,0,0,0,,0,0,0,8,1,1,2,,0,40 02:40.110,,0,75 04:50.735,8,0,0,0,67301,0,0,0,N,0,0,0,2,67301,0,,1,1,,N,N,,0,,0,0,0,3,3,,847,1,2,0,0,0,1,0,3,4,0,2,3,,N,,,,,,,,,,,
2007047715,815.0,2,0,0,0,0,0,0,0,0,4,0,,67,3,2007,3,40.0747,-74.9956,810.0,6,0,0,1,0,0,0,0,0,,0,0,0,7,1,0,0,,0,40 04:28.977,,0,74 59:44.163,0,0,0,0,67301,0,0,0,N,0,0,0,1,67301,0,,1,1,,N,N,,0,,0,0,0,0,0,,705,0,2,0,0,0,0,0,3,4,0,2,3,,N,,,,,,,,,,,
2007067654,1305.0,1,0,0,0,0,0,0,0,0,5,0,,67,5,2007,6,39.9707,-75.2146,9999.0,6,0,0,0,0,0,0,0,0,,0,0,0,12,1,1,0,,0,39 58:14.000,,0,75 12:52.617,8,0,0,1,67301,0,0,0,N,0,0,0,2,67301,0,,1,1,,N,N,,0,,0,0,0,9,3,,1250,1,2,0,0,0,1,1,3,4,0,2,3,,N,,,,,,,,,,,
2007106811,2015.0,1,0,0,0,0,0,0,0,0,7,0,,67,8,2007,7,39.928,-75.1466,2010.0,6,0,0,0,0,0,0,0,0,1.0,0,0,0,20,3,0,0,,1,39 55:47.000,2.0,0,75 08:46.121,0,0,0,0,67301,0,0,0,N,0,0,0,1,67301,0,,2,1,,N,N,,0,,0,0,0,0,0,N,2010,0,1,0,0,0,0,0,3,4,0,1,3,,N,,,,,,,,,,,
2007109393,9999.0,1,0,0,0,0,0,0,0,0,8,0,,67,9,2007,4,39.9946,-75.1129,,6,0,0,0,0,0,0,0,0,,0,0,0,18,1,1,0,,0,39 59:40.578,,0,75 06:46.396,4,0,0,0,67301,1,0,0,N,1,0,0,2,67301,1,,1,1,,N,N,,0,,0,0,0,0,0,,1830,1,2,0,0,0,0,0,3,4,0,1,3,,N,,,,,,,,,,,
2007109405,1645.0,1,0,0,0,0,0,0,0,0,4,0,,67,9,2007,2,39.9954,-75.1055,1645.0,6,0,0,0,0,0,0,0,0,,0,0,0,10,1,1,1,,0,39 59:43.000,,0,75 06:19.956,4,0,0,0,67301,0,0,0,,0,0,0,3,67301,1,,1,1,,,,,0,,0,0,0,3,2,,1000,1,2,0,0,0,0,0,3,4,1,2,3,,N,,,,,,,,,,,
2007106883,1713.0,2,0,0,0,0,0,0,0,0,1,0,,67,8,2007,4,40.0195,-75.1489,1710.0,6,0,0,0,0,0,2,0,0,9.0,0,0,0,16,1,2,2,,1,40 01:10.000,2.0,0,75 08:56.058,4,0,0,0,67301,0,0,0,,0,0,0,5,67301,2,,1,1,,,,,0,,0,0,1,3,2,N,1650,2,3,0,0,0,0,0,3,4,0,3,3,,N,,,,,,,,,,,
2007047828,252.0,1,0,0,0,0,0,0,0,0,8,0,,67,2,2007,1,40.0266,-75.1508,228.0,6,0,0,0,0,0,0,0,0,,0,0,0,2,3,1,1,,0,40 01:35.598,,0,75 09:02.715,4,0,0,0,67301,1,0,0,N,1,0,0,2,67301,1,,4,1,,N,N,,0,,0,0,0,9,3,,228,1,2,0,0,0,0,1,3,4,0,1,3,,N,,,,,,,,,,,
2007106956,1547.0,1,0,0,0,0,0,0,0,0,4,0,,67,9,2007,1,39.9519,-75.1598,1535.0,6,0,0,0,0,1,0,0,0,,0,0,0,15,1,0,1,,0,39 57:06.000,,0,75 09:35.366,0,0,0,0,67301,0,0,0,N,0,0,0,2,67301,0,,1,1,,N,N,,1,,0,0,0,3,2,,1503,0,2,0,0,0,0,0,3,4,0,2,3,,N,,,,,,,,,,,
2007047912,1825.0,1,0,0,0,0,0,0,0,0,4,0,,67,3,2007,7,39.9566,-75.166,1813.0,6,0,0,0,0,0,1,0,0,,0,0,0,18,1,1,2,,0,39 57:24.000,,0,75 09:57.505,4,0,0,0,67301,0,0,0,N,0,0,0,6,67301,1,,1,9,,N,N,,0,,0,0,1,3,2,,1800,1,2,0,0,0,0,0,3,4,0,2,10,,N,,,,,,,,,,,
2007047925,1007.0,0,0,0,0,0,0,0,0,0,1,0,,67,2,2007,3,40.0239,-75.1316,1009.0,6,0,0,0,0,0,0,0,0,,0,0,0,10,1,2,1,,0,40 01:26.000,,0,75 07:52.559,4,0,0,0,67301,0,0,0,N,0,0,0,3,67301,2,,1,1,,N,N,,0,,0,0,0,0,0,,1004,2,2,0,0,0,0,1,3,4,2,2,3,,N,,,,,,,,,,,
2007048001,344.0,0,0,0,0,0,0,0,0,0,7,0,,67,3,2007,1,40.0301,-75.0352,339.0,6,0,0,0,0,0,0,0,0,1.0,0,0,0,3,3,0,1,,1,40 01:48.000,2.0,0,75 02:06.580,0,0,0,0,67301,0,0,0,N,0,0,0,3,67301,0,,2,9,,N,N,,0,,0,0,1,3,2,N,334,0,1,0,0,0,0,0,3,4,0,1,7,,N,,,,,,,,,,,
2007081556,1410.0,0,0,0,0,0,0,0,0,0,0,1,,67,5,2007,4,39.9141,-75.1497,1355.0,6,0,0,0,0,0,0,0,0,3.0,0,1,0,13,1,0,1,,1,39 54:50.000,2.0,0,75 08:58.878,0,0,0,0,67301,0,0,0,N,0,0,0,1,67301,0,,1,1,,N,N,,0,,0,0,0,3,2,Y,1341,0,1,0,0,0,0,0,3,4,0,1,3,,N,,,,,,,,,,,
2007126512,1110.0,1,0,0,0,0,0,0,0,0,7,0,,67,10,2007,4,40.0128,-75.2061,1105.0,6,0,0,0,0,0,0,1,0,,0,0,0,11,1,1,7,,0,40 00:44.000,,2,75 12:19.970,8,0,0,0,67301,0,0,0,N,0,0,0,1,67301,0,,2,9,,N,N,,0,,0,0,0,0,0,,1100,1,1,0,0,0,1,0,3,4,0,1,7,,N,,,,,,,,,,,
2007126542,810.0,3,0,0,0,0,0,0,0,0,1,0,,67,10,2007,5,39.9791,-75.2392,805.0,6,0,0,0,0,0,0,0,0,,0,0,0,7,1,1,1,,0,39 58:44.601,,0,75 14:20.972,8,0,0,0,67301,0,0,0,N,0,0,0,6,67301,0,,1,9,,N,N,,0,,0,0,0,0,0,,730,1,3,0,0,0,1,3,3,4,0,3,7,,N,,,,,,,,,,,
2007107542,1650.0,2,0,0,0,0,0,0,0,0,5,0,,67,9,2007,3,,,1640.0,6,0,0,0,0,0,0,0,0,,0,0,0,99,1,1,0,,0,,,0,,4,0,0,0,67301,1,0,0,N,0,0,0,3,67301,1,,1,1,,N,N,,0,,0,0,0,0,0,,9999,1,2,0,0,1,0,0,3,3,0,2,3,,N,,,,,,,,,,,
2007107839,830.0,2,0,0,0,0,0,0,0,0,4,0,,67,9,2007,4,39.957,-75.2459,825.0,6,0,0,0,0,0,0,0,0,,0,0,0,8,1,1,1,,0,39 57:25.376,,0,75 14:45.124,4,0,0,0,67301,0,0,0,N,0,0,0,4,67301,1,,1,1,,N,N,,0,,0,0,0,3,2,,820,1,2,0,0,0,0,0,3,4,0,2,3,,N,,,,,,,,,,,
2007105135,1110.0,2,0,0,0,0,0,0,0,0,1,0,,67,10,2007,4,39.9956,-75.2385,1107.0,6,0,0,0,0,0,0,1,0,,0,0,0,11,1,1,0,,0,39 59:45.000,,0,75 14:16.394,4,0,0,0,67301,0,0,0,N,0,0,0,2,46104,1,,1,1,,N,N,,0,,0,0,0,0,0,,1106,1,2,0,0,0,0,0,3,4,0,2,3,,N,,,,,,,,,,,
2007105280,1703.0,3,0,0,0,0,0,0,0,0,1,0,,67,9,2007,2,39.9879,-75.1558,1657.0,6,0,0,0,0,0,1,0,0,,0,0,0,16,1,0,1,,0,39 59:16.000,,0,75 09:21.302,0,0,0,0,67301,0,0,0,N,0,0,0,3,67301,0,,1,1,,N,N,,0,,0,0,0,3,2,,1655,0,3,0,0,0,0,0,3,4,0,3,3,,N,,,,,,,,,,,
2007097779,1721.0,1,0,0,0,0,0,0,0,0,1,0,,67,7,2007,3,40.0454,-75.1266,1711.0,6,0,0,0,0,0,0,0,0,,0,0,0,17,1,3,1,,0,40 02:43.000,,0,75 07:35.799,4,0,0,0,67301,0,0,0,N,0,0,0,4,67301,3,,1,1,,N,N,,0,,0,0,1,0,0,,1700,3,2,0,0,0,0,1,3,4,0,2,3,,N,,,,,,,,,,,
2007097859,1347.0,2,0,0,0,0,0,0,0,0,4,0,,67,5,2007,7,39.9876,-75.1537,1347.0,6,0,0,0,0,0,0,0,0,,0,0,0,13,1,1,2,,0,39 59:15.000,,0,75 09:13.173,4,0,0,0,67301,0,0,0,,0,0,0,3,67301,1,,1,1,,N,N,,0,,0,0,0,9,3,,1347,1,2,0,0,0,0,2,3,4,0,2,3,,N,,,,,,,,,,,
2007098539,1430.0,0,0,0,0,0,0,0,0,0,8,0,99.0,67,8,2007,3,39.96,-75.2249,1430.0,6,0,0,0,0,0,1,0,0,6.0,0,0,0,14,1,1,1,,2,39 57:35.000,7.0,0,75 13:29.539,8,0,0,0,67301,1,0,0,N,1,0,0,2,67301,0,,1,1,,N,N,,1,,0,0,0,3,2,Y,1430,1,2,0,0,0,1,0,3,4,0,1,3,,Y,8.0,8.0,U,,,U,,,,,
2007095564,1136.0,0,0,0,0,0,0,0,0,0,8,0,,67,8,2007,5,39.9863,-75.1318,1134.0,6,0,0,0,0,0,0,0,0,,0,0,0,11,1,1,1,,0,39 59:10.777,,0,75 07:54.659,4,0,0,0,67301,1,0,0,N,1,0,0,2,67301,1,,1,1,,N,N,,1,,0,0,0,3,2,,1133,1,2,0,0,0,0,1,3,4,0,1,3,,N,,,,,,,,,,,
2007093139,2025.0,1,0,0,1,0,0,0,0,0,4,0,,67,7,2007,2,40.0665,-75.0878,2020.0,6,0,0,0,0,0,0,0,0,,0,0,0,20,4,1,0,,0,40 03:59.428,,7,75 05:16.177,4,0,0,0,67301,1,0,0,N,0,0,0,2,67301,1,,1,1,,N,N,,0,,0,0,0,0,0,,2020,1,2,0,0,1,0,0,3,4,0,1,3,,N,,,,,,,,,,,
2007093178,812.0,1,0,0,0,0,0,0,0,0,1,0,,67,7,2007,1,40.0306,-75.1182,810.0,6,0,0,0,0,0,1,0,0,,0,0,0,7,1,1,0,,0,40 01:50.002,,0,75 07:05.392,3,0,0,0,67301,0,0,0,N,0,0,0,1,67301,0,,2,1,,N,N,,0,,1,0,0,0,0,,730,1,2,0,0,0,0,0,3,4,1,2,3,,N,,,,,,,,,,,
2007098265,2145.0,1,0,0,1,0,0,0,0,0,4,0,,67,8,2007,1,39.9694,-75.2129,2138.0,6,0,0,0,0,0,0,0,0,,0,0,0,21,3,1,1,,0,39 58:09.836,,0,75 12:46.486,8,0,0,0,67301,1,0,0,N,0,0,0,2,67301,0,,1,9,,N,N,,0,,0,0,0,3,2,,2130,1,2,0,0,0,1,1,3,4,0,1,7,,N,,,,,,,,,,,
2007098284,1403.0,1,0,0,0,0,0,0,0,0,1,0,,67,7,2007,6,40.0272,-75.0989,1358.0,6,0,0,0,0,0,0,0,0,1.0,0,0,0,13,1,2,1,,1,40 01:38.000,1.0,0,75 05:56.834,4,0,0,0,67301,0,0,0,N,0,0,0,3,67301,2,,1,1,,N,N,,0,,0,0,1,3,1,N,1320,2,2,0,0,0,0,0,3,4,0,2,3,,N,,,,,,,,,,,
2007022256,1420.0,2,0,0,0,0,0,0,0,0,4,0,,67,1,2007,5,39.9128,-75.1824,1418.0,6,0,0,0,0,0,0,0,0,,0,0,0,14,1,1,1,,0,39 54:46.000,,0,75 10:56.711,8,0,0,0,67301,0,0,0,N,0,0,0,2,67301,0,,1,1,,N,N,,0,,0,0,0,3,2,,1416,1,2,0,0,0,1,0,3,4,0,2,3,,N,,,,,,,,,,,
2007022315,2200.0,3,0,0,0,0,0,0,0,0,2,0,,67,1,2007,7,40.0565,-75.0464,9999.0,6,0,0,1,0,0,0,0,0,,0,0,0,22,3,6,1,,0,40 03:23.000,,0,75 02:47.047,8,0,0,0,67301,0,0,0,,0,0,0,9,67301,0,,1,1,,,,,0,,0,0,0,0,0,,2200,6,3,0,0,0,6,0,3,4,0,3,3,,N,,,,,,,,,,,
2007027633,630.0,2,0,0,0,0,0,0,0,0,1,0,,67,1,2007,7,40.0257,-75.0437,628.0,6,0,0,0,0,0,0,0,0,1.0,0,0,0,6,5,1,0,,1,40 01:32.000,1.0,0,75 02:37.152,8,0,0,0,67301,0,0,0,N,0,0,0,1,67301,0,,6,9,,N,N,,0,,0,0,0,0,0,Y,625,1,2,0,0,0,1,0,3,4,0,2,7,,N,,,,,,,,,,,
2007027576,1355.0,1,0,0,0,0,0,0,0,0,7,0,,67,1,2007,5,39.9754,-75.2622,1350.0,6,0,0,0,0,0,0,0,0,,0,0,0,13,1,1,0,,0,39 58:31.000,,0,75 15:43.925,8,0,0,0,67301,0,0,0,,0,0,0,1,67301,0,,5,1,,N,N,,0,,0,0,0,0,0,,1350,1,1,0,0,0,1,0,3,4,0,1,3,,N,,,,,,,,,,,
2007027739,930.0,2,0,0,0,0,0,0,0,0,1,0,,67,2,2007,6,40.0427,-75.1292,925.0,6,0,0,0,0,0,0,0,0,,0,1,0,9,1,2,0,,0,40 02:33.620,,0,75 07:44.970,3,0,0,0,67301,0,0,0,N,0,0,0,2,67301,1,,1,1,,N,N,,0,,1,0,0,0,0,,920,2,3,0,0,0,0,0,3,4,0,3,3,,N,,,,,,,,,,,
2007096743,2041.0,1,0,0,0,0,0,0,0,0,7,0,,67,6,2007,6,40.0889,-75.0207,2038.0,6,0,1,0,0,0,0,0,0,3.0,0,0,0,20,3,4,8,,2,40 05:20.000,2.0,6,75 01:15.040,2,0,0,0,67301,0,0,0,,0,0,0,4,67301,2,,5,1,,,,,0,,1,1,0,0,0,Y,2020,4,1,0,0,0,0,0,3,4,0,1,3,,N,,,,,,,,,,,
2007096754,1504.0,0,0,0,1,0,0,0,0,0,5,0,,67,6,2007,6,,,1503.0,6,0,0,0,0,0,0,0,0,2.0,0,0,0,15,1,1,0,,1,,3.0,0,,3,0,0,0,67301,1,0,0,N,0,0,0,2,67301,0,,1,1,,N,N,,0,,1,0,0,3,2,N,1500,1,2,0,0,0,0,1,3,3,0,1,3,,N,,,,,,,,,,,
2007066304,2355.0,2,0,0,0,0,0,0,0,0,4,0,,67,5,2007,7,39.9644,-75.1777,2345.0,6,0,0,0,0,0,0,0,0,1.0,0,0,0,23,3,0,2,,1,39 57:52.000,4.0,0,75 10:40.457,0,0,0,0,67301,0,0,0,,0,0,0,3,67301,0,,1,9,,,,,0,,0,0,0,3,3,N,2345,0,2,0,0,0,0,0,3,4,0,2,7,,N,,,,,,,,,,,
2007056445,1444.0,2,0,0,0,0,0,0,0,0,1,0,,67,4,2007,6,39.9392,-75.1931,1442.0,6,0,0,0,0,0,0,0,0,1.0,0,0,0,14,1,4,0,,2,39 56:21.084,4.0,0,75 11:35.028,8,0,0,0,67301,0,0,0,N,0,0,0,6,67301,0,,1,1,,N,N,,0,,0,0,1,3,2,Y,1442,4,3,0,0,0,4,0,3,4,0,3,3,,N,,,,,,,,,,,
2007056599,1648.0,2,0,0,0,0,0,0,0,0,1,0,,67,4,2007,3,40.0533,-75.092,1643.0,6,0,0,0,0,0,1,0,0,,0,0,0,16,1,1,0,,0,40 03:11.979,,0,75 05:31.078,4,0,0,0,67301,0,0,0,N,0,0,0,2,67301,1,,1,1,,N,N,,0,,0,0,0,9,2,,1635,1,2,0,0,0,0,0,3,4,0,2,3,,N,,,,,,,,,,,
2007056618,1853.0,0,0,0,0,0,0,0,0,0,8,0,,67,3,2007,5,39.9367,-75.1669,1849.0,6,0,0,0,0,0,0,0,0,,0,0,0,17,1,1,1,,0,39 56:12.000,,0,75 10:01.034,4,0,0,0,67301,1,0,0,N,1,0,0,2,67301,1,,1,1,,N,N,,0,,0,0,0,3,2,,1705,1,2,0,0,0,0,0,3,4,1,1,3,,N,,,,,,,,,,,
2007056495,1306.0,2,0,0,0,0,0,0,0,0,2,0,,67,3,2007,6,39.9564,-75.2145,1306.0,6,0,0,0,0,0,1,0,0,,0,0,0,13,1,1,1,,0,39 57:22.935,,0,75 12:52.250,8,0,0,0,67301,0,0,0,N,0,0,0,2,67301,0,,1,1,,N,N,,0,,0,0,0,3,3,,1306,1,2,0,0,0,1,1,3,4,0,2,3,,N,,,,,,,,,,,
2007096321,1005.0,0,0,0,0,0,0,0,0,0,4,0,,67,8,2007,3,40.0483,-75.0659,1005.0,6,0,0,1,0,0,0,0,0,,0,0,0,10,1,1,1,,0,40 02:53.847,,0,75 03:57.279,4,0,0,0,67301,0,0,0,N,0,0,0,2,67301,1,,1,1,,N,N,,0,,0,0,1,2,3,,1005,1,2,0,0,1,0,0,3,4,1,2,3,,N,,,,,,,,,,,
2007096467,2315.0,1,0,0,0,0,0,0,0,0,1,0,,67,9,2007,1,40.0044,-75.2197,2312.0,6,0,0,0,0,0,0,0,0,1.0,0,0,0,23,3,1,0,,1,40 00:15.000,2.0,0,75 13:11.037,8,0,0,0,67301,0,0,0,N,0,0,0,3,46104,0,,1,1,,N,N,,0,,0,0,1,0,0,N,2312,1,2,0,0,0,1,0,3,4,0,2,3,,N,,,,,,,,,,,
2007057519,1815.0,2,0,0,0,0,0,0,0,0,2,0,,67,4,2007,3,40.0558,-75.1762,1810.0,6,0,0,0,0,0,1,0,0,,0,0,0,17,1,2,1,,0,40 03:20.000,,0,75 10:34.268,8,0,0,0,67301,0,0,0,N,0,0,0,2,67301,0,,1,1,,N,N,,0,,0,0,0,3,2,,1750,2,2,0,0,0,2,0,3,4,0,2,3,,N,,,,,,,,,,,
2007098968,1441.0,0,0,0,0,0,0,0,0,0,4,0,,67,8,2007,6,40.0366,-75.0645,1440.0,6,0,0,0,0,0,1,0,0,,0,0,0,14,1,0,1,,0,40 02:11.000,,0,75 03:51.603,9,0,0,0,67301,0,0,0,,0,0,0,5,67301,0,,1,1,,,,,0,,0,0,1,3,2,,1435,0,2,0,0,0,0,1,3,4,1,2,3,,N,,,,,,,,,,,
2007099004,2145.0,1,0,0,0,0,0,0,0,0,2,0,,67,7,2007,4,39.9573,-75.1427,9999.0,6,0,0,0,0,0,1,0,0,2.0,0,0,0,21,3,3,2,,2,39 57:25.871,2.0,0,75 08:31.299,3,0,0,0,67301,0,0,0,,0,0,0,5,67301,0,,1,1,,,,,1,,3,0,0,0,0,Y,2143,3,2,0,0,0,0,0,3,4,0,2,3,5.0,N,,,,,,,,,,,
2007067348,1230.0,1,0,0,0,0,0,0,0,0,5,0,,67,4,2007,2,39.9704,-75.2047,1226.0,6,0,0,0,0,0,1,0,0,,0,0,0,11,1,1,0,,0,39 58:13.500,,0,75 12:17.000,8,0,0,0,67301,0,0,0,N,0,0,0,2,67301,0,,1,1,,N,N,,0,,0,0,1,0,0,,1157,1,2,0,0,0,1,0,3,4,0,2,3,,N,,,,,,,,,,,
2007067393,100.0,2,0,0,0,0,0,0,0,0,4,0,,67,5,2007,7,39.9579,-75.1624,55.0,6,0,0,0,0,1,0,0,0,3.0,0,0,0,0,3,4,1,,2,39 57:29.000,5.0,0,75 09:44.627,8,0,0,0,67301,0,0,0,N,0,0,0,4,67301,0,,1,1,,N,N,,0,,0,0,0,3,2,N,52,4,2,0,0,0,4,0,3,4,0,2,3,,N,,,,,,,,,,,
2007076736,2042.0,1,0,0,0,0,0,0,0,0,7,0,,67,6,2007,6,40.0092,-75.2048,2042.0,6,0,0,0,0,1,0,0,0,1.0,0,0,0,20,1,0,3,,1,40 00:39.000,2.0,2,75 12:29.670,0,0,0,0,67301,0,0,0,N,0,0,0,1,68K01,0,,2,1,,N,N,,0,,0,0,0,0,0,N,2038,0,1,0,0,0,0,0,3,4,0,1,3,,N,,,,,,,,,,,
2007067230,828.0,1,0,0,0,0,0,0,0,0,4,0,,67,4,2007,6,39.954,-75.2384,823.0,6,0,0,0,0,0,0,0,0,,0,0,0,8,1,1,2,,0,39 57:14.446,,0,75 14:18.200,8,0,0,0,67301,0,0,0,,0,0,0,2,67301,0,,1,9,,,,,0,,0,0,1,9,3,,800,1,2,0,0,0,1,1,3,4,0,2,7,,N,,,,,,,,,,,
2007057293,1306.0,2,0,0,0,0,0,0,0,0,4,0,,67,3,2007,4,39.944,-75.16,1302.0,6,0,0,0,0,0,0,0,0,,0,0,0,12,1,0,1,,0,39 56:38.450,,0,75 09:36.017,0,0,0,0,67301,0,0,0,N,0,0,0,2,67301,0,,1,1,,N,N,,0,,0,0,0,0,0,,1251,0,2,0,0,0,0,0,3,4,0,2,3,,N,,,,,,,,,,,