CRN,ARRIVAL_TM,AUTOMOBILE_COUNT,BELTED_DEATH_COUNT,BELTED_SUSP_SERIOUS_INJ_COUNT,BICYCLE_COUNT,BICYCLE_DEATH_COUNT,BICYCLE_SUSP_SERIOUS_INJ_COUNT,BUS_COUNT,CHLDPAS_DEATH_COUNT,CHLDPAS_SUSP_SERIOUS_INJ_COUNT,COLLISION_TYPE,COMM_VEH_COUNT,CONS_ZONE_SPD_LIM,COUNTY,CRASH_MONTH,CRASH_YEAR,DAY_OF_WEEK,DEC_LAT,DEC_LONG,DISPATCH_TM,DISTRICT,DRIVER_COUNT_16YR,DRIVER_COUNT_17YR,DRIVER_COUNT_18YR,DRIVER_COUNT_19YR,DRIVER_COUNT_20YR,DRIVER_COUNT_50_64YR,DRIVER_COUNT_65_74YR,DRIVER_COUNT_75PLUS,EST_HRS_CLOSED,FATAL_COUNT,HEAVY_TRUCK_COUNT,HORSE_BUGGY_COUNT,HOUR_OF_DAY,ILLUMINATION,INJURY_COUNT,INTERSECT_TYPE,INTERSECTION_RELATED,LANE_CLOSED,LATITUDE,LN_CLOSE_DIR,LOCATION_TYPE,LONGITUDE,MAX_SEVERITY_LEVEL,MCYCLE_DEATH_COUNT,MCYCLE_SUSP_SERIOUS_INJ_COUNT,MOTORCYCLE_COUNT,MUNICIPALITY,NONMOTR_COUNT,NONMOTR_DEATH_COUNT,NONMOTR_SUSP_SERIOUS_INJ_COUNT,NTFY_HIWY_MAINT,PED_COUNT,PED_DEATH_COUNT,PED_SUSP_SERIOUS_INJ_COUNT,PERSON_COUNT,POLICE_AGCY,POSSIBLE_INJ_COUNT,RDWY_SURF_TYPE_CD,RELATION_TO_ROAD,ROAD_CONDITION,ROADWAY_CLEARED,SCH_BUS_IND,SCH_ZONE_IND,SECONDARY_CRASH,SMALL_TRUCK_COUNT,SPEC_JURIS_CD,SUSP_MINOR_INJ_COUNT,SUSP_SERIOUS_INJ_COUNT,SUV_COUNT,TCD_FUNC_CD,TCD_TYPE,TFC_DETOUR_IND,TIME_OF_DAY,TOT_INJ_COUNT,TOTAL_UNITS,UNB_DEATH_COUNT,UNB_SUSP_SERIOUS_INJ_COUNT,UNBELTED_OCC_COUNT,UNK_INJ_DEG_COUNT,UNK_INJ_PER_COUNT,URBAN_AREA,URBAN_RURAL,VAN_COUNT,VEHICLE_COUNT,WEATHER1,WEATHER2,WORK_ZONE_IND,WORK_ZONE_LOC,WORK_ZONE_TYPE,WORKERS_PRES,WZ_CLOSE_DETOUR,WZ_FLAGGER,WZ_LAW_OFFCR_IND,WZ_LN_CLOSURE,WZ_MOVING,WZ_OTHER,WZ_SHLDER_MDN,WZ_WORKERS_INJ_KILLED
2007057340,921.0,2,0,0,0,0,0,0,0,0,4,0,,67,4,2007,3,40.042,-75.1846,919.0,6,0,0,0,0,0,0,0,0,,0,0,0,9,1,1,1,,0,40 02:31.257,,0,75 11:04.606,4,0,0,0,67301,1,0,0,N,0,0,0,4,67301,1,,1,1,,N,N,,1,,0,0,0,3,3,,915,1,3,0,0,0,0,0,3,4,0,3,3,,N,,,,,,,,,,,
2007099121,9999.0,1,0,0,0,0,0,0,0,0,8,0,,67,8,2007,4,40.0223,-75.162,35.0,6,0,0,0,0,0,0,0,0,,0,0,0,99,3,1,1,,0,40 01:20.000,,0,75 09:43.291,4,0,0,0,67301,1,0,0,N,1,0,0,2,67301,1,,4,1,,N,N,,0,,0,0,0,3,2,,9999,1,2,0,0,0,0,1,3,4,0,1,3,,N,,,,,,,,,,,
2007099124,1601.0,1,0,0,1,0,0,0,0,0,1,0,,67,9,2007,7,40.0291,-75.2304,1559.0,6,0,0,0,0,0,0,0,0,,0,0,0,15,1,1,0,,0,40 01:44.799,,0,75 13:49.371,8,0,0,0,67301,1,0,0,N,0,0,0,2,67301,0,,1,1,,N,N,,0,,0,0,0,0,0,,1500,1,2,0,0,1,1,0,3,4,0,1,3,,N,,,,,,,,,,,
2007097250,1409.0,0,0,0,0,0,0,0,0,0,5,0,,67,8,2007,5,39.9784,-75.2023,1331.0,6,0,0,0,0,0,0,0,0,,0,0,0,13,1,0,0,,0,39 58:44.000,,0,75 12:12.795,9,0,0,0,67301,0,0,0,N,0,0,0,3,68K01,0,,1,1,,N,N,,1,,0,0,0,0,0,,1325,0,2,0,0,0,0,1,3,4,0,2,3,,N,,,,,,,,,,,
2007092312,1145.0,1,0,0,0,0,0,0,0,0,5,0,,67,6,2007,7,40.0272,-75.0989,1145.0,6,0,0,0,0,0,0,0,0,,0,0,0,11,1,0,3,,0,40 01:38.000,,0,75 05:56.834,0,0,0,0,67301,0,0,0,N,0,0,0,2,67301,0,,1,1,,N,N,,0,,0,0,0,0,0,,1140,0,2,0,0,0,0,0,3,4,1,2,3,,N,,,,,,,,,,,
2007095035,1100.0,3,0,0,0,0,0,0,0,0,1,0,,67,7,2007,1,40.0805,-75.0286,1057.0,6,0,0,0,0,0,2,0,1,,0,0,0,10,1,1,0,,0,40 04:49.810,,0,75 01:43.105,8,0,0,0,67301,0,0,0,,0,0,0,5,67301,0,,1,1,,,,,0,,0,0,0,3,2,,1040,1,3,0,0,0,1,0,3,4,0,3,3,,N,,,,,,,,,,,
2007030081,829.0,2,0,0,0,0,0,0,0,0,4,0,,67,1,2007,3,39.964,-75.1611,822.0,6,0,0,0,0,0,1,0,0,,0,0,0,7,1,2,2,,0,39 57:50.000,,0,75 09:39.995,4,0,0,0,67301,0,0,0,N,0,0,0,5,67301,1,,1,1,,N,N,,0,,0,0,0,0,0,,755,2,2,0,0,1,1,0,3,4,0,2,3,,N,,,,,,,,,,,
2007022399,1535.0,1,0,0,0,0,0,0,0,0,7,0,,67,1,2007,6,40.0076,-75.0687,1530.0,6,0,0,0,0,0,0,0,0,,0,0,0,15,1,0,0,,0,40 00:26.684,,2,75 04:06.923,0,0,0,0,67301,0,0,0,N,0,0,0,2,67301,0,,7,1,,N,N,,0,,0,0,0,0,0,,1525,0,1,0,0,2,0,0,3,4,0,1,3,,N,,,,,,,,,,,
2007027486,1943.0,2,0,0,0,0,0,0,0,0,4,0,,67,1,2007,7,39.9588,-75.1909,1940.0,6,0,0,0,0,0,0,0,0,2.0,0,0,0,19,3,4,1,,2,39 57:31.532,2.0,0,75 11:27.131,4,0,0,0,67301,0,0,0,N,0,0,0,6,67301,4,,1,1,,N,N,,0,,0,0,0,3,3,Y,1930,4,2,0,0,1,0,0,3,4,0,2,3,,N,,,,,,,,,,,
2007027508,1930.0,2,0,0,0,0,0,0,0,0,4,0,,67,1,2007,5,39.9035,-75.2432,1924.0,6,0,0,1,0,0,0,0,0,,0,0,0,19,3,3,1,,0,39 54:12.423,,0,75 14:35.429,8,0,0,0,67301,0,0,0,N,0,0,0,4,67301,0,,1,1,,N,N,,0,,0,0,0,3,2,,1920,3,2,0,0,0,3,0,3,4,0,2,3,,N,,,,,,,,,,,
2007027509,1753.0,0,0,0,0,0,0,0,0,0,8,0,,67,1,2007,4,39.9055,-75.2406,1741.0,6,0,0,0,0,0,0,0,0,,0,0,0,17,3,1,0,,0,39 54:19.000,,0,75 14:26.048,4,0,0,0,67301,1,0,0,N,1,0,0,2,67301,1,,6,1,,N,N,,0,,0,0,0,0,0,,1708,1,2,0,0,0,0,0,3,4,1,1,3,,N,,,,,,,,,,,
2007027754,2000.0,2,0,0,0,0,0,0,0,0,6,0,,67,1,2007,5,40.0523,-75.1516,1955.0,6,0,1,0,0,0,0,0,0,,0,0,0,19,3,3,1,,0,40 03:08.000,,0,75 09:05.951,8,0,0,0,67301,0,0,0,N,0,0,0,4,67301,0,,1,9,,N,N,,0,,0,0,0,3,3,,1953,3,2,0,0,0,3,0,3,4,0,2,10,,N,,,,,,,,,,,
2007022679,1948.0,2,0,0,0,0,0,0,0,0,1,0,,67,1,2007,7,40.088,-75.0558,1941.0,6,0,0,0,0,0,0,0,0,,0,0,0,19,3,0,0,,0,40 05:16.886,,0,75 03:20.883,0,0,0,0,67301,0,0,0,N,0,0,0,1,67301,0,,1,1,,N,N,,0,,0,0,0,0,0,,1941,0,2,0,0,0,0,0,3,4,0,2,3,,N,,,,,,,,,,,
2007027773,1415.0,2,0,0,0,0,0,0,0,0,5,0,,67,1,2007,2,39.956,-75.1762,1407.0,6,0,0,0,0,1,0,0,0,,0,0,0,14,1,0,2,,0,39 57:21.690,,0,75 10:34.388,0,0,0,0,67301,0,0,0,N,0,0,0,1,67301,0,,1,9,,N,N,,1,,0,0,0,3,3,,1402,0,3,0,0,0,0,0,3,4,0,3,10,,N,,,,,,,,,,,
2007066217,1030.0,2,0,0,0,0,0,0,0,0,1,0,,67,5,2007,3,39.9168,-75.173,1024.0,6,0,0,0,0,0,0,0,1,,0,0,0,10,1,1,5,,0,39 55:00.326,,0,75 10:22.742,8,0,0,0,67301,0,0,0,,0,0,0,1,67301,0,,1,1,,N,,,0,,0,0,0,3,2,,1020,1,2,0,0,0,1,0,3,4,0,2,3,,N,,,,,,,,,,,
2007061175,548.0,1,0,0,0,0,0,0,0,0,7,0,,67,5,2007,1,39.9754,-75.1948,536.0,6,0,0,0,0,0,0,0,0,,0,0,0,5,3,0,0,,0,39 58:34.000,,0,75 11:44.633,0,0,0,0,67301,0,0,0,N,0,0,0,2,68K01,0,,2,1,,N,N,,0,,0,0,0,0,0,,536,0,1,0,0,1,0,0,3,4,0,1,3,,N,,,,,,,,,,,
2007056423,1005.0,1,0,0,0,0,0,0,0,0,7,0,,67,4,2007,7,40.0218,-75.1998,956.0,6,0,0,0,0,1,0,0,0,,0,0,0,9,1,0,0,,0,40 01:18.590,,0,75 11:59.150,0,0,0,0,67301,0,0,0,N,0,0,0,1,67301,0,,2,1,,N,N,,0,,0,0,0,0,0,,955,0,1,0,0,0,0,0,3,4,0,1,3,,N,,,,,,,,,,,
2007056597,1715.0,1,0,0,0,0,0,0,0,0,2,0,,67,4,2007,5,40.1189,-75.018,1710.0,6,0,0,0,0,0,1,0,0,,0,0,0,99,1,3,5,,0,40 07:07.000,,0,75 01:04.725,4,0,0,0,67301,0,0,0,N,0,0,0,4,67301,3,,1,1,,N,N,,0,,0,0,1,3,2,,9999,3,2,0,0,0,0,1,3,4,0,2,3,,N,,,,,,,,,,,
2007056482,905.0,1,0,0,0,0,0,0,0,0,4,0,,67,3,2007,4,39.978,-75.1526,905.0,6,0,0,0,0,0,1,0,0,2.0,0,0,0,99,1,1,1,,2,39 58:40.787,7.0,0,75 09:09.269,3,0,0,0,67301,0,0,0,N,0,0,0,2,67301,0,,1,1,,N,N,,0,,1,0,1,3,2,Y,9999,1,2,0,0,0,0,0,3,4,0,2,3,,N,,,,,,,,,,,
2007056509,515.0,2,0,0,0,0,0,0,0,0,4,0,,67,4,2007,3,39.9574,-75.2293,506.0,6,0,0,0,0,0,0,0,0,9.0,0,0,0,5,3,0,1,,1,39 57:26.000,4.0,0,75 13:45.402,0,0,0,0,67301,0,0,0,N,0,0,0,2,67301,0,,1,1,,N,N,,0,,0,0,0,3,2,N,506,0,2,0,0,0,0,0,3,4,0,2,3,,N,,,,,,,,,,,
2007067474,1626.0,2,0,0,0,0,0,0,0,0,4,0,,67,5,2007,4,40.0445,-75.1931,1624.0,6,0,0,0,0,0,1,0,0,,0,0,0,16,1,1,1,,0,40 02:40.000,,0,75 11:35.236,4,0,0,0,67301,0,0,0,,0,0,0,2,67301,1,,1,1,,,,,0,,0,0,0,3,2,,1600,1,2,0,0,0,0,1,3,4,0,2,3,,N,,,,,,,,,,,
2007098990,1651.0,1,0,0,0,0,0,0,0,0,4,0,,67,8,2007,4,40.0389,-75.0833,1651.0,6,0,0,0,0,0,0,0,0,,0,0,0,16,1,1,1,,0,40 02:20.090,,0,75 04:59.750,4,0,0,0,67301,0,0,0,N,0,0,0,3,67301,1,,1,1,,N,N,,0,,0,0,0,3,2,,1641,1,2,0,0,0,0,0,3,4,1,2,3,,N,,,,,,,,,,,
2007067287,1100.0,2,0,0,0,0,0,0,0,0,1,0,,67,4,2007,5,39.9572,-75.1571,1055.0,6,0,0,0,0,0,1,0,0,,0,0,0,10,1,1,0,,0,39 57:25.920,,0,75 09:25.560,4,0,0,0,67301,0,0,0,N,0,0,0,3,67301,1,,1,1,,N,N,,1,,0,0,0,0,0,,1053,1,3,0,0,0,0,0,3,4,0,3,3,,N,,,,,,,,,,,
2007067299,409.0,1,0,0,0,0,0,0,0,0,1,0,,67,5,2007,1,39.9383,-75.2163,9999.0,6,0,0,0,0,0,0,0,0,,0,0,0,99,3,2,1,,0,39 56:17.923,,0,75 12:58.510,8,0,0,0,67301,0,0,0,N,0,0,0,3,67301,0,,1,1,,N,N,,0,,0,0,0,3,2,,9999,2,2,0,0,0,2,1,3,4,0,2,3,,N,,,,,,,,,,,
2007067358,1715.0,1,0,0,0,0,0,0,0,0,8,0,,67,4,2007,2,40.0364,-75.0582,1703.0,6,0,0,0,0,0,0,0,0,,0,0,0,16,1,1,0,,0,40 02:10.906,,0,75 03:29.563,8,0,0,0,67301,1,0,0,N,1,0,0,2,67301,0,,1,1,,N,N,,0,,0,0,0,0,0,,1600,1,2,0,0,0,1,0,3,4,0,1,3,,N,,,,,,,,,,,
2007067385,1301.0,2,0,0,0,0,0,0,0,0,1,0,,67,5,2007,7,39.9623,-75.209,1256.0,6,0,0,0,0,0,0,0,0,,0,0,0,12,1,1,1,,0,39 57:44.280,,0,75 12:32.040,8,0,0,0,67301,0,0,0,N,0,0,0,2,67301,0,,1,1,,N,N,,0,,0,0,0,3,2,,1255,1,2,0,0,0,1,1,3,4,0,2,3,,N,,,,,,,,,,,
2007067211,13.0,2,0,0,0,0,0,0,0,0,4,0,,67,5,2007,3,40.0443,-75.0541,7.0,6,0,0,0,0,1,0,0,0,,0,0,0,23,3,2,1,,0,40 02:39.000,,6,75 03:14.767,8,0,0,0,67301,0,0,0,N,0,0,0,4,67301,0,,1,1,,N,N,,0,,0,0,1,3,2,,2336,2,3,0,0,0,2,0,3,4,0,3,3,,N,,,,,,,,,,,
2007057247,154.0,0,0,0,0,0,0,0,0,0,7,0,,67,3,2007,5,39.991,-75.1799,154.0,6,0,0,0,0,0,0,0,0,,0,0,0,1,3,0,1,,0,39 59:27.480,,99,75 10:47.634,0,0,0,0,67301,0,0,0,N,0,0,0,1,67301,0,,3,1,,N,N,,0,,0,0,1,3,2,,154,0,1,0,0,0,0,0,3,4,0,1,3,,N,,,,,,,,,,,
2007069506,1404.0,1,0,0,0,0,0,0,0,0,1,0,,67,6,2007,7,39.9631,-75.1838,1352.0,6,0,0,0,0,1,0,0,0,,0,0,0,13,1,1,0,,0,39 57:47.000,,0,75 11:02.345,4,0,0,0,67301,0,0,0,N,0,0,0,2,68K01,1,,1,1,,N,N,,0,,0,0,1,0,0,,1345,1,2,0,0,0,0,0,3,4,0,2,3,,N,,,,,,,,,,,
2007099099,1735.0,1,0,0,0,0,0,0,0,0,1,0,,67,7,2007,6,39.909,-75.2419,1735.0,6,0,0,0,0,0,2,0,0,,0,1,0,16,1,1,2,,0,39 54:32.000,,0,75 14:30.820,8,0,0,0,67301,0,0,0,N,0,0,0,4,67301,0,,1,1,,N,N,,0,,0,0,0,3,2,,1600,1,2,0,0,0,1,0,3,4,0,2,3,,N,,,,,,,,,,,
2007021275,1338.0,1,0,0,0,0,0,0,0,0,1,0,,67,1,2007,7,40.008,-75.2024,1332.0,6,0,0,0,0,0,1,0,0,1.0,0,0,0,13,1,2,0,,1,40 00:28.197,3.0,0,75 12:07.311,4,0,0,0,67301,0,0,0,N,0,0,0,5,68K01,2,,1,9,,N,N,,0,,0,0,1,0,0,N,1329,2,2,0,0,0,0,0,3,4,0,2,7,,N,,,,,,,,,,,
2007100023,117.0,1,0,0,0,0,0,0,0,0,5,0,,67,8,2007,7,40.0689,-75.0402,112.0,6,0,0,1,0,0,0,0,0,,0,0,0,0,3,0,0,,0,40 04:07.000,,0,75 02:24.749,9,0,0,0,67301,0,0,0,N,0,0,0,2,67301,0,,1,1,,N,N,,1,,0,0,0,0,0,,0,0,2,0,0,0,0,2,3,4,0,2,3,,N,,,,,,,,,,,
2007120865,325.0,0,0,0,0,0,0,0,0,0,7,0,,67,10,2007,4,40.0375,-75.1496,313.0,6,0,0,0,0,0,0,0,0,,0,0,0,3,3,1,0,,0,40 02:14.850,,0,75 08:58.470,4,0,0,0,67301,0,0,0,,0,0,0,1,67301,1,,2,1,,,,,0,,0,0,1,0,0,,300,1,1,0,0,0,0,0,3,4,0,1,3,,N,,,,,,,,,,,
2007120869,209.0,1,0,0,0,0,0,0,0,0,7,0,,67,9,2007,1,40.0065,-75.1937,208.0,6,0,0,0,0,0,0,0,0,1.0,0,0,0,2,3,0,0,,1,40 00:24.000,2.0,3,75 11:35.738,0,0,0,0,67301,0,0,0,,0,0,0,2,67301,0,,2,1,,,,,0,,0,0,1,0,0,N,200,0,2,0,0,0,0,0,3,4,0,2,7,5.0,N,,,,,,,,,,,
2007095114,2215.0,1,0,0,0,0,0,0,0,0,4,0,,67,7,2007,7,39.9914,-75.2248,2210.0,6,0,0,0,0,1,0,0,0,,0,0,0,22,3,1,1,,0,39 59:29.198,,0,75 13:29.395,4,0,0,0,67301,0,0,0,,0,0,0,2,67301,1,,1,1,,,,,0,,0,0,1,9,2,,2200,1,2,0,0,0,0,1,3,4,0,2,3,,N,,,,,,,,,,,
2007092349,1250.0,1,0,0,0,0,0,0,0,0,4,0,,67,7,2007,2,40.1233,-75.0148,1241.0,6,0,0,0,0,0,1,0,0,,0,0,0,12,1,2,0,,0,40 07:23.774,,0,75 00:53.226,8,0,0,0,67301,0,0,0,N,0,0,0,3,67301,0,,1,1,,N,N,,0,,0,0,1,0,0,,1238,2,2,0,0,0,2,0,3,4,0,2,3,,N,,,,,,,,,,,
2007095061,1335.0,0,0,0,0,0,0,0,0,0,8,0,,67,8,2007,3,39.9493,-75.1572,1333.0,6,0,0,0,0,0,1,0,0,,0,0,0,13,1,1,1,,0,39 56:57.318,,0,75 09:25.995,8,0,0,0,67301,1,0,0,N,1,0,0,2,67301,0,,1,1,,N,N,,0,,0,0,1,9,2,,1330,1,2,0,0,0,1,0,3,4,0,1,3,,N,,,,,,,,,,,
2007092766,1948.0,0,0,0,0,0,0,0,0,0,7,0,,67,7,2007,2,39.8973,-75.1878,1948.0,6,0,0,0,0,1,0,0,0,1.0,0,0,0,19,1,1,0,,1,39 53:56.000,1.0,0,75 10:27.949,2,0,1,1,67301,0,0,0,N,0,0,0,1,67301,0,,2,1,,N,N,,0,,0,1,0,0,0,Y,1948,1,1,0,0,0,0,0,3,4,0,1,3,,N,,,,,,,,,,,
2007092773,2235.0,2,0,0,0,0,0,0,0,0,4,0,,67,6,2007,5,39.9883,-75.0888,2212.0,6,0,0,0,0,0,0,0,0,2.0,0,0,0,22,3,2,0,,2,39 59:17.000,2.0,0,75 05:20.102,8,0,0,0,67301,0,0,0,N,0,0,0,3,67301,0,,1,9,,N,N,,0,,0,0,0,0,0,N,2210,2,2,0,0,0,2,0,3,4,0,2,7,,N,,,,,,,,,,,
2007085336,1006.0,2,0,0,0,0,0,0,0,0,1,0,,67,8,2007,4,39.9883,-75.2541,1004.0,6,0,0,0,1,0,1,0,0,1.0,0,0,0,10,1,1,0,,1,39 59:17.000,2.0,0,75 15:14.918,8,0,0,0,67301,0,0,0,N,0,0,0,4,46104,0,,1,1,,N,N,,0,,0,0,0,0,0,N,1004,1,3,0,0,0,1,1,3,4,0,3,3,,N,,,,,,,,,,,
2007120611,1812.0,2,0,0,0,0,0,0,0,0,1,0,,67,10,2007,2,39.9567,-75.1436,1810.0,6,0,0,0,0,0,0,0,0,,0,0,0,18,1,1,3,,0,39 57:26.000,,2,75 08:49.702,8,0,0,0,67301,0,0,0,,0,0,0,4,67301,0,,7,1,,,,,0,,0,0,0,3,4,,1800,1,2,0,0,0,1,0,3,4,0,2,3,,N,,,,,,,,,,,
2007120667,545.0,0,0,0,0,0,0,0,0,0,8,0,,67,10,2007,4,40.0153,-75.1983,542.0,6,0,0,0,0,0,0,0,0,1.0,0,0,0,5,3,1,2,,2,40 00:54.950,1.0,0,75 11:53.843,8,0,0,0,67301,1,0,0,N,1,0,0,2,67301,0,,1,1,,N,N,,0,,0,0,1,3,3,Y,537,1,2,0,0,0,1,0,3,4,0,1,5,,N,,,,,,,,,,,
2007107076,1155.0,2,0,0,0,0,0,0,0,0,1,0,,67,9,2007,1,40.0603,-75.0173,1151.0,6,0,0,0,0,0,0,0,0,,0,0,0,11,1,1,0,,0,40 03:36.900,,0,75 01:02.272,4,0,0,0,67301,0,0,0,N,0,0,0,1,67301,1,,2,1,,N,N,,0,,0,0,0,0,0,,1145,1,2,0,0,0,0,0,3,4,0,2,3,,N,,,,,,,,,,,
2007082932,1730.0,1,0,0,0,0,0,0,0,0,7,0,,67,6,2007,3,40.0891,-75.0203,1725.0,6,0,0,0,1,0,0,0,0,,0,0,0,17,1,1,0,,0,40 05:20.000,,0,75 01:13.072,4,0,0,0,67301,0,0,0,N,0,0,0,1,67301,1,,2,9,,N,N,,0,,0,0,0,3,2,,1720,1,1,0,0,0,0,0,3,4,0,1,7,,N,,,,,,,,,,,
2007080488,2215.0,2,0,0,0,0,0,0,0,0,4,0,,67,6,2007,6,40.0496,-75.0582,2210.0,6,0,0,0,1,0,0,0,0,,0,0,0,21,3,1,1,,0,40 02:58.000,,0,75 03:29.519,8,0,0,0,67301,0,0,0,,0,0,0,4,67301,0,,1,1,,,,,0,,0,0,0,9,2,,2145,1,2,0,0,0,1,0,3,4,0,2,3,,N,,,,,,,,,,,
2007107051,2056.0,0,0,0,0,0,0,0,0,0,4,0,,67,8,2007,1,40.0874,-74.9719,2055.0,6,0,0,0,0,0,0,0,0,1.0,0,0,0,20,3,1,0,,2,40 05:14.747,3.0,0,74 58:18.681,4,0,0,0,67301,0,0,0,N,0,0,0,3,67301,1,,1,1,,N,N,,0,,0,0,2,0,0,N,2050,1,2,0,0,0,0,0,3,4,0,2,3,,N,,,,,,,,,,,
2007027963,2000.0,1,0,0,0,0,0,0,0,0,8,0,,67,2,2007,6,39.9527,-75.1578,1954.0,6,0,0,0,0,0,0,0,0,,0,0,0,19,3,1,1,,0,39 57:09.766,,0,75 09:27.917,2,0,0,0,67301,1,0,1,N,1,0,1,2,67301,0,,1,9,,N,N,,0,,0,1,0,3,2,,1945,1,2,0,0,0,0,0,3,4,0,1,7,,N,,,,,,,,,,,
2007062916,1513.0,1,0,0,0,0,0,0,0,0,1,0,,67,5,2007,2,39.9961,-75.1972,1502.0,6,0,0,0,0,0,0,0,0,,0,0,0,15,1,0,0,,0,39 59:46.000,,0,75 11:49.639,0,0,0,0,67301,0,0,0,N,0,0,0,2,68K01,0,,1,1,,N,N,,0,,0,0,0,0,0,,1501,0,2,0,0,0,0,0,3,4,1,2,3,,N,,,,,,,,,,,
2007023051,1630.0,1,0,0,0,0,0,0,0,0,4,0,,67,1,2007,3,40.0283,-75.0848,1621.0,6,0,0,0,0,0,0,1,0,,0,0,0,99,1,1,1,,0,40 01:41.707,,0,75 05:05.272,4,0,0,0,67301,0,0,0,,0,0,0,2,67301,1,,1,1,,,,,0,,0,0,1,3,2,,9999,1,2,0,0,0,0,0,3,4,0,2,3,,N,,,,,,,,,,,
2007095910,1008.0,3,0,0,0,0,0,0,0,0,1,0,,67,8,2007,3,40.0078,-75.2019,1005.0,6,0,0,0,0,0,2,0,0,,0,0,0,10,1,1,0,,0,40 00:28.000,,0,75 12:07.810,4,0,0,0,67301,0,0,0,N,0,0,0,11,68K01,1,,1,1,,N,N,,0,,0,0,0,0,0,,1003,1,4,0,0,0,0,0,3,4,1,4,3,,N,,,,,,,,,,,
2007030080,1340.0,1,0,0,0,0,0,0,0,0,1,0,,67,1,2007,5,40.0352,-75.1455,1340.0,6,0,0,0,0,0,1,0,0,,0,0,0,13,1,0,1,,0,40 02:06.000,,0,75 08:43.671,9,0,0,0,67301,0,0,0,,0,0,0,3,67301,0,,1,1,,,,,3,,0,0,0,3,2,,1336,0,4,0,0,1,0,1,3,4,0,4,3,,N,,,,,,,,,,,
2007022378,1049.0,1,0,0,0,0,0,0,0,0,4,0,,67,1,2007,3,40.0428,-75.0632,1047.0,6,0,0,0,0,0,0,0,0,,0,0,0,10,1,2,1,,0,40 02:34.000,,0,75 03:47.604,4,0,0,0,67301,0,0,0,N,0,0,0,2,67301,2,,1,1,,N,N,,1,,0,0,0,3,2,,1047,2,2,0,0,0,0,0,3,4,0,2,3,,N,,,,,,,,,,,
2007027477,127.0,3,0,0,0,0,0,0,0,0,1,0,,67,1,2007,1,39.9748,-75.1852,119.0,6,0,0,0,0,0,0,0,0,,0,0,0,1,3,1,0,,0,39 58:29.261,,0,75 11:06.808,8,0,0,0,67301,0,0,0,N,0,0,0,5,67301,0,,1,9,,N,N,,0,,0,0,0,9,2,,115,1,3,0,0,0,1,0,3,4,0,3,98,,N,,,,,,,,,,,
2007027506,145.0,2,0,0,0,0,0,0,0,0,1,0,,67,1,2007,1,39.9005,-75.2301,138.0,6,0,0,0,0,1,0,0,0,,0,0,0,99,3,0,0,,0,39 54:01.969,,0,75 13:48.316,0,0,0,0,67301,0,0,0,,0,0,0,6,67301,0,,1,1,,,,,0,,0,0,0,0,0,,9999,0,2,0,0,0,0,0,3,4,0,2,3,,N,,,,,,,,,,,
2007027598,2003.0,0,0,0,0,0,0,0,0,0,1,0,,67,2,2007,6,40.039,-75.2397,1956.0,6,0,0,0,0,0,0,0,0,,0,0,0,19,3,1,0,,0,40 02:20.515,,7,75 14:22.772,4,0,0,0,67301,0,0,0,N,0,0,0,3,67301,1,,1,9,,N,N,,1,,0,0,1,0,0,,1954,1,2,0,0,0,0,0,3,4,0,2,10,,N,,,,,,,,,,,
2007027615,2343.0,1,0,0,0,0,0,0,0,0,7,0,,67,1,2007,7,40.0999,-75.0216,2340.0,6,0,0,0,0,0,0,0,0,,0,0,0,23,3,1,0,,0,40 05:59.758,,0,75 01:17.886,4,0,0,0,67301,0,0,0,,0,0,0,1,67301,1,,5,9,,,,,0,,0,0,0,0,0,,2335,1,1,0,0,0,0,0,3,4,0,1,7,,N,,,,,,,,,,,
2007027653,845.0,2,0,0,0,0,0,0,0,0,1,0,,67,1,2007,4,39.9984,-75.11,840.0,6,0,0,0,0,0,0,0,0,,0,0,0,8,1,1,0,,0,39 59:54.200,,0,75 06:36.064,8,0,0,0,67301,0,0,0,N,0,0,0,4,67301,0,,1,1,,N,,,0,,0,0,0,0,0,,800,1,2,0,0,0,1,1,3,4,0,2,3,,N,,,,,,,,,,,
2007027571,248.0,1,0,0,0,0,0,0,0,0,4,0,,67,1,2007,4,40.0514,-75.1634,245.0,6,0,0,0,0,0,0,1,0,,0,0,0,99,1,0,1,,0,40 03:05.090,,0,75 09:48.178,9,0,0,0,67301,0,0,0,N,0,0,0,2,67301,0,,1,1,,N,N,,0,,0,0,0,3,2,,9999,0,2,0,0,0,0,1,3,4,1,2,3,,N,,,,,,,,,,,
2007027591,223.0,1,0,0,0,0,0,0,0,0,7,0,,67,1,2007,7,39.8972,-75.1885,221.0,6,0,0,0,0,0,0,0,0,1.0,0,0,0,2,3,0,0,,1,39 53:56.000,1.0,0,75 10:30.421,0,0,0,0,67301,0,0,0,N,0,0,0,2,67301,0,,2,1,,N,N,,0,,0,0,0,0,0,N,219,0,1,0,0,0,0,0,3,4,0,1,3,,N,,,,,,,,,,,
2007022692,935.0,2,0,0,0,0,0,0,0,0,1,0,,67,1,2007,5,39.9752,-75.2619,930.0,6,0,0,0,0,0,1,0,0,,0,0,0,9,1,1,2,,0,39 58:30.000,,0,75 15:42.802,8,0,0,0,67301,0,0,0,N,0,0,0,2,67301,0,,1,1,,N,N,,0,,0,0,0,0,0,,930,1,2,0,0,0,1,0,3,4,0,2,3,,N,,,,,,,,,,,