CRN,ARRIVAL_TM,AUTOMOBILE_COUNT,BELTED_DEATH_COUNT,BELTED_SUSP_SERIOUS_INJ_COUNT,BICYCLE_COUNT,BICYCLE_DEATH_COUNT,BICYCLE_SUSP_SERIOUS_INJ_COUNT,BUS_COUNT,CHLDPAS_DEATH_COUNT,CHLDPAS_SUSP_SERIOUS_INJ_COUNT,COLLISION_TYPE,COMM_VEH_COUNT,CONS_ZONE_SPD_LIM,COUNTY,CRASH_MONTH,CRASH_YEAR,DAY_OF_WEEK,DEC_LAT,DEC_LONG,DISPATCH_TM,DISTRICT,DRIVER_COUNT_16YR,DRIVER_COUNT_17YR,DRIVER_COUNT_18YR,DRIVER_COUNT_19YR,DRIVER_COUNT_20YR,DRIVER_COUNT_50_64YR,DRIVER_COUNT_65_74YR,DRIVER_COUNT_75PLUS,EST_HRS_CLOSED,FATAL_COUNT,HEAVY_TRUCK_COUNT,HORSE_BUGGY_COUNT,HOUR_OF_DAY,ILLUMINATION,INJURY_COUNT,INTERSECT_TYPE,INTERSECTION_RELATED,LANE_CLOSED,LATITUDE,LN_CLOSE_DIR,LOCATION_TYPE,LONGITUDE,MAX_SEVERITY_LEVEL,MCYCLE_DEATH_COUNT,MCYCLE_SUSP_SERIOUS_INJ_COUNT,MOTORCYCLE_COUNT,MUNICIPALITY,NONMOTR_COUNT,NONMOTR_DEATH_COUNT,NONMOTR_SUSP_SERIOUS_INJ_COUNT,NTFY_HIWY_MAINT,PED_COUNT,PED_DEATH_COUNT,PED_SUSP_SERIOUS_INJ_COUNT,PERSON_COUNT,POLICE_AGCY,POSSIBLE_INJ_COUNT,RDWY_SURF_TYPE_CD,RELATION_TO_ROAD,ROAD_CONDITION,ROADWAY_CLEARED,SCH_BUS_IND,SCH_ZONE_IND,SECONDARY_CRASH,SMALL_TRUCK_COUNT,SPEC_JURIS_CD,SUSP_MINOR_INJ_COUNT,SUSP_SERIOUS_INJ_COUNT,SUV_COUNT,TCD_FUNC_CD,TCD_TYPE,TFC_DETOUR_IND,TIME_OF_DAY,TOT_INJ_COUNT,TOTAL_UNITS,UNB_DEATH_COUNT,UNB_SUSP_SERIOUS_INJ_COUNT,UNBELTED_OCC_COUNT,UNK_INJ_DEG_COUNT,UNK_INJ_PER_COUNT,URBAN_AREA,URBAN_RURAL,VAN_COUNT,VEHICLE_COUNT,WEATHER1,WEATHER2,WORK_ZONE_IND,WORK_ZONE_LOC,WORK_ZONE_TYPE,WORKERS_PRES,WZ_CLOSE_DETOUR,WZ_FLAGGER,WZ_LAW_OFFCR_IND,WZ_LN_CLOSURE,WZ_MOVING,WZ_OTHER,WZ_SHLDER_MDN,WZ_WORKERS_INJ_KILLED
2007022786,1930.0,3,0,0,0,0,0,0,0,0,1,0,,67,1,2007,4,40.028,-75.0624,1922.0,6,0,0,0,0,0,0,0,0,,0,0,0,99,3,1,0,,0,40 01:40.955,,0,75 03:44.818,4,0,0,0,67301,0,0,0,N,0,0,0,3,67301,1,,1,1,,N,N,,0,,0,0,0,0,0,,9999,1,3,0,0,0,0,0,3,4,0,3,3,,N,,,,,,,,,,,
2007066287,1559.0,1,0,0,0,0,0,0,0,0,8,0,,67,5,2007,2,39.9309,-75.1817,1528.0,6,0,0,0,0,0,0,0,0,,0,0,0,99,1,1,1,,0,39 55:51.402,,0,75 10:54.004,2,0,0,0,67301,1,0,1,N,1,0,1,2,67301,0,,1,1,,N,N,,0,,0,1,0,0,0,,9999,1,2,0,0,0,0,0,3,4,0,1,3,,N,,,,,,,,,,,
2007066291,340.0,1,0,0,0,0,0,0,0,0,5,0,,67,5,2007,1,39.9388,-75.1984,337.0,6,0,0,0,0,0,0,0,0,,0,0,0,3,3,0,1,,0,39 56:22.000,,0,75 11:53.378,9,0,0,0,67301,0,0,0,N,0,0,0,2,67301,0,,1,9,,N,N,,0,,0,0,1,9,4,,300,0,2,0,0,0,0,1,3,4,0,2,7,,N,,,,,,,,,,,
2007058652,805.0,1,0,0,0,0,0,0,0,0,4,0,,67,4,2007,2,39.9728,-75.1461,759.0,6,0,0,0,0,0,0,0,0,,0,0,0,7,1,1,1,,0,39 58:22.220,,0,75 08:45.891,4,0,0,0,67301,0,0,0,,0,0,0,5,67301,1,,1,1,,N,,,0,,0,0,1,3,2,,755,1,2,0,0,0,0,0,3,4,0,2,3,,N,,,,,,,,,,,
2007056168,1331.0,2,0,0,0,0,0,0,0,0,1,0,,67,3,2007,7,39.908,-75.1462,1327.0,6,0,0,0,0,0,1,0,0,,0,0,0,13,1,1,0,,0,39 54:28.930,,3,75 08:46.367,8,0,0,0,67301,0,0,0,N,0,0,0,4,67501,0,,1,9,,N,N,,0,,0,0,1,3,8,,1327,1,3,0,0,0,1,0,3,4,0,3,3,,N,,,,,,,,,,,
2007059059,1914.0,3,0,0,0,0,0,0,0,0,1,0,,67,4,2007,4,40.0066,-75.1988,1912.0,6,0,0,0,0,1,1,0,0,,0,0,0,17,1,2,0,,0,40 00:22.000,,0,75 11:53.270,4,0,0,0,67301,0,0,0,N,0,0,0,4,68K01,2,,1,9,,N,N,,0,,0,0,0,0,0,,1748,2,3,0,0,0,0,0,3,4,0,3,3,,N,,,,,,,,,,,
2007056617,1455.0,3,0,0,0,0,0,0,0,0,4,0,,67,4,2007,2,40.0486,-75.087,1449.0,6,0,0,0,1,0,1,0,0,1.0,0,0,0,14,1,1,1,,1,40 02:54.000,3.0,0,75 05:13.124,8,0,0,0,67301,0,0,0,N,0,0,0,3,67301,0,,1,1,,N,N,,0,,0,0,0,3,2,N,1444,1,3,0,0,0,1,0,3,4,0,3,3,,N,,,,,,,,,,,
2007067482,1318.0,1,0,0,0,0,0,0,0,0,4,0,,67,4,2007,3,40.0424,-75.0827,1315.0,6,0,0,0,0,0,0,0,0,,0,0,0,13,1,3,1,,0,40 02:32.000,,0,75 04:57.599,4,0,0,0,67301,0,0,0,N,0,0,0,4,67301,3,,1,1,,N,N,,0,,0,0,0,3,2,,1313,3,2,0,0,0,0,1,3,4,0,2,3,,N,,,,,,,,,,,
2007098893,1732.0,2,0,0,0,0,0,0,0,0,4,0,,67,7,2007,2,39.9547,-75.1944,1730.0,6,0,0,0,0,0,1,0,0,,0,0,0,17,1,0,1,,0,39 57:16.000,,0,75 11:39.891,9,0,0,0,67301,0,0,0,N,0,0,0,5,67301,0,,1,1,,N,N,,0,,0,0,0,3,2,,1730,0,2,0,0,0,0,1,3,4,0,2,3,,N,,,,,,,,,,,
2007067350,1507.0,2,0,0,0,0,0,0,0,0,4,0,,67,5,2007,7,39.9591,-75.2139,1506.0,6,0,0,0,1,0,0,0,0,,0,0,0,15,1,3,0,,0,39 57:32.800,,0,75 12:50.000,4,0,0,0,67301,0,0,0,N,0,0,0,4,67301,1,,1,1,,N,N,,0,,0,0,0,0,0,,1506,3,2,0,0,0,2,0,3,4,0,2,3,,N,,,,,,,,,,,
2007067247,1145.0,1,0,0,0,0,0,0,0,0,4,0,,67,4,2007,4,39.9182,-75.1711,1140.0,6,0,0,0,0,0,0,1,0,,0,0,0,11,1,0,1,,0,39 55:05.520,,0,75 10:15.960,0,0,0,0,67301,0,0,0,N,0,0,0,4,67301,0,,1,1,,N,N,,0,,0,0,1,3,2,,1135,0,2,0,0,0,0,0,3,4,0,2,3,,N,,,,,,,,,,,
2007067251,2010.0,4,0,0,0,0,0,0,0,0,1,0,,67,5,2007,3,40.1236,-75.0153,2000.0,6,0,0,0,0,0,1,0,0,,0,0,0,20,1,3,0,,0,40 07:25.000,,0,75 00:55.103,8,0,0,0,67301,0,0,0,N,0,0,0,7,67301,0,,1,1,,N,N,,0,,0,0,0,0,0,,2000,3,4,0,0,0,3,4,3,4,0,4,3,,N,,,,,,,,,,,
2007067278,805.0,2,0,0,0,0,0,0,0,0,4,0,,67,5,2007,3,,,800.0,6,0,0,0,0,0,0,0,0,1.0,0,0,0,99,1,2,0,,1,,2.0,0,,8,0,0,0,67301,0,0,0,N,0,0,0,2,67301,0,,1,1,,N,N,,0,,0,0,0,0,0,N,9999,2,2,0,0,0,2,0,3,3,0,2,3,,N,,,,,,,,,,,
2007067331,1547.0,0,0,0,1,0,0,0,0,0,8,0,,67,5,2007,7,39.9696,-75.1638,1545.0,6,0,0,0,0,0,0,0,0,,0,0,0,15,1,1,2,,0,39 58:10.000,,0,75 09:49.788,4,0,0,0,67301,1,0,0,N,0,0,0,2,67301,1,,1,1,,N,N,,0,,0,0,1,0,0,,1540,1,2,0,0,0,0,0,3,4,0,1,3,,N,,,,,,,,,,,
2007057213,618.0,1,0,0,0,0,0,0,0,0,7,0,,67,3,2007,4,40.0277,-75.123,601.0,6,0,0,0,0,0,0,0,0,,0,0,0,6,5,1,2,,0,40 01:39.741,,0,75 07:22.954,4,0,0,0,67301,0,0,0,N,0,0,0,1,67301,1,,2,9,,N,N,,0,,0,0,0,9,3,,600,1,1,0,0,0,0,0,3,4,0,1,7,,N,,,,,,,,,,,
2007057344,2050.0,3,0,0,0,0,0,0,0,0,4,0,,67,4,2007,3,40.0907,-74.9649,2045.0,6,0,0,0,0,0,1,0,0,,0,0,0,20,3,1,1,,0,40 05:26.607,,0,74 57:53.617,4,0,0,0,67301,0,0,0,N,0,0,0,4,67301,1,,1,1,,N,N,,0,,0,0,0,3,2,,2040,1,3,0,0,0,0,0,3,4,0,3,3,,N,,,,,,,,,,,
2007067090,714.0,2,0,0,0,0,0,0,0,0,1,0,,67,5,2007,3,40.0048,-75.1776,710.0,6,0,0,0,0,0,1,0,0,,0,0,0,7,1,1,0,,0,40 00:17.000,,0,75 10:39.699,4,0,0,0,67301,0,0,0,N,0,0,0,2,67301,1,,1,1,,N,N,,0,,0,0,0,0,0,,700,1,2,0,0,0,0,0,3,4,0,2,3,,N,,,,,,,,,,,
2007099639,1958.0,1,0,0,0,0,0,0,0,0,4,0,,67,7,2007,2,40.0576,-75.1525,1950.0,6,0,0,0,0,0,0,0,0,,0,0,0,19,1,1,1,,0,40 03:27.475,,0,75 09:09.151,8,0,0,0,67301,0,0,0,N,0,0,0,2,67301,0,,1,1,,N,N,,0,,0,0,1,0,0,,1945,1,2,0,0,0,1,0,3,4,0,2,3,,N,,,,,,,,,,,
2007097488,130.0,1,0,0,0,0,0,0,0,0,7,0,,67,8,2007,6,39.959,-75.1719,125.0,6,0,0,0,0,0,0,0,0,,0,0,0,1,3,1,2,,0,39 57:32.436,,0,75 10:18.941,4,0,0,0,67301,0,0,0,N,0,0,0,1,67301,1,,2,1,,N,N,,0,,0,0,0,3,2,,125,1,1,0,0,1,0,0,3,4,0,1,3,,N,,,,,,,,,,,
2007097489,1351.0,1,0,0,0,0,0,0,0,0,2,0,,67,8,2007,4,39.9485,-75.2057,1347.0,6,0,0,0,0,0,2,0,0,,0,0,0,13,1,1,1,,0,39 56:54.708,,0,75 12:20.462,4,0,0,0,67301,0,0,0,N,0,0,0,3,67301,1,,1,1,,N,N,,2,,0,0,0,3,3,,1345,1,3,0,0,0,0,0,3,4,0,3,3,,N,,,,,,,,,,,
2007092337,130.0,1,0,0,0,0,0,0,0,0,8,0,,67,7,2007,6,40.0071,-75.1315,2200.0,6,0,0,0,0,0,0,0,0,,0,0,0,22,3,1,0,,0,40 00:25.412,,0,75 07:53.446,8,0,0,0,67301,1,0,0,N,1,0,0,2,67301,0,,1,1,,N,N,,0,,0,0,0,0,0,,2200,1,2,0,0,0,1,0,3,4,0,1,3,,N,,,,,,,,,,,
2007095020,1645.0,2,0,0,0,0,0,0,0,0,1,0,,67,7,2007,2,39.9719,-75.2449,1637.0,6,0,0,0,0,0,0,0,1,,0,0,0,16,1,1,1,,0,39 58:18.000,,0,75 14:41.448,4,0,0,0,67301,0,0,0,N,0,0,0,3,67301,1,,1,1,,N,N,,0,,0,0,0,2,2,,1600,1,2,0,0,3,0,0,3,4,0,2,3,,N,,,,,,,,,,,
2007095027,1205.0,1,0,0,0,0,0,0,0,0,8,0,,67,8,2007,5,40.0263,-75.2156,9999.0,6,0,0,0,0,0,1,0,0,,0,0,0,12,1,1,0,,0,40 01:34.518,,0,75 12:56.260,8,0,0,0,67301,1,0,0,N,1,0,0,2,67301,0,,1,9,,N,N,,0,,0,0,0,3,3,,1205,1,2,0,0,0,1,0,3,4,0,1,7,,N,,,,,,,,,,,
2007092793,157.0,0,0,0,0,0,0,0,0,0,6,0,,67,6,2007,1,39.9612,-75.1466,157.0,6,0,0,0,0,0,0,0,0,3.0,0,0,0,1,3,1,1,,2,39 57:40.000,1.0,0,75 08:47.742,2,0,1,1,67301,0,0,0,N,0,0,0,5,67301,0,,1,1,,N,N,,0,,0,1,1,3,2,Y,156,1,2,0,0,0,0,0,3,4,0,2,3,,N,,,,,,,,,,,
2007092794,1657.0,0,0,0,0,0,0,0,0,0,7,0,,67,6,2007,5,39.9996,-75.1906,1653.0,6,0,0,0,0,0,0,1,0,,0,0,0,16,1,1,0,,0,39 59:59.000,,0,75 11:26.167,3,0,0,1,67301,0,0,0,N,0,0,0,1,67301,0,,2,1,,N,N,,0,,1,0,0,0,0,,1653,1,1,0,0,0,0,0,3,4,0,1,3,,N,,,,,,,,,,,
2007120512,821.0,2,0,0,0,0,0,0,0,0,1,0,,67,1,2007,5,40.1139,-75.0263,818.0,6,0,0,0,0,0,1,0,0,1.0,0,0,0,8,1,1,0,,2,40 06:50.072,3.0,0,75 01:34.546,8,0,0,0,67301,1,0,0,N,0,0,0,2,67301,0,,1,1,,N,N,,0,,0,0,0,0,0,Y,818,1,2,0,0,1,1,0,3,4,0,2,3,,N,,,,,,,,,,,
2007120614,1925.0,1,0,0,0,0,0,0,0,0,5,0,,67,10,2007,4,39.9591,-75.1715,1915.0,6,0,0,0,0,0,0,0,0,,0,0,0,19,3,2,0,,0,39 57:32.000,,0,75 10:19.089,3,0,0,1,67301,0,0,0,,0,0,0,3,67301,0,,1,1,,,,,0,,2,0,0,0,0,,1913,2,2,0,0,0,0,0,3,4,0,2,3,,N,,,,,,,,,,,
2007120619,414.0,1,0,0,0,0,0,0,0,0,7,0,,67,10,2007,7,,,408.0,6,0,0,0,0,0,0,0,0,1.0,0,0,0,4,3,1,0,,2,,6.0,0,,8,0,0,0,67301,0,0,0,Y,0,0,0,1,67301,0,,2,1,,N,N,,0,,0,0,0,0,0,N,400,1,1,0,0,1,1,0,3,3,0,1,5,,N,,,,,,,,,,,
2007128030,1050.0,1,0,0,0,0,0,0,0,0,1,0,,67,12,2007,4,40.0042,-75.2201,1046.0,6,0,0,0,0,1,0,0,0,,0,0,0,10,1,1,0,,0,40 00:15.000,,0,75 13:12.475,4,0,0,0,67301,0,0,0,N,0,0,0,2,46104,1,,1,1,,N,N,,0,,0,0,1,0,0,,1040,1,2,0,0,0,0,0,3,4,0,2,3,,N,,,,,,,,,,,
2007027902,1241.0,3,0,0,0,0,0,0,0,0,1,0,,67,2,2007,5,40.0827,-75.0321,1240.0,6,0,0,0,0,0,0,2,1,,0,0,0,12,1,1,1,,0,40 04:57.000,,0,75 01:55.598,4,0,0,0,67301,0,0,0,N,0,0,0,5,67301,1,,1,1,,N,N,,0,,0,0,0,3,2,,1239,1,3,0,0,0,0,0,3,4,0,3,3,,N,,,,,,,,,,,
2007023534,1810.0,2,0,0,0,0,0,0,0,0,1,0,,67,1,2007,5,40.0035,-75.1358,1800.0,6,0,0,0,0,0,1,0,0,,0,0,0,17,3,2,0,,0,40 00:12.646,,0,75 08:08.916,3,0,0,0,67301,0,0,0,,0,0,0,4,67301,0,,1,9,,N,N,,0,,2,0,1,0,0,,1755,2,3,0,0,4,0,0,3,4,0,3,7,,N,,,,,,,,,,,
2007047335,804.0,1,0,0,0,0,0,0,0,0,6,0,,67,3,2007,2,40.0562,-75.1968,800.0,6,0,0,0,0,0,0,0,0,1.0,0,0,0,7,1,2,0,,2,40 03:22.000,5.0,0,75 11:48.638,3,0,0,0,67301,0,0,0,N,0,0,0,2,67301,1,,1,2,,N,N,,0,,1,0,1,0,0,Y,755,2,2,0,0,0,0,0,3,4,0,2,98,,N,,,,,,,,,,,
2007027594,1148.0,0,0,0,0,0,0,0,0,0,1,0,,67,1,2007,1,40.0729,-75.1986,1145.0,6,0,0,0,1,0,0,0,0,1.0,0,0,0,11,1,0,1,,2,40 04:22.274,4.0,0,75 11:55.107,0,0,0,0,67301,0,0,0,N,0,0,0,2,67301,0,,1,9,,N,N,,1,,0,0,1,3,3,N,1140,0,2,0,0,0,0,0,3,4,0,2,7,,N,,,,,,,,,,,
2007027695,1808.0,2,0,0,0,0,0,0,0,0,2,0,,67,1,2007,1,39.9172,-75.2463,1808.0,6,0,0,0,0,0,0,0,0,,0,0,0,18,3,0,1,,0,39 55:01.000,,0,75 14:46.691,0,0,0,0,67301,0,0,0,N,0,0,0,2,67301,0,,1,9,,N,N,,0,,0,0,0,3,2,,1808,0,2,0,0,0,0,0,3,4,0,2,10,,N,,,,,,,,,,,
2007022721,28.0,1,0,0,0,0,0,0,0,0,7,0,,67,1,2007,4,39.9684,-75.1296,24.0,6,0,0,0,0,0,0,0,0,1.0,0,0,0,0,3,1,7,,1,39 57:54.000,4.0,2,75 08:16.084,3,0,0,0,67301,0,0,0,N,0,0,0,1,67301,0,,2,9,,N,N,,0,,1,0,0,0,0,N,23,1,1,0,0,1,0,0,3,4,0,1,3,,N,,,,,,,,,,,
2007066208,1808.0,1,0,0,1,0,0,0,0,0,1,0,,67,5,2007,1,40.0814,-74.9762,1801.0,6,0,0,0,0,0,0,0,0,,0,0,0,99,1,1,2,,0,40 04:52.000,,0,74 58:34.416,4,0,0,0,67301,1,0,0,N,0,0,0,2,67301,1,,1,1,,N,N,,0,,0,0,0,3,2,,9999,1,2,0,0,0,0,0,3,4,0,1,3,,N,,,,,,,,,,,
2007066265,738.0,1,0,0,0,0,0,0,0,0,7,0,,67,5,2007,5,39.9831,-75.1367,735.0,6,0,0,0,0,0,1,0,0,3.0,0,0,0,7,1,1,0,,2,39 58:59.095,2.0,0,75 08:11.997,4,0,0,0,67301,0,0,0,,0,0,0,1,67301,1,,4,1,,,,,0,,0,0,0,0,0,Y,733,1,1,0,0,0,0,0,3,4,0,1,3,,N,,,,,,,,,,,
2007066285,2016.0,2,0,0,0,0,0,0,0,0,4,0,,67,5,2007,6,40.0395,-75.0458,2015.0,6,0,0,0,0,0,0,1,0,,0,0,0,20,4,5,1,,0,40 02:22.000,,0,75 02:44.910,3,0,0,0,67301,0,0,0,N,0,0,0,5,67301,4,,1,1,,N,N,,0,,1,0,0,3,2,,2010,5,3,0,0,0,0,0,3,4,1,3,3,,N,,,,,,,,,,,
2007066338,1726.0,2,0,0,0,0,0,0,0,0,4,0,,67,5,2007,3,39.9518,-75.2124,1726.0,6,0,0,0,0,0,0,0,0,,0,0,0,17,1,0,1,,0,39 57:06.454,,0,75 12:44.668,0,0,0,0,67301,0,0,0,N,0,0,0,3,67301,0,,1,1,,N,N,,0,,0,0,0,3,3,,1725,0,2,0,0,0,0,0,3,4,0,2,3,,N,,,,,,,,,,,
2007056417,851.0,0,0,0,0,0,0,0,0,0,8,0,,67,4,2007,7,39.9662,-75.2365,849.0,6,0,0,0,0,0,1,0,0,,0,0,0,8,1,1,2,,0,39 57:58.219,,0,75 14:11.475,4,0,0,0,67301,1,0,0,N,1,0,0,2,67301,1,,1,1,,N,N,,0,,0,0,0,0,0,,847,1,2,0,0,0,0,0,3,4,1,1,3,,N,,,,,,,,,,,
2007056429,1430.0,2,0,0,0,0,0,0,0,0,4,0,,67,3,2007,1,39.9777,-75.1834,1426.0,6,0,0,0,0,0,0,0,0,,0,0,0,14,1,1,1,,0,39 58:39.590,,0,75 11:00.268,8,0,0,0,67301,0,0,0,N,0,0,0,4,67301,0,,1,1,,N,N,,0,,0,0,0,3,3,,1420,1,2,0,0,0,1,0,3,4,0,2,3,,N,,,,,,,,,,,
2007056455,1243.0,1,0,0,0,0,0,0,0,0,1,0,,67,3,2007,6,,,1239.0,6,0,0,0,0,0,0,0,0,1.0,0,0,0,12,1,2,0,,2,,5.0,0,,8,0,0,0,67301,0,0,0,N,0,0,0,2,67301,0,,1,1,,N,N,,0,,0,0,1,0,0,Y,1235,2,2,0,0,1,2,0,3,3,0,2,3,,N,,,,,,,,,,,
2007056357,1833.0,0,0,0,0,0,0,0,0,0,4,0,,67,4,2007,6,40.0031,-75.1643,1830.0,6,0,0,0,0,0,1,0,0,,0,0,0,18,1,1,1,,0,40 00:11.000,,0,75 09:51.355,3,0,0,1,67301,0,0,0,,0,0,0,2,67301,0,,1,1,,,,,0,,1,0,0,3,2,,1830,1,2,0,0,0,0,0,3,4,1,2,3,,N,,,,,,,,,,,
2007056497,1801.0,1,0,0,0,0,0,0,0,0,8,0,,67,4,2007,2,39.9513,-75.1991,9999.0,6,0,0,0,0,0,0,0,0,,0,0,0,18,1,1,1,,0,39 57:04.796,,0,75 11:57.319,4,0,0,0,67301,1,0,0,N,1,0,0,2,67301,1,,1,9,,N,N,,0,,0,0,0,3,2,,1801,1,2,0,0,0,0,1,3,4,0,1,7,,N,,,,,,,,,,,
2007096320,1830.0,2,0,0,0,0,0,0,0,0,4,0,,67,8,2007,2,39.921,-75.1433,1826.0,6,0,0,0,0,0,1,0,0,,0,0,0,18,1,1,1,,0,39 55:15.000,,0,75 08:35.912,4,0,0,0,67301,0,0,0,N,0,0,0,2,67301,1,,1,1,,N,N,,0,,0,0,0,9,3,,1825,1,2,0,0,0,0,0,3,4,0,2,3,,N,,,,,,,,,,,
2007057484,1940.0,2,0,0,0,0,0,0,0,0,1,0,,67,4,2007,3,39.9917,-75.1001,1930.0,6,0,0,0,0,0,0,0,0,,0,0,0,19,4,1,0,,0,39 59:30.094,,7,75 06:00.523,4,0,0,0,67301,0,0,0,N,0,0,0,3,67301,1,,1,1,,N,N,,0,,0,0,0,0,0,,1915,1,2,0,0,0,0,0,3,4,0,2,3,,N,,,,,,,,,,,
2007098997,1723.0,0,0,0,0,0,0,0,0,0,7,0,,67,8,2007,1,40.0162,-75.2038,1723.0,6,0,0,0,0,0,0,0,0,1.0,0,0,0,17,1,0,0,,1,40 00:58.400,1.0,0,75 12:13.800,0,0,0,0,67301,0,0,0,Y,0,0,0,2,67301,0,,4,9,,N,N,,0,,0,0,1,0,0,N,1722,0,1,0,0,0,0,0,3,4,0,1,7,,N,,,,,,,,,,,
2007067377,420.0,1,0,0,0,0,0,0,0,0,7,0,,67,5,2007,4,40.0041,-75.1241,400.0,6,0,0,0,0,0,0,0,0,,0,0,0,4,3,1,0,,0,40 00:14.760,,0,75 07:26.748,4,0,0,0,67301,0,0,0,N,0,0,0,1,67301,1,,4,1,,N,N,,0,,0,0,0,0,0,,400,1,1,0,0,1,0,0,3,4,0,1,3,,N,,,,,,,,,,,
2007067190,1756.0,3,0,0,0,0,0,0,0,0,4,0,,67,5,2007,3,39.9571,-75.2083,1750.0,6,0,0,0,0,0,0,0,0,,0,0,0,17,1,6,1,,0,39 57:25.700,,0,75 12:29.800,8,0,0,0,67301,0,0,0,N,0,0,0,6,67301,0,,1,1,,N,N,,0,,0,0,0,3,3,,1745,6,3,0,0,0,6,0,3,4,0,3,3,,N,,,,,,,,,,,
2007067204,1910.0,0,0,0,0,0,0,0,0,0,7,0,,67,4,2007,3,40.006,-75.0862,1904.0,6,0,0,0,0,0,0,0,0,,0,0,0,18,1,1,0,,0,40 00:22.000,,0,75 05:10.797,4,0,0,0,67301,0,0,0,N,0,0,0,2,67301,1,,2,1,,N,N,,1,,0,0,0,0,0,,1845,1,1,0,0,0,0,0,3,4,0,1,3,,N,,,,,,,,,,,
2007067149,2210.0,0,0,0,0,0,0,0,0,0,7,0,,67,5,2007,2,39.9151,-75.1376,2208.0,6,0,0,0,0,0,0,0,0,,0,0,0,22,3,1,0,,0,39 54:54.000,,0,75 08:15.440,4,0,0,1,67301,0,0,0,N,0,0,0,1,67301,1,,3,1,,N,N,,0,,0,0,0,0,0,,2204,1,1,0,0,0,0,0,3,4,0,1,3,,N,,,,,,,,,,,
2007094985,1325.0,1,0,0,0,0,0,0,0,0,2,0,,67,8,2007,7,40.0454,-75.0608,1310.0,6,0,0,0,0,0,1,0,1,,0,0,0,13,1,4,1,,0,40 02:43.000,,0,75 03:38.725,8,0,0,0,67301,0,0,0,N,0,0,0,4,67301,0,,1,1,,N,N,,0,,0,0,1,3,2,,1300,4,2,0,0,0,4,0,3,4,0,2,3,,N,,,,,,,,,,,
2007097478,1241.0,1,0,0,0,0,0,0,0,0,0,0,,67,8,2007,7,39.9224,-75.2233,1230.0,6,0,0,0,0,0,0,0,0,,0,0,0,12,1,1,1,,0,39 55:20.000,,0,75 13:23.874,3,0,0,1,67301,0,0,0,N,0,0,0,1,67301,0,,2,1,,N,N,,0,,1,0,0,3,2,,1225,1,2,0,0,0,0,0,3,4,0,2,3,,N,,,,,,,,,,,
2007094997,1256.0,1,0,0,0,0,0,0,0,0,1,0,,67,8,2007,3,39.9945,-75.1986,1254.0,6,0,0,0,0,0,1,0,0,1.0,0,0,0,12,1,0,0,,2,39 59:43.000,3.0,0,75 11:51.942,0,0,0,0,67301,0,0,0,N,0,0,0,3,68K01,0,,1,1,,N,N,,0,,0,0,2,0,0,N,1250,0,3,0,0,0,0,0,3,4,0,3,3,,N,,,,,,,,,,,
2007095038,1830.0,0,0,0,0,0,0,0,0,0,8,0,,67,7,2007,1,40.0156,-75.1487,1815.0,6,0,0,0,0,0,0,0,0,,0,0,0,99,1,1,0,,0,40 00:56.052,,0,75 08:55.363,3,0,0,0,67301,1,0,0,,1,0,0,2,67301,0,,1,1,,N,N,,0,,1,0,1,0,0,,9999,1,2,0,0,0,0,0,3,4,0,1,3,,N,,,,,,,,,,,
2007120535,2048.0,0,0,0,0,0,0,0,0,0,4,0,,67,10,2007,2,39.9324,-75.2275,2044.0,6,0,0,0,0,0,0,0,0,,0,0,0,20,3,1,0,,0,39 55:56.641,,0,75 13:38.977,2,0,0,0,67301,1,0,1,Y,1,0,1,2,67301,0,,1,1,,N,N,,0,,0,1,0,0,0,,2040,1,2,0,0,0,0,1,3,4,0,1,3,,N,,,,,,,,,,,
2007107107,27.0,2,0,0,0,0,0,0,0,0,4,0,,67,9,2007,7,39.9835,-75.1156,25.0,6,0,0,1,0,0,0,0,0,,0,0,0,0,3,2,1,,0,39 59:00.000,,0,75 06:56.040,3,0,0,0,67301,0,0,0,N,0,0,0,4,67301,0,,1,9,,N,N,,0,,2,0,0,3,2,,24,2,2,0,0,0,0,0,3,4,0,2,7,,N,,,,,,,,,,,
2007082921,200.0,1,0,0,0,0,0,0,0,0,7,0,,67,6,2007,6,40.0308,-75.1581,200.0,6,0,0,0,0,0,0,0,0,,0,0,0,2,3,0,2,,0,40 01:50.880,,0,75 09:29.185,9,0,0,0,67301,0,0,0,,0,0,0,3,67301,0,,2,1,,,,,0,,0,0,0,9,3,,200,0,1,0,0,1,0,3,3,4,0,1,3,,N,,,,,,,,,,,
2007082931,1646.0,1,0,0,0,0,0,0,0,0,7,0,,67,6,2007,3,39.9427,-75.2392,1640.0,6,0,0,0,0,0,0,0,0,,0,0,0,16,1,0,0,,0,39 56:33.000,,0,75 14:21.141,0,0,0,0,67301,0,0,0,Y,0,0,0,2,67301,0,,4,9,,N,N,,0,,0,0,0,0,0,,1632,0,1,0,0,0,0,0,3,4,0,1,7,,N,,,,,,,,,,,
2007080424,2015.0,0,0,0,0,0,0,0,0,0,8,0,,67,6,2007,2,40.0926,-74.9657,2010.0,6,0,0,0,0,0,0,0,0,,0,0,0,10,1,1,0,,0,40 05:33.396,,0,74 57:56.577,2,0,0,0,67301,1,0,1,N,1,0,1,2,67301,0,,1,98,,N,N,,1,,0,1,0,0,0,,1030,1,2,0,0,0,0,0,3,4,0,1,3,,N,,,,,,,,,,,