CRN,ARRIVAL_TM,AUTOMOBILE_COUNT,BELTED_DEATH_COUNT,BELTED_SUSP_SERIOUS_INJ_COUNT,BICYCLE_COUNT,BICYCLE_DEATH_COUNT,BICYCLE_SUSP_SERIOUS_INJ_COUNT,BUS_COUNT,CHLDPAS_DEATH_COUNT,CHLDPAS_SUSP_SERIOUS_INJ_COUNT,COLLISION_TYPE,COMM_VEH_COUNT,CONS_ZONE_SPD_LIM,COUNTY,CRASH_MONTH,CRASH_YEAR,DAY_OF_WEEK,DEC_LAT,DEC_LONG,DISPATCH_TM,DISTRICT,DRIVER_COUNT_16YR,DRIVER_COUNT_17YR,DRIVER_COUNT_18YR,DRIVER_COUNT_19YR,DRIVER_COUNT_20YR,DRIVER_COUNT_50_64YR,DRIVER_COUNT_65_74YR,DRIVER_COUNT_75PLUS,EST_HRS_CLOSED,FATAL_COUNT,HEAVY_TRUCK_COUNT,HORSE_BUGGY_COUNT,HOUR_OF_DAY,ILLUMINATION,INJURY_COUNT,INTERSECT_TYPE,INTERSECTION_RELATED,LANE_CLOSED,LATITUDE,LN_CLOSE_DIR,LOCATION_TYPE,LONGITUDE,MAX_SEVERITY_LEVEL,MCYCLE_DEATH_COUNT,MCYCLE_SUSP_SERIOUS_INJ_COUNT,MOTORCYCLE_COUNT,MUNICIPALITY,NONMOTR_COUNT,NONMOTR_DEATH_COUNT,NONMOTR_SUSP_SERIOUS_INJ_COUNT,NTFY_HIWY_MAINT,PED_COUNT,PED_DEATH_COUNT,PED_SUSP_SERIOUS_INJ_COUNT,PERSON_COUNT,POLICE_AGCY,POSSIBLE_INJ_COUNT,RDWY_SURF_TYPE_CD,RELATION_TO_ROAD,ROAD_CONDITION,ROADWAY_CLEARED,SCH_BUS_IND,SCH_ZONE_IND,SECONDARY_CRASH,SMALL_TRUCK_COUNT,SPEC_JURIS_CD,SUSP_MINOR_INJ_COUNT,SUSP_SERIOUS_INJ_COUNT,SUV_COUNT,TCD_FUNC_CD,TCD_TYPE,TFC_DETOUR_IND,TIME_OF_DAY,TOT_INJ_COUNT,TOTAL_UNITS,UNB_DEATH_COUNT,UNB_SUSP_SERIOUS_INJ_COUNT,UNBELTED_OCC_COUNT,UNK_INJ_DEG_COUNT,UNK_INJ_PER_COUNT,URBAN_AREA,URBAN_RURAL,VAN_COUNT,VEHICLE_COUNT,WEATHER1,WEATHER2,WORK_ZONE_IND,WORK_ZONE_LOC,WORK_ZONE_TYPE,WORKERS_PRES,WZ_CLOSE_DETOUR,WZ_FLAGGER,WZ_LAW_OFFCR_IND,WZ_LN_CLOSURE,WZ_MOVING,WZ_OTHER,WZ_SHLDER_MDN,WZ_WORKERS_INJ_KILLED
2007080482,1440.0,1,0,0,0,0,0,0,0,0,8,0,,67,6,2007,6,40.0191,-75.074,1434.0,6,0,0,0,0,0,0,0,0,,0,0,0,14,1,1,0,,0,40 01:08.875,,0,75 04:26.317,4,0,0,0,67301,1,0,0,N,1,0,0,2,67301,1,,1,1,,N,N,,0,,0,0,0,0,0,,1430,1,2,0,0,0,0,0,3,4,0,1,3,,N,,,,,,,,,,,
2007027884,137.0,1,0,0,0,0,0,0,0,0,7,0,,67,1,2007,1,40.0942,-75.0308,124.0,6,0,0,0,0,0,0,0,0,,0,0,0,99,3,1,2,,0,40 05:38.000,,0,75 01:51.915,3,0,0,0,67301,0,0,0,N,0,0,0,1,67301,0,,5,9,,N,N,,0,,1,0,0,3,2,,9999,1,1,0,0,0,0,0,3,4,0,1,7,,N,,,,,,,,,,,
2007027938,1420.0,2,0,0,0,0,0,0,0,0,1,0,,67,1,2007,7,39.9394,-75.1966,1410.0,6,0,0,0,0,0,0,0,0,1.0,0,0,0,14,1,0,0,,1,39 56:28.000,4.0,0,75 11:40.577,0,0,0,0,67301,0,0,0,N,0,0,0,2,67301,0,,1,9,,N,N,,0,,0,0,0,0,0,Y,1405,0,2,0,0,0,0,0,3,4,0,2,3,,N,,,,,,,,,,,
2007117227,2019.0,1,0,0,0,0,0,0,0,0,4,0,,67,9,2007,6,40.0207,-75.1486,2004.0,6,0,0,0,0,0,1,0,0,,0,0,0,17,4,2,2,,0,40 01:14.000,,0,75 08:55.162,3,0,0,0,67301,0,0,0,,0,0,0,3,67301,0,,1,1,,N,N,,0,,2,0,0,0,0,,1700,2,2,0,0,0,0,0,3,4,1,2,3,,N,,,,,,,,,,,
2007047546,1456.0,2,0,0,0,0,0,0,0,0,1,0,,67,3,2007,2,39.9456,-75.1423,1451.0,6,0,0,0,0,0,1,0,0,1.0,0,0,0,14,1,1,0,,2,39 56:46.680,1.0,0,75 08:31.920,3,0,0,0,67301,0,0,0,N,0,0,0,2,67301,0,,2,1,,N,N,,0,,1,0,0,0,0,N,1445,1,2,0,0,0,0,0,3,4,0,2,3,,N,,,,,,,,,,,
2007047698,9999.0,2,0,0,0,0,0,0,0,0,4,0,,67,2,2007,4,40.0316,-75.2076,9999.0,6,0,0,1,0,0,0,0,0,1.0,0,0,0,99,1,3,1,,1,40 01:53.000,1.0,0,75 12:27.524,4,0,0,0,67301,0,0,0,N,0,0,0,4,67301,1,,1,6,,N,N,,0,,0,0,0,3,2,N,9999,3,2,0,0,0,2,1,3,4,0,2,3,,N,,,,,,,,,,,
2007067609,1423.0,3,0,0,0,0,0,0,0,0,1,1,,67,5,2007,2,39.949,-75.1849,1353.0,6,0,0,0,0,0,1,0,0,1.0,0,1,0,13,1,1,0,,2,39 57:00.000,4.0,0,75 11:00.234,4,0,0,0,67301,0,0,0,N,0,0,0,5,68K01,1,,1,1,,N,N,,0,,0,0,1,0,0,N,1348,1,5,0,0,0,0,0,3,4,0,5,3,,N,,,,,,,,,,,
2007067828,1035.0,0,0,0,0,0,0,0,0,0,0,1,,67,4,2007,4,40.1063,-74.995,1024.0,6,0,0,0,0,0,1,0,0,4.0,0,1,0,9,1,0,6,,2,40 06:22.000,3.0,2,74 59:41.840,0,0,0,0,67301,0,0,0,Y,0,0,0,1,67301,0,,1,1,,N,N,,0,,0,0,0,0,0,Y,930,0,1,0,0,0,0,0,3,4,0,1,3,,N,,,,,,,,,,,
2007067853,1723.0,3,0,0,0,0,0,0,0,0,1,0,,67,5,2007,2,39.9463,-75.2437,1722.0,6,0,0,0,0,0,0,0,0,1.0,0,0,0,99,1,5,0,,1,39 56:46.000,3.0,0,75 14:37.365,8,0,0,0,67301,0,0,0,N,0,0,0,6,67301,0,,1,1,,N,N,,0,,0,0,1,0,0,Y,9999,5,4,0,0,0,5,0,3,4,0,4,3,,N,,,,,,,,,,,
2007067903,1625.0,2,0,0,0,0,0,0,0,0,1,0,,67,5,2007,7,39.9063,-75.2237,1625.0,6,0,0,0,0,0,1,0,1,,0,0,0,16,1,1,0,,0,39 54:26.000,,0,75 13:24.025,4,0,0,0,67301,0,0,0,,0,0,0,3,67301,1,,1,1,,,,,1,,0,0,0,0,0,,1625,1,3,0,0,0,0,0,3,4,0,3,3,,N,,,,,,,,,,,
2007112036,1925.0,2,0,0,0,0,0,0,0,0,4,0,,67,9,2007,6,40.0272,-75.1835,1915.0,6,0,0,0,0,0,0,0,0,1.0,0,0,0,18,3,1,2,,1,40 01:38.000,2.0,0,75 11:00.637,4,0,0,0,67301,0,0,0,,0,0,0,4,67301,1,,1,1,,,,,0,,0,0,0,3,2,N,1850,1,2,0,0,1,0,0,3,4,0,2,3,,N,,,,,,,,,,,
2007047791,231.0,6,0,0,0,0,0,0,0,0,1,0,,67,3,2007,7,39.9197,-75.2026,230.0,6,0,1,1,0,0,2,0,0,3.0,0,0,0,2,3,13,0,,2,39 55:11.000,4.0,3,75 12:09.543,4,0,0,0,67301,0,0,0,N,0,0,0,15,67301,13,,1,1,,N,N,,1,,0,0,2,3,2,Y,215,13,9,0,0,0,0,2,3,4,0,9,3,,N,,,,,,,,,,,
2007047895,337.0,8,0,0,0,0,0,0,0,0,1,0,,67,2,2007,1,40.0072,-75.1315,337.0,6,0,0,0,0,0,0,0,0,,0,0,0,99,3,0,0,,0,40 00:25.966,,0,75 07:53.346,9,0,0,0,67301,0,0,0,N,0,0,0,1,67301,0,,1,1,,N,N,,0,,0,0,0,0,0,,9999,0,8,0,0,0,0,1,3,4,0,8,3,,N,,,,,,,,,,,
2007127659,1348.0,1,0,0,0,0,0,0,0,0,4,0,,67,10,2007,1,40.0404,-75.0655,1347.0,6,0,0,0,0,0,0,0,0,1.0,0,0,0,13,1,2,5,,1,40 02:25.000,2.0,0,75 03:55.923,8,0,0,0,67301,0,0,0,N,0,0,0,3,67301,0,,1,1,,N,N,,0,,0,0,1,3,2,N,1345,2,2,0,0,0,2,0,3,4,0,2,3,,N,,,,,,,,,,,
2007127667,1941.0,1,0,0,0,0,0,0,0,0,8,0,,67,10,2007,7,40.0,-75.1531,1939.0,6,0,0,0,0,0,0,0,0,,0,0,0,99,2,1,1,,0,39 59:59.000,,0,75 09:11.322,3,0,0,0,67301,1,0,0,N,1,0,0,2,67301,0,,2,1,,N,N,,0,,1,0,0,3,2,,9999,1,2,0,0,0,0,1,3,4,0,1,3,,N,,,,,,,,,,,
2007022313,510.0,0,0,0,0,0,0,0,0,0,8,0,,67,1,2007,5,39.9917,-75.1129,509.0,6,0,0,0,0,0,0,0,0,,0,0,0,99,4,1,0,,0,39 59:30.000,,0,75 06:46.558,4,0,0,0,67301,1,0,0,N,1,0,0,2,67301,1,,1,1,,N,N,,1,,0,0,0,3,2,,9999,1,2,0,0,0,0,0,3,4,0,1,3,,N,,,,,,,,,,,
2007027553,1241.0,2,0,0,0,0,0,0,0,0,6,0,,67,1,2007,4,39.9354,-75.1771,1236.0,6,0,0,0,0,0,0,0,0,,0,0,0,12,1,4,1,,0,39 56:07.368,,0,75 10:37.621,8,0,0,0,67301,0,0,0,,0,0,0,5,67301,0,,1,1,,,,,0,,0,0,0,3,3,,1236,4,2,0,0,3,4,1,3,4,0,2,3,,N,,,,,,,,,,,
2007022494,1115.0,2,0,0,0,0,0,0,0,0,4,0,,67,1,2007,1,39.9796,-75.2535,1110.0,6,0,0,0,0,0,0,0,0,,0,0,0,11,1,1,1,,0,39 58:46.408,,0,75 15:12.527,8,0,0,0,67301,0,0,0,N,0,0,0,3,67301,0,,1,1,,,N,,0,,0,0,0,3,3,,1105,1,2,0,0,0,1,0,3,4,0,2,3,,N,,,,,,,,,,,
2007027501,456.0,0,0,0,0,0,0,0,0,0,7,0,,67,1,2007,2,40.067,-75.0513,452.0,6,0,0,0,0,0,0,0,0,,0,0,0,4,3,2,3,,0,40 04:01.000,,0,75 03:04.495,8,0,0,0,67301,0,0,0,N,0,0,0,2,67301,0,,5,9,,N,N,,0,,0,0,1,0,0,,444,2,1,0,0,0,2,0,3,4,0,1,7,,N,,,,,,,,,,,
2007027544,1645.0,1,0,0,0,0,0,0,0,0,4,0,,67,1,2007,3,39.9385,-75.1852,1643.0,6,0,0,0,0,0,0,0,0,,0,0,0,16,1,1,1,,0,39 56:18.628,,0,75 11:06.863,3,0,0,0,67301,0,0,0,N,0,0,0,2,67301,0,,1,1,,N,N,,1,,1,0,0,0,0,,1643,1,2,0,0,0,0,0,3,4,0,2,3,,N,,,,,,,,,,,
2007027573,640.0,2,0,0,0,0,0,0,0,0,4,0,,67,1,2007,4,39.981,-75.2243,635.0,6,0,0,0,0,0,0,0,0,,0,0,0,6,3,3,2,,0,39 58:51.000,,0,75 13:27.645,3,0,0,0,67301,0,0,0,,0,0,0,3,67301,0,,1,1,,,,,0,,3,0,0,3,3,,630,3,2,0,0,0,0,0,3,4,0,2,3,,N,,,,,,,,,,,
2007027718,1633.0,1,0,0,0,0,0,0,0,0,2,0,,67,1,2007,6,40.0231,-75.124,1632.0,6,0,0,0,0,0,1,0,0,,0,0,0,99,1,1,1,,0,40 01:23.210,,0,75 07:26.428,4,0,0,0,67301,0,0,0,N,0,0,0,3,67301,1,,1,9,,N,N,,1,,0,0,0,3,3,,9999,1,2,0,0,0,0,0,3,4,0,2,7,,N,,,,,,,,,,,
2007066247,1617.0,1,0,0,0,0,0,0,0,0,4,0,,67,4,2007,2,39.9738,-75.2064,1617.0,6,0,0,0,0,0,2,0,0,,0,0,0,16,1,2,1,,0,39 58:25.000,,0,75 12:23.186,4,0,0,0,67301,0,0,0,N,0,0,0,3,67301,1,,1,1,,N,N,,0,,0,0,1,3,2,,1612,2,2,0,0,0,1,0,3,4,0,2,3,,N,,,,,,,,,,,
2007066278,1333.0,2,0,0,0,0,0,0,0,0,2,0,,67,4,2007,5,39.9695,-75.1396,1330.0,6,0,0,0,0,0,1,0,0,,0,0,0,13,1,1,1,,0,39 58:10.000,,0,75 08:22.538,4,0,0,0,67301,0,0,0,N,0,0,0,3,67301,1,,1,1,,N,N,,0,,0,0,0,3,2,,1330,1,2,0,0,0,0,0,3,4,0,2,3,,N,,,,,,,,,,,
2007066325,1718.0,1,0,0,0,0,0,0,0,0,4,0,,67,5,2007,1,40.077,-74.9889,1712.0,6,0,1,0,0,0,0,0,0,,0,0,0,17,1,1,2,,0,40 04:37.250,,0,74 59:20.007,3,0,0,1,67301,0,0,0,N,0,0,0,3,67301,0,,1,1,,N,N,,0,,1,0,0,3,3,,1705,1,2,0,0,0,0,0,3,4,0,2,3,,N,,,,,,,,,,,
2007056428,2115.0,1,0,0,0,0,0,0,0,0,2,0,,67,4,2007,3,40.0741,-75.1584,2111.0,6,0,0,0,0,0,0,0,0,,0,0,0,21,3,0,1,,0,40 04:26.865,,0,75 09:30.131,0,0,0,0,67301,0,0,0,N,0,0,0,3,67301,0,,1,9,,N,N,,0,,0,0,0,3,2,,2111,0,2,0,0,0,0,0,3,4,1,2,7,,N,,,,,,,,,,,
2007056608,2355.0,1,0,0,0,0,0,0,0,0,7,0,,67,4,2007,1,40.0371,-75.0868,2352.0,6,0,0,0,0,0,0,0,0,2.0,0,0,0,23,3,1,2,,2,40 02:13.513,2.0,0,75 05:12.544,8,0,0,0,67301,0,0,0,N,0,0,0,1,67301,0,,2,9,,N,N,,0,,0,0,0,3,3,Y,2350,1,1,0,0,0,1,0,3,4,0,1,7,,N,,,,,,,,,,,
2007048849,1425.0,0,0,0,0,0,0,0,0,0,1,0,,67,2,2007,4,40.0,-75.1405,1422.0,6,0,0,0,0,0,0,0,0,,0,0,0,14,1,2,1,,0,40 00:00.000,,0,75 08:25.773,4,0,0,0,67301,0,0,0,N,0,0,0,4,67301,1,,1,1,,N,N,,0,,0,0,3,3,2,,1415,2,3,0,0,0,1,0,3,4,0,3,3,,N,,,,,,,,,,,
2007057419,2215.0,1,0,0,0,0,0,0,0,0,7,0,,67,4,2007,1,39.9732,-75.2122,9999.0,6,0,0,0,0,0,0,0,0,2.0,0,0,0,22,3,0,0,,2,39 58:23.000,3.0,0,75 12:43.643,0,0,0,0,67301,0,0,0,N,0,0,0,1,67301,0,,1,9,,N,N,,0,,0,0,0,0,0,Y,2200,0,1,0,0,0,0,0,3,4,0,1,7,,N,,,,,,,,,,,
2007057420,840.0,1,0,0,0,0,0,0,0,0,4,0,,67,4,2007,6,39.9732,-75.2122,830.0,6,0,0,0,0,0,1,0,0,,0,0,0,8,1,1,1,,0,39 58:23.000,,0,75 12:43.721,4,0,0,0,67301,0,0,0,N,0,0,0,2,67301,1,,1,1,,N,N,,0,,0,0,0,3,2,,827,1,2,0,0,0,0,0,3,4,0,2,3,,N,,,,,,,,,,,
2007067492,1158.0,2,0,0,0,0,0,0,0,0,1,0,,67,5,2007,4,,,1155.0,6,0,0,0,0,0,0,0,0,,0,0,0,11,1,0,0,,0,,,0,,9,0,0,0,67301,0,0,0,N,0,0,0,2,67301,0,,1,1,,N,N,,0,,0,0,0,0,0,,1154,0,2,0,0,0,0,1,3,3,0,2,3,,N,,,,,,,,,,,
2007098973,1412.0,1,0,0,0,0,0,0,0,0,4,0,,67,8,2007,4,40.094,-74.9717,1407.0,6,0,0,0,0,0,0,1,0,,0,0,0,14,1,1,0,,0,40 05:38.385,,0,74 58:18.087,4,0,0,0,67301,0,0,0,N,0,0,0,2,67301,1,,1,1,,N,N,,0,,0,0,0,0,0,,1405,1,2,0,0,0,0,0,3,4,0,2,3,,N,,,,,,,,,,,
2007067289,135.0,1,0,0,0,0,0,0,0,0,7,0,,67,5,2007,1,39.9881,-75.0889,130.0,6,0,0,0,0,0,0,0,0,2.0,0,0,0,1,3,1,0,,2,39 59:17.160,1.0,0,75 05:19.680,4,0,0,0,67301,0,0,0,Y,0,0,0,1,67301,1,,3,9,,N,N,,0,,0,0,0,0,0,N,130,1,1,0,0,1,0,0,3,4,0,1,7,,N,,,,,,,,,,,
2007057225,2138.0,1,0,0,0,0,0,0,0,0,4,0,,67,4,2007,2,40.037,-75.0365,2137.0,6,0,0,0,0,0,1,0,0,,0,0,0,21,3,2,1,,0,40 02:13.142,,0,75 02:11.345,4,0,0,0,67301,0,0,0,N,0,0,0,4,67301,2,,1,1,,N,N,,0,,0,0,1,9,3,,2134,2,2,0,0,0,0,0,3,4,0,2,3,,N,,,,,,,,,,,
2007067100,1259.0,1,0,0,0,0,0,0,0,0,4,1,,67,3,2007,2,40.0312,-75.0217,1246.0,6,0,0,0,0,0,0,0,0,,0,1,0,12,1,1,1,,0,40 01:52.000,,0,75 01:18.461,8,0,0,0,67301,0,0,0,Y,0,0,0,2,67301,0,,1,1,,,,,0,,0,0,0,3,2,,1244,1,2,0,0,0,1,0,3,4,0,2,3,,N,,,,,,,,,,,
2007099153,815.0,1,0,0,0,0,0,0,0,0,0,0,,67,8,2007,2,40.0819,-75.22,810.0,6,0,0,0,0,0,1,0,0,,0,0,0,8,1,1,0,,0,40 04:55.000,,0,75 13:11.900,4,0,0,0,67301,0,0,0,N,0,0,0,1,67301,1,,1,9,,N,N,,0,,0,0,0,0,0,,800,1,1,0,0,0,0,0,3,4,0,1,7,,N,,,,,,,,,,,
2007054888,1817.0,3,0,0,0,0,0,0,0,0,1,0,,67,4,2007,7,39.9838,-75.2083,1812.0,6,0,0,0,0,0,1,1,0,2.0,0,0,0,18,1,1,0,,2,39 59:05.759,3.0,0,75 12:30.047,4,0,0,0,67301,0,0,0,N,0,0,0,4,68K01,1,,1,1,,N,N,,0,,0,0,0,0,0,N,1809,1,3,0,0,0,0,0,3,4,0,3,3,,N,,,,,,,,,,,
2007029242,1437.0,2,0,0,0,0,0,0,0,0,2,0,,67,1,2007,3,39.9718,-75.126,1435.0,6,0,0,0,1,0,0,1,0,,0,0,0,14,1,3,1,,0,39 58:18.000,,0,75 07:32.114,4,0,0,0,67301,0,0,0,,0,0,0,4,67301,3,,1,1,,N,N,,0,,0,0,0,0,0,,1432,3,2,0,0,3,0,0,3,4,0,2,3,,N,,,,,,,,,,,
2007026863,1345.0,1,0,0,0,0,0,0,0,0,2,0,,67,1,2007,2,39.9966,-75.1755,1330.0,6,0,0,0,0,0,1,0,0,1.0,0,0,0,13,1,0,1,,1,39 59:47.000,4.0,0,75 10:31.898,0,0,0,0,67301,0,0,0,N,0,0,0,3,67301,0,,1,9,,N,N,,0,,0,0,1,3,2,N,1330,0,2,0,0,1,0,0,3,4,0,2,3,,N,,,,,,,,,,,
2007100029,1625.0,1,0,0,0,0,0,0,0,0,2,0,,67,9,2007,7,39.908,-75.1549,1625.0,6,0,0,0,0,0,1,0,0,,0,0,0,99,1,1,0,,0,39 54:28.977,,0,75 09:17.653,8,0,0,0,67301,0,0,0,,0,0,0,3,67301,0,,1,1,,,,,0,,0,0,1,0,0,,9999,1,2,0,0,0,1,2,3,4,0,2,3,,N,,,,,,,,,,,
2007099606,1835.0,1,0,0,0,0,0,0,0,0,1,0,,67,8,2007,2,39.9877,-75.2162,1830.0,6,0,0,0,0,0,0,0,0,1.0,0,0,0,18,1,0,2,,1,39 59:15.000,2.0,0,75 12:58.441,0,0,0,0,67301,0,0,0,N,0,0,0,3,67301,0,,1,9,,N,N,,0,,0,0,2,3,2,N,1830,0,3,0,0,0,0,0,3,4,0,3,7,,N,,,,,,,,,,,
2007099651,1345.0,2,0,0,0,0,0,0,0,0,4,0,,67,8,2007,7,39.9412,-75.2095,1342.0,6,0,0,0,0,0,0,0,0,,0,0,0,13,1,1,1,,0,39 56:28.000,,0,75 12:34.110,4,0,0,0,67301,0,0,0,N,0,0,0,3,67301,1,,1,9,,N,N,,1,,0,0,0,3,2,,1342,1,3,0,0,0,0,2,3,4,0,3,3,,N,,,,,,,,,,,
2007095084,9999.0,2,0,0,0,0,0,0,0,0,4,0,,67,8,2007,2,40.0616,-75.0519,1050.0,6,0,0,0,0,0,0,1,1,,0,0,0,10,1,1,0,,0,40 03:41.000,,0,75 03:06.702,4,0,0,0,67301,0,0,0,N,0,0,0,2,67301,1,,1,9,,N,N,,0,,0,0,0,0,0,,1030,1,2,0,0,0,0,0,3,4,0,2,7,,N,,,,,,,,,,,
2007092893,20.0,3,0,0,0,0,0,0,0,0,6,0,,67,7,2007,6,40.1156,-75.0277,14.0,6,0,0,0,1,0,0,0,0,,0,0,0,0,3,2,0,,0,40 06:56.167,,0,75 01:39.709,4,0,0,0,67301,0,0,0,N,0,0,0,3,67301,2,,1,9,,N,N,,0,,0,0,0,0,0,,0,2,3,0,0,0,0,0,3,4,0,3,7,,N,,,,,,,,,,,
2007120470,1201.0,1,0,0,0,0,0,0,0,0,5,0,,67,10,2007,3,39.9836,-75.2081,1150.0,6,0,0,0,0,0,0,1,0,,0,0,0,11,1,0,0,,0,39 59:05.000,,0,75 12:29.580,0,0,0,0,67301,0,0,0,N,0,0,0,4,68K01,0,,1,1,,N,N,,1,,0,0,0,0,0,,1145,0,3,0,0,0,0,0,3,4,1,3,3,,N,,,,,,,,,,,
2007120624,1530.0,2,0,0,0,0,0,0,0,0,4,0,,67,10,2007,6,40.0268,-75.1252,1530.0,6,0,0,0,0,0,0,0,0,,0,0,0,15,1,1,2,,0,40 01:36.591,,0,75 07:30.698,4,0,0,0,67301,1,0,0,N,1,0,0,3,67301,1,,1,1,,N,Y,,0,,0,0,0,0,0,,1500,1,3,0,0,0,0,1,3,4,0,2,3,,N,,,,,,,,,,,
2007120664,719.0,0,0,0,0,0,0,0,0,0,4,0,,67,10,2007,2,39.98,-75.1161,715.0,6,0,0,0,0,0,0,1,0,,0,0,0,7,3,3,1,,0,39 58:48.000,,0,75 06:57.922,4,0,0,0,67301,0,0,0,N,0,0,0,3,67301,3,,1,1,,N,N,,0,,0,0,0,0,0,,710,3,2,0,0,0,0,0,3,4,2,2,3,,N,,,,,,,,,,,
2007107109,500.0,1,0,0,0,0,0,0,0,0,4,0,,67,9,2007,2,39.9918,-75.1127,1.0,6,0,0,0,0,0,0,0,0,,0,0,0,23,3,1,1,,0,39 59:30.000,,0,75 06:46.002,8,0,0,0,67301,0,0,0,,0,0,0,2,67301,0,,1,1,,N,N,,0,,0,0,1,9,2,,2330,1,2,0,0,0,1,1,3,4,0,2,3,,N,,,,,,,,,,,
2007082934,1235.0,1,0,0,0,0,0,1,0,0,1,1,,67,6,2007,1,40.0059,-75.1135,1215.0,6,0,0,0,0,0,0,0,0,,0,0,0,11,1,1,1,,0,40 00:21.351,,0,75 06:48.588,3,0,0,0,67301,0,0,0,N,0,0,0,2,67301,0,,1,1,,N,N,,0,,1,0,0,3,2,,1145,1,2,0,0,0,0,0,3,4,0,2,3,,N,,,,,,,,,,,
2007082937,440.0,1,0,0,0,0,0,0,0,0,7,0,,67,6,2007,2,40.101,-75.0247,436.0,6,0,0,1,0,0,0,0,0,,0,0,0,4,3,1,0,,0,40 06:03.736,,0,75 01:28.913,8,0,0,0,67301,0,0,0,N,0,0,0,1,67301,0,,2,9,,N,N,,0,,0,0,0,0,0,,436,1,1,0,0,1,1,0,3,4,0,1,7,,N,,,,,,,,,,,
2007119702,559.0,0,0,0,0,0,0,0,0,0,1,2,,67,10,2007,4,39.9379,-75.1983,550.0,6,0,0,0,0,0,0,0,2,1.0,0,2,0,5,3,1,0,,1,39 56:21.000,3.0,0,75 11:48.193,3,0,0,0,67301,0,0,0,N,0,0,0,3,68K01,0,,1,1,,N,N,,0,,1,0,1,0,0,N,547,1,3,0,0,0,0,0,3,4,0,3,3,,N,,,,,,,,,,,
2007120703,2231.0,0,0,0,0,0,0,0,0,0,4,0,,67,10,2007,7,39.9554,-75.1943,2222.0,6,0,0,0,0,0,0,0,0,,0,0,0,22,3,1,0,,0,39 57:19.401,,7,75 11:39.551,4,0,0,0,67301,0,0,0,N,0,0,0,2,67301,1,,1,1,,N,N,,0,,0,0,1,0,0,,2205,1,2,0,0,0,0,1,3,4,0,2,3,,N,,,,,,,,,,,
2007112119,3.0,3,0,0,0,0,0,0,0,0,4,0,,67,9,2007,7,39.9614,-75.1482,2.0,6,0,0,0,0,0,0,0,0,3.0,0,0,0,0,3,2,1,,2,39 57:40.000,6.0,0,75 08:53.475,3,0,0,0,67301,0,0,0,N,0,0,0,2,67301,1,,5,1,,N,N,,0,,1,0,0,3,2,Y,2,2,3,0,0,0,0,0,3,4,0,3,3,,N,,,,,,,,,,,
2007047541,2005.0,0,0,0,0,0,0,1,0,0,8,1,,67,3,2007,1,39.9618,-75.2265,2000.0,6,0,0,0,0,0,0,1,0,,0,0,0,19,4,1,1,,0,39 57:42.562,,0,75 13:35.561,3,0,0,0,67301,1,0,0,,1,0,0,2,67301,0,,1,6,,,,,0,,1,0,0,9,3,,1959,1,2,0,0,0,0,0,3,4,0,1,10,,N,,,,,,,,,,,
2007047642,1633.0,4,0,0,0,0,0,0,0,0,1,0,,67,2,2007,1,40.0367,-75.1447,1629.0,6,0,0,0,0,0,0,0,1,2.0,0,0,0,16,1,3,0,,1,40 02:11.991,1.0,0,75 08:40.797,8,0,0,0,67301,0,0,0,N,0,0,0,3,67301,0,,6,7,,N,N,,0,,0,0,0,3,2,Y,1626,3,4,0,0,0,3,0,3,4,0,4,10,,N,,,,,,,,,,,
2007047675,1335.0,1,0,0,0,0,0,0,0,0,8,0,,67,2,2007,7,39.9973,-75.1803,1330.0,6,0,0,0,0,0,0,0,0,,0,0,0,15,1,1,1,,0,39 59:50.000,,0,75 10:48.932,4,0,0,0,67301,1,0,0,N,1,0,0,2,67301,1,,1,1,,N,N,,0,,0,0,0,0,0,,1500,1,2,0,0,0,0,1,3,4,0,1,3,,N,,,,,,,,,,,
2007067600,2243.0,1,0,0,0,0,0,0,0,0,8,0,,67,4,2007,1,39.9566,-75.198,2236.0,6,0,0,0,0,0,0,0,0,,0,0,0,22,3,1,1,,0,39 57:23.000,,0,75 11:52.879,4,0,0,0,67301,1,0,0,,1,0,0,2,67504,1,,1,1,,,,,0,,0,0,0,9,2,,2231,1,2,0,0,0,0,1,3,4,0,1,3,,N,,,,,,,,,,,
2007067957,1535.0,2,0,0,0,0,0,0,0,0,1,0,,67,4,2007,2,40.0774,-75.0243,1530.0,6,0,0,0,0,0,2,0,0,,0,0,0,15,1,1,0,,0,40 04:38.600,,0,75 01:27.400,4,0,0,0,67301,0,0,0,N,0,0,0,5,67301,1,,1,1,,N,N,,0,,0,0,0,0,0,,1527,1,2,0,0,0,0,0,3,4,0,2,99,,N,,,,,,,,,,,
2007107564,140.0,1,0,0,0,0,0,0,0,0,1,0,,67,8,2007,5,39.9465,-75.2259,131.0,6,0,0,0,0,0,0,0,0,,0,0,0,1,3,1,0,,0,39 56:47.400,,0,75 13:33.400,8,0,0,1,67301,0,0,0,,0,0,0,1,67301,0,,1,1,,,,,0,,0,0,0,0,0,,130,1,2,0,0,0,1,0,3,4,0,2,3,,N,,,,,,,,,,,
2007107760,645.0,1,0,0,0,0,0,0,0,0,4,1,,67,9,2007,4,39.9652,-75.1376,638.0,6,0,0,0,0,0,0,1,0,1.0,0,1,0,6,1,1,0,,1,39 57:50.000,2.0,0,75 08:18.981,8,0,0,0,67301,0,0,0,N,0,0,0,4,67301,0,,1,1,,N,N,,0,,0,0,1,0,0,N,635,1,3,0,0,0,1,0,3,4,0,3,3,,N,,,,,,,,,,,