CRN,ARRIVAL_TM,AUTOMOBILE_COUNT,BELTED_DEATH_COUNT,BELTED_SUSP_SERIOUS_INJ_COUNT,BICYCLE_COUNT,BICYCLE_DEATH_COUNT,BICYCLE_SUSP_SERIOUS_INJ_COUNT,BUS_COUNT,CHLDPAS_DEATH_COUNT,CHLDPAS_SUSP_SERIOUS_INJ_COUNT,COLLISION_TYPE,COMM_VEH_COUNT,CONS_ZONE_SPD_LIM,COUNTY,CRASH_MONTH,CRASH_YEAR,DAY_OF_WEEK,DEC_LAT,DEC_LONG,DISPATCH_TM,DISTRICT,DRIVER_COUNT_16YR,DRIVER_COUNT_17YR,DRIVER_COUNT_18YR,DRIVER_COUNT_19YR,DRIVER_COUNT_20YR,DRIVER_COUNT_50_64YR,DRIVER_COUNT_65_74YR,DRIVER_COUNT_75PLUS,EST_HRS_CLOSED,FATAL_COUNT,HEAVY_TRUCK_COUNT,HORSE_BUGGY_COUNT,HOUR_OF_DAY,ILLUMINATION,INJURY_COUNT,INTERSECT_TYPE,INTERSECTION_RELATED,LANE_CLOSED,LATITUDE,LN_CLOSE_DIR,LOCATION_TYPE,LONGITUDE,MAX_SEVERITY_LEVEL,MCYCLE_DEATH_COUNT,MCYCLE_SUSP_SERIOUS_INJ_COUNT,MOTORCYCLE_COUNT,MUNICIPALITY,NONMOTR_COUNT,NONMOTR_DEATH_COUNT,NONMOTR_SUSP_SERIOUS_INJ_COUNT,NTFY_HIWY_MAINT,PED_COUNT,PED_DEATH_COUNT,PED_SUSP_SERIOUS_INJ_COUNT,PERSON_COUNT,POLICE_AGCY,POSSIBLE_INJ_COUNT,RDWY_SURF_TYPE_CD,RELATION_TO_ROAD,ROAD_CONDITION,ROADWAY_CLEARED,SCH_BUS_IND,SCH_ZONE_IND,SECONDARY_CRASH,SMALL_TRUCK_COUNT,SPEC_JURIS_CD,SUSP_MINOR_INJ_COUNT,SUSP_SERIOUS_INJ_COUNT,SUV_COUNT,TCD_FUNC_CD,TCD_TYPE,TFC_DETOUR_IND,TIME_OF_DAY,TOT_INJ_COUNT,TOTAL_UNITS,UNB_DEATH_COUNT,UNB_SUSP_SERIOUS_INJ_COUNT,UNBELTED_OCC_COUNT,UNK_INJ_DEG_COUNT,UNK_INJ_PER_COUNT,URBAN_AREA,URBAN_RURAL,VAN_COUNT,VEHICLE_COUNT,WEATHER1,WEATHER2,WORK_ZONE_IND,WORK_ZONE_LOC,WORK_ZONE_TYPE,WORKERS_PRES,WZ_CLOSE_DETOUR,WZ_FLAGGER,WZ_LAW_OFFCR_IND,WZ_LN_CLOSURE,WZ_MOVING,WZ_OTHER,WZ_SHLDER_MDN,WZ_WORKERS_INJ_KILLED
2007107963,844.0,0,0,0,0,0,0,0,0,0,4,0,,67,9,2007,3,40.0752,-75.1604,841.0,6,0,0,0,0,0,0,0,0,,0,0,0,8,1,1,1,,0,40 04:30.890,,0,75 09:37.593,8,0,0,0,67301,0,0,0,N,0,0,0,2,67301,0,,1,1,,N,N,,0,,0,0,1,3,2,,837,1,2,0,0,0,1,0,3,4,1,2,3,,N,,,,,,,,,,,
2007110474,2035.0,2,0,0,0,0,0,0,0,0,1,0,,67,8,2007,3,39.9388,-75.1984,2030.0,6,0,0,0,0,1,0,0,0,,0,0,0,20,3,1,1,,0,39 56:22.000,,0,75 11:53.378,4,0,0,0,67301,0,0,0,N,0,0,0,2,67301,1,,1,1,,N,N,,0,,0,0,0,3,2,,2030,1,2,0,0,0,0,1,3,4,0,2,3,,N,,,,,,,,,,,
2007097898,1132.0,2,0,0,0,0,0,0,0,0,4,0,,67,8,2007,1,39.9647,-75.224,1129.0,6,0,0,0,0,0,0,0,0,,0,0,0,11,1,1,0,,0,39 57:53.017,,0,75 13:26.487,4,0,0,0,67301,0,0,0,N,0,0,0,3,67301,1,,1,1,,N,N,,0,,0,0,0,0,0,,1100,1,2,0,0,0,0,0,3,4,0,2,3,,N,,,,,,,,,,,
2007097901,1344.0,1,0,0,0,0,0,0,0,0,8,0,,67,7,2007,4,39.9693,-75.2139,1343.0,6,0,0,0,0,0,1,0,0,,0,0,0,13,1,0,0,,0,39 58:09.321,,0,75 12:50.058,0,0,0,0,67301,1,0,0,N,1,0,0,2,67301,0,,1,1,,N,N,,0,,0,0,0,9,3,,1343,0,2,0,0,0,0,0,3,4,0,1,3,,N,,,,,,,,,,,
2007095369,1327.0,2,0,0,0,0,0,0,0,0,2,0,,67,8,2007,5,40.038,-75.068,1325.0,6,0,0,0,0,0,0,0,0,,0,0,0,13,1,2,1,,0,40 02:16.000,,0,75 04:04.983,4,0,0,0,67301,0,0,0,N,0,0,0,2,67301,2,,1,1,,N,N,,0,,0,0,0,3,2,,1320,2,2,0,0,0,0,0,3,4,0,2,3,,N,,,,,,,,,,,
2007095528,355.0,2,0,0,0,0,0,0,0,0,4,0,,67,4,2007,1,39.9574,-75.1603,350.0,6,0,0,0,0,0,1,0,0,,0,0,0,3,3,1,1,,0,39 57:26.000,,0,75 09:37.041,8,0,0,0,67301,0,0,0,N,0,0,0,5,67301,0,,1,9,,N,N,,0,,0,0,0,3,2,,300,1,2,0,0,0,1,0,3,4,0,2,7,,N,,,,,,,,,,,
2007093222,1635.0,1,0,0,1,0,0,0,0,0,4,0,,67,7,2007,3,40.0106,-75.1374,1622.0,6,0,0,0,0,0,0,0,0,,0,0,0,16,1,2,1,,0,40 00:38.268,,0,75 08:14.776,4,0,0,0,67301,2,0,0,N,0,0,0,3,67301,2,,1,1,,N,N,,0,,0,0,0,0,0,,1622,2,2,0,0,0,0,1,3,4,0,1,3,,N,,,,,,,,,,,
2007098271,2254.0,3,0,0,0,0,0,0,0,0,1,0,,67,8,2007,6,40.0073,-75.1926,2251.0,6,0,0,0,1,0,0,0,0,,0,0,0,22,3,2,0,,0,40 00:28.000,,0,75 11:30.226,8,0,0,0,67301,0,0,0,N,0,0,0,5,67301,0,,1,1,,N,N,,0,,0,0,0,0,0,,2246,2,3,0,0,0,2,0,3,4,0,3,3,,N,,,,,,,,,,,
2007098276,345.0,2,0,0,0,0,0,0,0,0,4,0,,67,7,2007,1,40.0426,-75.0865,341.0,6,0,0,0,0,0,0,0,0,2.0,0,0,0,3,3,0,2,,2,40 02:33.262,1.0,0,75 05:11.227,0,0,0,0,67301,0,0,0,N,0,0,0,3,67301,0,,1,1,,N,N,,0,,0,0,0,3,3,Y,330,0,2,0,0,0,0,0,3,4,0,2,3,,N,,,,,,,,,,,
2007093258,1654.0,1,0,0,0,0,0,0,0,0,4,0,,67,6,2007,3,39.9802,-75.1693,1650.0,6,0,0,0,0,0,0,1,0,,0,0,0,16,1,1,1,,0,39 58:48.000,,0,75 10:09.487,3,0,0,0,67301,0,0,0,,0,0,0,3,67301,0,,1,1,,,,,0,,1,0,0,9,2,,1650,1,2,0,0,0,0,0,3,4,1,2,3,,N,,,,,,,,,,,
2007024773,2158.0,1,0,0,0,0,0,0,0,0,7,0,,67,1,2007,5,39.9093,-75.1575,2156.0,6,0,0,0,0,0,1,0,0,,0,0,0,21,3,0,0,,0,39 54:33.307,,0,75 09:27.070,0,0,0,0,67301,0,0,0,N,0,0,0,1,67501,0,,2,7,,N,N,,0,,0,0,0,0,0,,2156,0,1,0,0,0,0,0,3,4,0,1,10,,N,,,,,,,,,,,
2007030104,1027.0,2,0,0,0,0,0,0,0,0,2,0,,67,1,2007,7,39.9249,-75.2234,1025.0,6,0,0,0,0,0,2,0,0,,0,0,0,10,1,1,2,,0,39 55:29.812,,0,75 13:24.391,8,0,0,0,67301,0,0,0,N,0,0,0,4,67301,0,,1,1,,N,N,,1,,0,0,0,0,0,,1020,1,4,0,0,0,1,0,3,4,1,4,3,,N,,,,,,,,,,,
2007022396,1042.0,1,0,0,0,0,0,0,0,0,8,0,,67,1,2007,5,40.0368,-75.0407,1042.0,6,0,0,0,0,0,0,0,0,,0,0,0,10,1,1,1,,0,40 02:12.000,,0,75 02:27.053,8,0,0,0,67301,1,0,0,N,1,0,0,2,67301,0,,1,1,,N,N,,0,,0,0,0,3,2,,1040,1,2,0,0,0,1,0,3,4,0,1,3,,N,,,,,,,,,,,
2007027708,1755.0,2,0,0,0,0,0,0,0,0,4,0,,67,1,2007,4,40.0159,-75.1173,1753.0,6,0,0,0,0,0,0,0,0,,0,0,0,17,3,1,3,,0,40 00:57.401,,0,75 07:02.578,8,0,0,0,67301,0,0,0,N,0,0,0,3,67301,0,,1,1,,N,N,,0,,0,0,0,0,0,,1750,1,2,0,0,0,1,0,3,4,0,2,3,,N,,,,,,,,,,,
2007027572,710.0,0,0,0,0,0,0,0,0,0,8,0,,67,1,2007,6,39.9787,-75.2424,707.0,6,0,0,0,0,0,1,0,0,,0,0,0,7,1,1,1,,0,39 58:43.377,,0,75 14:32.524,4,0,0,0,67301,1,0,0,,1,0,0,2,67301,1,,1,1,,,,,0,,0,0,1,9,3,,707,1,2,0,0,0,0,0,3,4,0,1,3,,N,,,,,,,,,,,
2007027738,1607.0,2,0,0,0,0,0,0,0,0,4,0,,67,1,2007,2,39.964,-75.1611,1553.0,6,0,0,0,0,1,0,0,0,,0,0,0,15,1,1,2,,0,39 57:50.000,,0,75 09:39.995,8,0,0,0,67301,0,0,0,,0,0,0,5,67301,0,,1,1,,,,,0,,0,0,0,0,0,,1545,1,2,0,0,0,1,0,3,4,0,2,3,,N,,,,,,,,,,,
2007027757,924.0,2,0,0,0,0,0,0,0,0,4,0,,67,2,2007,6,40.0314,-75.1401,913.0,6,0,0,0,0,0,0,0,0,,0,0,0,9,1,4,1,,0,40 01:52.964,,0,75 08:24.406,3,0,0,0,67301,0,0,0,N,0,0,0,4,67301,0,,1,1,,N,N,,0,,1,0,0,3,3,,910,4,2,0,0,0,3,0,3,4,0,2,3,,N,,,,,,,,,,,
2007091500,1504.0,1,0,0,0,0,0,0,0,0,7,0,,67,8,2007,4,39.9931,-75.2439,1501.0,6,0,0,0,0,0,0,0,0,,0,0,0,15,1,0,0,,0,39 59:36.000,,0,75 14:36.069,0,0,0,0,67301,0,0,0,N,0,0,0,2,46104,0,,4,1,,N,N,,0,,0,0,0,0,0,,1501,0,1,0,0,0,0,0,3,4,0,1,3,,N,,,,,,,,,,,
2007058329,1106.0,1,0,0,0,0,0,0,0,0,7,0,,67,4,2007,3,40.0143,-75.1781,1104.0,6,0,0,0,0,0,1,0,0,,0,0,0,10,1,1,1,,0,40 00:51.570,,0,75 10:41.163,4,0,0,0,67301,0,0,0,N,0,0,0,1,67301,1,,2,1,,N,N,,0,,0,0,0,3,2,,1055,1,1,0,0,0,0,0,3,4,0,1,3,,N,,,,,,,,,,,
2007058646,1742.0,1,0,0,0,0,0,0,0,0,4,0,,67,3,2007,6,40.0352,-75.1455,1733.0,6,0,0,0,0,0,0,0,0,,0,0,0,17,1,5,10,,0,40 02:06.000,,0,75 08:43.671,3,0,0,0,67301,0,0,0,N,0,0,0,7,67301,4,,1,1,,N,N,,0,,1,0,1,3,2,,1720,5,2,0,0,0,0,0,3,4,0,2,3,,N,,,,,,,,,,,
2007056426,1729.0,1,0,0,1,0,0,0,0,0,4,0,,67,4,2007,5,39.9645,-75.1774,1728.0,6,0,0,0,0,0,0,0,0,,0,0,0,17,1,1,3,,0,39 57:52.088,,0,75 10:38.635,4,0,0,0,67301,1,0,0,N,0,0,0,3,67301,1,,1,1,,N,N,,0,,0,0,0,0,0,,1725,1,2,0,0,0,0,0,3,4,0,1,3,,N,,,,,,,,,,,
2007056587,904.0,0,0,0,0,0,0,0,0,0,4,0,,67,4,2007,3,39.9738,-75.2582,904.0,6,0,0,0,0,0,0,1,0,2.0,0,0,0,9,1,3,0,,2,39 58:25.591,6.0,0,75 15:29.643,2,0,0,0,67301,1,0,1,N,1,0,1,3,67301,1,,2,1,,N,N,,0,,1,1,0,3,2,Y,904,3,3,0,0,0,0,0,3,4,1,2,3,,N,,,,,,,,,,,
2007067488,1522.0,2,0,0,0,0,0,0,0,0,4,0,,67,4,2007,6,39.9896,-75.1408,1520.0,6,0,0,0,0,0,0,0,0,,0,0,0,15,1,0,0,,0,39 59:22.567,,0,75 08:26.754,9,0,0,0,67301,0,0,0,N,0,0,0,1,67301,0,,1,1,,N,N,,0,,0,0,0,0,0,,1515,0,2,0,0,0,0,1,3,4,0,2,98,,N,,,,,,,,,,,
2007099005,1155.0,1,0,0,0,0,0,0,0,0,4,0,,67,7,2007,2,40.0216,-75.0519,1148.0,6,0,0,0,0,0,0,0,0,9.0,0,0,0,11,1,1,1,,1,40 01:17.400,7.0,0,75 03:06.480,8,0,0,0,67301,0,0,0,N,0,0,0,2,67301,0,,1,1,,N,N,,0,,0,0,1,3,2,N,1146,1,2,0,0,0,1,0,3,4,0,2,99,,N,,,,,,,,,,,
2007067314,1050.0,2,0,0,0,0,0,0,0,0,4,0,,67,5,2007,5,40.08,-74.9973,1050.0,6,0,0,0,0,0,1,1,0,1.0,0,0,0,10,1,1,2,,1,40 04:47.000,2.0,0,74 59:50.275,4,0,0,0,67301,0,0,0,N,0,0,0,2,67301,1,,1,1,,N,N,,0,,0,0,0,3,2,N,1050,1,2,0,0,0,0,0,3,4,0,2,3,,N,,,,,,,,,,,
2007067372,1355.0,2,0,0,0,0,0,0,0,0,4,0,,67,4,2007,3,40.035,-75.0694,1350.0,6,0,0,0,0,0,0,0,0,1.0,0,0,0,13,1,6,1,,1,40 02:06.000,2.0,0,75 04:09.824,3,0,0,0,67301,0,0,0,N,0,0,0,6,67301,0,,1,1,,N,N,,0,,4,0,0,3,2,N,1350,6,3,0,0,0,2,0,3,4,1,3,3,,N,,,,,,,,,,,
2007067375,1610.0,2,0,0,0,0,0,0,0,0,4,0,,67,4,2007,4,40.011,-75.1509,1600.0,6,0,0,0,0,0,1,0,0,,0,0,0,16,1,1,1,,0,40 00:39.000,,0,75 09:03.151,4,0,0,0,67301,0,0,0,N,0,0,0,2,67301,1,,1,9,,N,N,,0,,0,0,0,3,2,,1600,1,2,0,0,0,0,0,3,4,0,2,7,,N,,,,,,,,,,,
2007067389,1510.0,1,0,0,0,0,0,0,0,0,2,0,,67,5,2007,6,40.006,-75.1766,1505.0,6,0,0,0,0,0,0,0,0,,0,0,0,14,1,2,1,,0,40 00:21.754,,0,75 10:35.816,4,0,0,0,67301,0,0,0,N,0,0,0,3,67301,2,,1,1,,N,N,,1,,0,0,0,3,2,,1455,2,2,0,0,0,0,0,3,4,0,2,3,,N,,,,,,,,,,,
2007067398,1915.0,1,0,0,0,0,0,0,0,0,8,0,,67,5,2007,3,40.0943,-75.0302,1912.0,6,0,0,0,0,0,0,0,0,,0,0,0,19,1,1,0,,0,40 05:39.316,,0,75 01:48.886,4,0,0,0,67301,1,0,0,N,1,0,0,2,67301,1,,1,1,,N,N,,0,,0,0,0,0,0,,1905,1,2,0,0,0,0,0,3,4,0,1,3,,N,,,,,,,,,,,
2007067185,1004.0,0,0,0,1,0,0,0,0,0,4,0,,67,5,2007,3,40.0152,-75.2076,955.0,6,0,0,0,0,0,0,0,0,,0,0,0,9,1,1,0,,0,40 00:54.000,,0,75 12:27.297,4,0,0,0,67301,1,0,0,,0,0,0,2,67301,1,,1,1,,N,N,,0,,0,0,1,0,0,,934,1,2,0,0,0,0,0,3,4,0,1,3,,N,,,,,,,,,,,
2007067189,541.0,3,0,0,0,0,0,0,0,0,6,0,,67,5,2007,3,39.9478,-75.2313,540.0,6,0,0,0,0,0,0,0,0,2.0,0,0,0,5,5,1,5,,1,39 56:52.000,6.0,0,75 13:52.662,4,0,0,0,67301,0,0,0,N,0,0,0,2,67301,1,,1,1,,N,N,,1,,0,0,0,3,2,N,530,1,4,0,0,0,0,0,3,4,0,4,3,,N,,,,,,,,,,,
2007057210,1833.0,1,0,0,1,0,0,0,0,0,4,0,,67,3,2007,5,39.9489,-75.1897,1827.0,6,0,0,0,0,0,0,0,0,,0,0,0,18,1,1,2,,0,39 56:56.025,,0,75 11:22.873,4,0,0,0,67301,1,0,0,N,0,0,0,2,67301,1,,1,1,,N,N,,0,,0,0,0,2,2,,1816,1,2,0,0,0,0,0,3,4,0,1,3,,N,,,,,,,,,,,
2007067086,757.0,0,0,0,0,0,0,0,0,0,4,0,,67,5,2007,5,40.049,-75.0792,757.0,6,0,0,0,1,0,0,0,0,,0,0,0,7,1,1,2,,0,40 02:56.475,,0,75 04:45.076,3,0,0,0,67301,0,0,0,N,0,0,0,2,67301,0,,1,1,,N,N,,1,,1,0,1,0,0,,730,1,2,0,0,0,0,0,3,4,0,2,3,,N,,,,,,,,,,,
2007099069,1416.0,1,0,0,0,0,0,0,0,0,4,0,,67,7,2007,6,40.0294,-75.1247,1414.0,6,0,0,0,0,0,1,1,0,2.0,0,0,0,14,1,3,1,,1,40 01:45.919,4.0,0,75 07:28.901,4,0,0,0,67301,0,0,0,N,0,0,0,3,67301,3,,1,9,,N,N,,0,,0,0,0,3,2,Y,1408,3,2,0,0,0,0,0,3,4,1,2,3,,N,,,,,,,,,,,
2007099105,2122.0,0,0,0,0,0,0,0,0,0,8,0,,67,8,2007,1,39.9137,-75.2363,2120.0,6,0,0,0,0,0,0,0,0,,0,0,0,19,3,1,0,,0,39 54:49.305,,0,75 14:10.726,3,0,0,0,67301,1,0,0,,1,0,0,3,67301,0,,1,9,,N,N,,0,,1,0,0,0,0,,1915,1,2,0,0,0,0,0,3,4,1,1,7,,N,,,,,,,,,,,
2007054814,1535.0,0,0,0,0,0,0,0,0,0,1,0,,67,3,2007,1,39.9073,-75.1414,1535.0,6,0,0,0,0,0,0,1,0,2.0,0,0,0,15,1,5,0,,2,39 54:26.155,3.0,0,75 08:28.899,4,0,0,0,67301,0,0,0,N,0,0,0,8,67501,5,,1,1,,N,N,,1,,0,0,2,3,8,N,1535,5,3,0,0,0,0,0,3,4,0,3,3,,N,,,,,,,,,,,
2007067101,2200.0,0,0,0,0,0,0,0,0,0,1,1,,67,5,2007,1,,,2155.0,6,0,0,0,0,0,2,0,0,,0,1,0,21,3,3,0,,0,,,0,,4,0,0,0,67301,0,0,0,,0,0,0,8,67301,3,,1,1,,,,,0,,0,0,2,0,0,,2155,3,3,0,0,1,0,0,3,3,0,3,3,,N,,,,,,,,,,,
2007067136,1925.0,0,0,0,0,0,0,0,0,0,8,0,,67,4,2007,3,39.9806,-75.1838,1920.0,6,0,0,0,0,0,0,0,0,,0,0,0,99,1,1,1,,0,39 58:50.100,,0,75 11:01.800,8,0,0,0,67301,1,0,0,,1,0,0,2,67301,0,,1,1,,N,N,,0,,0,0,0,9,2,,9999,1,2,0,0,0,1,0,3,4,0,1,3,,N,,,,,,,,,,,
2007099126,20.0,3,0,0,0,0,0,0,0,0,5,0,,67,7,2007,5,40.0498,-75.0756,16.0,6,0,0,0,0,1,0,0,0,,0,0,0,0,3,0,0,,0,40 02:59.282,,0,75 04:32.034,0,0,0,0,67301,0,0,0,N,0,0,0,2,67301,0,,6,1,,N,N,,0,,0,0,0,0,0,,15,0,3,0,0,0,0,0,3,4,0,3,3,,N,,,,,,,,,,,
2007099167,1656.0,1,0,0,0,0,0,0,0,0,8,0,,67,8,2007,5,39.9461,-75.24,1645.0,6,0,0,0,0,0,0,0,0,,0,0,0,15,1,1,0,,0,39 56:46.024,,0,75 14:24.133,4,0,0,0,67301,1,0,0,N,1,0,0,2,67301,1,,1,1,,N,N,,0,,0,0,0,0,0,,1502,1,2,0,0,0,0,0,3,4,0,1,3,,N,,,,,,,,,,,
2007099632,315.0,2,0,0,0,0,0,0,0,0,1,0,,67,8,2007,1,40.0074,-75.1926,304.0,6,0,0,1,0,0,0,0,0,2.0,0,0,0,3,3,3,0,,1,40 00:29.000,2.0,3,75 11:29.797,3,0,0,0,67301,0,0,0,N,0,0,0,5,67301,0,,1,1,,N,N,,0,,2,0,0,0,0,N,300,3,2,0,0,0,1,0,3,4,0,2,3,,N,,,,,,,,,,,
2007116144,9999.0,3,0,0,0,0,0,0,0,0,2,0,,67,9,2007,6,40.0269,-75.0982,2204.0,6,0,0,0,0,0,0,0,0,3.0,0,0,0,21,3,3,0,,1,40 01:38.000,1.0,0,75 05:55.434,3,0,0,0,67301,0,0,0,N,0,0,0,5,67301,0,,1,1,,N,N,,0,,1,0,0,0,0,Y,2155,3,3,0,0,2,2,0,3,4,0,3,3,,N,,,,,,,,,,,
2007127369,400.0,1,0,0,0,0,0,0,0,0,7,0,,67,10,2007,4,39.9842,-75.0991,349.0,6,0,0,0,0,0,0,0,0,,0,0,0,3,3,1,2,,0,39 59:03.000,,2,75 05:56.509,3,0,0,0,67301,0,0,0,N,0,0,0,1,67301,0,,7,9,,N,N,,0,,1,0,0,3,3,,340,1,1,0,0,0,0,0,3,4,0,1,7,,N,,,,,,,,,,,
2007107525,1735.0,1,0,0,1,0,0,0,0,0,4,0,,67,9,2007,4,39.9577,-75.1624,1730.0,6,0,0,0,0,0,1,0,0,,0,0,0,17,1,1,1,,0,39 57:27.000,,0,75 09:44.544,4,0,0,0,67301,1,0,0,N,0,0,0,2,67301,1,,1,1,,N,N,,0,,0,0,0,3,2,,1725,1,2,0,0,0,0,0,3,4,0,1,3,,N,,,,,,,,,,,
2007097756,2338.0,2,0,0,0,0,0,0,0,0,4,0,,67,7,2007,2,40.0444,-75.0726,2337.0,6,0,0,0,0,0,0,0,0,,0,0,0,23,3,1,1,,0,40 02:39.000,,0,75 04:21.459,4,0,0,0,67301,0,0,0,N,0,0,0,2,67301,1,,1,1,,N,N,,0,,0,0,0,3,2,,2336,1,2,0,0,0,0,0,3,4,0,2,3,,N,,,,,,,,,,,
2007105281,555.0,1,0,0,0,0,0,0,0,0,2,0,,67,6,2007,1,39.8897,-75.2338,545.0,6,0,0,0,0,0,0,0,0,2.0,0,0,0,5,5,1,1,,1,39 53:23.000,1.0,0,75 14:01.810,8,0,0,0,67301,0,0,0,N,0,0,0,2,67301,0,,1,1,,N,N,,0,,0,0,1,9,2,N,501,1,2,0,0,0,1,0,3,4,0,2,3,,N,,,,,,,,,,,
2007097824,1715.0,2,0,0,0,0,0,0,0,0,4,0,,67,7,2007,1,39.9921,-75.1095,9999.0,6,0,0,0,0,0,0,0,0,,0,0,0,17,1,0,0,,0,39 59:31.560,,0,75 06:34.560,0,0,0,0,67301,0,0,0,N,0,0,0,2,67301,0,,1,1,,N,N,,0,,0,0,0,0,0,,1712,0,2,0,0,0,0,0,3,4,0,2,3,,N,,,,,,,,,,,
2007098130,2320.0,0,0,0,0,0,0,0,0,0,7,0,,67,7,2007,7,40.0247,-75.0545,2230.0,6,0,0,0,0,0,0,0,0,,0,0,0,22,3,0,2,,0,40 01:28.000,,0,75 03:16.275,0,0,0,0,67301,0,0,0,N,0,0,0,1,67301,0,,4,1,,N,N,,0,,0,0,1,3,1,,2230,0,1,0,0,0,0,0,3,4,0,1,3,,N,,,,,,,,,,,
2007093141,1757.0,2,0,0,0,0,0,0,0,0,1,0,,67,7,2007,6,40.0393,-75.1101,1755.0,6,0,0,0,0,1,0,0,0,9.0,0,0,0,17,1,1,0,,1,40 02:21.000,4.0,0,75 06:36.261,4,0,0,0,67301,0,0,0,N,0,0,0,4,67301,1,,1,1,,N,N,,0,,0,0,0,0,0,N,1755,1,3,0,0,0,0,1,3,4,1,3,3,,N,,,,,,,,,,,
2007093162,1633.0,3,0,0,0,0,0,0,0,0,2,0,,67,7,2007,3,40.0159,-75.187,1631.0,6,0,0,0,0,0,1,0,0,1.0,0,0,0,16,1,3,1,,1,40 00:57.000,5.0,0,75 11:13.339,4,0,0,0,67301,0,0,0,,0,0,0,4,67301,1,,1,1,,,,,0,,0,0,0,3,2,N,1630,3,3,0,0,0,2,0,3,4,0,3,3,,N,,,,,,,,,,,
2007093218,1743.0,2,0,0,0,0,0,0,0,0,1,0,,67,7,2007,3,39.9525,-75.1769,1735.0,6,0,0,0,0,0,0,0,0,,0,0,0,17,1,0,0,,0,39 57:08.000,,0,75 10:36.793,0,0,0,0,67301,0,0,0,N,0,0,0,3,67301,0,,1,1,,N,N,,0,,0,0,0,0,0,,1720,0,2,0,0,0,0,0,3,4,0,2,3,,N,,,,,,,,,,,
2007095798,9999.0,1,0,0,0,0,0,0,0,0,8,0,,67,8,2007,4,39.9973,-75.113,1904.0,6,0,0,0,0,0,0,0,0,,0,0,0,99,1,1,0,,0,39 59:50.388,,0,75 06:46.735,4,0,0,0,67301,1,0,0,,1,0,0,3,67301,1,,1,1,,,,,0,,0,0,0,0,0,,9999,1,2,0,0,0,0,0,3,4,0,1,3,,N,,,,,,,,,,,
2007098278,1614.0,2,0,0,0,0,0,0,0,0,4,1,,67,8,2007,5,39.9131,-75.2217,1614.0,6,0,0,0,0,0,0,0,0,,0,1,0,16,1,2,0,,0,39 54:52.000,,0,75 13:16.784,4,0,0,0,67301,0,0,0,N,0,0,0,3,67301,2,,3,9,,N,N,,0,,0,0,0,0,0,,1605,2,3,0,0,0,0,0,3,4,0,3,3,,N,,,,,,,,,,,
2007098295,2121.0,0,0,0,0,0,0,0,0,0,8,0,,67,8,2007,2,39.9624,-75.2078,2120.0,6,0,0,0,0,0,0,0,0,,0,0,0,21,3,1,2,,0,39 57:44.000,,0,75 12:27.438,4,0,0,0,67301,1,0,0,,1,0,0,2,67301,1,,1,9,,N,N,,0,,0,0,0,0,0,,2120,1,2,0,0,0,0,1,3,4,0,1,7,,N,,,,,,,,,,,
2007096084,1804.0,1,0,0,0,0,0,0,0,0,7,0,,67,8,2007,2,39.9317,-75.1997,1749.0,6,0,0,0,0,0,0,0,0,3.0,0,0,0,17,1,3,0,,2,39 55:56.000,3.0,0,75 11:59.912,4,0,0,0,67301,0,0,0,Y,0,0,0,4,68K01,3,,2,9,,N,N,,0,,0,0,0,0,0,N,1745,3,1,0,0,2,0,0,3,4,0,1,7,,N,,,,,,,,,,,
2007093240,1205.0,0,0,0,0,0,0,0,0,0,4,0,,67,7,2007,5,40.049,-75.1931,1158.0,6,0,0,0,0,0,1,1,0,1.0,0,0,0,11,1,1,2,,2,40 02:56.000,1.0,0,75 11:35.172,4,0,0,0,67301,0,0,0,N,0,0,0,2,67301,1,,4,1,,N,N,,0,,0,0,2,3,7,Y,1155,1,2,0,0,0,0,0,3,4,0,2,3,,N,,,,,,,,,,,
2007022393,500.0,1,0,0,0,0,0,1,0,0,5,1,,67,1,2007,1,39.9269,-75.2203,457.0,6,0,0,0,0,0,0,0,0,2.0,0,0,0,4,3,0,0,,1,39 55:36.000,4.0,0,75 13:13.077,9,0,0,0,67301,0,0,0,,0,0,0,1,67301,0,,6,1,,Y,N,,0,,0,0,0,0,0,N,457,0,2,0,0,0,0,1,3,4,0,2,3,,N,,,,,,,,,,,
2007027541,2245.0,1,0,0,0,0,0,0,0,0,4,0,,67,1,2007,3,39.9779,-75.163,2240.0,6,0,0,0,0,0,0,0,0,,0,0,0,22,3,3,1,,0,39 58:40.465,,0,75 09:46.832,3,0,0,0,67301,0,0,0,N,0,0,0,3,67301,0,,1,1,,N,N,,0,,3,0,1,9,2,,2230,3,2,0,0,0,0,0,3,4,0,2,3,,N,,,,,,,,,,,
2007027632,818.0,1,0,0,0,0,0,0,0,0,8,0,,67,1,2007,5,40.0126,-75.0732,814.0,6,0,0,0,0,0,0,0,0,,0,0,0,8,1,1,1,,0,40 00:45.000,,0,75 04:23.854,4,0,0,0,67301,1,0,0,N,1,0,0,2,67301,1,,1,1,,N,Y,,0,,0,0,0,3,2,,810,1,2,0,0,0,0,0,3,4,0,1,3,,N,,,,,,,,,,,