CRN,ARRIVAL_TM,AUTOMOBILE_COUNT,BELTED_DEATH_COUNT,BELTED_SUSP_SERIOUS_INJ_COUNT,BICYCLE_COUNT,BICYCLE_DEATH_COUNT,BICYCLE_SUSP_SERIOUS_INJ_COUNT,BUS_COUNT,CHLDPAS_DEATH_COUNT,CHLDPAS_SUSP_SERIOUS_INJ_COUNT,COLLISION_TYPE,COMM_VEH_COUNT,CONS_ZONE_SPD_LIM,COUNTY,CRASH_MONTH,CRASH_YEAR,DAY_OF_WEEK,DEC_LAT,DEC_LONG,DISPATCH_TM,DISTRICT,DRIVER_COUNT_16YR,DRIVER_COUNT_17YR,DRIVER_COUNT_18YR,DRIVER_COUNT_19YR,DRIVER_COUNT_20YR,DRIVER_COUNT_50_64YR,DRIVER_COUNT_65_74YR,DRIVER_COUNT_75PLUS,EST_HRS_CLOSED,FATAL_COUNT,HEAVY_TRUCK_COUNT,HORSE_BUGGY_COUNT,HOUR_OF_DAY,ILLUMINATION,INJURY_COUNT,INTERSECT_TYPE,INTERSECTION_RELATED,LANE_CLOSED,LATITUDE,LN_CLOSE_DIR,LOCATION_TYPE,LONGITUDE,MAX_SEVERITY_LEVEL,MCYCLE_DEATH_COUNT,MCYCLE_SUSP_SERIOUS_INJ_COUNT,MOTORCYCLE_COUNT,MUNICIPALITY,NONMOTR_COUNT,NONMOTR_DEATH_COUNT,NONMOTR_SUSP_SERIOUS_INJ_COUNT,NTFY_HIWY_MAINT,PED_COUNT,PED_DEATH_COUNT,PED_SUSP_SERIOUS_INJ_COUNT,PERSON_COUNT,POLICE_AGCY,POSSIBLE_INJ_COUNT,RDWY_SURF_TYPE_CD,RELATION_TO_ROAD,ROAD_CONDITION,ROADWAY_CLEARED,SCH_BUS_IND,SCH_ZONE_IND,SECONDARY_CRASH,SMALL_TRUCK_COUNT,SPEC_JURIS_CD,SUSP_MINOR_INJ_COUNT,SUSP_SERIOUS_INJ_COUNT,SUV_COUNT,TCD_FUNC_CD,TCD_TYPE,TFC_DETOUR_IND,TIME_OF_DAY,TOT_INJ_COUNT,TOTAL_UNITS,UNB_DEATH_COUNT,UNB_SUSP_SERIOUS_INJ_COUNT,UNBELTED_OCC_COUNT,UNK_INJ_DEG_COUNT,UNK_INJ_PER_COUNT,URBAN_AREA,URBAN_RURAL,VAN_COUNT,VEHICLE_COUNT,WEATHER1,WEATHER2,WORK_ZONE_IND,WORK_ZONE_LOC,WORK_ZONE_TYPE,WORKERS_PRES,WZ_CLOSE_DETOUR,WZ_FLAGGER,WZ_LAW_OFFCR_IND,WZ_LN_CLOSURE,WZ_MOVING,WZ_OTHER,WZ_SHLDER_MDN,WZ_WORKERS_INJ_KILLED
2007027686,847.0,1,0,0,0,0,0,0,0,0,4,0,,67,1,2007,5,40.0613,-75.1721,847.0,6,0,0,0,0,0,1,0,0,,0,0,0,8,1,0,1,,0,40 03:40.000,,0,75 10:19.427,0,0,0,0,67301,0,0,0,,0,0,0,2,67301,0,,1,9,,,,,0,,0,0,0,3,3,,832,0,2,0,0,0,0,0,3,4,1,2,3,,N,,,,,,,,,,,
2007022536,1340.0,1,0,0,0,0,0,0,0,0,7,0,,67,1,2007,2,40.0512,-75.0365,1337.0,6,0,1,0,0,0,0,0,0,,0,0,0,13,1,0,0,,0,40 03:04.000,,3,75 02:11.505,0,0,0,0,67301,0,0,0,N,0,0,0,1,67301,0,,4,9,,N,N,,0,,0,0,0,0,0,,1330,0,1,0,0,0,0,0,3,4,0,1,7,,N,,,,,,,,,,,
2007027766,1238.0,2,0,0,0,0,0,0,0,0,2,0,,67,2,2007,7,39.9918,-75.1361,1230.0,6,0,0,0,1,0,0,1,0,,0,0,0,11,1,2,0,,0,39 59:30.321,,0,75 08:10.040,4,0,0,0,67301,0,0,0,N,0,0,0,4,67301,2,,1,1,,N,N,,0,,0,0,0,0,0,,1152,2,2,0,0,3,0,0,3,4,0,2,3,,N,,,,,,,,,,,
2007058327,1202.0,1,0,0,0,0,0,0,0,0,5,1,,67,3,2007,7,40.0588,-75.0442,1201.0,6,0,0,0,0,0,0,0,0,1.0,0,0,0,0,6,3,1,,1,40 03:32.000,2.0,0,75 02:41.289,4,0,0,0,67301,0,0,0,N,0,0,0,6,67301,3,,1,1,,N,N,,0,,0,0,0,3,2,N,11,3,2,0,0,3,0,0,3,4,1,2,3,,N,,,,,,,,,,,
2007066216,2233.0,0,0,0,0,0,0,0,0,0,7,0,,67,5,2007,3,39.9057,-75.1939,2223.0,6,0,0,0,0,0,0,0,0,,0,0,0,99,3,1,5,,0,39 54:20.000,,0,75 11:38.295,4,0,0,0,67301,0,0,0,N,0,0,0,1,67301,1,,3,1,,N,N,,0,,0,0,0,3,2,,9999,1,1,0,0,0,0,0,3,4,1,1,3,,N,,,,,,,,,,,
2007066261,1835.0,1,0,0,0,0,0,0,0,0,8,0,,67,5,2007,4,40.0486,-75.1617,1932.0,6,0,0,0,0,0,1,0,0,,0,0,0,18,1,1,1,,0,40 02:54.852,,0,75 09:42.008,4,0,0,0,67301,1,0,0,N,1,0,0,2,67301,1,,1,1,,N,N,,0,,0,0,0,3,2,,1809,1,2,0,0,0,0,0,3,4,0,1,3,,N,,,,,,,,,,,
2007066322,1405.0,2,0,0,0,0,0,0,0,0,6,0,,67,5,2007,2,40.0808,-75.2027,1350.0,6,0,0,0,2,0,0,0,1,,0,0,0,99,1,0,1,,0,40 04:51.000,,0,75 12:09.606,0,0,0,0,67301,0,0,0,,0,0,0,5,67301,0,,1,1,,,,,0,,0,0,1,3,2,,9999,0,4,0,0,0,0,0,3,4,1,4,3,,N,,,,,,,,,,,
2007051225,1104.0,1,0,0,0,0,0,0,0,0,2,0,,67,3,2007,4,39.9775,-75.1484,1100.0,6,0,0,0,0,0,0,0,0,,0,0,0,11,1,1,1,,0,39 58:38.895,,0,75 08:54.409,4,0,0,0,67301,0,0,0,N,0,0,0,2,67301,1,,1,1,,N,N,,1,,0,0,0,3,2,,1100,1,2,0,0,0,0,0,3,4,0,2,3,,N,,,,,,,,,,,
2007056466,2044.0,1,0,0,0,0,0,0,0,0,8,0,,67,3,2007,5,,,2039.0,6,0,0,0,0,0,1,0,0,,0,0,0,20,3,1,2,,0,,,0,,8,0,0,0,67301,1,0,0,N,1,0,0,2,67301,0,,1,1,,N,N,,0,,0,0,0,3,3,,2039,1,2,0,0,0,1,0,3,3,0,1,3,,N,,,,,,,,,,,
2007057387,1832.0,1,0,0,0,0,0,0,0,0,4,0,,67,4,2007,4,39.9703,-75.2036,1825.0,6,0,0,0,0,1,0,0,0,,0,0,0,18,1,0,2,,0,39 58:13.051,,0,75 12:12.956,0,0,0,0,67301,0,0,0,N,0,0,0,3,67301,0,,1,1,,N,N,,0,,0,0,1,3,3,,1820,0,2,0,0,0,0,0,3,4,0,2,3,,N,,,,,,,,,,,
2007098983,1658.0,1,0,0,1,0,0,0,0,0,5,0,99.0,67,8,2007,6,39.9534,-75.1839,1653.0,6,0,0,0,0,0,0,0,0,9.0,0,0,0,9,1,1,0,,1,39 57:12.000,3.0,0,75 11:01.988,8,0,0,0,67301,1,0,0,N,0,0,0,2,67301,0,,1,1,,N,N,,0,,0,0,0,3,2,N,900,1,2,0,0,0,1,1,3,4,0,1,3,,Y,8.0,8.0,U,,,U,,,,,
2007098991,232.0,1,0,0,0,0,0,0,0,0,7,0,,67,7,2007,3,40.0278,-75.0997,230.0,6,0,0,0,0,0,0,0,0,,0,0,0,2,3,0,0,,0,40 01:41.000,,0,75 05:59.872,0,0,0,0,67301,0,0,0,N,0,0,0,1,67301,0,,5,1,,N,N,,0,,0,0,0,0,0,,225,0,1,0,0,0,0,0,3,4,0,1,3,,N,,,,,,,,,,,
2007067307,802.0,2,0,0,0,0,0,0,0,0,4,0,,67,4,2007,6,40.0519,-75.153,815.0,6,0,0,0,0,0,0,0,0,,0,0,0,8,1,2,0,,0,40 03:06.753,,0,75 09:10.656,4,0,0,0,67301,0,0,0,,0,0,0,3,67301,2,,1,9,,N,N,,0,,0,0,0,0,0,,802,2,2,0,0,0,0,1,3,4,0,2,5,,N,,,,,,,,,,,
2007067329,1310.0,2,0,0,0,0,0,0,0,0,1,0,,67,5,2007,3,39.9579,-75.1641,1307.0,6,0,0,0,0,0,0,0,0,1.0,0,0,0,99,1,3,5,,1,39 57:28.000,3.0,0,75 09:50.893,4,0,0,0,67301,0,0,0,N,0,0,0,3,67301,3,,1,1,,N,N,,0,,0,0,0,3,2,Y,9999,3,2,0,0,0,0,0,3,4,0,2,3,,N,,,,,,,,,,,
2007099083,1850.0,2,0,0,0,0,0,0,0,0,5,0,,67,8,2007,7,40.0401,-75.0317,1848.0,6,0,0,1,0,0,0,0,0,,0,0,0,18,1,0,2,,0,40 02:24.000,,0,75 01:54.193,9,0,0,0,67301,0,0,0,N,0,0,0,3,67301,0,,1,1,,N,N,,0,,0,0,0,0,0,,1840,0,2,0,0,0,0,1,3,4,0,2,3,,N,,,,,,,,,,,
2007099102,9999.0,1,0,0,0,0,0,0,0,0,7,0,,67,8,2007,7,39.911,-75.2308,2149.0,6,0,0,0,0,0,0,0,0,,0,0,0,99,3,1,0,,0,39 54:39.674,,0,75 13:50.927,8,0,0,0,67301,0,0,0,N,0,0,0,1,67301,0,,3,1,,N,N,,0,,0,0,0,0,0,,9999,1,1,0,0,1,1,0,3,4,0,1,3,,N,,,,,,,,,,,
2007057371,1200.0,1,0,0,0,0,0,0,0,0,4,0,,67,3,2007,7,39.9507,-75.2411,1158.0,6,0,0,0,0,0,0,1,0,2.0,0,0,0,11,1,4,1,,2,39 57:02.548,2.0,0,75 14:27.995,4,0,0,0,67301,0,0,0,N,0,0,0,4,67301,4,,1,1,,N,N,,0,,0,0,1,3,2,Y,1158,4,2,0,0,2,0,0,3,4,0,2,3,,N,,,,,,,,,,,
2007067145,1750.0,3,0,0,0,0,0,0,0,0,1,0,,67,5,2007,3,40.0359,-75.1811,1750.0,6,0,0,0,0,0,1,0,0,1.0,0,0,0,99,1,1,0,,2,40 02:09.135,3.0,0,75 10:51.794,8,0,0,0,67301,0,0,0,N,0,0,0,3,67301,0,,1,1,,N,N,,0,,0,0,0,0,0,N,9999,1,3,0,0,1,1,0,3,4,0,3,3,,N,,,,,,,,,,,
2007029259,910.0,1,0,0,0,0,0,0,0,0,1,0,,67,1,2007,6,40.0694,-75.1859,909.0,6,0,0,0,0,0,0,0,0,,0,0,0,8,1,0,1,,0,40 04:09.753,,0,75 11:09.110,9,0,0,0,67301,0,0,0,N,0,0,0,3,67301,0,,1,2,,N,N,,0,,0,0,1,3,3,,816,0,2,0,0,0,0,1,3,4,0,2,10,,N,,,,,,,,,,,
2007029316,1846.0,1,0,0,0,0,0,0,0,0,1,0,,67,1,2007,4,40.0155,-75.1769,1842.0,6,0,0,0,0,1,0,0,0,1.0,0,0,0,18,3,2,7,,2,40 00:57.000,4.0,2,75 10:33.750,4,0,0,0,67301,0,0,0,N,0,0,0,6,67301,2,,1,1,,N,N,,1,,0,0,0,3,8,Y,1838,2,3,0,0,2,0,0,3,4,1,3,3,,N,,,,,,,,,,,
2007092306,9999.0,2,0,0,0,0,0,0,0,0,5,0,,67,7,2007,1,39.9349,-75.1626,,6,0,0,0,0,0,0,0,0,,0,0,0,99,3,0,0,,0,39 56:05.719,,0,75 09:45.536,9,0,0,0,67301,0,0,0,,0,0,0,1,67301,0,,1,1,,,,,0,,0,0,1,9,3,,9999,0,3,0,0,0,0,1,3,4,0,3,3,,N,,,,,,,,,,,
2007092346,1420.0,1,0,0,0,0,0,0,0,0,4,0,,67,6,2007,7,39.9503,-75.1658,1418.0,6,0,0,0,0,1,1,0,0,,0,0,0,99,1,1,1,,0,39 57:01.144,,0,75 09:56.951,8,0,0,0,67301,0,0,0,N,0,0,0,3,67301,0,,1,1,,N,N,,0,,0,0,1,2,2,,9999,1,2,0,0,0,1,1,3,4,0,2,3,,N,,,,,,,,,,,
2007092615,830.0,1,0,0,0,0,0,0,0,0,8,0,,67,7,2007,4,40.0225,-75.1317,820.0,6,0,0,0,0,0,0,0,0,,0,0,0,8,1,1,1,,0,40 01:20.856,,0,75 07:53.943,4,0,0,0,67301,1,0,0,N,1,0,0,2,67301,1,,1,9,,N,N,,0,,0,0,0,9,3,,800,1,2,0,0,0,0,0,3,4,0,1,7,,N,,,,,,,,,,,
2007082593,1725.0,1,0,0,1,0,0,0,0,0,4,0,,67,5,2007,3,39.9889,-75.1628,1720.0,6,0,0,0,0,0,0,0,0,2.0,0,0,0,17,1,1,0,,1,39 59:20.079,4.0,7,75 09:46.148,4,0,0,0,67301,1,0,0,,0,0,0,2,67301,1,,1,1,,,,,0,,0,0,0,3,3,Y,1720,1,2,0,0,0,0,0,3,4,0,1,3,,N,,,,,,,,,,,
2007120618,1935.0,2,0,0,0,0,0,0,0,0,1,0,,67,10,2007,3,40.0178,-75.0483,1925.0,6,0,0,0,0,0,0,0,0,,0,0,0,19,2,2,0,,0,40 01:04.000,,0,75 02:53.288,3,0,0,0,67301,0,0,0,N,0,0,0,3,67301,0,,1,1,,N,N,,0,,2,0,0,0,0,,1920,2,2,0,0,0,0,0,3,4,0,2,99,,N,,,,,,,,,,,
2007027645,1328.0,1,0,0,0,0,0,0,0,0,8,0,,67,2,2007,5,39.9217,-75.1703,1320.0,6,0,0,0,0,0,0,0,0,,0,0,0,13,1,1,0,,0,39 55:18.000,,0,75 10:13.204,8,0,0,0,67301,1,0,0,N,1,0,0,2,67301,0,,6,1,,N,N,,0,,0,0,0,0,0,,1320,1,2,0,0,0,1,0,3,4,0,1,3,,N,,,,,,,,,,,
2007027745,1223.0,1,0,0,0,0,0,0,0,0,8,0,,67,1,2007,6,39.9604,-75.1684,1223.0,6,0,0,0,0,0,0,0,0,,0,0,0,12,1,1,2,,0,39 57:37.465,,0,75 10:06.409,8,0,0,0,67301,1,0,0,N,1,0,0,2,67301,0,,1,1,,N,N,,0,,0,0,0,3,3,,1223,1,2,0,0,0,1,0,3,4,0,1,3,,N,,,,,,,,,,,
2007022771,2052.0,2,0,0,0,0,0,0,0,0,4,0,,67,1,2007,5,39.9244,-75.1438,2046.0,6,0,0,0,0,0,1,0,0,,0,0,0,20,3,0,0,,0,39 55:27.791,,0,75 08:37.828,0,0,0,0,67301,0,0,0,N,0,0,0,3,67301,0,,1,1,,N,N,,0,,0,0,0,3,2,,2042,0,2,0,0,0,0,0,3,4,0,2,3,,N,,,,,,,,,,,
2007022772,1227.0,1,0,0,0,0,0,0,0,0,6,1,,67,1,2007,6,39.9034,-75.1739,1224.0,6,0,0,0,0,0,0,0,0,1.0,0,1,0,12,1,3,0,,1,39 54:12.000,1.0,0,75 10:25.998,3,0,0,0,67301,0,0,0,N,0,0,0,4,67301,0,,1,1,,N,N,,0,,3,0,0,0,0,N,1207,3,2,0,0,0,0,0,3,4,0,2,3,,N,,,,,,,,,,,
2007022797,2130.0,1,0,0,0,0,0,0,0,0,8,0,,67,1,2007,6,40.057,-75.0933,2126.0,6,0,0,0,0,0,0,0,0,1.0,0,0,0,20,3,1,3,,2,40 03:25.264,3.0,0,75 05:35.815,8,0,0,0,67301,1,0,0,N,1,0,0,2,67301,0,,1,9,,N,N,,0,,0,0,0,9,3,Y,2040,1,2,0,0,0,1,0,3,4,0,1,7,,N,,,,,,,,,,,
2007066301,154.0,1,0,0,0,0,0,0,0,0,7,0,,67,5,2007,4,40.0075,-75.202,148.0,6,0,0,0,0,0,0,0,0,,0,0,0,1,3,2,2,,0,40 00:26.928,,0,75 12:07.199,3,0,0,0,67301,0,0,0,,0,0,0,2,67301,1,,5,1,,N,N,,0,,1,0,0,9,3,,145,2,1,0,0,1,0,0,3,4,0,1,3,,N,,,,,,,,,,,
2007066328,1910.0,1,0,0,0,0,0,0,0,0,4,0,,67,5,2007,2,39.9739,-75.267,1900.0,6,0,0,0,0,0,0,0,0,,0,0,0,19,1,1,2,,0,39 58:26.130,,0,75 16:01.131,8,0,0,0,67301,0,0,0,,0,0,0,3,67301,0,,1,1,,,N,,1,,0,0,0,0,0,,1900,1,2,0,0,0,1,1,3,4,0,2,3,,N,,,,,,,,,,,
2007066339,2200.0,1,0,0,1,0,0,0,0,0,4,0,,67,5,2007,3,39.9433,-75.2109,2200.0,6,0,0,0,0,0,1,0,0,,0,0,0,21,3,1,1,,0,39 56:36.006,,0,75 12:39.070,8,0,0,0,67301,1,0,0,N,0,0,0,2,67301,0,,1,1,,N,N,,0,,0,0,0,3,2,,2155,1,2,0,0,0,1,0,3,4,0,1,3,,N,,,,,,,,,,,
2007066344,1450.0,0,0,0,0,0,0,0,0,0,4,0,,67,4,2007,5,40.0206,-75.1547,410.0,6,0,0,0,0,1,1,0,0,,0,0,0,4,3,2,1,,0,40 01:13.974,,0,75 09:13.247,8,0,0,0,67301,0,0,0,,0,0,0,3,67301,0,,7,1,,,,,1,,0,0,0,0,0,,400,2,2,0,0,0,2,1,3,4,1,2,3,,N,,,,,,,,,,,
2007056580,1705.0,1,0,0,0,0,0,0,0,0,8,0,,67,4,2007,3,40.0254,-75.1676,1704.0,6,0,0,0,0,0,0,0,0,,0,0,0,17,1,1,0,,0,40 01:31.000,,0,75 10:03.555,3,0,0,0,67301,1,0,0,N,1,0,0,2,67301,0,,1,1,,N,N,,0,,1,0,0,0,0,,1700,1,2,0,0,0,0,0,3,4,0,1,3,,N,,,,,,,,,,,
2007058949,1746.0,1,0,0,0,0,0,0,0,0,4,0,,67,5,2007,1,40.0012,-75.2264,1746.0,6,0,0,0,0,0,1,0,1,,0,0,0,17,1,2,1,,0,40 00:07.000,,0,75 13:29.243,4,0,0,0,67301,0,0,0,N,0,0,0,3,46104,2,,1,1,,N,N,,0,,0,0,1,3,2,,1746,2,2,0,0,0,0,0,3,4,0,2,3,,N,,,,,,,,,,,
2007067487,9.0,2,0,0,0,0,0,0,0,0,4,0,,67,5,2007,5,39.9927,-75.1451,9.0,6,0,0,0,0,0,0,0,0,,0,0,0,0,6,2,1,,0,39 59:33.000,,0,75 08:42.504,8,0,0,0,67301,0,0,0,N,0,0,0,4,67301,0,,1,1,,N,N,,0,,0,0,0,3,2,,1,2,2,0,0,0,2,0,3,4,0,2,3,,N,,,,,,,,,,,
2007067496,1155.0,1,0,0,0,0,0,0,0,0,8,0,,67,5,2007,3,39.9331,-75.1608,1144.0,6,0,0,0,0,0,0,0,0,,0,0,0,11,1,1,0,,0,39 55:59.217,,0,75 09:38.772,8,0,0,0,67301,1,0,0,N,1,0,0,2,67301,0,,1,1,,N,N,,0,,0,0,0,9,2,,1144,1,2,0,0,1,1,0,3,4,0,1,3,,N,,,,,,,,,,,
2007067283,906.0,0,0,0,0,0,0,0,0,0,7,0,,67,4,2007,6,,,902.0,6,0,0,0,0,0,0,0,0,2.0,0,0,0,9,1,0,0,,2,,2.0,0,,0,0,0,0,67301,0,0,0,N,0,0,0,1,67301,0,,4,9,,N,N,,0,,0,0,1,0,0,Y,901,0,1,0,0,0,0,0,3,3,0,1,7,,N,,,,,,,,,,,
2007067179,1127.0,0,0,0,1,0,0,0,0,0,4,0,,67,5,2007,4,40.053,-75.1889,1123.0,6,0,0,0,0,0,1,0,0,,0,0,0,11,1,1,1,,0,40 03:10.886,,0,75 11:19.982,4,0,0,0,67301,1,0,0,N,0,0,0,2,67301,1,,1,1,,N,N,,1,,0,0,0,3,3,,1112,1,2,0,0,0,0,0,3,4,0,1,3,,N,,,,,,,,,,,
2007099092,9999.0,2,0,0,0,0,0,0,0,0,6,0,,67,8,2007,2,40.0207,-75.0461,9999.0,6,0,0,1,0,0,0,0,0,,0,0,0,22,3,1,1,,0,40 01:14.448,,0,75 02:45.985,8,0,0,0,67301,0,0,0,,0,0,0,3,67301,0,,4,1,,,,,0,,0,0,0,9,3,,2200,1,2,0,0,0,1,0,3,4,0,2,3,,N,,,,,,,,,,,
2007057333,1125.0,1,0,0,0,0,0,0,0,0,5,0,,67,4,2007,5,40.0094,-75.1527,1120.0,6,0,0,0,0,0,0,0,0,,0,0,0,11,1,1,1,,0,40 00:34.013,,0,75 09:09.847,4,0,0,0,67301,0,0,0,N,0,0,0,2,67301,1,,1,9,,N,N,,3,,0,0,0,3,2,,1115,1,5,0,0,1,0,0,3,4,1,5,7,,N,,,,,,,,,,,
2007067115,2005.0,2,0,0,0,0,0,0,0,0,4,0,,67,5,2007,7,39.9206,-75.2414,1958.0,6,0,0,0,0,0,1,0,0,,0,0,0,19,4,2,1,,0,39 55:14.271,,0,75 14:29.219,4,0,0,0,67301,0,0,0,N,0,0,0,4,67301,2,,1,1,,N,N,,0,,0,0,0,3,2,,1940,2,2,0,0,0,0,0,3,4,0,2,3,,N,,,,,,,,,,,
2007029264,715.0,0,0,0,0,0,0,0,0,0,4,1,,67,1,2007,7,40.0487,-75.0024,710.0,6,0,0,0,0,0,1,0,0,1.0,0,1,0,7,1,1,2,,2,40 02:55.000,5.0,2,75 00:08.655,3,0,0,0,67301,0,0,0,N,0,0,0,3,67301,0,,1,9,,N,N,,0,,1,0,1,0,0,Y,705,1,2,0,0,1,0,0,3,4,0,2,7,,N,,,,,,,,,,,
2007128229,1540.0,0,0,0,0,0,0,0,0,0,4,0,,67,10,2007,3,39.9549,-75.1511,1534.0,6,0,0,0,0,0,0,0,0,,0,0,0,15,1,1,2,,0,39 57:17.488,,0,75 09:04.083,8,0,0,0,67301,0,0,0,,0,0,0,2,67301,0,,1,1,,,,,1,,0,0,1,3,2,,1520,1,2,0,0,0,1,0,3,4,0,2,3,,N,,,,,,,,,,,
2007097484,1849.0,2,0,0,0,0,0,0,0,0,1,0,,67,7,2007,2,40.0701,-75.0853,1832.0,6,0,0,0,0,0,0,0,0,,0,0,0,17,1,1,3,,0,40 04:12.468,,0,75 05:07.112,4,0,0,0,67301,0,0,0,N,0,0,0,3,67301,1,,1,1,,N,N,,0,,0,0,0,3,4,,1759,1,2,0,0,0,0,0,3,4,0,2,3,,N,,,,,,,,,,,
2007097486,1928.0,1,0,0,0,0,0,0,0,0,8,0,,67,7,2007,5,40.0063,-75.141,1921.0,6,0,0,0,0,0,0,0,0,9.0,0,0,0,19,1,1,0,,2,40 00:22.565,4.0,0,75 08:27.631,4,0,0,0,67301,1,0,0,N,1,0,0,2,67301,1,,1,1,,N,N,,0,,0,0,0,0,0,Y,1920,1,2,0,0,0,0,0,3,4,0,1,3,,N,,,,,,,,,,,
2007125765,237.0,1,0,0,0,0,0,0,0,0,2,0,,67,11,2007,1,40.0566,-75.0466,235.0,6,0,0,0,0,0,0,0,0,,0,0,0,2,3,3,1,,0,40 03:23.000,,0,75 02:47.581,2,0,0,0,67301,0,0,0,N,0,0,0,3,67301,1,,1,9,,N,N,,1,,0,2,0,3,2,,234,3,2,0,2,3,0,0,3,4,0,2,3,,N,,,,,,,,,,,
2007095051,2254.0,2,0,0,0,0,0,0,0,0,1,0,,67,8,2007,7,40.0975,-75.048,2254.0,6,0,0,0,0,0,0,0,0,9.0,0,0,0,99,3,1,0,,1,40 05:50.000,1.0,0,75 02:52.788,4,0,0,0,67301,0,0,0,N,0,0,0,1,67301,1,,6,1,,N,N,,0,,0,0,0,0,0,N,9999,1,2,0,0,0,0,0,3,4,0,2,3,,N,,,,,,,,,,,
2007095080,1833.0,1,0,0,0,0,0,0,0,0,8,0,,67,8,2007,1,39.9893,-75.1555,1824.0,6,0,0,0,0,0,0,0,0,,0,0,0,17,1,1,1,,0,39 59:21.000,,0,75 09:19.705,8,0,0,0,67301,1,0,0,N,1,0,0,2,67301,0,,9,1,,N,N,,0,,0,0,0,0,0,,1730,1,2,0,0,0,1,1,3,4,0,1,3,,N,,,,,,,,,,,
2007095085,1040.0,1,0,0,0,0,0,0,0,0,8,0,,67,8,2007,3,40.1079,-75.0264,1037.0,6,0,0,0,0,0,0,1,0,,0,0,0,10,1,1,2,,0,40 06:28.000,,0,75 01:35.427,3,0,0,0,67301,1,0,0,N,1,0,0,3,67301,0,,1,1,,N,N,,0,,1,0,0,3,2,,1032,1,2,0,0,0,0,0,3,4,0,1,3,,N,,,,,,,,,,,
2007092760,2105.0,2,0,0,0,0,0,0,0,0,4,0,,67,7,2007,6,39.9339,-75.2254,2105.0,6,0,1,0,0,0,0,0,0,1.0,0,0,0,21,3,2,1,,2,39 56:01.982,7.0,0,75 13:31.425,4,0,0,0,67301,3,0,0,N,0,0,0,6,67301,1,,1,1,,N,N,,0,,0,0,1,1,3,Y,2100,2,3,0,0,0,1,0,3,4,0,3,3,,N,,,,,,,,,,,
2007121128,1410.0,2,0,0,0,0,0,0,0,0,4,0,,67,10,2007,5,39.9486,-75.1778,1405.0,6,0,0,0,0,0,0,0,0,2.0,0,0,0,14,1,1,1,,2,39 56:54.996,1.0,0,75 10:40.173,8,0,0,0,67301,0,0,0,N,0,0,0,2,67301,0,,1,1,,N,N,,0,,0,0,0,3,2,Y,1405,1,2,0,0,0,1,0,3,4,0,2,3,,N,,,,,,,,,,,
2007125444,648.0,2,0,0,0,0,0,0,0,0,4,0,,67,11,2007,5,40.0705,-75.037,645.0,6,0,0,0,0,0,0,0,0,1.0,0,0,0,6,1,1,1,,2,40 04:13.911,3.0,0,75 02:13.329,8,0,0,0,67301,0,0,0,N,0,0,0,2,67301,0,,1,1,,N,N,,0,,0,0,0,3,3,Y,640,1,2,0,0,1,1,0,3,4,0,2,3,,N,,,,,,,,,,,
2007120528,2113.0,1,0,0,0,0,0,0,0,0,1,0,,67,6,2007,1,40.0197,-75.1312,2110.0,6,0,0,0,0,0,0,0,0,,1,0,0,99,2,0,0,,0,40 01:10.866,,0,75 07:52.320,1,1,0,1,67301,0,0,0,N,0,0,0,1,67301,0,2.0,1,1,,N,N,,0,0.0,0,0,0,0,0,,9999,0,2,0,0,0,0,0,3,4,0,2,3,,N,,,,,,,,,,,
2007120589,1235.0,1,0,0,1,0,0,0,0,0,4,0,,67,10,2007,7,39.9644,-75.2463,1231.0,6,1,0,0,0,0,0,0,0,,0,0,0,12,1,1,0,,0,39 57:51.000,,0,75 14:46.846,4,0,0,0,67301,1,0,0,N,0,0,0,2,67301,1,,1,1,,N,N,,0,,0,0,0,0,0,,1227,1,2,0,0,0,0,0,3,4,0,1,3,,N,,,,,,,,,,,
2007120632,452.0,5,0,0,0,0,0,0,0,0,5,0,,67,9,2007,1,39.9252,-75.1566,444.0,6,0,0,0,0,0,0,0,0,,0,0,0,4,3,2,0,,0,39 55:30.586,,0,75 09:23.580,4,0,0,0,67301,0,0,0,N,0,0,0,2,67301,1,,2,1,,N,N,,0,,0,0,0,0,0,,441,2,5,0,0,0,1,0,3,4,0,5,3,,N,,,,,,,,,,,
2007080479,1427.0,0,0,0,0,0,0,0,0,0,8,0,,67,6,2007,1,40.0429,-75.1043,1426.0,6,0,0,0,0,0,1,0,0,,0,0,0,14,1,1,0,,0,40 02:34.000,,0,75 06:15.470,8,0,0,0,67301,1,0,0,N,1,0,0,2,67301,0,,1,1,,N,N,,0,,0,0,0,0,0,,1424,1,2,0,0,0,1,0,3,4,1,1,3,,N,,,,,,,,,,,
2007075237,725.0,0,0,0,0,0,0,0,0,0,7,0,,67,7,2007,4,,,720.0,6,0,0,0,0,0,0,0,0,,0,0,0,7,1,0,0,,0,,,0,,0,0,0,0,67301,0,0,0,N,0,0,0,1,67501,0,,3,9,,N,N,,1,,0,0,0,3,8,,715,0,1,0,0,0,0,0,3,3,0,1,7,,N,,,,,,,,,,,
2007027803,1240.0,2,0,0,0,0,0,0,0,0,4,0,,67,1,2007,6,39.9522,-75.2408,1235.0,6,0,0,0,0,1,0,0,0,,0,0,0,12,1,1,1,,0,39 57:07.894,,0,75 14:26.897,4,0,0,0,67301,0,0,0,,0,0,0,2,67301,1,,1,9,,,,,0,,0,0,0,9,2,,1233,1,2,0,0,0,0,0,3,4,0,2,7,,N,,,,,,,,,,,