CRN,ARRIVAL_TM,AUTOMOBILE_COUNT,BELTED_DEATH_COUNT,BELTED_SUSP_SERIOUS_INJ_COUNT,BICYCLE_COUNT,BICYCLE_DEATH_COUNT,BICYCLE_SUSP_SERIOUS_INJ_COUNT,BUS_COUNT,CHLDPAS_DEATH_COUNT,CHLDPAS_SUSP_SERIOUS_INJ_COUNT,COLLISION_TYPE,COMM_VEH_COUNT,CONS_ZONE_SPD_LIM,COUNTY,CRASH_MONTH,CRASH_YEAR,DAY_OF_WEEK,DEC_LAT,DEC_LONG,DISPATCH_TM,DISTRICT,DRIVER_COUNT_16YR,DRIVER_COUNT_17YR,DRIVER_COUNT_18YR,DRIVER_COUNT_19YR,DRIVER_COUNT_20YR,DRIVER_COUNT_50_64YR,DRIVER_COUNT_65_74YR,DRIVER_COUNT_75PLUS,EST_HRS_CLOSED,FATAL_COUNT,HEAVY_TRUCK_COUNT,HORSE_BUGGY_COUNT,HOUR_OF_DAY,ILLUMINATION,INJURY_COUNT,INTERSECT_TYPE,INTERSECTION_RELATED,LANE_CLOSED,LATITUDE,LN_CLOSE_DIR,LOCATION_TYPE,LONGITUDE,MAX_SEVERITY_LEVEL,MCYCLE_DEATH_COUNT,MCYCLE_SUSP_SERIOUS_INJ_COUNT,MOTORCYCLE_COUNT,MUNICIPALITY,NONMOTR_COUNT,NONMOTR_DEATH_COUNT,NONMOTR_SUSP_SERIOUS_INJ_COUNT,NTFY_HIWY_MAINT,PED_COUNT,PED_DEATH_COUNT,PED_SUSP_SERIOUS_INJ_COUNT,PERSON_COUNT,POLICE_AGCY,POSSIBLE_INJ_COUNT,RDWY_SURF_TYPE_CD,RELATION_TO_ROAD,ROAD_CONDITION,ROADWAY_CLEARED,SCH_BUS_IND,SCH_ZONE_IND,SECONDARY_CRASH,SMALL_TRUCK_COUNT,SPEC_JURIS_CD,SUSP_MINOR_INJ_COUNT,SUSP_SERIOUS_INJ_COUNT,SUV_COUNT,TCD_FUNC_CD,TCD_TYPE,TFC_DETOUR_IND,TIME_OF_DAY,TOT_INJ_COUNT,TOTAL_UNITS,UNB_DEATH_COUNT,UNB_SUSP_SERIOUS_INJ_COUNT,UNBELTED_OCC_COUNT,UNK_INJ_DEG_COUNT,UNK_INJ_PER_COUNT,URBAN_AREA,URBAN_RURAL,VAN_COUNT,VEHICLE_COUNT,WEATHER1,WEATHER2,WORK_ZONE_IND,WORK_ZONE_LOC,WORK_ZONE_TYPE,WORKERS_PRES,WZ_CLOSE_DETOUR,WZ_FLAGGER,WZ_LAW_OFFCR_IND,WZ_LN_CLOSURE,WZ_MOVING,WZ_OTHER,WZ_SHLDER_MDN,WZ_WORKERS_INJ_KILLED
2007025829,331.0,0,0,0,0,0,0,0,0,0,7,0,,67,1,2007,2,39.9088,-75.1575,330.0,6,0,0,0,0,0,0,0,0,,0,0,0,3,3,0,0,,0,39 54:31.514,,2,75 09:26.913,0,0,0,0,67301,0,0,0,N,0,0,0,1,67501,0,,2,9,,N,N,,0,,0,0,1,0,0,,330,0,1,0,0,0,0,0,3,4,0,1,7,,N,,,,,,,,,,,
2007112088,1530.0,1,0,0,0,0,0,0,0,0,1,0,,67,9,2007,6,39.9443,-75.2444,1524.0,6,0,0,0,0,0,1,0,0,,0,0,0,14,1,1,3,,0,39 56:39.000,,0,75 14:40.212,8,0,0,0,67301,0,0,0,,0,0,0,2,67301,0,,1,1,,,,,0,,0,0,0,3,2,,1450,1,2,0,0,0,1,0,3,4,1,2,3,,N,,,,,,,,,,,
2007023070,630.0,1,0,0,0,0,0,0,0,0,2,0,,67,1,2007,2,39.9751,-75.2478,555.0,6,0,0,0,0,0,1,0,0,,0,0,0,3,3,1,2,,0,39 58:30.354,,0,75 14:52.171,4,0,0,0,67301,0,0,0,,0,0,0,2,67301,1,,1,9,,N,N,,0,,0,0,1,9,3,,330,1,2,0,0,0,0,0,3,4,0,2,7,,N,,,,,,,,,,,
2007023185,40.0,0,0,0,0,0,0,0,0,0,7,0,,67,1,2007,1,40.0093,-75.205,32.0,6,0,0,0,0,0,0,0,0,1.0,0,0,0,0,3,1,3,,1,40 00:25.000,4.0,2,75 11:58.727,8,0,0,1,67301,0,0,0,N,0,0,0,1,67301,0,,2,1,,N,N,,0,,0,0,0,0,0,N,29,1,1,0,0,0,1,0,3,4,0,1,3,,N,,,,,,,,,,,
2007023836,1229.0,1,0,0,0,0,0,0,0,0,7,0,,67,1,2007,3,,,1226.0,6,0,0,0,0,0,1,0,0,1.0,0,0,0,12,1,1,0,,2,,5.0,0,,8,0,0,0,67301,0,0,0,N,0,0,0,1,67301,0,,2,1,,N,N,,0,,0,0,0,0,0,Y,1226,1,1,0,0,1,1,0,3,3,0,1,3,,N,,,,,,,,,,,
2007049925,1610.0,2,0,0,0,0,0,0,0,0,4,0,,67,2,2007,6,40.038,-75.068,1610.0,6,0,0,0,0,0,0,0,0,2.0,0,0,0,16,1,6,1,,2,40 02:16.000,5.0,0,75 04:04.755,4,0,0,0,67301,0,0,0,N,0,0,0,8,67301,5,,1,1,,N,N,,0,,0,0,0,3,2,Y,1610,6,2,0,0,0,1,0,3,4,0,2,3,,N,,,,,,,,,,,
2007047592,1547.0,0,0,0,0,0,0,1,0,0,1,1,,67,2,2007,5,40.0084,-75.1704,1543.0,6,0,0,0,0,0,2,0,0,,0,0,0,15,1,2,2,,0,40 00:30.000,,0,75 10:13.460,3,0,0,0,67301,0,0,0,,0,0,0,3,67301,0,,1,2,,N,N,,1,,1,0,0,3,2,,1530,2,2,0,0,0,1,0,3,4,0,2,10,,N,,,,,,,,,,,
2007047603,1243.0,1,0,0,0,0,0,0,0,0,4,0,,67,3,2007,7,39.9093,-75.173,1240.0,6,0,0,0,0,0,2,0,0,1.0,0,0,0,12,1,1,2,,1,39 54:33.000,2.0,0,75 10:22.672,4,0,0,1,67301,0,0,0,N,0,0,0,4,67301,1,,1,1,,N,N,,0,,0,0,0,3,1,Y,1237,1,2,0,0,0,0,0,3,4,0,2,3,,N,,,,,,,,,,,
2007081701,12.0,1,0,0,0,0,0,0,0,0,6,0,,67,6,2007,2,40.066,-75.0355,10.0,6,0,0,0,0,0,0,0,0,,0,0,0,0,3,1,0,,0,40 03:57.500,,0,75 02:07.900,3,0,0,0,67301,0,0,0,,0,0,0,1,67301,0,,6,1,,,,,0,,1,0,2,0,0,,5,1,3,0,0,0,0,0,3,4,0,3,3,,N,,,,,,,,,,,
2007081756,2130.0,2,0,0,0,0,0,0,0,0,4,0,,67,5,2007,7,39.9641,-75.2164,2048.0,6,1,0,0,0,0,0,0,0,,0,0,0,20,3,2,1,,0,39 57:50.770,,0,75 12:59.018,4,0,0,0,67301,0,0,0,,0,0,0,3,67301,2,,1,9,,N,,,0,,0,0,0,3,2,,2045,2,2,0,0,0,0,1,3,4,0,2,7,,N,,,,,,,,,,,
2007081544,1330.0,1,0,0,1,0,0,0,0,0,4,0,,67,6,2007,6,40.069,-75.1523,1320.0,6,0,0,0,0,0,0,0,0,,0,0,0,13,1,0,0,,0,40 04:08.482,,0,75 09:08.341,9,0,0,0,67301,1,0,0,N,0,0,0,2,67301,0,,1,1,,N,N,,0,,0,0,0,0,0,,1315,0,2,0,0,0,0,1,3,4,0,1,3,,N,,,,,,,,,,,
2007126561,810.0,0,0,0,0,0,0,0,0,0,2,1,,67,5,2007,2,40.0022,-75.121,810.0,6,0,0,0,0,0,0,0,0,,0,1,0,8,5,1,0,,0,40 00:08.073,,7,75 07:15.565,2,0,1,1,67301,0,0,0,,0,0,0,2,67301,0,,1,1,,N,N,,0,,0,1,0,0,0,,800,1,2,0,0,1,0,0,3,4,0,2,3,,N,,,,,,,,,,,
2007107821,1725.0,1,0,0,0,0,0,0,0,0,7,0,,67,8,2007,4,40.0824,-74.967,1715.0,6,0,0,0,0,0,0,0,0,1.0,0,0,0,17,1,0,0,,2,40 04:56.662,3.0,0,74 58:01.098,0,0,0,0,67301,0,0,0,Y,0,0,0,1,67301,0,,2,1,,N,N,,0,,0,0,0,0,0,N,1710,0,1,0,0,0,0,0,3,4,0,1,3,,N,,,,,,,,,,,
2007107833,1158.0,2,0,0,0,0,0,0,0,0,4,0,,67,9,2007,4,39.9838,-75.1246,1155.0,6,0,0,0,0,0,1,0,0,,0,0,0,11,1,1,1,,0,39 59:01.525,,0,75 07:28.397,4,0,0,0,67301,0,0,0,N,0,0,0,2,67301,1,,1,1,,N,N,,0,,0,0,0,3,3,,1153,1,2,0,0,0,0,1,3,4,0,2,3,,N,,,,,,,,,,,
2007107918,1903.0,2,0,0,0,0,0,0,0,0,4,0,,67,9,2007,1,39.973,-75.2261,1846.0,6,0,0,0,0,0,0,0,0,,0,0,0,18,1,1,10,,0,39 58:22.755,,0,75 13:34.045,8,0,0,0,67301,0,0,0,N,0,0,0,2,67301,0,,1,1,,N,N,,0,,0,0,0,9,2,,1845,1,2,0,0,0,1,0,3,4,0,2,3,,N,,,,,,,,,,,
2007103178,2147.0,1,0,0,0,0,0,0,0,0,1,0,,67,9,2007,5,39.9972,-75.1963,2135.0,6,0,0,1,0,0,0,0,0,1.0,0,0,0,21,3,0,0,,2,39 59:55.000,4.0,0,75 11:43.788,9,0,0,0,67301,0,0,0,N,0,0,0,2,68K01,0,,1,1,,N,N,,1,,0,0,0,0,0,N,2134,0,2,0,0,0,0,1,3,4,0,2,3,,N,,,,,,,,,,,
2007097886,807.0,1,0,0,0,0,0,0,0,0,1,0,,67,8,2007,1,39.9612,-75.1826,804.0,6,0,0,0,0,0,0,0,0,,0,0,0,4,3,1,0,,0,39 57:34.000,,2,75 10:51.745,4,0,0,1,67301,0,0,0,,0,0,0,2,67301,1,,7,1,,,,,0,,0,0,0,0,0,,430,1,2,0,0,0,0,0,3,4,0,2,3,,N,,,,,,,,,,,
2007095373,1815.0,0,0,0,0,0,0,0,0,0,4,0,,67,8,2007,6,39.9213,-75.146,1815.0,6,0,0,0,0,0,0,0,0,,0,0,0,18,1,1,1,,0,39 55:16.000,,0,75 08:45.760,8,0,0,0,67301,0,0,0,N,0,0,0,2,67301,0,,4,1,,N,N,,0,,0,0,1,3,3,,1815,1,2,0,0,0,1,1,3,4,1,2,3,,N,,,,,,,,,,,
2007095801,9999.0,0,0,0,0,0,0,0,0,0,8,0,,67,8,2007,1,40.0025,-75.209,1452.0,6,0,0,0,0,0,1,0,0,1.0,0,0,0,14,1,1,0,,2,40 00:08.974,6.0,0,75 12:32.382,3,0,0,0,67301,1,0,0,N,1,0,0,2,67301,0,,1,1,,N,N,,0,,1,0,1,3,2,Y,1451,1,2,0,0,0,0,0,3,4,0,1,3,,N,,,,,,,,,,,
2007095874,915.0,2,0,0,0,0,0,0,0,0,4,0,,67,8,2007,3,39.9851,-75.2491,913.0,6,0,0,0,0,0,1,0,0,,0,0,0,8,1,2,2,,0,39 59:06.450,,0,75 14:56.619,4,0,0,0,67301,0,0,0,N,0,0,0,2,67301,2,,1,1,,N,N,,0,,0,0,0,0,0,,853,2,2,0,0,0,0,0,3,4,0,2,3,,N,,,,,,,,,,,
2007027547,1922.0,1,0,0,0,0,0,0,0,0,8,0,,67,1,2007,7,39.9221,-75.1648,1918.0,6,0,0,0,0,0,1,0,0,,0,0,0,19,3,1,2,,0,39 55:19.380,,0,75 09:53.366,4,0,0,0,67301,1,0,0,N,1,0,0,2,67301,1,,1,9,,N,N,,0,,0,0,0,3,3,,1918,1,2,0,0,0,0,0,3,4,0,1,7,,N,,,,,,,,,,,
2007030085,1445.0,2,0,0,0,0,0,0,0,0,1,0,,67,1,2007,4,39.9533,-75.2053,1436.0,6,0,0,0,0,0,0,0,0,,0,0,0,14,1,0,1,,0,39 57:11.818,,0,75 12:19.202,0,0,0,0,67301,0,0,0,N,0,0,0,2,67301,0,,1,1,,N,N,,0,,0,0,0,3,3,,1432,0,3,0,0,0,0,0,3,4,1,3,3,,N,,,,,,,,,,,
2007030105,1908.0,1,0,0,0,0,0,0,0,0,4,0,,67,1,2007,7,39.9025,-75.2248,1906.0,6,0,0,0,0,0,0,0,1,2.0,0,0,0,19,3,2,3,,2,39 54:09.464,2.0,0,75 13:29.503,4,0,0,1,67301,0,0,0,N,0,0,0,2,67301,1,,1,1,,N,N,,0,,0,0,0,0,0,Y,1903,2,2,0,0,0,1,0,3,4,0,2,3,,N,,,,,,,,,,,
2007027510,1703.0,0,0,0,0,0,0,0,0,0,8,0,,67,1,2007,6,,,1701.0,6,0,0,0,0,0,0,0,1,,0,0,0,17,3,1,0,,0,,,0,,2,0,0,0,67301,1,0,1,,1,0,1,2,67301,0,,1,9,,,,,1,,0,1,0,0,0,,1700,1,2,0,0,0,0,0,3,3,0,1,7,,N,,,,,,,,,,,
2007027641,2150.0,4,0,0,0,0,0,0,0,0,2,0,,67,1,2007,7,40.0136,-75.2004,2145.0,6,0,0,1,0,0,1,0,0,2.0,0,0,0,21,3,1,0,,1,40 00:48.852,3.0,0,75 12:01.443,4,0,0,0,67301,0,0,0,N,0,0,0,8,67301,1,,1,9,,N,N,,0,,0,0,1,0,0,Y,2140,1,5,0,0,1,0,0,3,4,0,5,7,,N,,,,,,,,,,,
2007027723,1628.0,2,0,0,0,0,0,0,0,0,1,0,,67,1,2007,2,40.0511,-75.1186,1625.0,6,0,0,0,0,0,1,0,0,,0,0,0,16,1,1,1,,0,40 03:03.960,,0,75 07:06.960,4,0,0,0,67301,0,0,0,N,0,0,0,3,67301,1,,1,9,,N,N,,0,,0,0,0,3,2,,1625,1,2,0,0,0,0,0,3,4,0,2,7,,N,,,,,,,,,,,
2007027728,1641.0,1,0,0,1,0,0,0,0,0,4,0,,67,1,2007,7,39.9513,-75.1551,1639.0,6,0,0,0,0,0,0,0,0,,0,0,0,15,1,1,1,,0,39 57:04.000,,0,75 09:18.331,8,0,0,0,67301,1,0,0,N,0,0,0,2,67301,0,,1,1,,N,N,,0,,0,0,0,0,0,,1530,1,2,0,0,0,1,0,3,4,0,1,3,,N,,,,,,,,,,,
2007027736,1115.0,2,0,0,0,0,0,0,0,0,2,0,,67,1,2007,2,,,1113.0,6,0,0,0,0,0,1,0,0,2.0,0,0,0,11,1,1,0,,2,,6.0,0,,4,0,0,0,67301,0,0,0,N,0,0,0,2,67301,1,,1,1,,N,N,,3,,0,0,0,0,0,Y,1110,1,5,0,0,0,0,0,3,3,0,5,3,,N,,,,,,,,,,,
2007080950,1710.0,1,0,0,1,0,0,0,0,0,4,0,,67,5,2007,3,39.9374,-75.1873,1654.0,6,0,0,0,0,0,0,0,0,,0,0,0,16,1,1,0,,0,39 56:14.679,,0,75 11:14.352,8,0,0,0,67301,1,0,0,N,0,0,0,5,67301,0,,1,1,,N,N,,0,,0,0,0,0,0,,1653,1,2,0,0,0,1,0,3,4,0,1,3,,N,,,,,,,,,,,
2007096745,2019.0,1,0,0,1,0,0,0,0,0,1,0,,67,8,2007,2,39.9874,-75.1726,2015.0,6,0,0,0,0,0,0,0,0,,0,0,0,20,4,1,2,,0,39 59:14.802,,0,75 10:21.399,4,0,0,0,67301,1,0,0,N,0,0,0,5,67301,1,,1,1,,N,N,,0,,0,0,0,0,0,,2010,1,2,0,0,0,0,0,3,4,0,1,3,,N,,,,,,,,,,,
2007066240,647.0,2,0,0,0,0,0,0,0,0,6,0,,67,5,2007,2,39.9404,-75.1695,642.0,6,0,0,0,0,0,1,0,0,,0,0,0,6,5,2,1,,0,39 56:25.580,,0,75 10:10.347,4,0,0,0,67301,0,0,0,N,0,0,0,3,67301,1,,1,1,,N,N,,0,,0,0,0,3,2,,642,2,2,0,0,0,1,1,3,4,0,2,3,,N,,,,,,,,,,,
2007066253,1210.0,2,0,0,0,0,0,0,0,0,4,0,,67,5,2007,4,40.0247,-75.0337,1205.0,6,0,0,0,0,1,0,0,0,,0,0,0,12,1,1,1,,0,40 01:36.000,,0,75 02:15.308,3,0,0,0,67301,0,0,0,N,0,0,0,2,67301,0,,1,1,,N,N,,0,,1,0,0,3,2,,1205,1,2,0,0,0,0,0,3,4,0,2,3,,N,,,,,,,,,,,
2007058594,1234.0,1,0,0,0,0,0,1,0,0,1,1,,67,4,2007,2,39.9438,-75.1688,1232.0,6,0,0,0,0,0,1,0,0,,0,0,0,12,1,1,0,,0,39 56:37.810,,0,75 10:07.705,8,0,0,0,67301,0,0,0,,0,0,0,3,67301,0,,1,9,,,,,0,,0,0,0,0,0,,1230,1,2,0,0,0,1,0,3,4,0,2,7,,N,,,,,,,,,,,
2007051170,1920.0,2,0,0,0,0,0,0,0,0,2,0,,67,3,2007,3,39.935,-75.2352,1915.0,6,0,0,0,0,0,0,1,0,,0,0,0,18,1,1,3,,0,39 56:06.000,,0,75 14:06.720,8,0,0,0,67301,0,0,0,N,0,0,0,4,67301,0,,1,1,,N,N,,1,,0,0,0,0,0,,1824,1,3,0,0,2,1,0,3,4,0,3,3,,N,,,,,,,,,,,
2007056390,1120.0,2,0,0,0,0,0,0,0,0,5,0,,67,3,2007,4,39.977,-75.156,1114.0,6,0,0,0,0,0,0,0,0,,0,0,0,11,1,1,1,,0,39 58:37.164,,0,75 09:21.596,4,0,0,0,67301,0,0,0,N,0,0,0,3,67301,1,,1,1,,N,N,,0,,0,0,0,3,2,,1110,1,2,0,0,0,0,0,3,4,0,2,3,,N,,,,,,,,,,,
2007056396,1950.0,1,0,0,0,0,0,0,0,0,9,0,99.0,67,3,2007,3,39.9434,-75.1634,1947.0,6,0,0,0,0,0,0,1,0,,0,0,0,19,3,4,0,,0,39 56:36.139,,0,75 09:48.394,4,0,0,0,67301,0,0,0,N,0,0,0,4,67301,3,,1,1,,N,N,,0,,0,0,0,0,0,,1940,4,1,0,0,0,1,0,3,4,0,1,3,,Y,8.0,8.0,U,,,N,,,,,
2007056435,640.0,2,0,0,0,0,0,0,0,0,4,0,,67,4,2007,6,39.9882,-75.1462,635.0,6,0,0,0,0,0,0,0,0,,0,0,0,6,1,3,1,,0,39 59:17.415,,0,75 08:46.215,4,0,0,0,67301,0,0,0,N,0,0,0,3,67301,3,,1,1,,N,N,,0,,0,0,0,3,2,,635,3,2,0,0,0,0,0,3,4,0,2,3,,N,,,,,,,,,,,
2007056440,1525.0,1,0,0,0,0,0,0,0,0,8,0,,67,3,2007,7,39.9651,-75.2054,1520.0,6,0,0,0,0,0,0,0,0,,0,0,0,99,1,1,1,,0,39 57:54.360,,0,75 12:19.440,8,0,0,0,67301,1,0,0,N,1,0,0,2,67301,0,,1,1,,N,N,,0,,0,0,0,3,2,,9999,1,2,0,0,0,1,0,3,4,0,1,3,,N,,,,,,,,,,,
2007067403,1941.0,2,0,0,0,0,0,0,0,0,4,0,,67,5,2007,1,40.1093,-75.0255,1938.0,6,0,0,0,0,0,0,0,1,1.0,0,0,0,19,1,1,0,,1,40 06:33.000,2.0,0,75 01:31.828,4,0,0,0,67301,0,0,0,,0,0,0,4,67301,1,,1,9,,N,N,,0,,0,0,0,0,0,N,1937,1,2,0,0,0,0,0,3,4,0,2,7,,N,,,,,,,,,,,
2007067405,1640.0,1,0,0,0,0,0,0,0,0,4,0,,67,4,2007,2,40.0371,-75.0112,1638.0,6,0,0,0,0,1,0,0,0,,0,0,0,16,1,1,1,,0,40 02:13.000,,0,75 00:41.088,3,0,0,1,67301,0,0,0,N,0,0,0,2,67301,0,,1,1,,N,N,,0,,1,0,0,3,2,,1637,1,2,0,0,0,0,0,3,4,0,2,3,,N,,,,,,,,,,,
2007067448,1943.0,1,0,0,0,0,0,0,0,0,4,0,,67,5,2007,5,39.9477,-75.2418,1940.0,6,0,0,0,1,0,0,0,0,,0,0,0,19,1,1,1,,0,39 56:51.590,,0,75 14:30.328,8,0,0,1,67301,0,0,0,N,0,0,0,3,67301,0,,1,1,,N,N,,0,,0,0,0,9,3,,1915,1,2,0,0,0,1,0,3,4,0,2,3,,N,,,,,,,,,,,
2007067485,1813.0,1,0,0,0,0,0,0,0,0,8,0,,67,5,2007,6,39.9881,-75.1461,1810.0,6,0,0,0,0,0,0,0,0,,0,0,0,18,1,1,0,,0,39 59:17.074,,0,75 08:45.973,8,0,0,0,67301,1,0,0,N,1,0,0,2,67301,0,,1,1,,N,N,,0,,0,0,0,0,0,,1805,1,2,0,0,0,1,0,3,4,0,1,3,,N,,,,,,,,,,,
2007067354,305.0,2,0,0,0,0,0,0,0,0,5,0,,67,5,2007,3,39.9356,-75.1472,258.0,6,0,0,0,0,0,0,0,0,,0,0,0,2,3,0,0,,0,39 56:08.012,,0,75 08:49.830,0,0,0,0,67301,0,0,0,N,0,0,0,1,67301,0,,6,1,,N,N,,0,,0,0,0,0,0,,255,0,2,0,0,0,0,0,3,4,0,2,3,,N,,,,,,,,,,,
2007067264,2108.0,2,0,0,0,0,0,0,0,0,6,0,,67,4,2007,1,40.0312,-75.0852,2103.0,6,0,0,0,0,0,0,0,0,,0,0,0,21,3,2,2,,0,40 01:52.680,,0,75 05:06.000,3,0,0,0,67301,0,0,0,N,0,0,0,3,67301,1,,1,1,,N,N,,0,,1,0,0,3,2,,2100,2,2,0,0,1,0,0,3,4,0,2,3,,N,,,,,,,,,,,
2007067356,1455.0,0,0,0,1,0,0,0,0,0,4,0,,67,5,2007,2,39.964,-75.161,1440.0,6,0,0,0,0,0,0,0,0,,0,0,0,14,1,1,2,,0,39 57:50.000,,0,75 09:39.574,3,0,0,0,67301,1,0,0,,0,0,0,2,67301,0,,1,1,,N,N,,0,,1,0,1,0,0,,1439,1,2,0,0,1,0,0,3,4,0,1,3,,N,,,,,,,,,,,
2007057205,945.0,3,0,0,0,0,0,0,0,0,1,0,,67,3,2007,2,39.9714,-75.2118,938.0,6,0,0,0,0,0,0,0,0,,0,0,0,9,1,0,0,,0,39 58:17.040,,0,75 12:42.480,0,0,0,0,67301,0,0,0,N,0,0,0,1,67301,0,,1,1,,N,N,,0,,0,0,0,0,0,,930,0,4,0,0,1,0,0,3,4,1,4,3,,N,,,,,,,,,,,
2007057209,1325.0,0,0,0,0,0,0,0,0,0,8,0,,67,3,2007,6,39.9732,-75.159,9999.0,6,0,0,0,0,0,0,0,0,,0,0,0,13,1,1,1,,0,39 58:23.000,,0,75 09:32.376,4,0,0,0,67301,1,0,0,N,1,0,0,4,67301,1,,1,9,,N,N,,0,,0,0,1,9,2,,1320,1,2,0,0,3,0,0,3,4,0,1,7,,N,,,,,,,,,,,
2007057249,1315.0,2,0,0,0,0,0,0,0,0,4,0,,67,4,2007,7,39.8931,-75.2301,1308.0,6,0,0,0,0,0,1,0,0,1.0,0,0,0,12,1,0,0,,1,39 53:35.000,1.0,0,75 13:48.480,0,0,0,0,67301,0,0,0,N,0,0,0,7,67301,0,,1,1,,N,N,,0,,0,0,0,0,0,N,1255,0,2,0,0,0,0,0,3,4,0,2,3,,N,,,,,,,,,,,
2007057279,726.0,2,0,0,0,0,0,0,0,0,5,0,,67,3,2007,1,39.9368,-75.1879,725.0,6,0,0,0,0,0,0,0,0,,0,0,0,7,5,0,0,,0,39 56:12.343,,0,75 11:16.288,0,0,0,0,67301,0,0,0,,0,0,0,1,67301,0,,6,1,,,,,0,,0,0,0,0,0,,723,0,2,0,0,0,0,0,3,4,0,2,3,,N,,,,,,,,,,,
2007099107,1915.0,1,0,0,0,0,0,0,0,0,8,0,,67,7,2007,4,40.045,-75.1235,1910.0,6,0,0,0,0,0,0,0,0,,0,0,0,17,1,1,1,,0,40 02:41.000,,0,75 07:24.668,8,0,0,0,67301,1,0,0,N,1,0,0,4,67301,0,,1,1,,N,N,,0,,0,0,0,1,2,,1730,1,2,0,0,0,1,0,3,4,0,1,3,,N,,,,,,,,,,,
2007057332,1610.0,0,0,0,0,0,0,0,0,0,7,0,,67,4,2007,7,40.0729,-74.9749,1610.0,6,0,1,0,0,0,0,0,0,,0,0,0,16,1,0,0,,0,40 04:22.306,,0,74 58:29.658,0,0,0,0,67301,0,0,0,N,0,0,0,2,67301,0,,5,1,,N,N,,0,,0,0,1,0,0,,1610,0,1,0,0,0,0,0,3,4,0,1,3,,N,,,,,,,,,,,
2007097880,1700.0,0,0,0,0,0,0,0,0,0,1,0,,67,7,2007,4,39.9402,-75.2164,1700.0,6,0,0,0,0,0,0,0,0,,0,0,0,99,1,4,1,,0,39 56:24.543,,0,75 12:58.939,4,0,0,0,67301,0,0,0,N,0,0,0,5,67301,4,,1,1,,N,Y,,1,,0,0,1,0,0,,9999,4,2,0,0,0,0,0,3,4,0,2,3,,N,,,,,,,,,,,
2007093169,1825.0,1,0,0,0,0,0,0,0,0,8,0,,67,7,2007,2,39.9681,-75.2395,1820.0,6,0,0,0,0,0,0,0,0,,0,0,0,18,1,1,1,,0,39 58:05.188,,0,75 14:22.246,8,0,0,0,67301,1,0,0,N,1,0,0,2,67301,0,,1,1,,N,N,,0,,0,0,0,3,3,,1815,1,2,0,0,0,1,1,3,4,0,1,3,,N,,,,,,,,,,,
2007095756,2300.0,1,0,0,0,0,0,0,0,0,5,0,,67,8,2007,3,39.9391,-75.1949,2259.0,6,0,0,0,0,0,0,0,0,,0,0,0,22,3,1,0,,0,39 56:20.657,,0,75 11:41.735,8,0,0,0,67301,0,0,0,N,0,0,0,3,67301,0,,1,1,,N,N,,0,,0,0,0,0,0,,2257,1,2,0,0,0,1,1,3,4,1,2,3,,N,,,,,,,,,,,
2007093223,1116.0,2,0,0,0,0,0,0,0,0,1,0,,67,6,2007,7,40.0737,-75.0549,1106.0,6,0,0,0,0,0,1,0,0,,0,0,0,10,1,1,0,,0,40 04:25.400,,0,75 03:17.800,8,0,0,0,67301,1,0,0,N,0,0,0,2,07301,0,,6,1,,N,N,,0,,0,0,0,0,0,,1050,1,2,0,0,0,1,0,3,4,0,2,3,,N,,,,,,,,,,,
2007095808,2149.0,2,0,0,0,0,0,0,0,0,4,0,,67,8,2007,4,40.1065,-74.9989,2142.0,6,0,1,0,0,0,1,0,0,,0,0,0,21,3,1,2,,0,40 06:23.400,,0,74 59:56.040,8,0,0,0,67301,0,0,0,N,0,0,0,5,67301,0,,1,1,,N,N,,0,,0,0,0,3,2,,2136,1,2,0,0,0,1,0,3,4,0,2,3,,N,,,,,,,,,,,
2007093239,1130.0,1,0,0,0,0,0,0,0,0,3,0,,67,7,2007,5,40.0402,-75.1769,1124.0,6,0,0,0,0,0,1,0,0,,0,0,0,11,1,2,0,,0,40 02:24.691,,0,75 10:36.858,8,0,0,0,67301,0,0,0,,0,0,0,4,67301,0,,1,1,,N,N,,0,,0,0,0,0,0,,1111,2,2,0,0,0,2,0,3,4,1,2,3,,N,,,,,,,,,,,
2007090798,2014.0,1,0,0,0,0,0,0,0,0,1,0,,67,8,2007,1,39.9063,-75.1355,2014.0,6,0,0,0,0,0,1,0,0,,0,0,0,20,1,0,0,,0,39 54:22.550,,3,75 08:07.971,0,0,0,0,67301,0,0,0,N,0,0,0,3,67501,0,,1,1,,N,N,,0,,0,0,1,3,8,,2014,0,2,0,0,0,0,0,3,4,0,2,3,,N,,,,,,,,,,,
2007022283,107.0,1,0,0,0,0,0,0,0,0,1,0,,67,1,2007,7,39.9552,-75.1696,105.0,6,0,0,0,0,0,0,0,0,,0,0,0,1,3,1,1,,0,39 57:18.756,,0,75 10:10.405,8,0,0,0,67301,0,0,0,,0,0,0,3,67301,0,,1,1,,N,N,,0,,0,0,1,3,2,,100,1,2,0,0,0,1,0,3,4,0,2,3,,N,,,,,,,,,,,
2007027554,1256.0,1,0,0,1,0,0,0,0,0,4,0,,67,1,2007,7,39.931,-75.1721,1255.0,6,0,0,0,0,0,1,0,0,,0,0,0,99,1,1,2,,0,39 55:51.492,,0,75 10:19.660,8,0,0,0,67301,1,0,0,N,0,0,0,2,67301,0,,1,1,,N,N,,0,,0,0,0,3,3,,9999,1,2,0,0,0,1,0,3,4,0,1,3,,N,,,,,,,,,,,
2007030100,2111.0,2,0,0,0,0,0,0,0,0,1,0,,67,2,2007,6,40.0171,-75.1512,2111.0,6,0,0,1,0,0,1,0,0,,0,0,0,21,3,2,1,,0,40 01:01.528,,0,75 09:04.326,4,0,0,0,67301,0,0,0,N,0,0,0,3,67301,2,,1,9,,N,N,,0,,0,0,0,3,2,,2100,2,2,0,0,0,0,0,3,4,0,2,7,,N,,,,,,,,,,,