CRN,ARRIVAL_TM,AUTOMOBILE_COUNT,BELTED_DEATH_COUNT,BELTED_SUSP_SERIOUS_INJ_COUNT,BICYCLE_COUNT,BICYCLE_DEATH_COUNT,BICYCLE_SUSP_SERIOUS_INJ_COUNT,BUS_COUNT,CHLDPAS_DEATH_COUNT,CHLDPAS_SUSP_SERIOUS_INJ_COUNT,COLLISION_TYPE,COMM_VEH_COUNT,CONS_ZONE_SPD_LIM,COUNTY,CRASH_MONTH,CRASH_YEAR,DAY_OF_WEEK,DEC_LAT,DEC_LONG,DISPATCH_TM,DISTRICT,DRIVER_COUNT_16YR,DRIVER_COUNT_17YR,DRIVER_COUNT_18YR,DRIVER_COUNT_19YR,DRIVER_COUNT_20YR,DRIVER_COUNT_50_64YR,DRIVER_COUNT_65_74YR,DRIVER_COUNT_75PLUS,EST_HRS_CLOSED,FATAL_COUNT,HEAVY_TRUCK_COUNT,HORSE_BUGGY_COUNT,HOUR_OF_DAY,ILLUMINATION,INJURY_COUNT,INTERSECT_TYPE,INTERSECTION_RELATED,LANE_CLOSED,LATITUDE,LN_CLOSE_DIR,LOCATION_TYPE,LONGITUDE,MAX_SEVERITY_LEVEL,MCYCLE_DEATH_COUNT,MCYCLE_SUSP_SERIOUS_INJ_COUNT,MOTORCYCLE_COUNT,MUNICIPALITY,NONMOTR_COUNT,NONMOTR_DEATH_COUNT,NONMOTR_SUSP_SERIOUS_INJ_COUNT,NTFY_HIWY_MAINT,PED_COUNT,PED_DEATH_COUNT,PED_SUSP_SERIOUS_INJ_COUNT,PERSON_COUNT,POLICE_AGCY,POSSIBLE_INJ_COUNT,RDWY_SURF_TYPE_CD,RELATION_TO_ROAD,ROAD_CONDITION,ROADWAY_CLEARED,SCH_BUS_IND,SCH_ZONE_IND,SECONDARY_CRASH,SMALL_TRUCK_COUNT,SPEC_JURIS_CD,SUSP_MINOR_INJ_COUNT,SUSP_SERIOUS_INJ_COUNT,SUV_COUNT,TCD_FUNC_CD,TCD_TYPE,TFC_DETOUR_IND,TIME_OF_DAY,TOT_INJ_COUNT,TOTAL_UNITS,UNB_DEATH_COUNT,UNB_SUSP_SERIOUS_INJ_COUNT,UNBELTED_OCC_COUNT,UNK_INJ_DEG_COUNT,UNK_INJ_PER_COUNT,URBAN_AREA,URBAN_RURAL,VAN_COUNT,VEHICLE_COUNT,WEATHER1,WEATHER2,WORK_ZONE_IND,WORK_ZONE_LOC,WORK_ZONE_TYPE,WORKERS_PRES,WZ_CLOSE_DETOUR,WZ_FLAGGER,WZ_LAW_OFFCR_IND,WZ_LN_CLOSURE,WZ_MOVING,WZ_OTHER,WZ_SHLDER_MDN,WZ_WORKERS_INJ_KILLED
2007022394,1707.0,2,0,0,0,0,0,0,0,0,5,0,,67,1,2007,1,39.9277,-75.2302,,6,0,0,0,0,0,0,0,0,,0,0,0,99,1,0,0,,0,39 55:39.882,,0,75 13:48.820,0,0,0,0,67301,0,0,0,N,0,0,0,1,67301,0,,6,1,,N,N,,0,,0,0,2,0,0,,9999,0,5,0,0,0,0,0,3,4,1,5,3,,N,,,,,,,,,,,
2007027497,9999.0,2,0,0,0,0,0,0,0,0,2,0,,67,1,2007,2,39.9236,-75.2457,,6,0,0,1,1,0,0,0,0,,0,0,0,4,3,4,5,,0,39 55:25.034,,0,75 14:44.477,2,0,0,0,67301,0,0,0,N,0,0,0,4,67301,1,,1,9,,N,N,,0,,2,1,0,0,0,,442,4,2,0,0,0,0,0,3,4,0,2,7,,N,,,,,,,,,,,
2007027515,1635.0,1,0,0,0,0,0,0,0,0,5,0,,67,1,2007,5,39.968,-75.1399,1630.0,6,0,0,0,0,0,1,0,0,9.0,0,0,0,16,1,0,1,,1,39 58:04.897,2.0,0,75 08:23.513,0,0,0,0,67301,0,0,0,,0,0,0,2,67301,0,,1,1,,,,,0,,0,0,1,0,0,N,1625,0,2,0,0,0,0,0,3,4,0,2,3,,N,,,,,,,,,,,
2007030111,840.0,2,0,0,0,0,0,0,0,0,4,0,,67,1,2007,3,40.025,-75.1257,9999.0,6,0,0,0,0,0,0,0,0,,0,0,0,8,1,1,1,,0,40 01:30.000,,0,75 07:31.660,4,0,0,0,67301,0,0,0,N,0,0,0,2,67301,1,,1,1,,N,N,,0,,0,0,0,0,0,,837,1,2,0,0,0,0,0,3,4,0,2,3,,N,,,,,,,,,,,
2007027603,1208.0,1,0,0,0,0,0,0,0,0,1,0,,67,2,2007,6,39.9492,-75.1844,1205.0,6,0,0,0,0,0,0,0,0,,0,0,0,12,1,1,3,,0,39 56:57.000,,2,75 11:03.880,8,0,0,0,67301,0,0,0,,0,0,0,2,67301,0,,1,9,,N,N,,0,,0,0,0,0,0,,1205,1,2,0,0,0,1,1,3,4,0,2,3,,N,,,,,,,,,,,
2007022514,251.0,0,0,0,0,0,0,0,0,0,7,0,,67,1,2007,7,39.958,-75.1488,251.0,6,0,0,0,0,0,0,0,0,,0,0,0,2,3,0,2,,0,39 57:28.000,,0,75 08:55.729,0,0,0,0,67301,0,0,0,,0,0,0,1,67301,0,,5,9,,,,,0,,0,0,1,3,2,,245,0,2,0,0,0,0,0,3,4,0,1,98,,N,,,,,,,,,,,
2007027727,1300.0,2,0,0,0,0,0,0,0,0,2,0,,67,1,2007,4,39.9549,-75.1512,1258.0,6,0,0,0,1,0,1,0,0,,0,0,0,12,1,0,0,,0,39 57:17.512,,0,75 09:04.284,0,0,0,0,67301,0,0,0,,0,0,0,2,67301,0,,1,1,,,,,0,,0,0,0,0,0,,1255,0,2,0,0,0,0,0,3,4,0,2,3,,N,,,,,,,,,,,
2007027746,320.0,2,0,0,0,0,0,0,0,0,1,0,,67,1,2007,1,39.9584,-75.1656,314.0,6,0,0,0,0,0,0,0,0,2.0,0,0,0,2,3,1,0,,1,39 57:30.359,1.0,0,75 09:56.228,4,0,0,0,67301,0,0,0,N,0,0,0,6,67301,1,,1,1,,N,N,,0,,0,0,0,3,2,N,200,1,2,0,0,0,0,0,3,4,0,2,7,,N,,,,,,,,,,,
2007027764,2020.0,1,0,0,0,0,0,0,0,0,8,0,,67,2,2007,6,40.0091,-75.1128,2020.0,6,0,0,0,0,0,0,0,0,,0,0,0,20,3,1,0,,0,40 00:32.605,,0,75 06:46.220,3,0,0,0,67301,1,0,0,N,1,0,0,2,67301,0,,1,9,,N,N,,0,,1,0,0,0,0,,2000,1,2,0,0,0,0,0,3,4,0,1,9,,N,,,,,,,,,,,
2007022725,655.0,1,0,0,0,0,0,0,0,0,1,1,,67,1,2007,2,39.9287,-75.1966,642.0,6,0,0,0,0,0,0,0,0,1.0,0,1,0,6,5,1,0,,1,39 55:44.000,4.0,0,75 11:49.308,8,0,0,0,67301,0,0,0,N,0,0,0,2,67301,0,,1,9,,N,N,,0,,0,0,0,0,0,N,640,1,2,0,0,0,1,0,3,4,0,2,10,,N,,,,,,,,,,,
2007022779,915.0,1,0,0,0,0,0,0,0,0,4,0,,67,1,2007,7,40.0998,-75.0105,905.0,6,0,0,0,0,0,0,0,1,,0,0,0,9,1,0,0,,0,40 05:59.359,,0,75 00:37.720,0,0,0,0,67301,0,0,0,N,0,0,0,2,67301,0,,1,1,,N,N,,1,,0,0,0,3,3,,905,0,2,0,0,0,0,0,3,4,0,2,3,,N,,,,,,,,,,,
2007066259,9999.0,1,0,0,0,0,0,0,0,0,8,0,,67,4,2007,2,39.975,-75.1604,9999.0,6,0,0,0,0,0,0,0,0,,0,0,0,99,1,1,0,,0,39 58:29.820,,0,75 09:37.584,8,0,0,0,67301,1,0,0,,1,0,0,2,67301,0,,1,1,,N,N,,0,,0,0,0,0,0,,9999,1,2,0,0,0,1,0,3,4,0,1,3,,N,,,,,,,,,,,
2007066334,2015.0,2,0,0,0,0,0,0,0,0,1,0,,67,5,2007,4,39.953,-75.2133,2010.0,6,0,0,0,0,0,0,0,0,,0,0,0,19,3,1,2,,0,39 57:10.821,,0,75 12:47.728,8,0,0,0,67301,0,0,0,N,0,0,0,3,67301,0,,1,9,,N,N,,0,,0,0,0,0,0,,1950,1,2,0,0,0,1,0,3,4,0,2,3,,N,,,,,,,,,,,
2007056371,726.0,1,0,0,0,0,0,0,0,0,1,0,,67,4,2007,5,40.0487,-75.0024,719.0,6,0,0,0,0,0,0,0,0,1.0,0,0,0,99,1,1,2,,1,40 02:55.000,2.0,2,75 00:08.655,4,0,0,0,67301,0,0,0,N,0,0,0,2,67301,1,,1,9,,N,N,,0,,0,0,0,3,4,N,9999,1,2,0,0,0,0,0,3,4,1,2,7,,N,,,,,,,,,,,
2007056382,31.0,2,0,0,0,0,0,0,0,0,4,0,,67,4,2007,3,39.9405,-75.178,28.0,6,0,0,0,0,0,0,0,0,,0,0,0,0,3,2,1,,0,39 56:25.749,,0,75 10:40.702,4,0,0,0,67301,0,0,0,N,0,0,0,3,67301,2,,1,1,,N,N,,0,,0,0,1,3,3,,25,2,3,0,0,3,0,0,3,4,0,3,3,,N,,,,,,,,,,,
2007056385,1349.0,1,0,0,0,0,0,0,0,0,4,0,,67,3,2007,5,39.9439,-75.1819,1347.0,6,0,0,1,0,0,0,0,0,,0,0,0,13,1,4,2,,0,39 56:37.899,,0,75 10:54.955,3,0,0,0,67301,0,0,0,N,0,0,0,4,67301,1,,1,1,,N,N,,1,,3,0,0,3,2,,1340,4,2,0,0,0,0,0,3,4,0,2,3,,N,,,,,,,,,,,
2007056430,1402.0,0,0,0,0,0,0,0,0,0,0,0,,67,4,2007,7,39.9659,-75.2068,1400.0,6,0,0,0,0,0,0,0,0,9.0,0,0,0,13,1,1,1,,1,39 57:57.240,5.0,0,75 12:24.480,8,0,0,1,67301,0,0,0,N,0,0,0,1,67301,0,,1,1,,N,N,,0,,0,0,0,3,3,N,1358,1,2,0,0,0,1,0,3,4,0,1,3,,N,,,,,,,,,,,
2007056441,1018.0,2,0,0,0,0,0,0,0,0,4,0,,67,3,2007,3,40.0666,-75.0511,1015.0,6,0,0,0,0,0,0,0,1,,0,0,0,10,1,1,1,,0,40 03:59.760,,0,75 03:03.960,8,0,0,0,67301,0,0,0,N,0,0,0,2,67301,0,,1,1,,N,N,,0,,0,0,0,3,2,,1014,1,2,0,0,0,1,0,3,4,0,2,3,,N,,,,,,,,,,,
2007056460,1653.0,1,0,0,0,0,0,0,0,0,4,0,,67,4,2007,6,39.964,-75.161,1652.0,6,0,0,0,0,0,0,0,1,,0,0,0,16,1,2,2,,0,39 57:50.400,,0,75 09:39.600,3,0,0,1,67301,0,0,0,N,0,0,0,3,67301,0,,1,1,,N,N,,0,,2,0,0,0,0,,1650,2,2,0,0,0,0,0,3,4,0,2,3,,N,,,,,,,,,,,
2007056463,805.0,1,0,0,0,0,0,0,0,0,4,0,,67,4,2007,1,40.0707,-75.162,802.0,6,0,0,0,0,0,2,0,0,,0,0,0,8,1,2,1,,0,40 04:14.520,,0,75 09:43.200,4,0,0,0,67301,0,0,0,N,0,0,0,2,67301,2,,3,1,,N,N,,0,,0,0,0,3,3,,800,2,3,0,0,0,0,0,3,4,2,3,3,,N,,,,,,,,,,,
2007056505,2012.0,1,0,0,0,0,0,0,0,0,8,0,,67,3,2007,1,40.0446,-75.0694,2008.0,6,0,0,0,0,0,0,0,0,,0,0,0,20,3,1,1,,0,40 02:40.383,,0,75 04:09.980,8,0,0,0,67301,1,0,0,N,1,0,0,2,67301,0,,1,1,,N,N,,0,,0,0,0,3,3,,2006,1,2,0,0,0,1,1,3,4,0,1,3,,N,,,,,,,,,,,
2007057424,830.0,3,0,0,0,0,0,0,0,0,1,0,,67,3,2007,5,40.0234,-75.1109,813.0,6,0,0,0,0,0,0,0,0,3.0,0,0,0,6,1,0,0,,2,40 01:24.373,1.0,0,75 06:39.273,0,0,0,0,67301,0,0,0,N,0,0,0,1,67301,0,,6,1,,N,N,,0,,0,0,0,0,0,Y,625,0,3,0,0,0,0,0,3,4,0,3,3,,N,,,,,,,,,,,
2007057426,1028.0,2,0,0,0,0,0,0,0,0,5,0,,67,4,2007,6,39.9293,-75.2422,1020.0,6,0,0,0,0,0,0,0,0,,0,0,0,10,1,1,2,,0,39 55:45.000,,0,75 14:31.866,8,0,0,0,67301,0,0,0,N,0,0,0,1,67301,0,,1,1,,N,N,,0,,0,0,0,0,0,,1020,1,2,0,0,1,1,0,3,4,0,2,3,,N,,,,,,,,,,,
2007067493,855.0,1,0,0,0,0,0,0,0,0,7,0,,67,5,2007,5,,,849.0,6,0,0,0,0,0,0,0,0,1.0,0,0,0,8,1,0,0,,2,,1.0,0,,9,0,0,0,67301,0,0,0,N,0,0,0,1,67301,0,,3,1,,N,N,,0,,0,0,0,0,0,Y,849,0,1,0,0,0,0,1,3,3,0,1,3,,N,,,,,,,,,,,
2007057517,2111.0,1,0,0,0,0,0,0,0,0,2,0,,67,4,2007,1,40.0695,-75.15,2109.0,6,0,0,0,1,0,0,0,0,9.0,0,0,0,21,3,1,2,,1,40 04:10.000,6.0,0,75 09:00.067,8,0,0,0,67301,0,0,0,N,0,0,0,3,67301,0,,1,9,,N,N,,0,,0,0,1,3,2,N,2106,1,2,0,0,0,1,0,3,4,0,2,7,,N,,,,,,,,,,,
2007067347,1015.0,0,0,0,0,0,0,0,0,0,8,0,,67,4,2007,6,39.962,-75.2,1006.0,6,0,0,0,0,0,0,0,0,,0,0,0,99,1,1,0,,0,39 57:43.118,,0,75 12:00.114,4,0,0,0,67301,1,0,0,,1,0,0,2,67301,1,,1,9,,,,,0,,0,0,1,0,0,,9999,1,2,0,0,0,0,0,3,4,0,1,7,,N,,,,,,,,,,,
2007074108,1041.0,2,0,0,0,0,0,0,0,0,1,0,,67,7,2007,6,40.0067,-75.215,1041.0,6,0,0,0,0,0,1,0,0,,0,0,0,10,1,1,0,,0,40 00:23.951,,0,75 12:53.965,4,0,0,0,67301,0,0,0,N,0,0,0,4,46104,1,,1,1,,N,N,,0,,0,0,0,0,0,,1040,1,2,0,0,0,0,0,3,4,0,2,3,,N,,,,,,,,,,,
2007067363,220.0,0,0,0,0,0,0,0,0,0,5,0,,67,5,2007,1,40.0152,-75.0727,219.0,6,0,0,0,0,0,0,0,0,9.0,0,0,0,2,3,1,0,,1,40 00:54.615,1.0,0,75 04:21.558,3,0,0,0,67301,0,0,0,N,0,0,0,1,67301,0,,6,1,,N,N,,0,,1,0,1,0,0,N,215,1,3,0,0,1,0,0,3,4,2,3,3,,N,,,,,,,,,,,
2007067231,1020.0,1,0,0,0,0,0,1,0,0,4,1,,67,4,2007,6,39.9582,-75.2291,1017.0,6,0,0,0,0,0,1,0,0,,0,0,0,10,1,1,1,,0,39 57:29.433,,0,75 13:44.921,8,0,0,0,67301,0,0,0,N,0,0,0,2,67301,0,,1,9,,N,N,,0,,0,0,1,3,3,,1017,1,3,0,0,0,1,1,3,4,0,3,7,,N,,,,,,,,,,,
2007099089,41.0,1,0,0,0,0,0,0,0,0,7,0,,67,8,2007,1,39.8989,-75.1697,38.0,6,0,0,0,0,0,0,0,0,,0,0,0,99,3,0,7,,0,39 53:56.000,,2,75 10:09.802,0,0,0,0,67301,0,0,0,N,0,0,0,1,67301,0,,1,1,,N,N,,0,,0,0,0,0,0,,9999,0,1,0,0,0,0,0,3,4,0,1,3,,N,,,,,,,,,,,
2007057362,1120.0,2,0,0,0,0,0,0,0,0,2,0,,67,4,2007,2,40.0581,-75.1743,1116.0,6,0,0,0,0,0,0,1,0,,0,0,0,11,1,1,1,,0,40 03:29.160,,0,75 10:27.480,3,0,0,0,67301,0,0,0,N,0,0,0,2,67301,0,,1,9,,N,N,,0,,1,0,0,2,2,,1110,1,2,0,0,0,0,0,3,4,0,2,7,,N,,,,,,,,,,,
2007099110,1410.0,0,0,0,0,0,0,1,0,0,6,0,,67,8,2007,5,40.0583,-75.1471,1405.0,6,0,0,0,0,0,1,0,0,,0,0,0,13,1,1,0,,0,40 03:29.934,,0,75 08:49.560,4,0,0,0,67301,0,0,0,,0,0,0,1,67301,1,,6,1,,,,,0,,0,0,0,0,0,,1331,1,2,0,0,0,0,0,3,4,0,2,3,,N,,,,,,,,,,,
2007029570,850.0,1,0,0,0,0,0,0,0,0,2,0,,67,1,2007,5,39.9476,-75.2478,844.0,6,0,0,0,0,0,0,0,0,,0,0,0,8,1,0,1,,0,39 56:51.432,,0,75 14:52.191,0,0,0,0,67301,0,0,0,,0,0,0,2,67301,0,,1,9,,,,,0,,0,0,1,3,3,,810,0,2,0,0,0,0,0,3,4,0,2,7,,N,,,,,,,,,,,
2007120917,1645.0,2,0,0,0,0,0,0,0,0,5,0,,67,10,2007,2,40.0411,-75.1295,1627.0,6,0,0,0,0,0,0,0,0,,0,0,0,13,1,2,0,,0,40 02:28.075,,0,75 07:46.160,3,0,0,0,67301,0,0,0,N,0,0,0,4,67301,1,,1,98,,N,N,,0,,1,0,0,0,0,,1315,2,2,0,0,0,0,2,3,4,0,2,99,,N,,,,,,,,,,,
2007022694,1950.0,1,0,0,1,0,0,0,0,0,4,0,,67,1,2007,3,40.0224,-75.0782,1936.0,6,0,0,0,0,0,0,0,0,,0,0,0,19,1,0,1,,0,40 01:20.000,,0,75 04:41.478,9,0,0,0,67301,1,0,0,N,0,0,0,2,67301,0,,9,1,,N,N,,0,,0,0,0,2,2,,1930,0,2,0,0,0,0,2,3,4,0,1,3,,N,,,,,,,,,,,
2007022816,1715.0,0,0,0,0,0,0,0,0,0,1,0,,67,1,2007,5,39.9527,-75.2468,1701.0,6,0,0,0,0,0,1,0,0,,0,0,0,17,1,2,0,,0,39 57:09.591,,0,75 14:48.429,2,0,1,2,67301,0,0,0,N,0,0,0,3,67301,0,,1,1,,N,N,,0,,1,1,0,9,2,,1701,2,3,0,0,0,0,0,3,4,0,3,3,,N,,,,,,,,,,,
2007022715,858.0,1,0,0,0,0,0,0,0,0,7,0,,67,1,2007,7,40.0079,-75.2015,854.0,6,0,0,0,0,0,0,0,0,2.0,0,0,0,8,1,0,0,,1,40 00:27.871,4.0,2,75 12:03.681,0,0,0,0,67301,0,0,0,N,0,0,0,1,67301,0,,7,9,,N,N,,0,,0,0,0,0,0,N,849,0,1,0,0,0,0,0,3,4,0,1,3,,N,,,,,,,,,,,
2007022717,2042.0,1,0,0,0,0,0,0,0,0,7,0,,67,1,2007,5,40.01,-75.1859,2040.0,6,0,0,0,0,0,0,0,0,1.0,0,0,0,20,3,1,0,,2,40 00:36.114,3.0,0,75 11:09.255,4,0,0,0,67301,0,0,0,Y,0,0,0,1,67301,1,,2,1,,N,N,,0,,0,0,0,3,8,N,2036,1,1,0,0,0,0,0,3,4,0,1,3,,N,,,,,,,,,,,
2007066238,1746.0,1,0,0,0,0,0,0,0,0,8,0,,67,5,2007,6,39.9374,-75.2203,1745.0,6,0,0,0,0,0,1,0,0,,0,0,0,17,1,1,0,,0,39 56:14.636,,0,75 13:13.026,3,0,0,0,67301,1,0,0,,1,0,0,2,67301,0,,1,1,,,,,0,,1,0,0,0,0,,1743,1,2,0,0,0,0,0,3,4,0,1,3,,N,,,,,,,,,,,
2007056442,740.0,2,0,0,0,0,0,0,0,0,6,0,,67,4,2007,7,40.0656,-75.0581,734.0,6,0,0,0,1,0,0,0,0,,0,0,0,7,1,0,0,,0,40 03:56.037,,0,75 03:29.279,0,0,0,0,67301,0,0,0,N,0,0,0,1,67301,0,,6,1,,N,N,,1,,0,0,0,0,0,,720,0,3,0,0,0,0,0,3,4,0,3,3,,N,,,,,,,,,,,
2007056459,1742.0,2,0,0,0,0,0,0,0,0,2,0,,67,4,2007,2,40.0509,-75.0571,1740.0,6,0,0,0,0,1,0,0,0,1.0,0,0,0,17,1,0,0,,1,40 03:03.000,1.0,0,75 03:25.560,0,0,0,0,67301,0,0,0,N,0,0,0,2,67301,0,,1,9,,N,N,,0,,0,0,0,0,0,N,1735,0,2,0,0,0,0,0,3,4,0,2,7,,N,,,,,,,,,,,
2007056590,1633.0,2,0,0,0,0,0,0,0,0,4,0,,67,4,2007,6,39.9774,-75.2271,1629.0,6,0,0,0,0,0,0,1,0,,0,0,0,15,1,1,1,,0,39 58:38.000,,0,75 13:37.479,4,0,0,0,67301,0,0,0,N,0,0,0,2,67301,1,,1,1,,N,N,,0,,0,0,0,3,2,,1558,1,2,0,0,0,0,0,3,4,0,2,3,,N,,,,,,,,,,,
2007076952,1035.0,2,0,0,0,0,0,0,0,0,1,0,,67,4,2007,1,40.0554,-75.1261,1035.0,6,0,0,0,0,0,1,0,0,,0,0,0,10,1,1,0,,0,40 03:19.000,,0,75 07:34.026,8,0,0,0,67301,0,0,0,N,0,0,0,2,46102,0,,1,9,,N,N,,0,,0,0,0,3,2,,1035,1,2,0,0,0,1,0,3,4,0,2,7,,N,,,,,,,,,,,
2007099000,745.0,1,0,0,0,0,0,0,0,0,7,0,,67,8,2007,4,39.9996,-75.1906,737.0,6,0,0,0,0,0,1,0,0,,0,0,0,7,1,1,0,,0,40 00:00.000,,0,75 11:26.278,4,0,0,0,67301,0,0,0,N,0,0,0,1,67301,1,,2,9,,N,N,,0,,0,0,0,0,0,,737,1,1,0,0,1,0,0,3,4,0,1,7,,N,,,,,,,,,,,
2007069534,753.0,2,0,0,0,0,0,0,0,0,1,0,,67,5,2007,6,40.0097,-75.2077,737.0,6,0,0,0,0,0,0,0,0,,0,0,0,7,1,0,0,,0,40 00:35.447,,0,75 12:28.783,9,0,0,0,67301,0,0,0,N,0,0,0,2,68K01,0,,1,1,,N,N,,0,,0,0,0,0,0,,735,0,2,0,0,0,0,1,3,4,0,2,3,,N,,,,,,,,,,,
2007067233,1616.0,2,0,0,0,0,0,0,0,0,4,0,,67,4,2007,1,39.904,-75.2401,1611.0,6,0,0,0,0,0,1,0,0,,0,0,0,15,1,2,1,,0,39 54:14.400,,0,75 14:24.360,4,0,0,0,67301,0,0,0,N,0,0,0,7,67301,2,,1,1,,N,N,,0,,0,0,0,3,2,,1500,2,2,0,0,0,0,0,3,4,0,2,3,,N,,,,,,,,,,,
2007057202,707.0,2,0,0,0,0,0,0,0,0,1,0,,67,3,2007,6,40.0674,-75.2401,656.0,6,0,0,0,1,0,0,0,0,,0,0,0,6,1,1,2,,0,40 04:04.000,,0,75 14:24.507,8,0,0,0,67301,0,0,0,,0,0,0,2,67301,0,,1,1,,,,,0,,0,0,0,9,3,,650,1,2,0,0,1,1,0,3,4,0,2,3,,N,,,,,,,,,,,
2007057368,1430.0,1,0,0,0,0,0,0,0,0,2,0,,67,4,2007,3,40.0403,-75.0154,1422.0,6,0,0,0,0,0,0,1,0,,0,0,0,14,1,1,1,,0,40 02:25.080,,0,75 00:55.440,8,0,0,0,67301,0,0,0,N,0,0,0,2,67301,0,,1,1,,N,N,,1,,0,0,0,3,2,,1420,1,3,0,0,0,1,0,3,4,1,3,3,,N,,,,,,,,,,,
2007029263,1734.0,2,0,0,0,0,0,0,0,0,1,0,,67,1,2007,3,39.9507,-75.1504,1732.0,6,0,0,0,0,0,0,0,0,,0,0,0,17,3,1,1,,0,39 57:02.000,,0,75 09:01.348,4,0,0,0,67301,0,0,0,N,0,0,0,6,67301,1,,1,1,,N,N,,0,,0,0,0,0,0,,1725,1,2,0,0,0,0,1,3,4,0,2,3,,N,,,,,,,,,,,
2007029269,1740.0,2,0,0,0,0,0,0,0,0,4,0,,67,1,2007,3,39.9585,-75.2477,1731.0,6,0,0,0,0,0,0,0,0,,0,0,0,17,3,0,2,,0,39 57:31.000,,0,75 14:51.552,0,0,0,0,67301,0,0,0,N,0,0,0,3,67301,0,,1,1,,N,N,,0,,0,0,0,0,0,,1720,0,2,0,0,0,0,0,3,4,0,2,3,,N,,,,,,,,,,,
2007120920,1145.0,1,0,0,0,0,0,0,0,0,8,0,,67,9,2007,3,40.0401,-75.2242,1145.0,6,0,0,0,0,0,1,0,0,9.0,0,0,0,11,1,1,0,,1,40 02:23.000,5.0,0,75 13:26.918,8,0,0,0,67301,1,0,0,N,1,0,0,2,67301,0,,1,1,,N,N,,0,,0,0,0,0,0,N,1145,1,2,0,0,0,1,0,3,4,0,1,3,,N,,,,,,,,,,,
2007094960,740.0,2,0,0,0,0,0,0,0,0,4,0,,67,7,2007,2,39.9359,-75.1618,738.0,6,0,0,0,0,0,0,1,0,,0,0,0,7,1,1,1,,0,39 56:09.117,,0,75 09:42.404,4,0,0,0,67301,0,0,0,N,0,0,0,2,67301,1,,1,1,,N,N,,0,,0,0,0,3,2,,730,1,2,0,0,0,0,0,3,4,0,2,3,,N,,,,,,,,,,,
2007097493,1340.0,2,0,0,0,0,0,0,0,0,4,0,,67,8,2007,2,39.9932,-75.1613,1336.0,6,0,0,0,0,0,0,0,0,,0,0,0,13,8,2,1,,0,39 59:35.538,,0,75 09:40.809,4,0,0,0,67301,0,0,0,N,0,0,0,2,67301,2,,1,9,,N,N,,0,,0,0,0,3,3,,1330,2,3,0,0,0,0,0,3,4,1,3,7,,N,,,,,,,,,,,
2007092320,115.0,0,0,0,0,0,0,0,0,0,0,0,,67,7,2007,5,39.992,-75.2375,110.0,6,0,0,0,0,0,0,0,0,,0,0,0,1,3,0,0,,0,39 59:31.310,,0,75 14:14.992,0,0,0,0,67301,0,0,0,N,0,0,0,1,67301,0,,5,1,,N,N,,0,,0,0,0,0,0,,110,0,1,0,0,1,0,0,3,4,1,1,3,,N,,,,,,,,,,,
2007092775,1920.0,2,0,0,0,0,0,0,0,0,4,0,,67,7,2007,7,39.9041,-75.1502,1910.0,6,0,0,0,0,0,0,0,0,1.0,0,0,0,19,1,2,0,,1,39 54:25.000,1.0,0,75 08:58.241,4,0,0,0,67301,0,0,0,N,0,0,0,4,67301,2,,1,9,,N,N,,0,,0,0,0,0,0,N,1905,2,2,0,0,0,0,0,3,4,0,2,3,,N,,,,,,,,,,,
2007092407,9999.0,1,0,0,0,0,0,0,0,0,4,0,,67,7,2007,1,39.9743,-75.2407,1230.0,6,0,0,0,0,0,0,2,0,,0,0,0,12,1,1,1,,0,39 58:27.480,,0,75 14:26.674,8,0,0,0,67301,0,0,0,N,0,0,0,2,67301,0,,1,1,,N,N,,0,,0,0,0,3,3,,1225,1,2,0,0,0,1,0,3,4,1,2,3,,N,,,,,,,,,,,
2007121129,155.0,0,0,0,0,0,0,0,0,0,5,0,,67,10,2007,7,40.0257,-75.0317,150.0,6,0,0,0,0,0,0,0,0,1.0,0,0,0,1,3,0,0,,1,40 01:41.000,3.0,0,75 02:19.984,0,0,0,0,67301,0,0,0,N,0,0,0,1,67301,0,,6,9,,N,N,,0,,0,0,2,0,0,N,145,0,2,0,0,0,0,0,3,4,0,2,7,,N,,,,,,,,,,,
2007120530,427.0,0,0,0,0,0,0,0,0,0,8,0,,67,10,2007,5,39.9648,-75.1904,425.0,6,0,0,0,0,0,0,0,0,,0,0,0,4,3,1,0,,0,39 57:53.262,,0,75 11:25.443,2,0,0,0,67301,1,0,1,N,1,0,1,2,67301,0,,1,1,,N,N,,0,,0,1,0,3,3,,420,1,2,0,0,0,0,1,3,4,0,1,3,,N,,,,,,,,,,,
2007082581,1833.0,2,0,0,0,0,0,0,0,0,1,0,,67,5,2007,5,39.9225,-75.1551,1830.0,6,0,0,0,0,0,0,0,0,,0,0,0,18,1,1,0,,0,39 55:20.962,,0,75 09:18.267,8,0,0,0,67301,0,0,0,,0,0,0,2,67301,0,,1,1,,,,,0,,0,0,0,0,0,,1827,1,2,0,0,1,1,1,3,4,0,2,3,,N,,,,,,,,,,,
2007120668,912.0,1,0,0,0,0,0,0,0,0,7,0,,67,10,2007,2,40.017,-75.2024,910.0,6,0,0,0,0,0,0,0,0,2.0,0,0,0,9,1,1,0,,2,40 01:01.108,1.0,0,75 12:08.722,4,0,0,0,67301,0,0,0,N,0,0,0,1,67301,1,,2,1,,N,N,,0,,0,0,0,0,0,Y,910,1,1,0,0,0,0,0,3,4,0,1,3,,N,,,,,,,,,,,