CRN,ARRIVAL_TM,AUTOMOBILE_COUNT,BELTED_DEATH_COUNT,BELTED_SUSP_SERIOUS_INJ_COUNT,BICYCLE_COUNT,BICYCLE_DEATH_COUNT,BICYCLE_SUSP_SERIOUS_INJ_COUNT,BUS_COUNT,CHLDPAS_DEATH_COUNT,CHLDPAS_SUSP_SERIOUS_INJ_COUNT,COLLISION_TYPE,COMM_VEH_COUNT,CONS_ZONE_SPD_LIM,COUNTY,CRASH_MONTH,CRASH_YEAR,DAY_OF_WEEK,DEC_LAT,DEC_LONG,DISPATCH_TM,DISTRICT,DRIVER_COUNT_16YR,DRIVER_COUNT_17YR,DRIVER_COUNT_18YR,DRIVER_COUNT_19YR,DRIVER_COUNT_20YR,DRIVER_COUNT_50_64YR,DRIVER_COUNT_65_74YR,DRIVER_COUNT_75PLUS,EST_HRS_CLOSED,FATAL_COUNT,HEAVY_TRUCK_COUNT,HORSE_BUGGY_COUNT,HOUR_OF_DAY,ILLUMINATION,INJURY_COUNT,INTERSECT_TYPE,INTERSECTION_RELATED,LANE_CLOSED,LATITUDE,LN_CLOSE_DIR,LOCATION_TYPE,LONGITUDE,MAX_SEVERITY_LEVEL,MCYCLE_DEATH_COUNT,MCYCLE_SUSP_SERIOUS_INJ_COUNT,MOTORCYCLE_COUNT,MUNICIPALITY,NONMOTR_COUNT,NONMOTR_DEATH_COUNT,NONMOTR_SUSP_SERIOUS_INJ_COUNT,NTFY_HIWY_MAINT,PED_COUNT,PED_DEATH_COUNT,PED_SUSP_SERIOUS_INJ_COUNT,PERSON_COUNT,POLICE_AGCY,POSSIBLE_INJ_COUNT,RDWY_SURF_TYPE_CD,RELATION_TO_ROAD,ROAD_CONDITION,ROADWAY_CLEARED,SCH_BUS_IND,SCH_ZONE_IND,SECONDARY_CRASH,SMALL_TRUCK_COUNT,SPEC_JURIS_CD,SUSP_MINOR_INJ_COUNT,SUSP_SERIOUS_INJ_COUNT,SUV_COUNT,TCD_FUNC_CD,TCD_TYPE,TFC_DETOUR_IND,TIME_OF_DAY,TOT_INJ_COUNT,TOTAL_UNITS,UNB_DEATH_COUNT,UNB_SUSP_SERIOUS_INJ_COUNT,UNBELTED_OCC_COUNT,UNK_INJ_DEG_COUNT,UNK_INJ_PER_COUNT,URBAN_AREA,URBAN_RURAL,VAN_COUNT,VEHICLE_COUNT,WEATHER1,WEATHER2,WORK_ZONE_IND,WORK_ZONE_LOC,WORK_ZONE_TYPE,WORKERS_PRES,WZ_CLOSE_DETOUR,WZ_FLAGGER,WZ_LAW_OFFCR_IND,WZ_LN_CLOSURE,WZ_MOVING,WZ_OTHER,WZ_SHLDER_MDN,WZ_WORKERS_INJ_KILLED
2007120677,1612.0,1,0,0,0,0,0,0,0,0,1,0,,67,10,2007,6,40.0484,-75.0798,1607.0,6,0,0,0,0,0,1,0,0,,0,0,0,15,1,1,2,,0,40 02:54.265,,0,75 04:47.189,4,0,0,0,67301,0,0,0,N,0,0,0,3,67301,1,,1,1,,N,N,,1,,0,0,0,3,2,,1525,1,2,0,0,1,0,0,3,4,0,2,3,,N,,,,,,,,,,,
2007107073,850.0,2,0,0,0,0,0,0,0,0,2,0,,67,9,2007,6,40.0258,-75.1328,845.0,6,0,0,0,0,0,0,0,0,,0,0,0,8,3,1,1,,0,40 01:32.829,,0,75 07:58.227,8,0,0,0,67301,0,0,0,N,0,0,0,4,67301,0,,1,1,,N,N,,0,,0,0,0,3,2,,830,1,2,0,0,0,1,0,3,4,0,2,3,,N,,,,,,,,,,,
2007107120,556.0,2,0,0,0,0,0,0,0,0,4,0,,67,9,2007,7,39.8919,-75.2419,552.0,6,0,0,0,0,0,1,0,0,,0,0,0,5,3,2,1,,0,39 53:30.000,,0,75 14:30.863,3,0,0,0,67301,0,0,0,N,0,0,0,2,67301,0,,1,1,,N,N,,0,,1,0,0,3,2,,540,2,2,0,0,0,1,0,3,4,0,2,3,,N,,,,,,,,,,,
2007107046,1618.0,1,0,0,0,0,0,0,0,0,8,0,,67,9,2007,3,39.9263,-75.236,1615.0,6,0,0,0,0,0,0,0,0,,0,0,0,16,1,1,0,,0,39 55:34.800,,0,75 14:09.700,8,0,0,0,67301,1,0,0,N,1,0,0,2,67301,0,,1,1,,N,N,,0,,0,0,0,0,0,,1614,1,2,0,0,0,1,0,3,4,0,1,3,,N,,,,,,,,,,,
2007102299,2140.0,1,0,0,0,0,0,0,0,0,2,0,,67,7,2007,6,39.9992,-75.1583,2135.0,6,0,0,0,0,0,2,0,0,1.0,0,0,0,21,3,2,2,,1,39 59:57.188,2.0,0,75 09:29.926,3,0,0,0,67301,0,0,0,N,0,0,0,3,67301,1,,1,9,,N,N,,0,,1,0,1,9,3,N,2120,2,2,0,0,1,0,0,3,4,0,2,7,,N,,,,,,,,,,,
2007027928,1345.0,0,0,0,0,0,0,0,0,0,8,0,,67,1,2007,4,40.0259,-75.1231,1340.0,6,0,0,0,0,0,0,0,0,,0,0,0,14,1,1,1,,0,40 01:33.000,,0,75 07:24.285,8,0,0,0,67301,1,0,0,N,1,0,0,2,67301,0,,5,1,,N,N,,0,,0,0,0,3,2,,1436,1,2,0,0,0,1,0,3,4,1,1,99,,N,,,,,,,,,,,
2007025823,2358.0,2,0,0,0,0,0,0,0,0,1,0,,67,1,2007,7,39.9536,-75.1384,2358.0,6,0,0,0,0,0,0,0,0,2.0,0,0,0,23,3,0,0,,2,39 57:13.117,4.0,3,75 08:18.151,0,0,0,0,67301,0,0,0,N,0,0,0,2,67501,0,,1,1,,N,N,,0,,0,0,0,3,8,N,2358,0,2,0,0,0,0,0,3,4,0,2,3,,N,,,,,,,,,,,
2007023535,1443.0,1,0,0,0,0,0,0,0,0,4,0,,67,1,2007,6,39.9117,-75.1724,1438.0,6,0,0,0,0,0,3,0,0,,0,0,0,99,1,1,1,,0,39 54:42.000,,0,75 10:21.917,8,0,0,0,67301,0,0,0,N,0,0,0,3,67301,0,,1,9,,N,N,,0,,0,0,1,3,2,,9999,1,3,0,0,0,1,0,3,4,1,3,3,,N,,,,,,,,,,,
2007062870,1732.0,2,0,0,0,0,0,0,0,0,1,0,,67,5,2007,6,39.9989,-75.1954,1729.0,6,0,0,0,0,0,1,0,0,,0,0,0,16,1,0,0,,0,40 00:00.000,,0,75 11:41.914,0,0,0,0,67301,0,0,0,N,0,0,0,3,68K01,0,,1,1,,N,N,,0,,0,0,1,0,0,,1654,0,3,0,0,0,0,0,3,4,0,3,3,,N,,,,,,,,,,,
2007047553,1636.0,1,0,0,0,0,0,0,0,0,8,0,,67,2,2007,5,40.0217,-75.1502,1636.0,6,0,0,0,0,0,0,0,0,,0,0,0,12,1,1,2,,0,40 01:17.997,,0,75 09:00.781,4,0,0,0,67301,1,0,0,Y,1,0,0,2,67301,1,,9,1,,N,N,,0,,0,0,0,3,3,,1230,1,2,0,0,0,0,1,3,4,0,1,3,,N,,,,,,,,,,,
2007047505,830.0,1,0,0,0,0,0,0,0,0,2,0,,67,2,2007,4,40.0238,-75.2077,825.0,6,0,0,0,0,0,0,1,0,,0,0,0,8,1,1,2,,0,40 01:25.000,,0,75 12:27.937,4,0,0,0,67301,0,0,0,N,0,0,0,6,67301,1,,1,7,,N,N,,1,,0,0,0,0,0,,820,1,2,0,0,4,0,0,3,4,0,2,10,,N,,,,,,,,,,,
2007047521,2121.0,2,0,0,0,0,0,0,0,0,4,0,,67,2,2007,5,39.9619,-75.1577,2121.0,6,0,0,0,0,0,1,0,0,,0,0,0,14,1,1,1,,0,39 57:42.000,,0,75 09:27.785,8,0,0,0,67301,0,0,0,N,0,0,0,3,67301,0,,1,1,,N,N,,0,,0,0,0,0,0,,1455,1,2,0,0,0,1,1,3,4,0,2,3,,N,,,,,,,,,,,
2007047649,1737.0,0,0,0,0,0,0,0,0,0,7,0,,67,3,2007,1,,,1705.0,6,0,0,0,0,0,0,0,0,,0,0,0,17,1,2,0,,0,,,0,,2,0,0,0,67301,0,0,0,N,0,0,0,3,67301,0,,4,1,,N,N,,0,,0,2,1,0,0,,1700,2,1,0,0,0,0,0,3,3,0,1,3,,N,,,,,,,,,,,
2007047686,1220.0,1,0,0,0,0,0,0,0,0,7,0,,67,2,2007,7,,,1210.0,6,0,0,0,0,0,1,0,0,9.0,0,0,0,12,1,0,0,,1,,3.0,0,,0,0,0,0,67301,0,0,0,N,0,0,0,1,67301,0,,4,2,,N,N,,0,,0,0,0,0,0,N,1210,0,1,0,0,0,0,0,3,3,0,1,3,,N,,,,,,,,,,,
2007047703,1940.0,1,0,0,0,0,0,0,0,0,4,0,,67,3,2007,1,40.0239,-75.1176,1936.0,6,0,0,2,0,0,0,0,0,,0,0,0,19,6,1,1,,0,40 01:25.906,,0,75 07:03.493,3,0,0,1,67301,0,0,0,N,0,0,0,2,67301,0,,1,9,,N,N,,0,,1,0,0,3,2,,1932,1,2,0,0,0,0,0,3,4,0,2,3,,N,,,,,,,,,,,
2007047576,645.0,0,0,0,0,0,0,0,0,0,2,0,,67,2,2007,3,39.9774,-75.2271,642.0,6,0,0,0,0,0,0,0,0,,0,0,0,6,1,1,1,,0,39 58:38.000,,0,75 13:37.479,8,0,0,0,67301,0,0,0,N,0,0,0,3,67301,0,,1,1,,N,N,,2,,0,0,0,3,2,,642,1,2,0,0,0,1,1,3,4,0,2,3,,N,,,,,,,,,,,
2007029725,302.0,1,0,0,0,0,0,0,0,0,7,0,,67,2,2007,1,,,240.0,6,0,0,0,0,0,0,0,0,3.0,0,0,0,2,3,1,0,,1,,2.0,0,,4,0,0,0,67301,0,0,0,N,0,0,0,1,68K01,1,,2,1,,N,N,,0,,0,0,0,0,0,N,235,1,1,0,0,1,0,0,3,3,0,1,3,,N,,,,,,,,,,,
2007090796,1647.0,0,0,0,0,0,0,0,0,0,1,0,,67,7,2007,3,39.9548,-75.1433,1645.0,6,0,0,0,0,0,0,0,0,,0,0,0,15,1,1,0,,0,39 57:17.100,,3,75 08:35.800,4,0,0,0,67301,0,0,0,N,0,0,0,3,67501,1,,1,1,,N,N,,1,,0,0,0,3,8,,1530,1,2,0,0,0,0,0,3,4,1,2,3,,N,,,,,,,,,,,
2007093551,2022.0,0,0,0,0,0,0,0,0,0,4,0,,67,7,2007,3,39.9525,-75.2387,2022.0,6,0,0,0,1,0,1,0,0,9.0,1,0,0,20,3,2,1,,2,39 57:09.036,1.0,0,75 14:19.352,1,1,1,1,67301,0,0,0,N,0,0,0,4,67301,1,2.0,1,1,,N,N,,0,0.0,0,1,1,0,0,Y,2022,2,3,0,0,0,0,0,3,4,1,3,3,,N,,,,,,,,,,,
2007022269,1741.0,1,0,0,0,0,0,0,0,0,8,0,,67,1,2007,2,40.0824,-74.9818,1741.0,6,0,0,0,0,0,1,0,0,9.0,0,0,0,17,3,1,1,,1,40 04:56.478,7.0,0,74 58:54.519,3,0,0,0,67301,1,0,0,N,1,0,0,2,67301,0,,1,1,,N,N,,0,,1,0,0,3,3,N,1740,1,2,0,0,1,0,0,3,4,0,1,3,,N,,,,,,,,,,,
2007022395,2000.0,1,0,0,0,0,0,0,0,0,6,0,,67,1,2007,7,39.9341,-75.2197,1951.0,6,0,0,0,0,0,1,0,0,,0,0,0,19,3,2,2,,0,39 56:02.731,,0,75 13:10.973,4,0,0,0,67301,0,0,0,N,0,0,0,6,67301,2,,1,1,,N,N,,0,,0,0,0,3,3,,1945,2,2,0,0,1,0,1,3,4,1,2,3,,N,,,,,,,,,,,
2007027525,35.0,2,0,0,0,0,0,0,0,0,4,0,,67,2,2007,5,40.0204,-75.1401,27.0,6,0,0,0,0,0,0,0,0,,0,0,0,0,3,0,1,,0,40 01:13.458,,0,75 08:24.453,9,0,0,0,67301,0,0,0,,0,0,0,3,67301,0,,1,1,,,,,0,,0,0,0,9,3,,20,0,2,0,0,0,0,1,3,4,0,2,3,,N,,,,,,,,,,,
2007027620,1518.0,1,0,0,0,0,0,0,0,0,8,0,,67,1,2007,5,39.9738,-75.2453,1515.0,6,0,0,0,0,0,0,0,0,,0,0,0,15,1,1,1,,0,39 58:20.000,,0,75 14:42.049,4,0,0,0,67301,1,0,0,,1,0,0,2,67301,1,,1,1,,,,,0,,0,0,0,3,2,,1510,1,2,0,0,1,0,0,3,4,0,1,3,,N,,,,,,,,,,,
2007027770,5.0,1,0,0,1,0,0,0,0,0,4,0,,67,1,2007,7,39.9914,-75.1351,5.0,6,0,0,0,0,0,0,0,0,,0,0,0,23,3,1,0,,0,39 59:28.000,,7,75 08:06.449,4,0,0,0,67301,1,0,0,N,0,0,0,2,67301,1,,5,1,,N,N,,0,,0,0,0,0,0,,2330,1,2,0,0,0,0,1,3,4,0,1,3,,N,,,,,,,,,,,
2007022780,1025.0,1,0,0,0,0,0,0,0,0,8,0,,67,1,2007,3,40.1112,-75.0244,1017.0,6,0,0,0,0,0,0,1,0,1.0,0,0,0,10,1,1,1,,1,40 06:40.000,2.0,0,75 01:27.736,3,0,0,0,67301,1,0,0,N,1,0,0,2,67301,0,,1,1,,N,N,,0,,1,0,0,3,2,N,1015,1,2,0,0,0,0,0,3,4,0,1,3,,N,,,,,,,,,,,
2007022803,1547.0,3,0,0,0,0,0,0,0,0,1,0,,67,1,2007,7,40.0161,-75.0519,1544.0,6,0,0,0,0,0,0,1,1,2.0,0,0,0,15,1,1,0,,1,40 00:57.802,1.0,0,75 03:06.888,8,0,0,0,67301,0,0,0,N,0,0,0,5,67301,0,,1,1,,N,N,,0,,0,0,0,0,0,N,1530,1,3,0,0,1,1,0,3,4,0,3,3,,N,,,,,,,,,,,
2007083524,1215.0,0,0,0,0,0,0,0,0,0,8,0,,67,5,2007,2,39.9968,-75.1538,,6,0,0,0,0,0,0,0,0,,0,0,0,16,1,1,1,,0,39 59:48.000,,0,75 09:13.788,8,0,0,0,67301,1,0,0,N,1,0,0,2,67301,0,,1,9,,N,N,,0,,0,0,0,3,2,,1600,1,2,0,0,0,1,1,3,4,0,1,3,,N,,,,,,,,,,,
2007066209,1752.0,1,0,0,0,0,0,0,0,0,1,0,,67,5,2007,6,40.0507,-75.0804,1747.0,6,0,0,0,0,0,1,0,0,,0,0,0,16,1,2,1,,0,40 03:02.430,,0,75 04:49.511,3,0,0,0,67301,0,0,0,,0,0,0,2,67301,0,,1,1,,,,,0,,1,0,1,3,3,,1630,2,2,0,0,0,1,0,3,4,0,2,3,,N,,,,,,,,,,,
2007066267,1610.0,2,0,0,0,0,0,0,0,0,4,0,,67,5,2007,5,39.9673,-75.1367,1600.0,6,0,1,0,0,0,0,0,0,,0,0,0,99,1,1,1,,0,39 58:02.240,,0,75 08:12.065,8,0,0,0,67301,0,0,0,N,0,0,0,6,67301,0,,1,1,,N,N,,0,,0,0,0,0,0,,9999,1,2,0,0,3,1,1,3,4,0,2,3,,N,,,,,,,,,,,
2007058603,9999.0,1,0,0,0,0,0,0,0,0,7,0,,67,4,2007,7,39.9811,-75.1027,1016.0,6,0,0,0,0,0,0,0,0,1.0,0,0,0,10,1,0,0,,2,39 58:52.000,1.0,0,75 06:09.971,0,0,0,0,67301,0,0,0,N,0,0,0,1,67301,0,,2,1,,N,N,,0,,0,0,0,0,0,Y,1016,0,1,0,0,0,0,0,3,4,0,1,3,,N,,,,,,,,,,,
2007058636,1215.0,3,0,0,0,0,0,0,0,0,4,0,,67,2,2007,6,40.0275,-75.1464,1209.0,6,0,0,0,0,0,0,0,0,,0,0,0,12,1,2,1,,0,40 01:39.104,,0,75 08:47.126,8,0,0,0,67301,0,0,0,N,0,0,0,4,67301,0,,1,6,,N,N,,0,,0,0,0,3,2,,1209,2,3,0,0,0,2,0,3,4,0,3,10,,N,,,,,,,,,,,
2007056383,2037.0,3,0,0,0,0,0,0,0,0,4,0,,67,4,2007,1,39.9383,-75.1786,2035.0,6,0,0,0,0,0,0,0,0,9.0,0,0,0,20,3,1,0,,1,39 56:17.901,3.0,0,75 10:42.949,8,0,0,0,67301,0,0,0,N,0,0,0,1,67301,0,,6,1,,N,N,,0,,0,0,0,0,0,N,2034,1,3,0,0,0,1,0,3,4,0,3,3,,N,,,,,,,,,,,
2007056487,1401.0,0,0,0,0,0,0,0,0,0,4,0,,67,4,2007,5,39.9531,-75.1819,1350.0,6,0,0,0,0,0,1,0,0,,0,0,0,13,1,1,1,,0,39 57:11.198,,0,75 10:54.916,4,0,0,0,67301,0,0,0,N,0,0,0,3,67301,1,,1,1,,N,N,,0,,0,0,1,3,2,,1349,1,2,0,0,0,0,0,3,4,1,2,3,,N,,,,,,,,,,,
2007056491,9999.0,1,0,0,0,0,0,0,0,0,4,0,,67,4,2007,6,39.9407,-75.2102,123.0,6,0,0,0,0,0,0,0,0,,0,0,0,1,3,1,0,,0,39 56:26.475,,0,75 12:36.821,8,0,0,0,67301,0,0,0,N,0,0,0,3,67301,0,,6,1,,N,N,,1,,0,0,0,0,0,,123,1,2,0,0,0,1,0,3,4,0,2,3,,N,,,,,,,,,,,
2007056499,2044.0,2,0,0,0,0,0,0,0,0,1,0,,67,4,2007,4,40.0117,-75.1631,2034.0,6,0,0,0,0,0,2,0,0,9.0,0,0,0,20,3,1,1,,1,40 00:41.000,4.0,0,75 09:47.161,4,0,0,0,67301,0,0,0,N,0,0,0,2,67301,1,,1,9,,N,N,,0,,0,0,0,3,1,N,2011,1,2,0,0,0,0,0,3,4,0,2,3,,N,,,,,,,,,,,
2007057401,2305.0,1,0,0,0,0,0,0,0,0,4,0,,67,3,2007,6,40.0543,-75.0631,2254.0,6,0,0,0,0,0,1,0,0,,0,0,0,22,3,1,1,,0,40 03:15.000,,0,75 03:47.239,3,0,0,1,67301,0,0,0,N,0,0,0,2,67301,0,,1,1,,N,N,,0,,1,0,0,3,2,,2245,1,2,0,0,0,0,0,3,4,0,2,3,,N,,,,,,,,,,,
2007067452,932.0,2,0,0,0,0,0,0,0,0,1,0,,67,4,2007,2,39.9968,-75.1158,9999.0,6,0,0,0,0,0,0,0,0,,0,0,0,99,1,1,0,,0,39 59:48.480,,0,75 06:56.880,3,0,0,0,67301,0,0,0,N,0,0,0,5,67301,0,,1,1,,N,N,,0,,1,0,0,0,0,,9999,1,2,0,0,0,0,0,3,4,0,2,3,,N,,,,,,,,,,,
2007098978,1636.0,2,0,0,0,0,0,0,0,0,5,0,,67,8,2007,1,39.9886,-75.1804,1635.0,6,0,0,0,0,1,0,0,1,,0,0,0,16,1,1,2,,0,39 59:18.000,,0,75 10:49.518,8,0,0,0,67301,0,0,0,N,0,0,0,3,67301,0,,1,9,,N,N,,0,,0,0,0,0,0,,1614,1,2,0,0,0,1,0,3,4,0,2,7,,N,,,,,,,,,,,
2007067383,1824.0,2,0,0,0,0,0,0,0,0,4,0,,67,4,2007,2,39.9629,-75.1913,1823.0,6,0,0,0,0,1,0,0,0,2.0,0,0,0,18,1,4,1,,2,39 57:46.553,3.0,0,75 11:28.839,8,0,0,0,67301,1,0,0,N,1,0,0,4,67301,0,,1,1,,N,N,,0,,0,0,0,3,2,Y,1820,4,3,0,0,0,4,0,3,4,0,2,3,,N,,,,,,,,,,,
2007067174,1600.0,1,0,0,0,0,0,0,0,0,4,0,,67,5,2007,5,39.9479,-75.2139,1545.0,6,0,0,0,0,0,0,0,0,,0,0,0,15,1,1,1,,0,39 56:52.500,,0,75 12:50.000,4,0,0,0,67301,0,0,0,N,0,0,0,2,67301,1,,1,1,,N,N,,0,,0,0,0,0,0,,1530,1,2,0,0,0,0,1,3,4,1,2,3,,N,,,,,,,,,,,
2007067191,2047.0,1,0,0,1,0,0,0,0,0,8,0,,67,5,2007,3,39.955,-75.2239,2044.0,6,0,0,0,0,0,0,0,0,1.0,0,0,0,20,3,1,1,,1,39 57:17.900,1.0,0,75 13:26.100,4,0,0,0,67301,1,0,0,N,0,0,0,2,67301,1,,1,1,,N,N,,0,,0,0,0,0,0,N,2004,1,2,0,0,0,0,0,3,4,0,1,3,,N,,,,,,,,,,,
2007057201,1105.0,1,0,0,0,0,0,0,0,0,5,0,,67,4,2007,7,39.9915,-75.1349,1105.0,6,0,0,0,0,0,0,0,0,,0,0,0,11,1,1,1,,0,39 59:29.000,,0,75 08:05.582,4,0,0,0,67301,0,0,0,,0,0,0,3,67301,1,,1,1,,N,N,,0,,0,0,0,3,2,,1105,1,2,0,0,0,0,0,3,4,1,2,3,,N,,,,,,,,,,,
2007099093,800.0,2,0,0,0,0,0,0,0,0,4,0,,67,8,2007,2,39.9185,-75.2259,800.0,6,0,0,0,0,0,0,0,0,,0,0,0,8,1,2,1,,0,39 55:06.000,,0,75 13:33.263,8,0,0,0,67301,0,0,0,,0,0,0,2,67301,0,,1,9,,N,N,,0,,0,0,0,1,2,,800,2,2,0,0,0,2,0,3,4,0,2,7,,N,,,,,,,,,,,
2007099108,1205.0,2,0,0,0,0,0,0,0,0,1,0,,67,8,2007,7,40.0455,-75.1274,1204.0,6,0,1,0,0,0,0,0,0,,0,0,0,11,1,2,2,,0,40 02:43.000,,0,75 07:38.585,4,0,0,0,67301,0,0,0,N,0,0,0,3,67301,2,,1,1,,N,N,,0,,0,0,0,0,0,,1135,2,2,0,0,0,0,0,3,4,0,2,3,,N,,,,,,,,,,,
2007057343,1555.0,0,0,0,0,0,0,0,0,0,7,0,,67,4,2007,6,39.9673,-75.129,1550.0,6,0,0,0,0,0,0,0,0,,0,0,0,15,1,2,1,,0,39 58:02.216,,0,75 07:44.286,3,0,0,0,67301,0,0,0,N,0,0,0,3,67301,0,,4,1,,N,N,,1,,2,0,1,3,2,,1550,2,2,0,0,2,0,0,3,4,0,2,3,,N,,,,,,,,,,,
2007067103,1157.0,1,0,0,0,0,0,0,0,0,7,0,,67,5,2007,4,40.0166,-75.175,1154.0,6,0,0,0,0,0,0,0,0,1.0,0,0,0,11,1,1,0,,2,40 00:59.000,2.0,0,75 10:30.110,4,0,0,0,67301,0,0,0,N,0,0,0,1,67301,1,,2,1,,N,N,,0,,0,0,0,0,0,Y,1154,1,1,0,0,0,0,0,3,4,0,1,3,,N,,,,,,,,,,,
2007099603,1650.0,1,0,0,0,0,0,0,0,0,7,0,,67,8,2007,5,40.057,-75.0466,1643.0,6,0,0,0,0,0,0,0,0,2.0,0,0,0,16,1,1,0,,2,40 03:25.000,2.0,0,75 02:48.499,8,0,0,0,67301,0,0,0,N,0,0,0,1,67301,0,,2,1,,N,N,,0,,0,0,0,0,0,Y,1641,1,1,0,0,0,1,0,3,4,0,1,3,,N,,,,,,,,,,,
2007095280,1155.0,1,0,0,0,0,0,0,0,0,1,0,,67,8,2007,2,40.1007,-75.0297,1146.0,6,0,0,0,0,0,1,1,0,2.0,0,0,0,11,1,1,2,,1,40 06:01.000,2.0,0,75 01:47.525,4,0,0,0,67301,0,0,0,N,0,0,0,2,67301,1,,1,9,,N,N,,0,,0,0,0,3,2,N,1145,1,2,0,0,0,0,0,3,4,1,2,7,,N,,,,,,,,,,,
2007092347,1406.0,1,0,0,0,0,0,0,0,0,4,0,,67,6,2007,5,40.0143,-75.0709,1402.0,6,0,0,0,0,0,0,0,0,,0,0,0,99,1,1,1,,0,40 00:51.000,,0,75 04:15.064,4,0,0,0,67301,0,0,0,N,0,0,0,2,67301,1,,1,1,,N,N,,1,,0,0,0,3,2,,9999,1,2,0,0,0,0,0,3,4,0,2,3,,N,,,,,,,,,,,
2007095025,2045.0,1,0,0,0,0,0,0,0,0,8,0,,67,7,2007,5,40.0488,-75.1791,2044.0,6,0,0,0,0,0,0,0,0,1.0,0,0,0,20,2,1,0,,2,40 02:55.773,6.0,0,75 10:44.914,4,0,0,0,67301,1,0,0,N,1,0,0,2,67301,1,,1,1,,N,N,,0,,0,0,0,0,0,Y,2044,1,2,0,0,0,0,0,3,4,0,1,3,,N,,,,,,,,,,,
2007095030,2157.0,1,0,0,0,0,0,0,0,0,8,0,,67,8,2007,1,40.0417,-75.0712,2153.0,6,0,0,0,0,0,0,0,0,,0,0,0,21,3,1,1,,0,40 02:30.166,,0,75 04:16.366,4,0,0,0,67301,1,0,0,N,1,0,0,2,67301,1,,1,1,,N,N,,0,,0,0,0,0,0,,2145,1,2,0,0,0,0,0,3,4,0,1,3,,N,,,,,,,,,,,
2007095082,1644.0,1,0,0,0,0,0,0,0,0,4,0,,67,8,2007,2,40.0875,-75.0553,1643.0,6,0,1,0,0,0,0,0,0,,0,0,0,99,1,2,1,,0,40 05:14.823,,0,75 03:19.245,4,0,0,0,67301,0,0,0,N,0,0,0,4,67301,2,,1,1,,N,N,,0,,0,0,1,3,3,,9999,2,2,0,0,0,0,0,3,4,0,2,3,,N,,,,,,,,,,,
2007092765,816.0,1,0,0,0,0,0,0,0,0,5,0,,67,7,2007,2,39.9664,-75.1358,815.0,6,0,0,0,0,0,1,0,0,1.0,0,0,0,8,1,1,0,,1,39 57:54.000,2.0,0,75 08:15.148,4,0,0,0,67301,0,0,0,N,0,0,0,4,67301,1,,1,1,,N,N,,1,,0,0,0,0,0,N,815,1,2,0,0,0,0,0,3,4,0,2,3,,N,,,,,,,,,,,
2007092777,1816.0,1,0,0,0,0,0,0,0,0,7,0,,67,7,2007,3,39.8929,-75.2232,1813.0,6,0,0,0,0,0,0,0,0,1.0,0,0,0,18,1,1,0,,2,39 53:35.000,2.0,2,75 13:19.253,8,0,0,0,67301,0,0,0,N,0,0,0,1,67301,0,,2,1,,N,N,,0,,0,0,0,0,0,N,1811,1,1,0,0,0,1,0,3,4,0,1,3,,N,,,,,,,,,,,
2007092812,140.0,2,0,0,0,0,0,0,0,0,1,0,99.0,67,7,2007,3,39.9653,-75.1857,131.0,6,0,0,0,0,0,0,0,0,1.0,0,0,0,1,3,1,6,,1,39 57:59.000,4.0,2,75 11:13.675,4,0,0,0,67301,0,0,0,N,0,0,0,4,67301,1,,1,1,,N,N,,0,,0,0,0,3,3,N,131,1,2,0,0,0,0,2,3,4,0,2,3,,Y,8.0,8.0,U,,,U,,,,,
2007092892,1425.0,2,0,0,0,0,0,0,0,0,4,0,,67,6,2007,7,39.94,-75.1662,1418.0,6,0,0,0,0,0,1,0,1,,0,0,0,14,1,0,1,,0,39 56:24.000,,0,75 09:58.449,0,0,0,0,67301,0,0,0,N,0,0,0,3,67301,0,,1,1,,N,N,,0,,0,0,0,3,2,,1415,0,2,0,0,0,0,0,3,4,0,2,3,,N,,,,,,,,,,,
2007120591,1915.0,1,0,0,0,0,0,0,0,0,7,0,,67,9,2007,1,39.8989,-75.1697,1909.0,6,1,0,0,0,0,0,0,0,1.0,0,0,0,19,3,3,3,,1,39 53:56.000,2.0,2,75 10:09.802,8,0,0,0,67301,0,0,0,N,0,0,0,3,67301,0,,7,1,,N,N,,0,,0,0,0,0,0,N,1904,3,1,0,0,3,3,0,3,4,0,1,3,,N,,,,,,,,,,,
2007120607,1700.0,2,0,0,0,0,0,0,0,0,1,0,,67,9,2007,1,40.0158,-75.1297,1700.0,6,0,0,0,0,0,0,0,0,1.0,0,0,0,17,1,1,0,,1,40 00:56.892,5.0,0,75 07:46.995,8,0,0,0,67301,0,0,0,N,0,0,0,2,67301,0,,1,1,,N,N,,0,,0,0,0,0,0,N,1700,1,2,0,0,0,1,0,3,4,0,2,3,,N,,,,,,,,,,,
2007027904,1012.0,2,0,0,0,0,0,0,0,0,4,0,,67,1,2007,1,39.9761,-75.2637,1005.0,6,0,0,0,0,0,0,0,0,,0,0,0,9,1,1,2,,0,39 58:34.000,,0,75 15:49.469,8,0,0,0,67301,0,0,0,N,0,0,0,2,67301,0,,1,9,,N,N,,0,,0,0,0,0,0,,955,1,2,0,0,1,1,1,3,4,0,2,7,,N,,,,,,,,,,,