CRN,ARRIVAL_TM,AUTOMOBILE_COUNT,BELTED_DEATH_COUNT,BELTED_SUSP_SERIOUS_INJ_COUNT,BICYCLE_COUNT,BICYCLE_DEATH_COUNT,BICYCLE_SUSP_SERIOUS_INJ_COUNT,BUS_COUNT,CHLDPAS_DEATH_COUNT,CHLDPAS_SUSP_SERIOUS_INJ_COUNT,COLLISION_TYPE,COMM_VEH_COUNT,CONS_ZONE_SPD_LIM,COUNTY,CRASH_MONTH,CRASH_YEAR,DAY_OF_WEEK,DEC_LAT,DEC_LONG,DISPATCH_TM,DISTRICT,DRIVER_COUNT_16YR,DRIVER_COUNT_17YR,DRIVER_COUNT_18YR,DRIVER_COUNT_19YR,DRIVER_COUNT_20YR,DRIVER_COUNT_50_64YR,DRIVER_COUNT_65_74YR,DRIVER_COUNT_75PLUS,EST_HRS_CLOSED,FATAL_COUNT,HEAVY_TRUCK_COUNT,HORSE_BUGGY_COUNT,HOUR_OF_DAY,ILLUMINATION,INJURY_COUNT,INTERSECT_TYPE,INTERSECTION_RELATED,LANE_CLOSED,LATITUDE,LN_CLOSE_DIR,LOCATION_TYPE,LONGITUDE,MAX_SEVERITY_LEVEL,MCYCLE_DEATH_COUNT,MCYCLE_SUSP_SERIOUS_INJ_COUNT,MOTORCYCLE_COUNT,MUNICIPALITY,NONMOTR_COUNT,NONMOTR_DEATH_COUNT,NONMOTR_SUSP_SERIOUS_INJ_COUNT,NTFY_HIWY_MAINT,PED_COUNT,PED_DEATH_COUNT,PED_SUSP_SERIOUS_INJ_COUNT,PERSON_COUNT,POLICE_AGCY,POSSIBLE_INJ_COUNT,RDWY_SURF_TYPE_CD,RELATION_TO_ROAD,ROAD_CONDITION,ROADWAY_CLEARED,SCH_BUS_IND,SCH_ZONE_IND,SECONDARY_CRASH,SMALL_TRUCK_COUNT,SPEC_JURIS_CD,SUSP_MINOR_INJ_COUNT,SUSP_SERIOUS_INJ_COUNT,SUV_COUNT,TCD_FUNC_CD,TCD_TYPE,TFC_DETOUR_IND,TIME_OF_DAY,TOT_INJ_COUNT,TOTAL_UNITS,UNB_DEATH_COUNT,UNB_SUSP_SERIOUS_INJ_COUNT,UNBELTED_OCC_COUNT,UNK_INJ_DEG_COUNT,UNK_INJ_PER_COUNT,URBAN_AREA,URBAN_RURAL,VAN_COUNT,VEHICLE_COUNT,WEATHER1,WEATHER2,WORK_ZONE_IND,WORK_ZONE_LOC,WORK_ZONE_TYPE,WORKERS_PRES,WZ_CLOSE_DETOUR,WZ_FLAGGER,WZ_LAW_OFFCR_IND,WZ_LN_CLOSURE,WZ_MOVING,WZ_OTHER,WZ_SHLDER_MDN,WZ_WORKERS_INJ_KILLED
2007117217,1305.0,0,0,0,0,0,0,0,0,0,1,0,,67,10,2007,5,40.0243,-75.1457,1300.0,6,0,0,0,0,0,0,0,0,,0,0,0,99,1,0,1,,0,40 01:27.357,,0,75 08:44.545,0,0,0,0,67301,0,0,0,N,0,0,0,2,67301,0,,1,1,,N,N,,1,,0,0,0,3,3,,9999,0,2,0,0,0,0,0,3,4,1,2,3,,N,,,,,,,,,,,
2007030087,2259.0,1,0,0,0,0,0,0,0,0,7,0,,67,1,2007,1,40.0196,-75.1471,2251.0,6,0,0,0,0,0,0,0,0,1.0,0,0,0,22,3,0,2,,1,40 01:10.560,2.0,0,75 08:49.560,0,0,0,0,67301,0,0,0,,0,0,0,1,67301,0,,2,9,,,N,,0,,0,0,0,0,0,N,2251,0,1,0,0,0,0,0,3,4,0,1,7,,N,,,,,,,,,,,
2007030108,2135.0,1,0,0,0,0,0,0,0,0,4,0,,67,1,2007,7,39.904,-75.2401,2130.0,6,0,0,0,0,1,0,0,0,,0,0,0,21,3,0,1,,0,39 54:14.000,,0,75 14:24.410,0,0,0,0,67301,0,0,0,N,0,0,0,2,67301,0,,1,1,,N,N,,0,,0,0,1,3,2,,2120,0,2,0,0,0,0,0,3,4,0,2,3,,N,,,,,,,,,,,
2007027768,1618.0,3,0,0,0,0,0,0,0,0,4,0,,67,1,2007,5,40.0217,-75.1127,1614.0,6,0,0,0,0,0,0,0,0,1.0,0,0,0,16,1,1,1,,1,40 01:17.000,2.0,0,75 06:45.661,4,0,0,0,67301,0,0,0,N,0,0,0,3,67301,1,,1,1,,N,N,,0,,0,0,0,3,2,N,1604,1,3,0,0,0,0,0,3,4,0,3,3,,N,,,,,,,,,,,
2007022827,9999.0,0,0,0,0,0,0,0,0,0,2,0,,67,1,2007,6,39.9415,-75.2278,,6,0,0,0,0,0,0,0,0,,0,0,0,11,1,0,0,,0,39 56:29.558,,0,75 13:39.932,0,0,0,0,67301,0,0,0,,0,0,0,2,67301,0,,9,1,,N,N,,1,,0,0,0,0,0,,1130,0,2,0,0,0,0,0,3,4,1,2,3,,N,,,,,,,,,,,
2007080947,841.0,1,0,0,0,0,0,0,0,0,7,0,,67,5,2007,4,,,835.0,6,0,0,0,1,0,0,0,0,1.0,0,0,0,8,2,0,0,,2,,3.0,0,,9,0,0,0,67301,0,0,0,N,0,0,0,1,67301,0,,3,9,,N,N,,0,,0,0,0,0,0,N,835,0,1,0,0,0,0,1,3,3,0,1,7,,N,,,,,,,,,,,
2007066289,1700.0,1,0,0,0,0,0,0,0,0,8,0,,67,5,2007,1,39.978,-75.163,1450.0,6,0,0,0,0,0,1,0,0,,0,0,0,14,1,1,0,,0,39 58:40.807,,0,75 09:46.825,4,0,0,0,67301,1,0,0,,1,0,0,2,67301,1,,1,1,,,,,0,,0,0,0,0,0,,1440,1,2,0,0,0,0,1,3,4,0,1,3,,N,,,,,,,,,,,
2007066350,1115.0,1,0,0,0,0,0,0,0,0,4,0,,67,5,2007,2,40.0638,-75.0835,1053.0,6,0,0,0,0,1,0,0,0,,0,0,0,10,1,2,1,,0,40 03:49.505,,0,75 05:00.516,4,0,0,0,67301,0,0,0,N,0,0,0,3,67301,2,,1,1,,N,N,,1,,0,0,0,3,2,,1051,2,2,0,0,0,0,0,3,4,0,2,3,,N,,,,,,,,,,,
2007051175,854.0,2,0,0,0,0,0,0,0,0,4,0,,67,2,2007,2,40.049,-75.1931,854.0,6,0,0,0,0,0,0,0,0,,0,0,0,8,1,0,1,,0,40 02:56.510,,0,75 11:35.171,0,0,0,0,67301,0,0,0,N,0,0,0,2,67301,0,,1,1,,N,N,,0,,0,0,0,3,2,,810,0,2,0,0,0,0,0,3,4,0,2,3,,N,,,,,,,,,,,
2007056370,932.0,1,0,0,0,0,0,0,0,0,7,0,,67,4,2007,3,39.9715,-75.1238,922.0,6,0,0,0,0,0,0,0,0,1.0,0,0,0,9,1,1,0,,2,39 58:17.012,2.0,0,75 07:25.879,3,0,0,0,67301,0,0,0,N,0,0,0,1,67301,0,,4,1,,N,N,,0,,1,0,0,0,0,Y,922,1,1,0,0,0,0,0,3,4,0,1,3,,N,,,,,,,,,,,
2007056447,1940.0,2,0,0,0,0,0,0,0,0,1,0,,67,3,2007,4,40.0861,-75.024,1930.0,6,0,0,0,0,0,1,0,0,,0,0,0,99,2,4,2,,0,40 05:09.960,,0,75 01:26.400,8,0,0,0,67301,0,0,0,N,0,0,0,5,67301,0,,1,9,,N,N,,0,,0,0,0,3,2,,9999,4,2,0,0,0,4,0,3,4,0,2,3,,N,,,,,,,,,,,
2007056596,835.0,2,0,0,0,0,0,0,0,0,4,0,,67,3,2007,4,40.0753,-75.0735,830.0,6,0,0,0,0,0,0,0,0,,0,0,0,8,1,1,1,,0,40 04:30.000,,0,75 04:24.493,4,0,0,0,67301,0,0,0,N,0,0,0,3,67301,1,,1,1,,N,N,,1,,0,0,0,3,2,,830,1,3,0,0,0,0,0,3,4,0,3,3,,N,,,,,,,,,,,
2007048840,1405.0,1,0,0,0,0,0,0,0,0,4,1,,67,2,2007,4,40.0107,-75.1022,1400.0,6,0,0,0,0,0,0,0,0,,0,1,0,13,1,1,0,,0,40 00:38.685,,0,75 06:07.761,4,0,0,0,67301,0,0,0,N,0,0,0,2,67301,1,,1,1,,N,N,,0,,0,0,0,0,0,,1350,1,2,0,0,0,0,0,3,4,0,2,3,,N,,,,,,,,,,,
2007098971,825.0,2,0,0,0,0,0,0,0,0,9,0,,67,8,2007,4,39.9803,-75.2141,825.0,6,0,0,0,0,0,1,0,0,1.0,0,0,0,8,5,4,1,,1,39 58:48.000,7.0,0,75 12:50.698,4,0,0,0,67301,0,0,0,N,0,0,0,4,67301,4,,1,9,,N,N,,0,,0,0,1,3,2,Y,825,4,3,0,0,0,0,0,3,4,0,3,7,,N,,,,,,,,,,,
2007098992,1020.0,1,0,0,0,0,0,0,0,0,8,0,,67,8,2007,4,39.9676,-75.2014,1014.0,6,0,0,0,0,0,0,0,0,,0,0,0,15,1,1,0,,0,39 58:03.345,,0,75 12:04.917,4,0,0,0,67301,1,0,0,N,1,0,0,2,67301,1,,1,1,,N,N,,0,,0,0,0,3,2,,1500,1,2,0,0,0,0,1,3,4,0,1,3,,N,,,,,,,,,,,
2007074110,1238.0,1,0,0,0,0,0,0,0,0,1,0,,67,7,2007,6,39.9809,-75.2678,1234.0,6,0,0,0,0,0,0,0,0,,0,0,0,12,1,3,0,,0,39 58:51.000,,0,75 16:04.200,4,0,0,0,67301,0,0,0,N,0,0,0,6,46104,3,,1,1,,N,N,,0,,0,0,0,0,0,,1225,3,2,0,0,0,0,0,3,4,0,2,3,,N,,,,,,,,,,,
2007067178,1852.0,2,0,0,0,0,0,0,0,0,1,0,,67,5,2007,3,40.028,-75.11,1846.0,6,0,0,1,0,0,0,0,0,,0,0,0,18,1,1,1,,0,40 01:40.000,,0,75 06:36.205,4,0,0,0,67301,0,0,0,,0,0,0,2,67301,1,,1,1,,,,,0,,0,0,0,9,2,,1840,1,2,0,0,0,0,0,3,4,0,2,3,,N,,,,,,,,,,,
2007067186,1625.0,1,0,0,0,0,0,0,0,0,6,0,,67,5,2007,4,40.0671,-75.2471,1615.0,6,0,0,0,0,0,1,0,0,,0,0,0,16,1,1,2,,0,40 04:01.495,,0,75 14:49.559,3,0,0,0,67301,0,0,0,,0,0,0,2,67301,0,,1,9,,N,N,,0,,1,0,1,0,0,,1615,1,2,0,0,0,0,0,3,4,0,2,7,,N,,,,,,,,,,,
2007067229,1845.0,0,0,0,0,0,0,0,0,0,0,0,,67,5,2007,7,40.0247,-75.0309,1938.0,6,0,0,0,0,0,0,0,0,1.0,0,0,0,18,4,2,0,,1,40 01:25.000,1.0,2,75 01:52.531,8,0,0,0,67301,0,0,0,N,0,0,0,2,67301,0,,2,9,,N,N,,0,,0,0,1,3,8,N,1838,2,1,0,0,0,2,0,3,4,0,1,7,,N,,,,,,,,,,,
2007067152,9999.0,0,0,0,0,0,0,0,0,0,4,0,,67,5,2007,2,39.9392,-75.1917,9999.0,6,0,0,0,0,0,1,0,0,,0,0,0,99,1,1,2,,0,39 56:21.100,,7,75 11:30.100,4,0,0,0,67301,0,0,0,N,0,0,0,2,67301,1,,1,1,,N,N,,1,,0,0,0,0,0,,9999,1,2,0,0,0,0,1,3,4,1,2,3,,N,,,,,,,,,,,
2007099160,2220.0,1,0,0,0,0,0,0,0,0,4,0,,67,9,2007,1,40.0487,-75.0768,2217.0,6,0,0,0,0,0,0,0,0,,0,0,0,22,2,0,1,,0,40 02:55.176,,0,75 04:36.548,9,0,0,0,67301,0,0,0,N,0,0,0,4,67301,0,,1,1,,N,Y,,1,,0,0,0,3,2,,2210,0,2,0,0,0,0,4,3,4,0,2,3,,N,,,,,,,,,,,
2007029568,405.0,2,0,0,0,0,0,0,0,0,2,0,,67,1,2007,6,39.9579,-75.1641,403.0,6,0,0,0,0,0,0,0,0,,0,0,0,4,3,3,1,,0,39 57:28.000,,0,75 09:50.893,8,0,0,0,67301,0,0,0,,0,0,0,3,67301,0,,1,1,,N,N,,0,,0,0,0,9,2,,400,3,2,0,0,0,3,0,3,4,0,2,3,,N,,,,,,,,,,,
2007099645,1425.0,2,0,0,0,0,0,0,0,0,5,0,,67,8,2007,7,39.9784,-75.1146,1420.0,6,0,0,0,0,0,0,0,0,1.0,0,0,0,14,1,1,1,,1,39 58:42.000,4.0,0,75 06:52.947,3,0,0,0,67301,0,0,0,N,0,0,0,3,67301,0,,1,1,,N,N,,0,,1,0,0,3,2,N,1420,1,2,0,0,0,0,0,3,4,0,2,3,,N,,,,,,,,,,,
2007128179,2110.0,2,0,0,0,0,0,0,0,0,2,0,,67,10,2007,1,40.0564,-75.029,2058.0,6,0,0,0,0,0,0,1,0,,0,0,0,20,2,2,5,,0,40 03:23.860,,0,75 01:45.224,4,0,0,0,67301,0,0,0,N,0,0,0,3,67301,2,,1,1,,N,N,,0,,0,0,0,3,2,,2050,2,2,0,0,0,0,0,3,4,0,2,3,,N,,,,,,,,,,,
2007128231,1150.0,1,0,0,0,0,0,0,0,0,1,0,,67,10,2007,5,40.0848,-75.0247,1142.0,6,0,0,0,0,0,0,0,0,2.0,0,0,0,11,1,1,0,,1,40 05:05.000,1.0,0,75 01:28.979,8,0,0,0,67301,0,0,0,,0,0,0,2,67301,0,,1,9,,N,N,,1,,0,0,0,3,2,N,1140,1,2,0,0,0,1,0,3,4,0,2,7,,N,,,,,,,,,,,
2007128232,345.0,2,0,0,0,0,0,0,0,0,4,0,,67,10,2007,1,40.0743,-75.0348,302.0,6,0,0,0,0,0,0,0,0,,0,0,0,2,3,3,1,,0,40 04:27.000,,0,75 02:05.368,8,0,0,0,67301,0,0,0,,0,0,0,3,67301,0,,1,1,,N,N,,0,,0,0,0,3,2,,240,3,2,0,0,0,3,0,3,4,0,2,3,,N,,,,,,,,,,,
2007092324,1755.0,1,0,0,0,0,0,0,0,0,1,0,,67,7,2007,2,39.9569,-75.1551,1748.0,6,0,0,0,0,0,0,0,0,1.0,0,0,0,17,1,0,0,,1,39 57:24.000,3.0,0,75 09:18.464,0,0,0,0,67301,0,0,0,,0,0,0,2,67301,0,,1,1,,N,N,,0,,0,0,1,0,0,N,1745,0,2,0,0,0,0,0,3,4,0,2,3,,N,,,,,,,,,,,
2007092344,2132.0,0,0,0,0,0,0,0,0,0,4,0,,67,7,2007,4,39.9596,-75.197,2135.0,6,0,0,0,0,0,1,0,0,,0,0,0,21,3,6,2,,0,39 57:34.560,,0,75 11:49.200,8,0,0,0,67301,0,0,0,N,0,0,0,12,67301,0,,1,9,,N,N,,0,,0,0,0,3,2,,2132,6,2,0,0,0,6,0,3,4,2,2,7,,N,,,,,,,,,,,
2007092776,2343.0,2,0,0,0,0,0,0,0,0,1,0,,67,8,2007,6,40.0179,-75.1717,2316.0,6,0,0,0,0,0,0,0,0,1.0,0,0,0,23,3,3,6,,1,40 00:47.000,2.0,0,75 10:49.074,4,0,0,0,67301,0,0,0,N,0,0,0,4,67301,1,,7,1,,N,N,,0,,0,0,0,9,4,N,2316,3,2,0,0,1,2,0,3,4,0,2,3,,N,,,,,,,,,,,
2007092814,1221.0,0,0,0,0,0,0,0,0,0,4,0,,67,6,2007,5,39.9182,-75.1711,1220.0,6,0,0,0,0,0,1,0,0,,0,0,0,12,1,0,2,,0,39 55:05.520,,0,75 10:15.960,0,0,0,0,67301,0,0,0,N,0,0,0,2,67301,0,,1,1,,N,N,,0,,0,0,1,3,2,,1219,0,2,0,0,0,0,0,3,4,1,2,3,,N,,,,,,,,,,,
2007120534,2048.0,0,0,0,1,0,0,0,0,0,4,0,,67,9,2007,1,40.0227,-75.1482,2045.0,6,0,0,0,0,0,0,0,0,,0,0,0,20,3,1,5,,0,40 01:21.000,,0,75 08:53.543,4,0,0,0,67301,1,0,0,N,0,0,0,2,67301,1,,1,1,,N,N,,0,,0,0,0,3,2,,2040,1,2,0,0,0,0,1,3,4,0,1,3,,N,,,,,,,,,,,
2007120609,2220.0,0,0,0,0,0,0,0,0,0,8,0,,67,10,2007,5,40.002,-75.1401,2215.0,6,0,0,0,0,0,0,0,0,,0,0,0,22,3,1,1,,0,40 00:07.027,,0,75 08:24.226,4,0,0,0,67301,1,0,0,,1,0,0,2,67301,1,,1,1,,,,,0,,0,0,0,0,0,,2215,1,2,0,0,1,0,0,3,4,1,1,3,,N,,,,,,,,,,,
2007120622,1825.0,2,0,0,0,0,0,0,0,0,4,0,,67,9,2007,1,40.001,-75.1237,1814.0,6,0,0,0,0,0,1,0,0,,0,0,0,18,1,1,1,,0,40 00:03.643,,0,75 07:25.222,3,0,0,0,67301,0,0,0,N,0,0,0,4,67301,0,,1,1,,N,N,,0,,1,0,0,3,3,,1800,1,2,0,0,0,0,0,3,4,0,2,3,,N,,,,,,,,,,,
2007027824,1030.0,1,0,0,0,0,0,0,0,0,4,0,,67,1,2007,5,39.9688,-75.2454,1025.0,6,0,0,0,0,0,0,0,0,,0,0,0,99,1,1,1,,0,39 58:07.803,,0,75 14:43.549,4,0,0,0,67301,0,0,0,N,0,0,0,2,67301,1,,1,1,,N,N,,1,,0,0,0,3,2,,9999,1,2,0,0,1,0,0,3,4,0,2,3,,N,,,,,,,,,,,
2007027911,1715.0,1,0,0,0,0,0,0,0,0,8,0,,67,1,2007,6,39.943,-75.2268,1715.0,6,0,0,0,0,0,0,0,0,,0,0,0,16,1,1,1,,0,39 56:34.638,,0,75 13:36.512,8,0,0,0,67301,1,0,0,N,1,0,0,2,67301,0,,1,1,,N,N,,0,,0,0,0,3,2,,1635,1,2,0,0,0,1,0,3,4,0,1,3,,N,,,,,,,,,,,
2007027930,534.0,1,0,0,0,0,0,0,0,0,8,0,,67,1,2007,4,39.9259,-75.1818,533.0,6,0,0,0,0,0,0,0,0,,0,0,0,5,3,1,1,,0,39 55:33.000,,0,75 10:53.641,4,0,0,0,67301,1,0,0,N,1,0,0,2,67301,1,,1,1,,N,N,,0,,0,0,0,0,0,,533,1,2,0,0,0,0,0,3,4,0,1,3,,N,,,,,,,,,,,
2007027978,1212.0,1,0,0,0,0,0,0,0,0,4,0,,67,1,2007,3,39.9211,-75.229,1205.0,6,0,0,0,0,0,0,0,0,,0,0,0,12,1,1,1,,0,39 55:15.805,,0,75 13:44.269,4,0,0,0,67301,0,0,0,N,0,0,0,2,67301,1,,1,1,,N,N,,1,,0,0,0,3,2,,1200,1,2,0,0,0,0,0,3,4,0,2,3,,N,,,,,,,,,,,
2007047374,2130.0,2,0,0,0,0,0,0,0,0,1,0,,67,3,2007,4,39.9895,-75.1045,2102.0,6,0,0,0,0,0,0,0,0,,0,0,0,20,3,0,0,,0,39 59:21.000,,0,75 06:16.159,0,0,0,0,67301,0,0,0,N,0,0,0,2,67301,0,,1,2,,N,N,,0,,0,0,1,0,0,,2045,0,4,0,0,0,0,0,3,4,1,4,3,,N,,,,,,,,,,,
2007047330,1648.0,1,0,0,0,0,0,0,0,0,8,0,,67,3,2007,3,39.9784,-75.178,1644.0,6,0,0,0,0,0,1,0,0,,0,0,0,99,1,1,0,,0,39 58:42.142,,0,75 10:40.648,4,0,0,0,67301,1,0,0,N,1,0,0,2,67301,1,,1,1,,N,N,,0,,0,0,0,3,3,,9999,1,2,0,0,0,0,0,3,4,0,1,3,,N,,,,,,,,,,,
2007047657,1737.0,1,0,0,1,0,1,0,0,0,5,0,,67,3,2007,7,39.9482,-75.1644,1732.0,6,0,0,0,0,0,0,0,0,,0,0,0,14,1,1,1,,0,39 56:53.520,,0,75 09:51.840,2,0,0,0,67301,1,0,1,N,0,0,0,2,67301,0,,1,1,,N,N,,0,,0,1,0,3,2,,1400,1,2,0,0,0,0,0,3,4,0,1,99,,N,,,,,,,,,,,
2007067829,1541.0,2,0,0,0,0,0,0,0,0,5,0,,67,5,2007,7,39.9726,-75.1683,1538.0,6,0,0,0,0,0,0,0,1,,0,0,0,15,1,0,0,,0,39 58:21.000,,0,75 10:05.804,9,0,0,0,67301,0,0,0,,0,0,0,2,67301,0,,1,1,,,,,0,,0,0,0,0,0,,1530,0,2,0,0,0,0,1,3,4,0,2,3,,N,,,,,,,,,,,
2007067956,1839.0,1,0,0,0,0,0,0,0,0,4,0,,67,5,2007,1,39.9777,-75.1614,1835.0,6,0,0,1,1,0,0,0,0,,0,0,0,99,1,1,1,,0,39 58:39.716,,0,75 09:41.201,4,0,0,0,67301,0,0,0,N,0,0,0,3,67301,1,,1,1,,N,N,,0,,0,0,0,3,2,,9999,1,2,0,0,0,0,1,3,4,1,2,3,,N,,,,,,,,,,,
2007112033,29.0,1,0,0,0,0,0,0,0,0,7,0,,67,9,2007,7,40.0142,-75.2063,25.0,6,0,0,0,0,0,0,0,0,,0,0,0,0,3,1,0,,0,40 00:44.000,,8,75 12:18.518,4,0,0,0,67301,0,0,0,N,0,0,0,1,67301,1,,2,1,,N,N,,0,,0,0,0,0,0,,25,1,1,0,0,1,0,0,3,4,0,1,3,,N,,,,,,,,,,,
2007055661,1918.0,2,0,0,0,0,0,0,0,0,1,0,,67,4,2007,1,39.9057,-75.1323,1917.0,6,0,0,0,0,0,0,0,0,1.0,0,0,0,19,1,3,0,,1,39 54:20.581,4.0,3,75 07:56.399,8,0,0,0,67301,0,0,0,N,0,0,0,5,67501,0,,1,1,,N,N,,0,,0,0,0,0,0,N,1916,3,2,0,0,0,3,0,3,4,0,2,3,,N,,,,,,,,,,,
2007093553,824.0,0,0,0,1,0,1,0,0,0,4,0,,67,5,2007,7,40.0012,-75.1991,816.0,6,0,0,0,0,0,0,0,1,,0,0,0,8,1,1,10,,0,40 00:04.446,,0,75 11:56.770,2,0,0,0,67301,1,0,1,N,0,0,0,2,67301,0,,1,1,,N,,,1,,0,1,0,0,0,,815,1,2,0,0,0,0,0,3,4,0,1,3,,N,,,,,,,,,,,
2007022333,1700.0,0,0,0,0,0,0,0,0,0,8,0,,67,1,2007,3,39.9952,-75.128,1615.0,6,0,0,0,0,0,0,0,0,,0,0,0,16,1,1,0,,0,39 59:42.644,,0,75 07:40.674,4,0,0,0,67301,1,0,0,N,1,0,0,2,67301,1,,1,1,,N,N,,1,,0,0,0,0,0,,1600,1,2,0,0,0,0,0,3,4,0,1,3,,N,,,,,,,,,,,
2007027683,9999.0,2,0,0,0,0,0,0,0,0,2,0,,67,1,2007,4,40.0609,-75.1641,838.0,6,0,0,0,0,0,0,0,0,,0,0,0,8,1,2,1,,0,40 03:39.000,,0,75 09:50.844,3,0,0,0,67301,0,0,0,N,0,0,0,2,67301,0,,1,1,,N,N,,0,,2,0,0,3,2,,850,2,2,0,0,0,0,0,3,4,0,2,3,,N,,,,,,,,,,,
2007027685,1040.0,2,0,0,0,0,0,0,0,0,4,0,,67,1,2007,5,40.0556,-75.1813,1035.0,6,0,0,0,0,0,2,0,0,,0,0,0,10,1,1,1,,0,40 03:20.000,,0,75 10:52.628,8,0,0,0,67301,0,0,0,,0,0,0,2,67301,0,,1,1,,,,,0,,0,0,0,3,3,,1020,1,2,0,0,0,1,0,3,4,0,2,3,,N,,,,,,,,,,,
2007027580,947.0,2,0,0,0,0,0,0,0,0,8,0,,67,1,2007,1,40.1062,-74.9993,933.0,6,0,0,0,0,0,0,0,1,,0,0,0,9,1,1,0,,0,40 06:22.000,,0,74 59:57.370,4,0,0,0,67301,1,0,0,N,1,0,0,2,67301,1,,1,9,,N,N,,0,,0,0,0,0,0,,922,1,3,0,0,0,0,0,3,4,0,2,7,5.0,N,,,,,,,,,,,
2007027760,209.0,0,0,0,0,0,0,0,0,0,4,0,,67,1,2007,6,40.0342,-75.0714,206.0,6,0,0,0,0,0,0,0,0,,0,0,0,2,3,3,1,,0,40 02:03.000,,0,75 04:17.001,4,0,0,0,67301,0,0,0,N,0,0,0,3,67301,2,,1,1,,N,N,,0,,0,0,1,3,2,,200,3,2,0,0,0,1,0,3,4,1,2,3,,N,,,,,,,,,,,
2007022809,928.0,2,0,0,0,0,0,0,0,0,9,1,,67,1,2007,2,40.0163,-75.0618,923.0,6,0,0,1,0,0,0,0,0,2.0,0,1,0,9,1,2,1,,1,40 00:58.000,2.0,0,75 03:42.545,8,0,0,0,67301,0,0,0,N,0,0,0,4,67301,0,,1,9,,N,N,,1,,0,0,0,3,2,Y,923,2,4,0,0,0,2,0,3,4,0,4,7,,N,,,,,,,,,,,
2007017932,2144.0,1,0,0,0,0,0,0,0,0,8,0,,67,2,2007,7,40.0039,-75.2207,9999.0,6,0,0,0,0,0,0,1,0,1.0,0,0,0,21,3,2,1,,1,40 00:14.000,2.0,0,75 13:14.544,4,0,0,0,67301,2,0,0,N,2,0,0,3,46104,1,,1,1,,N,N,,0,,0,0,0,3,2,N,2142,2,3,0,0,0,1,0,3,4,0,1,3,,N,,,,,,,,,,,
2007080944,1915.0,2,0,0,0,0,0,0,0,0,2,0,,67,5,2007,1,40.0086,-75.0688,1913.0,6,0,0,0,0,1,0,0,0,,0,0,0,19,1,1,1,,0,40 00:31.000,,0,75 04:07.810,8,0,0,0,67301,0,0,0,N,0,0,0,2,67301,0,,1,1,,N,N,,0,,0,0,0,3,2,,1909,1,2,0,0,0,1,0,3,4,0,2,3,,N,,,,,,,,,,,
2007114972,159.0,2,0,0,0,0,0,0,0,0,1,0,,67,11,2007,5,39.9925,-75.2451,159.0,6,0,0,0,0,0,0,1,0,1.0,0,0,0,1,3,0,0,,1,39 59:33.000,2.0,0,75 14:40.460,0,0,0,0,67301,0,0,0,N,0,0,0,4,46104,0,,1,1,,N,N,,0,,0,0,0,0,0,N,159,0,2,0,0,0,0,0,3,4,0,2,3,,N,,,,,,,,,,,
2007066242,1450.0,1,0,0,0,0,0,0,0,0,8,0,,67,5,2007,6,39.9432,-75.1738,1447.0,6,0,0,0,0,0,1,0,0,,0,0,0,14,1,1,0,,0,39 56:35.440,,0,75 10:25.575,4,0,0,0,67301,1,0,0,N,1,0,0,2,67301,1,,2,1,,N,N,,0,,0,0,0,0,0,,1435,1,2,0,0,0,0,0,3,4,0,1,3,,N,,,,,,,,,,,
2007066277,421.0,1,0,0,0,0,0,0,0,0,7,0,,67,4,2007,7,39.9762,-75.1151,419.0,6,0,0,0,0,0,0,0,0,1.0,0,0,0,4,3,0,0,,2,39 58:37.000,2.0,0,75 06:48.360,0,0,0,0,67301,0,0,0,N,0,0,0,1,67301,0,,2,9,,N,N,,0,,0,0,0,0,0,N,417,0,2,0,0,0,0,0,3,4,0,1,7,,N,,,,,,,,,,,
2007051168,9999.0,0,0,0,0,0,0,0,0,0,8,0,,67,3,2007,6,40.0055,-75.1197,1522.0,6,0,0,0,1,0,0,0,0,,0,0,0,99,1,2,0,,0,40 00:19.706,,0,75 07:10.758,4,0,0,0,67301,2,0,0,N,2,0,0,5,67301,2,,1,1,,N,N,,1,,0,0,0,3,2,,9999,2,3,0,0,0,0,0,3,4,0,1,3,,N,,,,,,,,,,,
2007056386,1055.0,1,0,0,0,0,0,0,0,0,4,0,,67,4,2007,4,39.9321,-75.1708,1050.0,6,0,0,0,0,0,0,0,0,,0,0,0,10,1,4,1,,0,39 55:55.387,,0,75 10:14.789,8,0,0,0,67301,0,0,0,N,0,0,0,6,67301,0,,1,1,,N,N,,0,,0,0,1,3,3,,1050,4,2,0,0,1,4,0,3,4,0,2,3,,N,,,,,,,,,,,
2007056418,622.0,1,0,0,0,0,0,0,0,0,1,0,,67,3,2007,6,39.9663,-75.2298,618.0,6,0,0,0,0,0,0,0,0,,0,0,0,6,1,1,0,,0,39 57:58.802,,0,75 13:47.132,8,0,0,1,67301,0,0,0,N,0,0,0,1,67301,0,,1,1,,N,N,,0,,0,0,0,0,0,,614,1,2,0,0,0,1,0,3,4,0,2,3,,N,,,,,,,,,,,
2007056443,135.0,2,0,0,0,0,0,0,0,0,5,0,,67,4,2007,6,40.0315,-75.0698,131.0,6,0,0,0,0,0,0,0,0,,0,0,0,1,3,0,0,,0,40 01:53.295,,0,75 04:11.283,0,0,0,0,67301,0,0,0,N,0,0,0,1,67301,0,,6,1,,N,N,,1,,0,0,1,0,0,,129,0,4,0,0,0,0,0,3,4,0,4,3,,N,,,,,,,,,,,