CRN,ARRIVAL_TM,AUTOMOBILE_COUNT,BELTED_DEATH_COUNT,BELTED_SUSP_SERIOUS_INJ_COUNT,BICYCLE_COUNT,BICYCLE_DEATH_COUNT,BICYCLE_SUSP_SERIOUS_INJ_COUNT,BUS_COUNT,CHLDPAS_DEATH_COUNT,CHLDPAS_SUSP_SERIOUS_INJ_COUNT,COLLISION_TYPE,COMM_VEH_COUNT,CONS_ZONE_SPD_LIM,COUNTY,CRASH_MONTH,CRASH_YEAR,DAY_OF_WEEK,DEC_LAT,DEC_LONG,DISPATCH_TM,DISTRICT,DRIVER_COUNT_16YR,DRIVER_COUNT_17YR,DRIVER_COUNT_18YR,DRIVER_COUNT_19YR,DRIVER_COUNT_20YR,DRIVER_COUNT_50_64YR,DRIVER_COUNT_65_74YR,DRIVER_COUNT_75PLUS,EST_HRS_CLOSED,FATAL_COUNT,HEAVY_TRUCK_COUNT,HORSE_BUGGY_COUNT,HOUR_OF_DAY,ILLUMINATION,INJURY_COUNT,INTERSECT_TYPE,INTERSECTION_RELATED,LANE_CLOSED,LATITUDE,LN_CLOSE_DIR,LOCATION_TYPE,LONGITUDE,MAX_SEVERITY_LEVEL,MCYCLE_DEATH_COUNT,MCYCLE_SUSP_SERIOUS_INJ_COUNT,MOTORCYCLE_COUNT,MUNICIPALITY,NONMOTR_COUNT,NONMOTR_DEATH_COUNT,NONMOTR_SUSP_SERIOUS_INJ_COUNT,NTFY_HIWY_MAINT,PED_COUNT,PED_DEATH_COUNT,PED_SUSP_SERIOUS_INJ_COUNT,PERSON_COUNT,POLICE_AGCY,POSSIBLE_INJ_COUNT,RDWY_SURF_TYPE_CD,RELATION_TO_ROAD,ROAD_CONDITION,ROADWAY_CLEARED,SCH_BUS_IND,SCH_ZONE_IND,SECONDARY_CRASH,SMALL_TRUCK_COUNT,SPEC_JURIS_CD,SUSP_MINOR_INJ_COUNT,SUSP_SERIOUS_INJ_COUNT,SUV_COUNT,TCD_FUNC_CD,TCD_TYPE,TFC_DETOUR_IND,TIME_OF_DAY,TOT_INJ_COUNT,TOTAL_UNITS,UNB_DEATH_COUNT,UNB_SUSP_SERIOUS_INJ_COUNT,UNBELTED_OCC_COUNT,UNK_INJ_DEG_COUNT,UNK_INJ_PER_COUNT,URBAN_AREA,URBAN_RURAL,VAN_COUNT,VEHICLE_COUNT,WEATHER1,WEATHER2,WORK_ZONE_IND,WORK_ZONE_LOC,WORK_ZONE_TYPE,WORKERS_PRES,WZ_CLOSE_DETOUR,WZ_FLAGGER,WZ_LAW_OFFCR_IND,WZ_LN_CLOSURE,WZ_MOVING,WZ_OTHER,WZ_SHLDER_MDN,WZ_WORKERS_INJ_KILLED
2007056602,235.0,3,0,0,0,0,0,0,0,0,5,0,,67,4,2007,1,40.033,-75.0693,235.0,6,0,0,0,1,0,0,0,0,2.0,0,0,0,2,3,0,0,,1,40 01:58.000,4.0,0,75 04:09.539,0,0,0,0,67301,0,0,0,N,0,0,0,1,67301,0,,2,1,,N,N,,0,,0,0,0,0,0,N,235,0,3,0,0,0,0,0,3,4,0,3,3,,N,,,,,,,,,,,
2007051273,1610.0,1,0,0,0,0,0,0,0,0,1,0,,67,2,2007,4,40.1065,-75.027,1604.0,6,0,0,0,0,0,0,0,0,,0,0,0,15,1,1,0,,0,40 06:23.000,,0,75 01:37.247,4,0,0,0,67301,1,0,0,N,1,0,0,3,67301,1,,1,1,,N,N,,0,,0,0,0,0,0,,1555,1,3,0,0,0,0,0,3,4,1,2,3,,N,,,,,,,,,,,
2007096317,9999.0,1,0,0,0,0,0,0,0,0,8,0,,67,8,2007,1,40.0218,-75.1203,2031.0,6,0,0,0,0,0,0,0,0,,0,0,0,20,3,1,0,,0,40 01:18.318,,0,75 07:13.112,8,0,0,0,67301,1,0,0,N,1,0,0,2,67301,0,,1,1,,N,N,,0,,0,0,0,0,0,,2033,1,2,0,0,0,1,0,3,4,0,1,3,,N,,,,,,,,,,,
2007067369,105.0,1,0,0,0,0,0,0,0,0,8,0,,67,5,2007,1,40.0013,-75.1506,100.0,6,0,0,0,0,0,0,0,0,,0,0,0,99,3,1,1,,0,40 00:04.000,,0,75 09:02.682,3,0,0,0,67301,1,0,0,N,1,0,0,2,67301,0,,1,9,,N,N,,0,,1,0,0,3,2,,9999,1,2,0,0,0,0,0,3,4,0,1,7,,N,,,,,,,,,,,
2007067376,1723.0,4,0,0,0,0,0,0,0,0,1,0,,67,4,2007,7,40.0077,-75.1515,1720.0,6,0,0,0,0,0,1,0,0,,0,0,0,17,1,0,1,,0,40 00:27.000,,0,75 09:05.323,0,0,0,0,67301,0,0,0,N,0,0,0,5,67301,0,,1,1,,N,N,,0,,0,0,0,3,3,,1710,0,4,0,0,0,0,0,3,4,0,4,3,,N,,,,,,,,,,,
2007067180,1800.0,3,0,0,0,0,0,0,0,0,4,0,,67,5,2007,6,39.9727,-75.229,1755.0,6,0,0,0,0,0,0,1,0,,0,0,0,17,1,1,1,,0,39 58:21.554,,0,75 13:44.525,3,0,0,0,67301,0,0,0,,0,0,0,9,67301,0,,1,1,,,,,0,,1,0,0,9,3,,1745,1,3,0,0,0,0,8,3,4,0,3,3,,N,,,,,,,,,,,
2007057198,2030.0,2,0,0,0,0,0,0,0,0,1,0,,67,4,2007,4,39.9434,-75.1656,2024.0,6,0,0,0,0,0,0,0,0,,0,0,0,20,3,1,0,,0,39 56:36.000,,0,75 09:56.217,8,0,0,0,67301,0,0,0,N,0,0,0,2,67301,0,,1,1,,N,N,,0,,0,0,0,0,0,,2015,1,2,0,0,2,1,0,3,4,0,2,3,,N,,,,,,,,,,,
2007067091,1220.0,3,0,0,0,0,0,0,0,0,4,0,,67,5,2007,6,40.0575,-75.0483,1215.0,6,0,0,0,0,0,2,1,0,1.0,0,0,0,12,1,2,0,,1,40 03:26.000,3.0,0,75 02:53.671,8,0,0,0,67301,0,0,0,N,0,0,0,3,67301,0,,1,1,,N,N,,0,,0,0,0,0,0,Y,1200,2,3,0,0,0,2,0,3,4,0,3,3,,N,,,,,,,,,,,
2007067132,119.0,1,0,0,0,0,0,0,0,0,7,0,,67,5,2007,1,40.0368,-75.0222,109.0,6,0,0,0,0,0,0,0,0,,0,0,0,0,3,0,0,,0,40 02:12.000,,0,75 01:19.873,0,0,0,0,67301,0,0,0,N,0,0,0,2,67301,0,,2,9,,N,N,,0,,0,0,0,0,0,,35,0,1,0,0,2,0,0,3,4,0,1,7,,N,,,,,,,,,,,
2007120913,1845.0,0,0,0,1,0,0,1,0,0,5,1,,67,10,2007,3,39.9374,-75.1484,1837.0,6,0,0,0,0,0,0,0,0,,0,0,0,18,1,1,0,,0,39 56:14.809,,0,75 08:54.391,4,0,0,0,67301,1,0,0,N,0,0,0,2,67301,1,,1,1,,N,N,,0,,0,0,0,0,0,,1829,1,2,0,0,0,0,0,3,4,0,1,3,,N,,,,,,,,,,,
2007094979,1440.0,1,0,0,0,0,0,0,0,0,6,0,,67,7,2007,3,39.9229,-75.2263,1435.0,6,0,0,0,0,0,0,0,0,,0,0,0,14,1,1,1,,0,39 55:22.497,,0,75 13:34.820,4,0,0,0,67301,0,0,0,N,0,0,0,3,67301,1,,1,1,,N,N,,1,,0,0,0,3,2,,1430,1,2,0,0,0,0,0,3,4,0,2,3,,N,,,,,,,,,,,
2007092342,1600.0,1,0,0,0,0,0,0,0,0,4,0,,67,8,2007,6,40.0046,-75.1374,1548.0,6,0,0,0,0,0,0,0,0,,0,0,0,15,1,1,1,,0,40 00:16.686,,0,75 08:14.798,3,0,0,0,67301,0,0,0,N,0,0,0,2,67301,0,,1,1,,N,N,,0,,1,0,1,9,3,,1540,1,3,0,0,0,0,0,3,4,1,3,3,,N,,,,,,,,,,,
2007092495,1343.0,3,0,0,0,0,0,0,0,0,4,0,,67,7,2007,6,39.958,-75.2273,1343.0,6,0,0,0,0,0,1,0,0,,0,0,0,13,1,1,1,,0,39 57:28.627,,0,75 13:38.423,8,0,0,0,67301,0,0,0,,0,0,0,3,67301,0,,1,1,,,,,1,,0,0,0,3,3,,1343,1,4,0,0,0,1,0,3,4,0,4,3,,N,,,,,,,,,,,
2007095063,1431.0,0,0,0,0,0,0,0,0,0,8,0,,67,7,2007,2,39.9463,-75.1595,1430.0,6,0,0,0,0,0,0,0,0,,0,0,0,14,1,1,2,,0,39 56:46.716,,0,75 09:34.207,4,0,0,0,67301,1,0,0,,1,0,0,2,67301,1,,1,1,,N,N,,0,,0,0,1,3,2,,1420,1,2,0,0,0,0,0,3,4,0,1,3,,N,,,,,,,,,,,
2007092769,2350.0,1,0,0,0,0,0,0,0,0,7,0,,67,7,2007,5,39.8889,-75.2417,2336.0,6,0,0,0,0,0,0,0,0,1.0,0,0,0,23,3,0,7,,1,39 53:20.000,2.0,2,75 14:30.197,0,0,0,0,67301,0,0,0,Y,0,0,0,1,67301,0,,2,1,,N,N,,0,,0,0,0,0,0,N,2336,0,1,0,0,0,0,0,3,4,0,1,3,,N,,,,,,,,,,,
2007092884,2135.0,0,0,0,0,0,0,0,0,0,4,0,,67,7,2007,4,39.9438,-75.2228,2126.0,6,0,1,0,0,0,0,0,0,,0,0,0,21,3,2,1,,0,39 56:37.683,,0,75 13:22.061,3,0,0,1,67301,0,0,0,N,0,0,0,3,67301,0,,1,1,,N,N,,0,,2,0,0,2,2,,2100,2,2,0,0,0,0,0,3,4,1,2,3,,N,,,,,,,,,,,
2007120683,2026.0,1,0,0,0,0,0,0,0,0,8,0,,67,9,2007,6,40.1143,-74.9879,2022.0,6,0,0,0,0,0,0,0,0,9.0,0,0,0,20,3,1,1,,2,40 06:51.000,6.0,0,74 59:16.487,2,0,0,0,67301,1,0,1,,1,0,1,3,67301,0,,1,1,,,,,0,,0,1,0,3,2,Y,2021,1,2,0,0,0,0,0,3,4,0,1,3,,N,,,,,,,,,,,
2007120693,1600.0,1,0,0,0,0,0,0,0,0,8,0,,67,10,2007,6,40.0417,-75.077,1555.0,6,0,0,0,0,0,0,0,0,,0,0,0,15,1,1,0,,0,40 02:30.285,,0,75 04:37.336,8,0,0,0,67301,1,0,0,N,1,0,0,2,67301,0,,1,1,,N,N,,0,,0,0,0,0,0,,1550,1,2,0,0,1,1,0,3,4,0,1,3,,N,,,,,,,,,,,
2007107078,635.0,1,0,0,0,0,0,0,0,0,1,0,,67,9,2007,4,40.0578,-75.0087,630.0,6,0,0,0,0,0,0,0,0,,0,0,0,6,1,1,1,,0,40 03:28.000,,0,75 00:31.473,8,0,0,0,67301,0,0,0,N,0,0,0,2,67301,0,,1,1,,N,N,,1,,0,0,0,3,2,,625,1,2,0,0,0,1,0,3,4,0,2,3,,N,,,,,,,,,,,
2007107040,807.0,1,0,0,0,0,0,0,0,0,8,0,,67,9,2007,4,39.9481,-75.1544,807.0,6,0,0,0,0,0,0,0,0,,0,0,0,8,1,1,0,,0,39 56:53.000,,0,75 09:15.773,3,0,0,0,67301,1,0,0,N,1,0,0,2,67301,0,,1,1,,N,N,,0,,1,0,0,0,0,,800,1,2,0,0,0,0,0,3,4,0,1,3,,N,,,,,,,,,,,
2007120710,2015.0,0,0,0,0,0,0,0,0,0,5,0,,67,10,2007,3,40.0139,-75.1258,2010.0,6,0,0,0,0,0,0,0,0,,0,0,0,18,1,1,0,,0,40 00:49.904,,0,75 07:32.992,3,0,0,1,67301,0,0,0,N,0,0,0,2,67301,0,,1,1,,N,N,,0,,1,0,0,0,0,,1830,1,2,0,0,0,0,1,3,4,0,2,3,,N,,,,,,,,,,,
2007075270,1400.0,1,0,0,0,0,0,0,0,0,0,0,,67,5,2007,4,,,1358.0,6,0,0,0,0,0,0,0,0,2.0,0,0,0,13,1,0,0,,2,,4.0,0,,0,0,0,0,67301,0,0,0,N,0,0,0,2,67501,0,,1,1,,N,N,,0,,0,0,0,3,2,N,1358,0,1,0,0,0,0,0,3,3,0,1,3,,N,,,,,,,,,,,
2007027805,2008.0,2,0,0,0,0,0,0,0,0,1,0,,67,1,2007,2,39.9585,-75.2477,2003.0,6,0,0,1,0,0,1,0,0,,0,0,0,8,3,1,2,,0,39 57:31.000,,0,75 14:51.552,4,0,0,0,67301,0,0,0,N,0,0,0,2,67301,1,,1,1,,N,N,,0,,0,0,0,3,2,,803,1,2,0,0,0,0,0,3,4,0,2,3,,N,,,,,,,,,,,
2007049924,2107.0,1,0,0,0,0,0,0,0,0,4,0,,67,3,2007,6,39.955,-75.21,2102.0,6,0,0,0,0,0,0,0,0,,0,0,0,21,3,1,1,,0,39 57:18.000,,0,75 12:35.978,8,0,0,0,67301,0,0,0,N,0,0,0,2,67301,0,,1,2,,N,N,,0,,0,0,0,3,2,,2100,1,2,0,0,0,1,1,3,4,1,2,9,,N,,,,,,,,,,,
2007047270,1033.0,0,0,0,0,0,0,0,0,0,8,0,,67,2,2007,2,39.9463,-75.1784,1032.0,6,0,0,0,0,0,0,1,0,,0,0,0,10,1,1,0,,0,39 56:46.626,,0,75 10:42.308,8,0,0,0,67301,1,0,0,N,1,0,0,2,67301,0,,6,6,,N,N,,0,,0,0,0,0,0,,1032,1,2,0,0,0,1,0,3,4,1,1,10,,N,,,,,,,,,,,
2007047515,1230.0,2,0,0,0,0,0,0,0,0,4,0,,67,2,2007,2,39.9311,-75.2204,1225.0,6,0,0,0,0,0,0,0,0,,0,0,0,12,1,2,0,,0,39 55:51.819,,0,75 13:13.450,4,0,0,0,67301,0,0,0,N,0,0,0,2,67301,2,,6,1,,N,N,,2,,0,0,0,0,0,,1220,2,4,0,0,0,0,0,3,4,0,4,3,,N,,,,,,,,,,,
2007047623,1110.0,2,0,0,0,0,0,0,0,0,4,0,,67,3,2007,6,40.0383,-75.1016,1107.0,6,0,0,0,0,0,0,0,1,,0,0,0,10,1,1,1,,0,40 02:17.754,,0,75 06:05.767,4,0,0,0,67301,0,0,0,N,0,0,0,2,67301,1,,1,1,,N,N,,0,,0,0,0,3,2,,1035,1,2,0,0,0,0,0,3,4,0,2,3,,N,,,,,,,,,,,
2007027485,200.0,3,0,0,0,0,0,0,0,0,1,0,,67,1,2007,7,39.9961,-75.1876,150.0,6,0,0,0,0,0,0,0,0,,0,0,0,1,3,1,0,,0,39 59:45.000,,0,75 11:15.401,4,0,0,0,67301,0,0,0,N,0,0,0,1,67301,1,,6,1,,N,N,,0,,0,0,0,0,0,,150,1,4,0,0,0,0,0,3,4,1,4,3,,N,,,,,,,,,,,
2007027638,1303.0,2,0,0,0,0,0,0,0,0,4,0,,67,2,2007,5,40.0028,-75.1624,1259.0,6,0,0,0,0,0,0,0,0,,0,0,0,12,1,0,2,,0,40 00:10.000,,0,75 09:44.548,9,0,0,0,67301,0,0,0,N,0,0,0,2,67301,0,,1,98,,N,N,,0,,0,0,0,0,0,,1233,0,2,0,0,0,0,2,3,4,0,2,99,,N,,,,,,,,,,,
2007027731,603.0,0,0,0,0,0,0,0,0,0,8,0,,67,1,2007,2,39.9595,-75.162,600.0,6,0,0,0,0,0,0,0,0,,0,0,0,5,5,1,1,,0,39 57:34.000,,0,75 09:43.114,2,0,0,0,67301,1,0,1,N,1,0,1,2,67301,0,,3,9,,N,N,,0,,0,1,0,3,2,,555,1,2,0,0,0,0,0,3,4,1,1,10,,N,,,,,,,,,,,
2007066207,1940.0,0,0,0,0,0,0,0,0,0,8,0,,67,5,2007,6,39.9998,-75.1147,1940.0,6,0,0,0,0,0,0,0,0,,0,0,0,99,4,1,0,,0,39 59:59.305,,0,75 06:52.858,4,0,0,0,67301,1,0,0,,1,0,0,2,67301,1,,1,1,,N,N,,0,,0,0,0,0,0,,9999,1,2,0,0,0,0,0,3,4,1,1,3,,N,,,,,,,,,,,
2007066215,2346.0,0,0,0,0,0,0,0,0,0,8,0,,67,5,2007,7,39.9906,-75.1849,2343.0,6,0,0,0,0,0,0,0,0,,0,0,0,23,3,1,1,,0,39 59:26.000,,0,75 11:05.689,8,0,0,0,67301,1,0,0,N,1,0,0,2,67301,0,,1,1,,N,N,,0,,0,0,0,3,2,,2323,1,2,0,0,0,1,0,3,4,1,1,3,,N,,,,,,,,,,,
2007066241,1928.0,1,0,0,0,0,0,0,0,0,8,0,,67,5,2007,6,39.9381,-75.1819,1927.0,6,0,0,0,0,0,0,0,0,,0,0,0,19,1,1,0,,0,39 56:17.084,,0,75 10:54.840,4,0,0,0,67301,1,0,0,,1,0,0,2,67301,1,,1,1,,N,N,,0,,0,0,0,0,0,,1925,1,2,0,0,0,0,0,3,4,0,1,3,,N,,,,,,,,,,,
2007066274,2047.0,2,0,0,0,0,0,0,0,0,4,0,,67,5,2007,7,40.0582,-75.2069,2041.0,6,0,0,0,0,0,0,0,1,,0,0,0,20,3,1,1,,0,40 03:29.610,,0,75 12:24.926,3,0,0,0,67301,0,0,0,,0,0,0,2,67301,0,,1,9,,,,,0,,1,0,0,0,0,,2030,1,2,0,0,0,0,1,3,4,0,2,7,,N,,,,,,,,,,,
2007056375,1740.0,1,0,0,0,0,0,0,0,0,8,0,,67,3,2007,5,39.9303,-75.1826,1735.0,6,0,0,0,0,0,0,0,0,,0,0,0,17,1,1,0,,0,39 55:48.964,,0,75 10:57.367,4,0,0,0,67301,1,0,0,N,1,0,0,2,67301,1,,1,1,,N,N,,0,,0,0,0,3,3,,1735,1,2,0,0,0,0,0,3,4,0,1,3,,N,,,,,,,,,,,
2007056419,745.0,1,0,0,0,0,0,0,0,0,8,0,,67,4,2007,6,39.9698,-75.2484,742.0,6,0,0,0,0,0,0,0,0,,0,0,0,7,1,1,0,,0,39 58:11.456,,0,75 14:54.157,8,0,0,0,67301,1,0,0,N,1,0,0,2,67301,0,,1,1,,N,N,,0,,0,0,0,3,3,,740,1,2,0,0,0,1,0,3,4,0,1,3,,N,,,,,,,,,,,
2007056611,2012.0,1,0,0,0,0,0,0,0,0,1,0,,67,3,2007,7,40.037,-75.0798,2010.0,6,0,0,0,0,0,0,1,0,,0,0,0,20,3,1,1,,0,40 02:13.000,,0,75 04:47.311,4,0,0,0,67301,0,0,0,N,0,0,0,2,67301,1,,1,1,,N,N,,1,,0,0,0,3,2,,2010,1,2,0,0,0,0,0,3,4,0,2,3,,N,,,,,,,,,,,
2007067293,118.0,1,0,0,0,0,0,0,0,0,7,0,,67,5,2007,1,40.0238,-75.033,116.0,6,0,0,0,0,1,0,0,0,1.0,0,0,0,1,3,1,0,,2,40 01:25.000,2.0,0,75 01:58.769,3,0,0,0,67301,0,0,0,Y,0,0,0,1,67301,0,,2,9,,N,N,,0,,1,0,0,0,0,N,110,1,1,0,0,1,0,0,3,4,0,1,7,,N,,,,,,,,,,,
2007067391,1000.0,1,0,0,0,0,0,0,0,0,8,0,,67,5,2007,6,40.0045,-75.1425,,6,0,0,0,0,0,0,0,0,,0,0,0,99,3,1,0,,0,40 00:16.322,,0,75 08:33.162,4,0,0,0,67301,1,0,0,,1,0,0,1,67301,1,,1,1,,N,N,,0,,0,0,0,3,3,,9999,1,2,0,0,0,0,0,3,4,0,1,3,,N,,,,,,,,,,,
2007029560,1343.0,0,0,0,0,0,0,0,0,0,4,0,,67,1,2007,7,39.9877,-75.2162,1340.0,6,0,1,0,0,0,0,0,0,,0,0,0,13,1,2,2,,0,39 59:15.000,,0,75 12:58.177,8,0,0,0,67301,0,0,0,N,0,0,0,3,67301,0,,1,9,,N,N,,1,,0,0,0,3,2,,1338,2,2,0,0,0,2,0,3,4,1,2,7,,N,,,,,,,,,,,
2007100034,2316.0,1,0,0,0,0,0,0,0,0,4,0,,67,8,2007,4,39.9575,-75.1587,2315.0,6,0,0,0,0,0,0,0,0,2.0,0,0,0,23,3,1,1,,2,39 57:27.000,4.0,0,75 09:31.181,4,0,0,0,67301,0,0,0,N,0,0,0,3,67301,1,,1,1,,N,N,,0,,0,0,1,3,2,Y,2310,1,2,0,0,0,0,0,3,4,0,2,3,,N,,,,,,,,,,,
2007128178,2238.0,1,0,0,0,0,0,0,0,0,2,0,,67,10,2007,4,40.0523,-75.008,2236.0,6,0,0,1,0,0,1,0,0,,0,0,0,22,3,2,1,,0,40 03:08.000,,0,75 00:28.751,3,0,0,0,67301,0,0,0,N,0,0,0,2,67301,0,,1,9,,N,N,,0,,2,0,1,3,2,,2234,2,2,0,0,0,0,0,3,4,0,2,7,,N,,,,,,,,,,,
2007097475,635.0,1,0,0,1,0,0,0,0,0,4,0,,67,8,2007,7,39.9255,-75.1883,630.0,6,0,0,0,0,0,1,0,0,2.0,0,0,0,6,1,1,0,,1,39 55:31.792,5.0,0,75 11:17.970,3,0,0,0,67301,1,0,0,,0,0,0,2,67301,0,,1,1,,,,,0,,1,0,0,0,0,N,630,1,2,0,0,0,0,0,3,4,0,1,3,,N,,,,,,,,,,,
2007097495,9999.0,0,0,0,0,0,0,0,0,0,8,0,,67,7,2007,4,39.9917,-75.1616,1258.0,6,0,0,0,0,0,0,0,0,,0,0,0,12,1,1,1,,0,39 59:30.152,,0,75 09:41.914,4,0,0,0,67301,1,0,0,,1,0,0,2,67301,1,,1,1,,N,N,,0,,0,0,1,3,2,,1250,1,2,0,0,0,0,1,3,4,0,1,3,,N,,,,,,,,,,,
2007092485,1920.0,2,0,0,0,0,0,0,0,0,8,0,,67,7,2007,6,40.0203,-75.134,1920.0,6,0,0,0,0,0,0,0,0,,0,0,0,99,1,1,1,,0,40 01:13.249,,0,75 08:02.518,2,0,0,0,67301,1,0,1,,1,0,1,2,67301,0,,1,1,,,,,0,,0,1,0,3,2,,9999,1,3,0,0,0,0,0,3,4,0,2,3,,N,,,,,,,,,,,
2007095278,2135.0,0,0,0,0,0,0,0,0,0,4,0,,67,7,2007,6,40.0854,-75.0374,2125.0,6,0,0,0,0,0,0,0,0,,0,0,0,20,3,2,1,,0,40 05:07.000,,0,75 02:14.476,4,0,0,0,67301,0,0,0,N,0,0,0,3,67301,2,,1,9,,N,N,,2,,0,0,0,3,2,,2035,2,2,0,0,2,0,1,3,4,0,2,7,,N,,,,,,,,,,,
2007092341,1152.0,0,0,0,1,0,0,0,0,0,1,0,,67,7,2007,4,39.9815,-75.2241,1150.0,6,0,0,0,0,0,0,0,0,,0,0,0,99,1,1,1,,0,39 58:53.000,,0,75 13:26.340,3,0,0,0,67301,1,0,0,N,0,0,0,2,67301,0,,1,1,,N,N,,0,,1,0,1,3,2,,9999,1,2,0,0,0,0,0,3,4,0,1,3,,N,,,,,,,,,,,
2007095011,1627.0,1,0,0,0,0,0,0,0,0,8,0,,67,7,2007,3,39.9718,-75.1344,1626.0,6,0,0,0,1,0,0,0,0,1.0,0,0,0,16,1,1,0,,1,39 58:18.364,2.0,0,75 08:03.848,4,0,0,0,67301,1,0,0,N,1,0,0,2,67301,1,,1,1,,N,N,,0,,0,0,0,0,0,N,1625,1,2,0,0,0,0,1,3,4,0,1,3,,N,,,,,,,,,,,
2007095040,1359.0,1,0,0,0,0,0,0,0,0,8,0,,67,8,2007,6,39.963,-75.1584,1359.0,6,0,0,0,0,0,1,0,0,,0,0,0,13,1,1,1,,0,39 57:46.000,,0,75 09:30.342,8,0,0,0,67301,1,0,0,N,1,0,0,2,67301,0,,1,1,,N,N,,0,,0,0,0,3,1,,1359,1,2,0,0,0,1,0,3,4,0,1,3,,N,,,,,,,,,,,
2007092607,1145.0,2,0,0,0,0,0,0,0,0,1,0,,67,7,2007,7,40.0077,-75.1515,1136.0,6,0,0,0,0,1,0,0,0,,0,0,0,11,1,0,1,,0,40 00:27.000,,0,75 09:05.323,9,0,0,0,67301,0,0,0,N,0,0,0,2,67301,0,,1,1,,N,N,,0,,0,0,0,9,2,,1130,0,2,0,0,0,0,1,3,4,0,2,3,,N,,,,,,,,,,,
2007121011,1633.0,2,0,0,0,0,0,0,0,0,1,0,,67,12,2007,2,40.0058,-75.2169,1633.0,6,0,0,0,0,0,1,0,0,1.0,0,0,0,16,1,0,0,,2,40 00:20.000,2.0,0,75 13:00.779,9,0,0,0,67301,0,0,0,N,0,0,0,4,46104,0,,1,1,,N,N,,0,,0,0,0,0,0,N,1631,0,3,0,0,0,0,1,3,4,0,3,3,,N,,,,,,,,,,,
2007090004,1838.0,2,0,0,0,0,0,0,0,0,0,0,,67,8,2007,7,39.9865,-75.0703,1835.0,6,0,0,0,0,0,1,0,0,2.0,0,0,0,18,1,0,0,,1,39 59:11.371,3.0,0,75 04:12.922,0,0,0,0,67301,0,0,0,N,0,0,0,6,67501,0,,1,1,,N,N,,0,,0,0,0,3,8,N,1835,0,2,0,0,0,0,0,3,4,0,2,3,,N,,,,,,,,,,,
2007120518,1930.0,1,0,0,0,0,0,0,0,0,8,0,,67,10,2007,6,39.9241,-75.2243,1928.0,6,0,0,0,0,0,0,0,0,,0,0,0,17,4,1,0,,0,39 55:26.756,,0,75 13:27.541,2,0,0,0,67301,1,0,1,N,1,0,1,2,67301,0,,1,1,,N,N,,0,,0,1,0,0,0,,1702,1,2,0,0,0,0,0,3,4,0,1,3,,N,,,,,,,,,,,
2007120540,1411.0,1,0,0,1,0,0,0,0,0,5,0,,67,9,2007,6,39.9508,-75.1758,1408.0,6,0,0,0,0,0,0,0,0,,0,0,0,14,1,1,1,,0,39 57:02.000,,0,75 10:32.497,4,0,0,0,67301,1,0,0,N,0,0,0,2,67301,1,,1,1,,N,N,,0,,0,0,0,3,2,,1400,1,2,0,0,0,0,0,3,4,0,1,3,,N,,,,,,,,,,,
2007120615,1840.0,0,0,0,0,0,0,0,0,0,7,0,,67,10,2007,7,40.0328,-75.0808,1821.0,6,0,0,0,0,0,0,0,0,9.0,0,0,0,18,4,1,0,,2,40 01:58.000,2.0,0,75 04:51.099,8,0,0,0,67301,0,0,0,Y,0,0,0,1,67301,0,,3,1,,N,,,1,,0,0,0,0,0,Y,1820,1,1,0,0,0,1,0,3,4,0,1,3,,N,,,,,,,,,,,
2007080399,1859.0,1,0,0,0,0,0,1,0,0,2,1,,67,6,2007,5,40.1167,-75.0337,1851.0,6,0,0,0,0,0,1,0,0,2.0,0,0,0,18,1,1,2,,1,40 07:00.152,4.0,0,75 02:01.269,3,0,0,0,67301,0,0,0,N,0,0,0,2,67301,0,,1,1,,N,N,,0,,1,0,0,0,0,N,1845,1,2,0,0,0,0,0,3,4,0,2,3,,N,,,,,,,,,,,
2007027814,720.0,1,0,0,0,0,0,0,0,0,2,0,,67,1,2007,7,39.9738,-75.2582,740.0,6,0,0,0,0,0,0,0,0,,0,0,0,99,1,0,1,,0,39 58:25.000,,0,75 15:29.678,9,0,0,0,67301,0,0,0,N,0,0,0,3,67301,0,,1,1,,N,N,,1,,0,0,0,3,2,,9999,0,2,0,0,0,0,3,3,4,0,2,3,,N,,,,,,,,,,,
2007027815,2013.0,3,0,0,0,0,0,0,0,0,4,0,,67,1,2007,5,39.9802,-75.2693,2006.0,6,0,0,0,0,0,0,0,0,,0,0,0,19,3,2,1,,0,39 58:48.000,,0,75 16:09.257,4,0,0,0,67301,0,0,0,N,0,0,0,4,67301,1,,1,1,,N,N,,0,,0,0,0,3,2,,1900,2,3,0,0,0,1,0,3,4,0,3,3,,N,,,,,,,,,,,
2007027833,2111.0,2,0,0,0,0,0,0,0,0,2,0,,67,1,2007,7,39.9754,-75.19,2108.0,6,0,0,0,0,0,1,0,0,,0,0,0,99,3,1,2,,0,39 58:31.000,,0,75 11:23.825,3,0,0,0,67301,0,0,0,N,0,0,0,4,67301,0,,1,1,,N,N,,0,,1,0,0,3,2,,9999,1,2,0,0,0,0,0,3,4,0,2,3,,N,,,,,,,,,,,
2007027977,1620.0,2,0,0,0,0,0,0,0,0,1,0,,67,1,2007,7,39.9392,-75.2352,1613.0,6,0,0,0,0,0,0,0,1,,0,0,0,13,1,1,2,,0,39 56:21.000,,0,75 14:06.685,8,0,0,0,67301,0,0,0,N,0,0,0,3,67301,0,,1,1,,N,N,,0,,0,0,0,0,0,,1355,1,2,0,0,0,1,0,3,4,0,2,3,,N,,,,,,,,,,,