CRN,ARRIVAL_TM,AUTOMOBILE_COUNT,BELTED_DEATH_COUNT,BELTED_SUSP_SERIOUS_INJ_COUNT,BICYCLE_COUNT,BICYCLE_DEATH_COUNT,BICYCLE_SUSP_SERIOUS_INJ_COUNT,BUS_COUNT,CHLDPAS_DEATH_COUNT,CHLDPAS_SUSP_SERIOUS_INJ_COUNT,COLLISION_TYPE,COMM_VEH_COUNT,CONS_ZONE_SPD_LIM,COUNTY,CRASH_MONTH,CRASH_YEAR,DAY_OF_WEEK,DEC_LAT,DEC_LONG,DISPATCH_TM,DISTRICT,DRIVER_COUNT_16YR,DRIVER_COUNT_17YR,DRIVER_COUNT_18YR,DRIVER_COUNT_19YR,DRIVER_COUNT_20YR,DRIVER_COUNT_50_64YR,DRIVER_COUNT_65_74YR,DRIVER_COUNT_75PLUS,EST_HRS_CLOSED,FATAL_COUNT,HEAVY_TRUCK_COUNT,HORSE_BUGGY_COUNT,HOUR_OF_DAY,ILLUMINATION,INJURY_COUNT,INTERSECT_TYPE,INTERSECTION_RELATED,LANE_CLOSED,LATITUDE,LN_CLOSE_DIR,LOCATION_TYPE,LONGITUDE,MAX_SEVERITY_LEVEL,MCYCLE_DEATH_COUNT,MCYCLE_SUSP_SERIOUS_INJ_COUNT,MOTORCYCLE_COUNT,MUNICIPALITY,NONMOTR_COUNT,NONMOTR_DEATH_COUNT,NONMOTR_SUSP_SERIOUS_INJ_COUNT,NTFY_HIWY_MAINT,PED_COUNT,PED_DEATH_COUNT,PED_SUSP_SERIOUS_INJ_COUNT,PERSON_COUNT,POLICE_AGCY,POSSIBLE_INJ_COUNT,RDWY_SURF_TYPE_CD,RELATION_TO_ROAD,ROAD_CONDITION,ROADWAY_CLEARED,SCH_BUS_IND,SCH_ZONE_IND,SECONDARY_CRASH,SMALL_TRUCK_COUNT,SPEC_JURIS_CD,SUSP_MINOR_INJ_COUNT,SUSP_SERIOUS_INJ_COUNT,SUV_COUNT,TCD_FUNC_CD,TCD_TYPE,TFC_DETOUR_IND,TIME_OF_DAY,TOT_INJ_COUNT,TOTAL_UNITS,UNB_DEATH_COUNT,UNB_SUSP_SERIOUS_INJ_COUNT,UNBELTED_OCC_COUNT,UNK_INJ_DEG_COUNT,UNK_INJ_PER_COUNT,URBAN_AREA,URBAN_RURAL,VAN_COUNT,VEHICLE_COUNT,WEATHER1,WEATHER2,WORK_ZONE_IND,WORK_ZONE_LOC,WORK_ZONE_TYPE,WORKERS_PRES,WZ_CLOSE_DETOUR,WZ_FLAGGER,WZ_LAW_OFFCR_IND,WZ_LN_CLOSURE,WZ_MOVING,WZ_OTHER,WZ_SHLDER_MDN,WZ_WORKERS_INJ_KILLED
2007117218,1530.0,2,0,0,0,0,0,0,0,0,4,0,,67,9,2007,3,39.9615,-75.1517,1525.0,6,0,0,0,0,0,0,0,0,2.0,0,0,0,14,1,0,1,,2,39 57:41.000,2.0,0,75 09:06.282,0,0,0,0,67301,0,0,0,,0,0,0,2,67301,0,,1,1,,,,,0,,0,0,0,3,2,Y,1449,0,2,0,0,0,0,0,3,4,0,2,3,,N,,,,,,,,,,,
2007117222,745.0,1,0,0,0,0,0,0,0,0,5,0,,67,10,2007,3,40.0403,-75.0434,737.0,6,0,0,0,0,0,0,0,0,,0,0,0,7,1,1,0,,0,40 02:25.015,,0,75 02:36.390,8,0,0,0,67301,1,0,0,,0,0,0,2,67301,0,,6,1,,N,Y,,0,,0,0,1,0,0,,730,1,2,0,0,0,1,0,3,4,0,2,3,,N,,,,,,,,,,,
2007112057,2329.0,0,0,0,1,0,0,0,0,0,4,0,,67,9,2007,1,39.9603,-75.1389,2327.0,6,0,0,0,0,0,0,0,0,2.0,0,0,0,23,3,1,1,,2,39 57:37.000,5.0,0,75 08:19.561,3,0,0,0,67301,1,0,0,N,0,0,0,3,67301,0,,1,1,,N,N,,0,,1,0,1,3,3,Y,2327,1,2,0,0,0,0,0,3,4,0,1,3,,N,,,,,,,,,,,
2007062866,1437.0,1,0,0,0,0,0,0,0,0,5,0,,67,5,2007,2,39.9632,-75.1839,1428.0,6,0,0,0,0,0,0,1,0,,0,0,0,14,1,0,0,,0,39 57:48.000,,0,75 11:02.639,9,0,0,0,67301,0,0,0,N,0,0,0,2,68K01,0,,1,1,,N,N,,0,,0,0,0,0,0,,1415,0,2,0,0,0,0,1,3,4,1,2,3,,N,,,,,,,,,,,
2007047334,1805.0,1,0,0,0,0,0,0,0,0,7,0,,67,2,2007,1,40.019,-75.2014,1800.0,6,0,0,0,0,0,0,0,0,1.0,0,0,0,17,3,1,0,,2,40 01:08.501,1.0,0,75 12:05.211,4,0,0,0,67301,0,0,0,N,0,0,0,1,67301,1,,5,7,,N,N,,0,,0,0,0,0,0,Y,1756,1,1,0,0,0,0,0,3,4,0,1,10,,N,,,,,,,,,,,
2007047588,1935.0,1,0,0,0,0,0,0,0,0,6,0,,67,2,2007,5,40.0094,-75.1953,1928.0,6,0,0,0,0,0,0,0,0,,0,0,0,19,3,2,2,,0,40 00:33.000,,0,75 11:43.008,4,0,0,0,67301,0,0,0,N,0,0,0,3,67301,2,,1,2,,N,N,,0,,0,0,1,3,3,,1928,2,2,0,0,0,0,1,3,4,0,2,3,,N,,,,,,,,,,,
2007029680,1804.0,1,0,0,0,0,0,1,0,0,4,1,,67,1,2007,6,40.081,-75.2027,1754.0,6,0,0,0,0,0,0,0,0,,0,0,0,17,3,2,1,,0,40 04:51.000,,0,75 12:09.698,4,0,0,0,67301,0,0,0,N,0,0,0,2,67301,1,,1,9,,N,N,,0,,0,0,0,3,2,,1752,2,2,0,0,0,1,0,3,4,0,2,7,,N,,,,,,,,,,,
2007067628,8.0,2,0,0,0,0,0,0,0,0,1,0,,67,5,2007,2,40.0176,-75.0854,6.0,6,0,0,0,0,0,0,0,0,,0,0,0,23,3,1,0,,0,40 01:03.446,,0,75 05:07.562,4,0,0,0,67301,0,0,0,N,0,0,0,2,67301,1,,1,1,,N,N,,0,,0,0,0,0,0,,2330,1,2,0,0,0,0,0,3,4,0,2,3,,N,,,,,,,,,,,
2007067666,1200.0,1,0,0,0,0,0,0,0,0,4,0,,67,4,2007,1,40.0108,-75.1266,1158.0,6,0,0,0,0,0,1,0,0,1.0,0,0,0,99,1,3,1,,2,40 00:38.808,5.0,0,75 07:35.921,8,0,0,0,67301,0,0,0,,0,0,0,4,67301,0,,1,1,,N,N,,0,,0,0,1,9,2,Y,9999,3,2,0,0,0,3,1,3,4,0,2,3,,N,,,,,,,,,,,
2007109446,1725.0,0,0,0,0,0,0,0,0,0,4,0,,67,9,2007,2,40.0337,-75.1458,1720.0,6,0,0,0,0,0,0,0,1,2.0,0,0,0,17,1,1,1,,2,40 02:01.000,1.0,0,75 08:44.879,8,0,0,1,67301,0,0,0,N,0,0,0,3,67301,0,,1,1,,N,N,,0,,0,0,0,3,2,N,1718,1,2,0,0,2,1,0,3,4,1,2,3,,N,,,,,,,,,,,
2007095362,2138.0,2,0,0,0,0,0,0,0,0,4,0,,67,8,2007,6,40.0287,-75.2055,2130.0,6,0,0,0,0,0,2,0,0,,0,0,0,21,4,1,1,,0,40 01:43.000,,0,75 12:19.910,8,0,0,0,67301,0,0,0,,0,0,0,5,67301,0,,1,1,,N,N,,0,,0,0,0,3,2,,2120,1,2,0,0,0,1,0,3,4,0,2,3,,N,,,,,,,,,,,
2007095372,1817.0,1,0,0,0,0,0,0,0,0,8,0,,67,6,2007,6,40.032,-75.1325,1815.0,6,0,0,0,0,0,1,0,0,1.0,0,0,0,18,1,1,2,,2,40 01:55.203,6.0,0,75 07:57.104,8,0,0,0,67301,1,0,0,N,1,0,0,2,67301,0,,1,1,,N,N,,0,,0,0,0,0,0,Y,1805,1,2,0,0,0,1,0,3,4,0,1,3,,N,,,,,,,,,,,
2007098508,245.0,1,0,0,0,0,0,0,0,0,7,0,,67,7,2007,7,39.9262,-75.1945,241.0,6,0,0,0,0,0,0,0,0,1.0,0,0,0,2,3,0,0,,2,39 55:37.200,3.0,0,75 11:42.720,0,0,0,0,67301,0,0,0,N,0,0,0,1,67301,0,,4,1,,N,N,,0,,0,0,0,0,0,N,240,0,1,0,0,0,0,0,3,4,0,1,3,,N,,,,,,,,,,,
2007093188,1326.0,2,0,0,0,0,0,0,0,0,6,0,,67,7,2007,6,39.9968,-75.1034,1325.0,6,0,0,0,0,0,0,0,0,,0,0,0,13,1,1,1,,0,39 59:48.000,,0,75 06:12.178,4,0,0,0,67301,0,0,0,N,0,0,0,3,67301,1,,1,1,,N,N,,0,,0,0,0,3,2,,1322,1,2,0,0,0,0,0,3,4,0,2,3,,N,,,,,,,,,,,
2007095805,558.0,1,0,0,0,0,0,0,0,0,8,0,,67,7,2007,3,39.9684,-75.2353,555.0,6,0,0,0,0,0,0,0,0,,0,0,0,2,3,1,1,,0,39 58:06.000,,0,75 14:07.171,8,0,0,0,67301,1,0,0,N,1,0,0,2,67301,0,,1,1,,N,N,,0,,0,0,0,3,2,,245,1,2,0,0,0,1,1,3,4,0,1,3,,N,,,,,,,,,,,
2007093370,1615.0,3,0,0,0,0,0,0,0,0,1,0,,67,7,2007,7,39.9301,-75.2192,1605.0,6,0,0,0,0,0,2,0,0,,0,0,0,99,1,2,1,,0,39 55:48.000,,0,75 13:08.982,8,0,0,0,67301,0,0,0,N,0,0,0,6,67301,0,,1,1,,N,N,,0,,0,0,1,3,2,,9999,2,4,0,0,0,2,0,3,4,0,4,3,,N,,,,,,,,,,,
2007029969,1331.0,1,0,0,0,0,0,0,0,0,1,0,,67,1,2007,1,40.0632,-75.3244,1331.0,6,0,0,0,0,0,1,0,0,,0,0,0,13,1,1,0,,0,39 59:19.364,,2,75 12:25.435,4,0,0,0,67301,0,0,0,N,0,0,0,2,68K01,1,,1,1,,N,N,,0,,0,0,0,0,0,,1331,1,2,0,0,0,0,0,3,4,1,2,3,,N,,,,,,,,,,,
2007022271,800.0,3,0,0,0,0,0,0,0,0,1,0,,67,1,2007,6,40.0728,-75.0367,800.0,6,0,0,1,0,1,0,0,0,1.0,0,0,0,8,1,1,0,,1,40 04:22.226,1.0,0,75 02:12.298,8,0,0,0,67301,0,0,0,Y,0,0,0,3,67301,0,,1,2,,N,N,,0,,0,0,0,0,0,Y,800,1,3,0,0,0,1,0,3,4,0,3,3,,N,,,,,,,,,,,
2007022353,9999.0,0,0,0,0,0,0,0,0,0,1,0,,67,1,2007,3,39.9938,-75.1532,9999.0,6,0,0,0,0,0,0,0,0,,0,0,0,16,1,1,1,,0,39 59:37.000,,0,75 09:11.649,4,0,0,0,67301,0,0,0,N,0,0,0,2,67301,1,,1,1,,Y,N,,1,,0,0,0,0,0,,1645,1,2,0,0,0,0,1,3,4,0,2,3,,N,,,,,,,,,,,
2007030075,903.0,1,0,0,0,0,0,0,0,0,1,0,,67,2,2007,6,40.0942,-75.0308,900.0,6,0,0,0,0,0,0,0,0,,0,0,0,99,1,1,3,,0,40 05:38.000,,0,75 01:51.305,4,0,0,0,67301,0,0,0,N,0,0,0,2,67301,1,,1,9,,N,N,,1,,0,0,0,3,2,,9999,1,2,0,0,1,0,0,3,4,0,2,3,,N,,,,,,,,,,,
2007022368,1609.0,1,0,0,0,0,0,0,0,0,4,0,,67,1,2007,3,39.9614,-75.1498,1608.0,6,0,0,0,0,1,0,0,0,1.0,0,0,0,16,1,2,2,,1,39 57:40.000,3.0,0,75 08:59.348,4,0,0,0,67301,0,0,0,N,0,0,0,3,67301,2,,1,1,,N,N,,0,,0,0,0,3,2,Y,1605,2,2,0,0,0,0,0,3,4,1,2,3,,N,,,,,,,,,,,
2007027531,252.0,1,0,0,1,0,0,0,0,0,5,0,,67,1,2007,2,39.9797,-75.1294,250.0,6,0,0,0,0,0,0,0,0,,0,0,0,2,3,1,0,,0,39 58:46.856,,0,75 07:45.711,3,0,0,0,67301,1,0,0,,0,0,0,2,67301,0,,1,9,,,,,0,,1,0,0,0,0,,250,1,2,0,0,0,0,0,3,4,0,1,7,5.0,N,,,,,,,,,,,
2007030113,2145.0,1,0,0,0,0,0,0,0,0,7,0,,67,1,2007,4,40.0464,-75.0522,2140.0,6,0,0,1,0,0,0,0,0,,0,0,0,21,3,1,0,,0,40 02:47.071,,0,75 03:07.891,4,0,0,0,67301,0,0,0,N,0,0,0,1,67301,1,,2,1,,N,N,,0,,0,0,0,0,0,,2140,1,1,0,0,0,0,0,3,4,0,1,3,,N,,,,,,,,,,,
2007030119,824.0,1,0,0,0,0,0,0,0,0,4,0,,67,1,2007,5,40.0092,-75.1511,824.0,6,0,0,0,0,0,1,0,0,1.0,0,0,0,8,1,0,1,,1,40 00:33.000,3.0,0,75 09:04.080,0,0,0,0,67301,0,0,0,,0,0,0,3,67301,0,,1,2,,N,N,,1,,0,0,1,3,2,Y,824,0,3,0,0,3,0,0,3,4,0,3,3,,N,,,,,,,,,,,
2007027669,1110.0,2,0,0,0,0,0,0,0,0,4,0,,67,1,2007,6,40.0424,-75.1239,1107.0,6,0,0,0,0,0,1,0,0,9.0,0,0,0,11,1,1,2,,1,40 02:32.791,1.0,0,75 07:26.057,4,0,0,0,67301,0,0,0,N,0,0,0,2,67301,1,,1,9,,N,N,,0,,0,0,0,9,3,N,1107,1,2,0,0,2,0,0,3,4,0,2,7,,N,,,,,,,,,,,
2007027753,711.0,1,0,0,0,0,0,0,0,0,4,0,,67,1,2007,4,,,700.0,6,0,0,0,0,0,1,0,0,,0,0,0,6,1,1,2,,0,,,0,,8,0,0,0,67301,0,0,0,N,0,0,0,2,67301,0,,1,1,,N,N,,0,,0,0,1,3,3,,650,1,2,0,0,0,1,0,3,3,0,2,3,,N,,,,,,,,,,,
2007025177,900.0,0,0,0,0,0,0,0,0,0,7,0,,67,1,2007,4,,,900.0,6,0,0,0,0,0,1,0,0,,0,0,0,9,1,0,7,,0,,,2,,0,0,0,0,67301,0,0,0,N,0,0,0,1,67501,0,,2,1,,N,N,,0,,0,0,1,0,0,,900,0,1,0,0,0,0,0,3,3,0,1,3,,N,,,,,,,,,,,
2007022730,1540.0,3,0,0,0,0,0,0,0,0,2,0,,67,1,2007,6,40.0785,-75.2273,1522.0,6,0,0,0,0,0,1,0,1,,0,0,0,15,1,0,0,,0,40 04:42.480,,0,75 13:38.380,0,0,0,0,67301,0,0,0,N,0,0,0,3,67301,0,,1,9,,N,N,,0,,0,0,0,0,0,,1520,0,3,0,0,0,0,0,3,4,0,3,7,,N,,,,,,,,,,,
2007022758,817.0,1,0,0,0,0,0,0,0,0,1,0,,67,1,2007,3,39.9669,-75.2085,816.0,6,0,0,0,0,0,0,0,0,,0,0,0,7,1,0,1,,0,39 58:00.000,,0,75 12:30.305,0,0,0,0,67301,0,0,0,N,0,0,0,2,67301,0,,2,1,,N,N,,0,,0,0,0,0,0,,752,0,3,0,0,0,0,0,3,4,2,3,3,,N,,,,,,,,,,,
2007083521,1450.0,0,0,0,0,0,0,0,0,0,7,0,,67,5,2007,5,39.9821,-75.1007,1440.0,6,0,0,0,0,0,0,0,0,1.0,0,0,0,14,1,1,0,,1,39 58:55.000,1.0,0,75 06:02.619,3,0,0,0,67301,0,0,0,,0,0,0,1,67301,0,,2,1,,N,N,,0,,1,0,0,0,0,N,1440,1,1,0,0,0,0,0,3,4,1,1,3,,N,,,,,,,,,,,
2007066239,9999.0,0,0,0,1,0,0,0,0,0,8,0,,67,4,2007,2,39.9327,-75.1761,9999.0,6,0,0,0,0,0,0,0,0,,0,0,0,21,3,1,1,,0,39 55:57.831,,0,75 10:33.862,4,0,0,0,67301,1,0,0,,0,0,0,2,67301,1,,1,1,,,,,0,,0,0,1,9,3,,2127,1,2,0,0,0,0,0,3,4,0,1,3,,N,,,,,,,,,,,
2007066281,1033.0,1,0,0,0,0,0,0,0,0,1,0,,67,5,2007,3,39.9879,-75.1436,1027.0,6,0,0,0,0,0,0,0,0,,0,0,0,10,1,1,0,,0,39 59:16.296,,0,75 08:36.972,4,0,0,0,67301,0,0,0,N,0,0,0,1,67301,1,,6,1,,N,N,,0,,0,0,1,0,0,,1022,1,2,0,0,0,0,0,3,4,0,2,3,,N,,,,,,,,,,,
2007066324,1441.0,2,0,0,0,0,0,0,0,0,6,0,,67,5,2007,4,40.0465,-75.0247,1440.0,6,0,0,0,0,0,0,0,1,,0,0,0,14,1,2,2,,0,40 02:47.367,,0,75 01:29.017,8,0,0,0,67301,0,0,0,N,0,0,0,3,67301,0,,1,1,,N,N,,0,,0,0,0,3,3,,1438,2,2,0,0,0,2,0,3,4,0,2,3,,N,,,,,,,,,,,
2007066327,1105.0,2,0,0,0,0,0,0,0,0,1,0,,67,5,2007,3,40.007,-75.1583,1100.0,6,0,0,0,0,0,1,1,0,,0,0,0,11,1,0,1,,0,40 00:25.117,,0,75 09:29.833,0,0,0,0,67301,0,0,0,N,0,0,0,2,67301,0,,1,1,,N,N,,0,,0,0,0,3,3,,1100,0,2,0,0,0,0,0,3,4,0,2,3,,N,,,,,,,,,,,
2007058635,225.0,3,0,0,0,0,0,0,0,0,6,0,,67,4,2007,5,40.0465,-75.1815,219.0,6,0,0,0,0,0,1,0,0,,0,0,0,2,3,0,0,,0,40 02:47.475,,0,75 10:53.508,0,0,0,0,67301,0,0,0,N,0,0,0,1,67301,0,,4,1,,N,N,,1,,0,0,0,0,0,,219,0,4,0,0,0,0,0,3,4,0,4,3,,N,,,,,,,,,,,
2007056379,1130.0,1,0,0,0,0,0,0,0,0,8,0,,67,4,2007,2,39.9519,-75.1599,1125.0,6,0,0,0,0,0,0,1,0,,0,0,0,9,1,1,2,,0,39 57:06.000,,0,75 09:35.509,8,0,0,0,67301,1,0,0,,1,0,0,2,67301,0,,1,9,,,,,0,,0,0,0,3,2,,945,1,2,0,0,0,1,0,3,4,0,1,7,,N,,,,,,,,,,,
2007056436,1747.0,2,0,0,0,0,0,0,0,0,6,0,,67,4,2007,4,39.975,-75.1516,1620.0,6,0,0,1,0,0,1,0,0,,0,0,0,99,1,2,1,,0,39 58:29.877,,0,75 09:05.813,3,0,0,0,67301,0,0,0,N,0,0,0,4,67301,0,,1,1,,N,N,,0,,2,0,0,3,2,,9999,2,2,0,0,4,0,0,3,4,0,2,3,,N,,,,,,,,,,,
2007056589,1634.0,2,0,0,0,0,0,0,0,0,4,0,,67,4,2007,6,39.9804,-75.2394,1625.0,6,0,0,0,0,0,0,0,0,,0,0,0,16,1,4,1,,0,39 58:49.602,,0,75 14:21.875,4,0,0,0,67301,0,0,0,N,0,0,0,4,67301,4,,1,1,,N,N,,0,,0,0,0,3,2,,1600,4,2,0,0,0,0,0,3,4,0,2,3,,N,,,,,,,,,,,
2007057389,2105.0,2,0,0,0,0,0,0,0,0,4,0,,67,3,2007,6,40.0171,-75.1512,2105.0,6,0,0,0,0,0,2,0,0,,0,0,0,20,3,2,3,,0,40 01:01.000,,0,75 09:04.327,4,0,0,0,67301,0,0,0,N,0,0,0,3,67301,2,,1,1,,N,N,,0,,0,0,0,3,2,,2055,2,2,0,0,0,0,0,3,4,0,2,3,,N,,,,,,,,,,,
2007067453,1950.0,0,0,0,0,0,0,0,0,0,1,0,,67,5,2007,7,39.9842,-75.1106,1950.0,6,0,0,0,0,0,0,0,0,,0,0,0,19,4,0,1,,0,39 59:03.120,,0,75 06:38.069,9,0,0,0,67301,0,0,0,,0,0,0,1,67301,0,,1,1,,,,,1,,0,0,1,3,3,,1950,0,2,0,0,1,0,1,3,4,0,2,3,,N,,,,,,,,,,,
2007057535,2028.0,2,0,0,0,0,0,0,0,0,1,0,,67,4,2007,5,39.994,-75.1302,2028.0,6,0,0,0,0,0,0,1,0,,0,0,0,20,3,1,0,,0,39 59:38.500,,0,75 07:48.799,4,0,0,0,67301,0,0,0,,0,0,0,2,67301,1,,1,1,,N,N,,0,,0,0,0,0,0,,2028,1,2,0,0,0,0,0,3,4,0,2,3,,N,,,,,,,,,,,
2007099001,1649.0,2,0,0,0,0,0,0,0,0,1,0,,67,8,2007,5,39.915,-75.1568,1643.0,6,0,0,0,0,0,1,0,1,,0,0,0,16,1,1,0,,0,39 54:53.000,,0,75 09:24.241,4,0,0,0,67301,0,0,0,N,0,0,0,3,67301,1,,1,1,,N,N,,1,,0,0,0,3,2,,1640,1,3,0,0,0,0,0,3,4,0,3,3,,N,,,,,,,,,,,
2007067357,2358.0,2,0,0,0,0,0,0,0,0,4,0,,67,4,2007,4,40.0069,-75.0684,2354.0,6,0,0,0,0,0,0,0,0,,0,0,0,23,3,1,6,,0,40 00:23.760,,0,75 04:05.520,4,0,0,0,67301,0,0,0,N,0,0,0,3,67301,1,,1,1,,N,N,,0,,0,0,0,0,0,,2354,1,2,0,0,0,0,0,3,4,0,2,3,,N,,,,,,,,,,,
2007057219,1128.0,0,0,0,0,0,0,0,0,0,7,0,,67,4,2007,2,39.9504,-75.1921,1128.0,6,0,0,0,0,0,0,0,0,,0,0,0,11,1,1,0,,0,39 57:01.364,,0,75 11:31.554,4,0,0,0,67301,1,0,0,,1,0,0,2,67301,1,,2,9,,,,,0,,0,0,0,0,0,,1128,1,2,0,0,0,0,0,3,4,1,1,7,,N,,,,,,,,,,,
2007067089,2000.0,1,0,0,1,0,0,0,0,0,8,0,,67,5,2007,4,40.0141,-75.2041,1949.0,6,0,0,0,0,0,0,0,0,,0,0,0,19,1,1,0,,0,40 00:50.000,,0,75 12:14.890,8,0,0,0,67301,1,0,0,N,0,0,0,2,67301,0,,1,1,,N,N,,0,,0,0,0,0,0,,1940,1,2,0,0,0,1,0,3,4,0,1,3,,N,,,,,,,,,,,
2007057370,2007.0,1,0,0,0,0,0,0,0,0,8,0,,67,4,2007,3,39.9549,-75.233,2006.0,6,0,0,0,1,0,0,0,0,,0,0,0,20,4,1,1,,0,39 57:17.647,,0,75 13:58.886,4,0,0,0,67301,1,0,0,N,1,0,0,2,67301,1,,1,1,,N,N,,0,,0,0,0,0,0,,2006,1,2,0,0,1,0,0,3,4,0,1,3,,N,,,,,,,,,,,
2007067138,230.0,1,0,0,0,0,0,0,0,0,1,1,,67,5,2007,1,40.0154,-75.1762,220.0,6,0,0,0,0,0,0,0,0,,0,1,0,2,2,0,0,,0,40 00:55.526,,0,75 10:34.399,0,0,0,0,67301,1,0,0,N,0,0,0,2,67301,0,,1,1,,N,N,,0,,0,0,0,0,0,,218,0,2,0,0,0,0,0,3,4,0,2,3,,N,,,,,,,,,,,
2007099112,2215.0,1,0,0,0,0,0,0,0,0,8,0,,67,8,2007,6,40.0478,-75.1644,2210.0,6,0,0,0,0,0,0,0,0,,0,0,0,22,3,1,1,,0,40 02:52.083,,0,75 09:51.778,4,0,0,0,67301,1,0,0,N,1,0,0,2,67301,1,,1,1,,N,N,,0,,0,0,0,0,0,,2205,1,2,0,0,0,0,1,3,4,0,1,3,,N,,,,,,,,,,,
2007099128,1735.0,3,0,0,0,0,0,0,0,0,1,1,,67,8,2007,4,40.0418,-75.1124,1729.0,6,0,0,0,0,0,2,0,0,,0,1,0,17,1,2,2,,0,40 02:30.000,,0,75 06:44.575,8,0,0,0,67301,0,0,0,N,0,0,0,5,67301,0,,1,1,,N,N,,0,,0,0,0,0,0,,1726,2,4,0,0,0,2,0,3,4,0,4,3,,N,,,,,,,,,,,
2007099130,1818.0,3,0,0,0,0,0,0,0,0,4,0,,67,8,2007,7,40.0215,-75.0518,9999.0,6,0,0,0,0,0,1,0,0,1.0,0,0,0,18,1,0,1,,1,40 01:17.000,2.0,0,75 03:06.381,0,0,0,0,67301,0,0,0,N,0,0,0,4,67301,0,,1,1,,N,N,,0,,0,0,0,3,2,N,1815,0,3,0,0,1,0,0,3,4,0,3,3,,N,,,,,,,,,,,
2007099168,2105.0,3,0,0,0,0,0,0,0,0,1,0,,67,7,2007,4,39.9631,-75.1669,2104.0,6,0,0,0,0,0,0,1,0,,0,0,0,21,3,1,0,,0,39 57:47.000,,0,75 10:00.970,4,0,0,0,67301,0,0,0,N,0,0,0,4,67301,1,,1,1,,N,N,,0,,0,0,0,0,0,,2103,1,3,0,0,1,0,0,3,4,0,3,3,,N,,,,,,,,,,,
2007029594,1740.0,1,0,0,0,0,0,0,0,0,2,0,,67,2,2007,6,40.0374,-75.1762,1738.0,6,0,0,0,0,0,2,0,0,9.0,0,0,0,99,3,1,0,,1,40 02:14.000,2.0,0,75 10:34.166,4,0,0,0,67301,0,0,0,N,0,0,0,3,67301,1,,1,9,,N,N,,2,,0,0,0,3,2,N,9999,1,3,0,0,0,0,0,3,4,0,3,7,,N,,,,,,,,,,,
2007029256,1247.0,1,0,0,0,0,0,0,0,0,5,0,,67,1,2007,4,40.0283,-75.147,1245.0,6,0,0,1,0,0,0,0,0,,0,0,0,12,1,1,0,,0,40 01:41.000,,0,75 08:49.170,4,0,0,0,67301,0,0,0,N,0,0,0,3,67301,1,,1,1,,N,N,,1,,0,0,0,0,0,,1240,1,2,0,0,0,0,0,3,4,0,2,3,,N,,,,,,,,,,,
2007081425,2034.0,1,0,0,0,0,0,0,0,0,8,0,,67,6,2007,7,39.932,-75.19,2032.0,6,0,0,0,0,1,0,0,0,,0,0,0,20,3,1,0,,0,39 55:55.185,,0,75 11:24.039,4,0,0,0,67301,1,0,0,N,1,0,0,3,67301,1,,5,1,,N,N,,0,,0,0,0,0,0,,2030,1,2,0,0,1,0,0,3,4,0,1,3,,N,,,,,,,,,,,
2007081624,1312.0,1,0,0,0,0,0,0,0,0,8,0,,67,6,2007,6,40.0004,-75.1665,1310.0,6,0,0,0,0,0,0,0,0,,0,0,0,13,1,1,2,,0,40 00:01.386,,0,75 09:59.579,4,0,0,0,67301,1,0,0,N,1,0,0,2,67301,1,,1,1,,N,N,,0,,0,0,0,9,2,,1307,1,2,0,0,0,0,0,3,4,0,1,3,,N,,,,,,,,,,,
2007127364,1654.0,1,0,0,0,0,0,0,0,0,5,0,,67,10,2007,5,39.917,-75.2461,1654.0,6,0,0,0,0,0,1,0,0,,0,0,0,16,1,1,0,,0,39 55:01.134,,0,75 14:46.016,8,0,0,0,67301,0,0,0,N,0,0,0,2,67301,0,,1,1,,N,N,,0,,0,0,0,0,0,,1623,1,2,0,0,0,1,0,3,4,1,2,3,,N,,,,,,,,,,,
2007127365,1200.0,2,0,0,0,0,0,0,0,0,4,0,,67,10,2007,4,39.9615,-75.2245,1153.0,6,0,0,0,0,0,0,0,0,,0,0,0,11,1,1,1,,0,39 57:41.510,,0,75 13:28.359,8,0,0,0,67301,0,0,0,N,0,0,0,2,67301,0,,1,9,,N,N,,0,,0,0,0,3,2,,1100,1,2,0,0,0,1,0,3,4,0,2,3,,N,,,,,,,,,,,
2007107537,1443.0,2,0,0,0,0,0,0,0,0,1,0,,67,9,2007,4,40.0393,-75.1848,1437.0,6,0,0,0,0,0,1,0,0,,0,0,0,14,1,1,1,,0,40 02:21.627,,0,75 11:05.396,4,0,0,0,67301,0,0,0,N,0,0,0,4,67301,1,,1,1,,N,N,,0,,0,0,1,3,2,,1430,1,3,0,0,1,0,0,3,4,0,3,3,,N,,,,,,,,,,,
2007107553,1400.0,1,0,0,0,0,0,0,0,0,1,0,,67,9,2007,2,39.9621,-75.1363,1355.0,6,0,0,0,0,0,0,0,0,,0,0,0,99,1,3,0,,0,39 57:42.000,,0,75 08:11.153,8,0,0,0,67301,0,0,0,N,0,0,0,4,67301,0,,1,1,,N,N,,1,,0,0,0,0,0,,9999,3,2,0,0,0,3,1,3,4,0,2,3,,N,,,,,,,,,,,
2007107752,1324.0,1,0,0,0,0,0,0,0,0,7,0,,67,9,2007,2,39.9461,-75.1976,1322.0,6,0,0,0,0,0,0,0,0,,0,0,0,13,1,1,2,,0,39 56:46.079,,7,75 11:51.514,4,0,0,0,67301,1,0,0,,1,0,0,2,67301,1,,2,1,,,,,0,,0,0,0,0,0,,1312,1,2,0,0,1,0,0,3,4,0,1,3,,N,,,,,,,,,,,