CRN,ARRIVAL_TM,AUTOMOBILE_COUNT,BELTED_DEATH_COUNT,BELTED_SUSP_SERIOUS_INJ_COUNT,BICYCLE_COUNT,BICYCLE_DEATH_COUNT,BICYCLE_SUSP_SERIOUS_INJ_COUNT,BUS_COUNT,CHLDPAS_DEATH_COUNT,CHLDPAS_SUSP_SERIOUS_INJ_COUNT,COLLISION_TYPE,COMM_VEH_COUNT,CONS_ZONE_SPD_LIM,COUNTY,CRASH_MONTH,CRASH_YEAR,DAY_OF_WEEK,DEC_LAT,DEC_LONG,DISPATCH_TM,DISTRICT,DRIVER_COUNT_16YR,DRIVER_COUNT_17YR,DRIVER_COUNT_18YR,DRIVER_COUNT_19YR,DRIVER_COUNT_20YR,DRIVER_COUNT_50_64YR,DRIVER_COUNT_65_74YR,DRIVER_COUNT_75PLUS,EST_HRS_CLOSED,FATAL_COUNT,HEAVY_TRUCK_COUNT,HORSE_BUGGY_COUNT,HOUR_OF_DAY,ILLUMINATION,INJURY_COUNT,INTERSECT_TYPE,INTERSECTION_RELATED,LANE_CLOSED,LATITUDE,LN_CLOSE_DIR,LOCATION_TYPE,LONGITUDE,MAX_SEVERITY_LEVEL,MCYCLE_DEATH_COUNT,MCYCLE_SUSP_SERIOUS_INJ_COUNT,MOTORCYCLE_COUNT,MUNICIPALITY,NONMOTR_COUNT,NONMOTR_DEATH_COUNT,NONMOTR_SUSP_SERIOUS_INJ_COUNT,NTFY_HIWY_MAINT,PED_COUNT,PED_DEATH_COUNT,PED_SUSP_SERIOUS_INJ_COUNT,PERSON_COUNT,POLICE_AGCY,POSSIBLE_INJ_COUNT,RDWY_SURF_TYPE_CD,RELATION_TO_ROAD,ROAD_CONDITION,ROADWAY_CLEARED,SCH_BUS_IND,SCH_ZONE_IND,SECONDARY_CRASH,SMALL_TRUCK_COUNT,SPEC_JURIS_CD,SUSP_MINOR_INJ_COUNT,SUSP_SERIOUS_INJ_COUNT,SUV_COUNT,TCD_FUNC_CD,TCD_TYPE,TFC_DETOUR_IND,TIME_OF_DAY,TOT_INJ_COUNT,TOTAL_UNITS,UNB_DEATH_COUNT,UNB_SUSP_SERIOUS_INJ_COUNT,UNBELTED_OCC_COUNT,UNK_INJ_DEG_COUNT,UNK_INJ_PER_COUNT,URBAN_AREA,URBAN_RURAL,VAN_COUNT,VEHICLE_COUNT,WEATHER1,WEATHER2,WORK_ZONE_IND,WORK_ZONE_LOC,WORK_ZONE_TYPE,WORKERS_PRES,WZ_CLOSE_DETOUR,WZ_FLAGGER,WZ_LAW_OFFCR_IND,WZ_LN_CLOSURE,WZ_MOVING,WZ_OTHER,WZ_SHLDER_MDN,WZ_WORKERS_INJ_KILLED
2007107782,2026.0,1,0,0,1,0,0,0,0,0,4,0,,67,9,2007,7,39.9543,-75.1918,2024.0,6,0,0,0,0,0,0,0,0,,0,0,0,20,3,1,0,,0,39 57:15.000,,0,75 11:30.441,8,0,0,0,67301,1,0,0,N,0,0,0,4,67504,0,,1,1,,N,N,,0,,0,0,0,3,2,,2022,1,2,0,0,0,1,0,3,4,0,1,3,,N,,,,,,,,,,,
2007097825,308.0,1,0,0,0,0,0,0,0,0,9,0,,67,7,2007,5,40.0579,-75.242,307.0,6,0,0,0,0,0,0,0,0,,0,0,0,3,2,0,0,,0,40 03:28.600,,0,75 14:31.200,0,0,0,0,67301,0,0,0,N,0,0,0,1,67301,0,,7,1,,N,,,0,,0,0,0,0,0,,300,0,1,0,0,0,0,0,3,4,0,1,5,,N,,,,,,,,,,,
2007097835,2020.0,1,0,0,0,0,0,0,0,0,8,0,,67,7,2007,2,39.9499,-75.2475,9999.0,6,0,0,0,0,0,0,0,0,,0,0,0,20,1,1,0,,0,39 56:59.686,,0,75 14:51.162,4,0,0,0,67301,1,0,0,N,1,0,0,4,67301,1,,1,1,,N,N,,0,,0,0,0,0,0,,2020,1,2,0,0,0,0,0,3,4,0,1,3,,N,,,,,,,,,,,
2007097877,1955.0,1,0,0,0,0,0,0,0,0,1,0,,67,7,2007,7,40.0375,-75.0129,1948.0,6,0,0,1,0,0,0,0,0,,0,0,0,19,1,0,0,,0,40 02:15.000,,0,75 00:43.798,0,0,0,0,67301,0,0,0,N,0,0,0,2,67301,0,,1,1,,N,N,,0,,0,0,1,0,0,,1948,0,2,0,0,1,0,0,3,4,0,2,3,,N,,,,,,,,,,,
2007095350,1626.0,0,0,0,0,0,0,0,0,0,0,0,,67,7,2007,5,,,1626.0,6,0,0,0,0,0,1,0,0,1.0,0,0,0,16,1,1,0,,2,,2.0,0,,8,0,0,1,67301,0,0,0,N,0,0,0,1,67301,0,,1,1,,N,N,,0,,0,0,0,0,0,N,1624,1,1,0,0,0,1,0,3,3,0,1,3,,N,,,,,,,,,,,
2007095775,1605.0,2,0,0,0,0,0,0,0,0,4,0,,67,8,2007,2,39.9922,-75.2457,1600.0,6,0,0,0,0,0,0,0,0,,0,0,0,15,1,3,1,,0,39 59:32.000,,0,75 14:42.519,8,0,0,0,67301,0,0,0,N,0,0,0,4,67301,0,,1,1,,N,N,,0,,0,0,1,0,0,,1558,3,3,0,0,0,3,0,3,4,0,3,3,,N,,,,,,,,,,,
2007098482,659.0,1,0,0,0,0,0,0,0,0,1,1,40.0,67,8,2007,7,39.9716,-75.1933,659.0,6,0,0,0,0,0,2,0,0,6.0,0,1,0,6,1,1,7,,2,39 58:23.000,4.0,2,75 11:37.454,8,0,0,0,67301,0,0,0,N,0,0,0,2,67301,0,,1,1,,N,N,,0,,0,0,0,9,8,Y,635,1,2,0,0,0,1,0,3,4,0,2,3,,Y,2.0,2.0,Y,,,N,Y,,Y,,
2007095790,2305.0,0,0,0,0,0,0,0,0,0,7,0,,67,8,2007,4,40.1243,-75.0068,2256.0,6,0,0,0,0,0,1,0,0,,0,0,0,22,3,1,0,,0,40 07:27.314,,0,75 00:24.526,4,0,0,0,67301,0,0,0,N,0,0,0,1,67301,1,,5,1,,N,N,,0,,0,0,1,0,0,,2230,1,1,0,0,0,0,0,3,4,0,1,3,,N,,,,,,,,,,,
2007098289,2333.0,1,0,0,0,0,0,0,0,0,4,0,,67,7,2007,2,40.0171,-75.1512,2330.0,6,0,0,0,0,0,0,0,0,1.0,0,0,0,23,3,2,1,,1,40 01:01.528,3.0,0,75 09:04.326,4,0,0,1,67301,0,0,0,,0,0,0,3,67301,2,,1,1,,N,N,,0,,0,0,0,3,2,N,2325,2,2,0,0,1,0,0,3,4,0,2,3,,N,,,,,,,,,,,
2007093238,1608.0,1,0,0,0,0,0,0,0,0,1,1,,67,7,2007,2,40.0541,-75.1557,1601.0,6,0,0,0,1,0,0,1,0,,0,1,0,15,1,1,0,,0,40 03:14.000,,0,75 09:20.547,8,0,0,0,67301,0,0,0,N,0,0,0,2,67301,0,,1,1,,N,N,,0,,0,0,0,0,0,,1539,1,2,0,0,0,1,0,3,4,0,2,3,,N,,,,,,,,,,,
2007093548,1335.0,0,0,0,1,0,0,0,0,0,4,0,,67,7,2007,3,39.9889,-75.1519,1335.0,6,0,0,0,0,0,0,0,0,,0,0,0,13,1,1,0,,0,39 59:20.065,,0,75 09:06.663,4,0,0,0,67301,1,0,0,N,0,0,0,2,67301,1,,1,1,,N,N,,1,,0,0,0,0,0,,1330,1,2,0,0,1,0,0,3,4,0,1,3,,N,,,,,,,,,,,
2007022227,2236.0,1,0,0,0,0,0,0,0,0,7,0,,67,1,2007,1,39.9087,-75.1494,2231.0,6,0,0,0,0,0,1,0,0,,0,0,0,22,3,1,0,,0,39 54:31.000,,0,75 08:57.979,4,0,0,0,67301,0,0,0,,0,0,0,1,67301,1,,2,9,,,N,,0,,0,0,0,0,0,,2229,1,1,0,0,0,0,0,3,4,0,1,7,,N,,,,,,,,,,,
2007022387,932.0,2,0,0,0,0,0,0,0,0,4,0,,67,1,2007,7,40.0301,-75.0352,927.0,6,0,0,0,0,0,0,0,0,,0,0,0,9,1,1,1,,0,40 01:48.000,,0,75 02:06.580,8,0,0,0,67301,0,0,0,,0,0,0,2,67301,0,,1,1,,,,,0,,0,0,0,3,2,,920,1,2,0,0,0,1,1,3,4,0,2,3,,N,,,,,,,,,,,
2007027657,9999.0,1,0,0,0,0,0,0,0,0,8,0,,67,1,2007,3,39.9572,-75.2275,1909.0,6,0,0,0,0,0,0,0,0,,0,0,0,19,3,1,1,,0,39 57:25.000,,0,75 13:38.909,8,0,0,0,67301,1,0,0,N,1,0,0,2,67301,0,,1,1,,N,N,,0,,0,0,0,9,2,,1909,1,2,0,0,0,1,0,3,4,0,1,3,,N,,,,,,,,,,,
2007027759,1238.0,1,0,0,0,0,0,0,0,0,4,0,,67,1,2007,7,40.0463,-75.052,1237.0,6,0,0,0,0,0,0,0,0,,0,0,0,12,1,1,0,,0,40 02:46.000,,0,75 03:07.129,4,0,0,0,67301,0,0,0,N,0,0,0,3,67301,1,,1,1,,N,N,,0,,0,0,1,0,0,,1236,1,2,0,0,0,0,1,3,4,0,2,3,,N,,,,,,,,,,,
2007027761,1513.0,2,0,0,0,0,0,0,0,0,4,0,,67,1,2007,6,40.0267,-75.0563,1510.0,6,0,0,0,0,0,0,0,0,2.0,0,0,0,15,1,1,1,,2,40 01:36.217,4.0,0,75 03:22.736,8,0,0,0,67301,0,0,0,N,0,0,0,2,67301,0,,1,1,,N,N,,0,,0,0,0,3,3,Y,1510,1,2,0,0,0,1,0,3,4,0,2,3,,N,,,,,,,,,,,
2007022743,1050.0,1,0,0,0,0,0,0,0,0,1,1,,67,1,2007,6,39.9935,-75.1287,1045.0,6,0,0,0,0,0,0,1,0,,0,1,0,8,1,1,0,,0,39 59:36.460,,3,75 07:43.490,4,0,0,0,67301,0,0,0,N,0,0,0,7,67301,1,,1,2,,Y,N,,0,,0,0,0,3,3,,830,1,2,0,0,5,0,6,3,4,0,2,98,,N,,,,,,,,,,,
2007080951,1600.0,1,0,0,0,0,0,0,0,0,6,0,,67,5,2007,7,39.9385,-75.1716,1550.0,6,0,0,0,0,0,0,0,0,1.0,0,0,0,15,1,1,1,,1,39 56:18.452,3.0,0,75 10:17.734,4,0,0,0,67301,0,0,0,N,0,0,0,3,67301,1,,1,1,,N,N,,1,,0,0,1,9,2,Y,1537,1,3,0,0,0,0,0,3,4,0,3,3,,N,,,,,,,,,,,
2007096735,135.0,2,0,0,0,0,0,0,0,0,2,0,,67,7,2007,7,39.9244,-75.1696,135.0,6,0,0,1,0,0,0,0,0,,0,0,0,1,3,1,1,,0,39 55:27.000,,0,75 10:11.056,4,0,0,0,67301,0,0,0,N,0,0,0,3,67301,1,,1,1,,N,N,,0,,0,0,0,3,2,,135,1,2,0,0,2,0,0,3,4,0,2,3,,N,,,,,,,,,,,
2007096755,1210.0,1,0,0,1,0,0,0,0,0,4,0,,67,7,2007,7,39.9299,-75.1635,1207.0,6,0,0,0,0,0,0,0,0,,0,0,0,99,3,1,2,,0,39 55:47.470,,0,75 09:48.661,3,0,0,0,67301,1,0,0,N,0,0,0,2,67301,0,,1,1,,N,N,,0,,1,0,0,3,2,,9999,1,2,0,0,0,0,0,3,4,0,1,3,,N,,,,,,,,,,,
2007066254,1210.0,0,0,0,0,0,0,0,0,0,4,0,,67,5,2007,7,40.0437,-75.0531,1205.0,6,0,0,0,0,0,0,0,0,,0,0,0,12,1,1,1,,0,40 02:37.000,,0,75 03:11.289,3,0,0,1,67301,0,0,0,,0,0,0,2,67301,0,,1,1,,N,N,,0,,1,0,1,0,0,,1205,1,2,0,0,0,0,0,3,4,0,2,3,,N,,,,,,,,,,,
2007056510,840.0,1,0,0,0,0,0,0,0,0,4,0,,67,3,2007,3,39.9487,-75.2252,835.0,6,0,0,0,0,0,0,1,0,,0,0,0,8,1,2,1,,0,39 56:55.413,,0,75 13:30.820,4,0,0,0,67301,0,0,0,N,0,0,0,3,67301,2,,1,1,,N,N,,1,,0,0,0,3,3,,839,2,2,0,0,0,0,0,3,4,0,2,3,,N,,,,,,,,,,,
2007067451,824.0,0,0,0,0,0,0,0,0,0,8,0,,67,5,2007,4,39.9553,-75.2402,818.0,6,0,0,0,0,0,0,0,0,,0,0,0,8,1,1,1,,0,39 57:18.907,,0,75 14:24.568,4,0,0,0,67301,1,0,0,N,1,0,0,2,67301,1,,1,1,,N,N,,0,,0,0,1,3,2,,818,1,2,0,0,0,0,0,3,4,0,1,3,,N,,,,,,,,,,,
2007098979,1529.0,1,0,0,0,0,0,0,0,0,4,0,,67,8,2007,4,39.9669,-75.2096,1527.0,6,0,1,0,0,0,0,0,0,,0,0,0,15,1,1,1,,0,39 58:00.724,,0,75 12:34.682,2,0,1,1,67301,0,0,0,N,0,0,0,2,67301,0,,1,1,,N,N,,0,,0,1,0,3,3,,1524,1,2,0,0,0,0,0,3,4,0,2,3,,N,,,,,,,,,,,
2007098995,1128.0,1,0,0,0,0,0,0,0,0,1,0,,67,8,2007,3,39.9172,-75.2374,1116.0,6,0,0,0,0,0,0,0,0,,0,1,0,10,1,0,1,,0,39 55:02.000,,0,75 14:14.593,0,0,0,0,67301,0,0,0,N,0,0,0,2,67301,0,,1,1,,N,N,,0,,0,0,0,3,2,,1057,0,2,0,0,0,0,0,3,4,0,2,3,,N,,,,,,,,,,,
2007096592,1810.0,2,0,0,0,0,0,0,0,0,4,0,,67,7,2007,1,40.0441,-75.062,1810.0,6,0,0,0,0,0,0,0,1,,0,0,0,18,1,2,1,,0,40 02:38.000,,0,75 03:43.095,4,0,0,0,67301,0,0,0,,0,0,0,3,67301,2,,1,1,,,,,0,,0,0,0,2,2,,1810,2,2,0,0,0,0,0,3,4,0,2,3,,N,,,,,,,,,,,
2007067381,2301.0,2,0,0,0,0,0,0,0,0,8,0,,67,4,2007,7,39.9964,-75.1527,2300.0,6,0,0,0,0,0,0,0,0,,0,0,0,23,3,1,0,,0,39 59:46.960,,0,75 09:09.545,3,0,0,0,67301,1,0,0,N,1,0,0,2,67301,0,,4,1,,N,N,,0,,1,0,1,0,0,,2300,1,4,0,0,1,0,1,3,4,0,3,3,,N,,,,,,,,,,,
2007099091,1740.0,1,0,0,0,0,0,0,0,0,1,0,,67,8,2007,5,40.0443,-75.0541,1727.0,6,0,0,0,0,0,0,0,0,3.0,0,0,0,17,1,2,1,,1,40 02:39.000,3.0,0,75 03:14.767,8,0,0,0,67301,0,0,0,N,0,0,0,3,67301,0,,1,1,,N,N,,0,,0,0,1,3,2,N,1722,2,3,0,0,0,2,0,3,4,1,3,3,,N,,,,,,,,,,,
2007099133,1657.0,1,0,0,0,0,0,0,0,0,4,0,,67,8,2007,5,40.0473,-75.06,1655.0,6,0,0,0,0,0,0,0,0,2.0,0,0,0,16,1,3,0,,1,40 02:50.000,2.0,7,75 03:35.846,2,0,2,1,67301,0,0,0,N,0,0,0,6,67301,1,,1,1,,N,N,,0,,0,2,0,3,2,Y,1655,3,2,0,0,0,0,0,3,4,0,2,3,,N,,,,,,,,,,,
2007099630,1352.0,2,0,0,0,0,0,0,0,0,2,0,,67,8,2007,3,40.0297,-75.1396,1352.0,6,0,0,1,0,0,0,0,0,,0,0,0,13,1,1,1,,0,40 01:47.020,,0,75 08:22.729,4,0,0,0,67301,0,0,0,N,0,0,0,3,67301,1,,1,1,,N,N,,0,,0,0,0,9,2,,1350,1,2,0,0,1,0,2,3,4,0,2,3,,N,,,,,,,,,,,
2007095067,2130.0,1,0,0,0,0,0,0,0,0,8,0,,67,8,2007,2,39.9654,-75.2428,2110.0,6,0,0,0,0,0,0,0,0,,0,0,0,21,3,0,2,,0,39 57:55.436,,0,75 14:33.989,9,0,0,0,67301,1,0,0,N,1,0,0,2,67301,0,,1,1,,N,N,,0,,0,0,0,0,0,,2100,0,2,0,0,0,0,1,3,4,0,1,3,,N,,,,,,,,,,,
2007092600,1029.0,2,0,0,0,0,0,0,0,0,1,0,,67,7,2007,2,40.0712,-75.1545,1028.0,6,0,0,0,0,0,1,1,0,,0,0,0,10,1,2,0,,0,40 04:16.000,,0,75 09:16.233,4,0,0,0,67301,0,0,0,N,0,0,0,2,67301,1,,1,1,,N,N,,0,,0,0,0,0,0,,1015,2,2,0,0,0,1,0,3,4,0,2,3,,N,,,,,,,,,,,
2007090174,22.0,1,0,0,0,0,0,0,0,0,7,0,40.0,67,7,2007,6,40.0045,-75.1949,8.0,6,0,0,0,0,1,0,0,0,,0,0,0,0,3,1,0,,0,40 00:15.000,,0,75 11:41.222,3,0,0,0,67301,0,0,0,N,0,0,0,1,68K01,0,,2,1,,N,N,,0,,1,0,0,0,0,,8,1,1,0,0,1,0,0,3,4,0,1,3,,Y,5.0,1.0,Y,,,Y,Y,Y,,Y,
2007120532,2047.0,1,0,0,0,0,0,0,0,0,4,0,,67,10,2007,1,39.9642,-75.2218,2047.0,6,0,0,0,0,0,0,0,0,2.0,0,0,0,20,3,1,0,,1,39 57:50.000,4.0,0,75 13:16.520,4,0,0,1,67301,0,0,0,N,0,0,0,2,67301,1,,2,1,,N,N,,0,,0,0,0,0,0,Y,2045,1,2,0,0,0,0,1,3,4,0,2,3,,N,,,,,,,,,,,
2007120533,1031.0,1,0,0,0,0,0,0,0,0,5,0,,67,9,2007,1,40.0348,-75.1329,1028.0,6,0,0,0,0,0,0,0,0,1.0,0,0,0,10,1,1,0,,1,40 02:05.316,1.0,0,75 07:58.428,8,0,0,0,67301,1,0,0,N,1,0,0,2,67301,0,,1,1,,N,N,,0,,0,0,0,0,0,N,1023,1,2,0,0,0,1,0,3,4,0,1,3,,N,,,,,,,,,,,
2007120723,1114.0,2,0,0,0,0,0,0,0,0,1,0,,67,10,2007,3,40.0543,-75.0715,1110.0,6,0,0,0,0,0,0,0,0,,0,0,0,11,1,1,0,,0,40 03:15.000,,0,75 04:17.486,8,0,0,0,67301,1,0,0,N,0,0,0,2,67301,0,,6,1,,N,N,,0,,0,0,0,0,0,,1105,1,3,0,0,0,1,0,3,4,1,3,3,,N,,,,,,,,,,,
2007022723,1635.0,4,0,0,0,0,0,0,0,0,1,0,,67,1,2007,4,39.982,-75.1008,1625.0,6,0,0,0,0,0,0,1,0,2.0,0,0,0,16,1,1,0,,1,39 58:55.438,1.0,0,75 06:02.534,8,0,0,0,67301,0,0,0,N,0,0,0,5,67301,0,,1,1,,N,N,,0,,0,0,0,0,0,N,1620,1,4,0,0,1,1,0,3,4,0,4,3,,N,,,,,,,,,,,
2007022788,1915.0,1,0,0,0,0,0,0,0,0,1,0,,67,1,2007,6,40.028,-75.11,1915.0,6,0,0,0,0,0,0,1,0,,0,0,0,19,3,1,1,,0,40 01:40.000,,0,75 06:36.205,4,0,0,0,67301,0,0,0,N,0,0,0,3,67301,1,,1,9,,N,N,,0,,0,0,1,1,2,,1914,1,2,0,0,0,0,0,3,4,0,2,7,,N,,,,,,,,,,,
2007017931,1147.0,2,0,0,0,0,0,0,0,0,4,0,,67,2,2007,7,40.0003,-75.2285,9999.0,6,0,0,0,0,0,0,0,0,,0,0,0,11,1,0,0,,0,40 00:03.000,,0,75 13:37.358,0,0,0,0,67301,0,0,0,N,0,0,0,4,46104,0,,3,1,,N,N,,0,,0,0,0,0,0,,1145,0,2,0,0,0,0,0,3,4,0,2,3,,N,,,,,,,,,,,
2007096732,9999.0,0,0,0,0,0,0,1,0,0,8,1,,67,8,2007,2,39.9513,-75.1551,9999.0,6,0,0,0,0,0,1,0,0,1.0,0,0,0,99,1,1,1,,1,39 57:04.000,4.0,0,75 09:18.331,8,0,0,0,67301,1,0,0,,1,0,0,2,67301,0,,1,1,,,,,0,,0,0,0,3,2,Y,9999,1,2,0,0,0,1,0,3,4,0,1,3,,N,,,,,,,,,,,
2007066213,1307.0,2,0,0,0,0,0,0,0,0,4,0,,67,5,2007,2,40.0574,-75.077,1301.0,6,0,0,0,0,0,1,0,0,,0,0,0,13,1,2,0,,0,40 03:26.000,,7,75 04:37.105,8,0,0,0,67301,0,0,0,,0,0,0,2,67301,0,,1,1,,,,,0,,0,0,0,0,0,,1300,2,2,0,0,0,2,0,3,4,0,2,3,,N,,,,,,,,,,,
2007066218,755.0,3,0,0,0,0,0,0,0,0,5,1,,67,4,2007,4,39.9248,-75.147,757.0,6,0,0,0,0,0,1,0,0,1.0,0,1,0,7,1,0,0,,2,39 55:34.000,1.0,0,75 08:48.312,0,0,0,0,67301,0,0,0,N,0,0,0,5,67301,0,,1,1,,N,N,,0,,0,0,1,0,0,N,755,0,5,0,0,0,0,0,3,4,0,5,3,,N,,,,,,,,,,,
2007066343,810.0,0,0,0,0,0,0,0,0,0,5,1,,67,5,2007,4,40.02,-75.1522,800.0,6,0,0,0,0,0,0,0,0,1.0,0,1,0,7,1,1,1,,1,40 01:12.005,2.0,0,75 09:07.946,3,0,0,0,67301,0,0,0,N,0,0,0,2,67301,0,,1,1,,N,N,,0,,1,0,1,3,3,N,754,1,2,0,0,0,0,0,3,4,0,2,3,,N,,,,,,,,,,,
2007056422,1942.0,1,0,0,0,0,0,0,0,0,4,0,,67,4,2007,2,40.0053,-75.157,1932.0,6,0,0,0,0,0,0,0,0,,0,0,0,99,8,2,1,,0,40 00:19.033,,0,75 09:25.376,8,0,0,0,67301,0,0,0,N,0,0,0,3,67301,0,,1,9,,N,N,,0,,0,0,1,3,2,,9999,2,2,0,0,0,2,0,3,4,0,2,3,5.0,N,,,,,,,,,,,
2007056451,114.0,3,0,0,0,0,0,0,0,0,4,0,,67,4,2007,7,39.944,-75.2208,113.0,6,0,0,0,0,0,0,0,0,2.0,0,0,0,1,3,1,0,,2,39 56:38.439,5.0,0,75 13:15.016,4,0,0,0,67301,0,0,0,N,0,0,0,2,67301,1,,2,1,,N,N,,0,,0,0,2,0,0,N,112,1,6,0,0,2,0,1,3,4,1,6,3,,N,,,,,,,,,,,
2007056462,2324.0,0,0,0,0,0,0,0,0,0,8,0,,67,4,2007,6,40.0451,-75.1582,2320.0,6,0,0,0,0,0,0,1,0,,0,0,0,23,3,1,1,,0,40 02:42.273,,0,75 09:29.620,4,0,0,0,67301,1,0,0,N,1,0,0,2,67301,1,,1,1,,N,N,,1,,0,0,0,3,2,,2317,1,2,0,0,0,0,0,3,4,0,1,3,,N,,,,,,,,,,,
2007056598,1020.0,1,0,0,0,0,0,0,0,0,4,1,,67,4,2007,6,40.0468,-75.0703,1017.0,6,0,0,0,0,0,0,0,0,2.0,0,1,0,10,1,1,1,,1,40 02:48.000,4.0,0,75 04:13.234,8,0,0,0,67301,0,0,0,N,0,0,0,2,67301,0,,1,1,,N,N,,0,,0,0,0,3,2,Y,1015,1,2,0,0,0,1,0,3,4,0,2,3,,N,,,,,,,,,,,
2007067486,420.0,1,0,0,0,0,0,0,0,0,7,0,,67,4,2007,6,39.9871,-75.1358,420.0,6,0,0,0,0,0,0,0,0,,0,0,0,4,3,1,0,,0,39 59:13.552,,0,75 08:08.930,8,0,0,0,67301,0,0,0,N,0,0,0,1,67301,0,,2,9,,N,N,,0,,0,0,0,9,1,,418,1,1,0,0,0,1,0,3,4,0,1,7,,N,,,,,,,,,,,
2007098982,1345.0,2,0,0,0,0,0,0,0,0,5,0,,67,8,2007,6,39.9546,-75.1809,1340.0,6,0,0,0,0,1,0,0,0,,0,0,0,13,1,1,0,,0,39 57:16.000,,0,75 10:51.509,4,0,0,0,67301,0,0,0,N,0,0,0,4,67301,1,,1,1,,N,N,,0,,0,0,0,3,2,,1335,1,2,0,0,0,0,0,3,4,0,2,3,,N,,,,,,,,,,,
2007067351,1245.0,0,0,0,0,0,0,2,0,0,5,2,,67,5,2007,3,39.9401,-75.1662,1240.0,6,0,0,0,0,0,1,0,0,,0,0,0,12,1,1,0,,0,39 56:24.000,,0,75 09:58.428,4,0,0,0,67301,1,0,0,N,0,0,0,3,67301,1,,1,1,,Y,N,,0,,0,0,0,3,2,,1230,1,2,0,0,0,0,0,3,4,0,2,3,,N,,,,,,,,,,,
2007099067,1855.0,0,0,0,0,0,0,0,0,0,5,0,,67,9,2007,7,39.9578,-75.1472,1854.0,6,0,0,0,0,0,0,0,0,1.0,0,0,0,18,3,1,2,,1,39 57:28.000,4.0,0,75 08:50.071,4,0,0,1,67301,0,0,0,N,0,0,0,2,67301,1,,1,1,,N,N,,0,,0,0,1,3,2,N,1852,1,2,0,0,0,0,0,3,4,0,2,3,,N,,,,,,,,,,,
2007067254,1005.0,2,0,0,0,0,0,0,0,0,4,0,,67,5,2007,7,39.9271,-75.1774,1000.0,6,1,0,0,0,0,0,0,0,2.0,0,0,0,10,1,0,0,,2,39 55:37.491,4.0,0,75 10:38.730,0,0,0,0,67301,0,0,0,,0,0,0,1,67301,0,,1,1,,,,,0,,0,0,1,0,0,Y,1000,0,3,0,0,0,0,0,3,4,0,3,3,,N,,,,,,,,,,,
2007067319,2003.0,2,0,0,0,0,0,0,0,0,4,0,,67,4,2007,5,40.072,-75.013,2003.0,6,0,0,0,0,0,0,0,0,,0,0,0,20,3,0,1,,0,40 04:19.000,,8,75 00:46.977,9,0,0,0,67301,0,0,0,,0,0,0,2,67301,0,,1,1,,,,,0,,0,0,0,3,2,,2000,0,2,0,0,0,0,1,3,4,0,2,3,,N,,,,,,,,,,,
2007062491,938.0,2,0,0,0,0,0,0,0,0,1,0,,67,5,2007,7,39.9838,-75.2081,937.0,6,0,0,0,0,0,0,0,0,1.0,0,0,0,9,1,0,0,,2,39 59:05.000,4.0,0,75 12:29.559,0,0,0,0,67301,0,0,0,N,0,0,0,3,68K01,0,,1,1,,N,N,,0,,0,0,0,0,0,N,935,0,2,0,0,0,0,0,3,4,0,2,3,,N,,,,,,,,,,,
2007067200,1719.0,1,0,0,0,0,0,0,0,0,2,0,,67,4,2007,6,40.0369,-75.1451,1719.0,6,0,0,0,0,0,1,0,0,2.0,0,0,0,17,1,1,1,,2,40 02:12.000,6.0,0,75 08:42.306,3,0,0,1,67301,0,0,0,N,0,0,0,2,67301,0,,1,1,,N,N,,0,,1,0,0,3,2,N,1719,1,2,0,0,0,0,1,3,4,0,2,3,,N,,,,,,,,,,,
2007067210,49.0,1,0,0,0,0,0,0,0,0,4,0,,67,4,2007,2,39.9193,-75.211,49.0,6,0,0,0,0,1,0,0,0,,0,0,0,0,3,1,0,,0,39 55:09.368,,0,75 12:39.531,8,0,0,0,67301,0,0,0,,0,0,0,2,67301,0,,1,1,,,,,1,,0,0,0,0,0,,45,1,2,0,0,0,1,0,3,4,0,2,3,,N,,,,,,,,,,,
2007099088,111.0,2,0,0,0,0,0,0,0,0,1,0,,67,8,2007,7,39.9972,-75.0819,107.0,6,0,0,0,0,0,0,0,0,1.0,0,0,0,1,3,2,0,,2,39 59:50.000,2.0,0,75 04:54.502,4,0,0,0,67301,0,0,0,N,0,0,0,3,67301,2,,1,1,,N,N,,0,,0,0,0,0,0,Y,105,2,2,0,0,0,0,0,3,4,0,2,3,,N,,,,,,,,,,,
2007099100,2145.0,0,0,0,0,0,0,0,0,0,4,1,,67,8,2007,3,39.904,-75.2401,2142.0,6,0,0,0,0,0,1,0,0,2.0,0,1,0,21,3,2,5,,1,39 54:14.000,7.0,0,75 14:25.050,4,0,0,0,67301,0,0,0,N,0,0,0,3,67301,1,,1,1,,N,N,,0,,0,0,0,3,2,N,2130,2,2,0,0,0,1,0,3,4,0,2,3,,N,,,,,,,,,,,
2007099159,320.0,4,0,0,0,0,0,0,0,0,5,0,,67,7,2007,3,40.0644,-75.062,312.0,6,0,0,0,0,0,0,0,0,,0,0,0,99,3,0,0,,0,40 03:51.930,,0,75 03:43.070,0,0,0,0,67301,0,0,0,N,0,0,0,1,67301,0,,6,1,,N,N,,0,,0,0,1,0,0,,9999,0,5,0,0,0,0,0,3,4,0,5,3,,N,,,,,,,,,,,
2007099638,44.0,2,0,0,0,0,0,0,0,0,4,0,,67,7,2007,1,40.0476,-75.1683,38.0,6,0,0,0,0,0,0,0,0,,0,0,0,0,3,1,0,,0,40 02:51.000,,0,75 10:05.940,4,0,0,0,67301,0,0,0,,0,0,0,1,67301,1,,1,1,,N,,,1,,0,0,0,0,0,,30,1,3,0,0,0,0,0,3,4,0,3,3,,N,,,,,,,,,,,