CRN,ARRIVAL_TM,AUTOMOBILE_COUNT,BELTED_DEATH_COUNT,BELTED_SUSP_SERIOUS_INJ_COUNT,BICYCLE_COUNT,BICYCLE_DEATH_COUNT,BICYCLE_SUSP_SERIOUS_INJ_COUNT,BUS_COUNT,CHLDPAS_DEATH_COUNT,CHLDPAS_SUSP_SERIOUS_INJ_COUNT,COLLISION_TYPE,COMM_VEH_COUNT,CONS_ZONE_SPD_LIM,COUNTY,CRASH_MONTH,CRASH_YEAR,DAY_OF_WEEK,DEC_LAT,DEC_LONG,DISPATCH_TM,DISTRICT,DRIVER_COUNT_16YR,DRIVER_COUNT_17YR,DRIVER_COUNT_18YR,DRIVER_COUNT_19YR,DRIVER_COUNT_20YR,DRIVER_COUNT_50_64YR,DRIVER_COUNT_65_74YR,DRIVER_COUNT_75PLUS,EST_HRS_CLOSED,FATAL_COUNT,HEAVY_TRUCK_COUNT,HORSE_BUGGY_COUNT,HOUR_OF_DAY,ILLUMINATION,INJURY_COUNT,INTERSECT_TYPE,INTERSECTION_RELATED,LANE_CLOSED,LATITUDE,LN_CLOSE_DIR,LOCATION_TYPE,LONGITUDE,MAX_SEVERITY_LEVEL,MCYCLE_DEATH_COUNT,MCYCLE_SUSP_SERIOUS_INJ_COUNT,MOTORCYCLE_COUNT,MUNICIPALITY,NONMOTR_COUNT,NONMOTR_DEATH_COUNT,NONMOTR_SUSP_SERIOUS_INJ_COUNT,NTFY_HIWY_MAINT,PED_COUNT,PED_DEATH_COUNT,PED_SUSP_SERIOUS_INJ_COUNT,PERSON_COUNT,POLICE_AGCY,POSSIBLE_INJ_COUNT,RDWY_SURF_TYPE_CD,RELATION_TO_ROAD,ROAD_CONDITION,ROADWAY_CLEARED,SCH_BUS_IND,SCH_ZONE_IND,SECONDARY_CRASH,SMALL_TRUCK_COUNT,SPEC_JURIS_CD,SUSP_MINOR_INJ_COUNT,SUSP_SERIOUS_INJ_COUNT,SUV_COUNT,TCD_FUNC_CD,TCD_TYPE,TFC_DETOUR_IND,TIME_OF_DAY,TOT_INJ_COUNT,TOTAL_UNITS,UNB_DEATH_COUNT,UNB_SUSP_SERIOUS_INJ_COUNT,UNBELTED_OCC_COUNT,UNK_INJ_DEG_COUNT,UNK_INJ_PER_COUNT,URBAN_AREA,URBAN_RURAL,VAN_COUNT,VEHICLE_COUNT,WEATHER1,WEATHER2,WORK_ZONE_IND,WORK_ZONE_LOC,WORK_ZONE_TYPE,WORKERS_PRES,WZ_CLOSE_DETOUR,WZ_FLAGGER,WZ_LAW_OFFCR_IND,WZ_LN_CLOSURE,WZ_MOVING,WZ_OTHER,WZ_SHLDER_MDN,WZ_WORKERS_INJ_KILLED
2007095056,1710.0,2,0,0,0,0,0,0,0,0,1,0,,67,8,2007,5,39.993,-75.1103,1700.0,6,0,0,0,0,0,1,0,0,,0,0,0,16,1,2,1,,0,39 59:34.000,,0,75 06:37.098,4,0,0,0,67301,0,0,0,,0,0,0,4,67301,1,,1,1,,N,N,,0,,0,0,0,0,0,,1645,2,3,0,0,0,1,1,3,4,0,3,3,,N,,,,,,,,,,,
2007092763,2356.0,2,0,0,0,0,0,0,0,0,5,0,,67,7,2007,4,39.959,-75.172,2353.0,6,0,0,0,0,0,0,0,0,1.0,0,0,0,23,3,0,0,,1,39 57:32.000,3.0,0,75 10:19.200,0,0,0,0,67301,0,0,0,N,0,0,0,5,67301,0,,1,9,,N,N,,0,,0,0,0,0,0,N,2352,0,2,0,0,0,0,0,3,4,0,2,7,,N,,,,,,,,,,,
2007092594,2053.0,0,0,0,0,0,0,0,0,0,8,0,,67,7,2007,5,39.9736,-75.2099,2049.0,6,0,0,0,0,0,0,0,0,,0,0,0,99,3,1,1,,0,39 58:24.000,,0,75 12:35.362,4,0,0,0,67301,1,0,0,N,1,0,0,2,67301,1,,2,1,,N,N,,0,,0,0,0,3,2,,9999,1,2,0,0,0,0,1,3,4,0,1,3,,N,,,,,,,,,,,
2007092611,1600.0,2,0,0,0,0,0,0,0,0,1,0,,67,7,2007,7,39.9504,-75.2453,1556.0,6,0,0,0,0,0,1,0,0,,0,0,0,15,1,2,1,,0,39 57:01.504,,0,75 14:42.907,8,0,0,0,67301,0,0,0,N,0,0,0,2,67301,0,,1,1,,N,N,,0,,0,0,1,3,3,,1540,2,3,0,0,0,2,0,3,4,0,3,3,,N,,,,,,,,,,,
2007092612,1506.0,2,0,0,0,0,0,0,0,0,5,0,,67,7,2007,1,39.9595,-75.2332,1503.0,6,0,0,0,0,0,0,0,0,,0,0,0,15,1,0,2,,0,39 57:34.000,,0,75 13:59.356,0,0,0,0,67301,0,0,0,N,0,0,0,2,67301,0,,1,1,,N,N,,0,,0,0,0,3,2,,1503,0,2,0,0,0,0,0,3,4,0,2,3,,N,,,,,,,,,,,
2007120542,2120.0,2,0,0,0,0,0,0,0,0,4,0,,67,10,2007,2,40.0868,-74.9718,2120.0,6,0,0,0,0,0,0,0,0,,0,0,0,21,3,1,1,,0,40 05:12.000,,0,74 58:18.772,4,0,0,0,67301,0,0,0,N,0,0,0,4,67301,1,,1,1,,N,N,,0,,0,0,0,3,2,,2120,1,2,0,0,0,0,2,3,4,0,2,3,,N,,,,,,,,,,,
2007082580,45.0,2,0,0,0,0,0,0,0,0,1,0,,67,5,2007,3,39.9386,-75.2217,2043.0,6,0,0,0,0,0,0,0,0,,0,0,0,99,3,4,1,,0,39 56:18.000,,0,75 13:18.042,3,0,0,0,67301,1,0,0,,1,0,0,5,67301,3,,1,1,,,,,0,,1,0,0,3,2,,9999,4,3,0,0,0,0,0,3,4,0,2,3,,N,,,,,,,,,,,
2007120694,806.0,2,0,0,0,0,0,0,0,0,2,0,,67,10,2007,7,40.0333,-75.0801,803.0,6,0,0,0,0,0,0,0,0,2.0,0,0,0,8,1,2,1,,2,40 01:59.916,2.0,0,75 04:48.230,8,0,0,0,67301,0,0,0,,0,0,0,3,67301,0,,1,1,,N,N,,0,,0,0,0,0,0,Y,803,2,2,0,0,0,2,0,3,4,0,2,3,,N,,,,,,,,,,,
2007107070,1327.0,0,0,0,0,0,0,0,0,0,5,0,,67,9,2007,3,39.9206,-75.1975,1323.0,6,0,0,0,0,0,2,0,0,1.0,0,0,0,13,1,0,0,,2,39 55:14.000,4.0,3,75 11:50.870,0,0,0,0,67301,0,0,0,N,0,0,0,2,67301,0,,1,1,,N,N,,0,,0,0,0,0,0,Y,1315,0,2,0,0,0,0,0,3,4,2,2,3,,N,,,,,,,,,,,
2007107122,1656.0,1,0,0,0,0,0,0,0,0,8,0,,67,9,2007,1,40.0429,-75.1722,1655.0,6,0,0,0,0,0,1,0,0,,0,0,0,16,1,1,1,,0,40 02:34.512,,0,75 10:19.919,8,0,0,0,67301,1,0,0,N,1,0,0,2,67301,0,,1,1,,N,Y,,0,,0,0,0,3,2,,1653,1,2,0,0,0,1,0,3,4,0,1,3,,N,,,,,,,,,,,
2007082930,1701.0,2,0,0,0,0,0,0,0,0,5,0,,67,5,2007,5,39.9706,-75.1252,1653.0,6,0,0,0,0,0,1,0,0,1.0,0,0,0,16,1,1,0,,1,39 58:12.000,2.0,0,75 07:33.322,3,0,0,0,67301,0,0,0,N,0,0,0,2,67301,0,,1,1,,N,N,,0,,1,0,0,0,0,N,1652,1,2,0,0,0,0,0,3,4,0,2,3,,N,,,,,,,,,,,
2007080490,1145.0,2,0,0,0,0,0,0,0,0,1,0,,67,6,2007,6,40.0167,-75.0837,1129.0,6,0,0,1,0,0,0,0,0,,0,0,0,11,1,1,0,,0,40 01:00.000,,0,75 05:01.370,8,0,0,0,67301,0,0,0,N,0,0,0,6,67301,0,,1,1,,N,N,,0,,0,0,0,3,2,,1100,1,2,0,0,0,1,0,3,4,0,2,10,,N,,,,,,,,,,,
2007109649,1355.0,1,0,0,0,0,0,0,0,0,1,0,,67,9,2007,7,39.9674,-75.1809,1352.0,6,0,0,0,0,0,0,0,0,,0,0,0,13,1,2,1,,0,39 58:02.000,,0,75 10:52.021,8,0,0,1,67301,0,0,0,,0,0,0,3,67301,0,,1,1,,N,N,,0,,0,0,0,3,2,,1352,2,2,0,0,0,2,1,3,4,0,2,3,,N,,,,,,,,,,,
2007027914,1342.0,1,0,0,0,0,0,0,0,0,4,0,,67,1,2007,6,39.9489,-75.1897,1340.0,6,0,0,0,0,0,1,0,0,,0,0,0,13,1,2,2,,0,39 56:55.964,,0,75 11:22.953,8,0,0,0,67301,0,0,0,N,0,0,0,3,67504,0,,1,9,,N,N,,1,,0,0,0,3,2,,1340,2,2,0,0,0,2,0,3,4,0,2,7,,N,,,,,,,,,,,
2007027958,1731.0,2,0,0,0,0,0,0,0,0,4,0,,67,2,2007,6,40.0286,-75.0853,1729.0,6,0,0,0,0,0,0,0,1,9.0,0,0,0,15,1,1,1,,1,40 01:42.798,4.0,0,75 05:07.223,4,0,0,0,67301,0,0,0,N,0,0,0,2,67301,1,,1,9,,N,N,,0,,0,0,0,3,2,N,1529,1,2,0,0,0,0,0,3,4,0,2,7,,N,,,,,,,,,,,
2007047545,1847.0,2,0,0,0,0,0,0,0,0,4,0,,67,3,2007,1,39.9857,-75.2475,1840.0,6,0,0,0,1,0,0,0,0,,0,0,0,18,4,0,1,,0,39 59:08.000,,0,75 14:51.091,0,0,0,0,67301,0,0,0,N,0,0,0,2,67301,0,,9,1,,N,N,,0,,0,0,0,3,2,,1835,0,2,0,0,0,0,0,3,4,0,2,3,,N,,,,,,,,,,,
2007047696,1250.0,1,0,0,0,0,0,0,0,0,1,0,,67,2,2007,4,40.0316,-75.2131,1245.0,6,0,0,0,0,0,1,0,0,,0,0,0,12,1,1,1,,0,40 01:53.630,,0,75 12:46.938,8,0,0,0,67301,0,0,0,N,0,0,0,2,67301,0,,1,1,,N,N,,0,,0,0,0,3,2,,1245,1,2,0,0,0,1,0,3,4,0,2,3,,N,,,,,,,,,,,
2007047718,1706.0,0,0,0,1,0,0,0,0,0,4,0,,67,3,2007,4,39.9642,-75.2152,1705.0,6,0,0,0,0,0,0,0,0,,0,0,0,99,1,1,2,,0,39 57:51.109,,0,75 12:54.633,3,0,0,0,67301,1,0,0,N,0,0,0,3,67301,0,,1,1,,N,N,,0,,1,0,1,3,3,,9999,1,2,0,0,0,0,0,3,4,0,1,3,,N,,,,,,,,,,,
2007067621,1742.0,0,0,0,0,0,0,0,0,0,8,0,,67,5,2007,7,40.0817,-75.0414,1738.0,6,0,0,0,0,0,0,0,0,,0,0,0,17,1,1,0,,0,40 04:53.000,,0,75 02:29.085,3,0,0,0,67301,1,0,0,N,1,0,0,2,67301,0,,1,1,,N,N,,0,,1,0,1,0,0,,1735,1,2,0,0,0,0,0,3,4,0,1,3,,N,,,,,,,,,,,
2007027589,840.0,3,0,0,0,0,0,0,0,0,1,0,,67,1,2007,5,40.0641,-75.2396,839.0,6,0,0,0,0,0,1,0,0,1.0,0,0,0,8,1,1,1,,1,40 03:52.000,1.0,0,75 14:23.056,8,0,0,0,67301,0,0,0,N,0,0,0,3,67301,0,,1,1,,,N,,0,,0,0,0,3,2,N,839,1,3,0,0,0,1,0,3,4,0,3,3,,N,,,,,,,,,,,
2007056593,1100.0,3,0,0,0,0,0,0,0,0,4,0,,67,4,2007,3,39.9721,-75.2469,1055.0,6,0,0,0,0,0,1,1,0,,0,0,0,10,1,0,1,,0,39 58:19.000,,0,75 14:48.761,0,0,0,0,67301,0,0,0,N,0,0,0,3,67301,0,,1,1,,N,N,,0,,0,0,0,3,2,,1045,0,3,0,0,0,0,0,3,4,0,3,3,,N,,,,,,,,,,,
2007048845,2259.0,2,0,0,0,0,0,0,0,0,1,0,,67,3,2007,5,40.0407,-75.0762,2254.0,6,0,0,0,0,0,0,0,0,1.0,0,0,0,22,3,0,1,,1,40 02:26.000,2.0,0,75 04:34.494,0,0,0,0,67301,0,0,0,N,0,0,0,3,67301,0,,1,9,,N,N,,0,,0,0,1,3,2,N,2250,0,3,0,0,0,0,0,3,4,0,3,7,,N,,,,,,,,,,,
2007056503,1404.0,2,0,0,0,0,0,0,0,0,4,0,,67,4,2007,5,40.0762,-75.0853,1351.0,6,0,0,0,0,0,1,0,0,,0,0,0,13,1,2,1,,0,40 04:34.392,,0,75 05:07.259,4,0,0,0,67301,0,0,0,N,0,0,0,2,67301,2,,1,9,,N,N,,0,,0,0,0,3,3,,1316,2,2,0,0,0,0,0,3,4,0,2,3,,N,,,,,,,,,,,
2007057385,1936.0,1,0,0,0,0,0,0,0,0,1,0,,67,3,2007,2,39.9211,-75.229,1930.0,6,0,0,0,0,0,1,0,0,,0,0,0,17,1,2,1,,0,39 55:15.805,,0,75 13:44.269,3,0,0,0,67301,0,0,0,N,0,0,0,8,67301,1,,1,1,,N,N,,0,,1,0,0,3,2,,1730,2,2,0,0,0,0,2,3,4,1,2,3,,N,,,,,,,,,,,
2007057399,729.0,2,0,0,0,0,0,0,0,0,2,0,,67,4,2007,6,40.0276,-75.0962,722.0,6,0,0,0,0,0,0,0,0,,0,0,0,7,1,1,1,,0,40 01:39.432,,0,75 05:46.337,4,0,0,0,67301,0,0,0,N,0,0,0,2,67301,1,,1,1,,N,N,,0,,0,0,0,0,0,,720,1,2,0,0,0,0,0,3,4,0,2,3,,N,,,,,,,,,,,
2007057421,1505.0,2,0,0,0,0,0,0,0,0,5,0,,67,4,2007,2,39.9969,-75.1064,1501.0,6,0,0,0,0,0,0,0,0,,0,0,0,13,1,1,0,,0,39 59:48.746,,0,75 06:23.032,4,0,0,0,67301,0,0,0,N,0,0,0,2,67301,1,,1,1,,N,N,,0,,0,0,0,0,0,,1340,1,3,0,0,0,0,0,3,4,1,3,3,,N,,,,,,,,,,,
2007057531,2205.0,1,0,0,0,0,0,0,0,0,4,0,,67,3,2007,7,39.9737,-75.1393,2200.0,6,0,0,0,0,0,0,0,0,,0,0,0,22,3,0,2,,0,39 58:25.464,,0,75 08:21.325,9,0,0,0,67301,0,0,0,,0,0,0,5,67301,0,,1,1,,,,,0,,0,0,0,0,0,,2200,0,2,0,0,3,0,2,3,4,1,2,3,,N,,,,,,,,,,,
2007067267,1820.0,1,0,0,0,0,0,1,0,0,5,1,,67,4,2007,2,40.0387,-75.1429,1817.0,6,0,0,0,0,0,0,0,0,,0,0,0,18,1,3,0,,0,40 02:19.000,,0,75 08:34.410,4,0,0,0,67301,3,0,0,N,0,0,0,4,67301,3,,6,1,,N,,,0,,0,0,0,0,0,,1800,3,2,0,0,0,0,0,3,4,0,2,3,,N,,,,,,,,,,,
2007067288,1153.0,0,0,0,0,0,0,0,0,0,7,0,,67,5,2007,2,39.9715,-75.1211,1143.0,6,0,0,1,0,0,0,0,0,1.0,0,0,0,11,1,2,3,,2,39 58:15.000,1.0,0,75 07:25.113,3,0,0,0,67301,0,0,0,N,0,0,0,2,67301,1,,3,1,,N,N,,0,,1,0,1,0,0,N,1143,2,1,0,0,2,0,0,3,4,0,1,3,,N,,,,,,,,,,,
2007067332,1305.0,0,0,0,0,0,0,0,0,0,5,1,,67,4,2007,7,39.95,-75.1692,1300.0,6,0,0,0,0,0,0,0,0,,0,1,0,11,1,2,0,,0,39 56:59.000,,0,75 10:09.118,8,0,0,0,67301,0,0,0,N,0,0,0,4,67301,0,,1,1,,N,N,,0,,0,0,0,0,0,,1100,2,2,0,0,0,2,0,3,4,1,2,3,,N,,,,,,,,,,,
2007037889,1642.0,1,0,0,0,0,0,0,0,0,1,0,,67,2,2007,6,39.9959,-75.1974,1540.0,6,0,0,0,0,0,1,0,0,,0,0,0,15,1,0,0,,0,39 59:45.000,,0,75 11:50.104,9,0,0,0,67301,0,0,0,N,0,0,0,2,68K01,0,,1,1,,N,N,,1,,0,0,0,0,0,,1538,0,2,0,0,0,0,1,3,4,0,2,3,,N,,,,,,,,,,,
2007067165,555.0,2,0,0,0,0,0,0,0,0,5,0,,67,5,2007,3,39.9993,-75.0697,547.0,6,0,0,0,0,0,1,0,0,1.0,0,0,0,5,1,1,0,,1,39 59:57.000,1.0,0,75 04:10.710,8,0,0,0,67301,0,0,0,N,0,0,0,1,67301,0,,1,1,,N,N,,0,,0,0,1,0,0,N,540,1,3,0,0,0,1,0,3,4,0,3,3,,N,,,,,,,,,,,
2007067168,1915.0,1,0,0,0,0,0,0,0,0,7,0,,67,5,2007,7,40.0526,-75.0686,1910.0,6,0,0,0,0,0,1,0,0,,0,0,0,19,1,1,0,,0,40 03:09.000,,0,75 04:06.963,8,0,0,0,67301,0,0,0,,0,0,0,1,67301,0,,5,1,,N,,,0,,0,0,0,0,0,,1909,1,1,0,0,0,1,0,3,4,0,1,3,,N,,,,,,,,,,,
2007067241,1916.0,0,0,0,1,0,0,1,0,0,5,1,,67,5,2007,1,39.9492,-75.1631,1914.0,6,0,0,0,0,0,0,0,0,,0,0,0,19,1,1,1,,0,39 56:57.000,,0,75 09:46.987,4,0,0,0,67301,1,0,0,,0,0,0,2,67301,1,,1,1,,,,,0,,0,0,0,3,2,,1912,1,2,0,0,0,0,0,3,4,0,1,3,,N,,,,,,,,,,,
2007099113,58.0,1,0,0,0,0,0,0,0,0,4,0,,67,7,2007,6,40.0658,-75.1508,53.0,6,0,0,0,0,0,0,0,0,,0,0,0,0,3,2,1,,0,40 03:57.020,,0,75 09:03.016,8,0,0,0,67301,0,0,0,N,0,0,0,3,67301,0,,1,1,,N,N,,0,,0,0,0,2,3,,53,2,2,0,0,0,2,1,3,4,1,2,3,,N,,,,,,,,,,,
2007029311,1117.0,2,0,0,0,0,0,0,0,0,1,0,,67,2,2007,5,40.0327,-75.0839,1117.0,6,0,1,0,0,0,0,1,0,,0,0,0,11,1,2,0,,0,40 01:57.000,,0,75 05:02.162,8,0,0,0,67301,0,0,0,,0,0,0,3,67301,0,,1,1,,,,,0,,0,0,0,0,0,,1115,2,2,0,0,0,2,0,3,4,0,2,3,,N,,,,,,,,,,,
2007029319,842.0,2,0,0,0,0,0,0,0,0,6,0,,67,1,2007,3,40.0481,-74.9996,838.0,6,0,0,0,0,0,0,0,0,1.0,0,0,0,8,1,1,0,,2,40 02:52.000,1.0,0,74 59:57.784,3,0,0,0,67301,0,0,0,,0,0,0,3,67301,0,,1,1,,N,N,,0,,1,0,1,0,0,Y,837,1,3,0,0,0,0,0,3,4,0,3,3,,N,,,,,,,,,,,
2007120870,1317.0,2,0,0,0,0,0,0,0,0,6,0,99.0,67,10,2007,1,39.8897,-75.2338,1309.0,6,0,0,0,0,0,1,0,0,,0,0,0,13,1,2,1,,0,39 53:23.000,,0,75 14:01.810,3,0,0,0,67301,0,0,0,,0,0,0,4,67301,0,,1,1,,,,,0,,1,0,1,2,1,,1304,2,3,0,0,0,1,0,3,4,0,3,3,,Y,8.0,8.0,U,,,U,,,,,
2007120916,1243.0,2,0,0,0,0,0,0,0,0,1,0,,67,10,2007,1,40.0178,-75.0485,1241.0,6,0,0,0,0,0,0,0,0,,0,0,0,12,1,0,0,,0,40 01:04.143,,0,75 02:54.137,0,0,0,0,67301,0,0,0,N,0,0,0,1,67301,0,,2,1,,N,N,,0,,0,0,0,0,0,,1239,0,2,0,0,0,0,0,3,4,0,2,3,,N,,,,,,,,,,,
2007120923,1751.0,0,0,0,0,0,0,1,0,0,1,1,,67,10,2007,2,39.9574,-75.1979,1747.0,6,0,0,0,0,0,0,0,0,,0,0,0,17,1,3,2,,0,39 57:26.809,,0,75 11:52.397,4,0,0,0,67301,0,0,0,N,0,0,0,5,67301,3,,1,1,,N,N,,1,,0,0,0,0,0,,1740,3,2,0,0,0,0,0,3,4,0,2,3,,N,,,,,,,,,,,
2007095106,1558.0,2,0,0,0,0,0,0,0,0,4,0,,67,7,2007,2,40.0634,-75.1526,1553.0,6,0,0,0,0,0,1,0,0,,0,0,0,15,1,7,2,,0,40 03:48.186,,0,75 09:09.266,4,0,0,0,67301,0,0,0,,0,0,0,8,67301,4,,1,1,,N,N,,0,,0,0,0,0,0,,1525,7,2,0,0,0,3,0,3,4,0,2,3,,N,,,,,,,,,,,
2007099607,1512.0,2,0,0,0,0,0,0,0,0,2,0,,67,8,2007,3,39.9918,-75.1864,1510.0,6,0,0,0,0,0,0,0,0,,0,0,0,99,1,1,1,,0,39 59:30.000,,0,75 11:10.906,8,0,0,0,67301,0,0,0,N,0,0,0,5,67301,0,,1,9,,N,N,,0,,0,0,0,3,2,,9999,1,2,0,0,0,1,0,3,4,0,2,7,,N,,,,,,,,,,,
2007099641,1245.0,1,0,0,1,0,0,0,0,0,2,0,,67,8,2007,6,40.0465,-75.1729,1240.0,6,0,0,0,0,0,0,0,0,,0,0,0,12,1,1,2,,0,40 02:47.576,,0,75 10:22.454,8,0,0,0,67301,1,0,0,N,0,0,0,2,67301,0,,1,1,,,N,,0,,0,0,0,2,3,,1235,1,2,0,0,0,1,0,3,4,0,1,3,,N,,,,,,,,,,,
2007092313,34.0,2,0,0,0,0,0,0,0,0,4,0,,67,6,2007,7,40.014,-75.1789,19.0,6,0,0,1,0,0,0,0,0,2.0,0,0,0,0,3,2,0,,2,40 00:51.000,1.0,0,75 10:42.819,4,0,0,0,67301,0,0,0,N,0,0,0,3,67301,2,,1,1,,N,N,,0,,0,0,0,0,0,N,19,2,2,0,0,0,0,1,3,4,0,2,3,,N,,,,,,,,,,,
2007121130,720.0,1,0,0,0,0,0,0,0,0,1,0,,67,10,2007,1,40.0276,-75.043,716.0,6,0,0,0,0,0,0,0,0,,0,0,0,7,1,0,0,,0,40 01:39.205,,0,75 02:34.702,0,0,0,0,67301,0,0,0,N,0,0,0,1,67301,0,,6,1,,N,N,,0,,0,0,0,3,3,,709,0,2,0,0,0,0,0,3,4,1,2,3,,N,,,,,,,,,,,
2007087996,1134.0,3,0,0,0,0,0,0,0,0,1,0,,67,7,2007,5,39.982,-75.2076,1117.0,6,0,0,0,1,0,2,0,0,,0,0,0,11,1,1,0,,0,39 58:58.000,,0,75 12:29.187,4,0,0,0,67301,0,0,0,N,0,0,0,10,68K01,1,,1,1,,N,N,,0,,0,0,0,0,0,,1115,1,3,0,0,0,0,0,3,4,0,3,3,,N,,,,,,,,,,,
2007120625,9999.0,2,0,0,0,0,0,0,0,0,1,0,,67,10,2007,5,39.9959,-75.1914,1544.0,6,0,0,0,0,0,0,0,0,,0,0,0,15,1,0,3,,0,39 59:45.000,,0,75 11:29.189,0,0,0,0,67301,0,0,0,N,0,0,0,2,67301,0,,1,1,,N,N,,0,,0,0,0,0,0,,1544,0,2,0,0,0,0,0,3,4,0,2,3,,N,,,,,,,,,,,
2007120647,430.0,1,0,0,0,0,0,0,0,0,4,0,,67,10,2007,4,40.0646,-75.1606,420.0,6,0,0,0,0,0,0,1,0,,0,0,0,4,6,1,0,,0,40 03:52.000,,0,75 09:38.122,8,0,0,0,67301,0,0,0,N,0,0,0,2,67301,0,,1,1,,N,N,,0,,0,0,0,0,0,,404,1,2,0,0,0,1,0,3,4,0,2,3,,N,,,,,,,,,,,
2007120689,1900.0,2,0,0,0,0,0,0,0,0,4,0,,67,10,2007,1,40.0544,-75.0717,1858.0,6,0,0,1,0,0,0,0,0,,0,0,0,18,3,1,1,,0,40 03:15.000,,0,75 04:17.960,3,0,0,0,67301,0,0,0,N,0,0,0,2,67301,0,,1,1,,N,,,0,,1,0,0,3,2,,1857,1,2,0,0,0,0,0,3,4,0,2,3,,N,,,,,,,,,,,
2007107063,2140.0,1,0,0,0,0,0,0,0,0,8,0,,67,9,2007,7,39.9763,-75.2369,2134.0,6,0,0,0,0,0,0,0,0,1.0,0,0,0,21,3,1,0,,1,39 58:34.679,4.0,0,75 14:12.827,8,0,0,0,67301,1,0,0,N,1,0,0,2,67301,0,,1,1,,N,N,,0,,0,0,1,0,0,N,2130,1,3,0,0,0,1,0,3,4,0,2,3,,N,,,,,,,,,,,
2007107067,955.0,3,0,0,0,0,0,0,0,0,4,0,,67,9,2007,1,40.0057,-75.1011,950.0,6,0,0,0,0,0,0,0,0,,0,0,0,9,1,2,1,,0,40 00:20.000,,0,75 06:03.822,3,0,0,0,67301,0,0,0,N,0,0,0,2,67301,0,,1,1,,N,N,,0,,2,0,0,3,2,,945,2,3,0,0,0,0,0,3,4,0,3,3,,N,,,,,,,,,,,
2007120711,9999.0,2,0,0,0,0,0,0,0,0,4,0,,67,9,2007,4,39.9914,-75.1007,9999.0,6,0,0,0,0,0,1,0,0,,0,0,0,13,1,1,0,,0,39 59:28.000,,7,75 06:02.732,8,0,0,0,67301,0,0,0,N,0,0,0,4,67301,0,,1,1,,N,N,,0,,0,0,0,0,0,,1350,1,2,0,0,0,1,0,3,4,0,2,3,,N,,,,,,,,,,,
2007120721,1725.0,4,0,0,0,0,0,0,0,0,1,0,,67,10,2007,6,39.9215,-75.1668,1717.0,6,0,0,0,0,0,1,0,1,,0,0,0,99,1,2,0,,0,39 55:17.234,,0,75 10:00.598,4,0,0,0,67301,0,0,0,N,0,0,0,3,67301,2,,1,1,,N,N,,2,,0,0,0,0,0,,9999,2,6,0,0,0,0,0,3,4,0,6,3,,N,,,,,,,,,,,
2007120722,1540.0,1,0,0,1,0,0,0,0,0,8,0,,67,10,2007,2,39.9437,-75.1654,1528.0,6,0,0,0,0,0,0,0,0,,0,0,0,15,1,1,1,,0,39 56:37.000,,0,75 09:55.624,4,0,0,0,67301,1,0,0,N,0,0,0,2,67301,1,,1,1,,N,N,,0,,0,0,0,3,1,,1528,1,2,0,0,0,0,0,3,4,0,1,3,,N,,,,,,,,,,,
2007027875,921.0,1,0,0,0,0,0,0,0,0,7,0,,67,1,2007,2,39.9554,-75.2,921.0,6,0,0,0,0,0,0,0,1,,0,0,0,9,1,1,1,,0,39 57:19.000,,0,75 11:59.763,8,0,0,0,67301,0,0,0,N,0,0,0,1,67504,0,,5,9,,N,N,,0,,0,0,0,3,2,,921,1,2,0,0,0,1,0,3,4,0,1,7,,N,,,,,,,,,,,
2007027941,1617.0,2,0,0,0,0,0,0,0,0,1,0,,67,1,2007,4,39.9034,-75.1992,1554.0,6,0,0,0,1,0,1,0,0,2.0,0,0,0,15,1,1,0,,1,39 54:10.000,4.0,3,75 12:00.267,3,0,0,0,67301,0,0,0,N,0,0,0,3,67301,0,,1,1,,N,N,,0,,1,0,1,0,0,N,1553,1,3,0,0,0,0,0,3,4,0,3,3,,N,,,,,,,,,,,
2007023086,2250.0,2,0,0,0,0,0,0,0,0,1,0,,67,1,2007,6,39.9738,-75.2582,2240.0,6,0,0,0,0,0,0,0,0,,0,0,0,22,3,1,1,,0,39 58:25.000,,0,75 15:29.678,8,0,0,0,67301,0,0,0,N,0,0,0,3,67301,0,,1,98,,N,N,,0,,0,0,0,9,2,,2200,1,2,0,0,0,1,1,3,4,0,2,99,,N,,,,,,,,,,,
2007023538,2215.0,0,0,0,0,0,0,0,0,0,7,0,,67,1,2007,1,39.9849,-75.2155,2209.0,6,0,0,0,0,0,1,0,0,,0,0,0,22,3,1,0,,0,39 59:05.499,,0,75 12:55.641,4,0,0,0,67301,0,0,0,N,0,0,0,1,67301,1,,4,7,,N,N,,0,,0,0,1,0,0,,2207,1,1,0,0,0,0,0,3,4,0,1,10,,N,,,,,,,,,,,
2007047288,1009.0,2,0,0,0,0,0,0,0,0,2,0,,67,3,2007,1,39.9699,-75.1882,1007.0,6,0,0,0,0,0,0,0,0,,0,0,0,10,1,0,0,,0,39 58:11.640,,7,75 11:17.880,0,0,0,0,67301,0,0,0,N,0,0,0,2,67301,0,,1,9,,N,N,,0,,0,0,0,0,0,,1000,0,2,0,0,0,0,0,3,4,0,2,3,,N,,,,,,,,,,,