CRN,ARRIVAL_TM,AUTOMOBILE_COUNT,BELTED_DEATH_COUNT,BELTED_SUSP_SERIOUS_INJ_COUNT,BICYCLE_COUNT,BICYCLE_DEATH_COUNT,BICYCLE_SUSP_SERIOUS_INJ_COUNT,BUS_COUNT,CHLDPAS_DEATH_COUNT,CHLDPAS_SUSP_SERIOUS_INJ_COUNT,COLLISION_TYPE,COMM_VEH_COUNT,CONS_ZONE_SPD_LIM,COUNTY,CRASH_MONTH,CRASH_YEAR,DAY_OF_WEEK,DEC_LAT,DEC_LONG,DISPATCH_TM,DISTRICT,DRIVER_COUNT_16YR,DRIVER_COUNT_17YR,DRIVER_COUNT_18YR,DRIVER_COUNT_19YR,DRIVER_COUNT_20YR,DRIVER_COUNT_50_64YR,DRIVER_COUNT_65_74YR,DRIVER_COUNT_75PLUS,EST_HRS_CLOSED,FATAL_COUNT,HEAVY_TRUCK_COUNT,HORSE_BUGGY_COUNT,HOUR_OF_DAY,ILLUMINATION,INJURY_COUNT,INTERSECT_TYPE,INTERSECTION_RELATED,LANE_CLOSED,LATITUDE,LN_CLOSE_DIR,LOCATION_TYPE,LONGITUDE,MAX_SEVERITY_LEVEL,MCYCLE_DEATH_COUNT,MCYCLE_SUSP_SERIOUS_INJ_COUNT,MOTORCYCLE_COUNT,MUNICIPALITY,NONMOTR_COUNT,NONMOTR_DEATH_COUNT,NONMOTR_SUSP_SERIOUS_INJ_COUNT,NTFY_HIWY_MAINT,PED_COUNT,PED_DEATH_COUNT,PED_SUSP_SERIOUS_INJ_COUNT,PERSON_COUNT,POLICE_AGCY,POSSIBLE_INJ_COUNT,RDWY_SURF_TYPE_CD,RELATION_TO_ROAD,ROAD_CONDITION,ROADWAY_CLEARED,SCH_BUS_IND,SCH_ZONE_IND,SECONDARY_CRASH,SMALL_TRUCK_COUNT,SPEC_JURIS_CD,SUSP_MINOR_INJ_COUNT,SUSP_SERIOUS_INJ_COUNT,SUV_COUNT,TCD_FUNC_CD,TCD_TYPE,TFC_DETOUR_IND,TIME_OF_DAY,TOT_INJ_COUNT,TOTAL_UNITS,UNB_DEATH_COUNT,UNB_SUSP_SERIOUS_INJ_COUNT,UNBELTED_OCC_COUNT,UNK_INJ_DEG_COUNT,UNK_INJ_PER_COUNT,URBAN_AREA,URBAN_RURAL,VAN_COUNT,VEHICLE_COUNT,WEATHER1,WEATHER2,WORK_ZONE_IND,WORK_ZONE_LOC,WORK_ZONE_TYPE,WORKERS_PRES,WZ_CLOSE_DETOUR,WZ_FLAGGER,WZ_LAW_OFFCR_IND,WZ_LN_CLOSURE,WZ_MOVING,WZ_OTHER,WZ_SHLDER_MDN,WZ_WORKERS_INJ_KILLED
2007047566,1625.0,0,0,0,0,0,0,0,0,0,4,0,,67,3,2007,4,39.9563,-75.2135,1622.0,6,0,0,0,0,0,0,0,0,,0,0,0,16,1,1,1,,0,39 57:22.503,,0,75 12:48.657,4,0,0,0,67301,0,0,0,N,0,0,0,2,67301,1,,1,1,,N,N,,1,,0,0,0,3,3,,1620,1,2,0,0,0,0,1,3,4,1,2,3,,N,,,,,,,,,,,
2007047509,752.0,1,0,0,0,0,0,1,0,0,2,1,,67,2,2007,3,,,748.0,6,0,0,0,0,0,1,0,0,3.0,0,0,0,7,1,1,0,,2,,7.0,7,,8,0,0,0,67301,0,0,0,N,0,0,0,2,67301,0,,1,2,,Y,N,,0,,0,0,0,0,0,Y,701,1,2,0,0,1,1,0,3,3,0,2,98,,N,,,,,,,,,,,
2007047702,334.0,1,0,0,0,0,0,0,0,0,4,0,,67,2,2007,7,40.0088,-75.1224,332.0,6,0,0,0,0,0,0,0,0,3.0,0,0,0,3,3,1,0,,1,40 00:31.716,1.0,0,75 07:20.567,3,0,0,0,67301,0,0,0,N,0,0,0,2,67301,0,,2,6,,N,N,,1,,1,0,0,0,0,N,330,1,5,0,0,0,0,1,3,4,0,5,10,,N,,,,,,,,,,,
2007066347,1545.0,1,0,0,0,0,0,0,0,0,4,0,,67,4,2007,4,39.9198,-75.1883,9999.0,6,0,0,0,0,0,0,0,0,,0,0,0,15,1,0,2,,0,39 55:11.208,,0,75 11:17.768,0,0,0,0,67301,0,0,0,,0,0,0,2,67301,0,,1,9,,,,,0,,0,0,1,3,2,,1538,0,2,0,0,0,0,0,3,4,0,2,7,,N,,,,,,,,,,,
2007056584,2105.0,2,0,0,0,0,0,0,0,0,1,0,,67,3,2007,5,40.0153,-75.1553,9999.0,6,0,0,0,0,0,0,0,0,,0,0,0,21,3,3,2,,0,40 00:55.000,,0,75 09:18.906,8,0,0,0,67301,0,0,0,N,0,0,0,4,67301,0,,1,1,,N,N,,0,,0,0,0,3,2,,2103,3,2,0,0,0,3,0,3,4,0,2,3,,N,,,,,,,,,,,
2007056585,2049.0,0,0,0,0,0,0,0,0,0,7,0,,67,3,2007,4,,,2047.0,6,0,0,0,0,0,0,0,0,,0,0,0,20,3,1,0,,0,,,0,,8,0,0,0,67301,0,0,0,N,0,0,0,1,67301,0,,4,1,,N,N,,0,,0,0,0,0,0,,2034,1,1,0,0,1,1,0,3,3,1,1,3,,N,,,,,,,,,,,
2007056507,650.0,1,0,0,0,0,0,0,0,0,1,0,,67,4,2007,6,39.9389,-75.1596,645.0,6,0,0,0,0,1,0,0,0,,0,0,0,6,1,0,0,,0,39 56:19.975,,0,75 09:34.437,0,0,0,0,67301,0,0,0,N,0,0,0,1,67301,0,,1,1,,N,N,,0,,0,0,0,0,0,,640,0,2,0,0,0,0,0,3,4,1,2,3,,N,,,,,,,,,,,
2007057427,2030.0,1,0,0,0,0,0,0,0,0,1,0,,67,4,2007,1,39.8946,-75.2367,2025.0,6,0,0,0,0,0,0,0,0,,0,0,0,20,3,4,1,,0,39 53:40.000,,0,75 14:12.181,8,0,0,0,67301,0,0,0,N,0,0,0,6,67301,0,,1,1,,N,N,,0,,0,0,1,3,2,,2020,4,2,0,0,0,4,0,3,4,0,2,3,,N,,,,,,,,,,,
2007057431,1850.0,1,0,0,1,0,0,0,0,0,4,0,,67,4,2007,6,40.0215,-75.0518,1845.0,6,0,0,0,0,0,0,0,0,,0,0,0,99,1,1,1,,0,40 01:17.505,,0,75 03:06.381,4,0,0,0,67301,1,0,0,N,0,0,0,2,67301,1,,1,1,,N,N,,0,,0,0,0,3,2,,9999,1,2,0,0,0,0,0,3,4,0,1,3,,N,,,,,,,,,,,
2007067306,1205.0,0,0,0,0,0,0,0,0,0,8,0,,67,5,2007,4,40.0355,-75.1307,1158.0,6,0,0,0,0,0,0,0,0,,0,0,0,11,1,1,0,,0,40 02:07.792,,0,75 07:50.631,4,0,0,0,67301,1,0,0,N,1,0,0,2,67301,1,,1,1,,N,N,,0,,0,0,0,0,0,,1155,1,2,0,0,0,0,0,3,4,1,1,10,,N,,,,,,,,,,,
2007067315,1520.0,1,0,0,0,0,0,0,0,0,5,0,,67,5,2007,3,39.9614,-75.2368,1515.0,6,0,0,0,0,0,1,0,0,,0,0,0,15,1,1,2,,0,39 57:41.000,,0,75 14:12.682,4,0,0,0,67301,0,0,0,,0,0,0,3,67301,1,,1,1,,,,,0,,0,0,0,0,0,,1510,1,2,0,0,0,0,0,3,4,1,2,3,,N,,,,,,,,,,,
2007067167,2238.0,1,0,0,0,0,0,0,0,0,1,0,,67,5,2007,1,40.0523,-75.0681,2237.0,6,0,0,0,0,0,0,0,0,2.0,0,0,0,22,3,1,0,,2,40 03:08.000,3.0,0,75 04:05.053,4,0,0,0,67301,0,0,0,N,0,0,0,2,67301,1,,6,1,,N,Y,,0,,0,0,0,0,0,Y,2236,1,2,0,0,0,0,0,3,4,1,2,3,,N,,,,,,,,,,,
2007067226,1248.0,2,0,0,0,0,0,0,0,0,2,0,,67,5,2007,2,39.9765,-75.1133,1240.0,6,0,0,0,0,0,0,0,0,1.0,0,0,0,12,1,3,2,,1,39 58:36.000,2.0,0,75 06:47.556,4,0,0,0,67301,0,0,0,N,0,0,0,3,67301,2,,1,1,,N,N,,0,,0,0,0,3,2,N,1235,3,2,0,0,0,1,0,3,4,0,2,3,,N,,,,,,,,,,,
2007099076,18.0,0,0,0,1,0,0,0,0,0,4,0,,67,8,2007,6,40.0334,-75.1312,11.0,6,0,0,0,0,0,0,0,0,,0,0,0,0,3,1,1,,0,40 02:00.178,,0,75 07:52.165,8,0,0,0,67301,1,0,0,N,0,0,0,3,67301,0,,1,9,,N,N,,1,,0,0,0,0,0,,11,1,2,0,0,0,1,0,3,4,0,1,7,,N,,,,,,,,,,,
2007099109,1121.0,1,0,0,0,0,0,0,0,0,1,0,,67,7,2007,2,40.0411,-75.1295,1111.0,6,0,0,0,0,0,1,0,0,,0,0,0,11,1,3,1,,0,40 02:27.780,,0,75 07:46.232,4,0,0,0,67301,0,0,0,N,0,0,0,3,67301,3,,1,1,,N,N,,0,,0,0,0,3,2,,1106,3,2,0,0,0,0,0,3,4,1,2,3,,N,,,,,,,,,,,
2007067135,1643.0,0,0,0,0,0,0,0,0,0,7,0,,67,5,2007,5,39.9857,-75.2226,1640.0,6,0,0,0,0,0,0,0,0,1.0,0,0,0,16,1,2,0,,1,39 59:08.400,2.0,0,75 13:21.200,3,0,0,0,67301,0,0,0,N,0,0,0,2,67301,1,,4,1,,N,N,,0,,1,0,0,3,3,N,1638,2,1,0,0,0,0,0,3,4,1,1,3,,N,,,,,,,,,,,
2007099164,1022.0,2,0,0,0,0,0,0,0,0,4,0,,67,9,2007,2,39.9604,-75.2411,1021.0,6,0,0,0,0,0,1,0,0,,0,0,0,10,1,2,1,,0,39 57:37.000,,0,75 14:27.759,4,0,0,0,67301,0,0,0,,0,0,0,6,67301,2,,1,1,,,,,0,,0,0,0,3,2,,1017,2,2,0,0,0,0,0,3,4,0,2,3,,N,,,,,,,,,,,
2007029579,831.0,1,0,0,0,0,0,0,0,0,7,0,,67,1,2007,6,40.0043,-75.1014,829.0,6,0,0,0,1,0,0,0,0,,0,0,0,8,1,0,0,,0,40 00:15.541,,0,75 06:05.000,0,0,0,0,67301,0,0,0,N,0,0,0,1,67301,0,,6,9,,N,N,,0,,0,0,0,0,0,,828,0,1,0,0,0,0,0,3,4,0,1,7,,N,,,,,,,,,,,
2007095111,1037.0,1,0,0,0,0,0,0,0,0,8,0,,67,8,2007,3,39.9445,-75.1566,1033.0,6,0,0,0,0,0,0,0,0,,0,0,0,99,1,1,1,,0,39 56:40.218,,0,75 09:23.900,4,0,0,0,67301,1,0,0,N,1,0,0,2,67301,1,,1,1,,N,N,,0,,0,0,0,0,0,,9999,1,2,0,0,0,0,0,3,4,0,1,3,,N,,,,,,,,,,,
2007095283,1640.0,3,0,0,0,0,0,0,0,0,1,0,,67,8,2007,6,40.0475,-75.0919,1636.0,6,0,0,0,0,0,1,0,0,,0,0,0,16,1,1,1,,0,40 02:50.000,,0,75 05:30.725,4,0,0,0,67301,0,0,0,N,0,0,0,3,67301,1,,1,1,,N,N,,0,,0,0,0,3,2,,1630,1,3,0,0,0,0,1,3,4,0,3,3,,N,,,,,,,,,,,
2007095286,1029.0,1,0,0,0,0,0,0,0,0,4,0,,67,8,2007,5,40.0746,-75.0351,1027.0,6,0,0,0,0,0,1,0,0,,0,0,0,99,1,1,1,,0,40 04:28.000,,0,75 02:06.268,3,0,0,1,67301,0,0,0,N,0,0,0,2,67301,0,,1,1,,N,N,,0,,1,0,0,3,2,,9999,1,2,0,0,0,0,0,3,4,0,2,3,,N,,,,,,,,,,,
2007125763,1355.0,1,0,0,0,0,0,0,0,0,4,0,,67,10,2007,2,40.0809,-75.0288,1355.0,6,0,0,0,0,0,0,0,0,1.0,0,0,0,13,1,0,1,,2,40 04:51.000,7.0,0,75 01:43.230,0,0,0,0,67301,0,0,0,N,0,0,0,2,67301,0,,1,1,,N,N,,0,,0,0,1,3,2,N,1355,0,2,0,0,0,0,0,3,4,0,2,3,,N,,,,,,,,,,,
2007095033,1807.0,1,0,0,0,0,0,0,0,0,1,0,,67,8,2007,3,39.9215,-75.1769,1802.0,6,0,0,0,0,0,0,0,0,,0,0,0,17,1,3,2,,0,39 55:17.374,,0,75 10:36.926,8,0,0,0,67301,0,0,0,N,0,0,0,5,67301,0,,1,9,,N,N,,0,,0,0,2,3,2,,1745,3,3,0,0,0,3,0,3,4,0,3,7,,N,,,,,,,,,,,
2007095083,1507.0,2,0,0,0,0,0,0,0,0,4,0,,67,8,2007,6,40.0971,-75.0182,1505.0,6,0,0,0,0,0,1,1,0,,0,0,0,15,1,1,1,,0,40 05:49.711,,0,75 01:05.375,4,0,0,0,67301,0,0,0,N,0,0,0,3,67301,1,,1,1,,N,N,,0,,0,0,0,3,2,,1505,1,2,0,0,0,0,0,3,4,0,2,3,,N,,,,,,,,,,,
2007107080,933.0,3,0,0,0,0,0,0,0,0,1,0,,67,9,2007,4,39.9955,-75.2279,917.0,6,0,0,0,0,0,2,0,0,1.0,0,0,0,9,1,2,0,,2,39 59:43.652,5.0,7,75 13:40.321,4,0,0,0,67301,0,0,0,N,0,0,0,3,67301,2,,1,1,,N,N,,0,,0,0,0,0,0,N,900,2,3,0,0,1,0,0,3,4,0,3,3,,N,,,,,,,,,,,
2007080477,655.0,2,0,0,0,0,0,0,0,0,2,0,,67,6,2007,4,40.0493,-75.0679,651.0,6,0,0,0,0,0,0,0,1,1.0,0,0,0,6,1,2,2,,1,40 02:57.000,2.0,0,75 04:04.310,8,0,0,0,67301,0,0,0,N,0,0,0,2,67301,0,,1,1,,N,N,,0,,0,0,0,3,2,N,645,2,2,0,0,0,2,0,3,4,0,2,3,,N,,,,,,,,,,,
2007080483,1109.0,2,0,0,0,0,0,0,0,0,5,0,,67,6,2007,2,40.0687,-75.0673,1104.0,6,0,0,0,0,0,0,1,0,,0,0,0,10,1,0,2,,0,40 04:07.000,,0,75 04:02.423,0,0,0,0,67301,0,0,0,N,0,0,0,1,67301,0,,2,9,,N,N,,0,,0,0,0,0,0,,1045,0,2,0,0,0,0,0,3,4,0,2,7,,N,,,,,,,,,,,
2007080497,1756.0,1,0,0,0,0,0,0,0,0,8,0,,67,6,2007,2,39.9876,-75.1839,1751.0,6,0,0,0,0,1,0,0,0,,0,0,0,17,1,1,1,,0,39 59:15.514,,0,75 11:02.111,3,0,0,0,67301,1,0,0,N,1,0,0,2,67301,0,,1,1,,N,N,,0,,1,0,0,0,0,,1746,1,2,0,0,0,0,0,3,4,0,1,3,,N,,,,,,,,,,,
2007075227,1407.0,0,0,0,0,0,0,0,0,0,0,1,,67,6,2007,5,39.9554,-75.1479,1405.0,6,0,0,0,0,0,0,0,0,3.0,0,1,0,14,1,0,0,,2,39 57:19.381,4.0,0,75 08:52.659,0,0,0,0,67301,0,0,0,N,0,0,0,2,67501,0,,1,1,,N,N,,0,,0,0,0,9,2,Y,1405,0,1,0,0,0,0,0,3,4,0,1,3,,N,,,,,,,,,,,
2007030304,616.0,2,0,0,0,0,0,0,0,0,4,0,,67,1,2007,6,40.0176,-75.1724,604.0,6,0,0,0,0,0,0,0,1,2.0,0,0,0,6,2,2,0,,1,40 01:03.000,1.0,0,75 10:20.363,4,0,0,0,67301,0,0,0,Y,0,0,0,5,67301,2,,1,1,,N,N,,0,,0,0,1,0,0,Y,604,2,3,0,0,0,0,0,3,4,0,3,3,,N,,,,,,,,,,,
2007027920,930.0,5,0,0,0,0,0,0,0,0,1,0,,67,1,2007,6,39.9907,-75.2045,924.0,6,0,0,0,0,0,0,0,0,,0,0,0,9,1,1,0,,0,39 59:28.930,,0,75 12:11.557,4,0,0,0,67301,0,0,0,,0,0,0,5,67301,1,,1,9,,,,,0,,0,0,0,0,0,,924,1,5,0,0,0,0,0,3,4,0,5,3,,N,,,,,,,,,,,
2007112087,1930.0,0,0,0,0,0,0,0,0,0,8,0,,67,9,2007,7,39.9618,-75.2245,1930.0,6,0,0,0,0,0,1,0,0,,0,0,0,19,3,1,0,,0,39 57:42.246,,0,75 13:28.208,4,0,0,0,67301,1,0,0,,1,0,0,2,67301,1,,1,1,,N,N,,0,,0,0,0,0,0,,1925,1,2,0,0,0,0,0,3,4,1,1,3,,N,,,,,,,,,,,
2007023176,1420.0,0,0,0,0,0,0,1,0,0,8,1,,67,1,2007,1,40.0836,-75.0264,1416.0,6,0,0,0,0,0,1,0,0,,0,0,0,14,1,1,2,,0,40 05:01.000,,0,75 01:34.921,8,0,0,0,67301,1,0,0,,1,0,0,2,67301,0,,1,1,,N,N,,0,,0,0,0,3,2,,1410,1,2,0,0,0,1,0,3,4,0,1,3,,N,,,,,,,,,,,
2007023808,1826.0,1,0,0,0,0,0,0,0,0,1,0,,67,2,2007,1,40.0003,-75.2285,9999.0,6,0,0,0,0,0,0,0,0,,0,0,0,18,3,1,0,,0,40 00:04.000,,0,75 13:34.620,8,0,0,0,67301,0,0,0,N,0,0,0,4,46104,0,,1,9,,N,N,,0,,0,0,1,3,2,,1824,1,2,0,0,0,1,0,3,4,0,2,10,,N,,,,,,,,,,,
2007112111,1159.0,1,0,0,0,0,0,0,0,0,1,0,,67,9,2007,2,39.9172,-75.1531,1657.0,6,0,0,0,0,0,0,0,0,,0,0,0,11,1,0,0,,0,39 55:01.743,,0,75 09:11.239,0,0,0,0,67301,0,0,0,N,0,0,0,1,67301,0,,6,1,,N,N,,0,,0,0,0,0,0,,1150,0,2,0,0,0,0,0,3,4,1,2,3,,N,,,,,,,,,,,
2007047517,830.0,1,0,0,0,0,0,0,0,0,2,0,,67,2,2007,4,40.0699,-75.1572,825.0,6,0,0,0,0,0,0,0,0,,0,0,0,7,1,2,1,,0,40 04:11.773,,0,75 09:25.779,4,0,0,0,67301,0,0,0,N,0,0,0,4,67301,2,,1,7,,N,N,,0,,0,0,1,3,2,,740,2,2,0,0,0,0,0,3,4,0,2,9,,N,,,,,,,,,,,
2007047729,1530.0,1,0,0,0,0,0,0,0,0,7,0,,67,3,2007,4,40.0413,-75.1067,1520.0,6,0,0,0,0,0,0,0,1,,0,0,0,15,1,1,1,,0,40 02:28.000,,0,75 06:24.127,3,0,0,0,67301,0,0,0,N,0,0,0,1,67301,0,,4,1,,N,N,,0,,1,0,0,0,0,,1518,1,1,0,0,0,0,0,3,4,0,1,3,,N,,,,,,,,,,,
2007076019,1817.0,0,0,0,0,0,0,0,0,0,7,0,,67,6,2007,6,39.9502,-75.1834,1807.0,6,0,0,0,0,0,0,0,0,1.0,0,0,0,18,1,1,0,,2,39 57:06.000,4.0,0,75 10:56.749,3,0,0,1,67301,0,0,0,N,0,0,0,1,68K01,0,,2,1,,N,N,,0,,1,0,0,0,0,N,1803,1,1,0,0,0,0,0,3,4,0,1,3,,N,,,,,,,,,,,
2007067854,312.0,2,0,0,0,0,0,0,0,0,4,0,,67,5,2007,1,39.9585,-75.1439,310.0,6,0,0,0,0,0,0,0,0,1.0,0,0,0,2,3,1,1,,1,39 57:30.672,1.0,0,75 08:37.985,8,0,0,0,67301,0,0,0,,0,0,0,2,67301,0,,1,1,,,,,0,,0,0,0,9,3,N,250,1,2,0,0,0,1,0,3,4,0,2,3,,N,,,,,,,,,,,
2007106759,9999.0,3,0,0,0,0,0,0,0,0,1,0,,67,9,2007,3,40.0826,-74.966,,6,0,0,0,0,0,0,0,0,,0,0,0,99,1,1,1,,0,40 04:57.327,,0,74 57:57.675,4,0,0,0,67301,0,0,0,N,0,0,0,6,67301,1,,1,1,,N,N,,0,,0,0,1,3,2,,9999,1,4,0,0,0,0,1,3,4,0,4,3,,N,,,,,,,,,,,
2007106800,1725.0,1,0,0,0,0,0,0,0,0,7,0,,67,8,2007,4,40.0198,-75.1435,1723.0,6,0,0,0,0,0,0,0,0,,0,0,0,17,1,1,7,,0,40 01:11.000,,8,75 08:36.668,4,0,0,0,67301,0,0,0,N,0,0,0,1,67301,1,,2,1,,N,N,,0,,0,0,0,0,0,,1715,1,1,0,0,0,0,0,3,4,0,1,3,,N,,,,,,,,,,,
2007107031,1645.0,1,0,0,1,0,0,0,0,0,4,0,,67,9,2007,5,39.9415,-75.235,1637.0,6,0,0,0,0,0,0,0,0,,0,0,0,16,1,1,2,,0,39 56:29.000,,0,75 14:06.178,4,0,0,0,67301,1,0,0,N,0,0,0,2,67301,1,,1,1,,N,N,,0,,0,0,0,3,2,,1600,1,2,0,0,0,0,1,3,4,0,1,3,,N,,,,,,,,,,,
2007047787,1530.0,2,0,0,0,0,0,0,0,0,4,0,,67,2,2007,1,39.9438,-75.2379,1527.0,6,0,0,0,0,0,0,0,0,,0,0,0,15,1,0,1,,0,39 56:37.680,,0,75 14:16.080,9,0,0,0,67301,0,0,0,N,0,0,0,2,67301,0,,1,6,,N,N,,0,,0,0,0,3,2,,1515,0,2,0,0,0,0,1,3,4,0,2,9,,N,,,,,,,,,,,
2007047831,1830.0,1,0,0,0,0,0,0,0,0,4,0,,67,2,2007,1,40.0546,-75.125,1815.0,6,0,0,0,0,0,0,0,0,,0,0,0,18,3,5,1,,0,40 03:16.000,,0,75 07:29.497,8,0,0,0,67301,0,0,0,N,0,0,0,8,67301,0,,1,1,,N,N,,0,,0,0,0,2,2,,1807,5,2,0,0,0,5,0,3,4,1,2,3,,N,,,,,,,,,,,
2007047840,1040.0,0,0,0,0,0,0,0,0,0,8,0,,67,3,2007,5,39.9503,-75.1473,1038.0,6,0,0,0,0,0,1,0,0,1.0,0,0,0,99,1,1,1,,2,39 57:01.000,3.0,0,75 08:50.141,8,0,0,0,67301,1,0,0,,1,0,0,2,67301,0,,1,1,,,,,0,,0,0,1,3,2,Y,9999,1,2,0,0,0,1,0,3,4,0,1,3,,N,,,,,,,,,,,
2007047859,1820.0,1,0,0,1,0,0,0,0,0,4,0,,67,3,2007,3,39.9968,-75.0714,1817.0,6,0,0,0,0,0,0,0,0,,0,0,0,18,6,1,0,,0,39 59:48.300,,0,75 04:17.079,4,0,0,0,67301,1,0,0,N,0,0,0,2,67301,1,,4,1,,N,N,,0,,0,0,0,0,0,,1806,1,2,0,0,0,0,0,3,4,0,1,99,,N,,,,,,,,,,,
2007066331,1603.0,0,0,0,0,0,0,0,0,0,8,0,,67,5,2007,2,40.0429,-75.1043,1554.0,6,0,0,0,0,0,0,0,0,,0,0,0,15,1,1,10,,0,40 02:34.000,,0,75 06:15.534,8,0,0,0,67301,1,0,0,N,1,0,0,2,67301,0,,1,1,,Y,Y,,1,,0,0,0,9,8,,1553,1,2,0,0,0,1,0,3,4,0,1,3,,N,,,,,,,,,,,
2007058640,2112.0,0,0,0,0,0,0,0,0,0,5,0,,67,4,2007,1,40.0173,-75.2093,2108.0,6,0,0,0,0,0,0,0,0,2.0,0,0,0,21,2,0,0,,2,40 01:02.100,6.0,0,75 12:33.616,0,0,0,0,67301,0,0,0,N,0,0,0,1,67301,0,,1,1,,N,N,,1,,0,0,1,0,0,Y,2107,0,2,0,0,0,0,0,3,4,0,2,3,,N,,,,,,,,,,,
2007056606,1505.0,2,0,0,0,0,0,0,0,0,4,0,,67,3,2007,4,40.0455,-75.0883,1505.0,6,0,0,0,0,0,0,0,0,,0,0,0,15,1,1,0,,0,40 02:43.000,,0,75 05:17.868,8,0,0,0,67301,0,0,0,N,0,0,0,3,67301,0,,1,1,,N,N,,0,,0,0,0,0,0,,1500,1,2,0,0,0,1,0,3,4,0,2,3,,N,,,,,,,,,,,
2007048843,1455.0,0,0,0,0,0,0,0,0,0,5,0,,67,2,2007,6,40.042,-75.075,1452.0,6,0,0,0,0,0,0,0,0,,0,0,0,14,1,1,0,,0,40 02:31.000,,0,75 04:29.973,4,0,0,0,67301,0,0,0,N,0,0,0,2,67301,1,,1,9,,N,N,,1,,0,0,0,0,0,,1445,1,2,0,0,0,0,0,3,4,1,2,98,,N,,,,,,,,,,,
2007056488,227.0,2,0,0,0,0,0,0,0,0,2,0,,67,4,2007,1,39.9607,-75.237,9999.0,6,0,0,0,1,0,0,0,0,2.0,0,0,0,23,3,1,1,,2,39 57:38.541,1.0,0,75 14:13.174,8,0,0,0,67301,0,0,0,N,0,0,0,4,67301,0,,1,9,,N,N,,0,,0,0,0,3,3,Y,2300,1,2,0,0,0,1,0,3,4,0,2,7,,N,,,,,,,,,,,
2007057483,835.0,2,0,0,0,0,0,0,0,0,4,0,,67,4,2007,6,39.986,-75.0972,830.0,6,0,0,0,0,1,0,0,0,,0,0,0,8,1,1,1,,0,39 59:09.639,,0,75 05:49.923,8,0,0,0,67301,0,0,0,N,0,0,0,2,67301,0,,1,1,,N,N,,0,,0,0,0,2,3,,820,1,2,0,0,0,1,1,3,4,0,2,3,,N,,,,,,,,,,,
2007067257,1805.0,1,0,0,1,0,0,0,0,0,1,0,,67,5,2007,2,39.9944,-75.1214,1755.0,6,0,0,0,0,0,0,0,0,,0,0,0,17,1,1,1,,0,39 59:39.700,,0,75 07:17.200,4,0,0,0,67301,1,0,0,N,0,0,0,2,67301,1,,1,1,,N,N,,0,,0,0,0,0,0,,1750,1,2,0,0,0,0,1,3,4,0,1,3,,N,,,,,,,,,,,
2007067322,842.0,2,0,0,0,0,0,0,0,0,5,0,,67,5,2007,3,39.9583,-75.2172,839.0,6,0,0,0,0,0,0,0,0,,0,0,0,18,1,2,1,,0,39 57:29.700,,0,75 13:01.800,8,0,0,0,67301,0,0,0,,0,0,0,3,67301,0,,1,1,,,,,0,,0,0,0,9,3,,1820,2,2,0,0,0,2,1,3,4,0,2,3,,N,,,,,,,,,,,
2007067386,1638.0,2,0,0,0,0,0,0,0,0,1,0,,67,5,2007,3,39.9696,-75.2247,1640.0,6,0,0,0,0,0,0,0,0,,0,0,0,16,1,2,0,,0,39 58:10.500,,0,75 13:29.000,4,0,0,0,67301,0,0,0,N,0,0,0,2,67301,2,,1,1,,N,N,,0,,0,0,0,0,0,,1638,2,2,0,0,0,0,0,3,4,0,2,3,,N,,,,,,,,,,,
2007067387,810.0,0,0,0,0,0,0,0,0,0,1,0,,67,5,2007,6,39.9075,-75.2233,757.0,6,0,0,0,0,0,0,0,0,1.0,0,0,0,7,1,1,0,,1,39 54:31.000,3.0,0,75 13:22.802,8,0,0,0,67301,0,0,0,,0,0,0,2,67301,0,,1,1,,,,,2,,0,0,0,0,0,N,733,1,2,0,0,0,1,0,3,4,0,2,3,,N,,,,,,,,,,,
2007067188,25.0,1,0,0,0,0,0,0,0,0,8,0,,67,4,2007,6,39.9528,-75.2203,25.0,6,0,0,0,0,0,0,0,0,,0,0,0,0,3,1,0,,0,39 57:09.900,,0,75 13:13.200,8,0,0,0,67301,1,0,0,N,1,0,0,2,67301,0,,1,9,,N,N,,0,,0,0,0,9,3,,11,1,2,0,0,0,1,1,3,4,0,1,7,,N,,,,,,,,,,,
2007057200,1525.0,1,0,0,0,0,0,0,0,0,4,0,,67,4,2007,2,39.9959,-75.1821,1519.0,6,0,0,0,0,0,0,0,0,,0,0,0,15,1,1,1,,0,39 59:45.196,,0,75 10:55.556,8,0,0,1,67301,0,0,0,N,0,0,0,2,67301,0,,1,1,,N,N,,0,,0,0,0,9,3,,1517,1,2,0,0,0,1,0,3,4,0,2,3,,N,,,,,,,,,,,
2007099072,1735.0,0,0,0,0,0,0,0,0,0,8,0,,67,8,2007,6,39.994,-75.1458,1731.0,6,0,0,0,0,0,0,0,0,,0,0,0,17,1,1,2,,0,39 59:38.479,,0,75 08:45.005,2,0,0,0,67301,1,0,1,,1,0,1,2,67301,0,,1,98,,N,N,,0,,0,1,0,0,0,,1725,1,2,0,0,0,0,0,3,4,1,1,7,,N,,,,,,,,,,,
2007099073,1700.0,0,0,0,0,0,0,0,0,0,4,1,,67,8,2007,5,40.0204,-75.1401,1652.0,6,0,0,0,0,0,1,0,0,,0,1,0,16,1,5,1,,0,40 01:13.458,,0,75 08:24.453,4,0,0,0,67301,0,0,0,,0,0,0,6,67301,3,,1,1,,,,,0,,0,0,1,9,3,,1645,5,2,0,0,0,2,0,3,4,0,2,3,,N,,,,,,,,,,,