CRN,ARRIVAL_TM,AUTOMOBILE_COUNT,BELTED_DEATH_COUNT,BELTED_SUSP_SERIOUS_INJ_COUNT,BICYCLE_COUNT,BICYCLE_DEATH_COUNT,BICYCLE_SUSP_SERIOUS_INJ_COUNT,BUS_COUNT,CHLDPAS_DEATH_COUNT,CHLDPAS_SUSP_SERIOUS_INJ_COUNT,COLLISION_TYPE,COMM_VEH_COUNT,CONS_ZONE_SPD_LIM,COUNTY,CRASH_MONTH,CRASH_YEAR,DAY_OF_WEEK,DEC_LAT,DEC_LONG,DISPATCH_TM,DISTRICT,DRIVER_COUNT_16YR,DRIVER_COUNT_17YR,DRIVER_COUNT_18YR,DRIVER_COUNT_19YR,DRIVER_COUNT_20YR,DRIVER_COUNT_50_64YR,DRIVER_COUNT_65_74YR,DRIVER_COUNT_75PLUS,EST_HRS_CLOSED,FATAL_COUNT,HEAVY_TRUCK_COUNT,HORSE_BUGGY_COUNT,HOUR_OF_DAY,ILLUMINATION,INJURY_COUNT,INTERSECT_TYPE,INTERSECTION_RELATED,LANE_CLOSED,LATITUDE,LN_CLOSE_DIR,LOCATION_TYPE,LONGITUDE,MAX_SEVERITY_LEVEL,MCYCLE_DEATH_COUNT,MCYCLE_SUSP_SERIOUS_INJ_COUNT,MOTORCYCLE_COUNT,MUNICIPALITY,NONMOTR_COUNT,NONMOTR_DEATH_COUNT,NONMOTR_SUSP_SERIOUS_INJ_COUNT,NTFY_HIWY_MAINT,PED_COUNT,PED_DEATH_COUNT,PED_SUSP_SERIOUS_INJ_COUNT,PERSON_COUNT,POLICE_AGCY,POSSIBLE_INJ_COUNT,RDWY_SURF_TYPE_CD,RELATION_TO_ROAD,ROAD_CONDITION,ROADWAY_CLEARED,SCH_BUS_IND,SCH_ZONE_IND,SECONDARY_CRASH,SMALL_TRUCK_COUNT,SPEC_JURIS_CD,SUSP_MINOR_INJ_COUNT,SUSP_SERIOUS_INJ_COUNT,SUV_COUNT,TCD_FUNC_CD,TCD_TYPE,TFC_DETOUR_IND,TIME_OF_DAY,TOT_INJ_COUNT,TOTAL_UNITS,UNB_DEATH_COUNT,UNB_SUSP_SERIOUS_INJ_COUNT,UNBELTED_OCC_COUNT,UNK_INJ_DEG_COUNT,UNK_INJ_PER_COUNT,URBAN_AREA,URBAN_RURAL,VAN_COUNT,VEHICLE_COUNT,WEATHER1,WEATHER2,WORK_ZONE_IND,WORK_ZONE_LOC,WORK_ZONE_TYPE,WORKERS_PRES,WZ_CLOSE_DETOUR,WZ_FLAGGER,WZ_LAW_OFFCR_IND,WZ_LN_CLOSURE,WZ_MOVING,WZ_OTHER,WZ_SHLDER_MDN,WZ_WORKERS_INJ_KILLED
2007099141,1518.0,2,0,0,0,0,0,1,0,0,1,1,,67,8,2007,3,40.11,-75.0252,1515.0,6,0,0,0,0,0,0,0,1,2.0,0,0,0,15,1,1,0,,2,40 06:35.000,2.0,0,75 01:30.666,8,0,0,0,67301,0,0,0,N,0,0,0,7,67301,0,,1,1,,N,N,,0,,0,0,0,0,0,Y,1503,1,3,0,0,0,1,0,3,4,0,3,3,,N,,,,,,,,,,,
2007099143,1847.0,0,0,0,1,0,0,0,0,0,6,0,,67,9,2007,7,39.9608,-75.1547,1846.0,6,0,0,0,0,0,0,0,0,,0,0,0,18,1,1,2,,0,39 57:38.754,,0,75 09:16.977,8,0,0,0,67301,1,0,0,N,0,0,0,2,67301,0,,1,1,,N,N,,1,,0,0,0,3,3,,1846,1,2,0,0,0,1,0,3,4,0,1,3,,N,,,,,,,,,,,
2007029561,1400.0,1,0,0,0,0,0,0,0,0,4,0,,67,1,2007,1,39.9929,-75.2145,1357.0,6,0,0,0,0,0,1,0,0,1.0,0,0,0,13,1,0,0,,2,39 59:34.441,7.0,0,75 12:52.256,0,0,0,0,67301,0,0,0,N,0,0,0,2,67301,0,,1,9,,N,N,,0,,0,0,1,0,0,Y,1355,0,2,0,0,0,0,0,3,4,0,2,7,,N,,,,,,,,,,,
2007120911,1900.0,1,0,0,0,0,0,0,0,0,7,0,,67,10,2007,1,39.9493,-75.1419,1853.0,6,0,0,0,0,0,0,0,0,,0,0,0,18,2,0,0,,0,39 56:56.000,,0,75 08:31.026,0,0,0,0,67301,0,0,0,,0,0,0,1,67301,0,,2,1,,N,N,,0,,0,0,0,0,0,,1853,0,1,0,0,0,0,0,3,4,0,1,3,,N,,,,,,,,,,,
2007099631,210.0,1,0,0,0,0,0,0,0,0,1,0,,67,8,2007,5,40.0269,-75.086,205.0,6,0,0,0,0,0,0,0,0,,0,0,0,2,3,0,0,,0,40 01:36.970,,0,75 05:09.715,0,0,0,0,67301,0,0,0,,0,0,0,1,67301,0,,2,1,,N,N,,0,,0,0,1,0,0,,203,0,2,0,0,0,0,0,3,4,0,2,3,,N,,,,,,,,,,,
2007092350,322.0,1,0,0,0,0,0,1,0,0,4,1,,67,7,2007,7,39.9379,-75.1667,9999.0,6,0,0,0,0,0,0,0,0,,0,0,0,3,3,3,1,,0,39 56:16.000,,0,75 10:00.162,8,0,0,0,67301,0,0,0,N,0,0,0,4,67301,0,,1,1,,N,N,,0,,0,0,0,3,2,,322,3,2,0,0,0,3,0,3,4,0,2,3,,N,,,,,,,,,,,
2007123414,9999.0,2,0,0,0,0,0,0,0,0,4,0,,67,10,2007,1,39.9672,-75.1694,9999.0,6,0,0,0,1,0,1,0,0,,0,0,0,99,3,1,2,,0,39 58:02.031,,0,75 10:09.706,4,0,0,0,67301,0,0,0,,0,0,0,3,67301,1,,1,1,,,,,0,,0,0,1,0,0,,9999,1,3,0,0,0,0,0,3,4,0,3,3,,N,,,,,,,,,,,
2007120617,1230.0,1,0,0,0,0,0,0,0,0,7,0,,67,10,2007,1,40.0492,-74.996,1223.0,6,0,0,0,0,0,0,0,0,,0,0,0,12,1,0,0,,0,40 02:57.000,,0,74 59:44.460,0,0,0,0,67301,0,0,0,Y,0,0,0,1,67301,0,,2,1,,N,N,,0,,0,0,0,0,0,,1218,0,1,0,0,1,0,0,3,4,0,1,3,,N,,,,,,,,,,,
2007107072,1723.0,2,0,0,0,0,0,0,0,0,2,0,,67,9,2007,4,40.0369,-75.1451,1722.0,6,0,0,0,0,0,0,0,0,,0,0,0,17,1,5,2,,0,40 02:12.000,,0,75 08:42.306,8,0,0,0,67301,0,0,0,N,0,0,0,5,67301,0,,1,1,,N,N,,0,,0,0,0,3,2,,1720,5,2,0,0,0,5,0,3,4,0,2,3,,N,,,,,,,,,,,
2007109651,1728.0,2,0,0,0,0,0,0,0,0,4,0,,67,9,2007,2,39.9982,-75.1013,1725.0,6,0,0,0,0,0,0,1,0,,0,0,0,17,1,1,1,,0,39 59:53.463,,0,75 06:04.518,4,0,0,0,67301,0,0,0,N,0,0,0,2,67301,1,,1,1,,N,N,,0,,0,0,0,9,3,,1715,1,2,0,0,0,0,0,3,4,0,2,3,,N,,,,,,,,,,,
2007120701,1859.0,1,0,0,0,0,0,0,0,0,2,0,,67,10,2007,7,40.0086,-75.0688,1859.0,6,0,0,0,0,0,0,0,1,,0,0,0,18,3,1,1,,0,40 00:31.000,,0,75 04:07.810,4,0,0,0,67301,0,0,0,N,0,0,0,3,67301,1,,1,9,,N,N,,0,,0,0,1,3,2,,1859,1,2,0,0,0,0,0,3,4,0,2,3,,N,,,,,,,,,,,
2007030337,2215.0,2,0,0,0,0,0,0,0,0,4,0,,67,2,2007,7,40.0745,-75.035,2211.0,6,0,0,0,0,0,0,0,0,,0,0,0,22,3,2,1,,0,40 04:28.000,,0,75 02:05.822,4,0,0,0,67301,0,0,0,N,0,0,0,2,67301,2,,1,1,,N,N,,0,,0,0,0,3,2,,2210,2,2,0,0,0,0,0,3,4,0,2,3,,N,,,,,,,,,,,
2007027887,1232.0,2,0,0,0,0,0,0,0,0,4,0,,67,1,2007,1,40.0856,-75.0318,1229.0,6,0,0,0,0,0,0,0,0,,0,0,0,12,3,0,0,,0,40 05:08.246,,0,75 01:54.534,0,0,0,0,67301,0,0,0,N,0,0,0,1,67301,0,,1,9,,N,N,,0,,0,0,0,0,0,,1221,0,3,0,0,1,0,0,3,4,1,3,7,,N,,,,,,,,,,,
2007027917,2250.0,1,0,0,0,0,0,0,0,0,7,0,,67,1,2007,4,39.9087,-75.1494,2247.0,6,0,0,0,0,0,0,0,0,1.0,0,0,0,22,3,1,0,,2,39 54:32.864,2.0,0,75 08:57.625,8,0,0,0,67301,0,0,0,N,0,0,0,1,67301,0,,2,1,,N,N,,0,,0,0,0,0,0,N,2243,1,1,0,0,0,1,0,3,4,0,1,3,,N,,,,,,,,,,,
2007027952,1920.0,1,0,0,0,0,0,0,0,0,8,0,,67,1,2007,4,40.0323,-75.0577,1912.0,6,0,0,0,0,0,1,0,0,,0,0,0,19,3,1,1,,0,40 01:56.132,,0,75 03:27.626,4,0,0,0,67301,2,0,0,N,2,0,0,3,67301,1,,1,1,,,,,0,,0,0,0,3,2,,1900,1,3,0,0,0,0,0,3,4,0,1,3,,N,,,,,,,,,,,
2007027968,1345.0,1,0,0,0,0,0,0,0,0,4,0,,67,1,2007,1,39.9538,-75.2201,1337.0,6,0,0,0,1,0,0,0,0,,0,0,0,13,1,0,1,,0,39 57:13.845,,0,75 13:12.349,0,0,0,0,67301,0,0,0,N,0,0,0,5,67301,0,,1,9,,N,N,,0,,0,0,1,3,2,,1330,0,2,0,0,5,0,0,3,4,0,2,7,,N,,,,,,,,,,,
2007117215,1338.0,1,0,0,0,0,0,0,0,0,1,0,,67,10,2007,3,39.9728,-75.1208,1328.0,6,0,0,0,0,0,0,0,0,1.0,0,0,0,13,1,1,3,,2,39 58:25.000,1.0,2,75 07:10.062,3,0,0,0,67301,0,0,0,,0,0,0,3,67301,0,,1,1,,N,N,,1,,1,0,0,0,0,N,1325,1,2,0,0,0,0,0,3,4,0,2,3,,N,,,,,,,,,,,
2007042466,2318.0,1,0,0,0,0,0,0,0,0,1,0,,67,3,2007,6,40.0103,-75.2071,2240.0,6,0,0,0,0,0,0,0,0,,0,0,0,22,3,0,0,,0,40 00:38.110,,0,75 12:27.173,0,0,0,0,67301,0,0,0,N,0,0,0,3,68K01,0,,1,1,,N,N,,0,,0,0,1,0,0,,2235,0,2,0,0,1,0,0,3,4,0,2,3,,N,,,,,,,,,,,
2007047637,1750.0,1,0,0,0,0,0,0,0,0,8,0,,67,3,2007,6,39.9477,-75.2356,1743.0,6,0,0,0,0,0,0,0,0,,0,0,0,17,1,1,0,,0,39 56:51.601,,0,75 14:08.203,4,0,0,0,67301,1,0,0,N,1,0,0,4,67301,1,,1,1,,N,N,,0,,0,0,0,0,0,,1740,1,2,0,0,0,0,0,3,4,0,1,3,,N,,,,,,,,,,,
2007067643,1300.0,2,0,0,0,0,0,0,0,0,4,0,,67,5,2007,4,39.9041,-75.2262,1255.0,6,0,0,0,0,0,0,0,0,,0,0,0,12,1,1,2,,0,39 54:14.630,,0,75 13:34.143,8,0,0,0,67301,0,0,0,N,0,0,0,3,67301,0,,1,1,,N,N,,0,,0,0,0,0,0,,1246,1,2,0,0,0,1,2,3,4,0,2,3,,N,,,,,,,,,,,
2007106781,1101.0,2,0,0,0,0,0,0,0,0,1,0,99.0,67,8,2007,5,39.8897,-75.2338,1056.0,6,0,0,0,0,1,0,0,0,,0,0,0,10,1,1,3,,0,39 53:23.000,,0,75 14:01.810,3,0,0,0,67301,0,0,0,N,0,0,0,2,67301,0,,1,1,,N,N,,0,,1,0,0,3,4,,1000,1,2,0,0,0,0,0,3,4,0,2,3,,Y,8.0,8.0,U,,,U,,,,,
2007067953,1525.0,2,0,0,0,0,0,0,0,0,4,0,,67,5,2007,7,39.9752,-75.2325,1520.0,6,0,0,0,0,0,0,0,0,,0,0,0,15,1,3,1,,0,39 58:30.700,,0,75 13:56.900,8,0,0,0,67301,0,0,0,N,0,0,0,3,67301,0,,1,1,,N,N,,0,,0,0,0,9,3,,1515,3,3,0,0,0,3,0,3,4,1,3,3,,N,,,,,,,,,,,
2007106808,917.0,2,0,0,0,0,0,0,0,0,4,0,,67,7,2007,1,39.982,-75.2391,913.0,6,0,0,0,0,0,1,0,0,3.0,0,0,0,9,1,2,0,,2,39 58:55.000,6.0,0,75 14:20.939,8,0,0,0,67301,0,0,0,N,0,0,0,3,67301,0,,1,1,,N,N,,0,,0,0,0,0,0,Y,910,2,2,0,0,0,2,0,3,4,0,2,3,,N,,,,,,,,,,,
2007047785,2150.0,2,0,0,0,0,0,0,0,0,5,0,,67,2,2007,2,39.921,-75.224,2135.0,6,0,0,0,0,0,0,0,0,,0,0,0,21,3,1,0,,0,39 55:15.600,,0,75 13:26.400,8,0,0,0,67301,0,0,0,N,0,0,0,2,67301,0,,1,1,,N,N,,0,,0,0,0,3,2,,2100,1,2,0,0,0,1,1,3,4,0,2,3,,N,,,,,,,,,,,
2007047804,1755.0,1,0,0,0,0,0,0,0,0,7,0,,67,2,2007,1,40.0086,-75.0688,1745.0,6,0,0,0,0,0,1,0,0,,0,0,0,17,1,1,0,,0,40 00:31.000,,0,75 04:07.561,8,0,0,0,67301,0,0,0,N,0,0,0,2,67301,0,,5,7,,N,N,,0,,0,0,0,0,0,,1740,1,1,0,0,0,1,0,3,4,0,1,10,,N,,,,,,,,,,,
2007045432,338.0,1,0,0,0,0,0,0,0,0,7,0,,67,3,2007,7,40.0266,-75.0958,333.0,6,0,0,0,0,0,0,0,0,,1,0,0,3,3,3,0,,0,40 01:35.000,,0,75 05:45.108,1,0,0,0,67301,0,0,0,N,0,0,0,4,67301,0,2.0,5,1,,N,N,,0,0.0,0,3,0,0,0,,330,3,1,0,0,0,0,0,3,4,0,1,3,,N,,,,,,,,,,,
2007093436,1305.0,1,0,0,0,0,0,1,0,0,5,1,,67,7,2007,6,40.0159,-75.187,1300.0,6,0,0,0,0,0,2,0,0,,0,0,0,13,1,3,1,,0,40 00:57.000,,0,75 11:13.339,8,0,0,0,67301,0,0,0,,0,0,0,4,67301,0,,1,1,,,,,0,,0,0,0,3,2,,1300,3,2,0,0,0,3,0,3,4,0,2,3,,N,,,,,,,,,,,
2007127644,5.0,4,0,0,0,0,0,0,0,0,1,0,,67,10,2007,6,40.043,-75.1811,1.0,6,0,0,0,0,0,1,0,0,9.0,0,0,0,21,3,0,0,,1,40 02:34.000,3.0,0,75 10:52.115,0,0,0,0,67301,0,0,0,N,0,0,0,1,67301,0,,1,9,,N,N,,0,,0,0,0,0,0,N,2130,0,4,0,0,0,0,0,3,4,0,4,7,,N,,,,,,,,,,,
2007125143,2000.0,1,0,0,0,0,0,0,0,0,8,0,,67,11,2007,3,40.0511,-75.0942,1955.0,6,0,0,0,0,0,0,0,0,,0,0,0,14,1,1,1,,0,40 03:03.000,,0,75 05:39.006,4,0,0,0,67301,1,0,0,N,1,0,0,2,67301,1,,1,1,,N,N,,0,,0,0,0,3,2,,1450,1,2,0,0,0,0,0,3,4,0,1,3,,N,,,,,,,,,,,
2007056128,1807.0,1,0,0,1,0,0,0,0,0,4,0,,67,5,2007,2,40.0014,-75.2261,1803.0,6,0,0,0,0,0,0,0,0,,0,0,0,18,1,1,0,,0,40 00:08.000,,0,75 13:25.947,4,0,0,0,67301,1,0,0,N,0,0,0,2,46104,1,,1,1,,N,N,,0,,0,0,0,0,0,,1801,1,2,0,0,1,0,0,3,4,0,1,3,,N,,,,,,,,,,,
2007058613,230.0,3,0,0,0,0,0,0,0,0,4,0,,67,3,2007,7,40.0108,-75.1266,230.0,6,0,0,0,0,0,0,0,0,,0,0,0,2,3,0,1,,0,40 00:38.808,,0,75 07:35.921,0,0,0,0,67301,0,0,0,,0,0,0,3,67301,0,,1,1,,,,,0,,0,0,0,0,0,,230,0,3,0,0,0,0,0,3,4,0,3,3,,N,,,,,,,,,,,
2007058663,841.0,2,0,0,0,0,0,0,0,0,4,0,,67,3,2007,6,39.9579,-75.2081,835.0,6,0,0,0,0,0,1,0,0,,0,0,0,8,1,1,1,,0,39 57:28.000,,0,75 12:29.166,4,0,0,0,67301,0,0,0,,0,0,0,2,67301,1,,1,1,,N,N,,0,,0,0,0,3,2,,831,1,2,0,0,0,0,0,3,4,0,2,3,,N,,,,,,,,,,,
2007051224,2035.0,1,0,0,0,0,0,0,0,0,6,0,,67,3,2007,3,40.0515,-75.1501,2031.0,6,0,0,0,0,0,1,0,0,,0,0,0,20,3,0,1,,0,40 03:05.000,,0,75 09:00.524,0,0,0,0,67301,0,0,0,N,0,0,0,3,67301,0,,1,1,,N,N,,0,,0,0,1,2,2,,2029,0,2,0,0,0,0,0,3,4,0,2,3,,N,,,,,,,,,,,
2007056508,1914.0,1,0,0,1,0,0,0,0,0,5,0,,67,4,2007,3,39.9522,-75.2408,1858.0,6,0,0,0,0,0,0,0,0,,0,0,0,18,1,1,1,,0,39 57:07.894,,0,75 14:26.897,4,0,0,0,67301,1,0,0,N,0,0,0,2,67301,1,,1,1,,N,N,,0,,0,0,0,3,2,,1858,1,2,0,0,1,0,0,3,4,0,1,3,,N,,,,,,,,,,,
2007067291,2259.0,3,0,0,0,0,0,0,0,0,1,0,,67,5,2007,6,40.0242,-75.1328,2243.0,6,0,0,0,0,0,0,0,0,2.0,0,0,0,22,3,0,10,,1,40 01:27.120,4.0,0,75 07:59.160,0,0,0,0,67301,0,0,0,N,0,0,0,9,67301,0,,1,1,,N,N,,0,,0,0,0,0,0,N,2243,0,3,0,0,0,0,0,3,4,0,3,3,,N,,,,,,,,,,,
2007067324,1212.0,0,0,0,0,0,0,0,0,0,4,0,,67,5,2007,1,39.9578,-75.1613,1206.0,6,0,0,0,0,0,0,0,0,1.0,0,0,0,12,1,1,0,,1,39 57:28.000,4.0,0,75 09:40.749,4,0,0,0,67301,0,0,0,N,0,0,0,2,67301,1,,1,1,,N,N,,0,,0,0,2,0,0,N,1206,1,2,0,0,0,0,0,3,4,0,2,3,,N,,,,,,,,,,,
2007067166,1328.0,1,0,0,0,0,0,0,0,0,8,0,,67,5,2007,7,40.0461,-75.0995,1325.0,6,0,0,0,0,0,1,0,0,,0,0,0,13,1,1,2,,0,40 02:45.000,,0,75 05:58.352,4,0,0,0,67301,1,0,0,N,1,0,0,2,67301,1,,1,1,,N,N,,0,,0,0,0,0,0,,1320,1,2,0,0,0,0,0,3,4,0,1,3,,N,,,,,,,,,,,
2007057341,1053.0,2,0,0,0,0,0,0,0,0,5,0,,67,4,2007,6,39.9688,-75.1362,1050.0,6,0,0,0,0,1,0,0,0,,0,0,0,10,1,1,1,,0,39 58:07.829,,0,75 08:10.292,8,0,0,0,67301,0,0,0,N,0,0,0,5,67301,0,,1,1,,N,N,,0,,0,0,0,3,2,,1045,1,2,0,0,0,1,0,3,4,0,2,3,,N,,,,,,,,,,,
2007067116,840.0,1,0,0,0,0,0,0,0,0,8,0,,67,5,2007,2,39.9185,-75.2259,833.0,6,0,0,0,0,0,0,0,0,,0,0,0,99,1,1,1,,0,39 55:06.000,,0,75 13:33.263,8,0,0,0,67301,1,0,0,N,1,0,0,2,67503,0,,2,1,,N,N,,0,,0,0,0,9,1,,9999,1,2,0,0,0,1,0,3,4,0,1,3,,N,,,,,,,,,,,
2007029270,2032.0,3,0,0,0,0,0,0,0,0,5,0,,67,1,2007,3,39.9193,-75.2315,2032.0,6,0,0,0,0,0,0,0,0,,0,0,0,20,3,0,1,,0,39 55:09.408,,0,75 13:53.500,0,0,0,0,67301,0,0,0,N,0,0,0,3,67301,0,,1,1,,N,N,,0,,0,0,1,3,2,,2032,0,5,0,0,1,0,0,3,4,1,5,3,,N,,,,,,,,,,,
2007029324,2200.0,1,0,0,0,0,0,0,0,0,1,0,,67,2,2007,7,40.0121,-75.1505,2146.0,6,0,0,0,0,0,0,0,0,,0,0,0,21,3,2,0,,0,40 00:43.000,,0,75 09:01.801,4,0,0,0,67301,0,0,0,,0,0,0,6,67301,1,,1,1,,N,N,,0,,0,0,1,3,2,,2130,2,2,0,0,4,1,2,3,4,0,2,3,,N,,,,,,,,,,,
2007100020,43.0,0,0,0,0,0,0,0,0,0,2,0,,67,8,2007,6,39.9418,-75.209,38.0,6,0,0,0,1,0,0,0,0,,0,0,0,23,3,1,0,,0,39 56:30.374,,0,75 12:32.443,8,0,0,1,67301,0,0,0,N,0,0,0,2,67301,0,,1,1,,N,N,,0,,0,0,1,0,0,,2354,1,2,0,0,0,1,1,3,4,0,2,3,,N,,,,,,,,,,,
2007099633,1320.0,1,0,0,0,0,0,0,0,0,8,0,,67,8,2007,4,40.012,-75.07,1317.0,6,0,0,0,0,0,0,0,0,,0,0,0,13,1,1,1,,0,40 00:43.000,,0,75 04:11.917,4,0,0,0,67301,1,0,0,N,1,0,0,2,67301,1,,1,1,,N,N,,0,,0,0,0,3,3,,1312,1,2,0,0,0,0,0,3,4,0,1,3,,N,,,,,,,,,,,
2007092756,2321.0,2,0,0,0,0,0,0,0,0,5,0,,67,6,2007,7,40.0153,-75.2081,2315.0,6,0,0,0,0,0,1,0,0,,0,0,0,20,3,2,3,,0,40 00:55.000,,0,75 12:30.236,4,0,0,0,67301,0,0,0,N,0,0,0,4,67301,2,,1,1,,N,N,,0,,0,0,0,2,2,,2020,2,2,0,0,1,0,0,3,4,0,2,3,,N,,,,,,,,,,,
2007090037,9999.0,1,0,0,0,0,0,0,0,0,8,0,,67,3,2007,7,39.9715,-75.1595,9999.0,6,0,0,0,0,0,0,0,0,,0,0,0,99,3,1,1,,0,39 58:17.040,,0,75 09:33.840,8,0,0,0,67301,1,0,0,,1,0,0,2,67301,0,,3,1,,N,N,,0,,0,0,0,9,2,,9999,1,2,0,0,0,1,0,3,4,0,1,3,,N,,,,,,,,,,,
2007120529,1822.0,2,0,0,0,0,0,0,0,0,5,0,,67,10,2007,4,39.9578,-75.1911,1820.0,6,0,0,0,0,1,0,0,0,,0,0,0,18,1,1,2,,0,39 57:28.256,,0,75 11:27.797,4,0,0,0,67301,0,0,0,N,0,0,0,6,67301,1,,1,1,,N,N,,0,,0,0,0,3,3,,1815,1,2,0,0,0,0,0,3,4,0,2,3,,N,,,,,,,,,,,
2007120637,2225.0,1,0,0,0,0,0,0,0,0,4,0,,67,10,2007,5,39.9788,-75.1579,2222.0,6,0,0,0,0,0,0,0,0,1.0,0,0,0,22,3,1,0,,1,39 58:43.000,2.0,0,75 09:28.449,8,0,0,0,67301,0,0,0,N,0,0,0,6,67301,0,,1,1,,N,N,,0,,0,0,1,0,0,N,2205,1,2,0,0,0,1,0,3,4,0,2,3,,N,,,,,,,,,,,
2007107081,1040.0,1,0,0,0,0,0,0,0,0,4,0,,67,9,2007,3,40.0005,-75.1196,1035.0,6,0,0,0,0,0,0,0,0,,0,0,0,10,1,1,1,,0,40 00:01.684,,0,75 07:10.714,8,0,0,0,67301,0,0,0,N,0,0,0,3,67301,0,,1,9,,N,N,,0,,0,0,0,9,3,,1030,1,2,0,0,3,1,0,3,4,1,2,7,,N,,,,,,,,,,,
2007107082,1119.0,1,0,0,0,0,0,0,0,0,1,1,,67,9,2007,5,39.963,-75.2237,1117.0,6,0,0,0,0,0,0,0,0,,0,1,0,11,1,2,0,,0,39 57:46.911,,0,75 13:25.417,8,0,0,0,67301,0,0,0,N,0,0,0,5,67301,0,,1,1,,N,N,,0,,0,0,0,0,0,,1102,2,2,0,0,0,2,0,3,4,0,2,3,,N,,,,,,,,,,,
2007107087,1559.0,1,0,0,0,0,0,0,0,0,4,0,,67,9,2007,2,40.0354,-75.0498,1552.0,6,0,1,0,0,0,0,0,0,2.0,0,0,0,15,1,1,1,,1,40 02:07.432,1.0,0,75 02:59.146,4,0,0,0,67301,0,0,0,N,0,0,0,6,67301,1,,1,1,,N,N,,0,,0,0,2,3,2,N,1508,1,3,0,0,0,0,0,3,4,0,3,3,,N,,,,,,,,,,,
2007080475,1048.0,3,0,0,0,0,0,0,0,0,1,0,,67,6,2007,2,40.0414,-75.081,1045.0,6,0,0,0,0,0,1,0,0,,0,0,0,10,1,1,1,,0,40 02:28.000,,0,75 04:51.550,8,0,0,0,67301,0,0,0,N,0,0,0,3,67301,0,,1,9,,N,N,,0,,0,0,0,3,2,,1045,1,3,0,0,0,1,0,3,4,0,3,3,,N,,,,,,,,,,,
2007112086,903.0,1,0,0,0,0,0,0,0,0,4,0,,67,9,2007,3,39.9666,-75.1722,900.0,6,0,1,0,0,0,0,0,0,,0,0,0,8,1,1,1,,0,39 57:59.684,,0,75 10:19.898,4,0,0,0,67301,0,0,0,,0,0,0,2,67301,1,,1,1,,,,,0,,0,0,0,9,3,,855,1,2,0,0,1,0,0,3,4,1,2,3,,N,,,,,,,,,,,
2007023111,353.0,1,0,0,0,0,0,0,0,0,5,0,,67,1,2007,1,39.948,-75.1414,350.0,6,0,0,0,0,0,0,0,0,2.0,0,0,0,3,3,2,0,,2,39 56:50.000,1.0,0,75 08:29.705,4,0,0,0,67301,0,0,0,N,0,0,0,3,67301,2,,1,1,,N,N,,0,,0,0,0,0,0,Y,350,2,2,0,0,0,0,1,3,4,0,2,3,,N,,,,,,,,,,,
2007047499,525.0,2,0,0,0,0,0,0,0,0,4,0,,67,2,2007,4,39.9868,-75.2568,516.0,6,0,0,0,0,0,0,0,0,,0,0,0,5,3,0,2,,0,39 59:12.000,,0,75 15:24.402,0,0,0,0,67301,0,0,0,N,0,0,0,3,67301,0,,1,7,,N,N,,0,,0,0,0,0,0,,505,0,2,0,0,0,0,0,3,4,0,2,10,,N,,,,,,,,,,,
2007047523,1104.0,1,0,0,0,0,0,0,0,0,5,1,,67,2,2007,5,40.0525,-75.008,1101.0,6,0,0,0,0,0,0,1,0,2.0,0,1,0,10,1,0,0,,1,40 03:08.000,1.0,0,75 00:28.665,0,0,0,0,67301,0,0,0,,0,0,0,3,67301,0,,1,1,,,,,0,,0,0,0,0,0,N,1058,0,2,0,0,0,0,0,3,4,0,2,3,,N,,,,,,,,,,,
2007047530,1710.0,2,0,0,0,0,0,0,0,0,2,0,,67,2,2007,1,40.0745,-75.0561,1703.0,6,0,0,0,0,1,0,0,0,6.0,0,0,0,17,3,1,0,,2,40 04:28.238,6.0,0,75 03:21.827,4,0,0,0,67301,0,0,0,N,0,0,0,3,67301,1,,1,7,,N,N,,0,,0,0,0,0,0,Y,1700,1,2,0,0,0,0,0,3,4,0,2,10,,N,,,,,,,,,,,
2007047542,1138.0,1,0,0,0,0,0,0,0,0,4,0,,67,2,2007,1,39.9834,-75.2433,1138.0,6,0,0,0,0,0,0,1,0,,0,0,0,11,1,1,0,,0,39 59:00.240,,0,75 14:35.880,8,0,0,0,67301,0,0,0,N,0,0,0,6,67301,0,,1,1,,N,N,,0,,0,0,1,0,0,,1137,1,2,0,0,0,1,0,3,4,0,2,3,,N,,,,,,,,,,,
2007047599,1158.0,1,0,0,0,0,0,0,0,0,7,0,,67,2,2007,4,40.0203,-75.1599,1154.0,6,0,0,0,0,0,0,0,0,1.0,0,0,0,11,1,1,0,,2,40 01:13.080,3.0,3,75 09:35.640,4,0,0,0,67301,0,0,0,N,0,0,0,1,67301,1,,4,9,,N,N,,0,,0,0,0,3,8,N,1150,1,1,0,0,0,0,0,3,4,0,1,10,,N,,,,,,,,,,,
2007047601,1252.0,0,0,0,0,0,0,0,0,0,1,0,,67,3,2007,6,40.0224,-75.1782,1247.0,6,0,0,0,0,0,0,0,0,,0,0,0,12,1,1,0,,0,40 01:20.665,,0,75 10:41.581,4,0,0,0,67301,0,0,0,N,0,0,0,1,67301,1,,1,6,,N,N,,0,,0,0,0,0,0,,1226,1,3,0,0,0,0,0,3,4,1,3,9,,N,,,,,,,,,,,
2007047606,20.0,2,0,0,0,0,0,0,0,0,1,0,,67,2,2007,1,39.9219,-75.1905,20.0,6,0,0,0,0,0,0,1,0,,0,0,0,0,6,1,1,,0,39 55:17.000,,0,75 11:24.680,4,0,0,0,67301,0,0,0,N,0,0,0,2,67301,1,,1,1,,N,N,,0,,0,0,0,3,2,,12,1,2,0,0,0,0,1,3,4,0,2,3,,N,,,,,,,,,,,