CRN,ARRIVAL_TM,AUTOMOBILE_COUNT,BELTED_DEATH_COUNT,BELTED_SUSP_SERIOUS_INJ_COUNT,BICYCLE_COUNT,BICYCLE_DEATH_COUNT,BICYCLE_SUSP_SERIOUS_INJ_COUNT,BUS_COUNT,CHLDPAS_DEATH_COUNT,CHLDPAS_SUSP_SERIOUS_INJ_COUNT,COLLISION_TYPE,COMM_VEH_COUNT,CONS_ZONE_SPD_LIM,COUNTY,CRASH_MONTH,CRASH_YEAR,DAY_OF_WEEK,DEC_LAT,DEC_LONG,DISPATCH_TM,DISTRICT,DRIVER_COUNT_16YR,DRIVER_COUNT_17YR,DRIVER_COUNT_18YR,DRIVER_COUNT_19YR,DRIVER_COUNT_20YR,DRIVER_COUNT_50_64YR,DRIVER_COUNT_65_74YR,DRIVER_COUNT_75PLUS,EST_HRS_CLOSED,FATAL_COUNT,HEAVY_TRUCK_COUNT,HORSE_BUGGY_COUNT,HOUR_OF_DAY,ILLUMINATION,INJURY_COUNT,INTERSECT_TYPE,INTERSECTION_RELATED,LANE_CLOSED,LATITUDE,LN_CLOSE_DIR,LOCATION_TYPE,LONGITUDE,MAX_SEVERITY_LEVEL,MCYCLE_DEATH_COUNT,MCYCLE_SUSP_SERIOUS_INJ_COUNT,MOTORCYCLE_COUNT,MUNICIPALITY,NONMOTR_COUNT,NONMOTR_DEATH_COUNT,NONMOTR_SUSP_SERIOUS_INJ_COUNT,NTFY_HIWY_MAINT,PED_COUNT,PED_DEATH_COUNT,PED_SUSP_SERIOUS_INJ_COUNT,PERSON_COUNT,POLICE_AGCY,POSSIBLE_INJ_COUNT,RDWY_SURF_TYPE_CD,RELATION_TO_ROAD,ROAD_CONDITION,ROADWAY_CLEARED,SCH_BUS_IND,SCH_ZONE_IND,SECONDARY_CRASH,SMALL_TRUCK_COUNT,SPEC_JURIS_CD,SUSP_MINOR_INJ_COUNT,SUSP_SERIOUS_INJ_COUNT,SUV_COUNT,TCD_FUNC_CD,TCD_TYPE,TFC_DETOUR_IND,TIME_OF_DAY,TOT_INJ_COUNT,TOTAL_UNITS,UNB_DEATH_COUNT,UNB_SUSP_SERIOUS_INJ_COUNT,UNBELTED_OCC_COUNT,UNK_INJ_DEG_COUNT,UNK_INJ_PER_COUNT,URBAN_AREA,URBAN_RURAL,VAN_COUNT,VEHICLE_COUNT,WEATHER1,WEATHER2,WORK_ZONE_IND,WORK_ZONE_LOC,WORK_ZONE_TYPE,WORKERS_PRES,WZ_CLOSE_DETOUR,WZ_FLAGGER,WZ_LAW_OFFCR_IND,WZ_LN_CLOSURE,WZ_MOVING,WZ_OTHER,WZ_SHLDER_MDN,WZ_WORKERS_INJ_KILLED
2007047609,2010.0,2,0,0,0,0,0,0,0,0,1,0,,67,2,2007,1,39.9947,-75.0946,2000.0,6,0,0,0,0,0,1,0,0,,0,0,0,99,3,1,0,,0,39 59:40.000,,0,75 05:40.455,8,0,0,0,67301,0,0,0,N,0,0,0,3,67301,0,,1,1,,N,N,,0,,0,0,0,3,2,,9999,1,2,0,0,0,1,0,3,4,0,2,3,,N,,,,,,,,,,,
2007067653,1158.0,3,0,0,0,0,0,0,0,0,4,0,,67,4,2007,2,39.9688,-75.2188,1156.0,6,0,0,0,0,0,0,0,0,,0,0,0,11,1,2,2,,0,39 58:07.700,,0,75 13:07.800,8,0,0,0,67301,0,0,0,N,0,0,0,3,67301,0,,1,1,,N,N,,0,,0,0,0,3,3,,1150,2,3,0,0,0,2,0,3,4,0,3,3,,N,,,,,,,,,,,
2007067660,1030.0,2,0,0,0,0,0,0,0,0,1,0,,67,5,2007,6,40.0232,-75.1367,1015.0,6,0,0,0,0,0,1,0,0,,0,0,0,10,1,2,5,,0,40 01:23.000,,0,75 08:13.162,8,0,0,0,67301,0,0,0,N,0,0,0,3,67301,0,,1,1,,N,N,,0,,0,0,0,3,2,,1010,2,2,0,0,1,2,0,3,4,0,2,3,,N,,,,,,,,,,,
2007067664,745.0,2,0,0,0,0,0,0,0,0,1,0,,67,5,2007,4,40.0832,-74.9917,740.0,6,0,0,0,0,0,0,0,1,,0,0,0,7,1,5,2,,0,40 04:59.000,,0,74 59:30.247,3,0,0,0,67301,0,0,0,,0,0,0,6,67301,2,,1,1,,N,N,,1,,3,0,0,0,0,,725,5,3,0,0,0,0,0,3,4,0,3,3,,N,,,,,,,,,,,
2007112037,1605.0,1,0,0,0,0,0,0,0,0,6,0,,67,9,2007,5,39.9508,-75.1508,1600.0,6,0,0,0,0,0,0,0,0,,0,0,0,15,1,1,0,,0,39 57:02.000,,0,75 09:02.934,2,0,1,1,67301,0,0,0,N,0,0,0,2,67301,0,,1,1,,N,N,,0,,0,1,0,3,2,,1558,1,2,0,0,0,0,0,3,4,0,2,3,,N,,,,,,,,,,,
2007106824,1815.0,1,0,0,0,0,0,0,0,0,1,0,,67,7,2007,4,40.0457,-75.0315,1815.0,6,0,0,0,0,0,0,0,0,,0,0,0,18,1,1,1,,0,40 02:44.000,,0,75 01:53.443,4,0,0,0,67301,0,0,0,N,0,0,0,3,67301,1,,1,9,,N,N,,1,,0,0,0,3,2,,1800,1,2,0,0,0,0,0,3,4,0,2,7,,N,,,,,,,,,,,
2007047786,1350.0,0,0,0,0,0,0,0,0,0,4,0,,67,2,2007,4,39.9169,-75.216,1345.0,6,0,0,0,0,0,0,0,0,1.0,0,0,0,13,1,1,1,,1,39 55:05.520,4.0,0,75 12:31.320,8,0,0,0,67301,0,0,0,N,0,0,0,2,67301,0,,1,1,,N,N,,1,,0,0,1,3,2,N,1330,1,2,0,0,0,1,1,3,4,0,2,3,,N,,,,,,,,,,,
2007047793,845.0,2,0,0,0,0,0,0,0,0,4,0,,67,3,2007,4,39.9438,-75.2228,830.0,6,0,0,0,0,0,1,0,0,,0,0,0,8,1,0,1,,0,39 56:37.683,,0,75 13:22.061,0,0,0,0,67301,0,0,0,N,0,0,0,6,67301,0,,1,7,,N,N,,0,,0,0,0,3,2,,820,0,3,0,0,0,0,0,3,4,1,3,10,,N,,,,,,,,,,,
2007047797,2129.0,2,0,0,0,0,0,0,0,0,2,0,,67,3,2007,7,40.1299,-75.0101,2125.0,6,0,1,1,0,0,0,0,0,,0,0,0,20,3,3,0,,0,40 07:47.607,,0,75 00:36.280,4,0,0,0,67301,0,0,0,N,0,0,0,3,67301,3,,1,1,,N,N,,0,,0,0,0,0,0,,2050,3,2,0,0,0,0,0,3,4,0,2,3,,N,,,,,,,,,,,
2007047803,655.0,0,0,0,0,0,0,0,0,0,8,0,,67,3,2007,5,40.0392,-75.11,650.0,6,0,0,0,0,0,0,0,0,,0,0,0,6,5,1,1,,0,40 02:21.120,,0,75 06:36.000,8,0,0,0,67301,1,0,0,N,1,0,0,2,67301,0,,1,1,,N,N,,0,,0,0,0,3,2,,645,1,2,0,0,0,1,0,3,4,1,1,3,,N,,,,,,,,,,,
2007047811,1552.0,1,0,0,1,0,0,0,0,0,8,0,,67,3,2007,5,40.0617,-75.0825,1548.0,6,0,0,0,0,0,0,0,0,,0,0,0,15,1,1,0,,0,40 03:42.112,,0,75 04:56.953,4,0,0,0,67301,1,0,0,N,0,0,0,2,67301,1,,1,1,,N,N,,0,,0,0,0,0,0,,1517,1,2,0,0,0,0,0,3,4,0,1,3,,N,,,,,,,,,,,
2007107023,1935.0,1,0,0,0,0,0,0,0,0,8,0,,67,9,2007,1,39.9134,-75.2349,1928.0,6,0,0,0,0,0,0,0,0,,0,0,0,99,3,1,0,,0,39 54:48.402,,0,75 14:05.668,4,0,0,0,67301,1,0,0,N,1,0,0,2,67301,1,,1,1,,N,N,,0,,0,0,0,0,0,,9999,1,2,0,0,0,0,0,3,4,0,1,3,,N,,,,,,,,,,,
2007037372,1801.0,1,0,0,0,0,0,1,0,0,5,2,,67,1,2007,3,39.9928,-75.2006,1801.0,6,0,0,0,0,0,0,0,0,1.0,0,1,0,18,3,1,0,,1,39 59:36.000,4.0,0,75 11:58.415,4,0,0,0,67301,0,0,0,N,0,0,0,4,68K01,1,,1,1,,N,N,,0,,0,0,0,0,0,N,1801,1,3,0,0,0,0,0,3,4,0,3,3,,N,,,,,,,,,,,
2007100016,1935.0,1,0,0,0,0,0,0,0,0,7,0,,67,8,2007,5,40.0706,-75.0713,1927.0,6,0,0,0,0,0,0,0,0,2.0,0,0,0,19,1,1,0,,2,40 04:14.000,7.0,0,75 04:16.568,8,0,0,0,67301,0,0,0,N,0,0,0,1,67301,0,,4,1,,N,N,,0,,0,0,0,0,0,Y,1927,1,1,0,0,0,1,0,3,4,0,1,3,,N,,,,,,,,,,,
2007097626,1659.0,3,0,0,0,0,0,0,0,0,1,0,,67,8,2007,6,39.9279,-75.2222,1654.0,6,0,0,0,1,0,1,0,0,2.0,0,0,0,16,1,1,0,,1,39 55:40.000,4.0,0,75 13:19.863,8,0,0,0,67301,0,0,0,N,0,0,0,3,67301,0,,1,1,,N,N,,0,,0,0,0,0,0,Y,1653,1,3,0,0,0,1,1,3,4,0,3,3,,N,,,,,,,,,,,
2007128180,1016.0,0,0,0,0,0,0,0,0,0,0,0,,67,11,2007,7,39.9094,-75.153,1016.0,6,0,0,0,0,0,0,0,0,,0,0,0,10,1,1,0,,0,39 54:33.680,,0,75 09:10.900,3,0,0,1,67301,0,0,0,N,0,0,0,1,67501,0,,1,9,,N,N,,0,,1,0,0,0,0,,1016,1,1,0,0,0,0,0,3,4,0,1,3,,N,,,,,,,,,,,
2007092317,900.0,2,0,0,0,0,0,0,0,0,4,0,,67,7,2007,7,39.9663,-75.2378,900.0,6,0,0,0,0,0,0,0,0,,0,0,0,8,1,1,1,,0,39 57:58.759,,0,75 14:16.205,4,0,0,1,67301,0,0,0,N,0,0,0,2,67301,1,,1,1,,N,N,,0,,0,0,0,9,3,,850,1,3,0,0,0,0,1,3,4,0,3,3,,N,,,,,,,,,,,
2007092318,1755.0,0,0,0,0,0,0,0,0,0,4,0,,67,7,2007,3,39.9643,-75.2465,1748.0,6,0,0,1,0,0,1,0,0,,0,0,0,17,1,1,1,,0,39 57:46.000,,99,75 14:48.422,3,0,0,1,67301,0,0,0,N,0,0,0,2,67301,0,,1,1,,N,N,,0,,1,0,1,0,0,,1731,1,2,0,0,0,0,0,3,4,0,2,3,,N,,,,,,,,,,,
2007092348,2025.0,1,0,0,0,0,0,0,0,0,8,0,,67,7,2007,5,40.0102,-75.1413,2019.0,6,0,0,0,0,0,0,0,0,,0,0,0,20,4,1,0,,0,40 00:36.561,,0,75 08:28.582,4,0,0,0,67301,1,0,0,N,1,0,0,2,67301,1,,1,1,,N,N,,0,,0,0,0,0,0,,2000,1,2,0,0,0,0,0,3,4,0,1,3,,N,,,,,,,,,,,
2007092494,1040.0,0,0,0,0,0,0,1,0,0,4,1,,67,7,2007,3,39.9663,-75.2029,1040.0,6,0,0,0,0,0,0,0,0,,0,0,0,10,1,7,1,,0,39 57:58.608,,0,75 12:10.313,4,0,0,0,67301,0,0,0,N,0,0,0,9,67301,7,,1,1,,N,N,,0,,0,0,1,3,3,,1035,7,2,0,0,0,0,1,3,4,0,2,3,,N,,,,,,,,,,,
2007092755,1310.0,3,0,0,0,0,0,0,0,0,4,0,,67,7,2007,6,39.9527,-75.2106,1300.0,6,0,0,0,0,0,1,0,0,2.0,0,0,0,12,1,1,1,,1,39 57:09.612,2.0,0,75 12:38.023,4,0,0,0,67301,0,0,0,,0,0,0,3,67301,1,,1,1,,,,,0,,0,0,0,3,2,N,1243,1,3,0,0,0,0,2,3,4,0,3,3,,N,,,,,,,,,,,
2007092597,1300.0,0,0,0,1,0,0,0,0,0,4,0,,67,7,2007,2,40.0333,-75.0377,1250.0,6,0,0,0,0,0,0,0,0,,0,0,0,12,1,1,1,,0,40 01:59.000,,0,75 02:15.695,8,0,0,0,67301,1,0,0,N,0,0,0,2,67301,0,,1,1,,N,N,,0,,0,0,1,3,2,,1250,1,2,0,0,0,1,0,3,4,0,1,3,,N,,,,,,,,,,,
2007092616,1548.0,1,0,0,0,0,0,0,0,0,1,0,,67,7,2007,7,39.9837,-75.1767,1547.0,6,0,0,0,0,0,2,0,0,,0,0,0,15,1,1,2,,0,39 59:01.320,,0,75 10:36.120,4,0,0,0,67301,0,0,0,N,0,0,0,3,67301,1,,1,1,,N,N,,0,,0,0,0,0,0,,1505,1,2,0,0,0,0,2,3,4,1,2,3,,N,,,,,,,,,,,
2007092415,0.0,2,0,0,0,0,0,0,0,0,4,0,,67,6,2007,5,39.9714,-75.1594,2355.0,6,0,0,0,0,0,1,0,0,,0,0,0,23,3,1,1,,0,39 58:17.000,,0,75 09:34.236,4,0,0,0,67301,0,0,0,,0,0,0,3,67301,1,,1,9,,,,,0,,0,0,0,3,2,,2355,1,2,0,0,3,0,0,3,4,0,2,7,,N,,,,,,,,,,,
2007087497,1155.0,1,0,0,0,0,0,0,0,0,6,0,,67,8,2007,4,39.9883,-75.254,1152.0,6,0,0,0,0,0,0,0,0,,0,0,0,11,1,1,1,,0,39 59:17.000,,0,75 15:14.304,8,0,0,0,67301,0,0,0,N,0,0,0,4,46104,0,,1,9,,N,N,,0,,0,0,0,3,2,,1150,1,2,0,0,0,1,0,3,4,1,2,7,,N,,,,,,,,,,,
2007120621,1528.0,0,0,0,0,0,0,0,0,0,8,0,,67,10,2007,3,40.0353,-75.1213,1520.0,6,0,0,0,0,0,0,0,0,,0,0,0,10,1,1,0,,0,40 02:06.000,,0,75 07:16.766,4,0,0,0,67301,1,0,0,N,1,0,0,2,67301,1,,2,1,,N,N,,0,,0,0,1,0,0,,1028,1,2,0,0,1,0,1,3,4,0,1,3,,N,,,,,,,,,,,
2007082924,1057.0,0,0,0,0,0,0,1,0,0,8,1,,67,6,2007,6,39.9481,-75.1541,1055.0,6,0,0,0,0,0,0,0,0,,0,0,0,10,1,1,0,,0,39 56:53.000,,0,75 09:14.520,4,0,0,0,67301,1,0,0,,1,0,0,2,67301,1,,1,1,,,,,0,,0,0,0,3,2,,1040,1,2,0,0,0,0,0,3,4,0,1,3,,N,,,,,,,,,,,
2007120702,1741.0,0,0,0,1,0,0,0,0,0,6,0,,67,10,2007,1,40.0577,-75.1547,1737.0,6,0,0,0,0,0,0,0,0,,0,0,0,17,1,1,0,,0,40 03:27.676,,0,75 09:16.812,3,0,0,0,67301,1,0,0,N,0,0,0,2,67301,0,,1,1,,N,N,,0,,1,0,1,0,0,,1721,1,2,0,0,0,0,0,3,4,0,1,3,,N,,,,,,,,,,,
2007027906,640.0,0,0,0,0,0,0,0,0,0,1,0,,67,1,2007,3,40.0205,-75.1542,636.0,6,0,0,0,0,0,1,0,0,,0,0,0,6,3,1,6,,0,40 01:13.786,,2,75 09:15.325,8,0,0,0,67301,0,0,0,N,0,0,0,3,67301,0,,7,1,,N,N,,1,,0,0,1,0,0,,636,1,2,0,0,0,1,0,3,4,0,2,3,,N,,,,,,,,,,,
2007027912,937.0,2,0,0,0,0,0,0,0,0,4,0,,67,1,2007,2,39.9388,-75.2269,937.0,6,0,0,0,0,1,0,0,0,,0,0,0,99,1,2,1,,0,39 56:19.532,,0,75 13:36.735,4,0,0,0,67301,0,0,0,N,0,0,0,2,67301,1,,1,9,,N,N,,0,,0,0,0,3,2,,9999,2,2,0,0,0,1,0,3,4,0,2,7,,N,,,,,,,,,,,
2007027940,2035.0,2,0,0,0,0,0,0,0,0,1,0,,67,1,2007,6,40.018,-75.1673,2025.0,6,0,0,1,0,0,0,1,0,,0,0,0,20,2,2,0,,0,40 01:04.641,,2,75 10:02.322,3,0,0,0,67301,0,0,0,N,0,0,0,6,67301,1,,1,9,,N,N,,1,,1,0,0,0,0,,2024,2,3,0,0,0,0,0,3,4,0,3,7,,N,,,,,,,,,,,
2007027961,1216.0,2,0,0,0,0,0,0,0,0,5,0,,67,1,2007,7,39.9057,-75.194,1211.0,6,0,0,0,0,0,1,0,0,,0,0,0,12,1,3,0,,0,39 54:20.000,,2,75 11:38.222,4,0,0,0,67301,0,0,0,N,0,0,0,4,67301,2,,1,1,,N,N,,0,,0,0,0,3,2,,1210,3,3,0,0,0,1,0,3,4,1,3,3,,N,,,,,,,,,,,
2007023627,1958.0,1,0,0,0,0,0,0,0,0,8,0,,67,2,2007,5,39.9988,-75.2316,9999.0,6,0,0,0,0,0,0,0,0,,0,0,0,19,3,1,0,,0,39 59:58.000,,0,75 13:48.678,8,0,0,0,67301,1,0,0,N,1,0,0,2,46104,0,,1,1,,N,N,,0,,0,0,0,0,0,,1955,1,2,0,0,0,1,1,3,4,0,1,3,,N,,,,,,,,,,,
2007047507,1558.0,2,0,0,0,0,0,0,0,0,1,0,,67,2,2007,2,40.0449,-75.2312,1555.0,6,0,0,0,0,1,0,0,0,,0,0,0,15,1,1,1,,0,40 02:41.000,,0,75 13:51.182,8,0,0,0,67301,0,0,0,Y,0,0,0,2,67301,0,,1,1,,N,N,,0,,0,0,0,3,2,,1550,1,2,0,0,2,1,0,3,4,0,2,3,,N,,,,,,,,,,,
2007047535,258.0,1,0,0,0,0,0,0,0,0,7,0,,67,3,2007,6,39.9957,-75.2303,255.0,6,0,0,0,0,0,0,0,0,,0,0,0,2,3,1,0,,0,39 59:44.592,,0,75 13:49.004,4,0,0,0,67301,0,0,0,N,0,0,0,1,67301,1,,4,9,,N,N,,0,,0,0,0,0,0,,255,1,1,0,0,0,0,0,3,4,0,1,7,,N,,,,,,,,,,,
2007047643,1900.0,2,0,0,0,0,0,0,0,0,1,0,,67,2,2007,4,40.0305,-75.1182,1850.0,6,0,0,0,0,0,0,0,0,,0,0,0,16,1,1,1,,0,40 01:49.800,,0,75 07:05.520,8,0,0,0,67301,0,0,0,N,0,0,0,6,67301,0,,1,1,,N,N,,0,,0,0,0,3,2,,1600,1,2,0,0,0,1,0,3,4,0,2,3,,N,,,,,,,,,,,
2007055079,1500.0,1,0,0,0,0,0,0,0,0,8,0,,67,1,2007,6,39.9186,-75.1448,1500.0,6,0,0,0,0,0,1,0,0,,0,0,0,15,1,1,0,,0,39 55:07.050,,0,75 08:41.172,3,0,0,0,67301,1,0,0,,1,0,0,2,67301,0,,1,1,,,,,0,,1,0,0,0,0,,1500,1,2,0,0,0,0,0,3,4,0,1,3,,N,,,,,,,,,,,
2007067599,1635.0,1,0,0,1,0,0,0,0,0,5,0,,67,4,2007,7,39.9502,-75.1915,1630.0,6,0,0,0,0,0,1,0,0,,0,0,0,16,1,1,0,,0,39 57:00.600,,0,75 11:29.400,4,0,0,0,67301,1,0,0,N,0,0,0,3,67504,1,,1,1,,N,N,,0,,0,0,0,0,0,,1625,1,2,0,0,0,0,0,3,4,0,1,3,,N,,,,,,,,,,,
2007067601,1826.0,1,0,0,0,0,0,0,0,0,8,0,,67,5,2007,5,39.9539,-75.2026,1824.0,6,0,0,0,0,0,1,0,0,,0,0,0,18,1,1,0,,0,39 57:14.200,,0,75 12:09.400,4,0,0,0,67301,1,0,0,N,1,0,0,2,67301,1,,1,1,,N,N,,0,,0,0,0,0,0,,1820,1,2,0,0,0,0,0,3,4,0,1,3,,N,,,,,,,,,,,
2007067659,2233.0,0,0,0,0,0,0,0,0,0,8,0,,67,5,2007,3,40.0197,-75.0846,2228.0,6,0,0,0,0,0,0,0,0,,0,0,0,22,3,1,2,,0,40 01:10.941,,0,75 05:04.523,8,0,0,0,67301,1,0,0,N,1,0,0,1,67301,0,,1,1,,N,N,,0,,0,0,1,0,0,,2210,1,2,0,0,0,1,0,3,4,0,1,3,,N,,,,,,,,,,,
2007067861,1330.0,1,0,0,1,0,1,0,0,0,4,0,,67,5,2007,7,40.0385,-75.1214,1322.0,6,0,0,0,0,0,0,0,0,,0,0,0,99,1,1,0,,0,40 02:18.607,,0,75 07:17.104,2,0,0,0,67301,1,0,1,N,0,0,0,2,67301,0,,1,1,,N,N,,0,,0,1,0,0,0,,9999,1,2,0,0,1,0,0,3,4,0,1,3,,N,,,,,,,,,,,
2007106863,2333.0,0,0,0,0,0,0,0,0,0,8,0,,67,8,2007,2,39.9626,-75.2105,2330.0,6,0,0,0,0,0,0,0,0,,1,0,0,23,3,1,2,,0,39 57:45.000,,0,75 12:37.169,1,0,0,1,67301,1,1,0,,1,1,0,2,67301,1,2.0,1,1,,,,,0,0.0,0,0,0,3,2,,2330,1,2,0,0,0,0,0,3,4,0,1,3,,N,,,,,,,,,,,
2007109400,1650.0,0,0,0,0,0,0,0,0,0,8,1,,67,9,2007,6,39.9992,-75.1107,1645.0,6,0,0,0,0,0,0,0,0,,0,1,0,16,1,1,0,,0,39 59:57.180,,0,75 06:38.413,3,0,0,0,67301,1,0,0,N,1,0,0,2,67301,0,,1,1,,N,N,,0,,1,0,0,0,0,,1645,1,2,0,0,0,0,1,3,4,0,1,3,,N,,,,,,,,,,,
2007047794,1410.0,1,0,0,0,0,0,0,0,0,2,0,,67,2,2007,1,40.0794,-75.0692,1405.0,6,0,0,0,0,1,0,1,0,,0,0,0,14,1,1,0,,0,40 04:45.000,,0,75 04:09.250,8,0,0,0,67301,0,0,0,N,0,0,0,2,67301,0,,1,1,,N,N,,1,,0,0,0,0,0,,1405,1,2,0,0,1,1,0,3,4,0,2,3,,N,,,,,,,,,,,
2007047807,2057.0,2,0,0,0,0,0,0,0,0,4,0,,67,3,2007,6,40.0068,-75.0828,2045.0,6,0,0,0,0,0,0,0,0,,0,0,0,20,3,4,1,,0,40 00:24.490,,0,75 04:57.907,8,0,0,0,67301,0,0,0,N,0,0,0,6,67301,0,,1,1,,N,N,,0,,0,0,0,3,3,,2035,4,2,0,0,0,4,0,3,4,0,2,3,,N,,,,,,,,,,,
2007107021,835.0,1,0,0,0,0,0,0,0,0,6,0,,67,9,2007,2,39.8975,-75.2525,832.0,6,0,0,0,0,0,1,0,0,,0,0,0,8,1,2,3,,0,39 53:50.000,,0,75 15:07.793,8,0,0,0,67301,0,0,0,N,0,0,0,3,67301,0,,1,1,,N,N,,0,,0,0,1,2,2,,819,2,2,0,0,0,2,0,3,4,0,2,3,,N,,,,,,,,,,,
2007055614,816.0,1,0,0,0,0,0,0,0,0,5,1,,67,4,2007,5,39.9093,-75.1548,814.0,6,0,0,0,0,0,0,0,0,,0,0,0,8,1,0,0,,0,39 54:33.657,,3,75 09:17.456,0,0,0,0,67301,0,0,0,N,0,0,0,2,67501,0,,1,9,,N,N,,1,,0,0,0,0,0,,814,0,2,0,0,0,0,0,3,4,0,2,7,,N,,,,,,,,,,,
2007047904,1858.0,1,0,0,0,0,0,0,0,0,8,0,,67,2,2007,7,40.0014,-75.1165,1850.0,6,0,0,0,0,0,0,0,0,,0,0,0,16,3,1,0,,0,40 00:05.156,,0,75 06:59.221,4,0,0,0,67301,1,0,0,N,1,0,0,2,67301,1,,1,1,,N,N,,0,,0,0,0,0,0,,1630,1,2,0,0,0,0,0,3,4,0,1,3,,N,,,,,,,,,,,
2007053030,224.0,0,0,0,0,0,0,0,0,0,7,0,,67,4,2007,1,39.984,-75.2083,224.0,6,0,0,0,0,0,1,0,0,,0,0,0,2,2,1,0,,0,39 59:06.000,,0,75 12:30.038,8,0,0,0,67301,0,0,0,N,0,0,0,1,68K01,0,,2,9,,N,N,,0,,0,0,1,0,0,,224,1,1,0,0,0,1,0,3,4,0,1,7,,N,,,,,,,,,,,
2007045552,1315.0,2,0,0,0,0,0,0,0,0,2,0,,67,4,2007,6,39.9883,-75.254,1313.0,6,0,0,0,0,0,2,0,0,,0,0,0,13,1,1,1,,0,39 59:17.000,,0,75 15:14.304,8,0,0,0,67301,0,0,0,N,0,0,0,2,46104,0,,1,1,,N,N,,0,,0,0,0,3,2,,1310,1,2,0,0,0,1,0,3,4,0,2,3,,N,,,,,,,,,,,
2007093596,9999.0,0,0,0,0,0,0,0,0,0,8,0,,67,7,2007,6,39.9742,-75.1804,9999.0,6,0,0,0,0,1,0,0,0,1.0,0,0,0,99,1,1,1,,1,39 58:27.000,3.0,0,75 10:49.509,4,0,0,1,67301,1,0,0,N,1,0,0,2,67301,1,,1,1,,N,N,,0,,0,0,0,3,2,N,9999,1,2,0,0,0,0,0,3,4,0,1,3,,N,,,,,,,,,,,
2007125105,56.0,2,0,0,0,0,0,0,0,0,5,0,,67,10,2007,7,39.9625,-75.2162,50.0,6,0,0,0,0,0,0,1,0,,0,0,0,0,3,0,1,,0,39 57:44.000,,0,75 12:56.902,0,0,0,0,67301,0,0,0,N,0,0,0,4,67301,0,,1,9,,N,N,,0,,0,0,0,3,2,,50,0,2,0,0,1,0,0,3,4,0,2,7,,N,,,,,,,,,,,
2007125023,1339.0,4,0,0,0,0,0,0,0,0,1,0,,67,11,2007,6,39.9654,-75.1625,1339.0,6,0,0,0,0,0,2,0,0,,0,0,0,99,1,0,1,,0,39 57:55.296,,0,75 09:45.035,0,0,0,0,67301,0,0,0,N,0,0,0,3,67301,0,,1,1,,N,N,,0,,0,0,1,3,2,,9999,0,5,0,0,0,0,0,3,4,0,5,3,,N,,,,,,,,,,,
2007115114,1745.0,0,0,0,0,0,0,0,0,0,2,0,,67,9,2007,3,39.9666,-75.2249,1745.0,6,0,0,0,0,0,0,0,0,3.0,1,0,0,17,1,0,0,,2,39 57:59.000,5.0,0,75 13:29.478,1,1,0,1,67301,0,0,0,N,0,0,0,1,67301,0,2.0,6,1,,N,N,,0,0.0,0,0,1,0,0,Y,1735,0,2,0,0,0,0,0,3,4,0,2,3,,N,,,,,,,,,,,
2007109832,21.0,2,0,0,0,0,0,0,0,0,2,0,,67,9,2007,1,40.0845,-75.0384,20.0,6,0,0,0,0,0,0,0,0,1.0,0,0,0,99,3,1,5,,1,40 05:04.000,2.0,0,75 02:18.148,4,0,0,0,67301,0,0,0,,0,0,0,3,67301,1,,1,1,,,,,0,,0,0,0,3,2,Y,9999,1,2,0,0,2,0,0,3,4,0,2,3,,N,,,,,,,,,,,
2007098288,1305.0,1,0,0,0,0,0,0,0,0,8,0,,67,7,2007,7,39.9982,-75.1152,1300.0,6,0,0,0,0,0,0,0,0,,0,0,0,13,1,1,0,,0,39 59:53.500,,0,75 06:54.669,4,0,0,0,67301,1,0,0,N,1,0,0,2,67301,1,,1,1,,N,N,,0,,0,0,0,0,0,,1300,1,2,0,0,1,0,0,3,4,0,1,3,,N,,,,,,,,,,,
2007093375,1947.0,1,0,0,1,0,0,0,0,0,4,0,,67,6,2007,4,39.9512,-75.237,1944.0,6,0,0,0,0,0,0,0,0,,0,0,0,19,1,1,1,,0,39 57:04.201,,0,75 14:13.192,8,0,0,0,67301,1,0,0,N,0,0,0,2,67301,0,,1,1,,N,N,,0,,0,0,0,9,3,,1944,1,2,0,0,0,1,0,3,4,0,1,3,,N,,,,,,,,,,,
2007022247,1940.0,2,0,0,0,0,0,0,0,0,4,0,,67,1,2007,2,40.0409,-75.0297,1931.0,6,0,0,0,0,0,0,1,0,,0,0,0,19,3,1,0,,0,40 02:27.000,,0,75 01:47.006,4,0,0,0,67301,0,0,0,N,0,0,0,2,67301,1,,1,1,,N,N,,0,,0,0,0,0,0,,1930,1,2,0,0,0,0,0,3,4,0,2,3,,N,,,,,,,,,,,
2007027500,1430.0,1,0,0,0,0,0,0,0,0,8,0,,67,1,2007,7,39.9379,-75.1877,1410.0,6,0,0,0,0,0,1,0,0,,0,0,0,14,1,1,0,,0,39 56:16.288,,0,75 11:15.640,4,0,0,0,67301,1,0,0,N,1,0,0,2,67301,1,,1,1,,N,N,,0,,0,0,0,0,0,,1410,1,2,0,0,0,0,0,3,4,0,1,3,5.0,N,,,,,,,,,,,
2007027628,918.0,2,0,0,0,0,0,0,0,0,4,0,,67,2,2007,5,39.9604,-75.2411,916.0,6,0,0,0,0,0,0,0,0,,0,0,0,9,1,2,1,,0,39 57:37.000,,0,75 14:27.759,4,0,0,0,67301,0,0,0,N,0,0,0,3,67301,1,,1,1,,N,N,,0,,0,0,0,3,2,,913,2,2,0,0,0,1,1,3,4,0,2,3,,N,,,,,,,,,,,