CRN,ARRIVAL_TM,AUTOMOBILE_COUNT,BELTED_DEATH_COUNT,BELTED_SUSP_SERIOUS_INJ_COUNT,BICYCLE_COUNT,BICYCLE_DEATH_COUNT,BICYCLE_SUSP_SERIOUS_INJ_COUNT,BUS_COUNT,CHLDPAS_DEATH_COUNT,CHLDPAS_SUSP_SERIOUS_INJ_COUNT,COLLISION_TYPE,COMM_VEH_COUNT,CONS_ZONE_SPD_LIM,COUNTY,CRASH_MONTH,CRASH_YEAR,DAY_OF_WEEK,DEC_LAT,DEC_LONG,DISPATCH_TM,DISTRICT,DRIVER_COUNT_16YR,DRIVER_COUNT_17YR,DRIVER_COUNT_18YR,DRIVER_COUNT_19YR,DRIVER_COUNT_20YR,DRIVER_COUNT_50_64YR,DRIVER_COUNT_65_74YR,DRIVER_COUNT_75PLUS,EST_HRS_CLOSED,FATAL_COUNT,HEAVY_TRUCK_COUNT,HORSE_BUGGY_COUNT,HOUR_OF_DAY,ILLUMINATION,INJURY_COUNT,INTERSECT_TYPE,INTERSECTION_RELATED,LANE_CLOSED,LATITUDE,LN_CLOSE_DIR,LOCATION_TYPE,LONGITUDE,MAX_SEVERITY_LEVEL,MCYCLE_DEATH_COUNT,MCYCLE_SUSP_SERIOUS_INJ_COUNT,MOTORCYCLE_COUNT,MUNICIPALITY,NONMOTR_COUNT,NONMOTR_DEATH_COUNT,NONMOTR_SUSP_SERIOUS_INJ_COUNT,NTFY_HIWY_MAINT,PED_COUNT,PED_DEATH_COUNT,PED_SUSP_SERIOUS_INJ_COUNT,PERSON_COUNT,POLICE_AGCY,POSSIBLE_INJ_COUNT,RDWY_SURF_TYPE_CD,RELATION_TO_ROAD,ROAD_CONDITION,ROADWAY_CLEARED,SCH_BUS_IND,SCH_ZONE_IND,SECONDARY_CRASH,SMALL_TRUCK_COUNT,SPEC_JURIS_CD,SUSP_MINOR_INJ_COUNT,SUSP_SERIOUS_INJ_COUNT,SUV_COUNT,TCD_FUNC_CD,TCD_TYPE,TFC_DETOUR_IND,TIME_OF_DAY,TOT_INJ_COUNT,TOTAL_UNITS,UNB_DEATH_COUNT,UNB_SUSP_SERIOUS_INJ_COUNT,UNBELTED_OCC_COUNT,UNK_INJ_DEG_COUNT,UNK_INJ_PER_COUNT,URBAN_AREA,URBAN_RURAL,VAN_COUNT,VEHICLE_COUNT,WEATHER1,WEATHER2,WORK_ZONE_IND,WORK_ZONE_LOC,WORK_ZONE_TYPE,WORKERS_PRES,WZ_CLOSE_DETOUR,WZ_FLAGGER,WZ_LAW_OFFCR_IND,WZ_LN_CLOSURE,WZ_MOVING,WZ_OTHER,WZ_SHLDER_MDN,WZ_WORKERS_INJ_KILLED
2007027691,1548.0,1,0,0,0,0,0,0,0,0,8,0,,67,1,2007,7,39.9979,-75.1077,1545.0,6,0,0,0,0,0,0,0,0,,0,0,0,15,1,1,0,,0,39 59:52.436,,0,75 06:27.820,4,0,0,0,67301,1,0,0,N,1,0,0,2,67301,1,,1,1,,N,N,,0,,0,0,0,0,0,,1540,1,2,0,0,0,0,0,3,4,0,1,3,,N,,,,,,,,,,,
2007022516,920.0,0,0,0,0,0,0,0,0,0,6,0,,67,1,2007,6,39.9574,-75.1603,916.0,6,0,0,0,0,0,1,0,0,,0,0,0,9,1,2,1,,0,39 57:26.564,,0,75 09:37.041,8,0,0,0,67301,0,0,0,N,0,0,0,2,67301,0,,1,2,,N,N,,2,,0,0,0,3,2,,913,2,2,0,0,0,2,0,3,4,0,2,10,,N,,,,,,,,,,,
2007022517,1055.0,0,0,0,0,0,0,0,0,0,8,0,,67,1,2007,6,39.9708,-75.1587,1052.0,6,0,0,0,0,0,0,0,0,,0,0,0,10,1,1,0,,0,39 58:15.024,,0,75 09:31.338,3,0,0,0,67301,1,0,0,N,1,0,0,2,67301,0,,1,1,,N,N,,1,,1,0,0,0,0,,1052,1,2,0,0,0,0,0,3,4,0,1,3,,N,,,,,,,,,,,
2007027732,1530.0,1,0,0,0,0,0,0,0,0,8,0,,67,1,2007,5,39.9666,-75.1604,1524.0,6,0,0,0,0,0,0,0,0,,0,0,0,15,1,1,1,,0,39 58:00.000,,0,75 09:37.919,4,0,0,0,67301,1,0,0,N,1,0,0,2,67301,1,,1,1,,N,N,,0,,0,0,0,3,2,,1516,1,2,0,0,0,0,1,3,4,0,1,3,,N,,,,,,,,,,,
2007022691,1015.0,1,0,0,0,0,0,0,0,0,8,0,,67,1,2007,7,40.0446,-75.1248,1011.0,6,0,0,0,0,0,0,0,0,,0,0,0,14,1,1,0,,0,40 02:40.506,,0,75 07:29.157,4,0,0,0,67301,1,0,0,N,1,0,0,2,67301,1,,1,9,,N,N,,0,,0,0,0,3,3,,1430,1,2,0,0,0,0,1,3,4,0,1,7,,N,,,,,,,,,,,
2007022785,615.0,2,0,0,0,0,0,0,0,0,4,0,,67,1,2007,3,40.0313,-75.0416,600.0,6,0,0,0,0,0,0,0,0,,0,0,0,6,1,1,1,,0,40 01:52.000,,0,75 02:29.961,4,0,0,0,67301,0,0,0,N,0,0,0,2,67301,1,,1,1,,N,N,,0,,0,0,0,3,3,,600,1,2,0,0,0,0,0,3,4,0,2,3,,N,,,,,,,,,,,
2007056613,649.0,2,0,0,0,0,0,0,0,0,4,0,,67,3,2007,5,40.0617,-75.0798,645.0,6,0,0,0,0,0,0,0,0,1.0,0,0,0,6,1,1,10,,2,40 03:42.148,1.0,0,75 04:47.330,8,0,0,0,67301,0,0,0,N,0,0,0,3,67301,0,,1,1,,N,N,,0,,0,0,0,3,3,Y,645,1,2,0,0,0,1,0,3,4,0,2,3,,N,,,,,,,,,,,
2007056616,1115.0,1,0,0,0,0,0,0,0,0,4,0,,67,3,2007,5,40.0392,-75.11,1102.0,6,0,0,0,0,0,1,0,0,,0,0,0,10,1,1,1,,0,40 02:20.000,,0,75 06:36.006,4,0,0,0,67301,0,0,0,N,0,0,0,2,67301,1,,1,1,,N,N,,1,,0,0,0,3,2,,1038,1,2,0,0,0,0,0,3,4,0,2,3,,N,,,,,,,,,,,
2007056483,1423.0,4,0,0,0,0,0,0,0,0,1,0,,67,3,2007,5,39.9281,-75.1688,1420.0,6,0,0,0,0,0,0,1,0,1.0,0,0,0,99,1,4,0,,1,39 55:41.000,5.0,0,75 10:07.708,8,0,0,0,67301,0,0,0,N,0,0,0,6,67301,0,,1,1,,N,N,,0,,0,0,0,0,0,N,9999,4,4,0,0,0,4,1,3,4,0,4,3,,N,,,,,,,,,,,
2007057403,1205.0,0,0,0,0,0,0,0,0,0,5,0,,67,4,2007,2,39.9386,-75.1421,1156.0,6,0,0,0,0,0,0,0,0,2.0,0,0,0,11,1,0,2,,1,39 56:19.000,1.0,2,75 08:31.590,9,0,0,0,67301,0,0,0,N,0,0,0,3,67301,0,,1,9,,N,N,,1,,0,0,2,3,2,Y,1100,0,3,0,0,0,0,1,3,4,0,3,99,,N,,,,,,,,,,,
2007096594,1710.0,2,0,0,0,0,0,0,0,0,4,0,,67,8,2007,7,39.9879,-75.1558,1708.0,6,0,0,0,0,0,1,0,0,,0,0,0,17,1,4,1,,0,39 59:16.000,,0,75 09:20.884,3,0,0,0,67301,0,0,0,,0,0,0,4,67301,0,,1,1,,,,,0,,4,0,0,3,2,,1700,4,2,0,0,0,0,0,3,4,0,2,3,,N,,,,,,,,,,,
2007067305,139.0,2,0,0,0,0,0,0,0,0,4,0,,67,4,2007,2,40.0293,-75.1365,139.0,6,0,0,0,0,0,0,0,0,,0,0,0,22,3,1,1,,0,40 01:45.512,,0,75 08:11.291,4,0,0,0,67301,1,0,0,N,1,0,0,2,67301,1,,1,1,,N,N,,0,,0,0,0,3,8,,2230,1,3,0,0,1,0,0,3,4,0,2,3,,N,,,,,,,,,,,
2007067340,836.0,1,0,0,0,0,0,0,0,0,4,0,,67,5,2007,4,40.0549,-75.1545,831.0,6,0,0,0,0,0,1,0,0,,0,0,0,8,1,0,1,,0,40 03:17.800,,0,75 09:16.100,0,0,0,0,67301,0,0,0,N,0,0,0,2,67301,0,,1,1,,N,N,,0,,0,0,0,3,2,,829,0,2,0,0,0,0,0,3,4,1,2,3,,N,,,,,,,,,,,
2007099090,2000.0,1,0,0,0,0,0,0,0,0,4,0,,67,7,2007,2,39.9686,-75.2207,1958.0,6,0,0,0,0,0,0,0,0,,0,0,0,19,1,4,1,,0,39 58:06.999,,0,75 13:14.343,8,0,0,0,67301,0,0,0,,0,0,0,4,67301,0,,1,1,,,,,0,,0,0,0,3,2,,1958,4,2,0,0,0,4,0,3,4,1,2,3,,N,,,,,,,,,,,
2007099149,1422.0,2,0,0,0,0,0,0,0,0,4,0,,67,8,2007,1,39.9557,-75.2347,1419.0,6,0,0,0,0,0,0,0,1,,0,0,0,14,1,1,2,,0,39 57:20.422,,0,75 14:05.013,4,0,0,0,67301,0,0,0,N,0,0,0,3,67301,1,,1,9,,N,N,,0,,0,0,0,0,0,,1419,1,2,0,0,0,0,0,3,4,0,2,7,,N,,,,,,,,,,,
2007099156,2025.0,2,0,0,0,0,0,0,0,0,5,0,,67,7,2007,3,39.9458,-75.2371,2022.0,6,0,0,0,0,0,0,0,0,,0,0,0,20,1,2,2,,0,39 56:44.826,,0,75 14:13.477,4,0,0,0,67301,0,0,0,N,0,0,0,5,67301,2,,1,1,,N,N,,0,,0,0,0,0,0,,2020,2,2,0,0,2,0,0,3,4,0,2,3,,N,,,,,,,,,,,
2007029584,1755.0,1,0,0,0,0,0,0,0,0,4,0,,67,1,2007,2,40.0517,-75.1749,1750.0,6,0,0,0,0,0,0,0,0,2.0,0,0,0,17,3,0,0,,1,40 03:06.000,1.0,0,75 10:29.730,9,0,0,0,67301,0,0,0,N,0,0,0,1,67301,0,,6,1,,N,N,,0,,0,0,1,0,0,N,1745,0,2,0,0,0,0,1,3,4,0,2,3,,N,,,,,,,,,,,
2007095107,1540.0,1,0,0,0,0,0,0,0,0,8,0,,67,6,2007,7,40.0718,-75.1629,1517.0,6,0,0,0,0,0,0,0,0,,0,0,0,20,4,1,2,,0,40 04:18.555,,0,75 09:46.605,8,0,0,0,67301,1,0,0,N,1,0,0,2,67301,0,,1,1,,N,N,,0,,0,0,0,0,0,,2030,1,2,0,0,0,1,0,3,4,0,1,3,,N,,,,,,,,,,,
2007094976,1752.0,1,0,0,0,0,0,0,0,0,1,1,,67,8,2007,2,39.8946,-75.2296,1744.0,6,0,0,0,0,0,0,0,0,,0,1,0,16,1,1,1,,0,39 53:40.000,,0,75 13:46.507,8,0,0,0,67301,0,0,0,N,0,0,0,2,67301,0,,1,1,,N,N,,0,,0,0,0,3,2,,1636,1,2,0,0,0,1,0,3,4,0,2,3,,N,,,,,,,,,,,
2007092491,1912.0,2,0,0,0,0,0,0,0,0,1,0,,67,7,2007,1,39.9739,-75.1519,1908.0,6,0,0,0,0,0,0,0,0,,0,0,0,19,1,1,0,,0,39 58:25.904,,0,75 09:06.689,4,0,0,0,67301,0,0,0,N,0,0,0,5,67301,1,,1,1,,N,N,,0,,0,0,0,0,0,,1900,1,2,0,0,0,0,0,3,4,0,2,3,,N,,,,,,,,,,,
2007095048,1307.0,0,0,0,0,0,0,0,0,0,8,0,,67,6,2007,5,40.0121,-75.1547,1306.0,6,0,0,0,0,0,0,0,0,,0,0,0,13,1,1,0,,0,40 00:43.632,,0,75 09:17.074,4,0,0,0,67301,1,0,0,N,1,0,0,6,67301,1,,1,1,,N,N,,0,,0,0,0,0,0,,1305,1,2,0,0,0,0,0,3,4,1,1,3,,N,,,,,,,,,,,
2007095079,824.0,1,0,0,0,0,0,0,0,0,7,0,,67,8,2007,5,39.9219,-75.1906,823.0,6,0,0,0,0,0,0,0,0,,0,0,0,8,1,0,0,,0,39 55:18.000,,0,75 11:26.167,0,0,0,0,67301,0,0,0,,0,0,0,1,67301,0,,2,9,,,,,0,,0,0,0,0,0,,821,0,2,0,0,0,0,0,3,4,0,1,3,,N,,,,,,,,,,,
2007092781,830.0,2,0,0,0,0,0,0,0,0,4,0,,67,8,2007,2,40.0667,-75.178,825.0,6,0,0,0,0,0,0,1,0,,0,0,0,7,1,0,2,,0,40 04:00.000,,0,75 10:40.851,0,0,0,0,67301,0,0,0,N,0,0,0,3,67301,0,,1,1,,N,N,,0,,0,0,0,3,3,,730,0,2,0,0,0,0,0,3,4,0,2,3,,N,,,,,,,,,,,
2007092782,1729.0,2,0,0,0,0,0,0,0,0,4,0,,67,7,2007,6,40.0869,-74.9711,1715.0,6,0,0,0,0,0,1,0,0,3.0,0,0,0,17,1,3,0,,2,40 05:12.000,3.0,0,74 58:16.148,8,0,0,0,67301,0,0,0,Y,0,0,0,4,67301,0,,1,1,,N,N,,0,,0,0,1,0,0,Y,1715,3,3,0,0,0,3,0,3,4,0,3,3,,N,,,,,,,,,,,
2007120517,2259.0,2,0,0,0,0,0,0,0,0,1,0,,67,10,2007,5,39.9241,-75.2455,2259.0,6,0,0,0,0,0,1,0,0,,0,0,0,22,6,1,1,,0,39 55:26.682,,0,75 14:43.799,8,0,0,0,67301,0,0,0,N,0,0,0,2,67301,0,,1,9,,N,N,,0,,0,0,0,3,2,,2216,1,2,0,0,0,1,0,3,4,0,2,3,,N,,,,,,,,,,,
2007120521,1543.0,2,0,0,0,0,0,0,0,0,4,0,,67,10,2007,2,40.0721,-75.013,1538.0,6,0,0,0,0,0,1,1,0,,0,0,0,15,1,1,1,,0,40 04:19.382,,0,75 00:46.920,4,0,0,0,67301,0,0,0,N,0,0,0,2,67301,1,,1,1,,N,N,,0,,0,0,0,3,2,,1530,1,2,0,0,0,0,0,3,4,0,2,3,,N,,,,,,,,,,,
2007128034,1742.0,0,0,0,0,0,0,0,0,0,1,0,,67,12,2007,4,40.0041,-75.2204,1742.0,6,0,0,0,0,0,0,0,0,,0,0,0,14,1,0,0,,0,40 00:14.000,,0,75 13:13.597,0,0,0,0,67301,0,0,0,N,0,0,0,2,46104,0,,1,1,,N,N,,0,,0,0,2,0,0,,1415,0,2,0,0,0,0,0,3,4,0,2,3,,N,,,,,,,,,,,
2007082936,230.0,1,0,0,0,0,0,0,0,0,7,0,,67,6,2007,4,39.9646,-75.1793,227.0,6,0,0,0,0,0,0,0,0,2.0,0,0,0,2,3,0,5,,1,39 57:52.629,4.0,0,75 10:45.505,0,0,0,0,67301,0,0,0,,0,0,0,1,67301,0,,3,1,,,,,0,,0,0,0,3,2,N,220,0,1,0,0,1,0,0,3,4,0,1,3,,N,,,,,,,,,,,
2007080480,833.0,2,0,0,0,0,0,0,0,0,2,0,,67,6,2007,2,40.0524,-75.0733,833.0,6,0,0,0,0,0,0,0,0,,0,0,0,8,1,2,1,,0,40 03:08.640,,0,75 04:23.775,8,0,0,0,67301,0,0,0,N,0,0,0,2,67301,0,,1,1,,N,N,,0,,0,0,0,3,2,,830,2,2,0,0,0,2,0,3,4,0,2,3,,N,,,,,,,,,,,
2007107127,2007.0,3,0,0,0,0,0,0,0,0,4,0,,67,9,2007,7,40.0628,-75.1843,2005.0,6,0,0,0,0,0,1,0,0,,0,0,0,19,3,1,1,,0,40 03:45.928,,0,75 11:03.659,8,0,0,0,67301,0,0,0,N,0,0,0,1,67301,0,,1,1,,N,N,,0,,0,0,0,0,0,,1950,1,3,0,0,0,1,0,3,4,0,3,3,,N,,,,,,,,,,,
2007120727,1920.0,0,0,0,0,0,0,0,0,0,8,0,,67,9,2007,1,39.9689,-75.1362,1905.0,6,0,0,0,0,0,0,0,0,,0,0,0,17,1,1,1,,0,39 58:08.000,,0,75 08:10.344,4,0,0,0,67301,1,0,0,N,1,0,0,3,67301,1,,1,1,,N,N,,1,,0,0,0,9,2,,1730,1,2,0,0,0,0,0,3,4,0,1,3,,N,,,,,,,,,,,
2007027974,2100.0,2,0,0,0,0,0,0,0,0,1,0,,67,1,2007,6,40.0599,-75.1334,2100.0,6,0,0,0,0,0,0,0,0,,0,0,0,15,1,1,1,,0,40 03:35.000,,0,75 08:00.048,8,0,0,0,67301,0,0,0,N,0,0,0,2,67301,0,,1,9,,N,N,,0,,0,0,0,3,2,,1530,1,2,0,0,0,1,0,3,4,0,2,7,,N,,,,,,,,,,,
2007023208,2120.0,0,0,0,0,0,0,0,0,0,1,1,,67,1,2007,6,39.8851,-75.2503,2108.0,6,0,0,0,0,0,1,0,0,2.0,0,1,0,21,3,0,0,,1,39 53:06.276,4.0,0,75 15:01.215,0,0,0,0,67301,0,0,0,N,0,0,0,2,67301,0,,1,1,,N,N,,0,,0,0,1,0,0,N,2100,0,2,0,0,0,0,0,3,4,0,2,3,,N,,,,,,,,,,,
2007047267,930.0,3,0,0,0,0,0,0,0,0,4,0,,67,2,2007,4,39.9291,-75.2205,930.0,6,0,0,0,0,0,1,0,0,,0,0,0,9,1,2,1,,0,39 55:44.760,,0,75 13:13.800,8,0,0,0,67301,0,0,0,N,0,0,0,3,67301,0,,1,2,,N,N,,0,,0,0,0,3,2,,930,2,3,0,0,0,2,0,3,4,0,3,10,,N,,,,,,,,,,,
2007047510,1007.0,1,0,0,0,0,0,0,0,0,8,0,,67,3,2007,1,40.0432,-75.2275,1004.0,6,0,0,0,0,0,0,0,0,,0,0,0,0,6,1,2,,0,40 02:35.000,,0,75 13:38.065,8,0,0,0,67301,1,0,0,N,1,0,0,2,67301,0,,1,9,,N,N,,0,,0,0,0,3,3,,0,1,2,0,0,0,1,0,3,4,0,1,10,,N,,,,,,,,,,,
2007047582,1354.0,2,0,0,0,0,0,0,0,0,4,0,,67,2,2007,2,39.9169,-75.216,1352.0,6,0,0,0,0,0,0,0,0,,0,0,0,13,1,0,0,,0,39 55:05.000,,0,75 12:32.275,0,0,0,0,67301,0,0,0,N,0,0,0,2,67301,0,,1,9,,N,N,,0,,0,0,0,0,0,,1342,0,2,0,0,0,0,0,3,4,0,2,3,,N,,,,,,,,,,,
2007067856,2343.0,2,0,0,0,0,0,0,0,0,4,0,,67,4,2007,1,39.9565,-75.1653,2341.0,6,0,0,0,0,0,0,0,0,,0,0,0,23,3,1,0,,0,39 57:23.533,,0,75 09:54.928,4,0,0,0,67301,0,0,0,,0,0,0,2,67301,1,,1,1,,,,,0,,0,0,0,0,0,,2338,1,2,0,0,1,0,0,3,4,0,2,3,,N,,,,,,,,,,,
2007067857,2148.0,4,0,0,0,0,0,0,0,0,3,0,,67,4,2007,6,39.9574,-75.1979,2147.0,6,0,0,0,0,0,0,0,1,,0,0,0,21,3,1,0,,0,39 57:26.712,,0,75 11:52.595,8,0,0,0,67301,0,0,0,,0,0,0,2,67301,0,,1,1,,,,,0,,0,0,1,0,0,,2140,1,5,0,0,2,1,0,3,4,0,5,3,,N,,,,,,,,,,,
2007095875,1630.0,1,0,0,0,0,0,0,0,0,8,0,,67,7,2007,3,40.066,-75.1576,1624.0,6,0,0,0,0,0,0,0,0,,0,0,0,16,1,1,0,,0,40 03:57.560,,0,75 09:27.277,3,0,0,0,67301,1,0,0,N,1,0,0,3,67301,0,,1,1,,N,N,,0,,1,0,0,0,0,,1622,1,2,0,0,0,0,0,3,4,0,1,3,,N,,,,,,,,,,,
2007022371,1816.0,1,0,0,1,0,0,0,0,0,5,0,,67,1,2007,3,39.949,-75.144,1813.0,6,0,0,0,0,0,0,0,0,,0,0,0,18,3,1,0,,0,39 56:56.277,,0,75 08:38.238,4,0,0,0,67301,1,0,0,N,0,0,0,2,67301,1,,1,1,,N,N,,0,,0,0,0,0,0,,1813,1,2,0,0,0,0,1,3,4,0,1,3,,N,,,,,,,,,,,
2007027475,2130.0,1,0,0,0,0,0,0,0,0,8,0,,67,1,2007,6,40.0152,-75.1552,2128.0,6,0,0,0,0,0,0,0,0,,0,0,0,21,3,1,2,,0,40 00:54.000,,0,75 09:18.795,4,0,0,0,67301,1,0,0,N,1,0,0,2,67301,1,,1,1,,N,N,,0,,0,0,0,3,2,,2125,1,2,0,0,0,0,0,3,4,0,1,3,,N,,,,,,,,,,,
2007027527,107.0,0,0,0,0,0,0,0,0,0,4,0,,67,2,2007,7,39.9893,-75.1555,105.0,6,0,0,0,0,0,0,0,0,1.0,0,0,0,1,3,2,1,,1,39 59:21.000,2.0,0,75 09:19.705,3,0,0,0,67301,0,0,0,N,0,0,0,3,67301,0,,1,1,,N,N,,0,,2,0,2,3,2,Y,104,2,2,0,0,0,0,1,3,4,0,2,3,,N,,,,,,,,,,,
2007027612,2108.0,2,0,0,0,0,0,0,0,0,1,0,,67,1,2007,7,40.1167,-75.0116,2102.0,6,0,0,0,0,0,0,0,0,1.0,0,0,0,99,3,0,0,,1,40 07:00.019,1.0,0,75 00:41.857,0,0,0,0,67301,0,0,0,N,0,0,0,1,67301,0,,6,9,,N,N,,0,,0,0,0,0,0,N,9999,0,2,0,0,0,0,0,3,4,0,2,98,,N,,,,,,,,,,,
2007027658,1130.0,1,0,0,0,0,0,0,0,0,1,0,,67,1,2007,4,39.9545,-75.1984,1100.0,6,0,0,0,0,0,0,0,0,,0,0,0,11,1,1,1,,0,39 57:18.000,,0,75 11:53.890,8,0,0,0,67301,0,0,0,N,0,0,0,2,67301,0,,1,1,,N,N,,0,,0,0,1,3,2,,1100,1,2,0,0,0,1,1,3,4,0,2,3,,N,,,,,,,,,,,
2007027693,230.0,2,0,0,0,0,0,0,0,0,1,0,,67,1,2007,7,39.9991,-75.1088,227.0,6,0,0,0,0,0,1,0,0,,0,0,0,2,3,3,2,,0,39 59:56.641,,0,75 06:31.521,4,0,0,0,67301,0,0,0,N,0,0,0,4,67301,2,,1,1,,N,N,,0,,0,0,0,0,0,,225,3,2,0,0,0,1,0,3,4,0,2,3,,N,,,,,,,,,,,
2007022533,240.0,2,0,0,0,0,0,0,0,0,4,0,,67,1,2007,2,39.9761,-75.1602,237.0,6,0,0,0,2,0,0,0,0,,0,0,0,2,3,1,1,,0,39 58:33.855,,0,75 09:36.622,8,0,0,0,67301,0,0,0,N,0,0,0,4,67301,0,,1,9,,N,N,,0,,0,0,1,3,2,,234,1,3,0,0,0,1,0,3,4,0,3,7,,N,,,,,,,,,,,
2007027734,1541.0,2,0,0,0,0,0,0,0,0,4,0,,67,1,2007,5,39.9485,-75.1447,1538.0,6,0,0,0,0,0,0,0,0,,0,0,0,15,1,1,2,,0,39 56:54.000,,0,75 08:39.386,4,0,0,0,67301,0,0,0,N,0,0,0,3,67301,1,,1,9,,N,N,,0,,0,0,0,3,3,,1537,1,2,0,0,3,0,0,3,4,0,2,9,,N,,,,,,,,,,,
2007027741,2345.0,2,0,0,0,0,0,0,0,0,4,0,,67,1,2007,7,40.0085,-75.2107,2344.0,6,0,0,0,0,0,0,0,0,,0,0,0,23,3,1,1,,0,40 00:30.600,,0,75 12:38.520,8,0,0,0,67301,0,0,0,N,0,0,0,3,67301,0,,1,1,,N,N,,0,,0,0,0,3,2,,2344,1,2,0,0,0,1,0,3,4,0,2,3,,N,,,,,,,,,,,
2007022677,338.0,1,0,0,0,0,0,0,0,0,7,0,,67,1,2007,2,40.0941,-75.0469,335.0,6,0,0,0,0,1,0,0,0,,0,0,0,99,3,0,0,,0,40 05:38.000,,0,75 02:48.959,0,0,0,0,67301,0,0,0,N,0,0,0,1,67301,0,,5,9,,N,N,,0,,0,0,0,0,0,,9999,0,1,0,0,0,0,0,3,4,0,1,7,,N,,,,,,,,,,,
2007022716,732.0,2,0,0,0,0,0,0,0,0,5,0,,67,1,2007,7,40.0151,-75.1775,720.0,6,0,0,0,0,0,0,0,0,1.0,0,0,0,7,1,2,0,,1,40 00:54.256,4.0,0,75 10:39.045,3,0,0,0,67301,0,0,0,N,0,0,0,2,67301,0,,1,1,,N,N,,0,,2,0,0,3,8,N,718,2,2,0,0,1,0,0,3,4,0,2,3,,N,,,,,,,,,,,
2007022784,1813.0,2,0,0,0,0,0,0,0,0,5,0,,67,1,2007,3,40.0236,-75.0769,1810.0,6,0,0,0,0,0,0,0,0,1.0,0,0,0,99,3,1,2,,1,40 01:24.000,2.0,0,75 04:36.867,8,0,0,0,67301,0,0,0,N,0,0,0,3,67301,0,,1,1,,N,N,,0,,0,0,0,0,0,N,9999,1,2,0,0,0,1,1,3,4,0,2,3,,N,,,,,,,,,,,
2007080946,1150.0,0,0,0,0,0,0,0,0,0,8,0,,67,3,2007,6,39.933,-75.1678,1148.0,6,0,0,0,0,0,0,0,0,,0,0,0,11,1,1,1,,0,39 55:58.356,,0,75 10:03.995,4,0,0,0,67301,1,0,0,N,1,0,0,2,67301,1,,1,1,,N,N,,0,,0,0,1,3,2,,1148,1,2,0,0,0,0,0,3,4,0,1,3,,N,,,,,,,,,,,
2007066316,225.0,1,0,0,0,0,0,0,0,0,8,0,,67,4,2007,4,40.0424,-75.2263,220.0,6,0,0,0,0,0,1,0,0,,0,0,0,17,1,1,2,,0,40 02:32.000,,0,75 13:34.030,8,0,0,0,67301,1,0,0,,1,0,0,2,67301,0,,1,9,,,,,0,,0,0,0,9,2,,1731,1,2,0,0,0,1,0,3,4,0,1,7,,N,,,,,,,,,,,
2007056605,1245.0,2,0,0,0,0,0,0,0,0,4,0,,67,4,2007,1,40.0522,-75.0931,1238.0,6,0,0,0,0,0,1,1,0,,0,0,0,12,1,1,1,,0,40 03:07.000,,0,75 05:35.124,8,0,0,0,67301,0,0,0,N,0,0,0,3,67301,0,,1,1,,N,N,,0,,0,0,0,3,3,,1234,1,2,0,0,0,1,0,3,4,0,2,3,,N,,,,,,,,,,,
2007096311,1025.0,1,0,0,0,0,0,0,0,0,1,0,,67,8,2007,5,39.9256,-75.2343,1025.0,6,0,0,0,0,0,0,0,0,,0,0,0,7,1,1,1,,0,39 55:32.000,,0,75 14:03.558,4,0,0,0,67301,0,0,0,,0,0,0,2,67301,1,,1,1,,,,,0,,0,0,0,3,2,,757,1,2,0,0,0,0,1,3,4,0,2,3,,N,,,,,,,,,,,
2007067265,517.0,1,0,0,0,0,0,0,0,0,8,0,,67,5,2007,5,39.9154,-75.2354,512.0,6,0,0,0,0,0,0,0,0,,0,0,0,5,1,1,0,,0,39 54:55.600,,0,75 14:07.300,4,0,0,0,67301,1,0,0,N,1,0,0,2,67301,1,,1,1,,N,N,,0,,0,0,0,3,2,,512,1,2,0,0,0,0,0,3,4,0,1,3,5.0,N,,,,,,,,,,,
2007067312,1430.0,2,0,0,0,0,0,0,0,0,1,0,,67,5,2007,3,39.9878,-75.2429,1422.0,6,0,0,0,0,0,0,0,0,,0,0,0,14,1,1,0,,0,39 59:16.231,,0,75 14:34.317,4,0,0,0,67301,0,0,0,N,0,0,0,3,67301,1,,1,1,,N,N,,0,,0,0,1,0,0,,1415,1,3,0,0,2,0,1,3,4,0,3,3,,N,,,,,,,,,,,
2007067392,1612.0,2,0,0,0,0,0,0,0,0,4,0,,67,4,2007,1,39.9556,-75.1646,1608.0,6,0,0,0,0,1,0,0,0,,0,0,0,16,1,1,1,,0,39 57:19.000,,0,75 09:52.702,8,0,0,0,67301,0,0,0,N,0,0,0,2,67301,0,,1,1,,N,N,,0,,0,0,0,2,2,,1605,1,2,0,0,0,1,0,3,4,0,2,3,,N,,,,,,,,,,,
2007057197,1632.0,2,0,0,0,0,0,0,0,0,4,0,,67,4,2007,2,40.0325,-75.1242,1627.0,6,0,0,0,0,0,1,0,0,,0,0,0,16,1,2,1,,0,40 01:57.154,,0,75 07:27.076,8,0,0,0,67301,0,0,0,N,0,0,0,3,67301,0,,1,9,,N,N,,0,,0,0,0,3,2,,1602,2,2,0,0,0,2,0,3,4,0,2,7,,N,,,,,,,,,,,
2007057223,1030.0,0,0,0,0,0,0,0,0,0,7,0,,67,3,2007,5,39.9081,-75.1732,1006.0,6,0,0,0,0,0,0,0,0,,0,0,0,10,1,0,0,,0,39 54:29.000,,0,75 10:23.556,9,0,0,0,67301,0,0,0,N,0,0,0,1,67301,0,,5,1,,N,N,,0,,0,0,1,0,0,,1000,0,1,0,0,0,0,1,3,4,0,1,3,,N,,,,,,,,,,,