CRN,ARRIVAL_TM,AUTOMOBILE_COUNT,BELTED_DEATH_COUNT,BELTED_SUSP_SERIOUS_INJ_COUNT,BICYCLE_COUNT,BICYCLE_DEATH_COUNT,BICYCLE_SUSP_SERIOUS_INJ_COUNT,BUS_COUNT,CHLDPAS_DEATH_COUNT,CHLDPAS_SUSP_SERIOUS_INJ_COUNT,COLLISION_TYPE,COMM_VEH_COUNT,CONS_ZONE_SPD_LIM,COUNTY,CRASH_MONTH,CRASH_YEAR,DAY_OF_WEEK,DEC_LAT,DEC_LONG,DISPATCH_TM,DISTRICT,DRIVER_COUNT_16YR,DRIVER_COUNT_17YR,DRIVER_COUNT_18YR,DRIVER_COUNT_19YR,DRIVER_COUNT_20YR,DRIVER_COUNT_50_64YR,DRIVER_COUNT_65_74YR,DRIVER_COUNT_75PLUS,EST_HRS_CLOSED,FATAL_COUNT,HEAVY_TRUCK_COUNT,HORSE_BUGGY_COUNT,HOUR_OF_DAY,ILLUMINATION,INJURY_COUNT,INTERSECT_TYPE,INTERSECTION_RELATED,LANE_CLOSED,LATITUDE,LN_CLOSE_DIR,LOCATION_TYPE,LONGITUDE,MAX_SEVERITY_LEVEL,MCYCLE_DEATH_COUNT,MCYCLE_SUSP_SERIOUS_INJ_COUNT,MOTORCYCLE_COUNT,MUNICIPALITY,NONMOTR_COUNT,NONMOTR_DEATH_COUNT,NONMOTR_SUSP_SERIOUS_INJ_COUNT,NTFY_HIWY_MAINT,PED_COUNT,PED_DEATH_COUNT,PED_SUSP_SERIOUS_INJ_COUNT,PERSON_COUNT,POLICE_AGCY,POSSIBLE_INJ_COUNT,RDWY_SURF_TYPE_CD,RELATION_TO_ROAD,ROAD_CONDITION,ROADWAY_CLEARED,SCH_BUS_IND,SCH_ZONE_IND,SECONDARY_CRASH,SMALL_TRUCK_COUNT,SPEC_JURIS_CD,SUSP_MINOR_INJ_COUNT,SUSP_SERIOUS_INJ_COUNT,SUV_COUNT,TCD_FUNC_CD,TCD_TYPE,TFC_DETOUR_IND,TIME_OF_DAY,TOT_INJ_COUNT,TOTAL_UNITS,UNB_DEATH_COUNT,UNB_SUSP_SERIOUS_INJ_COUNT,UNBELTED_OCC_COUNT,UNK_INJ_DEG_COUNT,UNK_INJ_PER_COUNT,URBAN_AREA,URBAN_RURAL,VAN_COUNT,VEHICLE_COUNT,WEATHER1,WEATHER2,WORK_ZONE_IND,WORK_ZONE_LOC,WORK_ZONE_TYPE,WORKERS_PRES,WZ_CLOSE_DETOUR,WZ_FLAGGER,WZ_LAW_OFFCR_IND,WZ_LN_CLOSURE,WZ_MOVING,WZ_OTHER,WZ_SHLDER_MDN,WZ_WORKERS_INJ_KILLED
2007057248,1845.0,1,0,0,0,0,0,0,0,0,1,0,,67,4,2007,5,40.0368,-75.0407,1830.0,6,0,0,0,0,0,1,0,0,1.0,0,0,0,18,1,1,1,,2,40 02:12.000,2.0,0,75 02:26.659,8,0,0,0,67301,0,0,0,N,0,0,0,2,67301,0,,1,1,,N,N,,0,,0,0,1,3,4,N,1830,1,2,0,0,0,1,0,3,4,0,2,3,,N,,,,,,,,,,,
2007099129,1010.0,1,0,0,1,0,0,0,0,0,4,0,,67,7,2007,1,40.0105,-75.0791,1005.0,6,0,0,0,0,0,0,0,0,,0,0,0,10,1,1,1,,0,40 00:37.000,,0,75 04:45.357,3,0,0,0,67301,1,0,0,N,0,0,0,2,67301,0,,1,1,,N,N,,0,,1,0,0,3,2,,1004,1,2,0,0,0,0,0,3,4,0,1,3,,N,,,,,,,,,,,
2007029582,1703.0,1,0,0,0,0,0,0,0,0,4,0,,67,1,2007,5,39.9946,-75.0945,1700.0,6,0,0,0,0,0,0,0,0,,0,0,0,15,1,1,1,,0,39 59:40.000,,0,75 05:40.312,4,0,0,0,67301,0,0,0,N,0,0,0,3,67301,1,,1,1,,N,N,,0,,0,0,1,3,2,,1530,1,2,0,0,0,0,0,3,4,0,2,3,,N,,,,,,,,,,,
2007100019,1520.0,2,0,0,0,0,0,0,0,0,4,0,,67,8,2007,4,39.9933,-75.0971,1510.0,6,0,0,0,0,0,1,0,0,,0,0,0,0,3,1,0,,0,39 59:35.000,,7,75 05:49.640,4,0,0,0,67301,0,0,0,,0,0,0,2,67301,1,,1,1,,N,N,,0,,0,0,0,3,2,,35,1,2,0,0,0,0,1,3,4,0,2,3,,N,,,,,,,,,,,
2007120922,2336.0,2,0,0,0,0,0,0,0,0,4,0,,67,10,2007,2,,,2332.0,6,0,0,0,0,0,0,0,0,2.0,0,0,0,23,3,0,0,,2,,2.0,0,,9,0,0,0,67301,0,0,0,N,0,0,0,1,67301,0,,5,1,,N,N,,0,,0,0,0,0,0,N,2320,0,2,0,0,0,0,1,3,3,0,2,3,,N,,,,,,,,,,,
2007099612,1420.0,0,0,0,0,0,0,0,0,0,7,0,,67,7,2007,3,39.9767,-75.1651,1419.0,6,0,0,0,0,0,0,0,0,,0,0,0,14,1,0,0,,0,39 58:36.136,,0,75 09:54.248,0,0,0,0,67301,0,0,0,,0,0,0,1,67301,0,,5,1,,,,,1,,0,0,0,0,0,,1417,0,1,0,0,0,0,0,3,4,0,1,3,,N,,,,,,,,,,,
2007097472,143.0,1,0,0,0,0,0,0,0,0,7,0,,67,8,2007,2,39.9567,-75.1423,143.0,6,0,0,1,0,0,0,0,0,,0,0,0,1,3,1,0,,0,39 57:29.000,,2,75 08:29.720,8,0,0,0,67301,0,0,0,N,0,0,0,1,67301,0,,3,9,,N,N,,0,,0,0,0,0,0,,126,1,1,0,0,0,1,0,3,4,0,1,7,,N,,,,,,,,,,,
2007095277,2025.0,1,0,0,0,0,0,0,0,0,4,0,,67,8,2007,6,40.0605,-75.0572,2022.0,6,0,0,0,0,0,1,0,0,3.0,0,0,0,20,3,2,1,,2,40 03:37.000,1.0,99,75 03:26.035,8,0,0,0,67301,0,0,0,N,0,0,0,4,67301,0,,1,9,,N,N,,0,,0,0,1,3,2,Y,2022,2,2,0,0,0,2,0,3,4,0,2,7,,N,,,,,,,,,,,
2007092322,405.0,1,0,0,1,0,0,0,0,0,4,0,,67,7,2007,7,39.9605,-75.137,403.0,6,0,0,0,0,0,0,0,0,,0,0,0,2,3,1,2,,0,39 57:36.720,,0,75 08:13.920,8,0,0,0,67301,1,0,0,N,0,0,0,3,67301,0,,1,1,,N,N,,0,,0,0,0,3,2,,230,1,2,0,0,0,1,2,3,4,0,1,3,,N,,,,,,,,,,,
2007092338,1935.0,1,0,0,0,0,0,0,0,0,8,0,,67,7,2007,7,39.9668,-75.2418,1935.0,6,0,0,0,0,0,0,0,0,,0,0,0,19,1,0,1,,0,39 58:00.577,,0,75 14:30.400,9,0,0,0,67301,1,0,0,N,1,0,0,2,67301,0,,1,1,,N,N,,0,,0,0,0,9,3,,1935,0,2,0,0,0,0,2,3,4,0,1,3,,N,,,,,,,,,,,
2007120513,1332.0,3,0,0,0,0,0,0,0,0,1,0,,67,10,2007,5,40.1107,-75.0208,1330.0,6,0,0,0,0,0,2,1,0,,0,0,0,13,1,2,1,,0,40 06:38.556,,0,75 01:14.955,4,0,0,0,67301,0,0,0,N,0,0,0,5,67301,2,,1,1,,N,N,,0,,0,0,0,3,3,,1330,2,3,0,0,0,0,0,3,4,0,3,3,,N,,,,,,,,,,,
2007120539,101.0,1,0,0,0,0,0,0,0,0,4,1,,67,10,2007,6,39.9542,-75.1395,100.0,6,0,0,0,0,0,0,0,0,,0,1,0,99,3,0,2,,0,39 57:14.000,,0,75 08:22.455,0,0,0,0,67301,0,0,0,,0,0,0,2,67301,0,,1,1,,N,N,,0,,0,0,0,0,0,,9999,0,2,0,0,0,0,0,3,4,0,2,3,,N,,,,,,,,,,,
2007120631,2329.0,2,0,0,0,0,0,0,0,0,5,0,,67,9,2007,1,39.9201,-75.1572,2327.0,6,0,0,0,0,0,0,0,0,,0,0,0,23,3,0,0,,0,39 55:12.462,,0,75 09:25.910,0,0,0,0,67301,0,0,0,N,0,0,0,1,67301,0,,1,1,,N,N,,0,,0,0,1,0,0,,2315,0,4,0,0,0,0,0,3,4,1,4,3,,N,,,,,,,,,,,
2007120636,2020.0,1,0,0,0,0,0,0,0,0,1,0,,67,9,2007,7,40.0169,-75.1495,2010.0,6,0,0,0,0,0,0,0,1,,0,0,0,10,1,2,1,,0,40 01:00.000,,0,75 08:58.114,4,0,0,0,67301,0,0,0,N,0,0,0,3,67301,2,,1,98,,N,N,,0,,0,0,1,9,2,,1030,2,2,0,0,0,0,0,3,4,0,2,99,,N,,,,,,,,,,,
2007107129,2358.0,1,0,0,0,0,0,0,0,0,8,0,,67,9,2007,6,40.0655,-75.1554,2353.0,6,0,0,0,0,0,0,0,0,1.0,0,0,0,23,3,1,2,,1,40 03:55.807,2.0,0,75 09:19.612,2,0,0,0,67301,1,0,1,N,1,0,1,2,67301,0,,1,1,,N,N,,0,,0,1,0,0,0,Y,2348,1,2,0,0,0,0,0,3,4,0,1,3,,N,,,,,,,,,,,
2007102295,1250.0,2,0,0,0,0,0,0,0,0,1,0,,67,7,2007,4,39.9551,-75.2101,1249.0,6,0,0,0,0,0,1,1,0,,0,0,0,12,1,2,0,,0,39 57:18.000,,0,75 12:36.607,2,0,0,0,67301,0,0,0,N,0,0,0,5,67301,1,,1,1,,N,N,,0,,0,1,1,9,2,,1230,2,3,0,0,0,0,0,3,4,0,3,3,,N,,,,,,,,,,,
2007120734,9999.0,2,0,0,0,0,0,0,0,0,4,0,,67,10,2007,2,39.9249,-75.174,2353.0,6,0,0,0,0,0,1,0,0,,0,0,0,23,3,0,1,,0,39 55:28.000,,0,75 10:16.478,0,0,0,0,67301,0,0,0,,0,0,0,4,67301,0,,1,1,,N,N,,0,,0,0,0,3,2,,2353,0,2,0,0,0,0,0,3,4,0,2,3,,N,,,,,,,,,,,
2007027804,1550.0,1,0,0,1,0,0,0,0,0,4,0,,67,1,2007,1,39.9582,-75.2291,1547.0,6,0,0,0,0,0,0,1,0,,0,0,0,15,1,1,1,,0,39 57:29.433,,0,75 13:44.921,8,0,0,0,67301,1,0,0,N,0,0,0,2,67301,0,,1,1,,N,N,,0,,0,0,0,3,3,,1544,1,2,0,0,0,1,0,3,4,0,1,3,,N,,,,,,,,,,,
2007027947,1145.0,1,0,0,0,0,0,0,0,0,8,0,,67,1,2007,5,40.006,-75.0919,1143.0,6,0,0,0,0,0,0,0,0,9.0,0,0,0,11,1,1,1,,2,40 00:21.000,2.0,0,75 05:30.664,3,0,0,0,67301,1,0,0,N,1,0,0,2,67301,0,,1,1,,N,N,,0,,1,0,0,3,2,Y,1139,1,2,0,0,0,0,0,3,4,0,1,3,,N,,,,,,,,,,,
2007027970,1910.0,1,0,0,0,0,0,0,0,0,5,0,,67,1,2007,5,39.958,-75.2212,1927.0,6,0,0,0,0,0,0,0,0,1.0,0,0,0,7,3,2,1,,1,39 57:28.000,3.0,0,75 13:16.371,8,0,0,0,67301,0,0,0,N,0,0,0,3,67301,0,,1,9,,Y,N,,0,,0,0,1,3,2,N,725,2,2,0,0,0,2,0,3,4,0,2,7,,N,,,,,,,,,,,
2007023217,1720.0,2,0,0,0,0,0,0,0,0,4,0,,67,1,2007,4,40.0422,-75.0801,1716.0,6,0,0,0,0,0,1,0,0,1.0,0,0,0,16,1,2,1,,1,40 02:32.049,1.0,0,75 04:48.539,2,0,0,0,67301,0,0,0,,0,0,0,3,67301,1,,1,1,,,N,,0,,0,1,0,9,3,N,1657,2,2,0,0,0,0,0,3,4,0,2,3,,N,,,,,,,,,,,
2007067209,2140.0,3,0,0,0,0,0,0,0,0,4,0,,67,4,2007,4,39.9165,-75.2458,2136.0,6,0,0,0,0,0,1,0,0,2.0,0,0,0,21,3,3,0,,2,39 54:59.000,1.0,0,75 14:44.980,8,0,0,0,67301,0,0,0,N,0,0,0,3,67301,0,,1,9,,N,N,,0,,0,0,0,0,0,Y,2118,3,3,0,0,0,3,0,3,4,0,3,7,,N,,,,,,,,,,,
2007067223,349.0,1,0,0,0,0,0,0,0,0,7,0,,67,5,2007,6,39.9567,-75.1423,344.0,6,0,0,0,0,0,0,0,0,1.0,0,0,0,3,3,0,0,,1,39 57:27.000,4.0,2,75 08:31.601,0,0,0,0,67301,0,0,0,N,0,0,0,3,67301,0,,3,1,,N,N,,0,,0,0,0,0,0,N,344,0,1,0,0,0,0,0,3,4,0,1,3,,N,,,,,,,,,,,
2007057215,1253.0,2,0,0,0,0,0,0,0,0,4,0,,67,3,2007,7,40.0352,-75.1455,1243.0,6,0,0,0,0,0,0,0,0,,0,0,0,12,1,1,1,,0,40 02:06.000,,0,75 08:43.671,4,0,0,0,67301,0,0,0,N,0,0,0,3,67301,1,,1,1,,N,N,,0,,0,0,0,3,2,,1242,1,2,0,0,3,0,0,3,4,0,2,3,,N,,,,,,,,,,,
2007067087,810.0,1,0,0,0,0,0,0,0,0,8,0,,67,5,2007,3,40.0339,-75.1087,753.0,6,0,0,0,0,0,0,0,0,,0,0,0,7,5,1,0,,0,40 02:02.166,,0,75 06:31.240,4,0,0,0,67301,1,0,0,N,1,0,0,3,67301,1,,1,1,,N,N,,0,,0,0,0,0,0,,712,1,2,0,0,0,0,1,3,4,0,1,3,,N,,,,,,,,,,,
2007099080,1614.0,2,0,0,0,0,0,0,0,0,1,0,,67,8,2007,7,40.0124,-75.0584,1611.0,6,0,0,0,0,0,1,0,0,,0,0,0,16,1,3,2,,0,40 00:45.000,,0,75 03:29.345,4,0,0,0,67301,0,0,0,N,0,0,0,5,67301,2,,1,1,,N,N,,0,,0,0,0,3,2,,1609,3,2,0,0,0,1,1,3,4,0,2,3,,N,,,,,,,,,,,
2007057363,1005.0,2,0,0,0,0,0,0,0,0,1,0,,67,3,2007,4,40.0459,-75.1306,1004.0,6,0,0,0,0,0,1,0,0,,0,0,0,10,1,2,0,,0,40 02:45.237,,0,75 07:50.016,4,0,0,0,67301,0,0,0,N,0,0,0,4,67301,2,,1,1,,N,N,,0,,0,0,1,3,2,,1004,2,4,0,0,0,0,0,3,4,1,4,3,,N,,,,,,,,,,,
2007057364,1157.0,2,0,0,0,0,0,1,0,0,4,1,,67,4,2007,7,40.0706,-75.1847,1155.0,6,0,0,0,0,0,1,0,0,,0,0,0,11,1,0,1,,0,40 04:14.160,,0,75 11:04.920,0,0,0,0,67301,0,0,0,N,0,0,0,3,67301,0,,9,1,,N,N,,0,,0,0,0,3,1,,1155,0,3,0,0,0,0,0,3,4,0,3,3,,N,,,,,,,,,,,
2007057366,827.0,1,0,0,0,0,0,0,0,0,4,0,,67,4,2007,5,40.0667,-75.178,825.0,6,0,0,0,0,0,0,0,0,3.0,0,0,0,8,8,5,1,,1,40 04:00.000,1.0,0,75 10:40.851,8,0,0,0,67301,0,0,0,N,0,0,0,6,67301,0,,1,9,,N,N,,0,,0,0,1,9,3,N,815,5,4,0,0,0,5,0,3,4,2,4,7,,N,,,,,,,,,,,
2007057375,2102.0,1,0,0,0,0,0,0,0,0,4,0,,67,4,2007,4,39.9143,-75.1719,2100.0,6,0,0,0,0,0,0,0,0,,0,0,0,20,3,0,1,,0,39 54:51.000,,0,75 10:18.969,0,0,0,0,67301,0,0,0,N,0,0,0,4,67301,0,,1,1,,N,N,,0,,0,0,1,0,0,,2050,0,2,0,0,0,0,0,3,4,0,2,3,,N,,,,,,,,,,,
2007029588,1805.0,2,0,0,0,0,0,0,0,0,6,0,,67,1,2007,5,39.9185,-75.2259,1759.0,6,0,0,0,0,0,0,0,0,1.0,0,0,0,99,3,2,1,,1,39 55:06.000,1.0,0,75 13:33.263,4,0,0,0,67301,0,0,0,N,0,0,0,3,67301,2,,1,1,,N,N,,0,,0,0,0,3,2,Y,9999,2,2,0,0,1,0,0,3,4,0,2,3,,N,,,,,,,,,,,
2007100033,905.0,1,0,0,0,0,0,0,0,0,0,0,,67,7,2007,1,40.0331,-75.1987,859.0,6,0,0,0,0,0,0,0,0,,0,0,0,8,1,1,0,,0,40 01:59.000,,0,75 11:54.832,4,0,0,0,67301,0,0,0,N,0,0,0,1,67301,1,,1,9,,N,N,,0,,0,0,0,0,0,,850,1,1,0,0,1,0,0,3,4,0,1,7,,N,,,,,,,,,,,
2007097483,1235.0,2,0,0,0,0,0,0,0,0,4,0,,67,7,2007,3,40.0734,-75.0847,1219.0,6,0,0,0,0,0,1,0,0,,0,0,0,12,1,0,3,,0,40 04:24.000,,0,75 05:04.743,0,0,0,0,67301,0,0,0,N,0,0,0,2,67301,0,,1,1,,N,N,,0,,0,0,0,3,2,,1207,0,2,0,0,0,0,0,3,4,0,2,3,,N,,,,,,,,,,,
2007095285,1040.0,1,0,0,0,0,0,0,0,0,8,0,,67,8,2007,5,39.9649,-75.1594,1035.0,6,0,0,0,0,0,0,0,0,,0,0,0,10,1,1,2,,0,39 57:53.000,,0,75 09:34.098,8,0,0,0,67301,1,0,0,,1,0,0,3,67301,0,,5,1,,N,N,,0,,0,0,0,2,3,,1030,1,2,0,0,0,1,0,3,4,0,1,3,,N,,,,,,,,,,,
2007095000,323.0,1,0,0,0,0,0,0,0,0,7,0,,67,8,2007,7,39.9521,-75.1823,323.0,6,0,0,0,0,0,0,0,0,,0,0,0,3,3,0,0,,0,39 57:13.000,,0,75 10:53.115,0,0,0,0,67301,0,0,0,Y,0,0,0,2,68K01,0,,2,1,,N,N,,0,,0,0,0,0,0,,300,0,1,0,0,0,0,0,3,4,0,1,3,,N,,,,,,,,,,,
2007095060,1324.0,1,0,0,0,0,0,0,0,0,1,0,,67,7,2007,2,39.9786,-75.0977,1318.0,6,0,0,0,0,0,0,0,1,,0,0,0,13,1,1,1,,0,39 58:43.000,,0,75 05:51.614,4,0,0,0,67301,0,0,0,N,0,0,0,1,67301,1,,5,1,,N,N,,0,,0,0,1,0,0,,1310,1,2,0,0,0,0,0,3,4,0,2,3,,N,,,,,,,,,,,
2007092605,2343.0,1,0,0,0,0,0,0,0,0,7,0,,67,7,2007,4,40.0313,-75.085,2337.0,6,0,0,0,0,0,0,0,0,,0,0,0,22,3,1,0,,0,40 01:52.626,,0,75 05:06.090,4,0,0,0,67301,0,0,0,N,0,0,0,1,67301,1,,4,9,,N,N,,0,,0,0,0,0,0,,2215,1,1,0,0,0,0,0,3,4,0,1,7,,N,,,,,,,,,,,
2007120602,1458.0,1,0,0,0,0,0,0,0,0,8,0,,67,10,2007,2,40.0169,-75.1495,1455.0,6,0,0,0,0,0,0,0,1,,0,0,0,14,1,1,1,,0,40 01:00.000,,0,75 08:58.114,4,0,0,0,67301,1,0,0,N,1,0,0,2,67301,1,,1,1,,N,N,,0,,0,0,0,3,2,,1424,1,2,0,0,0,0,0,3,4,0,1,3,,N,,,,,,,,,,,
2007120608,1950.0,0,0,0,0,0,0,0,0,0,5,0,,67,9,2007,1,39.9982,-75.1334,1935.0,6,0,0,0,0,0,0,0,0,,0,0,0,18,4,5,0,,0,39 59:53.502,,0,75 08:00.387,4,0,0,0,67301,5,0,0,,5,0,0,7,67301,4,,6,1,,N,,,0,,0,0,1,9,7,,1848,5,8,0,0,0,1,0,3,4,1,3,3,,N,,,,,,,,,,,
2007122387,503.0,1,0,0,0,0,0,0,0,0,7,0,,67,10,2007,5,39.9771,-75.1993,454.0,6,0,0,0,0,0,0,0,0,,0,0,0,4,3,0,0,,0,39 58:38.000,,0,75 12:02.227,0,0,0,0,67301,0,0,0,Y,0,0,0,1,68K01,0,,2,9,,N,N,,0,,0,0,0,0,0,,454,0,1,0,0,0,0,0,3,4,0,1,7,,N,,,,,,,,,,,
2007102297,837.0,1,0,0,0,0,0,0,0,0,3,0,,67,7,2007,6,40.0097,-75.196,820.0,6,0,0,1,0,0,0,0,0,,0,0,0,8,1,7,2,,0,40 00:34.000,,0,75 11:45.583,3,0,0,0,67301,0,0,0,,0,0,0,11,67301,6,,1,1,,,,,1,,1,0,0,3,2,,810,7,3,0,0,0,0,0,3,4,1,3,3,,N,,,,,,,,,,,
2007027900,245.0,0,0,0,0,0,0,0,0,0,7,0,,67,1,2007,6,40.0978,-75.0305,245.0,6,0,0,0,0,0,0,0,0,,0,0,0,2,3,0,0,,0,40 05:50.000,,0,75 01:49.981,0,0,0,0,67301,0,0,0,,0,0,0,2,67301,0,,5,1,,,,,1,,0,0,0,0,0,,245,0,1,0,0,0,0,0,3,4,0,1,3,,N,,,,,,,,,,,
2007117198,1608.0,0,0,0,0,0,0,0,0,0,8,0,,67,10,2007,7,39.9745,-75.2537,1603.0,6,0,0,0,0,0,0,0,0,,0,0,0,16,1,1,1,,0,39 58:28.020,,0,75 15:13.168,4,0,0,0,67301,1,0,0,N,1,0,0,2,67301,1,,1,1,,,N,,0,,0,0,1,3,2,,1600,1,2,0,0,0,0,1,3,4,0,1,3,,N,,,,,,,,,,,
2007027973,1545.0,1,0,0,0,0,0,0,0,0,4,0,,67,1,2007,1,39.9449,-75.2127,1540.0,6,0,0,0,1,0,0,0,0,,0,0,0,15,1,1,1,,0,39 56:41.625,,0,75 12:45.723,8,0,0,0,67301,0,0,0,N,0,0,0,6,67301,0,,1,1,,N,N,,0,,0,0,1,3,2,,1533,1,2,0,0,0,1,0,3,4,0,2,3,,N,,,,,,,,,,,
2007047501,103.0,1,0,0,0,0,0,0,0,0,7,0,,67,2,2007,2,40.0256,-75.2024,100.0,6,0,0,0,1,0,0,0,0,,0,0,0,99,3,0,2,,0,40 01:32.000,,0,75 12:08.738,0,0,0,0,67301,0,0,0,Y,0,0,0,1,67301,0,,5,6,,N,N,,0,,0,0,0,0,0,,9999,0,1,0,0,0,0,0,3,4,0,1,9,,N,,,,,,,,,,,
2007047571,1550.0,2,0,0,0,0,0,0,0,0,1,0,,67,2,2007,7,39.9527,-75.2106,1548.0,6,0,0,0,0,0,0,0,0,,0,0,0,15,1,1,1,,0,39 57:09.612,,0,75 12:38.023,4,0,0,0,67301,0,0,0,N,0,0,0,5,67301,1,,1,1,,N,N,,0,,0,0,0,3,2,,1547,1,2,0,0,0,0,0,3,4,0,2,3,,N,,,,,,,,,,,
2007062630,2300.0,3,0,0,0,0,0,0,0,0,1,0,,67,5,2007,5,39.9381,-75.198,2258.0,6,0,0,0,0,0,2,0,0,1.0,0,0,0,22,3,2,0,,1,39 56:22.691,3.0,0,75 11:47.283,3,0,0,0,67301,0,0,0,N,0,0,0,5,68K01,1,,1,1,,N,N,,0,,1,0,0,0,0,N,2257,2,3,0,0,0,0,0,3,4,0,3,3,,N,,,,,,,,,,,
2007104140,1817.0,2,0,0,0,0,0,0,0,0,4,0,,67,8,2007,5,40.0362,-75.1287,1817.0,6,0,0,0,0,0,0,0,0,2.0,0,0,0,18,1,1,1,,2,40 02:10.000,7.0,0,75 07:43.436,8,0,0,0,67301,0,0,0,N,0,0,0,2,67301,0,,1,1,,N,N,,0,,0,0,0,3,2,Y,1816,1,2,0,0,0,1,0,3,4,0,2,3,,N,,,,,,,,,,,
2007111962,1317.0,2,0,0,0,0,0,0,0,0,1,0,,67,7,2007,1,40.0618,-75.1367,1317.0,6,0,0,0,0,0,0,0,0,,0,0,0,13,1,2,0,,0,40 03:42.000,,0,75 08:11.879,8,0,0,0,67301,0,0,0,N,0,0,0,4,46102,0,,1,1,,N,N,,0,,0,0,0,3,2,,1317,2,2,0,0,1,2,0,3,4,0,2,3,,N,,,,,,,,,,,
2007106790,613.0,2,0,0,0,0,0,0,0,0,4,0,,67,7,2007,5,40.0278,-75.1471,609.0,6,0,0,0,0,0,1,0,0,,0,0,0,6,1,1,0,,0,40 01:39.000,,0,75 08:49.542,8,0,0,0,67301,0,0,0,N,0,0,0,2,67301,0,,1,9,,N,N,,0,,0,0,0,0,0,,608,1,2,0,0,0,1,1,3,4,0,2,7,,N,,,,,,,,,,,
2007109404,1742.0,1,0,0,0,0,0,1,0,0,4,1,,67,9,2007,6,40.0765,-75.0327,1716.0,6,0,0,0,0,0,0,0,0,,0,0,0,17,1,1,1,,0,40 04:35.000,,0,75 01:58.202,4,0,0,0,67301,0,0,0,N,0,0,0,9,67301,1,,1,1,,N,N,,0,,0,0,0,3,2,,1715,1,2,0,0,0,0,0,3,4,0,2,3,,N,,,,,,,,,,,
2007106882,835.0,2,0,0,0,0,0,0,0,0,4,0,,67,8,2007,7,40.0233,-75.1258,835.0,6,0,0,0,0,0,0,0,0,,0,0,0,8,1,3,1,,0,40 01:23.930,,0,75 07:32.757,8,0,0,0,67301,0,0,0,N,0,0,0,3,67301,0,,1,1,,N,N,,0,,0,0,1,9,3,,835,3,5,0,0,0,3,0,3,4,2,5,3,,N,,,,,,,,,,,
2007047799,1425.0,1,0,0,0,0,0,0,0,0,7,0,,67,3,2007,2,40.102,-75.0496,1421.0,6,0,0,0,0,0,0,0,0,4.0,0,0,0,14,1,1,0,,2,40 06:07.000,6.0,0,75 02:58.542,4,0,0,0,67301,0,0,0,N,0,0,0,1,67301,1,,4,1,,N,N,,0,,0,0,0,0,0,Y,1421,1,1,0,0,0,0,0,3,4,0,1,3,,N,,,,,,,,,,,
2007047917,414.0,0,0,0,0,0,0,0,0,0,7,0,,67,3,2007,3,39.8931,-75.2222,409.0,6,0,0,0,0,0,1,0,0,2.0,0,0,0,4,3,1,3,,2,39 53:35.000,2.0,2,75 13:19.839,4,0,0,0,67301,0,0,0,N,0,0,0,1,67301,1,,2,1,,N,N,,0,,0,0,1,0,0,N,408,1,1,0,0,0,0,0,3,4,0,1,3,,N,,,,,,,,,,,
2007047999,1805.0,1,0,0,0,0,0,0,0,0,2,0,,67,3,2007,4,39.9962,-75.0757,1759.0,6,0,0,0,0,0,0,0,0,,0,0,0,17,1,1,0,,0,39 59:46.166,,0,75 04:32.642,4,0,0,0,67301,0,0,0,N,0,0,0,3,67301,1,,1,9,,N,N,,0,,0,0,1,0,0,,1759,1,2,0,0,0,0,0,3,4,0,2,98,,N,,,,,,,,,,,
2007047963,1400.0,1,0,0,0,0,0,0,0,0,7,0,,67,2,2007,4,40.0332,-75.0797,1400.0,6,0,0,0,0,0,0,0,0,,0,0,0,14,1,0,2,,0,40 01:59.000,,0,75 04:46.879,9,0,0,0,67301,0,0,0,N,0,0,0,2,67301,0,,4,7,,N,N,,0,,0,0,0,3,2,,1400,0,1,0,0,0,0,2,3,4,0,1,10,,N,,,,,,,,,,,
2007093564,800.0,1,0,0,0,0,0,0,0,0,4,0,,67,7,2007,7,39.932,-75.1999,753.0,6,0,0,0,0,0,1,0,0,1.0,0,0,0,7,1,5,0,,1,39 55:57.000,4.0,0,75 12:00.111,3,0,0,0,67301,0,0,0,N,0,0,0,5,67301,2,,1,9,,N,N,,0,,3,0,0,0,0,N,752,5,2,0,0,0,0,0,3,4,1,2,3,,N,,,,,,,,,,,
2007093577,615.0,1,0,0,0,0,0,0,0,0,7,0,,67,7,2007,1,39.9555,-75.1407,600.0,6,0,0,0,0,0,0,0,0,,0,0,0,99,1,0,0,,0,39 57:19.936,,0,75 08:26.680,0,0,0,0,67301,0,0,0,N,0,0,0,1,67301,0,,4,1,,N,N,,0,,0,0,0,0,0,,9999,0,2,0,0,0,0,0,3,4,0,1,3,,N,,,,,,,,,,,
2007093407,1227.0,0,0,0,0,0,0,0,0,0,8,0,,67,7,2007,4,40.0259,-75.1145,1225.0,6,0,0,0,0,0,0,0,0,,0,0,0,23,3,3,0,,0,40 01:33.258,,0,75 06:52.138,3,0,0,0,67301,3,0,0,N,3,0,0,3,67301,2,,1,1,,N,N,,0,,1,0,1,0,0,,2330,3,4,0,0,0,0,0,3,4,0,1,3,,N,,,,,,,,,,,