CRN,ARRIVAL_TM,AUTOMOBILE_COUNT,BELTED_DEATH_COUNT,BELTED_SUSP_SERIOUS_INJ_COUNT,BICYCLE_COUNT,BICYCLE_DEATH_COUNT,BICYCLE_SUSP_SERIOUS_INJ_COUNT,BUS_COUNT,CHLDPAS_DEATH_COUNT,CHLDPAS_SUSP_SERIOUS_INJ_COUNT,COLLISION_TYPE,COMM_VEH_COUNT,CONS_ZONE_SPD_LIM,COUNTY,CRASH_MONTH,CRASH_YEAR,DAY_OF_WEEK,DEC_LAT,DEC_LONG,DISPATCH_TM,DISTRICT,DRIVER_COUNT_16YR,DRIVER_COUNT_17YR,DRIVER_COUNT_18YR,DRIVER_COUNT_19YR,DRIVER_COUNT_20YR,DRIVER_COUNT_50_64YR,DRIVER_COUNT_65_74YR,DRIVER_COUNT_75PLUS,EST_HRS_CLOSED,FATAL_COUNT,HEAVY_TRUCK_COUNT,HORSE_BUGGY_COUNT,HOUR_OF_DAY,ILLUMINATION,INJURY_COUNT,INTERSECT_TYPE,INTERSECTION_RELATED,LANE_CLOSED,LATITUDE,LN_CLOSE_DIR,LOCATION_TYPE,LONGITUDE,MAX_SEVERITY_LEVEL,MCYCLE_DEATH_COUNT,MCYCLE_SUSP_SERIOUS_INJ_COUNT,MOTORCYCLE_COUNT,MUNICIPALITY,NONMOTR_COUNT,NONMOTR_DEATH_COUNT,NONMOTR_SUSP_SERIOUS_INJ_COUNT,NTFY_HIWY_MAINT,PED_COUNT,PED_DEATH_COUNT,PED_SUSP_SERIOUS_INJ_COUNT,PERSON_COUNT,POLICE_AGCY,POSSIBLE_INJ_COUNT,RDWY_SURF_TYPE_CD,RELATION_TO_ROAD,ROAD_CONDITION,ROADWAY_CLEARED,SCH_BUS_IND,SCH_ZONE_IND,SECONDARY_CRASH,SMALL_TRUCK_COUNT,SPEC_JURIS_CD,SUSP_MINOR_INJ_COUNT,SUSP_SERIOUS_INJ_COUNT,SUV_COUNT,TCD_FUNC_CD,TCD_TYPE,TFC_DETOUR_IND,TIME_OF_DAY,TOT_INJ_COUNT,TOTAL_UNITS,UNB_DEATH_COUNT,UNB_SUSP_SERIOUS_INJ_COUNT,UNBELTED_OCC_COUNT,UNK_INJ_DEG_COUNT,UNK_INJ_PER_COUNT,URBAN_AREA,URBAN_RURAL,VAN_COUNT,VEHICLE_COUNT,WEATHER1,WEATHER2,WORK_ZONE_IND,WORK_ZONE_LOC,WORK_ZONE_TYPE,WORKERS_PRES,WZ_CLOSE_DETOUR,WZ_FLAGGER,WZ_LAW_OFFCR_IND,WZ_LN_CLOSURE,WZ_MOVING,WZ_OTHER,WZ_SHLDER_MDN,WZ_WORKERS_INJ_KILLED
2007125128,1748.0,0,0,0,0,0,0,0,0,0,8,0,,67,11,2007,7,40.0323,-75.091,1745.0,6,0,0,0,0,0,0,0,0,,0,0,0,17,4,1,0,,0,40 01:56.301,,0,75 05:27.499,3,0,0,0,67301,1,0,0,N,1,0,0,2,67301,0,,1,1,,N,N,,1,,1,0,0,0,0,,1740,1,2,0,0,1,0,0,3,4,0,1,3,,N,,,,,,,,,,,
2007117714,1502.0,2,0,0,0,0,0,0,0,0,2,0,,67,12,2007,1,40.0764,-75.195,1502.0,6,0,0,0,0,0,0,0,1,,0,0,0,15,1,1,1,,0,40 04:35.000,,0,75 11:42.090,4,0,0,0,67301,0,0,0,N,0,0,0,2,46108,1,,1,9,,N,N,,0,,0,0,0,3,2,,1502,1,2,0,0,0,0,0,3,4,0,2,7,,N,,,,,,,,,,,
2007127633,2010.0,1,0,0,0,0,0,0,0,0,4,0,,67,10,2007,6,40.0437,-75.0713,2003.0,6,0,0,0,1,0,0,0,0,,0,0,0,20,3,2,1,,0,40 02:37.165,,0,75 04:16.550,4,0,0,0,67301,0,0,0,N,0,0,0,3,67301,2,,1,9,,N,N,,1,,0,0,0,3,3,,2001,2,2,0,0,0,0,0,3,4,0,2,7,,N,,,,,,,,,,,
2007107359,1700.0,1,0,0,0,0,0,0,0,0,8,0,,67,9,2007,4,39.9445,-75.2319,1652.0,6,0,0,0,1,0,0,0,0,,0,0,0,16,1,1,0,,0,39 56:40.239,,0,75 13:54.714,3,0,0,0,67301,1,0,0,,1,0,0,2,67301,0,,1,1,,N,N,,0,,1,0,0,0,0,,1613,1,2,0,0,0,0,0,3,4,0,1,3,,N,,,,,,,,,,,
2007107508,1920.0,0,0,0,1,0,0,0,0,0,4,0,,67,9,2007,7,40.0336,-75.2257,1915.0,6,0,0,0,0,0,0,0,0,,0,0,0,19,3,1,0,,0,40 02:01.003,,7,75 13:32.610,8,0,0,0,67301,1,0,0,N,0,0,0,2,67301,0,,5,1,,N,N,,0,,0,0,1,0,0,,1900,1,2,0,0,0,1,0,3,4,0,1,3,,N,,,,,,,,,,,
2007067344,910.0,0,0,0,0,0,0,0,0,0,8,0,,67,5,2007,2,40.0001,-75.2287,900.0,6,0,0,0,0,0,1,0,0,,0,0,0,8,1,1,1,,0,40 00:00.312,,0,75 13:43.277,4,0,0,0,67301,1,0,0,N,1,0,0,2,67301,1,,1,1,,N,N,,0,,0,0,1,9,2,,845,1,2,0,0,0,0,0,3,4,0,1,3,,N,,,,,,,,,,,
2007067253,950.0,1,0,0,0,0,0,0,0,0,8,0,,67,5,2007,5,39.9198,-75.1883,943.0,6,0,0,0,0,0,0,0,0,,0,0,0,9,1,1,1,,0,39 55:11.200,,0,75 11:17.800,4,0,0,0,67301,1,0,0,N,1,0,0,2,67301,1,,1,1,,N,N,,0,,0,0,0,9,3,,943,1,2,0,0,0,0,1,3,4,0,1,3,,N,,,,,,,,,,,
2007067258,1930.0,1,0,0,0,0,0,0,0,0,7,0,,67,5,2007,2,40.009,-75.1126,1930.0,6,0,0,0,0,0,0,0,0,,0,0,0,19,1,2,0,,0,40 00:32.274,,0,75 06:45.414,3,0,0,0,67301,0,0,0,N,0,0,0,2,67301,0,,5,1,,N,N,,0,,1,0,0,0,0,,1913,2,1,0,0,0,1,0,3,4,0,1,3,,N,,,,,,,,,,,
2007067272,1501.0,2,0,0,0,0,0,0,0,0,1,0,,67,4,2007,1,40.013,-75.1194,1500.0,6,0,0,0,0,0,0,0,0,,0,0,0,14,1,1,1,,0,40 00:46.713,,0,75 07:09.797,4,0,0,0,67301,0,0,0,N,0,0,0,3,67301,1,,1,1,,N,N,,0,,0,0,0,0,0,,1450,1,2,0,0,1,0,0,3,4,0,2,3,,N,,,,,,,,,,,
2007067378,1740.0,2,0,0,0,0,0,0,0,0,2,0,,67,4,2007,4,40.012,-75.1359,1730.0,6,0,0,0,0,0,0,0,0,,0,0,0,17,1,2,1,,0,40 00:43.066,,0,75 08:09.135,4,0,0,0,67301,0,0,0,N,0,0,0,4,67301,1,,1,9,,N,N,,0,,0,0,0,3,2,,1720,2,2,0,0,0,1,0,3,4,0,2,7,,N,,,,,,,,,,,
2007067175,758.0,2,0,0,0,0,0,1,0,0,4,1,,67,5,2007,3,39.9575,-75.2173,758.0,6,0,0,0,0,0,0,0,1,3.0,0,0,0,7,1,2,1,,1,39 57:27.000,5.0,0,75 13:02.346,4,0,0,0,67301,0,0,0,N,0,0,0,4,67301,2,,1,1,,Y,N,,0,,0,0,0,3,2,Y,758,2,3,0,0,0,0,0,3,4,0,3,3,,N,,,,,,,,,,,
2007067234,1642.0,0,0,0,0,0,0,0,0,0,7,0,,67,4,2007,1,40.0256,-75.0316,1640.0,6,0,0,0,0,0,0,0,0,,0,0,0,16,1,1,1,,0,40 01:32.000,,0,75 01:53.915,3,0,0,1,67301,0,0,0,N,0,0,0,1,67301,0,,4,1,,N,N,,0,,1,0,0,3,2,,1640,1,1,0,0,0,0,0,3,4,0,1,3,,N,,,,,,,,,,,
2007057224,1410.0,1,0,0,0,0,0,0,0,0,8,0,,67,3,2007,6,40.0072,-75.1479,1400.0,6,0,0,0,0,0,0,0,0,,0,0,0,14,1,1,1,,0,40 00:25.851,,0,75 08:52.483,4,0,0,0,67301,1,0,0,N,1,0,0,2,67301,1,,1,9,,N,N,,0,,0,0,0,9,9,,1400,1,2,0,0,0,0,0,3,4,0,1,7,,N,,,,,,,,,,,
2007067085,2045.0,2,0,0,0,0,0,0,0,0,1,0,,67,5,2007,4,40.0072,-75.1745,2040.0,6,0,0,0,0,0,0,0,0,,0,0,0,20,3,1,2,,0,40 00:25.000,,0,75 10:28.144,4,0,0,0,67301,0,0,0,N,0,0,0,4,67301,1,,1,1,,N,N,,0,,0,0,0,3,2,,2030,1,2,0,0,0,0,1,3,4,0,2,3,,N,,,,,,,,,,,
2007099075,2131.0,2,0,0,0,0,0,0,0,0,4,0,,67,8,2007,2,40.0531,-75.1499,2129.0,6,0,0,0,0,0,0,0,0,,0,0,0,21,3,2,1,,0,40 03:11.181,,0,75 08:59.701,4,0,0,0,67301,0,0,0,N,0,0,0,3,67301,2,,1,1,,N,N,,0,,0,0,0,3,2,,2129,2,2,0,0,0,0,1,3,4,0,2,3,,N,,,,,,,,,,,
2007099084,430.0,1,0,0,0,0,0,0,0,0,7,0,,67,8,2007,2,39.9079,-75.1935,428.0,6,0,0,0,1,0,0,0,0,1.0,0,0,0,4,3,0,0,,2,39 54:28.000,2.0,0,75 11:36.828,0,0,0,0,67301,0,0,0,N,0,0,0,1,67301,0,,2,9,,N,N,,0,,0,0,0,0,0,N,425,0,1,0,0,0,0,0,3,4,0,1,7,,N,,,,,,,,,,,
2007057374,2313.0,3,0,0,0,0,0,0,0,0,1,0,,67,3,2007,7,39.9229,-75.1835,2312.0,6,0,0,0,0,0,0,0,0,,0,0,0,99,3,3,1,,0,39 55:23.000,,0,75 10:53.818,8,0,0,0,67301,0,0,0,N,0,0,0,5,67301,0,,1,1,,N,N,,0,,0,0,0,0,0,,9999,3,3,0,0,0,3,1,3,4,0,3,3,,N,,,,,,,,,,,
2007067142,1605.0,0,0,0,0,0,0,0,0,0,8,0,,67,5,2007,2,39.9908,-75.1309,1605.0,6,0,0,0,0,0,1,0,0,,0,0,0,16,1,1,1,,0,39 59:27.000,,0,75 07:51.262,3,0,0,0,67301,1,0,0,,1,0,0,2,67301,0,,1,1,,N,N,,0,,1,0,1,3,2,,1605,1,2,0,0,0,0,0,3,4,0,1,3,,N,,,,,,,,,,,
2007067151,1346.0,1,0,0,0,0,0,0,0,0,1,0,,67,5,2007,4,39.9391,-75.195,1344.0,6,0,0,0,0,0,1,0,0,,0,0,0,13,1,1,1,,0,39 56:20.600,,0,75 11:42.000,4,0,0,0,67301,0,0,0,N,0,0,0,2,67301,1,,1,1,,N,N,,1,,0,0,0,0,0,,1344,1,2,0,0,0,0,0,3,4,0,2,3,,N,,,,,,,,,,,
2007120643,1909.0,1,0,0,0,0,0,0,0,0,8,0,,67,9,2007,7,39.943,-75.2318,1901.0,6,0,0,0,0,0,0,0,0,,0,0,0,19,3,1,1,,0,39 56:34.728,,0,75 13:54.623,4,0,0,0,67301,1,0,0,N,1,0,0,2,67301,1,,1,1,,N,N,,0,,0,0,0,3,3,,1900,1,2,0,0,0,0,0,3,4,0,1,3,,N,,,,,,,,,,,
2007120657,2022.0,1,0,0,0,0,0,0,0,0,4,0,,67,10,2007,7,39.9458,-75.1668,2020.0,6,0,0,0,0,0,0,0,0,,0,0,0,99,3,3,10,,0,39 56:44.732,,0,75 10:00.371,8,0,0,0,67301,0,0,0,N,0,0,0,3,67301,0,,1,1,,N,N,,0,,0,0,1,3,2,,9999,3,2,0,0,0,3,0,3,4,0,2,3,,N,,,,,,,,,,,
2007107069,1713.0,2,0,0,0,0,0,0,0,0,2,0,,67,9,2007,2,39.9771,-75.2299,1710.0,6,0,0,0,0,1,0,0,0,,0,0,0,17,1,3,2,,0,39 58:37.470,,0,75 13:47.492,3,0,0,0,67301,0,0,0,N,0,0,0,4,67301,1,,4,1,,N,N,,0,,2,0,0,3,2,,1710,3,2,0,0,0,0,0,3,4,0,2,3,,N,,,,,,,,,,,
2007080486,1741.0,1,0,0,0,0,0,0,0,0,4,0,,67,6,2007,2,40.0493,-75.0679,1739.0,6,0,0,0,0,0,0,0,0,,0,0,0,17,1,3,1,,0,40 02:57.000,,0,75 04:04.310,4,0,0,0,67301,0,0,0,,0,0,0,7,67301,3,,1,1,,,,,1,,0,0,0,9,2,,1737,3,2,0,0,7,0,0,3,4,0,2,3,,N,,,,,,,,,,,
2007080493,930.0,2,0,0,0,0,0,0,0,0,6,0,,67,6,2007,6,39.9837,-75.1365,915.0,6,0,0,1,0,0,0,0,0,,0,0,0,9,1,2,1,,0,39 59:01.460,,0,75 08:11.468,4,0,0,0,67301,0,0,0,N,0,0,0,4,67301,2,,1,1,,N,N,,0,,0,0,0,9,2,,915,2,2,0,0,0,0,2,3,4,0,2,3,,N,,,,,,,,,,,
2007107047,1615.0,1,0,0,0,0,0,0,0,0,1,0,,67,9,2007,7,39.9104,-75.1727,1600.0,6,0,0,0,0,0,0,0,0,,0,0,0,15,1,1,0,,0,39 54:37.000,,0,75 10:21.781,3,0,0,0,67301,0,0,0,,0,0,0,3,67301,0,,1,1,,N,N,,0,,1,0,1,0,0,,1545,1,2,0,0,0,0,0,3,4,0,2,3,,N,,,,,,,,,,,
2007120698,1914.0,0,0,0,0,0,0,0,0,0,8,0,,67,10,2007,5,40.0105,-75.0791,1914.0,6,0,0,0,0,0,0,0,0,1.0,0,0,0,19,3,1,1,,1,40 00:37.000,2.0,0,75 04:45.357,4,0,0,0,67301,1,0,0,N,1,0,0,2,67301,1,,1,1,,N,N,,0,,0,0,0,3,2,N,1910,1,2,0,0,0,0,0,3,4,1,1,3,,N,,,,,,,,,,,
2007120732,1448.0,1,0,0,0,0,0,0,0,0,6,0,,67,10,2007,3,39.8946,-75.2296,1440.0,6,0,0,0,0,1,0,0,0,,0,0,0,99,1,1,2,,0,39 53:40.000,,0,75 13:46.057,8,0,0,0,67301,0,0,0,N,0,0,0,3,67301,0,,1,1,,N,N,,1,,0,0,0,3,2,,9999,1,2,0,0,2,1,0,3,4,0,2,3,,N,,,,,,,,,,,
2007117216,241.0,1,0,0,0,0,0,0,0,0,7,0,,67,10,2007,3,40.0245,-75.0307,238.0,6,0,0,0,0,0,0,0,0,,0,0,0,2,3,1,0,,0,40 01:28.000,,0,75 01:50.759,4,0,0,0,67301,0,0,0,N,0,0,0,2,67301,1,,2,1,,N,N,,0,,0,0,0,0,0,,235,1,1,0,0,0,0,1,3,4,0,1,3,,N,,,,,,,,,,,
2007047561,1747.0,1,0,0,0,0,0,0,0,0,7,0,,67,3,2007,6,40.0406,-75.1515,1745.0,6,0,0,0,0,0,0,0,0,,0,0,0,17,1,1,5,,0,40 02:26.275,,0,75 09:05.486,4,0,0,0,67301,0,0,0,N,0,0,0,1,67301,1,,4,1,,N,N,,0,,0,0,0,2,3,,1734,1,1,0,0,0,0,0,3,4,0,1,3,,N,,,,,,,,,,,
2007047591,1416.0,2,0,0,0,0,0,0,0,0,4,0,,67,2,2007,3,40.0283,-75.1848,1414.0,6,0,0,0,0,0,1,0,1,,0,0,0,14,1,0,2,,0,40 01:41.000,,0,75 11:05.066,9,0,0,0,67301,0,0,0,N,0,0,0,3,67301,0,,1,1,,N,N,,0,,0,0,0,3,3,,1410,0,2,0,0,0,0,1,3,4,0,2,3,,N,,,,,,,,,,,
2007047504,123.0,1,0,1,0,0,0,0,0,0,7,0,,67,2,2007,1,40.0349,-75.2349,120.0,6,0,0,0,0,0,1,0,0,,0,0,0,1,3,1,2,,0,40 02:05.704,,0,75 14:05.819,2,0,0,0,67301,0,0,0,N,0,0,0,1,67301,0,,5,1,,N,N,,0,,0,1,0,3,3,,115,1,1,0,0,0,0,0,3,4,0,1,3,,N,,,,,,,,,,,
2007047608,850.0,2,0,0,0,0,0,0,0,0,6,0,,67,2,2007,5,39.9831,-75.1126,830.0,6,0,0,0,0,0,0,0,0,,0,0,0,8,1,0,2,,0,39 58:59.253,,0,75 06:45.406,0,0,0,0,67301,0,0,0,N,0,0,0,2,67301,0,,1,1,,N,N,,0,,0,0,0,0,0,,815,0,2,0,0,0,0,0,3,4,0,2,3,,N,,,,,,,,,,,
2007047692,1735.0,0,0,0,0,0,0,0,0,0,8,0,,67,3,2007,5,39.9537,-75.1579,9999.0,6,0,0,0,0,0,0,0,0,,0,0,0,17,1,1,1,,0,39 57:13.496,,0,75 09:28.376,4,0,0,0,67301,1,0,0,N,1,0,0,2,67301,1,,1,1,,N,N,,0,,0,0,1,3,2,,1725,1,2,0,0,0,0,0,3,4,0,1,3,,N,,,,,,,,,,,
2007067665,1830.0,1,0,0,0,0,0,0,0,0,1,0,,67,5,2007,2,40.0862,-74.9952,1826.0,6,0,0,0,0,0,1,0,0,,0,0,0,18,1,1,0,,0,40 05:10.158,,0,74 59:42.752,4,0,0,0,67301,0,0,0,N,0,0,0,3,67301,1,,1,1,,N,N,,0,,0,0,0,9,3,,1826,1,2,0,0,0,0,0,3,4,1,2,3,,N,,,,,,,,,,,
2007106874,1643.0,1,0,0,0,0,0,0,0,0,1,0,,67,8,2007,4,40.0372,-75.1237,1639.0,6,0,0,0,0,0,1,0,0,,0,0,0,16,1,1,1,,0,40 02:13.851,,0,75 07:25.305,8,0,0,0,67301,0,0,0,,0,0,0,3,67301,0,,1,1,,N,N,,0,,0,0,0,3,2,,1603,1,3,0,0,0,1,0,3,4,2,3,3,,N,,,,,,,,,,,
2007109437,730.0,3,0,0,0,0,0,0,0,0,5,0,,67,9,2007,4,40.0152,-75.17,725.0,6,0,0,0,1,0,0,0,0,,0,0,0,7,1,1,0,,0,40 00:54.000,,0,75 10:12.002,8,0,0,0,67301,0,0,0,N,0,0,0,2,67301,0,,2,1,,N,N,,0,,0,0,0,0,0,,720,1,3,0,0,0,1,0,3,4,0,3,3,,N,,,,,,,,,,,
2007047817,1438.0,1,0,0,0,0,0,0,0,0,4,0,,67,2,2007,3,39.9562,-75.1491,1434.0,6,0,0,0,0,0,1,0,0,,0,0,0,14,1,0,2,,0,39 57:23.760,,0,75 08:56.760,9,0,0,0,67301,0,0,0,N,0,0,0,2,67301,0,,1,1,,N,N,,0,,0,0,0,3,2,,1434,0,2,0,0,0,0,1,3,4,1,2,3,,N,,,,,,,,,,,
2007047844,1632.0,3,0,0,0,0,0,0,0,0,1,0,,67,3,2007,2,39.9969,-75.1174,1624.0,6,0,0,0,0,0,0,0,0,,0,0,0,16,1,1,1,,0,39 59:49.000,,0,75 07:02.690,8,0,0,0,67301,0,0,0,,0,0,0,3,67301,0,,1,1,,,,,0,,0,0,0,3,2,,1624,1,3,0,0,0,1,0,3,4,0,3,3,,N,,,,,,,,,,,
2007106983,1850.0,1,0,0,0,0,0,0,0,0,2,0,,67,9,2007,4,40.0647,-74.9823,1838.0,6,0,0,0,1,0,1,0,0,1.0,0,0,0,18,1,2,1,,1,40 03:52.000,2.0,0,74 58:56.122,3,0,0,0,67301,0,0,0,N,0,0,0,2,67301,1,,1,1,,N,N,,1,,1,0,0,3,2,N,1827,2,2,0,0,0,0,0,3,4,0,2,3,,N,,,,,,,,,,,
2007093556,1602.0,1,0,0,0,0,0,0,0,0,6,0,,67,7,2007,7,39.9996,-75.1905,1600.0,6,0,0,0,0,0,1,0,0,,0,0,0,15,1,1,2,,0,39 59:58.000,,0,75 11:25.758,8,0,0,1,67301,0,0,0,,0,0,0,2,67301,0,,1,1,,,,,0,,0,0,0,3,2,,1555,1,2,0,0,0,1,0,3,4,0,2,3,,N,,,,,,,,,,,
2007093558,635.0,0,0,0,0,0,0,0,0,0,0,0,,67,5,2007,3,39.9475,-75.1878,625.0,6,0,0,0,0,0,0,0,0,,0,0,0,6,1,1,0,,0,39 56:51.000,,0,75 11:15.949,4,0,0,1,67301,0,0,0,,0,0,0,2,67301,1,,1,1,,,,,0,,0,0,0,0,0,,615,1,2,0,0,0,0,0,3,4,1,2,3,,N,,,,,,,,,,,
2007093562,2130.0,3,0,0,0,0,0,0,0,0,4,0,,67,6,2007,6,39.9952,-75.1641,2121.0,6,0,0,0,0,0,1,0,0,2.0,0,0,0,20,3,1,1,,2,39 59:42.000,4.0,0,75 09:50.608,8,0,0,0,67301,0,0,0,N,0,0,0,2,67301,0,,1,1,,N,N,,0,,0,0,0,3,3,Y,2035,1,3,0,0,0,1,1,3,4,0,3,3,,N,,,,,,,,,,,
2007093416,1424.0,1,0,0,0,0,0,0,0,0,4,0,,67,7,2007,2,39.8975,-75.2525,1423.0,6,0,0,0,0,0,1,0,0,2.0,0,0,0,14,1,1,1,,1,39 53:50.000,1.0,0,75 15:07.793,4,0,0,0,67301,0,0,0,,0,0,0,2,67301,1,,1,1,,,,,0,,0,0,0,3,2,Y,1423,1,2,0,0,1,0,1,3,4,1,2,3,,N,,,,,,,,,,,
2007093454,1535.0,2,0,0,0,0,0,0,0,0,1,0,,67,7,2007,1,40.0072,-75.1234,9999.0,6,0,0,1,0,0,0,0,0,,0,0,0,14,1,1,1,,0,40 00:25.000,,0,75 07:24.379,4,0,0,0,67301,0,0,0,N,0,0,0,3,67301,1,,1,1,,N,N,,0,,0,0,0,3,2,,1430,1,2,0,0,0,0,0,3,4,0,2,3,,N,,,,,,,,,,,
2007125110,16.0,2,0,0,0,0,0,0,0,0,4,0,,67,10,2007,2,39.96,-75.2473,12.0,6,0,0,0,0,0,0,0,0,,0,0,0,99,2,0,0,,0,39 57:36.000,,0,75 14:50.354,0,0,0,0,67301,0,0,0,N,0,0,0,2,67301,0,,1,1,,N,N,,0,,0,0,0,0,0,,9999,0,2,0,0,0,0,0,3,4,0,2,3,,N,,,,,,,,,,,
2007125122,2150.0,2,0,0,0,0,0,0,0,0,4,0,,67,11,2007,7,40.0252,-75.128,2145.0,6,0,0,0,0,0,0,0,0,1.0,0,0,0,21,3,0,0,,1,40 01:30.790,2.0,0,75 07:41.023,0,0,0,0,67301,0,0,0,N,0,0,0,1,67301,0,,1,1,,N,N,,0,,0,0,0,0,0,N,2140,0,2,0,0,0,0,0,3,4,0,2,3,,N,,,,,,,,,,,
2007125134,30.0,2,0,0,0,0,0,0,0,0,5,0,,67,11,2007,6,40.0396,-75.0663,25.0,6,0,0,0,0,0,0,0,0,2.0,0,0,0,0,3,0,0,,2,40 02:22.000,1.0,0,75 03:58.734,0,0,0,0,67301,0,0,0,N,0,0,0,1,67301,0,,1,1,,N,N,,0,,0,0,4,0,0,N,25,0,6,0,0,0,0,0,3,4,0,6,3,,N,,,,,,,,,,,
2007045673,156.0,1,0,0,0,0,0,0,0,0,7,0,,67,3,2007,7,40.0289,-75.1903,151.0,6,0,0,0,0,0,0,0,0,1.0,0,0,0,1,3,0,0,,2,40 01:43.900,1.0,0,75 11:25.225,0,0,0,0,67301,0,0,0,N,0,0,0,1,67301,0,,5,1,,N,N,,0,,0,0,0,0,0,N,145,0,1,0,0,0,0,0,3,4,0,1,3,,N,,,,,,,,,,,
2007126453,1205.0,2,0,0,0,0,0,0,0,0,1,0,,67,11,2007,7,39.9743,-75.1948,1200.0,6,0,0,0,0,0,0,0,0,,0,0,0,11,1,0,0,,0,39 58:24.000,,8,75 11:37.273,0,0,0,0,67301,0,0,0,N,0,0,0,3,68K01,0,,1,1,,N,N,,0,,0,0,0,0,0,,1158,0,2,0,0,0,0,0,3,4,0,2,3,,N,,,,,,,,,,,
2007123995,312.0,0,0,0,0,0,0,0,0,0,7,0,,67,11,2007,7,40.0374,-75.1909,305.0,6,0,0,0,0,0,0,0,0,,0,0,0,3,3,0,1,,0,40 02:14.460,,0,75 11:27.412,0,0,0,0,67301,0,0,0,N,0,0,0,1,67301,0,,4,9,,N,N,,1,,0,0,0,0,0,,303,0,2,0,0,0,0,0,3,4,0,1,3,,N,,,,,,,,,,,
2007126480,1445.0,1,0,0,0,0,0,0,0,0,4,0,,67,10,2007,7,40.0352,-75.1455,1440.0,6,0,0,0,0,0,0,0,0,,0,0,0,14,1,1,1,,0,40 02:06.000,,0,75 08:43.671,3,0,0,1,67301,0,0,0,N,0,0,0,2,67301,0,,1,1,,N,N,,0,,1,0,0,3,2,,1420,1,2,0,0,0,0,0,3,4,0,2,3,,N,,,,,,,,,,,
2007126559,2357.0,2,0,0,0,0,0,0,0,0,1,0,,67,10,2007,6,40.0119,-75.2049,2350.0,6,0,0,0,0,0,0,0,0,,0,0,0,23,3,3,7,,0,40 00:42.000,,2,75 12:17.698,4,0,0,0,67301,0,0,0,N,0,0,0,5,67301,3,,1,9,,N,N,,0,,0,0,1,0,0,,2348,3,4,0,0,5,0,0,3,4,0,3,7,,N,,,,,,,,,,,
2007110365,1231.0,0,0,0,0,0,0,0,0,0,4,1,,67,9,2007,4,39.9216,-75.1482,1229.0,6,0,0,0,0,0,0,0,0,2.0,0,1,0,12,1,1,1,,1,39 55:17.000,4.0,0,75 08:53.545,8,0,0,0,67301,0,0,0,N,0,0,0,2,67301,0,,1,1,,N,N,,1,,0,0,0,3,2,N,1227,1,2,0,0,0,1,1,3,4,0,2,3,,N,,,,,,,,,,,
2007109994,2001.0,0,0,0,0,0,0,0,0,0,4,0,,67,9,2007,4,40.0233,-75.0768,1957.0,6,0,0,0,0,0,0,0,0,1.0,0,0,0,19,3,1,1,,1,40 01:23.000,2.0,0,75 04:36.638,8,0,0,0,67301,0,0,0,N,0,0,0,2,67301,0,,1,1,,N,N,,0,,0,0,1,3,2,Y,1953,1,2,0,0,0,1,0,3,4,1,2,3,,N,,,,,,,,,,,
2007107554,1100.0,3,0,0,0,0,0,0,0,0,1,0,,67,9,2007,3,40.0543,-75.0495,1055.0,6,0,0,0,0,0,1,0,0,,0,0,0,10,1,2,1,,0,40 03:15.000,,0,75 02:58.198,8,0,0,0,67301,0,0,0,,0,0,0,4,67301,0,,1,1,,,,,0,,0,0,0,3,2,,1045,2,3,0,0,0,2,0,3,4,0,3,3,,N,,,,,,,,,,,
2007107772,1822.0,1,0,0,0,0,0,0,0,0,6,0,,67,9,2007,6,39.9587,-75.1623,1808.0,6,0,0,0,0,0,1,0,0,,0,0,0,18,1,1,2,,0,39 57:31.000,,3,75 09:44.125,4,0,0,0,67301,0,0,0,N,0,0,0,2,67301,1,,1,1,,N,N,,0,,0,0,1,3,2,,1801,1,2,0,0,0,0,0,3,4,0,2,3,,N,,,,,,,,,,,
2007097827,1036.0,2,0,0,0,0,0,1,0,0,1,1,,67,7,2007,3,39.9565,-75.2215,1033.0,6,0,0,0,0,1,1,0,0,3.0,0,0,0,10,1,11,1,,2,39 57:23.000,4.0,0,75 13:17.525,3,0,0,0,67301,0,0,0,N,0,0,0,29,67301,0,,1,1,,N,N,,0,,1,0,0,3,2,N,1033,11,3,0,0,2,10,17,3,4,0,3,3,,N,,,,,,,,,,,
2007097861,36.0,2,0,0,0,0,0,0,0,0,4,0,,67,7,2007,7,40.0334,-75.031,30.0,6,0,0,1,0,0,0,0,0,2.0,0,0,0,23,3,0,1,,1,40 02:00.348,1.0,0,75 01:51.581,0,0,0,0,67301,0,0,0,N,0,0,0,3,67301,0,,1,1,,N,N,,0,,0,0,0,9,3,N,2336,0,2,0,0,1,0,0,3,4,0,2,3,,N,,,,,,,,,,,
2007097875,9999.0,1,0,0,0,0,0,0,0,0,5,1,,67,7,2007,3,39.9309,-75.1457,9999.0,6,0,0,0,0,0,0,0,0,,0,1,0,0,3,1,0,,0,39 56:00.000,,0,75 08:42.350,4,0,0,0,67301,0,0,0,N,0,0,0,2,67301,1,,1,1,,N,N,,0,,0,0,0,0,0,,17,1,2,0,0,0,0,1,3,4,0,2,3,,N,,,,,,,,,,,
2007097881,1610.0,1,0,0,0,0,0,0,0,0,8,0,,67,6,2007,7,39.9448,-75.2396,1600.0,6,0,0,0,0,0,0,0,0,,0,0,0,15,1,1,0,,0,39 56:41.136,,0,75 14:22.552,8,0,0,0,67301,1,0,0,,1,0,0,2,67301,0,,1,1,,N,N,,0,,0,0,0,0,0,,1530,1,2,0,0,0,1,0,3,4,0,1,3,,N,,,,,,,,,,,