CRN,ARRIVAL_TM,AUTOMOBILE_COUNT,BELTED_DEATH_COUNT,BELTED_SUSP_SERIOUS_INJ_COUNT,BICYCLE_COUNT,BICYCLE_DEATH_COUNT,BICYCLE_SUSP_SERIOUS_INJ_COUNT,BUS_COUNT,CHLDPAS_DEATH_COUNT,CHLDPAS_SUSP_SERIOUS_INJ_COUNT,COLLISION_TYPE,COMM_VEH_COUNT,CONS_ZONE_SPD_LIM,COUNTY,CRASH_MONTH,CRASH_YEAR,DAY_OF_WEEK,DEC_LAT,DEC_LONG,DISPATCH_TM,DISTRICT,DRIVER_COUNT_16YR,DRIVER_COUNT_17YR,DRIVER_COUNT_18YR,DRIVER_COUNT_19YR,DRIVER_COUNT_20YR,DRIVER_COUNT_50_64YR,DRIVER_COUNT_65_74YR,DRIVER_COUNT_75PLUS,EST_HRS_CLOSED,FATAL_COUNT,HEAVY_TRUCK_COUNT,HORSE_BUGGY_COUNT,HOUR_OF_DAY,ILLUMINATION,INJURY_COUNT,INTERSECT_TYPE,INTERSECTION_RELATED,LANE_CLOSED,LATITUDE,LN_CLOSE_DIR,LOCATION_TYPE,LONGITUDE,MAX_SEVERITY_LEVEL,MCYCLE_DEATH_COUNT,MCYCLE_SUSP_SERIOUS_INJ_COUNT,MOTORCYCLE_COUNT,MUNICIPALITY,NONMOTR_COUNT,NONMOTR_DEATH_COUNT,NONMOTR_SUSP_SERIOUS_INJ_COUNT,NTFY_HIWY_MAINT,PED_COUNT,PED_DEATH_COUNT,PED_SUSP_SERIOUS_INJ_COUNT,PERSON_COUNT,POLICE_AGCY,POSSIBLE_INJ_COUNT,RDWY_SURF_TYPE_CD,RELATION_TO_ROAD,ROAD_CONDITION,ROADWAY_CLEARED,SCH_BUS_IND,SCH_ZONE_IND,SECONDARY_CRASH,SMALL_TRUCK_COUNT,SPEC_JURIS_CD,SUSP_MINOR_INJ_COUNT,SUSP_SERIOUS_INJ_COUNT,SUV_COUNT,TCD_FUNC_CD,TCD_TYPE,TFC_DETOUR_IND,TIME_OF_DAY,TOT_INJ_COUNT,TOTAL_UNITS,UNB_DEATH_COUNT,UNB_SUSP_SERIOUS_INJ_COUNT,UNBELTED_OCC_COUNT,UNK_INJ_DEG_COUNT,UNK_INJ_PER_COUNT,URBAN_AREA,URBAN_RURAL,VAN_COUNT,VEHICLE_COUNT,WEATHER1,WEATHER2,WORK_ZONE_IND,WORK_ZONE_LOC,WORK_ZONE_TYPE,WORKERS_PRES,WZ_CLOSE_DETOUR,WZ_FLAGGER,WZ_LAW_OFFCR_IND,WZ_LN_CLOSURE,WZ_MOVING,WZ_OTHER,WZ_SHLDER_MDN,WZ_WORKERS_INJ_KILLED
2007093193,1707.0,2,0,0,0,0,0,0,0,0,4,0,,67,7,2007,1,40.0477,-75.1921,1707.0,6,0,0,0,0,0,0,0,1,,0,0,0,16,1,2,1,,0,40 02:51.000,,0,75 11:31.643,4,0,0,0,67301,0,0,0,N,0,0,0,3,67301,2,,1,1,,N,N,,0,,0,0,0,3,3,,1654,2,2,0,0,0,0,0,3,4,0,2,3,,N,,,,,,,,,,,
2007093207,1955.0,0,0,0,0,0,0,0,0,0,8,0,,67,6,2007,7,39.9688,-75.2454,1951.0,6,0,0,0,0,0,0,0,0,,0,0,0,19,4,1,1,,0,39 58:07.000,,0,75 14:43.550,3,0,0,0,67301,1,0,0,N,1,0,0,2,67301,0,,1,1,,N,N,,0,,1,0,1,3,2,,1951,1,2,0,0,0,0,0,3,4,0,1,3,,N,,,,,,,,,,,
2007095871,1826.0,2,0,0,0,0,0,0,0,0,4,0,,67,7,2007,2,40.0808,-75.0284,1822.0,6,0,0,0,0,0,1,0,0,2.0,0,0,0,18,1,2,1,,1,40 04:50.000,7.0,0,75 01:42.117,8,0,0,0,67301,0,0,0,N,0,0,0,2,67301,0,,1,1,,,N,,0,,0,0,0,3,2,Y,1815,2,2,0,0,0,2,0,3,4,0,2,3,,N,,,,,,,,,,,
2007095883,1607.0,2,0,0,0,0,0,0,0,0,5,0,,67,6,2007,7,39.9694,-75.1598,1601.0,6,0,0,0,0,0,1,0,0,2.0,0,0,0,14,1,0,0,,1,39 58:09.000,1.0,0,75 09:35.375,0,0,0,0,67301,0,0,0,,0,0,0,2,67301,0,,1,1,,,,,0,,0,0,0,0,0,N,1400,0,2,0,0,0,0,0,3,4,0,2,3,,N,,,,,,,,,,,
2007093545,240.0,2,0,0,0,0,0,0,0,1,4,0,,67,7,2007,1,39.915,-75.2376,231.0,6,0,0,0,0,1,0,0,0,,0,0,0,0,3,1,1,,0,39 54:53.920,,0,75 14:15.385,2,0,0,0,67301,0,0,0,N,0,0,0,6,67301,0,,1,1,,N,N,,0,,0,1,0,3,2,,56,1,2,0,0,0,0,0,3,4,0,2,3,,N,,,,,,,,,,,
2007027549,1950.0,2,0,0,0,0,0,0,0,0,1,0,,67,1,2007,6,39.9447,-75.1911,1945.0,6,0,0,0,0,0,0,0,0,,0,0,0,19,3,0,0,,0,39 56:41.000,,0,75 11:28.015,0,0,0,0,67301,0,0,0,N,0,0,0,3,67301,0,,1,1,,N,N,,0,,0,0,0,0,0,,1943,0,2,0,0,0,0,0,3,4,0,2,3,,N,,,,,,,,,,,
2007022369,1414.0,0,0,0,0,0,0,0,0,0,8,0,,67,1,2007,3,39.9571,-75.1511,1413.0,6,0,0,0,0,0,0,0,0,1.0,0,0,0,14,1,1,1,,2,39 57:25.000,4.0,0,75 09:03.847,4,0,0,0,67301,1,0,0,N,1,0,0,2,67301,1,,1,1,,N,N,,0,,0,0,1,3,2,N,1412,1,2,0,0,0,0,0,3,4,0,1,3,,N,,,,,,,,,,,
2007027481,2158.0,1,0,0,0,0,0,0,0,0,1,0,,67,1,2007,2,40.0808,-75.0284,2153.0,6,0,0,0,0,0,2,0,0,1.0,0,0,0,21,3,1,1,,1,40 04:50.000,1.0,0,75 01:42.489,4,0,0,0,67301,0,0,0,N,0,0,0,4,67301,1,,1,1,,N,N,,0,,0,0,1,3,2,N,2145,1,2,0,0,0,0,0,3,4,0,2,3,,N,,,,,,,,,,,
2007027513,935.0,1,0,0,0,0,0,0,0,0,4,0,,67,1,2007,6,39.9844,-75.1419,930.0,6,0,0,0,0,0,1,0,0,,0,0,0,9,1,1,1,,0,39 59:03.987,,0,75 08:30.724,4,0,0,0,67301,0,0,0,N,0,0,0,2,67301,1,,1,9,,N,N,,1,,0,0,0,3,2,,930,1,2,0,0,0,0,0,3,4,0,2,3,,N,,,,,,,,,,,
2007027602,1636.0,2,0,0,0,0,0,0,0,0,4,0,,67,1,2007,6,40.0207,-75.1486,1634.0,6,0,0,0,0,0,0,0,0,,0,0,0,16,1,1,2,,0,40 01:14.000,,0,75 08:55.162,8,0,0,0,67301,0,0,0,N,0,0,0,2,67301,0,,1,1,,N,N,,0,,0,0,0,0,0,,1632,1,2,0,0,0,1,1,3,4,0,2,3,,N,,,,,,,,,,,
2007027717,1137.0,0,0,0,0,0,0,0,0,0,8,0,,67,2,2007,6,39.9972,-75.1154,1133.0,6,0,0,0,0,0,0,0,0,,0,0,0,18,8,1,1,,0,39 59:50.024,,0,75 06:55.385,2,0,0,0,67301,1,0,1,,1,0,1,2,67301,0,,1,9,,,,,0,,0,1,0,0,0,,1830,1,2,0,0,0,0,1,3,4,1,1,7,,N,,,,,,,,,,,
2007022841,1753.0,1,0,0,0,0,0,0,0,0,1,0,,67,1,2007,2,39.9139,-75.1491,1750.0,6,0,0,0,0,0,2,0,0,,0,0,0,17,3,1,0,,0,39 54:50.016,,0,75 08:56.630,4,0,0,0,67301,0,0,0,N,0,0,0,2,67301,1,,1,9,,N,N,,1,,0,0,0,0,0,,1748,1,2,0,0,1,0,0,3,4,0,2,7,,N,,,,,,,,,,,
2007022737,1936.0,1,0,0,1,0,0,0,0,0,2,0,,67,1,2007,7,40.0529,-74.9963,1932.0,6,0,0,0,0,0,0,0,0,,0,0,0,17,3,1,1,,0,40 03:10.404,,0,74 59:46.575,3,0,0,0,67301,1,0,0,N,0,0,0,2,67301,0,,1,1,,N,N,,0,,1,0,0,0,0,,1726,1,2,0,0,0,0,0,3,4,0,1,3,,N,,,,,,,,,,,
2007022773,1635.0,0,0,0,0,0,0,0,0,0,6,0,,67,1,2007,7,39.9656,-75.1372,1630.0,6,0,0,0,0,0,1,0,0,,0,0,0,16,1,0,1,,0,39 57:55.902,,0,75 08:13.935,0,0,0,0,67301,0,0,0,N,0,0,0,2,67301,0,,1,1,,N,N,,1,,0,0,1,0,0,,1625,0,2,0,0,0,0,0,3,4,0,2,3,,N,,,,,,,,,,,
2007066262,942.0,1,0,0,0,0,0,0,0,0,8,0,,67,5,2007,5,39.985,-75.1321,938.0,6,0,0,0,0,0,0,0,0,,0,0,0,9,1,1,0,,0,39 59:06.086,,0,75 07:55.484,3,0,0,0,67301,1,0,0,,1,0,0,2,67301,0,,1,1,,N,N,,0,,1,0,0,0,0,,935,1,2,0,0,0,0,0,3,4,0,1,3,,N,,,,,,,,,,,
2007066275,9999.0,1,0,0,0,0,0,0,0,0,6,0,,67,4,2007,5,39.975,-75.1834,9999.0,6,0,0,0,0,0,0,0,0,,0,0,0,22,6,1,0,,0,39 58:29.975,,0,75 11:00.146,8,0,0,0,67301,1,0,0,N,1,0,0,2,67301,0,,6,98,,N,N,,0,,0,0,0,0,0,,2240,1,3,0,0,0,1,0,3,4,1,2,99,,N,,,,,,,,,,,
2007056416,1942.0,2,0,0,0,0,0,0,0,0,1,0,,67,4,2007,1,39.9341,-75.1675,1938.0,6,0,0,0,0,0,0,0,0,,0,0,0,11,1,1,0,,0,39 56:02.000,,0,75 10:03.088,4,0,0,0,67301,0,0,0,N,0,0,0,2,67301,1,,1,1,,N,N,,0,,0,0,0,3,2,,1130,1,2,0,0,0,0,1,3,4,0,2,3,,N,,,,,,,,,,,
2007056475,2302.0,1,0,0,0,0,0,0,0,0,4,0,,67,4,2007,1,40.1111,-75.0243,2300.0,6,0,1,0,0,0,0,0,0,,0,0,0,23,3,3,1,,0,40 06:40.000,,0,75 01:27.355,3,0,0,0,67301,0,0,0,N,0,0,0,5,67301,0,,1,1,,N,N,,0,,3,0,1,3,2,,2300,3,2,0,0,0,0,0,3,4,0,2,3,,N,,,,,,,,,,,
2007057411,223.0,2,0,0,0,0,0,0,0,0,4,0,,67,4,2007,1,39.9774,-75.1127,221.0,6,0,0,0,0,0,0,0,0,1.0,0,0,0,2,3,0,0,,1,39 58:36.840,1.0,0,75 06:49.320,9,0,0,0,67301,0,0,0,N,0,0,0,2,67301,0,,1,1,,N,N,,0,,0,0,0,0,0,N,221,0,2,0,0,0,0,1,3,4,0,2,3,,N,,,,,,,,,,,
2007057533,705.0,1,0,0,0,0,0,1,0,0,4,1,,67,3,2007,3,39.9724,-75.1775,700.0,6,0,0,0,0,0,0,0,0,,0,0,0,5,1,0,2,,0,39 58:20.810,,0,75 10:39.131,0,0,0,0,67301,0,0,0,,0,0,0,2,67301,0,,1,1,,,,,0,,0,0,0,0,0,,500,0,2,0,0,1,0,0,3,4,0,2,3,,N,,,,,,,,,,,
2007057544,1557.0,1,0,0,0,0,0,0,0,0,1,0,,67,4,2007,1,40.0088,-75.2051,1557.0,6,1,0,0,0,0,0,0,0,,0,0,0,15,1,0,0,,0,40 00:32.000,,0,75 12:19.823,0,0,0,0,67301,0,0,0,N,0,0,0,6,68K01,0,,1,1,,N,N,,0,,0,0,2,0,0,,1556,0,3,0,0,0,0,0,3,4,0,3,3,,N,,,,,,,,,,,
2007099068,9999.0,0,0,0,0,0,0,0,0,0,0,0,,67,9,2007,2,39.9568,-75.1389,140.0,6,0,0,0,0,0,0,0,0,,0,0,0,1,3,1,2,,0,39 57:24.000,,0,75 08:19.868,3,0,0,1,67301,0,0,0,N,0,0,0,1,67301,0,,1,1,,N,N,,0,,1,0,0,3,2,,140,1,1,0,0,0,0,0,3,4,0,1,3,,N,,,,,,,,,,,
2007067249,2151.0,1,0,0,0,0,0,0,0,0,6,0,,67,5,2007,6,40.0561,-75.0285,2151.0,6,0,0,0,0,0,1,0,0,,0,0,0,21,3,0,0,,0,40 03:21.900,,0,75 01:42.700,0,0,0,0,67301,0,0,0,N,0,0,0,3,67301,0,,1,1,,N,N,,2,,0,0,0,3,2,,2150,0,3,0,0,0,0,0,3,4,0,3,3,,N,,,,,,,,,,,
2007067342,1747.0,1,0,0,0,0,0,0,0,0,8,0,,67,5,2007,3,39.958,-75.1488,1745.0,6,0,1,0,0,0,0,0,0,,0,0,0,17,1,1,1,,0,39 57:28.000,,0,75 08:55.729,8,0,0,0,67301,1,0,0,,1,0,0,2,67301,0,,1,1,,,,,0,,0,0,0,0,0,,1742,1,2,0,0,1,1,0,3,4,0,1,3,,N,,,,,,,,,,,
2007067367,1113.0,8,0,0,0,0,0,0,0,0,1,0,,67,5,2007,7,40.0445,-75.1198,1110.0,6,0,0,0,0,0,0,0,0,,0,0,0,11,1,1,0,,0,40 02:40.000,,0,75 07:11.251,4,0,0,0,67301,0,0,0,N,0,0,0,7,67301,1,,1,1,,N,N,,0,,0,0,0,3,2,,1109,1,8,0,0,0,0,2,3,4,0,8,3,,N,,,,,,,,,,,
2007067380,220.0,1,0,0,0,0,0,0,0,0,8,0,,67,5,2007,1,40.0156,-75.1498,220.0,6,0,0,0,0,0,1,0,0,,0,0,0,99,3,1,2,,0,40 00:56.000,,0,75 08:59.116,3,0,0,0,67301,1,0,0,N,1,0,0,2,67301,0,,1,1,,N,N,,0,,1,0,0,0,0,,9999,1,2,0,0,0,0,0,3,4,0,1,3,,N,,,,,,,,,,,
2007057211,1120.0,2,0,0,0,0,0,0,0,0,4,0,,67,4,2007,6,39.9555,-75.2136,1118.0,6,0,0,0,0,1,0,0,0,,0,0,0,11,1,2,1,,0,39 57:19.000,,0,75 12:48.923,2,0,0,0,67301,0,0,0,N,0,0,0,2,67301,0,,1,1,,N,N,,0,,0,1,0,3,2,,1106,2,2,0,1,1,1,0,3,4,0,2,3,,N,,,,,,,,,,,
2007057221,1715.0,1,0,0,1,0,0,0,0,0,4,0,,67,3,2007,7,40.0171,-75.1512,1711.0,6,0,0,0,0,0,1,0,0,,0,0,0,17,1,1,1,,0,40 01:01.000,,0,75 09:04.327,3,0,0,0,67301,1,0,0,,0,0,0,2,67301,0,,1,1,,,,,0,,1,0,0,9,9,,1710,1,2,0,0,0,0,0,3,4,0,1,3,,N,,,,,,,,,,,
2007099071,1452.0,1,0,0,0,0,0,0,0,0,8,0,,67,8,2007,7,40.0446,-75.1446,1450.0,6,0,0,0,0,0,1,0,0,1.0,0,0,0,14,1,1,2,,1,40 02:40.423,5.0,0,75 08:40.657,3,0,0,0,67301,1,0,0,N,1,0,0,2,67301,0,,1,1,,N,N,,0,,1,0,0,3,3,Y,1445,1,2,0,0,1,0,0,3,4,0,1,3,,N,,,,,,,,,,,
2007067093,1251.0,0,0,0,1,0,0,0,0,0,5,0,,67,5,2007,3,40.0516,-75.0566,1247.0,6,0,0,0,0,0,0,0,0,,0,0,0,12,1,1,2,,0,40 03:05.000,,0,75 03:23.620,4,0,0,0,67301,1,0,0,,0,0,0,3,67301,1,,4,1,,N,N,,0,,0,0,1,0,0,,1243,1,2,0,0,0,0,0,3,4,0,1,3,,N,,,,,,,,,,,
2007067097,950.0,4,0,0,0,0,0,0,0,0,1,0,,67,5,2007,7,40.114,-74.9876,940.0,6,0,0,0,0,0,0,0,0,,0,0,0,9,1,1,1,,0,40 06:50.000,,0,74 59:15.389,4,0,0,0,67301,0,0,0,,0,0,0,4,67301,1,,1,1,,,,,0,,0,0,0,3,2,,925,1,4,0,0,0,0,0,3,4,0,4,3,,N,,,,,,,,,,,
2007022456,1743.0,1,0,0,0,0,0,0,0,0,8,0,,67,1,2007,6,39.9562,-75.1941,1739.0,6,0,0,0,0,0,0,0,0,,0,0,0,17,3,1,1,,0,39 57:22.000,,0,75 11:38.869,4,0,0,0,67301,1,0,0,,1,0,0,2,67301,1,,1,1,,N,N,,0,,0,0,0,0,0,,1730,1,2,0,0,1,0,0,3,4,0,1,3,,N,,,,,,,,,,,
2007027702,1545.0,2,0,0,0,0,0,0,0,0,6,0,,67,1,2007,5,39.9378,-75.234,1540.0,6,0,0,0,0,0,0,1,0,,0,0,0,15,1,1,5,,0,39 56:16.000,,0,75 14:02.266,4,0,0,0,67301,0,0,0,,0,0,0,2,67301,1,,1,1,,N,N,,0,,0,0,0,0,0,,1538,1,2,0,0,0,0,0,3,4,0,2,3,,N,,,,,,,,,,,
2007027556,1745.0,1,0,0,0,0,0,0,0,0,4,0,,67,1,2007,7,39.9474,-75.1876,1741.0,6,0,0,0,0,0,0,0,0,,0,0,0,17,3,0,1,,0,39 56:50.000,,2,75 11:15.478,0,0,0,0,67301,0,0,0,N,0,0,0,5,67301,0,,1,9,,N,N,,1,,0,0,0,3,2,,1739,0,2,0,0,0,0,0,3,4,0,2,98,,N,,,,,,,,,,,
2007022781,1500.0,1,0,0,0,0,0,0,0,0,4,0,,67,1,2007,4,40.0809,-75.0288,1452.0,6,0,0,0,0,0,1,0,0,1.0,0,0,0,14,1,1,1,,2,40 04:51.000,2.0,0,75 01:43.129,3,0,0,0,67301,0,0,0,N,0,0,0,3,67301,0,,1,1,,N,N,,1,,1,0,0,3,2,Y,1450,1,2,0,0,0,0,0,3,4,0,2,3,,N,,,,,,,,,,,
2007066244,1324.0,0,0,0,0,0,0,0,0,0,1,0,,67,5,2007,3,39.9769,-75.1435,1318.0,6,0,0,0,0,0,1,0,0,1.0,0,0,0,99,1,1,1,,2,39 58:36.732,3.0,0,75 08:36.697,4,0,0,0,67301,0,0,0,,0,0,0,2,67301,1,,1,1,,N,N,,2,,0,0,0,3,2,Y,9999,1,2,0,0,0,0,0,3,4,0,2,3,,N,,,,,,,,,,,
2007066266,820.0,1,0,0,0,0,0,0,0,0,6,0,,67,5,2007,6,39.9705,-75.151,808.0,6,0,0,0,0,0,0,0,0,,0,0,0,8,1,3,1,,0,39 58:13.000,,0,75 09:03.417,8,0,0,0,67301,0,0,0,N,0,0,0,3,67301,0,,1,1,,N,N,,0,,0,0,1,9,3,,800,3,2,0,0,0,3,0,3,4,0,2,3,,N,,,,,,,,,,,
2007066318,1745.0,3,0,0,0,0,0,0,0,0,1,0,,67,5,2007,1,40.0526,-75.2272,1737.0,6,0,0,0,0,0,1,0,0,,0,0,0,17,1,1,1,,0,40 03:10.000,,0,75 13:39.209,4,0,0,0,67301,0,0,0,,0,0,0,6,67301,1,,1,1,,,,,0,,0,0,1,9,2,,1737,1,4,0,0,6,0,0,3,4,0,4,3,,N,,,,,,,,,,,
2007056560,1819.0,2,0,0,0,0,0,0,0,0,4,0,,67,4,2007,1,40.009,-75.1365,1814.0,6,0,0,0,0,0,0,0,0,,0,0,0,18,1,1,1,,0,40 00:32.335,,0,75 08:11.486,4,0,0,0,67301,0,0,0,N,0,0,0,3,67301,1,,1,1,,N,N,,0,,0,0,0,3,3,,1805,1,2,0,0,0,0,0,3,4,0,2,3,,N,,,,,,,,,,,
2007056577,2100.0,2,0,0,0,0,0,0,0,0,4,0,,67,4,2007,1,40.0077,-75.1515,2053.0,6,0,0,0,0,0,0,0,0,,0,0,0,20,3,2,1,,0,40 00:27.000,,0,75 09:05.323,4,0,0,0,67301,0,0,0,N,0,0,0,3,67301,2,,1,9,,N,N,,0,,0,0,0,3,2,,2050,2,2,0,0,0,0,0,3,4,0,2,7,,N,,,,,,,,,,,
2007056578,1524.0,1,0,0,0,0,0,0,0,0,1,0,,67,4,2007,5,40.0175,-75.1725,1518.0,6,0,0,0,0,0,0,0,0,1.0,0,0,0,15,1,2,0,,2,40 01:03.072,3.0,0,75 10:21.150,4,0,0,0,67301,0,0,0,N,0,0,0,5,67301,2,,1,1,,N,N,,1,,0,0,1,3,8,N,1516,2,3,0,0,0,0,0,3,4,0,3,3,,N,,,,,,,,,,,
2007048848,812.0,1,0,0,0,0,0,1,0,0,1,1,,67,3,2007,5,40.0255,-75.1235,809.0,6,0,0,0,0,0,0,0,0,1.0,0,0,0,8,1,4,1,,2,40 01:31.000,1.0,0,75 07:24.548,8,0,0,0,67301,0,0,0,,0,0,0,4,67301,0,,1,1,,N,N,,0,,0,0,0,3,2,N,805,4,2,0,0,0,4,0,3,4,0,2,3,,N,,,,,,,,,,,
2007057386,600.0,1,0,0,0,0,0,0,0,0,7,0,,67,4,2007,2,40.0455,-75.1128,550.0,6,0,0,0,0,0,0,0,0,,0,0,0,4,3,0,2,,0,40 02:50.000,,0,75 06:44.541,0,0,0,0,67301,0,0,0,N,0,0,0,1,67301,0,,4,6,,N,N,,0,,0,0,0,3,2,,439,0,2,0,0,0,0,0,3,4,1,2,9,,N,,,,,,,,,,,
2007057406,0.0,4,0,0,0,0,0,0,0,0,1,0,,67,4,2007,4,39.9157,-75.1751,2358.0,6,0,0,0,0,0,1,0,0,,0,0,0,99,3,1,1,,0,39 54:56.000,,0,75 10:30.353,8,0,0,0,67301,0,0,0,N,0,0,0,2,67301,0,,1,1,,N,N,,0,,0,0,0,0,0,,9999,1,4,0,0,0,1,1,3,4,0,4,3,,N,,,,,,,,,,,
2007057512,1219.0,1,0,0,0,0,0,0,0,0,2,0,,67,4,2007,4,40.0654,-75.1598,1214.0,6,0,0,0,0,1,0,0,0,,0,0,0,12,1,3,2,,0,40 03:55.000,,0,75 09:35.017,4,0,0,0,67301,0,0,0,N,0,0,0,3,67301,3,,1,9,,N,N,,0,,0,0,1,0,0,,1209,3,2,0,0,0,0,0,3,4,0,2,7,,N,,,,,,,,,,,
2007067478,2230.0,1,0,0,0,0,0,0,0,0,4,0,,67,5,2007,6,40.0671,-75.1479,2230.0,6,0,0,0,0,0,0,0,0,,0,0,0,99,3,1,2,,0,40 04:01.400,,0,75 08:52.500,4,0,0,0,67301,0,0,0,N,0,0,0,2,67301,1,,1,1,,N,N,,0,,0,0,1,0,0,,9999,1,2,0,0,0,0,1,3,4,0,2,3,,N,,,,,,,,,,,
2007098999,2330.0,1,0,0,0,0,0,0,0,0,4,0,,67,7,2007,6,39.9849,-75.2154,2327.0,6,0,0,0,0,0,0,0,0,,0,0,0,23,3,1,1,,0,39 59:05.000,,0,75 12:55.304,8,0,0,0,67301,0,0,0,N,0,0,0,5,67301,0,,1,1,,,N,,0,,0,0,2,0,0,,2327,1,3,0,0,0,1,1,3,4,0,3,3,,N,,,,,,,,,,,
2007067261,1315.0,2,0,0,0,0,0,0,0,0,1,0,,67,4,2007,4,39.9825,-75.101,1310.0,6,0,0,0,0,0,1,0,0,,0,0,0,12,1,2,1,,0,39 58:57.000,,2,75 06:03.538,3,0,0,0,67301,0,0,0,N,0,0,0,4,67301,0,,1,1,,N,N,,0,,2,0,0,3,3,,1243,2,4,0,0,0,0,0,3,4,2,4,3,,N,,,,,,,,,,,
2007067169,1707.0,1,0,0,0,0,0,0,0,0,7,0,,67,4,2007,2,40.0317,-75.1091,1704.0,6,0,0,0,0,0,0,1,0,2.0,0,0,0,17,1,1,0,,2,40 01:54.007,6.0,0,75 06:32.738,8,0,0,0,67301,0,0,0,N,0,0,0,1,67301,0,,4,1,,N,N,,0,,0,0,0,0,0,Y,1700,1,1,0,0,0,1,0,3,4,0,1,3,,N,,,,,,,,,,,
2007067183,2239.0,2,0,0,0,0,0,0,0,0,5,0,,67,5,2007,6,40.025,-75.2102,2235.0,6,0,0,0,0,0,0,0,0,3.0,0,0,0,22,3,0,0,,2,40 01:30.021,5.0,0,75 12:36.864,0,0,0,0,67301,0,0,0,N,0,0,0,2,67301,0,,1,1,,N,N,,0,,0,0,0,0,0,Y,2225,0,2,0,0,0,0,0,3,4,0,2,3,,N,,,,,,,,,,,
2007057220,1605.0,2,0,0,0,0,0,0,0,0,1,0,,67,4,2007,3,39.9613,-75.1752,1600.0,6,0,0,0,0,0,0,0,0,,0,0,0,99,1,1,1,,0,39 57:40.000,,0,75 10:31.244,8,0,0,0,67301,0,0,0,N,0,0,0,3,67301,0,,1,1,,N,N,,0,,0,0,0,3,2,,9999,1,2,0,0,0,1,0,3,4,0,2,3,,N,,,,,,,,,,,
2007099095,2320.0,1,0,0,0,0,0,0,0,0,8,0,,67,8,2007,1,39.9267,-75.1782,2315.0,6,0,0,0,0,0,0,0,0,,0,0,0,23,3,1,0,,0,39 55:36.264,,0,75 10:41.660,4,0,0,0,67301,1,0,0,N,1,0,0,2,67301,1,,1,1,,N,N,,0,,0,0,0,0,0,,2310,1,2,0,0,0,0,0,3,4,0,1,3,,N,,,,,,,,,,,
2007067102,1502.0,0,0,0,0,0,0,0,0,0,7,0,,67,5,2007,5,40.0242,-75.0315,1447.0,6,0,0,0,0,0,0,0,0,1.0,0,0,0,14,1,1,0,,2,40 01:26.000,2.0,0,75 01:53.439,3,0,0,1,67301,0,0,0,N,0,0,0,1,67301,0,,2,1,,N,N,,0,,1,0,0,0,0,N,1445,1,1,0,0,0,0,0,3,4,0,1,3,,N,,,,,,,,,,,
2007099150,1750.0,0,0,0,0,0,0,0,0,0,4,0,,67,8,2007,5,39.952,-75.2265,1742.0,6,0,0,0,0,0,1,0,0,,0,0,0,17,1,1,1,,0,39 57:07.000,,0,75 13:35.517,8,0,0,0,67301,0,0,0,,0,0,0,2,67301,0,,1,1,,,,,1,,0,0,1,0,0,,1730,1,2,0,0,2,1,0,3,4,0,2,3,,N,,,,,,,,,,,
2007097482,1830.0,2,0,0,0,0,0,0,0,0,4,0,,67,8,2007,1,40.0356,-75.2174,1825.0,6,0,0,0,0,0,0,0,0,1.0,0,0,0,18,1,2,1,,1,40 02:07.000,5.0,0,75 13:02.189,8,0,0,0,67301,0,0,0,N,0,0,0,3,67301,0,,1,1,,N,N,,0,,0,0,0,9,2,N,1820,2,2,0,0,1,2,0,3,4,0,2,3,,N,,,,,,,,,,,
2007120628,1700.0,1,0,0,0,0,0,0,0,0,1,0,,67,10,2007,4,40.0267,-75.1172,1654.0,6,0,0,0,0,0,0,0,0,,0,0,0,99,1,1,0,,0,40 01:36.202,,0,75 07:01.953,4,0,0,0,67301,1,0,0,N,1,0,0,2,67301,1,,1,1,,N,N,,0,,0,0,0,0,0,,9999,1,2,0,0,0,0,0,3,4,0,1,3,,N,,,,,,,,,,,
2007120642,1923.0,1,0,0,1,0,0,0,0,0,4,0,,67,10,2007,2,39.9397,-75.2255,1916.0,6,0,0,0,0,0,0,0,0,,0,0,0,19,3,1,1,,0,39 56:23.042,,0,75 13:31.760,4,0,0,0,67301,1,0,0,N,0,0,0,2,67301,1,,1,1,,N,N,,0,,0,0,0,3,2,,1910,1,2,0,0,1,0,0,3,4,0,1,3,,N,,,,,,,,,,,
2007120699,2240.0,2,0,0,0,0,0,0,0,0,4,0,,67,10,2007,1,40.0704,-75.0784,2236.0,6,0,0,0,0,0,0,0,0,,0,0,0,22,3,0,1,,0,40 04:13.595,,0,75 04:42.196,0,0,0,0,67301,0,0,0,N,0,0,0,1,67301,0,,1,1,,N,N,,1,,0,0,0,3,2,,2235,0,5,0,0,0,0,0,3,4,2,5,3,,N,,,,,,,,,,,
2007027935,1820.0,0,0,0,0,0,0,0,0,0,7,0,,67,1,2007,2,39.881,-75.2286,1814.0,6,0,0,0,0,0,0,0,0,,0,0,0,18,2,2,2,,0,39 52:51.747,,0,75 13:42.934,8,0,0,0,67301,0,0,0,N,0,0,0,2,67301,0,,2,1,,N,N,,0,,0,0,1,3,3,,1800,2,1,0,0,0,2,0,3,4,0,1,3,,N,,,,,,,,,,,
2007117210,9999.0,2,0,0,0,0,0,0,0,0,4,0,,67,9,2007,1,40.0097,-75.1419,1714.0,6,0,0,0,1,0,0,0,0,2.0,0,0,0,17,1,3,1,,1,40 00:34.790,3.0,0,75 08:30.836,4,0,0,0,67301,0,0,0,,0,0,0,3,67301,3,,1,1,,,,,0,,0,0,0,3,3,N,1713,3,3,0,0,3,0,0,3,4,1,3,3,,N,,,,,,,,,,,