CRN,ARRIVAL_TM,AUTOMOBILE_COUNT,BELTED_DEATH_COUNT,BELTED_SUSP_SERIOUS_INJ_COUNT,BICYCLE_COUNT,BICYCLE_DEATH_COUNT,BICYCLE_SUSP_SERIOUS_INJ_COUNT,BUS_COUNT,CHLDPAS_DEATH_COUNT,CHLDPAS_SUSP_SERIOUS_INJ_COUNT,COLLISION_TYPE,COMM_VEH_COUNT,CONS_ZONE_SPD_LIM,COUNTY,CRASH_MONTH,CRASH_YEAR,DAY_OF_WEEK,DEC_LAT,DEC_LONG,DISPATCH_TM,DISTRICT,DRIVER_COUNT_16YR,DRIVER_COUNT_17YR,DRIVER_COUNT_18YR,DRIVER_COUNT_19YR,DRIVER_COUNT_20YR,DRIVER_COUNT_50_64YR,DRIVER_COUNT_65_74YR,DRIVER_COUNT_75PLUS,EST_HRS_CLOSED,FATAL_COUNT,HEAVY_TRUCK_COUNT,HORSE_BUGGY_COUNT,HOUR_OF_DAY,ILLUMINATION,INJURY_COUNT,INTERSECT_TYPE,INTERSECTION_RELATED,LANE_CLOSED,LATITUDE,LN_CLOSE_DIR,LOCATION_TYPE,LONGITUDE,MAX_SEVERITY_LEVEL,MCYCLE_DEATH_COUNT,MCYCLE_SUSP_SERIOUS_INJ_COUNT,MOTORCYCLE_COUNT,MUNICIPALITY,NONMOTR_COUNT,NONMOTR_DEATH_COUNT,NONMOTR_SUSP_SERIOUS_INJ_COUNT,NTFY_HIWY_MAINT,PED_COUNT,PED_DEATH_COUNT,PED_SUSP_SERIOUS_INJ_COUNT,PERSON_COUNT,POLICE_AGCY,POSSIBLE_INJ_COUNT,RDWY_SURF_TYPE_CD,RELATION_TO_ROAD,ROAD_CONDITION,ROADWAY_CLEARED,SCH_BUS_IND,SCH_ZONE_IND,SECONDARY_CRASH,SMALL_TRUCK_COUNT,SPEC_JURIS_CD,SUSP_MINOR_INJ_COUNT,SUSP_SERIOUS_INJ_COUNT,SUV_COUNT,TCD_FUNC_CD,TCD_TYPE,TFC_DETOUR_IND,TIME_OF_DAY,TOT_INJ_COUNT,TOTAL_UNITS,UNB_DEATH_COUNT,UNB_SUSP_SERIOUS_INJ_COUNT,UNBELTED_OCC_COUNT,UNK_INJ_DEG_COUNT,UNK_INJ_PER_COUNT,URBAN_AREA,URBAN_RURAL,VAN_COUNT,VEHICLE_COUNT,WEATHER1,WEATHER2,WORK_ZONE_IND,WORK_ZONE_LOC,WORK_ZONE_TYPE,WORKERS_PRES,WZ_CLOSE_DETOUR,WZ_FLAGGER,WZ_LAW_OFFCR_IND,WZ_LN_CLOSURE,WZ_MOVING,WZ_OTHER,WZ_SHLDER_MDN,WZ_WORKERS_INJ_KILLED
2007049926,1430.0,1,0,0,0,0,0,0,0,0,7,0,,67,2,2007,4,40.0737,-75.0773,1428.0,6,0,0,0,0,0,1,0,0,,0,0,0,14,1,1,0,,0,40 04:25.490,,0,75 04:38.128,8,0,0,0,67301,0,0,0,N,0,0,0,1,67301,0,,2,1,,N,N,,0,,0,0,0,0,0,,1425,1,1,0,0,0,1,0,3,4,0,1,3,,N,,,,,,,,,,,
2007047723,521.0,1,0,0,0,0,0,0,0,0,7,0,,67,2,2007,3,39.9552,-75.1832,515.0,6,0,0,0,0,0,0,1,0,,0,0,0,4,3,1,1,,0,39 57:25.156,,0,75 10:57.982,4,0,0,0,67301,0,0,0,N,0,0,0,1,67301,1,,5,1,,N,N,,0,,0,0,0,0,0,,455,1,1,0,0,0,0,0,3,4,0,1,3,,N,,,,,,,,,,,
2007047577,2245.0,1,0,0,0,0,0,0,0,0,8,0,,67,3,2007,3,39.9552,-75.2259,2245.0,6,0,0,0,0,0,0,0,0,,0,0,0,22,3,1,1,,0,39 57:18.000,,0,75 13:33.116,3,0,0,0,67301,1,0,0,N,1,0,0,2,67301,0,,1,1,,N,N,,0,,1,0,0,0,0,,2244,1,2,0,0,0,0,0,3,4,0,1,3,,N,,,,,,,,,,,
2007047589,1623.0,0,0,0,0,0,0,0,0,0,8,0,,67,1,2007,3,40.0098,-75.1671,1620.0,6,0,0,0,0,0,0,0,0,,0,0,0,16,1,1,0,,0,40 00:35.000,,0,75 10:01.472,3,0,0,0,67301,1,0,0,N,1,0,0,5,67301,0,,1,1,,N,N,,1,,1,0,0,3,2,,1608,1,2,0,0,0,0,0,3,4,0,1,3,,N,,,,,,,,,,,
2007067855,1013.0,1,0,0,0,0,0,0,0,0,7,0,,67,5,2007,7,39.9696,-75.2515,1005.0,6,0,0,0,0,0,0,0,0,2.0,0,0,0,10,1,1,0,,1,39 58:10.419,4.0,0,75 15:05.572,4,0,0,0,67301,0,0,0,N,0,0,0,1,67301,1,,6,1,,N,N,,0,,0,0,0,0,0,N,1000,1,1,0,0,0,0,0,3,4,0,1,3,,N,,,,,,,,,,,
2007109454,1710.0,2,0,0,0,0,0,0,0,0,4,0,,67,9,2007,3,40.0741,-75.1909,1700.0,6,0,0,0,0,0,0,1,0,,0,0,0,17,1,0,1,,0,40 04:26.000,,0,75 11:27.147,0,0,0,0,67301,0,0,0,N,0,0,0,3,67301,0,,1,9,,N,N,,0,,0,0,0,3,2,,1700,0,2,0,0,0,0,0,3,4,0,2,3,,N,,,,,,,,,,,
2007109402,655.0,3,0,0,0,0,0,0,0,0,3,0,,67,9,2007,5,39.9765,-75.1133,650.0,6,0,0,0,0,0,1,0,0,1.0,0,0,0,6,1,1,2,,1,39 58:36.000,2.0,0,75 06:47.556,4,0,0,0,67301,0,0,0,N,0,0,0,3,67301,1,,1,1,,N,N,,0,,0,0,0,3,2,N,645,1,3,0,0,0,0,0,3,4,0,3,3,,N,,,,,,,,,,,
2007107028,1713.0,1,0,0,0,0,0,0,0,0,4,0,,67,8,2007,2,40.0186,-75.1831,1711.0,6,0,0,0,1,0,0,0,0,,0,0,0,99,1,2,1,,0,40 01:06.992,,0,75 10:59.131,4,0,0,0,67301,0,0,0,N,0,0,0,3,67301,2,,1,1,,N,N,,0,,0,0,1,9,3,,9999,2,2,0,0,0,0,0,3,4,0,2,3,,N,,,,,,,,,,,
2007047869,2328.0,1,0,0,0,0,0,0,0,0,8,0,,67,2,2007,6,39.9264,-75.2376,2322.0,6,0,0,0,0,0,0,0,0,,0,0,0,23,3,1,1,,0,39 55:35.108,,0,75 14:15.237,4,0,0,0,67301,1,0,0,N,1,0,0,2,67301,1,,1,9,,N,N,,0,,0,0,0,0,0,,2315,1,2,0,0,0,0,1,3,4,0,1,7,,N,,,,,,,,,,,
2007107017,1649.0,0,0,0,0,0,0,0,0,0,1,0,,67,9,2007,6,39.9559,-75.2048,1649.0,6,0,0,0,0,0,0,1,0,,0,0,0,16,1,1,2,,0,39 57:21.000,,0,75 12:17.178,4,0,0,0,67301,0,0,0,N,0,0,0,3,67301,1,,1,1,,N,N,,1,,0,0,0,3,2,,1649,1,2,0,0,0,0,0,3,4,1,2,3,,N,,,,,,,,,,,
2007047907,1817.0,2,0,0,0,0,0,0,0,0,2,0,,67,3,2007,2,40.0059,-75.1135,1815.0,6,0,0,0,0,1,0,0,0,,0,0,0,18,1,1,1,,0,40 00:21.000,,0,75 06:48.589,4,0,0,0,67301,0,0,0,N,0,0,0,4,67301,1,,1,1,,N,N,,0,,0,0,0,3,2,,1800,1,2,0,0,0,0,0,3,4,0,2,3,,N,,,,,,,,,,,
2007047915,2255.0,0,0,0,0,0,0,0,0,0,1,1,,67,3,2007,4,39.9599,-75.1787,2249.0,6,0,0,0,0,0,1,0,0,1.0,0,1,0,22,3,0,0,,1,39 57:35.509,3.0,0,75 10:43.365,0,0,0,0,67301,0,0,0,N,0,0,0,2,67301,0,,2,2,,N,N,,0,,0,0,0,0,0,N,2247,0,2,0,0,0,0,0,3,4,1,2,3,,N,,,,,,,,,,,
2007058128,1655.0,2,0,0,0,0,0,0,0,0,4,0,,67,4,2007,7,40.0404,-75.0655,1448.0,6,0,0,0,1,0,0,0,0,,0,0,0,14,1,1,1,,0,40 02:25.000,,0,75 03:55.923,4,0,0,0,67301,0,0,0,N,0,0,0,3,67301,1,,1,1,,N,N,,0,,0,0,0,3,2,,1448,1,2,0,0,0,0,0,3,4,0,2,3,,N,,,,,,,,,,,
2007048205,2105.0,2,0,0,0,0,0,0,0,0,4,0,,67,3,2007,4,40.0149,-75.0802,2100.0,6,0,0,0,1,0,0,0,0,,0,0,0,21,3,1,1,,0,40 00:53.564,,0,75 04:48.655,4,0,0,0,67301,0,0,0,N,0,0,0,2,67301,1,,1,1,,N,N,,0,,0,0,1,3,3,,2100,1,3,0,0,0,0,0,3,4,0,3,3,,N,,,,,,,,,,,
2007097858,1940.0,1,0,0,0,0,0,0,0,0,8,0,,67,8,2007,4,39.9709,-75.21,1936.0,6,0,1,0,0,0,0,0,0,,0,0,0,19,1,1,0,,0,39 58:15.343,,0,75 12:35.999,4,0,0,0,67301,1,0,0,,1,0,0,2,67301,1,,1,1,,N,N,,0,,0,0,0,0,0,,1925,1,2,0,0,0,0,0,3,4,0,1,3,,N,,,,,,,,,,,
2007097922,1016.0,1,0,0,1,0,0,0,0,0,5,0,,67,7,2007,3,39.9411,-75.1606,1014.0,6,0,0,0,0,0,0,0,0,,0,0,0,10,1,1,0,,0,39 56:28.093,,0,75 09:38.329,4,0,0,0,67301,1,0,0,N,0,0,0,2,67301,1,,6,1,,N,N,,0,,0,0,0,0,0,,1014,1,2,0,0,0,0,0,3,4,0,1,3,,N,,,,,,,,,,,
2007097923,345.0,0,0,0,0,0,0,0,0,0,5,0,,67,7,2007,4,39.9312,-75.1595,344.0,6,0,0,0,0,0,0,0,0,,0,0,0,3,3,0,0,,0,39 55:52.212,,0,75 09:34.329,9,0,0,0,67301,0,0,0,N,0,0,0,1,67301,0,,1,1,,N,N,,1,,0,0,2,0,0,,344,0,4,0,0,0,0,1,3,4,1,4,3,,N,,,,,,,,,,,
2007105917,1440.0,1,0,0,0,0,0,0,0,0,1,0,,67,7,2007,1,40.0515,-75.0091,1438.0,6,0,0,0,0,2,0,0,0,,0,0,0,14,1,1,2,,0,40 03:05.000,,0,75 00:32.643,4,0,0,0,67301,0,0,0,N,0,0,0,4,67301,1,,1,1,,N,N,,1,,0,0,0,3,2,,1429,1,2,0,0,0,0,0,3,4,0,2,3,,N,,,,,,,,,,,
2007097863,1555.0,1,0,0,0,0,0,0,0,0,8,0,,67,7,2007,5,39.9288,-75.1844,1545.0,6,0,0,0,0,0,0,0,0,,0,0,0,15,1,1,2,,0,39 55:43.644,,0,75 11:03.994,4,0,0,0,67301,1,0,0,N,1,0,0,2,67301,1,,1,1,,N,N,,0,,0,0,0,0,0,,1500,1,2,0,0,0,0,0,3,4,0,1,3,,N,,,,,,,,,,,
2007098500,850.0,0,0,0,0,0,0,0,0,0,7,0,,67,7,2007,6,39.9174,-75.2465,821.0,6,0,0,0,0,0,0,0,0,,0,0,0,8,1,1,0,,0,39 55:02.000,,0,75 14:47.266,8,0,0,1,67301,0,0,0,,0,0,0,1,67301,0,,1,1,,N,N,,0,,0,0,0,0,0,,815,1,1,0,0,0,1,0,3,4,0,1,3,,N,,,,,,,,,,,
2007098502,1607.0,0,0,0,0,0,0,0,0,0,7,0,,67,8,2007,1,40.0215,-75.0408,1558.0,6,0,0,0,0,0,0,0,0,2.0,0,0,0,15,1,2,0,,1,40 01:17.000,2.0,0,75 02:27.199,4,0,0,0,67301,0,0,0,,0,0,0,2,67301,1,,2,1,,,,,0,,0,0,0,0,0,N,1557,2,1,0,0,1,1,0,3,4,1,1,3,,N,,,,,,,,,,,
2007093171,1924.0,1,0,0,0,0,0,0,0,0,2,0,,67,7,2007,3,39.9683,-75.2498,1924.0,6,0,0,0,1,0,0,0,0,,0,0,0,19,1,1,0,,0,39 58:05.883,,0,75 14:59.298,2,0,1,1,67301,0,0,0,N,0,0,0,2,67301,0,,1,1,,N,N,,0,,0,1,0,0,0,,1924,1,2,0,0,0,0,1,3,4,0,2,3,,N,,,,,,,,,,,
2007093217,635.0,2,0,0,0,0,0,0,0,0,4,0,,67,6,2007,7,40.0078,-75.1396,630.0,6,0,0,0,0,0,0,0,0,,0,0,0,99,1,2,1,,0,40 00:27.000,,0,75 08:22.555,8,0,0,0,67301,0,0,0,N,0,0,0,3,67301,0,,1,1,,N,N,,0,,0,0,0,3,3,,9999,2,2,0,0,0,2,0,3,4,0,2,3,,N,,,,,,,,,,,
2007093233,110.0,2,0,0,0,0,0,0,0,0,1,0,,67,6,2007,6,39.9475,-75.1877,105.0,6,0,0,0,0,0,0,0,0,,0,0,0,20,3,3,7,,0,39 56:50.944,,0,75 11:15.670,4,0,0,0,67301,0,0,0,N,0,0,0,6,67301,2,,1,9,,N,N,,0,,0,0,1,3,2,,2040,3,3,0,0,0,1,0,3,4,0,3,3,,N,,,,,,,,,,,
2007095800,1330.0,1,0,0,0,0,0,0,0,0,6,0,,67,5,2007,1,40.0558,-75.1271,1327.0,6,0,0,0,0,0,1,0,0,,0,0,0,13,1,1,1,,0,40 03:21.000,,0,75 07:37.415,8,0,0,0,67301,0,0,0,N,0,0,0,2,67301,0,,1,1,,N,N,,0,,0,0,1,3,2,,1327,1,2,0,0,0,1,1,3,4,0,2,3,,N,,,,,,,,,,,
2007095802,120.0,2,0,0,0,0,0,0,0,0,4,0,,67,8,2007,7,39.9721,-75.2514,115.0,6,0,0,1,0,0,0,0,0,,0,0,0,0,3,1,1,,0,39 58:19.000,,0,75 15:05.101,4,0,0,0,67301,0,0,0,N,0,0,0,4,67301,1,,1,1,,N,N,,0,,0,0,0,3,2,,30,1,2,0,0,0,0,0,3,4,0,2,3,,N,,,,,,,,,,,
2007022312,1322.0,2,0,0,0,0,0,0,0,0,1,0,,67,1,2007,1,40.0015,-75.1042,1317.0,6,0,0,0,0,0,1,0,0,,0,0,0,12,1,2,1,,0,40 00:05.418,,0,75 06:14.947,4,0,0,0,67301,0,0,0,N,0,0,0,7,67301,2,,1,1,,N,N,,0,,0,0,0,3,2,,1252,2,2,0,0,0,0,0,3,4,0,2,3,,N,,,,,,,,,,,
2007030109,2158.0,2,0,0,0,0,0,0,0,0,4,0,,67,1,2007,3,39.9547,-75.1495,2154.0,6,0,0,0,0,0,1,0,0,1.0,0,0,0,21,2,1,1,,2,39 57:16.000,2.0,0,75 08:58.276,3,0,0,0,67301,0,0,0,,0,0,0,2,67301,0,,1,9,,,,,0,,1,0,0,3,2,Y,2150,1,2,0,0,0,0,0,3,4,0,2,10,,N,,,,,,,,,,,
2007022397,1445.0,0,0,0,0,0,0,0,0,0,4,0,,67,1,2007,4,39.9324,-75.1615,1441.0,6,0,0,0,0,0,0,0,0,,0,0,0,14,1,1,2,,0,39 55:56.503,,7,75 09:41.414,8,0,0,0,67301,0,0,0,,0,0,0,2,67301,0,,1,1,,,,,0,,0,0,1,0,0,,1441,1,2,0,0,1,1,0,3,4,1,2,3,,N,,,,,,,,,,,
2007027529,2150.0,3,0,0,0,0,0,0,0,0,5,0,,67,1,2007,5,40.0557,-75.0019,2140.0,6,0,0,0,0,0,0,0,0,,0,0,0,21,3,0,0,,0,40 03:20.516,,0,75 00:06.858,9,0,0,0,67301,0,0,0,N,0,0,0,1,67301,0,,4,9,,N,N,,0,,0,0,0,0,0,,2135,0,3,0,0,0,0,1,3,4,0,3,7,5.0,N,,,,,,,,,,,
2007027558,1800.0,2,0,0,0,0,0,0,0,0,5,0,,67,1,2007,5,40.1263,-75.0201,1645.0,6,0,0,0,0,1,0,0,0,,0,0,0,16,2,1,2,,0,40 07:34.842,,0,75 01:12.201,8,0,0,0,67301,0,0,0,N,0,0,0,3,67301,0,,1,9,,N,N,,0,,0,0,0,3,2,,1645,1,2,0,0,0,1,0,3,4,0,2,7,,N,,,,,,,,,,,
2007096749,1146.0,1,0,0,0,0,0,0,0,0,7,0,,67,8,2007,1,39.9621,-75.1366,1142.0,6,0,0,0,0,0,0,0,0,,0,0,0,11,1,3,0,,0,39 57:43.000,,0,75 08:11.662,4,0,0,0,67301,0,0,0,N,0,0,0,3,67301,3,,5,1,,N,,,0,,0,0,0,0,0,,1140,3,1,0,0,0,0,0,3,4,0,1,3,,N,,,,,,,,,,,
2007096681,1920.0,2,0,0,0,0,0,0,0,0,4,0,,67,7,2007,3,39.9921,-75.1829,1906.0,6,0,0,0,1,0,0,0,0,2.0,0,0,0,18,1,1,1,,2,39 59:31.657,4.0,0,75 10:58.619,4,0,0,0,67301,0,0,0,N,0,0,0,4,67301,1,,1,1,,N,N,,0,,0,0,0,9,3,Y,1835,1,2,0,0,0,0,0,3,4,0,2,3,,N,,,,,,,,,,,
2007058596,838.0,1,0,0,0,0,0,0,0,0,4,0,,67,4,2007,4,39.9581,-75.1505,831.0,6,0,0,0,0,1,0,0,0,,0,0,0,8,1,1,1,,0,39 57:29.289,,0,75 09:01.655,4,0,0,0,67301,0,0,0,,0,0,0,2,67301,1,,1,1,,,,,1,,0,0,0,9,2,,831,1,2,0,0,0,0,0,3,4,0,2,3,,N,,,,,,,,,,,
2007061232,757.0,1,0,0,0,0,0,0,0,0,1,1,,67,5,2007,2,39.9748,-75.1942,747.0,6,0,0,0,0,0,0,0,0,1.0,0,1,0,7,1,1,0,,1,39 58:33.000,4.0,0,75 11:41.712,4,0,0,0,67301,0,0,0,N,0,0,0,2,68K01,1,,1,1,,N,N,,0,,0,0,0,0,0,N,746,1,2,0,0,0,0,0,3,4,0,2,3,,N,,,,,,,,,,,
2007066329,1820.0,0,0,0,0,0,0,0,0,0,4,0,,67,4,2007,4,39.9626,-75.2467,1820.0,6,0,0,0,0,0,0,0,0,2.0,0,0,0,18,1,1,1,,1,39 57:45.000,2.0,0,75 14:48.589,8,0,0,0,67301,0,0,0,N,0,0,0,4,67301,0,,1,9,,N,N,,1,,0,0,2,3,2,N,1820,1,3,0,0,0,1,0,3,4,0,3,7,,N,,,,,,,,,,,
2007058641,1530.0,1,0,0,0,0,0,0,0,0,8,0,,67,3,2007,5,39.9566,-75.1971,1522.0,6,0,0,0,0,0,0,0,0,,0,0,0,14,1,1,0,,0,39 57:23.000,,0,75 11:49.660,4,0,0,0,67301,1,0,0,,1,0,0,2,67504,1,,2,1,,,,,0,,0,0,0,0,0,,1415,1,2,0,0,0,0,0,3,4,0,1,3,,N,,,,,,,,,,,
2007056457,1940.0,0,0,0,0,0,0,0,0,0,8,0,,67,3,2007,5,,,1940.0,6,0,0,0,0,0,0,0,0,,0,0,0,19,3,1,0,,0,,,0,,8,0,0,0,67301,1,0,0,N,1,0,0,2,67301,0,,1,9,,N,N,,0,,0,0,1,0,0,,1940,1,2,0,0,0,1,1,3,3,0,1,7,,N,,,,,,,,,,,
2007056615,1800.0,1,0,0,0,0,0,0,0,0,4,0,,67,3,2007,5,40.0407,-75.0589,1749.0,6,0,0,0,1,0,0,0,0,2.0,0,0,0,17,1,1,0,,1,40 02:26.000,2.0,0,75 03:31.908,8,0,0,1,67301,0,0,0,N,0,0,0,4,67301,0,,1,1,,N,N,,0,,0,0,1,3,2,N,1746,1,3,0,0,0,1,0,3,4,0,3,3,,N,,,,,,,,,,,
2007057398,1545.0,1,0,0,0,0,0,0,0,0,4,0,,67,4,2007,1,40.0331,-75.1069,1539.0,6,0,0,0,0,0,0,0,0,2.0,0,0,0,14,1,2,2,,1,40 01:57.000,2.0,0,75 06:23.397,8,0,0,0,67301,0,0,0,N,0,0,0,3,67301,0,,1,1,,N,N,,0,,0,0,1,3,2,Y,1430,2,2,0,0,0,2,1,3,4,0,2,3,,N,,,,,,,,,,,
2007067475,1450.0,1,0,0,0,0,0,1,0,0,5,1,,67,5,2007,7,40.0332,-75.1774,1445.0,6,0,0,0,0,0,1,1,0,,0,0,0,14,1,1,0,,0,40 01:59.674,,0,75 10:38.650,8,0,0,0,67301,0,0,0,N,0,0,0,2,67301,0,,6,1,,N,N,,0,,0,0,1,0,0,,1443,1,3,0,0,0,1,0,3,4,0,3,3,,N,,,,,,,,,,,
2007067479,1010.0,1,0,0,0,0,0,1,0,0,1,1,,67,4,2007,5,39.993,-75.2176,1010.0,6,0,0,0,0,0,0,0,0,,0,0,0,9,1,1,1,,0,39 59:34.000,,0,75 13:03.358,8,0,0,0,67301,0,0,0,N,0,0,0,4,67301,0,,1,1,,N,N,,0,,0,0,0,3,2,,945,1,2,0,0,0,1,3,3,4,0,2,3,,N,,,,,,,,,,,
2007067494,658.0,0,0,0,0,0,0,0,0,0,1,0,,67,5,2007,6,39.9969,-75.0824,645.0,6,0,0,0,0,0,0,0,0,,0,0,0,6,1,1,0,,0,39 59:48.000,,0,75 04:56.665,8,0,0,0,67301,0,0,0,N,0,0,0,2,67301,0,,1,1,,N,N,,0,,0,0,1,0,0,,644,1,2,0,0,0,1,0,3,4,1,2,3,,N,,,,,,,,,,,
2007057532,1100.0,2,0,0,0,0,0,0,0,0,1,0,,67,3,2007,2,39.9698,-75.1318,1053.0,6,0,0,0,0,0,0,0,1,2.0,0,0,0,10,1,1,2,,1,39 58:11.000,4.0,0,75 07:54.204,4,0,0,0,67301,0,0,0,N,0,0,0,2,67301,1,,1,1,,N,N,,0,,0,0,0,3,2,N,1045,1,2,0,0,0,0,0,3,4,0,2,3,,N,,,,,,,,,,,
2007067196,1245.0,0,0,0,0,0,0,0,0,0,5,2,,67,5,2007,4,39.942,-75.194,1233.0,6,0,0,0,0,0,1,0,0,,0,2,0,12,1,5,0,,0,39 56:38.000,,0,75 11:31.135,3,0,0,0,67301,0,0,0,,0,0,0,7,67301,2,,1,1,,,,,0,,3,0,1,0,0,,1230,5,3,0,0,0,0,0,3,4,0,3,3,,N,,,,,,,,,,,
2007067221,38.0,1,0,0,0,0,0,0,0,0,7,0,,67,4,2007,2,40.0198,-75.1435,38.0,6,0,0,0,0,0,0,0,0,1.0,0,0,0,0,3,1,3,,1,40 01:11.000,2.0,0,75 08:36.668,3,0,0,0,67301,0,0,0,Y,0,0,0,1,67301,0,,2,1,,N,N,,0,,1,0,0,0,0,N,34,1,1,0,0,0,0,0,3,4,0,1,3,,N,,,,,,,,,,,
2007099082,2137.0,0,0,0,0,0,0,0,0,0,7,0,,67,8,2007,2,40.0201,-75.0426,2134.0,6,0,0,0,0,0,0,0,0,,0,0,0,21,3,0,0,,0,40 01:12.360,,0,75 02:33.452,0,0,0,0,67301,0,0,0,N,0,0,0,1,67301,0,,2,1,,N,N,,0,,0,0,0,0,0,,2134,0,1,0,0,0,0,0,3,4,1,1,3,,N,,,,,,,,,,,
2007057334,1802.0,1,0,0,0,0,0,0,0,0,5,0,,67,4,2007,3,40.0143,-75.0709,1801.0,6,0,0,0,0,0,0,0,0,,0,0,0,18,1,1,1,,0,40 00:51.000,,0,75 04:15.064,8,0,0,0,67301,0,0,0,N,0,0,0,2,67301,0,,2,1,,N,N,,1,,0,0,0,3,2,,1800,1,2,0,0,1,1,0,3,4,0,2,3,,N,,,,,,,,,,,
2007099119,1528.0,1,0,0,0,0,0,0,0,0,4,0,,67,7,2007,2,40.013,-75.1602,1525.0,6,0,0,0,0,0,1,1,0,,0,0,0,15,1,2,0,,0,40 00:46.000,,0,75 09:36.866,3,0,0,0,67301,0,0,0,,0,0,0,3,67301,0,,1,1,,N,N,,0,,2,0,1,0,0,,1515,2,2,0,0,0,0,0,3,4,0,2,3,,N,,,,,,,,,,,
2007099162,1008.0,2,0,0,0,0,0,0,0,0,4,0,,67,8,2007,6,39.9939,-75.0802,1005.0,6,0,0,0,0,0,1,0,1,1.0,0,0,0,10,1,0,2,,1,39 59:43.000,2.0,0,75 04:38.630,0,0,0,0,67301,0,0,0,N,0,0,0,2,67301,0,,1,1,,N,N,,0,,0,0,0,3,3,Y,1000,0,2,0,0,0,0,0,3,4,0,2,3,,N,,,,,,,,,,,
2007029576,835.0,0,0,0,0,0,0,0,0,0,4,0,,67,1,2007,4,39.9944,-75.1046,829.0,6,0,0,0,0,0,0,0,1,,0,0,0,8,1,1,1,,0,39 59:39.829,,0,75 06:16.585,8,0,0,0,67301,0,0,0,N,0,0,0,2,67301,0,,1,1,,N,N,,0,,0,0,1,9,3,,828,1,2,0,0,1,1,0,3,4,1,2,3,,N,,,,,,,,,,,
2007029258,319.0,4,0,0,0,0,0,0,0,0,5,0,,67,1,2007,4,39.9313,-75.1611,318.0,6,0,0,0,0,0,0,0,0,,0,0,0,3,3,0,0,,0,39 55:52.768,,0,75 09:40.138,0,0,0,0,67301,0,0,0,N,0,0,0,1,67301,0,,6,1,,N,N,,0,,0,0,0,0,0,,315,0,4,0,0,0,0,0,3,4,0,4,3,,N,,,,,,,,,,,
2007029313,730.0,1,0,0,0,0,0,0,0,0,7,0,,67,1,2007,6,,,714.0,6,0,0,0,0,0,0,0,0,,0,0,0,7,1,3,0,,0,,,0,,4,0,0,0,67301,0,0,0,N,0,0,0,3,67301,3,,2,1,,N,N,,0,,0,0,0,0,0,,714,3,1,0,0,0,0,0,3,3,0,1,3,,N,,,,,,,,,,,
2007029323,218.0,2,0,0,0,0,0,0,0,0,4,0,,67,2,2007,7,39.9617,-75.1577,217.0,6,0,0,0,0,0,0,0,0,2.0,0,0,0,2,3,1,5,,2,39 57:42.000,3.0,0,75 09:27.699,4,0,0,0,67301,0,0,0,N,0,0,0,2,67301,1,,1,9,,N,N,,0,,0,0,0,3,2,N,210,1,2,0,0,0,0,0,3,4,0,2,3,,N,,,,,,,,,,,
2007092299,14.0,2,0,0,0,0,0,0,0,0,4,0,,67,8,2007,6,40.0667,-75.178,9.0,6,0,0,0,0,0,0,1,0,,0,0,0,23,3,1,1,,0,40 04:00.000,,0,75 10:40.851,4,0,0,0,67301,0,0,0,N,0,0,0,2,67301,1,,1,1,,N,N,,0,,0,0,0,3,3,,2358,1,2,0,0,0,0,0,3,4,0,2,3,,N,,,,,,,,,,,
2007092343,1905.0,2,0,0,0,0,0,0,0,0,4,0,,67,8,2007,4,40.0062,-75.1497,1900.0,6,0,0,0,0,0,0,0,0,2.0,0,0,0,18,1,1,2,,2,40 00:22.334,1.0,0,75 08:58.779,3,0,0,0,67301,0,0,0,,0,0,0,4,67301,0,,1,1,,N,N,,0,,1,0,0,3,3,Y,1855,1,2,0,0,4,0,0,3,4,0,2,3,,N,,,,,,,,,,,
2007092599,200.0,1,0,0,0,0,0,1,0,0,4,1,,67,7,2007,7,40.046,-75.1321,150.0,6,0,0,0,0,0,0,0,0,,0,0,0,1,3,0,1,,0,40 02:45.000,,0,75 07:55.623,0,0,0,0,67301,0,0,0,N,0,0,0,2,67301,0,,1,1,,N,N,,0,,0,0,0,3,3,,140,0,2,0,0,0,0,0,3,4,0,2,3,,N,,,,,,,,,,,
2007056387,1556.0,1,0,0,0,0,0,0,0,0,8,0,,67,4,2007,4,39.9329,-75.1903,1553.0,6,0,0,0,0,0,0,0,0,,0,0,0,99,1,1,0,,0,39 55:58.260,,0,75 11:25.076,4,0,0,0,67301,1,0,0,N,1,0,0,2,67301,1,,1,1,,N,N,,0,,0,0,0,3,3,,9999,1,2,0,0,0,0,0,3,4,0,1,3,,N,,,,,,,,,,,
2007056458,959.0,2,0,0,0,0,0,0,0,0,4,0,,67,4,2007,7,40.0455,-75.0883,954.0,6,1,0,0,0,0,0,0,0,,0,0,0,9,1,1,1,,0,40 02:43.000,,0,75 05:17.937,4,0,0,0,67301,0,0,0,N,0,0,0,3,67301,1,,1,1,,N,N,,0,,0,0,0,3,2,,954,1,2,0,0,0,0,0,3,4,0,2,3,,N,,,,,,,,,,,
2007096310,1809.0,1,0,0,0,0,0,0,0,0,1,0,,67,6,2007,1,40.0428,-75.1135,1809.0,6,0,0,0,0,0,0,0,0,,0,0,0,18,1,1,3,,0,40 02:33.720,,0,75 06:48.960,4,0,0,0,67301,0,0,0,N,0,0,0,2,67301,1,,1,1,,N,N,,0,,0,0,1,3,2,,1830,1,2,0,0,0,0,0,3,4,0,2,3,,N,,,,,,,,,,,