CRN,ARRIVAL_TM,AUTOMOBILE_COUNT,BELTED_DEATH_COUNT,BELTED_SUSP_SERIOUS_INJ_COUNT,BICYCLE_COUNT,BICYCLE_DEATH_COUNT,BICYCLE_SUSP_SERIOUS_INJ_COUNT,BUS_COUNT,CHLDPAS_DEATH_COUNT,CHLDPAS_SUSP_SERIOUS_INJ_COUNT,COLLISION_TYPE,COMM_VEH_COUNT,CONS_ZONE_SPD_LIM,COUNTY,CRASH_MONTH,CRASH_YEAR,DAY_OF_WEEK,DEC_LAT,DEC_LONG,DISPATCH_TM,DISTRICT,DRIVER_COUNT_16YR,DRIVER_COUNT_17YR,DRIVER_COUNT_18YR,DRIVER_COUNT_19YR,DRIVER_COUNT_20YR,DRIVER_COUNT_50_64YR,DRIVER_COUNT_65_74YR,DRIVER_COUNT_75PLUS,EST_HRS_CLOSED,FATAL_COUNT,HEAVY_TRUCK_COUNT,HORSE_BUGGY_COUNT,HOUR_OF_DAY,ILLUMINATION,INJURY_COUNT,INTERSECT_TYPE,INTERSECTION_RELATED,LANE_CLOSED,LATITUDE,LN_CLOSE_DIR,LOCATION_TYPE,LONGITUDE,MAX_SEVERITY_LEVEL,MCYCLE_DEATH_COUNT,MCYCLE_SUSP_SERIOUS_INJ_COUNT,MOTORCYCLE_COUNT,MUNICIPALITY,NONMOTR_COUNT,NONMOTR_DEATH_COUNT,NONMOTR_SUSP_SERIOUS_INJ_COUNT,NTFY_HIWY_MAINT,PED_COUNT,PED_DEATH_COUNT,PED_SUSP_SERIOUS_INJ_COUNT,PERSON_COUNT,POLICE_AGCY,POSSIBLE_INJ_COUNT,RDWY_SURF_TYPE_CD,RELATION_TO_ROAD,ROAD_CONDITION,ROADWAY_CLEARED,SCH_BUS_IND,SCH_ZONE_IND,SECONDARY_CRASH,SMALL_TRUCK_COUNT,SPEC_JURIS_CD,SUSP_MINOR_INJ_COUNT,SUSP_SERIOUS_INJ_COUNT,SUV_COUNT,TCD_FUNC_CD,TCD_TYPE,TFC_DETOUR_IND,TIME_OF_DAY,TOT_INJ_COUNT,TOTAL_UNITS,UNB_DEATH_COUNT,UNB_SUSP_SERIOUS_INJ_COUNT,UNBELTED_OCC_COUNT,UNK_INJ_DEG_COUNT,UNK_INJ_PER_COUNT,URBAN_AREA,URBAN_RURAL,VAN_COUNT,VEHICLE_COUNT,WEATHER1,WEATHER2,WORK_ZONE_IND,WORK_ZONE_LOC,WORK_ZONE_TYPE,WORKERS_PRES,WZ_CLOSE_DETOUR,WZ_FLAGGER,WZ_LAW_OFFCR_IND,WZ_LN_CLOSURE,WZ_MOVING,WZ_OTHER,WZ_SHLDER_MDN,WZ_WORKERS_INJ_KILLED
2007096466,250.0,2,0,0,0,0,0,0,0,0,4,0,,67,9,2007,7,39.9895,-75.2514,247.0,6,0,0,0,0,0,0,0,0,,0,0,0,2,3,0,2,,0,39 59:22.000,,0,75 15:05.312,9,0,0,0,67301,0,0,0,N,0,0,0,3,46104,0,,1,9,,N,N,,0,,0,0,0,3,2,,206,0,2,0,0,0,0,1,3,4,0,2,7,,N,,,,,,,,,,,
2007057384,1755.0,2,0,0,0,0,0,0,0,0,4,0,,67,4,2007,6,40.0407,-75.1584,1749.0,6,0,0,0,0,0,0,0,0,,0,0,0,17,1,0,2,,0,40 02:26.566,,0,75 09:30.254,0,0,0,0,67301,0,0,0,N,0,0,0,2,67301,0,,1,1,,N,N,,0,,0,0,0,3,3,,1712,0,2,0,0,0,0,0,3,4,0,2,3,,N,,,,,,,,,,,
2007067477,1240.0,1,0,0,0,0,0,0,0,0,1,1,,67,5,2007,6,40.0675,-75.1793,1235.0,6,0,0,0,0,0,1,0,0,,0,1,0,12,1,1,1,,0,40 04:02.000,,0,75 10:45.487,4,0,0,0,67301,0,0,0,N,0,0,0,3,67301,1,,1,1,,N,N,,0,,0,0,1,3,2,,1235,1,3,0,0,0,0,0,3,4,0,3,3,,N,,,,,,,,,,,
2007099062,1346.0,2,0,0,0,0,0,0,0,0,4,0,,67,8,2007,1,39.9731,-75.1944,1344.0,6,0,0,0,0,0,1,0,0,,0,0,0,99,1,1,0,,0,39 58:23.280,,0,75 11:39.949,4,0,0,0,67301,0,0,0,N,0,0,0,3,67301,1,,1,9,,N,N,,0,,0,0,0,0,0,,9999,1,2,0,0,0,0,0,3,4,0,2,7,,N,,,,,,,,,,,
2007067282,1230.0,1,0,0,0,0,0,0,0,0,1,0,,67,5,2007,2,40.0248,-75.1278,1228.0,6,0,0,0,0,0,0,0,0,,0,0,0,12,1,0,0,,0,40 01:29.000,,0,75 07:40.090,0,0,0,0,67301,0,0,0,,0,0,0,2,67301,0,,1,98,,,,,1,,0,0,0,0,0,,1228,0,2,0,0,0,0,0,3,4,0,2,99,,N,,,,,,,,,,,
2007067323,1822.0,2,0,0,0,0,0,0,0,0,1,0,,67,5,2007,7,39.9594,-75.1738,1816.0,6,0,0,0,0,1,0,0,0,1.0,0,0,0,18,1,2,0,,1,39 57:34.000,4.0,0,75 10:29.070,4,0,0,0,67301,0,0,0,N,0,0,0,3,67301,2,,1,1,,N,N,,0,,0,0,0,0,0,N,1816,2,2,0,0,0,0,0,3,4,0,2,3,,N,,,,,,,,,,,
2007067217,9999.0,1,0,0,0,0,0,0,0,0,8,0,,67,5,2007,5,40.0162,-75.14,1953.0,6,0,0,0,0,0,0,0,0,,0,0,0,19,1,1,0,,0,40 00:58.417,,0,75 08:23.964,3,0,0,0,67301,1,0,0,,1,0,0,2,67301,0,,1,1,,N,N,,0,,1,0,0,0,0,,1950,1,2,0,0,0,0,0,3,4,0,1,3,,N,,,,,,,,,,,
2007067218,130.0,2,0,0,0,0,0,0,0,0,1,0,,67,5,2007,1,39.9482,-75.1679,125.0,6,0,0,0,0,0,0,0,0,,0,0,0,1,3,1,1,,0,39 56:53.400,,0,75 10:04.300,4,0,0,0,67301,0,0,0,N,0,0,0,3,67301,1,,1,9,,N,N,,0,,0,0,0,0,0,,110,1,2,0,0,0,0,1,3,4,0,2,7,,N,,,,,,,,,,,
2007054811,921.0,1,0,0,0,0,0,0,0,0,1,0,,67,3,2007,2,39.9536,-75.1381,920.0,6,0,0,0,0,0,2,0,0,,0,0,0,9,1,0,0,,0,39 57:12.874,,0,75 08:17.040,0,0,0,0,67301,0,0,0,N,0,0,0,2,67301,0,,1,1,,N,N,,1,,0,0,0,3,8,,920,0,2,0,0,0,0,0,3,4,0,2,3,,N,,,,,,,,,,,
2007067121,826.0,2,0,0,0,0,0,0,0,0,2,0,,67,5,2007,5,39.9418,-75.166,825.0,6,0,0,0,0,0,0,0,0,,0,0,0,8,1,0,1,,0,39 56:30.000,,0,75 09:57.442,0,0,0,0,67301,0,0,0,N,0,0,0,5,67301,0,,1,1,,N,N,,0,,0,0,0,3,2,,801,0,2,0,0,0,0,0,3,4,0,2,3,,N,,,,,,,,,,,
2007099144,9999.0,1,0,0,0,0,0,0,0,0,4,0,,67,7,2007,1,40.0187,-75.0742,,6,0,0,0,0,0,0,0,0,3.0,0,0,0,1,3,1,0,,2,40 01:07.351,3.0,0,75 04:27.261,3,0,0,0,67301,0,0,0,Y,0,0,0,1,67301,0,,4,9,,N,N,,0,,1,0,1,0,0,Y,127,1,2,0,0,0,0,0,3,4,0,2,3,,N,,,,,,,,,,,
2007037117,309.0,1,0,0,0,0,0,0,0,0,7,0,,67,1,2007,3,40.0074,-75.202,309.0,6,0,0,0,0,0,0,0,0,2.0,0,0,0,3,3,0,2,,2,40 00:26.718,7.0,0,75 12:07.145,0,0,0,0,67301,0,0,0,N,0,0,0,1,68K01,0,,4,1,,N,N,,0,,0,0,0,3,3,Y,300,0,1,0,0,0,0,0,3,4,0,1,3,,N,,,,,,,,,,,
2007029248,52.0,1,0,0,0,0,0,0,0,0,7,0,,67,1,2007,1,39.9705,-75.1514,50.0,6,0,0,0,0,0,0,0,0,,0,0,0,0,3,1,0,,0,39 58:13.692,,0,75 09:05.042,3,0,0,0,67301,0,0,0,,0,0,0,1,67301,0,,2,1,,,,,0,,1,0,0,0,0,,50,1,1,0,0,1,0,0,3,4,0,1,3,,N,,,,,,,,,,,
2007029320,1955.0,1,0,0,0,0,0,0,0,0,1,0,,67,1,2007,4,40.0211,-75.1399,1952.0,6,0,0,0,0,0,1,1,0,,0,0,0,19,3,3,1,,0,40 01:15.000,,0,75 08:23.758,4,0,0,0,67301,0,0,0,N,0,0,0,3,67301,3,,1,1,,N,N,,0,,0,0,1,3,2,,1950,3,2,0,0,0,0,0,3,4,0,2,3,,N,,,,,,,,,,,
2007092490,2350.0,1,0,0,0,0,0,0,0,0,1,0,,67,6,2007,5,40.0562,-75.0778,2345.0,6,0,0,0,0,0,0,0,0,,0,0,0,23,3,1,0,,0,40 03:22.474,,0,75 04:40.098,4,0,0,0,67301,0,0,0,N,0,0,0,1,67301,1,,1,9,,N,N,,1,,0,0,1,0,0,,2340,1,3,0,0,0,0,0,3,4,0,3,7,,N,,,,,,,,,,,
2007095023,1600.0,2,0,0,0,0,0,0,0,0,4,0,,67,8,2007,4,39.9493,-75.1572,1557.0,6,0,0,0,0,0,1,0,0,,0,0,0,15,1,1,1,,0,39 56:57.318,,0,75 09:25.995,4,0,0,0,67301,0,0,0,,0,0,0,2,67301,1,,1,1,,,,,0,,0,0,0,3,2,,1551,1,2,0,0,0,0,0,3,4,0,2,3,,N,,,,,,,,,,,
2007095054,1155.0,2,0,0,0,0,0,0,0,0,6,0,,67,6,2007,1,40.0341,-75.131,1148.0,6,0,0,0,0,0,0,0,0,,0,0,0,11,1,1,0,,0,40 02:02.591,,0,75 07:51.650,4,0,0,0,67301,0,0,0,N,0,0,0,3,67301,1,,1,1,,N,N,,0,,0,0,0,3,8,,1145,1,2,0,0,0,0,0,3,4,0,2,3,,N,,,,,,,,,,,
2007120671,1504.0,0,0,0,0,0,0,0,0,0,8,0,,67,9,2007,1,39.9244,-75.1697,1459.0,6,0,0,0,0,0,0,0,0,,0,0,0,14,1,1,0,,0,39 55:26.000,,0,75 10:01.066,4,0,0,0,67301,1,0,0,N,1,0,0,3,67301,1,,1,1,,N,N,,0,,0,0,1,0,0,,1455,1,2,0,0,0,0,0,3,4,0,1,3,,N,,,,,,,,,,,
2007125453,1346.0,3,0,0,0,0,0,0,0,0,4,0,,67,10,2007,2,40.0444,-75.0727,1343.0,6,0,0,0,0,0,0,1,0,3.0,0,0,0,13,1,1,1,,2,40 02:39.000,7.0,0,75 04:21.664,8,0,0,0,67301,0,0,0,,0,0,0,3,67301,0,,1,1,,,,,0,,0,0,0,3,2,Y,1340,1,3,0,0,0,1,2,3,4,0,3,3,,N,,,,,,,,,,,
2007107068,1635.0,2,0,0,0,0,0,0,0,0,2,0,,67,8,2007,1,40.0101,-75.1214,1630.0,6,0,0,0,0,0,0,0,0,,0,0,0,99,1,3,1,,0,40 00:36.000,,0,75 07:17.179,8,0,0,0,67301,0,0,0,N,0,0,0,4,67301,0,,1,9,,N,N,,0,,0,0,0,3,2,,9999,3,2,0,0,1,3,0,3,4,0,2,7,,N,,,,,,,,,,,
2007082927,130.0,0,0,0,0,0,0,0,0,0,7,0,,67,5,2007,2,39.9439,-75.1917,124.0,6,0,0,1,0,0,0,0,0,2.0,0,0,0,1,3,3,0,,1,39 56:38.000,4.0,2,75 11:30.016,8,0,0,0,67301,0,0,0,N,0,0,0,3,67301,0,,2,9,,N,N,,0,,0,0,1,0,0,N,120,3,1,0,0,0,3,0,3,4,0,1,3,,N,,,,,,,,,,,
2007080474,2200.0,1,0,0,0,0,0,0,0,0,8,0,,67,7,2007,5,39.9283,-75.1857,2200.0,6,0,0,0,0,0,0,0,0,,0,0,0,21,3,1,1,,0,39 55:41.700,,0,75 11:08.347,4,0,0,0,67301,1,0,0,N,1,0,0,2,67301,1,,1,9,,N,N,,0,,0,0,0,3,3,,2150,1,2,0,0,0,0,0,3,4,0,1,3,,N,,,,,,,,,,,
2007102292,1455.0,2,0,0,0,0,0,0,0,0,6,0,,67,8,2007,3,39.9155,-75.2449,1450.0,6,0,0,0,0,0,0,0,0,3.0,0,0,0,14,1,6,0,,1,39 54:55.000,1.0,0,75 14:41.761,4,0,0,0,67301,0,0,0,N,0,0,0,6,67301,6,,1,1,,N,N,,0,,0,0,0,0,0,N,1400,6,2,0,0,0,0,0,3,4,0,2,3,,N,,,,,,,,,,,
2007027828,140.0,2,0,0,0,0,0,0,0,0,4,0,,67,1,2007,2,40.0255,-75.1254,133.0,6,0,0,0,0,0,0,0,0,,0,0,0,1,3,3,1,,0,40 01:31.000,,0,75 07:31.582,8,0,0,0,67301,0,0,0,N,0,0,0,4,67301,0,,1,9,,N,N,,0,,0,0,0,3,2,,130,3,2,0,0,0,3,0,3,4,0,2,7,,N,,,,,,,,,,,
2007028420,1220.0,1,0,0,0,0,0,0,0,0,8,0,,67,1,2007,6,39.9538,-75.1876,1154.0,6,0,0,0,0,0,0,0,0,,0,0,0,11,1,1,0,,0,39 57:13.000,,0,75 11:15.162,8,0,0,0,67301,1,0,0,N,1,0,0,2,67301,0,,1,9,,N,N,,0,,0,0,0,0,0,,1154,1,2,0,0,0,1,0,3,4,0,1,7,,N,,,,,,,,,,,
2007117206,1819.0,1,0,0,0,0,0,0,0,0,8,0,,67,10,2007,1,40.0101,-75.1576,1817.0,6,0,0,0,0,0,0,0,0,,0,0,0,18,1,1,0,,0,40 00:33.000,,0,75 09:06.155,8,0,0,0,67301,1,0,0,N,1,0,0,2,67301,0,,1,1,,N,N,,0,,0,0,0,0,0,,1815,1,2,0,0,0,1,1,3,4,0,1,3,,N,,,,,,,,,,,
2007027966,1247.0,1,0,0,0,0,0,0,0,0,4,0,,67,1,2007,4,39.9398,-75.2114,1245.0,6,0,0,0,0,0,1,0,1,,0,0,0,12,1,1,1,,0,39 56:23.373,,0,75 12:40.931,4,0,0,0,67301,0,0,0,N,0,0,0,2,67301,1,,1,1,,N,N,,0,,0,0,0,3,2,,1229,1,2,0,0,0,0,0,3,4,0,2,3,,N,,,,,,,,,,,
2007047695,1528.0,2,0,0,0,0,0,0,0,0,6,0,,67,3,2007,2,40.0403,-75.0585,1525.0,6,0,0,0,0,0,1,1,0,2.0,0,0,0,15,1,2,1,,2,40 02:25.000,1.0,0,75 03:30.735,3,0,0,0,67301,0,0,0,N,0,0,0,2,67301,1,,1,1,,N,N,,0,,1,0,0,3,2,Y,1520,2,2,0,0,0,0,0,3,4,0,2,3,,N,,,,,,,,,,,
2007047711,202.0,2,0,0,0,0,0,0,0,0,4,0,,67,2,2007,7,39.9604,-75.1818,156.0,6,0,0,0,0,1,1,0,0,1.0,0,0,0,1,3,0,2,,2,39 57:41.040,4.0,0,75 10:57.000,0,0,0,0,67301,0,0,0,N,0,0,0,2,67301,0,,1,1,,N,N,,0,,0,0,0,0,0,N,156,0,2,0,0,0,0,0,3,4,0,2,3,,N,,,,,,,,,,,
2007047712,420.0,1,0,0,0,0,0,0,0,0,7,0,,67,3,2007,6,39.9468,-75.1883,410.0,6,0,0,0,0,0,0,0,0,1.0,0,0,0,4,3,0,7,,2,39 56:48.414,4.0,0,75 11:17.849,0,0,0,0,67301,0,0,0,N,0,0,0,1,67301,0,,3,9,,N,N,,0,,0,0,0,0,0,N,405,0,1,0,0,0,0,0,3,4,0,1,7,,N,,,,,,,,,,,
2007047579,2009.0,1,0,0,0,0,0,0,0,0,8,0,,67,3,2007,2,39.9578,-75.2417,2007.0,6,0,0,0,0,0,1,0,0,,0,0,0,20,3,1,1,,0,39 57:28.044,,0,75 14:29.990,4,0,0,0,67301,1,0,0,N,1,0,0,2,67301,1,,1,9,,N,N,,0,,0,0,0,3,3,,2007,1,2,0,0,0,0,0,3,4,0,1,3,,N,,,,,,,,,,,
2007106875,1545.0,3,0,0,0,0,0,0,0,0,1,0,,67,8,2007,5,39.8765,-75.2577,1539.0,6,0,0,0,0,0,0,1,0,2.0,0,0,0,15,1,3,0,,1,39 52:35.000,2.0,0,75 15:27.674,4,0,0,0,67301,0,0,0,,0,0,0,5,67301,3,,1,1,,,,,0,,0,0,0,0,0,Y,1534,3,3,0,0,0,0,0,3,4,0,3,3,,N,,,,,,,,,,,
2007106976,1805.0,1,0,0,0,0,0,0,0,0,4,0,,67,9,2007,7,39.9934,-75.138,1800.0,6,0,0,0,0,1,0,0,0,,0,0,0,18,1,1,1,,0,39 59:36.380,,0,75 08:16.731,2,0,1,1,67301,0,0,0,N,0,0,0,2,67301,0,,1,1,,N,N,,0,,0,1,0,3,3,,1800,1,2,0,0,0,0,0,3,4,0,2,3,,N,,,,,,,,,,,
2007107005,1556.0,2,0,0,0,0,0,0,0,0,1,0,,67,8,2007,6,40.0123,-75.2055,1545.0,6,0,0,0,0,0,0,0,0,,0,0,0,15,1,0,7,,0,40 00:53.640,,0,75 12:21.960,0,0,0,0,67301,0,0,0,Y,0,0,0,2,67301,0,,1,9,,N,N,,0,,0,0,0,0,0,,1537,0,2,0,0,0,0,0,3,4,0,2,7,,N,,,,,,,,,,,
2007058126,908.0,1,0,0,0,0,0,1,0,0,1,1,,67,4,2007,2,40.0171,-75.1512,908.0,6,0,0,0,0,0,0,0,0,,0,0,0,99,1,3,5,,0,40 01:01.000,,0,75 09:04.327,4,0,0,0,67301,0,0,0,N,0,0,0,5,67301,3,,1,9,,N,N,,0,,0,0,0,3,2,,9999,3,2,0,0,0,0,0,3,4,0,2,7,,N,,,,,,,,,,,
2007058130,104.0,1,0,0,0,0,0,0,0,0,7,0,,67,4,2007,5,39.9686,-75.1351,59.0,6,0,0,0,0,0,0,0,0,1.0,0,0,0,0,3,0,0,,1,39 58:07.120,3.0,0,75 08:06.447,0,0,0,0,67301,0,0,0,N,0,0,0,1,67301,0,,4,9,,N,N,,0,,0,0,0,0,0,N,57,0,1,0,0,0,0,0,3,4,0,1,7,,N,,,,,,,,,,,
2007093560,242.0,1,0,0,0,0,0,0,0,0,4,0,,67,8,2007,6,40.028,-75.1472,242.0,6,0,0,0,0,0,0,0,0,9.0,1,0,0,2,3,0,0,,2,40 01:40.000,7.0,0,75 08:49.737,1,1,0,1,67301,0,0,0,N,0,0,0,5,67301,0,2.0,1,1,,N,N,,0,0.0,0,0,0,0,0,Y,213,0,2,0,0,0,0,0,3,4,0,2,3,,N,,,,,,,,,,,
2007093603,2330.0,2,0,0,0,0,0,0,0,0,2,0,,67,7,2007,3,40.0567,-75.0733,2327.0,6,0,0,0,0,0,0,0,0,2.0,0,0,0,23,3,0,0,,1,40 03:24.220,5.0,0,75 04:23.757,9,0,0,0,67301,0,0,0,N,0,0,0,1,67301,0,,1,1,,N,N,,0,,0,0,0,0,0,N,2300,0,2,0,0,0,0,1,3,4,0,2,3,,N,,,,,,,,,,,
2007125114,1820.0,3,0,0,0,0,0,0,0,0,1,0,,67,10,2007,7,40.0766,-75.0826,1809.0,6,1,0,0,0,0,0,0,0,,0,0,0,16,1,3,0,,0,40 04:35.000,,0,75 04:57.354,4,0,0,0,67301,0,0,0,N,0,0,0,5,67301,3,,1,1,,N,N,,0,,0,0,0,3,2,,1620,3,3,0,0,0,0,0,3,4,0,3,3,,N,,,,,,,,,,,
2007125125,205.0,1,0,0,0,0,0,0,0,0,4,0,,67,11,2007,7,39.9911,-75.1319,154.0,6,0,0,0,0,0,2,0,0,,0,0,0,1,3,3,0,,0,39 59:27.000,,0,75 07:54.812,3,0,0,0,67301,0,0,0,N,0,0,0,4,67301,0,,1,1,,N,N,,0,,3,0,1,0,0,,152,3,2,0,0,0,0,0,3,4,0,2,3,,N,,,,,,,,,,,
2007022766,1755.0,3,0,0,0,0,0,0,0,0,1,0,,67,1,2007,4,40.0078,-75.0716,1750.0,6,0,0,0,0,0,0,1,0,2.0,0,0,0,17,3,2,0,,1,40 00:28.235,1.0,0,75 04:17.640,3,0,0,0,67301,0,0,0,N,0,0,0,3,67301,1,,1,1,,N,N,,0,,1,0,0,0,0,N,1745,2,3,0,0,0,0,0,3,4,0,3,3,,N,,,,,,,,,,,
2007022776,1030.0,1,0,0,0,0,0,0,0,0,7,0,,67,1,2007,2,39.9031,-75.1397,1025.0,6,0,0,0,0,0,0,0,0,,0,0,0,10,1,1,0,,0,39 54:11.185,,0,75 08:23.082,4,0,0,0,67301,0,0,0,Y,0,0,0,1,67301,1,,4,7,,N,N,,0,,0,0,0,0,0,,1020,1,1,0,0,1,0,0,3,4,0,1,10,,N,,,,,,,,,,,
2007066279,848.0,0,0,0,0,0,0,0,0,0,1,0,,67,5,2007,2,39.9798,-75.1262,845.0,6,0,0,0,0,0,0,0,0,,0,0,0,8,1,1,1,,0,39 58:47.265,,0,75 07:34.219,4,0,0,0,67301,0,0,0,,0,0,0,2,67301,1,,1,1,,,,,1,,0,0,1,9,3,,845,1,2,0,0,0,0,0,3,4,0,2,3,,N,,,,,,,,,,,
2007058637,1635.0,2,0,0,0,0,0,0,0,0,1,0,,67,4,2007,2,39.9746,-75.1835,1632.0,6,0,0,0,0,0,0,0,0,,0,0,0,16,1,3,1,,0,39 58:28.000,,0,75 11:00.487,4,0,0,0,67301,0,0,0,N,0,0,0,6,67301,3,,1,1,,N,N,,0,,0,0,0,3,2,,1632,3,3,0,0,1,0,0,3,4,1,3,3,,N,,,,,,,,,,,
2007051217,1119.0,1,0,0,0,0,0,0,0,0,8,0,,67,2,2007,4,39.9556,-75.2023,1114.0,6,0,0,0,0,0,0,0,0,,0,0,0,10,1,1,1,,0,39 57:20.000,,0,75 12:08.149,8,0,0,0,67301,1,0,0,,1,0,0,2,67301,0,,1,9,,,,,0,,0,0,0,0,0,,1040,1,2,0,0,0,1,0,3,4,0,1,9,,N,,,,,,,,,,,
2007056410,2320.0,2,0,0,0,0,0,0,0,0,1,0,,67,4,2007,6,40.0507,-75.1641,,6,0,0,0,0,0,0,0,0,,0,0,0,23,3,1,0,,0,40 03:02.628,,0,75 09:50.619,4,0,0,0,67301,0,0,0,N,0,0,0,1,67301,1,,6,1,,N,N,,0,,0,0,0,0,0,,2318,1,2,0,0,0,0,0,3,4,0,2,3,,N,,,,,,,,,,,
2007056438,1543.0,0,0,0,0,0,0,0,0,0,2,0,,67,4,2007,5,39.9823,-75.1267,1534.0,6,0,0,0,0,0,1,0,0,,0,0,0,15,1,1,1,,0,39 58:56.280,,0,75 07:36.120,4,0,0,0,67301,0,0,0,N,0,0,0,5,67301,1,,1,1,,N,N,,0,,0,0,1,3,3,,1521,1,2,0,0,0,0,0,3,4,1,2,3,,N,,,,,,,,,,,
2007056456,615.0,1,0,0,0,0,0,0,0,0,2,0,,67,4,2007,1,40.029,-75.1005,610.0,6,0,0,0,0,0,0,0,0,1.0,0,0,0,99,5,1,0,,2,40 01:44.477,2.0,0,75 06:01.786,8,0,0,0,67301,0,0,0,N,0,0,0,2,67301,0,,1,9,,N,N,,0,,0,0,1,0,0,Y,9999,1,2,0,0,2,1,0,3,4,0,2,7,,N,,,,,,,,,,,
2007056563,2112.0,4,0,0,0,0,0,0,0,0,1,0,,67,3,2007,5,40.0339,-75.0743,2106.0,6,0,0,0,1,0,0,0,0,1.0,0,0,0,21,3,1,1,,2,40 02:02.000,1.0,0,75 04:27.142,4,0,0,0,67301,0,0,0,N,0,0,0,6,67301,1,,1,1,,N,N,,0,,0,0,0,3,2,N,2105,1,4,0,0,0,0,0,3,4,0,4,3,,N,,,,,,,,,,,
2007057541,1155.0,1,0,0,0,0,0,0,0,0,1,0,,67,4,2007,7,40.0029,-75.1951,1155.0,6,0,0,0,0,0,0,0,0,,0,0,0,11,1,0,0,,0,40 00:08.000,,0,75 11:41.990,0,0,0,0,67301,0,0,0,N,0,0,0,3,68K01,0,,1,1,,N,N,,0,,0,0,1,0,0,,1155,0,2,0,0,1,0,0,3,4,0,2,3,,N,,,,,,,,,,,
2007098994,430.0,0,0,0,0,0,0,0,0,0,2,0,,67,8,2007,5,39.9558,-75.1915,430.0,6,0,0,0,0,0,1,0,0,,0,0,0,4,3,0,1,,0,39 57:21.000,,0,75 11:29.219,0,0,0,0,67301,0,0,0,,0,0,0,2,67504,0,,1,1,,N,N,,0,,0,0,1,3,2,,415,0,2,0,0,0,0,0,3,4,1,2,3,,N,,,,,,,,,,,
2007067255,429.0,2,0,0,0,0,0,0,0,0,4,0,,67,4,2007,2,39.9198,-75.1841,427.0,6,0,0,0,0,0,0,0,0,,0,0,0,4,3,1,1,,0,39 55:11.438,,0,75 11:02.788,3,0,0,0,67301,0,0,0,N,0,0,0,2,67301,0,,1,1,,N,N,,0,,1,0,0,3,3,,427,1,2,0,0,0,0,1,3,4,0,2,3,,N,,,,,,,,,,,
2007067294,1534.0,1,0,0,0,0,0,0,0,0,7,0,,67,5,2007,6,,,1528.0,6,0,0,0,0,0,0,0,0,1.0,0,0,0,15,1,0,0,,1,,2.0,0,,0,0,0,0,67301,0,0,0,N,0,0,0,1,67301,0,,2,1,,N,N,,0,,0,0,0,0,0,N,1528,0,1,0,0,0,0,0,3,3,0,1,3,,N,,,,,,,,,,,
2007067320,2107.0,1,0,0,0,0,0,0,0,0,1,0,,67,5,2007,4,40.0515,-75.0091,2102.0,6,0,0,0,0,1,0,0,1,,0,0,0,21,3,1,2,,0,40 03:05.000,,0,75 00:32.643,8,0,0,0,67301,0,0,0,,0,0,0,3,67301,0,,1,9,,N,N,,0,,0,0,0,3,2,,2100,1,3,0,0,0,1,1,3,4,1,3,7,,N,,,,,,,,,,,
2007067396,1943.0,1,0,0,0,0,0,0,0,0,8,0,,67,5,2007,7,40.0102,-75.1434,1942.0,6,0,0,0,0,0,0,0,0,,0,0,0,19,1,1,0,,0,40 00:36.781,,0,75 08:36.114,4,0,0,0,67301,1,0,0,N,1,0,0,2,67301,1,,1,9,,N,N,,0,,0,0,0,0,0,,1940,1,2,0,0,0,0,0,3,4,0,1,3,,N,,,,,,,,,,,
2007067170,812.0,1,0,0,0,0,0,0,0,0,4,0,,67,5,2007,6,40.0661,-75.0918,802.0,6,0,0,0,0,0,0,0,1,,0,0,0,8,1,1,0,,0,40 03:58.000,,0,75 05:30.499,4,0,0,0,67301,0,0,0,N,0,0,0,2,67301,1,,1,1,,N,N,,0,,0,0,1,0,0,,800,1,2,0,0,0,0,0,3,4,0,2,3,,N,,,,,,,,,,,
2007067194,1925.0,2,0,0,0,0,0,0,0,0,4,0,,67,5,2007,4,40.0205,-75.1924,1921.0,6,0,0,0,0,0,0,1,0,,0,0,0,19,1,2,1,,0,40 01:13.000,,0,75 11:32.576,2,0,0,0,67301,0,0,0,N,0,0,0,2,67301,1,,1,9,,N,N,,0,,0,1,0,3,2,,1900,2,2,0,0,0,0,0,3,4,0,2,7,,N,,,,,,,,,,,
2007067225,1748.0,2,0,0,0,0,0,0,0,0,5,0,,67,4,2007,2,39.9915,-75.0944,1742.0,6,0,0,0,0,0,0,0,1,,0,0,0,17,1,0,0,,0,39 59:29.436,,0,75 05:39.822,0,0,0,0,67301,0,0,0,,0,0,0,1,67301,0,,6,1,,,,,0,,0,0,0,0,0,,1740,0,2,0,0,0,0,0,3,4,0,2,3,,N,,,,,,,,,,,
2007057336,252.0,1,0,0,0,0,0,0,0,0,7,0,,67,3,2007,7,40.0348,-75.1883,250.0,6,0,0,0,0,0,0,0,0,2.0,0,0,0,2,3,0,0,,2,40 02:05.223,2.0,0,75 11:17.974,0,0,0,0,67301,0,0,0,Y,0,0,0,2,67301,0,,4,1,,N,N,,0,,0,0,0,0,0,Y,245,0,1,0,0,0,0,0,3,4,0,1,3,,N,,,,,,,,,,,
2007067120,913.0,0,0,0,0,0,0,0,0,0,1,0,,67,5,2007,3,39.9392,-75.191,910.0,6,0,0,0,0,0,1,0,0,,0,0,0,9,1,2,0,,0,39 56:21.100,,0,75 11:27.600,4,0,0,0,67301,0,0,0,N,0,0,0,3,67301,2,,1,1,,N,N,,3,,0,0,0,0,0,,905,2,3,0,0,0,0,0,3,4,0,3,3,,N,,,,,,,,,,,