CRN,ARRIVAL_TM,AUTOMOBILE_COUNT,BELTED_DEATH_COUNT,BELTED_SUSP_SERIOUS_INJ_COUNT,BICYCLE_COUNT,BICYCLE_DEATH_COUNT,BICYCLE_SUSP_SERIOUS_INJ_COUNT,BUS_COUNT,CHLDPAS_DEATH_COUNT,CHLDPAS_SUSP_SERIOUS_INJ_COUNT,COLLISION_TYPE,COMM_VEH_COUNT,CONS_ZONE_SPD_LIM,COUNTY,CRASH_MONTH,CRASH_YEAR,DAY_OF_WEEK,DEC_LAT,DEC_LONG,DISPATCH_TM,DISTRICT,DRIVER_COUNT_16YR,DRIVER_COUNT_17YR,DRIVER_COUNT_18YR,DRIVER_COUNT_19YR,DRIVER_COUNT_20YR,DRIVER_COUNT_50_64YR,DRIVER_COUNT_65_74YR,DRIVER_COUNT_75PLUS,EST_HRS_CLOSED,FATAL_COUNT,HEAVY_TRUCK_COUNT,HORSE_BUGGY_COUNT,HOUR_OF_DAY,ILLUMINATION,INJURY_COUNT,INTERSECT_TYPE,INTERSECTION_RELATED,LANE_CLOSED,LATITUDE,LN_CLOSE_DIR,LOCATION_TYPE,LONGITUDE,MAX_SEVERITY_LEVEL,MCYCLE_DEATH_COUNT,MCYCLE_SUSP_SERIOUS_INJ_COUNT,MOTORCYCLE_COUNT,MUNICIPALITY,NONMOTR_COUNT,NONMOTR_DEATH_COUNT,NONMOTR_SUSP_SERIOUS_INJ_COUNT,NTFY_HIWY_MAINT,PED_COUNT,PED_DEATH_COUNT,PED_SUSP_SERIOUS_INJ_COUNT,PERSON_COUNT,POLICE_AGCY,POSSIBLE_INJ_COUNT,RDWY_SURF_TYPE_CD,RELATION_TO_ROAD,ROAD_CONDITION,ROADWAY_CLEARED,SCH_BUS_IND,SCH_ZONE_IND,SECONDARY_CRASH,SMALL_TRUCK_COUNT,SPEC_JURIS_CD,SUSP_MINOR_INJ_COUNT,SUSP_SERIOUS_INJ_COUNT,SUV_COUNT,TCD_FUNC_CD,TCD_TYPE,TFC_DETOUR_IND,TIME_OF_DAY,TOT_INJ_COUNT,TOTAL_UNITS,UNB_DEATH_COUNT,UNB_SUSP_SERIOUS_INJ_COUNT,UNBELTED_OCC_COUNT,UNK_INJ_DEG_COUNT,UNK_INJ_PER_COUNT,URBAN_AREA,URBAN_RURAL,VAN_COUNT,VEHICLE_COUNT,WEATHER1,WEATHER2,WORK_ZONE_IND,WORK_ZONE_LOC,WORK_ZONE_TYPE,WORKERS_PRES,WZ_CLOSE_DETOUR,WZ_FLAGGER,WZ_LAW_OFFCR_IND,WZ_LN_CLOSURE,WZ_MOVING,WZ_OTHER,WZ_SHLDER_MDN,WZ_WORKERS_INJ_KILLED
2007029585,1915.0,0,0,0,0,0,0,0,0,0,6,0,,67,1,2007,1,40.0764,-75.195,1902.0,6,0,0,0,0,0,0,0,0,,0,0,0,99,3,1,1,,0,40 04:35.000,,0,75 11:42.090,4,0,0,0,67301,0,0,0,N,0,0,0,2,67301,1,,1,9,,N,N,,0,,0,0,1,3,2,,9999,1,2,0,0,0,0,0,3,4,1,2,7,,N,,,,,,,,,,,
2007120919,1305.0,1,0,0,1,0,0,0,0,0,8,0,,67,10,2007,4,39.9731,-75.1484,1255.0,6,0,0,0,0,0,1,0,0,,0,0,0,12,1,1,2,,0,39 58:23.293,,0,75 08:54.175,8,0,0,0,67301,1,0,0,N,0,0,0,2,67301,0,,1,1,,N,N,,0,,0,0,0,0,0,,1255,1,2,0,0,0,1,0,3,4,0,1,3,,N,,,,,,,,,,,
2007097338,1719.0,3,0,0,0,0,0,0,0,0,4,1,,67,8,2007,4,39.9917,-75.17,1716.0,6,0,0,0,0,0,0,0,0,,0,1,0,17,1,1,2,,0,39 59:30.184,,0,75 10:12.169,4,0,0,0,67301,0,0,0,,0,0,0,4,67301,1,,1,1,,N,N,,0,,0,0,0,0,0,,1710,1,4,0,0,0,0,0,3,4,0,4,3,,N,,,,,,,,,,,
2007092768,121.0,0,0,0,0,0,0,0,0,0,7,0,,67,7,2007,1,39.9572,-75.158,119.0,6,0,0,0,0,0,0,0,0,,0,0,0,1,3,2,0,,0,39 57:27.000,,2,75 09:38.851,8,0,0,2,67301,0,0,0,N,0,0,0,2,67301,0,,2,1,,N,N,,0,,0,0,0,0,0,,118,2,2,0,0,0,2,0,3,4,0,2,3,,N,,,,,,,,,,,
2007120681,1850.0,1,0,0,0,0,0,0,0,0,1,0,,67,10,2007,2,40.0729,-75.0759,1849.0,6,0,1,0,0,0,0,0,0,,0,0,0,18,3,1,1,,0,40 04:22.000,,0,75 04:33.193,4,0,0,0,67301,0,0,0,N,0,0,0,2,67301,1,,1,1,,N,N,,0,,0,0,1,3,2,,1800,1,2,0,0,0,0,0,3,4,0,2,3,,N,,,,,,,,,,,
2007080495,1643.0,1,0,0,0,0,0,0,0,0,8,0,,67,6,2007,2,39.9879,-75.1558,1643.0,6,0,0,0,0,0,0,0,0,,0,0,0,99,1,1,0,,0,39 59:16.000,,0,75 09:20.848,4,0,0,0,67301,1,0,0,,1,0,0,2,67301,1,,1,1,,,,,0,,0,0,0,3,2,,9999,1,2,0,0,0,0,0,3,4,0,1,3,,N,,,,,,,,,,,
2007120731,1009.0,0,0,0,0,0,0,1,0,0,1,1,,67,10,2007,2,39.9239,-75.2221,1001.0,6,0,0,0,0,0,1,0,0,,0,0,0,10,1,4,1,,0,39 55:26.000,,0,75 13:19.646,4,0,0,0,67301,0,0,0,,0,0,0,7,67301,1,,1,1,,,,,1,,0,0,0,3,2,,1001,4,2,0,0,0,3,2,3,4,0,2,3,,N,,,,,,,,,,,
2007027885,1720.0,2,0,0,0,0,0,0,0,0,4,0,,67,1,2007,7,40.1189,-75.0181,1718.0,6,0,0,0,0,0,0,0,0,,0,0,0,17,3,2,1,,0,40 07:07.000,,0,75 01:05.114,4,0,0,0,67301,0,0,0,N,0,0,0,4,67301,2,,1,9,,N,N,,0,,0,0,0,3,2,,1704,2,2,0,0,0,0,0,3,4,0,2,7,,N,,,,,,,,,,,
2007027905,1925.0,2,0,0,0,0,0,0,0,0,5,0,,67,1,2007,5,40.0879,-74.971,1920.0,6,0,0,0,0,1,0,0,0,,0,0,0,19,3,0,0,,0,40 05:16.000,,6,74 58:15.514,0,0,0,0,67301,0,0,0,N,0,0,0,3,67301,0,,1,9,,N,N,,0,,0,0,0,0,0,,1920,0,2,0,0,0,0,0,3,4,0,2,7,,N,,,,,,,,,,,
2007027929,2234.0,1,0,0,0,0,0,0,0,0,7,0,,67,1,2007,3,40.102,-75.0194,2234.0,6,0,0,0,0,0,0,0,0,,0,0,0,22,3,1,0,,0,40 06:07.060,,0,75 01:09.713,8,0,0,0,67301,0,0,0,N,0,0,0,2,67301,0,,5,9,,N,N,,0,,0,0,0,0,0,,2233,1,1,0,0,0,1,0,3,4,0,1,10,,N,,,,,,,,,,,
2007047560,9999.0,2,0,0,0,0,0,0,0,0,5,0,,67,3,2007,5,39.9782,-75.1897,2.0,6,0,0,1,0,0,0,0,0,,0,0,0,99,3,2,0,,0,39 58:40.000,,0,75 11:23.447,3,0,0,0,67301,0,0,0,N,0,0,0,3,67301,0,,4,1,,N,N,,0,,2,0,0,0,0,,9999,2,2,0,0,0,0,0,3,4,0,2,3,,N,,,,,,,,,,,
2007047727,740.0,3,0,0,0,0,0,0,0,0,4,0,,67,2,2007,6,40.0551,-75.068,737.0,6,0,0,0,0,0,0,0,0,1.0,0,0,0,7,1,0,2,,1,40 03:18.478,6.0,0,75 04:04.814,9,0,0,0,67301,0,0,0,N,0,0,0,5,67301,0,,1,1,,N,N,,0,,0,0,0,3,3,Y,737,0,3,0,0,0,0,4,3,4,0,3,3,,N,,,,,,,,,,,
2007112038,1020.0,2,0,0,0,0,0,0,0,0,4,0,,67,9,2007,5,39.9251,-75.1752,1017.0,6,0,0,0,0,0,0,0,0,,0,0,0,10,1,1,2,,0,39 55:30.000,,0,75 10:29.680,4,0,0,0,67301,0,0,0,N,0,0,0,2,67301,1,,1,1,,N,N,,0,,0,0,0,0,0,,1017,1,2,0,0,0,0,0,3,4,0,2,3,,N,,,,,,,,,,,
2007109386,156.0,1,0,0,0,0,0,0,0,0,4,0,,67,9,2007,1,39.9417,-75.1439,155.0,6,0,0,0,0,0,0,0,0,,0,0,0,1,3,0,0,,0,39 56:30.066,,0,75 08:38.076,0,0,0,0,67301,0,0,0,N,0,0,0,2,67301,0,,1,1,,N,N,,0,,0,0,1,0,0,,155,0,2,0,0,0,0,0,3,4,0,2,3,,N,,,,,,,,,,,
2007109409,2025.0,2,0,0,0,0,0,0,0,0,6,0,,67,9,2007,6,40.011,-75.1405,2025.0,6,0,0,0,0,0,0,0,0,,0,0,0,20,3,1,2,,0,40 00:39.628,,0,75 08:25.627,4,0,0,0,67301,0,0,0,,0,0,0,2,67301,1,,1,1,,,,,0,,0,0,1,9,3,,2025,1,3,0,0,0,0,0,3,4,0,3,3,,N,,,,,,,,,,,
2007047868,1255.0,2,0,0,0,0,0,0,0,0,4,0,,67,2,2007,2,39.943,-75.2208,1249.0,6,0,0,0,0,0,0,0,0,,0,0,0,99,1,0,1,,0,39 56:34.922,,0,75 13:14.923,0,0,0,0,67301,0,0,0,N,0,0,0,3,67301,0,,1,1,,N,N,,0,,0,0,0,3,3,,9999,0,2,0,0,0,0,0,3,4,0,2,3,,N,,,,,,,,,,,
2007047985,1600.0,1,0,0,0,0,0,0,0,0,8,0,,67,3,2007,1,40.0524,-75.1209,1557.0,6,0,0,0,0,0,1,0,0,,0,0,0,15,1,1,0,,0,40 03:08.636,,0,75 07:15.071,8,0,0,0,67301,1,0,0,N,1,0,0,2,67301,0,,1,1,,N,N,,0,,0,0,0,0,0,,1505,1,2,0,0,0,1,0,3,4,0,1,3,,N,,,,,,,,,,,
2007093563,1004.0,1,0,0,0,0,0,0,0,0,8,0,,67,7,2007,6,39.9186,-75.1844,1003.0,6,0,0,0,0,0,0,0,0,,0,0,0,10,1,1,2,,0,39 55:06.855,,0,75 11:03.803,8,0,0,0,67301,1,0,0,N,1,0,0,2,67301,0,,1,1,,N,N,,0,,0,0,0,3,3,,1001,1,2,0,0,1,1,0,3,4,0,1,3,,N,,,,,,,,,,,
2007093432,1647.0,1,0,0,0,0,0,0,0,0,8,0,,67,7,2007,6,40.0027,-75.1615,1645.0,6,0,0,0,0,0,0,0,0,,0,0,0,16,1,1,0,,0,40 00:09.000,,0,75 09:41.430,4,0,0,0,67301,1,0,0,N,1,0,0,2,67301,1,,1,1,,N,N,,0,,0,0,0,0,0,,1643,1,2,0,0,0,0,0,3,4,0,1,3,,N,,,,,,,,,,,
2007093437,1915.0,1,0,0,1,0,0,0,0,0,4,0,,67,7,2007,2,40.0543,-75.0716,1912.0,6,0,0,0,0,0,1,0,0,,0,0,0,19,1,1,1,,0,40 03:15.000,,0,75 04:17.588,4,0,0,0,67301,1,0,0,N,0,0,0,2,67301,1,,1,1,,N,N,,0,,0,0,0,0,0,,1900,1,2,0,0,0,0,0,3,4,0,1,3,,N,,,,,,,,,,,
2007093443,1652.0,0,0,0,0,0,0,0,0,0,4,0,,67,7,2007,1,40.028,-75.0574,1650.0,6,0,0,0,0,0,2,0,0,,0,0,0,16,1,1,1,,0,40 01:40.000,,0,75 03:26.709,4,0,0,0,67301,0,0,0,Y,0,0,0,2,67301,1,,1,1,,N,N,,0,,0,0,2,3,2,,1645,1,2,0,0,0,0,0,3,4,0,2,3,,N,,,,,,,,,,,
2007127668,1120.0,1,0,0,0,0,0,0,0,0,1,0,,67,10,2007,2,40.0663,-75.1445,1115.0,6,0,0,0,0,0,1,0,0,,0,0,0,10,1,1,0,,0,40 03:58.514,,0,75 08:40.189,4,0,0,0,67301,0,0,0,N,0,0,0,2,67301,1,,1,1,,N,N,,0,,0,0,0,0,0,,1015,1,2,0,0,0,0,0,3,4,1,2,3,,N,,,,,,,,,,,
2007107355,1325.0,2,0,0,0,0,0,0,0,0,5,0,,67,9,2007,5,39.9206,-75.2142,1258.0,6,0,0,0,0,0,0,0,0,,0,0,0,12,1,2,0,,0,39 55:13.998,,0,75 12:51.001,4,0,0,0,67301,0,0,0,N,0,0,0,3,67301,2,,1,1,,N,N,,0,,0,0,0,0,0,,1255,2,2,0,0,0,0,1,3,4,0,2,3,,N,,,,,,,,,,,
2007022293,2040.0,0,0,0,0,0,0,0,0,0,7,0,,67,1,2007,1,40.0073,-75.091,2039.0,6,0,0,0,1,0,0,0,0,,1,0,0,20,6,0,3,,0,40 00:25.000,,0,75 05:28.199,1,0,0,0,67301,0,0,0,,0,0,0,4,67301,0,2.0,5,9,,,,,0,0.0,0,0,0,0,0,,2039,0,1,0,0,1,0,3,3,4,1,1,7,,N,,,,,,,,,,,
2007022301,1920.0,2,0,0,0,0,0,0,0,0,2,0,,67,1,2007,2,39.9613,-75.2471,1912.0,6,0,0,0,0,0,0,0,0,,0,0,0,19,3,2,1,,0,39 57:40.000,,0,75 14:49.452,8,0,0,0,67301,0,0,0,,0,0,0,3,67301,0,,1,9,,N,N,,0,,0,0,0,3,2,,1906,2,2,0,0,0,2,1,3,4,0,2,3,,N,,,,,,,,,,,
2007027619,1746.0,1,0,0,0,0,0,0,0,0,8,0,,67,1,2007,4,39.9859,-75.2319,1739.0,6,0,0,0,0,0,0,0,0,,0,0,0,16,1,1,1,,0,39 59:09.189,,0,75 13:54.821,3,0,0,0,67301,1,0,0,,1,0,0,2,67301,0,,1,1,,,,,0,,1,0,0,3,2,,1640,1,2,0,0,0,0,1,3,4,0,1,3,,N,,,,,,,,,,,
2007027690,125.0,2,0,0,0,0,0,0,0,0,4,0,,67,1,2007,2,39.986,-75.1144,123.0,6,0,0,0,0,0,0,0,0,,0,0,0,1,3,3,1,,0,39 59:09.456,,0,75 06:51.850,3,0,0,0,67301,0,0,0,N,0,0,0,6,67301,0,,1,9,,N,N,,0,,3,0,0,3,3,,121,3,2,0,0,0,0,1,3,4,0,2,7,,N,,,,,,,,,,,
2007027701,1800.0,1,0,0,0,0,0,0,0,0,4,0,,67,1,2007,3,39.9179,-75.2242,1758.0,6,0,0,0,0,0,0,0,1,,0,0,0,17,3,1,2,,0,39 55:04.342,,0,75 13:27.274,4,0,0,0,67301,0,0,0,N,0,0,0,2,67301,1,,1,1,,N,N,,1,,0,0,0,9,3,,1755,1,2,0,0,0,0,0,3,4,0,2,3,,N,,,,,,,,,,,
2007027743,1235.0,1,0,0,0,0,0,0,0,0,1,0,,67,1,2007,2,39.9741,-75.2202,1220.0,6,0,0,0,0,0,1,0,0,,0,0,0,12,1,1,0,,0,39 58:26.793,,0,75 13:12.793,4,0,0,0,67301,0,0,0,N,0,0,0,1,67301,1,,1,9,,N,N,,0,,0,0,0,0,0,,1210,1,2,0,0,0,0,0,3,4,0,1,98,,N,,,,,,,,,,,
2007022833,1417.0,2,0,0,0,0,0,0,0,0,4,0,,67,1,2007,3,39.9602,-75.1909,1415.0,6,0,0,0,1,0,0,0,0,1.0,0,0,0,14,1,3,1,,2,39 57:36.745,2.0,0,75 11:27.211,8,0,0,0,67301,0,0,0,N,0,0,0,4,67301,0,,1,1,,N,N,,0,,0,0,0,3,2,Y,1413,3,2,0,0,0,3,0,3,4,0,2,3,,N,,,,,,,,,,,
2007066309,1800.0,1,0,0,0,0,0,0,0,0,8,0,,67,4,2007,3,39.9389,-75.2298,1756.0,6,0,0,0,0,0,0,0,0,,0,0,0,17,1,1,1,,0,39 56:20.022,,0,75 13:47.207,2,0,0,0,67301,1,0,1,,1,0,1,2,67301,0,,1,1,,N,N,,0,,0,1,0,3,2,,1730,1,2,0,0,0,0,0,3,4,0,1,3,,N,,,,,,,,,,,
2007056126,2230.0,2,0,0,0,0,0,0,0,0,1,0,,67,5,2007,1,40.0026,-75.2236,2227.0,6,0,0,0,0,0,0,0,0,,0,0,0,22,3,2,1,,0,40 00:10.000,,0,75 13:22.066,4,0,0,0,67301,0,0,0,N,0,0,0,3,46104,2,,1,9,,N,N,,0,,0,0,0,3,2,,2225,2,2,0,0,2,0,1,3,4,0,2,3,,N,,,,,,,,,,,
2007056573,205.0,2,0,0,0,0,0,0,0,0,4,0,,67,4,2007,3,39.9968,-75.1769,155.0,6,0,0,1,0,0,0,0,0,,0,0,0,1,3,1,1,,0,39 59:48.000,,0,75 10:36.999,8,0,0,0,67301,0,0,0,N,0,0,0,2,67301,0,,1,1,,N,N,,0,,0,0,0,3,2,,150,1,2,0,0,0,1,0,3,4,0,2,3,,N,,,,,,,,,,,
2007056484,9999.0,2,0,0,0,0,0,0,0,0,4,0,,67,4,2007,2,39.9573,-75.2479,1418.0,6,0,0,0,0,1,0,0,1,,0,0,0,14,1,4,1,,0,39 57:26.251,,0,75 14:52.347,8,0,0,0,67301,0,0,0,N,0,0,0,4,67301,0,,1,9,,N,N,,0,,0,0,0,3,2,,1418,4,2,0,0,0,4,0,3,4,0,2,7,,N,,,,,,,,,,,
2007096323,1412.0,1,0,0,0,0,0,0,0,0,4,0,,67,8,2007,2,39.8906,-75.1688,1408.0,6,0,0,0,0,0,0,0,0,,0,0,0,99,1,1,1,,0,39 53:26.026,,0,75 10:07.557,4,0,0,0,67301,0,0,0,,0,0,0,3,67301,1,,1,9,,,,,0,,0,0,0,3,2,,9999,1,2,0,0,0,0,0,3,4,1,2,7,,N,,,,,,,,,,,
2007057415,2346.0,1,0,0,0,0,0,0,0,0,7,0,,67,4,2007,7,39.972,-75.1231,2343.0,6,0,0,0,0,0,0,0,0,1.0,0,0,0,23,3,0,0,,2,39 58:16.000,2.0,0,75 07:26.921,0,0,0,0,67301,0,0,0,Y,0,0,0,1,67301,0,,2,1,,N,N,,0,,0,0,0,0,0,N,2341,0,1,0,0,1,0,0,3,4,0,1,3,,N,,,,,,,,,,,
2007067281,1705.0,1,0,0,0,0,0,0,0,0,1,0,,67,5,2007,2,40.0249,-75.1268,1658.0,6,0,0,0,0,0,1,0,0,,0,0,0,16,1,1,0,,0,40 01:29.000,,0,75 07:35.225,4,0,0,1,67301,0,0,0,N,0,0,0,2,67301,1,,1,1,,N,N,,0,,0,0,0,0,0,,1658,1,2,0,0,0,0,0,3,4,0,2,3,,N,,,,,,,,,,,
2007067333,1252.0,1,0,0,0,0,0,0,0,0,8,0,,67,5,2007,3,39.9526,-75.1653,1249.0,6,0,0,0,0,0,0,0,0,,0,0,0,12,1,1,2,,0,39 57:09.313,,0,75 09:54.932,4,0,0,0,67301,1,0,0,N,1,0,0,2,67301,1,,1,1,,N,N,,0,,0,0,0,3,2,,1248,1,2,0,0,0,0,0,3,4,0,1,3,,N,,,,,,,,,,,
2007067238,1625.0,1,0,0,0,0,0,0,0,0,8,0,,67,5,2007,3,40.0433,-75.0809,1624.0,6,0,0,0,0,0,0,0,0,9.0,0,0,0,16,1,1,0,,1,40 02:36.000,4.0,0,75 04:51.400,4,0,0,0,67301,1,0,0,N,1,0,0,2,67301,1,,1,1,,N,N,,0,,0,0,0,0,0,N,1621,1,2,0,0,0,0,0,3,4,0,1,3,,N,,,,,,,,,,,
2007060119,2317.0,1,0,0,0,0,0,0,0,0,1,0,,67,5,2007,5,39.9631,-75.1839,2312.0,6,0,0,0,0,0,0,0,0,,0,0,0,23,3,0,0,,0,39 57:48.000,,0,75 11:02.519,0,0,0,0,67301,0,0,0,N,0,0,0,2,68K01,0,,1,1,,N,N,,0,,0,0,1,0,0,,2303,0,2,0,0,0,0,0,3,4,0,2,3,,N,,,,,,,,,,,
2007099122,9999.0,2,0,0,0,0,0,0,0,0,4,0,,67,8,2007,3,40.0186,-75.2112,1102.0,6,0,0,0,0,0,1,1,0,,0,0,0,99,1,0,2,,0,40 01:07.000,,0,75 12:40.140,0,0,0,0,67301,0,0,0,,0,0,0,2,67301,0,,1,9,,N,N,,0,,0,0,0,3,3,,9999,0,2,0,0,0,0,0,3,4,0,2,7,,N,,,,,,,,,,,
2007099132,745.0,1,0,0,0,0,0,0,0,0,2,0,,67,8,2007,2,40.0418,-75.1124,740.0,6,0,0,0,1,0,0,0,0,9.0,0,0,0,7,1,1,2,,1,40 02:30.000,6.0,0,75 06:44.575,4,0,0,0,67301,0,0,0,N,0,0,0,3,67301,1,,1,1,,N,N,,0,,0,0,1,0,0,N,740,1,2,0,0,0,0,0,3,4,0,2,3,,N,,,,,,,,,,,
2007057377,9999.0,1,0,0,0,0,0,0,0,0,4,0,,67,3,2007,6,39.946,-75.1986,9.0,6,0,0,0,0,0,0,0,0,,0,0,0,9,1,3,0,,0,39 56:45.442,,0,75 11:54.890,4,0,0,0,67301,0,0,0,N,0,0,0,3,67301,3,,1,1,,N,N,,0,,0,0,1,0,0,,910,3,2,0,0,0,0,0,3,4,0,2,3,,N,,,,,,,,,,,
2007029586,800.0,3,0,0,0,0,0,0,0,0,2,0,,67,1,2007,2,40.0196,-75.1085,755.0,6,0,0,0,0,0,1,0,0,3.0,0,0,0,7,1,1,0,,2,40 01:10.567,6.0,0,75 06:30.598,4,0,0,0,67301,0,0,0,,0,0,0,3,67301,1,,1,9,,,,,0,,0,0,0,0,0,Y,700,1,3,0,0,0,0,1,3,4,0,3,7,,N,,,,,,,,,,,
2007099636,1250.0,1,0,0,0,0,0,0,0,0,1,0,,67,9,2007,7,40.0278,-75.0601,1245.0,6,0,0,0,0,0,0,0,0,,0,0,0,99,1,1,1,,0,40 01:40.000,,0,75 03:36.278,3,0,0,0,67301,0,0,0,,0,0,0,2,67301,0,,1,1,,,,,0,,1,0,1,0,0,,9999,1,2,0,0,0,0,0,3,4,0,2,3,,N,,,,,,,,,,,
2007097471,1135.0,1,0,0,0,0,0,0,0,0,1,0,,67,8,2007,3,39.9453,-75.163,1129.0,6,0,0,0,0,0,0,0,0,,0,0,0,11,1,1,0,,0,39 56:42.918,,0,75 09:46.692,4,0,0,0,67301,0,0,0,,0,0,0,2,67301,1,,1,9,,,,,0,,0,0,1,0,0,,1129,1,2,0,0,0,0,0,3,4,0,2,7,,N,,,,,,,,,,,
2007095062,850.0,1,0,0,0,0,0,0,0,0,1,0,,67,7,2007,2,39.9585,-75.1487,841.0,6,0,0,0,0,0,0,0,0,,0,0,0,8,1,3,2,,0,39 57:30.721,,0,75 08:55.387,3,0,0,0,67301,0,0,0,N,0,0,0,4,67301,2,,1,1,,N,N,,0,,1,0,1,0,0,,840,3,2,0,0,0,0,0,3,4,0,2,3,,N,,,,,,,,,,,
2007095076,57.0,3,0,0,0,0,0,0,0,0,1,0,,67,8,2007,1,40.0012,-75.2266,56.0,6,0,0,0,0,1,0,0,0,3.0,0,0,0,0,3,5,0,,2,40 00:04.305,5.0,0,75 13:35.838,8,0,0,0,67301,0,0,0,N,0,0,0,5,67301,0,,1,1,,N,N,,0,,0,0,0,0,0,Y,56,5,3,0,0,0,5,0,3,4,0,3,3,,N,,,,,,,,,,,
2007092601,1710.0,1,0,0,0,0,0,0,0,0,8,0,,67,8,2007,2,40.012,-75.1588,1700.0,6,0,0,0,0,0,0,0,0,,0,0,0,16,1,1,0,,0,40 00:43.210,,0,75 09:31.773,3,0,0,0,67301,1,0,0,N,1,0,0,2,67301,0,,1,1,,N,N,,0,,1,0,0,0,0,,1621,1,2,0,0,0,0,0,3,4,0,1,3,,N,,,,,,,,,,,
2007120635,1710.0,1,0,0,0,0,0,0,0,0,7,0,,67,10,2007,1,39.9773,-75.2275,1710.0,6,0,0,0,0,0,0,0,0,9.0,0,0,0,17,1,1,2,,1,39 58:38.391,4.0,0,75 13:38.956,3,0,0,0,67301,0,0,0,N,0,0,0,1,67301,0,,2,1,,N,N,,0,,1,0,0,3,3,N,1705,1,1,0,0,1,0,0,3,4,0,1,3,,N,,,,,,,,,,,
2007120654,914.0,1,0,0,0,0,0,0,0,0,4,0,,67,10,2007,5,39.9912,-75.1329,911.0,6,0,0,0,0,0,1,0,0,,0,0,0,8,1,1,1,,0,39 59:28.000,,0,75 07:58.429,8,0,0,0,67301,0,0,0,N,0,0,0,2,67301,0,,1,1,,N,N,,1,,0,0,0,0,0,,800,1,2,0,0,0,1,0,3,4,0,2,3,,N,,,,,,,,,,,
2007107071,9999.0,3,0,0,0,0,0,0,0,0,4,0,,67,8,2007,7,40.0399,-75.1446,1118.0,6,0,0,0,0,0,1,0,0,,0,0,0,11,1,1,0,,0,40 02:23.000,,0,75 08:40.388,8,0,0,0,67301,0,0,0,N,0,0,0,3,67301,0,,1,1,,N,N,,0,,0,0,0,3,8,,1115,1,3,0,0,0,1,0,3,4,0,3,3,,N,,,,,,,,,,,
2007107075,900.0,1,0,0,0,0,0,0,0,0,1,0,,67,9,2007,4,40.1045,-75.0014,855.0,6,0,0,0,0,0,0,0,0,,0,0,0,8,1,2,0,,0,40 06:16.000,,0,75 00:05.003,8,0,0,0,67301,0,0,0,N,0,0,0,3,67301,0,,1,1,,N,N,,0,,0,0,0,0,0,,853,2,2,0,0,0,2,0,3,4,1,2,3,,N,,,,,,,,,,,
2007107124,1616.0,2,0,0,0,0,0,0,0,0,5,0,,67,9,2007,4,40.0569,-75.0338,1612.0,6,0,0,0,0,0,1,0,0,,0,0,0,16,1,2,0,,0,40 03:25.000,,0,75 02:02.692,4,0,0,0,67301,0,0,0,N,0,0,0,6,67301,2,,1,1,,N,N,,0,,0,0,0,0,0,,1600,2,2,0,0,0,0,0,3,4,0,2,3,,N,,,,,,,,,,,
2007080481,1411.0,1,0,0,0,0,0,0,0,0,2,0,,67,6,2007,2,40.0468,-75.094,1410.0,6,0,0,1,0,0,0,0,0,,0,0,0,99,1,1,1,,0,40 02:48.494,,0,75 05:38.374,8,0,0,0,67301,0,0,0,N,0,0,0,2,67301,0,,1,1,,N,N,,0,,0,0,1,9,3,,9999,1,2,0,0,0,1,0,3,4,0,2,3,,N,,,,,,,,,,,
2007107037,910.0,1,0,0,1,0,0,0,0,0,4,0,,67,9,2007,6,39.9272,-75.1819,900.0,6,0,0,0,0,0,0,0,0,,0,0,0,8,1,1,1,,0,39 55:37.963,,0,75 10:54.847,8,0,0,0,67301,1,0,0,N,0,0,0,2,67301,0,,1,1,,N,N,,0,,0,0,0,0,0,,855,1,2,0,0,0,1,0,3,4,0,1,3,,N,,,,,,,,,,,
2007120705,1805.0,1,0,0,1,0,0,0,0,0,4,0,,67,10,2007,6,39.9487,-75.1589,1805.0,6,0,0,0,0,0,0,0,0,,0,0,0,17,1,1,10,,0,39 56:55.000,,0,75 09:32.048,4,0,0,0,67301,1,0,0,N,0,0,0,3,67301,1,,1,1,,N,N,,0,,0,0,0,2,2,,1750,1,2,0,0,0,0,0,3,4,0,1,3,,N,,,,,,,,,,,
2007032916,1415.0,3,0,0,0,0,0,0,0,0,4,0,,67,1,2007,5,40.0443,-75.0541,1410.0,6,0,0,0,0,0,0,1,1,1.0,0,0,0,14,1,1,1,,1,40 02:39.000,1.0,0,75 03:14.497,8,0,0,0,67301,0,0,0,N,0,0,0,3,67301,0,,1,9,,N,N,,0,,0,0,0,3,2,N,1405,1,3,0,0,0,1,0,3,4,0,3,9,,N,,,,,,,,,,,
2007027892,1848.0,2,0,0,0,0,0,0,0,0,4,0,,67,1,2007,7,40.0331,-75.0801,1833.0,6,0,0,0,0,0,0,0,0,,0,0,0,18,3,1,1,,0,40 01:56.000,,0,75 04:51.305,4,0,0,0,67301,0,0,0,N,0,0,0,2,67301,1,,1,1,,N,N,,0,,0,0,0,3,2,,1833,1,2,0,0,0,0,0,3,4,0,2,3,,N,,,,,,,,,,,