CRN,ARRIVAL_TM,AUTOMOBILE_COUNT,BELTED_DEATH_COUNT,BELTED_SUSP_SERIOUS_INJ_COUNT,BICYCLE_COUNT,BICYCLE_DEATH_COUNT,BICYCLE_SUSP_SERIOUS_INJ_COUNT,BUS_COUNT,CHLDPAS_DEATH_COUNT,CHLDPAS_SUSP_SERIOUS_INJ_COUNT,COLLISION_TYPE,COMM_VEH_COUNT,CONS_ZONE_SPD_LIM,COUNTY,CRASH_MONTH,CRASH_YEAR,DAY_OF_WEEK,DEC_LAT,DEC_LONG,DISPATCH_TM,DISTRICT,DRIVER_COUNT_16YR,DRIVER_COUNT_17YR,DRIVER_COUNT_18YR,DRIVER_COUNT_19YR,DRIVER_COUNT_20YR,DRIVER_COUNT_50_64YR,DRIVER_COUNT_65_74YR,DRIVER_COUNT_75PLUS,EST_HRS_CLOSED,FATAL_COUNT,HEAVY_TRUCK_COUNT,HORSE_BUGGY_COUNT,HOUR_OF_DAY,ILLUMINATION,INJURY_COUNT,INTERSECT_TYPE,INTERSECTION_RELATED,LANE_CLOSED,LATITUDE,LN_CLOSE_DIR,LOCATION_TYPE,LONGITUDE,MAX_SEVERITY_LEVEL,MCYCLE_DEATH_COUNT,MCYCLE_SUSP_SERIOUS_INJ_COUNT,MOTORCYCLE_COUNT,MUNICIPALITY,NONMOTR_COUNT,NONMOTR_DEATH_COUNT,NONMOTR_SUSP_SERIOUS_INJ_COUNT,NTFY_HIWY_MAINT,PED_COUNT,PED_DEATH_COUNT,PED_SUSP_SERIOUS_INJ_COUNT,PERSON_COUNT,POLICE_AGCY,POSSIBLE_INJ_COUNT,RDWY_SURF_TYPE_CD,RELATION_TO_ROAD,ROAD_CONDITION,ROADWAY_CLEARED,SCH_BUS_IND,SCH_ZONE_IND,SECONDARY_CRASH,SMALL_TRUCK_COUNT,SPEC_JURIS_CD,SUSP_MINOR_INJ_COUNT,SUSP_SERIOUS_INJ_COUNT,SUV_COUNT,TCD_FUNC_CD,TCD_TYPE,TFC_DETOUR_IND,TIME_OF_DAY,TOT_INJ_COUNT,TOTAL_UNITS,UNB_DEATH_COUNT,UNB_SUSP_SERIOUS_INJ_COUNT,UNBELTED_OCC_COUNT,UNK_INJ_DEG_COUNT,UNK_INJ_PER_COUNT,URBAN_AREA,URBAN_RURAL,VAN_COUNT,VEHICLE_COUNT,WEATHER1,WEATHER2,WORK_ZONE_IND,WORK_ZONE_LOC,WORK_ZONE_TYPE,WORKERS_PRES,WZ_CLOSE_DETOUR,WZ_FLAGGER,WZ_LAW_OFFCR_IND,WZ_LN_CLOSURE,WZ_MOVING,WZ_OTHER,WZ_SHLDER_MDN,WZ_WORKERS_INJ_KILLED
2007027908,908.0,2,0,0,0,0,0,0,0,0,1,0,99.0,67,1,2007,6,40.0039,-75.1705,906.0,6,0,0,0,0,0,0,0,0,,0,0,0,9,1,1,0,,0,40 00:13.902,,0,75 10:13.842,4,0,0,0,67301,0,0,0,,0,0,0,3,67301,1,,1,9,,,,,0,,0,0,1,0,0,,904,1,3,0,0,1,0,0,3,4,0,3,7,,Y,8.0,8.0,U,,,U,,,,,
2007027926,1640.0,1,0,0,0,0,0,0,0,0,1,0,,67,1,2007,3,40.0546,-75.0101,1632.0,6,0,0,0,0,0,0,0,0,1.0,0,0,0,16,1,0,0,,1,40 03:16.000,4.0,0,75 00:36.460,0,0,0,0,67301,0,0,0,N,0,0,0,3,67301,0,,1,1,,N,N,,0,,0,0,0,3,2,N,1630,0,2,0,0,0,0,0,3,4,1,2,3,,N,,,,,,,,,,,
2007027933,1517.0,0,0,0,0,0,0,0,0,0,8,0,,67,1,2007,7,39.9429,-75.2184,1510.0,6,0,0,0,0,0,0,0,1,,0,0,0,14,1,1,2,,0,39 56:34.000,,0,75 13:06.225,3,0,0,0,67301,1,0,0,N,1,0,0,2,67301,0,,1,1,,N,N,,0,,1,0,0,3,3,,1442,1,2,0,0,0,0,0,3,4,1,1,3,,N,,,,,,,,,,,
2007047508,230.0,1,0,0,0,0,0,0,0,0,1,0,,67,3,2007,6,39.9594,-75.1741,121.0,6,0,0,0,0,0,0,0,0,,0,0,0,23,3,3,3,,0,39 57:34.000,,2,75 10:28.565,3,0,0,0,67301,0,0,0,N,0,0,0,4,67301,0,,1,7,,N,N,,0,,3,0,0,0,0,,2315,3,2,0,0,0,0,0,3,4,0,2,10,,N,,,,,,,,,,,
2007047641,1818.0,1,0,0,0,0,0,0,0,0,5,0,,67,2,2007,3,40.0391,-75.1446,1818.0,6,0,0,0,0,0,0,0,0,,0,0,0,18,3,1,0,,0,40 02:20.000,,0,75 08:40.618,4,0,0,0,67301,1,0,0,N,0,0,0,4,67301,1,,1,1,,N,N,,0,,0,0,0,3,2,,1818,1,2,0,0,0,0,0,3,4,1,2,3,,N,,,,,,,,,,,
2007106760,1120.0,1,0,0,0,0,0,0,0,0,4,0,,67,9,2007,7,39.9831,-75.1677,1118.0,6,0,0,0,0,0,0,1,0,,0,0,0,11,1,0,1,,0,39 58:59.005,,0,75 10:03.752,9,0,0,0,67301,0,0,0,N,0,0,0,4,67301,0,,1,1,,N,N,,0,,0,0,0,9,3,,1100,0,2,0,0,0,0,2,3,4,1,2,3,,N,,,,,,,,,,,
2007106794,1611.0,7,0,0,0,0,0,0,0,0,5,0,,67,6,2007,4,39.9212,-75.1753,1611.0,6,0,0,0,0,0,0,0,0,1.0,0,0,0,16,1,1,0,,2,39 55:16.496,4.0,0,75 10:31.191,4,0,0,0,67301,0,0,0,N,0,0,0,2,67301,1,,1,1,,N,N,,1,,0,0,0,0,0,Y,1605,1,8,0,0,1,0,0,3,4,0,8,3,,N,,,,,,,,,,,
2007116154,2227.0,2,0,0,0,0,0,0,0,0,2,0,,67,9,2007,5,39.9898,-75.1352,2210.0,6,0,0,0,0,0,0,0,0,,0,0,0,22,3,1,2,,0,39 59:23.334,,0,75 08:06.773,4,0,0,0,67301,0,0,0,N,0,0,0,3,67301,1,,1,1,,N,N,,0,,0,0,0,3,2,,2210,1,2,0,0,3,0,0,3,4,0,2,3,,N,,,,,,,,,,,
2007126116,1203.0,0,0,0,0,0,0,0,0,0,6,0,,67,10,2007,7,40.0312,-75.2008,1156.0,6,0,0,0,0,0,0,0,0,2.0,0,0,0,11,1,0,0,,1,40 01:52.000,6.0,0,75 12:02.466,0,0,0,0,67301,0,0,0,N,0,0,0,2,67301,0,,1,9,,N,N,,0,,0,0,2,0,0,N,1155,0,2,0,0,0,0,0,3,4,0,2,7,,N,,,,,,,,,,,
2007126540,26.0,2,0,0,0,0,0,0,0,0,4,0,,67,10,2007,4,39.9444,-75.1631,25.0,6,0,0,0,0,0,0,0,0,1.0,0,0,0,0,3,1,1,,1,39 56:39.850,4.0,0,75 09:47.285,8,0,0,0,67301,0,0,0,N,0,0,0,2,67301,0,,1,9,,N,N,,0,,0,0,0,3,2,N,10,1,2,0,0,0,1,0,3,4,0,2,7,,N,,,,,,,,,,,
2007126547,2005.0,2,0,0,0,0,0,0,0,0,4,0,,67,10,2007,4,40.0478,-75.1427,2005.0,6,0,0,0,1,0,0,0,0,,0,0,0,20,3,1,0,,0,40 02:51.000,,0,75 08:33.805,8,0,0,0,67301,0,0,0,N,0,0,0,3,67301,0,,1,1,,N,N,,0,,0,0,0,0,0,,2002,1,2,0,0,0,1,0,3,4,0,2,3,,N,,,,,,,,,,,
2007107834,1800.0,0,0,0,0,0,0,0,0,0,1,0,,67,9,2007,5,39.9774,-75.1127,1800.0,6,0,0,0,0,0,0,0,0,,0,0,0,16,1,1,7,,0,39 58:27.000,,2,75 07:06.665,8,0,0,1,67301,0,0,0,,0,0,0,2,67301,0,,7,1,,,,,0,,0,0,0,0,0,,1620,1,2,0,0,0,1,1,3,4,0,2,3,,N,,,,,,,,,,,
2007107841,325.0,1,0,0,0,0,0,0,0,0,2,0,,67,9,2007,3,40.0632,-75.0654,320.0,6,0,0,0,0,0,1,0,0,2.0,0,0,0,99,3,1,0,,2,40 03:47.368,4.0,0,75 03:55.299,8,0,0,0,67301,0,0,0,N,0,0,0,1,67301,0,,6,1,,N,N,,0,,0,0,1,0,0,Y,9999,1,2,0,0,1,1,0,3,4,0,2,3,,N,,,,,,,,,,,
2007100117,935.0,3,0,0,0,0,0,0,0,0,1,0,,67,8,2007,6,39.965,-75.1854,929.0,6,0,0,0,0,1,1,0,0,,0,0,0,9,1,1,0,,0,39 58:00.272,,0,75 11:15.056,4,0,0,0,67301,0,0,0,N,0,0,0,4,68K01,1,,1,1,,N,N,,0,,0,0,0,0,0,,929,1,3,0,0,0,0,0,3,4,0,3,3,,N,,,,,,,,,,,
2007097791,1615.0,0,0,0,1,0,1,0,0,0,6,0,,67,7,2007,6,40.0721,-75.1928,1600.0,6,0,0,0,0,0,0,1,0,,0,0,0,15,1,1,1,,0,40 04:19.650,,0,75 11:34.162,2,0,0,0,67301,1,0,1,,0,0,0,2,67301,0,,1,1,,,,,1,,0,1,0,2,3,,1528,1,2,0,0,0,0,0,3,4,0,1,3,,N,,,,,,,,,,,
2007097838,1457.0,2,0,0,0,0,0,0,0,0,4,0,,67,5,2007,1,39.969,-75.2373,1455.0,6,0,0,0,0,0,0,0,0,,0,0,0,14,1,1,1,,0,39 58:08.000,,0,75 14:14.075,3,0,0,0,67301,0,0,0,N,0,0,0,6,67301,0,,1,1,,N,N,,0,,1,0,0,3,2,,1450,1,2,0,0,0,0,0,3,4,0,2,3,,N,,,,,,,,,,,
2007097903,506.0,2,0,0,0,0,0,0,0,0,1,0,,67,7,2007,2,40.0239,-75.0354,501.0,6,0,0,1,0,0,0,0,0,1.0,0,0,0,5,5,1,1,,1,40 01:26.000,3.0,0,75 02:07.318,8,0,0,0,67301,0,0,0,N,0,0,0,5,67301,0,,1,1,,N,N,,0,,0,0,1,3,2,N,500,1,3,0,0,0,1,0,3,4,0,3,3,,N,,,,,,,,,,,
2007098128,220.0,3,0,0,0,0,0,0,0,0,4,0,,67,8,2007,5,39.9683,-75.2044,220.0,6,0,0,0,1,0,0,0,0,,0,0,0,2,3,1,1,,0,39 58:05.980,,0,75 12:15.721,4,0,0,0,67301,0,0,0,N,0,0,0,2,67301,1,,1,1,,N,N,,0,,0,0,0,3,3,,211,1,3,0,0,0,0,0,3,4,0,3,3,,N,,,,,,,,,,,
2007093151,1425.0,1,0,0,0,0,0,0,0,0,1,0,,67,6,2007,7,39.9909,-75.1148,1420.0,6,0,0,0,0,0,0,0,0,1.0,0,0,0,14,1,4,2,,2,39 59:27.000,5.0,0,75 06:53.479,4,0,0,0,67301,0,0,0,N,0,0,0,6,67301,3,,1,1,,N,N,,0,,0,0,1,3,2,Y,1415,4,3,0,0,0,1,0,3,4,1,3,3,,N,,,,,,,,,,,
2007093157,1308.0,1,0,0,0,0,0,0,0,0,8,0,,67,7,2007,7,39.9972,-75.1802,1305.0,6,0,0,0,0,0,0,0,1,,0,0,0,13,1,1,1,,0,39 59:50.000,,0,75 10:48.664,8,0,0,0,67301,1,0,0,N,1,0,0,2,67301,0,,1,1,,N,N,,0,,0,0,0,3,2,,1301,1,2,0,0,0,1,0,3,4,0,1,3,,N,,,,,,,,,,,
2007093172,1904.0,1,0,0,1,0,0,0,0,0,4,0,,67,7,2007,2,39.9308,-75.1548,1902.0,6,0,0,0,0,0,1,0,0,,0,0,0,19,1,1,2,,0,39 55:50.808,,0,75 09:17.355,8,0,0,0,67301,1,0,0,,0,0,0,2,67301,0,,1,1,,,,,0,,0,0,0,9,3,,1900,1,2,0,0,0,1,0,3,4,0,1,3,,N,,,,,,,,,,,
2007093200,1421.0,1,0,0,0,0,0,0,0,0,4,0,,67,6,2007,1,39.9924,-75.1422,1419.0,6,0,0,0,0,0,0,0,0,2.0,0,0,0,14,1,2,1,,1,39 59:32.000,4.0,0,75 08:31.878,4,0,0,0,67301,0,0,0,N,0,0,0,5,67301,1,,1,1,,N,N,,0,,0,0,0,3,2,Y,1418,2,2,0,0,0,1,0,3,4,1,2,3,,N,,,,,,,,,,,
2007098301,1540.0,1,0,0,0,0,0,0,0,0,4,0,,67,8,2007,7,40.0364,-75.0415,1540.0,6,0,0,0,0,0,0,0,0,,0,0,0,14,1,2,0,,0,40 02:10.000,,0,75 02:29.465,8,0,0,0,67301,0,0,0,N,0,0,0,3,67301,0,,1,1,,,N,,0,,0,0,1,0,0,,1442,2,2,0,0,0,2,1,3,4,0,2,3,,N,,,,,,,,,,,
2007027534,1526.0,2,0,0,0,0,0,0,0,0,1,0,,67,1,2007,5,40.0369,-75.1211,1524.0,6,0,0,0,0,1,0,0,0,1.0,0,0,0,15,1,2,1,,1,40 02:12.681,1.0,0,75 07:15.877,4,0,0,0,67301,0,0,0,N,0,0,0,3,67301,1,,1,1,,N,N,,0,,0,0,0,3,2,N,1519,2,2,0,0,0,1,0,3,4,0,2,3,,N,,,,,,,,,,,
2007027715,2205.0,1,0,0,0,0,0,0,0,0,7,0,,67,1,2007,6,39.9947,-75.1358,2200.0,6,0,0,0,0,0,0,0,0,,0,0,0,22,2,1,0,,0,39 59:41.006,,0,75 08:09.043,4,0,0,0,67301,0,0,0,,0,0,0,1,67301,1,,5,1,,,,,0,,0,0,0,0,0,,2200,1,1,0,0,1,0,0,3,4,0,1,3,,N,,,,,,,,,,,
2007027724,2150.0,1,0,0,0,0,0,0,0,0,8,0,,67,1,2007,6,39.9664,-75.1655,2145.0,6,0,0,0,0,0,0,0,0,,0,0,0,21,3,1,2,,0,39 57:58.892,,0,75 09:55.922,4,0,0,0,67301,1,0,0,N,1,0,0,2,67301,1,,1,1,,N,N,,0,,0,0,0,3,3,,2135,1,2,0,0,0,0,0,3,4,0,1,3,,N,,,,,,,,,,,
2007027740,25.0,1,0,0,0,0,0,0,0,0,4,0,,67,1,2007,2,40.0242,-75.1329,17.0,6,0,0,0,0,0,1,0,0,3.0,0,0,0,23,3,1,1,,1,40 01:26.923,1.0,0,75 07:59.564,3,0,0,0,67301,0,0,0,N,0,0,0,3,67301,0,,1,1,,N,N,,0,,1,0,1,3,2,Y,2330,1,2,0,0,0,0,0,3,4,0,2,3,,N,,,,,,,,,,,
2007080961,150.0,0,0,0,0,0,0,0,0,0,8,0,,67,3,2007,6,40.0222,-75.2183,143.0,6,0,0,0,0,0,0,0,0,,0,0,0,1,3,1,2,,0,40 01:19.837,,0,75 13:05.894,8,0,0,0,67301,1,0,0,N,1,0,0,2,67301,0,,5,9,,N,N,,0,,0,0,0,3,2,,140,1,2,0,0,0,1,0,3,4,0,1,7,,N,,,,,,,,,,,
2007096737,604.0,1,0,0,0,0,0,0,0,0,4,0,,67,8,2007,5,39.9177,-75.1777,601.0,6,0,0,0,0,0,1,0,1,,0,0,0,6,1,0,1,,0,39 55:03.752,,0,75 10:39.799,0,0,0,0,67301,0,0,0,N,0,0,0,2,67301,0,,1,1,,N,N,,0,,0,0,1,3,2,,601,0,2,0,0,0,0,0,3,4,0,2,3,,N,,,,,,,,,,,
2007056377,950.0,0,0,0,0,0,0,0,0,0,8,0,,67,3,2007,4,39.9515,-75.1572,945.0,6,0,0,0,0,0,0,0,0,,0,0,0,9,1,1,0,,0,39 57:05.500,,0,75 09:25.775,4,0,0,0,67301,1,0,0,N,1,0,0,2,67301,1,,1,1,,N,N,,1,,0,0,0,0,0,,940,1,2,0,0,0,0,1,3,4,0,1,3,,N,,,,,,,,,,,
2007056568,156.0,1,0,0,0,0,0,0,0,0,7,0,,67,3,2007,1,39.9917,-75.1271,153.0,6,0,0,0,0,0,0,0,0,,0,0,0,1,3,1,0,,0,39 59:29.997,,0,75 07:37.484,4,0,0,0,67301,0,0,0,N,0,0,0,1,67301,1,,2,1,,N,N,,0,,0,0,0,0,0,,150,1,1,0,0,0,0,0,3,4,0,1,3,,N,,,,,,,,,,,
2007056571,2150.0,1,0,0,0,0,0,0,0,0,1,1,,67,4,2007,1,40.0184,-75.1862,2147.0,6,0,0,0,0,0,0,0,0,,0,0,0,21,3,2,0,,0,40 01:06.000,,0,75 11:10.206,8,0,0,0,67301,0,0,0,N,0,0,0,4,67301,0,,1,9,,N,N,,1,,0,0,0,0,0,,2145,2,2,0,0,0,2,0,3,4,0,2,7,,N,,,,,,,,,,,
2007048839,548.0,2,0,0,0,0,0,0,0,0,1,0,,67,2,2007,4,40.0619,-75.1632,542.0,6,0,0,0,0,0,0,0,0,9.0,0,0,0,99,3,1,1,,2,40 03:42.000,6.0,0,75 09:47.327,3,0,0,0,67301,0,0,0,N,0,0,0,2,67301,0,,1,2,,N,N,,0,,1,0,0,3,2,Y,9999,1,2,0,0,0,0,0,3,4,0,2,98,,N,,,,,,,,,,,
2007096314,2010.0,3,0,0,0,0,0,0,0,0,1,0,,67,8,2007,3,40.0529,-75.0508,1955.0,6,0,0,0,0,0,1,1,0,,0,0,0,19,3,1,0,,0,40 03:07.200,,0,75 03:01.800,4,0,0,0,67301,0,0,0,N,0,0,0,4,67301,1,,1,9,,N,N,,0,,0,0,0,0,0,,1945,1,3,0,0,0,0,0,3,4,0,3,7,,N,,,,,,,,,,,
2007057423,1450.0,2,0,0,0,0,0,0,0,0,2,0,,67,4,2007,3,40.0369,-75.1342,1447.0,6,0,0,0,0,0,0,0,0,,0,0,0,14,1,1,1,,0,40 02:12.000,,0,75 08:03.162,8,0,0,0,67301,0,0,0,N,0,0,0,1,67301,0,,5,1,,N,N,,0,,0,0,0,3,2,,1430,1,2,0,0,0,1,0,3,4,0,2,3,,N,,,,,,,,,,,
2007067472,9999.0,1,0,0,0,0,0,0,0,0,1,0,,67,5,2007,6,40.0551,-75.1687,1803.0,6,0,0,0,0,0,0,0,0,,0,0,0,17,1,5,0,,0,40 03:18.000,,0,75 10:07.461,4,0,0,0,67301,0,0,0,N,0,0,0,8,67301,1,,1,1,,N,Y,,0,,0,0,1,0,0,,1758,5,3,0,0,1,4,0,3,4,1,3,3,,N,,,,,,,,,,,
2007067336,630.0,1,0,0,0,0,0,0,0,0,1,0,,67,5,2007,5,39.9214,-75.1918,628.0,6,0,0,0,0,0,1,0,0,,0,0,0,99,1,0,0,,0,39 55:16.000,,0,75 11:30.600,0,0,0,0,67301,0,0,0,,0,0,0,3,67301,0,,1,1,,,,,0,,0,0,0,3,2,,9999,0,2,0,0,0,0,0,3,4,1,2,3,,N,,,,,,,,,,,
2007067388,158.0,2,0,0,0,0,0,0,0,0,5,0,,67,3,2007,1,39.9112,-75.2306,144.0,6,0,0,0,0,0,0,1,0,,0,0,0,1,6,1,1,,0,39 54:40.341,,0,75 13:50.008,4,0,0,0,67301,0,0,0,N,0,0,0,2,67301,1,,1,1,,N,N,,0,,0,0,0,2,2,,135,1,2,0,0,2,0,1,3,4,0,2,3,,N,,,,,,,,,,,
2007067215,9999.0,1,0,0,0,0,0,0,0,0,1,0,,67,4,2007,7,39.9664,-75.2076,523.0,6,0,0,0,0,0,1,0,0,,0,0,0,5,3,1,1,,0,39 57:58.000,,0,75 12:27.077,4,0,0,0,67301,0,0,0,,0,0,0,2,67301,1,,1,1,,N,N,,0,,0,0,1,3,2,,520,1,2,0,0,0,0,0,3,4,0,2,3,,N,,,,,,,,,,,
2007067240,902.0,1,0,0,0,0,0,0,0,0,8,0,,67,4,2007,2,39.9521,-75.1614,849.0,6,0,0,0,0,0,0,0,0,,0,0,0,8,1,1,2,,0,39 57:07.000,,0,75 09:41.128,4,0,0,0,67301,1,0,0,,1,0,0,2,67301,1,,1,1,,,,,0,,0,0,0,9,2,,847,1,2,0,0,0,0,0,3,4,0,1,3,,N,,,,,,,,,,,
2007099070,2105.0,2,0,0,0,0,0,0,0,0,1,0,,67,8,2007,6,40.0468,-75.1375,2100.0,6,0,0,0,0,0,2,0,0,,0,0,0,20,1,1,1,,0,40 02:48.000,,0,75 08:15.121,4,0,0,0,67301,0,0,0,N,0,0,0,2,67301,1,,1,1,,N,N,,0,,0,0,0,3,2,,2050,1,2,0,0,0,0,0,3,4,0,2,3,,N,,,,,,,,,,,
2007067118,1630.0,1,0,0,1,0,0,0,0,0,4,0,,67,5,2007,1,39.913,-75.2403,9999.0,6,0,0,0,0,0,0,0,0,1.0,0,0,0,16,1,1,1,,1,39 54:46.800,2.0,0,75 14:25.200,3,0,0,0,67301,1,0,0,,0,0,0,3,67301,0,,1,1,,,,,0,,1,0,0,3,2,N,1625,1,2,0,0,0,0,0,3,4,0,1,3,,N,,,,,,,,,,,
2007099135,1759.0,0,0,0,0,0,0,0,0,0,5,0,,67,7,2007,2,39.97,-75.143,1755.0,6,0,0,0,0,0,1,0,0,,0,0,0,17,1,8,1,,0,39 58:11.000,,0,75 08:34.897,3,0,0,0,67301,0,0,0,N,0,0,0,10,67301,0,,1,9,,N,N,,0,,8,0,0,3,2,,1755,8,2,0,0,1,0,0,3,4,1,2,7,,N,,,,,,,,,,,
2007029589,1445.0,2,0,0,0,0,0,0,0,0,1,0,,67,1,2007,3,39.9519,-75.2266,1436.0,6,0,0,0,1,0,1,0,0,1.0,0,0,0,14,1,2,0,,1,39 57:06.000,1.0,0,75 13:35.618,4,0,0,0,67301,0,0,0,N,0,0,0,3,67301,2,,1,1,,N,N,,1,,0,0,1,0,0,N,1436,2,4,0,0,0,0,1,3,4,0,4,3,,N,,,,,,,,,,,
2007029240,2158.0,1,0,0,0,0,0,0,0,0,7,0,,67,1,2007,3,39.9249,-75.2265,2151.0,6,0,0,0,0,0,0,0,0,,0,0,0,99,3,4,2,,0,39 55:29.000,,0,75 13:35.237,8,0,0,0,67301,0,0,0,N,0,0,0,6,67301,0,,5,1,,N,N,,0,,0,0,0,3,2,,9999,4,1,0,0,0,4,1,3,4,0,1,3,,N,,,,,,,,,,,
2007029246,1050.0,2,0,0,0,0,0,0,0,0,4,0,,67,1,2007,1,39.9863,-75.1563,1034.0,6,0,0,0,0,0,0,0,0,,0,0,0,10,1,1,2,,0,39 59:10.000,,0,75 09:22.550,4,0,0,0,67301,0,0,0,,0,0,0,3,67301,1,,1,9,,,,,0,,0,0,0,2,2,,1034,1,2,0,0,0,0,2,3,4,0,2,7,,N,,,,,,,,,,,
2007034286,2124.0,1,0,0,0,0,0,0,0,0,7,0,,67,2,2007,3,39.9946,-75.1984,2118.0,6,0,0,0,1,0,0,0,0,1.0,0,0,0,21,3,1,0,,2,39 59:45.000,4.0,0,75 11:49.352,4,0,0,0,67301,0,0,0,N,0,0,0,1,68K01,1,,2,7,,N,N,,0,,0,0,0,0,0,N,2118,1,1,0,0,0,0,0,3,4,0,1,10,,N,,,,,,,,,,,
2007099634,2348.0,1,0,0,0,0,0,0,0,0,4,0,,67,8,2007,6,40.0313,-75.0849,2346.0,6,0,0,0,0,0,0,0,0,,0,0,0,23,3,5,5,,0,40 01:53.078,,0,75 05:05.038,4,0,0,0,67301,0,0,0,,0,0,0,7,67301,1,,1,1,,,,,0,,0,0,1,3,2,,2345,5,2,0,0,0,4,0,3,4,0,2,3,,N,,,,,,,,,,,
2007099649,1512.0,3,0,0,0,0,0,0,0,0,4,0,,67,8,2007,3,40.0367,-75.1756,1510.0,6,0,0,0,0,0,1,0,0,1.0,0,0,0,15,1,1,0,,2,40 02:12.000,5.0,0,75 10:32.021,3,0,0,0,67301,1,0,0,N,1,0,0,4,67301,0,,1,9,,N,N,,0,,1,0,0,0,0,Y,1507,1,6,0,0,0,0,1,3,4,1,5,7,,N,,,,,,,,,,,
2007094959,1305.0,1,0,0,0,0,0,0,0,0,2,0,,67,7,2007,3,40.0964,-74.9758,1257.0,6,0,0,0,0,0,0,0,0,,0,0,0,12,1,1,2,,0,40 05:47.000,,0,74 58:32.748,8,0,0,0,67301,0,0,0,N,0,0,0,3,67301,0,,1,1,,N,N,,0,,0,0,1,3,2,,1257,1,2,0,0,0,1,0,3,4,0,2,3,,N,,,,,,,,,,,
2007030096,2112.0,2,0,0,0,0,0,0,0,0,4,0,,67,1,2007,3,39.8896,-75.2197,2102.0,6,0,0,0,0,0,0,0,0,2.0,0,0,0,21,3,3,2,,1,39 53:12.000,3.0,0,75 12:53.795,8,0,0,0,67301,0,0,0,N,0,0,0,3,67301,0,,1,1,,N,N,,0,,0,0,0,3,2,N,2102,3,2,0,0,1,3,0,3,4,0,2,3,,N,,,,,,,,,,,
2007027528,1626.0,1,0,0,0,0,0,0,0,0,4,0,,67,1,2007,3,40.0824,-75.0408,1623.0,6,0,0,0,0,0,0,0,0,2.0,0,0,0,16,3,1,0,,1,40 04:56.000,1.0,7,75 02:27.085,4,0,0,0,67301,0,0,0,N,0,0,0,2,67301,1,,1,1,,N,Y,,0,,0,0,0,0,0,N,1620,1,2,0,0,0,0,0,3,4,1,2,3,,N,,,,,,,,,,,
2007027652,1402.0,2,0,0,0,0,0,0,0,0,4,0,,67,1,2007,6,39.9866,-75.0944,1400.0,6,0,0,0,0,0,0,0,0,,0,0,0,14,1,1,1,,0,39 59:11.923,,0,75 05:39.698,4,0,0,0,67301,0,0,0,,0,0,0,2,67301,1,,1,1,,,,,0,,0,0,0,3,2,,1400,1,2,0,0,0,0,0,3,4,0,2,3,,N,,,,,,,,,,,
2007022689,117.0,0,0,0,0,0,0,0,0,0,7,0,,67,1,2007,2,40.0286,-75.0339,113.0,6,0,0,0,0,0,0,0,0,,0,0,0,1,3,0,1,,0,40 01:42.885,,0,75 02:02.202,0,0,0,0,67301,0,0,0,N,0,0,0,2,67301,0,,4,9,,N,N,,0,,0,0,1,0,0,,111,0,1,0,0,0,0,0,3,4,0,1,7,,N,,,,,,,,,,,
2007066264,1334.0,3,0,0,0,0,0,0,0,0,5,0,,67,5,2007,5,39.9211,-75.1485,1329.0,6,0,0,0,0,0,0,0,0,,0,0,0,99,1,0,0,,0,39 55:15.996,,0,75 08:54.499,0,0,0,0,67301,0,0,0,,0,0,0,2,67301,0,,1,1,,N,N,,0,,0,0,0,0,0,,9999,0,3,0,0,2,0,0,3,4,0,3,3,,N,,,,,,,,,,,
2007056492,1340.0,0,0,0,0,0,0,0,0,0,4,0,,67,4,2007,5,39.9482,-75.2212,1336.0,6,0,0,0,0,0,1,0,0,,0,0,0,99,1,2,1,,0,39 56:53.520,,0,75 13:16.320,4,0,0,0,67301,0,0,0,N,0,0,0,5,67301,1,,1,1,,N,N,,0,,0,0,1,2,2,,9999,2,2,0,0,0,1,0,3,4,1,2,3,,N,,,,,,,,,,,
2007067335,1406.0,0,0,0,1,0,0,1,0,0,8,1,,67,5,2007,4,39.9532,-75.17,1405.0,6,0,0,0,0,0,0,0,0,,0,0,0,14,1,1,1,,0,39 57:11.000,,0,75 10:12.185,8,0,0,0,67301,1,0,0,,0,0,0,4,67301,0,,2,1,,N,N,,0,,0,0,0,3,2,,1400,1,2,0,0,0,1,0,3,4,0,1,3,,N,,,,,,,,,,,
2007067193,1710.0,1,0,0,0,0,0,0,0,0,4,0,,67,5,2007,7,39.9247,-75.1882,1709.0,6,0,0,0,0,0,0,0,0,1.0,0,0,0,17,1,1,0,,1,39 55:28.759,5.0,7,75 11:17.420,4,0,0,0,67301,0,0,0,N,0,0,0,4,67301,1,,1,9,,N,N,,0,,0,0,0,0,0,Y,1705,1,2,0,0,0,0,0,3,4,1,2,7,,N,,,,,,,,,,,
2007067198,1910.0,2,0,0,0,0,0,0,0,0,2,0,,67,5,2007,6,40.0079,-75.1723,1900.0,6,0,0,0,1,0,1,0,0,,0,0,0,19,1,0,1,,0,40 00:28.000,,0,75 10:20.142,0,0,0,0,67301,0,0,0,N,0,0,0,4,67301,0,,1,1,,N,N,,0,,0,0,0,3,2,,1900,0,2,0,0,0,0,0,3,4,0,2,3,,N,,,,,,,,,,,
2007067235,1035.0,1,0,0,0,0,0,0,0,0,1,0,,67,5,2007,7,40.0299,-75.1032,1031.0,6,0,0,0,0,0,0,0,0,1.0,0,0,0,10,1,1,2,,1,40 01:47.640,2.0,0,75 06:11.520,3,0,0,1,67301,0,0,0,N,0,0,0,2,67301,0,,1,1,,N,N,,0,,1,0,0,3,2,Y,1030,1,2,0,0,0,0,0,3,4,0,2,3,,N,,,,,,,,,,,