CRN,ARRIVAL_TM,AUTOMOBILE_COUNT,BELTED_DEATH_COUNT,BELTED_SUSP_SERIOUS_INJ_COUNT,BICYCLE_COUNT,BICYCLE_DEATH_COUNT,BICYCLE_SUSP_SERIOUS_INJ_COUNT,BUS_COUNT,CHLDPAS_DEATH_COUNT,CHLDPAS_SUSP_SERIOUS_INJ_COUNT,COLLISION_TYPE,COMM_VEH_COUNT,CONS_ZONE_SPD_LIM,COUNTY,CRASH_MONTH,CRASH_YEAR,DAY_OF_WEEK,DEC_LAT,DEC_LONG,DISPATCH_TM,DISTRICT,DRIVER_COUNT_16YR,DRIVER_COUNT_17YR,DRIVER_COUNT_18YR,DRIVER_COUNT_19YR,DRIVER_COUNT_20YR,DRIVER_COUNT_50_64YR,DRIVER_COUNT_65_74YR,DRIVER_COUNT_75PLUS,EST_HRS_CLOSED,FATAL_COUNT,HEAVY_TRUCK_COUNT,HORSE_BUGGY_COUNT,HOUR_OF_DAY,ILLUMINATION,INJURY_COUNT,INTERSECT_TYPE,INTERSECTION_RELATED,LANE_CLOSED,LATITUDE,LN_CLOSE_DIR,LOCATION_TYPE,LONGITUDE,MAX_SEVERITY_LEVEL,MCYCLE_DEATH_COUNT,MCYCLE_SUSP_SERIOUS_INJ_COUNT,MOTORCYCLE_COUNT,MUNICIPALITY,NONMOTR_COUNT,NONMOTR_DEATH_COUNT,NONMOTR_SUSP_SERIOUS_INJ_COUNT,NTFY_HIWY_MAINT,PED_COUNT,PED_DEATH_COUNT,PED_SUSP_SERIOUS_INJ_COUNT,PERSON_COUNT,POLICE_AGCY,POSSIBLE_INJ_COUNT,RDWY_SURF_TYPE_CD,RELATION_TO_ROAD,ROAD_CONDITION,ROADWAY_CLEARED,SCH_BUS_IND,SCH_ZONE_IND,SECONDARY_CRASH,SMALL_TRUCK_COUNT,SPEC_JURIS_CD,SUSP_MINOR_INJ_COUNT,SUSP_SERIOUS_INJ_COUNT,SUV_COUNT,TCD_FUNC_CD,TCD_TYPE,TFC_DETOUR_IND,TIME_OF_DAY,TOT_INJ_COUNT,TOTAL_UNITS,UNB_DEATH_COUNT,UNB_SUSP_SERIOUS_INJ_COUNT,UNBELTED_OCC_COUNT,UNK_INJ_DEG_COUNT,UNK_INJ_PER_COUNT,URBAN_AREA,URBAN_RURAL,VAN_COUNT,VEHICLE_COUNT,WEATHER1,WEATHER2,WORK_ZONE_IND,WORK_ZONE_LOC,WORK_ZONE_TYPE,WORKERS_PRES,WZ_CLOSE_DETOUR,WZ_FLAGGER,WZ_LAW_OFFCR_IND,WZ_LN_CLOSURE,WZ_MOVING,WZ_OTHER,WZ_SHLDER_MDN,WZ_WORKERS_INJ_KILLED
2007057203,1722.0,1,0,0,0,0,0,0,0,0,8,0,,67,4,2007,1,40.0173,-75.0813,1720.0,6,0,0,0,0,0,0,0,0,,0,0,0,17,1,1,0,,0,40 01:02.139,,0,75 04:52.597,4,0,0,0,67301,1,0,0,N,1,0,0,2,67301,1,,1,1,,N,N,,0,,0,0,0,0,0,,1720,1,2,0,0,0,0,0,3,4,0,1,3,,N,,,,,,,,,,,
2007057246,17.0,2,0,0,0,0,0,0,0,0,4,0,,67,3,2007,6,40.0551,-75.051,16.0,6,0,0,0,0,0,1,0,0,,0,0,0,0,3,0,1,,0,40 03:18.504,,0,75 03:03.549,9,0,0,0,67301,0,0,0,,0,0,0,2,67301,0,,1,1,,N,N,,0,,0,0,0,3,3,,16,0,2,0,0,0,0,1,3,4,0,2,3,,N,,,,,,,,,,,
2007057361,1419.0,3,0,0,0,0,0,0,0,0,4,0,,67,4,2007,3,40.0598,-75.2382,1415.0,6,0,0,0,0,0,0,0,0,3.0,0,0,0,14,1,0,3,,1,40 03:33.000,6.0,0,75 14:16.457,0,0,0,0,67301,0,0,0,N,0,0,0,3,67301,0,,1,1,,N,N,,0,,0,0,1,3,2,Y,1412,0,4,0,0,3,0,0,3,4,0,4,3,,N,,,,,,,,,,,
2007067119,9999.0,2,0,0,0,0,0,0,0,0,5,0,,67,5,2007,7,39.9194,-75.2042,2127.0,6,0,0,0,0,0,0,0,0,1.0,0,0,0,1,3,1,0,,2,39 55:10.028,4.0,0,75 12:14.843,4,0,0,0,67301,0,0,0,,0,0,0,2,67301,1,,1,1,,,,,0,,0,0,0,0,0,N,127,1,2,0,0,0,0,1,3,4,0,2,3,,N,,,,,,,,,,,
2007029634,1020.0,2,0,0,0,0,0,0,0,0,4,0,,67,1,2007,7,39.996,-75.0921,1016.0,6,0,0,0,0,0,1,0,1,1.0,0,0,0,99,1,3,1,,1,39 59:45.000,2.0,0,75 05:31.705,4,0,0,0,67301,0,0,0,N,0,0,0,4,67301,3,,1,1,,N,N,,0,,0,0,0,1,2,N,9999,3,2,0,0,0,0,0,3,4,0,2,3,,N,,,,,,,,,,,
2007029265,9999.0,2,0,0,0,0,0,0,0,0,1,0,,67,2,2007,6,39.9735,-75.2399,0.0,6,0,0,0,0,0,0,0,0,,0,0,0,17,8,1,0,,0,39 58:24.740,,0,75 14:23.532,4,0,0,0,67301,0,0,0,N,0,0,0,2,67301,1,,1,98,,N,N,,0,,0,0,0,0,0,,1700,1,2,0,0,0,0,0,3,4,0,2,99,,N,,,,,,,,,,,
2007120903,328.0,1,0,0,0,0,0,0,0,0,7,0,,67,10,2007,7,39.9624,-75.2078,325.0,6,0,0,0,0,0,0,0,0,,0,0,0,3,3,1,2,,0,39 57:44.000,,0,75 12:27.438,4,0,0,0,67301,0,0,0,N,0,0,0,1,67301,1,,5,9,,N,N,,0,,0,0,0,0,0,,320,1,1,0,0,1,0,0,3,4,0,1,3,,N,,,,,,,,,,,
2007120925,1633.0,1,0,0,0,0,0,0,0,0,8,0,,67,10,2007,2,39.9909,-75.1016,1630.0,6,0,0,0,0,0,0,0,0,,0,0,0,16,1,1,1,,0,39 59:27.000,,0,75 06:05.898,4,0,0,0,67301,1,0,0,N,1,0,0,2,67301,1,,1,1,,N,N,,0,,0,0,0,3,2,,1623,1,2,0,0,0,0,0,3,4,0,1,3,,N,,,,,,,,,,,
2007097340,1632.0,1,0,0,0,0,0,0,0,0,1,0,,67,8,2007,6,39.9898,-75.1737,1631.0,6,0,0,0,0,0,0,0,0,,0,0,0,16,1,1,1,,0,39 59:23.449,,0,75 10:25.402,8,0,0,0,67301,0,0,0,N,0,0,0,2,67301,0,,1,1,,N,N,,0,,0,0,0,3,2,,1620,1,2,0,0,0,1,1,3,4,0,2,3,,N,,,,,,,,,,,
2007094982,2349.0,2,0,0,0,0,0,0,0,0,5,0,,67,8,2007,1,40.0392,-75.11,2342.0,6,0,0,0,2,0,0,0,0,,0,0,0,23,3,1,1,,0,40 02:20.000,,0,75 06:36.006,4,0,0,0,67301,0,0,0,N,0,0,0,5,67301,1,,1,9,,N,N,,0,,0,0,0,0,0,,2329,1,2,0,0,0,0,0,3,4,0,2,7,,N,,,,,,,,,,,
2007092309,1715.0,1,0,0,0,0,0,0,0,0,7,0,,67,7,2007,4,39.8924,-75.1977,1726.0,6,0,0,0,0,0,0,0,0,1.0,0,0,0,17,1,1,0,,1,39 53:32.000,2.0,3,75 11:51.071,4,0,0,0,67301,0,0,0,N,0,0,0,1,67301,1,,2,9,,N,N,,0,,0,0,0,0,0,N,1715,1,1,0,0,1,0,0,3,4,0,1,3,,N,,,,,,,,,,,
2007092497,9999.0,1,0,0,0,0,0,0,0,0,4,0,,67,7,2007,2,39.9866,-75.171,734.0,6,0,1,0,0,0,1,0,0,,0,0,0,7,1,1,1,,0,39 59:11.763,,0,75 10:15.491,8,0,0,1,67301,0,0,0,,0,0,0,2,67301,0,,1,1,,N,N,,0,,0,0,0,3,2,,730,1,2,0,0,0,1,0,3,4,0,2,3,,N,,,,,,,,,,,
2007092614,1618.0,1,0,0,0,0,0,0,0,0,8,0,,67,7,2007,6,40.0204,-75.1347,1615.0,6,0,0,0,0,0,0,0,0,1.0,0,0,0,16,1,1,0,,2,40 01:13.303,1.0,0,75 08:04.992,3,0,0,0,67301,1,0,0,N,1,0,0,2,67301,0,,1,1,,N,N,,0,,1,0,0,0,0,Y,1605,1,2,0,0,0,0,0,3,4,0,1,3,,N,,,,,,,,,,,
2007082583,9999.0,1,0,0,0,0,0,0,0,0,8,0,,67,6,2007,7,40.018,-75.1526,1930.0,6,0,0,0,0,0,0,0,1,,0,0,0,19,2,1,0,,0,40 01:04.861,,0,75 09:09.295,4,0,0,0,67301,1,0,0,N,1,0,0,2,67301,1,,1,9,,N,N,,0,,0,0,0,0,0,,1929,1,2,0,0,0,0,0,3,4,0,1,7,,N,,,,,,,,,,,
2007023094,1422.0,1,0,0,0,0,0,1,0,0,5,1,,67,1,2007,6,39.9397,-75.2229,1422.0,6,0,0,0,0,0,0,0,0,,0,0,0,14,1,8,1,,0,39 56:22.855,,0,75 13:22.544,8,0,0,0,67301,0,0,0,N,0,0,0,10,67301,0,,1,1,,N,N,,0,,0,0,0,3,2,,1422,8,2,0,0,0,8,2,3,4,0,2,3,,N,,,,,,,,,,,
2007047525,1650.0,2,0,0,0,0,0,0,0,0,1,0,,67,2,2007,4,40.0946,-75.0152,1644.0,6,0,0,0,1,0,0,1,0,,0,0,0,14,1,2,1,,0,40 05:40.000,,0,75 00:54.688,8,0,0,0,67301,0,0,0,N,0,0,0,4,67301,0,,1,1,,N,N,,0,,0,0,0,3,2,,1430,2,3,0,0,0,2,0,3,4,1,3,3,,N,,,,,,,,,,,
2007067633,1638.0,2,0,0,0,0,0,0,0,0,1,0,,67,5,2007,6,40.1006,-74.9714,1633.0,6,0,0,0,0,0,1,0,0,,0,0,0,16,1,1,0,,0,40 06:02.314,,0,74 58:16.903,4,0,0,0,67301,0,0,0,N,0,0,0,2,67301,1,,1,1,,N,N,,0,,0,0,0,0,0,,1627,1,2,0,0,0,0,0,3,4,0,2,3,,N,,,,,,,,,,,
2007112040,1659.0,1,0,0,0,0,0,0,0,0,8,0,,67,9,2007,5,39.96,-75.1653,1653.0,6,0,0,0,0,0,0,0,0,,0,0,0,16,1,1,1,,0,39 57:36.054,,0,75 09:55.036,4,0,0,0,67301,1,0,0,,1,0,0,2,67301,1,,1,1,,,,,0,,0,0,0,3,2,,1646,1,2,0,0,0,0,0,3,4,0,1,3,,N,,,,,,,,,,,
2007109343,1325.0,1,0,0,0,0,0,0,0,0,4,0,,67,9,2007,4,39.9681,-75.1279,1320.0,6,0,0,0,0,0,1,0,0,,0,0,0,13,1,0,0,,0,39 58:03.000,,7,75 07:42.147,9,0,0,0,67301,0,0,0,,0,0,0,2,67301,0,,1,1,,,,,1,,0,0,0,0,0,,1310,0,2,0,0,0,0,1,3,4,0,2,3,,N,,,,,,,,,,,
2007047911,919.0,1,0,0,0,0,0,0,0,0,0,0,,67,2,2007,3,39.9603,-75.1685,909.0,6,0,0,0,0,0,0,0,0,,0,0,0,8,1,0,0,,0,39 57:37.080,,0,75 10:06.484,0,0,0,0,67301,0,0,0,N,0,0,0,1,67301,0,,1,1,,N,N,,0,,0,0,0,0,0,,850,0,1,0,0,0,0,0,3,4,0,1,3,,N,,,,,,,,,,,
2007047968,640.0,1,0,0,0,0,0,0,0,0,1,0,,67,3,2007,7,40.0198,-75.149,630.0,6,0,0,0,0,0,3,0,0,,0,0,0,6,1,1,0,,0,40 01:11.000,,0,75 08:56.011,4,0,0,0,67301,0,0,0,N,0,0,0,3,67301,1,,1,1,,N,N,,1,,0,0,0,0,0,,630,1,3,0,0,0,0,0,3,4,1,3,3,,N,,,,,,,,,,,
2007093428,200.0,1,0,0,0,0,0,0,0,0,4,0,,67,7,2007,6,40.0407,-75.1584,150.0,6,0,0,0,0,0,0,0,0,,0,0,0,22,3,1,2,,0,40 02:26.566,,0,75 09:30.254,4,0,0,0,67301,0,0,0,N,0,0,0,2,67301,1,,1,1,,N,N,,1,,0,0,0,3,3,,2230,1,2,0,0,0,0,0,3,4,0,2,3,,N,,,,,,,,,,,
2007127624,2224.0,2,0,0,0,0,0,0,0,0,4,0,,67,10,2007,4,39.9041,-75.2403,2221.0,6,0,0,0,0,0,0,0,0,,0,0,0,22,3,3,1,,0,39 54:14.000,,0,75 14:25.050,8,0,0,0,67301,0,0,0,N,0,0,0,3,67301,0,,1,9,,N,N,,0,,0,0,0,3,2,,2215,3,2,0,0,0,3,0,3,4,0,2,7,,N,,,,,,,,,,,
2007107471,1438.0,1,0,0,0,0,0,0,0,0,8,0,,67,9,2007,5,39.9501,-75.1641,1438.0,6,0,0,0,0,0,0,0,0,,0,0,0,14,1,1,0,,0,39 57:00.000,,0,75 09:50.893,4,0,0,0,67301,1,0,0,N,1,0,0,2,67301,1,,1,1,,N,N,,0,,0,0,0,3,2,,1433,1,2,0,0,0,0,1,3,4,0,1,3,,N,,,,,,,,,,,
2007045684,1900.0,3,0,0,0,0,0,0,0,0,1,0,,67,2,2007,7,39.9141,-75.1497,1846.0,6,0,0,0,0,0,0,0,0,,0,0,0,18,3,1,1,,0,39 54:50.000,,0,75 08:58.878,4,0,0,0,67301,0,0,0,,0,0,0,4,67301,1,,1,1,,,,,0,,0,0,0,3,2,,1846,1,3,0,0,0,0,0,3,4,0,3,3,,N,,,,,,,,,,,
2007048273,255.0,1,0,0,0,0,0,0,0,0,7,0,,67,3,2007,5,40.0514,-75.1934,251.0,6,0,0,0,0,0,0,0,0,,0,0,0,2,3,0,0,,0,40 03:04.938,,0,75 11:36.350,0,0,0,0,67301,0,0,0,N,0,0,0,1,67301,0,,2,1,,N,N,,0,,0,0,0,0,0,,247,0,1,0,0,0,0,0,3,4,0,1,3,,N,,,,,,,,,,,
2007048275,1640.0,0,0,0,0,0,0,1,0,0,8,1,,67,3,2007,6,40.0515,-75.1746,1639.0,6,0,0,0,0,0,1,0,0,,0,0,0,99,1,1,0,,0,40 03:05.000,,0,75 10:28.464,4,0,0,0,67301,1,0,0,N,1,0,0,2,67301,1,,1,9,,N,N,,0,,0,0,0,0,0,,9999,1,2,0,0,0,0,0,3,4,0,1,10,,N,,,,,,,,,,,
2007048316,2150.0,0,0,0,0,0,0,0,0,0,8,0,,67,2,2007,5,40.0321,-75.1456,2127.0,6,0,0,0,0,0,0,0,0,,0,0,0,21,3,1,2,,0,40 01:55.606,,0,75 08:44.332,8,0,0,0,67301,1,0,0,N,1,0,0,2,67301,0,,1,1,,N,N,,0,,0,0,1,0,0,,2105,1,2,0,0,0,1,0,3,4,0,1,3,,N,,,,,,,,,,,
2007048322,350.0,0,0,0,0,0,0,0,0,0,7,0,,67,3,2007,6,39.9705,-75.1236,345.0,6,0,0,0,0,0,0,0,0,,0,0,0,3,3,1,0,,0,39 58:12.000,,0,75 07:27.089,3,0,0,0,67301,0,0,0,N,0,0,0,1,67301,0,,4,1,,N,N,,0,,1,0,1,0,0,,337,1,3,0,0,1,0,0,3,4,2,3,3,,N,,,,,,,,,,,
2008007266,1257.0,1,0,0,0,0,0,0,0,0,4,0,,67,11,2007,6,40.0414,-75.1201,1257.0,6,0,0,0,0,0,0,0,0,,0,0,0,12,1,2,1,,0,40 02:29.198,,0,75 07:12.381,3,0,0,0,67301,0,0,0,N,0,0,0,4,67301,0,,1,1,,N,N,,0,,2,0,0,3,2,,1248,2,2,0,0,0,0,0,3,4,1,2,3,,N,,,,,,,,,,,
2008005166,1850.0,0,0,0,0,0,0,0,0,0,8,0,,67,11,2007,2,39.9878,-75.1432,1845.0,6,0,0,0,0,0,1,0,0,1.0,0,0,0,99,3,1,1,,2,39 59:16.101,2.0,0,75 08:35.440,4,0,0,0,67301,1,0,0,,1,0,0,3,67301,1,,1,9,,,,,0,,0,0,0,3,2,Y,9999,1,2,0,0,2,0,0,3,4,1,1,7,,N,,,,,,,,,,,
2008004927,1950.0,2,0,0,0,0,0,0,0,0,1,0,,67,11,2007,1,39.9985,-75.1293,1947.0,6,0,0,0,0,1,0,0,0,,0,0,0,19,3,5,2,,0,39 59:54.000,,0,75 07:45.411,8,0,0,0,67301,0,0,0,N,0,0,0,6,67301,0,,1,1,,N,N,,0,,0,0,1,0,0,,1945,5,3,0,0,0,5,0,3,4,0,3,3,,N,,,,,,,,,,,
2008002809,1541.0,1,0,0,0,0,0,0,0,0,1,0,,67,10,2007,4,39.9838,-75.2081,1536.0,6,0,0,0,0,0,0,0,0,,0,0,0,15,1,0,0,,0,39 59:05.000,,0,75 12:29.555,0,0,0,0,67301,0,0,0,N,0,0,0,2,68K01,0,,1,1,,N,N,,0,,0,0,1,0,0,,1534,0,2,0,0,0,0,0,3,4,0,2,3,,N,,,,,,,,,,,
2007027613,1553.0,2,0,0,0,0,0,0,0,0,1,0,,67,1,2007,1,40.1343,-75.0091,1549.0,6,0,0,0,0,0,0,0,0,1.0,0,0,0,15,1,1,2,,2,40 08:03.000,3.0,0,75 00:33.108,8,0,0,0,67301,0,0,0,N,0,0,0,4,67301,0,,1,9,,N,N,,0,,0,0,0,9,4,Y,1535,1,2,0,0,0,1,0,3,4,0,2,7,,N,,,,,,,,,,,
2007027642,9999.0,1,0,0,0,0,0,0,0,0,4,0,,67,1,2007,4,40.0101,-75.1576,1148.0,6,0,1,0,0,0,0,1,0,,0,0,0,99,1,2,2,,0,40 00:36.000,,0,75 09:27.175,8,0,0,0,67301,0,0,0,N,0,0,0,3,67301,0,,1,1,,N,N,,0,,0,0,1,3,2,,9999,2,2,0,0,0,2,1,3,4,0,2,3,,N,,,,,,,,,,,
2007027711,222.0,2,0,0,0,0,0,0,0,0,2,0,,67,1,2007,1,39.9915,-75.1361,218.0,6,0,0,0,1,0,0,0,0,,0,0,0,2,3,0,1,,0,39 59:29.442,,0,75 08:10.101,9,0,0,0,67301,0,0,0,N,0,0,0,2,67301,0,,1,1,,N,N,,0,,0,0,0,3,2,,200,0,2,0,0,0,0,1,3,4,0,2,7,,N,,,,,,,,,,,
2007027729,1250.0,1,0,0,0,0,0,0,0,0,8,0,,67,1,2007,2,39.9514,-75.1551,1241.0,6,0,0,0,0,0,0,0,0,,0,0,0,12,1,1,1,,0,39 57:04.000,,0,75 09:18.486,3,0,0,0,67301,1,0,0,N,1,0,0,2,67301,0,,1,1,,N,N,,0,,1,0,0,3,2,,1241,1,2,0,0,0,0,0,3,4,0,1,3,,N,,,,,,,,,,,
2007027751,1945.0,0,0,0,0,0,0,0,0,0,4,0,,67,2,2007,5,39.8946,-75.2367,1940.0,6,0,0,0,0,0,0,0,0,,0,0,0,19,3,0,1,,0,39 53:40.560,,0,75 14:12.120,0,0,0,0,67301,0,0,0,N,0,0,0,2,67301,0,,1,1,,N,N,,1,,0,0,1,3,2,,1935,0,2,0,0,0,0,0,3,4,0,2,3,,N,,,,,,,,,,,
2007027756,615.0,5,0,0,0,0,0,0,0,0,2,0,,67,1,2007,6,40.0269,-75.1298,600.0,6,0,0,0,0,0,0,0,0,,0,0,0,5,3,1,0,,0,40 01:36.884,,0,75 07:47.126,4,0,0,0,67301,0,0,0,N,0,0,0,1,67301,1,,1,1,,N,N,,0,,0,0,0,0,0,,555,1,5,0,0,0,0,0,3,4,0,5,3,,N,,,,,,,,,,,
2007083523,337.0,1,0,0,0,0,0,0,0,0,7,0,,67,6,2007,7,,,329.0,6,0,0,0,0,0,0,0,0,1.0,0,0,0,3,3,1,0,,1,,2.0,0,,4,0,0,0,67301,0,0,0,N,0,0,0,1,67301,1,,2,1,,N,N,,0,,0,0,0,0,0,N,329,1,1,0,0,0,0,0,3,3,0,1,3,,N,,,,,,,,,,,
2007066212,1720.0,3,0,0,0,0,0,0,0,0,4,0,,67,5,2007,3,40.0402,-75.0821,1718.0,6,0,0,1,0,0,0,0,0,2.0,0,0,0,17,1,2,2,,2,40 02:24.705,5.0,0,75 04:55.495,8,0,0,0,67301,0,0,0,N,0,0,0,2,67301,0,,1,1,,N,N,,0,,0,0,0,9,3,Y,1715,2,3,0,0,1,2,0,3,4,0,3,3,,N,,,,,,,,,,,
2007066220,1145.0,1,0,1,0,0,0,0,0,0,4,1,,67,5,2007,2,40.0995,-74.9864,1135.0,6,0,0,0,0,0,1,0,0,3.0,0,1,0,11,1,1,1,,1,40 05:58.224,2.0,0,74 59:10.989,2,0,0,0,67301,0,0,0,N,0,0,0,2,67301,0,,1,1,,N,N,,0,,0,1,0,3,2,N,1135,1,2,0,0,0,0,0,3,4,0,2,3,,N,,,,,,,,,,,
2007066257,1540.0,1,0,0,0,0,0,0,0,0,8,0,,67,5,2007,3,40.0524,-75.1577,1530.0,6,0,0,0,0,0,0,0,0,,0,0,0,15,1,1,1,,0,40 03:08.460,,0,75 09:27.889,8,0,0,0,67301,1,0,0,,1,0,0,3,67301,0,,1,1,,,,,0,,0,0,0,3,2,,1530,1,2,0,0,0,1,0,3,4,0,1,3,,N,,,,,,,,,,,
2007066340,1758.0,1,0,0,0,0,0,0,0,0,4,0,,67,5,2007,4,39.9505,-75.2269,1758.0,6,0,0,0,1,0,1,0,0,,0,0,0,17,1,2,1,,0,39 57:01.000,,0,75 13:36.676,3,0,0,0,67301,0,0,0,N,0,0,0,4,67301,1,,1,1,,N,N,,0,,1,0,1,3,2,,1758,2,2,0,0,0,0,1,3,4,0,2,3,,N,,,,,,,,,,,
2007058638,1727.0,1,0,0,0,0,0,0,0,0,4,0,,67,4,2007,1,39.9383,-75.1987,1725.0,6,0,0,0,0,0,0,1,0,2.0,0,0,0,17,1,3,1,,1,39 56:17.000,2.0,0,75 11:55.632,4,0,0,0,67301,0,0,0,N,0,0,0,6,67301,1,,1,1,,N,N,,1,,0,0,0,3,2,N,1723,3,2,0,0,0,2,1,3,4,0,2,3,,N,,,,,,,,,,,
2007056381,1455.0,1,0,0,0,0,0,0,0,0,5,0,,67,3,2007,7,39.9332,-75.1796,1450.0,6,0,0,0,0,0,0,0,0,,0,1,0,13,1,1,2,,0,39 55:59.462,,0,75 10:46.387,3,0,0,0,67301,1,0,0,N,0,0,0,2,67301,0,,1,1,,N,N,,0,,1,0,0,0,0,,1350,1,2,0,0,0,0,0,3,4,0,2,3,,N,,,,,,,,,,,
2007056389,1927.0,1,0,0,0,0,0,0,0,0,6,0,,67,3,2007,5,40.113,-75.023,1925.0,6,0,0,0,0,0,0,0,0,1.0,0,0,0,19,1,2,1,,1,40 06:46.000,1.0,0,75 01:22.837,4,0,0,0,67301,0,0,0,,0,0,0,5,67301,2,,1,1,,,,,0,,0,0,1,3,2,Y,1923,2,2,0,0,0,0,0,3,4,0,2,3,,N,,,,,,,,,,,
2007056393,1952.0,3,0,0,0,0,0,0,0,0,4,0,,67,4,2007,2,40.031,-75.1244,1947.0,6,0,0,0,0,1,0,0,0,,0,0,0,19,3,2,1,,0,40 01:51.528,,0,75 07:27.728,4,0,0,0,67301,0,0,0,N,0,0,0,4,67301,2,,1,9,,N,N,,0,,0,0,0,3,2,,1927,2,3,0,0,0,0,0,3,4,0,3,7,,N,,,,,,,,,,,
2007056400,1720.0,2,0,0,0,0,0,0,0,0,1,0,,67,3,2007,4,39.9517,-75.1589,1720.0,6,0,0,0,0,0,0,0,0,,0,0,0,17,1,0,0,,0,39 57:06.000,,0,75 09:32.206,9,0,0,0,67301,0,0,0,N,0,0,0,2,67301,0,,5,1,,N,N,,0,,0,0,0,3,2,,1720,0,2,0,0,1,0,1,3,4,0,2,3,,N,,,,,,,,,,,
2007056473,2109.0,1,0,0,0,0,0,0,0,0,4,0,,67,4,2007,4,40.094,-74.9854,2104.0,6,0,0,0,0,0,0,0,0,,0,0,0,21,3,1,0,,0,40 05:38.342,,0,74 59:07.306,4,0,0,0,67301,0,0,0,N,0,0,0,3,67301,1,,1,1,,N,N,,0,,0,0,0,0,0,,2103,1,2,0,0,0,0,2,3,4,1,2,3,,N,,,,,,,,,,,
2007057379,704.0,2,0,0,0,0,0,0,0,0,6,0,,67,4,2007,6,40.0398,-75.1318,702.0,6,0,0,0,0,0,1,0,0,,0,0,0,7,1,1,1,,0,40 02:23.262,,0,75 07:54.458,4,0,0,0,67301,0,0,0,N,0,0,0,2,67301,1,,1,1,,N,N,,0,,0,0,0,3,3,,700,1,2,0,0,0,0,0,3,4,0,2,3,,N,,,,,,,,,,,
2007057388,1405.0,3,0,0,0,0,0,0,0,0,4,0,,67,3,2007,6,39.9652,-75.1918,1400.0,6,0,0,0,0,0,0,0,0,,0,0,0,13,1,3,2,,0,39 57:54.806,,0,75 11:30.562,4,0,0,0,67301,0,0,0,N,0,0,0,3,67301,2,,1,1,,N,N,,0,,0,0,0,3,3,,1355,3,3,0,0,0,1,0,3,4,0,3,3,,N,,,,,,,,,,,
2007067470,1628.0,1,0,0,0,0,0,1,0,0,1,1,,67,4,2007,4,39.9039,-75.2245,1620.0,6,0,0,0,0,0,0,0,0,,0,0,0,15,1,1,0,,0,39 54:14.000,,7,75 13:28.184,8,0,0,0,67301,0,0,0,N,0,0,0,3,67301,0,,1,1,,N,N,,0,,0,0,0,0,0,,1520,1,2,0,0,0,1,0,3,4,0,2,3,,N,,,,,,,,,,,
2007057518,9999.0,1,0,0,0,0,0,0,0,0,4,0,,67,4,2007,2,40.0613,-75.1721,,6,0,1,0,0,0,1,0,0,,0,0,0,99,3,1,1,,0,40 03:40.629,,0,75 10:19.427,4,0,0,0,67301,0,0,0,,0,0,0,3,67301,1,,1,1,,,,,0,,0,0,0,3,3,,9999,1,2,0,0,0,0,0,3,4,1,2,3,,N,,,,,,,,,,,
2007067313,1200.0,2,0,0,0,0,0,0,0,0,4,0,,67,5,2007,6,40.0813,-74.9988,1153.0,6,0,0,0,0,0,1,0,1,,0,0,0,11,1,1,2,,0,40 04:52.788,,0,74 59:55.705,8,0,0,0,67301,0,0,0,N,0,0,0,3,67301,0,,1,1,,N,N,,0,,0,0,1,9,3,,1150,1,3,0,0,0,1,0,3,4,0,3,3,,N,,,,,,,,,,,
2007067187,2138.0,2,0,0,0,0,0,0,0,0,4,0,,67,5,2007,7,39.9956,-75.1675,2137.0,6,0,0,0,0,0,1,0,0,,0,0,0,21,3,0,1,,0,39 59:44.000,,0,75 10:03.145,0,0,0,0,67301,0,0,0,N,0,0,0,3,67301,0,,1,9,,N,N,,0,,0,0,1,2,2,,2137,0,3,0,0,0,0,0,3,4,0,3,7,,N,,,,,,,,,,,
2007067213,355.0,2,0,0,0,0,0,0,0,0,4,0,,67,4,2007,6,39.9992,-75.1344,353.0,6,0,0,0,0,0,0,0,0,,0,0,0,3,3,4,1,,0,39 59:57.000,,0,75 08:03.901,3,0,0,0,67301,0,0,0,N,0,0,0,5,67301,2,,1,1,,N,N,,0,,2,0,0,9,3,,353,4,2,0,0,1,0,0,3,4,0,2,3,,N,,,,,,,,,,,
2007060120,613.0,0,0,0,0,0,0,1,0,0,7,1,,67,4,2007,1,39.9748,-75.1942,555.0,6,0,0,0,0,0,0,1,0,3.0,0,0,0,5,3,1,0,,1,39 58:33.370,4.0,0,75 11:41.804,4,0,0,0,67301,0,0,0,N,0,0,0,3,68K01,1,,2,9,,N,N,,0,,0,0,0,0,0,N,552,1,1,0,0,0,0,0,3,4,0,1,7,,N,,,,,,,,,,,
2007099078,1555.0,0,0,0,0,0,0,0,0,0,8,0,,67,8,2007,7,40.0304,-75.1137,1550.0,6,0,0,0,0,0,0,0,0,,0,0,0,15,1,1,0,,0,40 01:49.562,,0,75 06:49.330,8,0,0,0,67301,1,0,0,N,1,0,0,2,67301,0,,1,1,,N,N,,0,,0,0,0,0,0,,1530,1,2,0,0,0,1,1,3,4,0,1,3,,N,,,,,,,,,,,
2007029249,1114.0,1,0,0,0,0,0,0,0,0,6,0,,67,1,2007,5,39.9402,-75.168,1110.0,6,0,0,0,0,0,0,0,0,3.0,0,1,0,11,1,1,1,,2,39 56:24.885,6.0,0,75 10:04.702,4,0,0,0,67301,0,0,0,,0,0,0,6,67301,1,,1,1,,,,,0,,0,0,0,3,2,Y,1107,1,2,0,0,1,0,0,3,4,0,2,3,,N,,,,,,,,,,,