CRN,ARRIVAL_TM,AUTOMOBILE_COUNT,BELTED_DEATH_COUNT,BELTED_SUSP_SERIOUS_INJ_COUNT,BICYCLE_COUNT,BICYCLE_DEATH_COUNT,BICYCLE_SUSP_SERIOUS_INJ_COUNT,BUS_COUNT,CHLDPAS_DEATH_COUNT,CHLDPAS_SUSP_SERIOUS_INJ_COUNT,COLLISION_TYPE,COMM_VEH_COUNT,CONS_ZONE_SPD_LIM,COUNTY,CRASH_MONTH,CRASH_YEAR,DAY_OF_WEEK,DEC_LAT,DEC_LONG,DISPATCH_TM,DISTRICT,DRIVER_COUNT_16YR,DRIVER_COUNT_17YR,DRIVER_COUNT_18YR,DRIVER_COUNT_19YR,DRIVER_COUNT_20YR,DRIVER_COUNT_50_64YR,DRIVER_COUNT_65_74YR,DRIVER_COUNT_75PLUS,EST_HRS_CLOSED,FATAL_COUNT,HEAVY_TRUCK_COUNT,HORSE_BUGGY_COUNT,HOUR_OF_DAY,ILLUMINATION,INJURY_COUNT,INTERSECT_TYPE,INTERSECTION_RELATED,LANE_CLOSED,LATITUDE,LN_CLOSE_DIR,LOCATION_TYPE,LONGITUDE,MAX_SEVERITY_LEVEL,MCYCLE_DEATH_COUNT,MCYCLE_SUSP_SERIOUS_INJ_COUNT,MOTORCYCLE_COUNT,MUNICIPALITY,NONMOTR_COUNT,NONMOTR_DEATH_COUNT,NONMOTR_SUSP_SERIOUS_INJ_COUNT,NTFY_HIWY_MAINT,PED_COUNT,PED_DEATH_COUNT,PED_SUSP_SERIOUS_INJ_COUNT,PERSON_COUNT,POLICE_AGCY,POSSIBLE_INJ_COUNT,RDWY_SURF_TYPE_CD,RELATION_TO_ROAD,ROAD_CONDITION,ROADWAY_CLEARED,SCH_BUS_IND,SCH_ZONE_IND,SECONDARY_CRASH,SMALL_TRUCK_COUNT,SPEC_JURIS_CD,SUSP_MINOR_INJ_COUNT,SUSP_SERIOUS_INJ_COUNT,SUV_COUNT,TCD_FUNC_CD,TCD_TYPE,TFC_DETOUR_IND,TIME_OF_DAY,TOT_INJ_COUNT,TOTAL_UNITS,UNB_DEATH_COUNT,UNB_SUSP_SERIOUS_INJ_COUNT,UNBELTED_OCC_COUNT,UNK_INJ_DEG_COUNT,UNK_INJ_PER_COUNT,URBAN_AREA,URBAN_RURAL,VAN_COUNT,VEHICLE_COUNT,WEATHER1,WEATHER2,WORK_ZONE_IND,WORK_ZONE_LOC,WORK_ZONE_TYPE,WORKERS_PRES,WZ_CLOSE_DETOUR,WZ_FLAGGER,WZ_LAW_OFFCR_IND,WZ_LN_CLOSURE,WZ_MOVING,WZ_OTHER,WZ_SHLDER_MDN,WZ_WORKERS_INJ_KILLED
2007029281,938.0,2,0,0,0,0,0,0,0,0,5,0,,67,1,2007,5,40.0523,-75.1516,933.0,6,0,0,0,0,0,0,0,0,,0,0,0,9,1,1,1,,0,40 03:08.000,,0,75 09:05.951,8,0,0,0,67301,0,0,0,N,0,0,0,2,67301,0,,1,1,,N,N,,0,,0,0,0,3,3,,925,1,2,0,0,0,1,0,3,4,0,2,3,,N,,,,,,,,,,,
2007029310,1910.0,1,0,0,0,0,0,0,0,0,2,0,,67,1,2007,5,39.9989,-75.1329,1905.0,6,0,0,0,0,0,0,0,0,,0,0,0,0,3,2,0,,0,39 59:56.000,,0,75 07:58.312,8,0,0,0,67301,0,0,0,,0,0,0,4,67301,0,,1,1,,N,N,,0,,0,0,0,0,0,,0,2,2,0,0,0,2,1,3,4,0,2,3,,N,,,,,,,,,,,
2007120866,1212.0,0,0,0,0,0,0,0,0,0,6,0,,67,10,2007,2,40.0476,-75.0597,1208.0,6,0,0,0,0,0,0,0,0,,0,0,0,12,1,1,0,,0,40 02:51.000,,7,75 03:34.857,8,0,0,0,67301,0,0,0,N,0,0,0,2,67301,0,,1,1,,N,N,,0,,0,0,1,0,0,,1205,1,2,0,0,0,1,0,3,4,1,2,3,,N,,,,,,,,,,,
2007094958,2008.0,1,0,0,1,0,0,0,0,0,4,0,,67,7,2007,3,39.9872,-75.1708,2004.0,6,0,0,0,0,0,0,0,0,,0,0,0,20,1,1,2,,0,39 59:14.006,,0,75 10:15.056,3,0,0,0,67301,1,0,0,,0,0,0,2,67301,0,,1,1,,N,N,,0,,1,0,0,0,0,,2004,1,2,0,0,1,0,0,3,4,0,1,3,,N,,,,,,,,,,,
2007094983,1655.0,2,0,1,0,0,0,0,0,0,1,0,,67,8,2007,6,40.104,-75.0311,1650.0,6,0,0,0,0,0,0,1,0,,0,0,0,16,1,1,0,,0,40 06:14.254,,0,75 01:51.841,2,0,0,0,67301,0,0,0,N,0,0,0,2,67301,0,,1,1,,N,N,,0,,0,1,0,0,0,,1630,1,2,0,0,0,0,0,3,4,0,2,3,,N,,,,,,,,,,,
2007092596,218.0,2,0,0,0,0,0,0,0,0,4,0,,67,8,2007,6,40.0517,-75.1271,215.0,6,0,0,0,0,0,0,0,0,,0,0,0,1,3,4,1,,0,40 03:06.246,,0,75 07:37.696,4,0,0,0,67301,0,0,0,N,0,0,0,5,67301,4,,1,1,,N,N,,0,,0,0,0,3,2,,110,4,2,0,0,0,0,0,3,4,0,2,3,,N,,,,,,,,,,,
2007125443,1021.0,2,0,0,0,0,0,0,0,0,6,0,,67,10,2007,3,39.9632,-75.1678,1016.0,6,0,0,0,0,0,2,0,0,,0,0,0,10,1,3,1,,0,39 57:47.000,,0,75 10:04.127,4,0,0,0,67301,0,0,0,N,0,0,0,4,67301,3,,1,1,,N,N,,0,,0,0,0,3,2,,1015,3,2,0,0,0,0,0,3,4,0,2,3,,N,,,,,,,,,,,
2007120651,1235.0,1,0,0,1,0,0,0,0,0,2,0,,67,10,2007,6,39.921,-75.157,1226.0,6,0,0,0,0,0,0,0,0,,0,0,0,12,1,1,1,,0,39 55:15.711,,0,75 09:25.185,4,0,0,0,67301,1,0,0,N,0,0,0,2,67301,1,,9,1,,N,N,,0,,0,0,0,3,3,,1220,1,2,0,0,0,0,0,3,4,0,1,3,,N,,,,,,,,,,,
2007120655,100.0,0,0,0,1,0,0,0,0,0,5,0,99.0,67,10,2007,7,39.9458,-75.1742,57.0,6,0,0,0,0,0,0,0,0,,0,0,0,0,3,1,0,,0,39 56:44.815,,0,75 10:27.004,4,0,0,0,67301,1,0,0,N,0,0,0,2,67301,1,,1,1,,N,N,,1,,0,0,0,0,0,,30,1,2,0,0,0,0,0,3,4,0,1,3,,Y,8.0,8.0,U,,,U,,,,,
2007120661,1301.0,2,0,0,0,0,0,0,0,0,4,0,,67,9,2007,1,39.9908,-75.1309,1301.0,6,0,0,0,0,0,0,0,0,1.0,0,0,0,12,1,4,1,,1,39 59:27.000,4.0,0,75 07:51.301,4,0,0,0,67301,0,0,0,N,0,0,0,5,67301,1,,1,1,,N,N,,0,,0,0,0,3,2,N,1258,4,2,0,0,3,3,0,3,4,0,2,3,,N,,,,,,,,,,,
2007107113,2145.0,2,0,0,0,0,0,0,0,0,4,0,,67,9,2007,5,40.0692,-75.0547,2140.0,6,0,0,0,0,0,0,0,1,,0,0,0,21,3,0,1,,0,40 04:09.087,,0,75 03:16.941,0,0,0,0,67301,0,0,0,N,0,0,0,2,67301,0,,1,1,,N,N,,0,,0,0,0,3,3,,2130,0,2,0,0,0,0,0,3,4,0,2,3,,N,,,,,,,,,,,
2007107133,1652.0,0,0,0,0,0,0,0,0,0,4,0,,67,9,2007,1,39.9744,-75.1819,1652.0,6,0,0,1,0,0,0,0,0,,0,0,0,16,1,2,1,,0,39 58:27.000,,0,75 10:54.713,8,0,0,0,67301,0,0,0,,0,0,0,26,67301,0,,1,1,,N,N,,1,,0,0,0,3,2,,1647,2,2,0,0,0,2,1,3,4,0,2,3,,N,,,,,,,,,,,
2007027829,925.0,2,0,0,0,0,0,0,0,0,4,0,,67,1,2007,2,40.0299,-75.146,915.0,6,0,0,0,0,0,0,0,0,,0,0,0,9,1,2,1,,0,40 01:47.658,,0,75 08:45.592,8,0,0,0,67301,0,0,0,N,0,0,0,4,67301,0,,1,9,,N,N,,0,,0,0,0,0,0,,900,2,2,0,0,0,2,0,3,4,0,2,7,,N,,,,,,,,,,,
2007030338,1452.0,1,0,0,0,0,0,0,0,0,8,0,,67,1,2007,5,39.9736,-75.2473,1450.0,6,0,0,0,0,0,0,0,0,,0,0,0,14,1,1,0,,0,39 58:24.870,,0,75 14:50.319,8,0,0,0,67301,1,0,0,N,1,0,0,2,67301,0,,1,1,,N,N,,0,,0,0,0,9,3,,1449,1,2,0,0,1,1,0,3,4,0,1,3,,N,,,,,,,,,,,
2007117199,1242.0,1,0,0,0,0,0,0,0,0,4,0,,67,10,2007,7,39.9634,-75.2163,1240.0,6,0,0,0,0,0,0,0,0,,0,0,0,12,1,1,2,,0,39 57:48.157,,0,75 12:58.705,8,0,0,0,67301,0,0,0,N,0,0,0,6,67301,0,,1,1,,N,N,,0,,0,0,0,3,3,,1240,1,2,0,0,0,1,5,3,4,1,2,3,,N,,,,,,,,,,,
2007023083,1330.0,2,0,0,0,0,0,0,0,0,1,0,,67,1,2007,7,40.0012,-75.0972,1328.0,6,0,0,0,0,0,1,0,0,,0,0,0,13,1,1,2,,0,40 00:04.000,,0,75 05:49.913,4,0,0,0,67301,0,0,0,,0,0,0,5,67301,1,,1,9,,N,N,,0,,0,0,0,9,3,,1300,1,2,0,0,0,0,0,3,4,0,2,7,,N,,,,,,,,,,,
2007027609,817.0,2,0,0,0,0,0,0,0,0,4,0,,67,2,2007,6,40.072,-74.9812,802.0,6,0,0,0,0,0,0,0,0,,0,0,0,8,1,1,2,,0,40 04:19.000,,0,74 58:52.203,4,0,0,0,67301,0,0,0,N,0,0,0,2,67301,1,,1,1,,N,N,,0,,0,0,0,3,2,,800,1,2,0,0,0,0,1,3,4,0,2,3,,N,,,,,,,,,,,
2007027585,1620.0,0,0,0,0,0,0,0,0,0,7,0,,67,1,2007,4,40.0342,-75.1058,1615.0,6,0,0,0,0,0,0,0,0,,0,0,0,16,1,1,0,,0,40 02:03.253,,0,75 06:21.006,8,0,0,0,67301,0,0,0,,0,0,0,1,67301,0,,4,1,,,,,0,,0,0,1,3,2,,1610,1,1,0,0,0,1,0,3,4,0,1,3,,N,,,,,,,,,,,
2007017943,1814.0,2,0,0,0,0,0,0,0,0,1,0,,67,2,2007,7,39.9971,-75.2353,9999.0,6,0,0,1,0,0,0,0,0,,0,0,0,18,4,1,1,,0,39 59:52.000,,0,75 14:01.194,4,0,0,0,67301,0,0,0,N,0,0,0,5,46104,1,,1,1,,N,N,,0,,0,0,0,3,2,,1813,1,2,0,0,0,0,0,3,4,0,2,3,,N,,,,,,,,,,,
2007066341,634.0,2,0,0,0,0,0,0,0,0,9,0,,67,5,2007,3,39.9584,-75.2375,630.0,6,0,0,0,0,0,0,0,0,,0,0,0,6,1,1,1,,0,39 57:30.000,,0,75 14:14.838,4,0,0,0,67301,0,0,0,,0,0,0,2,67301,1,,1,1,,,,,0,,0,0,0,3,2,,600,1,2,0,0,0,0,1,3,4,0,2,3,,N,,,,,,,,,,,
2007051172,1211.0,2,0,0,0,0,0,0,0,0,4,0,,67,3,2007,5,40.0865,-75.0395,1211.0,6,0,0,0,0,0,1,1,0,,0,0,0,12,1,1,0,,0,40 05:11.000,,0,75 02:22.474,4,0,0,0,67301,0,0,0,N,0,0,0,3,67301,1,,1,1,,N,N,,0,,0,0,1,0,0,,1211,1,3,0,0,0,0,0,3,4,0,3,3,,N,,,,,,,,,,,
2007056380,2304.0,3,0,0,0,0,0,0,0,0,4,0,,67,4,2007,5,39.9283,-75.1706,2303.0,6,0,0,0,0,0,0,0,0,3.0,0,0,0,23,3,0,0,,2,39 55:41.808,4.0,0,75 10:14.314,0,0,0,0,67301,0,0,0,N,0,0,0,3,67301,0,,6,1,,N,N,,0,,0,0,0,0,0,Y,2303,0,3,0,0,0,0,0,3,4,0,3,3,,N,,,,,,,,,,,
2007056566,330.0,2,0,0,0,0,0,0,0,0,1,0,,67,4,2007,7,40.0332,-75.0291,324.0,6,0,0,0,0,0,0,0,0,1.0,0,0,0,99,3,0,1,,2,40 01:59.000,5.0,0,75 01:44.885,0,0,0,0,67301,0,0,0,N,0,0,0,5,67301,0,,1,1,,N,N,,0,,0,0,2,3,2,N,9999,0,4,0,0,0,0,0,3,4,0,4,3,,N,,,,,,,,,,,
2007056358,1553.0,1,0,0,0,0,0,0,0,0,8,0,,67,3,2007,5,39.9868,-75.1595,1547.0,6,0,0,0,0,0,0,0,0,,0,0,0,15,1,1,0,,0,39 59:12.419,,0,75 09:34.135,4,0,0,0,67301,1,0,0,N,1,0,0,2,67301,1,,1,1,,N,N,,0,,0,0,0,0,0,,1541,1,2,0,0,0,0,0,3,4,0,1,3,,N,,,,,,,,,,,
2007096316,2000.0,2,0,0,0,0,0,0,0,0,1,0,,67,8,2007,7,40.0086,-75.1384,1948.0,6,0,0,0,0,0,1,0,0,,0,0,0,18,1,1,0,,0,40 00:31.000,,0,75 08:18.353,8,0,0,0,67301,0,0,0,N,0,0,0,2,67301,0,,1,1,,N,N,,0,,0,0,0,3,2,,1830,1,2,0,0,2,1,0,3,4,0,2,3,,N,,,,,,,,,,,
2007057400,1122.0,1,0,0,0,0,0,0,0,0,6,0,,67,3,2007,5,40.0743,-75.0348,1118.0,6,0,0,0,0,1,0,1,0,,0,0,0,11,1,1,1,,0,40 04:27.000,,0,75 02:05.385,4,0,0,0,67301,0,0,0,N,0,0,0,3,67301,1,,1,1,,N,N,,2,,0,0,0,3,2,,1118,1,3,0,0,1,0,0,3,4,0,3,3,,N,,,,,,,,,,,
2007067481,2250.0,1,0,0,0,0,0,0,0,0,8,0,,67,5,2007,6,,,2229.0,6,0,0,0,0,0,1,0,0,,0,0,0,99,3,1,5,,0,,,0,,4,0,0,0,67301,1,0,0,N,1,0,0,2,67301,1,,1,1,,N,N,,0,,0,0,0,0,0,,9999,1,2,0,0,0,0,0,3,3,0,1,3,,N,,,,,,,,,,,
2007067484,442.0,1,0,0,0,0,0,0,0,0,7,0,,67,4,2007,1,39.9411,-75.195,440.0,6,0,1,0,0,0,0,0,0,,0,0,0,4,3,3,3,,0,39 56:36.000,,2,75 11:33.166,3,0,0,0,67301,0,0,0,Y,0,0,0,3,67301,2,,2,1,,N,N,,0,,1,0,0,0,0,,440,3,1,0,0,0,0,0,3,4,0,1,3,,N,,,,,,,,,,,
2007067228,725.0,1,0,0,0,0,0,0,0,0,4,0,,67,5,2007,7,40.0219,-75.1393,715.0,6,0,0,0,0,0,0,0,0,1.0,0,0,0,7,1,3,1,,2,40 01:18.000,4.0,0,75 08:22.667,8,0,0,0,67301,0,0,0,N,0,0,0,3,67301,0,,1,1,,N,N,,1,,0,0,0,3,2,Y,714,3,2,0,0,0,3,0,3,4,0,2,3,,N,,,,,,,,,,,
2007057291,1124.0,2,0,0,0,0,0,0,0,0,4,0,,67,3,2007,4,39.9754,-75.19,1120.0,6,0,0,0,0,0,0,0,0,,0,0,0,11,1,0,1,,0,39 58:31.000,,0,75 11:23.825,0,0,0,0,67301,0,0,0,N,0,0,0,2,67301,0,,1,1,,N,N,,0,,0,0,0,3,2,,1110,0,2,0,0,1,0,0,3,4,0,2,3,,N,,,,,,,,,,,
2007067117,949.0,1,0,0,0,0,0,0,0,0,8,0,,67,5,2007,5,39.924,-75.1866,947.0,6,0,0,0,0,0,0,0,0,,0,0,0,9,1,1,2,,0,39 55:26.400,,0,75 11:11.700,4,0,0,0,67301,1,0,0,N,1,0,0,2,67301,1,,1,1,,N,N,,0,,0,0,0,9,3,,930,1,2,0,0,0,0,1,3,4,0,1,3,,N,,,,,,,,,,,
2007067124,1003.0,1,0,0,1,0,0,0,0,0,8,0,,67,5,2007,3,39.9331,-75.1591,1000.0,6,0,0,0,0,0,0,0,0,,0,0,0,9,1,1,1,,0,39 55:58.990,,0,75 09:32.882,4,0,0,0,67301,1,0,0,,0,0,0,2,67301,1,,1,1,,N,N,,0,,0,0,0,9,3,,957,1,2,0,0,0,0,0,3,4,0,1,3,,N,,,,,,,,,,,
2007067137,100.0,2,0,0,0,0,0,0,0,0,1,0,,67,4,2007,6,40.0214,-75.1587,30.0,6,0,0,0,0,0,0,0,0,,0,0,0,0,3,1,0,,0,40 01:16.996,,0,75 09:31.359,4,0,0,0,67301,0,0,0,,0,0,0,2,67301,1,,1,9,,,,,0,,0,0,0,0,0,,30,1,2,0,0,0,0,1,3,4,0,2,7,,N,,,,,,,,,,,
2007067146,915.0,1,0,0,0,0,0,0,0,0,8,0,,67,5,2007,3,39.986,-75.1876,906.0,6,0,0,0,0,0,0,0,0,,0,0,0,8,1,1,0,,0,39 59:09.000,,0,75 11:15.460,8,0,0,0,67301,1,0,0,N,1,0,0,2,67301,0,,2,1,,N,N,,0,,0,0,0,0,0,,853,1,2,0,0,0,1,0,3,4,0,1,3,,N,,,,,,,,,,,
2007029574,1007.0,3,0,0,0,0,0,0,0,0,6,0,,67,1,2007,2,40.047,-75.127,1005.0,6,0,0,0,0,0,1,0,0,,0,0,0,9,1,1,0,,0,40 02:49.354,,0,75 07:37.142,3,0,0,0,67301,0,0,0,,0,0,0,2,67301,0,,1,6,,N,N,,0,,1,0,1,0,0,,949,1,4,0,0,0,0,0,3,4,0,4,3,,N,,,,,,,,,,,
2007029267,1725.0,1,0,0,0,0,0,0,0,0,8,0,,67,1,2007,3,40.023,-75.1361,1718.0,6,0,0,0,0,0,0,0,0,,0,0,0,17,1,1,0,,0,40 01:22.000,,0,75 08:10.108,4,0,0,0,67301,0,0,0,,0,0,0,2,67301,1,,1,1,,,,,0,,0,0,0,0,0,,1718,1,2,0,0,0,0,1,3,4,1,2,3,,N,,,,,,,,,,,
2007097485,2245.0,1,0,0,0,0,0,0,0,0,1,0,,67,8,2007,7,39.9889,-75.1273,2225.0,6,0,0,0,0,0,1,0,0,,0,0,0,22,3,1,1,,0,39 59:19.892,,0,75 07:38.391,4,0,0,0,67301,0,0,0,N,0,0,0,2,67301,1,,1,1,,N,N,,0,,0,0,0,3,2,,2221,1,2,0,0,0,0,1,3,4,0,2,3,,N,,,,,,,,,,,
2007092305,1656.0,1,0,0,0,0,0,1,0,0,5,0,,67,6,2007,7,40.0278,-75.1099,1653.0,6,0,0,0,0,0,1,0,0,,0,0,0,14,1,1,0,,0,40 01:40.080,,0,75 06:35.640,8,0,0,0,67301,0,0,0,N,0,0,0,4,67301,0,,1,1,,N,N,,0,,0,0,0,0,0,,1430,1,2,0,0,0,1,1,3,4,0,2,3,,N,,,,,,,,,,,
2007092310,1602.0,1,0,0,0,0,0,0,0,0,7,0,,67,7,2007,3,40.0238,-75.0321,1600.0,6,0,0,0,0,0,0,0,0,2.0,0,0,0,15,1,1,0,,1,40 01:25.000,1.0,0,75 01:55.403,3,0,0,0,67301,0,0,0,Y,0,0,0,1,67301,0,,2,1,,N,N,,0,,1,0,0,0,0,N,1559,1,1,0,0,1,0,0,3,4,0,1,3,,N,,,,,,,,,,,
2007095036,1649.0,1,0,0,0,0,0,0,0,0,1,0,,67,8,2007,5,39.9539,-75.1588,1645.0,6,0,0,0,0,0,1,0,0,,0,0,0,15,1,1,0,,0,39 57:13.000,,0,75 09:31.565,4,0,0,0,67301,0,0,0,N,0,0,0,2,67301,1,,1,9,,N,N,,0,,0,0,0,3,2,,1510,1,2,0,0,0,0,0,3,4,1,2,7,,N,,,,,,,,,,,
2007120675,1600.0,3,0,0,0,0,0,0,0,0,1,0,,67,10,2007,1,40.0505,-75.0693,1551.0,6,0,0,0,0,0,1,0,1,,0,0,0,15,1,1,0,,0,40 03:01.648,,0,75 04:09.570,4,0,0,0,67301,0,0,0,N,0,0,0,5,67301,1,,1,1,,N,N,,0,,0,0,0,0,0,,1529,1,3,0,0,0,0,0,3,4,0,3,3,,N,,,,,,,,,,,
2007120726,1525.0,2,0,0,0,0,0,0,0,0,4,0,,67,10,2007,4,40.0474,-75.06,1520.0,6,0,0,1,0,0,0,0,0,,0,0,0,15,1,1,0,,0,40 02:50.000,,0,75 03:36.065,8,0,0,0,67301,0,0,0,N,0,0,0,3,67301,0,,1,1,,N,N,,0,,0,0,0,0,0,,1512,1,2,0,0,0,1,0,3,4,0,2,3,,N,,,,,,,,,,,
2007027965,603.0,1,0,0,0,0,0,0,0,0,4,0,,67,1,2007,7,39.9505,-75.2269,603.0,6,0,0,0,0,0,0,0,1,,0,0,0,6,1,1,1,,0,39 57:01.000,,0,75 13:36.676,4,0,0,1,67301,0,0,0,N,0,0,0,2,67301,1,,1,1,,N,N,,0,,0,0,0,2,1,,600,1,2,0,0,0,0,0,3,4,0,2,3,,N,,,,,,,,,,,
2007047251,1350.0,2,0,0,0,0,0,0,0,0,4,0,,67,3,2007,5,40.0886,-74.9792,1344.0,6,0,0,0,0,0,0,0,0,,0,0,0,13,1,1,2,,0,40 05:18.780,,0,74 58:45.019,8,0,0,0,67301,0,0,0,N,0,0,0,3,67301,0,,1,1,,N,N,,0,,0,0,0,3,3,,1344,1,2,0,0,0,1,0,3,4,0,2,3,,N,,,,,,,,,,,
2007047663,1715.0,2,0,0,0,0,0,0,0,0,1,0,,67,3,2007,4,40.0165,-75.0559,1711.0,6,0,0,0,0,0,0,0,0,,0,0,0,17,1,1,1,,0,40 00:59.313,,0,75 03:21.221,8,0,0,0,67301,0,0,0,N,0,0,0,3,67301,0,,1,9,,N,N,,0,,0,0,0,0,0,,1711,1,2,0,0,0,1,0,3,4,0,2,10,,N,,,,,,,,,,,
2007067847,1820.0,0,0,0,0,0,0,0,0,0,8,0,,67,5,2007,5,39.9976,-75.1221,1819.0,6,0,0,0,0,0,0,0,0,,0,0,0,18,1,2,0,,0,39 59:51.000,,0,75 07:19.523,8,0,0,0,67301,2,0,0,N,2,0,0,3,67301,0,,3,1,,N,N,,0,,0,0,1,0,0,,1810,2,3,0,0,0,2,0,3,4,0,1,3,,N,,,,,,,,,,,
2007106774,1837.0,1,0,0,0,0,0,0,0,0,4,0,,67,8,2007,5,40.0405,-75.1518,1830.0,6,0,0,0,0,0,0,1,0,,0,0,0,99,4,1,1,,0,40 02:25.710,,0,75 09:06.339,4,0,0,0,67301,0,0,0,N,0,0,0,1,67301,1,,4,1,,N,N,,0,,0,0,2,0,0,,9999,1,3,0,0,0,0,0,3,4,0,3,3,,N,,,,,,,,,,,
2007047858,1227.0,1,0,0,0,0,0,1,0,0,5,1,,67,3,2007,2,39.9555,-75.1679,1224.0,6,0,0,0,0,0,1,0,0,,0,0,0,12,1,1,0,,0,39 57:19.620,,0,75 10:04.444,4,0,0,0,67301,0,0,0,N,0,0,0,3,67301,1,,4,1,,N,N,,0,,0,0,0,0,0,,1218,1,2,0,0,0,0,1,3,4,0,2,3,,N,,,,,,,,,,,
2007047870,1900.0,1,0,0,0,0,0,0,0,0,1,0,,67,2,2007,1,39.8919,-75.2419,1855.0,6,0,0,0,1,1,0,0,0,,0,0,0,18,3,0,1,,0,39 53:30.000,,0,75 14:30.863,0,0,0,0,67301,0,0,0,N,0,0,0,3,67301,0,,1,1,,N,N,,0,,0,0,1,3,2,,1850,0,2,0,0,0,0,0,3,4,0,2,3,,N,,,,,,,,,,,
2007047877,1801.0,2,0,0,0,0,0,0,0,0,4,0,,67,2,2007,5,40.0475,-75.1428,1800.0,6,0,0,0,0,0,0,0,0,,0,0,0,17,3,3,1,,0,40 02:50.000,,7,75 08:34.014,4,0,0,0,67301,0,0,0,N,0,0,0,3,67301,3,,1,1,,N,N,,0,,0,0,0,3,2,,1758,3,2,0,0,0,0,0,3,4,0,2,3,,N,,,,,,,,,,,
2007047922,2252.0,2,0,0,0,0,0,0,0,0,1,0,,67,3,2007,1,39.9483,-75.1856,2248.0,6,0,0,0,0,0,0,0,0,2.0,0,0,0,22,3,0,3,,1,39 56:54.000,4.0,2,75 11:08.209,0,0,0,0,67301,0,0,0,N,0,0,0,3,67301,0,,1,1,,N,N,,0,,0,0,0,0,0,N,2243,0,2,0,0,0,0,0,3,4,0,2,3,,N,,,,,,,,,,,
2007047981,917.0,2,0,0,0,0,0,0,0,0,4,0,,67,3,2007,5,40.0223,-75.1429,914.0,6,0,0,0,0,0,0,0,0,,0,0,0,8,1,2,1,,0,40 01:20.164,,0,75 08:34.439,4,0,0,0,67301,0,0,0,N,0,0,0,3,67301,2,,1,2,,N,N,,0,,0,0,0,3,3,,855,2,2,0,0,3,0,0,3,4,0,2,7,,N,,,,,,,,,,,
2007093442,1740.0,0,0,0,0,0,0,0,0,0,8,0,,67,7,2007,2,39.9834,-75.1325,1736.0,6,0,0,0,0,0,0,0,0,1.0,0,0,0,17,1,1,0,,1,39 59:00.081,5.0,0,75 07:56.971,4,0,0,0,67301,1,0,0,N,1,0,0,2,67301,1,,1,1,,N,N,,0,,0,0,1,0,0,Y,1730,1,2,0,0,0,0,0,3,4,0,1,3,,N,,,,,,,,,,,
2007093460,715.0,1,0,0,0,0,0,0,0,0,7,0,,67,6,2007,7,39.9891,-75.1654,715.0,6,0,0,0,0,0,0,0,0,,0,0,0,7,1,1,1,,0,39 59:20.000,,0,75 09:55.412,3,0,0,0,67301,0,0,0,N,0,0,0,1,67301,0,,4,1,,N,N,,0,,1,0,0,3,2,,715,1,1,0,0,0,0,0,3,4,0,1,3,,N,,,,,,,,,,,
2007125111,1830.0,0,0,0,0,0,0,0,0,0,8,0,,67,11,2007,7,40.0325,-75.1242,1830.0,6,0,0,0,0,0,1,0,0,,0,0,0,18,3,1,1,,0,40 01:57.154,,0,75 07:27.076,3,0,0,0,67301,1,0,0,N,1,0,0,2,67301,0,,1,1,,N,N,,0,,1,0,0,3,2,,1810,1,2,0,0,0,0,0,3,4,1,1,3,,N,,,,,,,,,,,
2007107500,1659.0,2,0,0,0,0,0,0,0,0,4,0,,67,9,2007,5,40.0645,-75.174,1653.0,6,0,0,0,0,0,1,0,0,,0,0,0,16,1,5,2,,0,40 03:52.000,,0,75 10:26.463,8,0,0,0,67301,0,0,0,N,0,0,0,5,67301,0,,1,1,,N,N,,0,,0,0,0,3,3,,1653,5,2,0,0,0,5,0,3,4,0,2,3,,N,,,,,,,,,,,
2007048307,9999.0,1,0,0,0,0,0,0,0,0,8,0,,67,1,2007,1,40.0322,-75.1635,9999.0,6,0,0,0,0,0,0,0,0,,0,0,0,99,1,1,0,,0,40 01:56.092,,0,75 09:48.496,2,0,0,0,67301,1,0,1,N,1,0,1,2,67301,0,,1,1,,N,N,,0,,0,1,0,0,0,,9999,1,2,0,0,0,0,0,3,4,0,1,3,,N,,,,,,,,,,,
2007045743,945.0,1,0,0,0,0,0,0,0,0,7,0,,67,2,2007,4,40.1186,-75.007,935.0,6,0,0,0,0,0,0,0,0,,0,0,0,9,1,2,2,,0,40 07:06.945,,0,75 00:25.153,4,0,0,0,67301,0,0,0,N,0,0,0,2,67301,2,,2,7,,N,N,,0,,0,0,0,3,2,,930,2,1,0,0,0,0,0,3,4,0,1,10,,N,,,,,,,,,,,
2007045756,1430.0,2,0,0,0,0,0,0,0,0,1,0,,67,2,2007,1,40.0492,-75.1709,1423.0,6,0,0,0,0,0,0,0,0,,0,0,0,14,1,0,2,,0,40 02:57.000,,0,75 10:15.064,0,0,0,0,67301,0,0,0,N,0,0,0,2,67301,0,,1,1,,N,N,,0,,0,0,0,3,2,,1420,0,2,0,0,0,0,0,3,4,0,2,3,,N,,,,,,,,,,,
2007029575,2201.0,2,0,0,0,0,0,0,0,0,4,0,,67,1,2007,3,39.9946,-75.1597,2200.0,6,0,0,0,0,0,0,0,0,,0,0,0,22,3,1,3,,0,39 59:40.000,,0,75 09:35.058,4,0,0,0,67301,0,0,0,,0,0,0,3,67301,1,,1,1,,,,,0,,0,0,0,3,2,,2200,1,2,0,0,2,0,0,3,4,0,2,3,,N,,,,,,,,,,,