CRN,ARRIVAL_TM,AUTOMOBILE_COUNT,BELTED_DEATH_COUNT,BELTED_SUSP_SERIOUS_INJ_COUNT,BICYCLE_COUNT,BICYCLE_DEATH_COUNT,BICYCLE_SUSP_SERIOUS_INJ_COUNT,BUS_COUNT,CHLDPAS_DEATH_COUNT,CHLDPAS_SUSP_SERIOUS_INJ_COUNT,COLLISION_TYPE,COMM_VEH_COUNT,CONS_ZONE_SPD_LIM,COUNTY,CRASH_MONTH,CRASH_YEAR,DAY_OF_WEEK,DEC_LAT,DEC_LONG,DISPATCH_TM,DISTRICT,DRIVER_COUNT_16YR,DRIVER_COUNT_17YR,DRIVER_COUNT_18YR,DRIVER_COUNT_19YR,DRIVER_COUNT_20YR,DRIVER_COUNT_50_64YR,DRIVER_COUNT_65_74YR,DRIVER_COUNT_75PLUS,EST_HRS_CLOSED,FATAL_COUNT,HEAVY_TRUCK_COUNT,HORSE_BUGGY_COUNT,HOUR_OF_DAY,ILLUMINATION,INJURY_COUNT,INTERSECT_TYPE,INTERSECTION_RELATED,LANE_CLOSED,LATITUDE,LN_CLOSE_DIR,LOCATION_TYPE,LONGITUDE,MAX_SEVERITY_LEVEL,MCYCLE_DEATH_COUNT,MCYCLE_SUSP_SERIOUS_INJ_COUNT,MOTORCYCLE_COUNT,MUNICIPALITY,NONMOTR_COUNT,NONMOTR_DEATH_COUNT,NONMOTR_SUSP_SERIOUS_INJ_COUNT,NTFY_HIWY_MAINT,PED_COUNT,PED_DEATH_COUNT,PED_SUSP_SERIOUS_INJ_COUNT,PERSON_COUNT,POLICE_AGCY,POSSIBLE_INJ_COUNT,RDWY_SURF_TYPE_CD,RELATION_TO_ROAD,ROAD_CONDITION,ROADWAY_CLEARED,SCH_BUS_IND,SCH_ZONE_IND,SECONDARY_CRASH,SMALL_TRUCK_COUNT,SPEC_JURIS_CD,SUSP_MINOR_INJ_COUNT,SUSP_SERIOUS_INJ_COUNT,SUV_COUNT,TCD_FUNC_CD,TCD_TYPE,TFC_DETOUR_IND,TIME_OF_DAY,TOT_INJ_COUNT,TOTAL_UNITS,UNB_DEATH_COUNT,UNB_SUSP_SERIOUS_INJ_COUNT,UNBELTED_OCC_COUNT,UNK_INJ_DEG_COUNT,UNK_INJ_PER_COUNT,URBAN_AREA,URBAN_RURAL,VAN_COUNT,VEHICLE_COUNT,WEATHER1,WEATHER2,WORK_ZONE_IND,WORK_ZONE_LOC,WORK_ZONE_TYPE,WORKERS_PRES,WZ_CLOSE_DETOUR,WZ_FLAGGER,WZ_LAW_OFFCR_IND,WZ_LN_CLOSURE,WZ_MOVING,WZ_OTHER,WZ_SHLDER_MDN,WZ_WORKERS_INJ_KILLED
2007029280,1510.0,1,0,0,0,0,0,0,0,0,4,0,,67,1,2007,1,40.0275,-75.1464,1500.0,6,0,0,0,0,0,0,0,0,2.0,0,0,0,14,1,1,1,,1,40 01:39.104,3.0,0,75 08:47.126,8,0,0,0,67301,0,0,0,N,0,0,0,3,67301,0,,1,9,,N,N,,0,,0,0,1,3,2,N,1440,1,2,0,0,0,1,0,3,4,0,2,7,,N,,,,,,,,,,,
2007029321,1115.0,1,0,0,0,0,0,0,0,0,4,0,,67,1,2007,2,39.9421,-75.1451,1114.0,6,0,0,0,0,0,0,0,0,,0,0,0,10,1,0,0,,0,39 56:31.582,,0,75 08:42.248,0,0,0,0,67301,0,0,0,N,0,0,0,2,67301,0,,2,1,,N,N,,0,,0,0,1,9,3,,1035,0,2,0,0,0,0,0,3,4,0,2,3,,N,,,,,,,,,,,
2007128177,816.0,2,0,0,0,0,0,0,0,0,1,0,,67,10,2007,4,40.0288,-75.1178,813.0,6,0,0,0,0,0,0,0,0,1.0,0,0,0,8,1,0,0,,1,40 01:43.845,3.0,0,75 07:04.065,0,0,0,0,67301,0,0,0,N,0,0,0,2,67301,0,,1,9,,N,N,,0,,0,0,0,3,2,N,810,0,2,0,0,0,0,0,3,4,0,2,7,,N,,,,,,,,,,,
2007120900,2000.0,1,0,0,0,0,0,0,0,0,4,0,,67,10,2007,1,40.0628,-75.0733,1951.0,6,0,0,0,0,0,0,0,0,,0,0,0,19,3,1,1,,0,40 03:46.144,,0,75 04:23.851,8,0,0,0,67301,0,0,0,N,0,0,0,2,67301,0,,1,1,,N,N,,0,,0,0,0,3,3,,1946,1,2,0,0,0,1,0,3,4,1,2,3,,N,,,,,,,,,,,
2007120953,1820.0,0,0,0,1,0,0,0,0,0,5,0,,67,10,2007,7,39.951,-75.1654,1816.0,6,0,0,0,0,0,0,0,0,,0,0,0,99,1,1,2,,0,39 57:03.000,,0,75 09:55.537,4,0,0,0,67301,1,0,0,N,0,0,0,2,67301,1,,1,1,,N,N,,0,,0,0,0,3,2,,9999,1,2,0,0,0,0,0,3,4,0,1,3,,N,,,,,,,,,,,
2007121115,1040.0,0,0,0,0,0,0,0,0,0,1,0,,67,11,2007,6,40.0022,-75.2245,1039.0,6,0,0,0,0,0,0,0,0,,0,0,0,10,1,1,0,,0,40 00:11.000,,0,75 13:20.119,4,0,0,0,67301,0,0,0,N,0,0,0,4,46104,1,,1,1,,N,N,,0,,0,0,2,0,0,,1038,1,3,0,0,0,0,0,3,4,1,3,3,,N,,,,,,,,,,,
2007120522,1555.0,1,0,0,0,0,0,0,0,0,8,0,,67,10,2007,4,39.9661,-75.1344,1550.0,6,0,0,0,0,0,0,0,0,,0,0,0,15,1,1,0,,0,39 57:58.051,,0,75 08:03.861,3,0,0,0,67301,1,0,0,N,1,0,0,2,67301,0,,4,1,,N,N,,0,,1,0,0,0,0,,1545,1,2,0,0,0,0,0,3,4,0,1,3,,N,,,,,,,,,,,
2007082592,9999.0,2,0,0,0,0,0,0,0,0,1,0,,67,6,2007,5,39.9911,-75.1735,1700.0,6,0,0,0,0,0,0,0,0,,0,0,0,99,1,1,0,,0,39 59:28.089,,0,75 10:24.427,4,0,0,0,67301,1,0,0,N,0,0,0,2,67301,1,,2,1,,N,N,,0,,0,0,0,0,0,,9999,1,2,0,0,0,0,0,3,4,0,2,3,,N,,,,,,,,,,,
2007082933,1445.0,0,0,0,0,0,0,1,0,0,8,1,,67,6,2007,4,40.0233,-75.0768,1445.0,6,0,0,0,0,0,0,0,0,,0,0,0,14,1,1,1,,0,40 01:23.000,,0,75 04:36.638,4,0,0,0,67301,1,0,0,,1,0,0,2,67301,1,,1,1,,Y,,,0,,0,0,0,3,2,,1445,1,2,0,0,0,0,0,3,4,0,1,3,,N,,,,,,,,,,,
2007080484,2222.0,2,0,0,0,0,0,0,0,0,4,0,,67,6,2007,2,40.0404,-75.0655,2220.0,6,0,0,0,0,0,0,0,0,,0,0,0,22,3,0,1,,0,40 02:25.000,,0,75 03:56.177,0,0,0,0,67301,0,0,0,N,0,0,0,2,67301,0,,1,1,,N,N,,0,,0,0,0,3,2,,2220,0,2,0,0,1,0,0,3,4,0,2,3,,N,,,,,,,,,,,
2007107128,622.0,2,0,0,0,0,0,0,0,0,4,0,,67,8,2007,6,40.0791,-75.1597,622.0,6,0,0,0,0,0,0,0,0,2.0,0,0,0,99,1,1,1,,1,40 04:45.000,1.0,0,75 09:35.322,4,0,0,0,67301,0,0,0,N,0,0,0,2,67301,1,,1,1,,N,N,,0,,0,0,0,0,0,Y,9999,1,2,0,0,0,0,0,3,4,0,2,3,,N,,,,,,,,,,,
2007107224,1747.0,1,0,0,1,0,0,0,0,0,5,0,,67,9,2007,2,,,1747.0,6,0,0,0,0,0,0,0,0,,0,0,0,17,4,1,0,,0,,,0,,8,0,0,0,67301,1,0,0,N,0,0,0,4,67504,0,,1,1,,N,N,,1,,0,0,0,0,0,,1747,1,3,0,0,0,1,0,3,3,0,2,3,,N,,,,,,,,,,,
2007075238,1228.0,2,0,0,0,0,0,0,0,0,1,0,,67,7,2007,1,,,1225.0,6,0,0,0,0,0,0,0,0,2.0,0,0,0,12,1,2,0,,1,,3.0,0,,8,0,0,0,67301,0,0,0,N,0,0,0,3,67301,0,,1,1,,N,N,,0,,0,0,0,3,8,N,1225,2,2,0,0,1,2,0,3,3,0,2,3,,N,,,,,,,,,,,
2007027807,29.0,0,0,0,0,0,0,0,0,0,4,0,,67,1,2007,7,39.9866,-75.0944,28.0,6,0,0,0,0,0,0,0,0,,0,0,0,23,3,2,1,,0,39 59:11.923,,0,75 05:39.698,8,0,0,0,67301,0,0,0,N,0,0,0,4,67301,0,,1,1,,N,N,,1,,0,0,1,3,2,,2300,2,2,0,0,0,2,1,3,4,0,2,3,,N,,,,,,,,,,,
2007047539,2158.0,1,0,0,0,0,0,0,0,0,7,0,,67,2,2007,1,39.9748,-75.2295,2158.0,6,0,0,0,0,1,0,0,0,,0,0,0,99,3,0,2,,0,39 58:29.456,,0,75 13:46.023,0,0,0,0,67301,0,0,0,N,0,0,0,1,67301,0,,5,2,,N,N,,0,,0,0,0,0,0,,9999,0,1,0,0,1,0,0,3,4,0,1,3,,N,,,,,,,,,,,
2007047687,942.0,2,0,0,0,0,0,0,0,0,2,0,,67,3,2007,2,40.0507,-75.1531,932.0,6,0,0,0,0,0,0,0,0,,0,0,0,9,1,0,0,,0,40 03:02.376,,0,75 09:11.199,0,0,0,0,67301,0,0,0,N,0,0,0,3,67301,0,,1,1,,N,N,,0,,0,0,1,0,0,,932,0,3,0,0,0,0,0,3,4,0,3,3,,N,,,,,,,,,,,
2007067813,1317.0,1,0,0,0,0,0,0,0,0,1,0,,67,5,2007,3,40.046,-75.057,1314.0,6,0,0,0,0,0,1,0,0,1.0,0,0,0,13,1,1,0,,1,40 02:45.000,3.0,0,75 03:25.340,8,0,0,0,67301,0,0,0,N,0,0,0,2,67301,0,,1,1,,N,N,,0,,0,0,1,0,0,N,1314,1,2,0,0,0,1,1,3,4,0,2,3,,N,,,,,,,,,,,
2007067848,9999.0,1,0,0,0,0,0,0,0,0,8,0,,67,5,2007,7,40.0056,-75.1594,2031.0,6,0,0,0,0,0,0,0,0,,0,0,0,20,3,1,10,,0,40 00:20.098,,0,75 09:33.663,3,0,0,0,67301,1,0,0,N,1,0,0,2,67301,0,,1,1,,N,N,,0,,1,0,0,0,0,,2020,1,2,0,0,0,0,0,3,4,0,1,3,,N,,,,,,,,,,,
2007067852,1554.0,2,0,0,0,0,0,0,0,0,4,0,,67,5,2007,1,39.9511,-75.1983,1553.0,6,0,0,0,0,0,0,0,0,,0,0,0,15,1,0,0,,0,39 57:04.100,,0,75 11:54.000,0,0,0,0,67301,0,0,0,N,0,0,0,2,67301,0,,1,1,,N,N,,0,,0,0,0,0,0,,1550,0,2,0,0,0,0,0,3,4,0,2,3,,N,,,,,,,,,,,
2007109452,2030.0,1,0,0,0,0,0,0,0,0,8,0,,67,9,2007,5,40.0235,-75.08,2012.0,6,0,0,0,0,0,0,0,0,,0,0,0,19,3,1,1,,0,40 01:24.736,,0,75 04:47.909,8,0,0,0,67301,1,0,0,N,1,0,0,2,67301,0,,1,1,,N,N,,0,,0,0,0,3,2,,1955,1,2,0,0,0,1,0,3,4,0,1,3,,N,,,,,,,,,,,
2007112032,2335.0,1,0,0,0,0,0,0,0,0,4,0,,67,8,2007,6,39.9538,-75.2282,2330.0,6,0,0,0,0,0,1,0,0,,0,0,0,23,3,7,1,,0,39 57:13.582,,0,75 13:41.663,4,0,0,0,67301,0,0,0,N,0,0,0,7,67301,1,,1,1,,N,N,,0,,0,0,1,3,2,,2310,7,2,0,0,0,6,0,3,4,0,2,3,,N,,,,,,,,,,,
2007106784,1651.0,0,0,0,0,0,0,0,0,0,4,0,,67,8,2007,4,40.0478,-75.0136,1651.0,6,0,0,0,0,0,0,0,0,,0,0,0,16,1,1,0,,0,40 02:52.000,,0,75 00:48.987,8,0,0,1,67301,0,0,0,N,0,0,0,2,67301,0,,2,1,,N,N,,1,,0,0,0,3,2,,1650,1,2,0,0,1,1,0,3,4,0,2,3,,N,,,,,,,,,,,
2007109367,2315.0,1,0,0,0,0,0,0,0,0,7,0,,67,9,2007,4,40.0092,-75.0675,2312.0,6,0,0,0,0,0,0,0,0,2.0,0,0,0,23,3,0,0,,1,40 00:32.000,2.0,0,75 04:08.319,0,0,0,0,67301,0,0,0,N,0,0,0,2,67301,0,,2,1,,N,N,,0,,0,0,0,0,0,N,2310,0,1,0,0,0,0,0,3,4,0,1,3,,N,,,,,,,,,,,
2007047847,1829.0,1,0,0,0,0,0,0,0,0,1,0,,67,3,2007,7,39.9806,-75.2465,1825.0,6,0,0,0,0,0,0,0,1,,0,0,0,6,3,1,1,,0,39 58:50.000,,0,75 14:47.378,3,0,0,0,67301,0,0,0,,0,0,0,3,67301,0,,1,1,,,,,1,,1,0,0,9,2,,620,1,2,0,0,2,0,0,3,4,0,2,3,,N,,,,,,,,,,,
2007047919,2334.0,0,0,0,0,0,0,0,0,0,0,0,,67,3,2007,5,39.9653,-75.1857,2329.0,6,0,0,0,1,0,0,0,0,1.0,0,0,0,23,3,0,3,,1,39 58:01.000,4.0,2,75 11:16.366,0,0,0,0,67301,0,0,0,N,0,0,0,3,67301,0,,1,1,,N,N,,0,,0,0,1,0,0,N,2309,0,1,0,0,0,0,0,3,4,0,1,3,,N,,,,,,,,,,,
2007093379,2233.0,1,0,0,0,0,0,0,0,0,7,0,,67,7,2007,7,40.0712,-75.2407,2220.0,6,0,0,0,0,0,0,0,0,,0,0,0,22,3,0,0,,0,40 04:16.204,,0,75 14:26.538,0,0,0,0,67301,0,0,0,,0,0,0,1,67301,0,,5,1,,,,,0,,0,0,0,0,0,,2215,0,1,0,0,0,0,0,3,4,0,1,3,,N,,,,,,,,,,,
2007093453,1235.0,2,0,0,0,0,0,0,0,0,4,0,,67,7,2007,6,39.9598,-75.1637,1230.0,6,0,0,0,0,0,1,0,0,,0,0,0,12,1,1,1,,0,39 57:35.366,,0,75 09:49.409,4,0,0,0,67301,0,0,0,N,0,0,0,4,67301,1,,1,1,,N,N,,0,,0,0,1,3,3,,1220,1,3,0,0,0,0,0,3,4,0,3,3,,N,,,,,,,,,,,
2007125103,1620.0,1,0,0,0,0,0,0,0,0,4,0,,67,11,2007,1,40.0356,-75.1239,1605.0,6,0,0,0,0,0,0,0,0,,0,0,0,16,1,2,1,,0,40 02:08.000,,0,75 07:25.890,4,0,0,0,67301,0,0,0,N,0,0,0,4,67301,2,,1,1,,N,N,,0,,0,0,1,3,2,,1600,2,2,0,0,0,0,0,3,4,0,2,3,,N,,,,,,,,,,,
2007125115,116.0,1,0,0,0,0,0,0,0,0,7,0,,67,11,2007,2,,,115.0,6,0,0,0,0,0,0,0,0,,0,0,0,1,3,0,0,,0,,,0,,0,0,0,0,67301,0,0,0,N,0,0,0,1,67301,0,,2,1,,N,N,,0,,0,0,0,0,0,,112,0,1,0,0,0,0,0,3,3,0,1,3,,N,,,,,,,,,,,
2007127621,1725.0,3,0,0,0,0,0,0,0,0,1,0,,67,10,2007,2,39.9594,-75.2454,1720.0,6,0,0,0,0,0,1,1,0,,0,0,0,17,1,0,0,,0,39 57:33.840,,0,75 14:43.440,0,0,0,0,67301,0,0,0,N,0,0,0,6,67301,0,,1,9,,N,N,,0,,0,0,1,3,2,,1715,0,4,0,0,0,0,0,3,4,0,4,3,,N,,,,,,,,,,,
2007107518,945.0,0,0,0,0,0,0,0,0,0,8,0,,67,8,2007,4,39.9915,-75.1361,945.0,6,0,0,0,0,0,1,0,0,,0,0,0,9,1,1,1,,0,39 59:29.000,,0,75 08:10.102,3,0,0,0,67301,1,0,0,N,1,0,0,2,67301,0,,1,1,,N,N,,0,,1,0,1,3,2,,930,1,2,0,0,0,0,0,3,4,0,1,3,,N,,,,,,,,,,,
2007045860,1415.0,0,0,0,0,0,0,0,0,0,5,0,,67,2,2007,3,39.9826,-75.227,1403.0,6,1,0,0,0,0,0,0,0,,0,0,0,14,1,2,0,,0,39 58:57.287,,0,75 13:37.234,8,0,0,0,67301,0,0,0,N,0,0,0,5,67301,0,,1,9,,N,N,,0,,0,0,2,3,2,,1400,2,2,0,0,0,2,0,3,4,0,2,10,,N,,,,,,,,,,,
2007046038,750.0,2,0,0,0,0,0,0,0,0,1,0,,67,2,2007,3,40.0184,-75.1483,744.0,6,0,0,0,0,0,0,0,0,1.0,0,0,0,7,1,2,0,,2,40 01:06.600,4.0,0,75 08:53.520,3,0,0,0,67301,0,0,0,N,0,0,0,4,67301,1,,1,1,,N,N,,0,,1,0,0,3,8,N,740,2,2,0,0,0,0,0,3,4,0,2,3,,N,,,,,,,,,,,
2007092916,1202.0,1,0,0,0,0,0,0,0,0,4,0,,67,7,2007,7,40.0778,-75.1693,1147.0,6,0,0,0,0,0,1,0,0,,0,0,0,11,1,1,2,,0,40 04:39.936,,0,75 10:09.476,3,0,0,0,67301,0,0,0,N,0,0,0,2,67301,0,,1,1,,N,N,,0,,1,0,1,0,0,,1105,1,2,0,0,0,0,1,3,4,0,2,3,,N,,,,,,,,,,,
2007046193,1830.0,2,0,0,0,0,0,0,0,0,1,0,,67,2,2007,2,40.0445,-75.0543,1825.0,6,0,0,0,0,0,1,0,0,1.0,0,0,0,18,3,1,0,,1,40 02:40.200,4.0,0,75 03:15.480,3,0,0,0,67301,0,0,0,N,0,0,0,2,67301,0,,1,1,,N,N,,0,,1,0,0,3,2,N,1825,1,2,0,0,0,0,0,3,4,0,2,3,,N,,,,,,,,,,,
2008017511,1816.0,2,0,0,0,0,0,0,0,0,4,0,,67,12,2007,1,40.0255,-75.0847,1808.0,6,0,0,0,0,0,0,0,0,,0,0,0,18,3,2,1,,0,40 01:31.670,,0,75 05:04.955,4,0,0,0,67301,0,0,0,N,0,0,0,6,67301,1,,1,9,,N,N,,0,,0,0,0,3,3,,1800,2,2,0,0,0,1,0,3,4,0,2,7,,N,,,,,,,,,,,
2008017517,1543.0,0,0,0,0,0,0,0,0,0,8,0,,67,12,2007,5,39.9983,-75.1292,1541.0,6,0,0,0,0,0,0,0,0,,0,0,0,15,1,2,1,,0,39 59:54.000,,0,75 07:45.186,4,0,0,0,67301,2,0,0,N,2,0,0,3,67301,2,,1,1,,N,N,,1,,0,0,0,3,2,,1527,2,3,0,0,0,0,0,3,4,0,1,3,,N,,,,,,,,,,,
2008007286,1100.0,1,0,0,0,0,0,0,0,0,7,0,,67,11,2007,2,40.0361,-75.1896,1052.0,6,0,0,0,0,0,0,0,0,,0,0,0,10,1,0,0,,0,40 02:09.945,,0,75 11:22.506,0,0,0,0,67301,0,0,0,N,0,0,0,1,67301,0,,2,9,,,N,,0,,0,0,0,0,0,,1050,0,1,0,0,0,0,0,3,4,0,1,7,,N,,,,,,,,,,,
2008005212,1149.0,2,0,0,0,0,0,0,0,0,4,0,,67,11,2007,2,40.0153,-75.1372,1144.0,6,0,0,0,0,0,1,0,0,,0,0,0,99,1,1,1,,0,40 00:55.051,,0,75 08:13.761,4,0,0,0,67301,0,0,0,,0,0,0,3,67301,1,,1,9,,,,,0,,0,0,0,0,0,,9999,1,2,0,0,3,0,0,3,4,0,2,7,,N,,,,,,,,,,,
2008005280,1353.0,3,0,0,0,0,0,0,0,0,1,0,,67,11,2007,2,39.9394,-75.1967,1339.0,6,0,0,0,0,0,1,1,0,1.0,0,0,0,13,1,2,0,,2,39 56:26.507,3.0,0,75 11:43.439,8,0,0,0,67301,0,0,0,N,0,0,0,7,68K01,0,,1,9,,N,N,,0,,0,0,0,0,0,Y,1337,2,4,0,0,0,2,0,3,4,1,4,7,,N,,,,,,,,,,,
2008005763,1727.0,1,0,0,0,0,0,0,0,0,8,0,,67,11,2007,3,39.9853,-75.1615,1726.0,6,0,0,0,0,0,1,0,0,,0,0,0,17,3,1,0,,0,39 59:07.252,,0,75 09:41.569,4,0,0,0,67301,1,0,0,N,1,0,0,2,67301,1,,9,1,,N,N,,0,,0,0,0,0,0,,1720,1,2,0,0,0,0,0,3,4,0,1,3,,N,,,,,,,,,,,
2008000666,2145.0,1,0,0,0,0,0,0,0,0,1,0,,67,10,2007,7,40.0111,-75.0618,2137.0,6,0,0,0,0,0,0,0,0,1.0,0,0,0,21,3,0,0,,2,40 00:40.000,2.0,0,75 03:42.519,0,0,0,0,67301,0,0,0,N,0,0,0,3,67301,0,,1,1,,N,N,,0,,0,0,1,0,0,Y,2135,0,3,0,0,0,0,0,3,4,0,2,3,,N,,,,,,,,,,,
2008002927,419.0,1,0,0,0,0,0,0,0,0,0,0,,67,10,2007,1,39.9678,-75.1897,353.0,6,0,0,0,0,0,0,0,0,1.0,0,0,0,3,3,1,0,,2,39 58:08.400,4.0,0,75 11:30.120,8,0,0,0,67301,0,0,0,N,0,0,0,1,68K01,0,,1,1,,N,N,,0,,0,0,0,0,0,N,353,1,1,0,0,0,1,0,3,4,0,1,3,,N,,,,,,,,,,,
2007093601,1712.0,2,0,0,0,0,0,0,0,0,5,0,,67,7,2007,7,40.0168,-75.1485,1710.0,6,0,0,0,0,0,0,0,0,,0,0,0,17,1,1,0,,0,40 01:00.348,,0,75 08:54.450,8,0,0,0,67301,0,0,0,N,0,0,0,3,67301,0,,1,1,,N,N,,0,,0,0,0,0,0,,1700,1,2,0,0,0,1,0,3,4,0,2,3,,N,,,,,,,,,,,
2007093447,2255.0,1,0,0,0,0,0,0,0,0,7,0,,67,7,2007,5,40.0891,-75.0457,2245.0,6,0,0,0,0,0,0,0,0,,0,0,0,22,3,1,0,,0,40 05:20.000,,0,75 02:44.660,4,0,0,0,67301,0,0,0,N,0,0,0,1,67301,1,,5,9,,N,N,,0,,0,0,0,0,0,,2240,1,1,0,0,0,0,0,3,4,0,1,7,,N,,,,,,,,,,,
2007127654,838.0,0,0,0,0,0,0,0,0,0,8,0,,67,10,2007,3,39.9872,-75.1874,837.0,6,0,0,0,0,0,0,1,0,,0,0,0,8,1,1,1,,0,39 59:14.000,,0,75 11:14.507,4,0,0,0,67301,1,0,0,N,1,0,0,2,67301,1,,1,1,,N,N,,0,,0,0,0,3,2,,835,1,2,0,0,0,0,0,3,4,1,1,3,,N,,,,,,,,,,,
2007109773,152.0,1,0,0,0,0,0,0,0,0,2,0,,67,9,2007,2,40.0152,-75.1498,146.0,6,0,0,0,0,0,0,0,0,4.0,0,0,0,1,3,4,0,,2,40 00:54.000,5.0,0,75 08:59.469,2,0,0,0,67301,0,0,0,N,0,0,0,4,67301,0,,1,1,,N,N,,0,,1,3,2,0,0,Y,145,4,3,0,3,4,0,0,3,4,0,3,3,,N,,,,,,,,,,,
2007109774,1545.0,1,0,0,0,0,0,0,0,0,5,0,,67,3,2007,1,39.9472,-75.1561,1530.0,6,0,0,0,0,0,0,0,0,,0,0,0,15,1,1,2,,0,39 56:49.768,,0,75 09:21.862,8,0,0,0,67301,0,0,0,N,0,0,0,4,67301,0,,1,2,,N,N,,0,,0,0,0,3,2,,1530,1,2,0,0,0,1,0,3,4,1,2,10,,N,,,,,,,,,,,
2007048214,104.0,0,0,0,0,0,0,0,0,0,7,0,,67,2,2007,3,40.0033,-75.1011,102.0,6,0,0,0,0,0,0,0,0,,0,0,0,0,3,1,0,,0,40 00:11.729,,0,75 06:03.830,8,0,0,0,67301,0,0,0,N,0,0,0,2,67301,0,,2,9,,N,N,,0,,0,0,1,0,0,,45,1,1,0,0,0,1,0,3,4,0,1,7,,N,,,,,,,,,,,
2007048277,1700.0,2,0,0,0,0,0,0,0,0,4,0,,67,3,2007,3,40.05,-75.2017,1652.0,6,0,0,0,0,0,0,1,0,,0,0,0,16,1,1,1,,0,40 03:00.043,,0,75 12:06.091,8,0,0,0,67301,0,0,0,N,0,0,0,2,67301,0,,1,1,,N,N,,0,,0,0,0,3,3,,1645,1,2,0,0,0,1,0,3,4,0,2,3,,N,,,,,,,,,,,
2007092910,225.0,2,0,0,0,0,0,0,0,0,4,0,,67,6,2007,7,39.9915,-75.1349,225.0,6,0,0,0,0,0,0,0,0,2.0,0,0,0,2,3,0,1,,1,39 59:29.000,3.0,0,75 08:05.582,0,0,0,0,67301,0,0,0,N,0,0,0,2,67301,0,,1,1,,N,N,,0,,0,0,0,3,2,Y,220,0,2,0,0,0,0,0,3,4,0,2,3,,N,,,,,,,,,,,
2008017508,125.0,2,0,0,0,0,0,0,0,0,4,0,,67,11,2007,2,40.0753,-75.1604,119.0,6,0,0,0,0,0,1,0,0,,0,0,0,1,3,0,1,,0,40 04:31.098,,0,75 09:37.457,0,0,0,0,67301,0,0,0,N,0,0,0,3,67301,0,,1,9,,N,N,,0,,0,0,0,3,2,,105,0,2,0,0,0,0,0,3,4,0,2,7,,N,,,,,,,,,,,
2008017513,635.0,1,0,0,0,0,0,0,0,0,1,0,,67,12,2007,2,40.0089,-75.0718,633.0,6,0,0,0,0,0,1,0,0,1.0,0,0,0,6,3,0,5,,1,40 00:32.000,2.0,0,75 04:18.660,0,0,0,0,67301,0,0,0,N,0,0,0,2,67301,0,,1,9,,N,N,,1,,0,0,0,3,2,Y,630,0,2,0,0,0,0,0,3,4,0,2,7,,N,,,,,,,,,,,
2008007281,1433.0,2,0,0,0,0,0,0,0,0,2,0,,67,11,2007,5,40.005,-75.1786,1430.0,6,0,0,0,0,0,0,0,0,,0,0,0,14,1,1,5,,0,40 00:18.000,,0,75 10:43.473,4,0,0,0,67301,0,0,0,N,0,0,0,4,67301,1,,1,1,,N,N,,0,,0,0,0,3,2,,1424,1,2,0,0,0,0,0,3,4,0,2,3,,N,,,,,,,,,,,
2008007287,1252.0,0,0,0,0,0,0,0,0,0,7,0,,67,11,2007,2,,,1252.0,6,0,0,0,0,0,1,0,0,,0,0,0,12,1,0,0,,0,,,0,,0,0,0,0,67301,0,0,0,N,0,0,0,1,67301,0,,3,9,,N,N,,0,,0,0,1,0,0,,1250,0,1,0,0,0,0,0,3,3,0,1,7,,N,,,,,,,,,,,
2008007592,205.0,4,0,0,0,0,0,0,0,0,1,0,,67,11,2007,7,39.8946,-75.2367,145.0,6,0,0,0,1,0,2,0,0,,0,0,0,99,1,1,1,,0,39 53:40.000,,0,75 14:12.181,4,0,0,0,67301,0,0,0,,0,0,0,9,67301,1,,1,1,,,,,0,,0,0,0,9,2,,9999,1,5,0,0,5,0,4,3,4,1,5,3,,N,,,,,,,,,,,
2008007330,1915.0,0,0,0,0,0,0,0,0,0,8,0,,67,9,2007,4,39.9503,-75.1917,1914.0,6,0,0,0,0,0,0,0,0,,0,0,0,19,1,1,1,,0,39 57:01.208,,0,75 11:30.109,4,0,0,0,67301,1,0,0,N,1,0,0,2,67301,1,,1,1,,N,N,,1,,0,0,0,3,2,,1910,1,2,0,0,1,0,0,3,4,0,1,3,,N,,,,,,,,,,,
2008004917,1555.0,1,0,0,0,0,0,0,0,0,8,0,,67,11,2007,5,39.9765,-75.1133,1555.0,6,0,0,0,0,0,0,0,0,,0,0,0,99,1,1,2,,0,39 58:36.000,,0,75 06:47.556,4,0,0,0,67301,1,0,0,N,1,0,0,2,67301,1,,1,9,,N,N,,0,,0,0,0,3,2,,9999,1,2,0,0,0,0,0,3,4,0,1,7,,N,,,,,,,,,,,
2008002534,1705.0,0,0,0,0,0,0,0,0,0,7,0,,67,10,2007,5,40.0034,-75.1945,1703.0,6,0,0,0,0,0,0,0,0,1.0,0,0,0,17,1,0,0,,2,40 00:12.760,3.0,0,75 11:40.006,0,0,0,0,67301,0,0,0,N,0,0,0,1,68K01,0,,2,1,,N,N,,0,,0,0,1,0,0,Y,1702,0,1,0,0,0,0,0,3,4,0,1,3,,N,,,,,,,,,,,
2008018034,1222.0,1,0,0,0,0,0,0,0,0,4,0,,67,12,2007,2,39.964,-75.1916,1220.0,6,0,0,0,0,0,0,0,0,,0,0,0,12,1,3,1,,0,39 57:50.569,,0,75 11:29.777,4,0,0,0,67301,0,0,0,N,0,0,0,3,67301,2,,1,1,,N,N,,0,,0,0,0,3,2,,1218,3,2,0,0,0,1,0,3,4,1,2,3,,N,,,,,,,,,,,