CRN,ARRIVAL_TM,AUTOMOBILE_COUNT,BELTED_DEATH_COUNT,BELTED_SUSP_SERIOUS_INJ_COUNT,BICYCLE_COUNT,BICYCLE_DEATH_COUNT,BICYCLE_SUSP_SERIOUS_INJ_COUNT,BUS_COUNT,CHLDPAS_DEATH_COUNT,CHLDPAS_SUSP_SERIOUS_INJ_COUNT,COLLISION_TYPE,COMM_VEH_COUNT,CONS_ZONE_SPD_LIM,COUNTY,CRASH_MONTH,CRASH_YEAR,DAY_OF_WEEK,DEC_LAT,DEC_LONG,DISPATCH_TM,DISTRICT,DRIVER_COUNT_16YR,DRIVER_COUNT_17YR,DRIVER_COUNT_18YR,DRIVER_COUNT_19YR,DRIVER_COUNT_20YR,DRIVER_COUNT_50_64YR,DRIVER_COUNT_65_74YR,DRIVER_COUNT_75PLUS,EST_HRS_CLOSED,FATAL_COUNT,HEAVY_TRUCK_COUNT,HORSE_BUGGY_COUNT,HOUR_OF_DAY,ILLUMINATION,INJURY_COUNT,INTERSECT_TYPE,INTERSECTION_RELATED,LANE_CLOSED,LATITUDE,LN_CLOSE_DIR,LOCATION_TYPE,LONGITUDE,MAX_SEVERITY_LEVEL,MCYCLE_DEATH_COUNT,MCYCLE_SUSP_SERIOUS_INJ_COUNT,MOTORCYCLE_COUNT,MUNICIPALITY,NONMOTR_COUNT,NONMOTR_DEATH_COUNT,NONMOTR_SUSP_SERIOUS_INJ_COUNT,NTFY_HIWY_MAINT,PED_COUNT,PED_DEATH_COUNT,PED_SUSP_SERIOUS_INJ_COUNT,PERSON_COUNT,POLICE_AGCY,POSSIBLE_INJ_COUNT,RDWY_SURF_TYPE_CD,RELATION_TO_ROAD,ROAD_CONDITION,ROADWAY_CLEARED,SCH_BUS_IND,SCH_ZONE_IND,SECONDARY_CRASH,SMALL_TRUCK_COUNT,SPEC_JURIS_CD,SUSP_MINOR_INJ_COUNT,SUSP_SERIOUS_INJ_COUNT,SUV_COUNT,TCD_FUNC_CD,TCD_TYPE,TFC_DETOUR_IND,TIME_OF_DAY,TOT_INJ_COUNT,TOTAL_UNITS,UNB_DEATH_COUNT,UNB_SUSP_SERIOUS_INJ_COUNT,UNBELTED_OCC_COUNT,UNK_INJ_DEG_COUNT,UNK_INJ_PER_COUNT,URBAN_AREA,URBAN_RURAL,VAN_COUNT,VEHICLE_COUNT,WEATHER1,WEATHER2,WORK_ZONE_IND,WORK_ZONE_LOC,WORK_ZONE_TYPE,WORKERS_PRES,WZ_CLOSE_DETOUR,WZ_FLAGGER,WZ_LAW_OFFCR_IND,WZ_LN_CLOSURE,WZ_MOVING,WZ_OTHER,WZ_SHLDER_MDN,WZ_WORKERS_INJ_KILLED
2008018861,1821.0,1,0,0,0,0,0,0,0,0,8,0,,67,12,2007,5,40.0092,-75.1511,1820.0,6,0,0,0,0,0,0,0,0,2.0,0,0,0,18,3,1,2,,1,40 00:33.000,2.0,0,75 09:04.460,2,0,0,0,67301,1,0,1,N,1,0,1,2,67301,0,,1,1,,N,N,,0,,0,1,0,0,0,Y,1820,1,2,0,0,1,0,0,3,4,0,1,3,,N,,,,,,,,,,,
2008018867,809.0,2,0,0,0,0,0,0,0,0,1,0,,67,12,2007,5,40.0413,-75.1067,805.0,6,0,0,0,0,0,1,0,0,,0,0,0,8,1,1,1,,0,40 02:28.000,,0,75 06:24.127,8,0,0,0,67301,0,0,0,N,0,0,0,3,67301,0,,1,2,,N,N,,0,,0,0,1,3,2,,803,1,3,0,0,0,1,0,3,4,0,3,3,,N,,,,,,,,,,,
2008023738,1905.0,0,0,0,0,0,0,0,0,0,8,0,,67,12,2007,7,40.058,-75.2336,1900.0,6,0,0,0,0,0,0,1,0,,0,0,0,99,3,1,1,,0,40 03:30.000,,0,75 14:02.109,4,0,0,0,67301,1,0,0,N,1,0,0,2,67301,1,,1,1,,N,N,,0,,0,0,1,9,2,,9999,1,2,0,0,1,0,0,3,4,0,1,3,,N,,,,,,,,,,,
2008006610,1915.0,1,0,0,0,0,0,0,0,0,4,0,,67,11,2007,4,39.9107,-75.1657,1910.0,6,0,0,0,1,0,0,1,0,,0,0,0,19,3,1,1,,0,39 54:38.552,,0,75 09:56.365,3,0,0,0,67301,0,0,0,,0,0,0,2,67301,0,,1,1,,,,,0,,1,0,0,3,2,,1905,1,2,0,0,0,0,0,3,4,1,2,3,,N,,,,,,,,,,,
2008006657,1807.0,2,0,0,0,0,0,0,0,0,4,0,,67,11,2007,6,40.0578,-75.0414,1800.0,6,0,0,0,0,1,0,0,0,,0,0,0,17,3,1,1,,0,40 03:27.000,,0,75 02:30.079,4,0,0,0,67301,0,0,0,N,0,0,0,2,67301,1,,1,1,,N,N,,0,,0,0,0,3,2,,1743,1,2,0,0,0,0,0,3,4,0,2,3,,N,,,,,,,,,,,
2008016363,835.0,2,0,0,0,0,0,0,0,0,4,0,,67,11,2007,6,40.0592,-75.0521,827.0,6,0,0,0,0,0,1,0,0,,0,0,0,8,1,2,0,,0,40 03:33.000,,0,75 03:07.701,4,0,0,0,67301,0,0,0,,0,0,0,3,67301,2,,1,1,,,,,0,,0,0,0,0,0,,827,2,2,0,0,0,0,0,3,4,0,2,3,,N,,,,,,,,,,,
2008024359,1046.0,2,0,0,0,0,0,0,0,0,1,0,,67,12,2007,3,39.9853,-75.2059,1045.0,6,0,0,0,0,0,1,0,0,,0,0,0,10,1,0,0,,0,39 59:07.062,,0,75 12:21.092,0,0,0,0,67301,0,0,0,N,0,0,0,3,67301,0,,1,1,,N,N,,0,,0,0,1,0,0,,1045,0,3,0,0,0,0,0,3,4,0,3,3,,N,,,,,,,,,,,
2008024217,2145.0,2,0,0,0,0,0,0,0,0,6,0,,67,12,2007,4,40.0915,-74.9656,9999.0,6,0,0,1,0,0,0,0,0,1.0,0,0,0,99,3,2,1,,1,40 05:29.000,1.0,0,74 57:56.182,4,0,0,0,67301,0,0,0,,0,0,0,3,67301,2,,1,9,,N,N,,0,,0,0,0,3,2,N,9999,2,2,0,0,1,0,1,3,4,0,2,7,,N,,,,,,,,,,,
2008024412,1128.0,2,0,0,0,0,0,0,0,0,4,0,,67,12,2007,2,39.9625,-75.2447,1128.0,6,0,0,0,0,0,0,0,0,,0,0,0,11,1,1,1,,0,39 57:44.000,,0,75 14:40.810,4,0,0,0,67301,0,0,0,N,0,0,0,2,67301,1,,1,1,,N,N,,0,,0,0,0,3,2,,1126,1,2,0,0,0,0,0,3,4,0,2,3,,N,,,,,,,,,,,
2008024504,2125.0,1,0,0,0,0,0,0,0,0,8,0,,67,12,2007,6,40.0132,-75.0704,2120.0,6,0,0,0,1,0,0,0,0,,0,0,0,21,1,1,1,,0,40 00:47.000,,0,75 04:13.514,3,0,0,0,67301,1,0,0,N,1,0,0,3,67301,0,,1,1,,N,N,,0,,1,0,0,2,2,,2120,1,2,0,0,0,0,0,3,4,0,1,3,,N,,,,,,,,,,,
2008017281,305.0,0,0,0,0,0,0,0,0,0,7,0,,67,12,2007,1,39.9673,-75.1325,300.0,6,0,0,0,0,0,0,0,0,1.0,0,0,0,2,3,0,0,,2,39 58:02.000,1.0,0,75 07:56.190,0,0,0,0,67301,0,0,0,N,0,0,0,3,67301,0,,2,1,,N,N,,0,,0,0,1,0,0,Y,258,0,1,0,0,0,0,0,3,4,0,1,3,,N,,,,,,,,,,,
2008017325,1318.0,2,0,0,0,0,0,0,0,0,3,0,,67,12,2007,7,40.0405,-75.0474,1316.0,6,0,0,0,0,0,0,0,0,,0,0,0,13,1,2,1,,0,40 02:25.000,,0,75 02:50.463,4,0,0,0,67301,0,0,0,N,0,0,0,6,67301,1,,1,1,,N,N,,0,,0,0,0,3,2,,1300,2,2,0,0,0,1,0,3,4,0,2,3,,N,,,,,,,,,,,
2008017044,756.0,1,0,0,0,0,0,0,0,0,8,0,,67,12,2007,5,40.0747,-75.0351,746.0,6,0,0,0,0,0,0,0,0,,0,0,0,7,1,1,0,,0,40 04:28.000,,0,75 02:06.469,4,0,0,0,67301,1,0,0,N,1,0,0,4,67301,1,,1,1,,N,N,,0,,0,0,0,3,2,,730,1,2,0,0,0,0,0,3,4,0,1,3,,N,,,,,,,,,,,
2008017379,727.0,2,0,0,0,0,0,0,0,0,1,0,,67,12,2007,2,40.0032,-75.1526,725.0,6,0,0,0,0,0,1,1,0,,0,0,0,6,1,3,1,,0,40 00:11.000,,0,75 09:09.274,8,0,0,0,67301,3,0,0,N,3,0,0,5,67301,0,,1,9,,N,N,,0,,0,0,0,3,2,,658,3,5,0,0,0,3,0,3,4,0,2,3,,N,,,,,,,,,,,
2008051773,2032.0,1,0,0,0,0,0,0,0,0,5,0,,67,10,2007,3,40.0287,-75.1303,2030.0,6,0,0,0,0,0,0,0,0,,0,0,0,99,3,2,0,,0,40 01:43.269,,0,75 07:48.950,4,0,0,0,67301,0,0,0,N,0,0,0,3,67301,1,,1,1,,N,Y,,0,,0,0,0,0,0,,9999,2,3,0,0,0,1,0,3,4,2,3,3,,N,,,,,,,,,,,
2008023955,2230.0,1,0,0,0,0,0,0,0,0,1,0,,67,12,2007,6,39.9814,-75.2394,2221.0,6,0,0,0,0,0,0,0,0,,0,0,0,22,3,1,2,,0,39 58:53.205,,0,75 14:21.663,4,0,0,0,67301,0,0,0,N,0,0,0,5,67301,1,,1,9,,N,N,,1,,0,0,0,9,2,,2200,1,2,0,0,5,0,0,3,4,0,2,7,,N,,,,,,,,,,,
2008038272,128.0,2,0,0,0,0,0,0,0,0,4,0,,67,9,2007,7,40.0331,-75.1706,128.0,6,0,0,0,0,0,0,0,0,,0,0,0,1,3,3,1,,0,40 01:59.000,,0,75 10:14.198,4,0,0,0,67301,0,0,0,N,0,0,0,3,67301,3,,1,1,,N,N,,0,,0,0,0,3,2,,128,3,2,0,0,0,0,0,3,4,0,2,3,,N,,,,,,,,,,,
2008053193,2135.0,2,0,0,0,0,0,0,0,0,4,0,,67,12,2007,2,39.9748,-75.2502,2130.0,6,0,0,0,0,0,0,0,0,,0,0,0,21,3,0,2,,0,39 58:29.377,,0,75 15:00.568,0,0,0,0,67301,0,0,0,N,0,0,0,4,67301,0,,1,1,,N,N,,0,,0,0,0,3,3,,2130,0,2,0,0,1,0,0,3,4,0,2,3,,N,,,,,,,,,,,
2008033860,,2,0,0,0,0,0,0,0,0,1,0,,67,6,2007,2,39.9992,-75.1342,,6,0,0,0,0,0,1,0,0,,0,0,0,99,1,1,0,,0,39 59:57.000,,0,75 08:03.164,4,0,0,0,67301,0,0,0,,0,0,0,2,,1,,1,1,,,,,0,,0,0,0,0,0,,9999,1,2,0,0,0,0,1,3,4,0,2,3,,N,,,,,,,,,,,
2008038979,1030.0,1,0,0,0,0,0,0,0,0,8,0,,67,12,2007,6,39.9961,-75.1216,1020.0,6,0,0,0,0,0,0,0,0,,0,0,0,15,1,1,0,,0,39 59:45.906,,0,75 07:17.670,8,0,0,0,67301,1,0,0,N,1,0,0,2,67301,0,,1,98,,N,Y,,0,,0,0,0,0,0,,1509,1,2,0,0,0,1,0,3,4,0,1,99,,N,,,,,,,,,,,
2007045719,1036.0,2,0,0,0,0,0,0,0,0,4,0,,67,2,2007,6,39.9572,-75.2019,1035.0,6,0,0,0,0,0,1,0,0,,0,0,0,10,1,4,2,,0,39 57:25.000,,0,75 12:06.897,8,0,0,0,67301,0,0,0,N,0,0,0,5,67301,0,,1,6,,N,N,,0,,0,0,0,3,2,,1027,4,2,0,0,0,4,0,3,4,0,2,99,,N,,,,,,,,,,,
2007081780,1438.0,1,0,0,0,0,0,0,0,0,8,0,,67,6,2007,7,40.0602,-75.0519,1430.0,6,0,0,0,0,0,0,1,0,1.0,0,0,0,14,1,1,3,,1,40 03:36.000,2.0,0,75 03:06.883,3,0,0,0,67301,1,0,0,,1,0,0,2,67301,0,,1,1,,,,,0,,1,0,0,0,0,N,1428,1,2,0,0,0,0,0,3,4,0,1,3,,N,,,,,,,,,,,
2007066486,250.0,1,0,0,0,0,0,0,0,0,7,0,,67,5,2007,6,39.9211,-75.1938,247.0,6,0,0,0,0,0,0,0,0,,0,0,0,2,3,1,1,,0,39 55:16.000,,3,75 11:37.788,4,0,0,0,67301,0,0,0,N,0,0,0,1,67301,1,,5,1,,N,N,,0,,0,0,0,3,2,,247,1,1,0,0,1,0,0,3,4,0,1,3,,N,,,,,,,,,,,
2007127594,2216.0,2,0,0,0,0,0,0,0,0,6,0,,67,10,2007,2,39.9179,-75.2242,2216.0,6,0,0,0,0,0,0,0,0,,0,0,0,22,3,2,2,,0,39 55:04.342,,0,75 13:27.274,8,0,0,0,67301,0,0,0,,0,0,0,2,67301,0,,1,9,,,,,0,,0,0,0,3,3,,2210,2,2,0,0,0,2,0,3,4,0,2,3,,N,,,,,,,,,,,
2007116229,2231.0,0,0,0,0,0,0,0,0,0,7,0,,67,10,2007,3,39.9794,-75.1083,2219.0,6,0,0,0,0,0,0,0,0,1.0,0,0,0,22,3,1,0,,2,39 58:47.000,2.0,0,75 06:24.910,4,0,0,0,67301,0,0,0,N,0,0,0,1,67301,1,,3,9,,N,N,,0,,0,0,1,0,0,N,2218,1,1,0,0,0,0,0,3,4,0,1,7,,N,,,,,,,,,,,
2007106005,725.0,0,0,0,0,0,0,0,0,0,1,0,,67,8,2007,3,40.0385,-75.019,720.0,6,0,0,0,0,0,1,0,0,,0,0,0,7,1,1,2,,0,40 02:18.515,,0,75 01:08.390,4,0,0,0,67301,0,0,0,N,0,0,0,1,67301,1,,1,1,,N,N,,1,,0,0,0,3,1,,718,1,2,0,0,0,0,0,3,4,0,2,3,,N,,,,,,,,,,,
2007106026,1522.0,2,0,0,0,0,0,0,0,0,4,0,,67,9,2007,3,40.1282,-75.0232,1517.0,6,0,0,0,0,0,1,0,0,1.0,0,0,0,15,1,1,2,,2,40 07:41.516,6.0,0,75 01:23.404,8,0,0,0,67301,0,0,0,N,0,0,0,5,67301,0,,1,9,,N,N,,0,,0,0,0,3,3,N,1509,1,2,0,0,0,1,0,3,4,0,2,7,,N,,,,,,,,,,,
2007120706,2025.0,1,0,0,0,0,0,0,0,0,8,0,,67,9,2007,1,39.9848,-75.1013,2020.0,6,0,0,0,0,0,0,0,0,,0,0,0,20,3,1,1,,0,39 59:05.449,,0,75 06:04.593,8,0,0,0,67301,1,0,0,N,1,0,0,2,67301,0,,1,1,,N,N,,0,,0,0,0,3,3,,2000,1,2,0,0,0,1,1,3,4,0,1,3,,N,,,,,,,,,,,
2007027834,1631.0,1,0,0,0,0,0,0,0,0,4,0,,67,1,2007,1,39.978,-75.1526,1629.0,6,0,0,0,0,0,0,0,0,,0,0,0,16,1,3,1,,0,39 58:40.000,,0,75 09:09.257,4,0,0,0,67301,0,0,0,,0,0,0,4,67301,3,,1,9,,N,N,,0,,0,0,1,3,2,,1625,3,2,0,0,0,0,0,3,4,0,2,7,,N,,,,,,,,,,,
2007027936,9999.0,2,0,0,0,0,0,0,0,0,4,0,,67,1,2007,7,39.8925,-75.2226,,6,0,0,0,0,0,0,0,0,,0,0,0,99,1,2,1,,0,39 53:33.000,,2,75 13:21.276,3,0,0,0,67301,0,0,0,N,0,0,0,2,67301,0,,1,1,,N,N,,0,,2,0,0,3,2,,9999,2,2,0,0,0,0,0,3,4,0,2,3,,N,,,,,,,,,,,
2007112113,1052.0,2,0,0,0,0,0,0,0,0,4,0,,67,9,2007,2,40.0202,-75.1505,1048.0,6,0,0,0,0,0,0,0,0,,0,0,0,10,1,2,1,,0,40 01:12.586,,0,75 09:01.958,4,0,0,0,67301,0,0,0,N,0,0,0,4,67301,1,,1,1,,N,N,,0,,0,0,0,3,2,,1048,2,2,0,0,0,1,0,3,4,0,2,3,,N,,,,,,,,,,,
2007047652,2105.0,1,0,0,0,0,0,0,0,0,8,0,,67,3,2007,2,40.0532,-75.1221,2100.0,6,0,0,0,0,0,0,0,0,,0,0,0,20,3,1,0,,0,40 03:11.434,,0,75 07:19.656,8,0,0,0,67301,1,0,0,N,1,0,0,2,67301,0,,1,1,,N,N,,0,,0,0,0,0,0,,2055,1,2,0,0,0,1,0,3,4,0,1,3,,N,,,,,,,,,,,
2007106801,734.0,2,0,0,0,0,0,0,0,0,2,0,,67,8,2007,1,40.0073,-75.187,730.0,6,0,0,0,0,0,0,0,0,,0,0,0,7,1,1,0,,0,40 00:26.400,,0,75 11:13.200,8,0,0,0,67301,0,0,0,N,0,0,0,2,67301,0,,6,1,,N,N,,0,,0,0,1,0,0,,710,1,3,0,0,0,1,0,3,4,0,3,3,,N,,,,,,,,,,,
2007109365,2216.0,0,0,0,0,0,0,0,0,0,7,0,,67,9,2007,4,40.0256,-75.0281,2214.0,6,0,0,0,0,0,0,0,0,1.0,0,0,0,22,3,1,0,,2,40 01:31.000,1.0,2,75 01:41.601,2,0,1,1,67301,0,0,0,N,0,0,0,1,67301,0,,7,1,,N,N,,0,,0,1,0,0,0,N,2214,1,1,0,0,0,0,0,3,4,0,1,3,,N,,,,,,,,,,,
2007109390,924.0,1,0,0,0,0,0,0,0,0,7,0,,67,9,2007,5,39.9319,-75.2,920.0,6,0,0,0,0,0,0,0,0,2.0,0,0,0,9,1,0,0,,1,39 55:53.000,3.0,0,75 11:58.620,0,0,0,0,67301,0,0,0,N,0,0,0,1,68K01,0,,2,1,,N,N,,0,,0,0,0,0,0,N,920,0,1,0,0,0,0,0,3,4,0,1,3,,N,,,,,,,,,,,
2007106923,935.0,0,0,0,0,0,0,0,0,0,8,0,,67,8,2007,4,40.0413,-75.1067,930.0,6,0,0,0,0,0,0,0,0,,0,0,0,7,1,1,1,,0,40 02:28.000,,0,75 06:24.127,8,0,0,0,67301,1,0,0,N,1,0,0,2,67301,0,,1,1,,N,N,,0,,0,0,1,3,2,,730,1,2,0,0,0,1,0,3,4,0,1,3,,N,,,,,,,,,,,
2007047864,815.0,1,0,0,0,0,0,1,0,0,1,1,,67,2,2007,3,40.0341,-75.1059,810.0,6,0,0,0,0,0,1,0,1,,0,0,0,7,1,0,0,,0,40 02:02.688,,0,75 06:21.129,0,0,0,0,67301,0,0,0,N,0,0,0,2,67301,0,,1,1,,Y,Y,,0,,0,0,0,0,0,,739,0,2,0,0,0,0,0,3,4,0,2,3,,N,,,,,,,,,,,
2007047866,1727.0,1,0,0,0,0,0,0,0,0,7,0,,67,3,2007,2,40.0242,-75.0955,1724.0,6,0,0,0,1,0,0,0,0,,0,0,0,17,4,1,1,,0,40 01:27.102,,0,75 05:43.897,4,0,0,0,67301,0,0,0,N,0,0,0,1,67301,1,,4,1,,N,N,,0,,0,0,0,1,2,,1717,1,1,0,0,0,0,0,3,4,0,1,3,,N,,,,,,,,,,,
2007047983,2143.0,2,0,0,0,0,0,0,0,0,4,0,,67,3,2007,6,40.0302,-75.1379,2139.0,6,0,0,0,0,0,0,0,0,,0,0,0,21,3,2,0,,0,40 01:48.889,,0,75 08:16.274,3,0,0,0,67301,0,0,0,N,0,0,0,3,67301,1,,1,1,,N,N,,0,,1,0,0,0,0,,2130,2,3,0,0,0,0,0,3,4,1,3,3,,N,,,,,,,,,,,
2007093597,1418.0,1,0,0,0,0,0,0,0,0,7,0,,67,6,2007,7,39.9878,-75.2166,1409.0,6,0,0,0,0,0,0,0,0,,0,0,0,14,1,0,0,,0,39 59:15.986,,0,75 12:59.824,0,0,0,0,67301,0,0,0,N,0,0,0,2,67301,0,,2,1,,N,N,,0,,0,0,0,0,0,,1405,0,1,0,0,0,0,0,3,4,0,1,3,,N,,,,,,,,,,,
2007125108,1530.0,1,0,0,0,0,0,0,0,0,1,0,,67,11,2007,6,39.917,-75.2468,1530.0,6,0,0,0,0,0,1,0,0,,0,0,0,15,1,1,0,,0,39 55:01.200,,0,75 14:48.120,8,0,0,0,67301,0,0,0,N,0,0,0,2,67301,0,,1,1,,N,N,,0,,0,0,0,0,0,,1530,1,2,0,0,0,1,0,3,4,1,2,3,,N,,,,,,,,,,,
2007109777,349.0,2,0,0,0,0,0,0,0,0,1,0,,67,9,2007,1,39.9783,-75.1662,349.0,6,0,0,0,0,0,0,0,0,,0,0,0,3,3,1,1,,0,39 58:41.919,,0,75 09:58.172,4,0,0,0,67301,0,0,0,,0,0,0,1,67301,1,,1,1,,,,,0,,0,0,0,3,2,,344,1,2,0,0,1,0,0,3,4,0,2,3,,N,,,,,,,,,,,
2007107352,1451.0,1,0,0,0,0,0,0,0,0,4,0,,67,9,2007,5,39.933,-75.2384,9999.0,6,0,0,0,0,1,1,0,0,,0,0,0,14,1,1,0,,0,39 55:58.000,,7,75 14:18.132,2,0,1,1,67301,0,0,0,N,0,0,0,3,67301,0,,1,1,,N,N,,0,,0,1,0,0,0,,1451,1,2,0,0,1,0,0,3,4,0,2,3,,N,,,,,,,,,,,
2007109910,9999.0,0,0,0,0,0,0,0,0,0,8,0,,67,9,2007,1,39.9545,-75.2,9999.0,6,0,0,0,0,0,0,0,0,,0,0,0,1,3,1,0,,0,39 57:16.192,,0,75 12:00.000,8,0,0,0,67301,1,0,0,N,1,0,0,2,67504,0,,1,1,,N,N,,0,,0,0,1,0,0,,156,1,2,0,0,0,1,1,3,4,0,1,3,,N,,,,,,,,,,,
2007112770,1856.0,2,0,0,0,0,0,0,0,0,1,0,,67,10,2007,4,39.9447,-75.1911,1852.0,6,0,0,0,0,0,0,0,0,1.0,0,0,0,18,1,0,6,,1,39 56:41.000,3.0,2,75 11:28.130,0,0,0,0,67301,0,0,0,N,0,0,0,2,68K01,0,,7,1,,N,N,,0,,0,0,0,3,4,N,1817,0,2,0,0,0,0,0,3,4,0,2,3,,N,,,,,,,,,,,
2007045681,1503.0,1,0,0,1,0,0,0,0,0,5,0,,67,2,2007,5,39.9702,-75.1451,1501.0,6,0,0,0,0,0,0,0,1,,0,0,0,15,1,1,1,,0,39 58:12.826,,0,75 08:42.073,4,0,0,0,67301,1,0,0,N,0,0,0,2,67301,1,,1,1,,N,N,,0,,0,0,0,0,0,,1500,1,2,0,0,0,0,0,3,4,0,1,3,,N,,,,,,,,,,,
2007048283,1635.0,1,0,0,0,0,0,0,0,0,7,0,,67,3,2007,5,39.9935,-75.1872,1629.0,6,0,0,1,0,0,0,0,0,,0,0,0,16,1,3,3,,0,39 59:36.759,,0,75 11:13.937,3,0,0,0,67301,0,0,0,N,0,0,0,3,67301,0,,4,1,,N,N,,0,,3,0,0,0,0,,1620,3,1,0,0,3,0,0,3,4,0,1,3,,N,,,,,,,,,,,
2007048325,1908.0,1,0,0,0,0,0,0,0,0,1,0,,67,3,2007,6,39.9721,-75.1248,1907.0,6,0,0,0,0,0,1,0,0,,0,0,0,19,3,1,1,,0,39 58:19.728,,0,75 07:29.347,4,0,0,0,67301,0,0,0,N,0,0,0,2,67301,1,,1,7,,N,N,,1,,0,0,0,0,0,,1900,1,2,0,0,0,0,0,3,4,0,2,10,,N,,,,,,,,,,,
2007092928,1806.0,2,0,0,0,0,0,0,0,0,2,0,,67,6,2007,1,39.9877,-75.2162,1804.0,6,0,0,0,0,0,0,1,0,2.0,0,0,0,18,1,7,2,,2,39 59:15.000,1.0,0,75 12:58.441,2,0,0,0,67301,0,0,0,N,0,0,0,7,67301,4,,1,9,,N,N,,0,,2,1,0,3,2,Y,1800,7,2,0,0,0,0,0,3,4,0,2,7,,N,,,,,,,,,,,
2007092933,2050.0,2,0,0,0,0,0,0,0,0,4,0,,67,6,2007,5,40.0516,-75.0566,2042.0,6,0,0,0,0,0,0,0,0,1.0,0,0,0,20,3,3,2,,2,40 03:05.000,5.0,0,75 03:23.620,4,0,0,0,67301,0,0,0,,0,0,0,5,67301,3,,1,1,,,,,0,,0,0,0,3,2,Y,2027,3,3,0,0,0,0,0,3,4,1,3,3,,N,,,,,,,,,,,
2007092937,2140.0,0,0,0,0,0,0,0,0,0,8,0,,67,7,2007,1,40.001,-75.1145,2140.0,6,0,0,0,0,0,0,0,0,,0,0,0,21,3,1,0,,0,40 00:03.441,,0,75 06:52.308,4,0,0,0,67301,1,0,0,,1,0,0,2,67301,1,,1,1,,,,,0,,0,0,0,0,0,,2140,1,2,0,0,0,0,0,3,4,1,1,3,,N,,,,,,,,,,,
2007070066,844.0,0,0,0,0,0,0,0,0,0,1,0,,67,5,2007,3,40.0081,-75.2019,844.0,6,0,0,0,0,0,0,0,0,,0,0,0,8,1,0,0,,0,40 00:28.000,,0,75 12:04.813,9,0,0,0,67301,0,0,0,N,0,0,0,5,68K01,0,,1,1,,N,N,,0,,0,0,1,0,0,,842,0,2,0,0,0,0,1,3,4,0,2,3,,N,,,,,,,,,,,
2008005167,1540.0,0,0,0,0,0,0,0,0,0,1,0,,67,11,2007,1,40.0319,-75.0634,1534.0,6,0,0,0,0,0,0,0,0,,0,0,0,13,1,1,0,,0,40 01:54.000,,0,75 03:48.207,4,0,0,0,67301,0,0,0,N,0,0,0,2,67301,1,,1,1,,N,N,,0,,0,0,0,0,0,,1300,1,2,0,0,0,0,1,3,4,1,2,3,,N,,,,,,,,,,,
2008000875,111.0,1,0,0,0,0,0,0,0,0,7,0,,67,11,2007,5,39.9534,-75.137,111.0,6,0,0,0,0,0,0,0,0,3.0,0,0,0,1,3,0,0,,2,39 57:12.180,3.0,0,75 08:13.059,0,0,0,0,67301,0,0,0,N,0,0,0,2,67501,0,,2,1,,N,N,,0,,0,0,0,3,8,N,110,0,1,0,0,0,0,0,3,4,0,1,3,,N,,,,,,,,,,,
2008016082,1442.0,1,0,0,0,0,0,0,0,0,8,0,,67,12,2007,4,39.9223,-75.1875,1439.0,6,0,0,0,0,0,0,0,0,1.0,0,0,0,14,1,1,0,,1,39 55:20.000,6.0,0,75 11:16.160,4,0,0,0,67301,1,0,0,N,1,0,0,2,67301,1,,1,1,,N,N,,0,,0,0,0,3,2,N,1436,1,2,0,0,0,0,0,3,4,0,1,3,,N,,,,,,,,,,,
2008018049,945.0,3,0,0,0,0,0,0,0,0,1,0,,67,12,2007,2,39.9919,-75.2337,937.0,6,0,0,0,0,0,1,0,0,,0,0,0,9,1,1,1,,0,39 59:30.829,,0,75 14:01.359,4,0,0,0,67301,0,0,0,,0,0,0,3,67301,1,,1,9,,N,N,,0,,0,0,0,3,2,,930,1,3,0,0,0,0,0,3,4,0,3,3,,N,,,,,,,,,,,
2008034419,,0,0,0,0,0,0,0,0,0,1,0,,67,7,2007,3,40.1234,-75.015,,6,0,0,0,0,0,0,0,0,,0,0,0,9,1,1,0,,0,40 07:24.200,,0,75 00:53.900,3,0,0,0,67301,0,0,0,N,0,0,0,2,00000,0,,1,1,,N,N,,0,,1,0,0,0,0,,930,1,2,0,0,0,0,0,3,4,0,2,99,,N,,,,,,,,,,,
2008033131,0.0,1,0,0,0,0,0,0,0,0,8,0,,67,4,2007,1,39.988,-75.1693,0.0,6,0,0,0,0,0,0,0,0,,0,0,0,20,1,1,1,,0,39 59:16.800,,0,75 10:09.307,3,0,0,0,67301,1,0,0,N,1,0,0,2,00000,0,,1,1,,N,N,,0,,1,0,0,0,0,,2000,1,2,0,0,0,0,1,3,4,0,1,3,,N,,,,,,,,,,,
2008037281,1640.0,2,0,0,0,0,0,0,0,0,4,0,,67,12,2007,4,40.0514,-75.1634,1639.0,6,0,0,0,0,0,1,0,0,,0,0,0,16,1,0,1,,0,40 03:05.090,,0,75 09:48.178,0,0,0,0,67301,0,0,0,N,0,0,0,2,67301,0,,1,1,,N,N,,0,,0,0,0,3,2,,1637,0,2,0,0,0,0,0,3,4,0,2,3,,N,,,,,,,,,,,
2008023731,1715.0,1,0,0,0,0,0,0,0,0,1,0,,67,12,2007,1,40.0995,-74.9864,1711.0,6,0,0,0,0,0,0,0,0,,0,0,0,17,3,1,1,,0,40 05:58.224,,0,74 59:10.989,4,0,0,0,67301,0,0,0,N,0,0,0,8,67301,1,,1,9,,N,N,,0,,0,0,0,3,2,,1710,1,2,0,0,0,0,0,3,4,1,2,7,,N,,,,,,,,,,,