CRN,ARRIVAL_TM,AUTOMOBILE_COUNT,BELTED_DEATH_COUNT,BELTED_SUSP_SERIOUS_INJ_COUNT,BICYCLE_COUNT,BICYCLE_DEATH_COUNT,BICYCLE_SUSP_SERIOUS_INJ_COUNT,BUS_COUNT,CHLDPAS_DEATH_COUNT,CHLDPAS_SUSP_SERIOUS_INJ_COUNT,COLLISION_TYPE,COMM_VEH_COUNT,CONS_ZONE_SPD_LIM,COUNTY,CRASH_MONTH,CRASH_YEAR,DAY_OF_WEEK,DEC_LAT,DEC_LONG,DISPATCH_TM,DISTRICT,DRIVER_COUNT_16YR,DRIVER_COUNT_17YR,DRIVER_COUNT_18YR,DRIVER_COUNT_19YR,DRIVER_COUNT_20YR,DRIVER_COUNT_50_64YR,DRIVER_COUNT_65_74YR,DRIVER_COUNT_75PLUS,EST_HRS_CLOSED,FATAL_COUNT,HEAVY_TRUCK_COUNT,HORSE_BUGGY_COUNT,HOUR_OF_DAY,ILLUMINATION,INJURY_COUNT,INTERSECT_TYPE,INTERSECTION_RELATED,LANE_CLOSED,LATITUDE,LN_CLOSE_DIR,LOCATION_TYPE,LONGITUDE,MAX_SEVERITY_LEVEL,MCYCLE_DEATH_COUNT,MCYCLE_SUSP_SERIOUS_INJ_COUNT,MOTORCYCLE_COUNT,MUNICIPALITY,NONMOTR_COUNT,NONMOTR_DEATH_COUNT,NONMOTR_SUSP_SERIOUS_INJ_COUNT,NTFY_HIWY_MAINT,PED_COUNT,PED_DEATH_COUNT,PED_SUSP_SERIOUS_INJ_COUNT,PERSON_COUNT,POLICE_AGCY,POSSIBLE_INJ_COUNT,RDWY_SURF_TYPE_CD,RELATION_TO_ROAD,ROAD_CONDITION,ROADWAY_CLEARED,SCH_BUS_IND,SCH_ZONE_IND,SECONDARY_CRASH,SMALL_TRUCK_COUNT,SPEC_JURIS_CD,SUSP_MINOR_INJ_COUNT,SUSP_SERIOUS_INJ_COUNT,SUV_COUNT,TCD_FUNC_CD,TCD_TYPE,TFC_DETOUR_IND,TIME_OF_DAY,TOT_INJ_COUNT,TOTAL_UNITS,UNB_DEATH_COUNT,UNB_SUSP_SERIOUS_INJ_COUNT,UNBELTED_OCC_COUNT,UNK_INJ_DEG_COUNT,UNK_INJ_PER_COUNT,URBAN_AREA,URBAN_RURAL,VAN_COUNT,VEHICLE_COUNT,WEATHER1,WEATHER2,WORK_ZONE_IND,WORK_ZONE_LOC,WORK_ZONE_TYPE,WORKERS_PRES,WZ_CLOSE_DETOUR,WZ_FLAGGER,WZ_LAW_OFFCR_IND,WZ_LN_CLOSURE,WZ_MOVING,WZ_OTHER,WZ_SHLDER_MDN,WZ_WORKERS_INJ_KILLED
2008018635,1049.0,1,0,0,0,0,0,0,0,0,1,1,,67,12,2007,7,39.9281,-75.2307,1045.0,6,0,0,0,0,0,0,0,0,1.0,0,1,0,10,1,2,0,,1,39 55:41.307,3.0,0,75 13:50.365,8,0,0,0,67301,0,0,0,N,0,0,0,3,67301,0,,1,1,,N,N,,0,,0,0,0,0,0,Y,1030,2,2,0,0,0,2,0,3,4,0,2,3,,N,,,,,,,,,,,
2008023772,1325.0,0,0,0,0,0,0,0,0,0,7,0,,67,12,2007,1,40.0056,-75.104,1325.0,6,0,0,0,0,0,0,0,0,,0,0,0,11,1,1,0,,0,40 00:20.000,,0,75 06:14.389,4,0,0,0,67301,0,0,0,N,0,0,0,1,67301,1,,5,9,,N,N,,1,,0,0,0,0,0,,1100,1,1,0,0,0,0,0,3,4,0,1,7,5.0,N,,,,,,,,,,,
2008007109,2045.0,1,0,0,0,0,0,0,0,0,7,0,,67,11,2007,3,39.954,-75.1716,2038.0,6,0,0,0,0,0,1,0,0,,0,0,0,20,3,1,0,,0,39 57:14.436,,0,75 10:17.792,4,0,0,0,67301,0,0,0,N,0,0,0,1,67301,1,,5,9,,N,N,,0,,0,0,0,0,0,,2038,1,1,0,0,1,0,0,3,4,0,1,3,,N,,,,,,,,,,,
2008007113,750.0,2,0,0,0,0,0,0,0,0,4,0,,67,11,2007,3,40.0325,-75.0808,745.0,6,0,0,0,0,0,1,0,0,2.0,0,0,0,7,1,0,3,,1,40 01:58.000,2.0,0,75 04:48.881,0,0,0,0,67301,0,0,0,N,0,0,0,2,67301,0,,1,1,,N,N,,0,,0,0,0,3,2,N,700,0,2,0,0,0,0,0,3,4,0,2,3,,N,,,,,,,,,,,
2008029172,1510.0,1,0,0,0,0,0,0,0,0,4,0,,67,12,2007,5,40.0129,-75.0718,1503.0,6,0,0,0,0,0,0,0,0,,0,0,0,15,1,1,1,,0,40 00:46.000,,0,75 04:18.660,4,0,0,0,67301,0,0,0,N,0,0,0,4,67301,1,,1,1,,N,N,,2,,0,0,0,3,3,,1500,1,3,0,0,1,0,1,3,4,0,3,3,,N,,,,,,,,,,,
2008024219,2027.0,1,0,0,0,0,0,0,0,0,5,0,,67,12,2007,2,40.0452,-75.0077,2022.0,6,0,0,0,0,0,0,0,0,9.0,0,0,0,20,3,0,0,,1,40 02:42.000,2.0,0,75 00:27.480,9,0,0,0,67301,0,0,0,N,0,0,0,1,67301,0,,2,1,,N,N,,0,,0,0,0,0,0,N,2020,0,2,0,0,0,0,1,3,4,1,2,3,,N,,,,,,,,,,,
2008016969,1602.0,2,0,0,0,0,0,0,0,0,4,0,,67,11,2007,3,39.9915,-75.1361,1554.0,6,0,0,0,0,0,0,1,0,,0,0,0,15,1,2,1,,0,39 59:29.000,,0,75 08:10.102,8,0,0,0,67301,0,0,0,N,0,0,0,4,67301,0,,1,1,,N,N,,0,,0,0,0,3,2,,1522,2,2,0,0,0,2,0,3,4,0,2,3,,N,,,,,,,,,,,
2008017002,1457.0,1,0,0,0,0,0,0,0,0,8,0,,67,12,2007,7,40.0586,-75.2341,1451.0,6,0,0,0,0,0,0,0,0,,0,0,0,13,1,1,2,,0,40 03:32.000,,0,75 14:03.835,4,0,0,0,67301,1,0,0,,1,0,0,2,67301,1,,4,1,,,,,0,,0,0,0,0,0,,1330,1,2,0,0,0,0,1,3,4,0,1,3,,N,,,,,,,,,,,
2008017005,2210.0,2,0,0,0,0,0,0,0,0,4,0,,67,11,2007,6,39.9602,-75.2452,2205.0,6,0,0,1,0,0,0,0,0,,0,0,0,22,3,1,1,,0,39 57:36.615,,0,75 14:42.795,4,0,0,0,67301,0,0,0,,0,0,0,3,67301,1,,1,1,,N,N,,0,,0,0,1,3,3,,2200,1,3,0,0,0,0,2,3,4,0,3,3,,N,,,,,,,,,,,
2008017033,1445.0,1,0,0,0,0,0,0,0,0,4,0,,67,12,2007,5,40.0475,-75.1428,1445.0,6,0,0,0,0,0,0,0,1,,0,0,0,14,1,1,1,,0,40 02:50.000,,0,75 08:34.014,8,0,0,0,67301,0,0,0,N,0,0,0,3,67301,0,,1,1,,N,N,,0,,0,0,1,3,2,,1440,1,2,0,0,0,1,0,3,4,0,2,3,,N,,,,,,,,,,,
2008017356,905.0,1,0,0,0,0,0,0,0,0,8,0,,67,12,2007,7,39.9199,-75.2228,901.0,6,0,0,0,0,0,1,0,0,,0,0,0,99,1,1,1,,0,39 55:11.677,,0,75 13:22.008,4,0,0,0,67301,1,0,0,N,1,0,0,2,67301,1,,1,1,,N,N,,0,,0,0,0,2,2,,9999,1,2,0,0,0,0,0,3,4,0,1,3,,N,,,,,,,,,,,
2007047661,1455.0,1,0,0,0,0,0,0,0,0,7,0,,67,3,2007,3,39.9138,-75.1584,1450.0,6,0,0,1,0,0,0,0,0,,0,0,0,14,1,1,1,,0,39 54:49.737,,0,75 09:30.164,4,0,0,0,67301,0,0,0,N,0,0,0,2,67301,1,,5,1,,N,N,,0,,0,0,0,0,0,,1440,1,1,0,0,2,0,0,3,4,0,1,3,,N,,,,,,,,,,,
2007047668,1800.0,2,0,0,0,0,0,0,0,0,4,0,,67,2,2007,6,40.0667,-75.178,1757.0,6,0,0,0,0,0,0,0,0,,0,0,0,15,1,1,1,,0,40 04:00.000,,0,75 10:40.851,4,0,0,0,67301,0,0,0,N,0,0,0,2,67301,1,,1,1,,N,N,,0,,0,0,0,3,3,,1555,1,2,0,0,1,0,0,3,4,0,2,3,,N,,,,,,,,,,,
2007047677,9999.0,1,0,0,0,0,0,0,0,0,8,0,,67,2,2007,1,39.9842,-75.1025,9999.0,6,0,0,0,0,0,0,0,0,,0,0,0,99,1,1,1,,0,39 59:03.000,,0,75 06:08.875,4,0,0,0,67301,1,0,0,N,1,0,0,2,67301,1,,1,1,,N,N,,0,,0,0,0,3,2,,9999,1,2,0,0,0,0,0,3,4,0,1,3,,N,,,,,,,,,,,
2007067655,317.0,3,0,0,0,0,0,0,0,0,5,0,,67,5,2007,1,39.9582,-75.2356,307.0,6,0,0,0,0,0,0,0,0,,0,0,0,2,3,0,0,,0,39 57:29.552,,0,75 14:08.065,0,0,0,0,67301,0,0,0,N,0,0,0,2,67301,0,,1,9,,N,N,,1,,0,0,0,3,2,,258,0,4,0,0,0,0,0,3,4,0,4,7,,N,,,,,,,,,,,
2007109444,1550.0,1,0,0,0,0,0,0,0,0,4,0,,67,9,2007,1,40.0063,-75.1439,1545.0,6,0,0,0,0,0,1,0,0,9.0,0,0,0,15,1,4,2,,1,40 00:22.701,3.0,0,75 08:38.101,4,0,0,0,67301,0,0,0,,0,0,0,4,67301,4,,1,1,,N,N,,0,,0,0,1,9,3,N,1545,4,2,0,0,0,0,0,3,4,0,2,3,,N,,,,,,,,,,,
2007047821,1625.0,0,0,0,0,0,0,2,0,0,4,2,,67,2,2007,6,40.0384,-75.1447,1620.0,6,0,0,0,0,0,1,0,0,1.0,0,0,0,16,1,6,0,,1,40 02:18.000,1.0,7,75 08:41.173,4,0,0,0,67301,0,0,0,N,0,0,0,8,67301,6,,2,1,,N,N,,0,,0,0,0,0,0,Y,1615,6,2,0,0,0,0,0,3,4,0,2,3,,N,,,,,,,,,,,
2007047879,2110.0,1,0,0,1,0,0,0,0,0,4,0,,67,3,2007,1,40.0327,-75.1135,2100.0,6,0,0,0,0,0,0,0,0,,0,0,0,15,1,1,2,,0,40 01:57.867,,0,75 06:48.553,3,0,0,0,67301,1,0,0,N,0,0,0,2,67301,0,,1,1,,N,N,,0,,1,0,0,3,3,,1500,1,2,0,0,0,0,1,3,4,0,1,3,,N,,,,,,,,,,,
2007047902,1549.0,1,0,0,0,0,0,0,0,0,8,0,,67,2,2007,6,40.0209,-75.1191,1544.0,6,0,0,0,0,0,0,0,0,,0,0,0,15,1,1,0,,0,40 01:15.380,,0,75 07:08.878,4,0,0,0,67301,1,0,0,N,1,0,0,6,67301,1,,1,1,,N,N,,0,,0,0,0,0,0,,1530,1,2,0,0,0,0,0,3,4,0,1,3,,N,,,,,,,,,,,
2007093433,2355.0,2,0,0,0,0,0,0,0,0,2,0,,67,7,2007,4,40.0056,-75.1837,2350.0,6,0,0,0,0,0,1,0,0,,0,0,0,22,6,1,0,,0,40 00:20.000,,0,75 11:01.134,4,0,0,0,67301,0,0,0,,0,0,0,1,67301,1,,2,1,,,,,0,,0,0,0,0,0,,2215,1,2,0,0,1,0,0,3,4,0,2,3,,N,,,,,,,,,,,
2007093434,1813.0,1,0,0,0,0,0,0,0,0,4,0,,67,7,2007,6,40.0229,-75.1632,1813.0,6,0,0,0,0,0,0,0,0,,0,0,0,18,1,1,1,,0,40 01:22.000,,0,75 09:47.577,4,0,0,0,67301,0,0,0,N,0,0,0,2,67301,1,,1,1,,N,N,,0,,0,0,1,3,3,,1812,1,2,0,0,0,0,0,3,4,0,2,3,,N,,,,,,,,,,,
2007093459,1810.0,1,0,0,1,0,0,0,0,0,4,0,,67,7,2007,3,39.9962,-75.1723,1800.0,6,0,0,0,0,0,0,0,0,,0,0,0,99,1,1,1,,0,39 59:46.000,,0,75 10:20.402,8,0,0,0,67301,1,0,0,,0,0,0,2,67301,0,,1,1,,N,N,,0,,0,0,0,3,2,,9999,1,2,0,0,0,1,0,3,4,0,1,3,,N,,,,,,,,,,,
2007110086,920.0,1,0,0,0,0,0,0,0,0,1,0,,67,9,2007,6,39.9415,-75.235,920.0,6,0,0,0,0,0,0,0,0,,0,0,0,9,1,0,1,,0,39 56:29.400,,0,75 14:06.000,9,0,0,0,67301,0,0,0,N,0,0,0,4,67301,0,,1,98,,N,N,,0,,0,0,1,3,2,,920,0,2,0,0,0,0,4,3,4,0,2,99,,N,,,,,,,,,,,
2007107519,1625.0,1,0,0,0,0,0,0,0,0,4,0,,67,9,2007,5,39.9655,-75.1329,1620.0,6,0,0,0,0,0,0,1,0,,0,0,0,16,1,1,0,,0,39 57:55.762,,7,75 07:58.438,4,0,0,0,67301,0,0,0,N,0,0,0,2,67301,1,,1,1,,N,N,,1,,0,0,0,0,0,,1620,1,2,0,0,0,0,0,3,4,0,2,3,,N,,,,,,,,,,,
2007045671,1324.0,1,0,0,0,0,0,0,0,0,4,0,,67,3,2007,6,39.9403,-75.1728,1321.0,6,0,0,0,0,0,0,0,0,,0,0,0,13,1,1,1,,0,39 56:25.195,,0,75 10:21.993,8,0,0,0,67301,0,0,0,N,0,0,0,3,67301,0,,1,1,,N,N,,1,,0,0,0,3,3,,1315,1,2,0,0,0,1,0,3,4,0,2,3,,N,,,,,,,,,,,
2007045674,1150.0,1,0,0,0,0,0,0,0,0,6,0,,67,2,2007,3,39.9194,-75.2344,1132.0,6,0,0,0,0,0,0,1,0,,0,0,0,11,1,1,1,,0,39 55:09.000,,0,75 14:03.691,4,0,0,0,67301,0,0,0,N,0,0,0,2,67301,1,,1,7,,N,N,,1,,0,0,0,0,0,,1131,1,2,0,0,0,0,0,3,4,0,2,10,,N,,,,,,,,,,,
2007048333,1325.0,1,0,0,0,0,0,0,0,0,8,0,,67,3,2007,6,39.9198,-75.154,1319.0,6,0,0,0,0,0,0,0,0,,0,0,0,12,1,1,2,,0,39 55:11.341,,0,75 09:14.385,4,0,0,0,67301,1,0,0,,1,0,0,2,67301,1,,1,1,,N,N,,0,,0,0,0,3,3,,1230,1,2,0,0,0,0,1,3,4,0,1,3,,N,,,,,,,,,,,
2007092923,1244.0,1,0,0,0,0,0,0,0,0,8,0,,67,7,2007,3,39.936,-75.169,1243.0,6,0,0,0,0,0,0,0,0,,0,0,0,12,1,1,0,,0,39 56:09.438,,0,75 10:08.220,4,0,0,0,67301,1,0,0,N,1,0,0,2,67301,1,,2,1,,N,N,,1,,0,0,0,0,0,,1242,1,3,0,0,0,0,1,3,4,0,2,3,,N,,,,,,,,,,,
2007092936,1640.0,6,0,0,0,0,0,0,0,0,1,0,,67,7,2007,7,40.0013,-75.1139,1635.0,6,0,0,0,0,0,0,0,0,,0,0,0,16,1,2,0,,0,40 00:04.758,,0,75 06:50.119,4,0,0,0,67301,0,0,0,,0,0,0,4,67301,1,,1,1,,,,,0,,0,0,0,3,2,,1630,2,6,0,0,0,1,0,3,4,0,6,3,,N,,,,,,,,,,,
2008017518,819.0,2,0,0,0,0,0,0,0,0,4,0,,67,12,2007,6,39.9125,-75.1777,815.0,6,0,0,0,0,0,2,0,0,,0,0,0,8,1,2,2,,0,39 54:45.050,,0,75 10:39.669,8,0,0,0,67301,0,0,0,,0,0,0,4,67301,0,,1,9,,,,,0,,0,0,0,0,0,,810,2,2,0,0,0,2,0,3,4,0,2,3,,N,,,,,,,,,,,
2008007284,1559.0,1,0,0,0,0,0,0,0,0,7,0,,67,11,2007,5,40.0221,-75.1993,1559.0,6,0,0,0,0,0,0,0,0,,0,0,0,15,1,2,0,,0,40 01:19.473,,0,75 11:57.578,8,0,0,0,67301,0,0,0,N,0,0,0,5,67301,0,,3,9,,N,N,,0,,0,0,1,0,0,,1550,2,2,0,0,0,2,0,3,4,0,2,7,,N,,,,,,,,,,,
2008007316,2058.0,1,0,0,0,0,0,0,0,0,4,0,,67,11,2007,1,40.0356,-75.0705,2044.0,6,0,0,0,0,0,1,0,0,,0,0,0,17,3,0,1,,0,40 02:08.000,,0,75 04:13.712,0,0,0,0,67301,0,0,0,N,0,0,0,2,67301,0,,1,9,,N,N,,0,,0,0,1,3,2,,1724,0,2,0,0,0,0,0,3,4,0,2,7,,N,,,,,,,,,,,
2008005164,1714.0,2,0,0,0,0,0,0,0,0,8,0,,67,11,2007,3,40.0015,-75.1327,1704.0,6,0,1,0,0,0,0,0,0,,0,0,0,16,3,1,0,,0,40 00:05.400,,0,75 07:57.658,8,0,0,0,67301,1,0,0,N,1,0,0,2,67301,0,,6,9,,N,N,,0,,0,0,0,3,2,,1650,1,3,0,0,1,1,0,3,4,0,2,7,,N,,,,,,,,,,,
2008008129,1832.0,0,0,0,0,0,0,0,0,0,4,0,,67,12,2007,7,39.9828,-75.2063,1829.0,6,0,0,0,0,0,0,0,0,2.0,0,0,0,18,3,2,2,,2,39 58:58.072,5.0,0,75 12:22.561,8,0,0,0,67301,0,0,0,N,0,0,0,3,67301,0,,1,1,,N,N,,0,,0,0,1,0,0,Y,1824,2,2,0,0,0,2,0,3,4,1,2,3,,N,,,,,,,,,,,
2008016063,810.0,2,0,0,0,0,0,0,0,0,1,0,,67,12,2007,1,40.0272,-75.1512,802.0,6,0,0,0,0,0,0,0,0,,0,0,0,6,5,1,1,,0,40 01:37.801,,0,75 09:04.478,3,0,0,0,67301,0,0,0,N,0,0,0,2,67301,0,,1,1,,N,N,,0,,1,0,0,3,2,,630,1,2,0,0,0,0,1,3,4,0,2,3,,N,,,,,,,,,,,
2008018038,834.0,1,0,0,0,0,0,0,0,0,8,0,,67,11,2007,3,40.0429,-75.1722,828.0,6,0,0,0,0,0,0,0,0,,0,0,0,8,1,1,1,,0,40 02:34.512,,0,75 10:19.919,3,0,0,0,67301,1,0,0,N,1,0,0,2,67301,0,,1,1,,N,Y,,0,,1,0,0,3,7,,827,1,2,0,0,0,0,1,3,4,0,1,3,,N,,,,,,,,,,,
2008018041,1437.0,1,0,0,0,0,0,0,0,0,4,1,,67,12,2007,5,39.9103,-75.1509,1435.0,6,0,0,0,0,0,1,0,0,1.0,0,1,0,14,8,1,2,,1,39 54:37.000,1.0,2,75 09:03.431,8,0,0,0,67301,0,0,0,N,0,0,0,2,67301,0,,1,9,,N,N,,0,,0,0,0,3,2,Y,1432,1,2,0,0,0,1,0,3,4,0,2,7,,N,,,,,,,,,,,
2008018042,805.0,2,0,0,0,0,0,0,0,0,4,0,,67,12,2007,4,40.0296,-75.2063,800.0,6,0,0,0,0,0,0,0,0,,0,0,0,7,1,1,1,,0,40 01:46.000,,0,75 12:22.847,4,0,0,0,67301,0,0,0,N,0,0,0,2,67301,1,,1,1,,N,N,,0,,0,0,0,0,0,,750,1,2,0,0,0,0,0,3,4,0,2,3,,N,,,,,,,,,,,
2008033052,0.0,1,0,0,0,0,0,0,0,0,0,0,,67,1,2007,5,40.0112,-75.1541,0.0,6,0,0,0,0,0,0,0,0,,0,0,0,7,1,3,2,,0,40 00:40.460,,0,75 09:14.831,8,0,0,0,67301,0,0,0,N,0,0,0,3,00000,0,,1,1,,N,N,,0,,0,0,0,0,0,,715,3,1,0,0,0,3,0,3,4,0,1,3,,N,,,,,,,,,,,
2008037284,146.0,0,0,0,0,0,0,0,0,0,7,1,,67,11,2007,2,39.9489,-75.1607,144.0,6,0,0,0,0,0,0,0,0,,0,1,0,1,3,0,0,,0,39 56:56.000,,0,75 09:38.307,0,0,0,0,67301,0,0,0,N,0,0,0,2,67301,0,,2,9,,N,N,,0,,0,0,0,0,0,,144,0,1,0,0,0,0,0,3,4,0,1,7,,N,,,,,,,,,,,
2008016457,1255.0,0,0,0,0,0,0,0,0,0,4,0,,67,12,2007,4,39.9281,-75.1688,1250.0,6,0,0,0,1,0,0,0,0,,0,0,0,12,1,2,2,,0,39 55:40.000,,0,75 10:07.812,4,0,0,0,67301,0,0,0,,0,0,0,2,67301,2,,1,9,,,,,2,,0,0,0,3,2,,1250,2,2,0,0,0,0,0,3,4,0,2,10,,N,,,,,,,,,,,
2008016461,2013.0,2,0,0,0,0,0,0,0,0,1,0,,67,12,2007,3,39.9213,-75.2404,2011.0,6,0,0,0,0,0,0,0,0,,0,0,0,20,3,2,0,,0,39 55:16.698,,0,75 14:25.335,4,0,0,0,67301,0,0,0,N,0,0,0,3,67301,2,,1,1,,N,N,,0,,0,0,0,0,0,,2005,2,2,0,0,0,0,0,3,4,0,2,3,,N,,,,,,,,,,,
2008029175,1108.0,0,0,0,1,0,0,0,0,0,4,0,,67,12,2007,2,39.9372,-75.1615,1106.0,6,0,0,0,0,0,0,0,0,,0,0,0,11,1,1,1,,0,39 56:13.855,,0,75 09:41.371,8,0,0,0,67301,1,0,0,,0,0,0,2,67301,0,,1,1,,N,N,,0,,0,0,0,3,2,,1100,1,2,0,0,0,1,0,3,4,1,1,3,,N,,,,,,,,,,,
2008024259,1343.0,1,0,0,0,0,0,0,0,0,7,0,,67,12,2007,4,40.0219,-75.1996,1340.0,6,0,0,0,0,0,0,0,0,,0,0,0,13,1,0,0,,0,40 01:18.997,,0,75 11:58.385,0,0,0,0,67301,0,0,0,N,0,0,0,2,67301,0,,3,9,,N,N,,0,,0,0,1,0,0,,1340,0,2,0,0,0,0,0,3,4,0,2,10,,N,,,,,,,,,,,
2008024262,9999.0,1,0,0,0,0,0,0,0,0,6,0,,67,12,2007,2,40.0766,-75.0825,9999.0,6,0,0,0,0,0,0,0,0,,0,0,0,1,3,0,1,,0,40 04:35.000,,0,75 04:57.015,9,0,0,0,67301,0,0,0,N,0,0,0,3,67301,0,,1,9,,N,N,,1,,0,0,0,0,0,,119,0,2,0,0,0,0,2,3,4,0,2,7,,N,,,,,,,,,,,
2008016937,30.0,1,0,0,0,0,0,0,0,0,7,0,,67,11,2007,3,39.9407,-75.2027,26.0,6,0,0,0,0,0,1,0,0,1.0,0,0,0,0,3,1,0,,1,39 56:28.000,4.0,3,75 12:19.029,2,0,0,0,67301,0,0,0,,0,0,0,1,67301,0,,2,9,,N,N,,0,,0,1,0,0,0,N,23,1,1,0,0,0,0,0,3,4,0,1,7,,N,,,,,,,,,,,
2008017041,1555.0,2,0,0,0,0,0,0,0,0,6,0,,67,11,2007,6,39.9976,-75.1467,1548.0,6,0,0,0,0,0,0,0,0,,0,0,0,15,1,1,1,,0,39 59:51.514,,0,75 08:48.199,4,0,0,0,67301,0,0,0,N,0,0,0,4,67301,1,,1,1,,N,N,,0,,0,0,0,3,3,,1545,1,2,0,0,2,0,1,3,4,0,2,3,,N,,,,,,,,,,,
2008017388,1740.0,2,0,0,0,0,0,0,0,0,2,0,,67,11,2007,7,40.0061,-75.1879,1730.0,6,0,0,0,0,0,1,0,0,,0,0,0,17,1,1,2,,0,40 00:21.000,,0,75 11:16.285,4,0,0,0,67301,0,0,0,,0,0,0,4,67301,1,,1,9,,,,,0,,0,0,0,3,2,,1720,1,2,0,0,0,0,0,3,4,0,2,7,,N,,,,,,,,,,,
2008017400,1158.0,2,0,0,0,0,0,0,0,0,4,0,,67,12,2007,7,39.9913,-75.1585,1155.0,6,0,0,0,0,0,0,0,0,,0,0,0,11,1,1,1,,0,39 59:28.669,,0,75 09:30.520,4,0,0,0,67301,0,0,0,N,0,0,0,2,67301,1,,1,1,,N,N,,0,,0,0,0,3,2,,1152,1,2,0,0,1,0,0,3,4,0,2,3,,N,,,,,,,,,,,
2008017427,1342.0,1,0,0,0,0,0,0,0,0,4,0,,67,12,2007,2,39.9412,-75.2095,1347.0,6,0,0,1,0,0,0,1,0,1.0,0,0,0,13,1,4,1,,1,39 56:28.320,5.0,0,75 12:34.200,4,0,0,0,67301,0,0,0,N,0,0,0,6,67301,4,,1,1,,N,N,,0,,0,0,1,3,2,Y,1342,4,2,0,0,0,0,2,3,4,0,2,3,,N,,,,,,,,,,,
2008017522,2301.0,1,0,0,0,0,0,0,0,0,7,0,,67,11,2007,2,39.9219,-75.1905,2300.0,6,0,0,0,0,0,0,0,0,1.0,0,0,0,22,3,0,0,,1,39 55:18.000,4.0,0,75 11:25.838,0,0,0,0,67301,0,0,0,N,0,0,0,1,67301,0,,3,9,,N,N,,0,,0,0,0,0,0,N,2250,0,1,0,0,0,0,0,3,4,0,1,7,,N,,,,,,,,,,,
2008054059,129.0,1,0,0,0,0,0,0,0,0,5,1,,67,10,2007,2,39.8778,-75.2524,127.0,6,0,0,0,0,0,0,0,0,,0,1,0,1,3,0,0,,0,39 52:39.806,,0,75 15:08.807,0,0,0,0,67301,0,0,0,,0,0,0,1,67301,0,,2,1,,,,,0,,0,0,0,0,0,,124,0,2,0,0,0,0,0,3,4,0,2,3,,N,,,,,,,,,,,
2008006381,9999.0,2,0,0,0,0,0,0,0,0,4,0,,67,11,2007,7,39.9805,-75.1575,410.0,6,0,0,0,0,0,0,0,0,,0,0,0,4,3,1,0,,0,39 58:49.000,,0,75 09:27.117,8,0,0,0,67301,0,0,0,,0,0,0,1,67301,0,,1,1,,,,,0,,0,0,0,0,0,,400,1,2,0,0,1,1,0,3,4,0,2,3,,N,,,,,,,,,,,
2008008946,1050.0,2,0,0,0,0,0,0,0,0,2,0,,67,11,2007,2,40.1115,-75.001,1048.0,6,0,0,0,0,0,0,0,0,,0,0,0,10,1,1,0,,0,40 06:41.240,,0,75 00:03.692,4,0,0,0,67301,0,0,0,N,0,0,0,2,67301,1,,1,9,,N,N,,0,,0,0,0,0,0,,1040,1,2,0,0,0,0,0,3,4,0,2,7,,N,,,,,,,,,,,
2008024203,113.0,0,0,0,0,0,0,0,0,0,8,0,,67,12,2007,1,39.9973,-75.1805,110.0,6,0,0,0,0,0,0,0,0,,0,0,0,99,3,1,0,,0,39 59:50.000,,0,75 10:49.922,8,0,0,0,67301,1,0,0,N,1,0,0,2,67301,0,,1,1,,N,N,,1,,0,0,0,0,0,,9999,1,2,0,0,0,1,1,3,4,0,1,3,,N,,,,,,,,,,,
2007120653,30.0,3,0,0,0,0,0,0,0,0,6,0,,67,10,2007,6,,,23.0,6,0,0,0,0,0,0,0,0,,0,0,0,23,3,0,0,,0,,,0,,0,0,0,0,67301,0,0,0,N,0,0,0,1,67301,0,,6,1,,N,N,,0,,0,0,0,0,0,,2330,0,3,0,0,0,0,0,3,3,0,3,3,,N,,,,,,,,,,,
2007109660,100.0,2,0,0,0,0,0,0,0,0,4,0,,67,9,2007,1,39.9939,-75.1545,100.0,6,0,0,0,0,0,1,0,0,,0,0,0,1,3,1,1,,0,39 59:38.000,,0,75 09:16.513,8,0,0,0,67301,0,0,0,,0,0,0,4,67301,0,,1,1,,,,,1,,0,0,1,0,0,,100,1,4,0,0,3,1,0,3,4,0,4,3,,N,,,,,,,,,,,
2007107057,1737.0,1,0,0,0,0,0,0,0,0,6,0,,67,9,2007,5,39.9175,-75.2245,1735.0,6,0,0,0,0,0,1,0,0,,0,0,0,17,1,1,0,,0,39 55:03.176,,0,75 13:28.092,4,0,0,0,67301,0,0,0,N,0,0,0,3,67301,1,,1,1,,N,N,,1,,0,0,0,0,0,,1735,1,2,0,0,0,0,0,3,4,0,2,3,,N,,,,,,,,,,,
2007107065,2150.0,1,0,0,0,0,0,0,0,0,4,0,,67,8,2007,7,39.9891,-75.0896,2148.0,6,0,0,0,0,0,0,0,0,,0,0,0,19,4,2,1,,0,39 59:20.000,,0,75 05:22.627,8,0,0,0,67301,0,0,0,N,0,0,0,3,67301,0,,1,1,,N,N,,1,,0,0,0,3,2,,1930,2,2,0,0,0,2,0,3,4,0,2,3,,N,,,,,,,,,,,
2007120735,17.0,3,0,0,0,0,0,0,0,0,1,0,,67,10,2007,1,39.9249,-75.174,15.0,6,0,0,0,0,0,0,0,0,,0,0,0,0,3,3,1,,0,39 55:29.000,,0,75 10:22.745,4,0,0,0,67301,0,0,0,N,0,0,0,5,67301,2,,1,1,,N,N,,0,,0,0,0,3,2,,15,3,4,0,0,0,1,0,3,4,1,4,3,,N,,,,,,,,,,,