CRN,ARRIVAL_TM,AUTOMOBILE_COUNT,BELTED_DEATH_COUNT,BELTED_SUSP_SERIOUS_INJ_COUNT,BICYCLE_COUNT,BICYCLE_DEATH_COUNT,BICYCLE_SUSP_SERIOUS_INJ_COUNT,BUS_COUNT,CHLDPAS_DEATH_COUNT,CHLDPAS_SUSP_SERIOUS_INJ_COUNT,COLLISION_TYPE,COMM_VEH_COUNT,CONS_ZONE_SPD_LIM,COUNTY,CRASH_MONTH,CRASH_YEAR,DAY_OF_WEEK,DEC_LAT,DEC_LONG,DISPATCH_TM,DISTRICT,DRIVER_COUNT_16YR,DRIVER_COUNT_17YR,DRIVER_COUNT_18YR,DRIVER_COUNT_19YR,DRIVER_COUNT_20YR,DRIVER_COUNT_50_64YR,DRIVER_COUNT_65_74YR,DRIVER_COUNT_75PLUS,EST_HRS_CLOSED,FATAL_COUNT,HEAVY_TRUCK_COUNT,HORSE_BUGGY_COUNT,HOUR_OF_DAY,ILLUMINATION,INJURY_COUNT,INTERSECT_TYPE,INTERSECTION_RELATED,LANE_CLOSED,LATITUDE,LN_CLOSE_DIR,LOCATION_TYPE,LONGITUDE,MAX_SEVERITY_LEVEL,MCYCLE_DEATH_COUNT,MCYCLE_SUSP_SERIOUS_INJ_COUNT,MOTORCYCLE_COUNT,MUNICIPALITY,NONMOTR_COUNT,NONMOTR_DEATH_COUNT,NONMOTR_SUSP_SERIOUS_INJ_COUNT,NTFY_HIWY_MAINT,PED_COUNT,PED_DEATH_COUNT,PED_SUSP_SERIOUS_INJ_COUNT,PERSON_COUNT,POLICE_AGCY,POSSIBLE_INJ_COUNT,RDWY_SURF_TYPE_CD,RELATION_TO_ROAD,ROAD_CONDITION,ROADWAY_CLEARED,SCH_BUS_IND,SCH_ZONE_IND,SECONDARY_CRASH,SMALL_TRUCK_COUNT,SPEC_JURIS_CD,SUSP_MINOR_INJ_COUNT,SUSP_SERIOUS_INJ_COUNT,SUV_COUNT,TCD_FUNC_CD,TCD_TYPE,TFC_DETOUR_IND,TIME_OF_DAY,TOT_INJ_COUNT,TOTAL_UNITS,UNB_DEATH_COUNT,UNB_SUSP_SERIOUS_INJ_COUNT,UNBELTED_OCC_COUNT,UNK_INJ_DEG_COUNT,UNK_INJ_PER_COUNT,URBAN_AREA,URBAN_RURAL,VAN_COUNT,VEHICLE_COUNT,WEATHER1,WEATHER2,WORK_ZONE_IND,WORK_ZONE_LOC,WORK_ZONE_TYPE,WORKERS_PRES,WZ_CLOSE_DETOUR,WZ_FLAGGER,WZ_LAW_OFFCR_IND,WZ_LN_CLOSURE,WZ_MOVING,WZ_OTHER,WZ_SHLDER_MDN,WZ_WORKERS_INJ_KILLED
2007075255,1505.0,0,0,0,0,0,0,0,0,0,0,1,,67,5,2007,4,,,1459.0,6,0,0,0,0,0,0,0,0,4.0,0,1,0,14,1,1,0,,2,,3.0,0,,4,0,0,0,67301,0,0,0,N,0,0,0,1,67501,1,,1,1,,N,N,,0,,0,0,0,9,2,Y,1459,1,1,0,0,0,0,0,3,3,0,1,3,,N,,,,,,,,,,,
2007027943,2020.0,1,0,0,0,0,0,0,0,0,5,0,,67,1,2007,4,40.0523,-74.9881,2015.0,6,0,0,0,0,0,1,0,0,,0,0,0,20,3,1,0,,0,40 03:08.180,,0,74 59:16.985,8,0,0,0,67301,0,0,0,N,0,0,0,2,67301,0,,1,1,,N,N,,1,,0,0,0,0,0,,2005,1,2,0,0,1,1,0,3,4,0,2,3,,N,,,,,,,,,,,
2007027944,1347.0,2,0,0,0,0,0,0,0,0,4,0,,67,1,2007,4,39.9561,-75.1694,1343.0,6,0,0,0,0,0,1,0,0,,0,0,0,13,1,1,1,,0,39 57:22.028,,0,75 10:09.742,3,0,0,0,67301,0,0,0,N,0,0,0,2,67301,0,,1,1,,N,N,,0,,1,0,0,3,3,,1343,1,2,0,0,0,0,0,3,4,0,2,3,,N,,,,,,,,,,,
2007117223,1520.0,1,0,0,0,0,0,0,0,0,7,0,,67,9,2007,7,,,1512.0,6,0,0,0,0,0,0,0,0,1.0,0,0,0,15,1,1,0,,1,,2.0,0,,3,0,0,0,67301,0,0,0,N,0,0,0,5,67301,0,,2,1,,N,N,,0,,1,0,0,0,0,Y,1510,1,1,0,0,0,0,0,3,3,0,1,3,,N,,,,,,,,,,,
2007047367,47.0,2,0,0,0,0,0,0,0,0,4,0,,67,2,2007,1,39.9566,-75.1513,43.0,6,0,0,0,0,0,0,0,0,2.0,0,0,0,0,3,2,1,,2,39 57:23.000,1.0,0,75 09:04.685,8,0,0,0,67301,0,0,0,N,0,0,0,5,67301,0,,1,1,,N,N,,0,,0,0,0,3,2,N,40,2,2,0,0,0,2,0,3,4,0,2,3,,N,,,,,,,,,,,
2007047329,9999.0,3,0,0,0,0,0,0,0,0,4,0,,67,2,2007,5,39.9778,-75.1622,906.0,6,0,0,0,0,0,0,0,0,,0,0,0,9,1,2,1,,0,39 58:40.076,,0,75 09:44.002,8,0,0,0,67301,0,0,0,N,0,0,0,3,67301,0,,1,7,,N,N,,0,,0,0,0,3,3,,903,2,3,0,0,0,2,1,3,4,0,3,3,,N,,,,,,,,,,,
2007047550,1620.0,1,0,0,0,0,0,0,0,0,8,0,,67,3,2007,7,40.0152,-75.0655,1615.0,6,0,0,0,0,0,0,0,0,,0,0,0,16,1,1,0,,0,40 00:54.856,,7,75 03:55.929,3,0,0,0,67301,1,0,0,N,1,0,0,2,67301,0,,1,1,,N,N,,0,,1,0,0,0,0,,1600,1,2,0,0,0,0,0,3,4,0,1,3,,N,,,,,,,,,,,
2007047705,500.0,1,0,0,0,0,0,0,0,0,4,0,,67,3,2007,6,40.037,-75.122,450.0,6,0,0,0,0,0,0,0,0,,0,0,0,4,3,1,1,,0,40 02:13.070,,0,75 07:19.077,4,0,0,0,67301,0,0,0,N,0,0,0,2,67301,1,,1,9,,N,N,,0,,0,0,0,3,3,,450,1,2,0,0,0,0,0,3,4,1,2,7,,N,,,,,,,,,,,
2007106799,920.0,1,0,0,0,0,0,0,0,0,4,1,,67,9,2007,6,40.0234,-75.0334,915.0,6,0,0,0,0,0,1,1,0,3.0,1,1,0,9,1,0,7,,1,40 01:23.000,1.0,2,75 02:04.220,1,0,0,0,67301,0,0,0,N,0,0,0,2,67301,0,1.0,1,1,,N,N,,0,0.0,0,0,0,0,0,N,910,0,2,0,0,0,0,0,3,4,0,2,3,,N,,,,,,,,,,,
2007109406,1235.0,0,0,0,0,0,0,1,0,0,1,1,,67,9,2007,2,39.9531,-75.1531,1233.0,6,0,0,0,0,0,1,0,0,,0,0,0,12,1,4,1,,0,39 57:11.000,,0,75 09:11.290,4,0,0,0,67301,0,0,0,N,0,0,0,7,67301,4,,1,1,,N,N,,1,,0,0,0,9,1,,1220,4,2,0,0,1,0,0,3,4,0,2,3,,N,,,,,,,,,,,
2007109413,350.0,1,0,0,0,0,0,0,0,0,7,0,,67,9,2007,7,40.0055,-75.105,236.0,6,0,0,0,0,0,0,0,0,,0,0,0,2,3,1,0,,0,40 00:19.000,,0,75 06:17.972,4,0,0,0,67301,0,0,0,,0,0,0,2,67301,1,,4,9,,,,,0,,0,0,0,0,0,,236,1,1,0,0,1,0,1,3,4,0,1,7,,N,,,,,,,,,,,
2007047835,1035.0,2,0,0,0,0,0,0,0,0,1,0,,67,3,2007,7,39.957,-75.1531,1030.0,6,0,0,0,0,0,0,0,0,,0,0,0,10,1,2,0,,0,39 57:25.200,,0,75 09:11.160,4,0,0,0,67301,0,0,0,N,0,0,0,4,67301,2,,1,1,,N,N,,0,,0,0,0,0,0,,1015,2,2,0,0,0,0,0,3,4,0,2,3,,N,,,,,,,,,,,
2007047857,1438.0,1,0,0,0,0,0,0,0,0,8,0,,67,2,2007,1,39.9674,-75.177,1432.0,6,0,0,0,0,0,0,0,0,,0,0,0,14,1,1,1,,0,39 58:02.587,,0,75 10:37.146,4,0,0,0,67301,1,0,0,N,1,0,0,2,67301,1,,1,1,,N,N,,0,,0,0,0,3,2,,1420,1,2,0,0,0,0,0,3,4,0,1,3,,N,,,,,,,,,,,
2007047896,1812.0,2,0,0,0,0,0,0,0,0,5,0,,67,3,2007,6,40.0122,-75.1497,1806.0,6,0,0,0,0,0,0,0,0,,0,0,0,17,1,1,0,,0,40 00:44.002,,0,75 08:59.089,4,0,0,0,67301,0,0,0,N,0,0,0,1,67301,1,,1,1,,N,N,,0,,0,0,0,0,0,,1755,1,2,0,0,0,0,0,3,4,0,2,3,,N,,,,,,,,,,,
2007093413,727.0,1,0,0,0,0,0,0,0,0,7,0,,67,8,2007,4,40.0211,-75.1399,722.0,6,0,0,0,0,0,0,0,1,,0,0,0,7,1,1,1,,0,40 01:15.000,,0,75 08:23.758,8,0,0,0,67301,0,0,0,,0,0,0,1,67301,0,,2,9,,,,,0,,0,0,0,0,0,,722,1,1,0,0,0,1,0,3,4,0,1,3,,N,,,,,,,,,,,
2007127657,1913.0,0,0,0,0,0,0,0,0,0,8,0,,67,10,2007,4,40.0031,-75.1773,1910.0,6,0,0,0,0,0,0,0,0,,0,0,0,19,3,1,1,,0,40 00:11.000,,0,75 10:38.108,3,0,0,0,67301,1,0,0,N,1,0,0,2,67301,0,,1,9,,N,N,,0,,1,0,0,3,2,,1909,1,2,0,0,0,0,0,3,4,1,1,7,,N,,,,,,,,,,,
2007127658,1455.0,1,0,0,0,0,0,0,0,0,1,0,,67,10,2007,4,40.0455,-75.0538,1450.0,6,0,0,0,0,0,0,1,0,,0,0,0,14,1,2,0,,0,40 02:43.000,,7,75 03:13.549,4,0,0,0,67301,0,0,0,N,0,0,0,4,67301,2,,1,9,,N,N,,0,,0,0,0,0,0,,1445,2,2,0,0,0,0,0,3,4,1,2,3,,N,,,,,,,,,,,
2007109775,405.0,1,0,0,0,0,0,0,0,0,7,0,,67,9,2007,5,40.0969,-75.0218,400.0,6,0,0,0,1,0,0,0,0,,0,0,0,3,3,0,0,,0,40 05:48.807,,0,75 01:18.652,0,0,0,0,67301,0,0,0,N,0,0,0,1,67301,0,,2,1,,N,N,,0,,0,0,0,0,0,,355,0,1,0,0,0,0,0,3,4,0,1,3,,N,,,,,,,,,,,
2007045708,1859.0,1,0,0,0,0,0,0,0,0,4,1,,67,2,2007,4,40.0596,-75.1936,1856.0,6,0,0,0,0,0,0,0,0,,0,1,0,18,3,1,1,,0,40 03:34.000,,0,75 11:37.063,4,0,0,0,67301,0,0,0,N,0,0,0,2,67301,1,,1,1,,N,N,,0,,0,0,0,3,3,,1853,1,2,0,0,0,0,0,3,4,0,2,3,,N,,,,,,,,,,,
2007045711,2102.0,1,0,0,0,0,0,0,0,0,8,0,,67,2,2007,6,39.9894,-75.1044,2100.0,6,0,0,0,0,0,0,0,0,,0,0,0,16,1,2,0,,0,39 59:22.000,,0,75 06:15.760,4,0,0,0,67301,2,0,0,N,2,0,0,3,67301,2,,1,2,,N,N,,0,,0,0,0,0,0,,1645,2,3,0,0,0,0,0,3,4,0,1,3,,N,,,,,,,,,,,
2007048298,750.0,1,0,0,0,0,0,0,0,0,4,0,,67,3,2007,7,40.0093,-75.069,745.0,6,0,0,0,0,0,0,0,0,2.0,0,0,0,7,1,0,1,,1,40 00:33.000,3.0,2,75 04:08.444,0,0,0,0,67301,0,0,0,N,0,0,0,2,67301,0,,1,1,,N,N,,1,,0,0,0,3,2,N,725,0,2,0,0,0,0,0,3,4,0,2,3,,N,,,,,,,,,,,
2007092966,1720.0,0,0,0,0,0,0,0,0,0,7,0,,67,7,2007,2,39.9576,-75.1457,1717.0,6,0,0,0,0,0,0,0,0,,0,0,0,17,1,0,1,,0,39 57:27.432,,0,75 08:44.473,0,0,0,0,67301,0,0,0,,0,0,0,1,67301,0,,5,1,,,,,1,,0,0,0,0,0,,1715,0,1,0,0,0,0,0,3,4,0,1,3,,N,,,,,,,,,,,
2008017490,1020.0,0,0,0,0,0,0,0,0,0,2,0,,67,12,2007,1,40.0278,-75.0852,1015.0,6,0,0,0,0,0,0,0,0,,0,0,0,10,1,1,1,,0,40 01:40.026,,0,75 05:06.849,3,0,0,0,67301,0,0,0,,0,0,0,2,67301,0,,1,9,,,,,0,,1,0,0,9,2,,1015,1,2,0,0,0,0,0,3,4,2,2,3,,N,,,,,,,,,,,
2008017500,1157.0,0,0,0,0,0,0,0,0,0,4,1,,67,12,2007,4,39.9472,-75.1665,1155.0,6,0,0,0,0,0,1,0,0,,0,1,0,11,1,1,2,,0,39 56:49.916,,0,75 09:59.252,4,0,0,0,67301,0,0,0,N,0,0,0,3,67301,1,,1,1,,N,N,,1,,0,0,0,3,2,,1155,1,2,0,0,3,0,0,3,4,0,2,3,,N,,,,,,,,,,,
2008007248,1947.0,1,0,0,0,0,0,0,0,0,8,0,,67,11,2007,3,39.9927,-75.1108,1945.0,6,1,0,0,0,0,0,0,0,,0,0,0,16,3,1,0,,0,39 59:33.000,,0,75 06:39.052,4,0,0,0,67301,1,0,0,N,1,0,0,2,67301,1,,1,1,,N,N,,0,,0,0,0,0,0,,1643,1,2,0,0,0,0,0,3,4,0,1,3,,N,,,,,,,,,,,
2008007591,1640.0,0,0,0,0,0,0,1,0,0,8,1,,67,11,2007,2,40.0093,-75.1511,1630.0,6,0,0,0,0,0,0,0,0,,0,0,0,16,1,1,0,,0,40 00:33.000,,0,75 09:04.059,4,0,0,0,67301,1,0,0,N,1,0,0,2,67301,1,,4,1,,N,N,,0,,0,0,0,3,2,,1620,1,2,0,0,0,0,0,3,4,0,1,3,,N,,,,,,,,,,,
2008008062,2350.0,1,0,0,1,0,0,0,0,0,4,0,,67,11,2007,3,39.935,-75.174,2342.0,6,0,0,0,0,0,1,0,0,,0,0,0,23,2,1,1,,0,39 56:05.913,,0,75 10:26.255,4,0,0,0,67301,1,0,0,N,0,0,0,2,67301,1,,1,1,,N,N,,0,,0,0,0,9,3,,2335,1,2,0,0,1,0,0,3,4,0,1,3,,N,,,,,,,,,,,
2008005197,1420.0,2,0,0,0,0,0,0,0,0,4,0,,67,11,2007,1,40.0647,-74.9823,1414.0,6,0,0,0,0,0,1,0,0,1.0,0,0,0,14,1,1,1,,1,40 03:52.000,3.0,0,74 58:56.122,8,0,0,0,67301,0,0,0,N,0,0,0,3,67301,0,,1,9,,N,N,,0,,0,0,0,3,2,N,1410,1,2,0,0,0,1,0,3,4,0,2,7,,N,,,,,,,,,,,
2008005762,936.0,1,0,0,0,0,0,0,0,0,1,0,,67,11,2007,5,39.9714,-75.1594,934.0,6,0,0,0,0,0,2,1,0,1.0,0,0,0,99,1,1,1,,1,39 58:17.000,2.0,0,75 09:34.236,3,0,0,0,67301,0,0,0,N,0,0,0,3,67301,0,,1,9,,N,N,,0,,1,0,0,0,0,N,9999,1,3,0,0,0,0,2,3,4,2,3,7,,N,,,,,,,,,,,
2008060615,1810.0,3,0,0,0,0,0,0,0,0,2,0,,67,12,2007,7,40.0353,-75.0252,1800.0,6,0,0,0,1,0,0,0,0,,0,0,0,17,3,1,1,,0,40 02:07.013,,0,75 01:30.653,8,0,0,0,67301,0,0,0,N,0,0,0,3,67301,0,,1,1,,N,Y,,0,,0,0,0,9,2,,1751,1,3,0,0,0,1,2,3,4,0,3,3,,N,,,,,,,,,,,
2008018030,1625.0,0,0,0,0,0,0,0,0,0,8,0,,67,12,2007,5,39.9357,-75.1897,1620.0,6,0,0,0,0,0,1,0,0,,0,0,0,16,1,1,2,,0,39 56:08.638,,0,75 11:22.891,4,0,0,0,67301,1,0,0,N,1,0,0,2,67301,1,,1,2,,N,N,,0,,0,0,1,0,0,,1615,1,2,0,0,0,0,0,3,4,0,1,3,,N,,,,,,,,,,,
2008008713,2326.0,2,0,0,0,0,0,0,0,0,4,0,,67,11,2007,4,40.0353,-75.0706,2321.0,6,0,0,0,0,0,0,0,0,,0,0,0,23,3,1,1,,0,40 02:07.000,,0,75 04:14.554,4,0,0,0,67301,0,0,0,N,0,0,0,2,67301,1,,1,1,,N,N,,0,,0,0,0,3,2,,2321,1,2,0,0,0,0,1,3,4,0,2,3,,N,,,,,,,,,,,
2008008332,9999.0,0,0,0,0,0,0,0,0,0,8,0,,67,12,2007,7,39.9497,-75.1608,9999.0,6,0,0,0,0,0,0,0,0,,0,0,0,99,1,1,0,,0,39 56:58.941,,0,75 09:38.700,3,0,0,0,67301,1,0,0,N,1,0,0,2,67301,0,,1,1,,N,N,,0,,1,0,0,0,0,,9999,1,2,0,0,0,0,0,3,4,1,1,3,,N,,,,,,,,,,,
2008005984,1920.0,1,0,0,0,0,0,0,0,0,7,0,,67,10,2007,1,39.9764,-75.1197,1919.0,6,0,0,0,0,0,1,0,0,,0,0,0,19,2,1,0,,0,39 58:39.000,,0,75 07:08.709,3,0,0,0,67301,0,0,0,,0,0,0,1,67301,0,,2,1,,,,,0,,1,0,0,0,0,,1908,1,1,0,0,0,0,0,3,4,0,1,3,,N,,,,,,,,,,,
2008020411,1818.0,1,0,0,0,0,0,0,0,0,1,0,,67,12,2007,7,40.0071,-75.1999,1818.0,6,0,0,0,0,0,0,0,0,,0,0,0,18,3,0,0,,0,40 00:24.000,,0,75 11:57.151,0,0,0,0,67301,0,0,0,N,0,0,0,2,68K01,0,,1,1,,N,N,,0,,0,0,1,0,0,,1818,0,2,0,0,0,0,0,3,4,0,2,3,,N,,,,,,,,,,,
2008030435,1619.0,2,0,0,0,0,0,0,0,0,7,0,,67,12,2007,4,40.0189,-75.1472,1617.0,6,0,0,0,0,0,0,0,0,1.0,0,0,0,16,1,1,3,,2,40 01:08.000,1.0,0,75 08:49.392,4,0,0,0,67301,0,0,0,N,0,0,0,2,67301,1,,2,1,,N,N,,0,,0,0,0,0,0,Y,1617,1,2,0,0,0,0,0,3,4,0,2,3,,N,,,,,,,,,,,
2008023801,905.0,0,0,0,0,0,0,0,0,0,8,0,,67,12,2007,6,40.0719,-75.1705,900.0,6,0,0,0,0,0,0,1,0,,0,0,0,8,1,1,0,,0,40 04:18.800,,0,75 10:13.800,4,0,0,0,67301,1,0,0,,1,0,0,2,67301,1,,1,1,,N,Y,,0,,0,0,0,0,0,,844,1,2,0,0,0,0,0,3,4,1,1,3,,N,,,,,,,,,,,
2008029127,1045.0,2,0,0,0,0,0,0,0,0,4,0,,67,12,2007,5,40.0747,-75.0352,1040.0,6,0,0,0,0,0,1,1,0,,0,0,0,10,1,1,0,,0,40 04:29.000,,7,75 02:06.616,8,0,0,0,67301,0,0,0,N,0,0,0,3,67301,0,,1,9,,N,N,,0,,0,0,0,0,0,,1038,1,2,0,0,0,1,0,3,4,0,2,7,,N,,,,,,,,,,,
2008018631,1300.0,2,0,0,0,0,0,0,0,0,4,0,,67,12,2007,4,39.9458,-75.1668,1250.0,6,0,0,0,0,0,0,0,0,,0,0,0,12,1,0,1,,0,39 56:44.732,,0,75 10:00.371,0,0,0,0,67301,0,0,0,N,0,0,0,3,67301,0,,1,6,,N,N,,0,,0,0,0,3,2,,1250,0,2,0,0,1,0,0,3,4,0,2,9,,N,,,,,,,,,,,
2007107058,2153.0,1,0,0,0,0,0,0,0,0,8,0,,67,9,2007,2,39.9264,-75.2353,2147.0,6,0,0,0,0,0,0,0,0,,0,0,0,21,3,1,0,,0,39 55:35.014,,0,75 14:07.071,8,0,0,0,67301,1,0,0,N,1,0,0,2,67301,0,,1,1,,N,N,,0,,0,0,0,0,0,,2145,1,2,0,0,0,1,0,3,4,0,1,3,,N,,,,,,,,,,,
2007107060,1417.0,1,0,0,0,0,0,0,0,0,1,0,,67,9,2007,2,40.0501,-75.1505,1415.0,6,0,0,0,0,0,1,0,0,,0,0,0,14,1,1,1,,0,40 03:00.190,,0,75 09:01.655,8,0,0,0,67301,0,0,0,N,0,0,0,2,67301,0,,1,1,,N,N,,1,,0,0,0,3,2,,1400,1,2,0,0,0,1,0,3,4,0,2,3,,N,,,,,,,,,,,
2007102291,1345.0,1,0,0,0,0,0,1,0,0,4,1,,67,8,2007,4,39.9758,-75.1584,1330.0,6,0,0,0,0,0,0,1,0,,0,0,0,99,1,2,1,,0,39 58:33.000,,0,75 09:30.309,4,0,0,0,67301,0,0,0,N,0,0,0,12,67301,2,,1,1,,N,N,,0,,0,0,0,9,2,,9999,2,2,0,0,0,0,0,3,4,0,2,3,,N,,,,,,,,,,,
2007027903,2148.0,1,0,0,0,0,0,0,0,0,8,0,,67,2,2007,5,40.0729,-75.0759,2145.0,6,0,0,0,1,0,0,0,0,1.0,0,0,0,21,3,1,1,,1,40 04:22.000,7.0,0,75 04:33.193,4,0,0,0,67301,1,0,0,,1,0,0,2,67301,1,,1,1,,N,N,,0,,0,0,0,3,2,Y,2142,1,2,0,0,0,0,0,3,4,0,1,3,,N,,,,,,,,,,,
2007027918,2250.0,3,0,0,0,0,0,0,0,0,2,1,,67,1,2007,4,39.9087,-75.1494,2247.0,6,0,0,0,0,1,1,0,0,1.0,0,1,0,22,3,2,0,,2,39 54:32.648,2.0,0,75 08:57.667,4,0,0,0,67301,0,0,0,N,0,0,0,5,67301,2,,1,1,,N,N,,0,,0,0,0,0,0,N,2243,2,4,0,0,0,0,1,3,4,0,4,3,,N,,,,,,,,,,,
2007027923,1950.0,1,0,0,0,0,0,0,0,0,7,0,,67,1,2007,6,39.9602,-75.1407,1950.0,6,0,0,0,0,0,1,0,0,1.0,0,0,0,19,3,1,0,,1,39 57:36.000,2.0,0,75 08:26.880,3,0,0,0,67301,0,0,0,N,0,0,0,1,67301,0,,2,1,,N,N,,0,,1,0,0,0,0,N,1950,1,1,0,0,0,0,0,3,4,0,1,3,,N,,,,,,,,,,,
2007027967,1110.0,1,0,0,0,0,0,0,0,0,1,0,,67,1,2007,4,39.9548,-75.2179,1100.0,6,0,0,0,0,0,1,0,0,,0,0,0,11,1,1,1,,0,39 57:17.373,,0,75 13:04.418,8,0,0,0,67301,0,0,0,N,0,0,0,2,67301,0,,1,1,,N,N,,0,,0,0,0,3,2,,1100,1,2,0,0,2,1,0,3,4,1,2,3,,N,,,,,,,,,,,
2007027971,53.0,5,0,0,0,0,0,0,0,0,3,0,,67,1,2007,4,39.9515,-75.2057,51.0,6,0,0,0,0,0,0,0,0,,0,0,0,0,3,0,2,,0,39 57:05.392,,0,75 12:20.548,0,0,0,0,67301,0,0,0,N,0,0,0,1,67301,0,,1,1,,N,N,,0,,0,0,2,0,0,,50,0,7,0,0,1,0,0,3,4,0,7,3,,N,,,,,,,,,,,
2007047333,410.0,1,0,0,0,0,0,0,0,0,7,0,,67,3,2007,1,39.9631,-75.1792,406.0,6,0,0,0,0,0,0,0,0,,0,0,0,4,3,0,2,,0,39 57:47.160,,0,75 10:44.400,0,0,0,0,67301,0,0,0,N,0,0,0,1,67301,0,,5,1,,N,N,,0,,0,0,0,3,4,,401,0,1,0,0,0,0,0,3,4,0,1,3,,N,,,,,,,,,,,
2007067650,245.0,2,0,0,0,0,0,0,0,0,4,0,,67,5,2007,7,40.0296,-75.1032,242.0,6,0,0,0,0,0,0,0,0,,0,0,0,2,3,1,5,,0,40 01:46.545,,0,75 06:13.959,8,0,0,0,67301,0,0,0,N,0,0,0,3,67301,0,,1,1,,N,N,,0,,0,0,0,3,2,,240,1,2,0,0,0,1,1,3,4,0,2,3,,N,,,,,,,,,,,
2007067976,413.0,0,0,0,0,0,0,0,0,0,8,0,,67,5,2007,7,39.9894,-75.1674,410.0,6,0,0,0,0,0,0,0,0,,0,0,0,4,3,1,0,,0,39 59:21.678,,0,75 10:02.495,4,0,0,0,67301,1,0,0,N,1,0,0,3,67301,1,,1,1,,N,N,,0,,0,0,0,0,0,,400,1,2,0,0,0,0,0,3,4,0,1,3,,N,,,,,,,,,,,
2007047843,1600.0,1,0,0,0,0,0,0,0,0,4,0,,67,2,2007,2,40.0124,-75.1395,1600.0,6,0,0,0,1,0,0,0,0,,0,0,0,16,1,1,1,,0,40 00:44.791,,0,75 08:22.131,8,0,0,0,67301,0,0,0,N,0,0,0,2,67301,0,,1,1,,N,N,,0,,0,0,0,3,2,,1600,1,2,0,0,1,1,0,3,4,1,2,3,,N,,,,,,,,,,,
2007047875,1214.0,1,0,0,0,0,0,0,0,0,4,1,,67,3,2007,5,39.904,-75.2401,1211.0,6,0,0,0,0,0,1,0,0,9.0,0,1,0,12,1,1,1,,1,39 54:14.563,2.0,0,75 14:24.409,8,0,0,0,67301,0,0,0,N,0,0,0,2,67301,0,,1,1,,N,N,,0,,0,0,0,3,2,Y,1200,1,2,0,0,0,1,0,3,4,0,2,3,,N,,,,,,,,,,,
2007058120,1615.0,1,0,0,0,0,0,0,0,0,7,0,,67,4,2007,6,40.1148,-74.9946,1609.0,6,0,0,0,0,0,0,0,0,,0,0,0,16,1,3,0,,0,40 06:53.218,,0,74 59:40.482,4,0,0,0,67301,0,0,0,N,0,0,0,3,67301,3,,2,1,,N,N,,0,,0,0,0,0,0,,1603,3,1,0,0,0,0,0,3,4,0,1,3,,N,,,,,,,,,,,
2007047959,428.0,0,0,0,0,0,0,0,0,0,7,1,,67,2,2007,4,,,414.0,6,0,0,0,0,0,1,0,0,2.0,0,1,0,4,3,1,0,,2,,1.0,0,,8,0,0,0,67301,0,0,0,Y,0,0,0,1,67301,0,,2,7,,N,N,,0,,0,0,0,0,0,N,411,1,1,0,0,0,1,0,3,3,0,1,10,,N,,,,,,,,,,,
2007125138,1553.0,1,0,0,0,0,0,0,0,0,1,0,,67,11,2007,6,40.0492,-75.0514,1550.0,6,0,0,0,0,0,1,1,0,,0,0,0,15,1,1,0,,0,40 02:57.000,,0,75 03:04.980,4,0,0,0,67301,0,0,0,N,0,0,0,3,67301,1,,1,1,,N,N,,1,,0,0,1,0,0,,1550,1,3,0,0,0,0,0,3,4,0,3,3,,N,,,,,,,,,,,
2007109766,1655.0,1,0,0,0,0,0,0,0,0,4,0,,67,9,2007,4,39.9867,-75.2083,1649.0,6,0,0,0,0,0,0,0,0,,0,0,0,16,1,0,2,,0,39 59:11.000,,0,75 12:29.920,0,0,0,0,67301,0,0,0,N,0,0,0,3,67301,0,,1,1,,N,N,,0,,0,0,0,3,3,,1649,0,2,0,0,0,0,0,3,4,1,2,3,,N,,,,,,,,,,,
2007107491,1730.0,1,0,0,0,0,0,0,0,0,8,0,,67,9,2007,6,39.9402,-75.2236,1720.0,6,0,0,0,0,0,0,0,0,,0,0,0,17,1,1,2,,0,39 56:24.781,,0,75 13:24.841,4,0,0,0,67301,1,0,0,N,1,0,0,2,67301,1,,1,1,,N,N,,0,,0,0,0,0,0,,1720,1,2,0,0,0,0,1,3,4,0,1,3,,N,,,,,,,,,,,
2007107495,1930.0,3,0,0,0,0,0,0,0,0,1,0,,67,9,2007,3,39.9378,-75.234,1426.0,6,0,0,0,0,0,1,0,0,1.0,0,0,0,14,1,1,5,,1,39 56:16.000,4.0,0,75 14:02.266,8,0,0,0,67301,0,0,0,,0,0,0,3,67301,0,,1,1,,N,N,,0,,0,0,0,3,2,Y,1425,1,3,0,0,1,1,2,3,4,0,3,3,,N,,,,,,,,,,,
2007045709,1623.0,2,0,0,0,0,0,0,0,0,4,0,,67,2,2007,7,40.0338,-75.0772,1620.0,6,0,0,0,0,0,0,0,0,,0,0,0,15,1,0,1,,0,40 02:01.000,,0,75 04:38.215,9,0,0,0,67301,0,0,0,N,0,0,0,2,67301,0,,1,1,,N,N,,0,,0,0,0,0,0,,1559,0,2,0,0,0,0,2,3,4,0,2,3,,N,,,,,,,,,,,
2007048314,1531.0,1,0,0,0,0,0,1,0,0,1,1,,67,2,2007,3,40.0315,-75.1286,1530.0,6,0,0,0,0,0,1,0,0,2.0,0,0,0,15,1,1,1,,2,40 01:53.367,3.0,0,75 07:43.093,8,0,0,0,67301,0,0,0,N,0,0,0,7,67301,0,,1,6,,Y,N,,0,,0,0,0,3,3,N,1515,1,2,0,0,0,1,1,3,4,0,2,10,,N,,,,,,,,,,,