CRN,ARRIVAL_TM,AUTOMOBILE_COUNT,BELTED_DEATH_COUNT,BELTED_SUSP_SERIOUS_INJ_COUNT,BICYCLE_COUNT,BICYCLE_DEATH_COUNT,BICYCLE_SUSP_SERIOUS_INJ_COUNT,BUS_COUNT,CHLDPAS_DEATH_COUNT,CHLDPAS_SUSP_SERIOUS_INJ_COUNT,COLLISION_TYPE,COMM_VEH_COUNT,CONS_ZONE_SPD_LIM,COUNTY,CRASH_MONTH,CRASH_YEAR,DAY_OF_WEEK,DEC_LAT,DEC_LONG,DISPATCH_TM,DISTRICT,DRIVER_COUNT_16YR,DRIVER_COUNT_17YR,DRIVER_COUNT_18YR,DRIVER_COUNT_19YR,DRIVER_COUNT_20YR,DRIVER_COUNT_50_64YR,DRIVER_COUNT_65_74YR,DRIVER_COUNT_75PLUS,EST_HRS_CLOSED,FATAL_COUNT,HEAVY_TRUCK_COUNT,HORSE_BUGGY_COUNT,HOUR_OF_DAY,ILLUMINATION,INJURY_COUNT,INTERSECT_TYPE,INTERSECTION_RELATED,LANE_CLOSED,LATITUDE,LN_CLOSE_DIR,LOCATION_TYPE,LONGITUDE,MAX_SEVERITY_LEVEL,MCYCLE_DEATH_COUNT,MCYCLE_SUSP_SERIOUS_INJ_COUNT,MOTORCYCLE_COUNT,MUNICIPALITY,NONMOTR_COUNT,NONMOTR_DEATH_COUNT,NONMOTR_SUSP_SERIOUS_INJ_COUNT,NTFY_HIWY_MAINT,PED_COUNT,PED_DEATH_COUNT,PED_SUSP_SERIOUS_INJ_COUNT,PERSON_COUNT,POLICE_AGCY,POSSIBLE_INJ_COUNT,RDWY_SURF_TYPE_CD,RELATION_TO_ROAD,ROAD_CONDITION,ROADWAY_CLEARED,SCH_BUS_IND,SCH_ZONE_IND,SECONDARY_CRASH,SMALL_TRUCK_COUNT,SPEC_JURIS_CD,SUSP_MINOR_INJ_COUNT,SUSP_SERIOUS_INJ_COUNT,SUV_COUNT,TCD_FUNC_CD,TCD_TYPE,TFC_DETOUR_IND,TIME_OF_DAY,TOT_INJ_COUNT,TOTAL_UNITS,UNB_DEATH_COUNT,UNB_SUSP_SERIOUS_INJ_COUNT,UNBELTED_OCC_COUNT,UNK_INJ_DEG_COUNT,UNK_INJ_PER_COUNT,URBAN_AREA,URBAN_RURAL,VAN_COUNT,VEHICLE_COUNT,WEATHER1,WEATHER2,WORK_ZONE_IND,WORK_ZONE_LOC,WORK_ZONE_TYPE,WORKERS_PRES,WZ_CLOSE_DETOUR,WZ_FLAGGER,WZ_LAW_OFFCR_IND,WZ_LN_CLOSURE,WZ_MOVING,WZ_OTHER,WZ_SHLDER_MDN,WZ_WORKERS_INJ_KILLED
2007046040,1825.0,1,0,0,0,0,0,0,0,0,4,0,,67,2,2007,4,39.8846,-75.2441,1823.0,6,0,0,0,0,0,0,0,0,1.0,0,0,0,99,3,1,0,,1,39 53:04.679,2.0,0,75 14:38.883,4,0,0,0,67301,0,0,0,N,0,0,0,1,67301,1,,1,6,,N,N,,0,,0,0,0,0,0,N,9999,1,2,0,0,0,0,0,3,4,0,1,10,,N,,,,,,,,,,,
2008008075,645.0,0,0,0,0,0,0,1,0,0,5,1,,67,11,2007,1,39.9838,-75.1848,638.0,6,0,0,0,0,0,2,0,0,,0,0,0,6,5,1,1,,0,39 59:01.550,,0,75 11:05.247,8,0,0,0,67301,0,0,0,N,0,0,0,6,67301,0,,1,1,,Y,N,,1,,0,0,0,9,3,,635,1,2,0,0,0,1,0,3,4,0,2,3,,N,,,,,,,,,,,
2008004891,100.0,1,0,0,0,0,0,0,0,0,4,0,,67,11,2007,1,39.9483,-75.2342,50.0,6,0,0,0,0,0,0,0,0,,0,0,0,0,3,1,2,,0,39 56:53.790,,0,75 14:02.954,4,0,0,0,67301,0,0,0,,0,0,0,2,67301,1,,1,1,,N,N,,0,,0,0,1,0,0,,45,1,2,0,0,0,0,1,3,4,0,2,3,,N,,,,,,,,,,,
2008004919,705.0,2,0,0,0,0,0,0,0,0,4,0,,67,11,2007,7,40.0581,-75.139,700.0,6,0,0,0,0,0,0,0,0,,0,0,0,7,1,1,1,,0,40 03:29.249,,0,75 08:20.370,8,0,0,0,67301,0,0,0,N,0,0,0,2,67301,0,,1,1,,N,N,,0,,0,0,0,3,2,,700,1,2,0,0,1,1,0,3,4,0,2,3,,N,,,,,,,,,,,
2008005006,344.0,0,0,0,0,0,0,0,0,0,7,0,,67,11,2007,3,39.9822,-75.2075,343.0,6,0,0,0,1,0,0,0,0,1.0,0,0,0,3,3,0,0,,1,39 59:00.000,4.0,0,75 12:28.943,0,0,0,0,67301,0,0,0,N,0,0,0,1,68K01,0,,3,9,,N,N,,0,,0,0,1,0,0,N,343,0,1,0,0,0,0,0,3,4,0,1,3,,N,,,,,,,,,,,
2008008059,916.0,0,0,0,0,0,0,0,0,0,7,0,,67,11,2007,4,40.0229,-75.1632,913.0,6,0,0,0,0,0,0,0,0,,0,0,0,9,1,1,1,,0,40 01:22.000,,0,75 09:47.577,4,0,0,0,67301,0,0,0,N,0,0,0,1,67301,1,,5,1,,N,N,,0,,0,0,0,3,3,,912,1,1,0,0,0,0,0,3,4,1,1,3,,N,,,,,,,,,,,
2008000680,745.0,2,0,0,0,0,0,0,0,0,1,0,,67,10,2007,6,40.008,-75.1723,740.0,6,0,0,0,0,0,0,0,0,,0,0,0,7,1,1,0,,0,40 00:28.687,,0,75 10:20.113,4,0,0,0,67301,0,0,0,,0,0,0,2,67301,1,,1,9,,,,,0,,0,0,0,0,0,,738,1,2,0,0,0,0,0,3,4,0,2,7,,N,,,,,,,,,,,
2008025187,35.0,1,0,0,0,0,0,0,0,0,2,0,,67,12,2007,7,40.0342,-75.1556,30.0,6,0,0,0,0,0,0,0,0,,0,0,0,0,3,1,0,,0,40 02:03.290,,0,75 09:19.989,4,0,0,0,67301,0,0,0,N,0,0,0,2,67301,1,,1,9,,N,N,,0,,0,0,1,0,0,,25,1,2,0,0,0,0,0,3,4,0,2,7,,N,,,,,,,,,,,
2008022725,420.0,2,0,0,0,0,0,0,0,0,5,0,,67,12,2007,1,39.9924,-75.1651,414.0,6,0,0,0,0,0,0,0,0,,0,0,0,3,3,1,0,,0,39 59:32.526,,0,75 09:54.304,2,0,0,0,67301,0,0,0,N,0,0,0,1,67301,0,,6,1,,N,N,,0,,0,1,0,0,0,,347,1,2,0,0,0,0,0,3,4,0,2,3,,N,,,,,,,,,,,
2008032577,,3,0,0,0,0,0,0,0,0,1,0,,67,2,2007,1,39.9169,-75.216,,6,0,0,0,0,0,1,0,0,,0,0,0,1,6,3,2,,0,39 55:00.000,,0,75 12:57.138,8,0,0,0,67301,0,0,0,N,0,0,0,5,,0,,1,1,,N,N,,0,,0,0,0,3,2,,130,3,3,0,0,0,3,0,3,4,0,3,3,,N,,,,,,,,,,,
2008062161,43.0,2,0,0,0,0,0,0,0,0,1,0,,67,12,2007,5,39.9169,-75.216,41.0,6,0,0,0,0,0,0,0,0,,0,0,0,0,3,0,1,,0,39 55:05.901,,0,75 12:31.948,9,0,0,0,67301,0,0,0,N,0,0,0,5,67301,0,,1,9,,N,N,,0,,0,0,0,3,2,,30,0,2,0,0,0,0,4,3,4,0,2,7,,N,,,,,,,,,,,
2008009186,1740.0,1,0,0,0,0,0,0,0,0,4,0,,67,11,2007,5,39.9776,-75.2109,1705.0,6,0,0,0,0,0,1,0,0,,0,0,0,17,3,1,1,,0,39 58:39.309,,0,75 12:39.283,3,0,0,0,67301,0,0,0,,0,0,0,2,67301,0,,1,1,,Y,N,,0,,1,0,1,9,3,,1700,1,2,0,0,0,0,1,3,4,0,2,7,,N,,,,,,,,,,,
2008034329,,1,0,0,0,0,0,0,0,0,1,0,,67,9,2007,6,40.0008,-75.2272,,6,0,0,0,0,0,1,0,0,,0,0,0,6,5,1,0,,0,40 00:06.000,,0,75 13:29.900,3,0,0,0,67301,0,0,0,N,0,0,0,2,,0,,1,1,,N,N,,0,,1,0,1,3,2,,645,1,2,0,0,0,0,1,3,4,0,2,3,,N,,,,,,,,,,,
2008007010,1429.0,2,0,0,0,0,0,0,0,0,1,0,,67,10,2007,4,39.9839,-75.2082,1425.0,6,0,0,0,0,0,1,0,0,,0,0,0,14,1,0,0,,0,39 59:06.000,,0,75 12:29.524,0,0,0,0,67301,0,0,0,N,0,0,0,3,68K01,0,,1,1,,N,N,,1,,0,0,0,0,0,,1424,0,3,0,0,0,0,0,3,4,0,3,3,,N,,,,,,,,,,,
2008002173,1400.0,3,0,0,0,0,0,0,0,0,1,0,,67,10,2007,7,39.9956,-75.1976,1357.0,6,0,0,0,0,0,0,0,0,,0,0,0,13,1,3,0,,0,39 59:44.000,,0,75 11:50.948,4,0,0,0,67301,0,0,0,N,0,0,0,4,68K01,3,,1,1,,N,N,,0,,0,0,0,0,0,,1357,3,3,0,0,0,0,1,3,4,0,3,3,,N,,,,,,,,,,,
2008002175,1740.0,1,0,0,0,0,0,0,0,0,1,0,,67,11,2007,1,39.9954,-75.1978,1740.0,6,0,0,0,0,0,1,0,0,,0,0,0,17,2,0,0,,0,39 59:44.000,,0,75 11:51.578,0,0,0,0,67301,0,0,0,N,0,0,0,3,68K01,0,,1,1,,N,N,,0,,0,0,1,0,0,,1739,0,2,0,0,0,0,0,3,4,0,2,3,,N,,,,,,,,,,,
2008016818,1909.0,1,0,0,1,0,0,0,0,0,5,0,,67,12,2007,5,39.985,-75.1707,1906.0,6,0,0,0,0,0,0,0,0,,0,0,0,99,3,1,1,,0,39 59:06.021,,0,75 10:14.671,8,0,0,0,67301,1,0,0,,0,0,0,4,67301,0,,1,9,,,,,0,,0,0,0,3,3,,9999,1,2,0,0,0,1,0,3,4,0,1,7,,N,,,,,,,,,,,
2008006654,2206.0,4,0,0,0,0,0,0,0,0,4,0,,67,11,2007,4,39.949,-75.2272,2204.0,6,0,0,0,0,1,0,0,0,9.0,0,0,0,22,3,4,1,,2,39 56:56.000,5.0,0,75 13:37.797,4,0,0,0,67301,1,0,0,N,1,0,0,4,67301,4,,1,1,,N,N,,0,,0,0,0,9,2,Y,2202,4,5,0,0,1,0,0,3,4,0,4,3,,N,,,,,,,,,,,
2008024363,1914.0,0,0,0,0,0,0,0,0,0,7,0,,67,12,2007,5,40.0247,-75.0361,1909.0,6,0,0,0,0,0,0,0,0,2.0,0,0,0,19,3,0,0,,2,40 01:29.000,2.0,2,75 02:10.051,0,0,0,0,67301,0,0,0,,0,0,0,1,67301,0,,2,1,,N,N,,0,,0,0,1,0,0,Y,1908,0,1,0,0,0,0,0,3,4,0,1,3,,N,,,,,,,,,,,
2008024408,625.0,2,0,0,0,0,0,0,0,0,4,0,,67,12,2007,1,40.0262,-75.1692,620.0,6,0,0,0,0,0,1,0,0,,0,0,0,6,3,2,1,,0,40 01:34.000,,0,75 10:09.085,4,0,0,0,67301,1,0,0,,0,0,0,3,67301,2,,1,9,,N,N,,1,,0,0,0,3,2,,615,2,3,0,0,0,0,0,3,4,0,3,7,,N,,,,,,,,,,,
2008024409,1257.0,1,0,0,0,0,0,0,0,0,4,0,,67,12,2007,2,40.0107,-75.1627,1255.0,6,0,0,0,0,0,0,0,1,1.0,0,0,0,99,1,2,2,,1,40 00:38.000,3.0,0,75 09:45.580,8,0,0,0,67301,0,0,0,,0,0,0,2,67301,0,,1,1,,,,,1,,0,0,0,3,3,N,9999,2,2,0,0,0,2,0,3,4,0,2,3,,N,,,,,,,,,,,
2008024414,1100.0,1,0,0,0,0,0,0,0,0,2,0,,67,12,2007,1,40.0012,-75.0972,1050.0,6,0,0,0,0,0,0,0,0,,0,0,0,10,1,1,2,,0,40 00:04.000,,0,75 05:49.913,3,0,0,0,67301,0,0,0,N,0,0,0,2,67301,0,,1,9,,N,N,,1,,1,0,0,3,3,,1000,1,2,0,0,0,0,0,3,4,0,2,7,,N,,,,,,,,,,,
2008016934,1302.0,1,0,0,0,0,0,0,0,0,5,0,,67,11,2007,2,40.1317,-75.1225,1300.0,6,0,0,0,0,0,0,0,0,,0,0,0,12,1,0,0,,0,40 07:54.102,,0,75 07:20.962,0,0,0,0,67301,0,0,0,,0,0,0,2,67301,0,,1,9,,,,,0,,0,0,1,0,0,,1255,0,2,0,0,0,0,0,3,4,0,2,7,5.0,N,,,,,,,,,,,
2007122386,2024.0,2,0,0,0,0,0,0,0,0,1,0,,67,10,2007,6,39.9946,-75.1985,2021.0,6,0,0,0,1,0,0,0,0,,0,0,0,20,3,0,0,,0,39 59:43.800,,0,75 11:51.720,0,0,0,0,67301,0,0,0,N,0,0,0,5,68K01,0,,1,9,,N,N,,0,,0,0,0,0,0,,2019,0,2,0,0,0,0,0,3,4,0,2,7,,N,,,,,,,,,,,
2007080494,636.0,1,0,0,0,0,0,0,0,0,4,0,,67,6,2007,7,39.9933,-75.186,631.0,6,0,0,0,0,0,0,0,0,,0,0,0,6,1,0,1,,0,39 59:35.829,,0,75 11:09.657,0,0,0,0,67301,0,0,0,N,0,0,0,2,67301,0,,1,1,,N,N,,1,,0,0,0,3,2,,629,0,2,0,0,0,0,0,3,4,0,2,3,,N,,,,,,,,,,,
2007107049,1524.0,3,0,0,0,0,0,0,0,0,1,0,,67,9,2007,1,40.0178,-75.0484,1514.0,6,0,0,0,0,0,0,0,0,1.0,0,0,0,15,1,0,0,,2,40 01:04.440,1.0,0,75 02:53.520,9,0,0,0,67301,0,0,0,N,0,0,0,5,67301,0,,1,1,,N,N,,0,,0,0,0,0,0,N,1514,0,3,0,0,0,0,1,3,4,0,3,3,,N,,,,,,,,,,,
2007120700,1600.0,1,0,0,1,0,0,0,0,0,8,0,,67,10,2007,6,39.9997,-75.0689,1554.0,6,0,0,0,0,0,1,0,0,,0,0,0,15,1,1,0,,0,39 59:58.724,,0,75 04:08.063,4,0,0,0,67301,1,0,0,N,0,0,0,2,67301,1,,1,9,,N,N,,0,,0,0,0,0,0,,1550,1,2,0,0,0,0,0,3,4,0,1,7,,N,,,,,,,,,,,
2007027949,1435.0,1,0,0,0,0,0,0,0,0,7,0,,67,1,2007,7,40.0023,-75.0737,1432.0,6,0,0,0,0,0,0,0,0,,0,0,0,14,1,1,0,,0,40 00:08.316,,0,75 04:25.190,4,0,0,0,67301,0,0,0,N,0,0,0,1,67301,1,,2,1,,N,N,,0,,0,0,0,0,0,,1430,1,1,0,0,0,0,0,3,4,0,1,3,,N,,,,,,,,,,,
2007023067,1155.0,1,0,0,0,0,0,0,0,0,5,0,,67,1,2007,2,39.9333,-75.2001,1155.0,6,0,0,0,0,0,0,0,0,,0,0,0,11,1,1,3,,0,39 55:56.000,,0,75 12:00.597,8,0,0,0,67301,0,0,0,,0,0,0,3,67301,0,,1,9,,,,,1,,0,0,0,3,8,,1145,1,2,0,0,0,1,0,3,4,0,2,7,,N,,,,,,,,,,,
2007047555,2120.0,1,0,0,0,0,0,0,0,0,8,0,,67,2,2007,2,40.0205,-75.1924,2116.0,6,0,0,0,1,0,0,0,0,,0,0,0,21,3,1,1,,0,40 01:13.000,,0,75 11:32.576,4,0,0,0,67301,1,0,0,N,1,0,0,2,67301,1,,1,2,,N,N,,0,,0,0,0,3,1,,2112,1,2,0,0,0,0,0,3,4,0,1,3,,N,,,,,,,,,,,
2007067636,9999.0,3,0,0,0,0,0,0,0,0,4,0,,67,4,2007,3,39.9887,-75.1502,,6,0,0,0,0,0,0,0,0,,0,0,0,8,3,1,1,,0,39 59:19.266,,0,75 09:00.878,8,0,0,0,67301,0,0,0,N,0,0,0,2,67301,0,,1,1,,N,N,,0,,0,0,0,9,3,,800,1,3,0,0,0,1,1,3,4,0,3,3,,N,,,,,,,,,,,
2007067719,1400.0,1,0,0,0,0,0,0,0,0,4,0,,67,5,2007,2,39.9943,-75.1577,1330.0,6,0,0,0,0,0,1,0,0,,0,0,0,13,1,3,1,,0,39 59:39.000,,0,75 09:27.820,8,0,0,0,67301,0,0,0,N,0,0,0,4,67301,0,,1,1,,N,N,,1,,0,0,0,3,2,,1330,3,2,0,0,0,3,0,3,4,0,2,3,,N,,,,,,,,,,,
2007112008,1810.0,1,0,0,0,0,0,0,0,0,1,0,,67,5,2007,2,39.9828,-75.1883,1801.0,6,0,0,0,0,0,1,0,0,,0,0,0,17,1,0,2,,0,39 58:58.000,,0,75 11:18.027,0,0,0,0,67301,0,0,0,N,0,0,0,2,67301,0,,1,1,,N,N,,0,,0,0,1,9,2,,1758,0,2,0,0,0,0,0,3,4,0,2,3,,N,,,,,,,,,,,
2007106960,920.0,2,0,0,0,0,0,0,0,0,1,0,,67,9,2007,7,39.9447,-75.191,920.0,6,0,0,1,0,0,0,0,0,,0,0,0,9,1,0,0,,0,39 56:41.000,,2,75 11:27.599,0,0,0,0,67301,0,0,0,N,0,0,0,2,68K01,0,,1,1,,N,N,,0,,0,0,0,0,0,,918,0,2,0,0,0,0,0,3,4,0,2,3,,N,,,,,,,,,,,
2007107014,417.0,0,0,0,0,0,0,0,0,0,7,0,,67,9,2007,7,40.0153,-75.2059,415.0,6,0,0,0,0,0,0,0,0,,0,0,0,4,3,0,10,,0,40 00:55.125,,0,75 12:21.179,0,0,0,0,67301,0,0,0,N,0,0,0,1,67301,0,,4,1,,N,N,,0,,0,0,1,0,0,,415,0,1,0,0,0,0,0,3,4,0,1,3,,N,,,,,,,,,,,
2007047908,1608.0,1,0,0,0,0,0,1,0,0,1,1,,67,3,2007,4,40.0251,-75.1182,1601.0,6,0,0,0,0,0,1,0,0,,0,0,0,16,1,2,1,,0,40 01:30.360,,0,75 07:05.462,3,0,0,0,67301,0,0,0,N,0,0,0,7,67301,0,,1,1,,Y,N,,0,,2,0,0,0,0,,1600,2,2,0,0,0,0,0,3,4,0,2,3,,N,,,,,,,,,,,
2007047966,1430.0,0,0,0,0,0,0,0,0,0,5,0,,67,3,2007,2,40.108,-74.9967,1430.0,6,0,0,0,0,0,0,0,0,1.0,0,0,0,14,1,0,0,,1,40 06:28.800,4.0,0,74 59:48.120,9,0,0,0,67301,0,0,0,Y,0,0,0,2,67301,0,,1,1,,N,N,,0,,0,0,1,0,0,N,1430,0,2,0,0,0,0,1,3,4,0,2,3,,N,,,,,,,,,,,
2007093572,2054.0,1,0,1,0,0,0,0,0,0,4,0,,67,7,2007,5,40.0232,-75.1367,2047.0,6,0,0,0,0,0,0,0,0,9.0,0,0,0,20,4,4,5,,2,40 01:23.000,2.0,0,75 08:13.162,2,0,0,0,67301,0,0,0,N,0,0,0,4,67301,0,,1,1,,N,N,,0,,3,1,0,3,2,Y,2043,4,2,0,0,0,0,0,3,4,1,2,3,,N,,,,,,,,,,,
2007107361,910.0,0,0,0,0,0,0,1,0,0,1,1,,67,9,2007,5,39.9159,-75.2453,905.0,6,0,0,0,0,0,0,0,0,,0,1,0,8,1,1,2,,0,39 54:57.000,,0,75 14:42.963,4,0,0,0,67301,0,0,0,N,0,0,0,3,67301,1,,1,1,,N,N,,0,,0,0,0,0,0,,858,1,2,0,0,2,0,0,3,4,0,2,3,,N,,,,,,,,,,,
2007045710,9999.0,1,0,0,0,0,0,0,0,0,4,0,,67,2,2007,4,39.9904,-75.087,1638.0,6,0,0,0,0,0,0,0,0,,0,0,0,16,1,0,2,,0,39 59:25.000,,0,75 05:13.068,0,0,0,0,67301,0,0,0,N,0,0,0,3,67301,0,,1,6,,N,N,,1,,0,0,2,3,3,,1630,0,5,0,0,0,0,0,3,4,0,5,10,,N,,,,,,,,,,,
2007048324,1641.0,0,0,0,0,0,0,0,0,0,8,0,,67,3,2007,2,39.9698,-75.1415,1640.0,6,0,0,0,0,0,0,0,0,,0,0,0,16,1,1,5,,0,39 58:11.000,,0,75 08:29.318,4,0,0,0,67301,1,0,0,N,1,0,0,2,67301,1,,1,1,,N,N,,0,,0,0,0,3,2,,1635,1,2,0,0,0,0,0,3,4,1,1,3,,N,,,,,,,,,,,
2007092908,1224.0,0,0,0,0,0,0,0,0,0,1,0,,67,7,2007,5,39.9891,-75.0896,1220.0,6,0,0,0,0,0,0,0,0,,0,0,0,12,1,1,1,,0,39 59:20.000,,0,75 05:22.627,8,0,0,0,67301,0,0,0,N,0,0,0,2,67301,0,,1,1,,N,N,,1,,0,0,0,0,0,,1205,1,2,0,0,0,1,1,3,4,1,2,3,,N,,,,,,,,,,,
2008017488,1020.0,0,0,0,0,0,0,0,0,0,8,0,,67,9,2007,1,39.9883,-75.1838,1020.0,6,0,0,0,0,0,0,0,0,,0,0,0,14,1,1,1,,0,39 59:17.750,,0,75 11:01.593,3,0,0,0,67301,1,0,0,,1,0,0,2,67301,0,,1,1,,,,,0,,1,0,0,0,0,,1420,1,2,0,0,0,0,1,3,4,0,1,3,,N,,,,,,,,,,,
2008007257,840.0,1,0,0,0,0,0,0,0,0,1,1,,67,11,2007,4,40.0076,-75.1273,840.0,6,0,0,0,0,0,1,0,0,,0,1,0,8,1,1,1,,0,40 00:27.000,,0,75 07:38.377,3,0,0,0,67301,0,0,0,N,0,0,0,3,67301,0,,1,1,,,N,,0,,1,0,0,3,2,,831,1,2,0,0,0,0,0,3,4,0,2,3,,N,,,,,,,,,,,
2008007291,2005.0,1,0,0,0,0,0,0,0,0,7,0,,67,11,2007,2,39.9696,-75.1864,2000.0,6,0,0,0,0,0,0,0,0,1.0,0,0,0,20,3,1,0,,1,39 58:10.000,5.0,0,75 11:10.996,4,0,0,0,67301,0,0,0,N,0,0,0,1,67301,1,,2,9,,N,N,,0,,0,0,0,0,0,N,2000,1,1,0,0,0,0,0,3,4,0,1,7,,N,,,,,,,,,,,
2008007293,743.0,2,0,0,0,0,0,0,0,0,4,0,,67,11,2007,3,40.0177,-75.2021,740.0,6,0,0,0,0,0,0,0,0,1.0,0,0,0,7,1,3,0,,2,40 01:03.874,1.0,0,75 12:07.615,4,0,0,0,67301,0,0,0,N,0,0,0,4,67301,3,,1,9,,N,N,,0,,0,0,0,0,0,N,739,3,2,0,0,0,0,0,3,4,0,2,3,,N,,,,,,,,,,,
2008004909,1432.0,0,0,0,0,0,0,0,0,0,1,1,,67,11,2007,5,39.9985,-75.1535,1430.0,6,0,0,0,0,0,0,0,0,,0,1,0,14,1,1,1,,0,39 59:54.000,,0,75 09:12.498,4,0,0,0,67301,0,0,0,N,0,0,0,4,67301,1,,1,9,,N,N,,0,,0,0,0,3,2,,1415,1,2,0,0,4,0,0,3,4,1,2,7,,N,,,,,,,,,,,
2008004924,655.0,1,0,0,0,0,0,1,0,0,4,1,,67,11,2007,7,39.9763,-75.2267,650.0,6,0,0,0,0,0,0,0,0,,0,0,0,6,1,0,0,,0,39 58:34.000,,0,75 13:36.234,0,0,0,0,67301,0,0,0,N,0,0,0,3,67301,0,,1,1,,N,N,,0,,0,0,0,0,0,,645,0,2,0,0,0,0,0,3,4,0,2,3,,N,,,,,,,,,,,
2008005204,1258.0,3,0,0,0,0,0,0,0,0,4,0,,67,11,2007,2,39.979,-75.1602,1258.0,6,0,0,0,0,0,1,0,0,3.0,0,0,0,12,1,3,1,,2,39 58:44.000,7.0,0,75 09:36.809,8,0,0,0,67301,0,0,0,,0,0,0,3,67301,0,,1,1,,N,N,,0,,0,0,0,3,3,Y,1258,3,3,0,0,0,3,0,3,4,0,3,3,,N,,,,,,,,,,,
2008005771,1250.0,1,0,0,0,0,0,0,0,0,4,0,,67,11,2007,2,40.047,-75.005,1244.0,6,0,0,0,0,0,0,0,0,,0,0,0,12,1,2,0,,0,40 02:49.000,,7,75 00:17.863,4,0,0,0,67301,0,0,0,N,0,0,0,5,67301,2,,1,9,,N,N,,0,,0,0,0,0,0,,1235,2,2,0,0,0,0,0,3,4,1,2,7,,N,,,,,,,,,,,
2008044587,1801.0,2,0,0,0,0,0,0,0,0,1,0,,67,11,2007,6,39.9773,-75.2002,1801.0,6,0,0,0,0,0,0,0,0,,0,0,0,18,3,1,0,,0,39 58:40.000,,0,75 12:05.385,4,0,0,0,67301,0,0,0,N,0,0,0,3,68K01,1,,1,9,,N,N,,0,,0,0,0,0,0,,1801,1,2,0,0,0,0,1,3,4,0,2,7,,N,,,,,,,,,,,
2008016051,2146.0,1,0,0,0,0,0,0,0,0,8,0,,67,12,2007,2,39.9333,-75.1436,2142.0,6,0,0,0,0,0,0,0,0,,0,0,0,21,3,1,1,,0,39 56:00.000,,0,75 08:36.870,8,0,0,0,67301,1,0,0,N,1,0,0,2,67301,0,,1,1,,N,N,,0,,0,0,0,3,2,,2140,1,2,0,0,0,1,0,3,4,0,1,3,,N,,,,,,,,,,,
2008034473,,0,0,0,0,0,0,0,0,0,8,0,,67,6,2007,2,40.0184,-75.0802,,6,0,0,0,0,0,0,0,0,,0,0,0,99,1,1,0,,0,40 01:06.175,,0,75 04:48.747,4,0,0,0,67301,1,0,0,,1,0,0,2,,1,,1,1,,,,,1,,0,0,0,0,0,,9999,1,2,0,0,0,0,0,3,4,0,1,3,,N,,,,,,,,,,,
2008015735,1440.0,1,0,0,0,0,0,0,0,0,4,0,,67,10,2007,2,39.9871,-75.1223,1435.0,6,0,0,0,0,0,0,0,0,,1,0,0,99,1,5,1,,0,39 59:13.000,,0,75 07:20.404,1,0,0,0,67301,0,0,0,N,0,0,0,7,67301,0,2.0,1,1,,N,N,,0,0.0,1,1,1,3,2,,9999,5,2,0,1,5,3,0,3,4,0,2,3,,N,,,,,,,,,,,
2008023807,915.0,1,0,0,0,0,0,0,0,0,8,0,,67,12,2007,5,39.9527,-75.1578,905.0,6,0,0,0,0,0,0,0,0,,0,0,0,8,1,1,1,,0,39 57:09.766,,0,75 09:27.917,4,0,0,0,67301,1,0,0,N,1,0,0,2,67301,1,,1,9,,N,N,,0,,0,0,0,3,2,,815,1,2,0,0,0,0,0,3,4,0,1,7,,N,,,,,,,,,,,
2008023890,1128.0,2,0,0,0,0,0,0,0,0,1,0,,67,12,2007,6,40.0475,-75.1428,1126.0,6,0,0,0,0,0,0,1,0,,0,0,0,11,1,1,0,,0,40 02:51.000,,0,75 08:34.399,4,0,0,0,67301,0,0,0,N,0,0,0,2,67301,1,,1,1,,N,N,,0,,0,0,0,3,2,,1124,1,2,0,0,0,0,0,3,4,0,2,3,,N,,,,,,,,,,,
2008006908,1203.0,1,0,0,0,0,0,0,0,0,8,0,,67,11,2007,6,39.9553,-75.1983,1203.0,6,0,0,0,0,0,0,0,0,,0,0,0,12,1,1,2,,0,39 57:21.000,,0,75 11:53.419,8,0,0,0,67301,1,0,0,N,1,0,0,3,67504,0,,1,1,,N,N,,0,,0,0,0,0,0,,1200,1,2,0,0,0,1,0,3,4,0,1,3,,N,,,,,,,,,,,
2008016464,1122.0,1,0,0,1,0,0,0,0,0,5,0,,67,12,2007,7,40.0269,-75.0662,1120.0,6,0,0,0,0,0,0,0,0,,0,0,0,11,1,1,0,,0,40 01:37.000,,0,75 03:58.311,8,0,0,0,67301,1,0,0,N,0,0,0,2,67301,0,,6,1,,N,N,,0,,0,0,0,0,0,,1115,1,2,0,0,0,1,0,3,4,0,1,3,,N,,,,,,,,,,,
2008009480,2253.0,0,0,0,0,0,0,0,0,0,8,0,,67,11,2007,4,39.9116,-75.2429,2251.0,6,0,0,0,0,0,0,0,0,9.0,0,0,0,22,3,1,0,,2,39 54:41.000,5.0,0,75 14:34.482,8,0,0,0,67301,1,0,0,N,1,0,0,2,67301,0,,1,1,,N,N,,0,,0,0,0,0,0,Y,2249,1,2,0,0,0,1,0,3,4,0,1,3,,N,,,,,,,,,,,
2008024224,2005.0,0,0,0,0,0,0,0,0,0,8,0,,67,12,2007,3,39.9682,-75.2251,2002.0,6,0,0,0,0,0,1,0,0,2.0,0,0,0,20,3,1,1,,1,39 58:05.000,1.0,0,75 13:30.499,4,0,0,0,67301,1,0,0,N,1,0,0,3,67301,1,,1,1,,N,N,,0,,0,0,0,3,2,N,2000,1,2,0,0,0,0,0,3,4,1,1,3,,N,,,,,,,,,,,