CRN,ARRIVAL_TM,AUTOMOBILE_COUNT,BELTED_DEATH_COUNT,BELTED_SUSP_SERIOUS_INJ_COUNT,BICYCLE_COUNT,BICYCLE_DEATH_COUNT,BICYCLE_SUSP_SERIOUS_INJ_COUNT,BUS_COUNT,CHLDPAS_DEATH_COUNT,CHLDPAS_SUSP_SERIOUS_INJ_COUNT,COLLISION_TYPE,COMM_VEH_COUNT,CONS_ZONE_SPD_LIM,COUNTY,CRASH_MONTH,CRASH_YEAR,DAY_OF_WEEK,DEC_LAT,DEC_LONG,DISPATCH_TM,DISTRICT,DRIVER_COUNT_16YR,DRIVER_COUNT_17YR,DRIVER_COUNT_18YR,DRIVER_COUNT_19YR,DRIVER_COUNT_20YR,DRIVER_COUNT_50_64YR,DRIVER_COUNT_65_74YR,DRIVER_COUNT_75PLUS,EST_HRS_CLOSED,FATAL_COUNT,HEAVY_TRUCK_COUNT,HORSE_BUGGY_COUNT,HOUR_OF_DAY,ILLUMINATION,INJURY_COUNT,INTERSECT_TYPE,INTERSECTION_RELATED,LANE_CLOSED,LATITUDE,LN_CLOSE_DIR,LOCATION_TYPE,LONGITUDE,MAX_SEVERITY_LEVEL,MCYCLE_DEATH_COUNT,MCYCLE_SUSP_SERIOUS_INJ_COUNT,MOTORCYCLE_COUNT,MUNICIPALITY,NONMOTR_COUNT,NONMOTR_DEATH_COUNT,NONMOTR_SUSP_SERIOUS_INJ_COUNT,NTFY_HIWY_MAINT,PED_COUNT,PED_DEATH_COUNT,PED_SUSP_SERIOUS_INJ_COUNT,PERSON_COUNT,POLICE_AGCY,POSSIBLE_INJ_COUNT,RDWY_SURF_TYPE_CD,RELATION_TO_ROAD,ROAD_CONDITION,ROADWAY_CLEARED,SCH_BUS_IND,SCH_ZONE_IND,SECONDARY_CRASH,SMALL_TRUCK_COUNT,SPEC_JURIS_CD,SUSP_MINOR_INJ_COUNT,SUSP_SERIOUS_INJ_COUNT,SUV_COUNT,TCD_FUNC_CD,TCD_TYPE,TFC_DETOUR_IND,TIME_OF_DAY,TOT_INJ_COUNT,TOTAL_UNITS,UNB_DEATH_COUNT,UNB_SUSP_SERIOUS_INJ_COUNT,UNBELTED_OCC_COUNT,UNK_INJ_DEG_COUNT,UNK_INJ_PER_COUNT,URBAN_AREA,URBAN_RURAL,VAN_COUNT,VEHICLE_COUNT,WEATHER1,WEATHER2,WORK_ZONE_IND,WORK_ZONE_LOC,WORK_ZONE_TYPE,WORKERS_PRES,WZ_CLOSE_DETOUR,WZ_FLAGGER,WZ_LAW_OFFCR_IND,WZ_LN_CLOSURE,WZ_MOVING,WZ_OTHER,WZ_SHLDER_MDN,WZ_WORKERS_INJ_KILLED
2008016965,1805.0,0,0,0,0,0,0,0,0,0,4,0,,67,12,2007,5,39.9909,-75.1316,1803.0,6,0,0,0,0,0,0,0,0,,0,0,0,17,3,1,0,,0,39 59:27.000,,0,75 07:53.682,4,0,0,0,67301,0,0,0,,0,0,0,6,67301,1,,1,2,,N,N,,0,,0,0,1,0,0,,1750,1,2,0,0,0,0,0,3,4,1,2,10,,N,,,,,,,,,,,
2008017011,1210.0,2,0,0,0,0,0,0,0,0,4,0,,67,12,2007,2,39.9509,-75.2431,1210.0,6,0,0,0,0,0,1,0,0,,0,0,0,12,1,2,1,,0,39 57:03.394,,0,75 14:35.134,8,0,0,0,67301,0,0,0,,0,0,0,3,67301,0,,1,1,,,,,0,,0,0,0,3,2,,1200,2,2,0,0,0,2,1,3,4,0,2,3,,N,,,,,,,,,,,
2008017320,1225.0,2,0,0,0,0,0,0,0,0,4,0,,67,11,2007,7,40.0474,-75.1429,1200.0,6,0,0,0,0,0,1,0,0,,0,0,0,12,1,2,0,,0,40 02:50.000,,0,75 08:34.509,4,0,0,0,67301,0,0,0,N,0,0,0,4,67301,1,,1,1,,,,,0,,0,0,0,0,0,,1200,2,2,0,0,0,1,1,3,4,0,2,3,,N,,,,,,,,,,,
2008017350,2145.0,2,0,0,0,0,0,0,0,0,4,0,,67,12,2007,1,39.9585,-75.2476,2140.0,6,0,0,0,0,0,0,0,0,,0,0,0,21,3,2,2,,0,39 57:30.000,,0,75 14:51.320,4,0,0,0,67301,0,0,0,N,0,0,0,3,67301,2,,1,1,,N,N,,0,,0,0,0,0,0,,2140,2,2,0,0,0,0,0,3,4,0,2,3,,N,,,,,,,,,,,
2008017221,2133.0,1,0,0,0,0,0,0,0,0,5,1,,67,12,2007,5,39.9787,-75.1095,2131.0,6,0,0,0,0,0,0,0,0,1.0,0,1,0,21,3,1,0,,2,39 58:43.000,1.0,0,75 06:34.290,4,0,0,0,67301,0,0,0,N,0,0,0,2,67301,1,,1,1,,N,N,,0,,0,0,0,0,0,N,2129,1,2,0,0,0,0,0,3,4,0,2,3,,N,,,,,,,,,,,
2008017380,1308.0,0,0,0,0,0,0,0,0,0,8,0,,67,12,2007,6,39.963,-75.1584,1308.0,6,0,0,0,0,0,0,0,0,,0,0,0,0,2,1,2,,0,39 57:46.000,,0,75 09:30.342,4,0,0,0,67301,1,0,0,N,1,0,0,2,67301,1,,1,1,,N,N,,1,,0,0,0,3,2,,13,1,2,0,0,0,0,0,3,4,0,1,3,,N,,,,,,,,,,,
2008017411,1135.0,2,0,0,0,0,0,0,0,0,4,0,,67,12,2007,3,39.961,-75.1414,1130.0,6,0,0,0,0,0,0,0,1,,0,0,0,11,1,1,1,,0,39 57:39.445,,0,75 08:28.910,4,0,0,0,67301,0,0,0,N,0,0,0,2,67301,1,,1,1,,N,N,,0,,0,0,0,3,3,,1130,1,2,0,0,0,0,0,3,4,0,2,3,,N,,,,,,,,,,,
2007067133,1310.0,2,0,0,0,0,0,0,0,0,4,0,,67,4,2007,5,40.0403,-75.0584,1305.0,6,0,0,0,0,1,1,0,0,1.0,0,0,0,13,1,1,1,,1,40 02:24.000,1.0,0,75 03:30.268,4,0,0,0,67301,0,0,0,,0,0,0,3,67301,1,,1,1,,N,N,,0,,0,0,0,3,2,N,1305,1,2,0,0,0,0,0,3,4,0,2,3,,N,,,,,,,,,,,
2007067139,1958.0,1,0,0,0,0,0,0,0,0,4,0,,67,5,2007,4,39.9695,-75.1396,1954.0,6,0,0,0,0,0,1,0,0,,0,0,0,19,1,1,1,,0,39 58:10.000,,0,75 08:22.538,8,0,0,0,67301,0,0,0,N,0,0,0,3,67301,0,,1,9,,N,N,,1,,0,0,1,3,2,,1952,1,3,0,0,0,1,0,3,4,0,3,3,,N,,,,,,,,,,,
2007029592,414.0,2,0,0,0,0,0,0,0,0,1,0,,67,1,2007,7,39.9633,-75.1611,412.0,6,0,0,0,0,0,1,0,0,,0,0,0,99,3,1,2,,0,39 57:47.880,,0,75 09:39.960,8,0,0,0,67301,0,0,0,N,0,0,0,2,67301,0,,1,9,,N,N,,0,,0,0,0,3,2,,9999,1,2,0,0,1,1,0,3,4,0,2,7,,N,,,,,,,,,,,
2007029595,1630.0,0,0,0,0,0,0,0,0,0,1,0,,67,1,2007,6,40.0233,-75.0333,1623.0,6,0,0,0,0,0,0,0,0,,0,0,0,16,1,1,0,,0,40 01:19.560,,2,75 02:17.160,4,0,0,0,67301,0,0,0,N,0,0,0,10,67301,1,,7,1,,N,N,,0,,0,0,0,0,0,,1620,1,2,0,0,0,0,0,3,4,2,2,3,,N,,,,,,,,,,,
2007029499,1027.0,1,0,0,0,0,0,0,0,0,7,0,,67,1,2007,7,40.0182,-75.2019,1022.0,6,0,0,0,0,0,1,0,0,2.0,0,0,0,10,1,1,0,,2,40 01:05.576,1.0,0,75 12:06.883,8,0,0,0,67301,0,0,0,Y,0,0,0,1,67301,0,,3,1,,,,,0,,0,0,0,0,0,Y,1020,1,1,0,0,0,1,0,3,4,0,1,3,,N,,,,,,,,,,,
2007029501,1748.0,2,0,0,0,0,0,0,0,0,6,0,,67,1,2007,2,39.9392,-75.1917,1745.0,6,0,0,0,0,0,1,0,0,,0,0,0,17,3,2,2,,0,39 56:21.084,,0,75 11:29.990,4,0,0,0,67301,0,0,0,N,0,0,0,2,67301,2,,5,1,,N,N,,0,,0,0,0,0,0,,1740,2,2,0,0,0,0,0,3,4,0,2,10,,N,,,,,,,,,,,
2007100021,2207.0,1,0,0,0,0,0,0,0,0,4,0,,67,8,2007,2,40.0353,-75.1214,2207.0,6,0,0,0,0,0,1,0,0,,0,0,0,21,3,1,1,,0,40 02:06.000,,0,75 07:17.099,8,0,0,0,67301,1,0,0,N,1,0,0,3,67301,0,,1,1,,N,N,,0,,0,0,1,3,2,,2145,1,3,0,0,0,1,0,3,4,0,2,3,,N,,,,,,,,,,,
2007095113,1832.0,0,0,0,1,0,0,0,0,0,4,0,,67,7,2007,4,39.9639,-75.2306,1830.0,6,0,0,0,0,0,0,0,0,,0,0,0,18,1,1,0,,0,39 57:49.978,,0,75 13:50.095,4,0,0,0,67301,1,0,0,N,0,0,0,2,67301,1,,1,1,,N,N,,0,,0,0,1,0,0,,1825,1,2,0,0,0,0,0,3,4,0,1,3,,N,,,,,,,,,,,
2007099609,1000.0,2,0,0,0,0,0,0,0,0,4,0,,67,8,2007,2,39.9195,-75.243,930.0,6,0,0,0,0,0,2,0,0,,0,0,0,9,1,1,1,,0,39 55:10.311,,0,75 14:34.799,4,0,0,0,67301,0,0,0,N,0,0,0,9,67301,1,,1,1,,N,N,,0,,0,0,0,0,0,,900,1,2,0,0,0,0,0,3,4,0,2,3,,N,,,,,,,,,,,
2007099643,1028.0,1,0,0,0,0,0,0,0,0,1,0,,67,7,2007,2,40.0226,-75.0936,1018.0,6,0,0,0,1,0,0,0,0,,0,0,0,99,1,1,0,,0,40 01:21.000,,0,75 05:37.092,4,0,0,0,67301,0,0,0,N,0,0,0,3,67301,1,,1,9,,N,N,,1,,0,0,0,3,1,,9999,1,2,0,0,0,0,0,3,4,0,2,7,,N,,,,,,,,,,,
2007099648,830.0,2,0,0,0,0,0,0,0,0,4,0,,67,8,2007,3,39.9535,-75.2344,826.0,6,0,0,0,0,1,0,0,0,,0,0,0,8,1,1,2,,0,39 57:12.740,,0,75 14:03.926,4,0,0,0,67301,0,0,0,,0,0,0,2,67301,1,,1,9,,N,N,,0,,0,0,0,9,3,,815,1,2,0,0,0,0,0,3,4,0,2,7,,N,,,,,,,,,,,
2007095282,645.0,2,0,0,0,0,0,0,0,0,2,0,,67,8,2007,6,40.0424,-75.0827,638.0,6,0,0,0,0,0,0,0,0,,0,0,0,6,1,2,1,,0,40 02:32.000,,0,75 04:57.599,4,0,0,0,67301,0,0,0,N,0,0,0,2,67301,2,,1,1,,N,N,,0,,0,0,0,3,2,,630,2,2,0,0,0,0,0,3,4,0,2,3,,N,,,,,,,,,,,
2007095284,1412.0,1,1,0,0,0,0,0,0,0,4,0,,67,1,2007,3,40.0381,-75.0547,1410.0,6,0,0,0,0,0,0,0,1,3.0,1,0,0,14,1,0,1,,2,40 02:17.196,7.0,0,75 03:16.819,1,0,0,0,67301,0,0,0,N,0,0,0,2,67301,0,2.0,1,1,,N,N,,0,0.0,0,0,1,3,2,Y,1405,0,2,0,0,0,0,0,3,4,0,2,3,,N,,,,,,,,,,,
2007095045,1113.0,1,0,0,0,0,0,0,0,0,7,0,99.0,67,7,2007,4,39.9339,-75.1473,1108.0,6,0,0,0,0,0,1,0,0,9.0,0,0,0,11,1,1,0,,1,39 56:01.878,1.0,0,75 08:50.362,4,0,0,0,67301,1,0,0,,1,0,0,2,67301,1,,5,1,,N,N,,0,,0,0,0,0,0,N,1103,1,2,0,0,0,0,0,3,4,0,1,3,,Y,4.0,1.0,Y,,,N,Y,,,,
2007095066,1420.0,1,0,0,0,0,0,0,0,0,1,0,,67,8,2007,4,39.9719,-75.2449,1330.0,6,0,0,0,0,0,0,0,0,,0,0,0,13,1,1,1,,0,39 58:18.000,,0,75 14:41.448,4,0,0,0,67301,0,0,0,N,0,0,0,3,67301,1,,1,1,,N,N,,0,,0,0,1,3,2,,1300,1,2,0,0,0,0,0,3,4,0,2,3,,N,,,,,,,,,,,
2007092757,1830.0,1,0,0,0,0,0,0,0,0,4,0,,67,5,2007,1,39.9769,-75.1665,1820.0,6,0,0,1,0,0,0,0,0,,0,0,0,18,1,2,1,,0,39 58:36.786,,0,75 09:59.317,3,0,0,0,67301,0,0,0,,0,0,0,3,67301,1,,1,1,,,,,0,,1,0,0,9,2,,1815,2,2,0,0,0,0,1,3,4,0,2,3,,N,,,,,,,,,,,
2007092771,1656.0,3,0,0,0,0,0,0,0,0,5,0,,67,6,2007,1,39.9515,-75.1567,1656.0,6,0,0,0,0,0,0,0,1,,0,0,0,16,1,0,0,,0,39 57:05.328,,0,75 09:24.298,0,0,0,0,67301,0,0,0,N,0,0,0,5,67301,0,,1,1,,N,N,,0,,0,0,0,3,3,,1656,0,3,0,0,0,0,0,3,4,0,3,3,,N,,,,,,,,,,,
2007092610,1607.0,1,0,0,0,0,0,0,0,0,6,0,,67,7,2007,3,40.0203,-75.1628,1601.0,6,0,0,0,0,0,0,1,0,,0,0,0,99,1,2,1,,0,40 01:13.000,,0,75 09:46.119,4,0,0,0,67301,0,0,0,N,0,0,0,6,67301,2,,1,1,,N,N,,0,,0,0,0,0,0,,9999,2,3,0,0,0,0,0,3,4,2,3,3,,N,,,,,,,,,,,
2007092613,1510.0,1,0,0,1,0,0,0,0,0,4,0,,67,7,2007,2,39.948,-75.1727,1500.0,6,0,0,0,1,0,0,0,0,,0,0,0,14,1,1,1,,0,39 56:52.684,,0,75 10:21.874,3,0,0,0,67301,1,0,0,,0,0,0,2,67301,0,,1,1,,,,,0,,1,0,0,9,2,,1445,1,2,0,0,0,0,0,3,4,0,1,3,,N,,,,,,,,,,,
2007092406,115.0,3,0,0,0,0,0,0,0,0,1,0,,67,7,2007,2,40.0555,-75.1699,110.0,6,0,0,0,0,0,0,0,0,,0,0,0,1,3,0,0,,0,40 03:19.666,,0,75 10:11.730,9,0,0,0,67301,0,0,0,N,0,0,0,1,67301,0,,1,1,,N,N,,0,,0,0,0,0,0,,100,0,3,0,0,0,0,1,3,4,0,3,3,,N,,,,,,,,,,,
2007107131,928.0,2,0,0,0,0,0,0,0,0,4,0,,67,9,2007,2,39.9672,-75.1702,924.0,6,0,0,0,0,0,0,0,0,,0,0,0,8,1,1,1,,0,39 58:02.096,,0,75 10:12.619,4,0,0,0,67301,0,0,0,N,0,0,0,2,67301,1,,1,1,,N,N,,0,,0,0,0,3,2,,845,1,2,0,0,0,0,0,3,4,0,2,3,,N,,,,,,,,,,,
2007027816,135.0,1,0,0,0,0,0,0,0,0,4,0,,67,1,2007,2,40.019,-75.1472,133.0,6,0,0,0,0,0,0,0,0,,0,0,0,1,3,3,1,,0,40 01:08.000,,0,75 08:50.015,8,0,0,0,67301,0,0,0,N,0,0,0,4,67301,0,,7,9,,N,N,,0,,0,0,1,9,2,,130,3,2,0,0,0,3,0,3,4,0,2,7,,N,,,,,,,,,,,
2007027931,400.0,0,0,0,0,0,0,0,0,0,8,0,,67,1,2007,7,39.9244,-75.1696,357.0,6,0,0,0,0,0,0,0,0,,0,0,0,3,3,1,1,,0,39 55:27.000,,0,75 10:10.600,2,0,0,0,67301,1,0,1,N,1,0,1,5,67301,0,,1,9,,N,N,,0,,0,1,1,3,2,,355,1,2,0,0,0,0,0,3,4,0,1,7,,N,,,,,,,,,,,
2007117225,2150.0,1,0,0,0,0,0,0,0,0,1,0,,67,10,2007,1,40.0397,-75.1166,2148.0,6,0,0,0,0,0,0,0,0,2.0,0,0,0,21,3,1,0,,1,40 02:22.848,1.0,0,75 06:59.781,3,0,0,0,67301,0,0,0,N,0,0,0,1,67301,0,,6,1,,N,N,,1,,1,0,0,0,0,Y,2145,1,3,0,0,0,0,0,3,4,1,3,3,,N,,,,,,,,,,,
2007109647,1120.0,1,0,0,0,0,0,0,0,0,5,1,,67,9,2007,3,39.9401,-75.1849,1115.0,6,0,0,0,0,0,1,0,0,1.0,0,1,0,11,1,1,1,,1,39 56:24.381,3.0,0,75 11:05.801,8,0,0,0,67301,0,0,0,N,0,0,0,4,67301,0,,1,1,,N,N,,0,,0,0,0,3,2,Y,1115,1,2,0,0,0,1,0,3,4,0,2,3,,N,,,,,,,,,,,
2007112109,1716.0,1,0,0,0,0,0,0,0,0,1,0,,67,9,2007,3,40.0138,-75.1792,1710.0,6,0,0,0,0,1,0,0,0,1.0,0,0,0,17,1,2,0,,2,40 00:50.000,3.0,0,75 10:43.577,3,0,0,0,67301,0,0,0,N,0,0,0,4,67301,0,,1,1,,N,N,,0,,2,0,0,3,8,N,1706,2,2,0,0,0,0,0,3,4,1,2,3,,N,,,,,,,,,,,
2007047252,640.0,1,0,0,0,0,0,0,0,0,1,0,,67,3,2007,4,39.9791,-75.1092,636.0,6,0,0,0,0,0,1,0,0,1.0,0,0,0,6,5,1,0,,1,39 58:45.120,2.0,0,75 06:32.760,4,0,0,0,67301,0,0,0,N,0,0,0,2,67301,1,,1,9,,N,N,,0,,0,0,0,0,0,N,635,1,2,0,0,0,0,0,3,4,1,2,10,,N,,,,,,,,,,,
2007047284,1405.0,2,0,0,0,0,0,0,0,0,6,0,,67,2,2007,3,40.0195,-75.2012,1400.0,6,0,0,1,0,0,0,0,0,1.0,0,0,0,14,1,0,0,,1,40 01:10.304,5.0,0,75 12:04.155,0,0,0,0,67301,0,0,0,N,0,0,0,5,67301,0,,3,7,,N,N,,0,,0,0,0,0,0,N,1400,0,2,0,0,0,0,0,3,4,0,2,10,,N,,,,,,,,,,,
2007047366,1655.0,2,0,0,0,0,0,0,0,0,4,0,,67,2,2007,5,40.034,-75.0744,1650.0,6,0,0,0,1,0,0,0,0,3.0,0,0,0,16,1,2,1,,2,40 02:02.000,1.0,6,75 04:27.863,4,0,0,0,67301,0,0,0,N,0,0,0,4,67301,1,,1,1,,N,N,,1,,0,0,0,3,2,Y,1650,2,3,0,0,0,1,0,3,4,0,3,3,,N,,,,,,,,,,,
2007047370,443.0,4,0,0,0,0,0,0,0,0,5,0,,67,3,2007,5,40.0276,-75.0962,441.0,6,0,0,0,0,0,0,0,0,,0,0,0,4,3,0,1,,0,40 01:39.432,,0,75 05:46.337,0,0,0,0,67301,0,0,0,N,0,0,0,1,67301,0,,1,2,,N,N,,0,,0,0,1,0,0,,440,0,5,0,0,0,0,0,3,4,0,5,3,,N,,,,,,,,,,,
2007047527,645.0,1,0,0,0,0,0,0,0,0,8,0,,67,1,2007,4,40.091,-75.0327,644.0,6,0,0,0,0,0,0,0,0,3.0,0,0,0,6,3,1,1,,1,40 05:27.000,1.0,0,75 01:57.614,8,0,0,0,67301,2,0,0,Y,2,0,0,3,67301,0,,2,1,,N,N,,0,,0,0,0,3,2,Y,640,1,3,0,0,0,1,1,3,4,0,1,3,,N,,,,,,,,,,,
2007047536,2156.0,2,0,0,0,0,0,0,0,0,4,0,,67,3,2007,2,39.9733,-75.2348,2150.0,6,0,0,0,0,0,0,0,0,,0,0,0,20,3,5,1,,0,39 58:24.024,,0,75 14:05.125,8,0,0,0,67301,0,0,0,N,0,0,0,5,67301,0,,1,1,,N,N,,0,,0,0,0,3,2,,2050,5,2,0,0,5,5,0,3,4,0,2,3,,N,,,,,,,,,,,
2007047594,1308.0,2,0,0,0,0,0,0,0,0,4,0,,67,3,2007,2,40.0169,-75.1516,1303.0,6,0,0,0,1,0,0,0,0,,0,0,0,13,1,3,1,,0,40 01:00.000,,0,75 09:05.632,4,0,0,0,67301,0,0,0,N,0,0,0,4,67301,3,,1,1,,N,N,,0,,0,0,0,3,2,,1300,3,2,0,0,0,0,1,3,4,0,2,3,,N,,,,,,,,,,,
2007047645,1820.0,2,0,0,0,0,0,0,0,0,4,0,,67,3,2007,1,40.054,-75.1448,1817.0,6,0,0,0,0,0,0,1,0,,0,0,0,18,3,2,3,,0,40 03:14.457,,0,75 08:41.146,4,0,0,0,67301,0,0,0,N,0,0,0,4,67301,2,,1,1,,N,N,,0,,0,0,0,2,2,,1815,2,2,0,0,0,0,0,3,4,0,2,3,,N,,,,,,,,,,,
2007067619,120.0,2,0,0,0,0,0,0,0,0,1,0,,67,4,2007,7,39.999,-75.1332,116.0,6,0,0,0,0,0,0,0,0,,0,0,0,1,3,1,1,,0,39 59:56.000,,0,75 07:59.677,8,0,0,0,67301,0,0,0,N,0,0,0,3,67301,0,,1,1,,N,N,,0,,0,0,0,0,0,,105,1,2,0,0,0,1,1,3,4,0,2,3,,N,,,,,,,,,,,
2007067668,2039.0,0,0,0,0,0,0,0,0,0,4,0,,67,5,2007,1,39.9998,-75.1257,2037.0,6,0,0,0,0,0,0,0,0,,0,0,0,20,4,2,1,,0,39 59:59.193,,0,75 07:32.671,4,0,0,1,67301,0,0,0,,0,0,0,3,67301,2,,1,1,,,,,0,,0,0,0,0,0,,2037,2,2,0,0,0,0,1,3,4,1,2,3,,N,,,,,,,,,,,
2007106884,850.0,1,0,0,1,0,0,0,0,0,4,0,,67,9,2007,6,39.951,-75.1774,847.0,6,0,0,0,0,0,0,0,0,2.0,0,0,0,8,1,1,1,,2,39 57:03.000,4.0,0,75 10:38.220,4,0,0,0,67301,1,0,0,N,0,0,0,2,67301,1,,2,1,,N,N,,0,,0,0,0,0,0,N,832,1,2,0,0,0,0,0,3,4,0,1,3,,N,,,,,,,,,,,
2007047836,1728.0,2,0,0,0,0,0,0,0,0,4,0,,67,3,2007,1,39.961,-75.1441,1728.0,6,0,0,0,0,0,0,0,0,,0,0,0,17,1,0,1,,0,39 57:39.000,,0,75 08:40.786,0,0,0,0,67301,0,0,0,N,0,0,0,3,67301,0,,1,1,,N,N,,0,,0,0,0,3,2,,1712,0,2,0,0,0,0,0,3,4,0,2,3,,N,,,,,,,,,,,
2007093449,2340.0,2,0,0,0,0,0,0,0,0,1,0,,67,6,2007,7,40.0351,-75.1456,2330.0,6,0,0,0,0,0,0,0,0,1.0,0,0,0,23,3,3,0,,1,40 02:06.000,2.0,0,75 08:44.113,4,0,0,0,67301,3,0,0,N,1,0,0,4,67301,1,,1,1,,N,N,,0,,0,0,0,0,0,Y,2325,3,3,0,0,0,2,0,3,4,0,2,3,,N,,,,,,,,,,,
2007125099,1128.0,1,0,0,0,0,0,0,0,0,8,0,,67,11,2007,4,39.9833,-75.1157,1124.0,6,0,0,0,0,0,1,0,0,,0,0,0,10,1,1,1,,0,39 59:00.000,,0,75 06:56.372,4,0,0,0,67301,1,0,0,N,1,0,0,2,67301,1,,1,1,,N,N,,0,,0,0,0,2,2,,1021,1,2,0,0,0,0,0,3,4,0,1,3,,N,,,,,,,,,,,
2007125104,2220.0,1,0,0,0,0,0,0,0,0,5,0,,67,11,2007,6,39.9407,-75.1435,2218.0,6,0,0,0,0,0,0,0,0,,0,0,0,22,3,0,2,,0,39 56:30.000,,0,75 08:35.975,9,0,0,0,67301,0,0,0,N,0,0,0,2,67301,0,,1,1,,N,N,,0,,0,0,1,0,0,,2218,0,2,0,0,0,0,2,3,4,0,2,3,,N,,,,,,,,,,,
2007127618,200.0,1,0,0,0,0,0,0,0,0,7,0,,67,10,2007,4,39.933,-75.2382,159.0,6,0,0,0,0,0,0,0,0,,0,0,0,1,3,0,0,,0,39 55:58.781,,0,75 14:17.653,0,0,0,0,67301,0,0,0,N,0,0,0,1,67301,0,,4,1,,N,N,,0,,0,0,0,0,0,,159,0,1,0,0,0,0,0,3,4,0,1,7,,N,,,,,,,,,,,
2007125022,1020.0,2,0,0,0,0,0,0,0,0,4,0,,67,11,2007,4,40.0267,-75.0563,1020.0,6,0,0,0,0,0,0,0,0,,0,0,0,10,1,0,1,,0,40 01:36.000,,0,75 03:22.759,9,0,0,0,67301,0,0,0,N,0,0,0,2,67301,0,,1,9,,N,N,,0,,0,0,0,3,3,,1015,0,2,0,0,0,0,1,3,4,0,2,5,,N,,,,,,,,,,,
2007127641,2218.0,2,0,0,0,0,0,0,0,0,5,0,,67,10,2007,6,40.0137,-75.1118,2216.0,6,0,0,0,0,0,0,0,0,,0,0,0,22,3,1,0,,0,40 00:49.330,,0,75 06:42.609,4,0,0,0,67301,0,0,0,N,0,0,0,1,67301,1,,1,1,,N,N,,2,,0,0,1,0,0,,2214,1,5,0,0,0,0,0,3,4,0,5,3,,N,,,,,,,,,,,
2007109661,1830.0,0,0,0,0,0,0,0,0,0,7,0,,67,9,2007,6,40.0075,-75.1915,1820.0,6,0,0,0,0,0,0,0,0,,0,0,0,18,1,1,0,,0,40 00:26.900,,0,75 11:29.400,4,0,0,0,67301,0,0,0,,0,0,0,1,67301,1,,5,1,,,,,1,,0,0,0,0,0,,1815,1,1,0,0,0,0,0,3,4,0,1,3,,N,,,,,,,,,,,
2007119701,630.0,0,0,0,0,0,0,0,0,0,1,0,,67,10,2007,4,39.98,-75.205,630.0,6,0,0,0,0,0,0,0,0,,0,0,0,5,2,1,0,,0,39 58:50.000,,0,75 12:22.051,4,0,0,0,67301,0,0,0,N,0,0,0,2,68K01,1,,1,1,,N,N,,0,,0,0,2,0,0,,556,1,2,0,0,0,0,0,3,4,0,2,3,,N,,,,,,,,,,,
2007107050,730.0,2,0,0,0,0,0,0,0,0,1,0,,67,9,2007,6,40.0278,-75.0986,730.0,6,0,0,0,0,0,0,0,0,,0,0,0,7,1,1,1,,0,40 01:40.000,,0,75 05:55.134,4,0,0,0,67301,0,0,0,N,0,0,0,6,67301,1,,1,1,,N,N,,0,,0,0,0,3,2,,720,1,2,0,0,0,0,0,3,4,0,2,3,,N,,,,,,,,,,,
2007107062,1003.0,0,0,0,0,0,0,0,0,0,8,0,,67,8,2007,4,39.9882,-75.1025,1001.0,6,0,0,0,0,0,0,0,0,,0,0,0,9,1,1,0,,0,39 59:17.415,,0,75 06:09.036,3,0,0,0,67301,1,0,0,N,1,0,0,2,67301,0,,1,9,,N,N,,1,,1,0,0,0,0,,920,1,2,0,0,0,0,0,3,4,0,1,98,,N,,,,,,,,,,,
2007047506,1615.0,1,0,0,0,0,0,0,0,0,7,0,,67,2,2007,5,40.0074,-75.1925,1551.0,6,0,0,0,0,0,0,0,0,,0,0,0,15,1,0,2,,0,40 00:21.000,,0,75 11:28.552,0,0,0,0,67301,0,0,0,N,0,0,0,1,67301,0,,9,2,,N,N,,0,,0,0,0,0,0,,1515,0,1,0,0,0,0,0,3,4,0,1,10,,N,,,,,,,,,,,
2007047514,1740.0,0,0,0,0,0,0,0,0,0,1,0,,67,3,2007,6,39.9758,-75.1159,1735.0,6,0,0,0,0,0,0,0,0,,0,0,0,17,1,1,2,,0,39 58:31.440,,0,75 06:59.760,8,0,0,0,67301,0,0,0,N,0,0,0,2,67301,0,,1,6,,N,N,,0,,0,0,2,0,0,,1733,1,2,0,0,0,1,0,3,4,0,2,9,,N,,,,,,,,,,,
2007047569,844.0,3,0,0,0,0,0,0,0,0,4,0,,67,3,2007,5,39.9556,-75.2049,835.0,6,0,0,0,0,0,0,0,0,,0,0,0,8,1,2,0,,0,39 57:20.175,,0,75 12:17.463,4,0,0,0,67301,0,0,0,N,0,0,0,3,67301,2,,6,2,,N,N,,0,,0,0,2,0,0,,833,2,5,0,0,0,0,0,3,4,0,5,3,,N,,,,,,,,,,,
2007078750,1533.0,2,0,0,0,0,0,0,0,0,5,0,,67,6,2007,7,40.0074,-75.2009,1533.0,6,0,0,0,0,0,1,0,0,,0,0,0,15,1,2,0,,0,40 00:27.000,,0,75 12:04.509,4,0,0,0,67301,0,0,0,N,0,0,0,3,68K01,1,,1,1,,N,N,,0,,0,0,0,0,0,,1530,2,2,0,0,0,1,0,3,4,0,2,3,,N,,,,,,,,,,,