CRN,ARRIVAL_TM,AUTOMOBILE_COUNT,BELTED_DEATH_COUNT,BELTED_SUSP_SERIOUS_INJ_COUNT,BICYCLE_COUNT,BICYCLE_DEATH_COUNT,BICYCLE_SUSP_SERIOUS_INJ_COUNT,BUS_COUNT,CHLDPAS_DEATH_COUNT,CHLDPAS_SUSP_SERIOUS_INJ_COUNT,COLLISION_TYPE,COMM_VEH_COUNT,CONS_ZONE_SPD_LIM,COUNTY,CRASH_MONTH,CRASH_YEAR,DAY_OF_WEEK,DEC_LAT,DEC_LONG,DISPATCH_TM,DISTRICT,DRIVER_COUNT_16YR,DRIVER_COUNT_17YR,DRIVER_COUNT_18YR,DRIVER_COUNT_19YR,DRIVER_COUNT_20YR,DRIVER_COUNT_50_64YR,DRIVER_COUNT_65_74YR,DRIVER_COUNT_75PLUS,EST_HRS_CLOSED,FATAL_COUNT,HEAVY_TRUCK_COUNT,HORSE_BUGGY_COUNT,HOUR_OF_DAY,ILLUMINATION,INJURY_COUNT,INTERSECT_TYPE,INTERSECTION_RELATED,LANE_CLOSED,LATITUDE,LN_CLOSE_DIR,LOCATION_TYPE,LONGITUDE,MAX_SEVERITY_LEVEL,MCYCLE_DEATH_COUNT,MCYCLE_SUSP_SERIOUS_INJ_COUNT,MOTORCYCLE_COUNT,MUNICIPALITY,NONMOTR_COUNT,NONMOTR_DEATH_COUNT,NONMOTR_SUSP_SERIOUS_INJ_COUNT,NTFY_HIWY_MAINT,PED_COUNT,PED_DEATH_COUNT,PED_SUSP_SERIOUS_INJ_COUNT,PERSON_COUNT,POLICE_AGCY,POSSIBLE_INJ_COUNT,RDWY_SURF_TYPE_CD,RELATION_TO_ROAD,ROAD_CONDITION,ROADWAY_CLEARED,SCH_BUS_IND,SCH_ZONE_IND,SECONDARY_CRASH,SMALL_TRUCK_COUNT,SPEC_JURIS_CD,SUSP_MINOR_INJ_COUNT,SUSP_SERIOUS_INJ_COUNT,SUV_COUNT,TCD_FUNC_CD,TCD_TYPE,TFC_DETOUR_IND,TIME_OF_DAY,TOT_INJ_COUNT,TOTAL_UNITS,UNB_DEATH_COUNT,UNB_SUSP_SERIOUS_INJ_COUNT,UNBELTED_OCC_COUNT,UNK_INJ_DEG_COUNT,UNK_INJ_PER_COUNT,URBAN_AREA,URBAN_RURAL,VAN_COUNT,VEHICLE_COUNT,WEATHER1,WEATHER2,WORK_ZONE_IND,WORK_ZONE_LOC,WORK_ZONE_TYPE,WORKERS_PRES,WZ_CLOSE_DETOUR,WZ_FLAGGER,WZ_LAW_OFFCR_IND,WZ_LN_CLOSURE,WZ_MOVING,WZ_OTHER,WZ_SHLDER_MDN,WZ_WORKERS_INJ_KILLED
2007065198,755.0,2,0,0,0,0,0,0,0,0,1,0,,67,5,2007,2,40.008,-75.2017,743.0,6,0,0,0,0,0,1,0,0,2.0,0,1,0,7,1,1,0,,1,40 00:27.000,4.0,0,75 12:03.642,3,0,0,0,67301,0,0,0,N,0,0,0,5,68K01,0,,1,1,,N,N,,0,,1,0,1,0,0,N,740,1,4,0,0,0,0,0,3,4,0,4,3,,N,,,,,,,,,,,
2007106864,1358.0,1,0,0,0,0,0,0,0,0,1,1,,67,8,2007,3,39.9196,-75.2402,1358.0,6,0,0,0,0,0,0,0,0,,0,1,0,13,1,0,1,,0,39 55:10.650,,0,75 14:24.889,0,0,0,0,67301,0,0,0,N,0,0,0,2,67301,0,,2,1,,N,N,,0,,0,0,0,3,2,,1358,0,2,0,0,0,0,0,3,4,0,2,3,,N,,,,,,,,,,,
2007109453,305.0,1,0,0,0,0,0,0,0,0,5,0,,67,9,2007,1,40.0293,-75.1747,300.0,6,0,0,0,0,0,0,0,0,,0,0,0,2,3,0,0,,0,40 01:45.000,,0,75 10:29.007,0,0,0,0,67301,0,0,0,N,0,0,0,1,67301,0,,1,1,,N,N,,0,,0,0,2,0,0,,255,0,3,0,0,0,0,0,3,4,0,3,3,,N,,,,,,,,,,,
2007112035,1325.0,1,0,0,0,0,0,0,0,0,1,0,,67,9,2007,5,40.0511,-75.1225,1323.0,6,0,0,0,0,0,1,0,0,,0,0,0,13,1,1,1,,0,40 03:04.129,,0,75 07:21.028,4,0,0,0,67301,0,0,0,N,0,0,0,2,67301,1,,1,1,,N,N,,0,,0,0,1,3,2,,1307,1,2,0,0,0,0,0,3,4,0,2,3,,N,,,,,,,,,,,
2007106823,206.0,3,0,0,0,0,0,0,0,0,4,0,,67,9,2007,7,39.9948,-75.1246,204.0,6,0,0,0,0,0,0,0,0,4.0,1,0,0,1,3,2,1,,2,39 59:41.150,4.0,0,75 07:28.628,1,0,0,0,67301,0,0,0,N,0,0,0,3,67301,0,2.0,1,1,,N,N,,0,0.0,0,0,0,3,3,Y,158,2,4,0,0,0,2,0,3,4,1,4,3,,N,,,,,,,,,,,
2007047795,1306.0,2,0,0,0,0,0,0,0,0,4,0,,67,3,2007,3,40.1079,-75.0264,1301.0,6,0,0,0,0,0,0,0,0,1.0,0,0,0,13,1,1,3,,1,40 06:28.000,2.0,0,75 01:35.132,8,0,0,0,67301,0,0,0,N,0,0,0,3,67301,0,,1,1,,N,N,,0,,0,0,0,3,2,N,1300,1,2,0,0,3,1,0,3,4,0,2,3,,N,,,,,,,,,,,
2007047827,1522.0,2,0,0,0,0,0,0,0,0,4,0,,67,3,2007,5,40.0258,-75.1446,1517.0,6,0,0,0,0,0,0,0,0,1.0,0,0,0,15,1,2,1,,2,40 01:32.743,7.0,0,75 08:40.430,8,0,0,0,67301,0,0,0,N,0,0,0,3,67301,0,,1,1,,N,N,,0,,0,0,0,3,3,Y,1516,2,2,0,0,0,2,0,3,4,0,2,3,,N,,,,,,,,,,,
2007058127,700.0,2,0,0,0,0,0,0,0,0,2,0,,67,4,2007,4,40.0428,-75.0631,650.0,6,0,0,0,0,0,1,0,0,,0,0,0,6,1,2,1,,0,40 02:34.000,,0,75 03:47.339,8,0,0,0,67301,0,0,0,N,0,0,0,3,67301,0,,1,1,,N,N,,0,,0,0,0,3,2,,649,2,2,0,0,0,2,0,3,4,0,2,3,,N,,,,,,,,,,,
2007093435,1432.0,1,0,0,0,0,0,0,0,0,5,0,,67,7,2007,7,40.0093,-75.195,1430.0,6,0,0,0,0,0,0,0,0,,0,0,0,14,1,1,0,,0,40 00:33.000,,0,75 11:42.143,8,0,0,1,67301,0,0,0,N,0,0,0,1,67301,0,,6,1,,N,N,,0,,0,0,0,0,0,,1430,1,2,0,0,0,1,0,3,4,0,2,3,,N,,,,,,,,,,,
2007125102,635.0,0,0,0,0,0,0,0,0,0,8,0,,67,11,2007,5,39.9239,-75.2221,630.0,6,0,0,0,0,0,0,0,0,2.0,0,0,0,6,5,1,1,,2,39 55:26.000,5.0,0,75 13:19.646,3,0,0,0,67301,1,0,0,N,1,0,0,2,67301,0,,1,1,,N,N,,0,,1,0,1,3,2,N,629,1,2,0,0,0,0,1,3,4,0,1,3,,N,,,,,,,,,,,
2007045705,900.0,2,0,0,0,0,0,0,0,0,1,0,,67,2,2007,5,39.9767,-75.2337,900.0,6,0,0,0,0,0,0,0,0,,0,0,0,9,1,1,1,,0,39 58:35.983,,0,75 14:01.359,8,0,0,0,67301,0,0,0,N,0,0,0,2,67301,0,,1,6,,N,N,,0,,0,0,0,3,2,,900,1,2,0,0,0,1,1,3,4,0,2,10,,N,,,,,,,,,,,
2007045742,9999.0,0,0,0,0,0,0,0,0,0,8,0,,67,3,2007,1,40.0049,-75.1787,,6,0,0,0,0,1,0,0,0,,0,0,0,21,3,1,1,,0,40 00:17.000,,0,75 10:43.940,8,0,0,0,67301,1,0,0,N,1,0,0,2,67301,0,,9,1,,N,N,,0,,0,0,1,3,2,,2130,1,2,0,0,0,1,0,3,4,0,1,3,,N,,,,,,,,,,,
2007046041,1548.0,1,0,0,0,0,0,0,0,0,0,0,,67,3,2007,5,39.908,-75.1496,1542.0,6,0,0,0,0,0,0,0,0,1.0,0,0,0,15,1,0,0,,2,39 54:30.508,2.0,0,75 08:58.103,0,0,0,0,67301,0,0,0,,0,0,0,2,67301,0,,1,1,,,,,1,,0,0,0,0,0,N,1542,0,2,0,0,0,0,0,3,4,0,2,3,,N,,,,,,,,,,,
2008005001,1050.0,2,0,0,0,0,0,0,0,0,1,0,,67,11,2007,6,40.0074,-75.2008,1043.0,6,0,0,0,0,0,0,0,0,1.0,0,0,0,10,1,2,0,,2,40 00:26.000,3.0,0,75 12:03.663,4,0,0,0,67301,0,0,0,N,0,0,0,3,68K01,1,,1,1,,N,N,,1,,0,0,0,0,0,N,1035,2,3,0,0,0,1,0,3,4,0,3,3,,N,,,,,,,,,,,
2008000431,1545.0,1,0,0,0,0,0,0,0,0,7,0,,67,10,2007,5,39.8908,-75.2282,1540.0,6,0,0,0,0,0,0,0,0,,0,0,0,15,1,1,0,,0,39 53:26.000,,0,75 13:41.829,3,0,0,0,67301,0,0,0,Y,0,0,0,1,67301,0,,2,9,,N,N,,0,,1,0,0,0,0,,1535,1,1,0,0,0,0,0,3,4,0,1,7,,N,,,,,,,,,,,
2008053257,1632.0,2,0,0,0,0,0,0,0,0,4,0,,67,1,2007,5,40.0217,-75.1127,1545.0,6,0,0,0,0,0,0,0,0,1.0,0,0,0,15,1,0,1,,1,40 01:17.942,1.0,0,75 06:45.661,0,0,0,0,67301,0,0,0,,0,0,0,2,67301,0,,1,1,,,,,0,,0,0,0,9,2,N,1530,0,2,0,0,1,0,0,3,4,0,2,3,,N,,,,,,,,,,,
2008018070,1725.0,1,0,0,0,0,0,0,0,0,1,0,,67,12,2007,1,39.8793,-75.2489,1715.0,6,0,0,0,0,1,1,0,0,1.0,0,0,0,15,1,0,0,,1,39 52:45.656,2.0,0,75 14:56.215,0,0,0,0,67301,0,0,0,N,0,0,0,5,67301,0,,1,9,,N,N,,0,,0,0,1,0,0,Y,1512,0,2,0,0,5,0,0,3,4,0,2,7,,N,,,,,,,,,,,
2008005966,1200.0,2,0,0,0,0,0,0,0,0,1,0,,67,11,2007,1,40.0295,-75.1247,1155.0,6,0,0,0,0,0,0,0,0,1.0,0,0,0,11,1,3,0,,1,40 01:46.110,2.0,0,75 07:28.860,4,0,0,0,67301,0,0,0,N,0,0,0,6,67301,3,,1,9,,N,N,,0,,0,0,1,3,2,Y,1152,3,3,0,0,0,0,0,3,4,0,3,7,,N,,,,,,,,,,,
2008005969,1123.0,2,0,0,0,0,0,1,0,0,4,1,,67,11,2007,3,40.0011,-75.2154,1121.0,6,0,0,0,0,0,1,0,0,,0,0,0,11,1,1,1,,0,40 00:03.902,,0,75 12:55.382,4,0,0,0,67301,0,0,0,,0,0,0,4,67301,1,,1,9,,N,N,,0,,0,0,0,3,2,,1118,1,3,0,0,2,0,0,3,4,0,3,7,,N,,,,,,,,,,,
2008005991,815.0,1,0,0,0,0,0,0,0,0,8,0,,67,11,2007,6,40.0262,-75.1692,813.0,6,0,0,0,0,0,1,0,0,,0,0,0,8,1,1,1,,0,40 01:34.000,,0,75 10:09.085,8,0,0,0,67301,1,0,0,,1,0,0,2,67301,0,,1,1,,,,,0,,0,0,0,3,2,,810,1,2,0,0,1,1,0,3,4,0,1,98,,N,,,,,,,,,,,
2008035023,,0,0,0,0,0,0,0,0,0,8,0,,67,6,2007,6,39.9493,-75.1642,,6,0,0,0,0,0,0,0,0,,0,0,0,99,1,1,1,,0,39 56:57.000,,0,75 09:51.030,4,0,0,0,67301,1,0,0,,1,0,0,2,,1,,1,1,,,,,0,,0,0,0,3,2,,9999,1,2,0,0,0,0,0,3,4,0,1,3,,N,,,,,,,,,,,
2008004886,702.0,0,0,0,0,0,0,0,0,0,8,0,,67,11,2007,4,39.9551,-75.1853,635.0,6,0,0,0,0,0,0,0,0,,0,0,0,6,1,1,2,,0,39 57:18.000,,0,75 11:08.021,4,0,0,0,67301,1,0,0,N,1,0,0,2,67301,1,,1,1,,N,N,,1,,0,0,0,3,2,,635,1,2,0,0,0,0,0,3,4,0,1,3,,N,,,,,,,,,,,
2008006527,2356.0,2,0,0,0,0,0,0,0,0,4,0,,67,11,2007,7,40.0167,-75.1582,2352.0,6,0,0,0,0,0,0,0,0,,0,0,0,23,3,1,2,,0,40 00:59.000,,0,75 09:29.663,4,0,0,0,67301,0,0,0,N,0,0,0,2,67301,1,,1,9,,N,N,,0,,0,0,0,0,0,,2345,1,2,0,0,0,0,0,3,4,0,2,7,,N,,,,,,,,,,,
2008016838,752.0,0,0,0,0,0,0,0,0,0,1,0,,67,12,2007,6,39.9391,-75.1664,751.0,6,0,0,0,0,0,0,0,0,,0,0,0,7,1,1,2,,0,39 56:20.000,,0,75 09:59.208,4,0,0,0,67301,0,0,0,,0,0,0,2,67301,1,,1,1,,,,,0,,0,0,2,3,2,,748,1,2,0,0,0,0,0,3,4,0,2,3,,N,,,,,,,,,,,
2008011867,325.0,1,0,0,0,0,0,0,0,0,7,0,,67,10,2007,5,39.9804,-75.2055,322.0,6,0,0,0,0,0,0,0,0,1.0,0,0,0,3,3,0,0,,2,39 58:52.000,4.0,0,75 12:23.976,0,0,0,0,67301,0,0,0,N,0,0,0,1,68K01,0,,2,9,,N,N,,0,,0,0,0,0,0,N,322,0,1,0,0,0,0,0,3,4,0,1,7,,N,,,,,,,,,,,
2008006608,2012.0,0,0,0,0,0,0,0,0,0,7,0,,67,11,2007,1,40.0162,-75.2046,2010.0,6,0,0,0,0,0,0,0,0,1.0,0,0,0,20,3,0,3,,2,40 00:58.000,2.0,8,75 12:16.051,0,0,0,0,67301,0,0,0,Y,0,0,0,3,67301,0,,7,9,,N,N,,0,,0,0,1,0,0,Y,2008,0,1,0,0,0,0,0,3,4,0,1,7,,N,,,,,,,,,,,
2008009479,119.0,3,0,0,0,0,0,0,0,0,4,0,,67,11,2007,1,40.0325,-75.0808,118.0,6,0,0,0,0,0,1,0,0,,0,0,0,1,3,3,1,,0,40 01:56.000,,0,75 04:51.305,8,0,0,0,67301,0,0,0,N,0,0,0,3,67301,0,,1,1,,N,N,,0,,0,0,0,3,2,,110,3,3,0,0,0,3,0,3,4,0,3,3,,N,,,,,,,,,,,
2008006646,1600.0,1,0,0,0,0,0,0,0,0,4,0,,67,11,2007,3,40.0258,-75.2031,1558.0,6,0,0,0,0,0,1,0,1,1.0,0,0,0,15,1,2,2,,1,40 01:32.000,5.0,0,75 12:11.307,4,0,0,0,67301,0,0,0,,0,0,0,2,67301,2,,1,1,,N,N,,0,,0,0,1,3,2,N,1530,2,2,0,0,0,0,0,3,4,0,2,3,,N,,,,,,,,,,,
2008006659,1535.0,1,0,0,0,0,0,0,0,0,8,0,,67,11,2007,5,40.0289,-75.0541,1533.0,6,0,0,0,0,0,0,0,0,1.0,0,0,0,15,1,1,0,,2,40 01:43.881,4.0,0,75 03:14.817,8,0,0,0,67301,1,0,0,N,1,0,0,2,67301,0,,1,1,,N,N,,0,,0,0,0,0,0,Y,1532,1,2,0,0,0,1,0,3,4,0,1,3,,N,,,,,,,,,,,
2008006662,1045.0,1,0,0,0,0,0,0,0,0,5,0,,67,11,2007,6,39.9122,-75.1753,1031.0,6,0,0,0,0,0,1,1,0,,0,0,0,10,1,1,2,,0,39 54:43.934,,0,75 10:31.126,8,0,0,0,67301,0,0,0,N,0,0,0,2,67301,0,,1,1,,N,N,,1,,0,0,0,0,0,,1025,1,2,0,0,0,1,0,3,4,0,2,3,,N,,,,,,,,,,,
2008006673,1916.0,2,0,0,0,0,0,0,0,0,2,0,,67,11,2007,5,39.9131,-75.2433,1916.0,6,0,0,0,0,0,0,1,0,,0,0,0,18,3,0,1,,0,39 54:47.000,,0,75 14:35.859,0,0,0,0,67301,0,0,0,,0,0,0,2,67301,0,,1,1,,,,,0,,0,0,0,3,2,,1854,0,2,0,0,0,0,0,3,4,0,2,3,,N,,,,,,,,,,,
2008007089,137.0,0,0,0,0,0,0,0,0,0,7,0,,67,12,2007,2,39.9959,-75.1974,137.0,6,0,0,0,0,1,0,0,0,3.0,0,0,0,1,3,1,0,,1,39 59:45.000,3.0,0,75 11:50.253,4,0,0,0,67301,0,0,0,Y,0,0,0,1,68K01,1,,2,9,,N,N,,0,,0,0,1,3,7,N,136,1,1,0,0,0,0,0,3,4,0,1,7,,N,,,,,,,,,,,
2008029159,1855.0,0,0,0,0,0,0,0,0,0,9,0,,67,2,2007,5,39.9862,-75.1636,1843.0,6,0,0,0,0,0,0,0,0,,0,0,0,18,1,1,0,,0,39 59:10.478,,0,75 09:48.938,8,0,0,0,67301,0,0,0,,0,0,0,2,67301,0,,1,98,,N,,,0,,0,0,0,0,0,,1824,1,2,0,0,0,1,1,3,4,0,2,99,,N,,,,,,,,,,,
2008024357,1846.0,2,0,0,0,0,0,0,0,0,4,0,,67,12,2007,1,40.0076,-75.1276,1845.0,6,0,0,0,0,1,0,0,0,,0,0,0,18,3,1,1,,0,40 00:27.528,,0,75 07:37.941,4,0,0,0,67301,0,0,0,,0,0,0,3,67301,1,,1,9,,,,,0,,0,0,0,3,2,,1844,1,2,0,0,0,0,0,3,4,0,2,7,,N,,,,,,,,,,,
2008024410,200.0,2,0,0,0,0,0,0,0,0,6,0,,67,12,2007,7,40.0185,-75.1597,156.0,6,0,0,0,0,0,0,0,0,,0,0,0,1,3,0,0,,0,40 01:06.000,,0,75 09:34.697,0,0,0,0,67301,0,0,0,N,0,0,0,4,67301,0,,1,1,,N,N,,0,,0,0,0,0,0,,150,0,2,0,0,0,0,0,3,4,0,2,3,,N,,,,,,,,,,,
2008017282,516.0,1,0,0,0,0,0,0,0,0,7,0,,67,12,2007,1,39.98,-75.1052,510.0,6,0,0,0,0,0,0,0,0,1.0,0,0,0,5,3,2,0,,1,39 58:48.000,1.0,0,75 06:18.851,4,0,0,0,67301,0,0,0,N,0,0,0,2,67301,2,,2,9,,N,N,,0,,0,0,0,0,0,N,508,2,1,0,0,2,0,0,3,4,0,1,7,5.0,N,,,,,,,,,,,
2007027924,1908.0,2,0,0,0,0,0,0,0,0,4,0,,67,1,2007,6,40.0079,-75.1936,1903.0,6,0,0,0,0,0,1,0,0,1.0,0,0,0,19,3,1,0,,2,40 00:24.373,5.0,0,75 11:30.425,4,0,0,0,67301,0,0,0,N,0,0,0,2,67301,1,,1,1,,N,N,,0,,0,0,0,0,0,Y,1903,1,2,0,0,1,0,1,3,4,0,2,3,,N,,,,,,,,,,,
2007027932,852.0,2,0,0,0,0,0,0,0,0,4,0,,67,1,2007,3,40.0536,-75.1414,847.0,6,0,0,0,0,0,0,0,0,,0,0,0,8,1,0,0,,0,40 03:12.000,,7,75 08:29.253,0,0,0,0,67301,0,0,0,N,0,0,0,2,67301,0,,1,9,,N,N,,0,,0,0,0,0,0,,842,0,2,0,0,0,0,0,3,4,0,2,10,,N,,,,,,,,,,,
2007117213,718.0,0,0,0,0,0,0,0,0,0,0,0,,67,10,2007,5,40.0114,-75.1829,706.0,6,0,0,0,0,0,0,0,0,1.0,0,0,0,7,1,1,0,,2,40 00:48.000,4.0,0,75 10:46.981,3,0,0,1,67301,0,0,0,N,0,0,0,1,67301,0,,1,9,,N,N,,0,,1,0,0,3,8,N,702,1,1,0,0,0,0,0,3,4,0,1,98,,N,,,,,,,,,,,
2007047615,2020.0,1,0,0,0,0,0,0,0,0,7,0,,67,2,2007,1,40.0771,-75.0852,1954.0,6,0,0,0,0,1,0,0,0,,0,0,0,18,3,0,0,,0,40 04:37.491,,0,75 05:06.779,0,0,0,0,67301,0,0,0,N,0,0,0,1,67301,0,,5,6,,N,N,,0,,0,0,0,3,2,,1817,0,1,0,0,0,0,0,3,4,0,1,10,,N,,,,,,,,,,,
2007047618,1840.0,1,0,0,0,0,0,0,0,0,4,0,,67,3,2007,2,40.018,-75.097,1831.0,6,0,0,0,1,0,0,0,0,,0,1,0,18,1,1,12,,0,40 01:05.710,,0,75 05:49.999,8,0,0,0,67301,0,0,0,,0,0,0,3,67301,0,,1,1,,,,,0,,0,0,0,9,4,,1825,1,2,0,0,0,1,0,3,4,0,2,3,,N,,,,,,,,,,,
2007112024,2050.0,2,0,0,0,0,0,0,0,0,1,0,,67,9,2007,3,40.1015,-75.0061,2045.0,6,0,0,0,0,0,0,0,0,,0,0,0,19,3,1,0,,0,40 06:05.000,,7,75 00:21.940,8,0,0,0,67301,0,0,0,N,0,0,0,3,67301,0,,1,1,,N,N,,0,,0,0,0,9,2,,1935,1,2,0,0,0,1,1,3,4,0,2,3,,N,,,,,,,,,,,
2007106791,1410.0,1,0,0,1,0,0,0,0,0,8,0,,67,8,2007,5,39.9694,-75.1632,1405.0,6,0,0,0,0,0,0,0,0,,0,0,0,14,1,1,1,,0,39 58:09.858,,0,75 09:47.653,4,0,0,0,67301,1,0,0,,0,0,0,2,67301,1,,1,1,,,,,0,,0,0,0,9,3,,1400,1,2,0,0,0,0,0,3,4,0,1,3,,N,,,,,,,,,,,
2007106821,1737.0,2,0,0,0,0,0,0,0,0,4,0,,67,6,2007,1,39.9507,-75.2472,1735.0,6,0,0,0,0,0,0,0,0,,0,0,0,17,1,4,1,,0,39 57:02.394,,0,75 14:49.973,8,0,0,0,67301,0,0,0,N,0,0,0,4,67301,0,,1,1,,N,N,,0,,0,0,0,9,3,,1730,4,2,0,0,0,4,0,3,4,0,2,3,,N,,,,,,,,,,,
2007047788,1458.0,2,0,0,0,0,0,0,0,0,4,0,,67,2,2007,5,39.8999,-75.25,1453.0,6,0,0,0,0,0,0,1,0,,0,0,0,99,1,3,1,,0,39 53:59.665,,0,75 14:59.841,3,0,0,0,67301,0,0,0,N,0,0,0,3,67301,0,,1,1,,N,N,,0,,3,0,0,3,2,,9999,3,2,0,0,2,0,0,3,4,0,2,3,,N,,,,,,,,,,,
2007047837,1545.0,4,0,0,0,0,0,0,0,0,4,0,,67,3,2007,3,39.9688,-75.2454,1539.0,6,0,0,0,0,0,2,0,0,,0,0,0,15,1,1,1,,0,39 58:07.803,,0,75 14:43.549,4,0,0,0,67301,0,0,0,N,0,0,0,3,67301,1,,1,1,,N,N,,0,,0,0,0,9,2,,1511,1,4,0,0,0,0,0,3,4,0,4,3,,N,,,,,,,,,,,
2007047845,1435.0,2,0,0,0,0,0,0,0,0,5,0,,67,2,2007,2,40.0144,-75.153,1433.0,6,0,0,0,0,0,0,0,0,,0,0,0,13,1,0,1,,0,40 00:51.708,,0,75 09:10.931,0,0,0,0,67301,0,0,0,N,0,0,0,1,67301,0,,1,1,,N,N,,0,,0,0,0,9,9,,1355,0,2,0,0,0,0,0,3,4,0,2,3,,N,,,,,,,,,,,
2007047874,2354.0,2,0,0,0,0,0,0,0,0,4,0,,67,2,2007,3,39.9227,-75.2413,2348.0,6,0,0,0,0,0,0,0,0,,0,0,0,23,3,4,1,,0,39 55:21.579,,0,75 14:28.787,4,0,0,0,67301,0,0,0,N,0,0,0,5,67301,4,,1,9,,N,N,,0,,0,0,0,3,3,,2336,4,2,0,0,0,0,1,3,4,0,2,7,,N,,,,,,,,,,,
2007104407,1459.0,1,0,0,0,0,0,0,0,0,1,0,,67,9,2007,5,40.0085,-75.2111,1457.0,6,0,0,0,0,0,1,0,0,,0,0,0,14,1,1,0,,0,40 00:30.000,,0,75 12:40.170,8,0,0,0,67301,0,0,0,N,0,0,0,2,46104,0,,1,1,,N,N,,0,,0,0,1,3,2,,1457,1,2,0,0,0,1,0,3,4,0,2,3,,N,,,,,,,,,,,
2007047996,1015.0,5,0,0,0,0,0,0,0,0,4,0,,67,3,2007,4,40.0341,-75.0244,1010.0,6,0,0,0,0,0,1,0,0,,0,0,0,10,1,0,0,,0,40 02:02.740,,0,75 01:27.783,0,0,0,0,67301,0,0,0,N,0,0,0,2,67301,0,,1,7,,N,N,,0,,0,0,0,0,0,,1000,0,5,0,0,0,0,0,3,4,0,5,10,,N,,,,,,,,,,,
2007127655,1830.0,1,0,0,0,0,0,0,0,0,8,0,,67,10,2007,6,39.9525,-75.1565,1810.0,6,0,0,0,0,0,1,0,0,,0,0,0,18,3,1,0,,0,39 57:08.974,,0,75 09:23.482,8,0,0,0,67301,1,0,0,N,1,0,0,2,67301,0,,1,9,,N,N,,0,,0,0,0,0,0,,1807,1,2,0,0,0,1,0,3,4,0,1,7,,N,,,,,,,,,,,
2007127675,1648.0,1,0,0,0,0,0,0,0,0,4,0,,67,10,2007,3,40.0006,-75.1531,1642.0,6,0,0,0,0,0,0,0,0,,0,0,0,16,1,1,0,,0,40 00:02.032,,7,75 09:11.339,8,0,0,0,67301,0,0,0,,0,0,0,3,67301,0,,1,1,,,,,1,,0,0,0,0,0,,1635,1,2,0,0,0,1,1,3,4,0,2,3,,N,,,,,,,,,,,
2007107510,1808.0,2,0,0,0,0,0,0,0,0,2,0,,67,9,2007,3,40.0435,-75.2362,1807.0,6,0,0,0,0,0,0,0,0,,0,0,0,18,1,1,0,,0,40 02:36.632,,0,75 14:10.395,8,0,0,0,67301,0,0,0,N,0,0,0,2,67301,0,,1,1,,N,N,,0,,0,0,0,0,0,,1801,1,2,0,0,0,1,0,3,4,0,2,3,,N,,,,,,,,,,,
2007110094,1852.0,2,0,0,0,0,0,0,0,0,2,0,,67,9,2007,5,39.9515,-75.1756,1848.0,6,0,0,0,0,0,0,0,0,,0,0,0,99,1,1,1,,0,39 57:05.515,,0,75 10:32.041,4,0,0,0,67301,0,0,0,N,0,0,0,2,67301,1,,1,1,,N,N,,0,,0,0,0,3,2,,9999,1,2,0,0,0,0,0,3,4,0,2,3,,N,,,,,,,,,,,
2007045741,2213.0,1,0,0,1,0,0,0,0,0,1,0,,67,3,2007,5,39.9458,-75.1748,2210.0,6,0,0,0,0,0,0,0,0,,0,0,0,99,3,1,1,,0,39 56:45.045,,0,75 10:29.351,8,0,0,0,67301,1,0,0,N,0,0,0,2,67301,0,,1,9,,N,N,,0,,0,0,0,3,2,,9999,1,2,0,0,0,1,1,3,4,0,1,3,,N,,,,,,,,,,,
2007045766,1305.0,1,0,0,0,0,0,0,0,0,7,0,,67,2,2007,4,39.988,-75.089,1300.0,6,0,0,0,0,1,0,0,0,1.0,0,0,0,13,1,1,0,,1,39 59:16.800,2.0,0,75 05:20.040,8,0,0,0,67301,0,0,0,N,0,0,0,2,67301,0,,5,7,,N,N,,0,,0,0,0,0,0,N,1300,1,1,0,0,0,1,0,3,4,0,1,10,,N,,,,,,,,,,,
2007092921,1435.0,1,0,0,0,0,0,0,0,0,1,0,,67,7,2007,2,40.0675,-75.0088,1430.0,6,0,0,0,0,0,0,0,0,,0,0,0,14,1,1,0,,0,40 04:02.852,,0,75 00:31.655,4,0,0,0,67301,0,0,0,N,0,0,0,1,67301,1,,2,9,,N,N,,0,,0,0,1,0,0,,1425,1,2,0,0,0,0,0,3,4,0,2,7,,N,,,,,,,,,,,
2008007265,807.0,1,0,0,0,0,0,0,0,0,8,0,,67,11,2007,4,39.9397,-75.2229,806.0,6,0,0,0,0,0,0,0,0,2.0,0,0,0,8,1,1,1,,1,39 56:22.855,5.0,0,75 13:22.544,4,0,0,0,67301,1,0,0,N,1,0,0,2,67301,1,,1,1,,N,N,,0,,0,0,0,3,2,N,800,1,2,0,0,0,0,0,3,4,0,1,3,,N,,,,,,,,,,,
2008007285,2200.0,1,0,1,0,0,0,0,0,0,7,0,,67,11,2007,2,40.0236,-75.1961,2155.0,6,0,0,0,0,0,0,1,0,,0,0,0,21,3,1,0,,0,40 01:25.034,,0,75 11:46.079,2,0,0,0,67301,0,0,0,N,0,0,0,1,67301,0,,2,9,,N,N,,0,,0,1,0,0,0,,2150,1,1,0,0,0,0,0,3,4,0,1,7,,N,,,,,,,,,,,
2008007305,1425.0,2,0,0,0,0,0,0,0,0,4,0,,67,11,2007,3,40.0387,-75.0443,1420.0,6,0,0,0,0,0,0,2,0,,0,0,0,14,1,1,1,,0,40 02:19.000,,0,75 02:39.345,4,0,0,0,67301,0,0,0,N,0,0,0,2,67301,1,,1,9,,N,N,,0,,0,0,0,3,3,,1410,1,2,0,0,0,0,0,3,4,0,2,7,,N,,,,,,,,,,,