CRN,ARRIVAL_TM,AUTOMOBILE_COUNT,BELTED_DEATH_COUNT,BELTED_SUSP_SERIOUS_INJ_COUNT,BICYCLE_COUNT,BICYCLE_DEATH_COUNT,BICYCLE_SUSP_SERIOUS_INJ_COUNT,BUS_COUNT,CHLDPAS_DEATH_COUNT,CHLDPAS_SUSP_SERIOUS_INJ_COUNT,COLLISION_TYPE,COMM_VEH_COUNT,CONS_ZONE_SPD_LIM,COUNTY,CRASH_MONTH,CRASH_YEAR,DAY_OF_WEEK,DEC_LAT,DEC_LONG,DISPATCH_TM,DISTRICT,DRIVER_COUNT_16YR,DRIVER_COUNT_17YR,DRIVER_COUNT_18YR,DRIVER_COUNT_19YR,DRIVER_COUNT_20YR,DRIVER_COUNT_50_64YR,DRIVER_COUNT_65_74YR,DRIVER_COUNT_75PLUS,EST_HRS_CLOSED,FATAL_COUNT,HEAVY_TRUCK_COUNT,HORSE_BUGGY_COUNT,HOUR_OF_DAY,ILLUMINATION,INJURY_COUNT,INTERSECT_TYPE,INTERSECTION_RELATED,LANE_CLOSED,LATITUDE,LN_CLOSE_DIR,LOCATION_TYPE,LONGITUDE,MAX_SEVERITY_LEVEL,MCYCLE_DEATH_COUNT,MCYCLE_SUSP_SERIOUS_INJ_COUNT,MOTORCYCLE_COUNT,MUNICIPALITY,NONMOTR_COUNT,NONMOTR_DEATH_COUNT,NONMOTR_SUSP_SERIOUS_INJ_COUNT,NTFY_HIWY_MAINT,PED_COUNT,PED_DEATH_COUNT,PED_SUSP_SERIOUS_INJ_COUNT,PERSON_COUNT,POLICE_AGCY,POSSIBLE_INJ_COUNT,RDWY_SURF_TYPE_CD,RELATION_TO_ROAD,ROAD_CONDITION,ROADWAY_CLEARED,SCH_BUS_IND,SCH_ZONE_IND,SECONDARY_CRASH,SMALL_TRUCK_COUNT,SPEC_JURIS_CD,SUSP_MINOR_INJ_COUNT,SUSP_SERIOUS_INJ_COUNT,SUV_COUNT,TCD_FUNC_CD,TCD_TYPE,TFC_DETOUR_IND,TIME_OF_DAY,TOT_INJ_COUNT,TOTAL_UNITS,UNB_DEATH_COUNT,UNB_SUSP_SERIOUS_INJ_COUNT,UNBELTED_OCC_COUNT,UNK_INJ_DEG_COUNT,UNK_INJ_PER_COUNT,URBAN_AREA,URBAN_RURAL,VAN_COUNT,VEHICLE_COUNT,WEATHER1,WEATHER2,WORK_ZONE_IND,WORK_ZONE_LOC,WORK_ZONE_TYPE,WORKERS_PRES,WZ_CLOSE_DETOUR,WZ_FLAGGER,WZ_LAW_OFFCR_IND,WZ_LN_CLOSURE,WZ_MOVING,WZ_OTHER,WZ_SHLDER_MDN,WZ_WORKERS_INJ_KILLED
2008004903,9999.0,1,0,0,0,0,0,0,0,0,1,0,,67,11,2007,6,39.9786,-75.0974,1850.0,6,0,0,0,0,0,0,0,0,,0,0,0,18,3,1,0,,0,39 58:43.000,,0,75 05:50.652,8,0,0,0,67301,0,0,0,,0,0,0,2,67301,0,,1,1,,,,,0,,0,0,0,0,0,,1850,1,2,0,0,0,1,1,3,4,1,2,3,,N,,,,,,,,,,,
2008004908,1430.0,1,0,0,0,0,0,0,0,0,5,0,,67,11,2007,1,39.9903,-75.1867,1423.0,6,0,0,0,0,0,0,1,0,,0,0,0,14,1,0,0,,0,39 59:25.000,,0,75 11:12.016,0,0,0,0,67301,0,0,0,N,0,0,0,2,67301,0,,1,9,,N,N,,0,,0,0,1,0,0,,1415,0,3,0,0,0,0,0,3,4,1,3,7,,N,,,,,,,,,,,
2008005203,1505.0,0,0,0,0,0,0,0,0,0,4,0,,67,11,2007,2,39.9707,-75.1541,1459.0,6,0,0,0,0,0,1,0,0,,0,0,0,14,1,2,1,,0,39 58:14.000,,0,75 09:14.824,4,0,0,0,67301,0,0,0,N,0,0,0,18,67301,2,,1,1,,N,N,,0,,0,0,1,3,2,,1454,2,2,0,0,0,0,0,3,4,0,2,3,,N,,,,,,,,,,,
2008005205,1020.0,2,0,0,0,0,0,0,0,0,5,0,,67,11,2007,5,39.9916,-75.1003,1016.0,6,0,0,0,0,0,1,0,0,,0,0,0,10,1,0,0,,0,39 59:29.000,,7,75 06:01.178,9,0,0,0,67301,0,0,0,N,0,0,0,4,67301,0,,1,9,,N,N,,0,,0,0,0,0,0,,1010,0,2,0,0,0,0,1,3,4,0,2,7,,N,,,,,,,,,,,
2008004980,1535.0,2,0,0,0,0,0,0,0,0,4,0,,67,11,2007,3,39.9776,-75.1606,1530.0,6,0,0,0,0,0,0,0,0,,0,0,0,99,1,4,1,,0,39 58:39.345,,0,75 09:38.332,8,0,0,0,67301,0,0,0,,0,0,0,4,67301,0,,1,9,,,,,0,,0,0,0,9,3,,9999,4,2,0,0,0,4,0,3,4,0,2,7,,N,,,,,,,,,,,
2008060612,1623.0,1,0,0,0,0,0,0,0,0,7,0,,67,12,2007,1,39.965,-75.2246,1622.0,6,0,0,0,0,0,0,1,0,,0,0,0,16,3,0,1,,0,39 57:53.674,,0,75 13:28.432,0,0,0,0,67301,0,0,0,N,0,0,0,1,67301,0,,3,9,,N,N,,0,,0,0,0,2,2,,1617,0,1,0,0,0,0,0,3,4,0,1,7,,N,,,,,,,,,,,
2008018242,1545.0,2,0,0,0,0,0,0,0,0,2,0,,67,12,2007,2,40.0732,-75.0559,1540.0,6,0,0,0,0,0,0,0,1,1.0,0,0,0,15,1,2,0,,2,40 04:23.638,5.0,0,75 03:21.247,8,0,0,0,67301,0,0,0,,0,0,0,3,67301,0,,1,9,,,,,0,,0,0,0,0,0,Y,1535,2,2,0,0,0,2,0,3,4,0,2,7,,N,,,,,,,,,,,
2008031909,2059.0,3,1,0,0,0,0,0,0,0,4,0,,67,3,2007,2,39.9381,-75.1548,2059.0,6,0,0,0,0,0,0,0,0,,1,0,0,20,3,3,1,,0,39 56:17.332,,0,75 09:17.305,1,0,0,0,67301,0,0,0,N,0,0,0,4,67301,0,2.0,1,1,,N,N,,0,0.0,2,1,2,3,3,,2059,3,5,0,0,2,0,0,3,4,0,5,3,,N,,,,,,,,,,,
2008025127,745.0,2,0,0,0,0,0,0,0,0,2,0,,67,12,2007,5,40.0392,-75.11,741.0,6,0,0,0,0,0,0,0,0,,0,0,0,7,1,4,1,,0,40 02:20.000,,0,75 06:36.006,3,0,0,0,67301,0,0,0,,0,0,0,5,67301,0,,1,9,,,,,0,,1,0,0,3,2,,738,4,2,0,0,0,3,0,3,4,0,2,7,,N,,,,,,,,,,,
2008005980,1922.0,2,0,0,0,0,0,0,0,0,4,0,,67,7,2007,1,40.0451,-75.0968,1918.0,6,0,0,0,0,0,0,1,0,,0,0,0,19,3,2,0,,0,40 02:42.352,,0,75 05:48.526,4,0,0,0,67301,3,0,0,N,0,0,0,4,67301,2,,6,1,,N,N,,0,,0,0,0,0,0,,1916,2,2,0,0,0,0,0,3,4,0,2,3,,N,,,,,,,,,,,
2008020410,1016.0,1,0,0,0,0,0,0,0,0,1,1,,67,12,2007,2,39.9669,-75.1879,1016.0,6,0,0,0,0,0,3,0,0,1.0,0,1,0,10,1,0,0,,1,39 58:01.000,3.0,0,75 11:17.396,0,0,0,0,67301,0,0,0,N,0,0,0,4,68K01,0,,1,1,,N,N,,0,,0,0,1,0,0,N,1014,0,4,0,0,0,0,0,3,4,1,4,3,,N,,,,,,,,,,,
2008008486,25.0,2,0,0,0,0,0,0,0,0,1,0,,67,12,2007,6,40.0039,-75.2207,22.0,6,0,0,0,0,0,0,0,0,,0,0,0,0,2,1,1,,0,40 00:14.000,,0,75 13:14.544,4,0,0,0,67301,0,0,0,N,0,0,0,3,46104,1,,1,9,,N,N,,0,,0,0,0,3,2,,15,1,2,0,0,1,0,1,3,4,0,2,7,,N,,,,,,,,,,,
2008032551,,2,0,0,0,0,0,0,0,0,1,0,,67,3,2007,1,40.0292,-75.1227,,6,0,0,0,0,0,1,0,0,,0,0,0,16,1,1,1,,0,40 01:45.094,,0,75 07:21.831,4,0,0,0,67301,0,0,0,,0,0,0,2,,1,,1,1,,,,,0,,0,0,0,3,2,,1645,1,2,0,0,0,0,0,3,4,0,2,3,,N,,,,,,,,,,,
2008037282,901.0,0,0,0,0,0,0,0,0,0,7,0,,67,12,2007,1,39.9567,-75.143,857.0,6,0,0,0,1,0,0,0,0,3.0,0,0,0,8,1,2,0,,2,39 57:17.000,1.0,2,75 08:27.630,2,0,0,0,67301,0,0,0,N,0,0,0,2,67301,0,,2,9,,N,N,,0,,0,2,1,0,0,Y,855,2,1,0,2,2,0,0,3,4,0,1,3,,N,,,,,,,,,,,
2008004888,510.0,4,0,0,0,0,0,0,0,0,1,0,,67,11,2007,7,39.9576,-75.2178,505.0,6,0,0,0,1,0,0,0,0,,0,0,0,5,3,2,0,,0,39 57:27.000,,0,75 13:04.111,4,0,0,0,67301,0,0,0,N,0,0,0,2,67301,2,,6,1,,N,N,,0,,0,0,0,0,0,,503,2,4,0,0,0,0,0,3,4,0,4,3,,N,,,,,,,,,,,
2008057783,1743.0,0,0,0,0,0,0,0,0,0,7,0,,67,11,2007,4,40.0552,-75.1686,1741.0,6,0,0,0,0,0,0,0,0,,0,0,0,17,3,0,0,,0,40 03:18.678,,0,75 10:06.978,0,0,0,0,67301,0,0,0,N,0,0,0,1,67301,0,,2,1,,N,N,,0,,0,0,0,0,0,,1735,0,1,0,0,0,0,0,3,4,1,1,3,,N,,,,,,,,,,,
2008016454,923.0,1,0,0,0,0,0,0,0,0,8,0,,67,12,2007,6,39.9542,-75.1698,914.0,6,0,0,0,0,0,0,0,1,,0,0,0,99,1,1,1,,0,39 57:15.000,,0,75 10:11.174,3,0,0,0,67301,1,0,0,N,1,0,0,2,67301,0,,1,1,,N,N,,0,,1,0,0,3,2,,9999,1,2,0,0,0,0,0,3,4,0,1,3,,N,,,,,,,,,,,
2008031902,8.0,1,0,0,0,0,0,0,0,0,4,0,,67,5,2007,5,40.0183,-75.1485,6.0,6,0,0,0,0,0,0,0,0,9.0,1,0,0,0,3,0,1,,2,40 01:06.000,7.0,0,75 08:54.382,1,1,0,1,67301,0,0,0,N,0,0,0,2,67301,0,2.0,1,1,,N,N,,0,0.0,0,0,0,0,0,Y,6,0,2,0,0,0,0,0,3,4,0,2,3,,N,,,,,,,,,,,
2008016962,1212.0,0,0,0,0,0,0,0,0,0,8,0,,67,12,2007,1,40.033,-75.0398,1208.0,6,0,0,0,0,0,0,0,0,,0,0,0,18,4,1,1,,0,40 01:58.620,,0,75 02:23.420,8,0,0,0,67301,1,0,0,N,1,0,0,2,67301,0,,1,1,,N,N,,0,,0,0,1,9,3,,1830,1,2,0,0,0,1,0,3,4,0,1,3,,N,,,,,,,,,,,
2008017118,1526.0,1,0,0,0,0,0,0,0,0,8,0,,67,11,2007,4,40.031,-75.1491,1520.0,6,0,0,0,0,0,1,0,0,,0,0,0,15,1,1,0,,0,40 01:51.420,,0,75 08:56.781,4,0,0,0,67301,1,0,0,N,1,0,0,2,67301,1,,1,1,,N,N,,0,,0,0,0,0,0,,1509,1,2,0,0,0,0,0,3,4,0,1,3,,N,,,,,,,,,,,
2007107054,1702.0,2,0,0,0,0,0,0,0,0,4,0,,67,9,2007,4,40.1119,-74.9917,1616.0,6,0,0,0,0,0,0,0,1,,0,0,0,99,1,3,0,,0,40 06:42.000,,0,74 59:29.892,4,0,0,0,67301,0,0,0,N,0,0,0,4,67301,3,,1,1,,N,N,,0,,0,0,0,3,2,,9999,3,2,0,0,2,0,0,3,4,0,2,3,,N,,,,,,,,,,,
2007120717,1013.0,1,0,0,0,0,0,0,0,0,5,0,,67,9,2007,6,40.0533,-75.0614,1010.0,6,0,0,0,0,0,0,0,1,,0,0,0,10,1,0,0,,0,40 03:11.958,,0,75 03:41.071,0,0,0,0,67301,0,0,0,N,0,0,0,1,67301,0,,1,9,,N,N,,0,,0,0,1,0,0,,1006,0,2,0,0,0,0,0,3,4,0,2,7,,N,,,,,,,,,,,
2007117224,24.0,2,0,0,0,0,0,0,0,0,4,0,,67,9,2007,1,40.0242,-75.1328,15.0,6,0,0,0,0,0,0,0,0,1.0,0,0,0,0,3,0,1,,1,40 01:26.000,4.0,0,75 07:59.257,0,0,0,0,67301,0,0,0,N,0,0,0,2,67301,0,,1,1,,N,N,,0,,0,0,0,3,2,N,15,0,2,0,0,0,0,0,3,4,0,2,3,,N,,,,,,,,,,,
2007112110,1302.0,0,0,0,0,0,0,0,0,0,5,0,,67,9,2007,2,40.0216,-75.1398,1258.0,6,0,0,0,0,0,0,0,0,,0,0,0,12,1,1,0,,0,40 01:17.675,,0,75 08:23.284,3,0,0,0,67301,0,0,0,N,0,0,0,2,67301,0,,1,1,,N,N,,0,,1,0,0,3,2,,1238,1,2,0,0,0,0,1,3,4,2,2,3,,N,,,,,,,,,,,
2007047537,840.0,0,0,0,0,0,0,0,0,0,1,0,,67,2,2007,2,39.9783,-75.2461,837.0,6,0,0,0,0,0,0,0,0,1.0,0,0,0,8,1,1,1,,1,39 58:41.906,2.0,0,75 14:45.799,4,0,0,0,67301,0,0,0,N,0,0,0,2,67301,1,,1,9,,N,N,,0,,0,0,1,3,5,Y,835,1,2,0,0,0,0,0,3,4,0,1,3,,N,,,,,,,,,,,
2007047627,859.0,1,0,0,0,0,0,0,0,0,4,0,,67,2,2007,5,40.0299,-75.103,857.0,6,0,0,0,0,0,0,0,0,1.0,0,0,0,8,1,2,5,,1,40 01:47.679,2.0,0,75 06:11.073,8,0,0,0,67301,0,0,0,N,0,0,0,2,67301,0,,1,1,,N,N,,1,,0,0,0,3,2,Y,853,2,2,0,0,0,2,0,3,4,0,2,3,,N,,,,,,,,,,,
2007047726,5.0,0,0,0,0,0,0,0,0,0,1,0,,67,2,2007,3,39.9569,-75.1996,4.0,6,0,0,0,0,0,0,0,0,,0,0,0,23,3,2,1,,0,39 57:24.000,,0,75 11:58.490,4,0,0,0,67301,0,0,0,N,0,0,0,4,67301,2,,1,1,,N,N,,0,,0,0,1,3,2,,2323,2,2,0,0,0,0,0,3,4,1,2,3,,N,,,,,,,,,,,
2007047578,1737.0,0,0,0,0,0,0,0,0,0,8,0,,67,3,2007,5,39.9484,-75.2193,1736.0,6,0,0,0,0,0,0,0,0,,0,0,0,21,3,1,1,,0,39 56:54.000,,0,75 13:09.312,4,0,0,0,67301,1,0,0,N,1,0,0,2,67301,1,,1,9,,N,N,,0,,0,0,0,9,2,,2100,1,2,0,0,0,0,1,3,4,0,1,7,,N,,,,,,,,,,,
2007029726,1547.0,2,0,0,0,0,0,0,0,0,1,1,,67,2,2007,5,39.996,-75.1973,1531.0,6,0,0,1,0,0,0,0,0,1.0,0,1,0,14,1,0,0,,1,39 59:46.000,3.0,0,75 11:49.955,9,0,0,0,67301,0,0,0,N,0,0,0,3,68K01,0,,1,1,,N,N,,0,,0,0,0,0,0,N,1455,0,3,0,0,0,0,1,3,4,0,3,3,,N,,,,,,,,,,,
2007106822,1950.0,2,0,0,0,0,0,0,0,0,4,0,,67,6,2007,5,40.0094,-75.1045,9999.0,6,0,0,0,1,0,0,0,0,,0,0,0,19,1,5,1,,0,40 00:33.984,,0,75 06:16.225,8,0,0,0,67301,0,0,0,N,0,0,0,5,67301,0,,1,1,,N,N,,0,,0,0,0,0,0,,1950,5,2,0,0,0,5,0,3,4,0,2,3,,N,,,,,,,,,,,
2007047854,835.0,1,0,0,0,0,0,0,0,0,8,0,,67,2,2007,3,39.992,-75.2375,835.0,6,0,0,0,0,0,0,0,0,3.0,0,0,0,8,1,1,1,,2,39 59:31.149,6.0,0,75 14:15.021,4,0,0,0,67301,1,0,0,N,1,0,0,2,67301,1,,1,1,,N,Y,,0,,0,0,0,3,2,Y,832,1,2,0,0,0,0,0,3,4,0,1,3,,N,,,,,,,,,,,
2007047921,136.0,0,0,0,0,0,0,0,0,0,4,0,,67,3,2007,1,39.9601,-75.1401,130.0,6,0,0,0,0,0,0,0,0,2.0,0,0,0,1,3,0,0,,1,39 57:23.000,3.0,2,75 08:34.659,0,0,0,0,67301,0,0,0,N,0,0,0,9,67301,0,,1,9,,N,N,,0,,0,0,1,0,0,N,127,0,2,0,0,0,0,0,3,4,1,2,7,,N,,,,,,,,,,,
2007125117,1252.0,2,0,0,0,0,0,0,0,0,1,0,,67,11,2007,2,39.9141,-75.1497,1250.0,6,0,0,0,0,0,0,0,0,,0,0,0,12,1,1,1,,0,39 54:50.000,,0,75 08:58.878,8,0,0,0,67301,0,0,0,N,0,0,0,3,67301,0,,1,1,,N,N,,0,,0,0,1,3,2,,1245,1,3,0,0,3,1,0,3,4,0,3,3,,N,,,,,,,,,,,
2007125118,9999.0,1,0,0,0,0,0,0,0,0,2,0,,67,10,2007,4,40.0174,-75.1408,1802.0,6,0,0,0,0,0,0,0,0,,0,0,0,18,3,3,2,,0,40 01:02.521,,0,75 08:26.782,3,0,0,0,67301,0,0,0,N,0,0,0,3,67301,2,,1,9,,N,N,,1,,1,0,0,0,0,,1800,3,2,0,0,0,0,0,3,4,0,2,7,,N,,,,,,,,,,,
2007127661,1650.0,1,0,0,0,0,0,0,0,0,5,0,,67,10,2007,5,39.9976,-75.1021,1640.0,6,0,0,0,0,1,0,0,1,,0,0,0,15,1,1,0,,0,39 59:51.000,,0,75 06:07.515,8,0,0,1,67301,0,0,0,N,0,0,0,2,67301,0,,1,9,,N,N,,0,,0,0,0,0,0,,1500,1,2,0,0,0,1,0,3,4,0,2,3,,N,,,,,,,,,,,
2007109699,1325.0,1,0,0,0,0,0,0,0,0,4,0,,67,9,2007,1,39.973,-75.1477,1315.0,6,0,0,0,0,0,0,0,0,,0,0,0,13,1,0,2,,0,39 58:22.958,,0,75 08:51.579,0,0,0,0,67301,0,0,0,,0,0,0,2,67301,0,,1,1,,N,N,,0,,0,0,0,3,2,,1300,0,2,0,0,0,0,0,3,4,1,2,3,,N,,,,,,,,,,,
2007107511,1553.0,0,0,0,0,0,0,0,0,0,5,0,,67,9,2007,4,40.0373,-75.2382,1548.0,6,0,0,0,0,0,1,0,0,,0,0,0,15,1,2,0,,0,40 02:14.226,,0,75 14:17.361,4,0,0,1,67301,0,0,0,N,0,0,0,3,67301,2,,1,1,,N,N,,1,,0,0,0,0,0,,1540,2,2,0,0,0,0,0,3,4,0,2,3,,N,,,,,,,,,,,
2007045716,1057.0,3,0,0,0,0,0,0,0,0,4,0,,67,2,2007,1,40.0425,-75.1023,1054.0,6,0,0,0,0,0,1,0,0,,0,0,0,10,1,0,1,,0,40 02:33.115,,0,75 06:08.409,0,0,0,0,67301,0,0,0,N,0,0,0,2,67301,0,,1,1,,N,N,,0,,0,0,0,3,3,,1050,0,3,0,0,0,0,0,3,4,0,3,3,,N,,,,,,,,,,,
2007045747,845.0,1,0,0,0,0,0,0,0,0,8,0,,67,2,2007,6,39.9666,-75.1604,840.0,6,0,0,0,0,0,0,0,0,,0,0,0,99,3,1,1,,0,39 57:59.000,,0,75 09:37.524,4,0,0,0,67301,1,0,0,N,1,0,0,2,67301,1,,1,1,,N,N,,0,,0,0,0,3,2,,9999,1,2,0,0,0,0,0,3,4,0,1,98,,N,,,,,,,,,,,
2007045753,1005.0,1,0,0,0,0,0,1,0,0,4,1,,67,3,2007,2,39.9743,-75.2264,1000.0,6,0,0,0,0,0,1,0,0,,0,0,0,9,1,3,1,,0,39 58:27.000,,0,75 13:34.908,4,0,0,0,67301,0,0,0,N,0,0,0,5,67301,3,,1,1,,N,N,,0,,0,0,0,3,2,,930,3,2,0,0,0,0,0,3,4,0,2,3,,N,,,,,,,,,,,
2007045763,1607.0,1,0,0,0,0,0,0,0,0,7,0,,67,3,2007,7,39.947,-75.1423,1605.0,6,0,0,0,0,0,0,1,0,1.0,0,0,0,16,1,1,0,,1,39 56:49.045,2.0,1,75 08:32.304,8,0,0,0,67301,0,0,0,N,0,0,0,1,67301,0,,2,1,,N,N,,0,,0,0,0,0,0,N,1603,1,1,0,0,1,1,0,3,4,0,1,3,,N,,,,,,,,,,,
2007045767,945.0,1,0,0,0,0,0,0,0,0,4,1,,67,2,2007,4,39.9763,-75.1141,945.0,6,0,0,0,0,0,1,0,0,1.0,0,1,0,9,1,2,0,,1,39 58:36.840,1.0,0,75 06:47.880,8,0,0,0,67301,0,0,0,N,0,0,0,4,67301,0,,1,7,,N,N,,1,,0,0,0,0,0,N,945,2,3,0,0,0,2,0,3,4,0,3,10,,N,,,,,,,,,,,
2007045997,2100.0,2,0,0,0,0,0,0,0,0,1,0,,67,2,2007,6,39.9551,-75.1982,2058.0,6,0,0,0,0,0,0,0,0,,0,0,0,20,3,1,0,,0,39 57:18.000,,0,75 11:53.391,4,0,0,0,67301,0,0,0,N,0,0,0,3,67504,1,,1,1,,N,N,,0,,0,0,0,3,2,,2055,1,2,0,0,3,0,0,3,4,0,2,3,,N,,,,,,,,,,,
2007046042,1215.0,2,0,0,0,0,0,0,0,0,4,0,,67,2,2007,4,40.074,-75.0165,1209.0,6,0,0,0,0,0,0,0,1,,0,0,0,12,1,2,0,,0,40 04:26.000,,7,75 00:59.353,4,0,0,0,67301,0,0,0,N,0,0,0,2,67301,2,,1,1,,N,N,,0,,0,0,0,3,2,,1205,2,2,0,0,2,0,0,3,4,0,2,3,,N,,,,,,,,,,,
2007046061,1605.0,1,0,0,0,0,0,0,0,0,4,0,,67,2,2007,1,39.9414,-75.2352,1559.0,6,1,0,0,0,0,0,0,0,,0,0,0,15,1,1,0,,0,39 56:28.948,,0,75 14:06.771,4,0,0,0,67301,0,0,0,N,0,0,0,4,67301,1,,1,1,,N,N,,0,,0,0,0,0,0,,1555,1,2,0,0,0,0,0,3,4,0,2,3,,N,,,,,,,,,,,
2007038485,1826.0,1,0,0,0,0,0,0,0,0,7,0,,67,2,2007,1,39.9988,-75.1954,1802.0,6,0,0,0,0,0,0,0,0,1.0,0,0,0,17,3,0,0,,1,39 59:59.000,4.0,0,75 11:41.979,0,0,0,0,67301,0,0,0,N,0,0,0,1,68K01,0,,2,7,,N,N,,0,,0,0,0,0,0,N,1755,0,1,0,0,0,0,0,3,4,0,1,10,,N,,,,,,,,,,,
2007092903,2300.0,1,0,0,0,0,0,0,0,0,8,0,,67,7,2007,5,39.9428,-75.1656,2255.0,6,0,0,0,0,0,0,0,0,,0,0,0,22,3,1,1,,0,39 56:33.000,,0,75 09:56.302,8,0,0,0,67301,1,0,0,,1,0,0,2,67301,0,,1,1,,N,N,,0,,0,0,0,9,2,,2250,1,2,0,0,0,1,0,3,4,0,1,3,,N,,,,,,,,,,,
2008007303,230.0,3,0,0,0,0,0,0,0,0,5,0,,67,11,2007,1,39.9714,-75.1487,230.0,6,0,0,0,0,0,0,0,0,,0,0,0,2,3,0,0,,0,39 58:17.191,,0,75 08:55.420,9,0,0,0,67301,0,0,0,,0,0,0,1,67301,0,,6,1,,N,N,,0,,0,0,1,0,0,,230,0,4,0,0,0,0,1,3,4,0,4,3,,N,,,,,,,,,,,
2008005767,1305.0,1,0,0,0,0,0,0,0,0,4,0,,67,11,2007,1,40.0115,-75.0698,1300.0,6,0,1,0,0,0,0,0,0,,0,0,0,13,1,1,1,,0,40 00:42.000,,0,75 04:11.475,4,0,0,0,67301,0,0,0,N,0,0,0,3,67301,1,,1,9,,N,N,,0,,0,0,1,3,2,,1300,1,2,0,0,0,0,0,3,4,0,2,7,,N,,,,,,,,,,,
2008018230,1535.0,0,0,0,0,0,0,0,0,0,8,0,,67,12,2007,6,40.0355,-75.2173,1527.0,6,0,0,0,0,0,0,0,0,,0,0,0,15,1,1,0,,0,40 02:07.000,,0,75 13:02.037,3,0,0,0,67301,1,0,0,N,1,0,0,2,67301,0,,5,9,,N,N,,0,,1,0,1,0,0,,1520,1,2,0,0,0,0,0,3,4,0,1,10,,N,,,,,,,,,,,
2008037280,40.0,2,0,0,0,0,0,0,0,0,4,0,,67,12,2007,7,40.0691,-75.1993,36.0,6,0,0,0,0,0,0,0,0,,0,0,0,23,3,1,0,,0,40 04:08.000,,0,75 11:57.218,8,0,0,0,67301,0,0,0,N,0,0,0,2,67301,0,,1,1,,N,N,,0,,0,0,1,0,0,,2315,1,4,0,0,0,1,0,3,4,1,4,3,,N,,,,,,,,,,,
2008002474,2105.0,1,0,0,0,0,0,0,0,0,5,1,,67,10,2007,4,39.9639,-75.1843,2054.0,6,0,0,0,0,0,1,0,0,1.0,0,1,0,20,3,0,3,,2,39 57:57.000,4.0,0,75 11:11.033,0,0,0,0,67301,0,0,0,N,0,0,0,2,68K01,0,,1,1,,N,N,,0,,0,0,0,3,8,N,2052,0,2,0,0,0,0,0,3,4,0,2,3,,N,,,,,,,,,,,
2008034356,,1,0,0,0,0,0,0,0,0,1,0,,67,6,2007,4,40.0071,-75.2137,,6,0,0,0,0,0,0,0,0,,0,0,0,99,1,1,0,,0,40 00:25.560,,0,75 12:49.320,4,0,0,0,67301,0,0,0,,0,0,0,5,,1,,1,1,,,,,0,,0,0,0,0,0,,9999,1,5,0,0,0,0,4,3,4,1,5,3,,N,,,,,,,,,,,
2008016458,1700.0,1,0,0,0,0,0,0,0,0,8,0,,67,12,2007,3,39.9168,-75.1713,1700.0,6,0,0,0,0,1,0,0,0,1.0,0,0,0,16,1,1,1,,1,39 55:00.000,2.0,0,75 10:16.768,4,0,0,0,67301,1,0,0,N,1,0,0,2,67301,1,,1,1,,N,N,,0,,0,0,0,3,2,N,1650,1,2,0,0,0,0,0,3,4,0,1,3,,N,,,,,,,,,,,
2008006565,1920.0,0,0,0,0,0,0,0,0,0,7,0,,67,12,2007,7,39.9461,-75.1773,1912.0,6,0,0,0,0,0,0,0,0,,0,0,0,19,3,2,0,,0,39 56:46.078,,0,75 10:38.254,4,0,0,0,67301,0,0,0,,0,0,0,2,67301,2,,5,1,,N,N,,0,,0,0,1,0,0,,1910,2,1,0,0,0,0,0,3,4,0,1,3,,N,,,,,,,,,,,
2008004443,115.0,1,0,0,0,0,0,0,0,0,4,0,,67,10,2007,1,40.0323,-75.0425,1250.0,6,0,0,0,0,0,0,0,0,,0,0,0,99,3,1,1,,0,40 01:56.000,,0,75 02:33.206,4,0,0,0,67301,0,0,0,,0,0,0,2,67301,1,,1,1,,,,,0,,0,0,1,9,3,,9999,1,2,0,0,0,0,0,3,4,0,2,3,,N,,,,,,,,,,,
2008024296,1950.0,3,0,0,0,0,0,0,0,0,1,0,,67,12,2007,4,39.947,-75.1647,1945.0,6,0,0,0,0,0,1,0,0,,0,0,0,19,3,2,1,,0,39 56:49.000,,0,75 09:52.945,8,0,0,0,67301,0,0,0,,0,0,0,4,67301,0,,1,1,,,,,0,,0,0,0,3,2,,1940,2,3,0,0,0,2,0,3,4,0,3,3,,N,,,,,,,,,,,
2008024512,1029.0,1,0,0,0,0,0,0,0,0,7,0,,67,12,2007,7,40.0175,-75.1471,1029.0,6,0,0,0,0,0,0,0,0,,0,0,0,9,1,2,0,,0,40 01:02.842,,0,75 08:49.736,8,0,0,0,67301,0,0,0,N,0,0,0,2,67301,0,,5,1,,N,N,,0,,0,0,0,3,1,,920,2,1,0,0,1,2,0,3,4,0,1,3,,N,,,,,,,,,,,
2008019695,1600.0,2,0,0,0,0,0,0,0,0,4,0,,67,11,2007,1,40.0212,-75.1262,1557.0,6,0,0,0,0,0,0,0,0,,0,0,0,15,1,1,3,,0,40 01:16.165,,0,75 07:34.193,8,0,0,0,67301,0,0,0,,0,0,0,5,67301,0,,1,1,,,,,0,,0,0,0,0,0,,1550,1,2,0,0,0,1,0,3,4,0,2,3,,N,,,,,,,,,,,