CRN,ARRIVAL_TM,AUTOMOBILE_COUNT,BELTED_DEATH_COUNT,BELTED_SUSP_SERIOUS_INJ_COUNT,BICYCLE_COUNT,BICYCLE_DEATH_COUNT,BICYCLE_SUSP_SERIOUS_INJ_COUNT,BUS_COUNT,CHLDPAS_DEATH_COUNT,CHLDPAS_SUSP_SERIOUS_INJ_COUNT,COLLISION_TYPE,COMM_VEH_COUNT,CONS_ZONE_SPD_LIM,COUNTY,CRASH_MONTH,CRASH_YEAR,DAY_OF_WEEK,DEC_LAT,DEC_LONG,DISPATCH_TM,DISTRICT,DRIVER_COUNT_16YR,DRIVER_COUNT_17YR,DRIVER_COUNT_18YR,DRIVER_COUNT_19YR,DRIVER_COUNT_20YR,DRIVER_COUNT_50_64YR,DRIVER_COUNT_65_74YR,DRIVER_COUNT_75PLUS,EST_HRS_CLOSED,FATAL_COUNT,HEAVY_TRUCK_COUNT,HORSE_BUGGY_COUNT,HOUR_OF_DAY,ILLUMINATION,INJURY_COUNT,INTERSECT_TYPE,INTERSECTION_RELATED,LANE_CLOSED,LATITUDE,LN_CLOSE_DIR,LOCATION_TYPE,LONGITUDE,MAX_SEVERITY_LEVEL,MCYCLE_DEATH_COUNT,MCYCLE_SUSP_SERIOUS_INJ_COUNT,MOTORCYCLE_COUNT,MUNICIPALITY,NONMOTR_COUNT,NONMOTR_DEATH_COUNT,NONMOTR_SUSP_SERIOUS_INJ_COUNT,NTFY_HIWY_MAINT,PED_COUNT,PED_DEATH_COUNT,PED_SUSP_SERIOUS_INJ_COUNT,PERSON_COUNT,POLICE_AGCY,POSSIBLE_INJ_COUNT,RDWY_SURF_TYPE_CD,RELATION_TO_ROAD,ROAD_CONDITION,ROADWAY_CLEARED,SCH_BUS_IND,SCH_ZONE_IND,SECONDARY_CRASH,SMALL_TRUCK_COUNT,SPEC_JURIS_CD,SUSP_MINOR_INJ_COUNT,SUSP_SERIOUS_INJ_COUNT,SUV_COUNT,TCD_FUNC_CD,TCD_TYPE,TFC_DETOUR_IND,TIME_OF_DAY,TOT_INJ_COUNT,TOTAL_UNITS,UNB_DEATH_COUNT,UNB_SUSP_SERIOUS_INJ_COUNT,UNBELTED_OCC_COUNT,UNK_INJ_DEG_COUNT,UNK_INJ_PER_COUNT,URBAN_AREA,URBAN_RURAL,VAN_COUNT,VEHICLE_COUNT,WEATHER1,WEATHER2,WORK_ZONE_IND,WORK_ZONE_LOC,WORK_ZONE_TYPE,WORKERS_PRES,WZ_CLOSE_DETOUR,WZ_FLAGGER,WZ_LAW_OFFCR_IND,WZ_LN_CLOSURE,WZ_MOVING,WZ_OTHER,WZ_SHLDER_MDN,WZ_WORKERS_INJ_KILLED
2008017050,156.0,5,0,0,0,0,0,0,0,0,4,0,,67,10,2007,7,39.9527,-75.2367,154.0,6,0,0,0,0,0,0,0,0,2.0,0,0,0,1,3,0,1,,2,39 57:09.824,7.0,0,75 14:11.972,9,0,0,0,67301,0,0,0,N,0,0,0,2,67301,0,,1,9,,N,N,,0,,0,0,0,0,0,Y,150,0,5,0,0,0,0,1,3,4,0,5,7,,N,,,,,,,,,,,
2008017381,1350.0,2,0,0,0,0,0,0,0,0,2,0,,67,12,2007,1,40.006,-75.0919,1340.0,6,0,0,0,1,0,0,0,1,,0,0,0,13,1,1,1,,0,40 00:21.000,,0,75 05:30.664,4,0,0,0,67301,0,0,0,N,0,0,0,2,67301,1,,1,9,,N,N,,0,,0,0,0,3,2,,1335,1,2,0,0,0,0,0,3,4,0,2,7,,N,,,,,,,,,,,
2008017389,1603.0,2,0,0,0,0,0,0,0,0,5,0,,67,12,2007,4,40.0029,-75.1632,1559.0,6,0,0,0,0,0,0,0,0,,0,0,0,15,1,1,0,,0,40 00:10.000,,0,75 09:47.736,4,0,0,0,67301,0,0,0,,0,0,0,2,67301,1,,1,1,,N,N,,0,,0,0,0,0,0,,1556,1,2,0,0,1,0,0,3,4,0,2,3,,N,,,,,,,,,,,
2008017423,945.0,1,0,0,0,0,0,0,0,0,4,0,,67,12,2007,2,40.0609,-75.1351,945.0,6,0,0,0,1,0,0,0,0,,0,0,0,99,1,1,1,,0,40 03:39.411,,0,75 08:06.512,4,0,0,0,67301,0,0,0,N,0,0,0,6,67301,1,,1,1,,N,N,,0,,0,0,0,3,3,,9999,1,2,0,0,0,0,0,3,4,1,2,3,,N,,,,,,,,,,,
2008017538,1905.0,2,0,0,0,0,0,0,0,0,4,0,,67,11,2007,5,39.9291,-75.2205,1900.0,6,0,0,0,0,0,0,1,0,,0,0,0,18,3,2,1,,0,39 55:44.000,,0,75 13:13.928,4,0,0,0,67301,0,0,0,N,0,0,0,3,67301,2,,1,1,,N,N,,0,,0,0,0,3,2,,1857,2,2,0,0,0,0,0,3,4,0,2,3,,N,,,,,,,,,,,
2007027975,838.0,2,0,0,0,0,0,0,0,0,2,0,,67,1,2007,2,40.1145,-75.0299,835.0,6,0,0,0,0,0,0,0,1,2.0,0,0,0,8,1,1,2,,1,40 06:52.333,4.0,0,75 01:47.812,4,0,0,0,67301,0,0,0,N,0,0,0,4,67301,1,,1,9,,N,N,,0,,0,0,0,3,3,N,830,1,2,0,0,0,0,0,3,4,0,2,98,,N,,,,,,,,,,,
2007023068,1547.0,1,0,0,0,0,0,0,0,0,1,0,,67,1,2007,6,40.0062,-75.1969,1547.0,6,0,0,0,0,0,0,0,0,1.0,0,0,0,15,1,4,7,,1,40 00:05.000,4.0,2,75 11:40.540,8,0,0,0,67301,0,0,0,N,0,0,0,5,67301,0,,1,1,,N,N,,1,,0,0,0,0,0,N,1547,4,3,0,0,1,4,0,3,4,1,3,3,,N,,,,,,,,,,,
2007067637,1525.0,1,0,0,0,0,0,0,0,0,1,0,,67,5,2007,1,39.9592,-75.1737,1515.0,6,0,0,0,0,0,1,0,0,2.0,0,0,0,15,1,2,0,,1,39 57:33.000,3.0,0,75 10:26.311,8,0,0,0,67301,0,0,0,N,0,0,0,4,67301,0,,1,1,,N,N,,0,,0,0,1,0,0,N,1515,2,2,0,0,0,2,0,3,4,0,2,3,,N,,,,,,,,,,,
2007070161,136.0,1,0,0,0,0,0,0,0,0,7,0,,67,6,2007,3,39.9811,-75.2065,121.0,6,0,0,0,0,0,0,0,0,,0,0,0,1,3,0,0,,0,39 58:55.000,,0,75 12:26.830,0,0,0,0,67301,0,0,0,Y,0,0,0,1,68K01,0,,2,1,,N,N,,0,,0,0,0,0,0,,120,0,1,0,0,0,0,0,3,4,0,1,3,,N,,,,,,,,,,,
2007106772,347.0,3,0,0,0,0,0,0,0,0,3,0,,67,7,2007,1,40.021,-75.1369,347.0,6,0,0,0,0,0,0,0,0,,0,0,0,3,3,0,0,,0,40 01:15.758,,0,75 08:12.919,0,0,0,0,67301,0,0,0,N,0,0,0,1,67301,0,,2,1,,N,N,,0,,0,0,0,0,0,,342,0,3,0,0,0,0,0,3,4,0,3,3,,N,,,,,,,,,,,
2007109448,1036.0,1,0,0,0,0,0,0,0,0,8,0,,67,9,2007,4,39.9802,-75.1576,1035.0,6,0,0,0,0,0,0,0,0,,0,0,0,10,1,1,1,,0,39 58:48.000,,0,75 09:27.327,2,0,0,0,67301,1,0,1,,1,0,1,2,67301,0,,1,1,,,,,0,,0,1,0,3,2,,1035,1,2,0,0,0,0,0,3,4,0,1,3,,N,,,,,,,,,,,
2007047839,837.0,1,0,0,0,0,0,0,0,0,8,0,,67,3,2007,5,39.9505,-75.1489,834.0,6,0,0,0,0,0,0,0,0,1.0,0,0,0,8,1,1,1,,1,39 57:01.000,4.0,0,75 08:56.078,8,0,0,0,67301,1,0,0,,1,0,0,2,67301,0,,1,1,,N,N,,0,,0,0,0,3,2,N,825,1,2,0,0,0,1,0,3,4,0,1,3,,N,,,,,,,,,,,
2007047876,1915.0,2,0,0,0,0,0,0,0,0,2,0,,67,2,2007,7,39.9193,-75.2344,1900.0,6,0,0,0,0,0,0,0,0,,0,0,0,17,4,1,0,,0,39 55:09.636,,0,75 14:03.805,4,0,0,0,67301,0,0,0,N,0,0,0,2,67301,1,,1,1,,N,N,,0,,0,0,0,0,0,,1730,1,2,0,0,0,0,0,3,4,0,2,3,,N,,,,,,,,,,,
2007106961,700.0,2,0,0,0,0,0,0,0,0,4,0,,67,9,2007,2,40.0072,-75.2002,655.0,6,0,0,0,0,0,0,1,0,,0,0,0,6,1,1,0,,0,40 00:26.000,,0,75 12:01.602,4,0,0,0,67301,0,0,0,N,0,0,0,2,68K01,1,,1,1,,N,N,,0,,0,0,0,0,0,,648,1,3,0,0,0,0,0,3,4,0,2,3,,N,,,,,,,,,,,
2007106980,254.0,2,0,0,0,0,0,0,0,0,1,0,,67,8,2007,1,40.0702,-75.0149,251.0,6,0,0,0,0,0,0,0,0,,0,0,0,2,2,2,0,,0,40 04:12.831,,0,75 00:53.636,8,0,0,0,67301,0,0,0,,0,0,0,2,67301,0,,2,1,,,,,0,,0,0,0,0,0,,251,2,2,0,0,0,2,0,3,4,0,2,3,,N,,,,,,,,,,,
2007093569,803.0,1,0,0,0,0,0,0,0,0,4,0,,67,7,2007,3,40.041,-75.1832,757.0,6,0,0,0,0,0,0,0,0,,0,0,0,7,1,1,0,,0,40 02:27.000,,0,75 10:59.389,8,0,0,0,67301,0,0,0,,0,0,0,2,67301,0,,1,1,,,,,0,,0,0,1,0,0,,743,1,4,0,0,0,1,0,3,4,2,4,3,,N,,,,,,,,,,,
2007127620,1310.0,0,0,0,0,0,0,0,0,0,1,1,,67,10,2007,5,39.9415,-75.2351,1300.0,6,0,0,0,0,0,0,0,0,1.0,0,1,0,13,1,3,0,,2,39 56:29.236,2.0,0,75 14:06.212,8,0,0,0,67301,0,0,0,N,0,0,0,4,67301,0,,1,9,,N,N,,1,,0,0,0,9,2,Y,1300,3,2,0,0,0,3,1,3,4,0,2,7,,N,,,,,,,,,,,
2007127627,1948.0,1,0,0,0,0,0,0,0,0,8,0,,67,10,2007,6,39.9266,-75.2356,1947.0,6,0,0,0,0,0,0,0,0,,0,0,0,19,3,1,1,,0,39 55:35.885,,0,75 14:08.107,8,0,0,0,67301,1,0,0,N,1,0,0,2,67301,0,,1,9,,N,N,,0,,0,0,0,3,2,,1913,1,2,0,0,0,1,0,3,4,0,1,7,,N,,,,,,,,,,,
2007107505,2230.0,2,0,0,0,0,0,0,0,0,1,0,,67,8,2007,1,39.9987,-75.1782,2215.0,6,0,0,0,0,0,0,1,0,,0,0,0,99,3,3,1,,0,39 59:55.000,,0,75 10:41.593,8,0,0,0,67301,0,0,0,,0,0,0,4,67301,0,,1,1,,,,,0,,0,0,0,3,2,,9999,3,2,0,0,1,3,1,3,4,0,2,3,,N,,,,,,,,,,,
2007048302,140.0,3,0,0,0,0,0,0,0,0,4,0,,67,3,2007,1,39.9701,-75.178,136.0,6,1,0,0,0,0,0,0,0,,0,0,0,1,3,2,1,,0,39 58:12.466,,0,75 10:40.945,4,0,0,0,67301,0,0,0,N,0,0,0,4,67301,1,,1,2,,N,N,,0,,0,0,0,3,3,,130,2,3,0,0,0,1,0,3,4,0,3,10,,N,,,,,,,,,,,
2007045732,758.0,2,0,0,0,0,0,0,0,0,4,0,,67,2,2007,6,40.0472,-75.1406,748.0,6,0,0,0,0,0,0,0,0,,0,0,0,7,1,0,1,,0,40 02:49.000,,0,75 08:26.238,0,0,0,0,67301,0,0,0,N,0,0,0,3,67301,0,,1,1,,N,N,,0,,0,0,0,0,0,,745,0,2,0,0,0,0,0,3,4,0,2,3,,N,,,,,,,,,,,
2007045735,615.0,2,0,0,0,0,0,0,0,0,1,0,,67,2,2007,1,39.9634,-75.1612,610.0,6,0,0,0,0,0,0,0,0,,0,0,0,6,5,1,2,,0,39 57:48.240,,0,75 09:40.320,8,0,0,0,67301,0,0,0,N,0,0,0,2,67301,0,,1,1,,N,N,,0,,0,0,0,3,2,,610,1,2,0,0,0,1,0,3,4,0,2,3,,N,,,,,,,,,,,
2007046053,108.0,2,0,0,0,0,0,0,0,0,4,0,,67,3,2007,6,39.9277,-75.147,105.0,6,0,0,0,1,0,0,0,0,,0,0,0,1,3,1,1,,0,39 55:39.619,,0,75 08:49.027,4,0,0,0,67301,0,0,0,N,0,0,0,3,67301,1,,1,9,,N,N,,0,,0,0,0,3,3,,100,1,2,0,0,0,0,0,3,4,0,2,7,,N,,,,,,,,,,,
2007046059,1815.0,2,0,0,0,0,0,0,0,0,4,0,,67,2,2007,3,39.9629,-75.2223,1812.0,6,0,0,0,0,1,0,0,0,,0,0,0,17,1,0,1,,0,39 57:46.263,,0,75 13:20.146,0,0,0,0,67301,0,0,0,N,0,0,0,1,67301,0,,1,7,,N,N,,0,,0,0,0,3,3,,1745,0,2,0,0,0,0,0,3,4,0,2,10,,N,,,,,,,,,,,
2007092977,1650.0,0,0,0,0,0,0,0,0,0,8,0,,67,7,2007,2,39.9956,-75.1114,9999.0,6,0,0,0,0,0,0,0,0,,0,0,0,16,1,1,0,,0,39 59:44.268,,0,75 06:40.989,4,0,0,0,67301,1,0,0,N,1,0,0,2,67301,1,,1,1,,N,N,,0,,0,0,0,0,0,,1645,1,2,0,0,1,0,0,3,4,1,1,3,,N,,,,,,,,,,,
2008007277,1440.0,2,0,0,0,0,0,0,0,0,4,0,,67,10,2007,1,39.992,-75.1402,1430.0,6,0,0,0,0,0,0,0,0,,0,0,0,99,1,1,1,,0,39 59:31.000,,0,75 08:24.666,4,0,0,0,67301,0,0,0,N,0,0,0,3,67301,1,,1,1,,N,N,,0,,0,0,0,3,2,,9999,1,2,0,0,0,0,0,3,4,0,2,3,,N,,,,,,,,,,,
2008007321,1710.0,2,0,0,0,0,0,0,0,0,4,0,,67,11,2007,2,39.9438,-75.1584,1700.0,6,0,0,0,0,0,1,0,0,9.0,0,0,0,16,3,1,1,,1,39 56:37.730,4.0,0,75 09:30.203,4,0,0,0,67301,0,0,0,N,0,0,0,2,67301,1,,1,9,,N,N,,0,,0,0,0,1,2,N,1647,1,2,0,0,0,0,0,3,4,0,2,7,,N,,,,,,,,,,,
2008004899,1957.0,2,0,0,0,0,0,0,0,0,6,0,,67,11,2007,3,40.0367,-75.1738,1948.0,6,0,0,0,0,0,0,0,0,,0,0,0,16,1,1,1,,0,40 02:12.019,,0,75 10:25.841,8,0,0,0,67301,0,0,0,N,0,0,0,2,67301,0,,1,1,,N,N,,0,,0,0,0,3,2,,1615,1,2,0,0,0,1,1,3,4,0,2,3,,N,,,,,,,,,,,
2008008126,2110.0,1,0,0,0,0,0,0,0,0,8,0,,67,11,2007,1,40.0413,-75.1067,2110.0,6,0,0,0,0,0,0,0,0,,0,0,0,21,3,1,1,,0,40 02:28.000,,0,75 06:24.127,8,0,0,0,67301,1,0,0,,1,0,0,2,67301,0,,1,9,,,,,0,,0,0,0,3,2,,2105,1,2,0,0,0,1,0,3,4,0,1,7,,N,,,,,,,,,,,
2008008128,750.0,2,0,0,0,0,0,0,0,0,1,0,,67,11,2007,3,40.0099,-75.1993,745.0,6,0,0,0,0,0,1,0,0,,0,0,0,7,1,0,0,,0,40 00:33.000,,0,75 11:48.888,0,0,0,0,67301,0,0,0,N,0,0,0,3,67301,0,,1,1,,N,N,,0,,0,0,1,0,0,,740,0,3,0,0,0,0,0,3,4,0,3,3,,N,,,,,,,,,,,
2008005761,1556.0,1,0,0,0,0,0,0,0,0,8,0,,67,11,2007,3,40.0414,-75.0283,1544.0,6,0,0,0,0,0,0,0,0,,0,0,0,15,1,1,1,,0,40 02:28.000,,0,75 01:41.719,8,0,0,0,67301,1,0,0,N,1,0,0,3,67301,0,,1,1,,N,N,,0,,0,0,0,3,2,,1541,1,2,0,0,0,1,2,3,4,0,1,3,,N,,,,,,,,,,,
2008000678,810.0,2,0,0,0,0,0,0,0,0,1,0,,67,10,2007,5,40.0191,-75.045,806.0,6,0,0,0,0,0,0,0,0,,0,0,0,7,1,2,2,,0,40 01:08.852,,0,75 02:41.965,4,0,0,0,67301,0,0,0,N,0,0,0,3,67301,2,,1,9,,N,N,,0,,0,0,0,3,2,,753,2,2,0,0,1,0,0,3,4,0,2,7,,N,,,,,,,,,,,
2008029660,744.0,1,0,0,0,0,0,0,0,0,7,0,,67,12,2007,6,39.9024,-75.1504,743.0,6,0,0,0,0,0,1,0,0,,0,0,0,7,1,1,0,,0,39 54:08.715,,0,75 09:01.317,4,0,0,0,67301,0,0,0,N,0,0,0,1,67301,1,,3,9,,N,N,,0,,0,0,0,0,0,,743,1,1,0,0,0,0,0,3,4,0,1,5,,N,,,,,,,,,,,
2008018236,1503.0,2,0,0,0,0,0,0,0,0,1,0,,67,12,2007,1,40.0866,-75.0362,1500.0,6,0,0,0,0,0,0,0,1,,0,0,0,14,1,1,0,,0,40 05:11.000,,0,75 02:10.300,8,0,0,0,67301,0,0,0,N,0,0,0,2,67301,0,,1,9,,N,N,,0,,0,0,0,0,0,,1455,1,2,0,0,0,1,0,3,4,0,2,10,,N,,,,,,,,,,,
2008008730,1506.0,1,0,0,0,0,0,0,0,0,0,1,,67,11,2007,3,40.0431,-75.0033,1502.0,6,0,0,0,0,0,0,0,0,1.0,0,1,0,15,1,2,0,,1,40 02:35.000,1.0,0,75 00:11.609,4,0,0,0,67301,0,0,0,N,0,0,0,7,67301,1,,1,1,,N,N,,0,,0,0,0,0,0,N,1502,2,2,0,0,0,1,0,3,4,0,2,3,,N,,,,,,,,,,,
2008005978,1310.0,1,0,0,0,0,0,0,0,0,1,0,,67,11,2007,2,39.9535,-75.2182,1308.0,6,0,0,0,0,0,0,0,0,,0,0,0,13,1,1,0,,0,39 57:12.769,,0,75 13:05.402,8,0,0,0,67301,1,0,0,N,0,0,0,3,67301,0,,6,9,,N,N,,0,,0,0,1,0,0,,1306,1,2,0,0,0,1,0,3,4,0,2,7,,N,,,,,,,,,,,
2008006002,2118.0,1,0,0,0,0,0,0,0,0,4,0,,67,11,2007,4,40.01,-75.0802,2115.0,6,0,0,0,1,0,0,0,0,,0,0,0,21,3,1,1,,0,40 00:35.000,,0,75 04:49.706,8,0,0,1,67301,0,0,0,N,0,0,0,2,67301,0,,1,1,,N,N,,0,,0,0,0,3,3,,2107,1,2,0,0,0,1,0,3,4,0,2,3,,N,,,,,,,,,,,
2008032972,,2,0,0,0,0,0,0,0,0,5,0,,67,1,2007,2,,,,6,0,0,0,0,0,2,0,0,,0,0,0,7,1,1,0,,0,,,0,,8,0,0,0,67301,0,0,0,N,0,0,0,2,00000,0,,1,1,,N,N,,0,,0,0,0,0,0,,730,1,2,0,0,0,1,1,3,3,0,2,3,,N,,,,,,,,,,,
2008034573,2140.0,2,0,0,0,0,0,0,0,0,4,0,,67,10,2007,7,39.9939,-75.1545,2135.0,6,0,0,0,0,0,0,0,0,,0,0,0,21,3,0,1,,0,39 59:38.000,,0,75 09:16.513,0,0,0,0,67301,0,0,0,N,0,0,0,3,68K01,0,,1,1,,N,N,,0,,0,0,0,3,2,,2135,0,2,0,0,0,0,0,3,4,0,2,3,,N,,,,,,,,,,,
2008004885,1030.0,1,0,0,0,0,0,0,0,0,1,0,,67,11,2007,6,39.9783,-75.2461,1023.0,6,0,0,0,0,0,0,1,0,,0,0,0,10,1,1,1,,0,39 58:41.000,,0,75 14:45.800,4,0,0,0,67301,0,0,0,N,0,0,0,2,67301,1,,1,1,,N,N,,0,,0,0,1,3,2,,1020,1,2,0,0,0,0,0,3,4,0,2,3,,N,,,,,,,,,,,
2008018860,2154.0,2,0,0,0,0,0,0,0,0,4,0,,67,12,2007,7,39.9706,-75.1525,2149.0,6,0,0,0,0,0,0,0,0,,0,0,0,21,3,3,2,,0,39 58:14.000,,0,75 09:09.061,4,0,0,0,67301,0,0,0,N,0,0,0,3,67301,3,,1,1,,N,N,,0,,0,0,0,3,2,,2145,3,2,0,0,0,0,0,3,4,0,2,3,,N,,,,,,,,,,,
2008018869,856.0,0,0,0,0,0,0,0,0,0,8,0,,67,12,2007,6,40.0741,-75.1584,856.0,6,0,0,0,0,0,0,0,0,,0,0,0,8,1,1,1,,0,40 04:27.000,,0,75 09:30.164,8,0,0,0,67301,1,0,0,N,1,0,0,3,67301,0,,1,1,,N,N,,0,,0,0,1,0,0,,850,1,2,0,0,0,1,0,3,4,0,1,3,,N,,,,,,,,,,,
2008031878,18.0,2,0,0,0,0,0,0,0,0,4,0,,67,9,2007,5,39.9871,-75.1626,16.0,6,0,0,0,0,0,0,0,0,,1,0,0,0,3,2,1,,0,39 59:13.650,,0,75 09:45.421,1,0,0,0,67301,0,0,0,N,0,0,0,3,67301,0,2.0,1,1,,N,N,,0,0.0,0,1,0,3,2,,16,2,2,1,1,3,1,0,3,4,0,2,3,,N,,,,,,,,,,,
2008024222,1755.0,1,0,0,0,0,0,0,0,0,1,1,,67,12,2007,5,40.0822,-74.9668,1747.0,6,0,0,0,0,0,2,0,0,,0,1,0,17,3,0,0,,0,40 04:55.000,,0,74 58:00.501,0,0,0,0,67301,0,0,0,N,0,0,0,3,67301,0,,1,1,,N,N,,0,,0,0,0,0,0,,1747,0,2,0,0,0,0,0,3,4,0,2,3,,N,,,,,,,,,,,
2008017333,1805.0,0,0,0,0,0,0,0,0,0,1,0,,67,12,2007,2,40.0003,-75.2284,1743.0,6,0,0,0,0,0,0,0,1,9.0,0,0,0,99,3,0,2,,1,40 00:04.000,1.0,0,75 13:34.100,0,0,0,0,67301,0,0,0,N,0,0,0,3,67301,0,,1,9,,N,N,,0,,0,0,1,3,2,N,9999,0,2,0,0,0,0,0,3,4,1,2,7,,N,,,,,,,,,,,
2008017370,1115.0,1,0,0,0,0,0,0,0,0,8,0,,67,12,2007,3,39.9909,-75.1016,1109.0,6,0,0,0,0,0,0,0,0,,0,0,0,99,3,1,1,,0,39 59:27.000,,0,75 06:05.712,4,0,0,0,67301,1,0,0,,1,0,0,2,67301,1,,1,9,,,,,0,,0,0,0,3,2,,9999,1,2,0,0,1,0,1,3,4,0,1,7,,N,,,,,,,,,,,
2008017524,1842.0,2,0,0,0,0,0,0,0,0,2,0,,67,11,2007,1,40.0072,-75.1234,1840.0,6,0,0,0,0,0,3,0,0,,0,0,0,18,3,3,1,,0,40 00:25.000,,0,75 07:24.379,8,0,0,0,67301,0,0,0,N,0,0,0,7,67301,0,,1,1,,N,N,,0,,0,0,1,3,2,,1840,3,3,0,0,0,3,0,3,4,0,3,3,,N,,,,,,,,,,,
2008003825,35.0,2,0,0,0,0,0,0,0,0,2,0,,67,10,2007,4,39.8926,-75.2344,25.0,6,0,0,0,0,0,1,0,1,2.0,0,0,0,0,3,0,10,,1,39 53:29.000,1.0,0,75 14:13.179,0,0,0,0,67301,0,0,0,N,0,0,0,2,67301,0,,1,1,,N,N,,0,,0,0,0,0,0,N,25,0,2,0,0,0,0,0,3,4,0,2,3,,N,,,,,,,,,,,
2008023896,1212.0,2,0,0,0,0,0,0,0,0,6,0,,67,12,2007,1,39.9194,-75.1654,1203.0,6,0,0,0,0,0,0,0,0,,0,0,0,12,1,3,1,,0,39 55:09.944,,0,75 09:55.360,4,0,0,0,67301,0,0,0,N,0,0,0,5,67301,3,,1,1,,N,N,,0,,0,0,0,3,3,,1203,3,2,0,0,0,0,0,3,4,0,2,3,,N,,,,,,,,,,,
2007047808,1835.0,1,0,0,0,0,0,0,0,0,4,0,,67,3,2007,1,40.0312,-75.0447,1830.0,6,0,0,0,0,0,2,0,0,,0,0,0,18,1,1,1,,0,40 01:52.453,,0,75 02:40.833,4,0,0,0,67301,0,0,0,N,0,0,0,2,67301,1,,1,1,,N,N,,0,,0,0,1,0,0,,1830,1,2,0,0,0,0,0,3,4,0,2,3,,N,,,,,,,,,,,
2007047888,1030.0,2,0,0,0,0,0,0,0,0,1,0,,67,2,2007,5,39.946,-75.2286,1027.0,6,0,0,0,0,0,0,0,0,,0,0,0,19,3,1,2,,0,39 56:45.000,,0,75 13:43.160,4,0,0,0,67301,0,0,0,N,0,0,0,2,67301,1,,2,1,,N,N,,0,,0,0,0,9,9,,1940,1,2,0,0,0,0,1,3,4,0,2,3,,N,,,,,,,,,,,
2007047900,1130.0,1,0,0,0,0,0,1,0,0,5,1,,67,2,2007,4,40.009,-75.1507,1130.0,6,0,0,0,0,0,0,0,0,1.0,0,0,0,11,1,2,0,,1,40 00:32.315,2.0,0,75 09:02.406,8,0,0,0,67301,0,0,0,N,0,0,0,6,67301,0,,1,1,,N,N,,0,,0,0,0,0,0,N,1100,2,2,0,0,2,2,0,3,4,0,2,3,,N,,,,,,,,,,,
2007047998,1002.0,2,0,0,0,0,0,0,0,0,4,0,,67,3,2007,5,40.0322,-75.0368,1000.0,6,0,0,0,0,0,0,0,1,,0,0,0,10,1,1,1,,0,40 01:56.091,,0,75 02:12.611,4,0,0,0,67301,0,0,0,N,0,0,0,2,67301,1,,1,1,,N,N,,0,,0,0,0,3,2,,1000,1,2,0,0,0,0,0,3,4,0,2,3,,N,,,,,,,,,,,
2007093605,2142.0,2,0,0,0,0,0,0,0,0,4,0,,67,7,2007,4,39.9858,-75.181,2138.0,6,0,0,0,0,0,0,0,0,,0,0,0,99,3,2,1,,0,39 59:09.000,,0,75 10:51.649,8,0,0,0,67301,0,0,0,N,0,0,0,6,67301,0,,1,9,,N,N,,0,,0,0,0,3,2,,9999,2,2,0,0,0,2,0,3,4,0,2,7,,N,,,,,,,,,,,
2007093377,1646.0,2,0,0,0,0,0,0,0,0,4,0,,67,6,2007,2,39.9705,-75.1899,1642.0,6,0,0,0,0,0,1,0,0,3.0,0,0,0,16,1,1,0,,2,39 58:14.000,1.0,0,75 11:23.751,8,0,0,0,67301,0,0,0,,0,0,0,2,67301,0,,1,9,,N,N,,0,,0,0,0,0,0,Y,1640,1,2,0,0,0,1,0,3,4,0,2,7,,N,,,,,,,,,,,
2007125097,1907.0,1,0,0,0,0,0,0,0,0,4,0,,67,10,2007,4,40.0561,-75.1782,1847.0,6,0,0,0,0,0,0,0,0,,0,0,0,18,3,2,1,,0,40 03:21.830,,0,75 10:41.433,8,0,0,0,67301,0,0,0,N,0,0,0,2,67301,0,,1,1,,N,N,,0,,0,0,1,3,3,,1845,2,2,0,0,0,2,0,3,4,0,2,3,,N,,,,,,,,,,,
2007127632,1645.0,1,0,0,0,0,0,0,0,0,4,0,,67,10,2007,4,40.0458,-75.0683,1640.0,6,0,0,0,0,0,0,0,0,,0,0,0,16,1,1,1,,0,40 02:44.703,,0,75 04:05.879,4,0,0,0,67301,0,0,0,N,0,0,0,2,67301,1,,1,9,,N,N,,0,,0,0,0,3,2,,1640,1,2,0,0,0,0,0,3,4,1,2,7,,N,,,,,,,,,,,
2007109768,1525.0,2,0,0,0,0,0,0,0,0,4,0,,67,9,2007,6,40.0704,-75.241,1515.0,6,0,1,0,0,0,0,0,0,2.0,0,0,0,15,1,3,1,,1,40 04:14.000,1.0,7,75 14:28.075,2,0,0,0,67301,0,0,0,N,0,0,0,3,67301,0,,1,1,,N,N,,0,,0,2,0,0,0,N,1515,3,2,0,0,0,1,0,3,4,0,2,3,,N,,,,,,,,,,,
2007048210,238.0,1,0,0,0,0,0,0,0,0,4,0,,67,2,2007,1,39.9895,-75.1037,2351.0,6,0,0,0,0,0,0,0,0,,0,0,0,2,3,3,0,,0,39 59:22.377,,0,75 06:13.371,4,0,0,0,67301,0,0,0,N,0,0,0,3,67301,3,,1,1,,N,N,,0,,0,0,0,0,0,,230,3,2,0,0,0,0,0,3,4,1,2,3,,N,,,,,,,,,,,
2007045751,842.0,0,0,0,0,0,0,0,0,0,8,0,,67,2,2007,3,39.9491,-75.162,841.0,6,0,0,0,0,0,0,0,0,,0,0,0,8,1,1,2,,0,39 56:56.000,,0,75 09:43.309,3,0,0,0,67301,1,0,0,N,1,0,0,2,67301,0,,1,9,,N,N,,0,,1,0,0,3,2,,820,1,2,0,0,0,0,0,3,4,1,1,3,,N,,,,,,,,,,,