CRN,ARRIVAL_TM,AUTOMOBILE_COUNT,BELTED_DEATH_COUNT,BELTED_SUSP_SERIOUS_INJ_COUNT,BICYCLE_COUNT,BICYCLE_DEATH_COUNT,BICYCLE_SUSP_SERIOUS_INJ_COUNT,BUS_COUNT,CHLDPAS_DEATH_COUNT,CHLDPAS_SUSP_SERIOUS_INJ_COUNT,COLLISION_TYPE,COMM_VEH_COUNT,CONS_ZONE_SPD_LIM,COUNTY,CRASH_MONTH,CRASH_YEAR,DAY_OF_WEEK,DEC_LAT,DEC_LONG,DISPATCH_TM,DISTRICT,DRIVER_COUNT_16YR,DRIVER_COUNT_17YR,DRIVER_COUNT_18YR,DRIVER_COUNT_19YR,DRIVER_COUNT_20YR,DRIVER_COUNT_50_64YR,DRIVER_COUNT_65_74YR,DRIVER_COUNT_75PLUS,EST_HRS_CLOSED,FATAL_COUNT,HEAVY_TRUCK_COUNT,HORSE_BUGGY_COUNT,HOUR_OF_DAY,ILLUMINATION,INJURY_COUNT,INTERSECT_TYPE,INTERSECTION_RELATED,LANE_CLOSED,LATITUDE,LN_CLOSE_DIR,LOCATION_TYPE,LONGITUDE,MAX_SEVERITY_LEVEL,MCYCLE_DEATH_COUNT,MCYCLE_SUSP_SERIOUS_INJ_COUNT,MOTORCYCLE_COUNT,MUNICIPALITY,NONMOTR_COUNT,NONMOTR_DEATH_COUNT,NONMOTR_SUSP_SERIOUS_INJ_COUNT,NTFY_HIWY_MAINT,PED_COUNT,PED_DEATH_COUNT,PED_SUSP_SERIOUS_INJ_COUNT,PERSON_COUNT,POLICE_AGCY,POSSIBLE_INJ_COUNT,RDWY_SURF_TYPE_CD,RELATION_TO_ROAD,ROAD_CONDITION,ROADWAY_CLEARED,SCH_BUS_IND,SCH_ZONE_IND,SECONDARY_CRASH,SMALL_TRUCK_COUNT,SPEC_JURIS_CD,SUSP_MINOR_INJ_COUNT,SUSP_SERIOUS_INJ_COUNT,SUV_COUNT,TCD_FUNC_CD,TCD_TYPE,TFC_DETOUR_IND,TIME_OF_DAY,TOT_INJ_COUNT,TOTAL_UNITS,UNB_DEATH_COUNT,UNB_SUSP_SERIOUS_INJ_COUNT,UNBELTED_OCC_COUNT,UNK_INJ_DEG_COUNT,UNK_INJ_PER_COUNT,URBAN_AREA,URBAN_RURAL,VAN_COUNT,VEHICLE_COUNT,WEATHER1,WEATHER2,WORK_ZONE_IND,WORK_ZONE_LOC,WORK_ZONE_TYPE,WORKERS_PRES,WZ_CLOSE_DETOUR,WZ_FLAGGER,WZ_LAW_OFFCR_IND,WZ_LN_CLOSURE,WZ_MOVING,WZ_OTHER,WZ_SHLDER_MDN,WZ_WORKERS_INJ_KILLED
2007046045,2135.0,1,0,0,0,0,0,0,0,0,4,0,,67,2,2007,6,40.0471,-75.1511,2135.0,6,0,0,0,0,0,0,0,0,,0,0,0,21,3,1,2,,0,40 02:49.642,,0,75 09:03.891,4,0,0,0,67301,0,0,0,N,0,0,0,2,67301,1,,1,1,,N,N,,1,,0,0,0,3,3,,2130,1,2,0,0,0,0,0,3,4,0,2,3,,N,,,,,,,,,,,
2007046065,1210.0,1,0,0,0,0,0,0,0,0,5,0,,67,2,2007,7,40.009,-75.1513,1131.0,6,0,0,0,0,0,0,0,0,1.0,0,0,0,11,1,1,0,,1,40 00:32.000,1.0,0,75 09:04.651,8,0,0,0,67301,0,0,0,,0,0,0,3,67301,0,,1,1,,,,,0,,0,0,1,0,0,N,1130,1,2,0,0,0,1,0,3,4,0,2,3,,N,,,,,,,,,,,
2007092930,1131.0,1,0,0,0,0,0,0,0,0,2,0,,67,7,2007,3,39.9773,-75.2275,1131.0,6,0,0,0,0,0,0,1,0,,0,0,0,11,1,0,3,,0,39 58:38.391,,0,75 13:38.956,0,0,0,0,67301,0,0,0,N,0,0,0,2,67301,0,,1,1,,N,N,,0,,0,0,0,9,3,,1130,0,2,0,0,0,0,0,3,4,1,2,3,,N,,,,,,,,,,,
2007092946,1537.0,2,0,0,0,0,0,0,0,0,4,0,,67,7,2007,4,40.0276,-75.0962,1533.0,6,0,0,1,0,0,0,0,0,,0,0,0,15,1,1,0,,0,40 01:39.482,,0,75 05:46.402,4,0,0,0,67301,0,0,0,,0,0,0,3,67301,1,,1,1,,,,,0,,0,0,0,0,0,,1530,1,2,0,0,3,0,0,3,4,0,2,3,,N,,,,,,,,,,,
2007077509,1054.0,1,0,0,0,0,0,0,0,0,1,0,,67,6,2007,3,39.9838,-75.2081,1049.0,6,0,0,0,0,0,1,0,0,2.0,0,0,0,10,1,3,0,,1,39 59:05.000,4.0,0,75 12:29.560,3,0,0,0,67301,0,0,0,N,0,0,0,4,68K01,0,,1,1,,N,N,,0,,1,0,1,0,0,N,1046,3,3,0,0,0,2,0,3,4,1,3,3,,N,,,,,,,,,,,
2008007288,1600.0,2,0,0,0,0,0,0,0,0,1,0,,67,11,2007,2,39.9877,-75.2162,1555.0,6,0,0,0,0,0,0,0,0,,0,0,0,15,1,2,2,,0,39 59:15.000,,0,75 12:58.177,8,0,0,0,67301,0,0,0,,0,0,0,6,67301,0,,1,9,,N,N,,0,,0,0,1,3,2,,1555,2,3,0,0,0,2,0,3,4,0,3,7,,N,,,,,,,,,,,
2008008070,2213.0,1,0,0,1,0,1,0,0,0,2,0,,67,11,2007,4,39.9718,-75.1226,2211.0,6,0,0,0,0,0,0,0,0,2.0,0,0,0,22,3,1,0,,1,39 58:23.000,1.0,0,75 07:12.777,2,0,0,0,67301,1,0,1,Y,0,0,0,2,67301,0,,1,1,,N,N,,0,,0,1,0,0,0,N,2211,1,2,0,0,0,0,0,3,4,0,1,3,,N,,,,,,,,,,,
2008007312,1745.0,2,0,0,0,0,0,0,0,0,1,0,,67,11,2007,5,40.0954,-75.0467,1741.0,6,0,0,0,0,0,0,0,0,,0,0,0,17,3,2,0,,0,40 05:43.000,,0,75 02:48.126,4,0,0,0,67301,0,0,0,,0,0,0,5,67301,2,,1,1,,N,N,,0,,0,0,1,0,0,,1725,2,3,0,0,4,0,0,3,4,0,3,3,,N,,,,,,,,,,,
2008004895,2010.0,2,0,0,0,0,0,0,0,0,4,0,,67,11,2007,5,39.958,-75.2437,2005.0,6,0,0,0,0,0,0,1,0,,0,0,0,19,3,1,1,,0,39 57:28.886,,0,75 14:37.150,8,0,0,0,67301,0,0,0,N,0,0,0,3,67301,0,,1,9,,N,N,,0,,0,0,0,9,3,,1935,1,2,0,0,0,1,0,3,4,0,2,98,,N,,,,,,,,,,,
2008004896,436.0,2,0,0,0,0,0,0,0,0,4,0,,67,11,2007,7,40.0868,-74.9718,435.0,6,0,0,0,0,0,0,0,0,,0,0,0,4,3,1,1,,0,40 05:12.000,,0,74 58:18.772,8,0,0,0,67301,0,0,0,,0,0,0,2,67301,0,,1,1,,N,N,,0,,0,0,0,3,2,,422,1,2,0,0,0,1,1,3,4,0,2,3,,N,,,,,,,,,,,
2008004997,1737.0,1,0,0,0,0,0,0,0,0,1,0,,67,11,2007,1,39.9492,-75.1844,1729.0,6,0,0,0,0,0,0,0,0,,0,0,0,17,3,0,3,,0,39 56:57.000,,2,75 11:03.884,0,0,0,0,67301,0,0,0,N,0,0,0,2,68K01,0,,1,1,,N,N,,0,,0,0,1,3,4,,1725,0,2,0,0,0,0,0,3,4,0,2,3,,N,,,,,,,,,,,
2008016052,1948.0,1,0,0,0,0,0,0,0,0,8,0,,67,12,2007,7,39.9369,-75.1502,1942.0,6,0,0,0,0,0,1,0,0,,0,0,0,19,3,1,0,,0,39 56:12.800,,0,75 09:00.748,4,0,0,0,67301,1,0,0,N,1,0,0,2,67301,1,,1,1,,N,N,,0,,0,0,0,0,0,,1940,1,2,0,0,0,0,0,3,4,0,1,3,,N,,,,,,,,,,,
2008018235,1335.0,2,0,0,0,0,0,0,0,0,6,0,,67,12,2007,6,40.0849,-75.0534,1328.0,6,0,0,0,0,0,1,0,0,2.0,0,0,0,13,1,1,1,,1,40 05:05.470,4.0,0,75 03:12.113,4,0,0,0,67301,0,0,0,N,0,0,0,3,67301,1,,1,9,,N,N,,0,,0,0,1,9,3,N,1322,1,3,0,0,0,0,0,3,4,0,3,7,,N,,,,,,,,,,,
2008034406,,1,0,0,0,0,0,0,0,0,4,1,,67,9,2007,4,39.9628,-75.2197,,6,0,0,0,0,0,0,0,0,,0,1,0,21,6,3,0,,0,39 57:45.900,,0,75 13:11.000,8,0,0,0,67301,3,0,0,N,0,0,0,4,00000,0,,1,1,,N,N,,0,,0,0,0,0,0,,2100,3,2,0,0,0,3,1,3,4,0,2,3,,N,,,,,,,,,,,
2008025162,639.0,3,0,0,0,0,0,0,0,0,4,0,,67,12,2007,3,40.0225,-75.0779,635.0,6,0,0,0,0,0,0,0,0,3.0,0,0,0,6,1,1,0,,2,40 01:21.000,2.0,0,75 04:40.334,4,0,0,0,67301,0,0,0,,0,0,0,2,67301,1,,1,1,,N,N,,0,,0,0,0,0,0,Y,630,1,3,0,0,0,0,0,3,4,0,3,3,,N,,,,,,,,,,,
2008009194,1841.0,1,0,0,0,0,0,0,0,0,4,0,,67,10,2007,3,39.9568,-75.1389,1839.0,6,0,0,0,0,0,0,0,0,,1,0,0,18,3,0,2,,0,39 57:24.000,,0,75 08:19.868,1,1,0,1,67301,0,0,0,N,0,0,0,3,67301,0,2.0,1,1,,N,N,,0,0.0,0,0,0,3,2,,1837,0,2,0,0,1,0,0,3,4,0,2,3,,N,,,,,,,,,,,
2008034319,,1,0,0,0,0,0,0,0,0,1,0,,67,8,2007,2,39.9589,-75.2412,,6,0,0,0,0,0,1,0,0,,0,0,0,16,1,3,0,,0,39 57:32.000,,0,75 14:28.505,8,0,0,0,67301,0,0,0,N,0,0,0,4,,0,,1,1,,N,N,,0,,0,0,1,0,0,,1640,3,2,0,0,0,3,0,3,4,0,2,3,,N,,,,,,,,,,,
2008006526,1120.0,1,0,0,0,0,0,0,0,0,5,0,,67,11,2007,2,,,1119.0,6,0,0,0,0,0,0,1,0,,0,0,0,11,1,1,0,,0,,,0,,8,0,0,0,67301,0,0,0,,0,0,0,3,67301,0,,1,1,,,,,0,,0,0,0,0,0,,1119,1,2,0,0,0,1,2,3,3,0,2,7,,N,,,,,,,,,,,
2008023727,2302.0,1,0,0,0,0,0,0,0,0,8,0,,67,12,2007,5,40.084,-74.9902,2257.0,6,0,0,0,0,0,1,0,0,1.0,0,0,0,22,3,1,0,,1,40 05:02.000,1.0,0,74 59:24.869,4,0,0,0,67301,1,0,0,N,1,0,0,2,67301,1,,1,1,,N,N,,0,,0,0,0,0,0,N,2255,1,2,0,0,0,0,0,3,4,0,1,3,,N,,,,,,,,,,,
2008023737,1733.0,1,0,0,0,0,0,0,0,0,1,0,,67,12,2007,6,40.0532,-75.2362,1733.0,6,0,0,0,0,0,0,0,0,,0,0,0,17,3,3,0,,0,40 03:10.000,,0,75 14:10.391,8,0,0,0,67301,0,0,0,N,0,0,0,9,67301,0,,1,9,,N,N,,0,,0,0,1,0,0,,1730,3,2,0,0,6,3,0,3,4,0,2,7,,N,,,,,,,,,,,
2008006613,1717.0,1,0,0,1,0,0,0,0,0,5,0,,67,11,2007,3,39.9322,-75.1814,1715.0,6,0,0,0,0,0,0,0,0,,0,0,0,17,3,1,1,,0,39 55:55.819,,0,75 10:53.043,4,0,0,0,67301,1,0,0,,0,0,0,2,67301,1,,1,1,,,,,0,,0,0,0,0,0,,1713,1,2,0,0,0,0,0,3,4,0,1,3,,N,,,,,,,,,,,
2008006680,1658.0,3,0,0,0,0,0,0,0,0,2,0,,67,11,2007,1,40.0328,-75.2179,1654.0,6,0,1,0,0,0,2,0,0,,0,0,0,16,3,1,0,,0,40 01:58.170,,0,75 13:04.425,4,0,0,0,67301,0,0,0,N,0,0,0,5,67301,1,,1,1,,N,N,,0,,0,0,0,0,0,,1654,1,3,0,0,0,0,0,3,4,0,3,3,,N,,,,,,,,,,,
2008024240,345.0,1,0,0,0,0,0,0,0,0,8,0,,67,12,2007,5,39.9604,-75.2411,342.0,6,0,0,0,0,0,0,0,0,,0,0,0,3,3,1,1,,0,39 57:37.000,,0,75 14:27.759,4,0,0,0,67301,1,0,0,N,1,0,0,2,67301,1,,1,1,,N,N,,0,,0,0,0,3,2,,342,1,2,0,0,0,0,0,3,4,0,1,3,,N,,,,,,,,,,,
2008024441,920.0,2,0,0,0,0,0,0,0,0,4,0,,67,12,2007,7,40.026,-75.1467,919.0,6,0,0,0,0,0,1,0,0,,0,0,0,9,1,1,1,,0,40 01:33.654,,0,75 08:48.101,4,0,0,0,67301,0,0,0,N,0,0,0,3,67301,1,,1,9,,N,N,,0,,0,0,0,3,2,,919,1,2,0,0,2,0,0,3,4,0,2,3,,N,,,,,,,,,,,
2008024506,1130.0,2,0,0,0,0,0,0,0,0,6,0,,67,12,2007,5,39.992,-75.1402,1130.0,6,0,0,0,0,0,0,0,0,,0,0,0,11,1,4,1,,0,39 59:31.320,,0,75 08:24.665,8,0,0,0,67301,0,0,0,N,0,0,0,4,67301,0,,1,1,,N,N,,0,,0,0,0,3,2,,1130,4,2,0,0,0,4,0,3,4,0,2,3,,N,,,,,,,,,,,
2008017083,1715.0,1,0,0,0,0,0,0,0,0,8,0,,67,12,2007,3,39.9514,-75.1686,1715.0,6,0,0,0,0,0,0,0,0,9.0,0,0,0,17,3,1,1,,2,39 57:05.000,3.0,0,75 10:06.920,2,0,0,0,67301,1,0,1,,1,0,1,2,67301,0,,1,1,,,N,,0,,0,1,0,3,1,Y,1710,1,2,0,0,0,0,0,3,4,0,1,3,,N,,,,,,,,,,,
2008017061,722.0,1,0,0,0,0,0,0,0,0,8,0,,67,12,2007,2,39.9485,-75.1573,720.0,6,0,0,0,0,0,0,0,0,,0,0,0,7,3,2,1,,0,39 56:54.000,,0,75 09:26.380,4,0,0,0,67301,2,0,0,,2,0,0,3,67301,2,,1,9,,,,,0,,0,0,0,3,2,,705,2,3,0,0,0,0,0,3,4,0,1,7,,N,,,,,,,,,,,
2008033707,,0,0,0,0,0,0,0,0,0,8,0,,67,1,2007,5,39.9609,-75.145,,6,0,0,0,0,0,0,0,0,,0,0,0,15,1,1,2,,0,39 57:39.000,,0,75 08:41.744,8,0,0,0,67301,1,0,0,N,1,0,0,2,,0,,1,1,,N,N,,0,,0,0,0,0,0,,1510,1,2,0,0,0,1,1,3,4,0,1,3,,N,,,,,,,,,,,
2008008871,804.0,1,0,0,0,0,0,0,0,0,7,0,,67,11,2007,4,40.0578,-75.0413,800.0,6,0,0,1,0,0,0,0,0,,0,0,0,7,1,1,0,,0,40 03:27.000,,0,75 02:29.102,4,0,0,0,67301,0,0,0,,0,0,0,1,67301,1,,5,9,,N,N,,0,,0,0,0,0,0,,759,1,1,0,0,0,0,0,3,4,0,1,98,,N,,,,,,,,,,,
2008054058,2014.0,2,0,0,0,0,0,0,0,0,1,0,,67,10,2007,5,40.0137,-75.1795,2014.0,6,0,0,0,0,0,1,0,0,1.0,0,0,0,20,3,0,3,,1,40 00:49.241,4.0,2,75 10:46.384,0,0,0,0,67301,0,0,0,N,0,0,0,3,67301,0,,7,1,,N,N,,0,,0,0,0,3,4,N,2008,0,2,0,0,0,0,0,3,4,0,2,3,,N,,,,,,,,,,,
2008033770,,2,0,0,0,0,0,0,0,0,4,0,,67,8,2007,3,40.0617,-75.0798,,6,0,0,0,0,0,0,0,1,,0,0,0,11,1,1,1,,0,40 03:42.148,,0,75 04:47.330,4,0,0,0,67301,0,0,0,N,0,0,0,3,,1,,1,1,,N,N,,0,,0,0,0,3,3,,1145,1,2,0,0,0,0,0,3,4,0,2,3,,N,,,,,,,,,,,
2008028953,433.0,2,0,0,0,0,0,0,0,0,7,0,,67,12,2007,1,40.1058,-75.0584,428.0,6,0,0,0,0,0,0,0,0,,0,0,0,99,2,0,2,,0,40 06:21.024,,0,75 03:30.064,0,0,0,0,67301,0,0,0,N,0,0,0,0,67301,0,,5,98,,N,N,,0,,0,0,0,0,0,,9999,0,2,0,0,0,0,0,3,4,0,2,98,,N,,,,,,,,,,,
2008003816,2043.0,1,0,0,0,0,0,0,0,0,1,0,,67,10,2007,4,39.9733,-75.1207,2040.0,6,0,0,0,0,0,2,0,0,1.0,0,0,0,99,3,2,0,,1,39 58:24.000,2.0,0,75 07:13.497,4,0,0,0,67301,0,0,0,N,0,0,0,3,67301,2,,1,1,,N,N,,0,,0,0,2,0,0,N,9999,2,3,0,0,0,0,0,3,4,0,3,3,,N,,,,,,,,,,,
2007023043,311.0,1,0,0,0,0,0,0,0,0,7,0,,67,1,2007,3,40.0046,-75.2021,306.0,6,0,0,0,0,1,0,0,0,4.0,0,0,0,3,3,1,0,,2,40 00:16.524,5.0,0,75 12:07.696,3,0,0,0,67301,0,0,0,N,0,0,0,3,67301,0,,4,1,,N,N,,0,,1,0,0,0,0,Y,300,1,1,0,0,3,0,0,3,4,0,1,3,,N,,,,,,,,,,,
2007047286,312.0,0,0,0,0,0,0,0,0,0,7,0,,67,3,2007,5,39.998,-75.1909,9999.0,6,0,0,0,0,0,1,0,0,3.0,0,0,0,3,3,2,0,,2,39 59:52.785,5.0,0,75 11:27.263,3,0,0,0,67301,0,0,0,N,0,0,0,2,67301,0,,4,1,,N,N,,0,,1,0,1,0,0,Y,312,2,1,0,0,0,1,0,3,4,0,1,3,,N,,,,,,,,,,,
2007047551,917.0,2,0,0,0,0,0,0,0,0,1,0,,67,2,2007,3,40.0278,-75.0986,913.0,6,0,0,0,0,0,0,0,0,9.0,0,0,0,9,1,6,2,,1,40 01:40.000,2.0,0,75 05:55.134,8,0,0,0,67301,0,0,0,N,0,0,0,7,67301,0,,1,1,,N,N,,0,,0,0,0,3,2,N,913,6,3,0,0,0,6,0,3,4,1,3,3,,N,,,,,,,,,,,
2007047597,1248.0,2,0,0,0,0,0,0,0,0,4,0,,67,1,2007,7,40.0203,-75.1628,1245.0,6,0,0,1,0,0,0,0,0,9.0,0,0,0,12,1,2,2,,2,40 01:13.000,4.0,0,75 09:46.119,4,0,0,0,67301,0,0,0,N,0,0,0,3,67301,2,,1,1,,N,N,,0,,0,0,0,0,0,Y,1245,2,2,0,0,0,0,1,3,4,0,2,3,,N,,,,,,,,,,,
2007047664,1750.0,0,0,0,0,0,0,0,0,0,8,0,,67,3,2007,3,40.0132,-75.0704,1735.0,6,0,0,0,0,0,0,0,0,,0,0,0,17,1,2,1,,0,40 00:47.520,,0,75 04:13.440,8,0,0,0,67301,2,0,0,N,2,0,0,3,67301,0,,1,1,,N,N,,1,,0,0,0,3,2,,1735,2,3,0,0,0,2,0,3,4,0,1,3,,N,,,,,,,,,,,
2007047681,1910.0,1,0,0,0,0,0,0,0,0,4,0,,67,3,2007,3,39.8946,-75.2367,1907.0,6,0,0,0,0,0,0,0,0,,0,0,0,19,3,1,1,,0,39 53:40.000,,0,75 14:12.181,8,0,0,0,67301,0,0,0,N,0,0,0,2,67301,0,,1,1,,N,N,,0,,0,0,1,3,2,,1900,1,2,0,0,0,1,0,3,4,0,2,3,,N,,,,,,,,,,,
2007047690,1118.0,1,0,0,0,0,0,0,0,0,8,0,,67,2,2007,4,39.9531,-75.1612,1112.0,6,0,0,0,0,0,0,0,0,,0,0,0,11,1,1,1,,0,39 57:11.260,,0,75 09:40.449,8,0,0,0,67301,1,0,0,N,1,0,0,2,67301,0,,9,6,,N,N,,0,,0,0,0,0,0,,1112,1,2,0,0,0,1,1,3,4,0,1,3,,N,,,,,,,,,,,
2007047701,1600.0,2,0,0,0,0,0,0,0,0,4,0,,67,2,2007,7,40.0166,-75.1348,1542.0,6,0,0,0,0,0,0,0,0,,0,0,0,15,1,1,1,,0,40 00:59.828,,0,75 08:05.348,8,0,0,0,67301,0,0,0,N,0,0,0,4,67301,0,,1,1,,N,N,,1,,0,0,0,3,2,,1530,1,3,0,0,1,1,0,3,4,0,3,3,,N,,,,,,,,,,,
2007047722,1723.0,1,0,0,1,0,0,0,0,0,4,0,,67,3,2007,6,39.9588,-75.2067,1720.0,6,0,0,0,0,0,0,0,0,,0,0,0,17,1,1,0,,0,39 57:31.708,,0,75 12:23.947,8,0,0,0,67301,1,0,0,N,0,0,0,2,67301,0,,1,1,,N,N,,0,,0,0,0,0,0,,1718,1,2,0,0,1,1,0,3,4,0,1,3,,N,,,,,,,,,,,
2007047730,1539.0,0,0,0,0,0,0,0,0,0,8,0,,67,2,2007,7,40.0415,-75.0777,1529.0,6,0,0,0,0,0,0,0,0,,0,0,0,15,1,1,1,,0,40 02:29.562,,0,75 04:39.817,8,0,0,0,67301,1,0,0,N,1,0,0,2,67301,0,,1,1,,N,N,,1,,0,0,0,9,2,,1527,1,2,0,0,0,1,0,3,4,0,1,3,,N,,,,,,,,,,,
2007067592,850.0,1,0,0,0,0,0,0,0,0,1,0,,67,5,2007,5,39.924,-75.1436,841.0,6,0,0,0,0,0,0,0,0,,0,0,0,8,1,1,1,,0,39 55:26.000,,0,75 08:36.968,8,0,0,0,67301,0,0,0,N,0,0,0,2,67301,0,,1,1,,N,N,,0,,0,0,1,3,2,,835,1,2,0,0,0,1,1,3,4,0,2,3,,N,,,,,,,,,,,
2007067667,1455.0,1,0,0,0,0,0,0,0,0,5,0,,67,5,2007,6,39.9979,-75.1418,1448.0,6,0,0,0,0,0,0,1,0,,0,0,0,99,1,1,0,,0,39 59:52.512,,0,75 08:30.598,8,0,0,0,67301,2,0,0,,0,0,0,3,67301,0,,1,1,,N,N,,1,,0,0,0,0,0,,9999,1,2,0,0,0,1,0,3,4,0,2,3,,N,,,,,,,,,,,
2007106771,1203.0,1,0,0,0,0,0,0,0,0,8,0,,67,8,2007,1,39.9295,-75.1703,1158.0,6,0,0,0,0,0,0,0,0,,0,0,0,11,1,1,1,,0,39 55:46.124,,0,75 10:12.997,4,0,0,0,67301,1,0,0,N,1,0,0,2,67301,1,,1,1,,N,N,,0,,0,0,0,9,3,,1158,1,2,0,0,0,0,0,3,4,0,1,3,,N,,,,,,,,,,,
2007106813,1456.0,2,0,0,0,0,0,0,0,0,1,0,,67,9,2007,4,39.9596,-75.1754,1445.0,6,0,0,0,0,0,0,0,0,,0,0,0,14,1,0,0,,0,39 57:34.920,,0,75 10:34.680,0,0,0,0,67301,0,0,0,N,0,0,0,3,67301,0,,1,1,,N,N,,0,,0,0,0,0,0,,1440,0,2,0,0,0,0,0,3,4,0,2,3,,N,,,,,,,,,,,
2007109415,1230.0,2,0,0,0,0,0,0,0,0,1,0,,67,9,2007,5,40.055,-75.1576,1221.0,6,0,0,0,0,0,0,0,0,,0,0,0,12,1,1,2,,0,40 03:18.000,,0,75 09:27.273,3,0,0,0,67301,0,0,0,N,0,0,0,2,67301,0,,1,1,,N,N,,0,,1,0,0,3,2,,1215,1,2,0,0,0,0,0,3,4,0,2,3,,N,,,,,,,,,,,
2007047798,1825.0,1,0,0,0,0,0,0,0,0,7,0,,67,3,2007,5,,,1825.0,6,0,0,0,0,0,1,0,0,,0,0,0,18,3,0,0,,0,,,0,,0,0,0,0,67301,0,0,0,N,0,0,0,1,67301,0,,4,1,,N,N,,0,,0,0,0,0,0,,1825,0,1,0,0,0,0,0,3,3,0,1,3,,N,,,,,,,,,,,
2007047822,1042.0,1,0,0,0,0,0,0,0,0,8,0,,67,2,2007,2,40.0386,-75.1426,1040.0,6,0,0,0,0,0,0,0,0,,0,0,0,10,1,0,1,,0,40 02:18.960,,0,75 08:33.360,0,0,0,0,67301,1,0,0,N,1,0,0,2,67301,0,,1,9,,N,N,,0,,0,0,0,3,2,,1030,0,2,0,0,0,0,0,3,4,0,1,3,,N,,,,,,,,,,,
2007047849,1055.0,0,0,0,0,0,0,0,0,0,1,0,,67,3,2007,3,39.975,-75.2613,1046.0,6,0,0,0,0,0,0,0,0,,0,0,0,10,1,1,0,,0,39 58:30.000,,0,75 15:40.680,4,0,0,0,67301,0,0,0,N,0,0,0,2,67301,1,,1,1,,N,N,,0,,0,0,2,2,2,,1046,1,2,0,0,2,0,0,3,4,0,2,3,,N,,,,,,,,,,,
2007106982,2232.0,1,0,0,0,0,0,0,0,0,7,0,,67,8,2007,1,40.0494,-75.0014,2230.0,6,0,0,0,0,0,0,0,0,,0,0,0,22,3,1,0,,0,40 02:57.000,,0,75 00:04.846,8,0,0,0,67301,0,0,0,N,0,0,0,1,67301,0,,5,1,,N,N,,0,,0,0,0,0,0,,2232,1,1,0,0,0,1,0,3,4,0,1,3,,N,,,,,,,,,,,
2007047977,1142.0,0,0,0,0,0,0,0,0,0,8,0,,67,3,2007,1,39.9951,-75.1274,1140.0,6,0,0,0,0,0,0,0,0,1.0,0,0,0,11,1,1,0,,2,39 59:42.522,7.0,0,75 07:38.571,3,0,0,0,67301,1,0,0,N,1,0,0,3,67301,0,,1,2,,N,N,,0,,1,0,1,0,0,Y,1140,1,2,0,0,0,0,0,3,4,0,1,3,,N,,,,,,,,,,,
2007047987,1042.0,0,0,0,0,0,0,0,0,0,7,0,,67,3,2007,5,40.0555,-75.1361,1038.0,6,0,0,0,0,0,0,0,0,,0,0,0,10,1,0,0,,0,40 03:19.833,,0,75 08:10.122,9,0,0,0,67301,0,0,0,N,0,0,0,1,67301,0,,9,1,,N,N,,0,,0,0,1,0,0,,1038,0,1,0,0,0,0,1,3,4,0,1,3,,N,,,,,,,,,,,
2007093599,2006.0,0,0,0,0,0,0,0,0,0,7,0,,67,7,2007,1,39.9673,-75.1807,2006.0,6,0,0,0,0,1,0,0,0,3.0,1,0,0,20,1,0,2,,1,39 58:02.000,2.0,0,75 10:51.275,1,1,0,1,67301,0,0,0,N,0,0,0,1,67301,0,2.0,4,1,,N,N,,0,0.0,0,0,0,0,0,N,2005,0,1,0,0,0,0,0,3,4,0,1,3,,N,,,,,,,,,,,
2007127636,1650.0,3,0,0,0,0,0,0,0,0,4,0,,67,10,2007,6,39.9219,-75.1665,1647.0,6,0,0,0,0,0,0,0,0,9.0,0,0,0,99,1,1,2,,1,39 55:18.764,2.0,0,75 09:59.313,4,0,0,0,67301,0,0,0,N,0,0,0,2,67301,1,,1,9,,N,N,,0,,0,0,0,3,3,N,9999,1,3,0,0,0,0,0,3,4,0,3,7,,N,,,,,,,,,,,
2007127639,920.0,2,0,0,0,0,0,0,0,0,2,0,,67,10,2007,3,40.0072,-75.1745,910.0,6,0,0,0,0,0,0,0,0,,0,0,0,99,1,1,1,,0,40 00:25.755,,0,75 10:28.143,8,0,0,0,67301,0,0,0,N,0,0,0,2,67301,0,,1,1,,N,N,,0,,0,0,0,0,0,,9999,1,2,0,0,0,1,0,3,4,0,2,3,,N,,,,,,,,,,,
2007127650,1917.0,2,0,0,0,0,0,0,0,0,4,0,,67,11,2007,6,39.9763,-75.1831,1915.0,6,0,0,0,0,0,0,0,0,,0,0,0,19,3,0,1,,0,39 58:34.699,,0,75 10:59.119,9,0,0,0,67301,0,0,0,N,0,0,0,3,67301,0,,1,1,,N,N,,0,,0,0,0,3,3,,1915,0,2,0,0,0,0,1,3,4,0,2,3,,N,,,,,,,,,,,
2007107489,1947.0,1,0,0,0,0,0,0,0,0,8,0,,67,9,2007,5,39.9711,-75.2359,1942.0,6,0,0,0,0,0,0,0,0,,0,0,0,19,4,1,0,,0,39 58:15.981,,0,75 14:09.139,8,0,0,0,67301,1,0,0,N,1,0,0,2,67301,0,,1,1,,N,N,,0,,0,0,0,0,0,,1930,1,2,0,0,0,1,1,3,4,0,1,3,,N,,,,,,,,,,,
2007048341,1421.0,0,0,0,0,0,0,0,0,0,1,0,,67,2,2007,4,39.9078,-75.1539,1418.0,6,0,0,0,1,0,1,0,0,,0,0,0,14,1,2,0,,0,39 54:28.112,,0,75 09:13.928,3,0,0,0,67301,0,0,0,N,0,0,0,3,67301,1,,1,1,,N,N,,0,,1,0,2,0,0,,1415,2,2,0,0,0,0,0,3,4,0,2,3,,N,,,,,,,,,,,