CRN,ARRIVAL_TM,AUTOMOBILE_COUNT,BELTED_DEATH_COUNT,BELTED_SUSP_SERIOUS_INJ_COUNT,BICYCLE_COUNT,BICYCLE_DEATH_COUNT,BICYCLE_SUSP_SERIOUS_INJ_COUNT,BUS_COUNT,CHLDPAS_DEATH_COUNT,CHLDPAS_SUSP_SERIOUS_INJ_COUNT,COLLISION_TYPE,COMM_VEH_COUNT,CONS_ZONE_SPD_LIM,COUNTY,CRASH_MONTH,CRASH_YEAR,DAY_OF_WEEK,DEC_LAT,DEC_LONG,DISPATCH_TM,DISTRICT,DRIVER_COUNT_16YR,DRIVER_COUNT_17YR,DRIVER_COUNT_18YR,DRIVER_COUNT_19YR,DRIVER_COUNT_20YR,DRIVER_COUNT_50_64YR,DRIVER_COUNT_65_74YR,DRIVER_COUNT_75PLUS,EST_HRS_CLOSED,FATAL_COUNT,HEAVY_TRUCK_COUNT,HORSE_BUGGY_COUNT,HOUR_OF_DAY,ILLUMINATION,INJURY_COUNT,INTERSECT_TYPE,INTERSECTION_RELATED,LANE_CLOSED,LATITUDE,LN_CLOSE_DIR,LOCATION_TYPE,LONGITUDE,MAX_SEVERITY_LEVEL,MCYCLE_DEATH_COUNT,MCYCLE_SUSP_SERIOUS_INJ_COUNT,MOTORCYCLE_COUNT,MUNICIPALITY,NONMOTR_COUNT,NONMOTR_DEATH_COUNT,NONMOTR_SUSP_SERIOUS_INJ_COUNT,NTFY_HIWY_MAINT,PED_COUNT,PED_DEATH_COUNT,PED_SUSP_SERIOUS_INJ_COUNT,PERSON_COUNT,POLICE_AGCY,POSSIBLE_INJ_COUNT,RDWY_SURF_TYPE_CD,RELATION_TO_ROAD,ROAD_CONDITION,ROADWAY_CLEARED,SCH_BUS_IND,SCH_ZONE_IND,SECONDARY_CRASH,SMALL_TRUCK_COUNT,SPEC_JURIS_CD,SUSP_MINOR_INJ_COUNT,SUSP_SERIOUS_INJ_COUNT,SUV_COUNT,TCD_FUNC_CD,TCD_TYPE,TFC_DETOUR_IND,TIME_OF_DAY,TOT_INJ_COUNT,TOTAL_UNITS,UNB_DEATH_COUNT,UNB_SUSP_SERIOUS_INJ_COUNT,UNBELTED_OCC_COUNT,UNK_INJ_DEG_COUNT,UNK_INJ_PER_COUNT,URBAN_AREA,URBAN_RURAL,VAN_COUNT,VEHICLE_COUNT,WEATHER1,WEATHER2,WORK_ZONE_IND,WORK_ZONE_LOC,WORK_ZONE_TYPE,WORKERS_PRES,WZ_CLOSE_DETOUR,WZ_FLAGGER,WZ_LAW_OFFCR_IND,WZ_LN_CLOSURE,WZ_MOVING,WZ_OTHER,WZ_SHLDER_MDN,WZ_WORKERS_INJ_KILLED
2008017515,1400.0,1,0,0,0,0,0,0,0,0,8,0,,67,12,2007,7,40.0168,-75.0836,1400.0,6,0,0,0,0,0,1,0,0,,0,0,0,14,1,1,1,,0,40 01:00.000,,0,75 05:00.995,8,0,0,0,67301,1,0,0,Y,1,0,0,2,67301,0,,2,1,,N,N,,0,,0,0,0,3,2,,1400,1,2,0,0,0,1,0,3,4,0,1,3,,N,,,,,,,,,,,
2008007271,1622.0,0,0,0,0,0,0,0,0,0,7,0,,67,11,2007,4,40.0181,-75.0941,1616.0,6,0,0,0,0,0,0,0,0,,0,0,0,15,1,3,2,,0,40 01:05.300,,0,75 05:38.875,4,0,0,0,67301,0,0,0,N,0,0,0,5,67301,3,,2,1,,N,N,,0,,0,0,2,0,0,,1545,3,2,0,0,0,0,0,3,4,0,2,3,,N,,,,,,,,,,,
2008004900,1951.0,1,0,0,0,0,0,0,0,0,8,0,,67,11,2007,1,40.079,-75.174,1949.0,6,0,0,0,0,0,0,0,0,,0,0,0,19,3,1,1,,0,40 04:44.472,,0,75 10:26.371,3,0,0,0,67301,1,0,0,N,1,0,0,3,67301,0,,1,9,,N,N,,0,,1,0,0,3,2,,1949,1,2,0,0,0,0,0,3,4,0,1,7,,N,,,,,,,,,,,
2008004904,808.0,1,0,0,0,0,0,1,0,0,4,1,,67,11,2007,3,39.9757,-75.2629,759.0,6,0,0,0,0,0,1,0,0,,0,0,0,7,1,1,0,,0,39 58:32.000,,0,75 15:46.432,8,0,0,0,67301,0,0,0,N,0,0,0,2,67301,0,,1,9,,Y,N,,0,,0,0,0,0,0,,750,1,2,0,0,0,1,0,3,4,0,2,7,,N,,,,,,,,,,,
2008002493,4.0,0,0,0,0,0,0,0,0,0,0,0,,67,10,2007,6,39.9348,-75.1999,2347.0,6,0,0,0,0,0,0,0,0,1.0,0,0,0,23,2,1,0,,2,39 56:03.000,3.0,0,75 11:59.969,8,0,0,0,67301,0,0,0,N,0,0,0,1,68K01,0,,1,9,,N,N,,0,,0,0,1,0,0,Y,2339,1,1,0,0,0,1,0,3,4,0,1,7,,N,,,,,,,,,,,
2008000429,145.0,3,0,0,0,0,0,0,0,0,4,0,,67,10,2007,1,39.9614,-75.1482,140.0,6,0,0,0,0,0,0,0,0,,0,0,0,1,3,2,1,,0,39 57:40.000,,0,75 08:53.475,3,0,0,0,67301,0,0,0,N,0,0,0,4,67301,1,,1,1,,N,N,,0,,1,0,0,3,2,,140,2,3,0,0,0,0,2,3,4,0,3,3,,N,,,,,,,,,,,
2008000430,2140.0,0,0,0,0,0,0,0,0,0,7,0,,67,10,2007,6,39.9575,-75.1469,2135.0,6,0,0,0,0,0,0,0,0,,0,0,0,21,3,0,0,,0,39 57:27.000,,0,75 08:49.350,0,0,0,0,67301,0,0,0,N,0,0,0,1,67301,0,,3,9,,N,N,,0,,0,0,1,0,0,,2130,0,1,0,0,0,0,0,3,4,0,1,7,,N,,,,,,,,,,,
2008000452,658.0,1,0,0,0,0,0,0,0,0,8,0,,67,10,2007,2,40.0102,-75.0981,657.0,6,0,0,0,0,0,0,0,0,,0,0,0,6,1,1,1,,0,40 00:37.000,,0,75 05:53.072,8,0,0,0,67301,1,0,0,,1,0,0,2,67301,0,,1,1,,,,,0,,0,0,0,3,2,,655,1,2,0,0,0,1,0,3,4,0,1,3,,N,,,,,,,,,,,
2008053063,305.0,0,0,0,0,0,0,0,0,0,7,0,,67,10,2007,7,40.0276,-75.1914,258.0,6,0,0,0,0,0,0,0,0,,0,0,0,2,3,0,0,,0,40 01:39.371,,0,75 11:29.087,0,0,0,0,67301,0,0,0,N,0,0,0,1,67301,0,,1,9,,N,N,,0,,0,0,1,0,0,,250,0,1,0,0,0,0,0,3,4,0,1,7,,N,,,,,,,,,,,
2008016053,1701.0,2,0,0,0,0,0,0,0,0,4,0,,67,12,2007,6,40.0169,-75.1495,1659.0,6,0,0,0,1,0,0,0,0,,0,0,0,16,4,1,1,,0,40 01:00.000,,0,75 08:58.114,3,0,0,0,67301,1,0,0,N,1,0,0,4,67301,0,,1,9,,N,N,,0,,1,0,0,3,2,,1657,1,3,0,0,0,0,0,3,4,0,2,7,,N,,,,,,,,,,,
2008034457,0.0,1,0,0,0,0,0,0,0,0,4,0,,67,9,2007,3,40.0548,-75.1513,0.0,6,0,0,0,0,1,0,0,0,,0,0,0,22,6,1,1,,0,40 03:17.100,,0,75 09:04.633,8,0,0,0,67301,0,0,0,N,0,0,0,2,00000,0,,1,1,,N,N,,0,,0,0,0,3,3,,2200,1,2,0,0,0,1,1,3,4,0,2,3,,N,,,,,,,,,,,
2008033125,,2,0,0,0,0,0,0,0,0,4,0,,67,3,2007,4,40.0515,-75.0962,,6,0,0,0,0,0,0,0,0,,0,0,0,17,1,1,0,,0,40 03:05.274,,0,75 05:46.172,3,0,0,0,67301,0,0,0,,0,0,0,2,,0,,1,1,,,,,0,,1,0,0,0,0,,1700,1,3,0,0,0,0,0,3,4,0,3,3,,N,,,,,,,,,,,
2008034267,1106.0,2,0,0,0,0,0,0,0,0,1,0,,67,12,2007,6,39.98,-75.2051,1106.0,6,0,0,0,0,0,0,0,0,,0,0,0,11,1,0,0,,0,39 58:50.000,,0,75 12:22.302,0,0,0,0,67301,0,0,0,N,0,0,0,2,68K01,0,,1,1,,N,N,,0,,0,0,0,0,0,,1106,0,2,0,0,0,0,0,3,4,0,2,3,,N,,,,,,,,,,,
2008023696,1844.0,1,0,0,2,0,0,0,0,0,4,0,,67,12,2007,2,39.9346,-75.1708,1842.0,6,0,0,0,0,0,0,0,0,1.0,0,0,0,18,3,2,1,,1,39 56:04.426,1.0,0,75 10:14.908,8,0,0,0,67301,2,0,0,N,0,0,0,3,67301,0,,1,1,,N,N,,0,,0,0,0,3,3,N,1839,2,3,0,0,0,2,0,3,4,0,1,3,,N,,,,,,,,,,,
2008003953,1818.0,3,0,0,0,0,0,0,0,0,4,0,,67,10,2007,3,40.0112,-75.136,1815.0,6,0,0,0,0,0,0,0,0,,0,0,0,18,1,1,0,,0,40 00:40.194,,0,75 08:09.740,4,0,0,0,67301,0,0,0,N,0,0,0,3,67301,1,,1,1,,N,N,,0,,0,0,0,0,0,,1810,1,3,0,0,0,0,0,3,4,0,3,3,,N,,,,,,,,,,,
2008024250,917.0,1,0,0,0,0,0,0,0,0,6,0,,67,12,2007,7,40.051,-75.0572,914.0,6,0,0,0,0,0,1,0,0,,0,0,0,9,1,1,2,,0,40 03:03.000,,0,75 03:25.801,8,0,0,0,67301,0,0,0,N,0,0,0,2,67301,0,,1,9,,N,N,,0,,0,0,1,0,0,,911,1,2,0,0,0,1,1,3,4,0,2,3,,N,,,,,,,,,,,
2008016938,1142.0,2,0,0,0,0,0,0,0,0,6,0,,67,11,2007,2,39.9778,-75.151,1140.0,6,0,0,0,1,0,0,0,0,9.0,0,0,0,99,1,2,1,,2,39 58:40.000,2.0,0,75 09:03.591,3,0,0,0,67301,0,0,0,,0,0,0,4,67301,0,,1,1,,N,N,,0,,2,0,0,3,2,Y,9999,2,2,0,0,0,0,2,3,4,0,2,3,,N,,,,,,,,,,,
2007097491,1545.0,2,0,0,0,0,0,0,0,0,4,0,,67,8,2007,5,39.9909,-75.1551,1530.0,6,0,0,0,0,0,0,0,1,3.0,0,0,0,99,1,4,1,,1,39 59:27.000,1.0,0,75 09:18.508,2,0,0,0,67301,0,0,0,N,0,0,0,5,67301,0,,1,1,,N,N,,0,,3,1,0,3,2,Y,9999,4,2,0,0,0,0,0,3,4,0,2,3,,N,,,,,,,,,,,
2007092328,9999.0,2,0,0,0,0,0,0,0,0,1,0,,67,6,2007,7,39.9549,-75.1511,1717.0,6,0,0,0,0,0,0,0,0,,0,0,0,99,1,1,1,,0,39 57:17.488,,0,75 09:04.083,4,0,0,0,67301,0,0,0,,0,0,0,4,67301,1,,1,1,,,,,0,,0,0,0,3,2,,9999,1,2,0,0,0,0,0,3,4,0,2,3,,N,,,,,,,,,,,
2007092492,1545.0,1,0,0,0,0,0,0,0,0,8,0,,67,7,2007,1,39.9766,-75.1633,1547.0,6,0,0,0,0,0,0,0,0,,0,0,0,15,1,1,0,,0,39 58:35.842,,0,75 09:47.905,4,0,0,0,67301,1,0,0,N,1,0,0,2,67301,1,,1,1,,N,N,,0,,0,0,0,0,0,,1535,1,2,0,0,0,0,0,3,4,0,1,3,,N,,,,,,,,,,,
2007095070,1650.0,1,0,0,0,0,0,0,0,0,8,0,,67,8,2007,7,39.9933,-75.125,1636.0,6,0,0,0,0,0,0,0,0,,0,0,0,15,1,1,1,,0,39 59:35.898,,0,75 07:29.870,8,0,0,0,67301,1,0,0,N,1,0,0,2,67301,0,,1,1,,N,N,,0,,0,0,0,0,0,,1530,1,2,0,0,0,1,0,3,4,0,1,3,,N,,,,,,,,,,,
2007095073,845.0,2,0,0,0,0,0,0,0,0,4,0,,67,7,2007,5,39.9794,-75.2359,841.0,6,0,0,0,0,0,1,0,0,,0,0,0,8,1,0,2,,0,39 58:45.930,,0,75 14:09.225,9,0,0,0,67301,0,0,0,N,0,0,0,2,67301,0,,1,1,,N,N,,1,,0,0,0,0,0,,841,0,3,0,0,0,0,1,3,4,0,3,3,,N,,,,,,,,,,,
2007092761,433.0,0,0,0,0,0,0,0,0,0,4,0,,67,7,2007,3,39.9576,-75.1508,426.0,6,0,0,0,0,0,1,0,0,2.0,0,0,0,4,5,1,1,,2,39 57:23.000,4.0,0,75 09:01.307,3,0,0,0,67301,0,0,0,N,0,0,0,2,67301,0,,1,1,,N,N,,2,,1,0,0,3,2,N,424,1,2,0,0,0,0,0,3,4,0,2,3,,N,,,,,,,,,,,
2007092774,1950.0,1,0,0,0,0,0,0,0,0,7,0,,67,7,2007,7,40.036,-75.0161,1945.0,6,0,0,0,0,0,0,0,0,1.0,0,0,0,19,1,2,0,,1,40 02:09.000,2.0,0,75 00:56.861,4,0,0,0,67301,0,0,0,N,0,0,0,3,67301,1,,2,1,,N,N,,0,,0,0,0,0,0,N,1945,2,1,0,0,2,1,0,3,4,0,1,3,,N,,,,,,,,,,,
2007092811,810.0,1,0,0,0,0,0,0,0,0,5,0,,67,8,2007,6,39.9602,-75.1407,805.0,6,0,0,0,0,0,1,0,0,2.0,0,0,0,8,1,1,0,,1,39 57:25.000,2.0,0,75 08:29.066,4,0,0,0,67301,0,0,0,Y,0,0,0,2,67301,1,,1,1,,N,N,,1,,0,0,0,0,0,N,800,1,2,0,0,0,0,0,3,4,0,2,3,,N,,,,,,,,,,,
2007092383,1645.0,2,0,0,0,0,0,0,0,0,2,0,,67,6,2007,7,39.9907,-75.098,1645.0,6,0,0,0,0,0,0,0,0,2.0,0,0,0,99,1,0,0,,2,39 59:26.372,6.0,0,75 05:52.710,9,0,0,0,67301,0,0,0,,0,0,0,2,67301,0,,1,1,,,,,0,,0,0,0,0,0,Y,9999,0,2,0,0,0,0,1,3,4,0,2,3,,N,,,,,,,,,,,
2007092603,1411.0,1,0,0,0,0,0,0,0,0,4,0,,67,6,2007,6,40.0349,-75.026,1406.0,6,0,0,0,0,0,0,0,0,,0,0,0,14,1,1,0,,0,40 02:05.000,,0,75 01:33.577,3,0,0,1,67301,0,0,0,,0,0,0,2,67301,0,,1,1,,,,,0,,1,0,0,0,0,,1400,1,2,0,0,0,0,0,3,4,0,2,3,,N,,,,,,,,,,,
2007092890,1903.0,2,0,0,0,0,0,0,0,0,4,0,,67,7,2007,6,39.9929,-75.1461,1857.0,6,0,0,0,0,0,0,0,0,,0,0,0,18,1,1,1,,0,39 59:34.000,,0,75 08:45.991,3,0,0,0,67301,0,0,0,N,0,0,0,2,67301,0,,1,98,,N,N,,0,,1,0,0,3,2,,1855,1,2,0,0,0,0,0,3,4,0,2,99,,N,,,,,,,,,,,
2007082582,619.0,1,0,0,0,0,0,0,0,0,4,0,,67,6,2007,2,40.095,-75.0154,614.0,6,0,0,0,0,0,1,0,0,1.0,0,0,0,6,5,1,1,,2,40 05:41.000,2.0,0,75 00:55.511,4,0,0,0,67301,0,0,0,N,0,0,0,2,67301,1,,1,1,,N,N,,1,,0,0,0,3,2,N,610,1,2,0,0,0,0,1,3,4,0,2,3,,N,,,,,,,,,,,
2007120605,1905.0,2,0,0,0,0,0,0,0,0,2,0,,67,9,2007,6,40.0072,-75.1234,1900.0,6,0,0,0,0,0,0,0,0,,0,0,0,99,4,3,1,,0,40 00:25.000,,0,75 07:24.379,4,0,0,0,67301,0,0,0,N,0,0,0,6,67301,1,,1,1,,N,N,,0,,0,0,0,3,2,,9999,3,2,0,0,0,2,0,3,4,0,2,3,,N,,,,,,,,,,,
2007028333,1555.0,1,0,0,0,0,0,1,0,0,4,1,,67,1,2007,3,40.0596,-75.1936,1545.0,6,0,0,0,0,0,1,0,0,,0,0,0,15,1,1,1,,0,40 03:34.000,,0,75 11:37.063,8,0,0,0,67301,0,0,0,N,0,0,0,5,67301,0,,1,1,,Y,Y,,0,,0,0,0,3,3,,1532,1,2,0,0,0,1,0,3,4,0,2,3,,N,,,,,,,,,,,
2007027957,2000.0,2,0,0,0,0,0,0,0,0,4,0,,67,1,2007,7,40.0237,-75.0461,1940.0,6,0,0,0,0,0,0,0,0,,0,0,0,19,3,1,1,,0,40 01:25.438,,0,75 02:45.859,4,0,0,0,67301,0,0,0,N,0,0,0,4,67301,1,,1,9,,N,N,,0,,0,0,0,3,3,,1935,1,2,0,0,4,0,0,3,4,0,2,7,,N,,,,,,,,,,,
2007023064,1215.0,3,0,0,0,0,0,0,0,0,6,0,,67,1,2007,3,40.028,-75.21,1208.0,6,0,0,0,0,0,0,1,0,2.0,0,0,0,11,1,1,2,,2,40 01:40.000,5.0,0,75 12:35.997,4,0,0,0,67301,1,0,0,N,0,0,0,3,67301,1,,1,1,,N,N,,1,,0,0,0,9,3,Y,1158,1,5,0,0,0,0,0,3,4,1,5,3,,N,,,,,,,,,,,
2007023227,1544.0,1,0,0,0,0,0,0,0,0,4,0,,67,1,2007,4,39.9911,-75.1513,1544.0,6,0,1,0,0,0,0,0,0,,0,0,0,15,1,1,2,,0,39 59:28.107,,0,75 09:04.823,3,0,0,1,67301,0,0,0,N,0,0,0,2,67301,0,,1,1,,N,N,,0,,1,0,0,9,3,,1544,1,2,0,0,0,0,0,3,4,0,2,3,,N,,,,,,,,,,,
2007047331,1735.0,1,0,0,0,0,0,0,0,0,8,0,,67,2,2007,2,39.9207,-75.1706,1727.0,6,0,0,0,0,0,0,0,0,,0,0,0,14,1,1,1,,0,39 55:14.000,,0,75 10:13.982,4,0,0,0,67301,1,0,0,N,1,0,0,2,67301,1,,1,1,,N,N,,0,,0,0,0,0,0,,1430,1,2,0,0,0,0,1,3,4,0,1,3,,N,,,,,,,,,,,
2007047511,253.0,3,0,0,0,0,0,0,0,0,4,0,,67,2,2007,2,39.9748,-75.1851,9999.0,6,0,0,0,0,0,1,0,0,3.0,0,0,0,2,3,2,0,,2,39 58:29.000,6.0,0,75 11:06.215,3,0,0,0,67301,0,0,0,N,0,0,0,2,67301,0,,1,1,,N,N,,0,,2,0,0,0,0,N,250,2,3,0,0,0,0,0,3,4,0,3,3,,N,,,,,,,,,,,
2007047672,2020.0,1,0,0,0,0,0,0,0,0,1,0,,67,2,2007,2,40.0654,-75.1598,2016.0,6,0,0,0,0,0,0,0,0,,0,0,0,20,3,1,2,,0,40 03:55.000,,0,75 09:35.017,8,0,0,0,67301,0,0,0,N,0,0,0,2,67301,0,,1,1,,N,N,,0,,0,0,1,0,0,,2000,1,2,0,0,0,1,0,3,4,0,2,3,,N,,,,,,,,,,,
2007047678,1730.0,1,0,0,0,0,0,0,0,0,3,0,,67,2,2007,5,39.9923,-75.1117,1720.0,6,0,0,0,0,0,0,0,0,,0,0,0,14,1,1,2,,0,39 59:32.150,,0,75 06:42.147,4,0,0,0,67301,0,0,0,N,0,0,0,3,67301,1,,1,1,,N,N,,0,,0,0,0,0,0,,1450,1,2,0,0,0,0,1,3,4,0,2,3,,N,,,,,,,,,,,
2007047680,1830.0,2,0,0,0,0,0,0,0,0,1,0,,67,2,2007,1,40.0102,-75.0981,1825.0,6,0,0,0,0,1,0,0,0,,0,0,0,18,3,1,1,,0,40 00:37.000,,0,75 05:53.072,4,0,0,0,67301,0,0,0,N,0,0,0,2,67301,1,,1,7,,N,N,,0,,0,0,0,3,2,,1820,1,2,0,0,0,0,0,3,4,0,2,10,,N,,,,,,,,,,,
2007067638,1520.0,1,0,0,0,0,0,0,0,0,1,0,,67,5,2007,7,39.9594,-75.1736,1520.0,6,0,0,0,0,0,1,0,0,1.0,0,0,0,15,1,2,0,,1,39 57:33.000,4.0,0,75 10:26.571,8,0,0,0,67301,0,0,0,N,0,0,0,4,67301,0,,1,1,,N,N,,0,,0,0,1,0,0,N,1518,2,3,0,0,0,2,0,3,4,1,3,3,,N,,,,,,,,,,,
2007067648,853.0,3,0,0,0,0,0,0,0,0,2,0,,67,5,2007,2,40.026,-75.0576,850.0,6,0,0,0,0,0,0,0,0,,0,0,0,6,1,2,1,,0,40 01:33.704,,0,75 03:27.417,4,0,0,0,67301,0,0,0,,0,0,0,2,67301,2,,1,1,,,,,0,,0,0,0,3,3,,645,2,3,0,0,0,0,0,3,4,0,3,3,,N,,,,,,,,,,,
2007109445,1945.0,1,0,0,0,0,0,1,0,0,5,1,,67,9,2007,5,39.8954,-75.2335,1936.0,6,0,0,0,0,0,1,0,0,,0,0,0,18,4,2,1,,0,39 53:43.550,,0,75 14:00.600,4,0,0,0,67301,0,0,0,N,0,0,0,2,67301,2,,1,1,,,,,0,,0,0,0,3,2,,1836,2,2,0,0,0,0,0,3,4,0,2,3,,N,,,,,,,,,,,
2007109456,1446.0,2,0,0,0,0,0,0,0,0,4,0,,67,9,2007,1,40.0581,-75.1743,9999.0,6,0,0,0,0,0,1,0,1,,0,0,0,14,1,0,1,,0,40 03:29.000,,0,75 10:27.488,0,0,0,0,67301,0,0,0,N,0,0,0,2,67301,0,,1,1,,N,N,,0,,0,0,0,3,2,,1430,0,2,0,0,0,0,0,3,4,0,2,3,,N,,,,,,,,,,,
2007109339,2310.0,2,0,0,0,0,0,0,0,0,4,0,,67,9,2007,4,40.0589,-75.085,2310.0,6,0,0,0,0,0,0,0,0,,0,0,0,23,3,2,1,,0,40 03:31.910,,0,75 05:05.947,3,0,0,0,67301,0,0,0,N,0,0,0,4,67301,0,,1,1,,N,N,,0,,1,0,0,3,2,,2310,2,2,0,0,0,1,0,3,4,0,2,3,,N,,,,,,,,,,,
2007047819,1617.0,2,0,0,0,0,0,0,0,0,4,0,,67,2,2007,2,40.0442,-75.1485,1616.0,6,0,0,0,0,0,1,0,0,,0,0,0,16,1,6,1,,0,40 02:39.224,,0,75 08:54.682,3,0,0,0,67301,0,0,0,N,0,0,0,6,67301,0,,1,1,,N,N,,0,,6,0,0,3,3,,1610,6,2,0,0,6,0,0,3,4,0,2,3,,N,,,,,,,,,,,
2007106952,950.0,0,0,0,0,0,0,0,0,0,5,0,,67,9,2007,5,39.9492,-75.1459,945.0,6,0,0,0,0,0,1,0,0,,0,1,0,9,1,1,0,,0,39 56:57.255,,0,75 08:45.222,8,0,0,0,67301,0,0,0,,0,0,0,3,67301,0,,1,1,,N,N,,0,,0,0,0,0,0,,935,1,2,0,0,0,1,0,3,4,1,2,3,,N,,,,,,,,,,,
2007106953,9999.0,0,0,0,1,0,1,0,0,0,4,1,,67,8,2007,7,39.8861,-75.2317,9999.0,6,0,0,0,0,0,0,1,0,,0,1,0,99,1,1,0,,0,39 53:10.053,,7,75 13:53.976,2,0,0,0,67301,1,0,1,,0,0,0,2,67301,0,,1,1,,N,,,0,,0,1,0,0,0,,9999,1,2,0,0,0,0,0,3,4,0,1,3,,N,,,,,,,,,,,
2007047994,1805.0,2,0,0,0,0,0,0,0,0,1,0,,67,3,2007,6,39.9682,-75.1619,1800.0,6,0,0,0,0,0,0,0,0,,0,0,0,17,3,1,0,,0,39 58:05.635,,0,75 09:42.854,8,0,0,0,67301,1,0,0,N,1,0,0,2,67301,0,,6,7,,N,N,,0,,0,0,0,0,0,,1700,1,3,0,0,0,1,0,3,4,0,2,9,,N,,,,,,,,,,,
2007088305,1654.0,2,0,0,0,0,0,0,0,0,1,0,,67,7,2007,6,39.9492,-75.1848,1650.0,6,0,0,0,0,0,0,0,0,,0,0,0,16,1,0,0,,0,39 57:00.000,,0,75 11:00.975,9,0,0,0,67301,0,0,0,N,0,0,0,2,68K01,0,,1,1,,N,N,,0,,0,0,0,0,0,,1625,0,2,0,0,0,0,1,3,4,0,2,3,,N,,,,,,,,,,,
2007125127,101.0,2,0,0,0,0,0,0,0,0,2,0,,67,11,2007,7,39.9904,-75.1478,100.0,6,0,1,0,0,0,0,0,0,2.0,0,0,0,99,3,4,0,,1,39 59:25.422,2.0,0,75 08:52.088,8,0,0,0,67301,0,0,0,,0,0,0,5,67301,0,,1,9,,,,,0,,0,0,0,0,0,Y,9999,4,2,0,0,0,4,0,3,4,0,2,7,,N,,,,,,,,,,,
2007127615,1528.0,1,0,0,0,0,0,0,0,0,8,0,,67,10,2007,3,39.9741,-75.1662,1524.0,6,0,0,0,0,0,0,0,0,,0,0,0,15,1,1,0,,0,39 58:26.763,,0,75 09:58.147,3,0,0,0,67301,1,0,0,N,1,0,0,2,67301,0,,1,1,,N,N,,0,,1,0,0,0,0,,1523,1,2,0,0,0,0,0,3,4,0,1,3,,N,,,,,,,,,,,
2007127631,1135.0,1,0,0,0,0,0,0,0,0,1,0,,67,10,2007,3,40.0466,-75.1431,1132.0,6,0,0,0,0,0,0,1,0,1.0,0,0,0,11,1,1,0,,1,40 02:47.000,2.0,0,75 08:35.134,8,0,0,0,67301,0,0,0,N,0,0,0,2,67301,0,,1,1,,N,N,,1,,0,0,0,0,0,Y,1100,1,2,0,0,0,1,0,3,4,0,2,3,,N,,,,,,,,,,,
2007127643,1659.0,3,0,0,0,0,0,0,0,0,1,0,,67,10,2007,7,40.0067,-75.1193,1649.0,6,0,0,0,0,0,1,1,0,,0,0,0,16,1,1,1,,0,40 00:24.000,,0,75 07:09.477,8,0,0,0,67301,0,0,0,N,0,0,0,5,67301,0,,1,1,,N,N,,0,,0,0,0,3,2,,1649,1,3,0,0,3,1,2,3,4,0,3,3,,N,,,,,,,,,,,
2007125142,30.0,0,0,0,0,0,0,0,0,0,8,0,,67,10,2007,6,39.9473,-75.2269,15.0,6,0,0,0,0,0,0,0,0,,0,0,0,23,3,1,1,,0,39 56:50.000,,0,75 13:36.784,4,0,0,0,67301,1,0,0,,1,0,0,2,67301,1,,1,9,,,,,0,,0,0,0,0,0,,2345,1,2,0,0,0,0,1,3,4,0,1,7,,N,,,,,,,,,,,
2007115206,2116.0,0,0,0,0,0,0,0,0,0,4,0,,67,10,2007,7,40.0077,-75.1516,2113.0,6,0,0,0,0,0,1,0,0,,1,0,0,21,3,1,1,,0,40 00:27.000,,0,75 09:05.710,1,1,0,1,67301,0,0,0,N,0,0,0,2,67301,0,2.0,1,1,,N,N,,0,0.0,0,0,1,3,2,,2102,1,2,0,0,0,1,0,3,4,0,2,3,,N,,,,,,,,,,,
2007112768,1248.0,1,0,0,0,0,0,0,0,0,1,1,,67,10,2007,4,39.9491,-75.1849,1241.0,6,0,0,0,0,0,0,1,0,,0,1,0,12,1,0,0,,0,39 57:00.000,,0,75 11:01.394,0,0,0,0,67301,0,0,0,N,0,0,0,4,68K01,0,,1,1,,N,N,,0,,0,0,0,0,0,,1240,0,2,0,0,0,0,0,3,4,0,2,3,,N,,,,,,,,,,,
2007107490,1959.0,0,0,0,0,0,0,0,0,0,8,0,,67,9,2007,3,40.0315,-75.0325,1955.0,6,0,0,0,0,0,1,0,0,,0,0,0,99,3,1,1,,0,40 01:53.000,,0,75 01:56.889,3,0,0,0,67301,1,0,0,,1,0,0,2,67301,0,,1,1,,,,,1,,1,0,0,9,2,,9999,1,2,0,0,0,0,0,3,4,0,1,3,,N,,,,,,,,,,,
2007048309,1559.0,2,0,0,0,0,0,0,0,0,2,0,,67,3,2007,1,40.0388,-75.1239,1555.0,6,0,0,0,0,0,1,0,0,,0,0,0,15,1,2,1,,0,40 02:19.640,,0,75 07:25.924,4,0,0,0,67301,0,0,0,N,0,0,0,3,67301,2,,1,1,,N,N,,0,,0,0,0,0,0,,1513,2,2,0,0,0,0,0,3,4,0,2,3,,N,,,,,,,,,,,
2007045748,1650.0,2,0,0,0,0,0,0,0,0,4,0,,67,2,2007,6,40.0398,-75.1318,1637.0,6,0,0,0,0,1,0,0,0,,0,0,0,15,1,0,1,,0,40 02:23.262,,0,75 07:54.458,0,0,0,0,67301,0,0,0,N,0,0,0,3,67301,0,,9,1,,N,N,,0,,0,0,0,3,3,,1510,0,2,0,0,0,0,0,3,4,0,2,3,,N,,,,,,,,,,,
2007046058,703.0,2,0,0,0,0,0,0,0,0,1,0,,67,2,2007,7,40.0185,-75.0576,658.0,6,0,0,0,0,0,0,0,0,,0,0,0,6,1,1,1,,0,40 01:06.000,,0,75 03:27.456,4,0,0,0,67301,0,0,0,N,0,0,0,2,67301,1,,1,1,,N,N,,0,,0,0,0,3,2,,650,1,2,0,0,0,0,1,3,4,0,2,3,,N,,,,,,,,,,,