CRN,ARRIVAL_TM,AUTOMOBILE_COUNT,BELTED_DEATH_COUNT,BELTED_SUSP_SERIOUS_INJ_COUNT,BICYCLE_COUNT,BICYCLE_DEATH_COUNT,BICYCLE_SUSP_SERIOUS_INJ_COUNT,BUS_COUNT,CHLDPAS_DEATH_COUNT,CHLDPAS_SUSP_SERIOUS_INJ_COUNT,COLLISION_TYPE,COMM_VEH_COUNT,CONS_ZONE_SPD_LIM,COUNTY,CRASH_MONTH,CRASH_YEAR,DAY_OF_WEEK,DEC_LAT,DEC_LONG,DISPATCH_TM,DISTRICT,DRIVER_COUNT_16YR,DRIVER_COUNT_17YR,DRIVER_COUNT_18YR,DRIVER_COUNT_19YR,DRIVER_COUNT_20YR,DRIVER_COUNT_50_64YR,DRIVER_COUNT_65_74YR,DRIVER_COUNT_75PLUS,EST_HRS_CLOSED,FATAL_COUNT,HEAVY_TRUCK_COUNT,HORSE_BUGGY_COUNT,HOUR_OF_DAY,ILLUMINATION,INJURY_COUNT,INTERSECT_TYPE,INTERSECTION_RELATED,LANE_CLOSED,LATITUDE,LN_CLOSE_DIR,LOCATION_TYPE,LONGITUDE,MAX_SEVERITY_LEVEL,MCYCLE_DEATH_COUNT,MCYCLE_SUSP_SERIOUS_INJ_COUNT,MOTORCYCLE_COUNT,MUNICIPALITY,NONMOTR_COUNT,NONMOTR_DEATH_COUNT,NONMOTR_SUSP_SERIOUS_INJ_COUNT,NTFY_HIWY_MAINT,PED_COUNT,PED_DEATH_COUNT,PED_SUSP_SERIOUS_INJ_COUNT,PERSON_COUNT,POLICE_AGCY,POSSIBLE_INJ_COUNT,RDWY_SURF_TYPE_CD,RELATION_TO_ROAD,ROAD_CONDITION,ROADWAY_CLEARED,SCH_BUS_IND,SCH_ZONE_IND,SECONDARY_CRASH,SMALL_TRUCK_COUNT,SPEC_JURIS_CD,SUSP_MINOR_INJ_COUNT,SUSP_SERIOUS_INJ_COUNT,SUV_COUNT,TCD_FUNC_CD,TCD_TYPE,TFC_DETOUR_IND,TIME_OF_DAY,TOT_INJ_COUNT,TOTAL_UNITS,UNB_DEATH_COUNT,UNB_SUSP_SERIOUS_INJ_COUNT,UNBELTED_OCC_COUNT,UNK_INJ_DEG_COUNT,UNK_INJ_PER_COUNT,URBAN_AREA,URBAN_RURAL,VAN_COUNT,VEHICLE_COUNT,WEATHER1,WEATHER2,WORK_ZONE_IND,WORK_ZONE_LOC,WORK_ZONE_TYPE,WORKERS_PRES,WZ_CLOSE_DETOUR,WZ_FLAGGER,WZ_LAW_OFFCR_IND,WZ_LN_CLOSURE,WZ_MOVING,WZ_OTHER,WZ_SHLDER_MDN,WZ_WORKERS_INJ_KILLED
2007046066,1610.0,1,0,0,0,0,0,0,0,0,1,0,,67,2,2007,2,40.0153,-75.1572,1607.0,6,0,0,0,0,0,1,0,0,,0,0,0,15,1,1,0,,0,40 00:55.000,,0,75 09:25.833,4,0,0,0,67301,0,0,0,,0,0,0,5,67301,1,,1,1,,,,,0,,0,0,0,0,0,,1550,1,2,0,0,0,0,0,3,4,1,2,3,,N,,,,,,,,,,,
2007107039,1600.0,2,0,0,0,0,0,0,0,0,6,0,,67,9,2007,5,40.0462,-75.0792,1559.0,6,0,0,0,0,0,0,0,0,1.0,0,0,0,15,1,4,1,,1,40 02:46.150,7.0,0,75 04:44.993,8,0,0,0,67301,0,0,0,N,0,0,0,4,67301,0,,1,1,,N,N,,0,,0,0,0,3,2,N,1558,4,2,0,0,0,4,0,3,4,0,2,3,,N,,,,,,,,,,,
2007107053,1349.0,1,0,0,0,0,0,0,0,0,1,0,,67,9,2007,4,40.0908,-75.0557,1349.0,6,0,0,0,0,0,0,0,0,,0,0,0,13,1,2,2,,0,40 05:26.000,,0,75 03:20.266,4,0,0,0,67301,0,0,0,N,0,0,0,2,67301,2,,1,1,,N,N,,1,,0,0,0,0,0,,1348,2,2,0,0,0,0,0,3,4,0,2,3,,N,,,,,,,,,,,
2007047518,1955.0,1,0,0,0,0,0,0,0,0,7,0,,67,3,2007,7,40.0265,-75.0974,1955.0,6,0,0,0,0,0,0,0,0,,0,0,0,19,3,1,0,,0,40 01:35.000,,0,75 05:51.801,4,0,0,0,67301,0,0,0,N,0,0,0,3,67301,1,,3,1,,N,N,,0,,0,0,0,0,0,,1954,1,1,0,0,0,0,0,3,4,0,1,3,,N,,,,,,,,,,,
2007047684,1559.0,1,0,0,0,0,0,0,0,0,2,0,,67,2,2007,4,39.9169,-75.216,1555.0,6,0,0,0,0,0,0,0,0,3.0,0,0,0,15,1,3,2,,1,39 55:00.000,3.0,0,75 12:57.138,3,0,0,0,67301,0,0,0,N,0,0,0,3,67301,1,,1,9,,N,N,,1,,2,0,0,3,2,N,1554,3,2,0,0,3,0,0,3,4,0,2,3,,N,,,,,,,,,,,
2007047728,1445.0,2,0,0,0,0,0,0,0,0,4,0,,67,3,2007,7,40.0431,-75.0738,1444.0,6,0,0,0,1,0,0,0,0,1.0,0,0,0,14,1,3,0,,2,40 02:35.260,6.0,0,75 04:25.718,4,0,0,0,67301,0,0,0,N,0,0,0,5,67301,3,,1,1,,N,N,,0,,0,0,0,0,0,Y,1444,3,2,0,0,0,0,2,3,4,0,2,3,,N,,,,,,,,,,,
2007067634,2245.0,3,0,0,0,0,0,0,0,0,4,0,,67,5,2007,6,40.0781,-74.9692,2235.0,6,1,0,0,0,0,0,0,0,,0,0,0,22,3,0,0,,0,40 04:41.037,,0,74 58:09.098,0,0,0,0,67301,0,0,0,,0,0,0,5,67301,0,,1,1,,,,,0,,0,0,0,0,0,,2218,0,3,0,0,2,0,0,3,4,0,3,3,,N,,,,,,,,,,,
2007067844,1630.0,1,0,0,0,0,0,0,0,0,4,0,,67,5,2007,5,40.0699,-75.177,1625.0,6,0,0,0,0,0,0,0,0,,0,0,0,99,1,1,1,,0,40 04:11.500,,0,75 10:37.300,4,0,0,0,67301,0,0,0,N,0,0,0,5,67301,1,,1,1,,Y,N,,0,,0,0,0,3,3,,9999,1,2,0,0,0,0,0,3,4,1,2,3,,N,,,,,,,,,,,
2007109401,1048.0,1,0,0,0,0,0,0,0,0,8,0,,67,9,2007,3,39.9903,-75.1215,1048.0,6,0,0,0,0,0,0,0,0,,0,0,0,8,1,1,1,,0,39 59:25.094,,0,75 07:17.569,4,0,0,0,67301,1,0,0,N,1,0,0,2,67301,1,,1,1,,N,N,,0,,0,0,0,3,3,,800,1,2,0,0,0,0,0,3,4,0,1,3,,N,,,,,,,,,,,
2007047944,833.0,2,0,0,0,0,0,0,0,0,1,0,,67,2,2007,4,39.9572,-75.1517,832.0,6,0,0,0,0,0,0,0,0,1.0,0,0,0,8,1,0,0,,1,39 57:26.000,3.0,0,75 09:05.785,0,0,0,0,67301,0,0,0,N,0,0,0,2,67301,0,,1,2,,N,N,,0,,0,0,0,0,0,N,831,0,2,0,0,0,0,0,3,4,0,2,98,,N,,,,,,,,,,,
2007093417,2300.0,2,0,0,0,0,0,0,0,0,1,0,,67,6,2007,6,39.9032,-75.1746,2251.0,6,0,0,0,0,0,0,0,0,,0,0,0,22,3,7,0,,0,39 54:11.000,,0,75 10:28.545,3,0,0,0,67301,0,0,0,,0,0,0,13,67301,1,,1,1,,,,,0,,6,0,0,3,2,,2251,7,3,0,0,0,0,0,3,4,1,3,3,,N,,,,,,,,,,,
2007122445,2357.0,2,0,0,0,0,0,0,0,0,4,0,,67,10,2007,1,39.9738,-75.1941,2343.0,6,0,0,0,0,0,0,0,0,,0,0,0,23,3,0,0,,0,39 58:29.280,,0,75 11:39.840,0,0,0,0,67301,0,0,0,N,0,0,0,3,68K01,0,,1,1,,N,N,,0,,0,0,0,0,0,,2340,0,2,0,0,0,0,0,3,4,0,2,3,,N,,,,,,,,,,,
2007107311,1355.0,3,0,0,0,0,0,0,0,0,1,0,,67,9,2007,1,39.9959,-75.1974,1352.0,6,0,0,0,0,0,0,0,0,,0,0,0,13,1,3,0,,0,39 59:45.000,,0,75 11:50.230,4,0,0,0,67301,0,0,0,N,0,0,0,5,68K01,3,,1,1,,N,N,,0,,0,0,0,0,0,,1348,3,3,0,0,0,0,0,3,4,0,3,3,,N,,,,,,,,,,,
2007112775,1126.0,2,0,0,0,0,0,0,0,0,1,0,,67,10,2007,7,39.9628,-75.1832,1118.0,6,0,0,0,1,0,0,0,0,1.0,0,0,0,11,1,0,0,,1,39 58:00.000,4.0,0,75 11:15.890,9,0,0,0,67301,0,0,0,,0,0,0,2,68K01,0,,1,1,,N,N,,0,,0,0,0,0,0,N,1114,0,2,0,0,1,0,1,3,4,0,2,3,,N,,,,,,,,,,,
2007107503,1810.0,1,0,0,1,0,0,0,0,0,5,0,,67,9,2007,4,39.9306,-75.1594,1806.0,6,0,0,0,0,0,0,0,0,,0,0,0,99,1,1,0,,0,39 55:50.043,,0,75 09:33.844,8,0,0,0,67301,1,0,0,,0,0,0,2,67301,0,,1,1,,,,,0,,0,0,0,0,0,,9999,1,2,0,0,0,1,0,3,4,0,1,3,,N,,,,,,,,,,,
2007048270,805.0,1,0,0,0,0,0,0,0,0,4,0,,67,2,2007,3,40.0806,-75.2081,755.0,6,0,1,0,0,0,0,0,0,,0,0,0,7,1,1,1,,0,40 04:48.000,,0,75 12:28.638,3,0,0,0,67301,0,0,0,N,0,0,0,2,67301,0,,1,2,,N,N,,0,,1,0,1,3,2,,730,1,2,0,0,0,0,1,3,4,0,2,98,,N,,,,,,,,,,,
2007048279,1054.0,2,0,0,0,0,0,0,0,0,6,0,,67,2,2007,7,39.9748,-75.2358,1052.0,6,0,0,0,0,0,0,0,0,,0,0,0,10,1,1,1,,0,39 58:29.434,,0,75 14:08.890,4,0,0,0,67301,0,0,0,N,0,0,0,4,67301,1,,1,1,,N,N,,0,,0,0,0,0,0,,1051,1,2,0,0,1,0,0,3,4,0,2,3,,N,,,,,,,,,,,
2007045762,1142.0,2,0,0,0,0,0,0,0,0,1,0,,67,2,2007,6,39.9594,-75.174,1132.0,6,0,0,0,0,0,0,0,0,1.0,0,0,0,11,1,0,0,,1,39 57:35.000,4.0,0,75 10:40.312,9,0,0,0,67301,0,0,0,N,0,0,0,3,67301,0,,1,1,,N,N,,0,,0,0,1,0,0,N,1131,0,3,0,0,0,0,1,3,4,0,3,3,,N,,,,,,,,,,,
2007045866,1905.0,1,0,0,0,0,0,0,0,0,6,0,,67,3,2007,7,39.924,-75.1436,1859.0,6,0,0,0,0,0,1,0,0,,0,0,0,18,3,4,1,,0,39 55:26.000,,0,75 08:36.968,3,0,0,0,67301,0,0,0,N,0,0,0,5,67301,3,,1,1,,N,N,,1,,1,0,0,3,2,,1858,4,2,0,0,0,0,0,3,4,0,2,3,,N,,,,,,,,,,,
2007092943,1257.0,2,0,0,0,0,0,0,0,0,6,0,,67,6,2007,5,39.9572,-75.2276,1256.0,6,0,0,0,1,0,0,0,0,,0,0,0,12,1,1,0,,0,39 57:25.000,,0,75 13:39.245,4,0,0,0,67301,0,0,0,,0,0,0,2,67301,1,,5,1,,,,,0,,0,0,0,3,2,,1248,1,2,0,0,0,0,0,3,4,0,2,3,,N,,,,,,,,,,,
2007092945,227.0,2,0,0,0,0,0,0,0,0,1,0,,67,6,2007,7,39.9525,-75.2264,225.0,6,0,0,0,0,0,0,0,1,,0,0,0,2,3,1,2,,0,39 57:09.000,,0,75 13:35.121,8,0,0,0,67301,0,0,0,,0,0,0,2,67301,0,,1,1,,N,N,,0,,0,0,0,0,0,,200,1,2,0,0,0,1,0,3,4,0,2,3,,N,,,,,,,,,,,
2007092967,1620.0,1,0,0,1,0,0,0,0,0,4,0,,67,7,2007,3,40.0155,-75.0633,1617.0,6,0,0,0,0,0,0,0,0,,0,0,0,16,1,1,1,,0,40 00:55.000,,0,75 03:48.040,3,0,0,0,67301,1,0,0,N,0,0,0,2,67301,0,,1,1,,N,N,,0,,1,0,0,0,0,,1617,1,2,0,0,0,0,1,3,4,0,1,3,,N,,,,,,,,,,,
2007074756,701.0,2,0,0,0,0,0,0,0,0,5,0,,67,5,2007,3,,,701.0,6,0,0,0,0,0,0,0,0,,0,0,0,7,5,0,0,,0,,,0,,0,0,0,0,67301,0,0,0,N,0,0,0,2,67501,0,,1,1,,N,N,,0,,0,0,0,3,8,,701,0,2,0,0,0,0,0,3,3,0,2,3,,N,,,,,,,,,,,
2008017506,2041.0,2,0,0,0,0,0,0,0,0,4,0,,67,12,2007,3,40.034,-75.1766,2031.0,6,0,0,0,0,0,0,0,0,,0,0,0,20,3,2,0,,0,40 02:02.447,,0,75 10:35.708,8,0,0,0,67301,0,0,0,N,0,0,0,3,67301,0,,1,9,,N,N,,0,,0,0,0,0,0,,2027,2,2,0,0,0,2,0,3,4,0,2,7,,N,,,,,,,,,,,
2008007259,240.0,1,0,0,0,0,0,0,0,0,7,0,,67,11,2007,1,40.0178,-75.1725,238.0,6,0,0,0,0,0,0,0,0,3.0,0,0,0,2,3,1,2,,2,40 01:04.000,1.0,0,75 10:20.987,8,0,0,0,67301,0,0,0,N,0,0,0,1,67301,0,,7,1,,N,N,,0,,0,0,0,0,0,N,237,1,1,0,0,0,1,0,3,4,0,1,3,,N,,,,,,,,,,,
2008005202,1555.0,1,0,0,0,0,0,0,0,0,7,0,,67,11,2007,3,40.0843,-75.0251,1551.0,6,0,1,0,0,0,0,0,0,,0,0,0,15,1,0,0,,0,40 05:03.000,,0,75 01:30.497,0,0,0,0,67301,0,0,0,,0,0,0,1,67301,0,,4,9,,,,,0,,0,0,0,0,0,,1550,0,1,0,0,0,0,0,3,4,0,1,3,,N,,,,,,,,,,,
2008005283,917.0,1,0,0,0,0,0,0,0,0,7,0,,67,11,2007,6,39.9776,-75.2007,917.0,6,0,0,0,0,0,0,0,0,,0,0,0,9,1,0,0,,0,39 58:41.000,,0,75 12:07.746,0,0,0,0,67301,0,0,0,N,0,0,0,1,68K01,0,,2,1,,N,N,,0,,0,0,0,0,0,,917,0,1,0,0,1,0,0,3,4,0,1,3,,N,,,,,,,,,,,
2008000673,1558.0,1,0,0,1,0,0,0,0,0,1,0,,67,10,2007,5,39.9255,-75.1695,1548.0,6,0,0,0,0,0,0,0,0,,0,0,0,15,1,1,5,,0,39 55:31.800,,0,75 10:10.200,4,0,0,0,67301,1,0,0,N,0,0,0,2,67301,1,,1,1,,N,N,,0,,0,0,0,0,0,,1537,1,2,0,0,0,0,1,3,4,0,1,3,,N,,,,,,,,,,,
2008000435,1102.0,1,0,0,0,0,0,0,0,0,8,0,,67,10,2007,2,39.9746,-75.1835,1102.0,6,0,0,0,0,0,0,0,0,,0,0,0,11,1,1,1,,0,39 58:28.000,,0,75 11:00.487,4,0,0,0,67301,1,0,0,,1,0,0,2,67301,1,,1,1,,,,,0,,0,0,0,9,2,,1102,1,2,0,0,1,0,0,3,4,0,1,3,,N,,,,,,,,,,,
2008018075,1115.0,2,0,0,0,0,0,0,0,0,1,0,,67,12,2007,5,39.9695,-75.2254,1115.0,6,0,0,0,0,0,0,0,0,,0,0,0,7,3,1,1,,0,39 58:10.000,,0,75 13:31.337,8,0,0,0,67301,0,0,0,,0,0,0,3,67301,0,,1,1,,,,,0,,0,0,0,2,2,,730,1,2,0,0,0,1,1,3,4,0,2,3,,N,,,,,,,,,,,
2008005960,1353.0,2,0,0,0,0,0,0,0,0,4,0,,67,11,2007,2,39.9617,-75.2449,1350.0,6,0,0,0,0,0,0,0,0,,0,0,0,13,1,3,1,,0,39 57:42.022,,0,75 14:41.618,4,0,0,0,67301,0,0,0,N,0,0,0,3,67301,3,,1,9,,N,N,,0,,0,0,0,3,3,,1320,3,2,0,0,0,0,0,3,4,0,2,7,,N,,,,,,,,,,,
2008006001,845.0,1,0,0,0,0,0,0,0,0,8,0,,67,11,2007,6,40.0353,-75.1214,830.0,6,0,0,0,0,0,1,0,0,,0,0,0,8,1,1,1,,0,40 02:06.000,,0,75 07:17.099,4,0,0,0,67301,1,0,0,N,1,0,0,2,67301,1,,1,1,,N,Y,,0,,0,0,0,3,2,,800,1,2,0,0,0,0,0,3,4,0,1,3,,N,,,,,,,,,,,
2008037577,0.0,0,0,0,0,0,0,0,0,0,5,0,,67,10,2007,6,39.9511,-75.1585,0.0,6,0,0,0,0,0,0,0,0,,0,0,0,99,1,2,1,,0,39 57:03.790,,0,75 09:30.445,4,0,0,0,67301,0,0,0,N,0,0,0,5,00000,2,,1,1,,N,N,,0,,0,0,0,0,0,,9999,2,2,0,0,0,0,3,3,4,0,2,3,,N,,,,,,,,,,,
2008029790,1835.0,1,0,0,0,0,0,0,0,0,2,0,,67,12,2007,6,39.9438,-75.2379,1824.0,6,0,0,0,0,0,0,1,0,,0,0,0,16,3,1,1,,0,39 56:37.000,,0,75 14:16.183,4,0,0,0,67301,0,0,0,Y,0,0,0,2,67301,1,,1,9,,N,N,,0,,0,0,0,3,2,,1649,1,2,0,0,0,0,0,3,4,1,2,7,,N,,,,,,,,,,,
2008034336,,1,0,0,0,0,0,0,0,0,8,0,,67,6,2007,3,39.9915,-75.1226,,6,0,0,0,0,0,0,0,0,,0,0,0,99,1,1,1,,0,39 59:29.295,,0,75 07:21.395,2,0,0,0,67301,1,0,1,,1,0,1,2,,0,,1,1,,,,,0,,0,1,0,3,2,,9999,1,2,0,0,0,0,0,3,4,0,1,3,,N,,,,,,,,,,,
2008018856,551.0,1,0,0,0,0,0,0,0,0,6,0,,67,12,2007,5,40.0298,-75.1043,550.0,6,0,0,0,0,0,1,0,0,1.0,0,0,0,5,3,1,1,,1,40 01:47.000,2.0,6,75 06:15.636,3,0,0,0,67301,0,0,0,N,0,0,0,2,67301,0,,1,7,,N,N,,0,,1,0,0,3,2,N,549,1,2,0,0,0,0,0,3,4,1,2,10,,N,,,,,,,,,,,
2008006757,2320.0,1,0,0,0,0,0,0,0,0,7,0,,67,11,2007,6,39.9967,-75.2002,2318.0,6,0,0,0,0,0,0,0,0,,0,0,0,23,3,0,0,,0,39 59:48.100,,0,75 12:00.790,0,0,0,0,67301,0,0,0,N,0,0,0,1,67301,0,,2,1,,N,N,,0,,0,0,0,0,0,,2310,0,1,0,0,0,0,0,3,4,0,1,3,,N,,,,,,,,,,,
2008007110,1935.0,2,0,0,0,0,0,0,0,0,2,0,,67,11,2007,6,40.0101,-75.1363,1935.0,6,0,0,0,0,0,0,0,0,,0,0,0,19,3,3,0,,0,40 00:36.273,,0,75 08:10.725,4,0,0,0,67301,0,0,0,N,0,0,0,3,67301,3,,1,1,,N,N,,0,,0,0,0,3,2,,1933,3,2,0,0,2,0,0,3,4,0,2,3,,N,,,,,,,,,,,
2008016372,1523.0,1,0,0,0,0,0,0,0,0,8,0,,67,11,2007,6,40.0549,-75.0539,1519.0,6,0,0,0,0,0,0,0,1,,0,0,0,15,1,1,1,,0,40 03:17.000,,0,75 03:14.192,4,0,0,0,67301,1,0,0,,1,0,0,2,67301,1,,1,1,,,,,0,,0,0,0,3,2,,1513,1,2,0,0,0,0,0,3,4,0,1,3,,N,,,,,,,,,,,
2008021913,115.0,5,0,0,0,0,0,0,0,0,1,0,,67,1,2007,1,39.9931,-75.1794,102.0,6,0,0,0,0,0,0,0,0,,2,0,0,1,3,2,0,,0,39 59:35.000,,0,75 10:45.918,1,0,0,0,67301,0,0,0,N,0,0,0,5,67301,0,2.0,1,1,,N,N,,1,0.0,0,1,2,0,0,,100,2,8,0,0,0,1,1,3,4,0,8,3,,N,,,,,,,,,,,
2008024425,322.0,0,0,0,0,0,0,0,0,0,7,0,,67,12,2007,2,40.0145,-75.1783,314.0,6,0,0,0,0,0,0,0,0,2.0,0,0,0,3,3,1,0,,2,40 00:52.200,2.0,0,75 10:41.880,4,0,0,0,67301,0,0,0,N,0,0,0,1,67301,1,,2,1,,N,N,,0,,0,0,1,0,0,N,312,1,1,0,0,0,0,0,3,4,0,1,3,,N,,,,,,,,,,,
2008024525,2345.0,0,0,0,0,0,0,0,0,0,8,0,,67,12,2007,6,40.0202,-75.1141,2345.0,6,0,0,0,0,0,0,0,0,,0,0,0,23,3,1,1,,0,40 01:12.000,,0,75 06:50.708,4,0,0,0,67301,1,0,0,N,1,0,0,2,67301,1,,1,9,,N,N,,0,,0,0,0,9,2,,2340,1,2,0,0,0,0,0,3,4,1,1,3,,N,,,,,,,,,,,
2008017017,805.0,1,0,0,0,0,0,0,0,0,7,0,,67,12,2007,7,40.0779,-75.0238,758.0,6,0,0,0,0,0,1,0,0,,0,0,0,7,1,1,0,,0,40 04:40.365,,0,75 01:25.694,4,0,0,0,67301,0,0,0,N,0,0,0,1,67301,1,,2,9,,N,N,,0,,0,0,0,0,0,,755,1,1,0,0,0,0,0,3,4,0,1,99,,N,,,,,,,,,,,
2008017319,908.0,2,0,0,0,0,0,0,0,0,1,0,,67,12,2007,3,39.9567,-75.1524,905.0,6,0,0,0,0,0,0,0,0,1.0,0,0,0,9,1,1,6,,1,39 57:24.276,3.0,2,75 09:08.534,4,0,0,0,67301,0,0,0,N,0,0,0,3,67301,1,,1,1,,N,N,,0,,0,0,0,3,2,N,900,1,2,0,0,0,0,0,3,4,0,2,3,,N,,,,,,,,,,,
2008017322,1052.0,1,0,0,0,0,0,0,0,0,1,0,,67,12,2007,5,40.0401,-75.1467,1052.0,6,0,0,0,0,0,1,0,0,,0,0,0,8,1,1,0,,0,40 02:24.365,,0,75 08:48.020,8,0,0,0,67301,0,0,0,N,0,0,0,5,67301,0,,1,9,,N,N,,0,,0,0,1,3,3,,830,1,2,0,0,0,1,0,3,4,0,2,3,,N,,,,,,,,,,,
2007047289,613.0,1,0,0,0,0,0,0,0,0,1,0,,67,3,2007,6,39.9411,-75.1949,611.0,6,0,0,0,0,0,1,0,0,2.0,0,0,0,6,3,1,0,,1,39 56:35.160,4.0,0,75 11:34.440,4,0,0,0,67301,0,0,0,N,0,0,0,2,67301,1,,1,9,,N,N,,1,,0,0,0,0,0,N,607,1,2,0,0,1,0,0,3,4,0,2,7,,N,,,,,,,,,,,
2007047364,1646.0,2,0,0,0,0,0,0,0,0,1,0,,67,3,2007,4,39.997,-75.2353,1638.0,6,0,0,0,0,0,0,0,0,,0,0,0,16,1,1,1,,0,39 59:52.000,,0,75 14:01.007,4,0,0,0,67301,0,0,0,N,0,0,0,2,67301,1,,1,1,,,N,,0,,0,0,0,2,2,,1635,1,2,0,0,0,0,1,3,4,0,2,3,,N,,,,,,,,,,,
2007047554,935.0,0,0,0,0,0,0,1,0,0,1,2,,67,3,2007,5,40.0089,-75.194,930.0,6,0,0,0,0,0,0,0,0,,0,0,0,9,1,1,1,,0,40 00:32.006,,0,75 11:38.251,8,0,0,0,67301,0,0,0,N,0,0,0,2,39301,0,,1,2,,N,N,,1,,0,0,0,3,2,,906,1,2,0,0,0,1,0,3,4,0,2,3,,N,,,,,,,,,,,
2007047617,1305.0,2,0,0,0,0,0,0,0,0,1,0,,67,3,2007,7,40.0766,-75.0829,1252.0,6,0,0,0,0,0,0,1,0,,0,0,0,12,1,1,0,,0,40 04:35.883,,0,75 04:58.335,3,0,0,0,67301,0,0,0,N,0,0,0,4,67301,0,,1,1,,N,N,,1,,1,0,0,0,0,,1250,1,3,0,0,0,0,0,3,4,0,3,3,,N,,,,,,,,,,,
2007047654,823.0,0,0,0,0,0,0,0,0,0,8,0,,67,3,2007,2,,,820.0,6,0,0,0,0,0,0,0,0,,0,0,0,7,1,1,0,,0,,,0,,4,0,0,0,67301,1,0,0,N,1,0,0,2,67301,1,,1,1,,N,N,,0,,0,0,0,0,0,,700,1,2,0,0,0,0,0,3,3,0,1,3,,N,,,,,,,,,,,
2007047671,1941.0,1,0,0,0,0,0,0,0,0,1,0,,67,3,2007,3,,,1936.0,6,0,0,0,0,0,1,0,0,,0,0,0,15,1,1,0,,0,,,0,,4,0,0,0,67301,0,0,0,N,0,0,0,2,67301,1,,1,1,,N,N,,0,,0,0,0,0,0,,1545,1,2,0,0,0,0,1,3,3,0,2,3,,N,,,,,,,,,,,
2007067975,1712.0,0,0,0,0,0,0,0,0,0,8,0,,67,5,2007,4,39.9903,-75.1509,1708.0,6,0,0,0,0,0,0,0,0,,0,0,0,99,1,1,2,,0,39 59:25.137,,0,75 09:03.326,8,0,0,0,67301,1,0,0,N,1,0,0,2,67301,0,,1,9,,N,N,,1,,0,0,0,0,0,,9999,1,2,0,0,0,1,0,3,4,0,1,7,,N,,,,,,,,,,,
2007106795,1909.0,2,0,0,0,0,0,0,0,0,5,0,,67,8,2007,5,40.0592,-75.044,1905.0,6,0,0,1,0,0,0,0,0,2.0,0,0,0,18,1,2,0,,1,40 03:32.000,1.0,0,75 02:38.774,4,0,0,0,67301,0,0,0,,0,0,0,4,67301,2,,1,1,,,,,0,,0,0,0,0,0,N,1857,2,2,0,0,0,0,0,3,4,0,2,3,,N,,,,,,,,,,,
2007106827,9999.0,2,0,0,0,0,0,0,0,0,4,0,,67,6,2007,3,40.0075,-75.202,,6,0,0,0,0,0,1,0,0,,0,0,0,99,1,1,2,,0,40 00:26.928,,0,75 12:07.199,4,0,0,0,67301,0,0,0,,0,0,0,2,67301,1,,1,9,,,,,0,,0,0,0,9,3,,9999,1,2,0,0,0,0,1,3,4,0,2,7,,N,,,,,,,,,,,
2007047820,1110.0,0,0,0,0,0,0,0,0,0,1,0,,67,2,2007,3,40.0429,-75.1438,1110.0,6,0,0,0,0,0,0,0,0,,0,0,0,11,1,1,1,,0,40 02:34.440,,0,75 08:37.680,3,0,0,0,67301,0,0,0,N,0,0,0,5,67301,0,,1,9,,N,N,,1,,1,0,0,3,2,,1108,1,2,0,0,0,0,0,3,4,1,2,10,,N,,,,,,,,,,,
2007047848,835.0,3,0,0,0,0,0,0,0,0,1,0,,67,3,2007,3,39.9688,-75.2454,815.0,6,0,0,0,0,0,1,0,0,,0,0,0,8,1,1,1,,0,39 58:07.680,,0,75 14:43.440,4,0,0,0,67301,0,0,0,N,0,0,0,3,67301,1,,1,1,,N,N,,0,,0,0,0,3,2,,810,1,3,0,0,0,0,0,3,4,0,3,3,,N,,,,,,,,,,,
2007047867,1639.0,1,0,0,0,0,0,0,0,0,8,0,,67,3,2007,2,40.0139,-75.0839,1631.0,6,0,0,0,0,0,1,0,0,1.0,0,0,0,16,1,1,0,,2,40 00:50.036,3.0,0,75 05:01.957,4,0,0,0,67301,1,0,0,N,1,0,0,2,67301,1,,1,1,,N,N,,0,,0,0,0,0,0,Y,1621,1,2,0,0,0,0,0,3,4,0,1,3,,N,,,,,,,,,,,
2007106926,1537.0,2,0,0,0,0,0,0,0,0,2,0,,67,9,2007,3,40.0316,-75.2076,1533.0,6,0,0,0,0,0,0,0,1,,0,0,0,15,1,3,1,,0,40 01:53.000,,0,75 12:27.524,4,0,0,0,67301,0,0,0,N,0,0,0,3,67301,2,,1,1,,N,N,,0,,0,0,0,3,2,,1530,3,2,0,0,0,1,0,3,4,0,2,3,,N,,,,,,,,,,,
2007047913,1340.0,0,0,0,0,0,0,0,0,0,8,0,,67,3,2007,5,39.951,-75.1654,1328.0,6,0,0,0,0,0,0,0,0,,0,0,0,99,1,1,1,,0,39 57:03.000,,0,75 09:55.537,8,0,0,0,67301,1,0,0,N,1,0,0,2,67301,0,,1,1,,N,N,,0,,0,0,0,9,2,,9999,1,2,0,0,0,1,0,3,4,0,1,3,,N,,,,,,,,,,,
2007047918,9999.0,1,0,0,0,0,0,1,0,0,1,1,,67,2,2007,3,39.9103,-75.1509,247.0,6,0,0,0,0,0,0,1,0,1.0,0,0,0,2,3,1,1,,1,39 54:37.000,1.0,2,75 09:03.431,4,0,0,0,67301,0,0,0,N,0,0,0,3,67301,1,,1,9,,N,N,,0,,0,0,0,0,0,N,247,1,2,0,0,0,0,0,3,4,0,2,7,,N,,,,,,,,,,,