CRN,ARRIVAL_TM,AUTOMOBILE_COUNT,BELTED_DEATH_COUNT,BELTED_SUSP_SERIOUS_INJ_COUNT,BICYCLE_COUNT,BICYCLE_DEATH_COUNT,BICYCLE_SUSP_SERIOUS_INJ_COUNT,BUS_COUNT,CHLDPAS_DEATH_COUNT,CHLDPAS_SUSP_SERIOUS_INJ_COUNT,COLLISION_TYPE,COMM_VEH_COUNT,CONS_ZONE_SPD_LIM,COUNTY,CRASH_MONTH,CRASH_YEAR,DAY_OF_WEEK,DEC_LAT,DEC_LONG,DISPATCH_TM,DISTRICT,DRIVER_COUNT_16YR,DRIVER_COUNT_17YR,DRIVER_COUNT_18YR,DRIVER_COUNT_19YR,DRIVER_COUNT_20YR,DRIVER_COUNT_50_64YR,DRIVER_COUNT_65_74YR,DRIVER_COUNT_75PLUS,EST_HRS_CLOSED,FATAL_COUNT,HEAVY_TRUCK_COUNT,HORSE_BUGGY_COUNT,HOUR_OF_DAY,ILLUMINATION,INJURY_COUNT,INTERSECT_TYPE,INTERSECTION_RELATED,LANE_CLOSED,LATITUDE,LN_CLOSE_DIR,LOCATION_TYPE,LONGITUDE,MAX_SEVERITY_LEVEL,MCYCLE_DEATH_COUNT,MCYCLE_SUSP_SERIOUS_INJ_COUNT,MOTORCYCLE_COUNT,MUNICIPALITY,NONMOTR_COUNT,NONMOTR_DEATH_COUNT,NONMOTR_SUSP_SERIOUS_INJ_COUNT,NTFY_HIWY_MAINT,PED_COUNT,PED_DEATH_COUNT,PED_SUSP_SERIOUS_INJ_COUNT,PERSON_COUNT,POLICE_AGCY,POSSIBLE_INJ_COUNT,RDWY_SURF_TYPE_CD,RELATION_TO_ROAD,ROAD_CONDITION,ROADWAY_CLEARED,SCH_BUS_IND,SCH_ZONE_IND,SECONDARY_CRASH,SMALL_TRUCK_COUNT,SPEC_JURIS_CD,SUSP_MINOR_INJ_COUNT,SUSP_SERIOUS_INJ_COUNT,SUV_COUNT,TCD_FUNC_CD,TCD_TYPE,TFC_DETOUR_IND,TIME_OF_DAY,TOT_INJ_COUNT,TOTAL_UNITS,UNB_DEATH_COUNT,UNB_SUSP_SERIOUS_INJ_COUNT,UNBELTED_OCC_COUNT,UNK_INJ_DEG_COUNT,UNK_INJ_PER_COUNT,URBAN_AREA,URBAN_RURAL,VAN_COUNT,VEHICLE_COUNT,WEATHER1,WEATHER2,WORK_ZONE_IND,WORK_ZONE_LOC,WORK_ZONE_TYPE,WORKERS_PRES,WZ_CLOSE_DETOUR,WZ_FLAGGER,WZ_LAW_OFFCR_IND,WZ_LN_CLOSURE,WZ_MOVING,WZ_OTHER,WZ_SHLDER_MDN,WZ_WORKERS_INJ_KILLED
2007047980,1102.0,1,0,0,0,0,0,0,0,0,7,0,,67,3,2007,6,40.0169,-75.2125,,6,0,0,0,0,0,0,0,0,,1,0,0,99,1,0,0,,0,40 01:00.674,,0,75 12:44.924,1,0,0,0,67301,0,0,0,N,0,0,0,1,67301,0,2.0,4,9,,N,N,,0,0.0,0,0,0,0,0,,9999,0,1,0,0,0,0,0,3,4,0,1,9,,N,,,,,,,,,,,
2007093408,1753.0,2,0,0,0,0,0,0,0,0,6,0,,67,7,2007,2,40.0083,-75.1437,1750.0,6,0,0,0,1,0,0,0,0,,0,0,0,17,1,1,1,,0,40 00:29.000,,0,75 08:37.480,8,0,0,0,67301,0,0,0,N,0,0,0,5,67301,0,,2,1,,N,N,,0,,0,0,0,3,3,,1740,1,2,0,0,0,1,0,3,4,0,2,3,,N,,,,,,,,,,,
2007127616,1300.0,1,0,0,0,0,0,0,0,0,7,0,,67,10,2007,6,39.8924,-75.2448,1300.0,6,0,0,0,0,0,1,0,0,,0,0,0,12,1,2,10,,0,39 53:32.575,,0,75 14:41.459,4,0,0,0,67301,0,0,0,N,0,0,0,3,67301,2,,5,9,,N,N,,0,,0,0,0,3,3,,1250,2,1,0,0,0,0,0,3,4,0,1,7,,N,,,,,,,,,,,
2007110088,1715.0,2,0,0,0,0,0,0,0,0,4,0,,67,9,2007,7,40.0596,-75.0878,1656.0,6,0,0,0,0,0,2,0,0,,0,0,0,16,1,0,1,,0,40 03:34.430,,0,75 05:16.245,0,0,0,0,67301,0,0,0,N,0,0,0,5,67301,0,,1,1,,N,N,,1,,0,0,0,3,3,,1648,0,3,0,0,0,0,0,3,4,0,3,3,,N,,,,,,,,,,,
2008007245,211.0,0,0,0,0,0,0,0,0,0,7,0,,67,11,2007,3,39.9222,-75.191,209.0,6,0,0,0,0,0,0,0,0,,0,0,0,2,3,0,0,,0,39 55:23.000,,2,75 11:30.679,0,0,0,0,67301,0,0,0,N,0,0,0,1,67301,0,,5,9,,N,N,,0,,0,0,1,0,0,,209,0,1,0,0,0,0,0,3,4,0,1,7,,N,,,,,,,,,,,
2008007311,2250.0,2,0,0,0,0,0,0,0,0,2,0,,67,11,2007,2,40.1186,-75.007,2245.0,6,0,0,0,0,0,0,0,0,1.0,0,0,0,22,3,2,2,,1,40 07:06.945,4.0,0,75 00:25.153,8,0,0,0,67301,0,0,0,N,0,0,0,2,67301,0,,1,9,,N,N,,0,,0,0,0,3,2,N,2240,2,2,0,0,0,2,0,3,4,0,2,7,,N,,,,,,,,,,,
2008007393,1913.0,2,0,0,0,0,0,0,0,0,4,0,,67,9,2007,7,39.9494,-75.2191,1911.0,6,0,0,0,0,0,0,0,0,1.0,0,0,0,19,1,1,2,,1,39 56:58.000,7.0,0,75 13:08.600,4,0,0,0,67301,0,0,0,N,0,0,0,4,68K01,1,,1,1,,N,N,,0,,0,0,0,3,8,N,1900,1,2,0,0,1,0,0,3,4,0,2,3,,N,,,,,,,,,,,
2008004925,626.0,0,0,0,0,0,0,0,0,0,7,0,,67,11,2007,3,39.9738,-75.2582,612.0,6,0,0,0,0,0,0,0,0,,0,0,0,6,1,1,1,,0,39 58:25.000,,0,75 15:29.678,8,0,0,0,67301,0,0,0,N,0,0,0,1,67301,0,,2,9,,N,N,,0,,0,0,1,3,2,,612,1,1,0,0,0,1,0,3,4,0,1,98,,N,,,,,,,,,,,
2008003329,315.0,1,0,0,0,0,0,0,0,0,5,0,,67,10,2007,7,39.9319,-75.1998,315.0,6,0,0,0,0,0,0,0,0,,0,0,0,2,3,2,0,,0,39 55:57.000,,0,75 12:00.082,8,0,0,0,67301,0,0,0,N,0,0,0,4,68K01,0,,1,9,,N,N,,0,,0,0,1,0,0,,228,2,2,0,0,0,2,0,3,4,0,2,7,,N,,,,,,,,,,,
2008034410,,0,0,0,0,0,0,0,0,0,1,0,,67,8,2007,6,40.0241,-75.1652,,6,0,0,0,0,0,1,0,0,,0,0,0,18,1,1,1,,0,40 01:26.000,,0,75 09:54.983,8,0,0,0,67301,0,0,0,N,0,0,0,2,,0,,1,1,,N,N,,0,,0,0,1,9,9,,1815,1,2,0,0,0,1,1,3,4,0,2,99,,N,,,,,,,,,,,
2008005993,1600.0,0,0,0,0,0,0,0,0,0,8,0,,67,11,2007,1,40.0415,-75.0879,1555.0,6,0,0,0,0,0,0,0,0,,0,0,0,15,1,1,1,,0,40 02:29.338,,0,75 05:16.364,8,0,0,0,67301,1,0,0,N,1,0,0,2,67301,0,,1,1,,N,Y,,0,,0,0,1,3,2,,1553,1,2,0,0,0,1,0,3,4,0,1,3,,N,,,,,,,,,,,
2008009187,1510.0,1,0,0,0,0,0,0,0,0,1,0,,67,10,2007,3,39.9218,-75.1498,1505.0,6,0,0,0,0,0,1,0,0,,0,0,0,15,1,1,1,,0,39 55:18.000,,0,75 08:59.227,8,0,0,1,67301,0,0,0,N,0,0,0,2,67301,0,,1,1,,N,N,,0,,0,0,0,9,2,,1500,1,2,0,0,0,1,0,3,4,0,2,3,,N,,,,,,,,,,,
2008018859,1458.0,1,0,0,0,0,0,0,0,0,4,1,,67,12,2007,3,39.9871,-75.1223,1455.0,6,0,0,1,0,0,1,0,0,,0,1,0,14,1,1,5,,0,39 59:13.000,,0,75 07:20.404,2,0,0,0,67301,0,0,0,N,0,0,0,2,67301,0,,1,1,,N,N,,0,,0,1,0,3,2,,1453,1,2,0,1,1,0,0,3,4,0,2,3,,N,,,,,,,,,,,
2008016837,1304.0,0,0,0,0,0,0,0,0,0,8,0,,67,12,2007,6,39.9309,-75.1818,1300.0,6,0,0,0,0,0,0,0,0,,0,0,0,13,1,1,0,,0,39 55:51.340,,0,75 10:54.379,3,0,0,0,67301,1,0,0,N,1,0,0,3,67301,0,,1,9,,N,N,,1,,1,0,0,0,0,,1300,1,2,0,0,0,0,0,3,4,0,1,3,,N,,,,,,,,,,,
2008023708,1002.0,1,0,0,0,0,0,0,0,0,8,0,,67,12,2007,7,39.9721,-75.1248,1000.0,6,0,0,0,0,0,1,0,0,,0,0,0,9,1,1,0,,0,39 58:19.704,,0,75 07:29.334,4,0,0,0,67301,1,0,0,N,1,0,0,2,67301,1,,1,9,,N,N,,0,,0,0,0,0,0,,955,1,2,0,0,0,0,0,3,4,0,1,7,,N,,,,,,,,,,,
2008016257,612.0,1,0,0,0,0,0,0,0,0,4,0,,67,12,2007,6,40.0339,-75.0743,606.0,6,0,0,0,0,0,1,0,0,,0,0,0,5,5,2,1,,0,40 02:02.000,,0,75 04:27.142,8,0,0,0,67301,0,0,0,,0,0,0,3,67301,0,,1,1,,,,,0,,0,0,1,3,2,,530,2,2,0,0,0,2,0,3,4,0,2,3,,N,,,,,,,,,,,
2008006755,2325.0,3,0,0,0,0,0,0,0,0,4,0,,67,12,2007,7,40.0611,-75.1681,2323.0,6,0,1,0,0,0,0,0,0,,0,0,0,23,3,6,0,,0,40 03:39.000,,7,75 10:05.311,3,0,0,0,67301,0,0,0,N,0,0,0,6,67301,5,,1,1,,N,N,,0,,1,0,0,0,0,,2300,6,3,0,0,0,0,0,3,4,0,3,3,,N,,,,,,,,,,,
2008001915,1803.0,1,0,0,0,0,0,0,0,0,5,1,,67,10,2007,3,39.9965,-75.1967,1800.0,6,0,0,1,0,0,0,0,0,,0,1,0,17,1,1,0,,0,39 59:53.000,,0,75 11:44.670,8,0,0,0,67301,0,0,0,N,0,0,0,3,68K01,0,,1,1,,N,N,,1,,0,0,0,0,0,,1759,1,3,0,0,0,1,0,3,4,0,3,3,,N,,,,,,,,,,,
2008024242,1032.0,1,0,0,0,0,0,0,0,0,4,0,,67,12,2007,2,39.9631,-75.2242,1031.0,6,0,0,0,0,0,0,0,0,,0,0,0,10,1,1,1,,0,39 57:47.000,,0,75 13:27.223,4,0,0,0,67301,0,0,0,,0,0,0,4,67301,1,,1,1,,,,,0,,0,0,1,3,2,,1010,1,2,0,0,0,0,0,3,4,0,2,3,,N,,,,,,,,,,,
2008024251,9999.0,1,0,0,0,0,0,0,0,0,7,0,,67,12,2007,4,40.0339,-75.0743,353.0,6,0,0,0,0,0,0,0,0,,0,0,0,3,3,1,1,,0,40 02:02.000,,0,75 04:27.142,4,0,0,0,67301,0,0,0,,0,0,0,1,67301,1,,4,1,,,,,0,,0,0,0,9,2,,350,1,1,0,0,0,0,0,3,4,0,1,3,,N,,,,,,,,,,,
2008024416,1020.0,2,0,0,0,0,0,0,0,0,4,0,,67,12,2007,1,40.0013,-75.126,1019.0,6,0,0,0,1,0,0,0,0,,0,0,0,10,1,1,1,,0,40 00:04.528,,0,75 07:33.484,4,0,0,0,67301,0,0,0,,0,0,0,2,67301,1,,1,9,,,,,0,,0,0,0,3,3,,1019,1,2,0,0,0,0,0,3,4,0,2,7,,N,,,,,,,,,,,
2008024447,9999.0,1,0,0,0,0,0,1,0,0,5,1,,67,12,2007,6,40.0214,-75.1485,45.0,6,0,0,0,0,0,0,0,0,,0,0,0,18,3,1,1,,0,40 01:16.000,,0,75 08:54.571,4,0,0,0,67301,0,0,0,N,0,0,0,2,67301,1,,1,1,,Y,N,,0,,0,0,0,3,2,,1838,1,2,0,0,0,0,0,3,4,0,2,3,,N,,,,,,,,,,,
2008024488,1825.0,1,0,0,0,0,0,0,0,0,1,0,,67,12,2007,1,39.9438,-75.2459,1815.0,6,0,0,0,0,0,0,1,0,,0,0,0,18,3,1,2,,0,39 56:37.680,,0,75 14:45.600,4,0,0,0,67301,0,0,0,N,0,0,0,2,67301,1,,1,9,,N,N,,1,,0,0,0,3,2,,1809,1,2,0,0,0,0,1,3,4,0,2,7,,N,,,,,,,,,,,
2008019696,1642.0,1,0,0,0,0,0,0,0,0,1,1,,67,12,2007,4,40.0073,-75.1241,1631.0,6,0,0,0,0,0,0,0,0,,0,1,0,99,4,1,0,,0,40 00:26.000,,0,75 07:26.938,8,0,0,0,67301,0,0,0,N,0,0,0,5,67301,0,,1,6,,N,N,,0,,0,0,0,3,2,,9999,1,2,0,0,0,1,0,3,4,0,2,10,,N,,,,,,,,,,,
2008017027,1355.0,3,0,0,0,0,0,0,0,0,2,0,,67,12,2007,7,39.9898,-75.1039,1346.0,6,0,0,0,1,0,0,1,1,,0,0,0,13,1,1,1,,0,39 59:23.000,,0,75 06:13.986,8,0,0,0,67301,1,0,0,N,1,0,0,5,67301,0,,1,1,,N,N,,1,,0,0,0,3,2,,1340,1,5,0,0,0,1,0,3,4,0,4,3,,N,,,,,,,,,,,
2008017212,1958.0,1,0,0,0,0,0,0,0,0,7,0,,67,12,2007,2,39.9917,-75.1374,1958.0,6,0,0,0,0,0,0,0,0,2.0,0,0,0,19,3,1,0,,1,39 59:30.000,3.0,0,75 08:14.616,8,0,0,0,67301,0,0,0,N,0,0,0,1,67301,0,,5,1,,N,N,,0,,0,0,1,0,0,Y,1958,1,2,0,0,1,1,0,3,4,0,2,3,,N,,,,,,,,,,,
2008033681,0.0,1,0,0,0,0,0,0,0,0,4,0,,67,8,2007,6,40.0038,-75.1397,0.0,6,0,0,0,0,0,0,0,0,,0,0,0,14,1,2,1,,0,40 00:13.665,,0,75 08:22.783,3,0,0,0,67301,0,0,0,N,0,0,0,3,00000,0,,1,9,,N,N,,0,,1,0,0,3,2,,1445,2,2,0,0,0,1,0,3,4,0,2,7,,N,,,,,,,,,,,
2008003815,1724.0,1,0,0,0,0,0,0,0,0,4,0,,67,10,2007,3,39.9992,-75.1344,1724.0,6,0,0,0,1,0,1,0,0,3.0,0,0,0,17,1,1,2,,1,39 59:57.000,4.0,0,75 08:03.788,8,0,0,0,67301,0,0,0,N,0,0,0,2,67301,0,,1,1,,N,N,,0,,0,0,1,9,3,N,1724,1,2,0,0,0,1,0,3,4,0,2,3,,N,,,,,,,,,,,
2008021402,1033.0,0,0,0,0,0,0,0,0,0,7,0,,67,11,2007,4,39.9306,-75.1791,1030.0,6,0,0,0,0,0,0,0,0,,0,0,0,99,1,2,0,,0,39 55:50.221,,0,75 10:44.798,3,0,0,0,67301,0,0,0,,0,0,0,2,67301,0,,5,1,,N,,,0,,2,0,0,0,0,,9999,2,1,0,0,0,0,0,3,4,0,1,3,,N,,,,,,,,,,,
2007047558,9999.0,1,0,0,0,0,0,0,0,0,4,0,,67,1,2007,1,39.9109,-75.1852,,6,0,0,0,0,0,1,0,0,,0,0,0,99,3,0,0,,0,39 54:39.240,,0,75 11:07.080,0,0,0,0,67301,0,0,0,N,0,0,0,2,67301,0,,1,9,,N,N,,1,,0,0,0,0,0,,9999,0,2,0,0,0,0,0,3,4,0,2,7,,N,,,,,,,,,,,
2007047656,935.0,2,0,0,0,0,0,0,0,0,4,0,,67,3,2007,7,39.9571,-75.1511,930.0,6,0,0,0,0,0,1,0,0,,0,0,0,9,1,0,3,,0,39 57:23.760,,0,75 09:04.680,0,0,0,0,67301,0,0,0,N,0,0,0,2,67301,0,,1,2,,N,N,,0,,0,0,0,2,2,,930,0,2,0,0,0,0,0,3,4,0,2,10,,N,,,,,,,,,,,
2007047704,640.0,0,0,0,0,0,0,0,0,0,4,0,,67,2,2007,1,40.026,-75.1467,630.0,6,0,0,0,0,0,1,0,0,,0,0,0,6,1,2,1,,0,40 01:33.654,,0,75 08:48.101,4,0,0,0,67301,0,0,0,N,0,0,0,2,67301,2,,1,1,,N,N,,1,,0,0,1,3,2,,625,2,2,0,0,0,0,0,3,4,0,2,3,,N,,,,,,,,,,,
2007047573,1344.0,1,0,0,0,0,0,0,0,0,8,0,,67,2,2007,5,39.9518,-75.2031,1339.0,6,0,0,0,0,0,1,0,0,9.0,0,0,0,13,1,1,1,,1,39 57:06.318,4.0,0,75 12:11.069,4,0,0,0,67301,1,0,0,N,1,0,0,2,67301,1,,1,1,,N,N,,0,,0,0,0,3,2,N,1339,1,2,0,0,0,0,1,3,4,0,1,3,,N,,,,,,,,,,,
2007067814,2010.0,1,0,0,0,0,0,0,0,0,4,0,,67,5,2007,6,39.9939,-75.1713,2008.0,6,0,0,0,0,0,1,0,0,,0,0,0,99,1,3,1,,0,39 59:38.000,,0,75 10:16.500,4,0,0,0,67301,0,0,0,N,0,0,0,4,67301,3,,1,1,,N,N,,0,,0,0,1,2,3,,9999,3,2,0,0,0,0,0,3,4,0,2,3,,N,,,,,,,,,,,
2007067955,120.0,2,0,0,0,0,0,0,0,0,4,0,,67,5,2007,1,39.9505,-75.1489,115.0,6,0,0,0,0,0,0,0,0,,0,0,0,1,3,1,10,,0,39 57:01.895,,0,75 08:56.077,4,0,0,0,67301,0,0,0,N,0,0,0,3,67301,1,,1,1,,N,N,,0,,0,0,0,0,0,,115,1,2,0,0,0,0,0,3,4,0,2,3,,N,,,,,,,,,,,
2007109443,1933.0,1,0,0,0,0,0,0,0,0,1,0,,67,9,2007,3,39.9588,-75.1704,1929.0,6,0,0,0,0,0,1,0,0,,0,0,0,19,1,2,0,,0,39 57:31.000,,0,75 10:13.425,8,0,0,0,67301,0,0,0,,0,0,0,5,67301,0,,1,1,,,,,1,,0,0,0,0,0,,1925,2,3,0,0,0,2,1,3,4,1,3,3,,N,,,,,,,,,,,
2007109449,129.0,1,0,0,0,0,0,0,0,0,7,0,,67,9,2007,7,39.8982,-75.2325,126.0,6,0,0,0,0,0,0,0,0,,0,0,0,1,3,1,0,,0,39 53:53.500,,0,75 13:57.100,8,0,0,0,67301,0,0,0,N,0,0,0,1,67301,0,,5,1,,N,N,,0,,0,0,0,0,0,,126,1,1,0,0,0,1,0,3,4,0,1,3,,N,,,,,,,,,,,
2007106798,322.0,1,0,0,0,0,0,0,0,0,7,0,,67,8,2007,5,39.9774,-75.1127,320.0,6,0,0,0,0,0,0,0,0,1.0,0,0,0,3,3,0,5,,1,39 58:36.840,1.0,0,75 06:49.320,0,0,0,0,67301,0,0,0,N,0,0,0,1,67301,0,,5,1,,N,N,,0,,0,0,0,0,0,N,320,0,1,0,0,0,0,0,3,4,0,1,3,,N,,,,,,,,,,,
2007109396,2240.0,2,0,0,0,0,0,0,0,0,4,0,,67,9,2007,1,40.0675,-75.1793,2237.0,6,0,0,0,0,0,0,1,0,,0,0,0,22,3,1,1,,0,40 04:02.000,,0,75 10:45.487,4,0,0,0,67301,0,0,0,,0,0,0,5,67301,1,,1,1,,,,,0,,0,0,0,9,2,,2228,1,2,0,0,0,0,4,3,4,0,2,3,,N,,,,,,,,,,,
2007104420,1740.0,1,0,0,0,0,0,0,0,0,4,0,,67,7,2007,3,39.9751,-75.1953,1719.0,6,0,0,0,0,0,0,0,0,3.0,0,0,0,17,1,4,0,,2,39 58:30.000,6.0,0,75 11:43.092,4,0,0,0,67301,0,0,0,N,0,0,0,23,68K01,4,,5,1,,N,N,,0,,0,0,0,0,0,N,1715,4,2,0,0,0,0,0,3,4,0,2,3,,N,,,,,,,,,,,
2007107019,46.0,0,0,0,0,0,0,0,0,0,1,0,,67,9,2007,2,40.0008,-75.1103,43.0,6,0,0,0,0,0,0,0,0,,0,0,0,99,3,1,0,,0,40 00:02.980,,0,75 06:36.921,4,0,0,0,67301,0,0,0,N,0,0,0,1,67301,1,,1,1,,N,N,,0,,0,0,3,0,0,,9999,1,4,0,0,1,0,0,3,4,1,4,3,,N,,,,,,,,,,,
2007088366,2158.0,2,0,0,0,0,0,0,0,0,1,0,,67,7,2007,6,39.9983,-75.1957,1923.0,6,0,0,0,0,0,0,0,0,,0,0,0,19,3,0,0,,0,39 59:58.000,,0,75 11:42.527,0,0,0,0,67301,0,0,0,N,0,0,0,3,68K01,0,,1,1,,N,N,,0,,0,0,1,0,0,,1920,0,3,0,0,0,0,0,3,4,0,3,3,,N,,,,,,,,,,,
2007093448,742.0,2,0,0,0,0,0,0,0,0,4,0,,67,7,2007,2,40.0212,-75.1577,739.0,6,0,0,0,0,1,0,0,0,,0,0,0,7,1,2,2,,0,40 01:16.000,,0,75 09:27.566,4,0,0,0,67301,0,0,0,N,0,0,0,3,67301,2,,1,1,,N,N,,0,,0,0,0,0,0,,735,2,2,0,0,0,0,0,3,4,0,2,3,,N,,,,,,,,,,,
2007127619,805.0,3,0,0,0,0,0,0,0,0,4,0,,67,10,2007,5,39.9172,-75.2463,800.0,6,0,0,0,0,0,0,0,0,2.0,0,0,0,7,1,1,1,,1,39 55:01.000,1.0,0,75 14:46.691,4,0,0,0,67301,0,0,0,N,0,0,0,9,67301,1,,1,9,,N,N,,1,,0,0,0,3,2,N,720,1,4,0,0,0,0,0,3,4,0,4,7,,N,,,,,,,,,,,
2007127646,822.0,2,0,0,0,0,0,0,0,0,1,0,,67,10,2007,7,40.0576,-75.1525,813.0,6,0,0,0,0,0,1,0,0,,0,0,0,7,1,1,1,,0,40 03:27.475,,0,75 09:09.151,8,0,0,0,67301,0,0,0,N,0,0,0,2,67301,0,,1,1,,N,N,,0,,0,0,0,3,3,,740,1,2,0,0,0,1,0,3,4,0,2,3,,N,,,,,,,,,,,
2007107523,1350.0,1,0,0,0,0,0,0,0,0,1,0,,67,9,2007,4,40.0848,-75.0252,1350.0,6,0,0,0,0,0,1,0,0,,0,0,0,13,1,1,0,,0,40 05:05.000,,0,75 01:30.818,8,0,0,0,67301,0,0,0,N,0,0,0,3,67301,0,,1,1,,N,N,,0,,0,0,2,0,0,,1350,1,3,0,0,0,1,0,3,4,0,3,3,,N,,,,,,,,,,,
2007110089,2108.0,0,0,0,0,0,0,1,0,0,8,1,,67,6,2007,3,39.9515,-75.1567,2106.0,6,0,0,0,0,0,0,0,0,,0,0,0,21,3,1,2,,0,39 57:05.000,,0,75 09:24.144,4,0,0,0,67301,1,0,0,,1,0,0,2,67301,1,,5,1,,,,,0,,0,0,0,3,2,,2100,1,2,0,0,0,0,0,3,4,0,1,3,,N,,,,,,,,,,,
2007048303,9999.0,1,0,0,0,0,0,0,0,0,7,0,,67,1,2007,2,39.9976,-75.1832,,6,0,0,0,0,0,0,0,0,,0,0,0,20,3,1,0,,0,39 59:51.000,,0,75 10:59.655,8,0,0,0,67301,0,0,0,N,0,0,0,1,67301,0,,9,1,,N,N,,0,,0,0,0,0,0,,2044,1,1,0,0,0,1,0,3,4,0,1,3,,N,,,,,,,,,,,
2007045718,1350.0,1,0,0,0,0,0,0,0,0,4,0,,67,2,2007,2,40.0338,-75.2083,1344.0,6,0,0,0,0,0,1,0,0,1.0,0,0,0,13,1,0,0,,1,40 02:01.000,2.0,0,75 12:29.971,0,0,0,0,67301,0,0,0,N,0,0,0,1,67301,0,,1,1,,N,N,,0,,0,0,0,0,0,N,1320,0,2,0,0,0,0,0,3,4,1,2,3,,N,,,,,,,,,,,
2007045733,1850.0,1,0,0,0,0,0,0,0,0,8,0,,67,2,2007,7,39.9911,-75.1329,1840.0,6,0,0,0,0,0,0,0,0,,0,0,0,18,3,1,2,,0,39 59:27.000,,0,75 07:58.291,4,0,0,0,67301,1,0,0,N,1,0,0,2,67301,1,,1,1,,N,N,,0,,0,0,0,3,2,,1810,1,2,0,0,0,0,0,3,4,0,1,3,,N,,,,,,,,,,,
2007092932,1530.0,1,0,0,1,0,0,0,0,0,4,0,,67,7,2007,7,39.958,-75.1553,1524.0,6,0,0,0,0,0,0,0,0,2.0,0,0,0,14,1,1,2,,1,39 57:28.699,2.0,0,75 09:19.162,4,0,0,0,67301,1,0,0,,0,0,0,2,67301,1,,1,1,,,,,0,,0,0,0,3,3,N,1440,1,2,0,0,0,0,0,3,4,0,1,3,,N,,,,,,,,,,,
2008017510,1235.0,1,0,0,0,0,0,0,0,0,5,0,,67,11,2007,1,40.0667,-75.1452,1230.0,6,0,0,0,1,0,1,0,0,,0,0,0,12,1,1,2,,0,40 03:59.968,,0,75 08:42.878,8,0,0,0,67301,0,0,0,N,0,0,0,4,67301,0,,1,1,,N,N,,1,,0,0,0,0,0,,1220,1,2,0,0,0,1,0,3,4,0,2,3,,N,,,,,,,,,,,
2008007589,6.0,0,0,0,0,0,0,0,0,0,4,0,,67,11,2007,7,40.0372,-75.036,4.0,6,0,2,0,0,0,0,0,0,,0,0,0,0,3,1,1,,0,40 02:14.002,,0,75 02:09.621,3,0,0,1,67301,0,0,0,N,0,0,0,3,67301,0,,1,1,,N,N,,0,,1,0,1,3,3,,4,1,2,0,0,0,0,0,3,4,0,2,3,,N,,,,,,,,,,,
2008007306,912.0,0,0,0,0,0,0,0,0,0,1,0,,67,11,2007,5,40.0256,-75.0582,908.0,6,0,0,0,0,0,0,0,0,3.0,0,0,0,9,1,5,0,,2,40 01:32.000,1.0,0,75 03:29.449,8,0,0,0,67301,0,0,0,N,0,0,0,7,67301,0,,1,1,,N,N,,1,,0,0,0,3,2,Y,905,5,2,0,0,2,5,2,3,4,1,2,3,,N,,,,,,,,,,,
2008004889,1452.0,1,0,0,0,0,0,0,0,0,4,0,,67,11,2007,7,39.9846,-75.1677,1449.0,6,0,0,0,0,0,0,0,0,,0,0,0,14,1,3,2,,0,39 59:04.617,,0,75 10:03.554,4,0,0,0,67301,0,0,0,N,0,0,0,4,67301,2,,1,1,,N,N,,1,,0,0,0,3,3,,1447,3,2,0,0,1,1,0,3,4,0,2,3,,N,,,,,,,,,,,
2008004922,702.0,2,0,0,0,0,0,0,0,0,2,0,,67,11,2007,7,39.9721,-75.2514,650.0,6,0,0,0,1,0,0,0,0,,0,0,0,6,1,1,1,,0,39 58:19.000,,0,75 15:05.101,4,0,0,0,67301,0,0,0,,0,0,0,2,67301,1,,1,9,,,,,0,,0,0,0,3,2,,650,1,2,0,0,0,0,0,3,4,0,2,7,,N,,,,,,,,,,,
2008008135,745.0,2,0,0,0,0,0,0,0,0,4,0,,67,11,2007,6,39.9499,-75.1437,740.0,6,0,0,0,0,0,1,0,0,,0,0,0,7,1,1,1,,0,39 56:59.000,,0,75 08:37.441,4,0,0,0,67301,0,0,0,,0,0,0,2,67301,1,,1,1,,,,,0,,0,0,0,0,0,,735,1,2,0,0,0,0,0,3,4,0,2,3,,N,,,,,,,,,,,
2008000432,1700.0,2,0,0,0,0,0,0,0,0,4,0,,67,10,2007,5,39.9569,-75.2062,1649.0,6,0,0,0,0,0,0,0,0,1.0,0,0,0,16,1,1,1,,1,39 57:24.825,1.0,0,75 12:22.359,4,0,0,0,67301,0,0,0,,0,0,0,3,67301,1,,1,9,,,,,0,,0,0,0,9,3,N,1645,1,2,0,0,0,0,0,3,4,0,2,7,,N,,,,,,,,,,,
2008060717,1327.0,2,0,0,0,0,0,0,0,0,4,0,,67,12,2007,5,39.9704,-75.1614,1325.0,6,0,0,0,0,0,0,0,0,,0,0,0,13,1,0,1,,0,39 58:13.537,,0,75 09:41.061,0,0,0,0,67301,0,0,0,,0,0,0,2,67301,0,,1,2,,N,N,,0,,0,0,0,3,2,,1305,0,2,0,0,0,0,0,3,4,0,2,98,,N,,,,,,,,,,,
2008016092,2048.0,1,0,0,0,0,0,0,0,0,8,0,,67,12,2007,7,40.0132,-75.0704,2044.0,6,0,0,0,0,0,0,0,0,,0,0,0,99,3,1,1,,0,40 00:47.000,,0,75 04:13.514,4,0,0,0,67301,1,0,0,,1,0,0,2,67301,1,,1,1,,,,,0,,0,0,0,3,2,,9999,1,2,0,0,0,0,1,3,4,0,1,3,,N,,,,,,,,,,,