CRN,ARRIVAL_TM,AUTOMOBILE_COUNT,BELTED_DEATH_COUNT,BELTED_SUSP_SERIOUS_INJ_COUNT,BICYCLE_COUNT,BICYCLE_DEATH_COUNT,BICYCLE_SUSP_SERIOUS_INJ_COUNT,BUS_COUNT,CHLDPAS_DEATH_COUNT,CHLDPAS_SUSP_SERIOUS_INJ_COUNT,COLLISION_TYPE,COMM_VEH_COUNT,CONS_ZONE_SPD_LIM,COUNTY,CRASH_MONTH,CRASH_YEAR,DAY_OF_WEEK,DEC_LAT,DEC_LONG,DISPATCH_TM,DISTRICT,DRIVER_COUNT_16YR,DRIVER_COUNT_17YR,DRIVER_COUNT_18YR,DRIVER_COUNT_19YR,DRIVER_COUNT_20YR,DRIVER_COUNT_50_64YR,DRIVER_COUNT_65_74YR,DRIVER_COUNT_75PLUS,EST_HRS_CLOSED,FATAL_COUNT,HEAVY_TRUCK_COUNT,HORSE_BUGGY_COUNT,HOUR_OF_DAY,ILLUMINATION,INJURY_COUNT,INTERSECT_TYPE,INTERSECTION_RELATED,LANE_CLOSED,LATITUDE,LN_CLOSE_DIR,LOCATION_TYPE,LONGITUDE,MAX_SEVERITY_LEVEL,MCYCLE_DEATH_COUNT,MCYCLE_SUSP_SERIOUS_INJ_COUNT,MOTORCYCLE_COUNT,MUNICIPALITY,NONMOTR_COUNT,NONMOTR_DEATH_COUNT,NONMOTR_SUSP_SERIOUS_INJ_COUNT,NTFY_HIWY_MAINT,PED_COUNT,PED_DEATH_COUNT,PED_SUSP_SERIOUS_INJ_COUNT,PERSON_COUNT,POLICE_AGCY,POSSIBLE_INJ_COUNT,RDWY_SURF_TYPE_CD,RELATION_TO_ROAD,ROAD_CONDITION,ROADWAY_CLEARED,SCH_BUS_IND,SCH_ZONE_IND,SECONDARY_CRASH,SMALL_TRUCK_COUNT,SPEC_JURIS_CD,SUSP_MINOR_INJ_COUNT,SUSP_SERIOUS_INJ_COUNT,SUV_COUNT,TCD_FUNC_CD,TCD_TYPE,TFC_DETOUR_IND,TIME_OF_DAY,TOT_INJ_COUNT,TOTAL_UNITS,UNB_DEATH_COUNT,UNB_SUSP_SERIOUS_INJ_COUNT,UNBELTED_OCC_COUNT,UNK_INJ_DEG_COUNT,UNK_INJ_PER_COUNT,URBAN_AREA,URBAN_RURAL,VAN_COUNT,VEHICLE_COUNT,WEATHER1,WEATHER2,WORK_ZONE_IND,WORK_ZONE_LOC,WORK_ZONE_TYPE,WORKERS_PRES,WZ_CLOSE_DETOUR,WZ_FLAGGER,WZ_LAW_OFFCR_IND,WZ_LN_CLOSURE,WZ_MOVING,WZ_OTHER,WZ_SHLDER_MDN,WZ_WORKERS_INJ_KILLED
2008016111,1646.0,1,0,0,0,0,0,0,0,0,4,0,,67,12,2007,4,39.9575,-75.1698,1645.0,6,0,0,0,0,0,0,0,0,,0,0,0,16,3,2,0,,0,39 57:27.046,,0,75 10:11.225,4,0,0,0,67301,0,0,0,,0,0,0,3,67301,2,,1,9,,,,,0,,0,0,1,0,0,,1642,2,2,0,0,0,0,0,3,4,0,2,10,,N,,,,,,,,,,,
2008018074,209.0,2,0,0,0,0,0,0,0,0,1,0,,67,11,2007,7,39.9347,-75.1426,208.0,6,0,0,0,0,0,0,0,0,3.0,0,0,0,2,3,1,0,,1,39 56:04.959,1.0,0,75 08:33.522,8,0,0,0,67301,0,0,0,N,0,0,0,2,67301,0,,1,1,,N,N,,0,,0,0,0,0,0,N,206,1,2,0,0,0,1,0,3,4,0,2,3,,N,,,,,,,,,,,
2008018095,2045.0,1,0,0,0,0,0,0,0,0,8,0,,67,12,2007,3,40.0381,-75.0547,2045.0,6,0,0,0,0,0,0,0,0,,0,0,0,99,3,1,1,,0,40 02:17.196,,0,75 03:16.819,8,0,0,0,67301,1,0,0,N,1,0,0,3,67301,0,,1,98,,,N,,0,,0,0,0,0,0,,9999,1,2,0,0,0,1,0,3,4,0,1,99,,N,,,,,,,,,,,
2008005968,15.0,1,0,0,0,0,0,0,0,0,1,0,,67,4,2007,7,39.9788,-75.2301,7.0,6,0,0,0,1,0,0,0,0,,0,0,0,7,1,1,1,,0,39 58:43.680,,0,75 13:48.360,4,0,0,0,67301,0,0,0,N,0,0,0,2,67301,1,,1,1,,N,N,,0,,0,0,1,3,2,,715,1,2,0,0,2,0,0,3,4,0,2,3,,N,,,,,,,,,,,
2008018865,825.0,1,0,0,0,0,0,0,0,0,5,1,,67,12,2007,2,40.03,-75.1032,817.0,6,0,0,0,0,0,0,1,0,,0,1,0,8,1,1,1,,0,40 01:48.000,,0,75 06:11.580,8,0,0,0,67301,0,0,0,,0,0,0,3,67301,0,,1,9,,,,,0,,0,0,0,3,2,,817,1,2,0,0,0,1,0,3,4,0,2,98,,N,,,,,,,,,,,
2008025725,2346.0,1,0,0,0,0,0,0,0,0,2,0,,67,12,2007,7,39.9754,-75.19,2338.0,6,0,0,0,0,0,1,0,0,,0,0,0,23,3,3,3,,0,39 58:31.000,,0,75 11:23.825,3,0,0,0,67301,0,0,0,N,0,0,0,3,67301,2,,1,1,,N,N,,0,,1,0,1,3,2,,2335,3,2,0,0,0,0,0,3,4,0,2,3,,N,,,,,,,,,,,
2008023697,305.0,4,0,0,0,0,0,0,0,0,4,0,,67,12,2007,7,39.9434,-75.179,257.0,6,0,0,0,0,0,0,0,0,,0,0,0,2,3,0,1,,0,39 56:36.373,,0,75 10:44.230,0,0,0,0,67301,0,0,0,,0,0,0,2,67301,0,,1,9,,,,,0,,0,0,1,1,2,,250,0,5,0,0,0,0,0,3,4,0,5,7,,N,,,,,,,,,,,
2008023735,116.0,2,0,0,0,0,0,0,0,0,5,0,,67,12,2007,7,39.9512,-75.1568,114.0,6,0,0,0,0,0,1,0,0,,0,0,0,1,3,0,0,,0,39 57:04.456,,0,75 09:24.519,0,0,0,0,67301,0,0,0,N,0,0,0,1,67301,0,,1,1,,N,N,,0,,0,0,0,0,0,,110,0,2,0,0,0,0,0,3,4,0,2,3,,N,,,,,,,,,,,
2008006678,959.0,1,0,0,0,0,0,0,0,0,8,0,,67,11,2007,1,40.0347,-75.1309,958.0,6,0,0,0,0,0,0,0,0,,0,0,0,9,1,1,1,,0,40 02:04.999,,0,75 07:51.139,4,0,0,0,67301,1,0,0,N,1,0,0,2,67301,1,,1,1,,N,N,,0,,0,0,0,3,2,,958,1,2,0,0,0,0,0,3,4,0,1,3,,N,,,,,,,,,,,
2008024243,123.0,1,0,0,0,0,0,0,0,0,1,0,,67,12,2007,3,39.9754,-75.19,118.0,6,0,0,0,0,0,1,0,0,,0,0,0,0,3,1,1,,0,39 58:31.000,,0,75 11:23.825,4,0,0,0,67301,0,0,0,N,0,0,0,2,67301,1,,4,1,,N,N,,0,,0,0,0,3,3,,30,1,2,0,0,0,0,0,3,4,1,2,3,,N,,,,,,,,,,,
2008024430,2240.0,1,0,0,0,0,0,0,0,0,2,0,,67,12,2007,7,40.012,-75.186,2237.0,6,0,0,0,0,0,0,0,0,1.0,0,0,0,22,6,1,0,,1,40 00:43.362,6.0,0,75 11:09.751,4,0,0,0,67301,0,0,0,N,0,0,0,1,67301,1,,2,9,,N,N,,1,,0,0,1,0,0,N,2235,1,3,0,0,1,0,0,3,4,0,3,7,,N,,,,,,,,,,,
2008016931,1625.0,1,0,0,0,0,0,0,0,0,8,0,,67,11,2007,4,39.9356,-75.1785,1616.0,6,0,0,0,0,0,0,0,0,,0,0,0,99,3,1,1,,0,39 56:08.001,,0,75 10:42.614,4,0,0,0,67301,1,0,0,N,1,0,0,2,67301,1,,1,1,,N,N,,0,,0,0,0,3,2,,9999,1,2,0,0,0,0,0,3,4,0,1,3,,N,,,,,,,,,,,
2008017342,1710.0,2,0,0,0,0,0,0,0,0,4,0,,67,12,2007,2,39.9274,-75.2387,1705.0,6,0,1,0,0,0,0,0,0,,0,0,0,16,3,1,2,,0,39 55:38.553,,0,75 14:19.337,8,0,0,0,67301,0,0,0,N,0,0,0,3,67301,0,,1,9,,N,N,,0,,0,0,0,3,3,,1605,1,2,0,0,0,1,0,3,4,0,2,7,,N,,,,,,,,,,,
2007097473,1859.0,3,0,0,0,0,0,0,0,0,1,0,,67,8,2007,5,39.8977,-75.2116,1850.0,6,0,0,0,0,0,1,0,0,1.0,0,0,0,18,1,0,0,,2,39 53:51.787,3.0,0,75 12:41.927,0,0,0,0,67301,0,0,0,N,0,0,0,3,67301,0,,1,1,,N,N,,0,,0,0,0,0,0,N,1845,0,3,0,0,0,0,0,3,4,0,3,3,,N,,,,,,,,,,,
2007097479,1140.0,2,0,0,0,0,0,0,0,0,1,0,,67,7,2007,1,40.0367,-75.1584,1130.0,6,0,0,0,0,0,1,0,0,,0,0,0,10,1,1,1,,0,40 02:12.109,,0,75 09:30.211,8,0,0,0,67301,0,0,0,N,0,0,0,3,67301,0,,1,9,,N,N,,0,,0,0,0,3,2,,1040,1,2,0,0,0,1,0,3,4,0,2,7,,N,,,,,,,,,,,
2007125764,220.0,1,0,0,0,0,0,0,0,0,7,0,,67,11,2007,1,40.0279,-75.0991,212.0,6,0,0,1,0,0,0,0,0,,0,0,0,2,3,0,0,,0,40 01:40.000,,0,75 05:56.734,0,0,0,0,67301,0,0,0,N,0,0,0,1,67301,0,,4,1,,N,N,,0,,0,0,0,0,0,,200,0,1,0,0,0,0,0,3,4,0,1,3,,N,,,,,,,,,,,
2007092333,1528.0,2,0,0,0,0,0,0,0,0,4,0,,67,7,2007,5,40.0348,-75.1759,1528.0,6,0,0,0,0,0,1,0,0,,0,0,0,15,1,0,0,,0,40 02:05.182,,0,75 10:33.222,0,0,0,0,67301,0,0,0,,0,0,0,3,67301,0,,1,1,,N,N,,0,,0,0,0,0,0,,1528,0,2,0,0,0,0,0,3,4,0,2,3,,N,,,,,,,,,,,
2007095022,843.0,1,0,0,0,0,0,0,0,0,8,0,,67,7,2007,5,39.9455,-75.1532,836.0,6,0,0,0,0,0,0,0,0,,0,0,0,8,1,1,1,,0,39 56:43.886,,0,75 09:11.444,8,0,0,0,67301,1,0,0,N,1,0,0,2,67301,0,,1,1,,N,N,,0,,0,0,0,3,2,,836,1,2,0,0,0,1,1,3,4,0,1,3,,N,,,,,,,,,,,
2007092778,1330.0,1,0,0,0,0,0,0,0,0,8,0,,67,6,2007,6,40.048,-75.1018,1330.0,6,0,0,0,0,0,0,0,0,,0,0,0,13,1,1,0,,0,40 02:52.681,,0,75 06:06.526,4,0,0,0,67301,1,0,0,N,1,0,0,2,67301,1,,1,1,,N,N,,0,,0,0,0,0,0,,1330,1,2,0,0,0,0,0,3,4,0,1,3,,N,,,,,,,,,,,
2007092618,1830.0,0,0,0,1,0,0,0,0,0,4,0,,67,7,2007,4,39.9855,-75.1706,9999.0,6,0,0,0,0,0,1,0,0,,0,0,0,99,1,1,2,,0,39 59:07.839,,0,75 10:14.271,8,0,0,0,67301,1,0,0,,0,0,0,3,67301,0,,1,1,,,,,0,,0,0,0,0,0,,9999,1,2,0,0,0,1,0,3,4,1,1,3,,N,,,,,,,,,,,
2007092409,2111.0,0,0,0,0,0,0,0,0,0,4,0,,67,7,2007,6,39.968,-75.2337,2108.0,6,0,0,0,0,0,2,0,0,,0,1,0,21,3,1,1,,0,39 58:04.000,,0,75 14:01.362,4,0,0,0,67301,0,0,0,,0,0,0,2,67301,1,,1,1,,,,,0,,0,0,0,3,2,,2100,1,2,0,0,0,0,0,3,4,1,2,3,,N,,,,,,,,,,,
2007089968,2028.0,1,0,0,0,0,0,0,0,0,7,0,,67,7,2007,4,39.9128,-75.1716,2025.0,6,0,0,1,0,0,0,0,0,,0,0,0,20,4,0,0,,0,39 54:46.103,,0,75 10:17.641,9,0,0,0,67301,0,0,0,N,0,0,0,2,67501,0,,2,9,,N,N,,0,,0,0,0,0,0,,2020,0,1,0,0,0,0,1,3,4,0,1,7,,N,,,,,,,,,,,
2007120627,2105.0,2,0,0,0,0,0,0,0,0,1,0,,67,9,2007,7,,,2054.0,6,0,0,0,0,0,0,0,0,1.0,0,0,0,99,3,2,0,,2,,2.0,0,,4,0,0,0,67301,0,0,0,N,0,0,0,3,67301,2,,1,1,,N,N,,0,,0,0,0,0,0,N,9999,2,2,0,0,0,0,0,3,3,0,2,3,,N,,,,,,,,,,,
2007120680,635.0,0,0,0,0,0,0,0,0,0,4,0,,67,10,2007,2,40.0854,-75.0374,635.0,6,0,0,0,0,0,1,0,0,2.0,0,0,0,6,1,0,1,,1,40 05:07.000,1.0,0,75 02:14.870,0,0,0,0,67301,0,0,0,N,0,0,0,2,67301,0,,1,1,,N,N,,0,,0,0,0,3,2,N,633,0,2,0,0,1,0,0,3,4,2,2,3,,N,,,,,,,,,,,
2007107041,1218.0,1,0,0,1,0,0,0,0,0,4,0,,67,9,2007,7,39.9522,-75.1599,1215.0,6,0,0,0,0,0,0,0,0,,0,0,0,12,1,1,0,,0,39 57:07.844,,0,75 09:35.557,4,0,0,0,67301,1,0,0,N,0,0,0,2,67301,1,,1,1,,N,N,,0,,0,0,0,0,0,,1213,1,2,0,0,1,0,0,3,4,0,1,3,,N,,,,,,,,,,,
2007102294,150.0,2,0,0,0,0,0,0,0,0,2,0,,67,8,2007,6,39.9982,-75.1876,140.0,6,0,0,0,0,1,0,0,0,,0,0,0,1,3,0,0,,0,39 59:53.000,,0,75 11:15.512,0,0,0,0,67301,0,0,0,,0,0,0,4,67301,0,,1,1,,N,N,,0,,0,0,0,0,0,,130,0,2,0,0,2,0,0,3,4,0,2,3,,N,,,,,,,,,,,
2007027891,1532.0,1,0,0,0,0,0,0,0,0,1,0,,67,2,2007,5,40.0672,-75.1661,1530.0,6,0,0,0,0,0,0,0,0,,0,0,0,15,1,1,1,,0,40 04:01.000,,0,75 09:57.822,4,0,0,0,67301,1,0,0,N,1,0,0,4,67301,1,,1,1,,N,N,,0,,0,0,1,9,2,,1530,1,3,0,0,1,0,1,3,4,0,2,3,,N,,,,,,,,,,,
2007027896,1542.0,1,0,0,0,0,0,0,0,0,1,0,,67,1,2007,4,40.0001,-75.1355,1539.0,6,0,0,0,0,0,0,0,0,3.0,0,0,0,15,1,1,0,,2,40 00:00.259,1.0,0,75 08:07.836,4,0,0,0,67301,1,0,0,N,0,0,0,2,67301,1,,6,1,,N,N,,1,,0,0,1,0,0,Y,1531,1,3,0,0,1,0,0,3,4,0,3,3,,N,,,,,,,,,,,
2007047682,1448.0,0,0,0,0,0,0,0,0,0,8,0,,67,2,2007,6,39.9256,-75.2343,1443.0,6,0,0,0,0,0,0,0,0,,0,0,0,14,1,1,1,,0,39 55:32.000,,0,75 14:03.558,4,0,0,0,67301,1,0,0,N,1,0,0,3,67301,1,,1,2,,N,N,,0,,0,0,1,9,2,,1424,1,2,0,0,0,0,0,3,4,0,1,3,,N,,,,,,,,,,,
2007047700,1430.0,2,0,0,0,0,0,0,0,0,5,0,,67,1,2007,5,40.0208,-75.2143,1421.0,6,0,0,0,0,1,0,0,1,,0,0,0,14,1,1,0,,0,40 01:14.955,,0,75 12:51.555,4,0,0,0,67301,0,0,0,N,0,0,0,3,67301,1,,1,1,,N,N,,0,,0,0,0,0,0,,1420,1,2,0,0,1,0,0,3,4,0,2,3,,N,,,,,,,,,,,
2007067620,1740.0,0,0,0,0,0,0,0,0,0,8,0,,67,5,2007,7,40.0207,-75.1162,1731.0,6,0,0,0,0,0,0,0,0,,0,0,0,17,1,1,0,,0,40 01:14.635,,0,75 06:58.309,4,0,0,0,67301,1,0,0,N,1,0,0,2,67301,1,,1,1,,N,N,,0,,0,0,1,0,0,,1729,1,2,0,0,0,0,1,3,4,0,1,3,,N,,,,,,,,,,,
2007109447,820.0,0,0,0,0,0,0,1,0,0,4,1,,67,9,2007,2,40.0418,-75.1921,820.0,6,0,0,0,0,0,1,0,0,3.0,0,0,0,8,1,3,1,,1,40 02:30.000,5.0,0,75 11:31.575,2,0,0,0,67301,0,0,0,,0,0,0,3,67301,2,,1,1,,Y,N,,0,,0,1,1,3,2,Y,820,3,2,0,0,0,0,0,3,4,0,2,3,,N,,,,,,,,,,,
2007106796,800.0,0,0,0,0,0,0,0,0,0,4,0,,67,8,2007,6,40.0868,-74.9718,757.0,6,0,0,0,0,0,0,0,1,,0,0,0,7,1,2,1,,0,40 05:12.000,,0,74 58:18.772,4,0,0,0,67301,0,0,0,N,0,0,0,2,67301,2,,1,1,,N,N,,0,,0,0,0,3,2,,755,2,2,0,0,0,0,0,3,4,2,2,3,,N,,,,,,,,,,,
2007106809,2257.0,2,0,0,0,0,0,0,0,0,4,0,,67,6,2007,4,39.9697,-75.213,2255.0,6,0,0,1,0,0,0,0,0,,0,0,0,22,3,1,1,,0,39 58:10.000,,0,75 12:46.614,8,0,0,0,67301,0,0,0,N,0,0,0,5,67301,0,,1,9,,N,N,,0,,0,0,0,3,2,,2254,1,2,0,0,0,1,0,3,4,0,2,7,,N,,,,,,,,,,,
2007106829,2330.0,2,0,0,0,0,0,0,0,0,4,0,,67,6,2007,6,40.0299,-75.146,2330.0,6,0,0,0,0,0,1,0,0,,0,0,0,23,3,6,3,,0,40 01:47.658,,0,75 08:45.592,8,0,0,0,67301,0,0,0,N,0,0,0,9,67301,0,,1,9,,N,N,,0,,0,0,0,3,2,,2325,6,2,0,0,1,6,0,3,4,0,2,7,,N,,,,,,,,,,,
2007109368,50.0,2,0,0,0,0,0,1,0,0,5,1,,67,9,2007,1,40.0407,-75.0589,44.0,6,0,0,0,2,0,1,0,0,2.0,0,0,0,0,3,0,0,,2,40 02:26.000,2.0,0,75 03:31.908,0,0,0,0,67301,0,0,0,N,0,0,0,12,67301,0,,1,1,,N,N,,0,,0,0,0,0,0,N,44,0,3,0,0,2,0,0,3,4,0,3,3,,N,,,,,,,,,,,
2007109416,1606.0,2,0,0,0,0,0,0,0,0,1,0,,67,9,2007,2,39.9886,-75.1503,1601.0,6,0,0,0,0,0,0,0,0,,0,0,0,15,1,1,0,,0,39 59:18.787,,0,75 09:00.986,4,0,0,0,67301,0,0,0,,0,0,0,2,67301,1,,1,1,,N,N,,0,,0,0,0,0,0,,1515,1,2,0,0,0,0,1,3,4,0,2,3,,N,,,,,,,,,,,
2007106877,2209.0,2,0,0,0,0,0,0,0,0,1,0,,67,8,2007,4,39.9598,-75.1785,2205.0,6,0,1,0,1,0,1,0,0,2.0,0,0,0,22,3,1,0,,1,39 57:35.000,3.0,0,75 10:44.659,4,0,0,0,67301,0,0,0,N,0,0,0,10,67301,1,,1,1,,N,N,,0,,0,0,1,0,0,N,2203,1,3,0,0,1,0,0,3,4,0,3,3,,N,,,,,,,,,,,
2007047883,1250.0,0,0,0,0,0,0,0,0,0,4,0,,67,2,2007,3,40.0334,-75.1312,1240.0,6,0,0,0,0,0,1,0,0,,0,0,0,14,1,1,1,,0,40 02:00.178,,0,75 07:52.165,4,0,0,0,67301,0,0,0,N,0,0,0,2,67301,1,,1,9,,N,N,,1,,0,0,0,3,2,,1430,1,2,0,0,0,0,1,3,4,0,2,10,,N,,,,,,,,,,,
2007107006,404.0,6,0,0,0,0,0,0,0,0,5,0,,67,9,2007,1,40.0022,-75.2236,356.0,6,0,0,0,0,0,0,0,0,3.0,0,0,0,3,3,0,0,,2,40 00:07.995,2.0,0,75 13:25.003,0,0,0,0,67301,0,0,0,N,0,0,0,2,67301,0,,1,1,,N,N,,0,,0,0,2,0,0,Y,330,0,8,0,0,0,0,0,3,4,0,8,3,,N,,,,,,,,,,,
2007058122,1701.0,0,0,0,0,0,0,1,0,0,1,1,,67,4,2007,4,40.0135,-75.1731,1655.0,6,0,0,0,0,0,1,0,0,,0,0,0,16,1,1,0,,0,40 00:48.000,,0,75 10:23.143,3,0,0,0,67301,0,0,0,N,0,0,0,6,67301,0,,1,1,,Y,N,,1,,1,0,0,0,0,,1654,1,2,0,0,0,0,0,3,4,0,2,3,,N,,,,,,,,,,,
2007047949,2125.0,1,0,0,0,0,0,0,0,0,7,0,,67,3,2007,6,40.0235,-75.0332,2115.0,6,0,0,0,0,0,0,0,0,,0,0,0,21,3,2,0,,0,40 01:24.000,,0,75 01:59.392,8,0,0,0,67301,0,0,0,N,0,0,0,3,67301,0,,2,6,,N,N,,0,,0,0,0,0,0,,2105,2,1,0,0,0,2,0,3,4,0,1,10,,N,,,,,,,,,,,
2007047951,52.0,0,0,0,0,0,0,0,0,0,7,0,,67,2,2007,4,40.0219,-75.1393,42.0,6,0,0,0,0,0,0,0,0,,0,0,0,0,3,1,2,,0,40 01:18.000,,0,75 08:22.667,4,0,0,0,67301,0,0,0,N,0,0,0,1,67301,1,,4,2,,N,N,,1,,0,0,0,0,0,,15,1,1,0,0,0,0,0,3,4,0,1,10,,N,,,,,,,,,,,
2007047975,1450.0,1,0,0,0,0,0,1,0,0,5,1,,67,2,2007,3,39.9908,-75.131,1442.0,6,0,0,0,0,0,0,0,0,,0,0,0,14,1,0,0,,0,39 59:27.034,,0,75 07:51.439,0,0,0,0,67301,0,0,0,N,0,0,0,5,67301,0,,1,9,,N,N,,0,,0,0,0,0,0,,1438,0,2,0,0,0,0,0,3,4,0,2,10,,N,,,,,,,,,,,
2007093586,205.0,2,0,0,0,0,0,0,0,0,4,0,,67,7,2007,7,39.9541,-75.2023,205.0,6,0,0,0,0,0,0,0,0,,0,0,0,2,3,0,0,,0,39 57:14.000,,0,75 12:08.370,9,0,0,0,67301,0,0,0,N,0,0,0,1,67504,0,,2,1,,N,N,,0,,0,0,0,3,2,,204,0,2,0,0,0,0,1,3,4,0,2,3,,N,,,,,,,,,,,
2007093456,635.0,0,0,0,0,0,0,0,0,0,8,0,,67,7,2007,4,39.9237,-75.1551,632.0,6,0,0,0,0,0,0,0,0,,0,0,0,6,3,1,0,,0,39 55:25.460,,0,75 09:18.385,8,0,0,0,67301,1,0,0,N,1,0,0,2,67301,0,,1,9,,N,N,,1,,0,0,0,0,0,,620,1,2,0,0,0,1,0,3,4,0,1,7,,N,,,,,,,,,,,
2007127672,1340.0,1,0,0,0,0,0,0,0,0,4,1,,67,10,2007,2,39.8946,-75.2367,1335.0,6,0,0,0,0,0,0,0,1,,0,1,0,13,1,1,1,,0,39 53:40.000,,0,75 14:12.181,8,0,0,0,67301,0,0,0,N,0,0,0,2,67301,0,,1,1,,N,N,,0,,0,0,0,3,2,,1330,1,2,0,0,0,1,0,3,4,0,2,3,,N,,,,,,,,,,,
2007109776,1425.0,2,0,0,0,0,0,0,0,0,4,0,,67,9,2007,5,40.0311,-75.0219,1420.0,6,0,0,0,0,0,1,0,0,,0,0,0,14,1,0,0,,0,40 01:51.000,,7,75 01:19.015,9,0,0,0,67301,0,0,0,,0,0,0,2,67301,0,,1,1,,,,,0,,0,0,0,0,0,,1420,0,2,0,0,0,0,2,3,4,0,2,3,,N,,,,,,,,,,,
2007107466,548.0,0,0,0,0,0,0,0,0,0,8,0,,67,9,2007,3,39.9932,-75.1492,546.0,6,0,0,0,0,0,0,0,0,,0,0,0,5,3,1,1,,0,39 59:35.000,,0,75 08:57.226,4,0,0,0,67301,1,0,0,N,1,0,0,2,67301,1,,1,1,,N,N,,0,,0,0,0,3,2,,542,1,2,0,0,0,0,1,3,4,0,1,3,,N,,,,,,,,,,,
2007048321,701.0,1,0,0,0,0,0,0,0,0,1,0,,67,3,2007,1,39.9692,-75.1344,700.0,6,0,0,0,0,0,0,0,0,,0,0,0,7,1,1,0,,0,39 58:08.000,,0,75 08:03.918,4,0,0,0,67301,0,0,0,N,0,0,0,2,67301,1,,1,1,,N,N,,0,,0,0,1,0,0,,700,1,2,0,0,1,0,0,3,4,0,2,3,,N,,,,,,,,,,,
2007045713,1442.0,1,0,0,0,0,0,0,0,0,8,0,,67,2,2007,7,40.0356,-75.2174,1440.0,6,0,0,0,0,0,0,0,0,,0,0,0,14,1,1,1,,0,40 02:07.000,,0,75 13:02.189,4,0,0,0,67301,1,0,0,N,1,0,0,3,67301,1,,1,1,,N,N,,0,,0,0,0,3,2,,1435,1,2,0,0,2,0,0,3,4,0,1,3,,N,,,,,,,,,,,
2007092938,1255.0,0,0,0,0,0,0,0,0,0,8,0,,67,7,2007,1,40.0011,-75.101,1248.0,6,0,0,0,0,0,0,0,0,2.0,0,0,0,99,3,1,2,,1,40 00:03.999,3.0,0,75 06:03.513,3,0,0,0,67301,1,0,0,N,1,0,0,3,67301,0,,1,1,,N,N,,0,,1,0,0,0,0,N,9999,1,2,0,0,0,0,0,3,4,1,1,3,,N,,,,,,,,,,,
2008007254,1708.0,1,0,0,0,0,0,0,0,0,4,0,,67,11,2007,7,39.9678,-75.1602,1706.0,6,0,0,0,0,0,0,0,0,2.0,0,0,0,17,3,0,2,,1,39 58:04.000,1.0,0,75 09:36.548,9,0,0,0,67301,0,0,0,N,0,0,0,6,67301,0,,1,1,,N,N,,0,,0,0,1,0,0,N,1700,0,2,0,0,0,0,1,3,4,0,2,3,,N,,,,,,,,,,,
2008007289,2050.0,2,0,0,0,0,0,0,0,0,2,0,,67,11,2007,5,,,2045.0,6,0,0,0,0,0,1,0,0,,0,0,0,20,3,2,0,,0,,,0,,8,0,0,0,67301,0,0,0,N,0,0,0,2,67301,0,,1,1,,N,N,,0,,0,0,0,0,0,,2045,2,2,0,0,0,2,0,3,3,0,2,3,,N,,,,,,,,,,,
2008008123,2356.0,1,0,0,0,0,0,0,0,0,7,0,,67,11,2007,4,39.9222,-75.1906,2353.0,6,0,0,0,0,0,0,0,0,1.0,0,0,0,23,3,1,0,,1,39 55:19.000,1.0,0,75 11:26.168,4,0,0,0,67301,0,0,0,N,0,0,0,1,67301,1,,2,1,,N,N,,0,,0,0,0,0,0,N,2352,1,1,0,0,0,0,0,3,4,0,1,3,,N,,,,,,,,,,,
2008008124,1125.0,0,0,0,0,0,0,0,0,0,0,0,,67,11,2007,5,39.9057,-75.1496,1120.0,6,0,0,0,0,0,0,0,0,1.0,0,0,0,11,1,1,0,,1,39 54:14.000,1.0,2,75 08:59.795,3,0,0,1,67301,0,0,0,N,0,0,0,1,67301,0,,1,1,,N,N,,0,,1,0,0,0,0,N,1120,1,1,0,0,0,0,0,3,4,0,1,3,,N,,,,,,,,,,,
2008008134,9999.0,2,0,0,0,0,0,0,0,0,1,0,,67,11,2007,5,40.1219,-75.0163,1650.0,6,0,0,0,0,0,0,0,0,,0,0,0,14,1,2,2,,0,40 07:18.000,,0,75 00:58.682,3,0,0,0,67301,0,0,0,,0,0,0,2,67301,0,,1,1,,N,N,,0,,1,0,0,9,3,,1430,2,2,0,0,0,1,0,3,4,0,2,99,,N,,,,,,,,,,,
2007120650,401.0,8,0,0,0,0,0,0,0,0,6,0,,67,10,2007,4,39.9324,-75.1679,359.0,6,0,0,0,0,0,0,0,0,,0,0,0,3,3,0,0,,0,39 55:56.000,,0,75 10:04.417,0,0,0,0,67301,0,0,0,N,0,0,0,1,67301,0,,6,9,,N,N,,0,,0,0,1,0,0,,355,0,9,0,0,1,0,0,3,4,0,9,3,,N,,,,,,,,,,,
2007102300,955.0,0,0,0,0,0,0,0,0,0,1,0,,67,9,2007,7,40.1078,-74.9967,949.0,6,0,0,0,0,0,0,0,0,1.0,0,0,0,9,1,2,0,,1,40 06:28.000,3.0,0,74 59:48.694,8,0,0,0,67301,0,0,0,N,0,0,0,2,67301,0,,1,1,,N,N,,0,,0,0,2,0,0,N,949,2,2,0,0,0,2,0,3,4,0,2,3,,N,,,,,,,,,,,
2007030298,1400.0,1,0,0,0,0,0,0,0,0,2,0,,67,1,2007,2,39.9823,-75.1267,1350.0,6,0,0,0,0,0,0,0,0,1.0,0,0,0,13,1,1,2,,1,39 58:56.000,1.0,0,75 07:36.269,4,0,0,0,67301,0,0,0,N,0,0,0,2,67301,1,,1,9,,N,N,,1,,0,0,0,3,3,N,1350,1,2,0,0,0,0,0,3,4,0,2,7,,N,,,,,,,,,,,