CRN,ARRIVAL_TM,AUTOMOBILE_COUNT,BELTED_DEATH_COUNT,BELTED_SUSP_SERIOUS_INJ_COUNT,BICYCLE_COUNT,BICYCLE_DEATH_COUNT,BICYCLE_SUSP_SERIOUS_INJ_COUNT,BUS_COUNT,CHLDPAS_DEATH_COUNT,CHLDPAS_SUSP_SERIOUS_INJ_COUNT,COLLISION_TYPE,COMM_VEH_COUNT,CONS_ZONE_SPD_LIM,COUNTY,CRASH_MONTH,CRASH_YEAR,DAY_OF_WEEK,DEC_LAT,DEC_LONG,DISPATCH_TM,DISTRICT,DRIVER_COUNT_16YR,DRIVER_COUNT_17YR,DRIVER_COUNT_18YR,DRIVER_COUNT_19YR,DRIVER_COUNT_20YR,DRIVER_COUNT_50_64YR,DRIVER_COUNT_65_74YR,DRIVER_COUNT_75PLUS,EST_HRS_CLOSED,FATAL_COUNT,HEAVY_TRUCK_COUNT,HORSE_BUGGY_COUNT,HOUR_OF_DAY,ILLUMINATION,INJURY_COUNT,INTERSECT_TYPE,INTERSECTION_RELATED,LANE_CLOSED,LATITUDE,LN_CLOSE_DIR,LOCATION_TYPE,LONGITUDE,MAX_SEVERITY_LEVEL,MCYCLE_DEATH_COUNT,MCYCLE_SUSP_SERIOUS_INJ_COUNT,MOTORCYCLE_COUNT,MUNICIPALITY,NONMOTR_COUNT,NONMOTR_DEATH_COUNT,NONMOTR_SUSP_SERIOUS_INJ_COUNT,NTFY_HIWY_MAINT,PED_COUNT,PED_DEATH_COUNT,PED_SUSP_SERIOUS_INJ_COUNT,PERSON_COUNT,POLICE_AGCY,POSSIBLE_INJ_COUNT,RDWY_SURF_TYPE_CD,RELATION_TO_ROAD,ROAD_CONDITION,ROADWAY_CLEARED,SCH_BUS_IND,SCH_ZONE_IND,SECONDARY_CRASH,SMALL_TRUCK_COUNT,SPEC_JURIS_CD,SUSP_MINOR_INJ_COUNT,SUSP_SERIOUS_INJ_COUNT,SUV_COUNT,TCD_FUNC_CD,TCD_TYPE,TFC_DETOUR_IND,TIME_OF_DAY,TOT_INJ_COUNT,TOTAL_UNITS,UNB_DEATH_COUNT,UNB_SUSP_SERIOUS_INJ_COUNT,UNBELTED_OCC_COUNT,UNK_INJ_DEG_COUNT,UNK_INJ_PER_COUNT,URBAN_AREA,URBAN_RURAL,VAN_COUNT,VEHICLE_COUNT,WEATHER1,WEATHER2,WORK_ZONE_IND,WORK_ZONE_LOC,WORK_ZONE_TYPE,WORKERS_PRES,WZ_CLOSE_DETOUR,WZ_FLAGGER,WZ_LAW_OFFCR_IND,WZ_LN_CLOSURE,WZ_MOVING,WZ_OTHER,WZ_SHLDER_MDN,WZ_WORKERS_INJ_KILLED
2007075236,325.0,1,0,0,0,0,0,0,0,0,7,0,,67,7,2007,1,,,323.0,6,0,0,0,0,0,0,0,0,,0,0,0,3,3,1,0,,0,,,0,,8,0,0,0,67301,0,0,0,,0,0,0,3,67501,0,,2,1,,,,,0,,0,0,1,3,8,,320,1,2,0,0,0,1,0,3,3,0,2,3,,N,,,,,,,,,,,
2007027802,1600.0,0,0,0,0,0,0,0,0,0,8,1,,67,1,2007,6,39.9549,-75.2087,1554.0,6,0,0,0,0,0,0,0,0,,0,1,0,15,1,1,1,,0,39 57:17.000,,0,75 12:31.268,8,0,0,0,67301,1,0,0,N,1,0,0,2,67301,0,,1,9,,N,N,,0,,0,0,0,3,2,,1535,1,2,0,0,1,1,0,3,4,0,1,7,,N,,,,,,,,,,,
2007027901,810.0,1,0,0,0,0,0,0,0,0,4,0,,67,1,2007,3,40.0811,-75.0289,810.0,6,0,0,0,0,0,0,0,0,,0,0,0,8,1,1,1,,0,40 04:51.000,,0,75 01:44.242,8,0,0,0,67301,0,0,0,,0,0,0,2,67301,0,,1,1,,,,,0,,0,0,1,3,2,,810,1,2,0,0,0,1,0,3,4,0,2,3,,N,,,,,,,,,,,
2007117201,831.0,0,0,0,0,0,0,0,0,0,7,0,,67,9,2007,7,,,830.0,6,0,0,0,0,0,0,0,0,1.0,0,0,0,8,1,1,0,,2,,1.0,0,,4,0,0,0,67301,0,0,0,,0,0,0,2,67301,1,,3,1,,,,,0,,0,0,1,0,0,N,826,1,2,0,0,2,0,0,3,3,1,2,3,,N,,,,,,,,,,,
2007047287,1126.0,2,0,0,0,0,0,0,0,0,1,0,,67,3,2007,4,39.9631,-75.1792,1122.0,6,0,0,0,0,0,1,0,0,,0,0,0,11,1,3,10,,0,39 57:47.032,,0,75 10:44.498,4,0,0,0,67301,0,0,0,N,0,0,0,6,67301,1,,1,9,,N,N,,0,,0,0,0,3,2,,1120,3,2,0,0,0,2,0,3,4,0,2,9,,N,,,,,,,,,,,
2007047369,315.0,1,0,0,0,0,0,0,0,0,4,0,,67,2,2007,6,40.0514,-75.1634,307.0,6,0,0,0,0,0,0,0,0,,0,0,0,3,3,1,1,,0,40 03:05.090,,0,75 09:48.178,4,0,0,0,67301,0,0,0,N,0,0,0,3,67301,1,,1,1,,N,N,,0,,0,0,0,3,2,,300,1,2,0,0,0,0,2,3,4,1,2,3,,N,,,,,,,,,,,
2007047328,930.0,2,0,0,0,0,0,0,0,0,1,0,,67,3,2007,7,39.974,-75.194,920.0,6,0,0,0,0,0,0,0,0,1.0,0,0,0,9,1,1,0,,1,39 58:31.080,4.0,0,75 11:39.840,8,0,0,0,67301,0,0,0,N,0,0,0,2,67301,0,,1,6,,N,N,,0,,0,0,0,0,0,N,918,1,2,0,0,0,1,0,3,4,0,2,98,,N,,,,,,,,,,,
2007047544,1205.0,2,0,0,0,0,0,0,0,0,4,0,,67,3,2007,4,39.9751,-75.2475,1155.0,6,0,0,0,0,0,1,0,0,,0,0,0,11,1,1,1,,0,39 58:30.493,,0,75 14:51.021,8,0,0,0,67301,0,0,0,N,0,0,0,3,67301,0,,1,7,,N,N,,0,,0,0,0,3,3,,1140,1,2,0,0,0,1,1,3,4,0,2,10,,N,,,,,,,,,,,
2007047605,1328.0,1,0,0,0,0,0,0,0,0,2,0,,67,2,2007,2,39.9236,-75.1732,1326.0,6,0,0,0,0,0,1,0,0,,0,0,0,13,1,1,1,,0,39 55:24.916,,0,75 10:23.602,4,0,0,0,67301,0,0,0,N,0,0,0,2,67301,1,,1,1,,N,N,,0,,0,0,1,3,3,,1326,1,2,0,0,0,0,0,3,4,0,2,3,,N,,,,,,,,,,,
2007047694,1235.0,1,0,0,0,0,0,0,0,0,0,0,,67,3,2007,1,40.027,-75.0929,1229.0,6,0,0,0,0,0,0,0,0,2.0,0,0,0,99,3,1,0,,1,40 01:36.000,1.0,0,75 05:34.953,8,0,0,0,67301,0,0,0,N,0,0,0,1,67301,0,,3,2,,N,N,,0,,0,0,0,0,0,Y,9999,1,1,0,0,0,1,0,3,4,0,1,3,,N,,,,,,,,,,,
2007047709,449.0,1,0,0,0,0,0,0,0,0,7,0,,67,2,2007,1,40.0256,-75.1249,445.0,6,0,0,0,0,0,0,0,0,2.0,0,0,0,4,3,0,0,,1,40 01:32.000,2.0,0,75 07:29.670,0,0,0,0,67301,0,0,0,Y,0,0,0,1,67301,0,,2,1,,N,N,,0,,0,0,0,0,0,N,445,0,1,0,0,0,0,0,3,4,0,1,3,,N,,,,,,,,,,,
2007047721,1225.0,0,0,0,0,0,0,0,0,0,4,0,,67,3,2007,1,39.973,-75.2185,1225.0,6,0,0,0,0,0,0,0,0,,0,0,0,99,3,0,3,,0,39 58:22.000,,0,75 13:06.430,0,0,0,0,67301,0,0,0,N,0,0,0,3,67301,0,,1,2,,N,N,,1,,0,0,1,3,2,,9999,0,2,0,0,1,0,0,3,4,0,2,3,,N,,,,,,,,,,,
2007047724,910.0,0,0,0,0,0,0,0,0,0,7,0,,67,2,2007,7,39.9747,-75.2215,850.0,6,0,0,0,0,0,0,1,0,,0,0,0,8,1,0,0,,0,39 58:29.063,,0,75 13:17.281,9,0,0,0,67301,0,0,0,N,0,0,0,1,67301,0,,4,9,,N,N,,0,,0,0,1,0,0,,850,0,1,0,0,1,0,1,3,4,0,1,10,,N,,,,,,,,,,,
2007029683,1533.0,2,0,0,0,0,0,0,0,0,8,0,,67,1,2007,6,40.0347,-75.0894,1527.0,6,0,0,0,0,0,0,0,0,,0,0,0,15,1,1,1,,0,40 02:04.902,,0,75 05:21.843,2,0,0,0,67301,1,0,1,N,1,0,1,4,67301,0,,1,9,,N,N,,0,,0,1,0,3,2,,1525,1,3,0,0,0,0,1,3,4,0,2,7,,N,,,,,,,,,,,
2007067831,1610.0,0,0,0,0,0,0,0,0,0,1,0,,67,5,2007,4,39.9741,-75.2047,1602.0,6,0,0,0,1,0,1,0,0,,0,0,0,16,1,0,0,,0,39 58:26.725,,0,75 12:16.767,0,0,0,0,67301,0,0,0,N,0,0,0,2,67301,0,,1,9,,N,N,,0,,0,0,1,3,2,,1600,0,2,0,0,0,0,0,3,4,1,2,7,,N,,,,,,,,,,,
2007067849,1550.0,2,0,0,0,0,0,0,0,0,4,0,,67,5,2007,5,40.0179,-75.1493,1546.0,6,0,0,0,0,0,0,0,1,,0,0,0,15,1,1,1,,0,40 01:04.440,,0,75 08:57.480,4,0,0,0,67301,0,0,0,N,0,0,0,3,67301,1,,1,1,,N,N,,0,,0,0,0,3,2,,1530,1,2,0,0,0,0,0,3,4,0,2,3,,N,,,,,,,,,,,
2007067954,214.0,1,0,0,0,0,0,0,0,0,7,0,,67,4,2007,7,39.9531,-75.1415,211.0,6,0,0,0,0,0,0,0,0,1.0,0,0,0,2,3,1,0,,2,39 57:10.992,2.0,0,75 08:29.473,3,0,0,0,67301,0,0,0,N,0,0,0,1,67301,0,,3,1,,N,N,,0,,1,0,0,0,0,N,209,1,1,0,0,1,0,0,3,4,0,1,3,,N,,,,,,,,,,,
2007112042,2218.0,2,0,0,0,0,0,0,0,0,4,0,,67,9,2007,2,40.0335,-75.2152,2210.0,6,0,0,0,0,0,0,0,0,,0,0,0,22,3,3,2,,0,40 02:00.000,,0,75 12:54.410,8,0,0,0,67301,0,0,0,,0,0,0,3,67301,0,,1,1,,,,,1,,0,0,0,9,2,,2205,3,3,0,0,0,3,0,3,4,0,3,3,,N,,,,,,,,,,,
2007106812,0.0,2,0,0,0,0,0,0,0,0,1,0,,67,7,2007,5,40.0375,-75.0129,2346.0,6,0,0,0,1,0,0,0,0,,0,0,0,23,3,1,0,,0,40 02:15.000,,0,75 00:43.936,4,0,0,0,67301,0,0,0,N,0,0,0,3,67301,1,,1,9,,N,N,,0,,0,0,0,0,0,,2346,1,2,0,0,0,0,0,3,4,0,2,7,,N,,,,,,,,,,,
2007106887,2117.0,0,0,0,0,0,0,0,0,0,0,0,,67,8,2007,7,39.9717,-75.1259,2117.0,6,0,0,0,0,0,0,0,0,,0,0,0,21,3,1,1,,0,39 58:18.000,,0,75 07:31.913,8,0,0,1,67301,0,0,0,,0,0,0,1,67301,0,,1,1,,,,,0,,0,0,0,3,2,,2117,1,1,0,0,0,1,0,3,4,0,1,3,,N,,,,,,,,,,,
2007106979,1506.0,1,0,0,0,0,0,0,0,0,4,0,,67,9,2007,2,39.8919,-75.2419,1500.0,6,0,0,0,0,0,0,0,0,,0,0,0,14,1,3,1,,0,39 53:30.000,,0,75 14:30.863,4,0,0,0,67301,0,0,0,N,0,0,0,3,67301,3,,1,1,,N,N,,0,,0,0,0,3,2,,1450,3,2,0,0,0,0,0,3,4,1,2,3,,N,,,,,,,,,,,
2007052941,2326.0,0,0,0,0,0,0,0,0,0,0,0,,67,4,2007,7,39.9895,-75.2063,2316.0,6,0,0,0,0,0,0,0,0,1.0,0,0,0,23,3,0,0,,1,39 59:25.189,3.0,0,75 12:19.077,0,0,0,0,67301,0,0,0,N,0,0,0,2,68K01,0,,1,1,,N,N,,0,,0,0,0,0,0,N,2315,0,1,0,0,0,0,0,3,4,1,1,3,,N,,,,,,,,,,,
2007047955,1755.0,1,0,0,0,0,0,0,0,0,1,0,,67,3,2007,3,39.906,-75.194,1750.0,6,0,0,0,0,0,1,1,0,,0,0,0,17,3,0,0,,0,39 54:21.000,,0,75 11:38.321,0,0,0,0,67301,0,0,0,N,0,0,0,4,67301,0,,1,1,,N,N,,1,,0,0,2,0,0,,1748,0,4,0,0,0,0,0,3,4,0,4,3,,N,,,,,,,,,,,
2007055540,551.0,1,0,0,0,0,0,0,0,0,7,0,,67,2,2007,2,39.9939,-75.0802,550.0,6,0,0,0,0,0,1,0,0,2.0,0,0,0,5,3,1,3,,2,39 59:38.268,4.0,2,75 04:47.939,3,0,0,0,67301,0,0,0,N,0,0,0,1,67501,0,,2,6,,N,N,,0,,1,0,0,3,2,N,550,1,1,0,0,0,0,0,3,4,0,1,9,,N,,,,,,,,,,,
2007125121,1816.0,1,0,0,1,0,0,0,0,0,5,0,,67,10,2007,3,39.9557,-75.1662,1815.0,6,0,0,0,0,0,0,0,0,,0,0,0,18,3,1,0,,0,39 57:20.000,,0,75 09:58.274,8,0,0,0,67301,1,0,0,N,0,0,0,2,67301,0,,2,1,,N,N,,0,,0,0,0,0,0,,1812,1,2,0,0,0,1,0,3,4,0,1,3,,N,,,,,,,,,,,
2007127626,1640.0,1,0,0,0,0,0,1,0,0,1,1,,67,10,2007,6,39.8944,-75.2466,1636.0,6,0,0,0,0,0,0,0,0,,0,0,0,14,1,1,1,,0,39 53:39.858,,0,75 14:47.934,4,0,0,0,67301,0,0,0,N,0,0,0,2,67301,1,,1,9,,N,N,,0,,0,0,0,3,2,,1440,1,2,0,0,0,0,0,3,4,0,2,7,,N,,,,,,,,,,,
2007107469,25.0,0,0,0,0,0,0,0,0,0,8,0,,67,9,2007,3,39.9074,-75.1639,12.0,6,0,0,0,0,0,0,0,0,,0,0,0,0,3,1,0,,0,39 54:26.477,,0,75 09:50.198,4,0,0,0,67301,1,0,0,N,1,0,0,4,67301,1,,1,1,,N,N,,1,,0,0,0,0,0,,5,1,2,0,0,0,0,0,3,4,0,1,3,,N,,,,,,,,,,,
2007107476,2255.0,2,0,0,0,0,0,0,0,0,1,0,,67,9,2007,6,39.9568,-75.1536,2250.0,6,0,0,0,0,0,0,0,0,1.0,0,0,0,22,3,0,7,,1,39 57:24.480,3.0,2,75 09:12.960,0,0,0,0,67301,0,0,0,N,0,0,0,4,67301,0,,1,1,,N,N,,0,,0,0,0,0,0,N,2250,0,2,0,0,0,0,0,3,4,0,2,3,,N,,,,,,,,,,,
2007107479,2040.0,1,0,0,0,0,0,0,0,0,4,0,,67,9,2007,5,40.0298,-75.1046,2040.0,6,0,0,0,0,0,0,0,0,1.0,0,0,0,20,3,1,1,,1,40 01:47.000,2.0,0,75 06:16.717,4,0,0,0,67301,0,0,0,N,0,0,0,2,67301,1,,1,1,,N,N,,0,,0,0,1,3,2,N,2035,1,2,0,0,0,0,0,3,4,0,2,3,,N,,,,,,,,,,,
2007107483,2236.0,1,0,0,0,0,0,0,0,0,2,0,,67,9,2007,7,40.0209,-75.132,2234.0,6,0,0,0,0,1,0,0,0,3.0,0,0,0,22,3,0,1,,2,40 01:15.153,1.0,0,75 07:55.243,0,0,0,0,67301,0,0,0,N,0,0,0,1,67301,0,,1,1,,N,N,,0,,0,0,2,3,3,N,2234,0,3,0,0,1,0,0,3,4,0,3,3,,N,,,,,,,,,,,
2007048299,955.0,1,0,0,0,0,0,0,0,0,8,0,,67,3,2007,6,40.0327,-75.0722,947.0,6,0,0,0,0,0,0,0,1,,0,0,0,9,1,1,1,,0,40 01:57.000,,0,75 04:19.925,4,0,0,0,67301,1,0,0,N,1,0,0,2,67301,1,,1,2,,N,N,,0,,0,0,0,0,0,,945,1,2,0,0,0,0,0,3,4,0,1,9,,N,,,,,,,,,,,
2007045712,22.0,0,0,0,0,0,0,0,0,0,2,0,,67,2,2007,2,40.0198,-75.2105,2.0,6,0,0,0,0,0,0,0,0,1.0,0,0,0,0,3,0,0,,1,40 01:11.000,2.0,0,75 12:38.038,0,0,0,0,67301,0,0,0,N,0,0,0,1,67301,0,,6,2,,N,N,,0,,0,0,1,0,0,N,1,0,2,0,0,0,0,0,3,4,1,2,98,,N,,,,,,,,,,,
2007092911,445.0,1,0,0,0,0,0,0,0,0,4,0,,67,6,2007,7,39.9862,-75.1268,9999.0,6,0,0,0,0,0,0,0,0,3.0,0,0,0,4,3,2,1,,2,39 59:10.168,1.0,0,75 07:36.303,3,0,0,0,67301,0,0,0,N,0,0,0,2,67301,0,,2,1,,N,N,,0,,2,0,1,3,3,Y,440,2,2,0,0,2,0,0,3,4,0,2,3,,N,,,,,,,,,,,
2007092980,905.0,1,0,0,0,0,0,0,0,0,4,0,,67,7,2007,3,40.0097,-75.196,905.0,6,0,0,0,0,0,1,0,0,,0,0,0,8,1,1,1,,0,40 00:34.000,,0,75 11:45.583,8,0,0,0,67301,0,0,0,N,0,0,0,2,67301,0,,1,1,,N,N,,1,,0,0,0,3,2,,830,1,2,0,0,0,1,0,3,4,0,2,3,,N,,,,,,,,,,,
2008017499,1732.0,2,0,0,0,0,0,0,0,0,5,0,,67,11,2007,6,,,1726.0,6,0,0,0,0,0,0,0,0,,0,0,0,17,3,1,0,,0,,,0,,8,0,0,0,67301,0,0,0,N,0,0,0,1,67301,0,,6,1,,N,N,,0,,0,0,0,0,0,,1723,1,2,0,0,0,1,0,3,3,0,2,3,,N,,,,,,,,,,,
2008007588,820.0,1,0,0,0,0,0,0,0,0,8,0,,67,11,2007,3,40.0342,-75.1768,817.0,6,0,0,0,0,0,0,1,0,,0,0,0,8,1,1,0,,0,40 02:03.213,,0,75 10:36.307,4,0,0,0,67301,1,0,0,N,1,0,0,3,67301,1,,1,9,,N,N,,0,,0,0,0,0,0,,815,1,2,0,0,0,0,0,3,4,0,1,7,,N,,,,,,,,,,,
2008005363,940.0,2,0,0,0,0,0,0,0,0,4,0,,67,11,2007,3,39.9508,-75.1994,937.0,6,0,0,0,0,0,0,0,0,,0,0,0,9,1,1,1,,0,39 57:03.000,,0,75 11:57.650,8,0,0,0,67301,0,0,0,N,0,0,0,2,67504,0,,1,1,,N,N,,0,,0,0,0,3,2,,935,1,2,0,0,0,1,0,3,4,0,2,3,,N,,,,,,,,,,,
2008008136,337.0,1,0,0,0,0,0,0,0,0,7,0,,67,11,2007,2,39.899,-75.1677,332.0,6,0,0,0,0,0,1,0,0,1.0,0,0,0,3,3,0,6,,1,39 53:55.000,1.0,2,75 10:12.392,0,0,0,0,67301,0,0,0,N,0,0,0,2,67301,0,,3,9,,N,N,,0,,0,0,1,0,0,N,332,0,2,0,0,0,0,0,3,4,0,2,7,,N,,,,,,,,,,,
2008060582,1202.0,2,0,0,0,0,0,0,0,0,4,0,,67,12,2007,2,39.9698,-75.1415,1200.0,6,0,0,0,0,0,1,1,0,,0,0,0,12,1,0,1,,0,39 58:11.244,,0,75 08:29.318,9,0,0,0,67301,0,0,0,,0,0,0,4,67301,0,,1,1,,,,,0,,0,0,0,3,2,,1200,0,2,0,0,0,0,2,3,4,0,2,3,,N,,,,,,,,,,,
2008033036,,0,0,0,0,0,0,0,0,0,0,0,,67,3,2007,5,39.9517,-75.1648,,6,0,0,0,0,0,0,0,0,,0,0,0,20,3,1,0,,0,39 57:06.000,,0,75 09:55.532,2,0,1,1,67301,0,0,0,,0,0,0,1,,0,,1,9,,,,,0,,0,1,0,0,0,,2000,1,1,0,0,0,0,0,3,4,0,1,7,,N,,,,,,,,,,,
2008025722,1612.0,0,0,0,0,0,0,0,0,0,5,0,,67,12,2007,3,40.0466,-75.1656,1612.0,6,0,0,0,0,0,2,0,0,,0,0,0,16,1,1,0,,0,40 02:47.655,,0,75 09:56.329,8,0,0,0,67301,0,0,0,N,0,0,0,3,67301,0,,1,1,,N,N,,1,,0,0,2,0,0,,1610,1,3,0,0,1,1,0,3,4,0,3,3,,N,,,,,,,,,,,
2007057338,9999.0,2,0,0,0,0,0,0,0,0,4,0,,67,4,2007,6,40.079,-75.174,,6,0,0,0,0,0,1,0,0,,0,0,0,99,1,2,1,,0,40 04:44.400,,0,75 10:26.400,4,0,0,0,67301,0,0,0,N,0,0,0,2,67301,2,,1,1,,N,N,,0,,0,0,0,3,2,,9999,2,2,0,0,0,0,0,3,4,0,2,3,,N,,,,,,,,,,,
2007029247,733.0,1,0,0,0,0,0,0,0,0,4,0,,67,2,2007,6,39.9854,-75.1614,725.0,6,0,0,0,0,0,0,1,0,,0,0,0,7,1,1,1,,0,39 59:07.310,,0,75 09:40.971,8,0,0,0,67301,0,0,0,,0,0,0,3,67301,0,,1,1,,,,,1,,0,0,0,2,2,,725,1,2,0,0,0,1,0,3,4,0,2,3,,N,,,,,,,,,,,
2007037252,841.0,1,0,0,0,0,0,0,0,0,1,0,,67,3,2007,5,39.9958,-75.1974,831.0,6,0,0,0,0,0,1,0,0,,0,0,0,8,1,1,0,,0,39 59:45.000,,0,75 11:50.283,4,0,0,0,67301,0,0,0,N,0,0,0,3,68K01,1,,1,1,,N,N,,1,,0,0,0,0,0,,829,1,3,0,0,0,0,0,3,4,1,3,3,,N,,,,,,,,,,,
2007097476,9999.0,2,0,0,0,0,0,0,0,0,4,0,,67,7,2007,6,39.923,-75.1885,9999.0,6,0,0,0,0,0,1,0,0,,0,0,0,99,1,1,1,,0,39 55:22.764,,0,75 11:18.725,8,0,0,0,67301,0,0,0,N,0,0,0,2,67301,0,,1,1,,N,N,,0,,0,0,0,3,2,,9999,1,2,0,0,0,1,1,3,4,0,2,3,,N,,,,,,,,,,,
2007097490,1725.0,1,0,0,0,0,0,0,0,0,8,0,,67,8,2007,3,40.0473,-75.0608,1720.0,6,0,0,0,0,0,0,1,0,,0,0,0,17,1,1,2,,0,40 02:50.128,,0,75 03:39.013,4,0,0,0,67301,1,0,0,,1,0,0,2,67301,1,,1,1,,,,,0,,0,0,0,0,0,,1720,1,2,0,0,0,0,0,3,4,0,1,3,,N,,,,,,,,,,,
2007092488,9999.0,2,0,0,0,0,0,0,0,0,4,0,,67,6,2007,4,39.9853,-75.1663,1300.0,6,0,0,0,0,0,0,0,0,,0,0,0,15,1,1,2,,0,39 59:07.134,,0,75 09:58.510,4,0,0,0,67301,0,0,0,,0,0,0,2,67301,1,,1,1,,N,N,,0,,0,0,0,3,3,,1500,1,2,0,0,0,0,1,3,4,0,2,3,,N,,,,,,,,,,,
2007092326,1119.0,2,0,0,0,0,0,0,0,0,4,0,,67,7,2007,1,39.9794,-75.2253,1118.0,6,0,0,0,0,0,1,0,1,,0,0,0,11,1,1,2,,0,39 58:45.000,,0,75 13:31.191,4,0,0,0,67301,0,0,0,N,0,0,0,3,67301,1,,1,1,,N,N,,0,,0,0,0,3,2,,1115,1,2,0,0,0,0,0,3,4,0,2,3,,N,,,,,,,,,,,
2007092332,1015.0,1,0,0,0,0,0,0,0,0,8,0,,67,7,2007,2,39.9533,-75.1667,1000.0,6,0,0,0,0,0,0,0,0,,0,0,0,10,1,1,0,,0,39 57:11.860,,0,75 10:00.158,8,0,0,0,67301,1,0,0,N,1,0,0,2,67301,0,,1,1,,N,N,,0,,0,0,0,0,0,,1000,1,2,0,0,0,1,0,3,4,0,1,3,,N,,,,,,,,,,,
2007095053,1347.0,2,0,0,0,0,0,0,0,0,6,0,,67,6,2007,7,40.0456,-75.1285,1344.0,6,0,0,0,0,0,0,0,1,,0,0,0,13,1,1,1,,0,40 02:44.254,,0,75 07:42.459,4,0,0,0,67301,0,0,0,N,0,0,0,3,67301,1,,1,1,,N,N,,0,,0,0,0,3,2,,1343,1,2,0,0,0,0,0,3,4,0,2,3,,N,,,,,,,,,,,
2007092608,31.0,2,0,0,0,0,0,0,0,0,4,0,,67,7,2007,5,40.1317,-75.0122,27.0,6,0,0,0,0,0,0,0,0,,0,0,0,23,3,1,1,,0,40 07:53.000,,0,75 00:43.926,3,0,0,0,67301,0,0,0,N,0,0,0,3,67301,0,,1,9,,N,N,,0,,1,0,0,3,2,,2325,1,2,0,0,0,0,0,3,4,0,2,7,,N,,,,,,,,,,,
2007092609,1217.0,2,0,0,0,0,0,0,0,0,4,0,,67,7,2007,2,39.9566,-75.1527,1214.0,6,0,0,0,0,0,0,0,0,,0,0,0,12,1,3,1,,0,39 57:23.638,,0,75 09:09.816,8,0,0,0,67301,0,0,0,N,0,0,0,3,67301,0,,1,1,,N,N,,0,,0,0,1,3,2,,1213,3,3,0,0,0,3,0,3,4,0,3,3,,N,,,,,,,,,,,
2007121007,2012.0,1,0,0,0,0,0,0,0,0,1,0,,67,12,2007,1,39.9998,-75.2295,2011.0,6,0,0,0,0,0,0,0,0,,0,0,0,20,3,1,0,,0,40 00:01.000,,0,75 13:40.955,4,0,0,0,67301,0,0,0,N,0,0,0,5,46104,1,,1,9,,N,N,,1,,0,0,0,0,0,,2008,1,2,0,0,0,0,0,3,4,0,2,7,,N,,,,,,,,,,,
2007090040,1555.0,2,0,0,0,0,0,0,0,0,1,0,,67,6,2007,2,40.0072,-75.1744,1550.0,6,0,0,0,0,0,0,1,0,,0,0,0,99,1,1,2,,0,40 00:26.000,,0,75 10:28.018,4,0,0,0,67301,0,0,0,,0,0,0,2,67301,1,,1,1,,N,N,,0,,0,0,0,3,2,,9999,1,2,0,0,0,0,0,3,4,0,2,3,,N,,,,,,,,,,,
2007123355,721.0,1,0,0,0,0,0,0,0,0,1,0,,67,10,2007,5,39.9501,-75.1837,713.0,6,0,0,0,0,0,0,0,0,2.0,0,0,0,7,1,1,0,,1,39 57:04.583,4.0,0,75 10:58.298,8,0,0,0,67301,0,0,0,N,0,0,0,3,68K01,0,,1,9,,N,N,,0,,0,0,1,0,0,N,711,1,2,0,0,0,1,0,3,4,0,2,7,,N,,,,,,,,,,,
2007125454,1620.0,0,0,0,0,0,0,0,0,0,7,0,,67,10,2007,3,39.9248,-75.173,1614.0,6,0,0,0,0,0,0,0,0,9.0,0,0,0,16,1,0,0,,2,39 55:29.327,3.0,0,75 10:22.662,0,0,0,0,67301,0,0,0,N,0,0,0,2,67301,0,,1,1,,N,N,,1,,0,0,0,0,0,Y,1614,0,1,0,0,0,0,0,3,4,0,1,3,,N,,,,,,,,,,,
2007107086,1120.0,2,0,0,0,0,0,0,0,0,1,0,,67,9,2007,7,40.0374,-75.1909,1110.0,6,0,0,0,0,0,2,0,0,,0,0,0,11,1,0,1,,0,40 02:14.460,,0,75 11:27.412,0,0,0,0,67301,0,0,0,N,0,0,0,6,67301,0,,1,1,,N,N,,0,,0,0,0,3,2,,1109,0,2,0,0,0,0,0,3,4,0,2,3,,N,,,,,,,,,,,
2007082892,1053.0,1,0,0,1,0,0,0,0,0,4,0,,67,6,2007,2,40.0368,-75.1756,1047.0,6,0,0,0,0,0,0,0,0,,0,0,0,10,1,1,2,,0,40 02:12.000,,7,75 10:32.216,8,0,0,0,67301,1,0,0,,0,0,0,2,67301,0,,2,9,,N,N,,0,,0,0,0,0,0,,1040,1,2,0,0,0,1,0,3,4,0,1,7,,N,,,,,,,,,,,
2007120720,330.0,1,0,0,0,0,0,0,0,0,2,0,,67,10,2007,1,39.9374,-75.163,330.0,6,0,0,0,0,0,0,0,1,,0,0,0,3,6,1,1,,0,39 56:14.629,,0,75 09:46.969,4,0,0,0,67301,0,0,0,N,0,0,0,7,67301,1,,1,1,,N,N,,0,,0,0,0,3,2,,330,1,2,0,0,4,0,0,3,4,1,2,3,,N,,,,,,,,,,,
2007030297,2105.0,2,0,0,0,0,0,0,0,0,6,0,,67,1,2007,4,39.9807,-75.1372,2100.0,6,0,0,0,0,0,0,0,0,1.0,0,0,0,20,3,1,1,,2,39 58:50.397,2.0,0,75 08:13.811,4,0,0,0,67301,0,0,0,,0,0,0,7,67301,1,,1,1,,N,N,,0,,0,0,0,3,2,N,2057,1,2,0,0,0,0,0,3,4,0,2,3,,N,,,,,,,,,,,
2007027825,750.0,0,0,0,0,0,0,0,0,0,8,0,,67,1,2007,3,,,745.0,6,0,0,0,0,0,1,0,0,,0,0,0,99,1,1,0,,0,,,0,,4,0,0,0,67301,1,0,0,N,1,0,0,2,67301,1,,1,1,,N,N,,0,,0,0,0,0,0,,9999,1,2,0,0,0,0,0,3,3,1,1,3,,N,,,,,,,,,,,