CRN,ARRIVAL_TM,AUTOMOBILE_COUNT,BELTED_DEATH_COUNT,BELTED_SUSP_SERIOUS_INJ_COUNT,BICYCLE_COUNT,BICYCLE_DEATH_COUNT,BICYCLE_SUSP_SERIOUS_INJ_COUNT,BUS_COUNT,CHLDPAS_DEATH_COUNT,CHLDPAS_SUSP_SERIOUS_INJ_COUNT,COLLISION_TYPE,COMM_VEH_COUNT,CONS_ZONE_SPD_LIM,COUNTY,CRASH_MONTH,CRASH_YEAR,DAY_OF_WEEK,DEC_LAT,DEC_LONG,DISPATCH_TM,DISTRICT,DRIVER_COUNT_16YR,DRIVER_COUNT_17YR,DRIVER_COUNT_18YR,DRIVER_COUNT_19YR,DRIVER_COUNT_20YR,DRIVER_COUNT_50_64YR,DRIVER_COUNT_65_74YR,DRIVER_COUNT_75PLUS,EST_HRS_CLOSED,FATAL_COUNT,HEAVY_TRUCK_COUNT,HORSE_BUGGY_COUNT,HOUR_OF_DAY,ILLUMINATION,INJURY_COUNT,INTERSECT_TYPE,INTERSECTION_RELATED,LANE_CLOSED,LATITUDE,LN_CLOSE_DIR,LOCATION_TYPE,LONGITUDE,MAX_SEVERITY_LEVEL,MCYCLE_DEATH_COUNT,MCYCLE_SUSP_SERIOUS_INJ_COUNT,MOTORCYCLE_COUNT,MUNICIPALITY,NONMOTR_COUNT,NONMOTR_DEATH_COUNT,NONMOTR_SUSP_SERIOUS_INJ_COUNT,NTFY_HIWY_MAINT,PED_COUNT,PED_DEATH_COUNT,PED_SUSP_SERIOUS_INJ_COUNT,PERSON_COUNT,POLICE_AGCY,POSSIBLE_INJ_COUNT,RDWY_SURF_TYPE_CD,RELATION_TO_ROAD,ROAD_CONDITION,ROADWAY_CLEARED,SCH_BUS_IND,SCH_ZONE_IND,SECONDARY_CRASH,SMALL_TRUCK_COUNT,SPEC_JURIS_CD,SUSP_MINOR_INJ_COUNT,SUSP_SERIOUS_INJ_COUNT,SUV_COUNT,TCD_FUNC_CD,TCD_TYPE,TFC_DETOUR_IND,TIME_OF_DAY,TOT_INJ_COUNT,TOTAL_UNITS,UNB_DEATH_COUNT,UNB_SUSP_SERIOUS_INJ_COUNT,UNBELTED_OCC_COUNT,UNK_INJ_DEG_COUNT,UNK_INJ_PER_COUNT,URBAN_AREA,URBAN_RURAL,VAN_COUNT,VEHICLE_COUNT,WEATHER1,WEATHER2,WORK_ZONE_IND,WORK_ZONE_LOC,WORK_ZONE_TYPE,WORKERS_PRES,WZ_CLOSE_DETOUR,WZ_FLAGGER,WZ_LAW_OFFCR_IND,WZ_LN_CLOSURE,WZ_MOVING,WZ_OTHER,WZ_SHLDER_MDN,WZ_WORKERS_INJ_KILLED
2007027899,236.0,1,0,0,0,0,0,0,0,0,1,0,,67,1,2007,7,39.9972,-75.1316,231.0,6,0,0,0,0,0,0,0,0,,0,0,0,2,3,1,2,,0,39 59:49.912,,0,75 07:53.777,3,0,0,0,67301,0,0,0,N,0,0,0,1,67301,0,,2,1,,N,N,,1,,1,0,1,3,3,,226,1,3,0,0,0,0,0,3,4,0,3,3,,N,,,,,,,,,,,
2007027937,2025.0,1,0,0,0,0,0,0,0,0,7,0,,67,1,2007,7,40.0195,-75.1471,2020.0,6,0,0,0,0,0,0,0,0,2.0,0,0,0,99,3,7,0,,2,40 01:10.168,1.0,0,75 08:49.632,8,0,0,0,67301,0,0,0,Y,0,0,0,7,67301,0,,2,1,,N,N,,0,,0,0,0,0,0,N,9999,7,1,0,0,0,7,0,3,4,0,1,3,,N,,,,,,,,,,,
2007117207,1624.0,1,0,0,0,0,0,0,0,0,2,0,,67,5,2007,1,40.0079,-75.1408,1614.0,6,0,0,0,0,0,0,0,0,,0,0,0,15,1,1,0,,0,40 00:28.000,,0,75 08:26.920,3,0,0,0,67301,0,0,0,N,0,0,0,1,67301,0,,1,1,,N,N,,1,,1,0,1,0,0,,1500,1,3,0,0,0,0,0,3,4,0,3,3,,N,,,,,,,,,,,
2007047563,1205.0,1,0,0,0,0,0,0,0,0,7,0,,67,2,2007,1,39.948,-75.2384,1204.0,6,0,0,0,0,0,0,0,0,,0,0,0,12,1,0,0,,0,39 56:52.908,,0,75 14:18.351,0,0,0,0,67301,0,0,0,N,0,0,0,1,67301,0,,2,1,,N,N,,0,,0,0,0,0,0,,1200,0,1,0,0,0,0,0,3,4,0,1,3,,N,,,,,,,,,,,
2007047531,1707.0,1,0,0,0,0,0,0,0,0,7,0,,67,2,2007,3,40.0845,-75.0384,1704.0,6,0,0,0,0,0,0,0,0,,0,0,0,99,1,1,2,,0,40 05:04.000,,0,75 02:18.148,4,0,0,0,67301,0,0,0,N,0,0,0,1,67301,1,,5,1,,N,N,,0,,0,0,0,3,2,,9999,1,1,0,0,0,0,0,3,4,0,1,3,,N,,,,,,,,,,,
2007047632,855.0,0,0,0,0,0,0,0,0,0,8,0,,67,3,2007,6,39.9463,-75.238,851.0,6,0,0,0,0,0,0,0,0,,0,0,0,8,1,1,2,,0,39 56:46.680,,0,75 14:16.800,4,0,0,0,67301,1,0,0,N,1,0,0,2,67301,1,,1,9,,N,N,,0,,0,0,0,3,2,,830,1,2,0,0,0,0,1,3,4,1,1,9,,N,,,,,,,,,,,
2007047567,2318.0,1,0,0,0,0,0,0,0,0,8,0,,67,2,2007,2,39.9557,-75.2156,9999.0,6,0,0,0,0,0,1,0,0,,0,0,0,23,3,1,0,,0,39 57:20.000,,0,75 12:56.228,3,0,0,0,67301,1,0,0,N,1,0,0,3,67301,0,,1,1,,N,N,,0,,1,0,0,3,2,,2318,1,2,0,0,2,0,0,3,4,0,1,3,,N,,,,,,,,,,,
2007047570,235.0,2,0,0,0,0,0,0,0,0,4,0,,67,3,2007,3,39.9549,-75.2087,230.0,6,0,0,0,0,0,0,0,0,,0,0,0,2,3,1,1,,0,39 57:17.000,,0,75 12:31.268,4,0,0,0,67301,0,0,0,N,0,0,0,2,67301,1,,1,1,,N,N,,0,,0,0,0,3,2,,230,1,2,0,0,0,0,1,3,4,0,2,3,,N,,,,,,,,,,,
2007067623,2130.0,1,0,0,0,0,0,0,0,0,8,0,,67,5,2007,7,40.1048,-75.0016,2127.0,6,0,0,0,0,0,0,0,1,1.0,0,0,0,21,3,1,2,,2,40 06:17.000,2.0,0,75 00:05.525,3,0,0,0,67301,1,0,0,N,1,0,0,2,67301,0,,1,1,,N,N,,0,,1,0,0,3,2,N,2115,1,2,0,0,0,0,1,3,4,0,1,3,,N,,,,,,,,,,,
2007106810,1800.0,0,0,0,0,0,0,0,0,0,0,0,,67,8,2007,6,40.0496,-74.9955,1755.0,6,0,0,0,0,0,0,0,0,1.0,0,0,0,17,1,1,0,,1,40 02:58.543,2.0,99,74 59:43.654,4,0,0,0,67301,0,0,0,N,0,0,0,1,67301,1,,3,1,,N,N,,0,,0,0,1,0,0,N,1755,1,1,0,0,0,0,0,3,4,0,1,3,,N,,,,,,,,,,,
2007109407,1547.0,2,0,0,0,0,0,1,0,0,5,1,,67,9,2007,2,39.9676,-75.162,1543.0,6,0,0,0,0,0,0,0,0,,0,0,0,15,1,2,2,,0,39 58:03.363,,0,75 09:43.282,4,0,0,0,67301,0,0,0,N,0,0,0,24,67301,2,,1,1,,Y,,,1,,0,0,0,9,3,,1530,2,4,0,0,0,0,0,3,4,0,4,3,,N,,,,,,,,,,,
2007047860,1047.0,0,0,0,0,0,0,0,0,0,5,1,,67,2,2007,3,40.0201,-75.0431,1040.0,6,0,0,0,0,0,0,0,0,2.0,0,1,0,10,1,1,1,,1,40 01:12.000,5.0,0,75 02:35.004,4,0,0,0,67301,0,0,0,N,0,0,0,2,67301,1,,1,1,,N,N,,1,,0,0,0,3,2,Y,1040,1,2,0,0,0,0,0,3,4,0,2,3,,N,,,,,,,,,,,
2007107013,1716.0,1,0,0,0,0,0,1,0,0,5,1,,67,9,2007,4,39.9602,-75.2389,1715.0,6,0,0,0,0,0,1,0,0,,0,0,0,17,1,1,0,,0,39 57:36.000,,0,75 14:19.948,4,0,0,0,67301,0,0,0,N,0,0,0,22,67301,1,,6,1,,N,N,,0,,0,0,0,0,0,,1714,1,2,0,0,0,0,0,3,4,0,2,3,,N,,,,,,,,,,,
2007047924,1528.0,2,0,0,0,0,0,0,0,0,1,0,,67,3,2007,2,40.0137,-75.1795,1522.0,6,0,0,0,0,0,0,0,0,1.0,0,0,0,15,1,1,3,,2,40 00:49.000,4.0,2,75 10:46.384,4,0,0,0,67301,0,0,0,N,0,0,0,4,67301,1,,7,1,,N,N,,0,,0,0,0,3,4,N,1516,1,2,0,0,0,0,0,3,4,0,2,3,,N,,,,,,,,,,,
2007093568,1345.0,1,0,0,0,0,0,0,0,0,4,0,,67,6,2007,1,40.0716,-75.0732,1338.0,6,0,0,0,0,0,1,0,0,3.0,0,0,0,99,1,2,0,,2,40 04:17.000,3.0,0,75 04:23.577,2,0,1,1,67301,0,0,0,,0,0,0,2,67301,1,,1,1,,,,,0,,0,1,0,0,0,Y,9999,2,2,0,0,0,0,0,3,4,0,2,3,,N,,,,,,,,,,,
2007093445,31.0,1,0,0,0,0,0,0,0,0,1,0,,67,6,2007,6,40.0208,-75.1402,9999.0,6,0,0,0,0,0,0,0,0,,0,0,0,0,3,1,0,,0,40 01:15.000,,0,75 08:23.485,8,0,0,0,67301,0,0,0,N,0,0,0,2,67301,0,,1,9,,N,N,,0,,0,0,1,3,2,,27,1,2,0,0,1,1,0,3,4,0,2,3,,N,,,,,,,,,,,
2007125095,1300.0,3,0,0,0,0,0,0,0,0,5,0,,67,11,2007,7,40.0189,-75.1827,1240.0,6,0,0,0,0,0,1,0,0,,0,0,0,12,1,1,0,,0,40 01:07.932,,0,75 10:57.640,8,0,0,0,67301,0,0,0,N,0,0,0,1,67301,0,,6,1,,N,N,,0,,0,0,1,0,0,,1230,1,4,0,0,0,1,0,3,4,0,4,99,,N,,,,,,,,,,,
2007110083,845.0,1,0,0,0,0,0,0,0,0,7,0,,67,9,2007,2,39.9484,-75.1417,840.0,6,0,0,0,0,0,0,0,0,,0,0,0,8,1,0,0,,0,39 56:55.000,,0,75 08:29.720,0,0,0,0,67301,0,0,0,,0,0,0,1,67301,0,,2,1,,,,,0,,0,0,0,0,0,,838,0,1,0,0,0,0,0,3,4,0,1,3,,N,,,,,,,,,,,
2007107365,1600.0,2,0,0,0,0,0,0,0,0,1,0,,67,8,2007,3,40.0112,-75.1266,1600.0,6,0,0,0,1,0,1,0,0,,0,0,0,15,1,0,0,,0,40 00:40.218,,0,75 07:35.650,0,0,0,0,67301,0,0,0,N,0,0,0,3,67301,0,,1,1,,N,N,,1,,0,0,0,3,2,,1540,0,3,0,0,0,0,0,3,4,0,3,3,,N,,,,,,,,,,,
2007107499,1202.0,1,0,0,1,0,0,0,0,0,4,0,,67,9,2007,5,40.0566,-75.1886,1155.0,6,0,0,0,0,0,0,0,0,,0,0,0,11,1,1,0,,0,40 03:23.699,,0,75 11:18.931,4,0,0,0,67301,1,0,0,N,0,0,0,2,67301,1,,5,1,,N,N,,0,,0,0,0,3,3,,1150,1,2,0,0,0,0,0,3,4,0,1,3,,N,,,,,,,,,,,
2007048276,0.0,2,0,0,0,0,0,0,0,0,4,0,,67,3,2007,2,40.0752,-75.1718,,6,0,0,0,0,0,2,0,0,,0,0,0,99,1,0,1,,0,40 04:30.664,,0,75 10:18.623,0,0,0,0,67301,0,0,0,,0,0,0,3,67301,0,,1,1,,N,N,,0,,0,0,0,3,2,,9999,0,2,0,0,0,0,0,3,4,0,2,3,,N,,,,,,,,,,,
2007048310,1700.0,1,0,0,0,0,0,0,0,0,1,0,,67,3,2007,4,40.0535,-75.0549,1658.0,6,0,0,0,0,0,0,0,0,,0,0,0,16,1,1,1,,0,40 03:12.000,,0,75 03:17.784,8,0,0,0,67301,0,0,0,N,0,0,0,2,67301,0,,1,1,,N,N,,1,,0,0,0,3,2,,1645,1,2,0,0,0,1,0,3,4,0,2,3,,N,,,,,,,,,,,
2007045728,2055.0,2,0,0,0,0,0,0,0,0,1,0,,67,2,2007,4,40.0367,-75.1584,2051.0,6,0,0,0,0,0,0,0,0,,0,0,0,20,3,3,1,,0,40 02:12.109,,0,75 09:30.211,4,0,0,0,67301,0,0,0,N,0,0,0,4,67301,3,,1,1,,N,N,,0,,0,0,0,3,2,,2048,3,2,0,0,0,0,0,3,4,0,2,3,,N,,,,,,,,,,,
2007046037,340.0,0,0,0,0,0,0,0,0,0,0,0,,67,3,2007,2,40.0437,-75.0026,324.0,6,0,0,0,0,0,0,0,0,1.0,0,0,0,3,3,0,0,,2,40 02:37.369,1.0,2,75 00:09.482,0,0,0,0,67301,0,0,0,N,0,0,0,1,67301,0,,7,2,,N,N,,0,,0,0,1,0,0,N,324,0,1,0,0,0,0,0,3,4,0,1,3,,N,,,,,,,,,,,
2007120918,2200.0,1,0,0,0,0,0,0,0,0,2,0,,67,10,2007,6,39.9924,-75.1422,9999.0,6,0,0,0,0,0,0,0,0,,0,0,0,22,3,1,1,,0,39 59:32.000,,0,75 08:31.878,8,0,0,0,67301,1,0,0,N,1,0,0,3,67301,0,,1,1,,N,N,,0,,0,0,0,9,2,,2200,1,2,0,0,0,1,2,3,4,0,1,3,,N,,,,,,,,,,,
2007120921,1247.0,3,0,0,0,0,0,0,0,0,1,0,,67,10,2007,2,40.0725,-75.0763,1237.0,6,0,0,0,0,0,0,0,1,,0,0,0,11,1,2,0,,0,40 04:20.000,,0,75 04:34.956,3,0,0,0,67301,0,0,0,N,0,0,0,5,67301,1,,1,1,,N,N,,0,,1,0,0,0,0,,1100,2,3,0,0,0,0,1,3,4,0,3,3,,N,,,,,,,,,,,
2007097255,2015.0,0,0,0,0,0,0,0,0,0,1,0,,67,8,2007,7,39.923,-75.191,2014.0,6,0,0,0,0,0,0,0,0,3.0,0,0,0,20,3,1,6,,1,39 55:30.000,4.0,2,75 11:35.979,4,0,0,0,67301,0,0,0,N,0,0,0,2,68K01,1,,1,1,,N,N,,0,,0,0,1,0,0,N,2012,1,2,0,0,0,0,0,3,4,1,2,3,,N,,,,,,,,,,,
2007094977,400.0,2,0,0,0,0,0,0,0,0,5,0,,67,8,2007,1,39.9778,-75.1828,335.0,6,0,0,0,0,1,0,0,0,,0,0,0,99,3,1,0,,0,39 58:40.094,,0,75 10:57.946,4,0,0,0,67301,0,0,0,,0,0,0,1,67301,1,,6,1,,N,N,,0,,0,0,0,0,0,,9999,1,2,0,0,1,0,0,3,4,0,2,3,,N,,,,,,,,,,,
2007092314,1207.0,1,0,0,0,0,0,0,0,0,4,0,,67,7,2007,6,39.9358,-75.2311,1207.0,6,0,0,0,0,0,1,0,0,2.0,0,0,0,12,1,2,1,,2,39 56:09.042,5.0,0,75 13:52.046,3,0,0,0,67301,0,0,0,N,0,0,0,2,67301,0,,4,1,,N,N,,0,,2,0,0,3,2,Y,1205,2,2,0,0,0,0,0,3,4,1,2,3,,N,,,,,,,,,,,
2007092784,1535.0,2,0,0,0,0,0,0,0,0,4,0,,67,7,2007,4,39.9758,-75.1584,1528.0,6,0,0,0,0,0,2,0,0,,0,0,0,99,1,1,2,,0,39 58:33.000,,0,75 09:30.309,3,0,0,0,67301,0,0,0,,0,0,0,2,67301,0,,1,1,,N,N,,0,,1,0,0,9,2,,9999,1,2,0,0,2,0,0,3,4,0,2,3,,N,,,,,,,,,,,
2007092886,1402.0,1,0,0,0,0,0,0,0,0,4,0,,67,6,2007,5,39.9381,-75.1685,1358.0,6,0,0,0,0,0,1,0,0,1.0,0,0,0,99,1,1,1,,1,39 56:17.059,4.0,0,75 10:06.455,4,0,0,0,67301,0,0,0,,0,0,0,2,67301,1,,1,1,,N,N,,0,,0,0,0,2,2,N,9999,1,2,0,0,0,0,0,3,4,1,2,3,,N,,,,,,,,,,,
2007120656,10.0,1,0,0,1,0,0,0,0,0,1,0,,67,10,2007,7,39.9516,-75.1702,7.0,6,0,0,0,0,0,1,0,0,,0,0,0,23,3,1,1,,0,39 57:05.000,,0,75 10:12.656,3,0,0,0,67301,1,0,0,N,0,0,0,2,67301,0,,1,1,,N,N,,0,,1,0,0,2,2,,2345,1,2,0,0,1,0,0,3,4,0,1,3,,N,,,,,,,,,,,
2007027806,1940.0,1,0,0,0,0,0,0,0,0,8,0,,67,1,2007,3,39.9466,-75.246,1930.0,6,0,0,0,0,0,0,0,0,,0,0,0,19,3,1,1,,0,39 56:47.000,,0,75 14:45.765,3,0,0,0,67301,1,0,0,N,1,0,0,2,67301,0,,1,9,,N,N,,0,,1,0,0,3,2,,1910,1,2,0,0,0,0,1,3,4,0,1,10,,N,,,,,,,,,,,
2007027895,1257.0,1,0,0,0,0,0,0,0,0,1,0,,67,1,2007,2,40.0067,-75.1193,1249.0,6,0,0,0,0,1,0,0,0,,0,0,0,12,1,1,1,,0,40 00:24.000,,0,75 07:09.477,4,0,0,0,67301,0,0,0,N,0,0,0,2,67301,1,,1,9,,N,N,,0,,0,0,1,3,2,,1215,1,2,0,0,0,0,0,3,4,0,2,7,,N,,,,,,,,,,,
2007117203,1700.0,3,0,0,0,0,0,0,0,0,4,0,,67,9,2007,1,40.0631,-75.1583,1658.0,6,0,1,0,0,0,0,0,0,3.0,0,0,0,16,1,1,2,,1,40 03:47.037,5.0,0,75 09:29.793,4,0,0,0,67301,0,0,0,,0,0,0,5,67301,1,,1,1,,,,,0,,0,0,0,3,3,Y,1640,1,3,0,0,0,0,1,3,4,0,3,3,,N,,,,,,,,,,,
2007027964,1730.0,1,0,0,0,0,0,0,0,0,7,0,99.0,67,1,2007,5,39.9521,-75.1614,1730.0,6,0,0,0,0,0,0,0,1,,0,0,0,17,3,1,2,,0,39 57:07.000,,0,75 09:41.128,8,0,0,0,67301,0,0,0,N,0,0,0,2,67301,0,,2,9,,N,N,,0,,0,0,0,3,2,,1725,1,1,0,0,0,1,0,3,4,0,1,7,,Y,8.0,8.0,U,,,U,,,,,
2007027972,1625.0,0,0,0,0,0,0,0,0,0,8,0,,67,1,2007,4,39.957,-75.2255,1612.0,6,0,0,0,0,0,0,0,0,,0,0,0,16,1,1,1,,0,39 57:25.000,,0,75 13:31.807,4,0,0,0,67301,1,0,0,N,1,0,0,2,67301,1,,1,1,,N,N,,0,,0,0,1,3,2,,1610,1,2,0,0,1,0,0,3,4,0,1,3,,N,,,,,,,,,,,
2007023186,529.0,1,0,0,0,0,0,0,0,0,7,0,,67,1,2007,7,39.9628,-75.1835,525.0,6,0,0,0,0,0,0,0,0,1.0,0,0,0,5,3,1,3,,1,39 57:45.000,3.0,2,75 10:59.880,4,0,0,0,67301,0,0,0,N,0,0,0,1,67301,1,,3,9,,N,N,,0,,0,0,0,0,0,N,525,1,1,0,0,0,0,0,3,4,0,1,7,,N,,,,,,,,,,,
2007047365,1509.0,0,0,0,0,0,0,0,0,0,8,0,,67,1,2007,5,40.0491,-75.0914,1506.0,6,0,0,0,0,0,0,0,0,9.0,0,0,0,15,1,1,0,,2,40 02:56.650,3.0,0,75 05:28.892,4,0,0,0,67301,1,0,0,N,1,0,0,2,67301,1,,1,1,,N,N,,0,,0,0,0,0,0,Y,1506,1,2,0,0,0,0,0,3,4,1,1,3,,N,,,,,,,,,,,
2007047526,726.0,2,0,0,0,0,0,0,0,0,1,0,,67,3,2007,1,40.1099,-75.0251,724.0,6,0,0,0,0,0,0,0,0,1.0,0,0,0,7,1,1,2,,2,40 06:35.000,1.0,0,75 01:30.403,8,0,0,0,67301,0,0,0,N,0,0,0,2,67301,0,,1,2,,N,N,,0,,0,0,0,3,2,Y,700,1,2,0,0,0,1,1,3,4,0,2,3,,N,,,,,,,,,,,
2007047625,1832.0,2,0,0,0,0,0,0,0,0,4,0,,67,2,2007,3,40.0686,-75.0672,1829.0,6,0,0,0,0,0,0,0,0,,0,0,0,18,3,1,0,,0,40 04:07.000,,7,75 04:01.903,8,0,0,0,67301,0,0,0,N,0,0,0,3,67301,0,,1,1,,N,N,,0,,0,0,0,0,0,,1828,1,2,0,0,0,1,0,3,4,0,2,3,,N,,,,,,,,,,,
2007047631,1547.0,0,0,0,0,0,0,0,0,0,8,0,,67,3,2007,4,39.9496,-75.2373,1545.0,6,0,0,0,0,0,0,0,0,,0,0,0,15,1,1,0,,0,39 56:58.419,,0,75 14:14.233,8,0,0,0,67301,1,0,0,N,1,0,0,2,67301,0,,1,6,,N,N,,0,,0,0,1,0,0,,1530,1,2,0,0,0,1,0,3,4,0,1,10,,N,,,,,,,,,,,
2007047667,1032.0,1,0,0,0,0,0,0,0,0,4,0,,67,3,2007,1,40.0609,-75.1641,1030.0,6,0,0,1,0,0,0,1,0,,0,0,0,10,1,1,1,,0,40 03:39.280,,0,75 09:50.864,4,0,0,0,67301,0,0,0,N,0,0,0,3,67301,1,,1,1,,N,N,,0,,0,0,1,3,2,,1027,1,2,0,0,0,0,0,3,4,0,2,3,,N,,,,,,,,,,,
2007047688,1436.0,0,0,0,0,0,0,0,0,0,8,0,,67,1,2007,2,40.0321,-75.1462,1431.0,6,0,0,0,0,0,0,0,0,,0,0,0,19,3,1,1,,0,40 01:55.000,,0,75 08:46.477,4,0,0,0,67301,1,0,0,N,1,0,0,2,67301,1,,1,1,,N,N,,0,,0,0,0,3,2,,1900,1,2,0,0,0,0,0,3,4,0,1,3,,N,,,,,,,,,,,
2007045096,1858.0,1,1,0,0,0,0,0,0,0,7,0,,67,2,2007,6,40.0056,-75.0758,1856.0,6,0,0,0,0,0,0,0,1,2.0,1,0,0,18,3,0,5,,2,40 00:19.000,2.0,0,75 04:33.060,1,0,0,0,67301,0,0,0,N,0,0,0,1,67301,0,2.0,3,1,,N,N,,0,0.0,0,0,0,3,2,Y,1850,0,1,0,0,0,0,0,3,4,0,1,3,,N,,,,,,,,,,,
2007047581,1543.0,2,0,0,0,0,0,0,0,0,2,0,,67,2,2007,3,39.9279,-75.1875,1540.0,6,0,0,0,0,0,1,0,0,1.0,0,0,0,15,1,1,1,,1,39 55:40.490,4.0,0,75 11:14.888,3,0,0,0,67301,0,0,0,N,0,0,0,2,67301,0,,1,1,,N,N,,0,,1,0,0,3,2,N,1539,1,2,0,0,1,0,0,3,4,0,2,3,,N,,,,,,,,,,,
2007067602,2204.0,2,0,0,0,0,0,0,0,0,1,0,,67,5,2007,1,39.9536,-75.1986,2202.0,6,0,0,0,0,0,0,0,0,,0,0,0,22,3,2,1,,0,39 57:13.089,,0,75 11:55.030,4,0,0,0,67301,0,0,0,N,0,0,0,3,67301,2,,1,9,,N,N,,0,,0,0,0,3,2,,2200,2,2,0,0,1,0,0,3,4,0,2,7,,N,,,,,,,,,,,
2007109403,2322.0,2,0,0,0,0,0,0,0,0,4,0,,67,9,2007,7,39.953,-75.1516,2318.0,6,0,0,0,0,0,0,0,1,,0,0,0,22,3,0,0,,0,39 57:10.000,,0,75 09:05.703,0,0,0,0,67301,0,0,0,,0,0,0,2,67301,0,,1,1,,,,,0,,0,0,0,3,2,,2237,0,2,0,0,1,0,0,3,4,0,2,3,,N,,,,,,,,,,,
2007047872,848.0,2,0,0,0,0,0,0,0,0,4,0,,67,3,2007,5,39.9453,-75.2397,844.0,6,0,0,0,0,0,0,0,0,2.0,0,0,0,8,1,1,0,,1,39 56:43.139,1.0,7,75 14:22.835,4,0,0,0,67301,0,0,0,N,0,0,0,3,67301,1,,1,1,,N,N,,0,,0,0,0,3,2,N,830,1,2,0,0,0,0,0,3,4,0,2,3,,N,,,,,,,,,,,
2007106978,1249.0,0,0,0,0,0,0,0,0,0,7,0,,67,9,2007,7,39.9934,-75.192,1231.0,6,0,0,0,0,0,0,0,0,,0,0,0,12,1,1,0,,0,39 59:36.100,,0,75 11:31.100,4,0,0,0,67301,0,0,0,N,0,0,0,1,67301,1,,4,1,,N,N,,0,,0,0,1,0,0,,1231,1,1,0,0,0,0,0,3,4,0,1,3,,N,,,,,,,,,,,
2007058124,2035.0,1,0,0,0,0,0,0,0,0,4,0,,67,4,2007,2,39.8944,-75.2365,2019.0,6,0,0,0,1,0,0,0,0,2.0,0,0,0,20,2,3,0,,1,39 53:39.840,3.0,0,75 14:11.400,3,0,0,0,67301,0,0,0,N,0,0,0,5,67301,0,,1,9,,N,N,,1,,1,0,0,0,0,N,2010,3,2,0,0,0,2,0,3,4,0,2,7,,N,,,,,,,,,,,
2007127642,1547.0,1,0,0,0,0,0,0,0,0,8,0,,67,10,2007,3,40.009,-75.1365,1545.0,6,0,0,0,0,0,0,0,0,,0,0,0,15,1,1,1,,0,40 00:32.335,,0,75 08:11.486,4,0,0,0,67301,1,0,0,N,1,0,0,2,67301,1,,1,1,,N,N,,0,,0,0,0,0,0,,1540,1,2,0,0,0,0,0,3,4,0,1,3,,N,,,,,,,,,,,
2007107356,1928.0,1,0,0,1,0,0,0,0,0,4,0,,67,8,2007,4,40.0933,-74.9656,1923.0,6,0,0,0,0,0,0,0,0,,0,0,0,19,1,1,0,,0,40 05:35.768,,0,74 57:56.275,4,0,0,0,67301,1,0,0,N,0,0,0,2,67301,1,,1,1,,N,N,,0,,0,0,0,0,0,,1900,1,2,0,0,0,0,0,3,4,0,1,3,,N,,,,,,,,,,,
2007110087,1617.0,1,0,0,0,0,0,0,0,0,4,0,,67,9,2007,4,40.0368,-75.0693,1615.0,6,0,0,0,0,1,0,0,0,,0,0,0,16,1,1,1,,0,40 02:12.000,,0,75 04:09.489,4,0,0,0,67301,0,0,0,N,0,0,0,3,67301,1,,1,1,,N,N,,0,,0,0,1,9,3,,1600,1,2,0,0,0,0,1,3,4,0,2,3,,N,,,,,,,,,,,
2007107486,948.0,0,0,0,0,0,0,0,0,0,1,0,,67,9,2007,5,39.9933,-75.1861,945.0,6,0,0,0,0,0,0,0,1,,0,0,0,9,1,1,0,,0,39 59:36.016,,0,75 11:09.942,4,0,0,0,67301,0,0,0,N,0,0,0,2,67301,1,,1,1,,N,N,,2,,0,0,0,3,2,,945,1,2,0,0,0,0,0,3,4,0,2,3,,N,,,,,,,,,,,
2007045729,950.0,2,0,0,0,0,0,0,0,0,1,0,,67,2,2007,6,39.9148,-75.2234,945.0,6,0,0,0,0,0,0,0,0,,0,0,0,9,1,1,0,,0,39 54:53.240,,0,75 13:24.160,8,0,0,0,67301,0,0,0,N,0,0,0,2,67301,0,,3,1,,N,N,,0,,0,0,2,3,3,,940,1,4,0,0,0,1,0,3,4,0,4,3,,N,,,,,,,,,,,
2007046052,1830.0,1,0,0,0,0,0,0,0,0,8,0,,67,2,2007,3,40.0594,-75.0859,1825.0,6,0,0,0,0,0,0,0,0,,0,0,0,18,3,1,1,,0,40 03:33.000,,0,75 05:09.267,4,0,0,0,67301,1,0,0,,1,0,0,2,67301,1,,1,7,,,,,0,,0,0,0,3,2,,1825,1,2,0,0,0,0,0,3,4,0,1,10,,N,,,,,,,,,,,
2007038444,653.0,1,0,0,0,0,0,0,0,0,1,0,,67,2,2007,3,40.0103,-75.2071,640.0,6,0,0,0,0,0,0,0,0,1.0,0,0,0,6,1,1,0,,1,40 00:38.110,4.0,0,75 12:27.173,4,0,0,0,67301,0,0,0,N,0,0,0,2,68K01,1,,1,1,,N,N,,0,,0,0,1,0,0,N,640,1,2,0,0,0,0,0,3,4,0,2,3,,N,,,,,,,,,,,
2007092970,2110.0,2,0,0,0,0,0,0,0,0,8,0,,67,7,2007,6,40.0703,-75.1516,2106.0,6,0,0,0,1,0,0,1,0,9.0,1,0,0,21,3,1,2,,2,40 04:13.000,6.0,0,75 09:05.785,1,0,0,0,67301,2,1,1,N,2,1,1,5,67301,0,2.0,1,1,,N,N,,0,0.0,0,1,0,0,0,Y,2105,1,5,0,0,0,0,1,3,4,1,3,3,,N,,,,,,,,,,,