CRN,ARRIVAL_TM,AUTOMOBILE_COUNT,BELTED_DEATH_COUNT,BELTED_SUSP_SERIOUS_INJ_COUNT,BICYCLE_COUNT,BICYCLE_DEATH_COUNT,BICYCLE_SUSP_SERIOUS_INJ_COUNT,BUS_COUNT,CHLDPAS_DEATH_COUNT,CHLDPAS_SUSP_SERIOUS_INJ_COUNT,COLLISION_TYPE,COMM_VEH_COUNT,CONS_ZONE_SPD_LIM,COUNTY,CRASH_MONTH,CRASH_YEAR,DAY_OF_WEEK,DEC_LAT,DEC_LONG,DISPATCH_TM,DISTRICT,DRIVER_COUNT_16YR,DRIVER_COUNT_17YR,DRIVER_COUNT_18YR,DRIVER_COUNT_19YR,DRIVER_COUNT_20YR,DRIVER_COUNT_50_64YR,DRIVER_COUNT_65_74YR,DRIVER_COUNT_75PLUS,EST_HRS_CLOSED,FATAL_COUNT,HEAVY_TRUCK_COUNT,HORSE_BUGGY_COUNT,HOUR_OF_DAY,ILLUMINATION,INJURY_COUNT,INTERSECT_TYPE,INTERSECTION_RELATED,LANE_CLOSED,LATITUDE,LN_CLOSE_DIR,LOCATION_TYPE,LONGITUDE,MAX_SEVERITY_LEVEL,MCYCLE_DEATH_COUNT,MCYCLE_SUSP_SERIOUS_INJ_COUNT,MOTORCYCLE_COUNT,MUNICIPALITY,NONMOTR_COUNT,NONMOTR_DEATH_COUNT,NONMOTR_SUSP_SERIOUS_INJ_COUNT,NTFY_HIWY_MAINT,PED_COUNT,PED_DEATH_COUNT,PED_SUSP_SERIOUS_INJ_COUNT,PERSON_COUNT,POLICE_AGCY,POSSIBLE_INJ_COUNT,RDWY_SURF_TYPE_CD,RELATION_TO_ROAD,ROAD_CONDITION,ROADWAY_CLEARED,SCH_BUS_IND,SCH_ZONE_IND,SECONDARY_CRASH,SMALL_TRUCK_COUNT,SPEC_JURIS_CD,SUSP_MINOR_INJ_COUNT,SUSP_SERIOUS_INJ_COUNT,SUV_COUNT,TCD_FUNC_CD,TCD_TYPE,TFC_DETOUR_IND,TIME_OF_DAY,TOT_INJ_COUNT,TOTAL_UNITS,UNB_DEATH_COUNT,UNB_SUSP_SERIOUS_INJ_COUNT,UNBELTED_OCC_COUNT,UNK_INJ_DEG_COUNT,UNK_INJ_PER_COUNT,URBAN_AREA,URBAN_RURAL,VAN_COUNT,VEHICLE_COUNT,WEATHER1,WEATHER2,WORK_ZONE_IND,WORK_ZONE_LOC,WORK_ZONE_TYPE,WORKERS_PRES,WZ_CLOSE_DETOUR,WZ_FLAGGER,WZ_LAW_OFFCR_IND,WZ_LN_CLOSURE,WZ_MOVING,WZ_OTHER,WZ_SHLDER_MDN,WZ_WORKERS_INJ_KILLED
2008017503,846.0,4,0,0,0,0,0,0,0,0,1,0,,67,12,2007,2,39.9703,-75.1679,840.0,6,0,0,0,0,0,1,0,0,,0,0,0,8,1,1,0,,0,39 58:12.915,,0,75 10:04.465,8,0,0,0,67301,0,0,0,N,0,0,0,3,67301,0,,1,1,,N,N,,0,,0,0,0,0,0,,828,1,4,0,0,1,1,1,3,4,0,4,3,,N,,,,,,,,,,,
2008007251,436.0,1,0,0,0,0,0,0,0,0,7,0,,67,11,2007,7,40.0121,-75.1819,435.0,6,0,0,0,1,0,0,0,0,2.0,0,0,0,4,3,0,0,,2,40 00:51.000,2.0,0,75 10:43.170,0,0,0,0,67301,0,0,0,N,0,0,0,1,67301,0,,2,1,,N,N,,0,,0,0,0,0,0,N,434,0,1,0,0,0,0,0,3,4,0,1,3,,N,,,,,,,,,,,
2008007296,1705.0,2,0,0,0,0,0,0,0,0,1,0,,67,11,2007,5,39.9877,-75.2162,1655.0,6,0,0,0,0,0,0,0,0,1.0,0,0,0,16,2,1,1,,1,39 59:15.000,2.0,0,75 12:58.441,4,0,0,0,67301,0,0,0,N,0,0,0,2,67301,1,,4,9,,N,N,,0,,0,0,0,3,2,N,1645,1,2,0,0,0,0,0,3,4,0,2,98,,N,,,,,,,,,,,
2008005772,935.0,1,0,0,0,0,0,0,0,0,7,0,,67,11,2007,5,40.0171,-75.1961,905.0,6,0,0,0,0,0,0,0,0,,0,0,0,9,1,0,0,,0,40 01:01.696,,7,75 11:45.823,0,0,0,0,67301,0,0,0,N,0,0,0,1,67301,0,,5,9,,N,N,,0,,0,0,0,0,0,,905,0,1,0,0,0,0,0,3,4,0,1,7,,N,,,,,,,,,,,
2008005718,1729.0,2,0,0,0,0,0,0,0,0,1,1,,67,11,2007,2,39.9947,-75.1985,1729.0,6,0,0,0,0,0,0,1,0,,0,1,0,17,3,0,0,,0,39 59:44.080,,0,75 11:51.529,0,0,0,0,67301,0,0,0,N,0,0,0,3,68K01,0,,1,9,,N,N,,0,,0,0,0,0,0,,1728,0,3,0,0,0,0,0,3,4,0,3,7,,N,,,,,,,,,,,
2008000670,1310.0,3,0,0,0,0,0,0,0,0,5,0,,67,10,2007,1,,,1305.0,6,0,0,0,0,0,1,0,0,,0,0,0,99,1,1,0,,0,,,0,,4,0,0,0,67301,0,0,0,N,0,0,0,3,67301,1,,1,1,,N,N,,0,,0,0,0,0,0,,9999,1,3,0,0,2,0,0,3,3,0,3,3,,N,,,,,,,,,,,
2008000426,2020.0,1,0,0,0,0,0,0,0,0,8,0,,67,10,2007,6,39.9679,-75.2375,2012.0,6,0,0,0,0,0,0,0,0,,0,0,0,20,3,1,1,,0,39 58:04.332,,0,75 14:15.071,4,0,0,0,67301,1,0,0,N,1,0,0,2,67301,1,,1,9,,N,N,,0,,0,0,0,9,3,,2000,1,2,0,0,0,0,0,3,4,0,1,7,,N,,,,,,,,,,,
2008018357,2229.0,1,0,0,0,0,0,0,0,0,7,0,,67,12,2007,7,39.9837,-75.2083,2211.0,6,0,0,0,0,0,1,0,0,1.0,0,0,0,22,3,1,0,,1,39 59:05.000,3.0,0,75 12:30.055,4,0,0,0,67301,0,0,0,N,0,0,0,1,68K01,1,,2,9,,N,N,,0,,0,0,0,0,0,N,2210,1,1,0,0,0,0,0,3,4,0,1,7,,N,,,,,,,,,,,
2007067662,1936.0,1,0,0,0,0,0,0,0,0,8,0,,67,5,2007,5,40.0242,-75.109,1930.0,6,0,0,0,0,0,0,0,0,,0,0,0,19,1,1,0,,0,40 01:27.225,,0,75 06:32.267,4,0,0,0,67301,1,0,0,N,1,0,0,2,67301,1,,1,1,,N,N,,0,,0,0,0,0,0,,1925,1,2,0,0,0,0,0,3,4,0,1,3,,N,,,,,,,,,,,
2007067905,724.0,1,0,0,0,0,0,1,0,0,5,1,,67,5,2007,6,40.0432,-75.1809,710.0,6,0,0,0,0,0,0,0,0,,0,0,0,7,1,2,1,,0,40 02:35.000,,0,75 10:51.147,8,0,0,0,67301,0,0,0,,0,0,0,4,67301,0,,1,9,,,,,0,,0,0,0,3,2,,705,2,2,0,0,1,2,0,3,4,0,2,7,,N,,,,,,,,,,,
2007112041,1750.0,1,0,0,0,0,0,0,0,0,8,0,,67,9,2007,6,39.9925,-75.1112,1745.0,6,0,0,0,1,0,0,0,0,,0,0,0,17,1,1,0,,0,39 59:33.000,,0,75 06:40.317,8,0,0,0,67301,1,0,0,N,1,0,0,2,67301,0,,1,1,,N,N,,0,,0,0,0,0,0,,1730,1,2,0,0,0,1,0,3,4,0,1,3,,N,,,,,,,,,,,
2007109348,520.0,1,0,0,0,0,0,0,0,0,7,0,,67,9,2007,6,40.0127,-75.205,520.0,6,0,0,0,0,0,0,0,0,,0,0,0,5,3,1,0,,0,40 00:51.000,,0,75 12:22.651,3,0,0,0,67301,0,0,0,N,0,0,0,1,67301,0,,2,1,,N,N,,0,,1,0,0,0,0,,515,1,1,0,0,0,0,0,3,4,0,1,3,,N,,,,,,,,,,,
2007047815,2312.0,2,0,0,0,0,0,0,0,0,1,0,,67,3,2007,5,39.9491,-75.162,2310.0,6,0,0,0,0,0,0,0,0,,0,0,0,23,3,1,1,,0,39 56:56.760,,0,75 09:43.200,8,0,0,0,67301,0,0,0,N,0,0,0,2,67301,0,,1,9,,N,N,,0,,0,0,0,3,2,,2310,1,2,0,0,0,1,0,3,4,0,2,7,,N,,,,,,,,,,,
2007047865,1110.0,2,0,0,0,0,0,0,0,0,2,0,,67,3,2007,6,40.0074,-75.0909,1054.0,6,0,0,0,0,0,1,0,0,,0,0,0,10,1,3,3,,0,40 00:26.000,,0,75 05:27.358,4,0,0,0,67301,0,0,0,N,0,0,0,3,67301,1,,1,1,,N,N,,0,,0,0,0,3,3,,1054,3,2,0,0,0,2,0,3,4,0,2,3,,N,,,,,,,,,,,
2007047884,1600.0,2,0,0,0,0,0,0,0,0,5,0,,67,3,2007,3,40.0285,-75.1293,1555.0,6,0,0,0,0,0,0,0,0,,0,0,0,15,1,1,0,,0,40 01:42.481,,0,75 07:45.533,4,0,0,0,67301,0,0,0,N,0,0,0,3,67301,1,,1,1,,N,N,,0,,0,0,1,3,3,,1550,1,3,0,0,0,0,0,3,4,0,3,3,,N,,,,,,,,,,,
2007106950,1941.0,1,0,0,1,0,0,0,0,0,5,0,,67,9,2007,3,39.9406,-75.1713,1939.0,6,0,0,0,0,0,0,0,0,,0,0,0,19,3,1,0,,0,39 56:26.304,,0,75 10:16.597,8,0,0,0,67301,1,0,0,,0,0,0,2,67301,0,,1,1,,,,,0,,0,0,0,0,0,,1935,1,2,0,0,0,1,0,3,4,0,1,3,,N,,,,,,,,,,,
2007125112,657.0,0,0,0,0,0,0,0,0,0,1,0,,67,11,2007,5,40.0187,-75.1017,654.0,6,0,0,0,0,0,1,0,0,,0,0,0,6,5,1,2,,0,40 01:07.309,,0,75 06:05.983,8,0,0,0,67301,0,0,0,N,0,0,0,2,67301,0,,1,1,,N,N,,1,,0,0,0,3,3,,652,1,2,0,0,0,1,0,3,4,1,2,3,,N,,,,,,,,,,,
2007127673,9999.0,1,0,0,0,0,0,0,0,0,8,0,,67,10,2007,2,39.9282,-75.2307,9999.0,6,0,0,0,0,0,0,0,0,,0,0,0,99,3,1,1,,0,39 55:41.566,,0,75 13:50.404,3,0,0,0,67301,1,0,0,,1,0,0,2,67301,0,,1,1,,N,N,,0,,1,0,0,3,2,,9999,1,2,0,0,1,0,0,3,4,0,1,3,,N,,,,,,,,,,,
2007107354,1602.0,1,0,0,0,0,0,0,0,0,1,0,,67,9,2007,6,40.0124,-75.1395,1600.0,6,0,0,0,0,1,0,0,0,,0,0,0,15,1,1,1,,0,40 00:44.791,,0,75 08:22.131,2,0,1,1,67301,0,0,0,,0,0,0,1,67301,0,,1,1,,N,N,,1,,0,1,0,3,2,,1507,1,3,0,0,0,0,0,3,4,0,3,3,,N,,,,,,,,,,,
2007107467,210.0,2,0,0,0,0,0,0,0,0,2,0,,67,9,2007,4,39.9643,-75.1948,206.0,6,0,0,0,0,0,0,0,0,,0,0,0,2,3,1,0,,0,39 57:51.602,,0,75 11:41.254,4,0,0,0,67301,0,0,0,,0,0,0,1,67301,1,,6,1,,N,N,,0,,0,0,0,0,0,,200,1,3,0,0,0,0,0,3,4,1,3,3,,N,,,,,,,,,,,
2007107497,1740.0,2,0,0,0,0,0,0,0,0,1,0,,67,9,2007,5,39.9159,-75.2453,1733.0,6,0,0,0,0,1,0,0,0,,0,0,0,17,1,1,2,,0,39 54:57.000,,0,75 14:42.963,4,0,0,0,67301,0,0,0,N,0,0,0,2,67301,1,,1,1,,N,N,,0,,0,0,0,3,2,,1731,1,2,0,0,0,0,0,3,4,0,2,3,,N,,,,,,,,,,,
2007048208,1557.0,1,0,0,0,0,0,0,0,0,8,0,,67,1,2007,3,39.9566,-75.2424,1557.0,6,0,0,0,0,0,0,0,0,3.0,0,0,0,15,1,1,0,,2,39 57:23.785,6.0,0,75 14:32.542,4,0,0,0,67301,1,0,0,N,1,0,0,2,67301,1,,1,1,,N,Y,,0,,0,0,0,0,0,Y,1553,1,2,0,0,0,0,0,3,4,0,1,3,,N,,,,,,,,,,,
2007048296,2353.0,1,0,0,0,0,0,0,0,0,4,0,,67,2,2007,6,40.0195,-75.0557,2350.0,6,0,0,0,0,0,0,0,0,,0,0,0,23,3,0,0,,0,40 01:10.199,,0,75 03:20.503,0,0,0,0,67301,0,0,0,N,0,0,0,3,67301,0,,1,1,,N,N,,0,,0,0,0,0,0,,2350,0,2,0,0,0,0,0,3,4,1,2,3,,N,,,,,,,,,,,
2007048311,1223.0,1,0,0,0,0,0,0,0,0,7,0,,67,2,2007,2,39.9411,-75.1948,1223.0,6,0,0,0,0,0,0,0,0,,0,0,0,12,1,1,0,,0,39 56:35.295,,0,75 11:34.271,4,0,0,0,67301,0,0,0,N,0,0,0,1,67301,1,,3,1,,N,N,,0,,0,0,0,0,0,,1223,1,1,0,0,0,0,0,3,4,0,1,3,,N,,,,,,,,,,,
2007046044,2258.0,2,0,0,0,0,0,0,0,0,4,0,,67,2,2007,3,40.0531,-75.0402,2245.0,6,0,0,0,0,0,0,0,0,,0,0,0,22,3,2,1,,0,40 03:11.000,,0,75 02:24.781,4,0,0,0,67301,0,0,0,N,0,0,0,2,67301,2,,1,9,,N,N,,0,,0,0,0,3,2,,2240,2,2,0,0,0,0,0,3,4,0,2,7,,N,,,,,,,,,,,
2007046055,2140.0,2,0,0,0,0,0,0,0,0,4,0,,67,3,2007,3,40.0369,-75.0798,2132.0,6,0,0,0,0,0,0,0,0,,0,0,0,21,3,2,1,,0,40 02:12.854,,0,75 04:47.301,8,0,0,0,67301,0,0,0,N,0,0,0,4,67301,0,,1,1,,N,N,,0,,0,0,0,3,2,,2127,2,2,0,0,0,2,0,3,4,0,2,3,,N,,,,,,,,,,,
2007092941,1845.0,1,0,0,0,0,0,0,0,0,8,0,,67,6,2007,6,39.9537,-75.2191,1830.0,6,0,0,0,0,0,1,0,0,,0,0,0,18,1,1,2,,0,39 57:13.446,,0,75 13:08.932,4,0,0,0,67301,1,0,0,N,1,0,0,2,67301,1,,1,1,,N,N,,0,,0,0,0,0,0,,1830,1,2,0,0,0,0,0,3,4,0,1,3,,N,,,,,,,,,,,
2007092952,2335.0,3,0,0,0,0,0,0,0,0,1,0,,67,6,2007,7,39.9552,-75.2259,2330.0,6,0,0,0,0,0,0,0,0,,0,0,0,23,3,1,1,,0,39 57:18.000,,0,75 13:33.116,8,0,0,0,67301,0,0,0,,0,0,0,4,67301,0,,1,1,,,,,0,,0,0,0,0,0,,2330,1,3,0,0,0,1,3,3,4,0,3,3,,N,,,,,,,,,,,
2007092972,2037.0,1,0,0,0,0,0,0,0,0,1,0,,67,6,2007,6,40.0367,-75.1584,2036.0,6,0,0,0,0,0,1,0,0,,0,0,0,99,3,4,1,,0,40 02:12.109,,0,75 09:30.211,4,0,0,0,67301,0,0,0,,0,0,0,6,67301,4,,1,1,,,,,0,,0,0,1,3,2,,9999,4,2,0,0,0,0,0,3,4,0,2,3,,N,,,,,,,,,,,
2008017493,345.0,2,0,0,0,0,0,0,0,0,1,0,,67,12,2007,3,40.0466,-75.1537,336.0,6,0,0,0,0,0,0,0,0,,0,0,0,3,3,1,1,,0,40 02:47.655,,0,75 09:13.319,8,0,0,0,67301,0,0,0,N,0,0,0,1,67301,0,,1,1,,N,N,,0,,0,0,0,0,0,,330,1,2,0,0,0,1,0,3,4,0,2,3,,N,,,,,,,,,,,
2008007256,9999.0,2,0,0,0,0,0,0,0,0,4,0,,67,12,2007,7,39.9641,-75.1456,,6,0,0,0,0,0,0,0,0,,0,0,0,1,3,0,0,,0,39 57:50.598,,0,75 08:44.098,0,0,0,0,67301,0,0,0,N,0,0,0,1,67301,0,,6,1,,N,N,,0,,0,0,0,0,0,,120,0,2,0,0,0,0,0,3,4,0,2,3,,N,,,,,,,,,,,
2008007272,706.0,1,0,0,0,0,0,0,0,0,8,0,,67,11,2007,3,40.0392,-75.0597,704.0,6,0,0,0,0,0,0,0,0,9.0,0,0,0,7,5,1,0,,2,40 02:21.216,1.0,0,75 03:34.960,2,0,0,0,67301,1,0,1,N,1,0,1,2,67301,0,,1,9,,N,N,,0,,0,1,0,0,0,Y,700,1,2,0,0,0,0,0,3,4,0,1,7,,N,,,,,,,,,,,
2008007314,9999.0,2,0,0,0,0,0,0,0,0,1,0,,67,8,2007,4,39.997,-75.1786,9999.0,6,0,0,0,0,0,0,0,0,,0,0,0,14,1,1,1,,0,39 59:49.000,,0,75 10:42.862,8,0,0,0,67301,0,0,0,N,0,0,0,2,67301,0,,1,1,,N,N,,0,,0,0,0,3,2,,1430,1,2,0,0,0,1,1,3,4,0,2,3,,N,,,,,,,,,,,
2008007325,1830.0,1,0,0,0,0,0,1,0,0,4,1,,67,11,2007,5,39.9546,-75.1648,1827.0,6,0,0,0,0,0,0,0,0,2.0,0,0,0,18,3,0,5,,2,39 57:17.000,1.0,0,75 09:58.983,0,0,0,0,67301,0,0,0,N,0,0,0,2,67301,0,,1,1,,Y,N,,0,,0,0,0,0,0,N,1824,0,2,0,0,0,0,0,3,4,0,2,3,,N,,,,,,,,,,,
2008004906,200.0,0,0,0,0,0,0,0,0,0,8,0,,67,10,2007,3,40.0175,-75.0736,157.0,6,0,0,0,0,0,0,0,0,,0,0,0,1,2,1,0,,0,40 01:02.834,,0,75 04:24.988,4,0,0,0,67301,1,0,0,,1,0,0,2,67301,1,,1,1,,,,,0,,0,0,1,0,0,,149,1,2,0,0,0,0,1,3,4,0,1,3,,N,,,,,,,,,,,
2008005165,1927.0,1,0,0,0,0,0,0,0,0,8,0,,67,12,2007,7,39.9776,-75.1828,1927.0,6,0,0,0,0,0,0,0,0,,0,0,0,19,3,1,2,,0,39 58:39.000,,0,75 10:58.126,4,0,0,0,67301,1,0,0,,1,0,0,2,67301,1,,1,1,,N,N,,0,,0,0,0,3,2,,1927,1,2,0,0,1,0,0,3,4,0,1,3,,N,,,,,,,,,,,
2008005196,748.0,1,0,0,0,0,0,0,0,0,4,0,,67,10,2007,4,39.9946,-75.0945,743.0,6,0,0,0,0,0,0,0,0,,0,0,0,7,1,1,1,,0,39 59:40.000,,0,75 05:40.542,4,0,0,0,67301,0,0,0,,0,0,0,2,67301,1,,1,1,,N,N,,1,,0,0,0,3,2,,736,1,2,0,0,0,0,0,3,4,0,2,3,,N,,,,,,,,,,,
2008018068,910.0,1,0,0,0,0,0,0,0,0,7,0,,67,11,2007,2,39.9821,-75.1007,908.0,6,0,0,0,0,0,0,0,0,1.0,0,0,0,9,1,2,0,,1,39 58:55.000,1.0,1,75 06:02.543,3,0,0,0,67301,0,0,0,N,0,0,0,2,67301,0,,2,9,,,N,,0,,1,0,0,0,0,Y,908,2,1,0,0,0,1,0,3,4,0,1,7,,N,,,,,,,,,,,
2008005970,727.0,1,0,0,0,0,0,0,0,0,4,0,,67,11,2007,3,39.9809,-75.2395,725.0,6,0,0,0,0,0,0,0,0,,0,0,0,7,1,1,2,,0,39 58:51.290,,0,75 14:22.185,8,0,0,0,67301,0,0,0,N,0,0,0,1,67301,0,,1,9,,N,Y,,0,,0,0,0,0,0,,725,1,2,0,0,0,1,0,3,4,1,2,3,,N,,,,,,,,,,,
2008005989,1145.0,2,0,0,0,0,0,0,0,0,4,0,,67,10,2007,3,39.9959,-75.0921,1145.0,6,0,0,0,0,0,1,0,1,1.0,0,0,0,99,1,2,1,,2,39 59:45.000,6.0,0,75 05:31.432,3,0,0,0,67301,0,0,0,N,0,0,0,3,67301,0,,1,1,,N,N,,1,,2,0,0,3,2,N,9999,2,3,0,0,0,0,0,3,4,0,3,3,,N,,,,,,,,,,,
2008006003,1625.0,1,0,0,0,0,0,0,0,0,8,0,99.0,67,11,2007,3,40.0405,-75.0623,1620.0,6,0,0,0,0,0,0,0,0,,0,0,0,10,1,1,1,,0,40 02:25.864,,0,75 03:44.189,3,0,0,0,67301,1,0,0,N,1,0,0,2,67301,0,,1,1,,N,N,,0,,1,0,0,3,2,,1030,1,2,0,0,0,0,0,3,4,0,1,3,,Y,8.0,8.0,U,,,U,,,,,
2008044937,2356.0,1,0,0,0,0,0,0,0,0,1,0,,67,12,2007,4,39.9818,-75.2074,2317.0,6,0,0,0,1,0,1,0,0,,0,0,0,23,3,0,0,,0,39 58:57.000,,0,75 12:28.737,0,0,0,0,67301,0,0,0,N,0,0,0,3,68K01,0,,1,1,,N,N,,1,,0,0,0,0,0,,2316,0,2,0,0,0,0,0,3,4,0,2,3,,N,,,,,,,,,,,
2008032470,,2,0,0,0,0,0,0,0,0,1,0,,67,4,2007,6,40.0312,-75.0852,,6,0,0,0,0,0,2,0,0,,0,0,0,5,1,1,1,,0,40 01:52.000,,0,75 05:06.866,3,0,0,0,67301,0,0,0,N,0,0,0,2,,0,,1,1,,N,N,,0,,1,0,0,3,2,,500,1,2,0,0,1,0,0,3,4,0,2,3,,N,,,,,,,,,,,
2008057211,1324.0,1,0,0,0,0,0,0,0,0,8,0,,67,12,2007,1,39.9153,-75.1598,1320.0,6,0,0,0,0,0,0,0,0,,0,0,0,99,1,1,1,,0,39 54:55.080,,0,75 09:35.242,4,0,0,0,67301,1,0,0,,1,0,0,2,67301,1,,1,1,,,,,0,,0,0,0,3,2,,9999,1,2,0,0,0,0,0,3,4,0,1,3,,N,,,,,,,,,,,
2008018868,1749.0,1,0,0,0,0,0,0,0,0,8,0,,67,12,2007,5,39.9487,-75.1589,1746.0,6,0,0,0,0,0,1,0,0,,0,0,0,17,3,1,1,,0,39 56:55.000,,0,75 09:32.048,4,0,0,0,67301,1,0,0,N,1,0,0,3,67301,1,,1,9,,N,N,,0,,0,0,0,3,2,,1736,1,2,0,0,0,0,0,3,4,0,1,7,,N,,,,,,,,,,,
2008029088,930.0,2,0,0,0,0,0,0,0,0,4,0,,67,12,2007,2,39.984,-75.1864,929.0,6,0,0,0,0,0,1,0,0,,0,0,0,9,1,1,2,,0,39 59:02.306,,0,75 11:10.881,8,0,0,0,67301,0,0,0,,0,0,0,2,67301,0,,1,1,,,,,0,,0,0,0,3,2,,900,1,2,0,0,0,1,0,3,4,0,2,3,,N,,,,,,,,,,,
2008029107,1310.0,1,0,0,0,0,0,0,0,0,1,0,,67,12,2007,7,40.0252,-75.1252,1305.0,6,0,0,0,0,0,0,0,0,,0,0,0,13,1,4,0,,0,40 01:30.000,,0,75 07:30.784,4,0,0,0,67301,0,0,0,N,0,0,0,5,67301,4,,1,1,,N,N,,0,,0,0,1,0,0,,1305,4,2,0,0,0,0,0,3,4,0,2,3,,N,,,,,,,,,,,
2008023732,325.0,3,0,0,0,0,0,0,0,0,4,0,,67,12,2007,1,40.1191,-75.0078,316.0,6,0,0,0,0,0,2,0,0,,0,0,0,3,3,2,0,,0,40 07:08.688,,7,75 00:28.087,8,0,0,0,67301,0,0,0,N,0,0,0,2,67301,0,,1,9,,N,N,,0,,0,0,0,3,2,,300,2,3,0,0,0,2,0,3,4,0,3,7,,N,,,,,,,,,,,
2008023774,124.0,3,0,0,0,0,0,0,0,0,1,0,,67,12,2007,6,40.0075,-75.1028,122.0,6,0,0,0,0,0,0,0,0,,0,0,0,1,6,1,0,,0,40 00:26.935,,0,75 06:10.173,8,0,0,0,67301,0,0,0,,0,0,0,1,67301,0,,6,1,,,,,0,,0,0,0,0,0,,118,1,3,0,0,0,1,0,3,4,0,3,3,,N,,,,,,,,,,,
2008006607,1740.0,2,0,0,0,0,0,0,0,0,4,0,,67,11,2007,2,40.0147,-75.2062,1738.0,6,0,0,0,0,0,0,0,0,2.0,0,0,0,17,3,2,0,,2,40 00:52.853,5.0,0,75 12:22.289,8,0,0,0,67301,0,0,0,,0,0,0,2,67301,0,,1,9,,N,N,,0,,0,0,0,0,0,N,1738,2,2,0,0,2,2,0,3,4,0,2,7,,N,,,,,,,,,,,
2008006660,2235.0,2,0,0,0,0,0,0,0,0,2,0,,67,10,2007,4,40.0098,-75.0638,2030.0,6,0,0,0,0,0,0,0,0,,0,0,0,20,3,3,0,,0,40 00:35.117,,0,75 03:49.608,2,0,0,0,67301,0,0,0,,0,0,0,3,67301,0,,1,9,,N,N,,0,,0,1,0,0,0,,2025,3,2,0,0,0,2,0,3,4,0,2,7,,N,,,,,,,,,,,
2008001919,1740.0,3,0,0,0,0,0,0,0,0,1,0,,67,11,2007,1,39.9835,-75.2082,1736.0,6,0,0,0,0,0,0,0,0,,0,0,0,17,3,1,0,,0,39 59:04.000,,0,75 12:30.054,8,0,0,0,67301,0,0,0,N,0,0,0,7,68K01,0,,1,1,,N,N,,0,,0,0,0,0,0,,1732,1,3,0,0,0,1,0,3,4,0,3,3,,N,,,,,,,,,,,
2007047557,1538.0,1,0,0,0,0,0,0,0,0,6,0,,67,3,2007,4,39.9161,-75.239,1533.0,6,0,0,1,0,1,0,0,0,,0,0,0,15,1,1,1,,0,39 54:58.000,,0,75 14:20.244,8,0,0,1,67301,0,0,0,N,0,0,0,2,67301,0,,1,1,,N,N,,0,,0,0,0,3,2,,1530,1,2,0,0,0,1,0,3,4,0,2,3,,N,,,,,,,,,,,
2007047562,2155.0,2,0,0,0,0,0,0,0,0,4,0,,67,3,2007,5,40.0117,-75.1631,2135.0,6,0,0,0,0,0,2,0,0,,0,0,0,21,3,1,3,,0,40 00:41.000,,0,75 09:47.161,8,0,0,0,67301,1,0,0,N,1,0,0,4,67301,0,,1,9,,N,N,,0,,0,0,0,3,4,,2135,1,3,0,0,0,1,0,3,4,0,2,7,,N,,,,,,,,,,,
2007047626,1622.0,1,0,0,0,0,0,0,0,0,8,0,,67,2,2007,5,40.0612,-75.0835,1620.0,6,0,0,0,0,0,0,0,0,1.0,0,0,0,16,1,1,1,,1,40 03:40.000,2.0,0,75 05:00.751,8,0,0,0,67301,1,0,0,N,1,0,0,2,67301,0,,1,1,,N,N,,0,,0,0,0,3,2,Y,1619,1,2,0,0,0,1,0,3,4,0,1,3,,N,,,,,,,,,,,
2007106815,1035.0,1,0,0,0,0,0,0,0,0,5,1,,67,6,2007,4,39.9274,-75.1954,959.0,6,0,0,0,0,0,0,0,1,,0,1,0,9,1,0,0,,0,39 55:40.000,,0,75 11:44.749,0,0,0,0,67301,0,0,0,N,0,0,0,2,67301,0,,1,1,,N,N,,0,,0,0,0,0,0,,956,0,2,0,0,0,0,0,3,4,0,2,3,,N,,,,,,,,,,,
2007109411,1256.0,2,0,0,0,0,0,0,0,0,4,0,,67,8,2007,2,39.9984,-75.1286,1256.0,6,0,0,0,0,0,0,0,0,,0,0,0,12,1,1,2,,0,39 59:54.000,,0,75 07:43.119,4,0,0,0,67301,0,0,0,,0,0,0,4,67301,1,,1,1,,,,,0,,0,0,0,9,3,,1250,1,2,0,0,0,0,0,3,4,0,2,3,,N,,,,,,,,,,,
2007047812,1606.0,1,0,0,0,0,0,0,0,0,4,0,,67,2,2007,6,39.9678,-75.1602,1604.0,6,0,0,0,0,0,1,0,0,1.0,0,0,0,16,1,1,2,,2,39 58:04.000,3.0,0,75 09:36.548,4,0,0,0,67301,0,0,0,N,0,0,0,3,67301,1,,1,1,,N,N,,0,,0,0,0,0,0,Y,1602,1,2,0,0,0,0,0,3,4,1,2,3,,N,,,,,,,,,,,
2007047826,1010.0,1,0,0,0,0,0,0,0,0,4,0,,67,2,2007,7,40.0319,-75.1315,1002.0,6,0,0,0,0,0,1,0,0,,0,0,0,10,1,0,0,,0,40 01:54.919,,0,75 07:53.446,0,0,0,0,67301,0,0,0,,0,0,0,2,67301,0,,1,1,,N,N,,0,,0,0,0,0,0,,1002,0,2,0,0,0,0,0,3,4,1,2,3,,N,,,,,,,,,,,
2007047852,1729.0,3,0,0,0,0,0,0,0,0,1,0,,67,3,2007,5,39.9736,-75.2474,1725.0,6,0,0,0,0,0,0,0,0,,0,0,0,17,1,1,0,,0,39 58:25.024,,0,75 14:50.601,8,0,0,0,67301,0,0,0,N,0,0,0,1,67301,0,,1,1,,N,N,,0,,0,0,0,3,3,,1715,1,3,0,0,0,1,0,3,4,0,3,3,,N,,,,,,,,,,,