CRN,ARRIVAL_TM,AUTOMOBILE_COUNT,BELTED_DEATH_COUNT,BELTED_SUSP_SERIOUS_INJ_COUNT,BICYCLE_COUNT,BICYCLE_DEATH_COUNT,BICYCLE_SUSP_SERIOUS_INJ_COUNT,BUS_COUNT,CHLDPAS_DEATH_COUNT,CHLDPAS_SUSP_SERIOUS_INJ_COUNT,COLLISION_TYPE,COMM_VEH_COUNT,CONS_ZONE_SPD_LIM,COUNTY,CRASH_MONTH,CRASH_YEAR,DAY_OF_WEEK,DEC_LAT,DEC_LONG,DISPATCH_TM,DISTRICT,DRIVER_COUNT_16YR,DRIVER_COUNT_17YR,DRIVER_COUNT_18YR,DRIVER_COUNT_19YR,DRIVER_COUNT_20YR,DRIVER_COUNT_50_64YR,DRIVER_COUNT_65_74YR,DRIVER_COUNT_75PLUS,EST_HRS_CLOSED,FATAL_COUNT,HEAVY_TRUCK_COUNT,HORSE_BUGGY_COUNT,HOUR_OF_DAY,ILLUMINATION,INJURY_COUNT,INTERSECT_TYPE,INTERSECTION_RELATED,LANE_CLOSED,LATITUDE,LN_CLOSE_DIR,LOCATION_TYPE,LONGITUDE,MAX_SEVERITY_LEVEL,MCYCLE_DEATH_COUNT,MCYCLE_SUSP_SERIOUS_INJ_COUNT,MOTORCYCLE_COUNT,MUNICIPALITY,NONMOTR_COUNT,NONMOTR_DEATH_COUNT,NONMOTR_SUSP_SERIOUS_INJ_COUNT,NTFY_HIWY_MAINT,PED_COUNT,PED_DEATH_COUNT,PED_SUSP_SERIOUS_INJ_COUNT,PERSON_COUNT,POLICE_AGCY,POSSIBLE_INJ_COUNT,RDWY_SURF_TYPE_CD,RELATION_TO_ROAD,ROAD_CONDITION,ROADWAY_CLEARED,SCH_BUS_IND,SCH_ZONE_IND,SECONDARY_CRASH,SMALL_TRUCK_COUNT,SPEC_JURIS_CD,SUSP_MINOR_INJ_COUNT,SUSP_SERIOUS_INJ_COUNT,SUV_COUNT,TCD_FUNC_CD,TCD_TYPE,TFC_DETOUR_IND,TIME_OF_DAY,TOT_INJ_COUNT,TOTAL_UNITS,UNB_DEATH_COUNT,UNB_SUSP_SERIOUS_INJ_COUNT,UNBELTED_OCC_COUNT,UNK_INJ_DEG_COUNT,UNK_INJ_PER_COUNT,URBAN_AREA,URBAN_RURAL,VAN_COUNT,VEHICLE_COUNT,WEATHER1,WEATHER2,WORK_ZONE_IND,WORK_ZONE_LOC,WORK_ZONE_TYPE,WORKERS_PRES,WZ_CLOSE_DETOUR,WZ_FLAGGER,WZ_LAW_OFFCR_IND,WZ_LN_CLOSURE,WZ_MOVING,WZ_OTHER,WZ_SHLDER_MDN,WZ_WORKERS_INJ_KILLED
2007047962,225.0,1,0,0,0,0,0,0,0,0,7,0,,67,3,2007,5,40.0333,-75.0206,224.0,6,0,0,0,0,0,0,0,0,2.0,0,0,0,2,3,2,0,,1,40 01:58.000,2.0,0,75 01:15.367,2,0,0,0,67301,0,0,0,N,0,0,0,2,67301,1,,4,1,,N,N,,0,,0,1,0,0,0,N,220,2,1,0,1,1,0,0,3,4,0,1,3,,N,,,,,,,,,,,
2007047972,225.0,1,0,0,0,0,0,0,0,0,7,0,,67,3,2007,3,39.9834,-75.0978,219.0,6,0,0,0,0,0,0,0,0,1.0,0,0,0,2,3,1,0,,2,39 59:00.284,1.0,0,75 05:51.927,4,0,0,0,67301,0,0,0,N,0,0,0,1,67301,1,,2,1,,N,N,,0,,0,0,0,0,0,Y,218,1,1,0,0,1,0,0,3,4,0,1,3,,N,,,,,,,,,,,
2007090956,1847.0,2,0,0,0,0,0,0,0,0,1,0,,67,7,2007,1,39.9483,-75.1856,1847.0,6,0,0,0,0,0,0,0,0,,0,0,0,18,1,0,6,,0,39 56:54.000,,2,75 11:08.209,0,0,0,0,67301,0,0,0,N,0,0,0,3,68K01,0,,1,1,,N,N,,0,,0,0,0,0,0,,1846,0,2,0,0,0,0,0,3,4,0,2,3,,N,,,,,,,,,,,
2007125109,1930.0,1,0,0,0,0,0,0,0,0,8,0,,67,11,2007,6,39.9334,-75.2257,1925.0,6,0,0,0,0,0,0,0,0,,0,0,0,19,3,1,0,,0,39 56:00.186,,0,75 13:32.466,3,0,0,0,67301,1,0,0,N,1,0,0,2,67301,0,,1,1,,N,N,,0,,1,0,0,3,3,,1905,1,2,0,0,0,0,0,3,4,0,1,3,,N,,,,,,,,,,,
2007107473,810.0,1,0,0,0,0,0,0,0,0,7,0,,67,9,2007,2,39.999,-75.1195,805.0,6,0,0,0,0,0,0,0,0,,0,0,0,8,1,1,0,,0,39 59:56.576,,0,75 07:10.203,4,0,0,0,67301,0,0,0,,0,0,0,2,67301,1,,5,1,,N,N,,0,,0,0,0,0,0,,800,1,1,0,0,0,0,0,3,4,0,1,3,,N,,,,,,,,,,,
2007048334,102.0,1,0,0,0,0,0,0,0,0,8,0,,67,3,2007,7,39.9534,-75.1716,102.0,6,0,0,0,0,0,1,0,0,,0,0,0,1,3,1,1,,0,39 57:12.000,,0,75 10:17.839,4,0,0,0,67301,1,0,0,N,1,0,0,2,67301,1,,1,1,,N,N,,0,,0,0,0,3,2,,100,1,2,0,0,0,0,0,3,4,0,1,3,,N,,,,,,,,,,,
2007092939,247.0,3,0,0,0,0,0,0,0,0,2,0,,67,7,2007,1,40.0315,-75.1286,245.0,6,0,0,0,0,1,0,0,0,2.0,0,0,0,2,3,5,1,,2,40 01:53.367,7.0,0,75 07:43.093,8,0,0,0,67301,0,0,0,N,0,0,0,6,67301,0,,1,1,,N,N,,0,,0,0,0,3,3,N,240,5,3,0,0,0,5,0,3,4,0,3,3,,N,,,,,,,,,,,
2007092949,1727.0,1,0,0,0,0,0,0,0,0,2,0,,67,7,2007,3,39.9942,-75.2355,1725.0,6,0,0,0,0,0,0,0,0,,0,0,0,17,1,1,2,,0,39 59:39.037,,0,75 14:07.652,8,0,0,0,67301,0,0,0,N,0,0,0,4,67301,0,,1,1,,N,N,,0,,0,0,1,0,0,,1720,1,2,0,0,0,1,0,3,4,0,2,3,,N,,,,,,,,,,,
2007092965,915.0,0,0,0,0,0,0,0,0,0,5,0,,67,7,2007,7,39.9651,-75.1401,900.0,6,0,0,0,0,0,1,0,0,,0,0,0,9,1,1,3,,0,39 57:54.324,,0,75 08:24.244,4,0,0,1,67301,0,0,0,,0,0,0,1,67301,1,,1,1,,N,N,,1,,0,0,0,0,0,,930,1,2,0,0,0,0,0,3,4,0,2,3,,N,,,,,,,,,,,
2008017505,2348.0,1,0,0,0,0,0,0,0,0,5,0,,67,12,2007,7,40.0084,-75.1312,2346.0,6,0,0,0,0,0,0,0,0,1.0,0,0,0,23,2,3,0,,2,40 00:30.333,5.0,0,75 07:52.471,3,0,0,0,67301,0,0,0,N,0,0,0,7,67301,2,,1,1,,N,N,,1,,1,0,0,0,0,N,2335,3,2,0,0,0,0,0,3,4,0,2,3,,N,,,,,,,,,,,
2008007262,1453.0,1,0,0,0,0,0,0,0,0,1,0,,67,10,2007,4,39.9701,-75.1597,1452.0,6,0,0,0,0,1,0,0,0,3.0,0,0,0,14,1,3,0,,2,39 58:12.000,1.0,0,75 09:34.792,8,0,0,0,67301,0,0,0,N,0,0,0,4,67301,0,,1,1,,N,N,,0,,0,0,2,0,0,Y,1441,3,3,0,0,0,3,0,3,4,0,3,3,,N,,,,,,,,,,,
2008000423,1754.0,1,0,0,0,0,0,0,0,0,8,0,,67,10,2007,1,40.0394,-75.1002,1753.0,6,0,0,0,0,0,0,0,0,,0,0,0,17,1,1,2,,0,40 02:21.980,,0,75 06:00.820,4,0,0,0,67301,1,0,0,N,1,0,0,2,67301,1,,1,1,,N,N,,0,,0,0,0,0,0,,1753,1,2,0,0,0,0,0,3,4,0,1,3,,N,,,,,,,,,,,
2008060623,810.0,2,0,0,0,0,0,0,0,0,4,0,,67,12,2007,5,39.9724,-75.1665,809.0,6,0,0,0,0,0,1,0,0,3.0,0,0,0,8,1,0,1,,1,39 58:20.544,3.0,0,75 09:59.380,0,0,0,0,67301,0,0,0,N,0,0,0,3,67301,0,,1,9,,N,N,,0,,0,0,0,3,2,Y,807,0,2,0,0,0,0,0,3,4,0,2,7,,N,,,,,,,,,,,
2008018204,627.0,2,0,0,0,0,0,0,0,0,7,0,,67,12,2007,6,,,625.0,6,0,0,0,0,0,0,0,0,2.0,0,0,0,6,3,1,0,,1,,4.0,0,,4,0,0,0,67301,0,0,0,N,0,0,0,2,67501,1,,2,2,,N,N,,0,,0,0,0,3,8,N,625,1,2,0,0,0,0,0,3,3,0,2,5,,N,,,,,,,,,,,
2008034446,,2,0,0,0,0,0,0,0,0,1,0,,67,10,2007,6,39.9546,-75.181,,6,0,0,0,0,0,0,1,0,,0,0,0,17,1,0,0,,0,39 57:16.000,,0,75 10:51.695,9,0,0,0,67301,0,0,0,N,0,0,0,2,,0,,1,1,,N,N,,0,,0,0,0,0,0,,1710,0,2,0,0,0,0,2,3,4,0,2,3,,N,,,,,,,,,,,
2008005973,1818.0,1,0,0,1,0,0,0,0,0,4,0,,67,11,2007,3,39.9804,-75.2247,1818.0,6,0,0,0,0,0,1,0,0,,0,0,0,18,3,1,1,,0,39 58:49.616,,0,75 13:28.851,4,0,0,0,67301,1,0,0,N,0,0,0,2,67301,1,,1,1,,N,N,,0,,0,0,0,3,2,,1810,1,2,0,0,0,0,0,3,4,0,1,3,,N,,,,,,,,,,,
2008020670,413.0,1,0,0,0,0,0,0,0,0,7,0,,67,12,2007,1,39.979,-75.2035,406.0,6,0,0,0,0,0,0,0,0,,0,0,0,4,3,0,0,,0,39 58:46.000,,0,75 12:16.301,0,0,0,0,67301,0,0,0,N,0,0,0,1,68K01,0,,2,9,,N,N,,0,,0,0,0,0,0,,403,0,1,0,0,0,0,0,3,4,0,1,7,,N,,,,,,,,,,,
2008035070,,1,0,0,0,0,0,0,0,0,1,0,,67,6,2007,7,,,,6,0,0,0,0,0,0,0,0,,0,0,0,99,1,1,0,,0,,,0,,4,0,0,0,67301,0,0,0,,0,0,0,2,00000,1,,1,1,,,,,0,,0,0,0,0,0,,9999,1,2,0,0,0,0,1,3,3,0,2,3,,N,,,,,,,,,,,
2008014361,1601.0,1,0,0,0,0,0,0,0,0,7,0,,67,11,2007,7,40.008,-75.2025,1531.0,6,0,0,0,0,0,0,0,0,2.0,0,0,0,15,1,0,0,,1,40 00:29.000,3.0,0,75 12:09.976,0,0,0,0,67301,0,0,0,N,0,0,0,1,68K01,0,,2,1,,N,N,,0,,0,0,0,0,0,N,1525,0,1,0,0,0,0,0,3,4,0,1,3,,N,,,,,,,,,,,
2008023701,1440.0,1,0,0,0,0,0,0,0,0,8,0,,67,12,2007,5,40.0593,-75.086,1430.0,6,0,0,1,0,0,0,0,0,,0,0,0,14,1,1,0,,0,40 03:33.000,,0,75 05:09.660,4,0,0,0,67301,1,0,0,,1,0,0,4,67301,1,,1,1,,,,,0,,0,0,0,0,0,,1425,1,2,0,0,0,0,0,3,4,0,1,3,,N,,,,,,,,,,,
2008016344,1710.0,1,0,0,0,0,0,0,0,0,2,0,,67,12,2007,5,39.9119,-75.1728,1705.0,6,0,1,0,0,0,0,0,0,,0,0,0,99,3,1,1,,0,39 54:42.000,,0,75 10:21.917,8,0,0,0,67301,0,0,0,N,0,0,0,3,67301,0,,1,1,,N,N,,1,,0,0,0,3,2,,9999,1,2,0,0,0,1,0,3,4,0,2,3,,N,,,,,,,,,,,
2008016358,2359.0,1,0,0,0,0,0,0,0,0,1,0,,67,12,2007,5,40.0155,-75.1769,2358.0,6,0,0,0,0,0,0,0,0,1.0,0,0,0,23,3,1,7,,2,40 00:55.000,2.0,2,75 10:36.780,3,0,0,0,67301,0,0,0,N,0,0,0,2,67301,0,,1,1,,N,N,,0,,1,0,1,0,0,N,2357,1,2,0,0,0,0,0,3,4,0,2,3,,N,,,,,,,,,,,
2008024245,200.0,4,0,0,0,0,0,0,0,0,2,0,,67,12,2007,6,39.9625,-75.2071,155.0,6,0,0,0,0,0,0,1,0,,0,0,0,1,2,0,0,,0,39 57:44.915,,0,75 12:25.086,0,0,0,0,67301,0,0,0,,0,0,0,1,67301,0,,1,1,,,,,0,,0,0,0,0,0,,150,0,4,0,0,0,0,0,3,4,0,4,3,,N,,,,,,,,,,,
2008016961,57.0,1,0,0,0,0,0,0,0,0,4,0,,67,12,2007,3,39.942,-75.1556,56.0,6,0,0,0,0,0,0,0,0,,0,0,0,0,3,1,2,,0,39 56:31.110,,0,75 09:20.059,4,0,0,0,67301,0,0,0,N,0,0,0,1,67301,1,,1,1,,N,N,,0,,0,0,2,0,0,,56,1,3,0,0,1,0,0,3,4,0,3,3,,N,,,,,,,,,,,
2008017111,108.0,3,0,0,0,0,0,0,0,0,1,0,,67,12,2007,3,40.0603,-75.149,103.0,6,0,0,0,0,0,0,0,0,,0,0,0,0,3,1,0,,0,40 03:37.206,,0,75 08:56.446,8,0,0,0,67301,0,0,0,N,0,0,0,2,67301,0,,6,1,,N,N,,0,,0,0,1,0,0,,48,1,5,0,0,0,1,0,3,4,1,5,3,,N,,,,,,,,,,,
2008019693,145.0,0,0,0,0,0,0,1,0,0,8,1,,67,12,2007,6,39.9518,-75.1718,138.0,6,0,0,0,0,0,0,0,0,,0,0,0,21,3,1,1,,0,39 57:06.000,,0,75 10:18.367,8,0,0,0,67301,1,0,0,N,1,0,0,2,67301,0,,1,1,,N,N,,0,,0,0,0,9,2,,2145,1,2,0,0,0,1,1,3,4,0,1,99,,N,,,,,,,,,,,
2008017046,507.0,1,0,0,0,0,0,0,0,0,1,0,,67,12,2007,3,40.1026,-75.0289,506.0,6,0,0,0,0,0,0,0,0,,0,0,0,5,3,1,1,,0,40 06:09.000,,0,75 01:43.912,4,0,0,0,67301,0,0,0,N,0,0,0,2,67301,1,,1,1,,N,N,,0,,0,0,1,3,2,,504,1,2,0,0,1,0,0,3,4,0,2,3,,N,,,,,,,,,,,
2008037023,532.0,2,0,0,0,0,0,0,0,0,1,0,,67,12,2007,2,39.9433,-75.1922,524.0,6,0,0,0,0,0,1,0,0,2.0,0,0,0,5,3,0,0,,2,39 56:36.000,4.0,2,75 11:32.057,0,0,0,0,67301,0,0,0,,0,0,0,3,68K01,0,,1,2,,,,,0,,0,0,0,0,0,Y,524,0,2,0,0,0,0,0,3,4,0,2,3,,N,,,,,,,,,,,
2008054089,212.0,3,0,0,0,0,0,0,0,0,4,0,,67,11,2007,3,39.9215,-75.1769,204.0,6,0,0,0,0,0,0,0,0,,0,0,0,99,3,0,2,,0,39 55:17.374,,0,75 10:36.926,9,0,0,0,67301,0,0,0,N,0,0,0,2,67301,0,,1,9,,N,N,,1,,0,0,1,3,2,,9999,0,5,0,0,0,0,1,3,4,0,5,3,,N,,,,,,,,,,,
2008051734,1815.0,0,0,0,0,0,0,0,0,0,4,0,,67,12,2007,1,39.9304,-75.1581,1811.0,6,0,0,0,0,0,0,0,0,3.0,0,0,0,18,3,1,1,,2,39 55:49.436,7.0,0,75 09:29.213,3,0,0,0,67301,0,0,0,,0,0,0,6,67301,0,,1,9,,N,N,,0,,1,0,0,2,3,Y,1810,1,2,0,0,0,0,1,3,4,2,2,7,,N,,,,,,,,,,,
2008003734,401.0,1,0,0,0,0,0,0,0,0,1,0,,67,9,2007,7,,,401.0,6,0,0,0,0,0,0,0,0,,0,0,0,4,2,0,6,,0,,,2,,9,0,0,0,67301,0,0,0,N,0,0,0,2,68K01,0,,1,1,,N,N,,0,,0,0,0,3,3,,401,0,2,0,0,0,0,2,3,3,0,2,3,,N,,,,,,,,,,,
2008028951,943.0,1,0,0,0,0,0,0,0,0,7,0,,67,12,2007,1,,,937.0,6,0,0,0,0,0,0,0,0,,0,0,0,9,1,0,0,,0,,,0,,0,0,0,0,67301,0,0,0,N,0,0,0,1,67301,0,,2,9,,N,N,,0,,0,0,0,0,0,,935,0,1,0,0,0,0,0,3,3,0,1,7,,N,,,,,,,,,,,
2008006450,1612.0,1,0,0,0,0,0,0,0,0,4,0,,67,11,2007,4,40.0577,-75.1661,1611.0,6,0,0,0,0,0,0,0,0,,0,0,0,15,1,1,3,,0,40 03:27.557,,0,75 09:57.853,2,0,1,1,67301,0,0,0,,0,0,0,3,67301,0,,1,1,,,,,0,,0,1,0,3,2,,1500,1,2,0,0,0,0,0,3,4,0,2,3,,N,,,,,,,,,,,
2008023963,246.0,0,0,0,0,0,0,0,0,0,7,0,,67,12,2007,1,40.1177,-74.9922,243.0,6,0,0,0,0,0,0,0,0,2.0,0,0,0,2,3,1,0,,2,40 07:03.582,6.0,0,74 59:31.994,3,0,0,0,67301,0,0,0,N,0,0,0,2,67301,0,,5,1,,N,N,,1,,1,0,0,0,0,Y,230,1,1,0,0,0,0,1,3,4,0,1,3,,N,,,,,,,,,,,
2008072611,2205.0,2,0,0,0,0,0,0,0,0,1,0,,67,4,2007,6,39.9977,-75.0888,2157.0,6,0,0,0,0,0,0,0,0,,0,0,0,21,3,1,0,,0,39 59:51.850,,0,75 05:19.649,3,0,0,0,67301,0,0,0,N,0,0,0,2,67301,0,,1,1,,N,N,,0,,1,0,0,0,0,,2130,1,2,0,0,0,0,0,3,4,0,2,3,,N,,,,,,,,,,,
2008038674,100.0,1,0,0,0,0,0,0,0,0,7,0,,67,12,2007,2,39.9803,-75.2056,100.0,6,0,0,0,0,0,0,0,0,1.0,0,0,0,0,3,0,0,,1,39 58:51.000,3.0,0,75 12:23.997,0,0,0,0,67301,0,0,0,N,0,0,0,1,68K01,0,,2,9,,N,N,,0,,0,0,0,0,0,Y,58,0,1,0,0,0,0,0,3,4,0,1,7,,N,,,,,,,,,,,
2007047628,1225.0,2,0,0,0,0,0,0,0,0,4,0,,67,3,2007,3,40.0595,-75.052,1209.0,6,0,0,0,0,0,1,0,0,,0,0,0,12,1,7,1,,0,40 03:34.000,,0,75 03:07.430,4,0,0,0,67301,0,0,0,N,0,0,0,8,67301,7,,1,1,,N,N,,0,,0,0,0,3,2,,1205,7,2,0,0,0,0,0,3,4,0,2,3,,N,,,,,,,,,,,
2007067658,548.0,0,0,0,0,0,0,2,0,0,1,2,,67,5,2007,4,39.9933,-75.186,542.0,6,0,0,0,0,0,0,0,0,,0,0,0,5,1,1,1,,0,39 59:35.829,,0,75 11:09.657,8,0,0,0,67301,0,0,0,N,0,0,0,2,67301,0,,1,1,,N,N,,0,,0,0,0,9,2,,535,1,2,0,0,0,1,0,3,4,0,2,98,,N,,,,,,,,,,,
2007106807,505.0,1,0,0,0,0,0,0,0,0,7,0,,67,8,2007,1,39.9862,-75.0922,501.0,6,0,0,0,0,1,0,0,0,,0,0,0,5,3,0,7,,0,39 59:10.320,,0,75 05:31.560,0,0,0,0,67301,0,0,0,N,0,0,0,2,67301,0,,3,1,,N,N,,0,,0,0,0,0,0,,500,0,1,0,0,0,0,0,3,4,0,1,3,,N,,,,,,,,,,,
2007106825,1158.0,2,0,0,0,0,0,0,0,0,1,0,,67,8,2007,7,39.983,-75.1014,1156.0,6,0,0,0,0,0,1,0,0,,0,0,0,11,1,1,1,,0,39 58:58.000,,0,75 06:05.381,4,0,0,0,67301,0,0,0,N,0,0,0,2,67301,1,,5,1,,N,N,,0,,0,0,1,3,2,,1150,1,3,0,0,1,0,0,3,4,0,3,3,,N,,,,,,,,,,,
2007106826,1345.0,2,0,0,0,0,0,0,0,0,1,0,,67,8,2007,7,40.0102,-75.0981,1337.0,6,0,0,0,0,0,1,0,0,,0,0,0,13,1,1,1,,0,40 00:37.000,,0,75 05:53.072,4,0,0,0,67301,0,0,0,N,0,0,0,2,67301,1,,1,1,,N,N,,0,,0,0,0,3,2,,1327,1,2,0,0,2,0,0,3,4,0,2,3,,N,,,,,,,,,,,
2007047800,2127.0,1,0,0,0,0,0,0,0,0,4,0,,67,3,2007,3,40.0976,-75.0188,2125.0,6,1,0,0,0,0,0,0,0,1.0,0,0,0,99,3,0,0,,1,40 05:51.219,3.0,7,75 01:07.777,0,0,0,0,67301,0,0,0,N,0,0,0,3,67301,0,,1,1,,N,N,,0,,0,0,1,0,0,N,9999,0,2,0,0,1,0,0,3,4,0,2,3,,N,,,,,,,,,,,
2007047810,1645.0,2,0,0,0,0,0,0,0,0,4,0,,67,2,2007,5,40.0558,-75.0794,1645.0,6,0,0,0,0,0,0,0,0,,0,0,0,16,1,1,0,,0,40 03:20.900,,0,75 04:45.800,8,0,0,0,67301,0,0,0,N,0,0,0,2,67301,0,,1,1,,N,N,,0,,0,0,0,0,0,,1645,1,3,0,0,0,1,0,3,4,1,3,3,,N,,,,,,,,,,,
2007047956,655.0,1,0,0,0,0,0,0,0,0,7,0,,67,3,2007,7,39.8788,-75.2499,640.0,6,0,0,0,0,0,0,0,0,,0,0,0,6,3,0,0,,0,39 52:43.680,,0,75 14:59.640,0,0,0,0,67301,0,0,0,N,0,0,0,2,67301,0,,2,6,,N,N,,0,,0,0,0,0,0,,638,0,1,0,0,0,0,0,3,4,0,1,10,,N,,,,,,,,,,,
2007093409,200.0,2,0,0,0,0,0,0,0,0,6,0,,67,7,2007,7,40.027,-75.1296,159.0,6,0,0,0,0,0,0,0,0,,0,0,0,0,3,1,0,,0,40 01:37.030,,0,75 07:46.603,4,0,0,0,67301,0,0,0,N,0,0,0,1,67301,1,,1,1,,N,N,,1,,0,0,0,0,0,,1,1,4,0,0,0,0,0,3,4,1,4,3,,N,,,,,,,,,,,
2007093424,1919.0,1,0,0,1,0,0,0,0,0,4,0,,67,7,2007,3,39.9286,-75.2411,1914.0,6,0,0,0,0,0,0,0,0,,0,0,0,19,1,1,0,,0,39 55:43.006,,7,75 14:28.035,8,0,0,0,67301,1,0,0,N,0,0,0,2,67301,0,,1,1,,N,N,,0,,0,0,0,0,0,,1905,1,2,0,0,0,1,0,3,4,0,1,3,,N,,,,,,,,,,,
2007093440,1848.0,1,0,0,0,0,0,0,0,0,8,0,,67,7,2007,3,40.0352,-75.08,1843.0,6,0,0,0,0,0,0,0,0,1.0,0,0,0,18,1,1,0,,2,40 02:06.619,6.0,0,75 04:47.913,4,0,0,0,67301,1,0,0,,1,0,0,2,67301,1,,1,1,,N,N,,0,,0,0,0,0,0,N,1840,1,2,0,0,0,0,0,3,4,0,1,3,,N,,,,,,,,,,,
2007125129,911.0,2,0,0,0,0,0,0,0,0,4,0,,67,11,2007,4,40.0086,-75.0688,908.0,6,0,0,0,0,0,0,0,0,,0,0,0,99,1,2,1,,0,40 00:31.000,,0,75 04:07.878,4,0,0,0,67301,0,0,0,N,0,0,0,2,67301,2,,1,1,,N,N,,0,,0,0,0,3,2,,9999,2,2,0,0,0,0,0,3,4,0,2,3,,N,,,,,,,,,,,
2007127623,2302.0,2,0,0,0,0,0,0,0,0,4,0,,67,10,2007,3,39.8927,-75.2229,2256.0,6,0,0,0,0,0,0,1,0,,0,0,0,22,3,0,1,,0,39 53:33.744,,0,75 13:22.334,0,0,0,0,67301,0,0,0,N,0,0,0,2,67301,0,,1,1,,N,N,,0,,0,0,0,3,2,,2200,0,2,0,0,0,0,0,3,4,0,2,3,,N,,,,,,,,,,,
2007125133,35.0,3,0,0,0,0,0,0,0,0,1,0,,67,10,2007,4,39.9442,-75.1616,34.0,6,0,0,0,0,0,1,0,0,,0,0,0,0,3,0,1,,0,39 56:39.123,,0,75 09:41.612,0,0,0,0,67301,0,0,0,N,0,0,0,3,67301,0,,1,1,,N,N,,0,,0,0,0,3,2,,30,0,3,0,0,0,0,0,3,4,0,3,3,,N,,,,,,,,,,,
2007125139,1230.0,3,0,0,0,0,0,0,0,0,1,0,,67,11,2007,7,40.0508,-75.0654,1230.0,6,0,0,0,0,0,1,0,0,,0,0,0,12,1,2,0,,0,40 03:02.000,,0,75 03:55.575,8,0,0,0,67301,0,0,0,N,0,0,0,7,67301,0,,1,1,,Y,N,,0,,0,0,0,0,0,,1230,2,3,0,0,0,2,0,3,4,0,3,3,,N,,,,,,,,,,,
2007107492,1935.0,3,0,0,0,0,0,0,0,0,1,0,,67,9,2007,6,39.9041,-75.2403,1933.0,6,0,0,0,0,0,1,0,0,,0,0,0,17,3,1,1,,0,39 54:14.000,,0,75 14:25.050,3,0,0,0,67301,0,0,0,N,0,0,0,3,67301,0,,1,1,,N,N,,0,,1,0,0,3,2,,1751,1,3,0,0,0,0,0,3,4,0,3,3,,N,,,,,,,,,,,
2007048269,2055.0,1,0,0,0,0,0,0,0,0,7,0,,67,2,2007,7,40.0521,-75.188,2050.0,6,0,0,0,0,0,0,0,0,,0,0,0,20,3,0,0,,0,40 03:07.470,,0,75 11:16.770,0,0,0,0,67301,0,0,0,N,0,0,0,1,67301,0,,4,9,,N,N,,0,,0,0,0,0,0,,2045,0,1,0,0,0,0,0,3,4,0,1,10,,N,,,,,,,,,,,
2007048274,730.0,1,0,0,0,0,0,0,0,0,1,0,,67,3,2007,7,40.0676,-75.147,721.0,6,0,0,0,0,0,0,0,0,,0,0,0,7,1,1,0,,0,40 04:03.000,,0,75 08:48.923,8,0,0,0,67301,0,0,0,N,0,0,0,2,67301,0,,1,2,,N,N,,0,,0,0,1,0,0,,715,1,2,0,0,0,1,0,3,4,0,2,3,,N,,,,,,,,,,,
2007045740,1518.0,2,0,0,0,0,0,0,0,0,1,0,,67,2,2007,7,40.0208,-75.1245,1518.0,6,0,0,0,0,0,1,0,0,,0,0,0,15,1,4,0,,0,40 01:14.869,,0,75 07:28.347,4,0,0,0,67301,0,0,0,N,0,0,0,5,67301,1,,1,1,,N,N,,0,,0,0,0,0,0,,1518,4,2,0,0,0,3,0,3,4,0,2,3,,N,,,,,,,,,,,
2007046046,1600.0,0,0,0,0,0,0,0,0,0,8,0,,67,2,2007,3,39.9917,-75.1856,1555.0,6,0,0,0,0,0,1,0,0,,0,0,0,3,6,1,1,,0,39 59:30.000,,0,75 11:08.190,4,0,0,0,67301,1,0,0,N,1,0,0,2,67301,1,,1,7,,N,N,,0,,0,0,0,3,2,,355,1,2,0,0,1,0,0,3,4,1,1,10,,N,,,,,,,,,,,
2007043648,1636.0,3,0,0,0,0,0,0,0,0,4,0,,67,2,2007,6,40.0079,-75.2022,1626.0,6,0,0,0,0,0,1,0,0,1.0,0,0,0,16,1,2,0,,1,40 00:28.000,3.0,0,75 12:09.025,4,0,0,0,67301,0,0,0,N,0,0,0,4,68K01,1,,1,1,,N,N,,0,,0,0,0,0,0,N,1624,2,3,0,0,0,1,0,3,4,0,3,3,,N,,,,,,,,,,,
2008017509,1640.0,1,0,0,0,0,0,0,0,0,1,0,,67,12,2007,7,40.06,-75.1662,1625.0,6,0,0,0,0,0,0,0,0,,0,0,0,99,1,3,1,,0,40 03:35.000,,0,75 09:58.446,4,0,0,0,67301,0,0,0,N,0,0,0,4,67301,3,,1,1,,N,N,,0,,0,0,2,0,0,,9999,3,3,0,0,0,0,0,3,4,0,3,3,,N,,,,,,,,,,,
2008008114,755.0,1,0,0,0,0,0,0,0,0,6,0,,67,11,2007,5,39.9161,-75.1663,750.0,6,0,0,0,0,0,1,0,0,,0,0,0,7,1,1,1,,0,39 54:58.000,,0,75 09:58.541,4,0,0,0,67301,0,0,0,N,0,0,0,3,67301,1,,1,1,,N,N,,0,,0,0,1,3,2,,750,1,2,0,0,0,0,0,3,4,0,2,3,,N,,,,,,,,,,,
2008008211,1540.0,1,0,0,0,0,0,0,0,0,8,0,,67,11,2007,7,39.9804,-75.1774,1538.0,6,0,0,0,0,0,0,0,0,,0,0,0,15,1,1,0,,0,39 58:49.537,,0,75 10:38.805,3,0,0,0,67301,1,0,0,N,1,0,0,5,67301,0,,1,1,,N,N,,0,,1,0,0,0,0,,1528,1,2,0,0,0,0,0,3,4,0,1,3,,N,,,,,,,,,,,
2008005631,2015.0,2,0,0,0,0,0,0,0,0,1,0,,67,11,2007,7,39.9474,-75.1876,2008.0,6,0,0,0,0,0,1,0,0,,0,0,0,20,3,0,1,,0,39 56:50.000,,2,75 11:15.426,0,0,0,0,67301,0,0,0,N,0,0,0,3,68K01,0,,7,1,,N,N,,0,,0,0,0,0,0,,2005,0,2,0,0,0,0,0,3,4,0,2,3,,N,,,,,,,,,,,