CRN,ARRIVAL_TM,AUTOMOBILE_COUNT,BELTED_DEATH_COUNT,BELTED_SUSP_SERIOUS_INJ_COUNT,BICYCLE_COUNT,BICYCLE_DEATH_COUNT,BICYCLE_SUSP_SERIOUS_INJ_COUNT,BUS_COUNT,CHLDPAS_DEATH_COUNT,CHLDPAS_SUSP_SERIOUS_INJ_COUNT,COLLISION_TYPE,COMM_VEH_COUNT,CONS_ZONE_SPD_LIM,COUNTY,CRASH_MONTH,CRASH_YEAR,DAY_OF_WEEK,DEC_LAT,DEC_LONG,DISPATCH_TM,DISTRICT,DRIVER_COUNT_16YR,DRIVER_COUNT_17YR,DRIVER_COUNT_18YR,DRIVER_COUNT_19YR,DRIVER_COUNT_20YR,DRIVER_COUNT_50_64YR,DRIVER_COUNT_65_74YR,DRIVER_COUNT_75PLUS,EST_HRS_CLOSED,FATAL_COUNT,HEAVY_TRUCK_COUNT,HORSE_BUGGY_COUNT,HOUR_OF_DAY,ILLUMINATION,INJURY_COUNT,INTERSECT_TYPE,INTERSECTION_RELATED,LANE_CLOSED,LATITUDE,LN_CLOSE_DIR,LOCATION_TYPE,LONGITUDE,MAX_SEVERITY_LEVEL,MCYCLE_DEATH_COUNT,MCYCLE_SUSP_SERIOUS_INJ_COUNT,MOTORCYCLE_COUNT,MUNICIPALITY,NONMOTR_COUNT,NONMOTR_DEATH_COUNT,NONMOTR_SUSP_SERIOUS_INJ_COUNT,NTFY_HIWY_MAINT,PED_COUNT,PED_DEATH_COUNT,PED_SUSP_SERIOUS_INJ_COUNT,PERSON_COUNT,POLICE_AGCY,POSSIBLE_INJ_COUNT,RDWY_SURF_TYPE_CD,RELATION_TO_ROAD,ROAD_CONDITION,ROADWAY_CLEARED,SCH_BUS_IND,SCH_ZONE_IND,SECONDARY_CRASH,SMALL_TRUCK_COUNT,SPEC_JURIS_CD,SUSP_MINOR_INJ_COUNT,SUSP_SERIOUS_INJ_COUNT,SUV_COUNT,TCD_FUNC_CD,TCD_TYPE,TFC_DETOUR_IND,TIME_OF_DAY,TOT_INJ_COUNT,TOTAL_UNITS,UNB_DEATH_COUNT,UNB_SUSP_SERIOUS_INJ_COUNT,UNBELTED_OCC_COUNT,UNK_INJ_DEG_COUNT,UNK_INJ_PER_COUNT,URBAN_AREA,URBAN_RURAL,VAN_COUNT,VEHICLE_COUNT,WEATHER1,WEATHER2,WORK_ZONE_IND,WORK_ZONE_LOC,WORK_ZONE_TYPE,WORKERS_PRES,WZ_CLOSE_DETOUR,WZ_FLAGGER,WZ_LAW_OFFCR_IND,WZ_LN_CLOSURE,WZ_MOVING,WZ_OTHER,WZ_SHLDER_MDN,WZ_WORKERS_INJ_KILLED
2008005758,2005.0,0,0,0,0,0,0,0,0,0,4,0,,67,11,2007,5,39.9453,-75.2295,2000.0,6,0,0,0,0,0,1,0,0,,0,0,0,17,3,1,1,,0,39 56:43.227,,0,75 13:46.306,8,0,0,0,67301,0,0,0,N,0,0,0,4,67301,0,,1,1,,N,N,,0,,0,0,1,1,2,,1757,1,2,0,0,2,1,0,3,4,1,2,3,,N,,,,,,,,,,,
2008032997,,1,0,0,0,0,0,0,0,0,1,0,,67,8,2007,6,40.0196,-75.0555,,6,0,0,0,0,0,0,0,0,,0,0,0,15,1,0,0,,0,40 01:10.000,,0,75 03:19.735,0,0,0,0,67301,0,0,0,N,0,0,0,2,,0,,1,1,,N,N,,0,,0,0,0,3,2,,1515,0,2,0,0,0,0,0,3,4,1,2,3,,N,,,,,,,,,,,
2008033011,,2,0,0,0,0,0,0,0,0,5,0,,67,4,2007,7,40.0166,-75.1582,,6,0,0,0,0,0,0,0,0,,0,0,0,21,1,0,0,,0,40 00:59.000,,0,75 09:29.338,9,0,0,0,67301,0,0,0,N,0,0,0,2,,0,,1,1,,N,N,,0,,0,0,0,0,0,,2115,0,2,0,0,0,0,1,3,4,0,2,3,,N,,,,,,,,,,,
2008033056,,2,0,0,0,0,0,0,0,0,5,0,,67,8,2007,3,40.0339,-75.0745,,6,0,0,0,1,0,0,0,0,,0,0,0,13,1,2,0,,0,40 02:02.000,,0,75 04:27.142,4,0,0,0,67301,0,0,0,N,0,0,0,3,,1,,1,1,,N,N,,0,,0,0,0,0,0,,1300,2,2,0,0,0,1,0,3,4,0,2,3,,N,,,,,,,,,,,
2008025720,2022.0,2,0,0,0,0,0,0,0,0,1,0,,67,12,2007,1,39.9179,-75.1793,2020.0,6,0,0,0,0,0,0,0,0,,0,0,0,20,3,3,1,,0,39 55:04.486,,0,75 10:45.530,3,0,0,0,67301,0,0,0,,0,0,0,3,67301,1,,1,9,,,,,0,,2,0,0,3,2,,2018,3,2,0,0,2,0,0,3,4,0,2,7,,N,,,,,,,,,,,
2008015739,410.0,1,0,0,0,0,0,0,0,0,7,0,,67,11,2007,1,39.9813,-75.1977,407.0,6,0,0,0,0,0,0,0,0,,1,0,0,4,3,0,0,,0,39 58:52.752,,1,75 11:51.568,1,0,0,0,67301,0,0,0,N,0,0,0,1,67301,0,2.0,3,1,,N,N,,0,0.0,0,0,0,0,0,,407,0,1,0,0,0,0,0,3,4,0,1,3,,N,,,,,,,,,,,
2008008330,1100.0,1,0,0,1,0,0,0,0,0,8,0,,67,11,2007,6,40.0299,-75.2025,1045.0,6,0,0,0,0,0,0,0,1,,0,0,0,10,1,1,0,,0,40 01:47.000,,0,75 12:08.840,4,0,0,0,67301,1,0,0,N,0,0,0,3,67301,1,,1,1,,N,N,,0,,0,0,0,0,0,,1040,1,2,0,0,0,0,0,3,4,0,1,3,,N,,,,,,,,,,,
2008004887,1352.0,1,0,0,0,0,0,0,0,0,8,0,,67,11,2007,5,39.962,-75.2407,1350.0,6,0,0,0,0,0,0,0,0,,0,0,0,13,1,1,1,,0,39 57:43.000,,0,75 14:26.626,4,0,0,0,67301,1,0,0,,1,0,0,2,67301,1,,5,1,,,,,0,,0,0,0,3,8,,1350,1,2,0,0,0,0,1,3,4,0,1,3,,N,,,,,,,,,,,
2008011868,346.0,1,0,0,0,0,0,0,0,0,1,0,,67,10,2007,7,40.0043,-75.1948,346.0,6,0,0,0,0,0,0,0,0,,0,0,0,3,3,0,0,,0,40 00:14.000,,0,75 11:40.890,9,0,0,0,67301,0,0,0,N,0,0,0,2,68K01,0,,1,9,,N,N,,0,,0,0,1,0,0,,339,0,2,0,0,0,0,1,3,4,0,2,7,,N,,,,,,,,,,,
2008006672,1810.0,2,0,0,0,0,0,0,0,0,2,0,,67,11,2007,3,39.9548,-75.2179,1810.0,6,0,0,0,0,0,0,0,0,,0,0,0,18,3,1,1,,0,39 57:17.373,,0,75 13:04.418,4,0,0,0,67301,0,0,0,N,0,0,0,3,67301,1,,1,1,,N,N,,0,,0,0,0,3,2,,1810,1,2,0,0,0,0,0,3,4,0,2,3,,N,,,,,,,,,,,
2008029177,717.0,0,0,0,0,0,0,0,0,0,4,1,,67,12,2007,6,39.9067,-75.1834,713.0,6,0,0,0,0,0,2,0,0,1.0,0,1,0,7,1,0,1,,1,39 54:23.986,3.0,0,75 11:00.103,0,0,0,0,67301,0,0,0,N,0,0,0,2,67301,0,,1,1,,,,,1,,0,0,0,3,2,N,710,0,2,0,0,0,0,0,3,4,0,2,3,,N,,,,,,,,,,,
2008024234,1807.0,1,0,0,0,0,0,0,0,0,4,0,,67,12,2007,2,40.0654,-75.1621,1806.0,6,0,0,0,0,0,0,0,0,1.0,0,0,0,18,3,1,0,,2,40 03:55.508,6.0,0,75 09:43.675,8,0,0,0,67301,0,0,0,N,0,0,0,2,67301,0,,1,1,,N,N,,0,,0,0,1,0,0,N,1804,1,2,0,0,0,1,0,3,4,0,2,3,,N,,,,,,,,,,,
2008024237,845.0,1,0,0,0,0,0,0,0,0,1,0,,67,12,2007,5,40.0211,-75.1399,835.0,6,0,0,0,0,0,2,0,0,9.0,0,0,0,8,1,2,1,,1,40 01:15.000,1.0,0,75 08:23.758,3,0,0,0,67301,0,0,0,,0,0,0,3,67301,0,,1,9,,N,N,,0,,2,0,1,9,2,N,835,2,2,0,0,0,0,0,3,4,0,2,7,,N,,,,,,,,,,,
2008024518,1224.0,1,0,0,0,0,0,0,0,0,8,0,,67,12,2007,6,39.9983,-75.1274,1221.0,6,0,0,0,0,0,0,0,0,,0,0,0,12,1,1,1,,0,39 59:53.000,,0,75 07:38.508,8,0,0,0,67301,1,0,0,,1,0,0,2,67301,0,,1,1,,,,,0,,0,0,0,9,2,,1210,1,2,0,0,0,1,0,3,4,0,1,3,,N,,,,,,,,,,,
2008024519,2330.0,1,0,0,0,0,0,0,0,0,4,0,,67,12,2007,6,40.0145,-75.1311,2315.0,6,0,0,0,0,0,0,0,0,,0,0,0,23,3,1,1,,0,40 00:52.242,,0,75 07:52.013,4,0,0,0,67301,0,0,0,,0,0,0,2,67301,1,,1,1,,N,N,,0,,0,0,1,3,2,,2310,1,2,0,0,1,0,0,3,4,0,2,3,,N,,,,,,,,,,,
2008017010,1150.0,0,0,0,1,0,0,0,0,0,4,0,,67,12,2007,7,39.9478,-75.2274,1140.0,6,0,0,0,0,0,1,0,0,,0,0,0,11,1,1,1,,0,39 56:52.000,,0,75 13:38.688,4,0,0,0,67301,1,0,0,,0,0,0,2,67301,1,,1,9,,N,N,,0,,0,0,0,3,2,,1135,1,2,0,0,0,0,0,3,4,0,1,3,,N,,,,,,,,,,,
2008017071,1728.0,1,0,1,0,0,0,0,0,0,1,0,,67,12,2007,2,40.0265,-75.2092,1726.0,6,0,0,0,0,0,0,0,0,,0,0,0,17,3,2,0,,0,40 01:35.000,,0,75 12:33.270,2,0,0,0,67301,0,0,0,N,0,0,0,6,67301,1,,1,1,,N,N,,0,,0,1,1,3,2,,1725,2,2,0,0,0,0,0,3,4,0,2,3,,N,,,,,,,,,,,
2008017359,1620.0,4,0,0,0,0,0,0,0,0,1,0,,67,12,2007,7,40.0632,-75.162,1600.0,6,0,0,0,0,0,1,2,0,,0,0,0,16,1,1,2,,0,40 03:47.520,,0,75 09:42.840,4,0,0,0,67301,0,0,0,N,0,0,0,4,67301,1,,1,1,,N,N,,0,,0,0,0,3,2,,1600,1,4,0,0,0,0,0,3,4,0,4,3,,N,,,,,,,,,,,
2008017398,1038.0,0,0,0,0,0,0,0,0,0,4,0,,67,12,2007,1,39.9054,-75.1736,1034.0,6,0,0,0,0,0,1,0,0,,0,0,0,10,1,6,1,,0,39 54:19.000,,0,75 10:24.817,3,0,0,0,67301,0,0,0,N,0,0,0,6,67301,4,,1,9,,N,N,,0,,1,0,1,3,2,,1030,6,2,0,0,0,1,0,3,4,1,2,7,,N,,,,,,,,,,,
2007109364,1910.0,2,0,0,0,0,0,0,0,0,5,0,,67,9,2007,5,40.0551,-75.1411,1905.0,6,0,0,0,0,0,0,0,0,,0,0,0,7,3,1,1,,0,40 03:18.500,,0,75 08:27.970,4,0,0,0,67301,0,0,0,N,0,0,0,5,67301,1,,1,1,,N,N,,0,,0,0,0,9,3,,700,1,2,0,0,0,0,0,3,4,0,2,3,,N,,,,,,,,,,,
2007047824,1336.0,2,0,0,0,0,0,0,0,0,1,0,,67,2,2007,3,40.0445,-75.12,1333.0,6,0,0,0,0,0,0,0,0,1.0,0,0,0,13,1,2,0,,2,40 02:40.000,6.0,0,75 07:11.977,8,0,0,0,67301,0,0,0,N,0,0,0,3,67301,0,,1,2,,N,Y,,0,,0,0,0,0,0,Y,1320,2,2,0,0,0,2,0,3,4,0,2,10,,N,,,,,,,,,,,
2007106973,1223.0,1,0,0,1,0,0,0,0,0,8,0,,67,9,2007,4,39.9865,-75.1329,1220.0,6,0,0,0,0,0,0,0,0,,0,0,0,12,1,1,1,,0,39 59:11.306,,0,75 07:58.551,4,0,0,0,67301,1,0,0,N,0,0,0,2,67301,1,,1,1,,N,N,,0,,0,0,0,3,3,,1220,1,2,0,0,1,0,0,3,4,0,1,3,,N,,,,,,,,,,,
2007106984,1840.0,2,0,0,0,0,0,0,0,0,2,0,,67,9,2007,5,40.0524,-75.0079,1821.0,6,0,0,0,0,0,2,0,0,,0,0,0,18,1,0,0,,0,40 03:08.000,,0,75 00:28.509,0,0,0,0,67301,0,0,0,N,0,0,0,3,67301,0,,1,1,,N,N,,0,,0,0,0,0,0,,1806,0,2,0,0,0,0,0,3,4,0,2,7,,N,,,,,,,,,,,
2007047898,1252.0,0,0,0,0,0,0,0,0,0,7,0,,67,2,2007,4,40.0018,-75.1439,1249.0,6,0,0,0,0,0,0,0,0,,0,0,0,12,1,2,0,,0,40 00:06.480,,1,75 08:38.040,8,0,0,0,67301,0,0,0,N,0,0,0,2,67301,0,,3,1,,N,N,,0,,0,0,1,0,0,,1245,2,1,0,0,2,2,0,3,4,0,1,3,,N,,,,,,,,,,,
2007047948,1750.0,1,0,0,0,0,0,0,0,0,1,0,,67,3,2007,4,39.9976,-75.0816,1745.0,6,0,0,0,0,0,0,0,0,1.0,0,0,0,17,1,0,3,,1,39 59:51.000,1.0,2,75 04:53.650,0,0,0,0,67301,0,0,0,N,0,0,0,2,67301,0,,1,1,,N,N,,0,,0,0,0,0,0,N,1740,0,2,0,0,0,0,0,3,4,1,2,3,,N,,,,,,,,,,,
2007047988,1453.0,0,0,0,0,0,0,0,0,0,8,0,,67,3,2007,1,40.0334,-75.1312,1450.0,6,0,0,0,0,0,0,0,0,,0,0,0,12,1,1,1,,0,40 02:00.178,,0,75 07:52.165,4,0,0,0,67301,1,0,0,N,1,0,0,2,67301,1,,1,1,,N,N,,0,,0,0,1,3,2,,1200,1,2,0,0,0,0,1,3,4,0,1,3,,N,,,,,,,,,,,
2007055691,2330.0,1,0,0,0,0,0,0,0,0,1,0,,67,2,2007,1,39.9133,-75.1823,2327.0,6,0,0,0,0,0,0,0,0,1.0,0,0,0,23,3,1,0,,2,39 54:47.804,3.0,0,75 10:56.406,4,0,0,0,67301,0,0,0,N,0,0,0,3,67501,1,,1,7,,N,N,,1,,0,0,0,0,0,N,2327,1,2,0,0,0,0,1,3,4,0,2,10,,N,,,,,,,,,,,
2007093580,9999.0,0,0,0,0,0,0,0,0,0,0,0,,67,7,2007,4,40.0276,-75.1368,,6,0,0,0,0,0,1,0,0,,1,0,0,18,1,0,0,,0,40 01:39.183,,0,75 08:12.655,1,1,0,1,67301,0,0,0,N,0,0,0,1,67301,0,2.0,1,1,,N,N,,0,0.0,0,0,0,0,0,,1809,0,1,0,0,0,0,0,3,4,0,1,3,,N,,,,,,,,,,,
2007093411,945.0,1,0,0,0,0,0,0,0,0,8,0,,67,7,2007,3,40.0537,-75.1414,928.0,6,0,0,0,0,0,0,0,0,,0,0,0,9,1,1,1,,0,40 03:13.320,,0,75 08:29.040,4,0,0,0,67301,1,0,0,N,1,0,0,2,67301,1,,1,1,,N,N,,0,,0,0,0,3,2,,928,1,2,0,0,0,0,0,3,4,0,1,3,,N,,,,,,,,,,,
2007093450,1034.0,1,0,0,0,0,0,0,0,0,8,0,,67,7,2007,7,39.9869,-75.1434,1029.0,6,0,0,0,0,0,0,0,0,,0,0,0,10,1,1,0,,0,39 59:12.894,,0,75 08:36.193,8,0,0,0,67301,1,0,0,N,1,0,0,2,67301,0,,1,1,,N,N,,0,,0,0,0,0,0,,1025,1,2,0,0,0,1,0,3,4,0,1,3,,N,,,,,,,,,,,
2007125019,305.0,2,0,0,0,0,0,0,0,0,4,0,,67,10,2007,4,39.9583,-75.1641,302.0,6,0,0,0,0,0,0,0,0,3.0,0,0,0,3,3,3,1,,1,39 57:29.000,2.0,0,75 09:50.648,2,0,0,0,67301,0,0,0,,0,0,0,3,67301,0,,1,1,,N,N,,0,,0,3,0,3,2,N,300,3,2,0,2,2,0,0,3,4,0,2,3,,N,,,,,,,,,,,
2007107468,1745.0,2,0,0,0,0,0,0,0,0,4,0,,67,8,2007,5,40.0157,-75.1401,1740.0,6,0,0,0,0,0,0,0,0,,0,0,0,17,1,0,1,,0,40 00:56.408,,0,75 08:24.331,0,0,0,0,67301,0,0,0,N,0,0,0,2,67301,0,,1,1,,N,N,,0,,0,0,0,3,3,,1730,0,2,0,0,0,0,0,3,4,0,2,3,,N,,,,,,,,,,,
2007048267,1500.0,0,0,0,0,0,0,0,0,0,7,0,,67,2,2007,3,40.088,-75.2103,1458.0,6,0,0,0,0,0,1,0,0,1.0,0,0,0,14,1,1,0,,1,40 05:16.620,4.0,0,75 12:37.170,4,0,0,0,67301,0,0,0,N,0,0,0,1,67301,1,,4,2,,N,N,,0,,0,0,0,0,0,N,1456,1,1,0,0,0,0,0,3,4,1,1,10,,N,,,,,,,,,,,
2007045730,1156.0,2,0,0,0,0,0,0,0,0,4,0,,67,2,2007,1,39.9185,-75.2259,1149.0,6,0,0,0,0,0,1,0,0,,0,0,0,11,1,1,1,,0,39 55:06.000,,0,75 13:33.263,4,0,0,0,67301,0,0,0,N,0,0,0,2,67301,1,,1,1,,N,N,,0,,0,0,0,3,2,,1145,1,2,0,0,0,0,1,3,4,0,2,3,,N,,,,,,,,,,,
2007045862,1249.0,0,0,0,0,0,0,0,0,0,7,0,,67,3,2007,3,39.9732,-75.2362,1249.0,6,0,0,0,0,0,0,0,0,,0,0,0,12,1,1,1,,0,39 58:23.415,,0,75 14:10.463,3,0,0,0,67301,0,0,0,N,0,0,0,1,67301,0,,5,1,,N,Y,,1,,1,0,0,3,3,,1249,1,1,0,0,1,0,0,3,4,0,1,3,,N,,,,,,,,,,,
2007092979,9999.0,2,0,0,0,0,0,0,0,0,4,0,,67,7,2007,3,40.0303,-75.1655,9999.0,6,0,0,0,0,1,1,0,0,1.0,0,0,0,99,3,5,2,,2,40 01:48.000,5.0,0,75 09:55.843,4,0,0,0,67301,0,0,0,N,0,0,0,5,67301,5,,1,1,,N,N,,0,,0,0,1,9,3,Y,9999,5,3,0,0,0,0,0,3,4,0,3,3,,N,,,,,,,,,,,
2008007276,1917.0,1,0,0,0,0,0,0,0,0,8,0,,67,10,2007,6,39.9908,-75.1309,1916.0,6,0,0,0,0,0,0,0,0,,0,0,0,19,3,1,1,,0,39 59:27.000,,0,75 07:51.262,3,0,0,0,67301,1,0,0,N,1,0,0,2,67301,0,,1,9,,N,N,,0,,1,0,0,3,2,,1905,1,2,0,0,0,0,1,3,4,0,1,7,,N,,,,,,,,,,,
2008005199,305.0,2,0,0,0,0,0,0,0,0,1,0,,67,11,2007,1,40.0551,-74.9845,300.0,6,0,0,0,1,0,0,0,0,,0,0,0,2,3,1,0,,0,40 03:12.000,,0,74 58:59.001,4,0,0,0,67301,0,0,0,N,0,0,0,2,67301,1,,1,1,,N,N,,0,,0,0,0,0,0,,250,1,2,0,0,0,0,0,3,4,0,2,3,,N,,,,,,,,,,,
2008008151,620.0,2,0,0,0,0,0,0,0,0,1,0,,67,11,2007,1,39.9714,-75.1794,615.0,6,0,0,0,0,0,0,0,0,,0,0,0,2,3,2,1,,0,39 58:17.142,,0,75 10:45.828,8,0,0,0,67301,0,0,0,N,0,0,0,4,67301,0,,1,1,,N,N,,0,,0,0,0,3,3,,223,2,2,0,0,0,2,1,3,4,0,2,3,,N,,,,,,,,,,,
2008000490,211.0,1,0,0,0,0,0,0,0,0,7,0,,67,11,2007,3,,,210.0,6,0,0,0,0,0,0,0,0,,0,0,0,2,3,1,0,,0,,,0,,3,0,0,0,67301,0,0,0,N,0,0,0,1,67501,0,,3,9,,N,N,,0,,1,0,0,0,0,,210,1,1,0,0,1,0,0,3,3,0,1,7,,N,,,,,,,,,,,
2008018033,2130.0,0,0,0,0,0,0,0,0,0,8,0,,67,11,2007,6,40.0288,-75.1322,2104.0,6,0,0,0,0,0,0,0,0,,0,0,0,17,1,1,1,,0,40 01:43.550,,0,75 07:55.833,3,0,0,0,67301,1,0,0,N,1,0,0,2,67301,0,,1,9,,N,,,0,,1,0,0,3,2,,1700,1,2,0,0,0,0,1,3,4,0,1,3,,N,,,,,,,,,,,
2008018186,1243.0,2,0,0,0,0,0,0,0,0,6,0,,67,12,2007,3,39.9447,-75.1809,1238.0,6,0,0,0,0,0,0,0,0,,0,0,0,12,1,1,1,,0,39 56:40.833,,0,75 10:51.355,3,0,0,0,67301,0,0,0,N,0,0,0,3,67301,0,,1,1,,N,N,,0,,1,0,0,3,3,,1238,1,2,0,0,0,0,0,3,4,0,2,3,,N,,,,,,,,,,,
2008033151,,1,0,0,0,0,0,1,0,0,1,1,,67,10,2007,4,39.9851,-75.1316,,6,0,0,0,0,0,0,0,0,,0,0,0,21,6,4,1,,0,39 59:06.266,,0,75 07:53.810,8,0,0,0,67301,0,0,0,N,0,0,0,6,,0,,1,1,,N,N,,0,,0,0,0,0,0,,2150,4,2,0,0,0,4,2,3,4,0,2,3,,N,,,,,,,,,,,
2008034350,,1,0,0,0,0,0,0,0,0,7,0,,67,12,2007,6,40.0498,-74.996,,6,0,0,0,1,0,0,0,0,,0,0,0,23,6,0,2,,0,40 02:59.226,,0,74 59:45.423,0,0,0,0,67301,0,0,0,,0,0,0,1,,0,,2,9,,,,,0,,0,0,0,0,0,,2330,0,1,0,0,0,0,0,3,4,0,1,5,,N,,,,,,,,,,,
2008018871,2235.0,1,0,0,0,0,0,0,0,0,5,0,,67,12,2007,4,40.0959,-74.9913,2230.0,6,0,0,1,0,0,0,1,0,,0,0,0,22,3,0,0,,0,40 05:45.330,,0,74 59:28.762,0,0,0,0,67301,0,0,0,N,0,0,0,3,67301,0,,1,1,,N,N,,1,,0,0,0,0,0,,2230,0,2,0,0,0,0,0,3,4,0,2,3,,N,,,,,,,,,,,
2008023690,1454.0,0,0,0,0,0,0,0,0,0,1,1,,67,12,2007,5,,,1444.0,6,0,0,0,0,0,1,0,0,1.0,0,1,0,14,1,0,0,,1,,1.0,0,,9,0,0,0,67301,0,0,0,,0,0,0,2,67301,0,,1,1,,,,,0,,0,0,0,0,0,N,1408,0,2,0,0,0,0,1,3,3,1,2,3,,N,,,,,,,,,,,
2008023703,1412.0,2,0,0,0,0,0,0,0,0,4,0,,67,12,2007,1,39.9633,-75.1874,1409.0,6,0,0,0,0,0,1,0,0,1.0,0,0,0,13,1,1,1,,1,39 57:48.000,4.0,0,75 11:14.695,4,0,0,0,67301,0,0,0,N,0,0,0,6,67301,1,,1,1,,N,N,,0,,0,0,0,3,2,N,1330,1,2,0,0,0,0,0,3,4,0,2,3,,N,,,,,,,,,,,
2008016370,1138.0,2,0,0,0,0,0,0,0,0,5,0,,67,12,2007,2,40.0621,-75.0847,1130.0,6,0,0,0,0,0,1,0,0,,0,0,0,11,1,0,2,,0,40 03:43.000,,0,75 05:05.103,9,0,0,0,67301,0,0,0,N,0,0,0,2,67301,0,,1,1,,N,N,,0,,0,0,0,3,2,,1122,0,2,0,0,0,0,1,3,4,0,2,3,,N,,,,,,,,,,,
2008029158,740.0,1,0,0,0,0,0,0,0,0,8,0,,67,12,2007,2,39.9867,-75.1595,730.0,6,0,0,0,0,0,1,0,0,,0,0,0,7,1,1,1,,0,39 59:12.228,,0,75 09:34.174,8,0,0,0,67301,1,0,0,N,1,0,0,2,67301,0,,1,1,,N,N,,0,,0,0,0,3,2,,730,1,2,0,0,0,1,0,3,4,0,1,3,,N,,,,,,,,,,,
2008024232,1842.0,2,0,0,0,0,0,0,0,0,2,0,,67,12,2007,1,40.0958,-74.9912,1835.0,6,0,0,0,0,0,0,0,0,,0,0,0,18,3,2,2,,0,40 05:44.901,,0,74 59:28.492,4,0,0,0,67301,0,0,0,,0,0,0,3,67301,2,,1,9,,,,,0,,0,0,0,9,2,,1835,2,2,0,0,0,0,0,3,4,0,2,7,,N,,,,,,,,,,,
2008024257,1155.0,1,0,0,0,0,0,0,0,0,1,0,,67,12,2007,3,39.9673,-75.1807,1149.0,6,0,0,0,0,0,0,0,0,,0,0,0,11,1,1,1,,0,39 58:02.000,,0,75 10:51.275,8,0,0,0,67301,0,0,0,,0,0,0,4,67301,0,,1,1,,N,N,,0,,0,0,1,3,2,,1149,1,2,0,0,0,1,2,3,4,0,2,3,,N,,,,,,,,,,,
2008024360,1510.0,2,0,0,0,0,0,0,0,0,1,0,,67,12,2007,5,40.0346,-75.1148,1500.0,6,0,0,0,0,1,0,0,0,,0,0,0,15,1,1,0,,0,40 02:04.000,,0,75 06:53.312,8,0,0,0,67301,0,0,0,N,0,0,0,4,67301,0,,1,9,,N,N,,0,,0,0,1,0,0,,1500,1,3,0,0,0,1,1,3,4,0,3,7,,N,,,,,,,,,,,
2008024429,1931.0,1,0,0,0,0,0,0,0,0,1,0,,67,12,2007,3,40.0369,-75.1649,1930.0,6,0,0,0,0,0,1,0,0,,0,0,0,99,3,0,0,,0,40 02:12.984,,0,75 09:53.809,0,0,0,0,67301,0,0,0,N,0,0,0,2,67301,0,,1,1,,N,N,,1,,0,0,0,0,0,,9999,0,2,0,0,2,0,0,3,4,0,2,3,,N,,,,,,,,,,,
2008024446,1928.0,1,0,0,0,0,0,0,0,0,4,0,,67,12,2007,7,40.0509,-75.0828,1925.0,6,0,0,0,0,0,0,0,0,2.0,0,0,0,19,3,0,1,,1,40 03:03.355,1.0,0,75 04:58.004,0,0,0,0,67301,0,0,0,N,0,0,0,3,67301,0,,1,9,,N,N,,0,,0,0,0,3,3,N,1920,0,2,0,0,0,0,0,3,4,1,2,7,,N,,,,,,,,,,,
2008022030,1750.0,2,0,0,0,0,0,0,0,0,1,0,,67,12,2007,6,40.0791,-74.9654,1744.0,6,0,0,0,0,0,0,0,0,1.0,0,0,0,17,2,2,3,,1,40 04:44.000,3.0,0,74 57:55.442,8,0,0,0,67301,0,0,0,N,0,0,0,4,67301,0,,1,1,,N,N,,0,,0,0,2,0,0,N,1744,2,4,0,0,0,2,1,3,4,0,4,3,,N,,,,,,,,,,,
2008017318,1207.0,1,0,0,0,0,0,0,0,0,4,0,,67,12,2007,1,39.9507,-75.1504,1205.0,6,0,0,0,0,0,1,0,0,,0,0,0,12,1,1,1,,0,39 57:02.000,,0,75 09:01.348,4,0,0,0,67301,0,0,0,,0,0,0,3,67301,1,,1,9,,N,N,,0,,0,0,1,3,2,,1203,1,2,0,0,0,0,0,3,4,0,2,9,,N,,,,,,,,,,,
2008017042,2045.0,1,0,0,0,0,0,0,0,0,8,0,,67,12,2007,1,39.9525,-75.177,2042.0,6,0,0,0,0,0,1,0,0,,0,0,0,20,3,1,1,,0,39 57:08.000,,0,75 10:37.001,4,0,0,0,67301,1,0,0,N,1,0,0,2,67301,1,,1,1,,N,N,,0,,0,0,0,3,2,,2041,1,2,0,0,0,0,0,3,4,0,1,3,,N,,,,,,,,,,,
2008017368,1745.0,2,0,0,0,0,0,0,0,0,1,0,,67,12,2007,4,39.9847,-75.103,1740.0,6,0,0,0,0,0,0,0,0,,0,0,0,99,3,1,1,,0,39 59:04.000,,0,75 06:10.941,4,0,0,0,67301,0,0,0,N,0,0,0,2,67301,1,,1,1,,N,N,,0,,0,0,0,3,2,,9999,1,2,0,0,1,0,1,3,4,0,2,3,,N,,,,,,,,,,,
2008017539,330.0,2,0,0,0,0,0,0,0,0,5,0,,67,12,2007,1,40.0373,-75.0447,325.0,6,0,0,0,0,0,0,0,0,,0,0,0,2,3,0,0,,0,40 02:14.218,,0,75 02:41.002,9,0,0,0,67301,0,0,0,N,0,0,0,1,67301,0,,2,9,,N,N,,1,,0,0,0,0,0,,246,0,4,0,0,0,0,1,3,4,1,4,7,,N,,,,,,,,,,,
2008017540,1357.0,1,0,0,0,0,0,0,0,0,8,0,,67,12,2007,6,40.0155,-75.0767,1351.0,6,0,0,0,0,0,0,0,0,,0,0,0,13,1,1,0,,0,40 00:55.785,,0,75 04:36.209,8,0,0,0,67301,1,0,0,N,1,0,0,2,67301,0,,1,1,,N,N,,0,,0,0,0,0,0,,1300,1,2,0,0,0,1,0,3,4,0,1,99,,N,,,,,,,,,,,