CRN,ARRIVAL_TM,AUTOMOBILE_COUNT,BELTED_DEATH_COUNT,BELTED_SUSP_SERIOUS_INJ_COUNT,BICYCLE_COUNT,BICYCLE_DEATH_COUNT,BICYCLE_SUSP_SERIOUS_INJ_COUNT,BUS_COUNT,CHLDPAS_DEATH_COUNT,CHLDPAS_SUSP_SERIOUS_INJ_COUNT,COLLISION_TYPE,COMM_VEH_COUNT,CONS_ZONE_SPD_LIM,COUNTY,CRASH_MONTH,CRASH_YEAR,DAY_OF_WEEK,DEC_LAT,DEC_LONG,DISPATCH_TM,DISTRICT,DRIVER_COUNT_16YR,DRIVER_COUNT_17YR,DRIVER_COUNT_18YR,DRIVER_COUNT_19YR,DRIVER_COUNT_20YR,DRIVER_COUNT_50_64YR,DRIVER_COUNT_65_74YR,DRIVER_COUNT_75PLUS,EST_HRS_CLOSED,FATAL_COUNT,HEAVY_TRUCK_COUNT,HORSE_BUGGY_COUNT,HOUR_OF_DAY,ILLUMINATION,INJURY_COUNT,INTERSECT_TYPE,INTERSECTION_RELATED,LANE_CLOSED,LATITUDE,LN_CLOSE_DIR,LOCATION_TYPE,LONGITUDE,MAX_SEVERITY_LEVEL,MCYCLE_DEATH_COUNT,MCYCLE_SUSP_SERIOUS_INJ_COUNT,MOTORCYCLE_COUNT,MUNICIPALITY,NONMOTR_COUNT,NONMOTR_DEATH_COUNT,NONMOTR_SUSP_SERIOUS_INJ_COUNT,NTFY_HIWY_MAINT,PED_COUNT,PED_DEATH_COUNT,PED_SUSP_SERIOUS_INJ_COUNT,PERSON_COUNT,POLICE_AGCY,POSSIBLE_INJ_COUNT,RDWY_SURF_TYPE_CD,RELATION_TO_ROAD,ROAD_CONDITION,ROADWAY_CLEARED,SCH_BUS_IND,SCH_ZONE_IND,SECONDARY_CRASH,SMALL_TRUCK_COUNT,SPEC_JURIS_CD,SUSP_MINOR_INJ_COUNT,SUSP_SERIOUS_INJ_COUNT,SUV_COUNT,TCD_FUNC_CD,TCD_TYPE,TFC_DETOUR_IND,TIME_OF_DAY,TOT_INJ_COUNT,TOTAL_UNITS,UNB_DEATH_COUNT,UNB_SUSP_SERIOUS_INJ_COUNT,UNBELTED_OCC_COUNT,UNK_INJ_DEG_COUNT,UNK_INJ_PER_COUNT,URBAN_AREA,URBAN_RURAL,VAN_COUNT,VEHICLE_COUNT,WEATHER1,WEATHER2,WORK_ZONE_IND,WORK_ZONE_LOC,WORK_ZONE_TYPE,WORKERS_PRES,WZ_CLOSE_DETOUR,WZ_FLAGGER,WZ_LAW_OFFCR_IND,WZ_LN_CLOSURE,WZ_MOVING,WZ_OTHER,WZ_SHLDER_MDN,WZ_WORKERS_INJ_KILLED
2008017296,817.0,0,0,0,0,0,0,0,0,0,8,1,,67,12,2007,2,39.9739,-75.2064,814.0,6,0,0,0,0,0,1,0,0,,0,1,0,8,1,1,1,,0,39 58:26.000,,0,75 12:23.261,4,0,0,0,67301,1,0,0,,1,0,0,2,67301,1,,1,1,,,,,0,,0,0,0,3,2,,810,1,2,0,0,0,0,0,3,4,0,1,3,,N,,,,,,,,,,,
2008037041,1542.0,2,0,0,0,0,0,0,0,0,1,0,,67,12,2007,6,39.9854,-75.2082,1536.0,6,0,0,0,0,0,1,0,0,1.0,0,0,0,15,1,0,7,,1,39 58:55.000,4.0,2,75 12:26.710,0,0,0,0,67301,0,0,0,N,0,0,0,2,68K01,0,,1,9,,N,N,,0,,0,0,0,0,0,N,1534,0,2,0,0,0,0,0,3,4,0,2,7,,N,,,,,,,,,,,
2008053738,2226.0,1,0,0,0,0,0,0,0,0,7,0,,67,12,2007,1,39.9555,-75.1558,2224.0,6,0,0,0,0,0,0,0,0,,0,0,0,22,3,0,0,,0,39 57:19.850,,0,75 09:21.010,0,0,0,0,67301,0,0,0,,0,0,0,2,67301,0,,2,1,,N,N,,0,,0,0,0,3,2,,2220,0,1,0,0,0,0,0,3,4,0,1,3,,N,,,,,,,,,,,
2007120926,1149.0,2,0,0,0,0,0,0,0,0,4,0,,67,10,2007,5,40.0187,-75.1017,1149.0,6,0,0,0,0,0,1,0,0,,0,0,0,11,1,1,2,,0,40 01:07.309,,0,75 06:05.983,8,0,0,0,67301,0,0,0,,0,0,0,3,67301,0,,1,1,,,,,0,,0,0,0,3,3,,1145,1,2,0,0,3,1,0,3,4,0,2,3,,N,,,,,,,,,,,
2007099543,225.0,1,0,0,0,0,0,0,0,0,7,0,,67,8,2007,7,39.9539,-75.1947,225.0,6,0,0,0,0,1,0,0,0,,0,0,0,2,3,1,0,,0,39 57:13.996,,0,75 11:40.956,8,0,0,0,67301,0,0,0,,0,0,0,1,67504,0,,5,1,,,,,0,,0,0,0,0,0,,225,1,1,0,0,0,1,0,3,4,0,1,3,,N,,,,,,,,,,,
2007097341,9999.0,2,0,0,0,0,0,0,0,0,4,0,,67,8,2007,2,39.9909,-75.1551,9999.0,6,0,0,0,0,1,1,0,0,,0,0,0,99,3,1,1,,0,39 59:27.000,,0,75 09:18.508,4,0,0,0,67301,0,0,0,,0,0,0,2,67301,1,,1,9,,N,N,,0,,0,0,0,3,2,,9999,1,2,0,0,0,0,1,3,4,0,2,7,,N,,,,,,,,,,,
2007092316,1332.0,0,0,0,0,0,0,0,0,0,8,0,,67,7,2007,5,39.9703,-75.2271,1330.0,6,0,0,0,0,0,0,0,0,,0,0,0,13,1,1,1,,0,39 58:13.166,,0,75 13:37.459,8,0,0,0,67301,1,0,0,N,1,0,0,2,67301,0,,1,1,,N,N,,0,,0,0,1,3,3,,1320,1,2,0,0,0,1,1,3,4,0,1,3,,N,,,,,,,,,,,
2007092327,315.0,0,0,0,0,0,0,0,0,0,7,0,,67,7,2007,7,39.978,-75.1105,315.0,6,0,0,1,0,0,0,0,0,,0,0,0,3,3,1,2,,0,39 58:41.000,,0,75 06:38.516,8,0,0,0,67301,0,0,0,N,0,0,0,1,67301,0,,4,1,,N,N,,0,,0,0,0,0,0,,315,1,1,0,0,1,1,0,3,4,1,1,3,,N,,,,,,,,,,,
2007095028,1022.0,2,0,0,0,0,0,0,0,0,1,0,,67,8,2007,1,40.0836,-75.0264,1020.0,6,0,0,0,0,0,0,0,1,,0,0,0,99,1,1,2,,0,40 05:00.852,,0,75 01:35.142,4,0,0,0,67301,0,0,0,N,0,0,0,2,67301,1,,1,1,,N,N,,0,,0,0,0,3,2,,9999,1,2,0,0,0,0,0,3,4,0,2,3,,N,,,,,,,,,,,
2007095052,748.0,1,0,0,0,0,0,1,0,0,1,1,,67,8,2007,2,40.0671,-75.0512,744.0,6,0,0,0,0,0,1,0,0,,0,0,0,7,1,1,3,,0,40 04:01.000,,0,75 03:04.356,4,0,0,0,67301,0,0,0,N,0,0,0,5,67301,1,,1,9,,N,N,,0,,0,0,0,3,2,,730,1,2,0,0,0,0,2,3,4,0,2,7,,N,,,,,,,,,,,
2007095065,1215.0,1,0,0,0,0,0,0,0,0,4,0,,67,8,2007,2,39.9681,-75.2251,1211.0,6,0,0,0,0,0,1,0,0,,0,0,0,99,1,1,1,,0,39 58:05.274,,0,75 13:30.499,4,0,0,0,67301,0,0,0,N,0,0,0,2,67301,1,,1,1,,N,N,,0,,0,0,0,0,0,,9999,1,2,0,0,0,0,1,3,4,0,2,3,,N,,,,,,,,,,,
2007092764,2215.0,1,0,0,0,0,0,0,0,0,7,0,,67,7,2007,4,39.9041,-75.1502,2213.0,6,0,0,0,0,0,0,0,0,1.0,0,0,0,22,3,0,0,,1,39 54:25.000,1.0,0,75 08:58.258,0,0,0,0,67301,0,0,0,N,0,0,0,1,67301,0,,2,9,,N,N,,0,,0,0,0,0,0,N,2205,0,1,0,0,0,0,0,3,4,0,1,7,,N,,,,,,,,,,,
2007092780,2240.0,2,0,0,0,0,0,0,0,0,4,0,,67,7,2007,7,40.0558,-75.1589,2236.0,6,0,0,1,0,0,1,0,0,,0,0,0,22,3,2,1,,0,40 03:20.000,,0,75 09:32.008,4,0,0,0,67301,0,0,0,,0,0,0,4,67301,1,,1,1,,N,N,,0,,0,0,0,3,2,,2236,2,2,0,0,0,1,1,3,4,0,2,3,,N,,,,,,,,,,,
2007123413,1335.0,1,0,0,0,0,0,0,0,0,4,1,,67,10,2007,2,39.9575,-75.2173,1330.0,6,0,0,0,0,0,1,0,0,3.0,0,1,0,13,1,1,1,,1,39 57:27.000,3.0,0,75 13:02.346,3,0,0,0,67301,0,0,0,N,0,0,0,2,67301,0,,1,1,,N,N,,0,,1,0,0,9,2,N,1330,1,2,0,0,0,0,0,3,4,0,2,3,,N,,,,,,,,,,,
2007120537,1023.0,0,0,0,0,0,0,0,0,0,8,0,,67,10,2007,2,39.9194,-75.1707,1020.0,6,0,0,0,0,0,0,0,0,,0,0,0,10,1,1,1,,0,39 55:09.000,,0,75 10:14.533,4,0,0,0,67301,1,0,0,N,1,0,0,2,67301,1,,1,1,,N,N,,1,,0,0,0,3,2,,1018,1,2,0,0,0,0,0,3,4,0,1,3,,N,,,,,,,,,,,
2007120641,2014.0,1,0,0,0,0,0,0,0,0,5,1,,67,10,2007,6,39.8946,-75.2367,2008.0,6,0,0,0,0,0,0,0,0,,0,1,0,20,4,1,1,,0,39 53:40.000,,0,75 14:12.181,4,0,0,0,67301,0,0,0,N,0,0,0,2,67301,1,,1,1,,N,N,,0,,0,0,0,3,2,,2000,1,2,0,0,0,0,0,3,4,0,2,3,,N,,,,,,,,,,,
2007080398,2000.0,1,0,0,0,0,0,0,0,0,4,0,,67,6,2007,3,40.061,-75.1373,1950.0,6,0,0,0,0,0,1,0,0,,0,0,0,19,1,0,2,,0,40 03:39.000,,0,75 08:13.954,0,0,0,0,67301,0,0,0,N,0,0,0,2,67301,0,,1,9,,N,N,,0,,0,0,1,0,0,,1920,0,2,0,0,0,0,0,3,4,0,2,7,,N,,,,,,,,,,,
2007107035,630.0,1,0,0,0,0,0,0,0,0,8,0,,67,9,2007,4,40.0,-75.1405,629.0,6,0,0,0,0,0,0,0,0,1.0,0,0,0,99,1,1,1,,2,40 00:00.000,4.0,0,75 08:25.773,3,0,0,0,67301,1,0,0,N,1,0,0,2,67301,0,,1,1,,N,N,,0,,1,0,0,9,2,Y,9999,1,2,0,0,0,0,0,3,4,0,1,3,,N,,,,,,,,,,,
2007120696,1017.0,1,0,0,0,0,0,0,0,0,4,1,,67,10,2007,5,40.0096,-75.0641,1015.0,6,0,0,0,0,0,0,0,0,2.0,0,1,0,10,1,1,1,,1,40 00:34.000,2.0,0,75 03:50.888,8,0,0,0,67301,0,0,0,N,0,0,0,2,67301,0,,1,1,,N,N,,0,,0,0,0,3,2,N,1000,1,2,0,0,0,1,0,3,4,0,2,3,,N,,,,,,,,,,,
2007120718,1619.0,2,0,0,0,0,0,0,0,0,1,0,,67,10,2007,3,39.9409,-75.151,1618.0,6,0,0,0,0,0,0,0,1,,0,0,0,16,1,1,1,,0,39 56:27.402,,0,75 09:03.423,4,0,0,0,67301,0,0,0,N,0,0,0,1,67301,1,,1,1,,N,N,,0,,0,0,0,0,0,,1615,1,2,0,0,0,0,0,3,4,0,2,3,,N,,,,,,,,,,,
2007075271,2026.0,0,0,0,0,0,0,0,0,0,5,0,,67,7,2007,3,,,2023.0,6,0,0,0,0,0,1,0,0,,0,0,0,20,4,1,0,,0,,,0,,4,0,0,0,67301,0,0,0,N,0,0,0,4,67501,1,,1,1,,N,N,,1,,0,0,1,3,8,,2020,1,2,0,0,0,0,0,3,3,0,2,3,,N,,,,,,,,,,,
2007117214,1258.0,1,0,0,0,0,0,0,0,0,7,0,,67,10,2007,5,40.0061,-75.1936,1254.0,6,0,0,0,0,0,0,0,0,1.0,0,0,0,12,1,1,6,,2,40 00:23.000,3.0,8,75 11:35.350,4,0,0,0,67301,0,0,0,N,0,0,0,1,67301,1,,2,9,,N,N,,0,,0,0,0,3,8,N,1248,1,1,0,0,0,0,0,3,4,0,1,7,,N,,,,,,,,,,,
2007047459,1354.0,2,0,0,0,0,0,0,0,0,1,0,,67,5,2007,4,40.0064,-75.2155,1353.0,6,0,0,1,0,0,0,0,0,1.0,0,0,0,13,1,2,0,,2,40 00:23.000,2.0,0,75 12:55.900,4,0,0,0,67301,0,0,0,N,0,0,0,3,46104,2,,1,1,,N,N,,0,,0,0,0,0,0,N,1352,2,2,0,0,0,0,0,3,4,0,2,3,,N,,,,,,,,,,,
2007047596,920.0,2,0,0,0,0,0,0,0,0,6,0,,67,2,2007,4,40.0103,-75.1976,910.0,6,0,0,0,0,0,0,0,1,,0,0,0,9,1,0,2,,0,40 00:37.000,,0,75 11:51.525,9,0,0,0,67301,0,0,0,N,0,0,0,3,67301,0,,1,9,,N,N,,1,,0,0,0,3,2,,910,0,3,0,0,0,0,1,3,4,0,3,10,,N,,,,,,,,,,,
2007047635,2220.0,2,0,0,0,0,0,0,0,0,1,0,,67,2,2007,6,,,2217.0,6,0,0,0,0,0,1,0,0,,0,0,0,99,3,0,0,,0,,,0,,0,0,0,0,67301,0,0,0,N,0,0,0,2,67301,0,,1,9,,N,N,,0,,0,0,0,0,0,,9999,0,2,0,0,0,0,0,3,3,0,2,7,,N,,,,,,,,,,,
2007047699,236.0,2,0,0,0,0,0,0,0,0,1,0,,67,2,2007,2,40.0353,-75.22,230.0,6,0,0,0,1,0,0,0,0,,0,0,0,2,3,0,0,,0,40 02:06.900,,0,75 13:12.000,0,0,0,0,67301,0,0,0,N,0,0,0,2,67301,0,,6,1,,N,N,,0,,0,0,0,0,0,,225,0,2,0,0,0,0,0,3,4,0,2,3,,N,,,,,,,,,,,
2007067642,1600.0,1,0,0,0,0,0,0,0,0,1,0,,67,5,2007,1,40.0292,-75.1055,1551.0,6,0,0,0,0,0,0,0,0,2.0,0,0,0,15,1,1,0,,1,40 01:44.000,1.0,0,75 06:19.930,4,0,0,0,67301,0,0,0,N,0,0,0,3,67301,1,,1,1,,N,N,,0,,0,0,1,3,2,N,1523,1,3,0,0,0,0,1,3,4,0,3,3,,N,,,,,,,,,,,
2007067859,1800.0,2,0,0,0,0,0,0,0,0,4,0,,67,5,2007,3,40.004,-75.2148,1745.0,6,0,0,0,0,0,1,0,0,,0,0,0,15,1,0,0,,0,40 00:14.526,,0,75 12:53.452,0,0,0,0,67301,0,0,0,N,0,0,0,2,67301,0,,1,1,,N,N,,0,,0,0,0,0,0,,1500,0,2,0,0,0,0,0,3,4,0,2,3,,N,,,,,,,,,,,
2007106817,226.0,1,1,1,0,0,0,0,0,0,7,0,,67,9,2007,1,40.0138,-75.0782,9999.0,6,0,0,0,0,0,0,0,0,3.0,1,0,0,99,3,2,0,,2,40 00:49.561,4.0,0,75 04:41.646,1,0,0,0,67301,0,0,0,N,0,0,0,3,67301,1,2.0,5,1,,N,N,,0,0.0,0,1,0,0,0,Y,9999,2,1,0,0,0,0,0,3,4,0,1,3,,N,,,,,,,,,,,
2007109410,2110.0,2,0,0,0,0,0,0,0,0,4,0,,67,9,2007,7,39.974,-75.2062,2057.0,6,0,0,0,0,0,0,0,0,,0,0,0,20,3,1,0,,0,39 58:26.000,,0,75 12:22.009,8,0,0,0,67301,0,0,0,N,0,0,0,3,67301,0,,1,1,,N,N,,0,,0,0,0,3,2,,2057,1,2,0,0,0,1,0,3,4,0,2,3,,N,,,,,,,,,,,
2007106951,1434.0,1,0,0,0,0,0,0,0,0,8,0,,67,9,2007,1,39.9343,-75.1788,1430.0,6,0,0,0,0,0,0,0,0,,0,0,0,99,1,1,0,,0,39 56:03.494,,0,75 10:43.705,3,0,0,0,67301,1,0,0,,1,0,0,2,67301,0,,6,1,,N,N,,0,,1,0,0,0,0,,9999,1,2,0,0,0,0,1,3,4,0,1,3,,N,,,,,,,,,,,
2007047954,1758.0,1,0,0,0,0,0,0,0,0,7,0,,67,3,2007,4,39.9567,-75.1423,1755.0,6,0,0,0,0,0,0,0,0,1.0,0,0,0,17,1,1,0,,1,39 57:28.000,4.0,2,75 08:30.344,4,0,0,0,67301,0,0,0,N,0,0,0,1,67301,1,,2,2,,N,N,,0,,0,0,0,0,0,N,1753,1,1,0,0,0,0,0,3,4,0,1,10,,N,,,,,,,,,,,
2007047957,1358.0,1,0,0,0,0,0,0,0,0,1,0,,67,3,2007,6,40.0161,-75.1532,1352.0,6,0,0,0,0,0,1,0,0,1.0,0,0,0,13,1,2,0,,2,40 00:57.960,3.0,3,75 09:11.520,4,0,0,0,67301,0,0,0,N,0,0,0,5,67301,2,,1,7,,N,N,,0,,0,0,1,3,8,N,1348,2,3,0,0,2,0,0,3,4,1,3,10,,N,,,,,,,,,,,
2007055541,310.0,1,0,0,0,0,0,0,0,0,7,0,,67,4,2007,1,39.9557,-75.1478,310.0,6,0,0,0,0,1,0,0,0,,0,0,0,3,2,0,0,,0,39 57:20.518,,3,75 08:51.931,0,0,0,0,67301,0,0,0,N,0,0,0,1,67501,0,,3,1,,N,N,,0,,0,0,0,0,0,,310,0,1,0,0,0,0,0,3,4,0,1,3,,N,,,,,,,,,,,
2007093575,9999.0,2,0,0,0,0,0,0,0,0,1,0,,67,7,2007,2,39.9557,-75.1407,2010.0,6,0,0,0,0,1,1,0,0,1.0,0,0,0,20,4,0,2,,1,39 57:21.960,1.0,0,75 08:26.520,9,0,0,0,67301,0,0,0,N,0,0,0,2,67301,0,,1,1,,N,N,,0,,0,0,0,0,0,N,2010,0,2,0,0,0,0,1,3,4,0,2,3,,N,,,,,,,,,,,
2007093576,2250.0,2,0,0,0,0,0,0,0,0,1,0,,67,6,2007,5,39.9883,-75.0888,2230.0,6,0,0,0,0,0,1,0,0,1.0,0,0,0,22,3,1,0,,1,39 59:17.000,2.0,0,75 05:20.102,4,0,0,0,67301,0,0,0,N,0,0,0,2,67301,1,,1,9,,N,N,,0,,0,0,0,0,0,N,2230,1,2,0,0,0,0,0,3,4,0,2,7,,N,,,,,,,,,,,
2007093423,727.0,1,0,0,0,0,0,0,0,0,4,0,,67,7,2007,4,40.0544,-75.1266,725.0,6,0,0,0,0,0,1,0,0,,0,0,0,7,1,2,0,,0,40 03:15.926,,7,75 07:35.644,3,0,0,0,67301,0,0,0,N,0,0,0,2,67301,0,,1,1,,N,N,,0,,2,0,0,0,0,,725,2,2,0,0,0,0,0,3,4,1,2,3,,N,,,,,,,,,,,
2007127671,1327.0,1,0,0,0,0,0,0,0,0,4,0,,67,10,2007,5,39.9101,-75.1633,1323.0,6,0,0,0,0,1,0,0,0,,0,0,0,13,1,1,1,,0,39 54:36.252,,0,75 09:48.020,3,0,0,0,67301,0,0,0,N,0,0,0,2,67301,0,,1,9,,N,N,,0,,1,0,1,3,2,,1319,1,2,0,0,0,0,0,3,4,0,2,7,5.0,N,,,,,,,,,,,
2007053320,1511.0,3,0,0,0,0,0,0,0,0,1,0,,67,4,2007,5,40.0082,-75.2023,1502.0,6,0,0,0,0,0,0,0,0,1.0,0,0,0,14,1,1,0,,1,40 00:29.000,4.0,0,75 12:06.904,3,0,0,0,67301,0,0,0,N,0,0,0,5,68K01,0,,1,1,,N,N,,0,,1,0,1,0,0,N,1459,1,5,0,0,2,0,0,3,4,1,5,3,,N,,,,,,,,,,,
2007045768,1116.0,1,0,0,0,0,0,0,0,0,6,0,,67,3,2007,6,39.9714,-75.1232,1113.0,6,0,0,0,0,0,0,0,0,,0,0,0,11,1,0,0,,0,39 58:21.000,,0,75 07:18.480,0,0,0,0,67301,0,0,0,N,0,0,0,2,67301,0,,1,9,,N,N,,0,,0,0,0,0,0,,1112,0,2,0,0,0,0,0,3,4,1,2,9,,N,,,,,,,,,,,
2007045769,1305.0,1,0,0,0,0,0,0,0,0,9,0,,67,2,2007,5,39.899,-75.1677,1300.0,6,0,0,0,0,0,0,0,0,,0,0,0,13,1,3,6,,0,39 54:00.000,,2,75 09:35.280,8,0,0,0,67301,0,0,0,N,0,0,0,4,67301,0,,1,7,,N,N,,0,,0,0,0,0,0,,1300,3,2,0,0,0,3,0,3,4,0,2,10,,N,,,,,,,,,,,
2008012502,259.0,0,0,0,0,0,0,0,0,0,7,0,,67,11,2007,7,40.0575,-75.1295,259.0,6,0,0,0,0,0,0,0,0,,0,0,0,2,3,0,0,,0,40 03:26.000,,0,75 07:46.309,9,0,0,0,67301,0,0,0,N,0,0,0,1,46102,0,,4,1,,N,N,,0,,0,0,1,0,0,,230,0,1,0,0,0,0,1,3,4,0,1,3,,N,,,,,,,,,,,
2008008074,1950.0,2,0,0,0,0,0,0,0,0,4,0,,67,11,2007,1,39.9608,-75.1425,1942.0,6,0,0,1,0,0,0,0,0,,0,0,0,19,3,3,1,,0,39 57:38.000,,0,75 08:33.915,4,0,0,0,67301,0,0,0,N,0,0,0,4,67301,3,,1,9,,N,N,,0,,0,0,0,3,2,,1940,3,2,0,0,0,0,0,3,4,0,2,7,,N,,,,,,,,,,,
2008007302,1308.0,1,0,0,0,0,0,0,0,0,7,0,,67,11,2007,5,,,1304.0,6,0,0,0,0,0,0,0,0,2.0,0,0,0,12,1,1,0,,1,,1.0,0,,4,0,0,0,67301,0,0,0,N,0,0,0,1,67301,1,,4,1,,N,N,,0,,0,0,0,0,0,N,1230,1,1,0,0,0,0,0,3,3,0,1,3,,N,,,,,,,,,,,
2008007315,1201.0,2,0,0,0,0,0,0,0,0,1,0,,67,11,2007,5,40.0234,-75.1593,1201.0,6,0,0,0,0,0,1,0,0,,0,0,0,11,1,4,0,,0,40 01:24.000,,0,75 09:33.573,4,0,0,0,67301,0,0,0,,0,0,0,5,67301,1,,1,9,,,,,0,,0,0,1,0,0,,1155,4,3,0,0,0,3,0,3,4,0,3,7,,N,,,,,,,,,,,
2008002494,109.0,1,0,0,0,0,0,0,0,0,1,0,,67,10,2007,7,40.0059,-75.1943,28.0,6,0,0,0,0,0,0,0,0,,0,0,0,0,2,0,0,,0,40 00:07.000,,0,75 11:41.701,0,0,0,0,67301,0,0,0,N,0,0,0,2,68K01,0,,1,9,,N,N,,1,,0,0,0,0,0,,23,0,2,0,0,0,0,0,3,4,0,2,7,,N,,,,,,,,,,,
2008005768,9999.0,2,0,0,0,0,0,0,0,0,5,0,,67,11,2007,4,39.9453,-75.2296,,6,0,0,0,0,0,0,0,0,,0,0,0,10,1,1,0,,0,39 56:42.000,,0,75 13:46.825,4,0,0,0,67301,0,0,0,N,0,0,0,3,67301,1,,1,1,,N,N,,0,,0,0,0,0,0,,1000,1,2,0,0,0,0,0,3,4,0,2,3,,N,,,,,,,,,,,
2007123199,1909.0,2,0,0,0,0,0,0,0,0,1,0,,67,10,2007,3,39.9394,-75.1965,1844.0,6,0,0,0,0,0,1,0,0,2.0,0,0,0,18,3,1,0,,2,39 56:28.000,4.0,3,75 11:40.540,8,0,0,0,67301,0,0,0,N,0,0,0,2,68K01,0,,1,1,,N,N,,0,,0,0,0,0,0,N,1840,1,2,0,0,0,1,0,3,4,0,2,3,,N,,,,,,,,,,,
2007117209,1220.0,1,0,0,0,0,0,0,0,0,1,0,,67,10,2007,5,40.0225,-75.1321,1220.0,6,0,0,0,0,0,0,0,0,,0,0,0,12,1,0,0,,0,40 01:21.003,,0,75 07:55.441,0,0,0,0,67301,0,0,0,,0,0,0,4,67301,0,,1,1,,N,N,,0,,0,0,1,0,0,,1220,0,3,0,0,0,0,0,3,4,1,3,3,,N,,,,,,,,,,,
2007047524,1450.0,0,0,0,0,0,0,0,0,0,7,0,,67,3,2007,1,40.0654,-75.0082,1447.0,6,0,0,0,0,0,0,0,0,9.0,0,0,0,14,1,1,0,,2,40 03:55.278,5.0,0,75 00:29.505,8,0,0,0,67301,0,0,0,N,0,0,0,2,67301,0,,4,1,,N,N,,0,,0,0,1,0,0,N,1445,1,1,0,0,0,1,0,3,4,0,1,3,,N,,,,,,,,,,,
2007047538,2129.0,1,0,0,0,0,0,0,0,0,4,0,,67,2,2007,2,39.9459,-75.2403,2128.0,6,0,0,0,0,1,0,0,0,3.0,0,0,0,21,3,3,1,,2,39 56:45.000,7.0,0,75 14:25.019,3,0,0,0,67301,0,0,0,N,0,0,0,7,67301,0,,1,9,,N,N,,1,,3,0,0,3,2,Y,2128,3,2,0,0,3,0,0,3,4,0,2,3,,N,,,,,,,,,,,
2007047580,801.0,3,0,0,0,0,0,0,0,0,4,0,,67,3,2007,3,39.9602,-75.2391,800.0,6,0,0,0,0,0,3,0,0,,0,0,0,7,1,2,1,,0,39 57:36.000,,0,75 14:20.633,8,0,0,0,67301,0,0,0,Y,0,0,0,6,67301,0,,1,1,,N,N,,0,,0,0,1,2,2,,759,2,4,0,0,0,2,3,3,4,0,4,3,,N,,,,,,,,,,,
2007029694,235.0,2,0,0,0,0,0,0,0,0,4,0,,67,1,2007,1,40.0293,-75.1461,235.0,6,0,0,0,0,0,0,0,0,,0,0,0,2,3,1,0,,0,40 01:45.462,,7,75 08:46.013,3,0,0,0,67301,0,0,0,N,0,0,0,3,67301,0,,1,9,,N,N,,0,,1,0,0,0,0,,235,1,2,0,0,1,0,1,3,4,0,2,7,,N,,,,,,,,,,,
2007067626,1112.0,2,0,0,0,0,0,0,0,0,1,0,,67,5,2007,4,39.9597,-75.1764,1107.0,6,0,0,0,0,0,1,0,0,,0,0,0,11,1,1,6,,0,39 57:35.000,,2,75 10:39.053,4,0,0,0,67301,0,0,0,,0,0,0,2,67301,1,,1,1,,N,N,,0,,0,0,0,9,8,,1105,1,2,0,0,0,0,1,3,4,0,2,3,,N,,,,,,,,,,,
2007067904,1756.0,1,0,0,0,0,0,0,0,0,4,1,,67,5,2007,7,39.9671,-75.2438,1756.0,6,0,0,0,0,0,0,0,0,2.0,0,0,0,99,1,1,1,,1,39 58:01.400,4.0,0,75 14:37.500,8,0,0,0,67301,0,0,0,N,0,0,0,4,67301,0,,1,9,,N,N,,0,,0,0,0,3,3,N,9999,1,2,0,0,0,1,1,3,4,0,2,7,,N,,,,,,,,,,,
2007047796,945.0,1,0,0,0,0,0,0,0,0,6,0,,67,3,2007,7,40.063,-75.0549,945.0,6,0,0,0,0,0,0,0,1,2.0,0,0,0,9,1,1,1,,2,40 03:46.800,2.0,0,75 03:17.640,4,0,0,0,67301,0,0,0,N,0,0,0,4,67301,1,,1,1,,N,N,,0,,0,0,1,3,3,Y,940,1,2,0,0,0,0,0,3,4,0,2,3,,N,,,,,,,,,,,
2007047862,9999.0,3,0,0,0,0,0,0,0,0,2,0,,67,3,2007,2,40.0296,-75.0808,9999.0,6,0,0,0,0,0,0,0,0,9.0,0,0,0,19,3,3,1,,2,40 01:46.491,7.0,0,75 04:51.013,4,0,0,0,67301,0,0,0,N,0,0,0,3,67301,2,,1,1,,N,N,,0,,0,0,0,3,3,Y,1915,3,3,0,0,0,1,0,3,4,0,3,3,,N,,,,,,,,,,,
2007106975,1017.0,3,0,0,0,0,0,0,0,0,4,0,,67,9,2007,2,39.9874,-75.127,1010.0,6,0,0,0,0,0,0,0,0,,0,0,0,7,1,2,1,,0,39 59:14.776,,0,75 07:37.257,8,0,0,0,67301,0,0,0,N,0,0,0,3,67301,0,,1,1,,N,N,,0,,0,0,0,0,0,,740,2,3,0,0,0,2,1,3,4,0,3,3,,N,,,,,,,,,,,
2007107022,2140.0,1,0,0,0,0,0,0,0,0,5,0,,67,9,2007,5,39.9146,-75.2442,2135.0,6,0,0,0,0,0,0,0,0,,0,0,0,21,3,1,0,,0,39 54:52.000,,0,75 14:39.055,4,0,0,1,67301,0,0,0,N,0,0,0,2,67301,1,,1,1,,N,N,,0,,0,0,0,3,2,,2130,1,2,0,0,0,0,0,3,4,0,2,3,,N,,,,,,,,,,,
2007055615,1316.0,2,0,0,0,0,0,0,0,0,1,0,,67,4,2007,1,39.9103,-75.1509,1313.0,6,0,0,0,0,0,0,0,0,,0,0,0,13,1,0,1,,0,39 54:37.000,,2,75 09:03.431,0,0,0,0,67301,0,0,0,N,0,0,0,2,67501,0,,1,9,,N,N,,0,,0,0,0,3,2,,1300,0,2,0,0,0,0,0,3,4,0,2,7,,N,,,,,,,,,,,