CRN,ARRIVAL_TM,AUTOMOBILE_COUNT,BELTED_DEATH_COUNT,BELTED_SUSP_SERIOUS_INJ_COUNT,BICYCLE_COUNT,BICYCLE_DEATH_COUNT,BICYCLE_SUSP_SERIOUS_INJ_COUNT,BUS_COUNT,CHLDPAS_DEATH_COUNT,CHLDPAS_SUSP_SERIOUS_INJ_COUNT,COLLISION_TYPE,COMM_VEH_COUNT,CONS_ZONE_SPD_LIM,COUNTY,CRASH_MONTH,CRASH_YEAR,DAY_OF_WEEK,DEC_LAT,DEC_LONG,DISPATCH_TM,DISTRICT,DRIVER_COUNT_16YR,DRIVER_COUNT_17YR,DRIVER_COUNT_18YR,DRIVER_COUNT_19YR,DRIVER_COUNT_20YR,DRIVER_COUNT_50_64YR,DRIVER_COUNT_65_74YR,DRIVER_COUNT_75PLUS,EST_HRS_CLOSED,FATAL_COUNT,HEAVY_TRUCK_COUNT,HORSE_BUGGY_COUNT,HOUR_OF_DAY,ILLUMINATION,INJURY_COUNT,INTERSECT_TYPE,INTERSECTION_RELATED,LANE_CLOSED,LATITUDE,LN_CLOSE_DIR,LOCATION_TYPE,LONGITUDE,MAX_SEVERITY_LEVEL,MCYCLE_DEATH_COUNT,MCYCLE_SUSP_SERIOUS_INJ_COUNT,MOTORCYCLE_COUNT,MUNICIPALITY,NONMOTR_COUNT,NONMOTR_DEATH_COUNT,NONMOTR_SUSP_SERIOUS_INJ_COUNT,NTFY_HIWY_MAINT,PED_COUNT,PED_DEATH_COUNT,PED_SUSP_SERIOUS_INJ_COUNT,PERSON_COUNT,POLICE_AGCY,POSSIBLE_INJ_COUNT,RDWY_SURF_TYPE_CD,RELATION_TO_ROAD,ROAD_CONDITION,ROADWAY_CLEARED,SCH_BUS_IND,SCH_ZONE_IND,SECONDARY_CRASH,SMALL_TRUCK_COUNT,SPEC_JURIS_CD,SUSP_MINOR_INJ_COUNT,SUSP_SERIOUS_INJ_COUNT,SUV_COUNT,TCD_FUNC_CD,TCD_TYPE,TFC_DETOUR_IND,TIME_OF_DAY,TOT_INJ_COUNT,TOTAL_UNITS,UNB_DEATH_COUNT,UNB_SUSP_SERIOUS_INJ_COUNT,UNBELTED_OCC_COUNT,UNK_INJ_DEG_COUNT,UNK_INJ_PER_COUNT,URBAN_AREA,URBAN_RURAL,VAN_COUNT,VEHICLE_COUNT,WEATHER1,WEATHER2,WORK_ZONE_IND,WORK_ZONE_LOC,WORK_ZONE_TYPE,WORKERS_PRES,WZ_CLOSE_DETOUR,WZ_FLAGGER,WZ_LAW_OFFCR_IND,WZ_LN_CLOSURE,WZ_MOVING,WZ_OTHER,WZ_SHLDER_MDN,WZ_WORKERS_INJ_KILLED
2007047905,744.0,0,0,0,0,0,0,1,0,0,8,1,,67,2,2007,5,39.9975,-75.1215,738.0,6,0,0,0,0,0,0,0,0,9.0,0,0,0,7,1,1,0,,1,39 59:51.000,4.0,0,75 07:17.410,3,0,0,0,67301,1,0,0,,1,0,0,2,67301,0,,1,1,,,,,0,,1,0,0,0,0,N,710,1,2,0,0,0,0,0,3,4,0,1,3,,N,,,,,,,,,,,
2007047992,2225.0,4,0,0,0,0,0,0,0,0,1,0,,67,3,2007,7,39.951,-75.1774,2218.0,6,0,0,0,0,0,2,1,0,,0,0,0,22,3,4,0,,0,39 57:03.000,,0,75 10:38.472,4,0,0,0,67301,0,0,0,N,0,0,0,7,67301,4,,1,9,,N,N,,0,,0,0,0,0,0,,2215,4,5,0,0,4,0,1,3,4,0,5,98,,N,,,,,,,,,,,
2007093571,1220.0,2,0,0,0,0,0,0,0,0,2,0,,67,7,2007,7,39.9805,-75.2282,1215.0,6,0,0,0,0,0,0,0,0,,0,0,0,12,1,1,1,,0,39 58:49.670,,0,75 13:41.343,3,0,0,0,67301,0,0,0,N,0,0,0,2,67301,0,,1,1,,N,N,,0,,1,0,0,3,2,,1212,1,2,0,0,0,0,1,3,4,0,2,3,,N,,,,,,,,,,,
2007093419,940.0,1,0,0,0,0,0,0,0,0,4,0,,67,6,2007,6,40.0097,-75.0641,933.0,6,0,0,0,0,0,1,0,0,,0,0,0,9,1,1,1,,0,40 00:34.000,,0,75 03:50.888,3,0,0,0,67301,0,0,0,,0,0,0,2,67301,0,,1,1,,,,,0,,1,0,1,3,2,,929,1,2,0,0,0,0,0,3,4,0,2,3,,N,,,,,,,,,,,
2007093429,1640.0,1,0,0,0,0,0,0,0,0,1,0,,67,7,2007,7,40.0372,-75.1365,1630.0,6,0,0,0,0,0,0,0,0,,0,0,0,16,1,0,2,,0,40 02:13.000,,0,75 08:11.320,0,0,0,0,67301,0,0,0,N,0,0,0,4,67301,0,,1,1,,N,N,,0,,0,0,0,0,0,,1620,0,2,0,0,0,0,0,3,4,1,2,3,,N,,,,,,,,,,,
2007109771,9999.0,0,0,0,0,0,0,0,0,0,4,0,,67,9,2007,5,40.0638,-75.1763,9999.0,6,0,0,0,0,0,0,0,0,9.0,0,0,0,99,3,1,2,,2,40 03:49.784,6.0,0,75 10:34.525,8,0,0,0,67301,0,0,0,,0,0,0,2,67301,0,,1,1,,,,,0,,0,0,1,9,3,Y,9999,1,2,0,0,0,1,1,3,4,1,2,3,,N,,,,,,,,,,,
2007109831,1502.0,2,0,0,0,0,0,0,0,0,1,0,,67,9,2007,6,40.0789,-75.0253,1502.0,6,0,0,0,0,0,1,0,0,,0,0,0,14,1,1,2,,0,40 04:44.000,,0,75 01:31.191,4,0,0,0,67301,0,0,0,N,0,0,0,3,67301,1,,1,1,,N,N,,0,,0,0,0,3,2,,1420,1,2,0,0,0,0,0,3,4,0,2,3,,N,,,,,,,,,,,
2007107506,808.0,1,0,0,0,0,0,0,0,0,7,0,,67,9,2007,7,39.9828,-75.1883,803.0,6,0,0,0,0,0,0,0,0,,0,0,0,7,1,1,0,,0,39 58:57.000,,0,75 11:18.221,2,0,0,0,67301,0,0,0,N,0,0,0,1,67301,0,,2,9,,N,N,,0,,0,1,0,0,0,,715,1,1,0,0,0,0,0,3,4,0,1,7,,N,,,,,,,,,,,
2007045720,2300.0,2,0,0,0,0,0,0,0,0,1,0,,67,2,2007,5,39.9578,-75.2193,2245.0,6,0,0,0,1,1,0,0,0,,0,0,0,22,3,1,1,,0,39 57:27.000,,0,75 13:09.320,8,0,0,0,67301,0,0,0,N,0,0,0,4,67301,0,,1,7,,N,N,,0,,0,0,1,3,2,,2240,1,3,0,0,0,1,3,3,4,0,3,10,,N,,,,,,,,,,,
2007046062,1350.0,1,0,0,0,0,0,0,0,0,1,0,,67,2,2007,6,39.9238,-75.1431,1350.0,6,0,0,0,0,0,0,0,0,,0,0,0,13,1,3,1,,0,39 55:25.000,,0,75 08:35.335,4,0,0,0,67301,0,0,0,N,0,0,0,4,67301,3,,1,6,,N,N,,0,,0,0,1,0,0,,1330,3,2,0,0,0,0,0,3,4,0,2,10,,N,,,,,,,,,,,
2007092971,1116.0,2,0,0,0,0,0,0,0,0,5,0,,67,7,2007,5,40.0339,-75.1718,1115.0,6,0,0,0,0,0,1,0,0,2.0,0,0,0,11,1,0,0,,2,40 02:01.000,2.0,0,75 10:18.619,9,0,0,0,67301,0,0,0,N,0,0,0,3,67301,0,,1,1,,N,N,,0,,0,0,1,0,0,Y,1115,0,3,0,0,0,0,2,3,4,0,3,3,,N,,,,,,,,,,,
2008007279,230.0,1,0,0,0,0,0,0,0,0,5,0,,67,11,2007,1,,,229.0,6,0,0,0,0,0,0,0,0,2.0,0,0,0,2,3,3,7,,2,,1.0,0,,2,0,0,0,67301,0,0,0,N,0,0,0,6,67301,1,,1,1,,N,N,,0,,0,1,1,0,0,Y,227,3,2,0,0,2,1,0,3,3,0,2,3,,N,,,,,,,,,,,
2008007307,1600.0,1,0,0,0,0,0,0,0,0,8,0,,67,11,2007,5,40.1051,-75.033,1552.0,6,0,0,0,0,0,1,0,0,,0,0,0,15,1,1,0,,0,40 06:18.000,,7,75 01:58.784,4,0,0,0,67301,1,0,0,N,1,0,0,2,67301,1,,1,1,,N,N,,0,,0,0,0,3,2,,1550,1,2,0,0,1,0,0,3,4,0,1,3,,N,,,,,,,,,,,
2008005210,1940.0,1,0,0,0,0,0,0,0,0,4,0,,67,11,2007,2,40.0184,-75.1491,1930.0,6,0,0,0,0,0,1,0,0,,0,0,0,19,3,1,2,,0,40 01:06.000,,0,75 08:56.890,4,0,0,0,67301,0,0,0,N,0,0,0,2,67301,1,,1,9,,N,N,,0,,0,0,0,3,2,,1900,1,2,0,0,0,0,0,3,4,1,2,7,,N,,,,,,,,,,,
2008005251,1615.0,2,0,0,0,0,0,0,0,0,4,0,,67,11,2007,3,39.9781,-75.1222,1610.0,6,0,1,0,0,0,0,0,0,,0,0,0,14,1,2,1,,0,39 58:41.235,,0,75 07:19.945,8,0,0,0,67301,0,0,0,N,0,0,0,3,67301,0,,1,1,,N,N,,0,,0,0,0,3,3,,1450,2,2,0,0,0,2,0,3,4,0,2,3,,N,,,,,,,,,,,
2008008132,820.0,2,0,0,0,0,0,0,0,0,4,0,,67,11,2007,7,40.0707,-75.0694,815.0,6,0,0,0,0,0,0,0,0,3.0,0,0,0,8,1,0,0,,2,40 04:14.588,4.0,0,75 04:09.940,0,0,0,0,67301,0,0,0,N,0,0,0,1,67301,0,,1,1,,N,N,,0,,0,0,0,0,0,Y,805,0,2,0,0,0,0,0,3,4,0,2,3,,N,,,,,,,,,,,
2008018028,1637.0,0,0,0,0,0,0,0,0,0,8,0,,67,12,2007,3,39.9332,-75.1701,1634.0,6,0,0,0,0,0,0,0,0,,0,0,0,16,1,1,1,,0,39 55:59.570,,0,75 10:12.201,4,0,0,0,67301,1,0,0,,1,0,0,2,67301,1,,1,1,,N,N,,0,,0,0,0,0,0,,1632,1,2,0,0,0,0,0,3,4,0,1,3,,N,,,,,,,,,,,
2008018082,1733.0,1,0,0,0,0,0,0,0,0,8,0,,67,12,2007,4,40.0392,-75.0668,1731.0,6,0,0,0,0,0,0,0,0,,0,0,0,17,3,1,1,,0,40 02:21.000,,0,75 04:00.550,8,0,0,0,67301,1,0,0,,1,0,0,2,67301,0,,1,1,,N,N,,0,,0,0,0,3,2,,1715,1,2,0,0,0,1,1,3,4,0,1,3,,N,,,,,,,,,,,
2008018187,1947.0,2,0,0,0,0,0,0,0,0,4,0,,67,12,2007,7,40.0394,-75.0335,1945.0,6,0,0,0,0,0,1,0,0,,0,0,0,19,3,0,0,,0,40 02:21.000,,0,75 02:00.690,0,0,0,0,67301,0,0,0,N,0,0,0,2,67301,0,,1,1,,N,N,,0,,0,0,0,0,0,,1945,0,2,0,0,2,0,0,3,4,0,2,3,,N,,,,,,,,,,,
2008020097,1202.0,2,1,0,0,0,0,0,0,0,4,0,,67,12,2007,1,40.0578,-75.0087,1201.0,6,0,0,0,1,0,0,0,1,,1,0,0,12,1,0,1,,0,40 03:28.000,,0,75 00:31.473,1,0,0,0,67301,0,0,0,N,0,0,0,4,67301,0,2.0,1,9,,N,N,,0,0.0,0,0,2,3,2,,1201,0,4,0,0,0,0,0,3,4,0,4,9,,N,,,,,,,,,,,
2008033099,,1,0,0,0,0,0,0,0,0,7,0,,67,5,2007,7,40.048,-74.9974,,6,0,0,0,0,0,0,0,0,,0,0,0,5,5,0,2,,0,40 02:53.000,,0,74 59:50.313,0,0,0,0,67301,0,0,0,N,0,0,0,1,,0,,4,1,,N,N,,0,,0,0,0,0,0,,530,0,1,0,0,0,0,0,3,4,0,1,3,,N,,,,,,,,,,,
2008025174,233.0,1,0,0,0,0,0,0,0,0,5,0,,67,11,2007,1,39.9959,-75.1974,220.0,6,0,0,0,0,0,0,0,0,,0,0,0,2,3,2,0,,0,39 59:45.000,,0,75 11:50.121,4,0,0,0,67301,0,0,0,N,0,0,0,5,68K01,2,,1,1,,N,N,,0,,0,0,0,0,0,,218,2,2,0,0,0,0,0,3,4,1,2,3,,N,,,,,,,,,,,
2008008329,1613.0,2,0,0,0,0,0,0,0,0,4,0,,67,11,2007,2,39.9582,-75.2355,1608.0,6,0,0,0,0,0,1,1,0,,0,0,0,14,1,2,1,,0,39 57:29.000,,0,75 14:07.850,4,0,0,0,67301,0,0,0,N,0,0,0,2,67301,2,,1,9,,N,N,,0,,0,0,0,3,2,,1430,2,2,0,0,0,0,0,3,4,0,2,7,,N,,,,,,,,,,,
2008005981,1655.0,1,0,0,0,0,0,0,0,0,8,0,,67,11,2007,6,39.9579,-75.1641,1647.0,6,0,0,0,0,0,1,0,0,,0,0,0,16,1,1,1,,0,39 57:28.000,,0,75 09:50.893,8,0,0,0,67301,1,0,0,N,1,0,0,3,67301,0,,1,1,,N,N,,0,,0,0,0,3,2,,1645,1,2,0,0,0,1,0,3,4,0,1,3,,N,,,,,,,,,,,
2008005987,2053.0,2,0,0,0,0,0,1,0,0,4,1,,67,11,2007,5,40.046,-75.0823,2022.0,6,0,0,0,0,0,0,0,0,3.0,0,0,0,20,3,5,1,,2,40 02:45.600,7.0,0,75 04:56.341,8,0,0,0,67301,0,0,0,N,0,0,0,16,67301,0,,1,1,,N,N,,0,,0,0,0,3,2,Y,2021,5,3,0,0,0,5,1,3,4,0,3,3,,N,,,,,,,,,,,
2008035013,,1,0,0,0,0,0,0,0,0,1,0,,67,6,2007,3,,,,6,0,0,0,0,0,0,0,0,,0,0,0,99,6,5,0,,0,,,0,,4,0,0,0,67301,0,0,0,,0,0,0,7,,5,,1,9,,,,,0,,0,0,0,3,2,,9999,5,2,0,0,0,0,2,3,3,0,2,7,,N,,,,,,,,,,,
2008001315,1632.0,2,0,0,0,0,0,0,0,0,1,0,,67,9,2007,7,39.9823,-75.2077,1618.0,6,0,0,0,0,0,0,0,0,,0,0,0,16,1,0,0,,0,39 58:59.000,,0,75 12:29.477,0,0,0,0,67301,0,0,0,N,0,0,0,5,68K01,0,,1,1,,N,N,,0,,0,0,1,0,0,,1614,0,3,0,0,0,0,0,3,4,0,3,3,,N,,,,,,,,,,,
2008016254,1420.0,2,0,0,0,0,0,0,0,0,2,0,,67,11,2007,6,40.0489,-75.0739,1415.0,6,0,0,0,0,0,0,0,0,,0,0,0,14,1,1,1,,0,40 02:55.939,,0,75 04:26.025,4,0,0,0,67301,0,0,0,,0,0,0,2,67301,1,,1,1,,N,N,,0,,0,0,0,9,2,,1410,1,2,0,0,0,0,1,3,4,0,2,3,,N,,,,,,,,,,,
2008006656,1217.0,1,0,0,0,0,0,0,0,0,7,0,,67,11,2007,4,40.0897,-74.9844,1205.0,6,0,1,0,0,0,0,0,0,,0,0,0,99,4,1,0,,0,40 05:23.000,,0,74 59:03.938,3,0,0,0,67301,0,0,0,,0,0,0,1,67301,0,,3,1,,,,,0,,1,0,0,0,0,,9999,1,1,0,0,0,0,0,3,4,0,1,3,,N,,,,,,,,,,,
2008004778,1930.0,2,0,0,0,0,0,0,0,0,1,0,,67,11,2007,3,39.9849,-75.1576,1927.0,6,0,0,0,0,0,0,0,0,,0,0,0,19,3,1,1,,0,39 59:05.463,,0,75 09:27.197,4,0,0,0,67301,0,0,0,N,0,0,0,2,67301,1,,1,9,,N,N,,0,,0,0,1,0,0,,1927,1,3,0,0,1,0,0,3,4,0,3,7,,N,,,,,,,,,,,
2008024233,1935.0,1,0,0,0,0,0,0,0,0,7,0,,67,12,2007,1,40.0473,-75.1322,1929.0,6,0,0,0,0,0,0,0,0,,0,0,0,19,3,1,0,,0,40 02:50.362,,0,75 07:55.948,8,0,0,0,67301,0,0,0,N,0,0,0,1,67301,0,,5,9,,N,N,,0,,0,0,0,0,0,,1926,1,1,0,0,0,1,0,3,4,0,1,7,,N,,,,,,,,,,,
2007067652,2020.0,1,0,0,0,0,0,0,0,0,4,0,,67,5,2007,2,39.9763,-75.1831,2018.0,6,0,0,0,0,0,0,0,0,,0,0,0,20,1,1,1,,0,39 58:34.000,,0,75 10:59.119,3,0,0,1,67301,0,0,0,,0,0,0,2,67301,0,,1,1,,,,,0,,1,0,0,3,2,,2015,1,2,0,0,1,0,0,3,4,0,2,3,,N,,,,,,,,,,,
2007067670,300.0,2,0,0,0,0,0,0,0,0,5,0,,67,5,2007,2,40.0092,-75.1904,247.0,6,0,0,0,0,0,0,0,0,2.0,0,0,0,2,3,0,0,,1,40 00:33.199,6.0,0,75 11:25.522,9,0,0,0,67301,0,0,0,,0,0,0,1,67301,0,,6,1,,N,N,,0,,0,0,0,0,0,Y,240,0,3,0,0,0,0,1,3,4,1,3,3,,N,,,,,,,,,,,
2007067958,1652.0,2,0,0,0,0,0,0,0,0,5,0,,67,5,2007,4,40.0803,-74.9774,1648.0,6,0,0,0,0,0,0,1,0,,0,0,0,16,1,1,0,,0,40 04:49.000,,0,74 58:38.534,2,0,0,0,67301,0,0,0,,0,0,0,1,67301,0,,2,1,,,,,0,,0,1,0,0,0,,1645,1,2,0,0,0,0,0,3,4,0,2,3,,N,,,,,,,,,,,
2007106803,9999.0,0,0,0,0,0,0,0,0,0,4,0,,67,8,2007,1,39.945,-75.1686,9999.0,6,0,0,0,0,0,1,1,0,,0,0,0,18,1,1,0,,0,39 56:42.104,,0,75 10:06.848,4,0,0,1,67301,0,0,0,N,0,0,0,3,67301,1,,1,1,,N,N,,0,,0,0,0,0,0,,1800,1,2,0,0,0,0,0,3,4,1,2,3,,N,,,,,,,,,,,
2007047841,1722.0,1,0,0,0,0,0,0,0,0,4,0,,67,3,2007,3,39.9941,-75.1308,1718.0,6,0,0,0,0,1,0,0,0,,0,0,0,17,1,1,2,,0,39 59:38.590,,0,75 07:50.732,3,0,0,1,67301,0,0,0,N,0,0,0,2,67301,0,,1,1,,N,N,,0,,1,0,0,9,3,,1718,1,2,0,0,0,0,0,3,4,0,2,3,,N,,,,,,,,,,,
2007107008,142.0,0,0,0,0,0,0,0,0,0,0,0,,67,9,2007,1,39.9229,-75.1429,139.0,6,0,0,0,0,0,1,0,0,1.0,0,0,0,1,3,1,2,,1,39 55:22.554,2.0,0,75 08:34.340,4,0,0,1,67301,0,0,0,N,0,0,0,1,67301,1,,1,1,,N,N,,0,,0,0,0,0,0,N,135,1,1,0,0,0,0,0,3,4,0,1,3,,N,,,,,,,,,,,
2007047950,2124.0,1,0,0,0,0,0,0,0,0,7,0,,67,2,2007,6,39.9762,-75.115,2119.0,6,0,0,0,0,0,0,0,0,1.0,0,0,0,21,3,0,0,,1,39 58:37.000,2.0,1,75 06:47.838,0,0,0,0,67301,0,0,0,N,0,0,0,1,67301,0,,2,9,,N,N,,0,,0,0,0,0,0,Y,2115,0,1,0,0,1,0,0,3,4,0,1,7,,N,,,,,,,,,,,
2007047961,416.0,1,0,0,0,0,0,0,0,0,0,0,,67,2,2007,1,40.0236,-75.0329,412.0,6,0,0,0,0,0,0,0,0,1.0,0,0,0,4,3,0,0,,2,40 01:25.000,1.0,0,75 01:58.045,0,0,0,0,67301,0,0,0,N,0,0,0,1,67301,0,,3,1,,N,N,,0,,0,0,0,0,0,Y,410,0,1,0,0,0,0,0,3,4,0,1,3,,N,,,,,,,,,,,
2007045560,1006.0,0,0,0,0,0,0,0,0,0,4,0,,67,4,2007,6,39.9954,-75.239,1006.0,6,0,0,0,0,1,0,1,0,,0,0,0,10,1,0,2,,0,39 59:45.000,,0,75 14:16.070,0,0,0,0,67301,0,0,0,N,0,0,0,3,46104,0,,1,9,,N,N,,1,,0,0,1,2,2,,1005,0,2,0,0,0,0,0,3,4,0,2,7,,N,,,,,,,,,,,
2007093430,1810.0,1,0,0,1,0,0,0,0,0,5,0,,67,7,2007,3,40.0555,-75.1811,1802.0,6,0,0,0,0,0,1,0,0,,0,0,0,18,1,1,0,,0,40 03:19.000,,0,75 10:52.132,4,0,0,0,67301,1,0,0,N,0,0,0,2,67301,1,,1,1,,N,N,,0,,0,0,0,0,0,,1800,1,2,0,0,1,0,0,3,4,0,1,3,,N,,,,,,,,,,,
2007127647,1830.0,4,0,0,0,0,0,0,0,0,4,0,,67,10,2007,6,40.0407,-75.1584,1830.0,6,0,0,0,0,1,1,0,0,1.0,0,0,0,17,4,0,2,,2,40 02:26.566,7.0,0,75 09:30.254,0,0,0,0,67301,0,0,0,N,0,0,0,4,67301,0,,1,1,,N,N,,0,,0,0,0,3,3,Y,1758,0,4,0,0,4,0,0,3,4,0,4,3,,N,,,,,,,,,,,
2007127660,1625.0,1,0,0,0,0,0,0,0,0,8,0,,67,10,2007,6,39.9983,-75.1047,1620.0,6,0,0,0,0,0,0,0,0,,0,0,0,16,1,1,0,,0,39 59:53.779,,0,75 06:16.743,4,0,0,0,67301,1,0,0,N,1,0,0,2,67301,1,,1,1,,N,N,,0,,0,0,0,0,0,,1600,1,2,0,0,0,0,0,3,4,0,1,3,,N,,,,,,,,,,,
2007127662,2327.0,2,0,0,0,0,0,0,0,0,4,0,,67,10,2007,6,39.9871,-75.1223,2321.0,6,0,0,0,0,0,0,0,0,,0,0,0,22,3,0,1,,0,39 59:13.000,,0,75 07:20.404,0,0,0,0,67301,0,0,0,N,0,0,0,2,67301,0,,1,1,,N,N,,0,,0,0,0,3,2,,2255,0,2,0,0,1,0,0,3,4,0,2,3,,N,,,,,,,,,,,
2007127669,1100.0,2,0,0,0,0,0,0,0,0,1,0,,67,10,2007,5,40.0437,-75.1539,1050.0,6,0,0,0,0,0,0,0,0,,0,0,0,99,3,1,1,,0,40 02:37.140,,0,75 09:13.982,4,0,0,0,67301,0,0,0,N,0,0,0,4,67301,1,,1,1,,N,N,,0,,0,0,0,0,0,,9999,1,2,0,0,0,0,0,3,4,0,2,3,,N,,,,,,,,,,,
2007127676,130.0,1,0,0,0,0,0,0,0,0,8,0,,67,10,2007,4,39.9858,-75.1877,130.0,6,0,0,0,0,0,0,0,0,,0,0,0,0,3,1,2,,0,39 59:08.000,,0,75 11:15.671,3,0,0,0,67301,1,0,0,N,1,0,0,2,67301,0,,5,1,,N,N,,0,,1,0,0,0,0,,25,1,2,0,0,0,0,0,3,4,0,1,3,,N,,,,,,,,,,,
2007109779,1746.0,2,0,0,0,0,0,0,0,0,1,0,,67,9,2007,2,39.9816,-75.2301,1745.0,6,0,0,0,0,0,1,0,0,,0,0,0,17,1,1,2,,0,39 58:53.626,,0,75 13:48.460,4,0,0,0,67301,0,0,0,N,0,0,0,2,67301,1,,1,1,,N,N,,0,,0,0,0,3,2,,1740,1,2,0,0,0,0,0,3,4,0,2,3,,N,,,,,,,,,,,
2007107504,1504.0,2,0,0,0,0,0,0,0,0,1,0,,67,9,2007,6,39.93,-75.1481,1500.0,6,0,0,0,0,0,1,0,0,,0,0,0,15,1,1,0,,0,39 55:47.906,,0,75 08:53.250,4,0,0,0,67301,0,0,0,,0,0,0,2,67301,1,,1,1,,,,,0,,0,0,0,0,0,,1500,1,2,0,0,0,0,0,3,4,0,2,3,,N,,,,,,,,,,,
2007110096,51.0,2,0,0,0,0,0,0,0,0,4,0,,67,9,2007,7,39.9878,-75.1847,44.0,6,0,0,0,0,0,0,0,0,,0,0,0,0,3,0,0,,0,39 59:15.925,,0,75 11:04.822,0,0,0,0,67301,0,0,0,N,0,0,0,2,67301,0,,1,1,,N,N,,0,,0,0,0,0,0,,38,0,2,0,0,0,0,0,3,4,0,2,3,,N,,,,,,,,,,,
2007048326,2218.0,2,0,0,0,0,0,0,0,0,5,0,,67,2,2007,3,39.9664,-75.1402,2215.0,6,0,0,0,0,0,0,0,0,,0,0,0,22,3,1,2,,0,39 57:58.892,,0,75 08:24.763,8,0,0,0,67301,0,0,0,N,0,0,0,2,67301,0,,1,9,,N,N,,0,,0,0,0,0,0,,2215,1,2,0,0,0,1,1,3,4,0,2,7,,N,,,,,,,,,,,
2007045723,2045.0,2,0,0,0,0,0,0,0,0,1,0,,67,2,2007,7,39.9883,-75.091,2030.0,6,0,0,0,0,0,0,0,0,,0,0,0,19,3,0,0,,0,39 59:18.018,,0,75 05:27.745,9,0,0,0,67301,0,0,0,N,0,0,0,2,67301,0,,1,2,,N,N,,0,,0,0,0,0,0,,1945,0,2,0,0,0,0,2,3,4,0,2,3,,N,,,,,,,,,,,
2007046047,1840.0,1,0,0,1,0,0,0,0,0,6,0,,67,2,2007,7,39.9943,-75.1577,1835.0,6,0,0,0,0,0,0,0,0,,0,0,0,18,3,1,1,,0,39 59:39.000,,0,75 09:27.820,8,0,0,0,67301,1,0,0,N,0,0,0,2,67301,0,,1,9,,N,N,,0,,0,0,0,3,2,,1830,1,2,0,0,0,1,0,3,4,0,1,10,,N,,,,,,,,,,,
2007070124,619.0,1,0,0,0,0,0,0,0,0,0,0,,67,5,2007,3,39.9495,-75.1843,604.0,6,0,0,0,0,0,0,0,0,1.0,0,0,0,6,1,1,0,,1,39 57:02.000,4.0,0,75 10:59.883,3,0,0,1,67301,0,0,0,N,0,0,0,11,68K01,0,,1,1,,N,N,,0,,1,0,0,0,0,Y,600,1,3,0,0,0,0,0,3,4,1,3,3,,N,,,,,,,,,,,
2008017502,1850.0,0,0,0,0,0,0,0,0,0,8,0,,67,12,2007,2,39.9505,-75.1738,1845.0,6,0,0,0,0,0,0,0,0,,0,0,0,18,3,1,2,,0,39 57:01.000,,0,75 10:25.516,8,0,0,0,67301,1,0,0,N,1,0,0,2,67301,0,,1,1,,N,N,,0,,0,0,1,3,2,,1843,1,2,0,0,0,1,0,3,4,0,1,3,,N,,,,,,,,,,,
2008008152,2143.0,1,0,0,0,0,0,0,0,0,8,0,,67,11,2007,2,39.9353,-75.228,2143.0,6,0,0,0,0,0,1,0,0,,0,0,0,21,3,1,0,,0,39 56:06.993,,0,75 13:40.782,8,0,0,0,67301,1,0,0,,1,0,0,2,67301,0,,1,9,,,,,0,,0,0,0,3,2,,2141,1,2,0,0,1,1,0,3,4,0,1,7,,N,,,,,,,,,,,
2008005704,13.0,1,0,0,0,0,0,0,0,0,1,0,,67,10,2007,3,39.9409,-75.1952,7.0,6,0,0,0,0,1,0,0,0,2.0,0,0,0,0,3,0,0,,2,39 56:32.000,3.0,0,75 11:37.341,0,0,0,0,67301,0,0,0,N,0,0,0,4,68K01,0,,1,1,,N,N,,0,,0,0,1,0,0,N,7,0,2,0,0,0,0,0,3,4,0,2,3,,N,,,,,,,,,,,
2008018083,1955.0,1,0,0,0,0,0,0,0,0,4,0,,67,11,2007,3,40.0436,-75.1734,1950.0,6,0,0,0,0,0,1,0,0,,0,0,0,99,3,1,1,,0,40 02:37.039,,0,75 10:24.124,4,0,0,0,67301,0,0,0,N,0,0,0,2,67301,1,,1,1,,N,N,,0,,0,0,1,3,3,,9999,1,2,0,0,0,0,1,3,4,0,2,3,,N,,,,,,,,,,,
2008018209,2325.0,1,0,0,0,0,0,0,0,0,4,0,,67,12,2007,1,39.9702,-75.1451,2316.0,6,0,0,0,0,0,0,0,0,,0,0,0,22,3,0,1,,0,39 58:12.000,,0,75 08:42.063,9,0,0,0,67301,0,0,0,N,0,0,0,5,67301,0,,1,1,,N,N,,0,,0,0,0,2,2,,2245,0,2,0,0,0,0,1,3,4,0,2,3,,N,,,,,,,,,,,
2008005990,1845.0,2,0,0,0,0,0,0,0,0,4,0,,67,11,2007,1,40.0144,-75.153,1843.0,6,0,0,0,0,0,2,0,0,,0,0,0,18,3,2,1,,0,40 00:51.708,,0,75 09:10.931,8,0,0,0,67301,0,0,0,N,0,0,0,5,67301,0,,1,1,,N,N,,0,,0,0,0,3,3,,1840,2,2,0,0,0,2,0,3,4,0,2,3,,N,,,,,,,,,,,
2008029787,110.0,1,0,0,0,0,0,0,0,0,7,0,,67,12,2007,2,40.0461,-75.0013,106.0,6,0,0,0,0,0,0,0,0,1.0,0,0,0,1,3,0,0,,1,40 02:48.000,1.0,0,75 00:02.176,0,0,0,0,67301,0,0,0,N,0,0,0,1,67301,0,,2,9,,N,N,,0,,0,0,0,0,0,N,104,0,1,0,0,0,0,0,3,4,0,1,7,,N,,,,,,,,,,,