CRN,ARRIVAL_TM,AUTOMOBILE_COUNT,BELTED_DEATH_COUNT,BELTED_SUSP_SERIOUS_INJ_COUNT,BICYCLE_COUNT,BICYCLE_DEATH_COUNT,BICYCLE_SUSP_SERIOUS_INJ_COUNT,BUS_COUNT,CHLDPAS_DEATH_COUNT,CHLDPAS_SUSP_SERIOUS_INJ_COUNT,COLLISION_TYPE,COMM_VEH_COUNT,CONS_ZONE_SPD_LIM,COUNTY,CRASH_MONTH,CRASH_YEAR,DAY_OF_WEEK,DEC_LAT,DEC_LONG,DISPATCH_TM,DISTRICT,DRIVER_COUNT_16YR,DRIVER_COUNT_17YR,DRIVER_COUNT_18YR,DRIVER_COUNT_19YR,DRIVER_COUNT_20YR,DRIVER_COUNT_50_64YR,DRIVER_COUNT_65_74YR,DRIVER_COUNT_75PLUS,EST_HRS_CLOSED,FATAL_COUNT,HEAVY_TRUCK_COUNT,HORSE_BUGGY_COUNT,HOUR_OF_DAY,ILLUMINATION,INJURY_COUNT,INTERSECT_TYPE,INTERSECTION_RELATED,LANE_CLOSED,LATITUDE,LN_CLOSE_DIR,LOCATION_TYPE,LONGITUDE,MAX_SEVERITY_LEVEL,MCYCLE_DEATH_COUNT,MCYCLE_SUSP_SERIOUS_INJ_COUNT,MOTORCYCLE_COUNT,MUNICIPALITY,NONMOTR_COUNT,NONMOTR_DEATH_COUNT,NONMOTR_SUSP_SERIOUS_INJ_COUNT,NTFY_HIWY_MAINT,PED_COUNT,PED_DEATH_COUNT,PED_SUSP_SERIOUS_INJ_COUNT,PERSON_COUNT,POLICE_AGCY,POSSIBLE_INJ_COUNT,RDWY_SURF_TYPE_CD,RELATION_TO_ROAD,ROAD_CONDITION,ROADWAY_CLEARED,SCH_BUS_IND,SCH_ZONE_IND,SECONDARY_CRASH,SMALL_TRUCK_COUNT,SPEC_JURIS_CD,SUSP_MINOR_INJ_COUNT,SUSP_SERIOUS_INJ_COUNT,SUV_COUNT,TCD_FUNC_CD,TCD_TYPE,TFC_DETOUR_IND,TIME_OF_DAY,TOT_INJ_COUNT,TOTAL_UNITS,UNB_DEATH_COUNT,UNB_SUSP_SERIOUS_INJ_COUNT,UNBELTED_OCC_COUNT,UNK_INJ_DEG_COUNT,UNK_INJ_PER_COUNT,URBAN_AREA,URBAN_RURAL,VAN_COUNT,VEHICLE_COUNT,WEATHER1,WEATHER2,WORK_ZONE_IND,WORK_ZONE_LOC,WORK_ZONE_TYPE,WORKERS_PRES,WZ_CLOSE_DETOUR,WZ_FLAGGER,WZ_LAW_OFFCR_IND,WZ_LN_CLOSURE,WZ_MOVING,WZ_OTHER,WZ_SHLDER_MDN,WZ_WORKERS_INJ_KILLED
2008034309,0.0,1,0,0,1,0,0,0,0,0,1,0,,67,8,2007,7,,,0.0,6,0,0,0,0,0,0,0,0,,0,0,0,1,6,1,2,,0,,,0,,8,0,0,0,67301,1,0,0,N,0,0,0,2,00000,0,,1,1,,N,N,,0,,0,0,0,0,0,,130,1,2,0,0,0,1,0,3,3,0,1,3,,N,,,,,,,,,,,
2008004093,1350.0,1,0,0,0,0,0,1,0,0,7,2,,67,10,2007,2,40.0064,-75.1932,1330.0,6,0,0,0,0,0,0,0,0,3.0,0,1,0,13,1,9,0,,2,40 00:24.000,1.0,3,75 11:33.833,3,0,0,0,67301,0,0,0,,0,0,0,10,67301,0,,5,1,,N,N,,0,,9,0,0,3,8,Y,1310,9,3,0,0,0,0,0,3,4,0,3,3,,N,,,,,,,,,,,
2008018633,730.0,0,0,0,0,0,0,0,0,0,8,0,,67,12,2007,4,39.9167,-75.1714,730.0,6,0,0,0,0,0,0,0,0,,0,0,0,7,1,1,0,,0,39 55:00.000,,0,75 10:17.056,4,0,0,0,67301,1,0,0,N,1,0,0,2,67301,1,,1,1,,N,N,,0,,0,0,1,0,0,,728,1,2,0,0,0,0,0,3,4,0,1,3,,N,,,,,,,,,,,
2008016365,1545.0,2,0,0,0,0,0,0,0,0,4,0,,67,11,2007,6,39.9447,-75.155,1529.0,6,0,0,0,0,0,0,1,0,2.0,0,0,0,15,1,1,0,,2,39 56:40.776,2.0,0,75 09:17.898,4,0,0,0,67301,0,0,0,N,0,0,0,1,67301,1,,5,1,,N,N,,0,,0,0,0,0,0,Y,1515,1,2,0,0,0,0,0,3,4,0,2,3,,N,,,,,,,,,,,
2008024238,2010.0,2,0,0,0,0,0,0,0,0,1,0,,67,12,2007,7,40.1032,-75.0369,2008.0,6,0,0,0,0,0,0,0,0,,0,0,0,20,3,1,2,,0,40 06:11.000,,0,75 02:12.942,4,0,0,0,67301,0,0,0,N,0,0,0,2,67301,1,,1,1,,N,N,,0,,0,0,0,0,0,,2003,1,2,0,0,0,0,0,3,4,0,2,3,,N,,,,,,,,,,,
2008019370,1827.0,1,0,0,0,0,0,0,0,0,7,0,,67,12,2007,1,39.906,-75.1342,1825.0,6,0,0,0,0,0,1,0,0,,0,0,0,18,3,0,0,,0,39 54:21.732,,2,75 08:02.940,0,0,0,0,67301,0,0,0,N,0,0,0,1,67501,0,,2,9,,N,N,,0,,0,0,0,0,0,,1825,0,1,0,0,0,0,0,3,4,0,1,7,,N,,,,,,,,,,,
2008019398,905.0,1,0,0,0,0,0,0,0,0,4,0,,67,11,2007,3,40.0149,-75.1777,903.0,6,0,0,0,0,0,0,0,0,1.0,0,0,0,9,1,2,0,,2,40 00:53.000,4.0,0,75 10:39.729,4,0,0,0,67301,0,0,0,N,0,0,0,2,67301,2,,1,9,,N,N,,0,,0,0,1,3,8,N,900,2,2,0,0,0,0,0,3,4,0,2,7,,N,,,,,,,,,,,
2008017321,1608.0,1,0,0,0,0,0,0,0,0,8,0,,67,12,2007,4,40.0436,-75.1521,1600.0,6,0,0,0,0,0,0,0,0,,0,0,0,15,1,1,1,,0,40 02:37.035,,0,75 09:07.477,4,0,0,0,67301,1,0,0,N,1,0,0,3,67301,1,,1,1,,N,Y,,0,,0,0,0,3,3,,1545,1,2,0,0,0,0,0,3,4,0,1,3,,N,,,,,,,,,,,
2008017335,748.0,1,0,0,0,0,0,0,0,0,8,0,,67,12,2007,2,39.973,-75.2185,745.0,6,0,0,0,0,0,0,0,0,,0,0,0,7,1,1,2,,0,39 58:22.000,,0,75 13:06.430,4,0,0,0,67301,1,0,0,N,1,0,0,2,67301,1,,1,9,,N,N,,0,,0,0,0,0,0,,740,1,2,0,0,1,0,0,3,4,0,1,3,,N,,,,,,,,,,,
2008017035,1610.0,2,0,0,0,0,0,0,0,0,3,0,,67,12,2007,6,40.1317,-75.0122,1558.0,6,0,0,0,0,1,0,0,0,3.0,0,0,0,15,1,1,1,,1,40 07:53.956,1.0,0,75 00:43.926,4,0,0,0,67301,0,0,0,N,0,0,0,2,67301,1,,1,9,,N,N,,0,,0,0,0,3,2,N,1543,1,2,0,0,0,0,0,3,4,0,2,7,,N,,,,,,,,,,,
2008017361,2055.0,3,0,0,0,0,0,0,0,0,6,0,,67,12,2007,6,40.0654,-75.1598,2045.0,6,0,0,0,0,0,1,1,0,,0,0,0,20,3,0,2,,0,40 03:55.000,,0,75 09:35.017,0,0,0,0,67301,0,0,0,N,0,0,0,3,67301,0,,1,9,,N,N,,0,,0,0,0,0,0,,2039,0,3,0,0,0,0,0,3,4,0,3,7,,N,,,,,,,,,,,
2008017369,45.0,1,0,0,0,0,0,0,0,0,8,0,,67,12,2007,7,39.9552,-75.1543,45.0,6,0,0,0,0,0,0,0,0,,0,0,0,23,8,1,2,,0,39 57:18.748,,0,75 09:15.505,8,0,0,0,67301,1,0,0,N,1,0,0,2,67301,0,,1,9,,N,N,,0,,0,0,0,0,0,,2300,1,2,0,0,0,1,1,3,4,0,1,7,,N,,,,,,,,,,,
2008017382,2019.0,2,0,0,0,0,0,0,0,0,3,0,,67,12,2007,7,40.1237,-75.0154,2012.0,6,0,0,0,0,0,0,1,0,,0,0,0,20,3,0,0,,0,40 07:25.000,,0,75 00:55.459,0,0,0,0,67301,0,0,0,,0,0,0,3,67301,0,,1,9,,,,,0,,0,0,0,0,0,,2010,0,2,0,0,0,0,0,3,4,0,2,7,,N,,,,,,,,,,,
2008017417,2255.0,1,0,0,0,0,0,0,0,0,8,0,,67,10,2007,4,39.9244,-75.1696,2250.0,6,0,0,0,0,0,0,1,0,,0,0,0,22,3,1,1,,0,39 55:27.000,,0,75 10:11.056,8,0,0,0,67301,1,0,0,,1,0,0,2,67301,0,,1,9,,,,,0,,0,0,0,3,2,,2245,1,2,0,0,0,1,0,3,4,0,1,7,,N,,,,,,,,,,,
2008017435,2033.0,2,0,0,0,0,0,0,0,0,1,0,,67,12,2007,2,39.9917,-75.17,2031.0,6,0,0,0,0,0,0,0,0,,0,0,0,20,3,1,2,,0,39 59:30.184,,0,75 10:12.169,4,0,0,0,67301,0,0,0,N,0,0,0,6,67301,1,,1,9,,N,N,,0,,0,0,0,0,0,,2030,1,2,0,0,0,0,0,3,4,0,2,7,,N,,,,,,,,,,,
2007047572,1912.0,2,0,0,0,0,0,0,0,0,2,0,,67,3,2007,3,39.9573,-75.2479,1906.0,6,0,0,0,0,0,0,0,0,,0,0,0,19,3,2,1,,0,39 57:26.251,,0,75 14:52.347,4,0,0,0,67301,0,0,0,,0,0,0,2,67301,2,,1,1,,N,N,,0,,0,0,0,3,2,,1904,2,2,0,0,0,0,0,3,4,0,2,3,,N,,,,,,,,,,,
2007067647,1727.0,1,0,0,0,0,0,0,0,0,5,0,,67,4,2007,4,40.0432,-75.0523,1721.0,6,0,1,0,0,0,0,0,0,2.0,0,0,0,17,1,0,1,,1,40 02:35.000,2.0,0,75 03:08.136,0,0,0,0,67301,0,0,0,N,0,0,0,5,67301,0,,1,9,,N,N,,1,,0,0,0,3,2,N,1718,0,2,0,0,3,0,0,3,4,0,2,7,,N,,,,,,,,,,,
2007067860,1912.0,2,0,0,0,0,0,0,0,0,1,0,,67,5,2007,2,39.9631,-75.2023,1910.0,6,0,0,0,0,0,0,0,0,,0,0,0,19,1,1,3,,0,39 57:47.160,,0,75 12:08.280,4,0,0,0,67301,0,0,0,N,0,0,0,3,67301,1,,1,1,,N,N,,0,,0,0,0,3,2,,1910,1,2,0,0,0,0,0,3,4,0,2,3,,N,,,,,,,,,,,
2007106805,721.0,1,0,0,1,0,0,0,0,0,4,0,,67,9,2007,5,40.0042,-75.0774,718.0,6,0,0,0,0,0,0,1,0,,0,0,0,7,1,1,5,,0,40 00:15.000,,1,75 04:38.614,4,0,0,0,67301,1,0,0,,0,0,0,3,67301,1,,1,1,,,,,0,,0,0,0,3,2,,710,1,2,0,0,0,0,0,3,4,0,1,3,,N,,,,,,,,,,,
2007109391,2235.0,2,0,0,0,0,0,0,0,0,4,0,,67,9,2007,3,40.0619,-75.1632,2233.0,6,0,0,0,0,1,0,0,0,4.0,0,0,0,22,3,4,1,,2,40 03:42.000,7.0,0,75 09:47.327,8,0,0,0,67301,0,0,0,,0,0,0,5,67301,0,,1,1,,N,N,,0,,0,0,0,3,2,Y,2232,4,2,0,0,0,4,0,3,4,0,2,3,,N,,,,,,,,,,,
2007106949,1625.0,1,0,0,0,0,0,0,0,0,7,0,,67,9,2007,7,39.9397,-75.1749,1620.0,6,0,0,0,0,0,1,0,0,,0,0,0,15,1,0,0,,0,39 56:22.790,,0,75 10:29.568,0,0,0,0,67301,0,0,0,N,0,0,0,1,67301,0,,5,1,,N,N,,0,,0,0,0,0,0,,1555,0,1,0,0,0,0,0,3,4,0,1,3,,N,,,,,,,,,,,
2007107011,1509.0,0,0,0,0,0,0,0,0,0,7,0,,67,9,2007,4,40.0949,-75.0155,1508.0,6,0,0,1,0,0,0,0,0,1.0,0,0,0,15,1,1,0,,1,40 05:41.000,2.0,0,75 00:55.801,4,0,0,0,67301,0,0,0,N,0,0,0,1,67301,1,,3,1,,N,N,,0,,0,0,1,0,0,N,1507,1,1,0,0,0,0,0,3,4,0,1,3,,N,,,,,,,,,,,
2007127617,2112.0,1,0,0,0,0,0,0,0,0,1,0,,67,10,2007,4,39.9299,-75.2215,2110.0,6,0,0,0,0,0,1,0,0,,0,0,0,20,3,1,2,,0,39 55:47.510,,0,75 13:17.515,8,0,0,0,67301,0,0,0,N,0,0,0,1,67301,0,,4,9,,N,N,,0,,0,0,0,3,3,,2014,1,2,0,0,0,1,0,3,4,1,2,7,,N,,,,,,,,,,,
2007127622,1135.0,1,0,0,0,0,0,0,0,0,4,0,,67,10,2007,3,39.8946,-75.2367,1130.0,6,0,0,0,0,0,0,0,0,1.0,0,0,0,11,1,3,1,,1,39 53:40.000,2.0,0,75 14:12.181,8,0,0,0,67301,0,0,0,N,0,0,0,3,67301,0,,1,1,,N,N,,1,,0,0,0,3,2,Y,1115,3,2,0,0,0,3,0,3,4,0,2,3,,N,,,,,,,,,,,
2007127629,750.0,0,0,0,0,0,0,0,0,0,1,0,,67,10,2007,3,40.0511,-75.1225,747.0,6,0,0,0,1,0,0,0,0,,0,0,0,7,1,1,2,,0,40 03:04.129,,0,75 07:21.028,4,0,0,0,67301,0,0,0,N,0,0,0,4,67301,1,,1,1,,N,N,,0,,0,0,2,3,2,,738,1,2,0,0,0,0,0,3,4,0,2,3,,N,,,,,,,,,,,
2007110084,1501.0,0,0,0,0,0,0,0,0,0,8,0,,67,9,2007,1,39.9883,-75.1841,1500.0,6,0,0,0,0,0,0,0,0,,0,0,0,14,1,1,0,,0,39 59:17.732,,0,75 11:02.662,3,0,0,1,67301,1,0,0,N,1,0,0,2,67301,0,,1,1,,N,N,,0,,1,0,0,3,3,,1459,1,2,0,0,0,0,1,3,4,0,1,3,,N,,,,,,,,,,,
2007045682,9999.0,0,0,0,0,0,0,0,0,0,4,0,,67,3,2007,5,39.9691,-75.1373,9999.0,6,0,0,0,0,0,1,0,0,9.0,0,0,0,15,1,1,2,,1,39 58:08.839,4.0,0,75 08:14.219,8,0,0,1,67301,0,0,0,N,0,0,0,2,67301,0,,1,1,,N,N,,0,,0,0,1,0,0,N,1510,1,2,0,0,0,1,0,3,4,0,2,3,,N,,,,,,,,,,,
2007045702,1135.0,0,0,0,0,0,0,0,0,0,4,0,,67,2,2007,4,39.9791,-75.2392,1135.0,6,0,0,0,1,0,0,0,0,,0,0,0,11,1,1,1,,0,39 58:44.601,,0,75 14:20.972,8,0,0,0,67301,0,0,0,N,0,0,0,3,67301,0,,1,7,,N,N,,0,,0,0,0,3,3,,1130,1,2,0,0,0,1,1,3,4,1,2,10,,N,,,,,,,,,,,
2007048280,2123.0,2,0,0,0,0,0,0,0,0,1,0,,67,3,2007,1,40.0779,-75.1973,2123.0,6,0,0,0,0,0,2,0,0,,0,0,0,21,3,1,0,,0,40 04:40.000,,0,75 11:50.313,4,0,0,0,67301,0,0,0,,0,0,0,3,67301,1,,1,1,,,,,0,,0,0,1,9,2,,2101,1,3,0,0,0,0,1,3,4,0,3,3,,N,,,,,,,,,,,
2007048318,2335.0,0,0,0,0,0,0,0,0,0,1,0,,67,2,2007,6,39.986,-75.1415,2331.0,6,0,0,0,0,0,0,0,0,,0,0,0,23,3,2,1,,0,39 59:09.000,,0,75 08:29.412,8,0,0,0,67301,0,0,0,N,0,0,0,4,67301,0,,1,1,,N,N,,0,,0,0,0,3,2,,2303,2,2,0,0,1,2,0,3,4,2,2,3,,N,,,,,,,,,,,
2007046054,1730.0,1,0,0,0,0,0,0,0,0,8,0,,67,2,2007,5,40.0302,-75.1043,1721.0,6,0,0,0,0,0,0,0,0,1.0,0,0,0,17,4,1,1,,1,40 01:48.638,4.0,0,75 06:15.374,4,0,0,0,67301,1,0,0,N,1,0,0,2,67301,1,,1,7,,N,N,,0,,0,0,0,3,2,N,1720,1,2,0,0,0,0,0,3,4,0,1,3,,N,,,,,,,,,,,
2007092973,910.0,2,0,0,0,0,0,0,0,0,4,0,,67,7,2007,3,40.0358,-75.1492,900.0,6,0,0,0,0,0,0,0,0,,0,0,0,0,3,2,1,,0,40 02:08.754,,0,75 08:57.299,4,0,0,0,67301,0,0,0,N,0,0,0,3,67301,2,,1,1,,N,N,,0,,0,0,0,3,2,,0,2,2,0,0,0,0,1,3,4,0,2,3,,N,,,,,,,,,,,
2007092976,1631.0,2,0,0,0,0,0,0,0,0,2,0,,67,7,2007,3,39.9638,-75.22,1630.0,6,0,0,0,0,1,0,0,1,,0,0,0,16,1,1,1,,0,39 57:49.000,,0,75 13:10.512,8,0,0,0,67301,0,0,0,N,0,0,0,2,67301,0,,1,1,,N,N,,0,,0,0,0,9,2,,1620,1,2,0,0,0,1,1,3,4,0,2,3,,N,,,,,,,,,,,
2008008069,1935.0,1,0,0,0,0,0,0,0,0,4,0,,67,11,2007,3,40.054,-75.066,1930.0,6,0,0,0,0,0,1,0,0,1.0,0,0,0,19,1,1,1,,1,40 03:14.403,7.0,0,75 03:57.502,4,0,0,0,67301,0,0,0,N,0,0,0,3,67301,1,,1,1,,N,N,,0,,0,0,1,3,3,Y,1900,1,2,0,0,0,0,0,3,4,0,2,3,,N,,,,,,,,,,,
2008008125,313.0,1,0,0,0,0,0,0,0,0,7,0,,67,11,2007,7,39.9251,-75.2215,313.0,6,0,0,0,0,0,0,0,0,,0,0,0,3,3,0,0,,0,39 55:30.000,,0,75 13:17.400,0,0,0,0,67301,0,0,0,N,0,0,0,2,67301,0,,5,1,,N,N,,0,,0,0,0,0,0,,313,0,1,0,0,0,0,0,3,4,0,1,3,,N,,,,,,,,,,,
2008000675,1503.0,3,0,0,0,0,0,0,0,0,1,0,,67,10,2007,7,40.0709,-75.1574,1503.0,6,0,0,0,0,0,1,0,0,,0,0,0,13,1,1,0,,0,40 04:15.096,,0,75 09:26.768,4,0,0,0,67301,0,0,0,N,0,0,0,3,67301,1,,1,1,,N,N,,0,,0,0,0,3,2,,1300,1,3,0,0,1,0,0,3,4,0,3,3,,N,,,,,,,,,,,
2008016086,1541.0,1,0,0,0,0,0,0,0,0,4,0,,67,11,2007,6,39.9108,-75.1789,1530.0,6,0,0,0,0,0,0,1,0,,0,0,0,15,1,2,2,,0,39 54:38.790,,0,75 10:44.011,8,0,0,0,67301,0,0,0,,0,0,0,3,67301,0,,1,9,,,,,0,,0,0,1,3,3,,1525,2,2,0,0,1,2,0,3,4,0,2,3,,N,,,,,,,,,,,
2008030438,142.0,1,0,0,0,0,0,0,0,0,7,0,,67,12,2007,6,39.9263,-75.1469,142.0,6,0,0,0,0,0,0,0,0,,0,0,0,99,3,0,6,,0,39 55:17.000,,2,75 08:52.748,9,0,0,0,67301,0,0,0,N,0,0,0,3,67301,0,,3,1,,N,N,,0,,0,0,0,0,0,,9999,0,1,0,0,0,0,1,3,4,0,1,3,,N,,,,,,,,,,,
2008029789,1755.0,0,0,0,0,0,0,1,0,0,4,1,,67,12,2007,3,40.0437,-75.1539,1745.0,6,0,0,0,0,0,0,0,1,,0,0,0,17,2,3,1,,0,40 02:37.140,,0,75 09:13.982,8,0,0,0,67301,0,0,0,N,0,0,0,4,67301,0,,1,1,,N,N,,0,,0,0,1,3,3,,1700,3,2,0,0,0,3,0,3,4,0,2,3,,N,,,,,,,,,,,
2008023889,1750.0,1,0,0,0,0,0,0,0,0,8,0,,67,12,2007,6,40.0961,-74.9768,1744.0,6,0,0,0,0,0,0,0,0,,0,0,0,17,3,1,1,,0,40 05:45.000,,0,74 58:36.374,3,0,0,0,67301,1,0,0,,1,0,0,2,67301,0,,1,1,,,,,0,,1,0,0,9,2,,1744,1,2,0,0,0,0,0,3,4,0,1,3,,N,,,,,,,,,,,
2008023893,1708.0,0,0,0,0,0,0,0,0,0,8,0,,67,12,2007,2,39.9713,-75.1584,1707.0,6,0,0,0,0,0,0,1,0,,0,0,0,17,3,1,0,,0,39 58:16.515,,0,75 09:30.074,8,0,0,0,67301,1,0,0,N,1,0,0,2,67301,0,,1,1,,N,N,,1,,0,0,0,0,0,,1706,1,2,0,0,0,1,0,3,4,0,1,3,,N,,,,,,,,,,,
2008003994,1525.0,1,0,0,0,0,0,0,0,0,4,0,,67,10,2007,6,40.0337,-75.1458,1525.0,6,0,0,0,0,0,0,0,1,2.0,0,0,0,15,1,1,1,,1,40 02:01.000,1.0,0,75 08:44.879,8,0,0,0,67301,0,0,0,N,0,0,0,2,67301,0,,1,1,,N,N,,0,,0,0,1,3,2,N,1510,1,2,0,0,0,1,0,3,4,0,2,3,,N,,,,,,,,,,,
2008016816,442.0,1,0,0,0,0,0,0,0,0,8,0,,67,12,2007,7,39.9962,-75.1674,436.0,6,0,0,0,0,0,0,0,0,,0,0,0,4,3,1,0,,0,39 59:46.460,,0,75 10:02.810,4,0,0,0,67301,1,0,0,N,1,0,0,2,67301,1,,1,9,,N,N,,0,,0,0,0,0,0,,430,1,2,0,0,0,0,0,3,4,0,1,7,,N,,,,,,,,,,,
2008023700,1814.0,1,0,0,0,0,0,0,0,0,8,0,,67,12,2007,7,40.1074,-75.0282,1806.0,6,0,0,0,0,0,0,1,0,,0,0,0,18,3,1,2,,0,40 06:26.000,,0,75 01:41.417,4,0,0,0,67301,1,0,0,,1,0,0,2,67301,1,,1,9,,,,,0,,0,0,0,0,0,,1800,1,2,0,0,0,0,0,3,4,0,1,7,,N,,,,,,,,,,,
2008025730,1728.0,0,0,0,0,0,0,0,0,0,8,0,,67,12,2007,5,40.0294,-75.1247,1720.0,6,0,0,0,0,0,0,1,0,,0,0,0,17,2,1,1,,0,40 01:45.919,,0,75 07:28.901,4,0,0,0,67301,1,0,0,N,1,0,0,2,67301,1,,1,9,,N,N,,0,,0,0,0,3,2,,1720,1,2,0,0,0,0,0,3,4,1,1,7,,N,,,,,,,,,,,
2008024223,545.0,1,0,0,0,0,0,0,0,0,8,0,99.0,67,12,2007,1,39.9727,-75.204,536.0,6,0,0,0,0,0,0,0,0,9.0,0,0,0,5,3,1,1,,1,39 58:21.766,2.0,0,75 12:14.569,4,0,0,0,67301,1,0,0,N,1,0,0,2,67301,1,,1,9,,N,N,,0,,0,0,0,3,2,Y,510,1,2,0,0,0,0,0,3,4,0,1,7,,Y,8.0,8.0,U,,,U,,,,,
2008024413,1823.0,0,0,0,0,0,0,0,0,0,8,0,,67,12,2007,4,40.079,-75.174,1819.0,6,0,0,0,0,0,0,0,0,,0,0,0,18,3,1,1,,0,40 04:44.000,,0,75 10:26.434,4,0,0,0,67301,1,0,0,N,1,0,0,2,67301,1,,1,9,,N,N,,0,,0,0,1,3,2,,1805,1,2,0,0,0,0,0,3,4,0,1,7,,N,,,,,,,,,,,
2008024417,109.0,1,0,0,0,0,0,0,0,0,7,0,,67,12,2007,5,40.0215,-75.14,101.0,6,0,0,0,0,0,0,0,0,,0,0,0,0,3,0,0,,0,40 01:17.000,,0,75 08:23.924,0,0,0,0,67301,0,0,0,N,0,0,0,2,67301,0,,2,1,,N,N,,0,,0,0,0,3,2,,51,0,1,0,0,0,0,0,3,4,0,1,3,,N,,,,,,,,,,,
2008024426,2010.0,1,0,0,0,0,0,0,0,0,4,0,,67,12,2007,1,40.0638,-75.1729,2003.0,6,0,0,0,1,0,0,0,0,1.0,0,0,0,20,3,0,1,,1,40 03:49.000,5.0,0,75 10:22.443,0,0,0,0,67301,0,0,0,N,0,0,0,2,67301,0,,1,8,,N,N,,0,,0,0,1,3,3,Y,2000,0,2,0,0,0,0,0,3,4,0,2,7,,N,,,,,,,,,,,
2008024489,720.0,1,0,0,0,0,0,0,0,0,4,0,,67,12,2007,5,39.9395,-75.2204,715.0,6,0,0,0,0,0,1,0,0,1.0,0,0,0,7,1,3,0,,1,39 56:22.000,6.0,0,75 13:13.555,4,0,0,0,67301,0,0,0,N,0,0,0,5,67301,3,,1,9,,N,N,,0,,0,0,1,0,0,Y,705,3,2,0,0,0,0,2,3,4,0,2,3,5.0,N,,,,,,,,,,,
2008024517,1856.0,2,0,0,0,0,0,0,0,0,2,0,,67,12,2007,6,39.924,-75.2222,1855.0,6,0,0,0,0,0,0,0,0,2.0,0,0,0,18,3,7,1,,2,39 55:26.000,7.0,0,75 13:20.098,3,0,0,0,67301,0,0,0,N,0,0,0,10,67301,6,,1,9,,N,N,,1,,1,0,0,3,2,Y,1855,7,3,0,0,0,0,0,3,4,0,3,3,,N,,,,,,,,,,,
2008016972,515.0,0,0,0,0,0,0,0,0,0,8,0,,67,12,2007,3,39.9606,-75.1414,510.0,6,0,0,0,0,0,1,0,0,,0,0,0,5,3,1,1,,0,39 57:38.000,,0,75 08:28.573,4,0,0,0,67301,1,0,0,N,1,0,0,2,67301,1,,1,1,,N,N,,0,,0,0,1,3,2,,510,1,2,0,0,0,0,0,3,4,0,1,3,,N,,,,,,,,,,,
2008053743,1303.0,2,0,0,0,0,0,0,0,0,4,0,,67,11,2007,3,40.0742,-75.0347,1257.0,6,0,0,0,0,0,1,0,1,,0,0,0,12,1,0,1,,0,40 04:27.147,,0,75 02:05.033,0,0,0,0,67301,0,0,0,,0,0,0,3,67301,0,,1,1,,,,,1,,0,0,0,3,2,,1255,0,3,0,0,0,0,0,3,4,0,3,3,,N,,,,,,,,,,,
2008054073,900.0,1,0,0,0,0,0,0,0,0,7,0,,67,11,2007,6,40.0841,-75.0482,856.0,6,0,0,0,0,0,0,0,0,,0,0,0,99,1,0,0,,0,40 05:02.659,,0,75 02:53.523,0,0,0,0,67301,0,0,0,N,0,0,0,1,67301,0,,5,1,,N,N,,0,,0,0,0,0,0,,9999,0,1,0,0,0,0,0,3,4,0,1,3,,N,,,,,,,,,,,
2008029049,1736.0,0,0,0,0,0,0,0,0,0,8,0,,67,12,2007,4,39.9772,-75.2268,1733.0,6,0,0,0,0,0,0,0,0,,0,0,0,17,3,1,3,,0,39 58:37.000,,0,75 13:36.309,4,0,0,0,67301,1,0,0,N,1,0,0,2,67301,1,,1,9,,N,N,,0,,0,0,0,3,2,,1730,1,2,0,0,0,0,0,3,4,0,1,9,,N,,,,,,,,,,,
2008023977,30.0,2,0,0,0,0,0,0,0,0,4,0,,67,12,2007,2,40.0367,-75.1584,26.0,6,0,0,0,0,0,0,0,0,,0,0,0,22,3,1,1,,0,40 02:12.109,,0,75 09:30.211,8,0,0,0,67301,0,0,0,N,0,0,0,2,67301,0,,1,1,,N,N,,0,,0,0,0,3,2,,2230,1,2,0,0,0,1,1,3,4,0,2,3,,N,,,,,,,,,,,
2008024051,1120.0,1,0,0,0,0,0,0,0,0,8,0,,67,12,2007,2,39.9544,-75.1714,1116.0,6,0,0,0,0,0,0,0,0,,0,0,0,11,1,1,1,,0,39 57:15.840,,0,75 10:17.040,4,0,0,0,67301,1,0,0,N,1,0,0,2,67301,1,,1,1,,N,N,,0,,0,0,0,3,2,,1110,1,2,0,0,0,0,0,3,4,0,1,3,,N,,,,,,,,,,,
2008024053,1009.0,1,0,0,0,0,0,0,0,0,8,0,,67,12,2007,4,40.076,-75.2064,1005.0,6,0,0,0,0,0,0,0,0,,0,0,0,10,1,1,1,,0,40 04:32.000,,0,75 12:21.820,4,0,0,0,67301,1,0,0,N,1,0,0,3,67301,1,,1,1,,N,N,,0,,0,0,0,0,0,,1004,1,2,0,0,0,0,0,3,4,0,1,3,,N,,,,,,,,,,,
2008082584,1308.0,5,0,0,0,0,0,0,0,0,4,0,,67,12,2007,1,39.9152,-75.2403,1306.0,6,0,0,1,0,0,0,0,0,3.0,0,0,0,13,1,3,1,,2,39 54:54.593,4.0,0,75 14:25.193,3,0,0,0,67301,0,0,0,,0,0,0,3,67301,1,,1,1,,,,,0,,2,0,1,3,2,Y,1306,3,6,0,0,3,0,0,3,4,0,6,3,,N,,,,,,,,,,,