CRN,ARRIVAL_TM,AUTOMOBILE_COUNT,BELTED_DEATH_COUNT,BELTED_SUSP_SERIOUS_INJ_COUNT,BICYCLE_COUNT,BICYCLE_DEATH_COUNT,BICYCLE_SUSP_SERIOUS_INJ_COUNT,BUS_COUNT,CHLDPAS_DEATH_COUNT,CHLDPAS_SUSP_SERIOUS_INJ_COUNT,COLLISION_TYPE,COMM_VEH_COUNT,CONS_ZONE_SPD_LIM,COUNTY,CRASH_MONTH,CRASH_YEAR,DAY_OF_WEEK,DEC_LAT,DEC_LONG,DISPATCH_TM,DISTRICT,DRIVER_COUNT_16YR,DRIVER_COUNT_17YR,DRIVER_COUNT_18YR,DRIVER_COUNT_19YR,DRIVER_COUNT_20YR,DRIVER_COUNT_50_64YR,DRIVER_COUNT_65_74YR,DRIVER_COUNT_75PLUS,EST_HRS_CLOSED,FATAL_COUNT,HEAVY_TRUCK_COUNT,HORSE_BUGGY_COUNT,HOUR_OF_DAY,ILLUMINATION,INJURY_COUNT,INTERSECT_TYPE,INTERSECTION_RELATED,LANE_CLOSED,LATITUDE,LN_CLOSE_DIR,LOCATION_TYPE,LONGITUDE,MAX_SEVERITY_LEVEL,MCYCLE_DEATH_COUNT,MCYCLE_SUSP_SERIOUS_INJ_COUNT,MOTORCYCLE_COUNT,MUNICIPALITY,NONMOTR_COUNT,NONMOTR_DEATH_COUNT,NONMOTR_SUSP_SERIOUS_INJ_COUNT,NTFY_HIWY_MAINT,PED_COUNT,PED_DEATH_COUNT,PED_SUSP_SERIOUS_INJ_COUNT,PERSON_COUNT,POLICE_AGCY,POSSIBLE_INJ_COUNT,RDWY_SURF_TYPE_CD,RELATION_TO_ROAD,ROAD_CONDITION,ROADWAY_CLEARED,SCH_BUS_IND,SCH_ZONE_IND,SECONDARY_CRASH,SMALL_TRUCK_COUNT,SPEC_JURIS_CD,SUSP_MINOR_INJ_COUNT,SUSP_SERIOUS_INJ_COUNT,SUV_COUNT,TCD_FUNC_CD,TCD_TYPE,TFC_DETOUR_IND,TIME_OF_DAY,TOT_INJ_COUNT,TOTAL_UNITS,UNB_DEATH_COUNT,UNB_SUSP_SERIOUS_INJ_COUNT,UNBELTED_OCC_COUNT,UNK_INJ_DEG_COUNT,UNK_INJ_PER_COUNT,URBAN_AREA,URBAN_RURAL,VAN_COUNT,VEHICLE_COUNT,WEATHER1,WEATHER2,WORK_ZONE_IND,WORK_ZONE_LOC,WORK_ZONE_TYPE,WORKERS_PRES,WZ_CLOSE_DETOUR,WZ_FLAGGER,WZ_LAW_OFFCR_IND,WZ_LN_CLOSURE,WZ_MOVING,WZ_OTHER,WZ_SHLDER_MDN,WZ_WORKERS_INJ_KILLED
2007047863,1320.0,1,0,0,0,0,0,0,0,0,1,0,,67,3,2007,3,40.0317,-75.0582,1310.0,6,0,0,0,0,0,1,0,0,,0,0,0,13,1,1,1,,0,40 01:53.947,,0,75 03:29.696,4,0,0,0,67301,0,0,0,N,0,0,0,1,67301,1,,4,1,,N,N,,1,,0,0,0,0,0,,1300,1,2,0,0,0,0,0,3,4,0,2,3,,N,,,,,,,,,,,
2007047878,1430.0,0,0,0,0,0,0,0,0,0,7,0,,67,2,2007,3,40.0302,-75.1556,1420.0,6,0,0,0,0,0,0,1,0,,0,0,0,14,1,1,0,,0,40 01:48.893,,0,75 09:20.075,4,0,0,0,67301,0,0,0,N,0,0,0,1,67301,1,,4,7,,N,N,,0,,0,0,1,3,3,,1410,1,1,0,0,0,0,0,3,4,0,1,10,,N,,,,,,,,,,,
2007047885,2045.0,2,0,0,0,0,0,0,0,0,4,0,,67,2,2007,7,40.0668,-75.1608,2032.0,6,0,0,0,0,0,1,0,0,,0,0,0,15,1,2,1,,0,40 04:00.354,,0,75 09:39.031,8,0,0,0,67301,0,0,0,N,0,0,0,3,67301,0,,1,1,,N,N,,0,,0,0,0,3,3,,1530,2,2,0,0,0,2,1,3,4,0,2,3,,N,,,,,,,,,,,
2007047942,1000.0,2,0,0,0,0,0,0,0,0,4,0,,67,3,2007,7,40.0233,-75.1364,959.0,6,0,0,0,0,0,0,1,0,,0,0,0,9,1,1,1,,0,40 01:23.000,,0,75 08:12.106,4,0,0,0,67301,0,0,0,N,0,0,0,5,67301,1,,1,1,,N,N,,0,,0,0,0,9,2,,959,1,2,0,0,1,0,0,3,4,0,2,3,,N,,,,,,,,,,,
2007047946,9999.0,2,0,0,0,0,0,0,0,0,4,1,,67,2,2007,1,39.9734,-75.1209,1936.0,6,0,0,0,0,0,1,0,0,1.0,0,1,0,99,3,1,0,,1,39 58:24.207,1.0,0,75 07:15.114,4,0,0,0,67301,0,0,0,N,0,0,0,4,67301,1,,1,9,,N,N,,0,,0,0,0,0,0,N,9999,1,3,0,0,0,0,0,3,4,0,3,10,,N,,,,,,,,,,,
2007058131,1205.0,1,0,0,0,0,0,0,0,0,4,0,,67,4,2007,2,39.9451,-75.1614,1156.0,6,0,0,0,0,0,1,0,0,1.0,0,0,0,11,1,1,1,,2,39 56:42.324,2.0,0,75 09:40.921,8,0,0,0,67301,0,0,0,N,0,0,0,2,67301,0,,1,1,,N,N,,1,,0,0,0,3,2,Y,1135,1,2,0,0,0,1,0,3,4,0,2,3,,N,,,,,,,,,,,
2007093559,300.0,0,0,0,0,0,0,0,0,0,7,0,,67,6,2007,7,40.0744,-74.9847,250.0,6,0,0,1,0,0,0,0,0,9.0,0,0,0,99,3,1,2,,2,40 04:27.663,7.0,0,74 59:04.919,8,0,0,0,67301,0,0,0,,0,0,0,1,67301,0,,4,1,,,,,0,,0,0,0,9,3,Y,9999,1,1,0,0,0,1,0,3,4,1,1,3,,N,,,,,,,,,,,
2007093438,2115.0,2,0,0,0,0,0,0,0,0,1,0,,67,7,2007,4,40.0452,-75.0877,2106.0,6,0,0,0,0,0,0,0,0,,0,0,0,20,3,1,0,,0,40 02:42.000,,0,75 05:15.842,8,0,0,0,67301,0,0,0,N,0,0,0,5,67301,0,,1,9,,N,N,,0,,0,0,0,0,0,,2045,1,2,0,0,0,1,0,3,4,0,2,7,,N,,,,,,,,,,,
2007125098,9999.0,1,0,0,0,0,0,0,0,0,0,0,,67,11,2007,6,39.9811,-75.0863,9999.0,6,0,0,0,0,0,0,0,0,,0,0,0,20,3,1,2,,0,39 58:52.000,,0,75 05:10.546,8,0,0,0,67301,0,0,0,N,0,0,0,1,67301,0,,1,1,,N,N,,0,,0,0,0,0,0,,2042,1,1,0,0,0,1,0,3,4,0,1,3,,N,,,,,,,,,,,
2007125135,1540.0,1,0,0,0,0,0,0,0,0,4,0,,67,10,2007,2,40.0309,-75.0225,1531.0,6,0,0,0,0,0,1,0,0,,0,0,0,15,1,0,0,,0,40 01:51.000,,7,75 01:20.900,0,0,0,0,67301,0,0,0,N,0,0,0,2,67301,0,,1,1,,N,N,,0,,0,0,0,0,0,,1530,0,2,0,0,0,0,0,3,4,1,2,3,,N,,,,,,,,,,,
2007109778,855.0,3,0,0,0,0,0,0,0,0,8,0,,67,9,2007,4,40.0022,-75.1576,853.0,6,0,0,0,0,0,1,0,0,,0,0,0,99,1,3,1,,0,40 00:07.000,,0,75 09:27.518,8,0,0,0,67301,1,0,0,,1,0,0,9,67301,0,,1,1,,N,N,,0,,0,0,0,3,2,,9999,3,4,0,0,0,3,0,3,4,0,3,3,,N,,,,,,,,,,,
2007107507,1816.0,1,0,0,1,0,0,0,0,0,1,0,,67,9,2007,5,40.0469,-75.2477,1808.0,6,0,0,0,0,0,0,0,0,,0,0,0,18,1,1,0,,0,40 02:48.800,,0,75 14:51.700,4,0,0,0,67301,1,0,0,N,0,0,0,2,67301,1,,1,1,,N,N,,0,,0,0,0,0,0,,1800,1,2,0,0,0,0,0,3,4,0,1,3,,N,,,,,,,,,,,
2007045721,9999.0,2,0,0,0,0,0,0,0,0,1,0,,67,3,2007,5,40.0441,-75.1605,824.0,6,0,0,0,0,0,0,0,0,,0,0,0,8,1,1,2,,0,40 02:38.677,,0,75 09:37.799,4,0,0,0,67301,0,0,0,N,0,0,0,3,67301,1,,1,7,,N,N,,0,,0,0,0,0,0,,824,1,2,0,0,0,0,1,3,4,0,2,10,,N,,,,,,,,,,,
2007045726,450.0,0,0,0,0,0,0,0,0,0,4,0,,67,2,2007,2,40.0386,-75.1837,446.0,6,0,0,0,0,0,1,0,0,,0,0,0,0,3,0,1,,0,40 02:18.924,,0,75 11:01.193,9,0,0,0,67301,0,0,0,N,0,0,0,2,67301,0,,1,6,,N,N,,0,,0,0,1,3,2,,0,0,2,0,0,0,0,1,3,4,0,2,7,,N,,,,,,,,,,,
2007045727,1625.0,2,0,0,0,0,0,0,0,0,1,0,,67,2,2007,4,40.045,-75.1641,1620.0,6,0,0,0,0,0,0,0,0,,0,0,0,16,1,1,0,,0,40 02:42.000,,0,75 09:50.604,4,0,0,0,67301,2,0,0,N,0,0,0,4,67301,1,,1,1,,N,N,,0,,0,0,0,3,2,,1613,1,2,0,0,0,0,2,3,4,0,2,3,,N,,,,,,,,,,,
2007045754,2005.0,0,0,0,0,0,0,0,0,0,8,0,,67,2,2007,2,39.953,-75.1684,1959.0,6,0,0,0,0,0,0,0,0,,0,0,0,19,1,1,1,,0,39 57:10.730,,0,75 10:06.316,8,0,0,0,67301,1,0,0,N,1,0,0,2,67301,0,,1,2,,N,N,,0,,0,0,1,3,2,,1955,1,2,0,0,0,1,0,3,4,0,1,10,,N,,,,,,,,,,,
2007045861,1709.0,2,0,0,0,0,0,0,0,0,4,0,,67,2,2007,6,39.9726,-75.2178,1705.0,6,0,0,0,0,0,0,0,0,,0,0,0,15,1,0,3,,0,39 58:21.000,,0,75 13:03.993,0,0,0,0,67301,0,0,0,N,0,0,0,2,67301,0,,1,9,,N,N,,0,,0,0,0,0,0,,1535,0,2,0,0,0,0,0,3,4,0,2,3,,N,,,,,,,,,,,
2008012165,1107.0,1,0,0,0,0,0,0,0,0,5,0,,67,10,2007,1,40.0071,-75.2,1107.0,6,0,0,0,1,0,1,0,0,1.0,0,0,0,11,1,1,0,,2,40 00:25.000,3.0,0,75 12:00.722,3,0,0,0,67301,0,0,0,N,0,0,0,4,68K01,0,,1,1,,N,N,,0,,1,0,0,0,0,N,1105,1,2,0,0,0,0,0,3,4,1,2,3,,N,,,,,,,,,,,
2008007295,716.0,2,0,0,0,0,0,0,0,0,7,0,,67,11,2007,4,40.0191,-75.2014,714.0,6,0,0,0,0,0,1,0,0,3.0,0,0,0,7,1,3,0,,2,40 01:08.869,5.0,0,75 12:04.917,8,0,0,0,67301,0,0,0,N,0,0,0,3,67301,0,,3,9,,N,N,,0,,0,0,1,0,0,Y,713,3,3,0,0,0,3,0,3,4,0,3,3,,N,,,,,,,,,,,
2008007299,1320.0,0,0,0,0,0,0,1,0,0,5,1,,67,12,2007,7,40.0608,-75.2388,1315.0,6,0,0,0,0,0,0,0,0,,0,0,0,13,1,2,1,,0,40 03:38.000,,0,75 14:19.437,4,0,0,0,67301,0,0,0,,0,0,0,2,67301,2,,1,1,,,,,1,,0,0,0,0,0,,1305,2,2,0,0,0,0,0,3,4,0,2,99,,N,,,,,,,,,,,
2008000428,1225.0,1,0,0,0,0,0,0,0,0,4,2,,67,11,2007,6,39.8946,-75.2296,1220.0,6,0,0,0,0,0,1,0,0,,0,2,0,11,1,1,2,,0,39 53:40.000,,0,75 13:46.057,8,0,0,0,67301,0,0,0,,0,0,0,3,67301,0,,1,1,,,,,0,,0,0,0,3,2,,1121,1,3,0,0,0,1,0,3,4,0,3,3,,N,,,,,,,,,,,
2008000441,916.0,2,0,0,0,0,0,0,0,0,1,1,,67,10,2007,4,40.078,-75.0862,914.0,6,0,0,1,0,0,0,0,0,,0,1,0,9,1,1,2,,0,40 04:40.000,,0,75 05:10.165,4,0,0,0,67301,0,0,0,,0,0,0,3,67301,1,,1,9,,,,,0,,0,0,0,0,0,,914,1,3,0,0,0,0,1,3,4,0,3,7,,N,,,,,,,,,,,
2008033102,,1,0,0,0,0,0,0,0,0,5,0,,67,1,2007,1,40.0266,-75.1508,,6,0,0,0,0,0,0,0,0,,0,0,0,2,6,3,1,,0,40 01:35.600,,0,75 09:02.800,8,0,0,0,67301,0,0,0,N,0,0,0,5,00000,0,,1,1,,N,N,,0,,0,0,0,0,0,,210,3,2,0,0,3,3,1,3,4,0,2,3,,N,,,,,,,,,,,
2008025723,2231.0,2,0,0,0,0,0,0,0,0,5,0,,67,12,2007,3,40.0314,-75.2075,2230.0,6,0,0,0,0,0,0,0,1,,0,0,0,22,3,1,0,,0,40 01:53.000,,0,75 12:27.022,8,0,0,0,67301,0,0,0,,0,0,0,1,67301,0,,1,1,,,,,0,,0,0,0,0,0,,2230,1,2,0,0,0,1,0,3,4,0,2,3,,N,,,,,,,,,,,
2008005955,9999.0,2,0,0,0,0,0,0,0,0,1,0,,67,11,2007,3,40.0299,-75.1533,1100.0,6,0,0,0,0,0,1,0,0,,0,0,0,10,1,1,1,,0,40 01:47.791,,0,75 09:11.771,4,0,0,0,67301,0,0,0,N,0,0,0,2,67301,1,,1,1,,N,N,,0,,0,0,0,3,2,,1031,1,2,0,0,0,0,0,3,4,0,2,3,,N,,,,,,,,,,,
2008005996,1139.0,1,0,0,0,0,0,0,0,0,4,0,,67,11,2007,7,40.0223,-75.1308,1133.0,6,0,0,0,0,0,1,0,0,,0,0,0,11,1,1,0,,0,40 01:20.384,,7,75 07:50.772,4,0,0,0,67301,0,0,0,N,0,0,0,3,67301,1,,1,1,,N,N,,0,,0,0,0,0,0,,1125,1,2,0,0,0,0,0,3,4,1,2,3,,N,,,,,,,,,,,
2008006469,1029.0,1,0,0,0,0,0,0,0,0,8,0,,67,11,2007,2,40.0517,-75.0601,1024.0,6,0,0,0,0,0,0,0,0,,0,0,0,10,1,1,1,,0,40 03:05.943,,0,75 03:36.313,8,0,0,0,67301,1,0,0,N,1,0,0,2,67301,0,,1,9,,N,N,,0,,0,0,0,3,3,,1020,1,2,0,0,0,1,0,3,4,0,1,7,,N,,,,,,,,,,,
2008016839,1120.0,0,0,0,0,0,0,0,0,0,8,0,,67,12,2007,3,39.9768,-75.1633,1120.0,6,0,0,0,0,0,0,0,0,,0,0,0,11,1,1,0,,0,39 58:36.516,,0,75 09:47.761,3,0,0,0,67301,1,0,0,N,1,0,0,2,67301,0,,6,1,,N,N,,0,,1,0,0,0,0,,1113,1,2,0,0,0,0,0,3,4,1,1,3,,N,,,,,,,,,,,
2008023722,1028.0,1,0,0,0,0,0,0,0,0,1,0,,67,12,2007,2,40.0837,-74.9647,1026.0,6,0,0,0,0,0,0,0,0,,0,0,0,10,1,1,0,,0,40 05:01.276,,0,74 57:53.010,4,0,0,0,67301,0,0,0,,0,0,0,2,67301,1,,1,1,,N,N,,0,,0,0,0,0,0,,1024,1,2,0,0,0,0,0,3,4,1,2,3,,N,,,,,,,,,,,
2008006756,1018.0,1,0,0,0,0,0,0,0,0,4,0,,67,10,2007,3,39.9661,-75.2359,1013.0,6,0,0,0,0,0,0,0,1,,0,0,0,10,1,1,1,,0,39 57:57.913,,0,75 14:09.124,8,0,0,0,67301,0,0,0,N,0,0,0,2,67301,0,,1,1,,N,N,,0,,0,0,0,3,3,,1005,1,2,0,0,0,1,1,3,4,1,2,3,,N,,,,,,,,,,,
2008036968,1545.0,1,0,0,0,0,0,0,0,0,4,0,,67,12,2007,7,40.0057,-75.1483,1540.0,6,0,0,0,0,0,0,0,0,2.0,0,0,0,15,1,1,1,,1,40 00:20.401,1.0,0,75 08:53.861,8,0,0,0,67301,0,0,0,,0,0,0,2,67301,0,,1,1,,,,,1,,0,0,0,3,2,Y,1540,1,2,0,0,1,1,0,3,4,0,2,3,,N,,,,,,,,,,,
2008024294,1020.0,4,0,0,0,0,0,0,0,0,4,0,,67,12,2007,3,40.0758,-75.1645,1017.0,6,0,0,0,0,0,0,1,0,,0,0,0,99,1,2,1,,0,40 04:32.980,,0,75 09:52.376,4,0,0,0,67301,0,0,0,,0,0,0,2,67301,1,,1,1,,N,,,0,,0,0,0,3,3,,9999,2,4,0,0,0,1,0,3,4,0,4,3,,N,,,,,,,,,,,
2008024225,750.0,3,0,0,0,0,0,0,0,0,4,0,,67,12,2007,3,40.0798,-75.1756,750.0,6,0,0,0,0,1,0,0,0,,0,0,0,99,3,1,1,,0,40 04:47.362,,0,75 10:32.303,8,0,0,0,67301,0,0,0,N,0,0,0,2,67301,0,,1,1,,N,N,,0,,0,0,0,3,3,,9999,1,3,0,0,0,1,1,3,4,0,3,3,,N,,,,,,,,,,,
2008016996,1210.0,1,0,0,0,0,0,0,0,0,8,0,,67,12,2007,6,39.9645,-75.2322,1204.0,6,0,0,0,0,0,1,0,0,,0,0,0,12,1,1,0,,0,39 57:52.232,,0,75 13:55.797,8,0,0,0,67301,1,0,0,,1,0,0,3,67301,0,,1,9,,N,Y,,0,,0,0,0,0,0,,1202,1,2,0,0,0,1,0,3,4,0,1,7,,N,,,,,,,,,,,
2008017421,1255.0,2,0,0,0,0,0,0,0,0,4,0,,67,12,2007,6,40.0564,-75.0498,1250.0,6,0,0,0,0,1,0,0,0,,0,0,0,12,1,1,1,,0,40 03:23.004,,0,75 02:59.186,4,0,0,0,67301,0,0,0,N,0,0,0,3,67301,1,,1,9,,N,N,,0,,0,0,0,3,3,,1221,1,2,0,0,0,0,0,3,4,0,2,10,,N,,,,,,,,,,,
2008017304,1624.0,2,0,0,0,0,0,0,0,0,2,0,,67,12,2007,5,40.0611,-75.1544,1620.0,6,0,0,0,0,0,0,0,0,,0,0,0,15,1,2,1,,0,40 03:40.129,,0,75 09:15.983,4,0,0,0,67301,0,0,0,N,0,0,0,3,67301,2,,1,1,,N,N,,0,,0,0,0,3,2,,1500,2,2,0,0,0,0,0,3,4,0,2,3,,N,,,,,,,,,,,
2008003824,2218.0,2,0,0,0,0,0,0,0,0,5,0,,67,10,2007,6,40.0137,-75.1118,2216.0,6,0,0,0,0,0,0,0,0,,0,0,0,22,3,1,0,,0,40 00:49.330,,0,75 06:42.609,4,0,0,0,67301,0,0,0,,0,0,0,1,67301,1,,1,1,,N,N,,1,,0,0,2,0,0,,2214,1,5,0,0,0,0,0,3,4,0,5,3,,N,,,,,,,,,,,
2008021414,119.0,1,0,0,0,0,0,0,0,0,7,0,,67,7,2007,1,39.9532,-75.1949,118.0,6,0,0,0,0,0,0,0,0,,0,0,0,1,3,1,0,,0,39 57:11.000,,0,75 11:41.470,2,0,0,0,67301,0,0,0,,0,0,0,1,67504,0,,6,1,,N,N,,0,,0,1,0,0,0,,118,1,1,0,1,1,0,0,3,4,0,1,3,,N,,,,,,,,,,,
2008021432,1634.0,2,0,0,0,0,0,0,0,0,4,0,,67,12,2007,7,40.0477,-75.0719,1629.0,6,0,0,0,0,0,1,0,0,,0,0,0,16,1,6,1,,0,40 02:51.896,,0,75 04:18.775,3,0,0,0,67301,0,0,0,N,0,0,0,6,67301,0,,1,1,,N,N,,0,,6,0,0,3,2,,1627,6,2,0,0,0,0,0,3,4,0,2,3,,N,,,,,,,,,,,
2008053019,715.0,1,0,0,0,0,0,1,0,0,4,1,,67,12,2007,5,39.9451,-75.1685,713.0,6,0,0,0,0,0,1,0,0,,0,0,0,7,1,0,1,,0,39 56:42.255,,0,75 10:06.725,0,0,0,0,67301,0,0,0,N,0,0,0,6,67301,0,,1,9,,Y,N,,0,,0,0,0,3,2,,711,0,2,0,0,0,0,0,3,4,0,2,7,,N,,,,,,,,,,,
2008041307,1423.0,0,0,0,0,0,0,0,0,0,8,0,,67,12,2007,6,39.9527,-75.2448,1420.0,6,0,0,0,0,0,0,0,0,,0,0,0,14,1,1,1,,0,39 57:09.608,,0,75 14:41.107,4,0,0,0,67301,1,0,0,,1,0,0,2,67301,1,,1,1,,,,,0,,0,0,0,9,3,,1418,1,2,0,0,0,0,0,3,4,1,1,3,,N,,,,,,,,,,,
2007067266,1740.0,1,0,0,0,0,0,0,0,0,4,0,,67,5,2007,4,39.9181,-75.171,1726.0,6,0,0,0,0,0,1,0,0,,0,0,0,17,1,1,5,,0,39 55:05.160,,0,75 10:15.600,8,0,0,0,67301,0,0,0,N,0,0,0,2,67301,0,,1,1,,N,N,,0,,0,0,1,3,2,,1700,1,2,0,0,0,1,0,3,4,0,2,3,,N,,,,,,,,,,,
2007099006,9999.0,0,0,0,0,0,0,0,0,0,4,0,,67,5,2007,7,39.9955,-75.1415,1753.0,6,0,0,0,0,0,0,0,0,,0,0,0,99,1,1,1,,0,39 59:43.634,,0,75 08:29.417,4,0,0,1,67301,0,0,0,,0,0,0,2,67301,1,,1,1,,,,,0,,0,0,0,9,2,,9999,1,2,0,0,0,0,0,3,4,0,2,3,,N,,,,,,,,,,,
2007056815,1347.0,1,0,0,0,0,0,0,0,0,8,0,,67,3,2007,6,39.9446,-75.1485,1344.0,6,0,0,0,0,0,0,0,0,,0,0,0,13,1,1,0,,0,39 56:40.388,,7,75 08:54.709,3,0,0,0,67301,1,0,0,N,1,0,0,2,67301,0,,5,9,,N,N,,0,,1,0,0,0,0,,1330,1,2,0,0,0,0,0,3,4,0,1,7,,N,,,,,,,,,,,
2007047910,830.0,0,0,0,0,0,0,0,0,0,8,0,,67,2,2007,4,39.9517,-75.1772,830.0,6,0,0,0,0,0,0,0,0,,0,0,0,8,1,1,2,,0,39 57:06.231,,0,75 10:37.822,4,0,0,0,67301,1,0,0,N,1,0,0,3,67301,1,,1,7,,N,Y,,0,,0,0,1,3,2,,850,1,2,0,0,2,0,0,3,4,0,1,10,,N,,,,,,,,,,,
2007047970,325.0,0,0,0,0,0,0,0,0,0,0,1,,67,3,2007,7,39.9112,-75.1524,320.0,6,0,0,0,0,0,0,0,0,4.0,0,1,0,3,3,0,0,,2,39 54:40.000,2.0,2,75 08:58.138,0,0,0,0,67301,0,0,0,N,0,0,0,1,67301,0,,1,7,,N,N,,0,,0,0,0,0,0,Y,320,0,1,0,0,0,0,0,3,4,0,1,10,,N,,,,,,,,,,,
2007093595,9999.0,0,0,0,0,0,0,0,0,0,8,0,,67,7,2007,6,39.9827,-75.1753,1609.0,6,0,0,0,0,0,0,0,0,1.0,0,0,0,99,1,1,1,,1,39 58:57.000,1.0,0,75 10:30.953,3,0,0,0,67301,1,0,0,,1,0,0,2,67301,0,,1,1,,,,,0,,1,0,1,2,2,N,9999,1,2,0,0,0,0,0,3,4,0,1,3,,N,,,,,,,,,,,
2007125132,2020.0,2,0,0,0,0,0,0,0,0,4,0,,67,11,2007,2,40.1234,-75.015,2010.0,6,0,0,0,0,0,0,0,0,,0,0,0,19,3,2,0,,0,40 07:24.272,,7,75 00:54.169,4,0,0,0,67301,0,0,0,N,0,0,0,5,67301,1,,1,1,,,,,0,,0,0,0,0,0,,1910,2,2,0,0,0,1,0,3,4,0,2,3,,N,,,,,,,,,,,
2007125017,937.0,0,0,0,0,0,0,0,0,0,7,0,,67,11,2007,3,39.938,-75.2339,927.0,6,0,0,0,0,0,0,0,0,1.0,0,0,0,9,1,2,0,,2,39 56:16.000,6.0,0,75 14:02.139,4,0,0,0,67301,0,0,0,N,0,0,0,2,67301,1,,5,9,,N,N,,0,,0,0,1,0,0,Y,920,2,1,0,0,0,1,0,3,4,0,1,7,,N,,,,,,,,,,,
2007107353,1010.0,2,0,0,0,0,0,0,0,0,4,0,,67,9,2007,3,40.0646,-75.1457,1004.0,6,0,0,0,0,0,1,1,0,,0,0,0,9,1,0,1,,0,40 03:52.718,,0,75 08:44.440,0,0,0,0,67301,0,0,0,N,0,0,0,2,67301,0,,1,1,,N,N,,0,,0,0,0,3,3,,945,0,2,0,0,0,0,0,3,4,0,2,3,,N,,,,,,,,,,,
2007107502,1047.0,0,0,0,0,0,0,0,0,0,8,0,,67,9,2007,2,39.9368,-75.1567,1045.0,6,0,0,0,0,0,0,0,0,,0,0,0,10,1,1,1,,0,39 56:12.631,,0,75 09:24.112,4,0,0,0,67301,1,0,0,,1,0,0,2,67301,1,,1,1,,,,,0,,0,0,0,0,0,,1040,1,2,0,0,0,0,1,3,4,1,1,3,,N,,,,,,,,,,,
2007048207,1046.0,1,0,0,0,0,0,0,0,0,4,0,,67,3,2007,3,39.9582,-75.2232,1043.0,6,0,0,0,0,0,1,0,0,,0,0,0,10,1,2,1,,0,39 57:29.670,,0,75 13:23.548,4,0,0,0,67301,0,0,0,N,0,0,0,3,67301,1,,1,1,,N,N,,0,,0,0,1,2,2,,1040,2,2,0,0,0,1,0,3,4,0,2,3,,N,,,,,,,,,,,
2007045670,1837.0,1,0,0,0,0,0,0,0,0,4,0,,67,2,2007,6,39.9928,-75.1456,1837.0,6,0,0,0,0,0,0,0,0,9.0,0,0,0,18,3,0,1,,2,39 59:34.000,4.0,0,75 08:44.206,0,0,0,0,67301,0,0,0,N,0,0,0,4,67301,0,,1,1,,N,N,,0,,0,0,0,3,3,N,1817,0,2,0,0,0,0,0,3,4,1,2,3,,N,,,,,,,,,,,
2007048259,1915.0,1,0,0,0,0,0,0,0,0,2,0,,67,1,2007,3,39.8897,-75.2336,1912.0,6,0,0,0,0,0,1,0,0,,0,1,0,19,3,0,2,,0,39 53:28.000,,2,75 14:04.360,9,0,0,0,67301,0,0,0,N,0,0,0,2,67301,0,,1,1,,N,N,,0,,0,0,0,3,2,,1912,0,2,0,0,0,0,1,3,4,0,2,3,,N,,,,,,,,,,,
2007045744,453.0,0,0,0,0,0,0,0,0,0,7,0,,67,2,2007,1,40.0327,-75.0815,450.0,6,0,0,0,0,0,0,0,0,,0,0,0,4,3,0,0,,0,40 01:57.000,,0,75 04:53.597,0,0,0,0,67301,0,0,0,N,0,0,0,1,67301,0,,4,1,,N,N,,0,,0,0,0,0,0,,448,0,1,0,0,0,0,0,3,4,1,1,3,,N,,,,,,,,,,,
2007045750,925.0,1,0,0,0,0,0,0,0,0,8,0,,67,2,2007,6,40.0486,-75.1396,915.0,6,0,0,0,0,0,0,0,0,,0,0,0,7,1,1,1,,0,40 02:55.125,,0,75 08:22.387,4,0,0,0,67301,1,0,0,N,1,0,0,2,67301,1,,1,1,,N,N,,0,,0,0,0,0,0,,740,1,2,0,0,0,0,1,3,4,0,1,3,,N,,,,,,,,,,,
2007092963,635.0,2,0,0,0,0,0,0,0,0,1,0,,67,7,2007,1,40.0536,-75.0277,625.0,6,0,0,0,0,1,0,0,0,,0,0,0,6,1,1,0,,0,40 03:12.974,,0,75 01:39.676,4,0,0,0,67301,0,0,0,,0,0,0,1,67301,1,,6,1,,N,N,,0,,0,0,0,0,0,,620,1,2,0,0,0,0,0,3,4,0,2,3,,N,,,,,,,,,,,
2007092964,728.0,1,0,0,0,0,0,0,0,0,4,0,,67,7,2007,3,40.0307,-75.1224,721.0,6,0,0,0,1,0,0,0,0,1.0,0,0,0,7,1,2,1,,1,40 01:50.664,6.0,0,75 07:20.636,8,0,0,0,67301,0,0,0,N,0,0,0,2,67301,0,,1,1,,N,N,,0,,0,0,1,3,2,Y,715,2,2,0,0,0,2,0,3,4,0,2,3,,N,,,,,,,,,,,
2008017504,247.0,1,0,0,1,0,0,0,0,0,8,0,,67,12,2007,7,39.9556,-75.1728,245.0,6,0,0,0,0,0,1,0,0,,0,0,0,2,3,1,1,,0,39 57:20.167,,0,75 10:21.953,8,0,0,0,67301,1,0,0,N,0,0,0,2,67301,0,,1,1,,N,N,,0,,0,0,0,3,2,,245,1,2,0,0,0,1,0,3,4,0,1,3,,N,,,,,,,,,,,
2008007236,1500.0,0,0,0,0,0,0,0,0,0,7,0,,67,11,2007,4,,,1458.0,6,0,0,0,0,0,0,0,0,1.0,0,0,0,14,1,0,0,,2,,1.0,0,,0,0,0,0,67301,0,0,0,N,0,0,0,1,67301,0,,3,1,,N,N,,0,,0,0,0,0,0,N,1455,0,1,0,0,0,0,0,3,3,1,1,3,,N,,,,,,,,,,,