CRN,ARRIVAL_TM,AUTOMOBILE_COUNT,BELTED_DEATH_COUNT,BELTED_SUSP_SERIOUS_INJ_COUNT,BICYCLE_COUNT,BICYCLE_DEATH_COUNT,BICYCLE_SUSP_SERIOUS_INJ_COUNT,BUS_COUNT,CHLDPAS_DEATH_COUNT,CHLDPAS_SUSP_SERIOUS_INJ_COUNT,COLLISION_TYPE,COMM_VEH_COUNT,CONS_ZONE_SPD_LIM,COUNTY,CRASH_MONTH,CRASH_YEAR,DAY_OF_WEEK,DEC_LAT,DEC_LONG,DISPATCH_TM,DISTRICT,DRIVER_COUNT_16YR,DRIVER_COUNT_17YR,DRIVER_COUNT_18YR,DRIVER_COUNT_19YR,DRIVER_COUNT_20YR,DRIVER_COUNT_50_64YR,DRIVER_COUNT_65_74YR,DRIVER_COUNT_75PLUS,EST_HRS_CLOSED,FATAL_COUNT,HEAVY_TRUCK_COUNT,HORSE_BUGGY_COUNT,HOUR_OF_DAY,ILLUMINATION,INJURY_COUNT,INTERSECT_TYPE,INTERSECTION_RELATED,LANE_CLOSED,LATITUDE,LN_CLOSE_DIR,LOCATION_TYPE,LONGITUDE,MAX_SEVERITY_LEVEL,MCYCLE_DEATH_COUNT,MCYCLE_SUSP_SERIOUS_INJ_COUNT,MOTORCYCLE_COUNT,MUNICIPALITY,NONMOTR_COUNT,NONMOTR_DEATH_COUNT,NONMOTR_SUSP_SERIOUS_INJ_COUNT,NTFY_HIWY_MAINT,PED_COUNT,PED_DEATH_COUNT,PED_SUSP_SERIOUS_INJ_COUNT,PERSON_COUNT,POLICE_AGCY,POSSIBLE_INJ_COUNT,RDWY_SURF_TYPE_CD,RELATION_TO_ROAD,ROAD_CONDITION,ROADWAY_CLEARED,SCH_BUS_IND,SCH_ZONE_IND,SECONDARY_CRASH,SMALL_TRUCK_COUNT,SPEC_JURIS_CD,SUSP_MINOR_INJ_COUNT,SUSP_SERIOUS_INJ_COUNT,SUV_COUNT,TCD_FUNC_CD,TCD_TYPE,TFC_DETOUR_IND,TIME_OF_DAY,TOT_INJ_COUNT,TOTAL_UNITS,UNB_DEATH_COUNT,UNB_SUSP_SERIOUS_INJ_COUNT,UNBELTED_OCC_COUNT,UNK_INJ_DEG_COUNT,UNK_INJ_PER_COUNT,URBAN_AREA,URBAN_RURAL,VAN_COUNT,VEHICLE_COUNT,WEATHER1,WEATHER2,WORK_ZONE_IND,WORK_ZONE_LOC,WORK_ZONE_TYPE,WORKERS_PRES,WZ_CLOSE_DETOUR,WZ_FLAGGER,WZ_LAW_OFFCR_IND,WZ_LN_CLOSURE,WZ_MOVING,WZ_OTHER,WZ_SHLDER_MDN,WZ_WORKERS_INJ_KILLED
2008005195,1834.0,2,0,0,0,0,0,0,0,0,4,0,,67,11,2007,2,40.0409,-75.0142,1834.0,6,0,0,0,0,0,1,0,0,1.0,0,0,0,18,3,1,0,,1,40 02:27.000,2.0,0,75 00:51.018,8,0,0,0,67301,0,0,0,N,0,0,0,2,67301,0,,1,9,,N,N,,0,,0,0,0,0,0,N,1833,1,3,0,0,0,1,0,3,4,1,3,7,,N,,,,,,,,,,,
2008053053,552.0,0,0,0,0,0,0,0,0,0,7,0,,67,11,2007,5,39.9348,-75.2354,546.0,6,0,0,0,0,0,0,0,0,,0,0,0,99,3,0,0,,0,39 56:05.376,,0,75 14:07.529,9,0,0,0,67301,0,0,0,,0,0,0,1,67301,0,,2,1,,N,N,,0,,0,0,1,0,0,,9999,0,1,0,0,0,0,1,3,4,0,1,3,,N,,,,,,,,,,,
2008018050,548.0,1,0,0,0,0,0,0,0,0,5,0,,67,12,2007,7,40.0345,-75.1658,545.0,6,0,0,0,0,0,0,0,0,,0,0,0,5,3,0,0,,0,40 02:04.264,,0,75 09:56.988,0,0,0,0,67301,0,0,0,N,0,0,0,1,67301,0,,1,9,,N,N,,0,,0,0,1,0,0,,535,0,2,0,0,0,0,0,3,4,0,2,7,,N,,,,,,,,,,,
2008008728,1814.0,1,0,0,0,0,0,0,0,0,1,0,,67,11,2007,3,,,1802.0,6,0,0,0,0,0,0,0,0,,0,0,0,18,2,1,0,,0,,,99,,2,0,0,0,67301,0,0,0,N,0,0,0,1,67301,0,,2,1,,N,N,,1,,0,1,0,0,0,,1800,1,3,0,1,1,0,0,3,3,1,3,3,,N,,,,,,,,,,,
2008011012,1810.0,2,0,0,0,0,0,0,0,0,2,0,,67,10,2007,5,40.0546,-75.125,1752.0,6,0,1,0,0,0,0,0,0,1.0,0,0,0,99,3,1,1,,1,40 03:16.000,4.0,0,75 07:29.497,3,0,0,0,67301,0,0,0,N,0,0,0,2,46102,0,,1,9,,N,N,,0,,1,0,0,3,2,N,9999,1,2,0,0,0,0,0,3,4,0,2,3,,N,,,,,,,,,,,
2008005971,153.0,2,0,0,0,0,0,0,0,0,1,0,,67,11,2007,7,39.9698,-75.2391,153.0,6,0,0,0,1,0,0,0,0,,0,0,0,1,3,1,1,,0,39 58:11.000,,0,75 14:20.688,4,0,0,0,67301,0,0,0,N,0,0,0,4,67301,1,,1,2,,N,N,,0,,0,0,0,3,2,,150,1,2,0,0,0,0,0,3,4,0,2,98,,N,,,,,,,,,,,
2008005977,749.0,2,0,0,0,0,0,0,0,0,1,0,,67,11,2007,7,39.9248,-75.2355,748.0,6,0,0,0,0,0,0,0,0,,0,0,0,6,5,1,0,,0,39 55:29.273,,0,75 14:07.929,4,0,0,0,67301,0,0,0,N,0,0,0,2,67301,1,,1,9,,N,N,,0,,0,0,0,3,2,,630,1,2,0,0,0,0,1,3,4,0,2,7,5.0,N,,,,,,,,,,,
2008005982,2255.0,1,0,0,0,0,0,0,0,0,5,0,,67,11,2007,7,40.0165,-75.0616,2253.0,6,0,0,0,0,0,0,0,1,1.0,0,0,0,22,3,1,0,,2,40 00:59.000,5.0,0,75 03:41.494,8,0,0,0,67301,0,0,0,N,0,0,0,1,67301,0,,1,1,,N,N,,1,,0,0,0,0,0,Y,2253,1,2,0,0,0,1,0,3,4,0,2,3,,N,,,,,,,,,,,
2008030424,9999.0,1,0,0,0,0,0,0,0,0,7,0,,67,12,2007,6,39.9774,-75.1127,1020.0,6,0,0,0,0,0,0,0,0,,0,0,0,10,1,1,7,,0,39 58:27.000,,2,75 07:06.665,4,0,0,0,67301,0,0,0,N,0,0,0,1,67301,1,,2,1,,N,N,,0,,0,0,0,0,0,,1005,1,1,0,0,0,0,0,3,4,0,1,3,,N,,,,,,,,,,,
2008037443,1951.0,2,0,0,0,0,0,0,0,0,5,0,,67,12,2007,5,39.9838,-75.2083,1946.0,6,1,0,0,0,0,0,0,0,2.0,0,0,0,19,2,0,0,,2,39 59:05.000,3.0,0,75 12:30.053,0,0,0,0,67301,0,0,0,N,0,0,0,4,68K01,0,,1,1,,N,N,,0,,0,0,1,0,0,Y,1944,0,3,0,0,1,0,0,3,4,0,3,3,,N,,,,,,,,,,,
2008006669,1312.0,2,0,0,0,0,0,0,0,0,1,0,,67,12,2007,7,40.081,-75.0373,1306.0,6,0,0,0,0,0,0,0,0,,0,0,0,13,1,0,0,,0,40 04:51.000,,0,75 02:14.353,0,0,0,0,67301,0,0,0,N,0,0,0,2,67301,0,,1,1,,N,N,,0,,0,0,0,0,0,,1305,0,2,0,0,0,0,0,3,4,0,2,3,,N,,,,,,,,,,,
2008024302,805.0,4,0,0,0,0,0,0,0,0,1,0,,67,12,2007,4,39.9342,-75.1605,800.0,6,0,0,0,0,0,1,0,0,,0,0,0,7,1,1,0,,0,39 56:02.968,,0,75 09:37.810,8,0,0,0,67301,0,0,0,,0,0,0,1,67301,0,,6,1,,N,N,,0,,0,0,0,0,0,,755,1,4,0,0,0,1,0,3,4,0,4,3,,N,,,,,,,,,,,
2008019346,620.0,0,0,0,0,0,0,0,0,0,0,0,,67,12,2007,2,39.9383,-75.1977,620.0,6,0,0,0,0,0,0,0,0,,0,0,0,6,5,1,0,,0,39 56:14.000,,2,75 11:54.692,8,0,0,0,67301,0,0,0,,0,0,0,1,67301,0,,7,2,,,,,0,,0,0,1,0,0,,619,1,1,0,0,0,1,0,3,4,0,1,98,,N,,,,,,,,,,,
2008024442,830.0,0,0,0,0,0,0,0,0,0,8,0,,67,12,2007,3,39.9406,-75.2216,820.0,6,0,0,0,0,0,0,0,0,,0,0,0,6,6,1,1,,0,39 56:26.314,,0,75 13:17.605,3,0,0,0,67301,1,0,0,N,1,0,0,2,67301,0,,1,1,,N,N,,1,,1,0,0,9,2,,630,1,2,0,0,0,0,1,3,4,0,1,99,,N,,,,,,,,,,,
2008024514,1228.0,2,0,0,0,0,0,0,0,0,4,0,,67,12,2007,6,40.0233,-75.1258,1216.0,6,0,0,0,0,0,1,0,0,1.0,0,0,0,12,1,1,2,,1,40 01:23.930,2.0,0,75 07:32.757,8,0,0,0,67301,0,0,0,N,0,0,0,3,67301,0,,1,9,,N,N,,0,,0,0,0,3,3,N,1205,1,2,0,0,0,1,0,3,4,0,2,7,,N,,,,,,,,,,,
2008017149,102.0,2,0,0,0,0,0,0,0,0,1,0,,67,12,2007,3,39.9508,-75.1955,101.0,6,0,0,0,0,0,0,0,0,,0,0,0,1,3,1,0,,0,39 57:02.955,,0,75 11:43.623,8,0,0,0,67301,0,0,0,,0,0,0,2,67504,0,,1,1,,,,,0,,0,0,0,0,0,,101,1,2,0,0,0,1,0,3,4,0,2,3,,N,,,,,,,,,,,
2008017336,1550.0,2,0,0,0,0,0,0,0,0,4,0,,67,11,2007,4,39.9692,-75.2148,1544.0,6,0,0,1,0,0,0,0,0,,0,0,0,15,1,0,1,,0,39 58:09.152,,8,75 12:53.323,0,0,0,0,67301,0,0,0,N,0,0,0,3,67301,0,,1,1,,N,N,,0,,0,0,0,3,3,,1515,0,2,0,0,0,0,0,3,4,0,2,3,,N,,,,,,,,,,,
2008017408,225.0,2,0,0,0,0,0,0,0,0,7,0,,67,11,2007,3,39.9766,-75.1135,222.0,6,0,0,0,0,0,1,0,0,1.0,0,0,0,2,3,2,0,,2,39 58:36.000,1.0,0,75 06:47.940,4,0,0,0,67301,0,0,0,N,0,0,0,5,67301,2,,2,9,,N,N,,0,,0,0,0,0,0,N,222,2,2,0,0,0,0,0,3,4,0,2,7,,N,,,,,,,,,,,
2008017533,1930.0,1,0,0,0,0,0,0,0,0,1,0,,67,12,2007,2,40.01,-75.1363,1920.0,6,0,0,0,0,0,0,0,0,,0,0,0,19,3,1,3,,0,40 00:36.000,,0,75 08:10.526,8,0,0,0,67301,0,0,0,N,0,0,0,5,67301,0,,1,9,,N,N,,0,,0,0,0,9,2,,1915,1,2,0,0,0,1,3,3,4,1,2,7,,N,,,,,,,,,,,
2008017306,9999.0,2,0,0,0,0,0,0,0,0,4,0,,67,11,2007,3,40.0611,-75.1618,1300.0,6,0,0,0,0,0,0,0,0,,0,0,0,13,1,0,1,,0,40 03:40.060,,0,75 09:42.454,0,0,0,0,67301,0,0,0,N,0,0,0,2,67301,0,,1,9,,N,N,,0,,0,0,0,3,3,,1300,0,2,0,0,0,0,0,3,4,0,2,98,,N,,,,,,,,,,,
2008006263,2109.0,2,0,0,0,0,0,0,0,0,4,0,,67,11,2007,5,40.0135,-75.1362,2109.0,6,0,0,0,0,0,1,0,0,,0,0,0,21,3,1,1,,0,40 00:48.736,,0,75 08:10.352,4,0,0,0,67301,0,0,0,,0,0,0,4,67301,1,,1,1,,,,,0,,0,0,0,9,3,,2105,1,2,0,0,0,0,0,3,4,0,2,3,,N,,,,,,,,,,,
2008006268,1715.0,3,0,0,0,0,0,0,0,0,4,0,,67,11,2007,3,40.0157,-75.1401,1702.0,6,0,0,0,0,0,1,0,0,,0,0,0,17,3,1,1,,0,40 00:56.408,,0,75 08:24.331,4,0,0,0,67301,1,0,0,N,1,0,0,3,67301,1,,1,1,,N,N,,0,,0,0,0,9,3,,1700,1,4,0,0,1,0,1,3,4,0,3,3,,N,,,,,,,,,,,
2008008857,331.0,1,0,0,0,0,0,0,0,0,2,0,,67,11,2007,7,40.0225,-75.1242,328.0,6,0,0,0,0,0,0,0,0,1.0,0,0,0,3,3,1,0,,2,40 01:20.874,5.0,0,75 07:27.037,2,0,0,0,67301,0,0,0,,0,0,0,1,67301,0,,5,9,,,,,0,,0,1,0,0,0,N,328,1,2,0,1,1,0,0,3,4,1,2,3,,N,,,,,,,,,,,
2008053770,9999.0,3,0,0,0,0,0,0,0,0,4,0,,67,11,2007,5,,,12.0,6,0,0,0,0,0,0,0,0,,0,0,0,99,1,0,0,,0,,,7,,0,0,0,0,67301,0,0,0,N,0,0,0,2,67301,0,,1,1,,N,N,,0,,0,0,0,0,0,,9999,0,3,0,0,0,0,0,3,3,0,3,3,,N,,,,,,,,,,,
2008023948,2156.0,1,0,0,0,0,0,0,0,0,7,0,,67,12,2007,6,39.9959,-75.0956,2152.0,6,0,0,0,0,0,0,0,0,,0,0,0,21,3,1,0,,0,39 59:45.000,,0,75 05:44.278,4,0,0,0,67301,0,0,0,N,0,0,0,1,67301,1,,2,9,,N,N,,0,,0,0,0,0,0,,2135,1,1,0,0,0,0,0,3,4,0,1,3,,N,,,,,,,,,,,
2008039230,2018.0,1,0,0,0,0,0,0,0,0,7,0,,67,12,2007,1,39.9353,-75.1998,2016.0,6,0,0,0,0,0,0,0,0,1.0,0,0,0,20,3,3,0,,2,39 56:14.851,4.0,0,75 11:54.864,4,0,0,0,67301,0,0,0,N,0,0,0,3,68K01,3,,3,9,,N,N,,0,,0,0,0,0,0,N,2013,3,1,0,0,0,0,0,3,4,0,1,7,,N,,,,,,,,,,,
2008071011,459.0,0,0,0,0,0,0,0,0,0,7,0,,67,11,2007,2,39.9386,-75.1975,445.0,6,0,0,0,0,0,0,0,0,2.0,0,0,0,4,3,0,0,,1,39 56:24.458,3.0,0,75 11:45.504,9,0,0,0,67301,0,0,0,N,0,0,0,1,68K01,0,,2,9,,N,N,,1,,0,0,0,0,0,N,444,0,1,0,0,0,0,1,3,4,0,1,7,,N,,,,,,,,,,,
2007067371,300.0,1,0,0,0,0,0,0,0,0,4,1,,67,4,2007,4,,,258.0,6,0,0,0,0,0,0,0,0,,0,1,0,2,3,0,0,,0,,,0,,0,0,0,0,67301,0,0,0,N,0,0,0,1,67301,0,,6,1,,N,N,,0,,0,0,0,0,0,,257,0,2,0,0,1,0,0,3,3,0,2,3,,N,,,,,,,,,,,
2007112512,832.0,2,0,0,0,0,0,0,0,0,1,0,,67,9,2007,4,39.9453,-75.1903,825.0,6,0,0,0,0,0,0,1,0,,0,0,0,8,1,1,0,,0,39 56:43.000,,0,75 11:25.161,8,0,0,0,67301,0,0,0,N,0,0,0,4,68K01,0,,1,1,,N,N,,0,,0,0,0,0,0,,824,1,3,0,0,0,1,0,3,4,1,3,3,,N,,,,,,,,,,,
2007107514,1709.0,1,0,0,0,0,0,0,0,0,4,0,,67,8,2007,2,39.9851,-75.1468,1705.0,6,0,0,0,0,0,0,0,0,,0,0,0,99,1,1,2,,0,39 59:06.277,,0,75 08:48.472,4,0,0,1,67301,0,0,0,,0,0,0,2,67301,1,,1,1,,N,N,,0,,0,0,0,9,3,,9999,1,2,0,0,0,0,1,3,4,0,2,3,,N,,,,,,,,,,,
2007107522,2049.0,1,0,0,0,0,0,0,0,0,8,0,,67,9,2007,5,39.9854,-75.0967,2046.0,6,0,0,0,0,0,0,0,0,,0,0,0,20,3,1,1,,0,39 59:07.606,,0,75 05:48.056,8,0,0,0,67301,1,0,0,N,1,0,0,2,67301,0,,1,1,,N,N,,0,,0,0,0,1,3,,2040,1,2,0,0,0,1,0,3,4,0,1,3,,N,,,,,,,,,,,
2008017496,1618.0,1,0,0,0,0,0,0,0,0,4,0,,67,12,2007,3,39.9163,-75.2197,1612.0,6,0,0,0,0,0,0,0,0,,0,0,0,16,4,1,3,,0,39 55:01.000,,0,75 12:57.547,3,0,0,0,67301,0,0,0,N,0,0,0,2,67301,0,,1,1,,N,N,,0,,1,0,0,3,2,,1606,1,2,0,0,0,0,0,3,4,1,2,3,,N,,,,,,,,,,,
2008004855,837.0,2,0,0,0,0,0,0,0,0,4,0,,67,11,2007,4,39.917,-75.2467,830.0,6,0,0,0,0,0,0,0,0,,0,0,0,7,1,1,0,,0,39 55:01.166,,7,75 14:48.237,8,0,0,0,67301,0,0,0,,0,0,0,2,67301,0,,1,9,,N,N,,0,,0,0,0,0,0,,759,1,2,0,0,0,1,0,3,4,0,2,7,,N,,,,,,,,,,,
2008004856,1010.0,2,0,0,0,0,0,0,0,0,1,0,,67,11,2007,2,40.1141,-74.9877,1006.0,6,0,0,0,0,0,0,0,0,,0,0,0,7,1,2,1,,0,40 06:50.000,,0,74 59:15.880,4,0,0,0,67301,0,0,0,,0,0,0,3,67301,2,,1,9,,,,,0,,0,0,0,0,0,,740,2,2,0,0,0,0,0,3,4,0,2,7,,N,,,,,,,,,,,
2008007331,1709.0,2,0,0,0,0,0,0,0,0,1,0,,67,11,2007,3,40.0647,-75.0714,1700.0,6,0,0,0,0,0,0,0,0,,0,0,0,16,3,0,0,,0,40 03:52.873,,0,75 04:17.029,0,0,0,0,67301,0,0,0,N,0,0,0,1,67301,0,,2,9,,N,N,,0,,0,0,0,0,0,,1639,0,2,0,0,0,0,0,3,4,0,2,7,,N,,,,,,,,,,,
2008000425,2239.0,2,0,0,0,0,0,0,0,0,8,0,,67,10,2007,7,40.0271,-75.1146,2221.0,6,0,0,0,0,0,0,0,0,1.0,0,0,0,22,3,1,0,,1,40 01:37.000,2.0,0,75 06:52.690,8,0,0,0,67301,1,0,0,,1,0,0,4,67301,0,,1,1,,,,,0,,0,0,0,0,0,N,2219,1,3,0,0,0,1,1,3,4,0,2,3,,N,,,,,,,,,,,
2008000442,1715.0,1,0,0,0,0,0,0,0,0,1,0,,67,10,2007,5,40.1111,-75.0243,1710.0,6,0,0,1,0,0,0,0,0,,0,0,0,17,1,1,1,,0,40 06:40.000,,0,75 01:27.354,4,0,0,0,67301,0,0,0,N,0,0,0,2,67301,1,,1,1,,N,N,,0,,0,0,1,3,2,,1710,1,2,0,0,0,0,0,3,4,0,2,3,,N,,,,,,,,,,,
2008029626,1420.0,0,0,0,0,0,0,0,0,0,7,0,,67,12,2007,1,40.0161,-75.2045,1410.0,6,0,0,1,0,0,0,0,0,1.0,0,0,0,14,1,0,3,,2,40 00:58.000,1.0,2,75 12:16.050,0,0,0,0,67301,0,0,0,,0,0,0,1,67301,0,,4,9,,,,,0,,0,0,1,0,0,N,1410,0,1,0,0,0,0,0,3,4,0,1,7,,N,,,,,,,,,,,
2008018059,1159.0,2,0,0,0,0,0,0,0,0,4,0,,67,12,2007,6,39.9392,-75.1594,1254.0,6,0,0,0,0,1,1,0,0,,0,0,0,11,1,1,1,,0,39 56:21.058,,0,75 09:33.879,3,0,0,0,67301,0,0,0,N,0,0,0,2,67301,0,,1,9,,N,N,,0,,1,0,0,3,2,,1154,1,2,0,0,0,0,0,3,4,0,2,7,,N,,,,,,,,,,,
2008018065,1725.0,3,0,0,0,0,0,0,0,0,1,0,,67,12,2007,4,39.9577,-75.1492,1719.0,6,0,0,0,0,0,1,0,0,,0,0,0,17,3,1,0,,0,39 57:27.000,,0,75 08:55.960,4,0,0,0,67301,0,0,0,N,0,0,0,3,67301,1,,1,1,,,N,,0,,0,0,0,0,0,,1718,1,3,0,0,0,0,1,3,4,0,3,3,,N,,,,,,,,,,,
2008034447,,0,0,0,0,0,0,0,0,0,7,0,,67,6,2007,1,40.0124,-75.0584,,6,0,0,0,0,0,0,0,0,,0,0,0,99,6,1,1,,0,40 00:45.000,,0,75 03:29.345,4,0,0,0,67301,0,0,0,,0,0,0,1,,1,,4,1,,,,,0,,0,0,1,3,2,,9999,1,1,0,0,0,0,0,3,4,0,1,3,,N,,,,,,,,,,,
2008033082,,0,0,0,0,0,0,0,0,0,8,0,,67,1,2007,5,39.9161,-75.239,,6,0,0,0,0,0,0,0,0,,0,0,0,18,1,1,1,,0,39 54:58.000,,0,75 14:20.244,8,0,0,0,67301,1,0,0,N,1,0,0,2,,0,,1,1,,N,N,,0,,0,0,0,0,0,,1815,1,2,0,0,0,1,1,3,4,0,1,3,,N,,,,,,,,,,,
2008033129,,1,0,0,0,0,0,0,0,0,1,0,,67,5,2007,3,40.0625,-75.0429,,6,0,0,0,0,0,1,0,0,,0,0,0,15,1,1,0,,0,40 03:44.000,,0,75 02:34.532,8,0,0,0,67301,0,0,0,N,0,0,0,2,,0,,1,1,,N,N,,0,,0,0,0,0,0,,1500,1,2,0,0,0,1,1,3,4,0,2,3,,N,,,,,,,,,,,
2008015737,2134.0,1,0,0,0,0,0,0,0,0,8,0,,67,10,2007,4,,,2119.0,6,0,0,0,0,0,0,0,0,,1,0,0,21,3,0,0,,0,,,0,,1,0,0,0,67301,1,1,0,N,1,1,0,2,67301,0,2.0,1,1,,N,N,,0,0.0,0,0,0,0,0,,2115,0,2,0,0,0,0,0,3,3,0,1,3,,N,,,,,,,,,,,
2008005974,837.0,0,0,0,0,0,0,0,0,0,8,0,,67,10,2007,3,40.0208,-75.1376,824.0,6,0,0,0,0,0,1,0,0,,0,0,0,99,1,1,0,,0,40 01:14.721,,0,75 08:15.471,4,0,0,0,67301,1,0,0,N,1,0,0,2,67301,1,,6,1,,N,N,,0,,0,0,1,0,0,,9999,1,2,0,0,0,0,0,3,4,0,1,3,,N,,,,,,,,,,,
2008020412,1225.0,2,0,0,0,0,0,0,0,0,5,1,50.0,67,12,2007,6,40.0055,-75.1957,1222.0,6,0,0,0,0,0,2,0,0,2.0,0,1,0,12,1,2,0,,2,40 00:18.000,4.0,0,75 11:43.191,4,0,0,0,67301,0,0,0,N,0,0,0,5,68K01,1,,1,1,,N,N,,0,,0,0,0,0,0,N,1218,2,3,0,0,0,1,0,3,4,0,3,3,,Y,3.0,2.0,N,,,N,Y,,,,
2008020650,56.0,0,0,0,0,0,0,0,0,0,7,0,,67,12,2007,1,39.9838,-75.2081,47.0,6,0,0,0,0,0,0,0,0,,0,0,0,0,2,0,0,,0,39 59:05.000,,0,75 12:29.555,0,0,0,0,67301,0,0,0,N,0,0,0,1,68K01,0,,2,1,,N,N,,0,,0,0,1,0,0,,40,0,1,0,0,0,0,0,3,4,0,1,3,,N,,,,,,,,,,,
2008006470,1849.0,1,0,0,0,0,0,0,0,0,1,0,,67,11,2007,2,40.0176,-75.097,1857.0,6,0,0,0,0,0,1,0,0,,0,0,0,15,1,1,0,,0,40 01:12.000,,0,75 05:43.378,4,0,0,0,67301,0,0,0,N,0,0,0,5,67301,1,,1,1,,N,N,,0,,0,0,0,0,0,,1500,1,2,0,0,0,0,1,3,4,1,2,3,,N,,,,,,,,,,,
2008009476,312.0,2,0,0,0,0,0,0,0,0,1,0,,67,11,2007,2,39.948,-75.1414,310.0,6,0,0,0,0,0,1,0,0,1.0,0,0,0,3,3,1,1,,1,39 56:42.000,5.0,0,75 08:31.320,4,0,0,0,67301,0,0,0,,0,0,0,3,67301,1,,1,9,,,,,0,,0,0,0,0,0,N,305,1,2,0,0,0,0,2,3,4,0,2,7,,N,,,,,,,,,,,
2008006645,213.0,1,0,0,0,0,0,0,0,0,8,0,,67,11,2007,7,40.0261,-75.2252,212.0,6,0,0,0,0,0,0,0,0,,0,0,0,2,3,1,0,,0,40 01:33.942,,0,75 13:30.648,3,0,0,0,67301,1,0,0,N,1,0,0,2,67301,0,,1,1,,N,N,,0,,1,0,0,0,0,,212,1,2,0,0,0,0,0,3,4,0,1,3,,N,,,,,,,,,,,
2008007073,28.0,1,0,0,0,0,0,0,0,0,7,0,,67,11,2007,6,39.9748,-75.1944,19.0,6,0,0,0,0,0,0,0,0,1.0,0,0,0,0,2,0,0,,1,39 58:32.000,3.0,0,75 11:42.322,9,0,0,0,67301,0,0,0,N,0,0,0,1,68K01,0,,4,1,,N,N,,0,,0,0,0,0,0,N,19,0,1,0,0,0,0,1,3,4,0,1,3,,N,,,,,,,,,,,
2008016368,1320.0,1,0,0,0,0,0,0,0,0,4,0,,67,12,2007,4,40.0453,-75.0742,1314.0,6,0,0,0,1,0,0,0,1,1.0,0,0,0,13,1,1,1,,1,40 02:43.098,3.0,0,75 04:27.170,4,0,0,0,67301,0,0,0,N,0,0,0,3,67301,1,,1,1,,N,N,,1,,0,0,0,3,3,N,1312,1,2,0,0,0,0,0,3,4,0,2,3,,N,,,,,,,,,,,
2008024244,615.0,2,0,0,0,0,0,0,0,0,4,0,,67,12,2007,5,40.0321,-75.1461,613.0,6,0,0,0,0,0,1,0,0,,0,0,0,6,5,2,1,,0,40 01:55.000,,0,75 08:46.102,8,0,0,0,67301,0,0,0,N,0,0,0,2,67301,0,,1,1,,N,N,,0,,0,0,0,3,2,,606,2,2,0,0,0,2,0,3,4,0,2,3,,N,,,,,,,,,,,
2008024260,835.0,0,0,0,0,0,0,0,0,0,4,0,,67,12,2007,6,39.992,-75.1402,830.0,6,0,0,0,0,0,0,0,0,3.0,0,0,0,8,1,2,1,,2,39 59:31.000,7.0,0,75 08:24.666,4,0,0,0,67301,1,0,0,N,1,0,0,7,67301,2,,1,1,,N,N,,0,,0,0,1,3,2,Y,830,2,3,0,0,0,0,0,3,4,1,2,3,,N,,,,,,,,,,,
2008036961,720.0,1,0,0,0,0,0,0,0,0,2,1,,67,12,2007,3,40.0022,-75.1576,640.0,6,0,0,0,0,0,0,0,0,9.0,0,1,0,6,1,1,1,,2,40 00:07.000,5.0,0,75 09:27.518,2,0,0,0,67301,0,0,0,N,0,0,0,3,67301,0,,1,1,,N,N,,0,,0,1,0,3,2,Y,630,1,2,0,0,0,0,0,3,4,0,2,3,,N,,,,,,,,,,,
2008024304,1558.0,1,0,0,0,0,0,0,0,0,1,0,,67,12,2007,6,39.9729,-75.171,1555.0,6,0,0,0,0,0,1,0,0,,0,0,0,15,1,1,0,,0,39 58:22.000,,0,75 10:15.529,4,0,0,0,67301,0,0,0,N,0,0,0,2,67301,1,,6,9,,N,N,,1,,0,0,1,0,0,,1500,1,3,0,0,0,0,0,3,4,0,3,7,,N,,,,,,,,,,,
2008024424,1628.0,2,0,0,0,0,0,0,0,0,4,0,,67,12,2007,7,40.0301,-75.0352,1625.0,6,0,0,0,0,0,0,0,0,,0,0,0,16,1,2,1,,0,40 01:48.000,,0,75 02:06.580,8,0,0,0,67301,0,0,0,N,0,0,0,3,67301,0,,1,1,,N,N,,0,,0,0,0,3,2,,1623,2,2,0,0,0,2,0,3,4,0,2,3,,N,,,,,,,,,,,
2008024431,2320.0,0,0,0,0,0,0,0,0,0,4,0,,67,11,2007,6,40.0159,-75.1538,2303.0,6,0,0,0,0,0,0,0,0,3.0,0,1,0,23,3,3,1,,1,40 00:57.000,7.0,0,75 09:13.829,4,0,0,0,67301,0,0,0,N,0,0,0,6,67301,3,,1,1,,N,N,,0,,0,0,1,3,2,Y,2301,3,2,0,0,0,0,0,3,4,0,2,3,,N,,,,,,,,,,,
2008019383,2330.0,2,0,0,0,0,0,0,0,0,5,0,,67,12,2007,7,40.0428,-75.1135,2327.0,6,0,0,0,0,0,0,0,0,2.0,0,0,0,23,3,1,2,,1,40 02:33.000,2.0,0,75 06:48.818,4,0,0,0,67301,0,0,0,N,0,0,0,1,67301,1,,1,1,,N,N,,0,,0,0,1,3,2,Y,2310,1,3,0,0,0,0,0,3,4,0,3,3,,N,,,,,,,,,,,
2008017038,1635.0,0,0,0,0,0,0,0,0,0,7,0,,67,12,2007,2,40.0274,-75.0287,1630.0,6,0,0,0,0,0,0,0,0,,0,0,0,16,1,5,0,,0,40 01:38.000,,0,75 01:43.213,8,0,0,0,67301,0,0,0,,0,0,0,6,67301,0,,1,1,,N,N,,0,,0,0,0,0,0,,1630,5,1,0,0,0,5,0,3,4,1,1,3,,N,,,,,,,,,,,