CRN,ARRIVAL_TM,AUTOMOBILE_COUNT,BELTED_DEATH_COUNT,BELTED_SUSP_SERIOUS_INJ_COUNT,BICYCLE_COUNT,BICYCLE_DEATH_COUNT,BICYCLE_SUSP_SERIOUS_INJ_COUNT,BUS_COUNT,CHLDPAS_DEATH_COUNT,CHLDPAS_SUSP_SERIOUS_INJ_COUNT,COLLISION_TYPE,COMM_VEH_COUNT,CONS_ZONE_SPD_LIM,COUNTY,CRASH_MONTH,CRASH_YEAR,DAY_OF_WEEK,DEC_LAT,DEC_LONG,DISPATCH_TM,DISTRICT,DRIVER_COUNT_16YR,DRIVER_COUNT_17YR,DRIVER_COUNT_18YR,DRIVER_COUNT_19YR,DRIVER_COUNT_20YR,DRIVER_COUNT_50_64YR,DRIVER_COUNT_65_74YR,DRIVER_COUNT_75PLUS,EST_HRS_CLOSED,FATAL_COUNT,HEAVY_TRUCK_COUNT,HORSE_BUGGY_COUNT,HOUR_OF_DAY,ILLUMINATION,INJURY_COUNT,INTERSECT_TYPE,INTERSECTION_RELATED,LANE_CLOSED,LATITUDE,LN_CLOSE_DIR,LOCATION_TYPE,LONGITUDE,MAX_SEVERITY_LEVEL,MCYCLE_DEATH_COUNT,MCYCLE_SUSP_SERIOUS_INJ_COUNT,MOTORCYCLE_COUNT,MUNICIPALITY,NONMOTR_COUNT,NONMOTR_DEATH_COUNT,NONMOTR_SUSP_SERIOUS_INJ_COUNT,NTFY_HIWY_MAINT,PED_COUNT,PED_DEATH_COUNT,PED_SUSP_SERIOUS_INJ_COUNT,PERSON_COUNT,POLICE_AGCY,POSSIBLE_INJ_COUNT,RDWY_SURF_TYPE_CD,RELATION_TO_ROAD,ROAD_CONDITION,ROADWAY_CLEARED,SCH_BUS_IND,SCH_ZONE_IND,SECONDARY_CRASH,SMALL_TRUCK_COUNT,SPEC_JURIS_CD,SUSP_MINOR_INJ_COUNT,SUSP_SERIOUS_INJ_COUNT,SUV_COUNT,TCD_FUNC_CD,TCD_TYPE,TFC_DETOUR_IND,TIME_OF_DAY,TOT_INJ_COUNT,TOTAL_UNITS,UNB_DEATH_COUNT,UNB_SUSP_SERIOUS_INJ_COUNT,UNBELTED_OCC_COUNT,UNK_INJ_DEG_COUNT,UNK_INJ_PER_COUNT,URBAN_AREA,URBAN_RURAL,VAN_COUNT,VEHICLE_COUNT,WEATHER1,WEATHER2,WORK_ZONE_IND,WORK_ZONE_LOC,WORK_ZONE_TYPE,WORKERS_PRES,WZ_CLOSE_DETOUR,WZ_FLAGGER,WZ_LAW_OFFCR_IND,WZ_LN_CLOSURE,WZ_MOVING,WZ_OTHER,WZ_SHLDER_MDN,WZ_WORKERS_INJ_KILLED
2008017053,1719.0,1,0,0,0,0,0,0,0,0,8,0,,67,12,2007,5,40.004,-75.2148,1718.0,6,0,0,0,0,0,0,0,0,,0,0,0,17,3,1,0,,0,40 00:14.526,,0,75 12:53.452,8,0,0,0,67301,1,0,0,N,1,0,0,2,67301,0,,1,9,,N,N,,0,,0,0,0,0,0,,1713,1,2,0,0,0,1,1,3,4,0,1,7,,N,,,,,,,,,,,
2008017079,946.0,2,0,0,0,0,0,0,0,0,4,0,,67,11,2007,2,40.0134,-75.1355,938.0,6,0,0,0,1,0,1,0,0,,0,0,0,9,1,2,2,,0,40 00:48.373,,0,75 08:07.904,4,0,0,0,67301,0,0,0,,0,0,0,2,67301,2,,1,9,,,,,0,,0,0,0,9,2,,930,2,2,0,0,0,0,0,3,4,0,2,7,,N,,,,,,,,,,,
2008017376,2231.0,1,0,0,0,0,0,0,0,0,4,0,,67,10,2007,7,40.0144,-75.153,2230.0,6,0,0,0,0,0,0,0,0,2.0,0,0,0,22,3,3,1,,2,40 00:51.000,5.0,0,75 09:10.931,3,0,0,0,67301,0,0,0,N,0,0,0,3,67301,2,,1,1,,N,N,,0,,1,0,1,3,2,Y,2230,3,2,0,0,0,0,0,3,4,0,2,3,,N,,,,,,,,,,,
2008033706,,2,0,0,0,0,0,0,0,0,1,0,,67,11,2007,4,39.9583,-75.1658,,6,0,0,0,0,0,0,0,0,,0,0,0,9,1,1,7,,0,39 57:29.000,,2,75 09:56.922,4,0,0,0,67301,0,0,0,,0,0,0,2,,1,,1,1,,,,,0,,0,0,0,0,0,,940,1,2,0,0,1,0,0,3,4,0,2,3,,N,,,,,,,,,,,
2008033779,0.0,1,0,0,1,0,0,0,0,0,2,0,,67,12,2007,1,39.9381,-75.1532,0.0,6,0,0,0,0,0,0,0,0,,0,0,0,18,1,1,2,,0,39 56:17.239,,0,75 09:11.566,8,0,0,0,67301,1,0,0,,0,0,0,6,00000,0,,1,9,,,,,0,,0,0,0,0,0,,1800,1,2,0,0,0,1,0,3,4,0,1,7,,N,,,,,,,,,,,
2008023970,1220.0,1,0,0,0,0,0,0,0,0,5,0,,67,12,2007,2,40.0385,-75.0806,1218.0,6,0,0,0,0,0,0,0,0,,0,0,0,0,6,0,0,,0,40 02:18.601,,0,75 04:50.152,9,0,0,0,67301,0,0,0,N,0,0,0,1,67301,0,,6,1,,N,N,,0,,0,0,0,0,0,,0,0,2,0,0,0,0,1,3,4,0,2,99,,N,,,,,,,,,,,
2008053042,1445.0,0,0,0,0,0,0,0,0,0,7,0,,67,11,2007,1,39.9961,-75.1471,1440.0,6,0,0,0,0,0,1,0,0,2.0,0,0,0,14,1,0,2,,1,39 59:46.100,1.0,0,75 08:49.451,0,0,0,0,67301,0,0,0,,0,0,0,1,67301,0,,2,1,,,,,0,,0,0,0,3,2,Y,1435,0,1,0,0,0,0,0,3,4,1,1,3,,N,,,,,,,,,,,
2008053181,1005.0,2,0,0,0,0,0,0,0,0,5,0,,67,12,2007,4,39.9499,-75.2393,1000.0,6,0,0,0,0,0,0,0,0,,0,0,0,9,1,0,0,,0,39 56:59.705,,0,75 14:21.520,0,0,0,0,67301,0,0,0,N,0,0,0,1,67301,0,,1,1,,N,N,,0,,0,0,0,9,9,,930,0,2,0,0,0,0,0,3,4,0,2,3,,N,,,,,,,,,,,
2008041271,1405.0,2,0,0,0,0,0,0,0,0,1,0,,67,12,2007,1,39.9213,-75.146,1357.0,6,0,1,0,0,0,0,0,0,,0,0,0,13,1,2,1,,0,39 55:16.000,,0,75 08:45.760,4,0,0,0,67301,0,0,0,,0,0,0,4,67301,2,,1,9,,,,,0,,0,0,0,9,3,,1357,2,2,0,0,0,0,0,3,4,0,2,7,,N,,,,,,,,,,,
2008033815,,2,0,0,0,0,0,0,0,0,1,0,,67,11,2007,6,39.9225,-75.1549,,6,0,0,0,0,0,0,0,0,,0,0,0,7,5,2,1,,0,39 55:20.000,,0,75 09:17.862,8,0,0,0,67301,0,0,0,,0,0,0,6,,0,,1,1,,,,,0,,0,0,0,3,2,,715,2,2,0,0,0,2,0,3,4,0,2,3,,N,,,,,,,,,,,
2009079532,2145.0,2,0,0,0,0,0,0,0,0,4,0,,67,7,2007,2,40.0511,-75.0745,2145.0,6,0,1,0,0,0,0,0,0,,0,0,0,21,3,0,1,,0,40 03:04.104,,0,75 04:28.081,0,0,0,0,67301,0,0,0,,0,0,0,4,67301,0,,1,1,,,,,1,,0,0,0,3,3,,2140,0,3,0,0,0,0,0,3,4,0,3,3,,N,,,,,,,,,,,
2007106977,1125.0,1,0,0,0,0,0,0,0,0,1,0,,67,9,2007,7,40.0293,-75.1893,1123.0,6,0,0,0,0,0,0,1,0,1.0,0,0,0,11,1,2,0,,1,40 01:45.613,2.0,0,75 11:21.381,4,0,0,0,67301,0,0,0,N,0,0,0,6,67301,2,,1,1,,N,N,,0,,0,0,2,0,0,N,1123,2,3,0,0,0,0,0,3,4,0,3,3,,N,,,,,,,,,,,
2007106780,802.0,2,0,0,0,0,0,0,0,0,1,0,,67,8,2007,4,39.9594,-75.1738,757.0,6,0,0,0,0,0,1,0,0,,0,0,0,7,1,2,0,,0,39 57:34.000,,0,75 10:32.320,3,0,0,0,67301,0,0,0,N,0,0,0,3,67301,0,,1,9,,N,N,,0,,2,0,0,0,0,,750,2,2,0,0,0,0,1,3,4,0,2,7,,N,,,,,,,,,,,
2007109441,1526.0,1,0,0,0,0,0,0,0,0,7,1,,67,9,2007,7,39.8877,-75.2038,1522.0,6,0,0,0,0,0,0,0,0,,0,1,0,15,1,2,0,,0,39 53:32.000,,3,75 11:50.780,4,0,0,0,67301,0,0,0,Y,0,0,0,2,67301,2,,3,1,,N,N,,0,,0,0,0,0,0,,1522,2,2,0,0,0,0,0,3,4,0,2,3,,N,,,,,,,,,,,
2007106818,140.0,1,0,0,0,0,0,0,0,0,7,0,,67,6,2007,1,40.0866,-75.0593,132.0,6,0,0,0,0,0,0,0,0,,0,0,0,1,3,1,0,,0,40 05:11.000,,0,75 03:33.345,3,0,0,0,67301,0,0,0,,0,0,0,1,67301,0,,5,1,,N,,,0,,1,0,0,0,0,,132,1,1,0,0,1,0,0,3,4,0,1,3,,N,,,,,,,,,,,
2007109394,916.0,2,0,0,0,0,0,0,0,0,4,0,,67,9,2007,6,40.0406,-75.1698,914.0,6,0,0,0,0,1,0,0,0,,0,0,0,9,1,1,0,,0,40 02:26.183,,0,75 10:11.308,3,0,0,0,67301,0,0,0,,0,0,0,4,67301,0,,1,1,,,,,0,,1,0,0,0,0,,914,1,2,0,0,3,0,0,3,4,0,2,3,,N,,,,,,,,,,,
2007106879,1626.0,2,0,0,0,0,0,0,0,0,6,0,,67,8,2007,2,40.0663,-75.1805,1615.0,6,0,0,0,0,0,1,0,0,,0,0,0,16,1,1,1,,0,40 03:58.690,,0,75 10:49.864,8,0,0,0,67301,0,0,0,N,0,0,0,2,67301,0,,1,9,,N,N,,0,,0,0,0,3,3,,1605,1,2,0,0,2,1,0,3,4,0,2,7,,N,,,,,,,,,,,
2007047830,909.0,2,0,0,0,0,0,0,0,0,1,0,,67,3,2007,4,40.0229,-75.136,858.0,6,0,0,0,0,0,0,1,0,,0,0,0,8,1,2,0,,0,40 01:22.000,,0,75 08:08.362,8,0,0,0,67301,0,0,0,N,0,0,0,2,67301,0,,1,1,,N,N,,0,,0,0,0,3,2,,852,2,2,0,0,0,2,0,3,4,0,2,3,,N,,,,,,,,,,,
2007047855,2142.0,1,0,0,0,0,0,0,0,0,8,0,,67,2,2007,4,39.9546,-75.173,2136.0,6,0,0,0,0,0,0,0,0,,0,0,0,21,1,1,1,,0,39 57:16.503,,0,75 10:22.776,8,0,0,0,67301,1,0,0,N,1,0,0,2,67301,0,,1,1,,N,N,,0,,0,0,0,3,2,,2130,1,2,0,0,0,1,0,3,4,0,1,3,,N,,,,,,,,,,,
2007055643,1047.0,1,0,0,0,0,0,0,0,0,1,0,,67,4,2007,3,39.9483,-75.1856,1039.0,6,0,0,0,0,0,2,1,0,,0,0,0,10,1,0,6,,0,39 56:54.000,,2,75 11:08.209,0,0,0,0,67301,0,0,0,N,0,0,0,5,68K01,0,,1,9,,N,N,,0,,0,0,0,0,0,,1035,0,3,0,0,0,0,0,3,4,2,3,7,,N,,,,,,,,,,,
2007047920,210.0,2,0,0,0,0,0,0,0,0,4,0,,67,3,2007,1,39.9765,-75.1965,204.0,6,0,0,0,0,0,0,0,0,2.0,0,0,0,2,3,0,0,,1,39 58:35.000,3.0,2,75 11:48.239,0,0,0,0,67301,0,0,0,N,0,0,0,1,67301,0,,4,1,,N,N,,0,,0,0,0,0,0,N,202,0,2,0,0,0,0,0,3,4,0,2,3,,N,,,,,,,,,,,
2007093573,1320.0,1,0,0,0,0,0,0,0,0,1,1,,67,7,2007,3,39.9604,-75.1403,1315.0,6,0,0,0,0,0,1,0,0,,0,1,0,13,1,1,0,,0,39 57:37.000,,0,75 08:24.787,4,0,0,0,67301,0,0,0,,0,0,0,2,67301,1,,1,1,,,,,0,,0,0,0,0,0,,1315,1,2,0,0,0,0,0,3,4,0,2,3,,N,,,,,,,,,,,
2007093602,1200.0,1,0,0,0,0,0,0,0,0,1,0,,67,7,2007,3,39.9233,-75.1807,1200.0,6,0,0,0,0,0,0,0,0,,0,0,0,11,1,1,5,,0,39 55:24.000,,0,75 10:50.641,8,0,0,0,67301,0,0,0,,0,0,0,2,67301,0,,1,1,,,,,0,,0,0,1,3,2,,1145,1,2,0,0,0,1,0,3,4,0,2,3,,N,,,,,,,,,,,
2007093421,2133.0,2,0,0,0,0,0,0,0,0,4,0,,67,7,2007,4,40.0318,-75.1091,2132.0,6,0,0,0,0,0,0,0,0,,0,0,0,99,3,2,3,,0,40 01:54.382,,0,75 06:32.605,8,0,0,0,67301,0,0,0,,0,0,0,3,67301,0,,1,9,,,,,0,,0,0,0,3,2,,9999,2,2,0,0,0,2,1,3,4,0,2,7,,N,,,,,,,,,,,
2007125113,200.0,0,0,0,0,0,0,0,0,0,4,0,,67,11,2007,7,40.0322,-75.0843,156.0,6,0,0,0,0,0,0,0,0,2.0,0,0,0,1,3,1,5,,2,40 01:55.785,2.0,0,75 05:03.553,4,0,0,0,67301,0,0,0,N,0,0,0,2,67301,1,,1,1,,N,N,,0,,0,0,1,3,2,N,150,1,2,0,0,0,0,1,3,4,1,2,3,,N,,,,,,,,,,,
2007127640,458.0,2,0,0,0,0,0,0,0,0,4,0,,67,10,2007,5,40.012,-75.1359,454.0,6,0,0,0,0,0,0,1,0,,0,0,0,4,3,1,1,,0,40 00:43.066,,0,75 08:09.135,4,0,0,0,67301,0,0,0,N,0,0,0,4,67301,1,,1,1,,N,N,,0,,0,0,0,3,2,,450,1,2,0,0,0,0,0,3,4,0,2,3,,N,,,,,,,,,,,
2007104865,1355.0,1,0,0,0,0,0,0,0,0,1,0,,67,8,2007,2,40.0443,-75.0541,1350.0,6,0,0,0,0,0,0,0,0,,0,0,0,13,1,1,1,,0,40 02:39.000,,0,75 03:14.767,4,0,0,0,67301,0,0,0,N,0,0,0,3,67301,1,,1,1,,N,N,,1,,0,0,0,3,2,,1345,1,2,0,0,0,0,1,3,4,0,2,3,,N,,,,,,,,,,,
2007107470,1512.0,1,0,0,1,0,0,0,0,0,5,0,,67,9,2007,4,40.0017,-75.1297,1508.0,6,0,0,0,0,0,0,0,0,,0,0,0,15,1,1,1,,0,40 00:06.242,,0,75 07:46.790,4,0,0,0,67301,1,0,0,,0,0,0,2,67301,1,,1,1,,,,,0,,0,0,0,3,3,,1500,1,2,0,0,1,0,0,3,4,0,1,3,,N,,,,,,,,,,,
2007048340,117.0,1,0,0,0,0,0,0,0,0,1,0,,67,3,2007,2,39.914,-75.1601,115.0,6,0,0,0,0,0,0,0,0,,0,0,0,1,3,3,1,,0,39 54:50.464,,0,75 09:36.464,4,0,0,0,67301,0,0,0,N,0,0,0,4,67301,3,,1,1,,N,N,,0,,0,0,0,0,0,,110,3,2,0,0,0,0,1,3,4,0,2,3,,N,,,,,,,,,,,
2007045760,1654.0,1,0,0,0,0,0,0,0,0,4,0,,67,2,2007,3,39.9999,-75.1502,1652.0,6,1,0,0,0,0,0,0,0,,0,0,0,16,1,1,1,,0,39 59:59.654,,0,75 09:00.593,4,0,0,0,67301,0,0,0,N,0,0,0,3,67301,1,,1,7,,N,N,,0,,0,0,0,3,3,,1645,1,2,0,0,0,0,0,3,4,1,2,10,,N,,,,,,,,,,,
2007092915,2010.0,1,0,0,0,0,0,0,0,0,8,0,,67,7,2007,7,40.0424,-75.2263,2005.0,6,0,0,0,0,0,0,0,0,,0,0,0,20,4,1,2,,0,40 02:32.000,,0,75 13:34.030,4,0,0,0,67301,1,0,0,N,1,0,0,2,67301,1,,1,1,,N,N,,0,,0,0,0,3,2,,2000,1,2,0,0,0,0,0,3,4,0,1,3,,N,,,,,,,,,,,
2008012511,43.0,1,0,0,0,0,0,0,0,0,1,0,,67,10,2007,2,40.0503,-75.1172,40.0,6,0,0,0,0,0,0,0,0,,0,0,0,0,3,0,1,,0,40 03:01.000,,0,75 07:01.533,0,0,0,0,67301,0,0,0,N,0,0,0,4,46102,0,,1,1,,N,N,,0,,0,0,1,3,2,,38,0,2,0,0,0,0,0,3,4,0,2,3,,N,,,,,,,,,,,
2008007273,807.0,0,0,0,0,0,0,1,0,0,2,1,,67,11,2007,3,40.0179,-75.1493,757.0,6,0,0,0,0,0,0,0,0,,0,0,0,7,1,2,1,,0,40 01:04.000,,0,75 08:57.222,4,0,0,0,67301,0,0,0,N,0,0,0,3,67301,2,,1,9,,N,N,,1,,0,0,0,3,1,,706,2,2,0,0,1,0,0,3,4,0,2,7,5.0,N,,,,,,,,,,,
2008004911,1715.0,1,0,0,0,0,0,0,0,0,4,0,,67,11,2007,6,39.9919,-75.2337,1710.0,6,0,0,0,0,0,0,1,0,,0,0,0,17,4,0,1,,0,39 59:30.829,,0,75 14:01.359,0,0,0,0,67301,0,0,0,N,0,0,0,2,67301,0,,1,1,,N,N,,0,,0,0,0,2,2,,1705,0,2,0,0,0,0,0,3,4,1,2,3,,N,,,,,,,,,,,
2008008131,931.0,2,0,0,0,0,0,0,0,0,4,0,,67,11,2007,3,40.0227,-75.0528,930.0,6,0,0,0,0,0,1,0,0,5.0,0,0,0,9,1,3,1,,2,40 01:21.000,7.0,0,75 03:09.741,3,0,0,0,67301,0,0,0,N,0,0,0,3,67301,0,,1,9,,N,N,,0,,2,0,0,3,2,Y,929,3,2,0,0,0,1,0,3,4,0,2,7,,N,,,,,,,,,,,
2008029625,2336.0,1,0,0,0,0,0,0,0,0,7,0,,67,12,2007,1,39.9935,-75.1871,2328.0,6,0,0,0,0,0,0,0,0,,0,0,0,23,3,4,3,,0,39 59:36.661,,0,75 11:13.689,3,0,0,0,67301,0,0,0,N,0,0,0,4,67301,0,,2,9,,N,N,,0,,4,0,0,0,0,,2324,4,1,0,0,4,0,0,3,4,0,1,3,,N,,,,,,,,,,,
2008018231,1434.0,1,0,0,0,0,0,0,0,0,1,1,,67,12,2007,4,40.0459,-74.9946,1426.0,6,0,0,0,0,0,0,0,0,2.0,0,1,0,14,1,1,1,,1,40 02:44.000,1.0,0,74 59:40.960,4,0,0,0,67301,0,0,0,N,0,0,0,2,67301,1,,1,9,,,,,0,,0,0,0,3,2,N,1419,1,2,0,0,0,0,0,3,4,0,2,7,,N,,,,,,,,,,,
2008034397,,0,0,0,1,0,0,0,0,0,4,0,,67,7,2007,3,39.9709,-75.1392,,6,0,0,0,0,0,0,0,0,,0,0,0,16,1,1,1,,0,39 58:15.412,,0,75 08:21.253,8,0,0,0,67301,1,0,0,N,0,0,0,2,,0,,1,1,,N,N,,0,,0,0,0,3,2,,1630,1,2,0,0,0,1,0,3,4,0,1,3,,N,,,,,,,,,,,
2008015755,333.0,1,0,0,0,0,0,0,0,0,7,0,,67,10,2007,6,40.0543,-75.091,328.0,6,0,0,0,0,1,0,0,0,,1,0,0,3,3,2,0,,0,40 03:15.000,,0,75 05:27.567,1,0,0,0,67301,0,0,0,,0,0,0,3,67301,0,2.0,5,1,,N,N,,0,0.0,2,0,0,0,0,,325,2,1,0,0,0,0,0,3,4,0,1,3,,N,,,,,,,,,,,
2008032981,0.0,2,0,0,0,0,0,0,0,0,1,0,,67,4,2007,1,39.9905,-75.1243,0.0,6,0,0,0,0,0,0,0,0,,0,0,0,2,6,1,1,,0,39 59:25.697,,0,75 07:27.573,8,0,0,0,67301,0,0,0,N,0,0,0,2,00000,0,,1,1,,N,N,,0,,0,0,0,0,0,,215,1,2,0,0,0,1,1,3,4,0,2,3,,N,,,,,,,,,,,
2008002472,1544.0,2,0,0,0,0,0,0,0,0,1,0,,67,11,2007,3,39.9841,-75.2083,1540.0,6,0,0,0,0,0,0,0,0,,0,0,0,15,1,0,0,,0,39 59:06.000,,0,75 12:29.996,0,0,0,0,67301,0,0,0,N,0,0,0,2,68K01,0,,1,1,,N,N,,0,,0,0,0,0,0,,1535,0,2,0,0,0,0,0,3,4,0,2,3,,N,,,,,,,,,,,
2008020928,1051.0,2,0,0,0,0,0,0,0,0,1,0,,67,12,2007,7,39.9604,-75.1818,1046.0,6,0,0,0,0,1,0,0,0,,0,0,0,10,1,0,3,,0,39 57:41.000,,0,75 10:57.066,0,0,0,0,67301,0,0,0,N,0,0,0,3,68K01,0,,1,1,,N,N,,0,,0,0,0,0,0,,1046,0,2,0,0,0,0,0,3,4,0,2,3,,N,,,,,,,,,,,
2008006679,803.0,1,0,0,0,0,0,0,0,0,4,0,,67,11,2007,2,39.9511,-75.1536,800.0,6,0,0,0,0,1,1,0,0,,0,0,0,7,1,1,1,,0,39 57:03.000,,0,75 09:12.848,4,0,0,0,67301,0,0,0,,0,0,0,3,67301,1,,1,9,,,,,0,,0,0,1,3,2,,755,1,2,0,0,0,0,0,3,4,0,2,7,,N,,,,,,,,,,,
2008025729,1405.0,2,0,0,0,0,0,0,0,0,1,0,,67,12,2007,6,40.0265,-75.0975,1355.0,6,0,0,0,0,0,0,0,0,9.0,0,0,0,13,1,5,1,,1,40 01:36.000,1.0,0,75 05:52.985,4,0,0,0,67301,0,0,0,N,0,0,0,6,67301,5,,1,1,,N,N,,0,,0,0,0,3,2,N,1351,5,2,0,0,0,0,0,3,4,0,2,3,,N,,,,,,,,,,,
2008024261,1632.0,1,0,0,0,0,0,0,0,0,8,0,,67,12,2007,5,40.0193,-75.1386,1629.0,6,0,0,0,0,0,0,0,0,,0,0,0,16,1,1,0,,0,40 01:09.562,,0,75 08:19.003,4,0,0,0,67301,1,0,0,N,1,0,0,3,67301,1,,1,9,,N,N,,0,,0,0,0,0,0,,1629,1,2,0,0,0,0,0,3,4,0,1,7,,N,,,,,,,,,,,
2008024436,1435.0,1,0,0,0,0,0,0,0,0,2,0,,67,12,2007,1,40.0275,-75.192,1430.0,6,0,0,0,0,0,1,0,0,,0,0,0,14,1,1,0,,0,40 01:39.126,,0,75 11:31.052,3,0,0,0,67301,0,0,0,N,0,0,0,5,67301,0,,1,9,,N,N,,0,,1,0,1,3,8,,1425,1,2,0,0,0,0,0,3,4,0,2,7,,N,,,,,,,,,,,
2008024438,815.0,0,0,0,0,0,0,0,0,0,7,0,,67,12,2007,7,40.119,-75.0075,811.0,6,0,0,0,1,0,0,0,0,3.0,0,0,0,5,3,0,0,,1,40 07:08.330,3.0,0,75 00:27.064,0,0,0,0,67301,0,0,0,,0,0,0,2,67301,0,,2,9,,,,,0,,0,0,1,0,0,N,530,0,1,0,0,0,0,0,3,4,0,1,7,,N,,,,,,,,,,,
2008017120,2040.0,1,0,0,0,0,0,0,0,0,8,0,,67,11,2007,4,40.0328,-75.0299,2035.0,6,0,0,0,0,0,0,0,0,,0,0,0,23,6,1,0,,0,40 01:58.162,,0,75 01:47.657,8,0,0,0,67301,1,0,0,,1,0,0,2,67301,0,,1,98,,,,,0,,0,0,0,3,2,,2330,1,2,0,0,0,1,1,3,4,0,1,99,,N,,,,,,,,,,,
2008017063,929.0,1,0,0,0,0,0,0,0,0,5,0,,67,12,2007,2,39.9742,-75.2044,929.0,6,0,0,0,0,0,0,0,0,,0,0,0,9,1,2,0,,0,39 58:28.000,,0,75 12:00.519,8,0,0,0,67301,0,0,0,N,0,0,0,4,67301,0,,1,1,,N,N,,0,,0,0,0,0,0,,903,2,2,0,0,0,2,0,3,4,0,2,3,,N,,,,,,,,,,,
2008006262,2254.0,2,0,0,0,0,0,0,0,0,1,0,,67,11,2007,1,39.9968,-75.1034,2249.0,6,0,0,0,0,0,0,0,0,,0,0,0,22,3,2,1,,0,39 59:48.427,,0,75 06:12.178,8,0,0,0,67301,0,0,0,N,0,0,0,3,67301,0,,1,9,,N,N,,0,,0,0,0,3,2,,2247,2,2,0,0,0,2,0,3,4,0,2,7,,N,,,,,,,,,,,
2008006457,1210.0,2,0,0,0,0,0,0,0,0,1,0,,67,11,2007,6,39.9594,-75.1747,1200.0,6,0,0,0,0,0,1,0,0,1.0,0,0,0,12,1,4,0,,1,39 57:33.000,3.0,2,75 10:30.230,8,0,0,0,67301,0,0,0,N,0,0,0,4,67301,0,,7,1,,N,N,,0,,0,0,1,3,4,N,1200,4,3,0,0,0,4,0,3,4,0,3,3,,N,,,,,,,,,,,
2008038304,9.0,1,0,0,0,0,0,0,0,0,7,0,,67,12,2007,1,39.933,-75.2001,3.0,6,0,0,0,0,1,0,0,0,1.0,0,0,0,23,2,2,0,,1,39 55:57.000,3.0,0,75 12:00.626,3,0,0,0,67301,0,0,0,N,0,0,0,2,68K01,0,,2,1,,N,N,,0,,2,0,0,0,0,N,2356,2,1,0,0,0,0,0,3,4,0,1,3,,N,,,,,,,,,,,
2008108331,1705.0,3,0,0,0,0,0,0,0,0,4,0,,67,7,2007,7,39.9533,-75.2324,1700.0,6,0,0,1,0,1,0,0,0,1.0,0,0,0,16,1,2,1,,1,39 57:11.858,1.0,0,75 13:56.517,4,0,0,0,67301,0,0,0,,0,0,0,6,67301,2,,1,1,,,,,0,,0,0,0,3,3,N,1650,2,3,0,0,0,0,0,3,4,0,3,3,,N,,,,,,,,,,,
2007047666,1658.0,0,0,0,0,0,0,0,0,0,4,0,,67,2,2007,3,40.0667,-75.178,1653.0,6,0,0,0,0,0,1,0,0,,0,0,0,16,1,0,1,,0,40 04:00.293,,0,75 10:40.850,0,0,0,0,67301,0,0,0,N,0,0,0,3,67301,0,,1,2,,N,N,,2,,0,0,0,3,3,,1600,0,2,0,0,0,0,0,3,4,0,2,9,,N,,,,,,,,,,,
2007066537,9999.0,1,0,0,0,0,0,0,0,0,8,0,,67,5,2007,7,39.9981,-75.1152,,6,0,0,0,0,0,0,0,0,,0,0,0,16,1,1,0,,0,39 59:53.056,,0,75 06:54.763,8,0,0,0,67301,1,0,0,N,1,0,0,5,67301,0,,1,1,,N,N,,0,,0,0,0,0,0,,1630,1,2,0,0,0,1,0,3,4,0,1,3,,N,,,,,,,,,,,
2007106566,1826.0,2,0,0,0,0,0,0,0,0,5,0,,67,8,2007,1,39.9659,-75.1315,1824.0,6,0,0,0,0,0,0,0,0,,0,0,0,18,1,1,0,,0,39 57:57.175,,0,75 07:53.552,4,0,0,0,67301,0,0,0,,0,0,0,3,67301,1,,1,9,,,,,0,,0,0,0,0,0,,1822,1,2,0,0,0,0,0,3,4,0,2,7,,N,,,,,,,,,,,
2007047639,1728.0,3,0,0,0,0,0,0,0,0,4,0,,67,2,2007,4,39.9461,-75.2421,1728.0,6,0,0,0,0,0,0,1,0,,0,0,0,16,1,1,1,,0,39 56:45.960,,0,75 14:31.560,4,0,0,0,67301,0,0,0,N,0,0,0,7,67301,1,,1,1,,N,N,,1,,0,0,0,3,2,,1630,1,5,0,0,0,0,0,3,4,1,5,3,,N,,,,,,,,,,,
2007047568,1431.0,3,0,0,0,0,0,0,0,0,4,0,,67,3,2007,6,40.0778,-75.2081,1430.0,6,0,0,0,0,0,1,0,0,,0,0,0,14,1,1,2,,0,40 04:38.640,,0,75 12:29.160,8,0,0,0,67301,0,0,0,N,0,0,0,1,67301,0,,1,1,,N,N,,0,,0,0,0,0,0,,1425,1,3,0,0,0,1,0,3,4,0,3,3,,N,,,,,,,,,,,
2007027219,1210.0,3,0,0,0,0,0,0,0,0,1,0,,67,1,2007,7,39.9574,-75.1587,1202.0,6,0,0,0,0,0,1,0,0,1.0,0,0,0,12,1,1,0,,1,39 57:26.000,3.0,0,75 09:31.248,4,0,0,0,67301,0,0,0,N,0,0,0,3,67301,1,,1,1,,N,N,,0,,0,0,0,0,0,N,1200,1,3,0,0,0,0,0,3,4,0,3,3,,N,,,,,,,,,,,
2007067630,1735.0,1,0,0,0,0,0,0,0,0,8,0,,67,5,2007,1,39.9517,-75.2369,1730.0,6,0,0,0,0,0,0,0,0,,0,0,0,17,1,1,2,,0,39 57:06.145,,0,75 14:12.782,4,0,0,0,67301,1,0,0,,1,0,0,2,67301,1,,1,1,,,,,0,,0,0,0,3,2,,1728,1,2,0,0,0,0,0,3,4,0,1,3,,N,,,,,,,,,,,