CRN,ARRIVAL_TM,AUTOMOBILE_COUNT,BELTED_DEATH_COUNT,BELTED_SUSP_SERIOUS_INJ_COUNT,BICYCLE_COUNT,BICYCLE_DEATH_COUNT,BICYCLE_SUSP_SERIOUS_INJ_COUNT,BUS_COUNT,CHLDPAS_DEATH_COUNT,CHLDPAS_SUSP_SERIOUS_INJ_COUNT,COLLISION_TYPE,COMM_VEH_COUNT,CONS_ZONE_SPD_LIM,COUNTY,CRASH_MONTH,CRASH_YEAR,DAY_OF_WEEK,DEC_LAT,DEC_LONG,DISPATCH_TM,DISTRICT,DRIVER_COUNT_16YR,DRIVER_COUNT_17YR,DRIVER_COUNT_18YR,DRIVER_COUNT_19YR,DRIVER_COUNT_20YR,DRIVER_COUNT_50_64YR,DRIVER_COUNT_65_74YR,DRIVER_COUNT_75PLUS,EST_HRS_CLOSED,FATAL_COUNT,HEAVY_TRUCK_COUNT,HORSE_BUGGY_COUNT,HOUR_OF_DAY,ILLUMINATION,INJURY_COUNT,INTERSECT_TYPE,INTERSECTION_RELATED,LANE_CLOSED,LATITUDE,LN_CLOSE_DIR,LOCATION_TYPE,LONGITUDE,MAX_SEVERITY_LEVEL,MCYCLE_DEATH_COUNT,MCYCLE_SUSP_SERIOUS_INJ_COUNT,MOTORCYCLE_COUNT,MUNICIPALITY,NONMOTR_COUNT,NONMOTR_DEATH_COUNT,NONMOTR_SUSP_SERIOUS_INJ_COUNT,NTFY_HIWY_MAINT,PED_COUNT,PED_DEATH_COUNT,PED_SUSP_SERIOUS_INJ_COUNT,PERSON_COUNT,POLICE_AGCY,POSSIBLE_INJ_COUNT,RDWY_SURF_TYPE_CD,RELATION_TO_ROAD,ROAD_CONDITION,ROADWAY_CLEARED,SCH_BUS_IND,SCH_ZONE_IND,SECONDARY_CRASH,SMALL_TRUCK_COUNT,SPEC_JURIS_CD,SUSP_MINOR_INJ_COUNT,SUSP_SERIOUS_INJ_COUNT,SUV_COUNT,TCD_FUNC_CD,TCD_TYPE,TFC_DETOUR_IND,TIME_OF_DAY,TOT_INJ_COUNT,TOTAL_UNITS,UNB_DEATH_COUNT,UNB_SUSP_SERIOUS_INJ_COUNT,UNBELTED_OCC_COUNT,UNK_INJ_DEG_COUNT,UNK_INJ_PER_COUNT,URBAN_AREA,URBAN_RURAL,VAN_COUNT,VEHICLE_COUNT,WEATHER1,WEATHER2,WORK_ZONE_IND,WORK_ZONE_LOC,WORK_ZONE_TYPE,WORKERS_PRES,WZ_CLOSE_DETOUR,WZ_FLAGGER,WZ_LAW_OFFCR_IND,WZ_LN_CLOSURE,WZ_MOVING,WZ_OTHER,WZ_SHLDER_MDN,WZ_WORKERS_INJ_KILLED
2007112039,1430.0,0,0,0,0,0,0,0,0,0,0,0,,67,8,2007,2,39.9937,-75.0845,1427.0,6,0,0,0,0,0,0,0,0,3.0,0,0,0,14,1,1,0,,2,39 59:37.000,1.0,0,75 05:03.722,2,0,1,1,67301,0,0,0,N,0,0,0,1,67301,0,,1,1,,N,N,,0,,0,1,0,0,0,Y,1427,1,1,0,0,0,0,0,3,4,0,1,3,,N,,,,,,,,,,,
2007047805,835.0,1,0,0,0,0,0,0,0,0,1,0,,67,2,2007,3,40.0077,-75.0757,834.0,6,0,0,0,0,0,1,0,0,,0,0,0,8,1,1,0,,0,40 00:27.720,,0,75 04:32.520,3,0,0,0,67301,0,0,0,N,0,0,0,3,67301,0,,1,1,,N,N,,1,,1,0,0,0,0,,828,1,2,0,0,1,0,0,3,4,0,2,3,,N,,,,,,,,,,,
2007058118,1641.0,1,0,0,0,0,0,0,0,0,1,0,,67,4,2007,7,40.0489,-75.0739,1641.0,6,0,0,0,0,0,1,0,0,,0,0,0,16,1,1,1,,0,40 02:55.939,,0,75 04:26.025,4,0,0,0,67301,0,0,0,N,0,0,0,4,67301,1,,1,1,,N,N,,1,,0,0,0,3,2,,1635,1,2,0,0,0,0,0,3,4,0,2,3,,N,,,,,,,,,,,
2007047958,2334.0,0,0,0,0,0,0,0,0,0,7,0,,67,2,2007,3,39.9758,-75.1159,2332.0,6,0,0,0,1,0,0,0,0,,0,0,0,23,3,0,6,,0,39 58:31.440,,2,75 06:59.760,0,0,0,0,67301,0,0,0,Y,0,0,0,2,67301,0,,3,7,,N,N,,0,,0,0,0,0,0,,2325,0,1,0,0,0,0,0,3,4,1,1,10,,N,,,,,,,,,,,
2007052998,914.0,2,0,0,0,0,0,0,0,0,1,0,,67,4,2007,2,39.9382,-75.1979,854.0,6,0,0,0,0,0,0,0,0,1.0,0,0,0,8,1,1,0,,1,39 56:22.000,4.0,0,75 11:47.031,4,0,0,0,67301,0,0,0,N,0,0,0,3,68K01,1,,1,9,,N,N,,0,,0,0,0,0,0,N,842,1,2,0,0,0,0,0,3,4,0,2,7,,N,,,,,,,,,,,
2007127625,917.0,2,0,0,0,0,0,0,0,0,4,0,,67,10,2007,2,39.9435,-75.2353,915.0,6,0,0,0,0,0,0,1,0,,0,0,0,9,1,2,1,,0,39 56:36.621,,0,75 14:06.917,4,0,0,0,67301,0,0,0,N,0,0,0,3,67301,2,,1,1,,N,N,,0,,0,0,0,3,3,,910,2,2,0,0,0,0,0,3,4,0,2,3,,N,,,,,,,,,,,
2007127628,1720.0,2,0,0,0,0,0,0,0,0,4,0,,67,10,2007,5,39.9368,-75.2297,1715.0,6,0,0,0,0,0,1,0,0,1.0,0,0,0,99,1,3,1,,1,39 56:12.483,2.0,0,75 13:47.092,4,0,0,0,67301,0,0,0,N,0,0,0,3,67301,3,,1,1,,N,N,,0,,0,0,0,3,2,Y,9999,3,2,0,0,0,0,0,3,4,0,2,3,,N,,,,,,,,,,,
2007107351,1712.0,2,0,0,0,0,0,0,0,0,2,0,,67,9,2007,6,39.9358,-75.2311,1712.0,6,0,0,0,0,0,1,0,0,1.0,0,0,0,17,1,6,1,,2,39 56:09.042,7.0,0,75 13:52.046,8,0,0,0,67301,0,0,0,,0,0,0,7,67301,0,,1,1,,N,N,,0,,0,0,0,9,2,N,1700,6,3,0,0,1,6,0,3,4,1,3,3,,N,,,,,,,,,,,
2007107520,1545.0,1,0,0,0,0,0,0,0,0,4,0,,67,9,2007,6,39.9814,-75.1426,1545.0,6,0,0,0,0,0,0,0,0,,0,0,0,22,3,1,1,,0,39 58:52.935,,0,75 08:33.241,4,0,0,1,67301,0,0,0,N,0,0,0,2,67301,1,,1,1,,N,N,,0,,0,0,0,3,2,,2200,1,2,0,0,0,0,0,3,4,0,2,3,,N,,,,,,,,,,,
2007045722,1548.0,4,0,0,0,0,0,0,0,0,4,0,,67,2,2007,3,39.9566,-75.2427,1547.0,6,0,0,0,0,0,0,0,0,1.0,0,0,0,15,1,0,0,,1,39 57:23.792,3.0,0,75 14:33.889,0,0,0,0,67301,0,0,0,N,0,0,0,1,67301,0,,6,9,,N,N,,0,,0,0,0,0,0,Y,1544,0,4,0,0,0,0,0,3,4,0,4,10,,N,,,,,,,,,,,
2007045746,9999.0,2,0,0,0,0,0,0,0,0,4,0,,67,2,2007,4,39.9571,-75.1511,1836.0,6,0,0,0,0,0,1,0,0,,0,0,0,99,4,1,5,,0,39 57:25.688,,0,75 09:03.847,4,0,0,0,67301,0,0,0,N,0,0,0,2,67301,1,,1,1,,N,N,,0,,0,0,0,3,2,,9999,1,2,0,0,0,0,0,3,4,0,2,3,,N,,,,,,,,,,,
2007092956,1711.0,2,0,0,0,0,0,0,0,0,4,0,,67,7,2007,7,39.9877,-75.2162,1706.0,6,0,0,0,0,0,1,0,0,1.0,0,0,0,15,1,0,3,,1,39 59:15.000,2.0,0,75 12:58.177,0,0,0,0,67301,0,0,0,,0,0,0,6,67301,0,,1,1,,N,N,,0,,0,0,0,3,2,N,1503,0,2,0,0,0,0,0,3,4,0,2,3,,N,,,,,,,,,,,
2007046186,9999.0,1,0,0,0,0,0,0,0,0,4,0,,67,2,2007,4,40.0643,-75.1536,9999.0,6,0,0,0,0,0,0,0,0,,0,0,0,99,3,1,1,,0,40 03:51.426,,0,75 09:12.794,8,0,0,0,67301,0,0,0,N,0,0,0,2,67301,0,,1,1,,N,N,,1,,0,0,0,3,2,,9999,1,2,0,0,0,1,0,3,4,0,2,3,,N,,,,,,,,,,,
2008019785,1935.0,1,0,0,0,0,0,0,0,0,8,0,,67,12,2007,1,39.9534,-75.1371,1934.0,6,0,0,0,0,0,0,1,0,,0,0,0,19,3,1,0,,0,39 57:12.330,,0,75 08:13.615,2,0,0,0,67301,1,0,1,N,1,0,1,2,67501,0,,1,9,,N,N,,0,,0,1,0,3,2,,1934,1,2,0,0,0,0,0,3,4,0,1,7,5.0,N,,,,,,,,,,,
2008007255,1635.0,1,0,0,0,0,0,0,0,0,8,0,,67,11,2007,2,39.9514,-75.1535,1629.0,6,0,0,0,0,0,0,0,0,9.0,0,0,0,16,1,1,0,,1,39 57:04.993,2.0,0,75 09:12.722,8,0,0,0,67301,1,0,0,N,1,0,0,2,67301,0,,1,9,,N,N,,0,,0,0,0,0,0,N,1615,1,2,0,0,0,1,0,3,4,0,1,7,,N,,,,,,,,,,,
2008008072,650.0,2,0,0,0,0,0,0,0,0,1,0,,67,11,2007,3,40.0453,-75.0022,640.0,6,0,0,0,0,0,0,1,0,,0,0,0,6,1,1,0,,0,40 02:44.000,,0,75 00:07.202,8,0,0,0,67301,0,0,0,N,0,0,0,5,67301,0,,1,9,,N,N,,0,,0,0,1,0,0,,625,1,4,0,0,0,1,0,3,4,0,4,7,,N,,,,,,,,,,,
2008007322,1634.0,0,0,0,1,0,0,0,0,0,5,0,,67,11,2007,2,39.9478,-75.1615,1630.0,6,0,0,0,0,0,1,0,0,,0,0,0,16,1,1,0,,0,39 56:52.231,,0,75 09:41.396,4,0,0,0,67301,1,0,0,,0,0,0,3,67301,1,,1,1,,,,,1,,0,0,0,0,0,,1630,1,2,0,0,0,0,0,3,4,0,1,3,,N,,,,,,,,,,,
2008004996,452.0,1,0,0,0,0,0,0,0,0,5,0,,67,10,2007,7,39.9625,-75.1829,445.0,6,0,0,0,0,0,0,0,0,,0,0,0,4,3,1,0,,0,39 57:47.000,,0,75 11:01.372,8,0,0,0,67301,0,0,0,N,0,0,0,3,68K01,0,,1,9,,N,N,,0,,0,0,0,0,0,,445,1,2,0,0,0,1,1,3,4,0,2,7,,N,,,,,,,,,,,
2008005208,1340.0,2,0,0,0,0,0,0,0,0,1,0,,67,11,2007,5,39.9972,-75.1316,1340.0,6,0,0,0,0,0,1,0,0,,0,0,0,13,1,1,2,,0,39 59:49.912,,0,75 07:53.777,4,0,0,0,67301,0,0,0,N,0,0,0,2,67301,1,,1,9,,N,N,,0,,0,0,0,3,3,,1335,1,2,0,0,0,0,0,3,4,0,2,7,,N,,,,,,,,,,,
2008005630,222.0,1,0,0,0,0,0,0,0,0,7,0,,67,11,2007,7,39.9535,-75.1816,216.0,6,0,0,0,0,0,0,0,0,1.0,0,0,0,2,3,0,0,,1,39 57:18.000,4.0,0,75 10:51.009,0,0,0,0,67301,0,0,0,N,0,0,0,1,68K01,0,,2,1,,N,N,,0,,0,0,0,0,0,N,214,0,1,0,0,0,0,0,3,4,0,1,3,,N,,,,,,,,,,,
2008053062,340.0,1,0,0,0,0,0,0,0,0,6,1,,67,12,2007,4,39.982,-75.1008,337.0,6,0,0,0,0,0,1,0,0,1.0,0,1,0,3,3,0,0,,2,39 58:55.500,2.0,0,75 06:02.400,0,0,0,0,67301,0,0,0,N,0,0,0,2,67301,0,,1,1,,N,N,,0,,0,0,0,0,0,N,335,0,2,0,0,0,0,0,3,4,0,2,3,,N,,,,,,,,,,,
2008029609,2126.0,0,0,0,0,0,0,1,0,0,5,1,,67,12,2007,7,40.0101,-75.1363,2118.0,6,0,0,0,0,0,0,0,0,,0,0,0,99,3,1,2,,0,40 00:36.453,,0,75 08:10.526,4,0,0,0,67301,1,0,0,N,0,0,0,2,67301,1,,4,1,,N,N,,0,,0,0,1,0,0,,9999,1,2,0,0,0,0,0,3,4,0,2,3,,N,,,,,,,,,,,
2008018069,1505.0,0,0,0,0,0,0,0,0,0,5,0,,67,12,2007,3,39.9724,-75.123,1458.0,6,0,0,0,0,0,0,0,0,1.0,0,0,0,14,1,1,3,,2,39 58:20.000,2.0,2,75 07:21.871,4,0,0,1,67301,0,0,0,,0,0,0,2,67301,1,,1,1,,N,N,,0,,0,0,0,0,0,N,1458,1,2,0,0,0,0,0,3,4,1,2,98,,N,,,,,,,,,,,
2008033042,0.0,1,0,0,0,0,0,0,0,0,8,0,,67,8,2007,2,39.9554,-75.1711,0.0,6,0,0,0,0,0,0,0,0,,0,0,0,7,1,1,2,,0,39 57:19.443,,0,75 10:16.111,8,0,0,0,67301,1,0,0,N,1,0,0,2,00000,0,,1,9,,N,N,,0,,0,0,0,3,2,,730,1,2,0,0,0,1,0,3,4,0,1,7,,N,,,,,,,,,,,
2008033048,,0,0,0,0,0,0,0,0,0,1,0,,67,1,2007,3,40.0468,-75.0008,,6,0,0,0,0,0,1,0,0,,0,0,0,99,1,1,0,,0,40 02:48.480,,0,75 00:02.520,8,0,0,0,67301,0,0,0,N,0,0,0,2,,0,,1,1,,N,N,,0,,0,0,1,0,0,,9999,1,2,0,0,0,1,1,3,4,0,2,3,,N,,,,,,,,,,,
2008025719,1831.0,1,0,0,0,0,0,0,0,0,8,0,,67,12,2007,1,39.9764,-75.1198,1830.0,6,0,0,0,0,0,1,0,0,,0,0,0,18,3,1,0,,0,39 58:35.000,,0,75 07:10.936,3,0,0,0,67301,1,0,0,N,1,0,0,2,67301,0,,1,9,,N,N,,0,,1,0,0,0,0,,1829,1,2,0,0,0,0,0,3,4,0,1,7,,N,,,,,,,,,,,
2008005985,1727.0,1,0,0,0,0,0,0,0,0,4,0,,67,10,2007,7,39.9882,-75.1345,1725.0,6,0,0,0,0,0,0,0,0,,0,0,0,17,1,1,2,,0,39 59:17.480,,0,75 08:04.120,4,0,0,0,67301,0,0,0,N,0,0,0,2,67301,1,,1,9,,N,N,,0,,0,0,1,3,3,,1724,1,2,0,0,0,0,0,3,4,0,2,3,,N,,,,,,,,,,,
2008035077,,2,0,0,0,0,0,0,0,0,1,0,,67,12,2007,5,,,,6,0,0,0,0,0,0,0,0,,0,0,0,7,1,1,0,,0,,,0,,8,0,0,0,67301,0,0,0,,0,0,0,2,00000,0,,1,9,,,,,0,,0,0,0,0,0,,751,1,2,0,0,0,1,1,3,3,0,2,7,,N,,,,,,,,,,,
2008030589,1038.0,1,0,0,0,0,0,0,0,0,7,0,,67,12,2007,5,39.9157,-75.1919,1034.0,6,0,0,0,0,0,0,0,0,1.0,0,0,0,10,1,0,0,,2,39 54:56.000,2.0,1,75 11:30.699,0,0,0,0,67301,0,0,0,,0,0,0,1,67301,0,,2,9,,,,,0,,0,0,0,0,0,N,1030,0,1,0,0,0,0,0,3,4,0,1,7,,N,,,,,,,,,,,
2008042284,718.0,0,0,0,0,0,0,0,0,0,7,0,,67,12,2007,1,39.9944,-75.1985,716.0,6,0,0,0,1,0,0,0,0,1.0,0,0,0,7,1,0,0,,1,39 59:45.000,4.0,0,75 11:49.672,0,0,0,0,67301,0,0,0,N,0,0,0,1,68K01,0,,3,1,,N,N,,0,,0,0,1,0,0,N,716,0,1,0,0,0,0,0,3,4,0,1,3,,N,,,,,,,,,,,
2008018872,1810.0,0,0,0,0,0,0,0,0,0,4,0,,67,12,2007,7,40.0512,-75.0849,1806.0,6,0,0,0,0,0,1,0,0,,0,0,0,18,3,0,0,,0,40 03:04.420,,0,75 05:05.802,0,0,0,0,67301,0,0,0,N,0,0,0,1,67301,0,,6,9,,N,N,,2,,0,0,1,0,0,,1800,0,3,0,0,0,0,0,3,4,0,3,3,,N,,,,,,,,,,,
2008020799,1820.0,3,0,0,0,0,0,0,0,0,1,0,,67,12,2007,6,40.0028,-75.195,1806.0,6,0,0,0,0,0,0,0,0,,0,0,0,18,3,0,0,,0,40 00:08.000,,0,75 11:41.946,9,0,0,0,67301,0,0,0,N,0,0,0,3,68K01,0,,1,1,,N,N,,0,,0,0,0,0,0,,1804,0,3,0,0,0,0,1,3,4,0,3,3,,N,,,,,,,,,,,
2008023729,1945.0,1,0,0,1,0,0,0,0,0,2,0,,67,8,2007,5,39.9261,-75.1828,1937.0,6,0,0,0,0,0,0,0,0,,0,0,0,99,1,1,1,,0,39 55:33.000,,0,75 10:57.484,4,0,0,0,67301,1,0,0,,0,0,0,2,67301,1,,1,1,,,,,0,,0,0,0,3,2,,9999,1,2,0,0,0,0,0,3,4,0,1,3,,N,,,,,,,,,,,
2008018639,1510.0,1,0,0,0,0,0,0,0,0,4,0,,67,12,2007,7,40.0734,-75.0341,1500.0,6,0,0,0,0,0,0,0,0,,0,0,0,15,1,1,0,,0,40 04:24.000,,0,75 02:02.610,8,0,0,0,67301,0,0,0,N,0,0,0,3,67301,0,,1,1,,N,N,,0,,0,0,1,0,0,,1500,1,2,0,0,0,1,0,3,4,0,2,3,,N,,,,,,,,,,,
2008006666,352.0,1,0,0,0,0,0,0,0,0,7,0,,67,11,2007,1,39.9673,-75.1325,352.0,6,0,0,0,0,0,0,0,0,,0,0,0,3,3,0,0,,0,39 58:02.000,,0,75 07:56.202,0,0,0,0,67301,0,0,0,N,0,0,0,1,67301,0,,2,1,,N,N,,0,,0,0,0,0,0,,350,0,1,0,0,0,0,0,3,4,0,1,3,,N,,,,,,,,,,,
2008036975,1810.0,1,0,0,0,0,0,0,0,0,1,0,,67,12,2007,4,39.9647,-75.1851,1800.0,6,0,0,0,0,0,0,0,0,,0,0,0,18,3,0,0,,0,39 57:53.000,,0,75 11:06.506,0,0,0,0,67301,0,0,0,N,0,0,0,8,67301,0,,1,1,,N,N,,0,,0,0,2,0,0,,1800,0,3,0,0,0,0,0,3,4,0,3,3,,N,,,,,,,,,,,
2008017073,1221.0,1,0,0,0,0,0,0,0,0,4,0,,67,12,2007,7,40.039,-75.0563,1220.0,6,0,0,0,0,0,0,0,0,,0,0,0,0,3,1,1,,0,40 02:20.475,,0,75 03:22.611,3,0,0,0,67301,0,0,0,,0,0,0,2,67301,0,,1,1,,,,,0,,1,0,0,0,0,,12,1,2,0,0,0,0,0,3,4,1,2,3,,N,,,,,,,,,,,
2008017410,601.0,1,0,0,0,0,0,0,0,0,7,0,,67,12,2007,6,39.9567,-75.1423,558.0,6,0,0,0,1,0,0,0,0,1.0,0,0,0,5,5,0,0,,1,39 57:28.000,4.0,2,75 08:30.129,0,0,0,0,67301,0,0,0,,0,0,0,1,67301,0,,2,1,,,,,0,,0,0,0,0,0,N,558,0,1,0,0,0,0,0,3,4,0,1,3,,N,,,,,,,,,,,
2008017415,1900.0,1,0,0,0,0,0,0,0,0,8,0,,67,12,2007,4,39.9548,-75.2362,1741.0,6,0,0,0,0,0,0,0,1,,0,0,0,5,3,1,1,,0,39 57:17.161,,0,75 14:10.471,8,0,0,0,67301,1,0,0,N,1,0,0,2,67301,0,,1,1,,N,Y,,0,,0,0,0,3,2,,541,1,2,0,0,0,1,0,3,4,0,1,3,,N,,,,,,,,,,,
2008017534,1515.0,1,0,0,0,0,0,0,0,0,8,0,,67,11,2007,4,40.0184,-75.1368,1506.0,6,0,0,0,0,0,0,0,0,,0,0,0,7,1,1,1,,0,40 01:06.232,,0,75 08:12.411,4,0,0,0,67301,1,0,0,N,1,0,0,2,67301,1,,1,1,,N,N,,0,,0,0,0,9,2,,740,1,2,0,0,0,0,1,3,4,0,1,3,,N,,,,,,,,,,,
2007045656,1121.0,2,0,0,0,0,0,0,0,0,5,0,,67,2,2007,3,,,1119.0,6,0,0,0,0,0,0,0,0,,0,0,0,99,1,0,0,,0,,,0,,0,0,0,0,67301,0,0,0,N,0,0,0,1,67301,0,,1,6,,N,N,,0,,0,0,1,0,0,,9999,0,3,0,0,1,0,0,3,3,0,3,10,,N,,,,,,,,,,,
2007048313,2306.0,0,0,0,0,0,0,0,0,0,7,0,,67,2,2007,7,39.9333,-75.2001,2302.0,6,0,0,0,0,0,1,0,0,,0,0,0,23,3,0,3,,0,39 55:56.000,,0,75 12:00.597,0,0,0,0,67301,0,0,0,N,0,0,0,1,67301,0,,2,1,,N,N,,1,,0,0,0,0,0,,2300,0,1,0,0,0,0,0,3,4,0,1,3,,N,,,,,,,,,,,
2007092958,1248.0,1,0,0,0,0,0,0,0,0,2,0,,67,6,2007,7,39.9335,-75.2155,1248.0,6,0,0,0,0,0,0,0,0,2.0,0,0,0,12,1,3,2,,1,39 56:00.741,7.0,0,75 12:55.882,3,0,0,0,67301,0,0,0,,0,0,0,3,67301,2,,1,1,,N,N,,0,,1,0,1,3,2,N,1248,3,2,0,0,2,0,0,3,4,0,2,3,,N,,,,,,,,,,,
2007092962,215.0,1,0,0,0,0,0,0,0,0,7,0,,67,6,2007,6,40.0737,-75.0279,213.0,6,0,0,0,0,0,0,0,0,,0,0,0,2,3,1,0,,0,40 04:25.435,,0,75 01:40.551,4,0,0,0,67301,0,0,0,N,0,0,0,1,67301,1,,4,1,,N,N,,0,,0,0,0,0,0,,210,1,1,0,0,1,0,0,3,4,0,1,3,,N,,,,,,,,,,,
2007074759,1500.0,2,0,0,0,0,0,0,0,0,1,0,,67,7,2007,7,,,1455.0,6,0,0,0,0,0,0,1,0,,0,0,0,14,1,0,0,,0,,,0,,0,0,0,0,67301,0,0,0,N,0,0,0,3,67501,0,,1,1,,N,N,,0,,0,0,0,3,8,,1455,0,2,0,0,0,0,0,3,3,0,2,3,,N,,,,,,,,,,,
2008007309,1212.0,1,0,0,0,0,0,0,0,0,1,0,,67,11,2007,1,40.1304,-75.0171,1206.0,6,0,0,0,0,0,0,0,0,,0,0,0,12,1,1,0,,0,40 07:49.000,,0,75 01:02.617,8,0,0,0,67301,0,0,0,N,0,0,0,2,67301,0,,1,9,,N,N,,0,,0,0,1,0,0,,1204,1,2,0,0,0,1,0,3,4,0,2,3,,N,,,,,,,,,,,
2008007323,1630.0,0,0,0,0,0,0,0,0,0,8,0,,67,11,2007,3,40.025,-75.0567,1623.0,6,0,0,0,0,0,1,0,0,,0,0,0,16,1,1,2,,0,40 01:30.043,,0,75 03:24.109,4,0,0,0,67301,1,0,0,N,1,0,0,4,67301,1,,1,1,,N,N,,0,,0,0,1,0,0,,1622,1,2,0,0,2,0,0,3,4,0,1,3,,N,,,,,,,,,,,
2008004902,36.0,1,0,0,0,0,0,0,0,0,4,0,,67,11,2007,7,39.962,-75.2001,36.0,6,0,0,0,0,1,0,0,0,,0,0,0,0,3,0,1,,0,39 57:43.000,,0,75 12:00.430,0,0,0,0,67301,0,0,0,,0,0,0,3,67301,0,,1,1,,N,N,,0,,0,0,0,3,3,,35,0,2,0,0,0,0,0,3,4,1,2,3,,N,,,,,,,,,,,
2008008130,706.0,2,0,0,0,0,0,0,0,0,5,0,,67,11,2007,2,40.0324,-75.1877,703.0,6,0,0,0,0,1,0,0,0,1.0,0,0,0,7,1,0,0,,1,40 01:56.690,2.0,0,75 11:15.639,0,0,0,0,67301,0,0,0,Y,0,0,0,2,67301,0,,1,9,,N,N,,0,,0,0,0,0,0,N,703,0,2,0,0,0,0,0,3,4,0,2,7,,N,,,,,,,,,,,
2008005765,1020.0,1,0,0,0,0,0,0,0,0,4,1,,67,11,2007,5,40.0428,-75.1135,1018.0,6,0,0,0,0,0,1,0,0,,0,1,0,10,1,1,2,,0,40 02:33.000,,0,75 06:48.818,4,0,0,0,67301,0,0,0,N,0,0,0,2,67301,1,,1,9,,N,N,,0,,0,0,0,3,2,,1012,1,2,0,0,0,0,0,3,4,0,2,7,,N,,,,,,,,,,,
2008005689,1442.0,1,0,0,0,0,0,0,0,0,7,0,,67,11,2007,2,39.9631,-75.1839,1435.0,6,0,0,0,0,0,0,0,0,,0,0,0,14,1,1,0,,0,39 57:47.880,,2,75 11:02.760,8,0,0,0,67301,0,0,0,N,0,0,0,1,68K01,0,,2,9,,N,N,,0,,0,0,0,0,0,,1432,1,1,0,0,0,1,0,3,4,0,1,7,,N,,,,,,,,,,,
2008005706,331.0,1,0,0,0,0,0,0,0,0,7,0,,67,11,2007,7,39.9562,-75.1804,323.0,6,0,0,0,0,0,0,0,0,1.0,0,0,0,3,2,1,0,,2,39 57:23.040,4.0,2,75 10:49.440,4,0,0,0,67301,0,0,0,N,0,0,0,1,68K01,1,,3,9,,N,N,,0,,0,0,0,0,0,Y,321,1,1,0,0,0,0,0,3,4,0,1,7,,N,,,,,,,,,,,
2008000439,1855.0,2,0,0,0,0,0,0,0,0,4,0,,67,10,2007,4,39.992,-75.2375,1850.0,6,0,0,0,1,0,1,0,0,,0,0,0,18,3,2,1,,0,39 59:31.149,,0,75 14:15.021,8,0,0,0,67301,0,0,0,,0,0,0,3,67301,0,,1,9,,N,N,,0,,0,0,0,9,2,,1850,2,2,0,0,0,2,0,3,4,0,2,7,5.0,N,,,,,,,,,,,
2008033066,,2,0,0,0,0,0,0,0,0,1,0,,67,3,2007,5,40.0312,-75.0852,,6,0,0,0,0,0,0,0,0,,0,0,0,16,1,0,3,,0,40 01:52.000,,0,75 05:06.866,0,0,0,0,67301,0,0,0,,0,0,0,5,,0,,1,1,,,,,0,,0,0,0,3,4,,1630,0,2,0,0,0,0,0,3,4,0,2,3,,N,,,,,,,,,,,
2008005983,1600.0,3,0,0,0,0,0,0,0,0,6,0,,67,11,2007,7,39.9814,-75.1426,1600.0,6,0,0,0,1,0,0,0,0,,0,0,0,16,1,2,2,,0,39 58:52.935,,0,75 08:33.241,4,0,0,0,67301,0,0,0,N,0,0,0,2,67301,2,,1,1,,N,N,,0,,0,0,0,3,2,,1600,2,3,0,0,0,0,0,3,4,0,3,3,,N,,,,,,,,,,,
2008006008,1120.0,3,0,0,0,0,0,0,0,0,4,0,,67,11,2007,3,39.9859,-75.1533,1111.0,6,0,0,0,0,0,0,0,0,,0,0,0,11,1,4,1,,0,39 59:09.340,,0,75 09:11.779,3,0,0,0,67301,0,0,0,N,0,0,0,6,67301,1,,1,9,,N,N,,0,,1,0,0,3,3,,1105,4,4,0,0,1,2,1,3,4,0,4,7,,N,,,,,,,,,,,
2008037337,2139.0,1,0,0,0,0,0,0,0,0,1,1,50.0,67,12,2007,1,39.9837,-75.2081,2131.0,6,0,0,0,0,0,0,0,0,1.0,0,1,0,21,3,1,0,,2,39 59:05.000,4.0,0,75 12:29.569,3,0,0,0,67301,1,0,0,N,0,0,0,2,68K01,0,,1,1,,N,N,,0,,1,0,0,3,1,Y,2127,1,2,0,0,1,0,0,3,4,0,2,3,,Y,2.0,2.0,N,,,N,Y,,,Y,
2008023892,1210.0,1,0,0,0,0,0,0,0,0,2,0,,67,12,2007,4,40.0375,-75.145,1155.0,6,0,0,0,0,0,0,0,0,,0,0,0,10,1,1,0,,0,40 02:15.162,,0,75 08:41.824,4,0,0,0,67301,0,0,0,N,0,0,0,2,67301,1,,1,9,,N,N,,0,,0,0,1,0,0,,1045,1,2,0,0,1,0,0,3,4,0,2,7,,N,,,,,,,,,,,
2008029121,1630.0,2,0,0,0,0,0,0,0,0,1,0,,67,12,2007,7,39.9643,-75.2342,1630.0,6,0,0,0,0,1,1,0,0,,0,0,0,16,1,2,1,,0,39 57:51.613,,0,75 14:03.292,4,0,0,0,67301,0,0,0,N,0,0,0,3,67301,2,,1,1,,N,N,,0,,0,0,0,0,0,,1625,2,2,0,0,2,0,0,3,4,0,2,3,,N,,,,,,,,,,,
2008006664,118.0,1,0,0,0,0,0,0,0,0,2,0,,67,11,2007,1,39.9816,-75.1738,115.0,6,0,0,0,0,0,0,0,0,2.0,0,0,0,1,3,3,0,,2,39 58:53.000,6.0,0,75 10:25.637,3,0,0,0,67301,0,0,0,,0,0,0,4,67301,0,,1,1,,N,N,,0,,3,0,1,3,2,Y,115,3,2,0,0,3,0,1,3,4,0,2,3,,N,,,,,,,,,,,
2008036969,2050.0,0,0,0,0,0,0,0,0,0,8,0,,67,8,2007,2,40.0916,-74.9599,2042.0,6,0,0,0,0,0,0,0,0,,0,0,0,20,3,1,1,,0,40 05:29.597,,0,74 57:35.784,3,0,0,0,67301,1,0,0,N,1,0,0,2,67301,0,,1,1,,N,N,,0,,1,0,1,3,2,,2039,1,2,0,0,0,0,1,3,4,0,1,3,,N,,,,,,,,,,,