CRN,ARRIVAL_TM,AUTOMOBILE_COUNT,BELTED_DEATH_COUNT,BELTED_SUSP_SERIOUS_INJ_COUNT,BICYCLE_COUNT,BICYCLE_DEATH_COUNT,BICYCLE_SUSP_SERIOUS_INJ_COUNT,BUS_COUNT,CHLDPAS_DEATH_COUNT,CHLDPAS_SUSP_SERIOUS_INJ_COUNT,COLLISION_TYPE,COMM_VEH_COUNT,CONS_ZONE_SPD_LIM,COUNTY,CRASH_MONTH,CRASH_YEAR,DAY_OF_WEEK,DEC_LAT,DEC_LONG,DISPATCH_TM,DISTRICT,DRIVER_COUNT_16YR,DRIVER_COUNT_17YR,DRIVER_COUNT_18YR,DRIVER_COUNT_19YR,DRIVER_COUNT_20YR,DRIVER_COUNT_50_64YR,DRIVER_COUNT_65_74YR,DRIVER_COUNT_75PLUS,EST_HRS_CLOSED,FATAL_COUNT,HEAVY_TRUCK_COUNT,HORSE_BUGGY_COUNT,HOUR_OF_DAY,ILLUMINATION,INJURY_COUNT,INTERSECT_TYPE,INTERSECTION_RELATED,LANE_CLOSED,LATITUDE,LN_CLOSE_DIR,LOCATION_TYPE,LONGITUDE,MAX_SEVERITY_LEVEL,MCYCLE_DEATH_COUNT,MCYCLE_SUSP_SERIOUS_INJ_COUNT,MOTORCYCLE_COUNT,MUNICIPALITY,NONMOTR_COUNT,NONMOTR_DEATH_COUNT,NONMOTR_SUSP_SERIOUS_INJ_COUNT,NTFY_HIWY_MAINT,PED_COUNT,PED_DEATH_COUNT,PED_SUSP_SERIOUS_INJ_COUNT,PERSON_COUNT,POLICE_AGCY,POSSIBLE_INJ_COUNT,RDWY_SURF_TYPE_CD,RELATION_TO_ROAD,ROAD_CONDITION,ROADWAY_CLEARED,SCH_BUS_IND,SCH_ZONE_IND,SECONDARY_CRASH,SMALL_TRUCK_COUNT,SPEC_JURIS_CD,SUSP_MINOR_INJ_COUNT,SUSP_SERIOUS_INJ_COUNT,SUV_COUNT,TCD_FUNC_CD,TCD_TYPE,TFC_DETOUR_IND,TIME_OF_DAY,TOT_INJ_COUNT,TOTAL_UNITS,UNB_DEATH_COUNT,UNB_SUSP_SERIOUS_INJ_COUNT,UNBELTED_OCC_COUNT,UNK_INJ_DEG_COUNT,UNK_INJ_PER_COUNT,URBAN_AREA,URBAN_RURAL,VAN_COUNT,VEHICLE_COUNT,WEATHER1,WEATHER2,WORK_ZONE_IND,WORK_ZONE_LOC,WORK_ZONE_TYPE,WORKERS_PRES,WZ_CLOSE_DETOUR,WZ_FLAGGER,WZ_LAW_OFFCR_IND,WZ_LN_CLOSURE,WZ_MOVING,WZ_OTHER,WZ_SHLDER_MDN,WZ_WORKERS_INJ_KILLED
2008024229,45.0,3,0,0,0,0,0,0,0,0,5,0,,67,12,2007,7,39.9462,-75.2162,35.0,6,0,0,0,0,0,0,0,0,,0,0,0,0,3,0,0,,0,39 56:46.433,,0,75 12:58.436,0,0,0,0,67301,0,0,0,,0,0,0,1,67301,0,,1,9,,,,,0,,0,0,1,3,2,,30,0,4,0,0,1,0,0,3,4,0,4,7,,N,,,,,,,,,,,
2008024404,847.0,1,0,0,0,0,0,0,0,0,1,0,,67,12,2007,6,40.0215,-75.1398,847.0,6,0,0,0,0,0,0,0,0,1.0,0,0,0,99,1,1,1,,1,40 01:17.000,2.0,0,75 08:23.327,8,0,0,0,67301,0,0,0,N,0,0,0,3,67301,0,,1,1,,N,N,,0,,0,0,0,3,2,N,9999,1,2,0,0,0,1,0,3,4,1,2,3,,N,,,,,,,,,,,
2008024422,210.0,2,0,0,0,0,0,0,0,0,2,0,,67,12,2007,7,40.0601,-75.1378,200.0,6,0,0,0,0,0,0,0,0,,0,0,0,2,3,1,0,,0,40 03:36.000,,0,75 08:15.792,3,0,0,0,67301,0,0,0,N,0,0,0,1,67301,0,,6,1,,N,N,,0,,1,0,0,0,0,,200,1,3,0,0,0,0,0,3,4,1,3,3,,N,,,,,,,,,,,
2008024444,1827.0,1,0,0,0,0,0,0,0,0,4,0,,67,12,2007,5,40.0226,-75.0555,1820.0,6,0,0,0,0,0,0,1,0,,0,0,0,18,3,2,1,,0,40 01:21.000,,0,75 03:19.890,4,0,0,0,67301,0,0,0,N,0,0,0,3,67301,2,,1,1,,N,N,,0,,0,0,0,3,3,,1815,2,2,0,0,0,0,0,3,4,1,2,3,,N,,,,,,,,,,,
2008024449,923.0,2,0,0,0,0,0,0,0,0,4,0,,67,12,2007,2,40.0384,-75.0856,918.0,6,0,0,0,0,0,0,0,0,,0,0,0,9,1,1,2,,0,40 02:18.099,,0,75 05:08.113,3,0,0,0,67301,0,0,0,N,0,0,0,2,67301,0,,1,1,,N,N,,0,,1,0,0,3,3,,916,1,2,0,0,0,0,0,3,4,0,2,3,,N,,,,,,,,,,,
2008024454,9999.0,2,0,0,0,0,0,0,0,0,4,0,,67,7,2007,6,40.0,-75.1283,500.0,6,0,0,0,1,0,0,0,0,1.0,0,0,0,5,1,0,1,,1,40 00:00.111,2.0,0,75 07:41.714,0,0,0,0,67301,0,0,0,N,0,0,0,2,67301,0,,1,1,,N,N,,0,,0,0,0,3,3,Y,500,0,2,0,0,2,0,0,3,4,0,2,3,,N,,,,,,,,,,,
2008017108,1705.0,1,0,0,0,0,0,0,0,0,8,0,,67,12,2007,6,39.9661,-75.2359,1701.0,6,0,0,0,0,0,0,1,0,,0,0,0,17,3,1,1,,0,39 57:57.913,,0,75 14:09.124,3,0,0,0,67301,1,0,0,,1,0,0,2,67301,0,,1,9,,,,,0,,1,0,0,3,3,,1700,1,2,0,0,1,0,0,3,4,0,1,3,,N,,,,,,,,,,,
2008019382,653.0,1,0,0,0,0,0,0,0,0,7,0,,67,12,2007,2,40.0035,-75.1952,650.0,6,0,0,0,0,0,0,0,0,1.0,0,0,0,6,1,1,3,,2,40 00:11.000,3.0,2,75 11:42.461,3,0,0,0,67301,0,0,0,N,0,0,0,1,68K01,0,,3,1,,N,N,,0,,1,0,0,0,0,N,647,1,1,0,0,0,0,0,3,4,0,1,3,,N,,,,,,,,,,,
2008016979,759.0,1,0,0,0,0,0,0,0,0,4,0,,67,12,2007,3,39.9369,-75.1889,757.0,6,0,0,0,0,0,0,0,0,,0,0,0,7,1,1,1,,0,39 56:12.796,,0,75 11:20.011,4,0,0,0,67301,0,0,0,N,0,0,0,3,67301,1,,1,1,,N,N,,1,,0,0,0,0,0,,720,1,2,0,0,0,0,0,3,4,0,2,3,,N,,,,,,,,,,,
2008017043,335.0,0,0,0,0,0,0,0,0,0,7,0,,67,11,2007,3,39.9881,-75.0888,331.0,6,0,0,0,0,0,0,0,0,1.0,0,0,0,3,3,0,6,,2,39 59:17.000,1.0,2,75 05:19.341,0,0,0,0,67301,0,0,0,Y,0,0,0,1,67301,0,,2,9,,N,N,,0,,0,0,1,0,0,N,329,0,1,0,0,1,0,0,3,4,0,1,7,,N,,,,,,,,,,,
2008017045,1542.0,2,0,0,0,0,0,0,0,0,4,0,,67,12,2007,1,40.0857,-75.0267,1539.0,6,0,0,0,0,0,0,1,0,,0,0,0,15,1,0,1,,0,40 05:08.473,,0,75 01:36.199,0,0,0,0,67301,0,0,0,,0,0,0,2,67301,0,,1,9,,,,,0,,0,0,0,3,3,,1530,0,2,0,0,0,0,0,3,4,0,2,98,,N,,,,,,,,,,,
2008017077,1.0,3,0,0,0,0,0,0,0,0,1,0,,67,11,2007,5,39.9904,-75.2206,2348.0,6,0,0,0,0,0,1,0,0,9.0,0,0,0,23,3,3,0,,1,39 59:25.531,3.0,0,75 13:14.228,4,0,0,0,67301,0,0,0,N,0,0,0,4,67301,3,,1,1,,N,N,,0,,0,0,0,3,2,N,2333,3,3,0,0,0,0,0,3,4,0,3,3,,N,,,,,,,,,,,
2008017363,555.0,1,0,0,0,0,0,0,0,0,4,0,,67,12,2007,7,39.9612,-75.1748,554.0,6,0,0,0,0,0,0,0,0,2.0,0,0,0,5,3,1,1,,1,39 57:40.000,3.0,0,75 10:30.473,4,0,0,0,67301,0,0,0,N,0,0,0,2,67301,1,,1,1,,N,N,,1,,0,0,0,3,2,N,550,1,2,0,0,0,0,0,3,4,0,2,3,,N,,,,,,,,,,,
2008017364,700.0,0,0,0,0,0,0,0,0,0,1,0,,67,12,2007,2,39.9592,-75.1725,655.0,6,0,0,0,0,0,0,0,0,,0,0,0,6,1,1,0,,0,39 57:33.000,,0,75 10:22.629,4,0,0,0,67301,0,0,0,N,0,0,0,2,67301,1,,1,9,,N,N,,0,,0,0,0,0,0,,655,1,2,0,0,0,0,1,3,4,1,2,7,,N,,,,,,,,,,,
2008017429,1417.0,1,0,0,0,0,0,0,0,0,4,0,,67,12,2007,2,39.9041,-75.2405,1413.0,6,0,0,0,0,0,0,0,0,,0,0,0,13,1,3,0,,0,39 54:14.816,,7,75 14:25.813,4,0,0,0,67301,0,0,0,,0,0,0,3,67301,3,,1,1,,N,N,,0,,0,0,1,3,2,,1330,3,2,0,0,0,0,0,3,4,0,2,3,,N,,,,,,,,,,,
2008037013,14.0,1,0,0,0,0,0,0,0,0,7,0,,67,12,2007,7,39.9837,-75.2081,3.0,6,0,0,0,0,0,0,0,0,,0,0,0,0,2,0,0,,0,39 59:05.000,,0,75 12:29.581,0,0,0,0,67301,0,0,0,N,0,0,0,1,68K01,0,,4,9,,N,N,,0,,0,0,0,0,0,,1,0,1,0,0,0,0,0,3,4,0,1,7,,N,,,,,,,,,,,
2008006272,2154.0,0,0,0,0,0,0,0,0,0,8,0,,67,11,2007,6,39.9368,-75.2297,2134.0,6,0,0,0,0,0,0,0,0,,0,0,0,21,3,1,1,,0,39 56:12.483,,0,75 13:47.092,3,0,0,0,67301,1,0,0,N,1,0,0,2,67301,0,,1,1,,N,N,,0,,1,0,0,3,2,,2130,1,2,0,0,0,0,0,3,4,1,1,3,,N,,,,,,,,,,,
2008054053,1122.0,1,0,0,0,0,0,0,0,0,7,0,,67,10,2007,2,40.0031,-75.1773,1120.0,6,0,0,0,0,0,0,0,0,,0,0,0,11,1,0,1,,0,40 00:11.178,,0,75 10:38.108,0,0,0,0,67301,0,0,0,N,0,0,0,1,67301,0,,5,1,,N,Y,,0,,0,0,0,3,2,,1116,0,1,0,0,0,0,0,3,4,0,1,3,,N,,,,,,,,,,,
2008003754,756.0,2,0,0,0,0,0,0,0,0,1,0,,67,10,2007,4,40.1121,-75.0018,733.0,6,0,0,0,0,0,0,0,0,,0,0,0,7,1,1,0,,0,40 06:43.000,,0,75 00:06.506,8,0,0,0,67301,0,0,0,,0,0,0,3,67301,0,,1,9,,,,,0,,0,0,0,0,0,,730,1,2,0,0,0,1,0,3,4,0,2,7,,N,,,,,,,,,,,
2008006401,1315.0,2,0,0,0,0,0,0,0,0,5,0,,67,11,2007,7,39.9697,-75.1709,1310.0,6,0,0,0,1,0,0,0,0,,0,0,0,99,1,2,0,,0,39 58:10.959,,0,75 10:15.369,2,0,0,0,67301,0,0,0,N,0,0,0,2,67301,0,,1,9,,N,N,,0,,0,2,0,0,0,,9999,2,2,0,0,0,0,0,3,4,0,2,3,,N,,,,,,,,,,,
2008006467,1547.0,1,0,0,0,0,0,0,0,0,6,0,,67,11,2007,3,39.9417,-75.2089,1535.0,6,0,0,0,0,0,0,0,0,1.0,0,0,0,15,1,2,1,,1,39 56:29.947,1.0,0,75 12:31.928,8,0,0,0,67301,0,0,0,N,0,0,0,2,67301,0,,1,9,,N,N,,1,,0,0,0,3,2,N,1535,2,2,0,0,0,2,0,3,4,0,2,7,,N,,,,,,,,,,,
2008008949,1352.0,1,0,0,0,0,0,0,0,0,1,0,,67,12,2007,7,40.0283,-75.1098,1350.0,6,0,0,0,0,0,0,0,0,1.0,0,0,0,13,1,1,0,,1,40 01:41.000,2.0,0,75 06:35.028,8,0,0,0,67301,0,0,0,N,0,0,0,2,67301,0,,1,1,,N,N,,0,,0,0,1,3,2,N,1348,1,2,0,0,0,1,0,3,4,0,2,3,,N,,,,,,,,,,,
2008023952,1107.0,1,0,0,1,0,0,0,0,0,4,0,,67,12,2007,3,39.9438,-75.2228,1105.0,6,0,0,0,0,0,1,0,0,,0,0,0,11,1,1,1,,0,39 56:37.683,,0,75 13:22.061,4,0,0,0,67301,1,0,0,,0,0,0,2,67301,1,,1,1,,N,N,,0,,0,0,0,3,2,,1105,1,2,0,0,0,0,0,3,4,0,1,3,,N,,,,,,,,,,,
2007099115,2001.0,2,0,0,0,0,0,0,0,0,5,0,,67,8,2007,6,40.0102,-75.1576,2000.0,6,0,0,0,0,0,0,0,0,,0,0,0,19,3,2,0,,0,40 00:36.824,,0,75 09:27.342,4,0,0,0,67301,4,0,0,,0,0,0,5,67301,2,,6,1,,N,N,,0,,0,0,0,0,0,,1959,2,2,0,0,0,0,1,3,4,0,2,3,,N,,,,,,,,,,,
2007099145,1835.0,0,0,0,0,0,0,1,0,0,8,1,,67,8,2007,1,39.955,-75.1842,1830.0,6,0,0,0,0,0,0,0,0,,0,0,0,18,1,1,0,,0,39 57:17.000,,0,75 11:02.908,4,0,0,0,67301,1,0,0,,1,0,0,2,67301,1,,1,9,,,,,0,,0,0,0,0,0,,1830,1,2,0,0,0,0,0,3,4,0,1,7,,N,,,,,,,,,,,
2007029315,249.0,1,0,0,0,0,0,0,0,0,7,0,,67,1,2007,7,39.9636,-75.1842,244.0,6,0,0,0,0,0,0,0,0,1.0,0,0,0,2,3,1,0,,1,39 57:49.000,3.0,0,75 11:03.838,8,0,0,0,67301,0,0,0,N,0,0,0,1,67301,0,,2,9,,N,N,,0,,0,0,0,0,0,N,242,1,1,0,0,0,1,0,3,4,0,1,7,,N,,,,,,,,,,,
2007029317,1133.0,0,0,0,0,0,0,0,0,0,1,0,,67,1,2007,7,39.8979,-75.2113,1128.0,6,0,0,0,0,0,1,0,0,1.0,0,0,0,11,1,0,0,,1,39 53:52.353,3.0,3,75 12:40.658,0,0,0,0,67301,0,0,0,N,0,0,0,6,67301,0,,1,1,,N,N,,0,,0,0,2,0,0,N,1125,0,3,0,0,1,0,0,3,4,1,3,3,,N,,,,,,,,,,,
2007120927,207.0,0,0,0,0,0,0,0,0,0,8,0,,67,10,2007,7,39.9541,-75.2025,207.0,6,0,0,0,0,0,0,0,0,,0,0,0,2,3,1,2,,0,39 57:14.000,,0,75 12:08.994,8,0,0,0,67301,1,0,0,N,1,0,0,2,67301,0,,1,1,,N,N,,0,,0,0,1,9,2,,204,1,2,0,0,0,1,0,3,4,0,1,3,,N,,,,,,,,,,,
2007099647,2048.0,2,0,0,0,0,0,0,0,0,4,0,,67,8,2007,7,39.9361,-75.2345,2046.0,6,0,0,1,0,0,0,0,1,,0,0,0,20,3,1,1,,0,39 56:10.000,,0,75 14:04.177,4,0,0,0,67301,0,0,0,N,0,0,0,3,67301,1,,1,1,,N,N,,0,,0,0,0,3,2,,2045,1,2,0,0,0,0,1,3,4,0,2,3,,N,,,,,,,,,,,
2007092493,1825.0,0,0,0,0,0,0,0,0,0,8,0,,67,7,2007,5,39.9712,-75.1577,1817.0,6,0,0,0,0,0,0,0,0,,0,0,0,18,1,1,0,,0,39 58:16.213,,0,75 09:27.752,4,0,0,0,67301,1,0,0,,1,0,0,2,67301,1,,1,1,,N,N,,0,,0,0,1,0,0,,1813,1,2,0,0,0,0,0,3,4,0,1,3,,N,,,,,,,,,,,
2007095050,1227.0,1,0,0,0,0,0,0,0,0,4,0,,67,8,2007,5,40.095,-75.0154,1225.0,6,0,0,0,0,0,0,0,0,1.0,0,0,0,12,1,1,1,,1,40 05:41.000,2.0,0,75 00:55.511,4,0,0,0,67301,0,0,0,N,0,0,0,3,67301,1,,1,1,,N,N,,0,,0,0,1,3,2,N,1225,1,2,0,0,0,0,0,3,4,0,2,3,,N,,,,,,,,,,,
2007120640,2042.0,1,0,0,1,0,0,0,0,0,4,0,,67,9,2007,1,39.9424,-75.2191,2038.0,6,0,0,0,0,0,0,0,0,,0,0,0,20,3,1,1,,0,39 56:32.000,,0,75 13:08.704,4,0,0,0,67301,1,0,0,N,0,0,0,2,67301,1,,1,1,,N,N,,0,,0,0,0,3,2,,2035,1,2,0,0,0,0,0,3,4,0,1,3,,N,,,,,,,,,,,
2007120658,1320.0,1,0,0,0,0,0,0,0,0,8,0,,67,9,2007,7,39.9821,-75.1369,1302.0,6,0,0,0,0,0,1,0,0,,0,0,0,99,1,1,1,,0,39 58:55.668,,0,75 08:12.695,4,0,0,0,67301,1,0,0,N,1,0,0,2,67301,1,,1,1,,N,N,,0,,0,0,0,3,2,,9999,1,2,0,0,0,0,0,3,4,0,1,3,,N,,,,,,,,,,,
2007120678,1618.0,2,0,0,0,0,0,0,0,0,1,0,,67,10,2007,3,40.0544,-75.0717,1615.0,6,0,0,0,0,0,1,0,0,,0,0,0,15,1,1,0,,0,40 03:15.000,,0,75 04:18.097,4,0,0,0,67301,0,0,0,N,0,0,0,3,67301,1,,1,1,,N,N,,0,,0,0,0,0,0,,1530,1,2,0,0,0,0,0,3,4,0,2,3,,N,,,,,,,,,,,
2007107074,515.0,2,0,0,0,0,0,0,0,0,1,0,,67,9,2007,7,40.0515,-75.0091,505.0,6,0,0,0,0,0,0,0,0,,0,0,0,5,3,1,1,,0,40 03:05.000,,0,75 00:32.643,8,0,0,0,67301,0,0,0,N,0,0,0,3,67301,0,,1,1,,N,N,,0,,0,0,0,3,2,,505,1,2,0,0,0,1,0,3,4,0,2,3,,N,,,,,,,,,,,
2007102296,2215.0,2,0,0,0,0,0,0,0,0,4,0,,67,8,2007,6,40.0161,-75.2104,2211.0,6,0,0,0,1,0,0,0,0,,0,0,0,22,3,3,0,,0,40 00:57.967,,7,75 12:37.598,8,0,0,0,67301,0,0,0,,0,0,0,3,67301,0,,1,1,,N,N,,0,,0,0,0,0,0,,2208,3,2,0,0,0,3,0,3,4,0,2,3,,N,,,,,,,,,,,
2007027831,2121.0,2,0,0,0,0,0,0,0,0,4,0,,67,1,2007,6,40.0233,-75.1364,2116.0,6,0,0,0,0,0,0,0,0,,0,0,0,21,3,4,5,,0,40 01:23.000,,0,75 08:12.106,3,0,0,0,67301,0,0,0,N,0,0,0,5,67301,0,,1,1,,N,N,,0,,4,0,0,3,2,,2115,4,2,0,0,0,0,1,3,4,0,2,3,,N,,,,,,,,,,,
2007027886,940.0,1,0,0,0,0,0,0,0,0,1,0,,67,1,2007,1,40.0976,-75.0188,934.0,6,0,0,1,0,0,1,0,0,,0,0,0,9,1,1,0,,0,40 05:51.219,,0,75 01:07.777,4,0,0,0,67301,0,0,0,N,0,0,0,2,67301,1,,1,9,,N,N,,0,,0,0,0,0,0,,919,1,2,0,0,0,0,0,3,4,0,2,7,,N,,,,,,,,,,,
2007027910,1812.0,0,0,0,0,0,0,0,0,0,8,0,,67,1,2007,7,40.0016,-75.1286,1809.0,6,0,0,0,0,0,0,0,0,,0,0,0,99,3,1,2,,0,40 00:05.796,,0,75 07:42.898,4,0,0,0,67301,1,0,0,N,1,0,0,2,67301,1,,1,9,,N,N,,0,,0,0,1,3,2,,9999,1,2,0,0,0,0,0,3,4,0,1,3,,N,,,,,,,,,,,
2007027953,1645.0,1,0,0,0,0,0,0,0,0,8,0,,67,2,2007,5,39.925,-75.2264,1638.0,6,0,0,0,0,0,0,0,0,,0,0,0,16,1,1,0,,0,39 55:29.982,,0,75 13:34.866,8,0,0,0,67301,1,0,0,N,1,0,0,2,67301,0,,1,1,,N,N,,0,,0,0,0,0,0,,1638,1,2,0,0,0,1,1,3,4,0,1,3,,N,,,,,,,,,,,
2007027959,2315.0,1,0,0,0,0,0,0,0,0,4,0,,67,1,2007,7,40.0557,-75.0923,2305.0,6,0,0,0,0,0,0,0,0,,0,0,0,23,3,1,0,,0,40 03:20.440,,0,75 05:32.377,4,0,0,0,67301,0,0,0,N,0,0,0,1,67301,1,,6,9,,N,N,,0,,0,0,1,0,0,,2305,1,3,0,0,0,0,0,3,4,1,3,7,,N,,,,,,,,,,,
2007112115,2345.0,1,0,0,0,0,0,0,0,0,4,0,,67,9,2007,6,40.0079,-75.1723,2340.0,6,0,0,0,0,0,0,0,0,2.0,0,0,0,99,2,0,1,,2,40 00:28.000,5.0,0,75 10:20.286,0,0,0,0,67301,0,0,0,,0,0,0,2,67301,0,,1,1,,,,,0,,0,0,0,3,2,Y,9999,0,2,0,0,0,0,0,3,4,1,2,3,,N,,,,,,,,,,,
2007023194,125.0,1,0,0,0,0,0,0,0,0,8,0,,67,1,2007,2,39.973,-75.1824,118.0,6,0,0,0,0,0,0,0,0,,0,0,0,1,3,1,0,,0,39 58:22.864,,0,75 10:56.694,3,0,0,0,67301,1,0,0,N,1,0,0,3,67301,0,,1,9,,N,N,,0,,1,0,0,0,0,,100,1,2,0,0,0,0,0,3,4,0,1,7,,N,,,,,,,,,,,
2007047336,1715.0,0,0,0,0,0,0,1,0,0,5,1,,67,2,2007,7,39.9804,-75.1822,1711.0,6,0,0,0,0,0,0,1,0,,0,0,0,17,1,7,1,,0,39 58:49.000,,0,75 10:55.936,8,0,0,0,67301,0,0,0,Y,0,0,0,8,67301,0,,1,1,,N,N,,1,,0,0,0,2,2,,1711,7,2,0,0,0,7,0,3,4,0,2,3,,N,,,,,,,,,,,
2007047339,808.0,2,0,0,0,0,0,0,0,0,4,0,,67,1,2007,4,39.9346,-75.1809,807.0,6,0,0,0,0,0,0,0,0,,0,0,0,8,1,1,1,,0,39 56:04.578,,0,75 10:51.110,8,0,0,0,67301,0,0,0,N,0,0,0,2,67301,0,,1,1,,N,N,,0,,0,0,0,3,2,,805,1,2,0,0,0,1,1,3,4,0,2,3,,N,,,,,,,,,,,
2007047500,2045.0,1,0,0,0,0,0,0,0,0,7,0,,67,2,2007,4,39.9738,-75.2582,2043.0,6,0,0,0,0,0,0,0,0,,0,0,0,20,3,1,1,,0,39 58:25.000,,0,75 15:29.678,3,0,0,0,67301,0,0,0,N,0,0,0,3,67301,0,,1,1,,N,N,,0,,1,0,0,9,2,,2043,1,1,0,0,3,0,0,3,4,0,1,3,,N,,,,,,,,,,,
2007047604,1205.0,2,0,0,0,0,0,0,0,0,4,0,,67,2,2007,4,39.9279,-75.1875,1201.0,6,0,0,0,1,0,0,0,0,,0,0,0,12,1,1,1,,0,39 55:40.490,,0,75 11:14.888,8,0,0,0,67301,0,0,0,N,0,0,0,3,67301,0,,1,1,,N,N,,0,,0,0,0,3,2,,1201,1,2,0,0,2,1,0,3,4,0,2,3,,N,,,,,,,,,,,
2007047612,2041.0,2,0,0,0,0,0,0,0,0,4,0,,67,2,2007,4,39.9932,-75.0933,2014.0,6,0,0,0,0,0,0,0,0,,0,0,0,99,3,1,2,,0,39 59:35.000,,0,75 05:35.812,4,0,0,0,67301,0,0,0,N,0,0,0,3,67301,1,,1,1,,N,N,,0,,0,0,0,3,3,,9999,1,2,0,0,0,0,0,3,4,0,2,3,,N,,,,,,,,,,,
2007047616,1555.0,2,0,0,0,0,0,0,0,0,1,0,,67,3,2007,3,40.0555,-75.0736,1548.0,6,0,0,0,0,0,0,0,0,,0,0,0,15,1,1,0,,0,40 03:19.000,,0,75 04:25.069,8,0,0,0,67301,0,0,0,N,0,0,0,4,67301,0,,1,1,,N,N,,0,,0,0,0,3,2,,1522,1,2,0,0,0,1,0,3,4,0,2,3,,N,,,,,,,,,,,
2007047619,810.0,0,0,0,0,0,0,0,0,0,1,0,,67,2,2007,3,40.0086,-75.0836,808.0,6,0,0,0,0,0,1,0,0,,0,0,0,7,1,1,0,,0,40 00:30.837,,0,75 05:01.066,4,0,0,0,67301,0,0,0,N,0,0,0,5,67301,1,,1,1,,N,N,,0,,0,0,1,0,0,,747,1,2,0,0,0,0,0,3,4,1,2,3,,N,,,,,,,,,,,
2007067646,1825.0,2,0,0,0,0,0,0,0,0,1,0,,67,5,2007,4,40.0749,-75.0792,1818.0,6,0,0,0,0,0,0,0,0,,0,0,0,18,1,1,0,,0,40 04:29.469,,0,75 04:44.966,4,0,0,0,67301,0,0,0,,0,0,0,2,67301,1,,1,9,,,,,0,,0,0,0,0,0,,1805,1,2,0,0,0,0,0,3,4,0,2,7,,N,,,,,,,,,,,
2007067858,1430.0,0,0,0,0,0,0,0,0,0,1,0,,67,5,2007,1,39.9991,-75.2309,1430.0,6,0,0,0,0,0,0,0,0,,0,0,0,14,1,0,1,,0,40 00:00.000,,0,75 13:43.546,0,0,0,0,67301,0,0,0,N,0,0,0,2,67301,0,,1,1,,N,N,,0,,0,0,2,0,0,,1425,0,2,0,0,2,0,0,3,4,0,2,3,,N,,,,,,,,,,,
2007106797,1937.0,0,0,0,0,0,0,0,0,0,8,0,,67,5,2007,1,40.0297,-75.138,1934.0,6,0,0,0,0,0,0,1,0,,0,0,0,19,1,1,0,,0,40 01:46.923,,0,75 08:16.857,8,0,0,0,67301,1,0,0,N,1,0,0,2,67301,0,,1,1,,N,N,,0,,0,0,0,0,0,,1930,1,2,0,0,0,1,0,3,4,1,1,3,,N,,,,,,,,,,,
2007109397,1820.0,3,0,0,0,0,0,0,0,0,1,0,,67,9,2007,4,40.0569,-75.1609,1812.0,6,0,0,0,0,0,0,0,0,,0,0,0,18,1,1,0,,0,40 03:24.000,,0,75 09:39.300,4,0,0,0,67301,0,0,0,N,0,0,0,8,67301,1,,1,1,,N,N,,0,,0,0,0,3,2,,1812,1,3,0,0,0,0,0,3,4,0,3,3,,N,,,,,,,,,,,
2007047789,2035.0,2,0,0,0,0,0,0,0,0,4,0,,67,3,2007,7,39.9132,-75.2433,9999.0,6,0,0,1,0,0,0,0,0,,0,0,0,20,3,2,0,,0,39 54:47.000,,0,75 14:35.841,4,0,0,0,67301,0,0,0,N,0,0,0,4,67301,2,,1,9,,N,N,,0,,0,0,0,3,2,,2030,2,2,0,0,0,0,0,3,4,0,2,7,,N,,,,,,,,,,,
2007106947,1740.0,1,0,0,0,0,0,0,0,0,8,0,,67,8,2007,3,39.9303,-75.1481,1733.0,6,0,0,0,0,0,0,0,0,,0,0,0,3,3,1,0,,0,39 55:49.101,,0,75 08:53.206,8,0,0,0,67301,1,0,0,N,1,0,0,2,67301,0,,1,9,,N,N,,0,,0,0,0,0,0,,300,1,2,0,0,0,1,1,3,4,0,1,7,,N,,,,,,,,,,,
2007107018,625.0,2,0,0,0,0,0,0,0,0,1,0,,67,9,2007,7,39.9592,-75.244,619.0,6,0,0,0,1,0,0,0,0,,0,0,0,6,1,1,0,,0,39 57:33.000,,0,75 14:38.322,8,0,0,0,67301,0,0,0,N,0,0,0,1,67301,0,,6,1,,N,N,,0,,0,0,1,0,0,,619,1,3,0,0,0,1,0,3,4,0,3,3,,N,,,,,,,,,,,
2007047991,2358.0,2,0,0,0,0,0,0,0,0,4,0,,67,3,2007,4,40.0314,-75.1401,2356.0,6,0,0,0,0,0,0,0,0,,0,0,0,23,3,1,1,,0,40 01:52.964,,0,75 08:24.406,3,0,0,0,67301,0,0,0,N,0,0,0,7,67301,0,,1,1,,N,N,,0,,1,0,0,3,3,,2343,1,2,0,0,0,0,0,3,4,0,2,3,,N,,,,,,,,,,,
2007093598,2355.0,1,0,0,0,0,0,0,0,0,1,1,,67,7,2007,4,39.9824,-75.22,2348.0,6,0,0,0,0,1,0,0,0,,0,1,0,23,3,1,3,,0,39 58:56.528,,0,75 13:12.095,3,0,0,0,67301,0,0,0,N,0,0,0,1,67301,0,,1,1,,N,N,,0,,1,0,0,9,3,,2344,1,2,0,0,1,0,0,3,4,0,2,3,,N,,,,,,,,,,,