CRN,ARRIVAL_TM,AUTOMOBILE_COUNT,BELTED_DEATH_COUNT,BELTED_SUSP_SERIOUS_INJ_COUNT,BICYCLE_COUNT,BICYCLE_DEATH_COUNT,BICYCLE_SUSP_SERIOUS_INJ_COUNT,BUS_COUNT,CHLDPAS_DEATH_COUNT,CHLDPAS_SUSP_SERIOUS_INJ_COUNT,COLLISION_TYPE,COMM_VEH_COUNT,CONS_ZONE_SPD_LIM,COUNTY,CRASH_MONTH,CRASH_YEAR,DAY_OF_WEEK,DEC_LAT,DEC_LONG,DISPATCH_TM,DISTRICT,DRIVER_COUNT_16YR,DRIVER_COUNT_17YR,DRIVER_COUNT_18YR,DRIVER_COUNT_19YR,DRIVER_COUNT_20YR,DRIVER_COUNT_50_64YR,DRIVER_COUNT_65_74YR,DRIVER_COUNT_75PLUS,EST_HRS_CLOSED,FATAL_COUNT,HEAVY_TRUCK_COUNT,HORSE_BUGGY_COUNT,HOUR_OF_DAY,ILLUMINATION,INJURY_COUNT,INTERSECT_TYPE,INTERSECTION_RELATED,LANE_CLOSED,LATITUDE,LN_CLOSE_DIR,LOCATION_TYPE,LONGITUDE,MAX_SEVERITY_LEVEL,MCYCLE_DEATH_COUNT,MCYCLE_SUSP_SERIOUS_INJ_COUNT,MOTORCYCLE_COUNT,MUNICIPALITY,NONMOTR_COUNT,NONMOTR_DEATH_COUNT,NONMOTR_SUSP_SERIOUS_INJ_COUNT,NTFY_HIWY_MAINT,PED_COUNT,PED_DEATH_COUNT,PED_SUSP_SERIOUS_INJ_COUNT,PERSON_COUNT,POLICE_AGCY,POSSIBLE_INJ_COUNT,RDWY_SURF_TYPE_CD,RELATION_TO_ROAD,ROAD_CONDITION,ROADWAY_CLEARED,SCH_BUS_IND,SCH_ZONE_IND,SECONDARY_CRASH,SMALL_TRUCK_COUNT,SPEC_JURIS_CD,SUSP_MINOR_INJ_COUNT,SUSP_SERIOUS_INJ_COUNT,SUV_COUNT,TCD_FUNC_CD,TCD_TYPE,TFC_DETOUR_IND,TIME_OF_DAY,TOT_INJ_COUNT,TOTAL_UNITS,UNB_DEATH_COUNT,UNB_SUSP_SERIOUS_INJ_COUNT,UNBELTED_OCC_COUNT,UNK_INJ_DEG_COUNT,UNK_INJ_PER_COUNT,URBAN_AREA,URBAN_RURAL,VAN_COUNT,VEHICLE_COUNT,WEATHER1,WEATHER2,WORK_ZONE_IND,WORK_ZONE_LOC,WORK_ZONE_TYPE,WORKERS_PRES,WZ_CLOSE_DETOUR,WZ_FLAGGER,WZ_LAW_OFFCR_IND,WZ_LN_CLOSURE,WZ_MOVING,WZ_OTHER,WZ_SHLDER_MDN,WZ_WORKERS_INJ_KILLED
2007109713,753.0,1,0,0,0,0,0,0,0,0,8,0,,67,9,2007,4,40.0329,-75.0864,748.0,6,0,0,0,0,0,0,0,0,,0,0,0,7,1,2,1,,0,40 01:58.486,,0,75 05:11.194,4,0,0,0,67301,2,0,0,,2,0,0,3,67301,2,,1,1,,,,,0,,0,0,0,3,2,,748,2,3,0,0,0,0,0,3,4,0,1,3,,N,,,,,,,,,,,
2007107494,1300.0,0,0,0,0,0,0,0,0,0,8,0,,67,9,2007,7,39.9309,-75.2321,1300.0,6,0,0,0,0,0,1,0,0,,0,0,0,13,1,1,0,,0,39 55:51.405,,0,75 13:55.511,8,0,0,0,67301,1,0,0,N,1,0,0,2,67301,0,,1,1,,N,N,,1,,0,0,0,3,2,,1300,1,2,0,0,0,1,0,3,4,0,1,3,,N,,,,,,,,,,,
2007048213,1658.0,0,0,0,0,0,0,1,0,0,8,1,,67,2,2007,6,39.9975,-75.1116,1650.0,6,0,0,0,0,0,0,0,0,,0,0,0,16,1,1,2,,0,39 59:50.928,,0,75 06:41.821,4,0,0,0,67301,1,0,0,N,1,0,0,2,67301,1,,1,1,,N,N,,0,,0,0,0,0,0,,1635,1,2,0,0,0,0,0,3,4,0,1,3,,N,,,,,,,,,,,
2007048271,1008.0,1,0,0,0,0,0,0,0,0,3,0,,67,2,2007,3,40.05,-75.1851,1004.0,6,0,1,0,0,0,1,0,0,,0,0,0,9,1,1,0,,0,40 03:00.123,,0,75 11:06.187,4,0,0,0,67301,0,0,0,N,0,0,0,2,67301,1,,1,1,,N,N,,0,,0,0,1,0,0,,907,1,2,0,0,2,0,0,3,4,0,2,3,,N,,,,,,,,,,,
2007048315,1429.0,2,0,0,0,0,0,0,0,0,6,0,,67,2,2007,5,40.0258,-75.1235,1428.0,6,0,0,0,0,0,0,0,0,,0,0,0,14,1,1,5,,0,40 01:32.000,,0,75 07:24.507,8,0,0,0,67301,0,0,0,N,0,0,0,2,67301,0,,1,2,,N,N,,0,,0,0,0,3,2,,1420,1,2,0,0,0,1,0,3,4,0,2,10,,N,,,,,,,,,,,
2007045757,31.0,2,0,0,0,0,0,0,0,0,4,0,,67,2,2007,3,40.0675,-75.1515,30.0,6,0,0,0,0,0,1,0,0,,0,0,0,0,3,1,1,,0,40 04:02.946,,0,75 09:05.565,3,0,0,0,67301,0,0,0,N,0,0,0,2,67301,0,,1,9,,N,N,,0,,1,0,0,3,3,,9,1,2,0,0,0,0,0,3,4,0,2,3,,N,,,,,,,,,,,
2007045759,1445.0,1,0,0,0,0,0,0,0,0,1,0,,67,2,2007,3,39.9351,-75.1636,1440.0,6,0,0,0,0,0,0,0,1,,0,0,0,14,1,1,1,,0,39 56:06.266,,0,75 09:48.783,4,0,0,0,67301,0,0,0,N,0,0,0,3,67301,1,,1,6,,N,Y,,0,,0,0,0,3,3,,1440,1,2,0,0,0,0,0,3,4,1,2,10,,N,,,,,,,,,,,
2007120954,9999.0,1,0,0,0,0,0,0,0,0,8,0,,67,10,2007,2,39.963,-75.1662,,6,0,0,0,0,0,0,0,0,,0,0,0,13,1,2,1,,0,39 57:46.000,,0,75 09:58.411,4,0,0,0,67301,2,0,0,N,2,0,0,3,67301,2,,1,1,,N,Y,,0,,0,0,0,9,2,,1300,2,3,0,0,0,0,1,3,4,0,1,3,,N,,,,,,,,,,,
2007120592,1654.0,2,0,0,0,0,0,0,0,0,1,0,,67,10,2007,2,40.0682,-75.1805,1653.0,6,0,0,0,0,0,0,0,0,,0,0,0,16,1,1,2,,0,40 04:05.000,,0,75 10:49.929,4,0,0,0,67301,0,0,0,N,0,0,0,5,67301,1,,1,1,,N,N,,0,,0,0,0,0,0,,1653,1,2,0,0,0,0,0,3,4,0,2,3,,N,,,,,,,,,,,
2007120676,2221.0,2,0,0,0,0,0,0,0,0,1,0,,67,10,2007,6,40.0331,-75.1069,2221.0,6,0,0,0,0,0,0,0,0,,0,0,0,22,3,1,0,,0,40 01:59.005,,0,75 06:24.825,8,0,0,0,67301,0,0,0,N,0,0,0,1,67301,0,,1,1,,N,N,,0,,0,0,0,0,0,,2214,1,2,0,0,1,1,0,3,4,0,2,3,,N,,,,,,,,,,,
2007120688,546.0,2,0,0,0,0,0,0,0,0,4,0,,67,10,2007,3,40.0348,-75.0871,536.0,6,0,0,0,0,0,0,0,0,,0,0,0,5,5,1,1,,0,40 02:05.000,,0,75 05:13.670,8,0,0,0,67301,0,0,0,N,0,0,0,3,67301,0,,1,1,,N,N,,0,,0,0,0,3,2,,530,1,2,0,0,0,1,0,3,4,0,2,3,,N,,,,,,,,,,,
2007120695,635.0,0,0,0,0,0,0,1,0,0,8,1,,67,10,2007,3,40.0271,-75.0755,634.0,6,0,0,0,0,0,0,0,0,,0,0,0,6,5,1,1,,0,40 01:37.000,,0,75 04:31.962,8,0,0,0,67301,1,0,0,,1,0,0,2,67301,0,,1,1,,,,,0,,0,0,0,3,1,,629,1,2,0,0,0,1,0,3,4,0,1,3,,N,,,,,,,,,,,
2007120729,1625.0,1,0,0,1,0,0,0,0,0,5,0,,67,10,2007,3,39.9517,-75.1828,1616.0,6,0,0,0,0,0,1,0,0,,0,0,0,16,1,1,1,,0,39 57:05.000,,3,75 10:57.149,4,0,0,0,67301,1,0,0,N,0,0,0,4,67301,1,,1,1,,N,N,,0,,0,0,1,3,2,,1609,1,3,0,0,0,0,0,3,4,0,2,3,,N,,,,,,,,,,,
2007123200,2000.0,4,0,0,0,0,0,0,0,0,1,0,,67,10,2007,6,40.0083,-75.2033,1959.0,6,0,0,0,0,0,0,0,0,1.0,0,0,0,19,3,1,0,,1,40 00:30.000,3.0,0,75 12:13.017,8,0,0,0,67301,0,0,0,N,0,0,0,4,68K01,0,,1,9,,N,N,,0,,0,0,0,0,0,N,1955,1,4,0,0,0,1,0,3,4,0,4,7,,N,,,,,,,,,,,
2007027836,1840.0,2,0,0,0,0,0,0,0,0,6,0,,67,1,2007,5,39.9808,-75.1854,1834.0,6,0,0,0,0,0,0,0,1,9.0,0,0,0,99,3,1,5,,2,39 58:50.937,6.0,0,75 11:07.616,8,0,0,0,67301,0,0,0,N,0,0,0,2,67301,0,,1,2,,N,N,,0,,0,0,0,0,0,Y,9999,1,2,0,0,0,1,0,3,4,0,2,7,,N,,,,,,,,,,,
2007028528,205.0,2,0,0,0,0,0,0,0,0,5,0,,67,1,2007,4,40.0448,-75.1638,159.0,6,0,0,0,0,0,0,0,0,,0,0,0,1,3,0,1,,0,40 02:41.000,,0,75 09:49.612,0,0,0,0,67301,0,0,0,N,0,0,0,3,67301,0,,1,1,,N,N,,0,,0,0,0,0,0,,159,0,2,0,0,0,0,0,3,4,0,2,3,,N,,,,,,,,,,,
2007027898,935.0,0,0,0,0,0,0,0,0,0,8,0,,67,1,2007,6,40.0208,-75.1183,930.0,6,0,0,0,0,0,0,0,0,,0,0,0,9,1,1,1,,0,40 01:14.970,,0,75 07:05.771,4,0,0,0,67301,1,0,0,N,1,0,0,2,67301,1,,1,1,,N,N,,1,,0,0,0,3,2,,930,1,2,0,0,0,0,0,3,4,0,1,3,,N,,,,,,,,,,,
2007117202,1532.0,1,0,0,0,0,0,0,0,0,8,0,,67,10,2007,3,39.9676,-75.2205,1530.0,6,0,1,0,0,0,0,0,0,,0,0,0,10,1,1,1,,0,39 58:03.248,,0,75 13:13.843,4,0,0,0,67301,1,0,0,,1,0,0,2,67301,1,,1,1,,,,,0,,0,0,0,0,0,,1029,1,2,0,0,0,0,0,3,4,0,1,3,,N,,,,,,,,,,,
2007027969,1123.0,0,0,0,0,0,0,0,0,0,4,0,,67,1,2007,6,39.9412,-75.2108,1120.0,6,0,0,0,0,0,1,0,0,,0,0,0,10,1,0,1,,0,39 56:28.000,,0,75 12:38.731,0,0,0,0,67301,0,0,0,N,0,0,0,2,67301,0,,1,9,,N,N,,1,,0,0,0,3,2,,1035,0,2,0,0,0,0,0,3,4,0,1,7,,N,,,,,,,,,,,
2007112117,1600.0,0,0,0,0,0,0,1,0,0,5,1,,67,9,2007,3,40.0096,-75.1489,1547.0,6,0,0,0,0,0,0,0,0,,0,0,0,99,1,1,0,,0,40 00:34.712,,0,75 08:56.024,4,0,0,0,67301,2,0,0,N,0,0,0,3,67301,1,,1,1,,Y,N,,1,,0,0,0,0,0,,9999,1,2,0,0,0,0,0,3,4,0,2,3,,N,,,,,,,,,,,
2007112118,1052.0,0,0,0,0,0,0,0,0,0,7,0,,67,9,2007,7,40.0187,-75.0636,1050.0,6,0,0,0,0,1,0,0,0,,0,0,0,10,1,1,0,,0,40 01:07.000,,0,75 03:49.076,3,0,0,0,67301,0,0,0,N,0,0,0,1,67301,0,,5,9,,N,N,,0,,1,0,1,0,0,,1050,1,1,0,0,0,0,0,3,4,0,1,7,,N,,,,,,,,,,,
2007047269,1402.0,2,0,0,0,0,0,0,0,0,2,0,,67,3,2007,1,39.9424,-75.2191,1358.0,6,0,0,0,0,0,0,0,1,,0,0,0,13,1,1,1,,0,39 56:32.000,,0,75 13:08.704,3,0,0,0,67301,0,0,0,N,0,0,0,2,67301,0,,1,9,,N,N,,0,,1,0,0,3,2,,1350,1,2,0,0,0,0,0,3,4,0,2,3,,N,,,,,,,,,,,
2007047285,46.0,3,0,0,0,0,0,0,0,0,5,0,,67,3,2007,1,39.9839,-75.2187,40.0,6,0,0,0,0,0,0,0,0,,0,0,0,0,3,1,0,,0,39 59:02.168,,0,75 13:07.474,4,0,0,0,67301,0,0,0,Y,0,0,0,4,67301,1,,1,2,,N,N,,0,,0,0,0,0,0,,37,1,3,0,0,0,0,2,3,4,0,3,3,,N,,,,,,,,,,,
2007047327,2031.0,1,0,0,0,0,0,0,0,0,8,0,,67,2,2007,3,39.9426,-75.157,2029.0,6,0,0,0,0,0,1,0,0,,0,0,0,20,3,1,1,,0,39 56:33.363,,0,75 09:25.365,4,0,0,0,67301,1,0,0,N,1,0,0,2,67301,1,,1,1,,N,N,,0,,0,0,0,3,2,,2029,1,2,0,0,0,0,0,3,4,0,1,3,,N,,,,,,,,,,,
2007047552,525.0,1,0,0,0,0,0,0,0,0,8,0,,67,3,2007,1,40.0235,-75.1717,920.0,6,0,0,0,0,0,0,0,0,,0,0,0,99,3,1,1,,0,40 01:24.628,,0,75 10:17.986,4,0,0,0,67301,1,0,0,N,1,0,0,2,67301,1,,1,1,,N,N,,0,,0,0,0,3,3,,9999,1,2,0,0,0,0,1,3,4,0,1,3,,N,,,,,,,,,,,
2007047613,1132.0,2,0,0,0,0,0,0,0,0,1,0,,67,2,2007,7,39.9898,-75.1039,1130.0,6,0,0,0,0,0,0,0,0,,0,0,0,11,1,3,1,,0,39 59:23.000,,0,75 06:13.986,8,0,0,0,67301,0,0,0,N,0,0,0,4,67301,0,,1,1,,N,N,,0,,0,0,0,3,2,,1100,3,2,0,0,0,3,1,3,4,0,2,3,,N,,,,,,,,,,,
2007047717,2054.0,2,0,0,0,0,0,0,0,0,4,0,,67,3,2007,4,40.0808,-75.0286,2047.0,6,0,0,1,0,0,1,0,0,,0,0,0,20,3,4,1,,0,40 04:50.000,,0,75 01:43.036,4,0,0,0,67301,0,0,0,N,0,0,0,4,67301,4,,1,1,,N,N,,1,,0,0,0,3,2,,2047,4,3,0,0,0,0,0,3,4,0,3,3,,N,,,,,,,,,,,
2007047725,22.0,2,0,0,0,0,0,0,0,0,4,0,,67,2,2007,1,39.9695,-75.2254,22.0,6,0,0,0,0,0,1,0,0,,0,0,0,0,3,2,1,,0,39 58:10.000,,0,75 13:31.337,4,0,0,0,67301,0,0,0,N,0,0,0,5,67301,2,,1,6,,N,N,,0,,0,0,0,3,2,,22,2,2,0,0,0,0,1,3,4,0,2,3,,N,,,,,,,,,,,
2007067843,1048.0,1,0,0,1,0,0,0,0,0,4,0,,67,5,2007,7,39.9858,-75.2157,1044.0,6,0,0,0,0,0,0,0,0,,0,0,0,10,1,1,1,,0,39 59:08.000,,0,75 12:56.540,3,0,0,0,67301,1,0,0,N,0,0,0,2,67301,0,,1,1,,N,N,,0,,1,0,0,3,2,,1040,1,2,0,0,0,0,0,3,4,0,1,3,,N,,,,,,,,,,,
2007047825,1140.0,2,0,0,0,0,0,0,0,0,4,0,,67,2,2007,7,39.9902,-75.1737,1140.0,6,0,0,0,0,0,1,0,0,2.0,0,0,0,11,1,1,2,,2,39 59:24.000,1.0,0,75 10:25.157,4,0,0,0,67301,0,0,0,N,0,0,0,6,67301,1,,1,9,,N,N,,0,,0,0,0,3,2,Y,1140,1,3,0,0,3,0,0,3,4,1,3,3,,N,,,,,,,,,,,
2007047838,1338.0,2,0,0,0,0,0,0,0,0,4,0,,67,3,2007,4,39.9547,-75.1495,1334.0,6,0,0,0,0,0,2,0,0,1.0,0,0,0,13,1,1,1,,1,39 57:16.000,2.0,0,75 08:58.276,4,0,0,0,67301,0,0,0,N,0,0,0,2,67301,1,,1,9,,N,N,,0,,0,0,0,3,2,N,1325,1,2,0,0,1,0,0,3,4,0,2,10,,N,,,,,,,,,,,
2007047871,457.0,1,0,0,0,0,0,0,0,0,4,1,,67,2,2007,4,39.9169,-75.216,453.0,6,0,0,0,0,1,1,0,0,,0,1,0,4,3,0,2,,0,39 55:00.000,,0,75 12:57.138,0,0,0,0,67301,0,0,0,,0,0,0,2,67301,0,,1,2,,,,,0,,0,0,0,3,2,,453,0,2,0,0,0,0,0,3,4,0,2,10,,N,,,,,,,,,,,
2007058121,1820.0,1,0,0,0,0,0,0,0,0,7,0,,67,4,2007,7,39.8937,-75.2104,1812.0,6,0,0,0,0,1,0,0,0,,0,0,0,18,1,0,10,,0,39 53:37.176,,0,75 12:37.609,0,0,0,0,67301,0,0,0,N,0,0,0,1,67301,0,,2,1,,N,N,,0,,0,0,0,0,0,,1807,0,2,0,0,0,0,0,3,4,0,1,3,,N,,,,,,,,,,,
2007047901,1200.0,2,0,0,0,0,0,0,0,0,2,0,,67,2,2007,7,40.0233,-75.1258,1144.0,6,0,0,0,0,0,0,0,0,,0,0,0,0,3,3,1,,0,40 01:23.930,,0,75 07:32.757,4,0,0,0,67301,0,0,0,N,0,0,0,3,67301,2,,1,1,,N,N,,0,,0,0,0,3,3,,11,3,2,0,0,1,1,0,3,4,0,2,3,,N,,,,,,,,,,,
2007048206,1742.0,1,0,0,0,0,0,0,0,0,4,0,,67,2,2007,1,39.9607,-75.237,1741.0,6,0,0,0,0,1,0,0,0,,0,0,0,17,3,3,2,,0,39 57:38.541,,0,75 14:13.174,4,0,0,0,67301,0,0,0,N,0,0,0,3,67301,1,,1,1,,N,N,,1,,0,0,0,3,3,,1740,3,2,0,0,0,2,0,3,4,0,2,3,,N,,,,,,,,,,,
2007093452,2.0,2,0,0,0,0,0,0,0,0,1,0,,67,7,2007,4,39.9591,-75.1703,2349.0,6,0,0,0,0,0,1,0,0,,0,0,0,23,3,1,1,,0,39 57:32.000,,0,75 10:12.906,8,0,0,0,67301,0,0,0,N,0,0,0,2,67301,0,,1,9,,N,N,,0,,0,0,0,9,2,,2349,1,2,0,0,0,1,0,3,4,0,2,7,,N,,,,,,,,,,,
2007127653,1400.0,1,0,0,0,0,0,0,0,0,4,0,,67,10,2007,3,39.9763,-75.1394,1400.0,6,0,0,0,0,0,0,0,0,,0,0,0,13,1,2,1,,0,39 58:34.842,,0,75 08:21.879,4,0,0,0,67301,0,0,0,N,0,0,0,4,67301,2,,1,1,,N,N,,0,,0,0,1,3,3,,1355,2,2,0,0,0,0,0,3,4,0,2,3,,N,,,,,,,,,,,
2007127664,1735.0,2,0,0,0,0,0,0,0,0,4,0,,67,10,2007,4,40.0005,-75.1196,1733.0,6,0,0,0,0,0,0,0,0,,0,0,0,17,1,4,2,,0,40 00:01.684,,0,75 07:10.714,4,0,0,0,67301,0,0,0,N,0,0,0,7,67301,4,,1,1,,N,N,,0,,0,0,0,3,3,,1729,4,2,0,0,0,0,0,3,4,0,2,3,,N,,,,,,,,,,,
2007107481,851.0,2,0,0,0,0,0,0,0,0,4,0,,67,9,2007,6,40.0677,-75.183,849.0,6,0,0,0,0,0,0,0,1,,0,0,0,8,1,2,1,,0,40 04:03.000,,0,75 10:58.719,4,0,0,0,67301,0,0,0,N,0,0,0,3,67301,2,,1,1,,N,N,,0,,0,0,0,3,3,,830,2,2,0,0,0,0,0,3,4,0,2,3,,N,,,,,,,,,,,
2007048304,1141.0,2,0,0,0,0,0,0,0,0,4,0,,67,2,2007,6,39.9745,-75.1589,1139.0,6,0,0,0,1,0,1,0,0,1.0,0,0,0,99,1,2,1,,1,39 58:28.000,2.0,0,75 09:31.848,8,0,0,0,67301,0,0,0,N,0,0,0,2,67301,0,,1,1,,N,N,,0,,0,0,0,3,2,Y,9999,2,2,0,0,0,2,0,3,4,0,2,3,,N,,,,,,,,,,,
2007048330,1815.0,1,0,0,0,0,0,0,0,0,5,0,,67,3,2007,2,39.9918,-75.1383,1814.0,6,0,0,0,0,0,0,0,0,9.0,0,0,0,18,4,0,1,,1,39 59:30.000,3.0,0,75 08:17.967,0,0,0,0,67301,0,0,0,N,0,0,0,2,67301,0,,5,1,,N,N,,1,,0,0,0,3,2,N,1814,0,2,0,0,0,0,0,3,4,0,2,3,,N,,,,,,,,,,,
2007045724,900.0,1,0,0,0,0,0,0,0,0,8,0,,67,2,2007,6,39.954,-75.2212,845.0,6,0,0,0,0,0,0,0,0,,0,0,0,8,1,1,0,,0,39 57:14.396,,0,75 13:16.438,8,0,0,0,67301,1,0,0,N,1,0,0,3,67301,0,,1,1,,N,N,,0,,0,0,0,3,2,,840,1,2,0,0,0,1,0,3,4,0,1,3,,N,,,,,,,,,,,
2007046181,1552.0,2,0,0,0,0,0,0,0,0,4,0,,67,2,2007,1,39.9383,-75.1986,1545.0,6,0,0,0,0,0,0,0,0,,0,0,0,15,1,1,5,,0,39 56:20.000,,0,75 11:53.844,8,0,0,0,67301,0,0,0,N,0,0,0,4,67301,0,,1,1,,N,N,,0,,0,0,1,0,0,,1530,1,3,0,0,0,1,1,3,4,0,3,3,,N,,,,,,,,,,,
2008007253,9999.0,1,0,0,0,0,0,0,0,0,8,0,,67,11,2007,4,39.914,-75.1698,,6,0,0,0,0,0,0,0,1,,0,0,0,0,6,1,1,,0,39 54:50.374,,0,75 10:11.283,8,0,0,0,67301,1,0,0,N,1,0,0,2,67301,0,,1,1,,N,N,,0,,0,0,0,3,3,,6,1,2,0,0,0,1,0,3,4,0,1,3,,N,,,,,,,,,,,
2008004910,1958.0,1,0,0,0,0,0,0,0,0,8,0,,67,11,2007,4,40.0233,-75.179,1956.0,6,0,0,0,0,0,0,0,1,,0,0,0,19,3,1,1,,0,40 01:24.000,,0,75 10:44.495,8,0,0,0,67301,1,0,0,,1,0,0,2,67301,0,,1,9,,N,N,,0,,0,0,0,3,2,,1947,1,2,0,0,0,1,0,3,4,0,1,3,,N,,,,,,,,,,,
2008004920,1405.0,2,0,0,0,0,0,0,0,0,1,0,,67,11,2007,2,40.0315,-75.1533,1400.0,6,0,0,0,0,0,0,0,0,,0,0,0,14,1,1,0,,0,40 01:53.403,,0,75 09:12.031,4,0,0,0,67301,0,0,0,N,0,0,0,2,67301,1,,1,9,,N,N,,0,,0,0,0,0,0,,1400,1,2,0,0,0,0,1,3,4,0,2,7,,N,,,,,,,,,,,
2008005209,1456.0,1,0,0,0,0,0,0,0,0,4,0,,67,11,2007,3,40.0868,-74.9718,1454.0,6,0,0,0,0,0,0,0,1,,0,0,0,14,1,1,1,,0,40 05:12.000,,0,74 58:18.772,8,0,0,0,67301,0,0,0,N,0,0,0,2,67301,0,,1,1,,N,N,,0,,0,0,1,3,2,,1450,1,2,0,0,0,1,1,3,4,0,2,3,,N,,,,,,,,,,,
2008002533,1703.0,1,0,0,0,0,0,0,0,0,1,0,,67,10,2007,2,39.9453,-75.1904,1651.0,6,0,0,0,0,0,0,0,0,,0,1,0,16,1,0,6,,0,39 56:43.000,,2,75 11:25.410,0,0,0,0,67301,0,0,0,N,0,0,0,3,68K01,0,,1,1,,N,N,,0,,0,0,0,3,4,,1648,0,2,0,0,0,0,0,3,4,0,2,3,,N,,,,,,,,,,,
2008000876,902.0,2,0,0,0,0,0,0,0,0,1,0,,67,10,2007,2,,,902.0,6,0,0,0,0,0,1,0,0,,0,0,0,9,1,0,0,,0,,,0,,0,0,0,0,67301,0,0,0,N,0,0,0,3,67501,0,,1,1,,N,N,,0,,0,0,0,3,8,,902,0,2,0,0,0,0,0,3,3,0,2,3,,N,,,,,,,,,,,
2008016094,1611.0,2,0,0,0,0,0,0,0,0,4,0,,67,12,2007,6,40.0352,-75.1455,1606.0,6,0,0,0,0,0,1,0,0,,0,0,0,16,4,1,1,,0,40 02:06.000,,0,75 08:43.671,4,0,0,0,67301,0,0,0,N,0,0,0,3,67301,1,,1,9,,N,N,,0,,0,0,0,3,2,,1600,1,2,0,0,0,0,0,3,4,0,2,7,,N,,,,,,,,,,,
2008018188,1917.0,0,0,0,0,0,0,0,0,0,4,0,,67,11,2007,5,40.0559,-75.127,1906.0,6,0,0,0,0,0,0,1,0,,0,0,0,99,3,0,1,,0,40 03:21.000,,0,75 07:37.088,0,0,0,0,67301,0,0,0,N,0,0,0,4,67301,0,,3,1,,N,N,,0,,0,0,2,3,2,,9999,0,2,0,0,0,0,0,3,4,0,2,3,,N,,,,,,,,,,,
2007097487,1620.0,1,0,0,0,0,0,0,0,0,8,0,,67,8,2007,4,39.9524,-75.1549,1616.0,6,0,0,0,0,0,0,0,0,,0,0,0,99,1,1,2,,0,39 57:08.535,,0,75 09:17.776,4,0,0,0,67301,1,0,0,N,1,0,0,2,67301,1,,1,1,,N,N,,0,,0,0,0,2,3,,9999,1,2,0,0,0,0,0,3,4,0,1,3,,N,,,,,,,,,,,
2007092408,1240.0,1,0,0,0,0,0,0,0,0,1,0,,67,6,2007,6,40.0598,-75.2382,1235.0,6,0,0,0,0,0,0,0,0,,0,0,0,12,1,2,1,,0,40 03:33.000,,0,75 14:16.457,4,0,0,0,67301,0,0,0,,0,0,0,2,67301,2,,1,1,,N,N,,1,,0,0,0,3,2,,1230,2,2,0,0,0,0,0,3,4,0,2,3,,N,,,,,,,,,,,
2007120526,944.0,2,0,0,0,0,0,0,0,0,1,0,,67,10,2007,4,40.0272,-75.1512,944.0,6,0,0,0,0,0,0,0,0,,0,0,0,99,1,1,1,,0,40 01:37.801,,0,75 09:04.478,8,0,0,0,67301,0,0,0,N,0,0,0,4,67301,0,,1,1,,N,N,,0,,0,0,0,3,2,,9999,1,2,0,0,0,1,0,3,4,0,2,3,,N,,,,,,,,,,,
2007120660,1945.0,2,0,0,0,0,0,0,0,0,4,0,,67,10,2007,6,39.9765,-75.1196,1943.0,6,0,0,0,0,0,0,0,0,1.0,0,0,0,99,3,1,0,,1,39 58:42.000,1.0,0,75 07:07.610,4,0,0,0,67301,0,0,0,N,0,0,0,6,67301,1,,1,1,,N,N,,0,,0,0,0,0,0,N,9999,1,2,0,0,0,0,0,3,4,0,2,3,,N,,,,,,,,,,,
2007109650,1128.0,1,0,0,1,0,0,0,0,0,8,0,,67,9,2007,6,40.1065,-75.0301,1124.0,6,0,0,0,0,0,0,0,0,,0,0,0,99,1,1,2,,0,40 06:23.000,,0,75 01:48.354,4,0,0,0,67301,1,0,0,N,0,0,0,2,67301,1,,9,1,,N,N,,0,,0,0,0,3,3,,9999,1,2,0,0,0,0,0,3,4,0,1,3,,N,,,,,,,,,,,
2007120708,1638.0,2,0,0,0,0,0,1,0,0,1,1,,67,10,2007,2,39.9866,-75.0944,1636.0,6,0,0,0,0,0,1,0,0,,0,0,0,15,1,0,1,,0,39 59:11.000,,0,75 05:39.698,0,0,0,0,67301,0,0,0,N,0,0,0,3,67301,0,,1,1,,N,N,,0,,0,0,0,3,3,,1514,0,3,0,0,1,0,0,3,4,0,3,3,,N,,,,,,,,,,,
2007120728,1745.0,1,0,0,0,0,0,0,0,0,6,0,,67,10,2007,4,39.958,-75.2273,1729.0,6,0,0,0,1,0,1,0,0,,0,0,0,17,1,2,1,,0,39 57:28.627,,0,75 13:38.423,8,0,0,0,67301,0,0,0,N,0,0,0,3,67301,0,,1,1,,N,N,,0,,0,0,0,0,0,,1722,2,2,0,0,1,2,0,3,4,1,2,3,,N,,,,,,,,,,,
2007028332,655.0,1,0,0,0,0,0,1,0,0,4,1,,67,1,2007,3,39.9842,-75.1249,640.0,6,0,0,0,0,0,1,0,0,,0,0,0,6,1,0,5,,0,39 59:03.000,,0,75 07:29.731,9,0,0,0,67301,0,0,0,N,0,0,0,3,67301,0,,1,1,,Y,N,,0,,0,0,0,9,3,,640,0,2,0,0,0,0,2,3,4,0,2,3,,N,,,,,,,,,,,
2007027817,255.0,2,0,0,0,0,0,0,0,0,1,0,,67,1,2007,2,40.0347,-75.1414,243.0,6,0,0,0,0,0,0,0,0,,0,0,0,2,3,1,0,,0,40 02:04.969,,0,75 08:29.182,8,0,0,0,67301,0,0,0,N,0,0,0,1,67301,0,,2,9,,N,N,,0,,0,0,0,0,0,,243,1,2,0,0,0,1,0,3,4,0,2,7,,N,,,,,,,,,,,