CRN,ARRIVAL_TM,AUTOMOBILE_COUNT,BELTED_DEATH_COUNT,BELTED_SUSP_SERIOUS_INJ_COUNT,BICYCLE_COUNT,BICYCLE_DEATH_COUNT,BICYCLE_SUSP_SERIOUS_INJ_COUNT,BUS_COUNT,CHLDPAS_DEATH_COUNT,CHLDPAS_SUSP_SERIOUS_INJ_COUNT,COLLISION_TYPE,COMM_VEH_COUNT,CONS_ZONE_SPD_LIM,COUNTY,CRASH_MONTH,CRASH_YEAR,DAY_OF_WEEK,DEC_LAT,DEC_LONG,DISPATCH_TM,DISTRICT,DRIVER_COUNT_16YR,DRIVER_COUNT_17YR,DRIVER_COUNT_18YR,DRIVER_COUNT_19YR,DRIVER_COUNT_20YR,DRIVER_COUNT_50_64YR,DRIVER_COUNT_65_74YR,DRIVER_COUNT_75PLUS,EST_HRS_CLOSED,FATAL_COUNT,HEAVY_TRUCK_COUNT,HORSE_BUGGY_COUNT,HOUR_OF_DAY,ILLUMINATION,INJURY_COUNT,INTERSECT_TYPE,INTERSECTION_RELATED,LANE_CLOSED,LATITUDE,LN_CLOSE_DIR,LOCATION_TYPE,LONGITUDE,MAX_SEVERITY_LEVEL,MCYCLE_DEATH_COUNT,MCYCLE_SUSP_SERIOUS_INJ_COUNT,MOTORCYCLE_COUNT,MUNICIPALITY,NONMOTR_COUNT,NONMOTR_DEATH_COUNT,NONMOTR_SUSP_SERIOUS_INJ_COUNT,NTFY_HIWY_MAINT,PED_COUNT,PED_DEATH_COUNT,PED_SUSP_SERIOUS_INJ_COUNT,PERSON_COUNT,POLICE_AGCY,POSSIBLE_INJ_COUNT,RDWY_SURF_TYPE_CD,RELATION_TO_ROAD,ROAD_CONDITION,ROADWAY_CLEARED,SCH_BUS_IND,SCH_ZONE_IND,SECONDARY_CRASH,SMALL_TRUCK_COUNT,SPEC_JURIS_CD,SUSP_MINOR_INJ_COUNT,SUSP_SERIOUS_INJ_COUNT,SUV_COUNT,TCD_FUNC_CD,TCD_TYPE,TFC_DETOUR_IND,TIME_OF_DAY,TOT_INJ_COUNT,TOTAL_UNITS,UNB_DEATH_COUNT,UNB_SUSP_SERIOUS_INJ_COUNT,UNBELTED_OCC_COUNT,UNK_INJ_DEG_COUNT,UNK_INJ_PER_COUNT,URBAN_AREA,URBAN_RURAL,VAN_COUNT,VEHICLE_COUNT,WEATHER1,WEATHER2,WORK_ZONE_IND,WORK_ZONE_LOC,WORK_ZONE_TYPE,WORKERS_PRES,WZ_CLOSE_DETOUR,WZ_FLAGGER,WZ_LAW_OFFCR_IND,WZ_LN_CLOSURE,WZ_MOVING,WZ_OTHER,WZ_SHLDER_MDN,WZ_WORKERS_INJ_KILLED
2007027835,1839.0,2,0,0,0,0,0,0,0,0,6,0,,67,1,2007,5,39.9808,-75.1854,1834.0,6,0,0,0,0,0,0,0,0,9.0,0,0,0,99,3,2,5,,2,39 58:50.937,3.0,0,75 11:07.616,3,0,0,0,67301,0,0,0,N,0,0,0,3,67301,0,,1,2,,N,N,,0,,2,0,0,0,0,Y,9999,2,2,0,0,1,0,0,3,4,0,2,7,,N,,,,,,,,,,,
2007025830,2012.0,1,0,0,0,0,0,0,0,0,7,0,,67,2,2007,5,39.9081,-75.156,2009.0,6,0,0,1,0,0,0,0,0,,0,0,0,20,3,1,3,,0,39 54:29.188,,2,75 09:21.587,8,0,0,0,67301,0,0,0,N,0,0,0,4,67501,0,,3,1,,N,N,,0,,0,0,0,0,0,,2009,1,1,0,0,0,1,0,3,4,0,1,3,,N,,,,,,,,,,,
2007047337,1517.0,1,0,0,0,0,0,0,0,0,8,0,,67,2,2007,5,39.9228,-75.1481,1514.0,6,0,0,0,0,0,0,0,0,2.0,0,0,0,15,1,1,1,,2,39 55:22.112,2.0,0,75 08:53.185,4,0,0,0,67301,1,0,0,N,1,0,0,2,67301,1,,1,1,,N,N,,0,,0,0,0,3,3,Y,1509,1,2,0,0,0,0,0,3,4,0,1,3,,N,,,,,,,,,,,
2007047543,917.0,2,0,0,0,0,0,0,0,0,4,0,,67,2,2007,4,39.9753,-75.2315,858.0,6,0,0,0,0,0,0,0,0,,0,0,0,8,1,1,1,,0,39 58:31.130,,0,75 13:53.500,4,0,0,0,67301,0,0,0,N,0,0,0,2,67301,1,,1,2,,N,N,,0,,0,0,0,3,3,,843,1,2,0,0,1,0,1,3,4,0,2,99,,N,,,,,,,,,,,
2007047549,2211.0,1,0,0,0,0,0,0,0,0,7,0,,67,2,2007,7,40.0306,-75.0441,2209.0,6,0,0,1,0,0,0,0,0,,0,0,0,22,3,2,0,,0,40 01:50.302,,0,75 02:38.906,2,0,0,0,67301,0,0,0,N,0,0,0,2,67301,0,,5,2,,N,N,,0,,0,1,0,0,0,,2209,2,1,0,0,0,1,0,3,4,0,1,10,,N,,,,,,,,,,,
2007047600,846.0,1,0,0,0,0,0,0,0,0,5,0,,67,3,2007,6,40.017,-75.1883,816.0,6,0,0,0,0,0,0,0,0,,0,0,0,8,1,1,1,,0,40 01:01.000,,0,75 11:17.958,8,0,0,0,67301,0,0,0,N,0,0,0,2,67301,0,,1,1,,N,N,,1,,0,0,0,3,2,,814,1,2,0,0,0,1,0,3,4,0,2,3,,N,,,,,,,,,,,
2007047624,912.0,2,0,0,0,0,0,0,0,0,4,0,,67,3,2007,2,40.0464,-75.09,906.0,6,0,0,0,0,0,0,0,0,,0,0,0,9,1,3,0,,0,40 02:47.135,,0,75 05:23.839,8,0,0,0,67301,0,0,0,N,0,0,0,4,67301,0,,1,1,,N,N,,0,,0,0,0,0,0,,900,3,2,0,0,0,3,0,3,4,0,2,3,,N,,,,,,,,,,,
2007047646,1634.0,1,0,0,0,0,0,0,0,0,4,0,,67,3,2007,5,40.0326,-75.1409,1629.0,6,0,0,0,0,0,0,1,0,,0,0,0,16,3,1,0,,0,40 01:57.399,,0,75 08:27.099,8,0,0,0,67301,0,0,0,N,0,0,0,2,67301,0,,6,1,,N,N,,1,,0,0,0,0,0,,1626,1,3,0,0,0,1,0,3,4,1,3,3,,N,,,,,,,,,,,
2007067635,2030.0,1,0,0,0,0,0,0,0,0,8,0,,67,5,2007,2,40.0403,-75.0584,2000.0,6,0,0,0,0,0,0,0,0,,0,0,0,20,3,1,1,,0,40 02:24.000,,0,75 03:30.268,3,0,0,0,67301,1,0,0,N,1,0,0,2,67301,0,,1,1,,N,N,,0,,1,0,0,3,2,,2000,1,2,0,0,0,0,1,3,4,0,1,3,,N,,,,,,,,,,,
2007067656,1637.0,1,0,0,0,0,0,0,0,0,4,0,,67,5,2007,2,40.0496,-75.1466,1634.0,6,0,0,0,0,0,0,0,0,,0,0,0,16,1,1,0,,0,40 02:58.000,,0,75 08:47.857,4,0,0,0,67301,1,0,0,N,1,0,0,2,67301,1,,1,9,,N,N,,0,,0,0,0,0,0,,1632,1,2,0,0,0,0,0,3,4,0,1,3,,N,,,,,,,,,,,
2007067663,1659.0,0,0,0,0,0,0,0,0,0,2,0,,67,5,2007,4,40.0647,-74.9823,1654.0,6,0,0,0,0,0,0,0,1,,0,0,0,16,1,1,1,,0,40 03:52.000,,0,74 58:56.122,4,0,0,1,67301,0,0,0,,0,0,0,2,67301,1,,1,1,,N,N,,1,,0,0,0,3,2,,1650,1,2,0,0,0,0,0,3,4,0,2,3,,N,,,,,,,,,,,
2007106802,2300.0,3,0,0,0,0,0,0,0,0,1,0,,67,6,2007,2,39.9334,-75.2232,2248.0,6,0,0,0,1,0,1,0,0,,0,0,0,22,3,1,1,,0,39 56:00.337,,0,75 13:23.656,3,0,0,0,67301,0,0,0,N,0,0,0,5,67301,0,,1,1,,N,N,,1,,1,0,0,3,2,,2240,1,4,0,0,0,0,0,3,4,0,4,3,,N,,,,,,,,,,,
2007106804,1705.0,1,0,0,0,0,0,0,0,0,6,0,,67,9,2007,6,39.9663,-75.2501,1702.0,6,0,0,0,0,0,0,0,0,,0,0,0,17,1,1,2,,0,39 57:58.633,,0,75 15:00.431,4,0,0,1,67301,0,0,0,N,0,0,0,2,67301,1,,1,1,,N,N,,0,,0,0,0,9,3,,1700,1,2,0,0,1,0,0,3,4,0,2,3,,N,,,,,,,,,,,
2007106816,1915.0,1,0,0,1,0,0,0,0,0,4,0,,67,8,2007,3,39.92,-75.2254,1859.0,6,0,0,0,0,1,0,0,0,,0,0,0,99,1,1,1,,0,39 55:12.021,,0,75 13:31.598,4,0,0,0,67301,1,0,0,,0,0,0,2,67301,1,,1,1,,,,,0,,0,0,0,0,0,,9999,1,2,0,0,1,0,0,3,4,0,1,3,,N,,,,,,,,,,,
2007109395,817.0,1,0,0,0,0,0,1,0,0,1,1,,67,9,2007,3,39.9234,-75.2224,817.0,6,0,0,0,0,0,0,0,0,,0,0,0,8,1,0,0,,0,39 55:24.000,,0,75 13:20.850,0,0,0,0,67301,0,0,0,N,0,0,0,3,67301,0,,1,9,,N,N,,0,,0,0,0,0,0,,812,0,2,0,0,0,0,0,3,4,0,2,7,,N,,,,,,,,,,,
2007109398,1730.0,1,0,0,0,0,0,0,0,0,1,0,,67,9,2007,4,39.9899,-75.1075,1725.0,6,0,0,0,0,0,1,0,0,,0,0,0,15,1,0,0,,0,39 59:23.000,,0,75 06:27.233,0,0,0,0,67301,0,0,0,N,0,0,0,4,67301,0,,1,1,,N,N,,0,,0,0,1,3,2,,1530,0,3,0,0,4,0,0,3,4,1,3,3,,N,,,,,,,,,,,
2007109408,221.0,1,0,0,0,0,0,0,0,0,7,0,99.0,67,9,2007,2,40.001,-75.1248,221.0,6,0,0,0,0,0,0,0,0,9.0,0,0,0,2,3,0,0,,1,40 00:03.000,1.0,0,75 07:29.170,0,0,0,0,67301,0,0,0,N,0,0,0,1,67301,0,,5,1,,N,N,,0,,0,0,0,0,0,Y,221,0,1,0,0,0,0,0,3,4,0,1,3,,Y,8.0,8.0,U,,,U,,,,,
2007109433,428.0,1,0,0,0,0,0,0,0,0,7,0,,67,9,2007,3,39.977,-75.1991,418.0,6,0,0,0,0,0,0,0,0,,0,0,0,4,3,0,0,,0,39 58:38.000,,0,75 12:01.401,0,0,0,0,67301,0,0,0,N,0,0,0,1,68K01,0,,2,9,,N,N,,0,,0,0,0,0,0,,416,0,1,0,0,0,0,0,3,4,0,1,7,,N,,,,,,,,,,,
2007047790,1732.0,1,0,0,0,0,0,0,0,0,4,0,,67,3,2007,5,39.921,-75.2289,1727.0,6,0,0,0,0,0,0,0,0,,0,0,0,17,1,1,1,,0,39 55:15.600,,0,75 13:44.040,8,0,0,0,67301,0,0,0,N,0,0,0,3,67301,0,,1,1,,N,N,,0,,0,0,1,3,2,,1720,1,2,0,0,0,1,0,3,4,0,2,3,,N,,,,,,,,,,,
2007047801,1447.0,1,0,0,0,0,0,0,0,0,8,0,,67,2,2007,4,40.0288,-75.1322,1444.0,6,0,0,0,0,0,0,0,0,,0,0,0,14,1,1,2,,0,40 01:43.550,,0,75 07:55.833,3,0,0,0,67301,1,0,0,N,1,0,0,2,67301,0,,1,1,,N,N,,0,,1,0,0,3,2,,1426,1,2,0,0,0,0,0,3,4,0,1,3,,N,,,,,,,,,,,
2007047813,1123.0,0,0,0,0,0,0,0,0,0,8,0,,67,2,2007,2,39.954,-75.1595,1119.0,6,0,0,0,0,0,0,0,0,1.0,0,0,0,11,1,1,2,,2,39 57:14.230,2.0,0,75 09:34.171,4,0,0,0,67301,1,0,0,N,1,0,0,2,67301,1,,1,1,,N,N,,1,,0,0,0,3,2,Y,1115,1,2,0,0,0,0,0,3,4,0,1,3,,N,,,,,,,,,,,
2007047814,946.0,0,0,0,0,0,0,0,0,0,8,0,,67,3,2007,2,39.9676,-75.1581,939.0,6,0,0,0,0,0,0,0,0,,0,0,0,9,1,1,1,,0,39 58:03.248,,0,75 09:29.066,8,0,0,0,67301,1,0,0,N,1,0,0,2,67301,0,,9,1,,N,N,,0,,0,0,0,3,3,,930,1,2,0,0,1,1,0,3,4,1,1,3,,N,,,,,,,,,,,
2007047834,540.0,3,0,0,0,0,0,0,0,0,5,0,,67,3,2007,7,39.9557,-75.1425,536.0,6,0,0,0,0,0,0,0,0,3.0,0,0,0,5,3,0,0,,2,39 57:20.360,2.0,0,75 08:33.090,9,0,0,0,67301,0,0,0,N,0,0,0,2,67301,0,,6,1,,N,N,,0,,0,0,0,0,0,N,530,0,3,0,0,0,0,2,3,4,0,3,3,,N,,,,,,,,,,,
2007047842,1600.0,1,0,0,1,0,0,0,0,0,4,0,,67,3,2007,5,39.9992,-75.1474,1600.0,6,0,0,0,0,0,0,0,0,,0,0,0,15,1,1,5,,0,39 59:57.271,,0,75 08:50.495,8,0,0,0,67301,1,0,0,N,0,0,0,2,67301,0,,1,1,,Y,N,,0,,0,0,0,9,2,,1550,1,2,0,0,0,1,0,3,4,0,1,3,,N,,,,,,,,,,,
2007047903,1645.0,2,0,0,0,0,0,0,0,0,4,0,,67,2,2007,7,39.9924,-75.0926,1625.0,6,0,0,0,0,0,0,0,0,,0,0,0,15,1,3,2,,0,39 59:32.000,,7,75 05:33.292,4,0,0,0,67301,0,0,0,N,0,0,0,4,67301,3,,4,1,,N,N,,0,,0,0,0,0,0,,1540,3,2,0,0,0,0,1,3,4,0,2,3,,N,,,,,,,,,,,
2007047926,900.0,0,0,0,0,0,0,1,0,0,0,1,,67,2,2007,4,40.0257,-75.1247,850.0,6,0,0,0,0,0,0,0,0,,0,0,0,8,1,2,0,,0,40 01:32.000,,0,75 07:30.099,4,0,0,0,67301,0,0,0,N,0,0,0,3,67301,2,,1,1,,N,N,,0,,0,0,0,0,0,,850,2,1,0,0,0,0,0,3,4,0,1,3,,N,,,,,,,,,,,
2007047945,1200.0,2,0,0,0,0,0,0,0,0,7,0,,67,2,2007,1,39.9648,-75.1375,9999.0,6,0,0,0,0,0,0,0,0,1.0,0,0,0,11,1,1,0,,1,39 57:53.119,1.0,0,75 08:14.844,8,0,0,0,67301,0,0,0,N,0,0,0,3,67301,0,,2,1,,N,N,,0,,0,0,0,0,0,N,1158,1,2,0,0,3,1,0,3,4,0,2,3,,N,,,,,,,,,,,
2007093554,1315.0,3,0,0,0,0,0,0,0,0,1,0,,67,7,2007,3,39.9996,-75.1905,1210.0,6,0,0,0,0,0,1,0,0,,0,0,0,12,1,0,2,,0,39 59:58.000,,0,75 11:25.758,9,0,0,0,67301,0,0,0,N,0,0,0,3,67301,0,,1,1,,N,N,,0,,0,0,0,0,0,,1205,0,3,0,0,0,0,1,3,4,0,3,3,,N,,,,,,,,,,,
2007093388,1535.0,2,0,0,0,0,0,0,0,0,1,0,,67,6,2007,3,40.0554,-75.1261,1528.0,6,0,0,0,0,0,1,0,0,1.0,0,0,0,15,1,0,0,,2,40 03:19.000,4.0,0,75 07:34.026,0,0,0,0,67301,0,0,0,N,0,0,0,3,46102,0,,1,1,,N,N,,0,,0,0,1,3,2,N,1528,0,3,0,0,0,0,0,3,4,0,3,3,,N,,,,,,,,,,,
2007093427,1836.0,1,0,0,0,0,0,0,0,0,4,0,,67,7,2007,6,40.0291,-75.1527,1831.0,6,0,0,0,0,0,0,0,0,2.0,0,0,0,17,1,3,0,,1,40 01:44.673,3.0,0,75 09:09.576,4,0,0,0,67301,0,0,0,N,0,0,0,3,67301,3,,1,1,,N,N,,0,,0,0,1,0,0,N,1739,3,2,0,0,0,0,0,3,4,0,2,3,,N,,,,,,,,,,,
2007125100,1430.0,0,0,0,0,0,0,0,0,0,8,0,,67,10,2007,5,39.9854,-75.0967,9999.0,6,0,0,0,0,0,0,0,0,,0,0,0,8,1,1,1,,0,39 59:07.606,,0,75 05:48.056,3,0,0,0,67301,1,0,0,,1,0,0,2,67301,0,,1,1,,,,,0,,1,0,0,3,3,,800,1,2,0,0,0,0,1,3,4,0,1,3,,N,,,,,,,,,,,
2007125107,1620.0,1,0,0,0,0,0,1,0,0,5,1,,67,10,2007,4,39.9625,-75.2162,1615.0,6,0,0,0,0,0,0,2,0,,0,0,0,16,1,1,1,,0,39 57:44.000,,0,75 12:56.902,4,0,0,0,67301,0,0,0,N,0,0,0,2,67301,1,,1,1,,Y,N,,0,,0,0,0,3,2,,1608,1,2,0,0,0,0,0,3,4,0,2,3,,N,,,,,,,,,,,
2007125116,1304.0,1,0,0,1,0,0,0,0,0,4,0,,67,10,2007,3,39.9378,-75.1664,1302.0,6,0,0,0,0,0,0,1,0,,0,0,0,13,1,1,0,,0,39 56:16.122,,0,75 09:59.052,4,0,0,0,67301,1,0,0,N,0,0,0,2,67301,1,,6,1,,N,N,,0,,0,0,0,0,0,,1301,1,2,0,0,0,0,1,3,4,0,1,3,,N,,,,,,,,,,,
2007125126,1100.0,0,0,0,0,0,0,0,0,0,6,0,,67,11,2007,6,39.9885,-75.1368,1055.0,6,0,0,0,0,0,0,1,0,,0,0,0,99,1,2,1,,0,39 59:18.578,,0,75 08:12.530,4,0,0,0,67301,0,0,0,N,0,0,0,5,67301,2,,1,1,,N,N,,0,,0,0,2,2,3,,9999,2,2,0,0,0,0,0,3,4,0,2,3,,N,,,,,,,,,,,
2007127651,1749.0,1,0,0,0,0,0,0,0,0,8,0,,67,10,2007,1,39.9872,-75.1268,1748.0,6,0,1,0,0,0,0,0,0,,0,0,0,17,1,1,0,,0,39 59:13.999,,0,75 07:36.469,8,0,0,0,67301,1,0,0,N,1,0,0,2,67301,0,,1,1,,N,N,,0,,0,0,0,0,0,,1741,1,2,0,0,0,1,0,3,4,0,1,3,,N,,,,,,,,,,,
2008000679,1810.0,1,0,0,0,0,0,0,0,0,4,0,,67,10,2007,4,40.0105,-75.1608,1810.0,6,0,0,0,0,1,0,0,0,,0,0,0,99,3,1,1,,0,40 00:37.000,,0,75 09:38.718,8,0,0,0,67301,0,0,0,N,0,0,0,2,67301,0,,1,9,,N,N,,0,,0,0,0,3,3,,9999,1,2,0,0,0,1,0,3,4,1,2,7,,N,,,,,,,,,,,
2008000475,511.0,1,0,0,0,0,0,0,0,0,7,0,,67,10,2007,7,39.9059,-75.1335,511.0,6,0,0,0,0,0,0,0,0,,0,0,0,5,3,0,0,,0,39 54:21.313,,0,75 08:00.432,0,0,0,0,67301,0,0,0,N,0,0,0,2,67301,0,,3,9,,N,N,,0,,0,0,0,3,8,,500,0,1,0,0,0,0,0,3,4,0,1,7,,N,,,,,,,,,,,
2008053097,1820.0,1,0,0,0,0,0,0,0,0,4,0,,67,11,2007,2,39.9774,-75.1818,9999.0,6,0,0,0,0,0,0,0,0,,0,0,0,18,3,0,2,,0,39 58:38.805,,0,75 10:54.303,0,0,0,0,67301,0,0,0,,0,0,0,2,67301,0,,1,1,,,,,0,,0,0,1,9,3,,1820,0,2,0,0,0,0,0,3,4,0,2,3,,N,,,,,,,,,,,
2008018026,1720.0,1,0,0,0,0,0,0,0,0,8,0,,67,12,2007,3,40.0002,-75.1666,1715.0,6,0,0,0,0,0,0,0,0,,0,0,0,17,4,1,1,,0,40 00:00.687,,0,75 09:59.702,4,0,0,0,67301,1,0,0,,1,0,0,2,67301,1,,1,9,,,,,0,,0,0,0,3,2,,1705,1,2,0,0,0,0,1,3,4,0,1,7,,N,,,,,,,,,,,
2008018046,645.0,1,0,0,0,0,0,0,0,0,8,0,,67,12,2007,4,40.1047,-75.0157,642.0,6,0,0,0,0,0,0,0,0,,0,0,0,6,3,1,10,,0,40 06:16.927,,0,75 00:56.656,4,0,0,0,67301,1,0,0,N,1,0,0,2,67301,1,,1,1,,N,N,,0,,0,0,0,3,3,,639,1,2,0,0,0,0,0,3,4,0,1,3,,N,,,,,,,,,,,
2008018208,2358.0,1,0,0,0,0,0,0,0,0,4,0,,67,12,2007,7,39.9858,-75.1212,2357.0,6,0,0,0,0,0,1,0,0,3.0,0,0,0,22,3,1,2,,2,39 59:08.000,3.0,0,75 07:16.416,3,0,0,0,67301,0,0,0,N,0,0,0,3,67301,0,,1,1,,N,N,,0,,1,0,0,0,0,N,2225,1,3,0,0,0,0,0,3,4,2,3,3,,N,,,,,,,,,,,
2008025718,527.0,1,0,0,0,0,0,0,0,0,8,0,,67,12,2007,2,39.9342,-75.181,254.0,6,0,0,0,0,0,0,0,0,,0,0,0,2,3,1,1,,0,39 56:03.044,,0,75 10:51.466,2,0,0,0,67301,1,0,1,N,1,0,1,3,67301,0,,1,1,,N,N,,0,,0,1,0,0,0,,245,1,2,0,0,1,0,0,3,4,0,1,3,,N,,,,,,,,,,,
2008015740,1905.0,0,0,0,0,0,0,0,0,0,7,0,,67,12,2007,3,39.9842,-75.0991,1900.0,6,0,0,0,0,0,1,0,0,,1,0,0,99,3,0,1,,0,39 59:03.000,,0,75 05:56.509,1,0,0,0,67301,0,0,0,N,0,0,0,1,67301,0,2.0,5,1,,N,N,,1,0.0,0,0,0,3,2,,9999,0,1,0,0,0,0,0,3,4,0,1,3,,N,,,,,,,,,,,
2008018855,26.0,2,0,0,0,0,0,0,0,0,1,0,,67,12,2007,6,39.9578,-75.1642,26.0,6,0,0,0,0,0,0,0,0,1.0,0,0,0,0,3,0,1,,1,39 57:27.000,3.0,2,75 09:51.050,0,0,0,0,67301,0,0,0,N,0,0,0,2,67301,0,,1,1,,N,N,,0,,0,0,0,3,2,N,25,0,2,0,0,0,0,0,3,4,0,2,3,,N,,,,,,,,,,,
2008018857,519.0,0,0,0,0,0,0,0,0,0,7,0,,67,12,2007,1,39.9203,-75.2233,505.0,6,0,0,0,0,0,0,0,0,,0,0,0,5,3,1,0,,0,39 55:13.000,,0,75 13:24.049,8,0,0,0,67301,0,0,0,N,0,0,0,1,67301,0,,2,9,,N,N,,1,,0,0,0,0,0,,504,1,1,0,0,0,1,0,3,4,0,1,10,,N,,,,,,,,,,,
2008018863,1226.0,1,0,0,0,0,0,0,0,0,1,0,,67,12,2007,7,40.0829,-75.0322,1225.0,6,0,0,0,0,1,1,0,0,,0,0,0,12,1,1,0,,0,40 04:58.000,,0,75 01:55.860,4,0,0,0,67301,0,0,0,,0,0,0,2,67301,1,,5,1,,,,,1,,0,0,0,0,0,,1206,1,2,0,0,0,0,0,3,4,0,2,3,,N,,,,,,,,,,,
2008016456,1430.0,1,0,0,0,0,0,0,0,0,8,0,,67,12,2007,2,39.9271,-75.1809,1413.0,6,0,0,0,0,0,0,0,1,,0,0,0,14,1,1,1,,0,39 55:37.473,,0,75 10:51.175,8,0,0,0,67301,1,0,0,,1,0,0,2,67301,0,,1,1,,N,N,,0,,0,0,0,3,3,,1411,1,2,0,0,0,1,1,3,4,0,1,3,,N,,,,,,,,,,,
2008011959,1017.0,1,0,0,0,0,0,0,0,0,7,0,,67,12,2007,7,40.0588,-75.1317,1017.0,6,0,0,0,0,0,0,0,0,,0,0,0,10,1,0,2,,0,40 03:31.000,,0,75 07:54.014,0,0,0,0,67301,0,0,0,N,0,0,0,1,46102,0,,5,9,,N,N,,0,,0,0,0,0,0,,1017,0,1,0,0,0,0,0,3,4,0,1,3,,N,,,,,,,,,,,
2008016259,2025.0,1,0,0,0,0,0,0,0,0,8,0,,67,2,2007,5,39.929,-75.2409,2025.0,6,0,0,0,0,0,0,0,0,,0,0,0,16,3,1,1,,0,39 55:44.000,,0,75 14:27.255,8,0,0,0,67301,1,0,0,N,1,0,0,2,67301,0,,1,9,,N,N,,0,,0,0,0,3,2,,1639,1,2,0,0,0,1,0,3,4,0,1,7,,N,,,,,,,,,,,
2008006752,1126.0,1,0,0,0,0,0,0,0,0,4,0,,67,11,2007,2,40.0387,-75.0443,1124.0,6,0,0,0,0,0,0,1,0,1.0,0,0,0,11,1,1,1,,1,40 02:19.000,3.0,0,75 02:39.345,4,0,0,0,67301,0,0,0,N,0,0,0,2,67301,1,,1,9,,N,N,,0,,0,0,0,3,3,N,1116,1,2,0,0,0,0,0,3,4,1,2,7,,N,,,,,,,,,,,
2008007108,2100.0,2,0,0,0,0,0,0,0,0,1,0,,67,11,2007,3,39.9538,-75.1389,2056.0,6,0,0,0,0,0,0,0,0,,0,0,0,20,3,1,0,,0,39 57:13.852,,3,75 08:20.113,8,0,0,0,67301,0,0,0,N,0,0,0,3,67301,0,,1,1,,N,N,,0,,0,0,0,0,0,,2055,1,2,0,0,3,1,0,3,4,0,2,3,,N,,,,,,,,,,,
2008036976,9999.0,0,0,0,0,0,0,0,0,0,7,0,,67,8,2007,2,40.0977,-75.0166,255.0,6,0,0,0,0,0,0,0,0,,0,0,0,2,3,0,0,,0,40 05:51.802,,0,75 00:59.698,9,0,0,0,67301,0,0,0,N,0,0,0,1,67301,0,,5,9,,N,N,,0,,0,0,1,0,0,,250,0,1,0,0,0,0,1,3,4,0,1,7,,N,,,,,,,,,,,
2008024415,1700.0,2,0,0,0,0,0,0,0,0,4,0,,67,12,2007,1,40.011,-75.1041,1655.0,6,0,0,0,0,0,0,0,0,,0,0,0,16,3,1,0,,0,40 00:39.610,,0,75 06:14.850,3,0,0,0,67301,0,0,0,N,0,0,0,2,67301,0,,1,9,,N,N,,0,,1,0,0,3,3,,1653,1,2,0,0,0,0,0,3,4,0,2,7,,N,,,,,,,,,,,
2008024479,9999.0,2,0,0,0,0,0,0,0,0,1,0,,67,12,2007,6,39.997,-75.1786,9999.0,6,0,0,0,0,0,0,0,0,,0,0,0,99,3,1,2,,0,39 59:49.000,,0,75 10:42.862,4,0,0,0,67301,0,0,0,,0,0,0,2,67301,1,,1,9,,,,,0,,0,0,0,0,0,,9999,1,2,0,0,0,0,0,3,4,0,2,7,,N,,,,,,,,,,,
2008024480,2115.0,1,0,0,0,0,0,0,0,0,2,0,,67,12,2007,6,40.0299,-75.0875,2109.0,6,0,0,0,0,0,0,0,0,2.0,0,0,0,21,3,1,1,,1,40 01:47.000,1.0,0,75 05:14.656,3,0,0,0,67301,0,0,0,,0,0,0,3,67301,0,,1,9,,,,,0,,1,0,1,3,2,N,2109,1,2,0,0,0,0,0,3,4,0,2,7,,N,,,,,,,,,,,
2008016998,1830.0,2,0,0,0,0,0,0,0,0,4,0,,67,12,2007,4,40.0517,-75.1271,1823.0,6,0,0,0,0,0,1,0,0,,0,0,0,18,3,0,1,,0,40 03:06.246,,0,75 07:37.696,0,0,0,0,67301,0,0,0,N,0,0,0,2,67301,0,,1,9,,N,N,,0,,0,0,0,2,3,,1815,0,2,0,0,0,0,0,3,4,0,2,10,,N,,,,,,,,,,,
2008017209,1312.0,1,0,0,0,0,0,0,0,0,5,0,,67,12,2007,2,40.0594,-75.0859,1311.0,6,0,0,0,0,0,0,0,0,2.0,0,0,0,13,1,3,1,,2,40 03:33.000,5.0,0,75 05:09.267,8,0,0,0,67301,0,0,0,N,0,0,0,5,67301,0,,1,1,,N,,,0,,0,0,1,3,2,Y,1305,3,2,0,0,0,3,0,3,4,0,2,3,,N,,,,,,,,,,,
2008017066,410.0,1,0,0,0,0,0,0,0,0,1,0,,67,12,2007,7,40.0517,-75.127,406.0,6,0,0,0,0,0,0,0,0,,0,0,0,4,3,1,0,,0,40 03:06.201,,0,75 07:37.364,8,0,0,0,67301,0,0,0,N,0,0,0,2,67301,0,,1,9,,N,N,,0,,0,0,1,0,0,,415,1,2,0,0,0,1,1,3,4,0,2,7,,N,,,,,,,,,,,
2008017080,1636.0,1,0,0,0,0,0,0,0,0,7,0,,67,9,2007,3,40.0159,-75.1416,1635.0,6,0,0,0,0,0,0,0,0,,0,0,0,99,1,1,0,,0,40 00:57.387,,7,75 08:29.865,4,0,0,0,67301,0,0,0,,0,0,0,1,67301,1,,2,9,,,Y,,0,,0,0,0,0,0,,9999,1,1,0,0,0,0,0,3,4,0,1,7,,N,,,,,,,,,,,
2008017218,413.0,1,0,0,0,0,0,0,0,0,4,0,,67,11,2007,1,39.9883,-75.1838,9999.0,6,0,0,0,0,0,1,0,0,,0,0,0,99,3,1,1,,0,39 59:17.750,,0,75 11:01.593,3,0,0,0,67301,0,0,0,,0,0,0,3,67301,0,,1,1,,N,N,,1,,1,0,0,2,2,,9999,1,2,0,0,1,0,0,3,4,0,2,3,,N,,,,,,,,,,,