CRN,ARRIVAL_TM,AUTOMOBILE_COUNT,BELTED_DEATH_COUNT,BELTED_SUSP_SERIOUS_INJ_COUNT,BICYCLE_COUNT,BICYCLE_DEATH_COUNT,BICYCLE_SUSP_SERIOUS_INJ_COUNT,BUS_COUNT,CHLDPAS_DEATH_COUNT,CHLDPAS_SUSP_SERIOUS_INJ_COUNT,COLLISION_TYPE,COMM_VEH_COUNT,CONS_ZONE_SPD_LIM,COUNTY,CRASH_MONTH,CRASH_YEAR,DAY_OF_WEEK,DEC_LAT,DEC_LONG,DISPATCH_TM,DISTRICT,DRIVER_COUNT_16YR,DRIVER_COUNT_17YR,DRIVER_COUNT_18YR,DRIVER_COUNT_19YR,DRIVER_COUNT_20YR,DRIVER_COUNT_50_64YR,DRIVER_COUNT_65_74YR,DRIVER_COUNT_75PLUS,EST_HRS_CLOSED,FATAL_COUNT,HEAVY_TRUCK_COUNT,HORSE_BUGGY_COUNT,HOUR_OF_DAY,ILLUMINATION,INJURY_COUNT,INTERSECT_TYPE,INTERSECTION_RELATED,LANE_CLOSED,LATITUDE,LN_CLOSE_DIR,LOCATION_TYPE,LONGITUDE,MAX_SEVERITY_LEVEL,MCYCLE_DEATH_COUNT,MCYCLE_SUSP_SERIOUS_INJ_COUNT,MOTORCYCLE_COUNT,MUNICIPALITY,NONMOTR_COUNT,NONMOTR_DEATH_COUNT,NONMOTR_SUSP_SERIOUS_INJ_COUNT,NTFY_HIWY_MAINT,PED_COUNT,PED_DEATH_COUNT,PED_SUSP_SERIOUS_INJ_COUNT,PERSON_COUNT,POLICE_AGCY,POSSIBLE_INJ_COUNT,RDWY_SURF_TYPE_CD,RELATION_TO_ROAD,ROAD_CONDITION,ROADWAY_CLEARED,SCH_BUS_IND,SCH_ZONE_IND,SECONDARY_CRASH,SMALL_TRUCK_COUNT,SPEC_JURIS_CD,SUSP_MINOR_INJ_COUNT,SUSP_SERIOUS_INJ_COUNT,SUV_COUNT,TCD_FUNC_CD,TCD_TYPE,TFC_DETOUR_IND,TIME_OF_DAY,TOT_INJ_COUNT,TOTAL_UNITS,UNB_DEATH_COUNT,UNB_SUSP_SERIOUS_INJ_COUNT,UNBELTED_OCC_COUNT,UNK_INJ_DEG_COUNT,UNK_INJ_PER_COUNT,URBAN_AREA,URBAN_RURAL,VAN_COUNT,VEHICLE_COUNT,WEATHER1,WEATHER2,WORK_ZONE_IND,WORK_ZONE_LOC,WORK_ZONE_TYPE,WORKERS_PRES,WZ_CLOSE_DETOUR,WZ_FLAGGER,WZ_LAW_OFFCR_IND,WZ_LN_CLOSURE,WZ_MOVING,WZ_OTHER,WZ_SHLDER_MDN,WZ_WORKERS_INJ_KILLED
2008017309,1610.0,2,0,0,0,0,0,0,0,0,1,0,,67,12,2007,2,39.9571,-75.1523,1551.0,6,0,0,0,0,0,0,0,0,,0,0,0,15,1,0,0,,0,39 57:25.000,,0,75 09:08.222,0,0,0,0,67301,0,0,0,,0,0,0,3,67301,0,,1,1,,,,,0,,0,0,0,0,0,,1540,0,2,0,0,0,0,0,3,4,0,2,3,,N,,,,,,,,,,,
2008051619,1335.0,0,0,0,0,0,0,0,0,0,8,1,,67,11,2007,4,39.9771,-75.1453,1330.0,6,0,0,0,0,0,0,0,0,2.0,0,0,0,13,1,1,1,,2,39 58:37.516,7.0,0,75 08:43.033,2,0,0,0,67301,1,0,1,N,1,0,1,2,67301,0,,1,1,,N,N,,0,,0,1,0,3,3,Y,1330,1,2,0,0,0,0,0,3,4,0,1,3,,N,,,,,,,,,,,
2008029048,1736.0,2,0,0,0,0,0,0,0,0,6,0,,67,12,2007,4,39.9772,-75.2268,1733.0,6,0,0,0,0,0,0,0,0,,0,0,0,17,3,1,1,,0,39 58:37.000,,0,75 13:36.309,4,0,0,0,67301,0,0,0,N,0,0,0,3,67301,1,,1,2,,N,N,,0,,0,0,0,3,2,,1730,1,2,0,0,0,0,0,3,4,0,2,9,,N,,,,,,,,,,,
2008003814,725.0,1,0,0,0,0,0,0,0,0,0,0,,67,10,2007,7,40.0058,-75.1553,720.0,6,0,0,0,0,0,0,0,0,,0,0,0,7,3,1,0,,0,40 00:20.976,,0,75 09:19.051,8,0,0,0,67301,0,0,0,N,0,0,0,1,67301,0,,1,98,,N,N,,0,,0,0,0,0,0,,715,1,1,0,0,0,1,0,3,4,0,1,3,,N,,,,,,,,,,,
2008008941,112.0,1,0,0,0,0,0,0,0,0,7,0,,67,10,2007,7,39.9992,-75.136,111.0,6,0,0,0,0,0,0,0,0,9.0,1,0,0,1,3,1,0,,2,39 59:57.000,6.0,0,75 08:09.465,1,0,0,0,67301,0,0,0,N,0,0,0,2,67301,0,2.0,4,9,,N,N,,0,0.0,0,0,0,0,0,Y,111,1,1,0,0,1,1,0,3,4,0,1,7,,N,,,,,,,,,,,
2008021424,44.0,2,0,0,0,0,0,0,0,0,2,0,,67,12,2007,7,40.0446,-75.0547,42.0,6,0,0,0,0,0,0,0,0,9.0,0,0,0,0,3,1,1,,2,40 02:40.000,2.0,0,75 03:16.819,2,0,0,0,67301,0,0,0,,0,0,0,4,67301,0,,1,1,,,,,0,,0,1,0,3,2,Y,42,1,2,0,0,1,0,0,3,4,0,2,3,,N,,,,,,,,,,,
2008023954,1532.0,1,0,0,0,0,0,0,0,0,8,0,,67,12,2007,2,39.9744,-75.2264,1530.0,6,0,0,0,0,0,0,0,0,,0,0,0,15,1,1,0,,0,39 58:27.000,,0,75 13:34.962,8,0,0,0,67301,1,0,0,N,1,0,0,2,67301,0,,1,1,,N,N,,0,,0,0,0,0,0,,1530,1,2,0,0,1,1,0,3,4,0,1,3,,N,,,,,,,,,,,
2012034611,2252.0,0,0,0,0,0,0,0,0,0,4,0,,67,5,2007,6,40.0395,-75.0458,2250.0,6,0,0,0,0,0,0,0,0,,0,0,0,22,6,1,1,,0,40 02:22.366,,0,75 02:44.910,4,0,0,0,67301,0,0,0,,0,0,0,2,67301,1,,1,98,,N,N,,0,,0,0,2,3,2,,2245,1,2,0,0,0,0,0,3,4,0,2,99,,N,,,,,,,,,,,
2007127593,1135.0,2,0,0,0,0,0,0,0,0,4,0,,67,10,2007,7,39.9405,-75.2189,9999.0,6,0,0,0,0,0,1,0,0,,0,0,0,11,1,2,1,,0,39 56:25.000,,0,75 13:08.210,4,0,0,0,67301,0,0,0,N,0,0,0,5,67301,2,,1,9,,N,N,,0,,0,0,0,3,2,,1135,2,2,0,0,0,0,0,3,4,0,2,7,,N,,,,,,,,,,,
2007127601,1700.0,1,0,0,0,0,0,0,0,0,8,0,,67,10,2007,6,40.0085,-75.1365,1700.0,6,0,0,0,0,0,1,0,0,,0,0,0,12,1,1,0,,0,40 00:30.478,,0,75 08:11.526,3,0,0,0,67301,1,0,0,N,1,0,0,2,67301,0,,2,1,,N,N,,0,,1,0,0,0,0,,1200,1,2,0,0,0,0,0,3,4,0,1,3,,N,,,,,,,,,,,
2007116215,745.0,2,0,0,0,0,0,0,0,0,4,0,,67,10,2007,4,40.0322,-75.0274,740.0,6,0,0,0,0,0,0,0,0,,0,0,0,7,1,1,2,,0,40 01:55.916,,0,75 01:38.747,4,0,0,0,67301,0,0,0,N,0,0,0,4,67301,1,,1,1,,N,N,,0,,0,0,0,3,3,,730,1,2,0,0,0,0,0,3,4,0,2,3,,N,,,,,,,,,,,
2007116218,2318.0,2,0,0,0,0,0,0,0,0,4,0,,67,10,2007,5,40.0556,-75.1813,2318.0,6,0,0,0,0,0,0,0,0,,0,0,0,23,3,0,1,,0,40 03:20.000,,0,75 10:52.628,0,0,0,0,67301,0,0,0,,0,0,0,3,67301,0,,1,1,,N,N,,0,,0,0,0,3,3,,2318,0,2,0,0,0,0,0,3,4,0,2,3,,N,,,,,,,,,,,
2007116249,2043.0,1,0,0,0,0,0,0,0,0,8,0,,67,10,2007,3,40.0003,-75.2066,2041.0,6,0,0,0,0,0,0,0,0,,0,0,0,20,3,1,0,,0,40 00:01.047,,0,75 12:23.882,2,0,0,0,67301,1,0,1,,1,0,1,2,67301,0,,1,1,,N,N,,0,,0,1,0,0,0,,2040,1,2,0,0,0,0,0,3,4,0,1,3,,N,,,,,,,,,,,
2007081747,1330.0,2,0,0,0,0,0,0,0,0,4,0,,67,6,2007,5,40.0267,-75.1403,1318.0,6,0,0,1,0,0,0,0,0,,0,0,0,13,1,5,1,,0,40 01:36.282,,0,75 08:25.094,8,0,0,0,67301,0,0,0,N,0,0,0,5,67301,0,,1,1,,N,N,,0,,0,0,0,3,3,,1310,5,2,0,0,0,5,0,3,4,0,2,3,,N,,,,,,,,,,,
2007097878,1915.0,0,0,0,1,0,0,0,0,0,2,0,,67,7,2007,2,40.0044,-75.1699,1900.0,6,0,0,0,0,0,0,0,0,,0,0,0,18,1,1,0,,0,40 00:15.908,,0,75 10:11.474,3,0,0,0,67301,1,0,0,,0,0,0,2,67301,0,,1,1,,,,,0,,1,0,0,0,0,,1845,1,2,0,0,0,0,1,3,4,0,1,3,,N,,,,,,,,,,,
2007093248,1713.0,1,0,0,0,0,0,0,0,0,8,0,,67,6,2007,1,39.9778,-75.2388,1709.0,6,0,0,0,0,0,0,0,0,,0,0,0,17,1,1,0,,0,39 58:40.200,,0,75 14:19.700,3,0,0,0,67301,1,0,0,N,1,0,0,2,67301,0,,1,1,,N,N,,0,,1,0,0,0,0,,1707,1,2,0,0,0,0,0,3,4,0,1,3,,N,,,,,,,,,,,
2007098980,1551.0,0,0,0,0,0,0,0,0,0,1,0,,67,8,2007,5,39.9634,-75.1875,1545.0,6,0,0,0,0,0,1,0,0,,0,0,0,15,1,2,1,,0,39 57:48.087,,0,75 11:15.011,8,0,0,0,67301,0,0,0,N,0,0,0,4,67301,0,,1,9,,N,N,,2,,0,0,1,3,2,,1532,2,3,0,0,0,2,1,3,4,0,3,7,,N,,,,,,,,,,,
2007107044,2128.0,1,0,0,0,0,0,0,0,0,7,0,,67,8,2007,3,40.0414,-75.0281,2120.0,6,0,0,0,0,0,0,0,0,,0,0,0,21,3,2,0,,0,40 02:29.000,,0,75 01:41.146,4,0,0,0,67301,0,0,0,N,0,0,0,2,67301,2,,4,1,,N,N,,0,,0,0,0,0,0,,2110,2,1,0,0,0,0,0,3,4,0,1,3,,N,,,,,,,,,,,
2007027909,1250.0,2,0,0,0,0,0,0,0,0,4,0,,67,1,2007,4,40.0474,-75.1557,1250.0,6,0,0,0,1,0,0,0,0,,0,0,0,12,1,0,1,,0,40 02:50.568,,0,75 09:20.361,0,0,0,0,67301,0,0,0,N,0,0,0,3,67301,0,,1,1,,N,N,,0,,0,0,0,3,3,,1230,0,2,0,0,0,0,0,3,4,0,2,3,,N,,,,,,,,,,,
2007023092,900.0,0,0,0,0,0,0,2,0,0,1,2,,67,1,2007,2,39.9394,-75.2174,900.0,6,0,0,0,0,0,1,0,0,,0,0,0,9,1,5,0,,0,39 56:22.014,,0,75 13:02.538,8,0,0,0,67301,0,0,0,,0,0,0,7,67301,0,,1,7,,,,,0,,0,0,0,3,2,,900,5,2,0,0,0,5,1,3,4,0,2,3,,N,,,,,,,,,,,
2007023126,1715.0,1,0,0,1,0,0,0,0,0,4,0,,67,1,2007,1,39.9955,-75.1089,1715.0,6,0,0,0,0,0,0,0,0,,0,0,0,16,1,1,1,,0,39 59:43.731,,0,75 06:32.155,8,0,0,0,67301,1,0,0,N,0,0,0,2,67301,0,,1,9,,N,N,,0,,0,0,0,3,2,,1600,1,2,0,0,0,1,0,3,4,0,1,3,,N,,,,,,,,,,,
2007047620,1531.0,1,0,0,0,0,0,0,0,0,7,0,,67,2,2007,2,40.0668,-75.084,1516.0,6,0,0,0,0,0,0,0,1,,0,0,0,15,1,0,0,,0,40 04:00.372,,0,75 05:02.384,9,0,0,0,67301,0,0,0,N,0,0,0,2,67301,0,,5,1,,N,N,,0,,0,0,0,0,0,,1500,0,1,0,0,0,0,1,3,4,0,1,3,,N,,,,,,,,,,,
2007047669,1315.0,1,0,0,0,0,0,0,0,0,4,0,,67,2,2007,3,40.0667,-75.178,1306.0,6,0,0,0,0,0,0,0,0,,0,0,0,13,1,1,1,,0,40 04:00.000,,0,75 10:40.851,8,0,0,0,67301,0,0,0,N,0,0,0,2,67301,0,,1,1,,N,N,,0,,0,0,1,3,3,,1300,1,2,0,0,0,1,0,3,4,0,2,3,,N,,,,,,,,,,,
2007047590,400.0,2,0,0,0,0,0,0,0,0,2,0,,67,3,2007,1,40.0332,-75.1866,400.0,6,0,0,0,0,0,0,0,0,,0,0,0,3,3,2,2,,0,40 01:59.533,,0,75 11:11.593,8,0,0,0,67301,0,0,0,N,0,0,0,3,67301,0,,1,9,,N,N,,0,,0,0,0,3,3,,350,2,2,0,0,0,2,0,3,4,0,2,7,,N,,,,,,,,,,,
2007067644,1452.0,1,0,0,0,0,0,0,0,0,8,0,,67,5,2007,3,39.9241,-75.2455,1449.0,6,0,0,0,0,0,0,0,0,,0,0,0,14,1,1,5,,0,39 55:26.000,,0,75 14:43.862,3,0,0,0,67301,1,0,0,N,1,0,0,4,67301,0,,1,1,,N,N,,0,,1,0,0,3,2,,1430,1,2,0,0,0,0,0,3,4,0,1,3,,N,,,,,,,,,,,
2007067846,1330.0,1,0,0,1,0,0,0,0,0,4,0,,67,5,2007,1,40.0271,-75.1232,1326.0,6,0,0,0,0,0,0,0,0,,0,0,0,13,1,1,1,,0,40 01:37.704,,0,75 07:23.379,4,0,0,0,67301,1,0,0,N,0,0,0,2,67301,1,,1,1,,N,N,,0,,0,0,0,0,0,,1314,1,2,0,0,0,0,0,3,4,0,1,3,,N,,,,,,,,,,,
2007106770,1451.0,1,0,0,0,0,0,0,0,0,7,0,,67,8,2007,5,39.9382,-75.1902,1450.0,6,0,0,0,0,0,0,0,0,,0,0,0,14,1,1,1,,0,39 56:17.527,,0,75 11:24.806,8,0,0,0,67301,0,0,0,,0,0,0,1,67301,0,,5,1,,N,N,,0,,0,0,0,3,3,,1447,1,1,0,0,1,1,0,3,4,0,1,3,,N,,,,,,,,,,,
2007067906,823.0,0,0,0,0,0,0,0,0,0,1,1,,67,4,2007,6,40.0255,-75.1235,750.0,6,0,0,0,0,0,2,0,0,,0,1,0,7,1,1,5,,0,40 01:31.000,,0,75 07:24.548,4,0,0,0,67301,0,0,0,N,0,0,0,3,67301,1,,1,9,,Y,N,,1,,0,0,0,3,2,,745,1,2,0,0,1,0,0,3,4,0,2,7,,N,,,,,,,,,,,
2007106787,1515.0,0,0,0,1,0,0,0,0,0,4,0,,67,6,2007,1,40.0488,-75.2354,1509.0,6,0,0,0,0,0,0,0,0,,0,0,0,15,1,1,1,,0,40 02:54.000,,0,75 14:06.991,4,0,0,0,67301,1,0,0,N,0,0,0,2,67301,1,,1,1,,N,N,,0,,0,0,0,3,2,,1509,1,2,0,0,0,0,0,3,4,1,1,3,,N,,,,,,,,,,,
2007106793,1445.0,3,0,0,0,0,0,0,0,0,1,0,,67,8,2007,7,39.9581,-75.1644,1437.0,6,0,0,0,0,0,0,1,0,1.0,0,0,0,14,1,1,0,,1,39 57:29.000,3.0,0,75 09:51.342,8,0,0,0,67301,0,0,0,N,0,0,0,3,67301,0,,1,1,,N,N,,0,,0,0,0,0,0,N,1436,1,3,0,0,0,1,0,3,4,0,3,3,,N,,,,,,,,,,,
2007106814,339.0,1,0,0,0,0,0,0,0,0,7,0,,67,7,2007,1,,,9999.0,6,0,0,0,0,0,0,0,0,1.0,0,0,0,3,3,0,0,,1,,3.0,0,,0,0,0,0,67301,0,0,0,N,0,0,0,1,67301,0,,3,1,,N,N,,0,,0,0,0,0,0,N,339,0,1,0,0,1,0,0,3,3,0,1,3,,N,,,,,,,,,,,
2007106885,1628.0,0,0,0,0,0,0,0,0,0,2,0,,67,6,2007,1,40.049,-75.1424,1618.0,6,0,0,0,0,0,0,0,0,,0,0,0,15,1,3,2,,0,40 02:56.000,,0,75 08:32.788,3,0,0,0,67301,0,0,0,N,0,0,0,3,67301,0,,1,1,,N,N,,0,,1,0,2,0,0,,1538,3,2,0,0,0,2,0,3,4,0,2,3,,N,,,,,,,,,,,
2007106889,1843.0,1,0,0,0,0,0,0,0,0,8,0,,67,8,2007,3,39.9236,-75.2371,1839.0,6,0,0,0,0,0,0,0,0,,0,0,0,18,1,1,0,,0,39 55:24.937,,0,75 14:13.714,4,0,0,0,67301,1,0,0,N,1,0,0,6,67301,1,,1,1,,N,N,,0,,0,0,0,3,2,,1820,1,2,0,0,0,0,5,3,4,0,1,3,,N,,,,,,,,,,,
2007106891,1921.0,1,0,0,0,0,0,0,0,0,8,0,,67,8,2007,4,39.9536,-75.165,1920.0,6,0,0,0,0,0,0,0,0,,0,0,0,19,4,1,5,,0,39 57:12.949,,0,75 09:54.175,8,0,0,0,67301,1,0,0,N,1,0,0,2,67301,0,,1,1,,N,N,,0,,0,0,0,3,2,,1918,1,2,0,0,0,1,0,3,4,0,1,3,,N,,,,,,,,,,,
2007047816,55.0,1,0,0,0,0,0,0,0,0,8,0,,67,2,2007,1,39.9487,-75.159,49.0,6,0,0,0,0,0,1,0,0,,0,0,0,99,3,1,1,,0,39 56:55.283,,0,75 09:32.299,4,0,0,0,67301,1,0,0,N,1,0,0,2,67301,1,,1,1,,N,N,,0,,0,0,0,3,2,,9999,1,2,0,0,0,0,0,3,4,0,1,3,,N,,,,,,,,,,,
2007047899,1624.0,1,0,0,0,0,0,0,0,0,8,0,,67,2,2007,4,40.0166,-75.1348,1623.0,6,0,0,0,1,0,0,0,0,,0,0,0,16,1,1,2,,0,40 00:59.828,,0,75 08:05.348,4,0,0,0,67301,1,0,0,N,1,0,0,2,67301,1,,1,1,,N,N,,0,,0,0,0,3,2,,1618,1,2,0,0,1,0,0,3,4,0,1,3,,N,,,,,,,,,,,
2007047995,1310.0,1,0,0,0,0,0,0,0,0,8,0,,67,3,2007,6,39.9521,-75.174,1255.0,6,0,0,0,0,0,1,0,0,,0,0,0,12,1,1,0,,0,39 57:07.626,,0,75 10:26.349,8,0,0,0,67301,1,0,0,N,1,0,0,2,67301,0,,1,6,,N,N,,0,,0,0,0,3,2,,1255,1,2,0,0,0,1,1,3,4,0,1,9,,N,,,,,,,,,,,
2007048000,1545.0,1,0,0,0,0,0,0,0,0,7,0,,67,3,2007,6,40.0196,-75.0733,1545.0,6,0,0,0,0,0,0,0,0,,0,0,0,15,1,1,2,,0,40 01:10.526,,0,75 04:23.994,4,0,0,0,67301,0,0,0,N,0,0,0,1,67301,1,,5,2,,N,N,,0,,0,0,0,0,0,,1540,1,1,0,0,0,0,0,3,4,0,1,10,,N,,,,,,,,,,,
2007058129,1524.0,1,0,0,0,0,0,0,0,0,8,0,,67,4,2007,5,40.0374,-75.0737,1523.0,6,0,0,0,0,0,0,0,0,,0,0,0,15,1,1,0,,0,40 02:14.496,,0,75 04:25.205,4,0,0,0,67301,1,0,0,N,1,0,0,2,67301,1,,1,1,,N,Y,,0,,0,0,0,0,0,,1522,1,2,0,0,0,0,0,3,4,0,1,3,,N,,,,,,,,,,,
2007093425,841.0,1,0,0,0,0,0,0,0,0,8,0,,67,7,2007,2,40.0419,-75.1441,835.0,6,0,0,0,0,0,0,1,0,,0,0,0,8,1,1,2,,0,40 02:30.840,,0,75 08:38.760,4,0,0,0,67301,1,0,0,N,1,0,0,2,67301,1,,1,9,,N,N,,0,,0,0,0,0,0,,828,1,2,0,0,0,0,0,3,4,0,1,7,,N,,,,,,,,,,,
2007125136,2320.0,1,0,0,0,0,0,0,0,0,5,0,,67,11,2007,7,39.9576,-75.1457,2315.0,6,0,0,0,0,0,0,0,0,,0,0,0,23,3,2,2,,0,39 57:27.432,,0,75 08:44.473,4,0,0,0,67301,0,0,0,N,0,0,0,2,67301,2,,1,1,,N,N,,0,,0,0,1,3,2,,2315,2,2,0,0,0,0,0,3,4,0,2,3,,N,,,,,,,,,,,
2007109818,2004.0,1,0,0,0,0,0,0,0,0,8,0,,67,9,2007,1,39.9578,-75.2198,2002.0,6,0,0,0,0,0,0,0,0,,0,0,0,20,3,1,0,,0,39 57:28.000,,0,75 13:11.250,3,0,0,0,67301,1,0,0,N,1,0,0,2,67301,0,,1,1,,N,N,,0,,1,0,0,0,0,,2002,1,2,0,0,1,0,0,3,4,0,1,3,,N,,,,,,,,,,,
2007107478,1245.0,1,0,0,0,0,0,0,0,0,7,0,,67,9,2007,4,39.8973,-75.2128,1245.0,6,0,0,0,0,0,1,0,0,,0,0,0,12,1,0,0,,0,39 53:50.394,,0,75 12:45.751,0,0,0,0,67301,0,0,0,N,0,0,0,1,67301,0,,4,1,,N,N,,0,,0,0,0,0,0,,1240,0,1,0,0,0,0,0,3,4,0,1,3,,N,,,,,,,,,,,
2007046048,1530.0,2,0,0,0,0,0,0,0,0,4,0,,67,3,2007,3,40.0945,-75.015,1525.0,6,0,0,0,0,0,0,0,0,,0,0,0,15,1,1,1,,0,40 05:40.000,,0,75 00:54.109,4,0,0,0,67301,0,0,0,N,0,0,0,2,67301,1,,1,1,,N,N,,0,,0,0,0,3,2,,1520,1,2,0,0,0,0,0,3,4,0,2,3,,N,,,,,,,,,,,
2007046183,225.0,2,0,0,0,0,0,0,0,0,4,0,,67,2,2007,7,40.042,-75.0773,223.0,6,0,0,1,0,0,0,0,0,,0,0,0,2,3,0,1,,0,40 02:31.048,,0,75 04:38.459,9,0,0,0,67301,0,0,0,N,0,0,0,3,67301,0,,1,2,,N,N,,0,,0,0,0,3,3,,218,0,2,0,0,0,0,2,3,4,0,2,3,,N,,,,,,,,,,,
2008008073,1835.0,1,0,0,0,0,0,0,0,0,1,0,,67,11,2007,1,40.0926,-75.066,1830.0,6,0,0,0,0,0,1,0,0,,0,0,0,18,3,1,1,,0,40 05:33.241,,0,75 03:57.765,4,0,0,0,67301,0,0,0,,0,0,0,5,67301,1,,1,9,,N,N,,0,,0,0,1,3,2,,1825,1,2,0,0,0,0,0,3,4,0,2,7,,N,,,,,,,,,,,
2008004914,1826.0,0,0,0,0,0,0,0,0,0,8,0,,67,11,2007,3,39.9714,-75.1594,1818.0,6,0,0,0,0,0,0,0,0,,0,0,0,99,1,1,1,,0,39 58:17.000,,0,75 09:34.236,4,0,0,0,67301,1,0,0,N,1,0,0,2,67301,1,,1,1,,N,N,,0,,0,0,0,3,2,,9999,1,2,0,0,0,0,0,3,4,0,1,3,,N,,,,,,,,,,,
2008004915,2144.0,2,0,0,0,0,0,0,0,0,4,0,,67,9,2007,4,,,2144.0,6,0,0,0,0,0,0,0,0,9.0,0,0,0,21,3,1,1,,2,,7.0,0,,4,0,0,0,67301,0,0,0,N,0,0,0,4,67301,1,,1,1,,N,N,,0,,0,0,0,3,3,Y,2144,1,2,0,0,4,0,0,3,3,0,2,3,,N,,,,,,,,,,,
2008004930,1025.0,2,0,0,0,0,0,0,0,0,4,0,,67,11,2007,5,39.9663,-75.2029,1018.0,6,0,0,0,0,0,0,0,0,,0,0,0,10,1,1,1,,0,39 57:58.608,,0,75 12:10.313,4,0,0,0,67301,0,0,0,N,0,0,0,2,67301,1,,1,9,,N,N,,0,,0,0,0,9,3,,1017,1,2,0,0,0,0,0,3,4,0,2,7,,N,,,,,,,,,,,
2008005250,700.0,1,0,0,0,0,0,0,0,0,3,1,,67,11,2007,1,39.9473,-75.167,654.0,6,0,0,0,0,0,0,0,0,,0,1,0,6,1,1,2,,0,39 56:50.172,,0,75 10:01.217,8,0,0,0,67301,0,0,0,N,0,0,0,3,67301,0,,1,1,,N,N,,0,,0,0,0,0,0,,654,1,2,0,0,0,1,0,3,4,0,2,3,,N,,,,,,,,,,,
2008008150,9999.0,2,0,0,0,0,0,0,0,0,4,0,,67,11,2007,5,40.0089,-75.072,1948.0,6,0,0,0,0,1,1,0,0,,0,0,0,99,3,3,5,,0,40 00:32.000,,0,75 04:19.233,8,0,0,0,67301,0,0,0,N,0,0,0,3,67301,0,,1,1,,N,N,,0,,0,0,0,3,2,,9999,3,2,0,0,0,3,0,3,4,0,2,3,,N,,,,,,,,,,,
2008000671,9999.0,1,0,0,0,0,0,0,0,0,1,1,,67,10,2007,5,39.9484,-75.1417,,6,0,0,0,0,0,0,0,0,1.0,0,1,0,99,3,0,0,,1,39 56:55.000,1.0,0,75 08:29.720,0,0,0,0,67301,0,0,0,N,0,0,0,2,67301,0,,1,1,,N,N,,0,,0,0,0,0,0,N,9999,0,2,0,0,0,0,0,3,4,0,2,3,,N,,,,,,,,,,,
2008000403,1225.0,2,0,0,0,0,0,0,0,0,4,0,,67,10,2007,4,39.8946,-75.2367,1217.0,6,0,0,0,0,0,1,0,0,,0,0,0,12,1,3,2,,0,39 53:40.000,,0,75 14:12.181,3,0,0,0,67301,0,0,0,N,0,0,0,4,67301,0,,1,1,,N,N,,1,,3,0,0,3,2,,1205,3,3,0,0,0,0,0,3,4,0,3,3,,N,,,,,,,,,,,
2008020111,330.0,1,0,0,0,0,0,0,0,0,7,0,,67,12,2007,1,40.0294,-75.0884,325.0,6,0,0,0,1,0,0,0,0,9.0,2,0,0,3,3,0,0,,2,40 01:46.000,1.0,0,75 05:17.793,1,0,0,0,67301,0,0,0,,0,0,0,2,67301,0,2.0,4,1,,N,N,,0,0.0,0,0,0,0,0,Y,324,0,1,0,0,0,0,0,3,4,0,1,3,,N,,,,,,,,,,,
2008033142,0.0,1,0,0,0,0,0,0,0,0,8,0,,67,3,2007,6,39.95,-75.1571,0.0,6,0,0,0,0,0,1,0,0,,0,0,0,13,1,1,1,,0,39 57:00.014,,0,75 09:25.417,4,0,0,0,67301,1,0,0,,1,0,0,2,00000,1,,1,1,,,,,0,,0,0,0,9,9,,1330,1,2,0,0,0,0,0,3,4,0,1,3,,N,,,,,,,,,,,
2008059814,1536.0,0,0,0,0,0,0,0,0,0,0,0,,67,10,2007,5,39.9941,-75.1991,1536.0,6,0,0,0,0,0,0,0,0,,0,0,0,15,1,1,0,,0,39 59:41.944,,0,75 11:53.477,3,0,0,1,67301,0,0,0,N,0,0,0,1,68K01,0,,1,1,,N,N,,0,,1,0,0,0,0,,1536,1,1,0,0,0,0,0,3,4,0,1,3,,N,,,,,,,,,,,
2008029788,1435.0,1,0,0,0,0,0,1,0,0,4,1,,67,12,2007,5,40.0352,-75.1455,1429.0,6,0,0,0,0,0,1,0,0,,0,0,0,14,1,1,1,,0,40 02:06.000,,0,75 08:43.671,4,0,0,0,67301,0,0,0,N,0,0,0,2,67301,1,,1,9,,N,N,,0,,0,0,0,3,2,,1428,1,2,0,0,0,0,0,3,4,0,2,7,,N,,,,,,,,,,,
2008009188,142.0,1,0,0,0,0,0,0,0,0,8,0,,67,11,2007,1,40.1017,-75.0058,141.0,6,0,0,0,0,0,0,0,0,9.0,1,0,0,1,2,0,0,,2,40 06:06.000,1.0,7,75 00:20.821,1,0,0,0,67301,1,1,0,N,1,1,0,2,67301,0,2.0,1,1,,N,N,,0,0.0,0,0,0,3,2,Y,140,0,2,0,0,0,0,0,3,4,0,1,3,,N,,,,,,,,,,,
2008023803,2033.0,1,0,0,0,0,0,0,0,0,4,0,,67,12,2007,2,40.0569,-75.1834,2029.0,6,0,0,0,0,0,1,0,0,,0,0,0,20,3,1,1,,0,40 03:24.000,,0,75 11:00.224,4,0,0,0,67301,0,0,0,N,0,0,0,5,67301,1,,1,1,,N,N,,0,,0,0,1,9,3,,2024,1,2,0,0,5,0,0,3,4,0,2,3,,N,,,,,,,,,,,
2008016455,1600.0,2,0,0,0,0,0,0,0,0,1,0,,67,12,2007,6,40.0375,-75.0422,1555.0,6,0,0,0,0,0,2,0,0,,0,0,0,15,1,1,0,,0,40 02:15.000,,0,75 02:32.057,8,0,0,0,67301,0,0,0,N,0,0,0,2,67301,0,,1,9,,N,N,,0,,0,0,0,0,0,,1555,1,2,0,0,0,1,0,3,4,0,2,7,,N,,,,,,,,,,,