CRN,ARRIVAL_TM,AUTOMOBILE_COUNT,BELTED_DEATH_COUNT,BELTED_SUSP_SERIOUS_INJ_COUNT,BICYCLE_COUNT,BICYCLE_DEATH_COUNT,BICYCLE_SUSP_SERIOUS_INJ_COUNT,BUS_COUNT,CHLDPAS_DEATH_COUNT,CHLDPAS_SUSP_SERIOUS_INJ_COUNT,COLLISION_TYPE,COMM_VEH_COUNT,CONS_ZONE_SPD_LIM,COUNTY,CRASH_MONTH,CRASH_YEAR,DAY_OF_WEEK,DEC_LAT,DEC_LONG,DISPATCH_TM,DISTRICT,DRIVER_COUNT_16YR,DRIVER_COUNT_17YR,DRIVER_COUNT_18YR,DRIVER_COUNT_19YR,DRIVER_COUNT_20YR,DRIVER_COUNT_50_64YR,DRIVER_COUNT_65_74YR,DRIVER_COUNT_75PLUS,EST_HRS_CLOSED,FATAL_COUNT,HEAVY_TRUCK_COUNT,HORSE_BUGGY_COUNT,HOUR_OF_DAY,ILLUMINATION,INJURY_COUNT,INTERSECT_TYPE,INTERSECTION_RELATED,LANE_CLOSED,LATITUDE,LN_CLOSE_DIR,LOCATION_TYPE,LONGITUDE,MAX_SEVERITY_LEVEL,MCYCLE_DEATH_COUNT,MCYCLE_SUSP_SERIOUS_INJ_COUNT,MOTORCYCLE_COUNT,MUNICIPALITY,NONMOTR_COUNT,NONMOTR_DEATH_COUNT,NONMOTR_SUSP_SERIOUS_INJ_COUNT,NTFY_HIWY_MAINT,PED_COUNT,PED_DEATH_COUNT,PED_SUSP_SERIOUS_INJ_COUNT,PERSON_COUNT,POLICE_AGCY,POSSIBLE_INJ_COUNT,RDWY_SURF_TYPE_CD,RELATION_TO_ROAD,ROAD_CONDITION,ROADWAY_CLEARED,SCH_BUS_IND,SCH_ZONE_IND,SECONDARY_CRASH,SMALL_TRUCK_COUNT,SPEC_JURIS_CD,SUSP_MINOR_INJ_COUNT,SUSP_SERIOUS_INJ_COUNT,SUV_COUNT,TCD_FUNC_CD,TCD_TYPE,TFC_DETOUR_IND,TIME_OF_DAY,TOT_INJ_COUNT,TOTAL_UNITS,UNB_DEATH_COUNT,UNB_SUSP_SERIOUS_INJ_COUNT,UNBELTED_OCC_COUNT,UNK_INJ_DEG_COUNT,UNK_INJ_PER_COUNT,URBAN_AREA,URBAN_RURAL,VAN_COUNT,VEHICLE_COUNT,WEATHER1,WEATHER2,WORK_ZONE_IND,WORK_ZONE_LOC,WORK_ZONE_TYPE,WORKERS_PRES,WZ_CLOSE_DETOUR,WZ_FLAGGER,WZ_LAW_OFFCR_IND,WZ_LN_CLOSURE,WZ_MOVING,WZ_OTHER,WZ_SHLDER_MDN,WZ_WORKERS_INJ_KILLED
2008029106,457.0,1,0,0,0,0,0,0,0,0,8,0,,67,12,2007,7,40.0258,-75.1215,452.0,6,0,0,0,0,0,0,0,0,3.0,0,0,0,99,3,1,0,,1,40 01:32.000,1.0,0,75 07:17.459,3,0,0,0,67301,1,0,0,N,1,0,0,2,67301,0,,1,1,,N,N,,0,,1,0,0,3,2,Y,9999,1,2,0,0,0,0,0,3,4,0,1,3,,N,,,,,,,,,,,
2008003993,1557.0,1,0,0,0,0,0,0,0,0,1,0,,67,10,2007,5,39.9552,-75.1987,1557.0,6,0,0,0,0,0,0,0,0,,0,0,0,15,1,2,0,,0,39 57:18.000,,0,75 11:55.149,4,0,0,0,67301,0,0,0,N,0,0,0,3,67301,1,,1,9,,N,N,,0,,0,0,1,3,2,,1514,2,2,0,0,0,1,0,3,4,0,2,99,,N,,,,,,,,,,,
2008024258,1845.0,2,0,0,0,0,0,0,0,0,0,0,,67,12,2007,1,40.0362,-75.1898,1835.0,6,0,0,0,0,0,0,0,0,4.0,0,0,0,18,3,0,0,,2,40 02:10.413,5.0,0,75 11:23.155,0,0,0,0,67301,0,0,0,N,0,0,0,2,67301,0,,1,1,,N,N,,0,,0,0,0,0,0,Y,1825,0,2,0,0,0,0,0,3,4,0,2,98,,N,,,,,,,,,,,
2008017498,1732.0,1,0,0,0,0,0,0,0,0,1,0,,67,11,2007,6,39.9633,-75.1874,1726.0,6,0,0,0,0,0,0,0,0,,0,0,0,17,3,1,1,,0,39 57:48.000,,0,75 11:14.695,8,0,0,0,67301,0,0,0,N,0,0,0,2,67301,0,,1,1,,N,N,,1,,0,0,0,3,2,,1723,1,2,0,0,0,1,1,3,4,0,2,3,,N,,,,,,,,,,,
2008004854,9999.0,1,0,0,0,0,0,0,0,0,7,0,,67,11,2007,3,40.0053,-75.1356,,6,0,0,0,0,0,0,0,0,,0,0,0,18,3,1,2,,0,40 00:19.116,,0,75 08:08.239,4,0,0,0,67301,0,0,0,,0,0,0,1,67301,1,,2,1,,N,,,0,,0,0,0,0,0,,1830,1,1,0,0,0,0,0,3,4,0,1,3,,N,,,,,,,,,,,
2008007298,945.0,1,0,0,0,0,0,0,0,0,1,0,,67,11,2007,2,39.9877,-75.2161,940.0,6,0,0,0,0,0,0,0,0,,0,0,0,9,1,2,0,,0,39 59:15.000,,0,75 12:58.151,3,0,0,0,67301,0,0,0,N,0,0,0,3,67301,0,,1,9,,N,N,,1,,2,0,0,3,2,,935,2,2,0,0,0,0,0,3,4,0,2,7,,N,,,,,,,,,,,
2008007304,1559.0,2,0,0,0,0,0,0,0,0,1,0,,67,11,2007,4,40.0296,-75.0836,1548.0,6,0,0,0,0,0,0,0,0,,0,0,0,15,1,1,0,,0,40 01:46.513,,0,75 05:00.913,4,0,0,0,67301,0,0,0,N,0,0,0,3,67301,1,,1,9,,N,N,,0,,0,0,0,0,0,,1542,1,2,0,0,2,0,0,3,4,0,2,7,,N,,,,,,,,,,,
2008004890,1822.0,2,0,0,0,0,0,0,0,0,6,0,,67,10,2007,3,39.991,-75.1085,1819.0,6,0,0,0,0,0,0,0,0,,0,0,0,17,4,1,0,,0,39 59:27.000,,0,75 06:30.767,4,0,0,0,67301,0,0,0,,0,0,0,2,67301,1,,1,1,,N,N,,0,,0,0,0,0,0,,1735,1,2,0,0,0,0,0,3,4,0,2,3,,N,,,,,,,,,,,
2008018039,358.0,1,0,0,0,0,0,0,0,0,7,0,,67,12,2007,1,,,357.0,6,0,0,0,0,0,0,0,0,,0,0,0,3,3,0,0,,0,,,7,,0,0,0,0,67301,0,0,0,N,0,0,0,1,67301,0,,5,9,,N,N,,0,,0,0,0,0,0,,350,0,1,0,0,0,0,0,3,3,0,1,7,,N,,,,,,,,,,,
2008018073,1516.0,1,0,0,0,0,0,0,0,0,8,0,,67,11,2007,5,40.0309,-75.1193,1512.0,6,0,0,0,0,0,0,0,0,,0,0,0,15,1,2,0,,0,40 01:51.279,,0,75 07:09.375,8,0,0,0,67301,1,0,0,N,1,0,0,2,67301,0,,1,1,,N,N,,0,,0,0,0,0,0,,1510,2,2,0,0,0,2,0,3,4,0,1,3,,N,,,,,,,,,,,
2008018080,825.0,2,0,0,0,0,0,0,0,0,7,0,,67,12,2007,1,40.1068,-75.0371,821.0,6,0,0,0,0,0,0,0,0,1.0,0,0,0,8,1,0,0,,2,40 06:24.537,3.0,0,75 02:13.480,0,0,0,0,67301,0,0,0,,0,0,0,2,67301,0,,4,2,,,,,0,,0,0,0,0,0,Y,800,0,2,0,0,0,0,0,3,4,0,2,9,,N,,,,,,,,,,,
2008020520,204.0,1,0,0,0,0,0,0,0,0,7,0,,67,12,2007,7,39.9838,-75.2081,200.0,6,0,0,1,0,0,0,0,0,,0,0,0,1,3,0,0,,0,39 59:05.000,,0,75 12:29.554,0,0,0,0,67301,0,0,0,N,0,0,0,3,68K01,0,,2,1,,N,N,,0,,0,0,0,0,0,,157,0,1,0,0,0,0,0,3,4,0,1,3,,N,,,,,,,,,,,
2008033026,,0,0,0,0,0,0,0,0,0,4,0,,67,9,2007,7,,,,6,0,0,0,0,0,0,0,0,,0,0,0,1,6,1,0,,0,,,0,,4,0,0,2,67301,0,0,0,N,0,0,0,2,00000,1,,1,1,,N,N,,0,,0,0,0,0,0,,100,1,2,0,0,0,0,0,3,3,0,2,3,,N,,,,,,,,,,,
2008005994,805.0,2,0,0,0,0,0,0,0,0,4,0,,67,11,2007,3,40.0313,-75.0662,800.0,6,0,0,0,0,0,0,0,0,,0,0,0,99,1,0,1,,0,40 01:52.000,,0,75 03:58.343,0,0,0,0,67301,0,0,0,,0,0,0,2,67301,0,,1,9,,,,,0,,0,0,0,3,3,,9999,0,2,0,0,1,0,0,3,4,0,2,7,,N,,,,,,,,,,,
2008016463,410.0,0,0,0,0,0,0,0,0,0,7,1,,67,12,2007,3,39.8929,-75.223,358.0,6,0,0,0,0,0,0,0,0,,0,1,0,3,3,1,0,,0,39 53:34.278,,0,75 13:22.912,3,0,0,0,67301,0,0,0,,0,0,0,1,67301,0,,5,1,,,,,0,,1,0,0,3,2,,340,1,1,0,0,0,0,0,3,4,0,1,3,,N,,,,,,,,,,,
2008029108,1633.0,2,0,0,0,0,0,0,0,0,1,0,,67,12,2007,4,40.0198,-75.149,1630.0,6,0,0,0,0,0,0,0,0,1.0,0,0,0,16,1,1,0,,2,40 01:11.000,2.0,0,75 08:55.960,4,0,0,0,67301,0,0,0,N,0,0,0,2,67301,1,,1,9,,N,N,,0,,0,0,0,0,0,N,1630,1,2,0,0,0,0,0,3,4,0,2,7,,N,,,,,,,,,,,
2008029110,1658.0,2,0,0,0,0,0,0,0,0,1,0,,67,12,2007,2,40.0252,-75.1254,1652.0,6,0,0,0,0,0,0,0,0,1.0,0,0,0,16,4,1,1,,2,40 01:30.000,3.0,0,75 07:31.531,3,0,0,0,67301,0,0,0,N,0,0,0,5,67301,0,,1,1,,N,N,,0,,1,0,0,3,2,N,1648,1,2,0,0,0,0,0,3,4,0,2,3,,N,,,,,,,,,,,
2008016256,857.0,0,0,0,0,0,0,0,0,0,7,0,,67,12,2007,1,40.0523,-75.1002,852.0,6,0,0,0,0,0,0,0,0,9.0,0,0,0,5,3,0,2,,1,40 03:08.128,4.0,0,75 06:00.547,0,0,0,0,67301,0,0,0,N,0,0,0,1,67301,0,,4,2,,N,N,,0,,0,0,1,3,3,N,530,0,1,0,0,0,0,0,3,4,0,1,10,,N,,,,,,,,,,,
2008006644,17.0,2,0,0,0,0,0,0,0,0,1,0,,67,10,2007,1,40.0808,-75.0286,16.0,6,0,0,0,0,0,0,0,0,,0,0,0,0,3,2,1,,0,40 04:50.000,,0,75 01:42.964,4,0,0,0,67301,0,0,0,,0,0,0,3,67301,2,,1,9,,,,,1,,0,0,0,2,2,,14,2,3,0,0,1,0,0,3,4,0,3,3,,N,,,,,,,,,,,
2008006661,823.0,1,0,0,0,0,0,0,0,0,8,0,,67,11,2007,5,39.9483,-75.1558,820.0,6,0,0,0,0,0,0,1,0,,0,0,0,8,1,1,1,,0,39 56:53.000,,0,75 09:20.749,4,0,0,0,67301,1,0,0,N,1,0,0,2,67301,1,,1,1,,N,N,,0,,0,0,0,2,2,,815,1,2,0,0,0,0,0,3,4,0,1,3,,N,,,,,,,,,,,
2008007112,145.0,1,0,0,0,0,0,0,0,0,4,0,,67,11,2007,2,40.0301,-75.0352,140.0,6,0,0,0,0,0,0,0,0,,0,0,0,1,3,1,1,,0,40 01:48.000,,0,75 02:06.580,3,0,0,0,67301,0,0,0,N,0,0,0,2,67301,0,,1,9,,N,N,,0,,1,0,1,3,2,,140,1,2,0,0,0,0,0,3,4,0,2,7,,N,,,,,,,,,,,
2008036970,1535.0,1,0,0,0,0,0,0,0,0,8,0,,67,10,2007,4,40.0911,-75.0548,1531.0,6,0,0,0,0,0,0,0,0,,0,0,0,15,1,1,0,,0,40 05:28.000,,0,75 03:17.422,4,0,0,0,67301,1,0,0,N,1,0,0,3,67301,1,,1,1,,N,Y,,0,,0,0,0,3,2,,1530,1,2,0,0,0,0,0,3,4,0,1,3,,N,,,,,,,,,,,
2008024297,2232.0,0,0,0,0,0,0,0,0,0,8,0,,67,12,2007,4,40.0039,-75.1492,2229.0,6,0,0,0,0,0,0,0,0,,0,0,0,20,3,1,0,,0,40 00:13.952,,0,75 08:57.016,3,0,0,0,67301,1,0,0,,1,0,0,2,67301,0,,1,9,,N,N,,1,,1,0,0,3,2,,2035,1,2,0,0,0,0,0,3,4,0,1,99,,N,,,,,,,,,,,
2008024445,9999.0,1,0,0,0,0,0,0,0,0,4,0,,67,12,2007,5,40.0138,-75.056,1757.0,6,0,0,0,0,0,0,0,0,,0,0,0,99,3,2,1,,0,40 00:49.000,,0,75 03:21.350,8,0,0,0,67301,0,0,0,,0,0,0,3,67301,0,,1,1,,N,N,,0,,0,0,1,9,2,,9999,2,2,0,0,0,2,0,3,4,0,2,3,,N,,,,,,,,,,,
2008017001,1050.0,3,0,0,0,0,0,0,0,0,4,0,,67,12,2007,1,39.9432,-75.1585,1040.0,6,0,0,0,0,0,1,0,0,,0,0,0,10,1,1,1,,0,39 56:35.516,,0,75 09:30.711,3,0,0,0,67301,0,0,0,N,0,0,0,3,67301,0,,1,1,,N,N,,0,,1,0,0,3,3,,1040,1,3,0,0,1,0,0,3,4,0,3,3,,N,,,,,,,,,,,
2008017009,1835.0,0,0,0,0,0,0,1,0,0,8,1,,67,12,2007,5,40.0124,-75.0876,1830.0,6,0,0,0,0,0,0,0,0,,0,0,0,18,2,1,1,,0,40 00:44.000,,0,75 05:15.453,2,0,0,0,67301,1,0,1,,1,0,1,4,67301,0,,1,1,,N,N,,0,,0,1,0,3,2,,1830,1,2,0,0,0,0,0,3,4,0,1,3,,N,,,,,,,,,,,
2008017181,1720.0,1,0,0,0,0,0,0,0,0,8,0,,67,12,2007,5,39.9545,-75.1984,1718.0,6,0,0,0,0,0,0,0,0,1.0,0,0,0,17,3,1,1,,2,39 57:18.000,1.0,0,75 11:53.890,3,0,0,0,67301,1,0,0,,1,0,0,2,67301,0,,1,9,,,,,0,,1,0,0,3,2,Y,1715,1,2,0,0,0,0,0,3,4,0,1,7,,N,,,,,,,,,,,
2008017395,1551.0,2,0,0,0,0,0,0,0,0,4,0,,67,12,2007,1,40.0505,-75.0972,1549.0,6,0,0,0,0,0,0,1,0,1.0,0,0,0,15,1,1,1,,1,40 03:01.771,4.0,0,75 05:49.941,8,0,0,0,67301,0,0,0,,0,0,0,3,67301,0,,1,9,,,,,1,,0,0,0,3,2,N,1544,1,3,0,0,0,1,0,3,4,0,3,3,,N,,,,,,,,,,,
2008017412,1035.0,2,0,0,0,0,0,0,0,0,5,0,,67,12,2007,6,39.9576,-75.1457,1030.0,6,0,0,0,0,0,1,0,0,,0,0,0,10,1,1,1,,0,39 57:27.432,,0,75 08:44.473,8,0,0,0,67301,0,0,0,N,0,0,0,3,67301,0,,1,1,,N,N,,0,,0,0,0,3,2,,1025,1,2,0,0,0,1,0,3,4,0,2,3,,N,,,,,,,,,,,
2008003753,2012.0,1,0,0,0,0,0,0,0,0,7,0,,67,10,2007,7,40.0369,-75.1451,2009.0,6,0,0,0,0,0,0,0,0,,0,0,0,99,3,1,2,,0,40 02:12.000,,0,75 08:42.306,4,0,0,0,67301,0,0,0,,0,0,0,1,67301,1,,4,1,,,,,0,,0,0,0,3,2,,9999,1,2,0,0,0,0,0,3,4,0,1,3,,N,,,,,,,,,,,
2008023895,806.0,1,0,0,0,0,0,0,0,0,4,0,,67,12,2007,2,39.9213,-75.2316,759.0,6,0,0,1,0,0,0,0,0,,0,0,0,7,1,1,1,,0,39 55:16.000,,0,75 13:53.649,4,0,0,0,67301,0,0,0,,0,0,0,2,67301,1,,1,1,,,,,0,,0,0,1,3,2,,735,1,2,0,0,0,0,0,3,4,0,2,3,,N,,,,,,,,,,,
2008024215,1625.0,1,0,0,0,0,0,0,0,0,5,0,,67,12,2007,2,39.9347,-75.1471,1615.0,6,0,0,0,0,0,0,0,0,,0,0,0,16,1,0,0,,0,39 56:04.855,,0,75 08:49.621,0,0,0,0,67301,0,0,0,N,0,0,0,1,67301,0,,6,1,,,,,1,,0,0,0,0,0,,1602,0,2,0,0,0,0,0,3,4,0,2,3,,N,,,,,,,,,,,
2007092792,1750.0,1,0,0,0,0,0,0,0,0,7,0,,67,7,2007,4,39.8919,-75.2419,1744.0,6,0,0,0,0,0,0,0,0,,0,0,0,99,1,0,2,,0,39 53:30.000,,0,75 14:30.863,0,0,0,0,67301,0,0,0,N,0,0,0,1,67301,0,,3,9,,N,N,,0,,0,0,0,0,0,,9999,0,1,0,0,0,0,0,3,4,0,1,7,,N,,,,,,,,,,,
2007117229,134.0,1,0,0,0,0,0,0,0,0,7,0,,67,9,2007,6,40.0538,-75.1304,129.0,6,0,0,0,0,0,0,0,0,,0,0,0,1,3,1,2,,0,40 03:13.611,,0,75 07:49.537,3,0,0,0,67301,0,0,0,N,0,0,0,1,67301,0,,5,1,,N,N,,0,,1,0,0,9,3,,126,1,1,0,0,0,0,0,3,4,0,1,3,,N,,,,,,,,,,,
2007106008,2005.0,1,0,0,0,0,0,0,0,0,8,0,,67,9,2007,7,40.1011,-74.9742,1917.0,6,0,0,0,0,0,0,0,0,,0,0,0,19,1,1,0,,0,40 06:04.000,,0,74 58:27.200,4,0,0,0,67301,1,0,0,N,1,0,0,3,67301,1,,1,1,,N,N,,0,,0,0,0,0,0,,1917,1,2,0,0,0,0,0,3,4,0,1,3,,N,,,,,,,,,,,
2007098787,1525.0,1,0,0,0,0,0,0,0,0,7,0,,67,8,2007,3,40.0122,-75.2046,1511.0,6,0,0,0,0,0,0,0,0,,0,0,0,15,1,0,0,,0,40 00:42.000,,0,75 12:18.415,0,0,0,0,67301,0,0,0,N,0,0,0,1,67301,0,,2,9,,N,N,,0,,0,0,0,0,0,,1510,0,1,0,0,0,0,0,3,4,0,1,7,,N,,,,,,,,,,,
2007081743,1115.0,1,0,0,0,0,0,0,0,0,4,0,,67,7,2007,5,40.0457,-75.0315,1109.0,6,0,0,0,0,0,1,2,0,,0,0,0,11,1,1,1,,0,40 02:44.000,,0,75 01:53.444,8,0,0,0,67301,0,0,0,N,0,0,0,4,67301,0,,1,9,,N,N,,0,,0,0,0,3,2,,1100,1,3,0,0,0,1,0,3,4,2,3,7,,N,,,,,,,,,,,
2007081757,1830.0,3,0,0,0,0,0,0,0,0,1,0,,67,5,2007,3,40.0152,-75.1772,1830.0,6,0,0,0,0,0,0,0,0,1.0,0,0,0,18,1,2,0,,2,40 00:54.000,3.0,0,75 10:37.856,4,0,0,0,67301,0,0,0,N,0,0,0,4,67301,2,,1,1,,N,N,,0,,0,0,1,0,0,N,1824,2,4,0,0,1,0,0,3,4,0,4,3,,N,,,,,,,,,,,
2007081773,835.0,1,0,0,0,0,0,0,0,0,2,0,,67,6,2007,4,40.0105,-75.1608,830.0,6,0,0,0,0,0,0,0,0,1.0,0,0,0,8,1,1,1,,1,40 00:37.000,6.0,0,75 09:38.718,4,0,0,0,67301,0,0,0,N,0,0,0,2,67301,1,,1,1,,N,N,,1,,0,0,0,0,0,Y,830,1,2,0,0,0,0,0,3,4,0,2,3,,N,,,,,,,,,,,
2007097852,915.0,1,0,0,0,0,0,0,0,0,6,1,,67,8,2007,4,40.0086,-75.0688,905.0,6,0,0,0,0,0,0,0,0,,0,1,0,9,1,1,1,,0,40 00:31.000,,0,75 04:07.878,4,0,0,0,67301,0,0,0,N,0,0,0,3,67301,1,,1,1,,N,N,,0,,0,0,0,3,2,,900,1,2,0,0,0,0,0,3,4,0,2,3,,N,,,,,,,,,,,
2007098993,9999.0,2,0,0,0,0,0,0,0,0,4,0,,67,9,2007,2,39.9543,-75.2281,1542.0,6,0,0,0,0,0,1,0,0,,0,0,0,15,1,1,1,,0,39 57:15.476,,0,75 13:41.257,4,0,0,0,67301,0,0,0,N,0,0,0,2,67301,1,,1,1,,N,N,,0,,0,0,0,9,3,,1542,1,2,0,0,1,0,0,3,4,0,2,3,,N,,,,,,,,,,,
2007067274,50.0,1,0,0,0,0,0,0,0,0,7,0,,67,4,2007,4,,,34.0,6,0,1,0,0,0,0,0,0,1.0,0,0,0,0,3,0,10,,1,,4.0,3,,0,0,0,0,67301,0,0,0,N,0,0,0,1,67301,0,,3,1,,N,N,,0,,0,0,0,0,0,N,34,0,1,0,0,0,0,0,3,3,0,1,3,,N,,,,,,,,,,,
2007092789,1949.0,1,0,0,1,0,0,0,0,0,4,0,,67,7,2007,6,39.9747,-75.2676,1948.0,6,0,0,0,0,0,0,0,0,,0,0,0,19,1,2,2,,0,39 58:28.794,,0,75 16:03.280,4,0,0,0,67301,1,0,0,,0,0,0,5,67301,2,,1,1,,,,,0,,0,0,0,0,0,,1948,2,2,0,0,0,0,0,3,4,0,1,3,,N,,,,,,,,,,,
2007047893,220.0,1,0,0,0,0,0,0,0,0,1,0,,67,2,2007,2,39.9785,-75.1677,215.0,6,0,0,0,0,0,1,0,0,,0,0,0,2,3,2,1,,0,39 58:42.639,,0,75 10:03.820,8,0,0,0,67301,0,0,0,N,0,0,0,3,67301,0,,1,6,,N,N,,0,,0,0,0,3,2,,210,2,2,0,0,0,2,1,3,4,0,2,98,,N,,,,,,,,,,,
2007047909,1102.0,2,0,0,0,0,0,0,0,0,1,0,,67,2,2007,4,39.9514,-75.1686,9999.0,6,0,0,0,0,0,1,0,1,,0,0,0,10,1,2,2,,0,39 57:05.000,,0,75 10:06.920,4,0,0,0,67301,0,0,0,N,0,0,0,3,67301,2,,1,2,,N,N,,0,,0,0,1,3,2,,1040,2,3,0,0,0,0,0,3,4,0,3,10,,N,,,,,,,,,,,
2007047971,2220.0,1,0,0,0,0,0,0,0,0,7,0,,67,3,2007,1,,,2158.0,6,0,0,0,0,0,0,0,0,1.0,0,0,0,21,3,0,0,,2,,2.0,2,,0,0,0,0,67301,0,0,0,Y,0,0,0,1,67301,0,,2,1,,N,N,,0,,0,0,0,0,0,N,2154,0,1,0,0,0,0,0,3,3,0,1,3,,N,,,,,,,,,,,
2007127630,425.0,0,0,0,0,0,0,0,0,0,7,0,,67,10,2007,1,40.0258,-75.1539,420.0,6,0,1,0,0,0,0,0,0,,0,0,0,4,3,2,0,,0,40 01:32.794,,0,75 09:14.090,3,0,0,0,67301,0,0,0,N,0,0,0,2,67301,1,,5,1,,N,N,,1,,1,0,0,0,0,,410,2,1,0,0,0,0,0,3,4,0,1,3,,N,,,,,,,,,,,
2007107521,1555.0,2,0,0,0,0,0,0,0,0,1,0,,67,9,2007,6,39.9844,-75.1303,1550.0,6,0,0,0,0,0,2,0,0,,0,0,0,15,1,1,0,,0,39 59:03.769,,0,75 07:48.922,4,0,0,0,67301,0,0,0,N,0,0,0,2,67301,1,,1,1,,N,N,,0,,0,0,0,3,3,,1545,1,2,0,0,0,0,0,3,4,0,2,3,,N,,,,,,,,,,,
2007110095,105.0,1,0,0,0,0,0,0,0,0,2,0,,67,9,2007,5,40.0449,-75.1012,105.0,6,0,0,0,0,0,0,0,0,2.0,0,0,0,1,6,0,0,,2,40 02:41.000,1.0,0,75 06:04.368,0,0,0,0,67301,0,0,0,N,0,0,0,1,67301,0,,6,1,,N,N,,1,,0,0,1,0,0,Y,105,0,3,0,0,0,0,0,3,4,0,3,3,,N,,,,,,,,,,,
2007048281,1245.0,2,0,0,0,0,0,0,0,0,4,0,,67,2,2007,1,40.0445,-75.1931,1233.0,6,0,0,0,0,0,1,0,0,,0,0,0,12,1,2,1,,0,40 02:40.000,,0,75 11:35.236,4,0,0,0,67301,0,0,0,N,0,0,0,3,67301,2,,1,1,,N,N,,0,,0,0,0,3,2,,1230,2,2,0,0,1,0,0,3,4,0,2,3,,N,,,,,,,,,,,
2007048342,5.0,1,0,0,0,0,0,0,0,0,7,0,,67,3,2007,7,39.9076,-75.1679,2.0,6,0,0,0,0,0,0,0,0,,0,0,0,99,3,0,10,,0,39 54:27.331,,7,75 10:04.465,0,0,0,0,67301,0,0,0,N,0,0,0,1,67301,0,,5,1,,N,N,,0,,0,0,0,3,3,,9999,0,1,0,0,0,0,0,3,4,0,1,3,,N,,,,,,,,,,,
2007092924,1134.0,2,0,0,0,0,0,0,0,0,2,0,,67,6,2007,5,39.933,-75.1679,1129.0,6,0,0,0,0,0,0,0,0,2.0,0,0,0,11,1,1,1,,1,39 55:58.000,2.0,0,75 10:04.384,4,0,0,0,67301,0,0,0,,0,0,0,7,67301,1,,1,1,,N,N,,0,,0,0,0,3,2,N,1127,1,2,0,0,0,0,0,3,4,0,2,3,,N,,,,,,,,,,,
2007092950,1630.0,0,0,0,0,0,0,0,0,0,7,0,,67,7,2007,3,40.014,-75.1778,1609.0,6,0,0,0,0,0,1,0,0,,0,0,0,16,1,1,0,,0,40 00:50.504,,0,75 10:40.112,4,0,0,0,67301,0,0,0,N,0,0,0,1,67301,1,,4,1,,N,N,,0,,0,0,1,0,0,,1609,1,1,0,0,0,0,0,3,4,0,1,3,,N,,,,,,,,,,,
2008004923,1342.0,0,0,0,0,0,0,0,0,0,8,0,,67,11,2007,1,39.9643,-75.2342,1341.0,6,0,0,0,0,0,0,0,0,,0,0,0,13,1,1,1,,0,39 57:51.613,,0,75 14:03.292,8,0,0,0,67301,1,0,0,,1,0,0,2,67301,0,,1,9,,N,N,,1,,0,0,0,0,0,,1339,1,2,0,0,0,1,1,3,4,0,1,7,,N,,,,,,,,,,,
2008005000,2202.0,2,0,0,0,0,0,0,0,0,1,0,45.0,67,11,2007,4,39.9967,-75.1968,2202.0,6,0,0,0,0,0,0,0,0,2.0,0,0,0,21,2,0,0,,2,39 59:48.000,3.0,0,75 11:48.093,0,0,0,0,67301,0,0,0,N,0,0,0,2,68K01,0,,1,1,,N,N,,0,,0,0,0,3,8,N,2155,0,2,0,0,0,0,0,3,4,0,2,3,,Y,2.0,1.0,N,,,N,Y,,,,
2008010701,1043.0,1,0,0,0,0,0,0,0,0,7,0,,67,1,2007,7,40.0455,-75.1128,1036.0,6,0,0,0,0,0,1,0,0,1.0,0,0,0,10,1,0,2,,2,40 02:50.000,3.0,0,75 06:44.541,0,0,0,0,67301,0,0,0,N,0,0,0,6,46102,0,,4,9,,N,N,,0,,0,0,1,3,2,N,1036,0,2,0,0,0,0,0,3,4,0,2,7,,N,,,,,,,,,,,
2008053057,1612.0,2,0,0,0,0,0,0,0,0,4,0,,67,10,2007,2,39.9741,-75.2424,1610.0,6,0,0,0,0,0,1,0,0,,0,0,0,16,1,0,2,,0,39 58:26.781,,0,75 14:32.708,0,0,0,0,67301,0,0,0,N,0,0,0,4,67301,0,,1,1,,N,N,,0,,0,0,0,3,3,,1600,0,2,0,0,0,0,0,3,4,0,2,3,,N,,,,,,,,,,,
2008018071,1326.0,0,0,0,0,0,0,0,0,0,7,0,,67,12,2007,7,39.9591,-75.1412,1322.0,6,0,0,0,0,0,0,0,0,,0,0,0,99,1,1,2,,0,39 57:28.983,,0,75 08:30.572,3,0,0,0,67301,0,0,0,,0,0,0,1,67301,0,,5,1,,,,,0,,1,0,0,0,0,,9999,1,1,0,0,0,0,0,3,4,1,1,3,,N,,,,,,,,,,,
2008018096,1756.0,1,0,0,0,0,0,0,0,0,4,0,,67,12,2007,2,39.8862,-75.2491,1746.0,6,0,0,0,0,0,1,0,0,,0,0,0,99,3,1,2,,0,39 53:10.347,,0,75 14:56.924,8,0,0,0,67301,0,0,0,N,0,0,0,2,67301,0,,1,1,,N,N,,0,,0,0,0,2,2,,9999,1,2,0,0,0,1,0,3,4,1,2,3,,N,,,,,,,,,,,
2008018212,1100.0,1,0,0,0,0,0,0,0,0,1,0,,67,12,2007,1,40.0595,-75.0444,1055.0,6,0,0,0,0,0,0,0,0,,0,0,0,10,1,1,5,,0,40 03:33.742,,0,75 02:40.195,4,0,0,0,67301,0,0,0,N,0,0,0,7,67301,1,,1,9,,N,N,,0,,0,0,1,3,2,,1054,1,2,0,0,0,0,0,3,4,0,2,7,,N,,,,,,,,,,,