CRN,ARRIVAL_TM,AUTOMOBILE_COUNT,BELTED_DEATH_COUNT,BELTED_SUSP_SERIOUS_INJ_COUNT,BICYCLE_COUNT,BICYCLE_DEATH_COUNT,BICYCLE_SUSP_SERIOUS_INJ_COUNT,BUS_COUNT,CHLDPAS_DEATH_COUNT,CHLDPAS_SUSP_SERIOUS_INJ_COUNT,COLLISION_TYPE,COMM_VEH_COUNT,CONS_ZONE_SPD_LIM,COUNTY,CRASH_MONTH,CRASH_YEAR,DAY_OF_WEEK,DEC_LAT,DEC_LONG,DISPATCH_TM,DISTRICT,DRIVER_COUNT_16YR,DRIVER_COUNT_17YR,DRIVER_COUNT_18YR,DRIVER_COUNT_19YR,DRIVER_COUNT_20YR,DRIVER_COUNT_50_64YR,DRIVER_COUNT_65_74YR,DRIVER_COUNT_75PLUS,EST_HRS_CLOSED,FATAL_COUNT,HEAVY_TRUCK_COUNT,HORSE_BUGGY_COUNT,HOUR_OF_DAY,ILLUMINATION,INJURY_COUNT,INTERSECT_TYPE,INTERSECTION_RELATED,LANE_CLOSED,LATITUDE,LN_CLOSE_DIR,LOCATION_TYPE,LONGITUDE,MAX_SEVERITY_LEVEL,MCYCLE_DEATH_COUNT,MCYCLE_SUSP_SERIOUS_INJ_COUNT,MOTORCYCLE_COUNT,MUNICIPALITY,NONMOTR_COUNT,NONMOTR_DEATH_COUNT,NONMOTR_SUSP_SERIOUS_INJ_COUNT,NTFY_HIWY_MAINT,PED_COUNT,PED_DEATH_COUNT,PED_SUSP_SERIOUS_INJ_COUNT,PERSON_COUNT,POLICE_AGCY,POSSIBLE_INJ_COUNT,RDWY_SURF_TYPE_CD,RELATION_TO_ROAD,ROAD_CONDITION,ROADWAY_CLEARED,SCH_BUS_IND,SCH_ZONE_IND,SECONDARY_CRASH,SMALL_TRUCK_COUNT,SPEC_JURIS_CD,SUSP_MINOR_INJ_COUNT,SUSP_SERIOUS_INJ_COUNT,SUV_COUNT,TCD_FUNC_CD,TCD_TYPE,TFC_DETOUR_IND,TIME_OF_DAY,TOT_INJ_COUNT,TOTAL_UNITS,UNB_DEATH_COUNT,UNB_SUSP_SERIOUS_INJ_COUNT,UNBELTED_OCC_COUNT,UNK_INJ_DEG_COUNT,UNK_INJ_PER_COUNT,URBAN_AREA,URBAN_RURAL,VAN_COUNT,VEHICLE_COUNT,WEATHER1,WEATHER2,WORK_ZONE_IND,WORK_ZONE_LOC,WORK_ZONE_TYPE,WORKERS_PRES,WZ_CLOSE_DETOUR,WZ_FLAGGER,WZ_LAW_OFFCR_IND,WZ_LN_CLOSURE,WZ_MOVING,WZ_OTHER,WZ_SHLDER_MDN,WZ_WORKERS_INJ_KILLED
2008020099,37.0,0,0,0,0,0,0,0,0,0,8,0,,67,11,2007,6,40.0846,-75.0249,35.0,6,0,0,0,0,0,1,0,0,4.0,1,0,0,0,3,0,2,,2,40 05:04.000,1.0,0,75 01:29.594,1,0,0,0,67301,1,1,0,,1,1,0,3,67301,0,2.0,1,1,,,,,0,0.0,0,0,0,3,2,Y,30,0,2,0,0,0,0,0,3,4,1,1,3,,N,,,,,,,,,,,
2008034441,,1,0,0,0,0,0,0,0,0,6,0,,67,10,2007,7,39.9901,-75.2208,,6,0,0,0,0,0,0,0,0,,0,0,0,99,6,0,0,,0,39 59:24.274,,0,75 13:14.802,9,0,0,0,67301,0,0,0,N,0,0,0,1,,0,,1,9,,N,N,,0,,0,0,0,0,0,,9999,0,2,0,0,0,0,1,3,4,0,2,7,,N,,,,,,,,,,,
2008032471,0.0,2,0,0,0,0,0,0,0,0,1,0,,67,1,2007,6,40.0256,-75.1542,0.0,6,0,0,0,0,0,0,0,0,,0,0,0,20,1,1,1,,0,40 01:32.257,,0,75 09:15.145,3,0,0,0,67301,0,0,0,N,0,0,0,2,00000,0,,1,1,,N,N,,0,,1,0,0,0,0,,2015,1,2,0,0,0,0,0,3,4,0,2,3,,N,,,,,,,,,,,
2008006528,1350.0,2,0,0,0,0,0,0,0,0,1,0,,67,11,2007,4,39.9714,-75.1594,1345.0,6,0,0,0,0,0,2,0,0,,0,0,0,99,1,1,1,,0,39 58:17.000,,0,75 09:34.236,8,0,0,0,67301,0,0,0,,0,0,0,6,67301,0,,1,1,,N,N,,0,,0,0,0,3,2,,9999,1,3,0,0,0,1,5,3,4,0,3,3,,N,,,,,,,,,,,
2008029129,230.0,2,0,0,0,0,0,0,0,0,5,0,,67,12,2007,3,40.0343,-75.0746,228.0,6,0,1,0,0,0,0,0,0,2.0,0,0,0,2,3,0,1,,1,40 02:03.000,3.0,0,75 04:28.524,0,0,0,0,67301,0,0,0,N,0,0,0,6,67301,0,,1,1,,N,N,,0,,0,0,0,3,2,N,225,0,2,0,0,0,0,0,3,4,0,2,3,,N,,,,,,,,,,,
2008018636,849.0,0,0,0,0,0,0,0,0,0,1,0,,67,12,2007,2,39.924,-75.1671,844.0,6,0,0,0,0,0,1,0,0,,0,0,0,8,1,1,1,,0,39 55:25.000,,0,75 09:51.624,4,0,0,0,67301,0,0,0,N,0,0,0,3,67301,1,,1,9,,N,N,,0,,0,0,1,3,2,,833,1,2,0,0,0,0,0,3,4,1,2,7,,N,,,,,,,,,,,
2008023743,1715.0,1,0,0,0,0,0,0,0,0,8,0,,67,12,2007,1,39.948,-75.1727,1710.0,6,0,0,0,0,0,1,0,0,1.0,0,0,0,17,3,1,2,,1,39 56:52.684,3.0,0,75 10:21.874,8,0,0,0,67301,1,0,0,,1,0,0,2,67301,0,,1,9,,N,N,,0,,0,0,0,3,3,N,1705,1,2,0,0,0,1,0,3,4,0,1,7,,N,,,,,,,,,,,
2008006606,1020.0,2,0,0,0,0,0,0,0,0,2,0,,67,11,2007,2,39.9724,-75.19,1019.0,6,0,0,0,0,0,0,0,0,2.0,0,0,0,10,1,2,0,,2,39 58:19.000,5.0,0,75 11:23.876,8,0,0,0,67301,0,0,0,,0,0,0,2,67301,0,,1,9,,N,N,,0,,0,0,0,0,0,Y,1018,2,2,0,0,0,2,0,3,4,0,2,7,,N,,,,,,,,,,,
2008006609,1623.0,1,0,0,0,0,0,0,0,0,7,0,,67,11,2007,2,39.9697,-75.1871,1618.0,6,0,0,0,0,0,0,0,0,1.0,0,0,0,16,1,0,0,,1,39 58:10.000,5.0,0,75 11:13.340,0,0,0,0,67301,0,0,0,N,0,0,0,1,67301,0,,5,9,,N,N,,0,,0,0,0,0,0,N,1616,0,1,0,0,0,0,0,3,4,0,1,7,,N,,,,,,,,,,,
2008016366,1945.0,1,0,0,0,0,0,0,0,0,7,0,,67,11,2007,4,39.9256,-75.1793,1922.0,6,0,0,0,0,0,1,0,0,3.0,0,0,0,19,3,1,2,,2,39 55:32.000,7.0,0,75 10:44.688,8,0,0,0,67301,0,0,0,,0,0,0,2,67301,0,,5,1,,N,N,,0,,0,0,0,3,2,Y,1922,1,1,0,0,0,1,1,3,4,0,1,3,,N,,,,,,,,,,,
2008017082,1430.0,1,0,0,0,0,0,0,0,0,1,0,,67,11,2007,6,39.9137,-75.1481,1420.0,6,0,0,0,0,0,0,0,0,1.0,0,0,0,14,1,2,0,,1,39 54:52.000,1.0,2,75 08:52.042,8,0,0,0,67301,0,0,0,N,0,0,0,2,67301,0,,1,1,,N,N,,0,,0,0,1,0,0,N,1415,2,2,0,0,2,2,0,3,4,0,2,3,,N,,,,,,,,,,,
2008016973,45.0,0,0,0,1,0,0,0,0,0,2,0,,67,7,2007,6,,,43.0,6,0,0,0,0,0,0,0,0,,0,0,0,0,3,1,0,,0,,,0,,3,0,0,0,67301,1,0,0,,0,0,0,2,67301,0,,1,9,,N,N,,0,,1,0,0,2,2,,40,1,2,0,0,0,0,0,3,3,0,1,7,,N,,,,,,,,,,,
2008017004,20.0,3,0,0,0,0,0,0,0,0,1,0,,67,8,2007,6,39.9353,-75.2305,15.0,6,0,0,0,0,0,0,0,0,,0,0,0,22,3,3,0,,0,39 56:07.029,,0,75 13:49.761,8,0,0,0,67301,0,0,0,N,0,0,0,3,67301,0,,6,1,,N,N,,0,,0,0,0,0,0,,2245,3,3,0,0,2,3,0,3,4,0,3,3,,N,,,,,,,,,,,
2008017327,300.0,1,0,0,0,0,0,0,0,0,4,0,,67,12,2007,5,40.0251,-75.0627,250.0,6,0,0,0,0,1,1,0,0,,0,0,0,2,3,1,1,,0,40 01:30.000,,0,75 03:45.765,4,0,0,0,67301,0,0,0,N,0,0,0,2,67301,1,,1,2,,N,N,,1,,0,0,0,3,2,,249,1,2,0,0,0,0,0,3,4,0,2,98,,N,,,,,,,,,,,
2008017330,1719.0,1,0,0,0,0,0,0,0,0,8,0,,67,12,2007,5,39.9811,-75.2428,1719.0,6,0,0,0,0,0,1,0,0,,0,0,0,17,3,1,1,,0,39 58:51.848,,0,75 14:34.202,4,0,0,0,67301,1,0,0,N,1,0,0,2,67301,1,,1,9,,N,N,,0,,0,0,0,3,2,,1708,1,2,0,0,0,0,0,3,4,0,1,7,,N,,,,,,,,,,,
2008033765,,0,0,0,0,0,0,0,0,0,3,0,,67,5,2007,1,39.9977,-75.1075,,6,0,0,0,0,0,0,0,0,,0,0,0,22,2,2,2,,0,39 59:51.540,,0,75 06:26.938,8,0,0,0,67301,0,0,0,N,0,0,0,3,,0,,1,9,,N,N,,0,,0,0,0,0,0,,2251,2,2,0,0,0,2,1,3,4,0,2,7,,N,,,,,,,,,,,
2008003822,2131.0,1,0,0,0,0,0,0,0,0,7,0,,67,10,2007,2,39.8946,-75.2467,2130.0,6,0,0,0,0,0,0,0,0,,0,0,0,21,3,1,2,,0,39 53:40.000,,0,75 14:47.643,8,0,0,0,67301,0,0,0,N,0,0,0,1,67301,0,,2,1,,N,N,,0,,0,0,0,3,2,,2130,1,1,0,0,0,1,0,3,4,0,1,3,,N,,,,,,,,,,,
2008019025,258.0,1,0,0,0,0,0,0,0,0,7,0,,67,12,2007,2,39.9958,-75.1974,258.0,6,0,0,0,0,0,0,0,0,2.0,0,0,0,2,3,0,0,,1,39 59:45.000,3.0,0,75 11:50.290,0,0,0,0,67301,0,0,0,N,0,0,0,1,68K01,0,,4,9,,N,N,,0,,0,0,0,0,0,N,258,0,1,0,0,0,0,0,3,4,0,1,7,,N,,,,,,,,,,,
2008021429,1655.0,2,0,0,0,0,0,0,0,0,4,0,,67,11,2007,3,40.0229,-75.1632,1645.0,6,0,0,0,0,0,0,0,0,,0,0,0,16,1,1,1,,0,40 01:22.000,,0,75 09:47.577,4,0,0,0,67301,0,0,0,N,0,0,0,2,67301,1,,1,9,,N,N,,0,,0,0,0,3,3,,1600,1,2,0,0,0,0,0,3,4,0,2,7,,N,,,,,,,,,,,
2008023983,730.0,0,0,0,0,0,0,0,0,0,7,0,,67,12,2007,3,40.0372,-75.07,728.0,6,0,0,0,0,0,0,0,0,,0,0,0,7,1,0,0,,0,40 02:13.988,,0,75 04:11.895,0,0,0,0,67301,0,0,0,,0,0,0,1,67301,0,,4,1,,N,N,,1,,0,0,0,0,0,,715,0,1,0,0,0,0,0,3,4,0,1,3,,N,,,,,,,,,,,
2008033881,,1,0,0,0,0,0,0,0,0,7,0,,67,6,2007,6,39.8998,-75.1617,,6,0,0,0,0,0,0,0,0,,0,0,0,16,1,1,0,,0,39 54:03.000,,0,75 09:12.241,3,0,0,0,67301,0,0,0,,0,0,0,1,,0,,3,1,,,,,0,,1,0,0,0,0,,1630,1,2,0,0,0,0,0,3,4,0,1,3,,N,,,,,,,,,,,
2007092944,936.0,2,0,0,0,0,0,0,0,0,6,0,,67,7,2007,3,39.9622,-75.2427,933.0,6,0,0,0,0,0,1,0,0,,0,0,0,9,1,2,1,,0,39 57:43.000,,0,75 14:34.039,4,0,0,0,67301,0,0,0,N,0,0,0,3,67301,2,,1,1,,N,N,,0,,0,0,0,3,2,,933,2,2,0,0,2,0,0,3,4,0,2,3,,N,,,,,,,,,,,
2007092978,2045.0,1,0,0,0,0,0,0,0,0,2,0,,67,7,2007,6,39.9891,-75.1137,2035.0,6,0,0,0,0,0,0,0,0,,0,0,0,20,4,1,0,,0,39 59:20.904,,0,75 06:49.212,3,0,0,1,67301,0,0,0,,0,0,0,2,67301,0,,1,1,,,,,0,,1,0,0,3,3,,2030,1,2,0,0,0,0,0,3,4,0,2,3,,N,,,,,,,,,,,
2008007250,1547.0,2,0,0,0,0,0,0,0,0,1,0,99.0,67,11,2007,7,40.0184,-75.0472,1544.0,6,0,0,0,0,0,1,0,0,9.0,0,0,0,15,1,2,0,,1,40 01:06.000,1.0,0,75 02:49.216,8,0,0,0,67301,0,0,0,N,0,0,0,2,67301,0,,1,1,,N,N,,0,,0,0,0,0,0,N,1542,2,2,0,0,0,2,0,3,4,0,2,3,,Y,8.0,8.0,U,,,U,,,,,
2008007267,1522.0,1,0,0,0,0,0,0,0,0,8,0,,67,10,2007,3,40.042,-75.075,1517.0,6,0,0,0,0,0,1,0,0,,0,0,0,15,1,1,1,,0,40 02:31.000,,0,75 04:30.123,4,0,0,0,67301,1,0,0,N,1,0,0,2,67301,1,,1,1,,N,N,,0,,0,0,0,3,2,,1517,1,2,0,0,0,0,0,3,4,0,1,3,,N,,,,,,,,,,,
2008002536,917.0,1,0,0,0,0,0,0,0,0,5,1,,67,11,2007,4,39.9931,-75.2002,916.0,6,0,0,0,0,0,1,0,0,,0,1,0,9,1,0,0,,0,39 59:37.000,,0,75 11:56.849,0,0,0,0,67301,0,0,0,N,0,0,0,3,68K01,0,,1,1,,N,N,,0,,0,0,0,0,0,,914,0,2,0,0,0,0,0,3,4,0,2,3,,N,,,,,,,,,,,
2008016091,1305.0,1,0,0,0,0,0,0,0,0,8,0,,67,12,2007,4,40.0391,-75.1446,1300.0,6,0,0,0,0,0,0,0,0,1.0,0,0,0,12,1,1,0,,2,40 02:20.000,5.0,0,75 08:40.598,3,0,0,0,67301,1,0,0,N,1,0,0,2,67301,0,,1,1,,N,N,,0,,1,0,0,0,0,Y,1257,1,2,0,0,0,0,0,3,4,0,1,3,,N,,,,,,,,,,,
2008018045,445.0,2,0,0,0,0,0,0,0,0,1,0,,67,12,2007,5,40.112,-74.9905,442.0,6,0,0,0,0,0,0,0,0,1.0,0,0,0,4,3,2,1,,1,40 06:43.000,1.0,0,74 59:25.779,4,0,0,0,67301,0,0,0,N,0,0,0,2,67301,1,,1,1,,N,N,,0,,0,0,0,3,2,N,440,2,2,0,0,0,1,0,3,4,0,2,3,,N,,,,,,,,,,,
2008018066,1620.0,1,0,0,0,0,0,0,0,0,4,0,,67,12,2007,1,40.0821,-75.2198,1557.0,6,0,0,0,0,0,0,0,0,,0,0,0,15,1,0,1,,0,40 04:55.524,,0,75 13:11.308,0,0,0,0,67301,0,0,0,,0,0,0,2,67301,0,,1,9,,,,,0,,0,0,1,3,2,,1553,0,2,0,0,0,0,0,3,4,0,2,7,,N,,,,,,,,,,,
2008018233,1618.0,1,0,0,0,0,0,0,0,0,7,0,,67,12,2007,6,40.1007,-74.9972,1605.0,6,0,0,0,0,0,1,0,0,,0,0,0,16,3,0,0,,0,40 06:02.584,,0,74 59:49.758,0,0,0,0,67301,0,0,0,N,0,0,0,1,67301,0,,2,9,,N,N,,0,,0,0,0,0,0,,1603,0,1,0,0,0,0,0,3,4,0,1,10,,N,,,,,,,,,,,
2008032996,,2,0,0,0,0,0,0,0,0,1,0,,67,9,2007,6,39.9645,-75.1823,,6,0,0,0,0,0,0,0,0,,0,0,0,17,4,1,3,,0,39 57:52.000,,0,75 10:56.085,4,0,0,0,67301,0,0,0,N,0,0,0,3,,1,,1,1,,N,N,,0,,0,0,0,3,2,,1745,1,2,0,0,0,0,0,3,4,0,2,3,,N,,,,,,,,,,,
2008022726,1810.0,2,0,0,0,0,0,0,0,0,1,0,,67,12,2007,6,40.0312,-75.0217,1759.0,6,0,0,0,0,0,2,0,0,2.0,0,0,0,99,4,1,2,,2,40 01:52.000,5.0,0,75 01:18.271,3,0,0,0,67301,0,0,0,N,0,0,0,2,67301,0,,1,1,,N,N,,0,,1,0,0,3,2,Y,9999,1,2,0,0,1,0,0,3,4,0,2,3,,N,,,,,,,,,,,
2008005976,2138.0,1,0,0,0,0,0,0,0,0,1,0,,67,11,2007,6,39.9343,-75.222,2138.0,6,0,0,0,0,0,0,0,0,,0,0,0,99,3,1,0,,0,39 56:03.520,,0,75 13:19.179,4,0,0,0,67301,0,0,0,N,0,0,0,3,67301,1,,1,1,,N,N,,0,,0,0,1,0,0,,9999,1,2,0,0,0,0,0,3,4,0,2,3,,N,,,,,,,,,,,
2008000026,1051.0,1,0,0,1,0,0,0,0,0,4,0,,67,10,2007,2,40.0408,-75.1789,1051.0,6,0,0,0,0,0,0,0,0,,0,0,0,10,1,1,0,,0,40 02:26.000,,7,75 10:44.058,4,0,0,0,67301,1,0,0,N,0,0,0,2,67301,1,,5,1,,N,,,0,,0,0,0,0,0,,1005,1,2,0,0,0,0,0,3,4,0,1,3,,N,,,,,,,,,,,
2008004779,931.0,2,0,0,0,0,0,0,0,0,1,0,,67,11,2007,3,39.9889,-75.1518,930.0,6,0,0,0,0,1,1,0,0,,0,0,0,9,1,1,1,,0,39 59:20.061,,0,75 09:06.595,4,0,0,0,67301,0,0,0,,0,0,0,2,67301,1,,1,9,,N,N,,0,,0,0,0,3,3,,913,1,2,0,0,0,0,0,3,4,0,2,7,,N,,,,,,,,,,,
2008024228,1754.0,1,0,0,0,0,0,0,0,0,2,0,,67,12,2007,4,39.9841,-75.2235,1750.0,6,0,0,0,0,0,0,1,0,1.0,0,0,0,17,3,3,0,,2,39 59:02.907,1.0,0,75 13:24.509,3,0,0,0,67301,0,0,0,N,0,0,0,3,67301,1,,1,1,,N,N,,0,,2,0,0,0,0,Y,1750,3,2,0,0,0,0,0,3,4,1,2,3,,N,,,,,,,,,,,
2008016964,1202.0,0,0,0,0,0,0,0,0,0,8,0,,67,12,2007,4,39.9696,-75.1396,1250.0,6,0,0,0,0,0,1,0,0,,0,0,0,12,1,1,2,,0,39 58:10.000,,0,75 08:22.740,3,0,0,0,67301,1,0,0,,1,0,0,2,67301,0,,1,9,,,,,1,,1,0,0,9,2,,1200,1,2,0,0,1,0,0,3,4,0,1,10,,N,,,,,,,,,,,
2008016975,1325.0,2,0,0,0,0,0,0,0,0,1,0,,67,12,2007,4,,,1322.0,6,0,0,0,0,0,0,0,0,,0,0,0,13,1,1,2,,0,,,0,,3,0,0,0,67301,0,0,0,N,0,0,0,4,67301,0,,1,1,,N,N,,0,,1,0,0,3,2,,1319,1,2,0,0,0,0,0,3,3,0,2,3,,N,,,,,,,,,,,
2008017331,1000.0,1,0,0,0,0,0,0,0,0,8,0,,67,12,2007,7,39.98,-75.2193,930.0,6,0,0,0,0,0,0,0,0,,0,0,0,99,1,1,0,,0,39 58:47.000,,0,75 13:09.355,8,0,0,0,67301,1,0,0,N,1,0,0,2,67301,0,,1,1,,N,N,,0,,0,0,0,0,0,,9999,1,2,0,0,0,1,1,3,4,0,1,3,,N,,,,,,,,,,,
2008017338,809.0,0,0,0,0,0,0,0,0,0,8,1,,67,12,2007,3,39.9607,-75.2135,808.0,6,0,0,0,0,0,1,0,0,9.0,0,1,0,8,1,1,0,,1,39 57:38.415,2.0,0,75 12:48.676,8,0,0,0,67301,1,0,0,N,1,0,0,2,67301,0,,1,1,,N,Y,,0,,0,0,0,0,0,Y,807,1,2,0,0,0,1,0,3,4,0,1,98,,N,,,,,,,,,,,
2008017343,941.0,2,0,0,0,0,0,0,0,0,1,0,,67,11,2007,3,39.9092,-75.2422,941.0,6,0,0,0,0,0,2,0,0,,0,0,0,9,1,1,0,,0,39 54:32.000,,0,75 14:31.735,4,0,0,0,67301,0,0,0,N,0,0,0,3,67301,1,,1,1,,N,N,,0,,0,0,0,3,2,,941,1,2,0,0,0,0,0,3,4,0,2,3,,N,,,,,,,,,,,
2008017348,745.0,0,0,0,0,0,0,0,0,0,1,0,,67,12,2007,2,40.0044,-75.2143,738.0,6,0,0,0,0,0,0,0,0,,0,0,0,7,1,2,0,,0,40 00:15.819,,0,75 12:51.346,4,0,0,0,67301,0,0,0,N,0,0,0,3,67301,2,,1,1,,N,N,,0,,0,0,1,0,0,,735,2,3,0,0,0,0,1,3,4,1,3,3,,N,,,,,,,,,,,
2008017030,1103.0,2,0,0,0,0,0,0,0,0,5,0,,67,12,2007,6,40.0403,-75.079,1100.0,6,0,0,0,0,0,0,0,0,,0,1,0,10,1,2,1,,0,40 02:24.000,,0,75 04:44.246,8,0,0,0,67301,0,0,0,N,0,0,0,3,67301,0,,1,1,,N,N,,0,,0,0,0,3,2,,1050,2,3,0,0,0,2,0,3,4,0,3,3,,N,,,,,,,,,,,
2008017039,1850.0,2,0,0,0,0,0,0,0,0,8,0,,67,12,2007,7,39.9901,-75.1821,1810.0,6,0,0,0,0,0,0,0,0,,0,0,0,18,3,1,0,,0,39 59:24.453,,0,75 10:55.408,8,0,0,0,67301,1,0,0,N,1,0,0,2,67301,0,,1,1,,N,N,,0,,0,0,0,9,3,,1800,1,3,0,0,1,1,0,3,4,0,2,3,,N,,,,,,,,,,,
2008017059,104.0,1,0,0,0,0,0,0,0,0,7,0,,67,12,2007,1,39.9508,-75.1638,104.0,6,0,0,0,0,0,0,0,0,1.0,0,0,0,1,3,0,1,,1,39 57:03.000,1.0,0,75 09:49.789,0,0,0,0,67301,0,0,0,N,0,0,0,3,67301,0,,3,1,,N,N,,0,,0,0,0,3,2,N,100,0,1,0,0,0,0,0,3,4,0,1,3,,N,,,,,,,,,,,
2008017418,240.0,0,0,0,0,0,0,0,0,0,4,0,,67,12,2007,1,40.051,-75.0982,230.0,6,0,0,0,0,0,1,0,0,,0,0,0,2,3,1,1,,0,40 03:03.758,,0,75 05:53.505,4,0,0,0,67301,0,0,0,,0,0,0,3,67301,1,,1,2,,,,,0,,0,0,1,9,3,,230,1,2,0,0,0,0,0,3,4,1,2,9,,N,,,,,,,,,,,
2008017315,707.0,2,0,0,0,0,0,0,0,0,1,0,,67,12,2007,6,40.0294,-75.0226,651.0,6,0,0,0,0,0,0,0,0,,0,0,0,6,3,1,0,,0,40 01:44.000,,0,75 01:22.157,4,0,0,0,67301,0,0,0,,0,0,0,2,67301,1,,1,9,,,,,0,,0,0,0,0,0,,650,1,2,0,0,0,0,0,3,4,0,2,5,,N,,,,,,,,,,,
2008028982,1808.0,2,0,0,0,0,0,0,0,0,2,0,,67,12,2007,5,40.058,-75.0528,1800.0,6,0,0,0,0,0,0,0,0,,0,0,0,17,3,3,1,,0,40 03:28.000,,0,75 03:09.933,8,0,0,0,67301,0,0,0,N,0,0,0,5,67301,0,,1,1,,N,N,,0,,0,0,0,3,2,,1740,3,2,0,0,0,3,0,3,4,0,2,3,,N,,,,,,,,,,,
2008021406,1736.0,1,0,0,0,0,0,0,0,0,1,0,,67,12,2007,6,40.0923,-75.0236,1734.0,6,0,0,0,0,0,0,0,0,3.0,0,0,0,17,3,1,0,,2,40 05:32.398,6.0,0,75 01:24.974,4,0,0,0,67301,0,0,0,,0,0,0,2,67301,1,,1,9,,N,N,,0,,0,0,1,0,0,Y,1732,1,2,0,0,0,0,0,3,4,0,2,7,,N,,,,,,,,,,,
2008021431,1605.0,2,0,0,0,0,0,0,0,0,4,0,,67,12,2007,4,39.9625,-75.2447,1600.0,6,0,0,0,0,0,0,0,0,,0,0,0,14,1,1,1,,0,39 57:44.000,,0,75 14:40.810,8,0,0,0,67301,0,0,0,N,0,0,0,3,67301,0,,1,9,,N,N,,0,,0,0,0,3,2,,1400,1,2,0,0,0,1,0,3,4,0,2,10,,N,,,,,,,,,,,
2008024210,1204.0,2,0,0,0,0,0,0,0,0,1,0,,67,12,2007,1,40.0008,-75.1329,1201.0,6,0,0,0,0,0,0,0,0,,0,0,0,0,3,2,0,,0,40 00:02.811,,0,75 07:58.364,4,0,0,0,67301,0,0,0,N,0,0,0,4,67301,2,,1,9,,N,N,,0,,0,0,0,0,0,,1,2,2,0,0,0,0,1,3,4,0,2,7,,N,,,,,,,,,,,
2008053049,110.0,1,0,0,0,0,0,0,0,0,7,0,,67,11,2007,6,40.0514,-75.1634,104.0,6,0,0,0,0,0,1,0,0,,0,0,0,1,3,0,1,,0,40 03:05.090,,0,75 09:48.178,0,0,0,0,67301,0,0,0,N,0,0,0,1,67301,0,,5,1,,N,N,,0,,0,0,0,9,3,,100,0,1,0,0,0,0,0,3,4,0,1,3,,N,,,,,,,,,,,
2008038744,147.0,2,0,0,0,0,0,0,0,0,1,0,,67,12,2007,3,39.9947,-75.1982,141.0,6,0,0,0,0,0,0,0,0,1.0,0,0,0,1,3,1,0,,1,39 59:46.000,4.0,0,75 11:48.899,8,0,0,0,67301,0,0,0,N,0,0,0,2,68K01,0,,1,1,,N,N,,0,,0,0,0,0,0,N,139,1,2,0,0,0,1,0,3,4,0,2,3,,N,,,,,,,,,,,
2008033854,,1,0,0,0,0,0,0,0,0,7,0,,67,9,2007,7,,,,6,0,0,0,0,0,1,0,0,,0,0,0,3,6,0,1,,0,,,0,,0,0,0,0,67301,0,0,0,N,0,0,0,2,00000,0,,5,1,,N,N,,0,,0,0,0,3,3,,330,0,2,0,0,0,0,0,3,3,0,1,3,,N,,,,,,,,,,,
2012037690,645.0,1,0,0,0,0,0,0,0,0,4,0,,67,12,2007,3,40.0147,-75.1323,640.0,6,0,0,0,0,0,1,0,0,,0,0,0,6,5,3,2,,0,40 00:52.743,,0,75 07:56.330,2,0,0,0,67301,0,0,0,N,0,0,0,4,67301,2,,1,1,,N,N,,1,,0,1,0,3,3,,635,3,2,0,0,0,0,0,3,4,0,2,3,,N,,,,,,,,,,,
2007045680,309.0,3,0,0,0,0,0,0,0,0,1,0,,67,2,2007,1,40.0423,-75.0256,308.0,6,0,0,0,0,0,0,0,0,,0,0,0,3,3,1,5,,0,40 02:32.000,,0,75 01:32.162,3,0,0,0,67301,0,0,0,N,0,0,0,3,67301,0,,1,1,,N,N,,1,,1,0,1,3,2,,305,1,5,0,0,1,0,0,3,4,0,5,3,,N,,,,,,,,,,,
2007045683,820.0,1,0,0,0,0,0,0,0,0,1,0,,67,3,2007,1,40.1068,-74.9991,818.0,6,0,0,0,0,0,0,0,1,,0,0,0,8,1,1,1,,0,40 06:24.000,,0,74 59:56.602,8,0,0,0,67301,0,0,0,N,0,0,0,2,67301,0,,1,1,,N,N,,0,,0,0,0,3,2,,818,1,2,0,0,0,1,0,3,4,0,2,3,,N,,,,,,,,,,,
2007045736,130.0,1,0,0,0,0,0,0,0,0,1,0,,67,2,2007,2,40.079,-75.0252,130.0,6,0,0,0,0,0,1,0,0,,0,0,0,1,3,0,2,,0,40 04:44.000,,0,75 01:30.863,0,0,0,0,67301,0,0,0,N,0,0,0,2,67301,0,,1,1,,N,N,,0,,0,0,0,3,2,,125,0,2,0,0,1,0,0,3,4,0,2,3,,N,,,,,,,,,,,
2007045764,1820.0,3,0,0,0,0,0,0,0,0,4,0,,67,2,2007,6,40.0096,-75.0654,9999.0,6,0,0,0,0,0,0,0,0,1.0,0,0,0,18,3,1,0,,1,40 00:33.000,2.0,0,75 04:00.411,8,0,0,0,67301,0,0,0,N,0,0,0,6,67301,0,,1,1,,N,N,,0,,0,0,0,0,0,N,1815,1,3,0,0,0,1,0,3,4,0,3,3,,N,,,,,,,,,,,
2007043655,2019.0,0,0,0,0,0,0,0,0,0,1,0,,67,3,2007,7,39.9959,-75.1974,2017.0,6,0,0,0,0,0,0,0,0,,0,0,0,19,3,0,0,,0,39 59:45.000,,0,75 11:50.150,0,0,0,0,67301,0,0,0,N,0,0,0,9,68K01,0,,1,1,,N,N,,0,,0,0,2,0,0,,1958,0,3,0,0,0,0,0,3,4,1,3,3,,N,,,,,,,,,,,
2008007275,1108.0,1,0,0,0,0,0,0,0,0,8,0,,67,11,2007,2,39.9778,-75.151,1105.0,6,0,0,0,0,0,0,0,0,,0,0,0,11,1,1,1,,0,39 58:40.000,,0,75 09:03.591,4,0,0,0,67301,1,0,0,N,1,0,0,2,67301,1,,4,1,,N,N,,0,,0,0,0,3,2,,1105,1,2,0,0,0,0,0,3,4,0,1,3,,N,,,,,,,,,,,