CRN,ARRIVAL_TM,AUTOMOBILE_COUNT,BELTED_DEATH_COUNT,BELTED_SUSP_SERIOUS_INJ_COUNT,BICYCLE_COUNT,BICYCLE_DEATH_COUNT,BICYCLE_SUSP_SERIOUS_INJ_COUNT,BUS_COUNT,CHLDPAS_DEATH_COUNT,CHLDPAS_SUSP_SERIOUS_INJ_COUNT,COLLISION_TYPE,COMM_VEH_COUNT,CONS_ZONE_SPD_LIM,COUNTY,CRASH_MONTH,CRASH_YEAR,DAY_OF_WEEK,DEC_LAT,DEC_LONG,DISPATCH_TM,DISTRICT,DRIVER_COUNT_16YR,DRIVER_COUNT_17YR,DRIVER_COUNT_18YR,DRIVER_COUNT_19YR,DRIVER_COUNT_20YR,DRIVER_COUNT_50_64YR,DRIVER_COUNT_65_74YR,DRIVER_COUNT_75PLUS,EST_HRS_CLOSED,FATAL_COUNT,HEAVY_TRUCK_COUNT,HORSE_BUGGY_COUNT,HOUR_OF_DAY,ILLUMINATION,INJURY_COUNT,INTERSECT_TYPE,INTERSECTION_RELATED,LANE_CLOSED,LATITUDE,LN_CLOSE_DIR,LOCATION_TYPE,LONGITUDE,MAX_SEVERITY_LEVEL,MCYCLE_DEATH_COUNT,MCYCLE_SUSP_SERIOUS_INJ_COUNT,MOTORCYCLE_COUNT,MUNICIPALITY,NONMOTR_COUNT,NONMOTR_DEATH_COUNT,NONMOTR_SUSP_SERIOUS_INJ_COUNT,NTFY_HIWY_MAINT,PED_COUNT,PED_DEATH_COUNT,PED_SUSP_SERIOUS_INJ_COUNT,PERSON_COUNT,POLICE_AGCY,POSSIBLE_INJ_COUNT,RDWY_SURF_TYPE_CD,RELATION_TO_ROAD,ROAD_CONDITION,ROADWAY_CLEARED,SCH_BUS_IND,SCH_ZONE_IND,SECONDARY_CRASH,SMALL_TRUCK_COUNT,SPEC_JURIS_CD,SUSP_MINOR_INJ_COUNT,SUSP_SERIOUS_INJ_COUNT,SUV_COUNT,TCD_FUNC_CD,TCD_TYPE,TFC_DETOUR_IND,TIME_OF_DAY,TOT_INJ_COUNT,TOTAL_UNITS,UNB_DEATH_COUNT,UNB_SUSP_SERIOUS_INJ_COUNT,UNBELTED_OCC_COUNT,UNK_INJ_DEG_COUNT,UNK_INJ_PER_COUNT,URBAN_AREA,URBAN_RURAL,VAN_COUNT,VEHICLE_COUNT,WEATHER1,WEATHER2,WORK_ZONE_IND,WORK_ZONE_LOC,WORK_ZONE_TYPE,WORKERS_PRES,WZ_CLOSE_DETOUR,WZ_FLAGGER,WZ_LAW_OFFCR_IND,WZ_LN_CLOSURE,WZ_MOVING,WZ_OTHER,WZ_SHLDER_MDN,WZ_WORKERS_INJ_KILLED
2008007278,2353.0,0,0,0,0,0,0,0,0,0,0,0,,67,11,2007,2,39.9764,-75.1135,2351.0,6,0,0,0,0,0,0,0,0,,0,0,0,23,3,1,0,,0,39 58:36.000,,0,75 06:47.765,3,0,0,1,67301,0,0,0,N,0,0,0,1,67301,0,,1,9,,N,N,,0,,1,0,0,0,0,,2351,1,1,0,0,0,0,0,3,4,0,1,7,,N,,,,,,,,,,,
2008008068,505.0,1,0,0,0,0,0,0,0,0,7,0,,67,11,2007,1,40.0294,-75.189,500.0,6,0,0,0,0,0,0,0,0,,0,0,0,4,3,0,2,,0,40 01:45.922,,0,75 11:20.353,0,0,0,0,67301,0,0,0,N,0,0,0,1,67301,0,,2,1,,N,N,,0,,0,0,0,3,2,,455,0,1,0,0,0,0,0,3,4,0,1,3,,N,,,,,,,,,,,
2008007300,1835.0,1,0,0,0,0,0,0,0,0,8,0,,67,10,2007,3,40.042,-75.075,9999.0,6,0,0,0,0,0,0,0,0,,0,0,0,18,3,1,1,,0,40 02:31.000,,0,75 04:30.123,8,0,0,0,67301,1,0,0,N,1,0,0,2,67301,0,,1,1,,N,N,,0,,0,0,0,3,2,,1835,1,2,0,0,0,1,0,3,4,0,1,3,,N,,,,,,,,,,,
2008007329,149.0,0,0,0,0,0,0,0,0,0,8,0,,67,12,2007,7,40.0365,-75.0654,147.0,6,0,0,0,0,0,0,0,0,,0,0,0,1,3,1,2,,0,40 02:11.000,,0,75 03:55.284,8,0,0,0,67301,1,0,0,N,1,0,0,2,67301,0,,1,1,,N,N,,0,,0,0,0,3,3,,146,1,2,0,0,0,1,0,3,4,0,1,3,,N,,,,,,,,,,,
2008004912,1630.0,1,0,0,0,0,0,0,0,0,5,0,,67,11,2007,7,39.9161,-75.2361,9999.0,6,0,0,0,0,0,0,0,0,,0,0,0,15,1,3,1,,0,39 54:57.913,,0,75 14:09.812,4,0,0,0,67301,5,0,0,N,0,0,0,6,67301,3,,4,1,,,N,,1,,0,0,0,3,2,,1515,3,2,0,0,0,0,0,3,4,0,2,3,,N,,,,,,,,,,,
2008053061,2215.0,3,0,0,0,0,0,0,0,0,1,0,,67,10,2007,5,40.1044,-75.0017,2210.0,6,0,0,0,0,1,0,0,0,,0,0,0,22,3,0,0,,0,40 06:15.771,,7,75 00:05.941,0,0,0,0,67301,0,0,0,,0,0,0,3,67301,0,,1,1,,,,,0,,0,0,0,3,2,,2207,0,3,0,0,0,0,0,3,4,0,3,3,,N,,,,,,,,,,,
2008018228,2116.0,1,0,0,0,0,0,0,0,0,4,0,,67,12,2007,1,40.0353,-75.0252,2114.0,6,0,0,0,0,0,2,0,0,1.0,0,0,0,21,3,0,1,,1,40 02:07.000,1.0,0,75 01:30.653,0,0,0,0,67301,0,0,0,N,0,0,0,2,67301,0,,1,9,,N,N,,1,,0,0,0,3,2,N,2112,0,2,0,0,0,0,0,3,4,0,2,7,,N,,,,,,,,,,,
2008034470,,0,0,0,0,0,0,0,0,0,1,0,,67,9,2007,3,40.006,-75.1138,,6,0,0,0,0,0,0,0,0,,0,0,0,16,1,1,0,,0,40 00:21.000,,0,75 06:49.848,8,0,0,0,67301,0,0,0,N,0,0,0,2,,0,,1,9,,N,N,,1,,0,0,0,0,0,,1630,1,2,0,0,0,1,1,3,4,1,2,7,,N,,,,,,,,,,,
2008015736,1605.0,1,0,0,0,0,0,0,0,0,4,0,,67,10,2007,2,40.0352,-75.1456,1605.0,6,0,0,0,0,0,0,1,0,,1,0,0,16,1,0,1,,0,40 02:06.000,,0,75 08:44.050,1,0,0,0,67301,0,0,0,N,0,0,0,2,67301,0,2.0,1,1,,N,N,,1,0.0,0,0,0,3,2,,1603,0,2,0,0,0,0,0,3,4,0,2,3,,N,,,,,,,,,,,
2008022727,1746.0,1,0,0,0,0,0,0,0,0,8,0,,67,12,2007,1,,,1739.0,6,0,0,0,0,0,1,0,0,,0,0,0,17,3,1,0,,0,,,0,,3,0,0,0,67301,1,0,0,N,1,0,0,2,67301,0,,1,9,,N,N,,0,,1,0,0,0,0,,1739,1,2,0,0,0,0,0,3,3,0,1,7,,N,,,,,,,,,,,
2008062106,1617.0,2,0,0,0,0,0,0,0,0,1,0,,67,12,2007,5,40.0056,-75.1032,1615.0,6,0,0,0,0,0,0,0,0,,0,0,0,16,1,0,0,,0,40 00:20.139,,0,75 06:11.602,0,0,0,0,67301,0,0,0,,0,0,0,6,67301,0,,1,1,,,,,0,,0,0,0,0,0,,1610,0,3,0,0,6,0,0,3,4,1,3,3,,N,,,,,,,,,,,
2008006605,1552.0,2,0,0,0,0,0,0,0,0,4,0,,67,11,2007,6,39.9879,-75.1235,1552.0,6,0,0,0,0,0,0,0,0,,0,0,0,15,1,1,1,,0,39 59:16.000,,0,75 07:24.428,4,0,0,0,67301,0,0,0,N,0,0,0,2,67301,1,,1,1,,N,N,,0,,0,0,0,3,2,,1547,1,2,0,0,0,0,0,3,4,0,2,3,,N,,,,,,,,,,,
2008006671,1635.0,2,0,0,0,0,0,0,0,0,1,0,,67,11,2007,1,40.0971,-75.0182,1630.0,6,0,0,0,0,0,1,0,0,,0,0,0,16,3,1,1,,0,40 05:49.711,,0,75 01:05.375,8,0,0,0,67301,0,0,0,N,0,0,0,7,67301,0,,1,9,,N,N,,0,,0,0,1,9,2,,1630,1,3,0,0,0,1,0,3,4,0,3,7,,N,,,,,,,,,,,
2008006674,1251.0,3,0,0,0,0,0,0,0,0,4,0,,67,11,2007,1,39.9415,-75.2351,1251.0,6,0,0,0,0,0,1,0,0,,0,0,0,12,1,0,0,,0,39 56:29.236,,0,75 14:06.212,0,0,0,0,67301,0,0,0,,0,0,0,1,67301,0,,6,1,,N,N,,0,,0,0,0,3,2,,1248,0,3,0,0,0,0,0,3,4,0,3,3,,N,,,,,,,,,,,
2008016360,1410.0,1,0,0,0,0,0,0,0,0,4,0,,67,12,2007,3,39.9113,-75.2427,1400.0,6,0,0,0,0,0,1,0,0,,0,0,0,13,1,6,1,,0,39 54:40.000,,0,75 14:33.593,3,0,0,0,67301,0,0,0,N,0,0,0,8,67301,0,,1,9,,N,N,,0,,5,0,0,3,2,,1350,6,2,0,0,0,1,1,3,4,0,2,7,,N,,,,,,,,,,,
2008003914,1823.0,1,0,0,0,0,0,0,0,0,2,0,,67,11,2007,6,40.0252,-75.0447,1822.0,6,0,0,0,0,0,0,0,0,,0,0,0,18,3,0,1,,0,40 01:30.000,,0,75 02:40.998,0,0,0,0,67301,0,0,0,N,0,0,0,7,67301,0,,1,1,,N,N,,0,,0,0,1,3,2,,1820,0,3,0,0,0,0,0,3,4,1,3,3,,N,,,,,,,,,,,
2008003992,750.0,1,0,0,0,0,0,0,0,0,4,0,,67,10,2007,4,39.8919,-75.2419,750.0,6,0,0,0,0,0,0,0,0,,0,0,0,7,1,0,1,,0,39 53:30.000,,0,75 14:30.863,9,0,0,0,67301,0,0,0,N,0,0,0,2,67301,0,,1,1,,N,N,,0,,0,0,0,3,2,,730,0,2,0,0,0,0,1,3,4,1,2,3,,N,,,,,,,,,,,
2008024295,509.0,1,0,0,0,0,0,0,0,0,7,0,,67,12,2007,1,40.0677,-75.1653,504.0,6,0,0,0,0,1,0,0,0,,0,0,0,5,3,2,5,,0,40 04:03.000,,0,75 09:55.126,8,0,0,0,67301,0,0,0,N,0,0,0,2,67301,0,,5,9,,N,N,,0,,0,0,0,3,2,,502,2,1,0,0,0,2,0,3,4,0,1,7,,N,,,,,,,,,,,
2008024427,220.0,0,0,0,0,0,0,0,0,0,4,1,,67,12,2007,1,39.9169,-75.216,217.0,6,0,0,0,0,0,0,0,0,,0,1,0,2,3,1,1,,0,39 55:05.000,,0,75 12:31.948,4,0,0,0,67301,0,0,0,N,0,0,0,2,67301,1,,1,1,,N,N,,0,,0,0,0,3,2,,200,1,2,0,0,1,0,0,3,4,1,2,3,,N,,,,,,,,,,,
2008017339,821.0,1,0,0,0,0,0,0,0,0,4,0,,67,12,2007,4,39.9629,-75.2019,820.0,6,0,0,0,0,0,0,0,0,,0,0,0,8,1,1,1,,0,39 57:46.000,,0,75 12:06.811,8,0,0,0,67301,0,0,0,N,0,0,0,2,67301,0,,1,1,,N,N,,0,,0,0,0,9,2,,819,1,2,0,0,0,1,0,3,4,1,2,98,,N,,,,,,,,,,,
2008017064,1637.0,1,0,2,0,0,0,0,0,0,1,0,,67,7,2007,7,40.013,-75.1195,1633.0,6,0,0,0,0,0,0,0,0,,0,0,0,16,1,2,1,,0,40 00:46.000,,0,75 07:10.142,2,0,0,0,67301,0,0,0,N,0,0,0,3,67301,0,,1,1,,,,,1,,0,2,0,3,2,,1631,2,2,0,0,0,0,0,3,4,0,2,3,,N,,,,,,,,,,,
2008017353,1909.0,2,0,0,0,0,0,0,0,0,4,0,,67,12,2007,7,39.9386,-75.2217,1902.0,6,0,0,0,0,0,1,0,0,,0,0,0,19,3,1,1,,0,39 56:18.000,,0,75 13:18.042,4,0,0,0,67301,0,0,0,N,0,0,0,6,67301,1,,1,1,,N,N,,0,,0,0,1,3,2,,1900,1,3,0,0,0,0,0,3,4,0,3,3,,N,,,,,,,,,,,
2008034493,,2,0,0,0,0,0,0,0,0,1,0,,67,12,2007,5,39.9764,-75.2641,,6,0,0,0,0,0,1,0,0,,0,0,0,8,1,1,2,,0,39 58:34.000,,0,75 15:50.756,3,0,0,0,67301,0,0,0,,0,0,0,2,,0,,1,2,,,,,0,,1,0,0,0,0,,845,1,2,0,0,0,0,1,3,4,0,2,10,,N,,,,,,,,,,,
2008006266,248.0,1,0,0,0,0,0,0,0,0,3,0,,67,11,2007,6,40.0061,-75.0827,248.0,6,0,0,0,0,0,0,1,0,,0,0,0,2,6,1,2,,0,40 00:22.003,,0,75 04:57.824,8,0,0,0,67301,0,0,0,,0,0,0,2,67301,0,,1,1,,N,N,,0,,0,0,1,0,0,,246,1,2,0,0,0,1,1,3,4,0,2,3,,N,,,,,,,,,,,
2008056343,805.0,2,0,0,0,0,0,0,0,0,4,0,,67,11,2007,2,40.0176,-75.0652,805.0,6,0,0,0,0,0,1,0,0,,0,0,0,7,1,0,1,,0,40 01:03.302,,99,75 03:54.744,9,0,0,0,67301,0,0,0,N,0,0,0,2,67301,0,,1,9,,N,Y,,0,,0,0,0,3,2,,755,0,2,0,0,0,0,2,3,4,0,2,7,,N,,,,,,,,,,,
2008006459,1824.0,2,0,0,0,0,0,0,0,0,1,0,,67,11,2007,5,39.9578,-75.1617,1822.0,6,0,0,0,0,0,0,0,0,1.0,0,0,0,18,3,1,0,,1,39 57:27.000,3.0,0,75 09:42.111,8,0,0,0,67301,0,0,0,N,0,0,0,2,67301,0,,1,1,,N,N,,0,,0,0,0,0,0,N,1820,1,2,0,0,0,1,1,3,4,0,2,3,,N,,,,,,,,,,,
2008023950,1035.0,1,0,0,0,0,0,0,0,0,8,0,,67,12,2007,4,40.007,-75.1089,1026.0,6,0,0,0,0,0,0,0,0,,0,0,0,8,1,1,0,,0,40 00:25.034,,7,75 06:32.198,4,0,0,0,67301,1,0,0,N,1,0,0,2,67301,1,,5,9,,N,N,,0,,0,0,0,0,0,,805,1,2,0,0,0,0,0,3,4,0,1,3,,N,,,,,,,,,,,
2008053046,1432.0,1,0,0,0,0,0,0,0,0,4,0,,67,12,2007,4,40.114,-74.9876,1430.0,6,0,0,0,0,0,0,0,0,2.0,0,0,0,14,1,0,1,,1,40 06:50.546,3.0,0,74 59:15.382,0,0,0,0,67301,0,0,0,,0,0,0,2,67301,0,,1,9,,,,,1,,0,0,0,3,2,N,1428,0,2,0,0,0,0,0,3,4,0,2,3,,N,,,,,,,,,,,
2008120670,1655.0,1,0,0,0,0,0,0,0,0,2,0,,67,7,2007,3,39.9485,-75.213,1644.0,6,0,0,0,0,0,1,0,0,,0,0,0,16,1,8,0,,0,39 56:54.625,,0,75 12:46.656,4,0,0,0,67301,0,0,0,N,0,0,0,9,67301,4,,1,1,,N,N,,0,,0,0,0,0,0,,1630,8,3,0,0,0,4,0,3,4,2,3,3,,N,,,,,,,,,,,
2012030689,1904.0,1,0,0,0,0,0,0,0,0,5,1,,67,10,2007,5,40.1147,-74.9873,1856.0,6,0,0,0,0,0,0,0,0,,0,1,0,18,3,0,0,,0,40 06:52.972,,0,74 59:14.087,0,0,0,0,67301,0,0,0,N,0,0,0,2,67301,0,,1,1,,N,N,,0,,0,0,0,0,0,,1856,0,2,0,0,0,0,0,3,4,0,2,3,,N,,,,,,,,,,,
2007047653,1343.0,2,0,0,0,0,0,0,0,0,4,0,,67,2,2007,5,40.042,-75.144,1341.0,6,0,0,0,0,0,1,1,0,,0,0,0,13,1,0,2,,0,40 02:31.200,,0,75 08:38.400,0,0,0,0,67301,0,0,0,N,0,0,0,2,67301,0,,1,9,,N,N,,0,,0,0,0,0,0,,1300,0,2,0,0,0,0,0,3,4,0,2,7,,N,,,,,,,,,,,
2007047662,1830.0,1,0,0,0,0,0,0,0,0,5,0,,67,2,2007,6,40.0227,-75.0787,1824.0,6,0,0,0,0,1,1,0,0,,0,0,0,18,3,1,0,,0,40 01:21.817,,0,75 04:43.359,8,0,0,0,67301,0,0,0,N,0,0,0,3,67301,0,,1,1,,N,N,,0,,0,0,1,0,0,,1824,1,2,0,0,0,1,0,3,4,0,2,3,,N,,,,,,,,,,,
2007067632,59.0,0,0,0,0,0,0,0,0,0,3,1,99.0,67,5,2007,4,39.9422,-75.1938,56.0,6,0,0,0,0,0,1,0,0,1.0,0,1,0,0,3,0,0,,1,39 56:39.000,4.0,3,75 11:30.564,0,0,0,0,67301,0,0,0,N,0,0,0,5,67301,0,,1,1,,N,N,,0,,0,0,2,0,0,N,39,0,3,0,0,2,0,0,3,4,0,3,3,,Y,8.0,8.0,U,,,U,,,,,
2007062631,1006.0,0,0,0,0,0,0,0,0,0,1,1,,67,5,2007,4,40.0044,-75.1948,1005.0,6,0,0,0,0,0,0,0,0,,0,1,0,10,1,2,0,,0,40 00:15.000,,0,75 11:41.021,4,0,0,0,67301,0,0,0,N,0,0,0,3,68K01,2,,1,1,,N,N,,0,,0,0,0,0,0,,1004,2,2,0,0,3,0,0,3,4,1,2,3,,N,,,,,,,,,,,
2007106806,1230.0,0,0,0,0,0,0,0,0,0,0,0,,67,8,2007,7,40.0067,-75.1193,1221.0,6,0,0,0,0,0,1,0,0,6.0,0,0,0,12,1,1,1,,1,40 00:24.000,3.0,0,75 07:09.477,8,0,0,1,67301,0,0,0,N,0,0,0,1,67301,0,,1,98,,N,N,,0,,0,0,0,2,2,N,1220,1,1,0,0,0,1,0,3,4,0,1,3,,N,,,,,,,,,,,
2007047809,305.0,1,0,0,0,0,0,0,0,0,8,0,,67,3,2007,5,40.0544,-75.0713,300.0,6,0,0,0,0,0,0,0,0,,0,0,0,3,6,1,0,,0,40 03:15.883,,0,75 04:16.834,8,0,0,0,67301,1,0,0,N,1,0,0,2,67301,0,,1,1,,N,Y,,0,,0,0,0,0,0,,300,1,2,0,0,1,1,0,3,4,0,1,3,,N,,,,,,,,,,,
2007047823,100.0,2,0,0,0,0,0,0,0,0,1,0,,67,3,2007,2,40.0278,-75.1481,9999.0,6,0,0,0,0,0,0,0,0,,0,0,0,1,3,2,0,,0,40 01:39.952,,0,75 08:53.331,4,0,0,0,67301,2,0,0,N,0,0,0,3,67301,1,,4,1,,N,N,,0,,0,0,0,0,0,,100,2,2,0,0,0,1,0,3,4,0,2,3,,N,,,,,,,,,,,
2007047887,2245.0,3,0,0,0,0,0,0,0,0,5,0,,67,2,2007,7,,,2230.0,6,0,0,0,0,0,0,0,0,,0,0,0,22,2,0,0,,0,,,0,,0,0,0,0,67301,0,0,0,N,0,0,0,1,67301,0,,1,1,,N,N,,0,,0,0,1,0,0,,2210,0,4,0,0,0,0,0,3,3,0,4,3,,N,,,,,,,,,,,
2007107009,1030.0,1,0,0,0,0,0,0,0,0,9,0,,67,9,2007,6,40.0641,-75.2318,1020.0,6,0,0,0,0,0,0,0,0,1.0,0,0,0,10,1,1,10,,1,40 03:50.835,3.0,0,75 13:54.368,4,0,0,0,67301,0,0,0,N,0,0,0,2,67301,1,,9,1,,N,N,,0,,0,0,2,0,0,N,1020,1,3,0,0,0,0,0,3,4,0,3,3,,N,,,,,,,,,,,
2007058123,1530.0,1,0,0,0,0,0,0,0,0,8,0,,67,3,2007,5,39.9515,-75.1567,1527.0,6,0,0,0,0,0,1,0,0,2.0,0,0,0,15,1,1,1,,2,39 57:05.000,3.0,0,75 09:23.993,4,0,0,0,67301,1,0,0,N,1,0,0,2,67301,1,,1,1,,N,N,,0,,0,0,0,3,2,N,1515,1,2,0,0,0,0,0,3,4,0,1,3,,N,,,,,,,,,,,
2007047973,1537.0,2,0,0,0,0,0,0,0,0,5,0,,67,1,2007,4,39.9577,-75.1489,1530.0,6,0,0,0,0,0,1,0,0,,0,0,0,15,1,2,6,,0,39 57:27.720,,2,75 08:56.040,4,0,0,0,67301,0,0,0,N,0,0,0,6,67301,2,,1,1,,N,N,,0,,0,0,0,3,8,,1525,2,2,0,0,2,0,0,3,4,0,2,3,,N,,,,,,,,,,,
2007127666,1605.0,1,0,0,0,0,0,0,0,0,4,0,,67,10,2007,7,40.0001,-75.125,1605.0,6,0,0,0,0,0,1,0,0,,0,1,0,16,1,1,2,,0,40 00:00.000,,0,75 07:29.857,4,0,0,0,67301,0,0,0,N,0,0,0,2,67301,1,,1,1,,N,N,,0,,0,0,0,0,0,,1600,1,2,0,0,0,0,0,3,4,0,2,3,,N,,,,,,,,,,,
2007107513,1400.0,1,0,0,1,0,1,0,0,0,5,0,,67,9,2007,2,40.0249,-75.2224,1400.0,6,0,0,0,0,0,0,0,0,,0,0,0,14,1,1,0,,0,40 01:29.794,,0,75 13:20.614,2,0,0,0,67301,1,0,1,N,0,0,0,2,67301,0,,1,1,,N,N,,0,,0,1,0,0,0,,1400,1,2,0,0,0,0,0,3,4,0,1,3,,N,,,,,,,,,,,
2007046064,2209.0,2,0,0,0,0,0,0,0,0,4,0,,67,2,2007,6,40.0869,-74.972,2204.0,6,0,0,0,0,0,0,0,0,,0,0,0,99,1,1,1,,0,40 05:12.000,,0,74 58:19.242,3,0,0,0,67301,0,0,0,N,0,0,0,2,67301,0,,1,1,,N,N,,0,,1,0,0,3,2,,9999,1,2,0,0,0,0,0,3,4,0,2,3,,N,,,,,,,,,,,
2008017507,1238.0,2,0,0,0,0,0,0,0,0,2,0,,67,12,2007,1,40.0585,-75.1507,1236.0,6,0,0,0,0,0,0,0,0,,0,0,0,12,1,1,1,,0,40 03:30.646,,0,75 09:02.627,4,0,0,0,67301,1,0,0,N,0,0,0,3,67301,1,,1,2,,N,N,,1,,0,0,0,3,3,,1235,1,3,0,0,0,0,0,3,4,0,3,9,,N,,,,,,,,,,,
2008007274,1410.0,1,0,0,0,0,0,0,0,0,0,0,,67,11,2007,4,39.9684,-75.1296,1405.0,6,0,0,0,0,0,0,0,0,1.0,0,0,0,13,1,0,7,,1,39 58:05.880,4.0,0,75 07:47.280,0,0,0,0,67301,0,0,0,N,0,0,0,1,67301,0,,1,1,,N,N,,0,,0,0,0,0,0,N,1355,0,1,0,0,0,0,0,3,4,0,1,3,,N,,,,,,,,,,,
2008007308,1727.0,1,0,0,0,0,0,0,0,0,4,0,,67,11,2007,3,40.0645,-75.056,1709.0,6,0,0,0,0,0,0,0,0,,0,0,0,17,4,1,1,,0,40 03:52.344,,0,75 03:21.693,8,0,0,0,67301,0,0,0,,0,0,0,2,67301,0,,1,1,,,,,0,,0,0,1,3,3,,1706,1,2,0,0,0,1,0,3,4,0,2,3,,N,,,,,,,,,,,
2008007326,1930.0,1,0,0,0,0,0,0,0,0,8,0,,67,11,2007,5,39.917,-75.1712,1925.0,6,0,0,0,0,0,0,0,0,,0,0,0,19,3,1,0,,0,39 55:01.000,,0,75 10:16.472,4,0,0,0,67301,1,0,0,N,1,0,0,2,67301,1,,2,9,,N,N,,0,,0,0,0,0,0,,1905,1,2,0,0,0,0,1,3,4,0,1,7,,N,,,,,,,,,,,
2008005220,7.0,2,0,0,0,0,0,0,0,0,2,0,,67,11,2007,6,40.0029,-75.1017,6.0,6,0,0,0,0,0,1,0,0,,0,0,0,23,3,1,1,,0,40 00:10.274,,0,75 06:06.094,8,0,0,0,67301,0,0,0,,0,0,0,3,67301,0,,1,1,,,,,0,,0,0,0,0,0,,2300,1,2,0,0,0,1,0,3,4,0,2,3,,N,,,,,,,,,,,
2008018057,1937.0,1,0,0,0,0,0,0,0,0,8,0,,67,12,2007,4,39.954,-75.23,1937.0,6,0,0,0,0,0,0,0,0,,0,0,0,19,3,1,1,,0,39 57:14.396,,0,75 13:48.057,8,0,0,0,67301,1,0,0,,1,0,0,2,67301,0,,1,9,,,,,0,,0,0,0,3,2,,1930,1,2,0,0,0,1,0,3,4,0,1,10,,N,,,,,,,,,,,
2008018211,1404.0,2,0,0,0,0,0,0,0,0,1,0,,67,12,2007,5,40.068,-75.0402,1358.0,6,0,0,0,0,0,2,0,0,,0,0,0,99,1,1,8,,0,40 04:04.440,,6,75 02:25.080,4,0,0,0,67301,0,0,0,,0,0,0,3,67301,1,,1,1,,,,,1,,0,0,0,0,0,,9999,1,3,0,0,0,0,0,3,4,0,3,3,,N,,,,,,,,,,,
2008008333,1750.0,2,0,0,0,0,0,0,0,0,4,0,,67,11,2007,4,40.044,-75.0547,1740.0,6,0,0,0,1,0,0,0,0,,0,0,0,17,3,0,0,,0,40 02:38.000,,0,75 03:17.031,0,0,0,0,67301,0,0,0,,0,0,0,2,67301,0,,1,1,,,,,0,,0,0,0,0,0,,1740,0,2,0,0,0,0,0,3,4,0,2,3,,N,,,,,,,,,,,
2008057328,1205.0,1,0,0,0,0,0,0,0,0,8,0,,67,3,2007,1,39.9525,-75.177,1153.0,6,0,0,0,0,0,0,0,0,,0,0,0,11,1,1,2,,0,39 57:08.958,,0,75 10:37.001,8,0,0,0,67301,1,0,0,,1,0,0,2,67301,0,,1,9,,N,N,,0,,0,0,0,3,2,,1153,1,2,0,0,1,1,0,3,4,0,1,3,,N,,,,,,,,,,,
2008037486,829.0,0,0,0,0,0,0,0,0,0,8,0,,67,12,2007,6,40.0074,-75.1368,828.0,6,0,0,0,0,0,0,0,0,,0,0,0,8,1,1,1,,0,40 00:26.000,,0,75 08:12.579,8,0,0,0,67301,1,0,0,N,1,0,0,2,67301,0,,1,1,,N,N,,0,,0,0,0,3,2,,825,1,2,0,0,0,1,1,3,4,1,1,3,,N,,,,,,,,,,,
2008006788,1815.0,1,0,0,0,0,0,0,0,0,1,0,,67,12,2007,7,40.0071,-75.1999,1815.0,6,0,0,0,0,0,0,0,0,,0,0,0,18,2,0,0,,0,40 00:24.000,,0,75 11:57.272,0,0,0,0,67301,0,0,0,N,0,0,0,5,68K01,0,,1,1,,N,N,,0,,0,0,1,0,0,,1815,0,2,0,0,0,0,0,3,4,0,2,3,,N,,,,,,,,,,,
2008023707,9999.0,1,0,0,0,0,0,0,0,0,1,0,,67,12,2007,3,39.9724,-75.1292,1212.0,6,0,0,0,0,0,0,0,0,,0,0,0,14,1,1,0,,0,39 58:20.514,,0,75 07:44.954,4,0,0,0,67301,0,0,0,N,0,0,0,2,67301,1,,1,98,,N,N,,0,,0,0,0,0,0,,1430,1,2,0,0,0,0,1,3,4,0,2,99,,N,,,,,,,,,,,
2008023719,1247.0,4,0,1,0,0,0,0,0,0,6,0,,67,12,2007,7,39.9847,-75.1565,1245.0,6,0,0,0,0,0,0,0,0,,0,0,0,12,1,1,1,,0,39 59:04.000,,0,75 09:23.377,2,0,0,0,67301,0,0,0,,0,0,0,2,67301,0,,1,1,,N,N,,0,,0,1,0,3,2,,1244,1,4,0,0,1,0,0,3,4,0,4,3,,N,,,,,,,,,,,
2008018608,534.0,0,0,0,0,0,0,0,0,0,4,0,,67,12,2007,2,39.9447,-75.1911,533.0,6,0,0,0,0,0,0,0,0,3.0,0,0,0,5,3,0,0,,2,39 56:41.000,4.0,2,75 11:27.860,0,0,0,0,67301,0,0,0,Y,0,0,0,1,68K01,0,,1,2,,N,N,,0,,0,0,1,0,0,Y,524,0,2,0,0,0,0,0,3,4,1,2,3,,N,,,,,,,,,,,
2008004709,1810.0,2,0,0,0,0,0,0,0,0,1,0,,67,12,2007,6,39.9906,-75.2491,1806.0,6,0,0,0,0,0,1,0,1,,0,0,0,18,3,1,0,,0,39 59:26.000,,0,75 14:56.695,8,0,0,0,67301,0,0,0,N,0,0,0,2,46104,0,,1,1,,N,N,,0,,0,0,0,0,0,,1806,1,2,0,0,0,1,0,3,4,0,2,3,,N,,,,,,,,,,,
2008024247,1220.0,2,0,0,0,0,0,0,0,0,1,0,,67,12,2007,2,40.0259,-75.1475,1220.0,6,0,0,0,0,0,0,0,0,1.0,0,0,0,11,1,3,0,,1,40 01:33.000,1.0,0,75 08:50.982,8,0,0,0,67301,0,0,0,N,0,0,0,3,67301,0,,1,1,,N,N,,0,,0,0,0,0,0,N,1145,3,2,0,0,0,3,0,3,4,0,2,3,,N,,,,,,,,,,,