CRN,ARRIVAL_TM,AUTOMOBILE_COUNT,BELTED_DEATH_COUNT,BELTED_SUSP_SERIOUS_INJ_COUNT,BICYCLE_COUNT,BICYCLE_DEATH_COUNT,BICYCLE_SUSP_SERIOUS_INJ_COUNT,BUS_COUNT,CHLDPAS_DEATH_COUNT,CHLDPAS_SUSP_SERIOUS_INJ_COUNT,COLLISION_TYPE,COMM_VEH_COUNT,CONS_ZONE_SPD_LIM,COUNTY,CRASH_MONTH,CRASH_YEAR,DAY_OF_WEEK,DEC_LAT,DEC_LONG,DISPATCH_TM,DISTRICT,DRIVER_COUNT_16YR,DRIVER_COUNT_17YR,DRIVER_COUNT_18YR,DRIVER_COUNT_19YR,DRIVER_COUNT_20YR,DRIVER_COUNT_50_64YR,DRIVER_COUNT_65_74YR,DRIVER_COUNT_75PLUS,EST_HRS_CLOSED,FATAL_COUNT,HEAVY_TRUCK_COUNT,HORSE_BUGGY_COUNT,HOUR_OF_DAY,ILLUMINATION,INJURY_COUNT,INTERSECT_TYPE,INTERSECTION_RELATED,LANE_CLOSED,LATITUDE,LN_CLOSE_DIR,LOCATION_TYPE,LONGITUDE,MAX_SEVERITY_LEVEL,MCYCLE_DEATH_COUNT,MCYCLE_SUSP_SERIOUS_INJ_COUNT,MOTORCYCLE_COUNT,MUNICIPALITY,NONMOTR_COUNT,NONMOTR_DEATH_COUNT,NONMOTR_SUSP_SERIOUS_INJ_COUNT,NTFY_HIWY_MAINT,PED_COUNT,PED_DEATH_COUNT,PED_SUSP_SERIOUS_INJ_COUNT,PERSON_COUNT,POLICE_AGCY,POSSIBLE_INJ_COUNT,RDWY_SURF_TYPE_CD,RELATION_TO_ROAD,ROAD_CONDITION,ROADWAY_CLEARED,SCH_BUS_IND,SCH_ZONE_IND,SECONDARY_CRASH,SMALL_TRUCK_COUNT,SPEC_JURIS_CD,SUSP_MINOR_INJ_COUNT,SUSP_SERIOUS_INJ_COUNT,SUV_COUNT,TCD_FUNC_CD,TCD_TYPE,TFC_DETOUR_IND,TIME_OF_DAY,TOT_INJ_COUNT,TOTAL_UNITS,UNB_DEATH_COUNT,UNB_SUSP_SERIOUS_INJ_COUNT,UNBELTED_OCC_COUNT,UNK_INJ_DEG_COUNT,UNK_INJ_PER_COUNT,URBAN_AREA,URBAN_RURAL,VAN_COUNT,VEHICLE_COUNT,WEATHER1,WEATHER2,WORK_ZONE_IND,WORK_ZONE_LOC,WORK_ZONE_TYPE,WORKERS_PRES,WZ_CLOSE_DETOUR,WZ_FLAGGER,WZ_LAW_OFFCR_IND,WZ_LN_CLOSURE,WZ_MOVING,WZ_OTHER,WZ_SHLDER_MDN,WZ_WORKERS_INJ_KILLED
2008024252,2046.0,1,0,0,0,0,0,0,0,0,5,0,,67,12,2007,2,39.9648,-75.2361,2046.0,6,0,0,0,0,0,0,0,0,,0,0,0,20,3,0,0,,0,39 57:53.370,,0,75 14:10.035,9,0,0,0,67301,0,0,0,N,0,0,0,1,67301,0,,6,1,,N,N,,0,,0,0,0,0,0,,2044,0,3,0,0,0,0,1,3,4,2,3,3,,N,,,,,,,,,,,
2008017371,1749.0,3,0,0,0,0,0,0,0,0,1,0,,67,11,2007,2,39.9763,-75.1198,1749.0,6,0,0,0,0,0,0,0,0,,0,0,0,17,3,0,0,,0,39 58:34.788,,7,75 07:11.376,0,0,0,0,67301,0,0,0,N,0,0,0,3,67301,0,,1,9,,N,N,,0,,0,0,0,0,0,,1730,0,3,0,0,0,0,0,3,4,0,3,3,,N,,,,,,,,,,,
2008017373,840.0,0,0,0,0,0,0,0,0,0,8,0,,67,12,2007,4,39.9745,-75.1332,830.0,6,0,0,0,0,0,0,0,0,,1,0,0,17,3,0,0,,0,39 58:28.200,,0,75 07:59.520,1,0,0,0,67301,1,1,0,N,1,1,0,2,67301,0,2.0,1,6,,N,N,,0,0.0,0,0,1,0,0,,1715,0,2,0,0,0,0,0,3,4,0,1,10,,N,,,,,,,,,,,
2008017385,1540.0,1,0,0,0,0,0,0,0,0,7,0,,67,12,2007,6,39.948,-75.1414,1535.0,6,0,0,0,0,0,0,0,0,2.0,0,0,0,15,1,0,0,,1,39 56:50.000,2.0,0,75 08:29.710,0,0,0,0,67301,0,0,0,Y,0,0,0,2,67301,0,,2,9,,N,N,,0,,0,0,0,0,0,Y,1530,0,1,0,0,0,0,0,3,4,0,1,7,,N,,,,,,,,,,,
2008017403,1038.0,0,0,0,0,0,0,0,0,0,4,0,,67,11,2007,6,40.0646,-75.145,1030.0,6,0,0,0,0,0,0,0,0,,0,0,0,10,1,1,2,,0,40 03:52.405,,0,75 08:41.974,4,0,0,0,67301,0,0,0,,0,0,0,2,67301,1,,1,1,,N,N,,0,,0,0,1,0,0,,1030,1,2,0,0,0,0,0,3,4,1,2,3,,N,,,,,,,,,,,
2008017519,1735.0,1,0,0,0,0,0,0,0,0,8,0,,67,12,2007,7,39.9211,-75.1537,1730.0,6,0,0,0,0,0,0,0,0,,0,0,0,17,3,1,1,,0,39 55:15.888,,0,75 09:13.381,4,0,0,0,67301,1,0,0,N,1,0,0,2,67301,1,,1,9,,N,N,,0,,0,0,0,3,3,,1730,1,2,0,0,1,0,1,3,4,0,1,7,,N,,,,,,,,,,,
2008017305,27.0,1,0,0,0,0,0,0,0,0,5,0,,67,12,2007,5,40.0725,-75.188,27.0,6,0,0,0,0,0,0,0,0,,0,0,0,23,3,1,2,,0,40 04:21.000,,0,75 11:16.959,8,0,0,0,67301,0,0,0,N,0,0,0,2,67301,0,,1,9,,N,N,,0,,0,0,1,0,0,,2310,1,2,0,0,0,1,1,3,4,0,2,3,,N,,,,,,,,,,,
2008008870,1016.0,2,0,0,0,0,0,0,0,0,1,0,,67,11,2007,3,40.0138,-75.056,1008.0,6,0,0,0,0,0,1,0,0,,0,0,0,10,1,4,1,,0,40 00:49.000,,0,75 03:21.350,4,0,0,0,67301,0,0,0,,0,0,0,4,67301,4,,1,9,,,,,0,,0,0,0,0,0,,1008,4,2,0,0,0,0,0,3,4,0,2,7,,N,,,,,,,,,,,
2008008940,735.0,2,0,0,0,0,0,0,0,0,4,0,,67,11,2007,6,39.9549,-75.1511,723.0,6,0,0,0,0,0,1,0,0,,0,0,0,7,1,0,1,,0,39 57:17.000,,0,75 09:04.008,0,0,0,0,67301,0,0,0,,0,0,0,4,67301,0,,1,1,,N,N,,0,,0,0,0,3,2,,715,0,2,0,0,0,0,0,3,4,0,2,3,,N,,,,,,,,,,,
2008008947,813.0,1,0,0,0,0,0,0,0,0,8,0,,67,11,2007,4,40.0002,-75.1666,803.0,6,0,0,0,0,0,0,0,0,,0,0,0,7,1,1,1,,0,40 00:00.687,,0,75 09:59.702,8,0,0,0,67301,1,0,0,,1,0,0,2,67301,0,,1,9,,,,,0,,0,0,0,9,3,,750,1,2,0,0,0,1,1,3,4,0,1,3,,N,,,,,,,,,,,
2007093422,1256.0,1,0,0,0,0,0,0,0,0,2,0,,67,7,2007,4,40.0152,-75.0712,1255.0,6,0,0,0,1,0,0,0,0,,0,0,0,0,3,1,0,,0,40 00:54.000,,0,75 04:16.190,4,0,0,0,67301,0,0,0,,0,0,0,1,67301,1,,6,1,,,,,0,,0,0,2,0,0,,55,1,3,0,0,0,0,0,3,4,0,3,3,,N,,,,,,,,,,,
2007125120,655.0,1,0,0,0,0,0,0,0,0,8,0,,67,10,2007,3,39.955,-75.1667,653.0,6,0,0,0,0,0,1,0,0,,0,0,0,6,5,1,1,,0,39 57:21.161,,0,75 10:04.438,4,0,0,0,67301,1,0,0,N,1,0,0,2,67301,1,,1,1,,N,N,,0,,0,0,0,3,2,,653,1,2,0,0,0,0,0,3,4,0,1,3,,N,,,,,,,,,,,
2007125137,53.0,2,0,0,0,0,0,0,0,0,4,0,,67,10,2007,7,40.0171,-75.1512,49.0,6,0,0,0,0,0,0,0,0,,0,0,0,0,3,1,1,,0,40 01:01.528,,0,75 09:04.326,3,0,0,0,67301,0,0,0,N,0,0,0,3,67301,0,,1,9,,N,N,,0,,1,0,0,3,2,,35,1,2,0,0,0,0,0,3,4,0,2,7,,N,,,,,,,,,,,
2007048301,1320.0,0,0,0,0,0,0,0,0,0,8,0,,67,3,2007,3,39.9526,-75.1565,1315.0,6,0,0,0,0,0,0,0,0,,0,0,0,12,1,1,1,,0,39 57:09.230,,0,75 09:23.425,4,0,0,0,67301,1,0,0,N,1,0,0,2,67301,1,,1,1,,N,N,,0,,0,0,1,3,3,,1230,1,2,0,0,0,0,0,3,4,0,1,3,,N,,,,,,,,,,,
2007045739,115.0,1,0,0,0,0,0,0,0,0,8,0,,67,3,2007,1,40.0152,-75.1365,113.0,6,0,0,0,0,0,0,0,0,,0,0,0,1,3,1,1,,0,40 00:54.748,,0,75 08:11.297,3,0,0,0,67301,1,0,0,N,1,0,0,2,67301,0,,1,1,,N,N,,0,,1,0,0,0,0,,109,1,2,0,0,0,0,1,3,4,0,1,3,,N,,,,,,,,,,,
2007045770,1215.0,1,0,0,0,0,0,0,0,0,8,0,,67,3,2007,1,40.0949,-75.0156,1210.0,6,0,0,0,0,0,0,0,0,,0,0,0,99,1,1,0,,0,40 05:41.771,,0,75 00:55.986,8,0,0,0,67301,1,0,0,N,1,0,0,2,67301,0,,2,7,,N,N,,0,,0,0,0,0,0,,9999,1,2,0,0,0,1,0,3,4,0,1,10,,N,,,,,,,,,,,
2007092948,813.0,1,0,0,1,0,0,0,0,0,4,0,,67,6,2007,7,40.0791,-75.0308,811.0,6,0,0,0,0,0,0,0,0,,0,0,0,8,1,1,2,,0,40 04:44.000,,0,75 01:50.804,4,0,0,0,67301,1,0,0,N,0,0,0,2,67301,1,,1,1,,N,N,,0,,0,0,0,3,3,,809,1,2,0,0,0,0,0,3,4,0,1,3,,N,,,,,,,,,,,
2007092953,1900.0,2,0,0,0,0,0,0,0,0,4,0,,67,7,2007,7,39.9455,-75.2086,1900.0,6,0,0,0,0,0,0,0,0,2.0,0,0,0,19,1,1,2,,1,39 56:43.728,6.0,0,75 12:30.945,4,0,0,0,67301,0,0,0,N,0,0,0,3,67301,1,,1,1,,N,N,,0,,0,0,0,3,2,Y,1900,1,2,0,0,0,0,0,3,4,0,2,3,,N,,,,,,,,,,,
2007074757,2203.0,1,0,0,0,0,0,0,0,0,7,0,,67,6,2007,3,39.9549,-75.1492,2200.0,6,0,0,0,0,0,1,0,0,,0,0,0,21,3,0,6,,0,39 57:17.800,,0,75 08:57.000,0,0,0,0,67301,0,0,0,N,0,0,0,1,67501,0,,5,1,,N,N,,0,,0,0,0,3,8,,2158,0,1,0,0,0,0,0,3,4,0,1,3,,N,,,,,,,,,,,
2008004901,1055.0,2,0,0,0,0,0,0,0,0,4,0,,67,7,2007,6,40.0642,-75.1458,1055.0,6,0,0,0,0,0,0,0,0,,0,0,0,10,1,4,1,,0,40 03:50.997,,0,75 08:44.815,4,0,0,0,67301,0,0,0,N,0,0,0,6,67301,4,,1,1,,N,N,,0,,0,0,0,9,3,,1053,4,2,0,0,0,0,0,3,4,0,2,3,,N,,,,,,,,,,,
2008053056,710.0,1,0,0,0,0,0,1,0,0,4,1,,67,12,2007,5,39.957,-75.1571,710.0,6,0,0,0,0,0,0,1,0,,0,0,0,7,1,1,2,,0,39 57:25.140,,0,75 09:25.661,8,0,0,0,67301,0,0,0,,0,0,0,2,67301,0,,1,2,,,,,0,,0,0,0,3,2,,710,1,2,0,0,0,1,0,3,4,0,2,3,,N,,,,,,,,,,,
2008018232,1702.0,0,0,0,0,0,0,0,0,0,8,0,,67,12,2007,2,40.0523,-75.008,1701.0,6,0,0,0,0,0,0,0,0,1.0,0,0,0,16,3,1,1,,1,40 03:08.000,1.0,0,75 00:28.400,4,0,0,0,67301,1,0,0,,1,0,0,3,67301,1,,1,1,,N,N,,0,,0,0,1,3,2,Y,1655,1,2,0,0,0,0,0,3,4,0,1,3,,N,,,,,,,,,,,
2008005992,1806.0,1,0,0,0,0,0,0,0,0,7,0,,67,11,2007,5,40.017,-75.1885,1806.0,6,0,0,1,0,0,0,0,0,1.0,0,0,0,18,3,1,0,,1,40 01:01.000,2.0,0,75 11:18.434,4,0,0,0,67301,0,0,0,N,0,0,0,1,67301,1,,5,9,,N,N,,0,,0,0,0,3,2,N,1800,1,1,0,0,0,0,0,3,4,0,1,3,,N,,,,,,,,,,,
2008032975,,0,0,0,1,0,0,0,0,0,4,0,,67,1,2007,3,39.9211,-75.1703,,6,0,0,0,0,0,0,0,0,,0,0,0,17,1,1,0,,0,39 55:15.960,,0,75 10:13.080,8,0,0,0,67301,1,0,0,N,0,0,0,2,,0,,1,1,,N,N,,0,,0,0,0,0,0,,1700,1,2,0,0,0,1,1,3,4,0,1,3,,N,,,,,,,,,,,
2008004095,1830.0,3,0,0,0,0,0,0,0,0,4,0,,67,8,2007,3,39.9773,-75.1982,1825.0,6,0,0,0,0,0,1,0,0,,0,0,0,18,1,3,2,,0,39 58:38.175,,0,75 11:53.584,8,0,0,0,67301,0,0,0,,0,0,0,3,67301,0,,1,9,,N,N,,0,,0,0,0,3,2,,1825,3,3,0,0,0,3,0,3,4,0,3,7,,N,,,,,,,,,,,
2008004125,115.0,1,0,0,0,0,0,0,0,0,1,0,,67,10,2007,5,40.0097,-75.1872,42.0,6,0,0,0,0,0,0,0,0,,0,0,0,0,3,0,7,,0,40 00:35.000,,2,75 11:12.429,0,0,0,1,67301,0,0,0,N,0,0,0,2,67301,0,,1,1,,N,N,,0,,0,0,0,0,0,,42,0,2,0,0,0,0,0,3,4,0,2,3,,N,,,,,,,,,,,
2008006681,834.0,3,0,0,0,0,0,0,0,0,4,0,,67,12,2007,7,40.0375,-75.2385,832.0,6,0,0,0,0,0,0,0,1,,0,0,0,8,1,1,0,,0,40 02:14.838,,7,75 14:18.481,3,0,0,0,67301,0,0,0,,0,0,0,2,67301,0,,1,1,,,,,0,,1,0,0,0,0,,832,1,3,0,0,0,0,0,3,4,0,3,3,,N,,,,,,,,,,,
2008016367,9999.0,1,0,0,0,0,0,0,0,0,8,0,,67,12,2007,2,40.058,-75.0527,1714.0,6,0,0,0,0,0,0,0,0,,0,0,0,17,3,1,1,,0,40 03:28.000,,0,75 03:09.712,3,0,0,0,67301,1,0,0,N,1,0,0,2,67301,0,,1,1,,N,N,,0,,1,0,0,3,2,,1705,1,2,0,0,0,0,0,3,4,0,1,3,,N,,,,,,,,,,,
2008036960,1010.0,1,0,0,0,0,0,0,0,0,4,0,,67,12,2007,2,39.9908,-75.1309,1000.0,6,0,0,0,0,0,0,0,1,,0,0,0,10,1,1,1,,0,39 59:27.000,,0,75 07:51.262,4,0,0,0,67301,0,0,0,N,0,0,0,2,67301,1,,1,1,,N,N,,0,,0,0,1,3,2,,1000,1,2,0,0,0,0,0,3,4,0,2,3,,N,,,,,,,,,,,
2008017085,1350.0,2,0,0,0,0,0,0,0,0,1,0,,67,11,2007,7,40.0166,-75.1348,1350.0,6,0,1,0,0,0,0,0,0,,0,0,0,99,1,5,1,,0,40 00:59.828,,0,75 08:05.348,4,0,0,0,67301,0,0,0,,0,0,0,7,67301,5,,1,1,,,,,0,,0,0,1,3,2,,9999,5,3,0,0,0,0,0,3,4,0,3,3,,N,,,,,,,,,,,
2008017024,113.0,1,0,0,0,0,0,0,0,0,4,0,,67,12,2007,5,39.954,-75.1767,110.0,6,0,0,0,0,0,0,0,0,9.0,0,0,0,1,2,1,1,,1,39 57:14.000,4.0,0,75 10:36.250,8,0,0,0,67301,0,0,0,,0,0,0,2,67301,0,,1,1,,N,N,,0,,0,0,1,1,2,N,110,1,2,0,0,0,1,1,3,4,0,2,3,,N,,,,,,,,,,,
2008014836,1535.0,2,0,0,0,0,0,0,0,0,1,0,,67,12,2007,1,39.9458,-75.1901,1535.0,6,0,0,0,0,0,0,0,0,,0,0,0,15,1,0,0,,0,39 56:44.748,,0,75 11:24.283,0,0,0,0,67301,0,0,0,N,0,0,0,3,68K01,0,,1,9,,N,N,,0,,0,0,0,0,0,,1535,0,2,0,0,1,0,0,3,4,0,2,7,5.0,N,,,,,,,,,,,
2008029744,1133.0,1,0,0,0,0,0,0,0,0,7,0,,67,12,2007,1,40.0526,-75.0502,1123.0,6,0,0,0,1,0,0,0,0,,0,0,0,11,1,1,0,,0,40 03:09.000,,0,75 03:00.601,8,0,0,0,67301,0,0,0,Y,0,0,0,1,67301,0,,2,9,,N,N,,0,,0,0,0,0,0,,1122,1,1,0,0,0,1,0,3,4,0,1,7,,N,,,,,,,,,,,
2008045503,1207.0,3,0,0,0,0,0,0,0,0,1,0,,67,12,2007,6,39.9789,-75.2034,1200.0,6,0,0,0,0,0,1,0,0,1.0,0,0,0,11,1,0,0,,2,39 58:46.000,3.0,0,75 12:16.127,0,0,0,0,67301,0,0,0,N,0,0,0,3,68K01,0,,1,1,,N,N,,0,,0,0,0,0,0,N,1159,0,3,0,0,0,0,0,3,4,0,3,3,,N,,,,,,,,,,,
2008021405,950.0,0,0,0,0,0,0,0,0,0,7,0,,67,11,2007,2,39.9498,-75.1412,944.0,6,0,0,0,0,0,0,0,0,2.0,0,0,0,9,1,1,0,,2,39 56:52.000,1.0,2,75 08:29.811,3,0,0,0,67301,0,0,0,N,0,0,0,1,67301,0,,2,9,,N,N,,0,,1,0,1,0,0,N,944,1,1,0,0,0,0,0,3,4,0,1,7,,N,,,,,,,,,,,
2008023985,1515.0,1,0,0,0,0,0,0,0,0,5,0,,67,12,2007,6,40.0274,-75.1251,1515.0,6,0,0,0,0,0,0,0,0,,0,0,0,14,1,1,2,,0,40 01:38.690,,0,75 07:30.352,8,0,0,0,67301,0,0,0,N,0,0,0,2,67301,0,,1,1,,N,Y,,0,,0,0,1,3,2,,1445,1,2,0,0,0,1,1,3,4,0,2,3,,N,,,,,,,,,,,
2008053032,1059.0,1,0,0,0,0,0,0,0,0,1,0,,67,11,2007,1,40.0564,-75.0191,1051.0,6,0,1,0,0,0,0,0,0,,0,0,0,10,1,0,0,,0,40 03:23.017,,0,75 01:08.646,0,0,0,0,67301,0,0,0,N,0,0,0,1,67301,0,,1,9,,N,N,,0,,0,0,2,0,0,,1045,0,3,0,0,0,0,0,3,4,0,3,7,,N,,,,,,,,,,,
2008053183,9999.0,1,0,0,0,0,0,0,0,0,4,1,,67,11,2007,3,39.9872,-75.1088,9999.0,6,0,0,0,0,0,0,0,0,,0,1,0,18,3,0,1,,0,39 59:14.079,,0,75 06:31.807,0,0,0,0,67301,0,0,0,,0,0,0,2,67301,0,,1,1,,,,,0,,0,0,0,3,2,,1815,0,2,0,0,2,0,0,3,4,0,2,3,,N,,,,,,,,,,,
2008053188,918.0,3,0,0,0,0,0,0,0,0,4,0,,67,11,2007,7,39.914,-75.2437,914.0,6,0,0,1,0,0,0,0,0,9.0,0,0,0,9,1,0,0,,1,39 54:50.269,5.0,0,75 14:37.258,9,0,0,0,67301,0,0,0,N,0,0,0,3,67301,0,,1,1,,N,N,,0,,0,0,0,0,0,N,910,0,3,0,0,0,0,1,3,4,0,3,3,,N,,,,,,,,,,,
2007107487,2135.0,2,0,0,0,0,0,0,0,0,4,0,,67,9,2007,7,39.9894,-75.1802,2130.0,6,0,0,0,0,0,0,0,0,,0,0,0,21,3,1,1,,0,39 59:21.740,,0,75 10:48.885,4,0,0,0,67301,0,0,0,N,0,0,0,6,67301,1,,1,1,,N,N,,0,,0,0,0,3,2,,2125,1,2,0,0,0,0,0,3,4,0,2,3,,N,,,,,,,,,,,
2007107512,1828.0,1,0,0,0,0,0,0,0,0,6,0,,67,9,2007,3,40.0287,-75.2055,1816.0,6,0,0,0,0,0,0,0,0,,0,0,0,18,1,1,1,,0,40 01:43.000,,0,75 12:19.910,8,0,0,1,67301,0,0,0,N,0,0,0,2,67301,0,,1,1,,N,N,,0,,0,0,0,3,2,,1810,1,2,0,0,0,1,0,3,4,0,2,3,,N,,,,,,,,,,,
2007045672,230.0,4,0,0,0,0,0,0,0,0,4,0,,67,2,2007,7,39.969,-75.217,227.0,6,0,0,0,0,1,0,0,0,,0,0,0,2,3,1,1,,0,39 58:08.310,,0,75 13:01.329,4,0,0,0,67301,0,0,0,N,0,0,0,2,67301,1,,1,1,,N,N,,0,,0,0,0,3,2,,227,1,4,0,0,1,0,0,3,4,0,4,3,,N,,,,,,,,,,,
2007045734,2045.0,0,0,0,0,0,0,0,0,0,8,0,,67,3,2007,6,39.9964,-75.1373,2045.0,6,0,0,0,0,0,0,0,0,,0,0,0,20,3,1,1,,0,39 59:47.169,,0,75 08:14.326,8,0,0,0,67301,1,0,0,N,1,0,0,2,67301,0,,1,1,,N,N,,0,,0,0,1,3,3,,2045,1,2,0,0,0,1,0,3,4,0,1,3,,N,,,,,,,,,,,
2007046056,2234.0,2,0,0,0,0,0,0,0,0,4,0,,67,2,2007,6,40.028,-75.0574,2231.0,6,0,0,0,0,0,1,0,0,1.0,0,0,0,22,3,1,1,,1,40 01:40.000,4.0,0,75 03:26.709,4,0,0,0,67301,0,0,0,N,0,0,0,2,67301,1,,1,2,,N,N,,0,,0,0,0,3,2,N,2225,1,2,0,0,1,0,1,3,4,0,2,99,,N,,,,,,,,,,,
2008004979,1022.0,1,0,0,0,0,0,0,0,0,4,0,,67,10,2007,3,39.9932,-75.1069,1020.0,6,0,0,0,0,0,0,0,0,,0,0,0,10,1,1,1,,0,39 59:35.462,,0,75 06:24.911,4,0,0,0,67301,0,0,0,,0,0,0,3,67301,1,,1,1,,N,N,,1,,0,0,0,3,3,,1020,1,2,0,0,1,0,1,3,4,0,2,3,,N,,,,,,,,,,,
2008005759,1620.0,1,0,0,0,0,0,0,0,0,8,0,,67,11,2007,5,39.9204,-75.2329,1612.0,6,0,0,1,0,0,0,0,0,,0,0,0,15,1,1,1,,0,39 55:13.431,,0,75 13:58.415,4,0,0,0,67301,1,0,0,N,1,0,0,2,67301,1,,1,1,,N,N,,0,,0,0,0,3,2,,1525,1,2,0,0,0,0,0,3,4,0,1,3,,N,,,,,,,,,,,
2008033022,,2,0,0,0,0,0,0,0,0,5,0,,67,5,2007,4,40.0314,-75.0855,,6,0,0,0,1,0,0,0,0,,0,0,0,18,2,1,0,,0,40 01:53.000,,0,75 05:07.942,4,0,0,0,67301,0,0,0,N,0,0,0,2,,1,,1,1,,N,N,,0,,0,0,0,0,0,,1855,1,2,0,0,0,0,1,3,4,0,2,3,,N,,,,,,,,,,,
2008005953,910.0,2,0,0,0,0,0,0,0,0,4,0,,67,11,2007,3,39.9646,-75.2463,857.0,6,0,0,0,0,1,0,0,0,,0,0,0,8,1,1,0,,0,39 57:52.000,,0,75 14:46.690,8,0,0,0,67301,0,0,0,N,0,0,0,2,67301,0,,1,9,,N,N,,0,,0,0,0,0,0,,845,1,2,0,0,0,1,0,3,4,0,2,7,,N,,,,,,,,,,,
2008005999,9999.0,1,0,0,0,0,0,0,0,0,8,0,,67,10,2007,3,40.019,-75.051,9999.0,6,0,0,0,0,0,0,0,0,,0,0,0,99,1,1,0,,0,40 01:08.320,,0,75 03:03.618,8,0,0,0,67301,1,0,0,N,1,0,0,2,67301,0,,1,1,,N,N,,0,,0,0,0,0,0,,9999,1,2,0,0,0,1,0,3,4,0,1,3,,N,,,,,,,,,,,
2008006792,1403.0,0,0,0,0,0,0,0,0,0,7,0,,67,11,2007,2,39.9243,-75.1928,1403.0,6,0,0,0,0,0,0,0,0,1.0,0,0,0,14,1,0,0,,1,39 55:30.000,3.0,0,75 11:36.640,0,0,0,0,67301,0,0,0,N,0,0,0,1,68K01,0,,2,9,,N,N,,0,,0,0,1,0,0,N,1403,0,1,0,0,0,0,0,3,4,0,1,7,,N,,,,,,,,,,,
2008014362,1332.0,0,0,0,0,0,0,0,0,0,1,1,,67,11,2007,7,39.9652,-75.1858,1328.0,6,0,0,0,0,0,1,0,0,1.0,0,1,0,13,1,2,0,,2,39 57:55.000,3.0,0,75 11:09.516,8,0,0,0,67301,0,0,0,N,0,0,0,3,68K01,0,,1,1,,N,N,,0,,0,0,1,0,0,N,1327,2,2,0,0,0,2,0,3,4,0,2,3,,N,,,,,,,,,,,
2008016836,1913.0,1,0,0,0,0,0,0,0,0,4,0,,67,12,2007,4,39.9403,-75.1728,1907.0,6,0,0,0,0,0,0,0,0,,0,0,0,19,3,1,1,,0,39 56:25.195,,0,75 10:21.993,8,0,0,0,67301,0,0,0,N,0,0,0,2,67301,0,,1,1,,N,N,,0,,0,0,1,3,3,,1905,1,2,0,0,0,1,0,3,4,0,2,3,,N,,,,,,,,,,,
2008018571,833.0,4,0,0,0,0,0,0,0,0,1,0,,67,12,2007,5,39.9264,-75.1945,831.0,6,0,0,0,0,1,1,0,0,2.0,0,0,0,8,1,0,0,,1,39 55:39.000,4.0,0,75 11:44.002,0,0,0,0,67301,0,0,0,N,0,0,0,4,68K01,0,,1,1,,N,N,,0,,0,0,0,0,0,N,828,0,4,0,0,0,0,0,3,4,0,4,3,,N,,,,,,,,,,,
2008023699,1535.0,3,0,0,0,0,0,0,0,0,2,0,,67,12,2007,2,40.012,-75.1419,1530.0,6,0,0,0,0,0,0,0,0,,0,0,0,15,1,1,0,,0,40 00:43.236,,0,75 08:30.912,3,0,0,0,67301,0,0,0,N,0,0,0,2,67301,0,,1,1,,N,N,,0,,1,0,0,0,0,,1530,1,3,0,0,0,0,0,3,4,0,3,3,,N,,,,,,,,,,,
2008023733,1805.0,3,0,0,0,0,0,0,0,0,2,0,,67,12,2007,4,40.1191,-75.0078,1757.0,6,0,0,0,0,0,1,1,0,,0,0,0,17,3,3,2,,0,40 07:08.922,,0,75 00:28.069,4,0,0,0,67301,0,0,0,N,0,0,0,6,67301,3,,1,9,,N,N,,0,,0,0,0,0,0,,1757,3,3,0,0,0,0,3,3,4,0,3,7,,N,,,,,,,,,,,
2008003951,2307.0,3,0,0,0,0,0,0,0,0,1,0,,67,10,2007,6,39.9806,-75.1037,2304.0,6,0,0,0,1,0,0,0,0,2.0,0,0,0,23,3,2,0,,2,39 58:50.000,1.0,0,75 06:13.541,4,0,0,0,67301,0,0,0,N,0,0,0,7,67301,1,,1,9,,N,N,,0,,0,0,2,0,0,N,2302,2,5,0,0,2,1,0,3,4,0,5,7,,N,,,,,,,,,,,
2008036973,338.0,0,0,0,0,0,0,0,0,0,8,0,,67,12,2007,1,40.0825,-74.9929,336.0,6,0,0,0,0,0,0,0,0,3.0,0,0,0,3,3,1,0,,2,40 04:57.000,1.0,0,74 59:34.617,2,0,0,0,67301,1,0,1,N,1,0,1,2,67301,0,,1,7,,N,N,,1,,0,1,0,0,0,Y,335,1,2,0,0,0,0,0,3,4,0,1,10,,N,,,,,,,,,,,
2008024487,2244.0,0,0,0,0,0,0,0,0,0,8,0,,67,12,2007,6,39.946,-75.2286,2239.0,6,0,0,0,0,0,0,0,0,,0,0,0,22,3,2,2,,0,39 56:45.000,,0,75 13:43.160,8,0,0,0,67301,2,0,0,N,2,0,0,3,67301,0,,1,9,,N,N,,0,,0,0,0,3,3,,2235,2,3,0,0,0,2,0,3,4,1,1,7,,N,,,,,,,,,,,
2008024490,205.0,0,0,0,0,0,0,0,0,0,7,0,,67,12,2007,6,,,205.0,6,0,0,0,0,0,0,0,0,,0,0,0,2,3,1,0,,0,,,0,,8,0,0,0,67301,0,0,0,N,0,0,0,1,67301,0,,2,1,,N,N,,0,,0,0,1,0,0,,200,1,1,0,0,0,1,0,3,3,0,1,3,,N,,,,,,,,,,,
2008017328,1027.0,3,0,0,0,0,0,0,0,0,4,0,,67,12,2007,7,40.0425,-75.1932,1025.0,6,0,0,0,0,0,0,1,0,3.0,0,0,0,10,1,2,2,,2,40 02:33.000,5.0,0,75 11:35.636,2,0,0,0,67301,0,0,0,N,0,0,0,5,67301,1,,1,9,,N,N,,0,,0,1,0,0,0,Y,1022,2,3,0,0,0,0,0,3,4,0,3,3,,N,,,,,,,,,,,