CRN,ARRIVAL_TM,AUTOMOBILE_COUNT,BELTED_DEATH_COUNT,BELTED_SUSP_SERIOUS_INJ_COUNT,BICYCLE_COUNT,BICYCLE_DEATH_COUNT,BICYCLE_SUSP_SERIOUS_INJ_COUNT,BUS_COUNT,CHLDPAS_DEATH_COUNT,CHLDPAS_SUSP_SERIOUS_INJ_COUNT,COLLISION_TYPE,COMM_VEH_COUNT,CONS_ZONE_SPD_LIM,COUNTY,CRASH_MONTH,CRASH_YEAR,DAY_OF_WEEK,DEC_LAT,DEC_LONG,DISPATCH_TM,DISTRICT,DRIVER_COUNT_16YR,DRIVER_COUNT_17YR,DRIVER_COUNT_18YR,DRIVER_COUNT_19YR,DRIVER_COUNT_20YR,DRIVER_COUNT_50_64YR,DRIVER_COUNT_65_74YR,DRIVER_COUNT_75PLUS,EST_HRS_CLOSED,FATAL_COUNT,HEAVY_TRUCK_COUNT,HORSE_BUGGY_COUNT,HOUR_OF_DAY,ILLUMINATION,INJURY_COUNT,INTERSECT_TYPE,INTERSECTION_RELATED,LANE_CLOSED,LATITUDE,LN_CLOSE_DIR,LOCATION_TYPE,LONGITUDE,MAX_SEVERITY_LEVEL,MCYCLE_DEATH_COUNT,MCYCLE_SUSP_SERIOUS_INJ_COUNT,MOTORCYCLE_COUNT,MUNICIPALITY,NONMOTR_COUNT,NONMOTR_DEATH_COUNT,NONMOTR_SUSP_SERIOUS_INJ_COUNT,NTFY_HIWY_MAINT,PED_COUNT,PED_DEATH_COUNT,PED_SUSP_SERIOUS_INJ_COUNT,PERSON_COUNT,POLICE_AGCY,POSSIBLE_INJ_COUNT,RDWY_SURF_TYPE_CD,RELATION_TO_ROAD,ROAD_CONDITION,ROADWAY_CLEARED,SCH_BUS_IND,SCH_ZONE_IND,SECONDARY_CRASH,SMALL_TRUCK_COUNT,SPEC_JURIS_CD,SUSP_MINOR_INJ_COUNT,SUSP_SERIOUS_INJ_COUNT,SUV_COUNT,TCD_FUNC_CD,TCD_TYPE,TFC_DETOUR_IND,TIME_OF_DAY,TOT_INJ_COUNT,TOTAL_UNITS,UNB_DEATH_COUNT,UNB_SUSP_SERIOUS_INJ_COUNT,UNBELTED_OCC_COUNT,UNK_INJ_DEG_COUNT,UNK_INJ_PER_COUNT,URBAN_AREA,URBAN_RURAL,VAN_COUNT,VEHICLE_COUNT,WEATHER1,WEATHER2,WORK_ZONE_IND,WORK_ZONE_LOC,WORK_ZONE_TYPE,WORKERS_PRES,WZ_CLOSE_DETOUR,WZ_FLAGGER,WZ_LAW_OFFCR_IND,WZ_LN_CLOSURE,WZ_MOVING,WZ_OTHER,WZ_SHLDER_MDN,WZ_WORKERS_INJ_KILLED
2008017068,1113.0,1,0,0,0,0,0,0,0,0,4,0,,67,11,2007,6,40.0068,-75.1321,1113.0,6,0,0,0,0,0,0,0,0,,0,0,0,11,1,3,2,,0,40 00:24.000,,0,75 07:55.714,4,0,0,0,67301,0,0,0,N,0,0,0,5,67301,3,,1,1,,N,N,,0,,0,0,1,3,3,,1108,3,3,0,0,3,0,0,3,4,1,3,3,,N,,,,,,,,,,,
2008017526,1443.0,1,0,0,0,0,0,0,0,0,1,0,,67,11,2007,2,40.029,-75.1342,1443.0,6,0,0,0,0,0,0,0,0,,0,0,0,14,1,1,1,,0,40 01:44.450,,0,75 08:02.954,4,0,0,0,67301,0,0,0,N,0,0,0,1,67301,1,,1,1,,N,N,,0,,0,0,1,9,3,,1443,1,3,0,0,0,0,0,3,4,1,3,3,,N,,,,,,,,,,,
2008053766,1037.0,3,0,0,0,0,0,0,0,0,1,0,,67,10,2007,4,40.0198,-75.1435,1037.0,6,0,0,0,0,0,0,0,0,1.0,0,0,0,10,1,0,6,,1,40 01:11.280,2.0,2,75 08:36.600,0,0,0,0,67301,0,0,0,,0,0,0,5,67301,0,,1,9,,N,,,0,,0,0,0,9,4,N,1035,0,4,0,0,0,0,0,3,4,0,3,7,,N,,,,,,,,,,,
2008028984,30.0,1,0,0,0,0,0,0,0,0,6,0,,67,12,2007,7,40.0482,-75.0261,28.0,6,0,0,0,0,0,0,0,0,,0,0,0,0,3,0,1,,0,40 02:53.422,,0,75 01:33.866,0,0,0,0,67301,0,0,0,,0,0,0,3,67301,0,,1,9,,N,N,,0,,0,0,1,3,2,,25,0,2,0,0,0,0,0,3,4,0,2,3,,N,,,,,,,,,,,
2008024064,137.0,1,0,0,0,0,0,0,0,0,1,0,,67,12,2007,7,,,130.0,6,0,0,0,0,0,0,0,0,,0,0,0,1,3,0,0,,0,,,0,,9,0,0,0,67301,0,0,0,N,0,0,0,3,67301,0,,1,9,,N,N,,0,,0,0,1,0,0,,100,0,2,0,0,0,0,1,3,3,0,2,7,,N,,,,,,,,,,,
2008053152,2045.0,2,0,0,0,0,0,0,0,0,4,0,,67,12,2007,3,39.9531,-75.1818,2041.0,6,0,0,0,0,0,0,0,0,,0,0,0,19,3,0,5,,0,39 57:11.096,,0,75 10:54.091,0,0,0,0,67301,0,0,0,N,0,0,0,6,67301,0,,1,1,,N,N,,0,,0,0,0,3,2,,1955,0,2,0,0,0,0,0,3,4,0,2,3,,N,,,,,,,,,,,
2008070784,1454.0,0,0,0,0,0,0,0,0,0,7,0,,67,11,2007,4,39.9883,-75.207,1443.0,6,0,0,0,0,0,0,1,0,,0,0,0,14,1,1,0,,0,39 59:21.611,,0,75 12:22.371,4,0,0,0,67301,0,0,0,N,0,0,0,1,68K01,1,,2,1,,N,N,,0,,0,0,1,0,0,,1441,1,1,0,0,0,0,0,3,4,0,1,3,,N,,,,,,,,,,,
2007106873,920.0,2,0,0,0,0,0,0,0,0,4,0,,67,8,2007,2,40.0359,-75.1266,915.0,6,0,0,0,0,0,0,0,0,,0,0,0,9,1,5,1,,0,40 02:09.000,,0,75 07:35.780,8,0,0,0,67301,0,0,0,N,0,0,0,6,67301,0,,1,1,,N,N,,0,,0,0,0,3,3,,912,5,2,0,0,0,5,1,3,4,0,2,3,,N,,,,,,,,,,,
2007112020,915.0,1,0,0,0,0,0,0,0,0,4,0,,67,9,2007,1,40.1243,-75.0148,908.0,6,0,0,0,0,0,1,0,0,,0,0,0,9,1,1,0,,0,40 07:27.600,,0,75 00:53.100,3,0,0,1,67301,0,0,0,N,0,0,0,2,67301,0,,1,1,,N,N,,0,,1,0,0,0,0,,900,1,2,0,0,0,0,0,3,4,0,2,3,,N,,,,,,,,,,,
2007107034,530.0,3,0,0,0,0,0,0,0,0,1,0,,67,9,2007,1,40.0424,-75.2263,525.0,6,0,0,0,0,0,0,0,0,,0,0,0,99,3,0,2,,0,40 02:32.000,,0,75 13:34.030,0,0,0,0,67301,0,0,0,N,0,0,0,1,67301,0,,2,1,,N,N,,0,,0,0,0,0,0,,9999,0,3,0,0,0,0,0,3,4,0,3,3,,N,,,,,,,,,,,
2007106955,1139.0,1,0,0,0,0,0,0,0,0,4,0,,67,9,2007,4,40.0245,-75.1331,1138.0,6,0,0,0,0,0,1,0,0,,0,0,0,11,1,1,0,,0,40 01:28.340,,0,75 07:59.271,4,0,0,0,67301,0,0,0,N,0,0,0,2,67301,1,,1,1,,N,N,,1,,0,0,0,0,0,,1130,1,2,0,0,0,0,0,3,4,0,2,3,,N,,,,,,,,,,,
2007106972,657.0,1,0,0,0,0,0,0,0,0,7,0,,67,9,2007,7,39.958,-75.1627,650.0,6,0,0,0,0,0,0,0,0,1.0,0,0,0,6,1,1,0,,1,39 57:28.000,4.0,0,75 09:45.830,4,0,0,0,67301,0,0,0,N,0,0,0,1,67301,1,,3,1,,N,N,,0,,0,0,0,0,0,N,648,1,1,0,0,0,0,0,3,4,0,1,3,,N,,,,,,,,,,,
2007047891,910.0,3,0,0,0,0,0,0,0,0,1,0,,67,2,2007,7,39.9379,-75.1537,905.0,6,0,0,0,0,0,0,0,0,,0,0,0,9,1,0,2,,0,39 56:16.321,,0,75 09:13.399,9,0,0,0,67301,0,0,0,N,0,0,0,2,67301,0,,1,1,,N,N,,0,,0,0,0,3,3,,900,0,3,0,0,0,0,1,3,4,0,3,3,,N,,,,,,,,,,,
2007048002,1115.0,1,0,0,0,0,0,0,0,0,2,0,,67,3,2007,3,40.0328,-75.0489,1109.0,6,0,0,0,0,0,0,0,0,,0,1,0,99,1,1,0,,0,40 01:58.222,,0,75 02:56.103,8,0,0,0,67301,0,0,0,N,0,0,0,1,67301,0,,6,1,,N,N,,0,,0,0,0,0,0,,9999,1,2,0,0,1,1,0,3,4,0,2,3,,N,,,,,,,,,,,
2007055539,17.0,2,0,0,0,0,0,0,0,0,1,0,,67,3,2007,7,39.9057,-75.1319,15.0,6,0,0,0,0,0,0,1,0,2.0,0,0,0,0,3,0,0,,2,39 54:20.345,3.0,3,75 07:54.914,9,0,0,0,67301,0,0,0,N,0,0,0,3,67501,0,,1,1,,N,N,,1,,0,0,0,3,8,N,14,0,3,0,0,0,0,1,3,4,0,3,3,,N,,,,,,,,,,,
2007055692,1604.0,2,0,0,0,0,0,0,0,0,5,0,,67,4,2007,2,39.9099,-75.1569,1604.0,6,0,0,0,0,0,1,0,0,,0,0,0,16,1,1,0,,0,39 54:35.654,,0,75 09:24.662,4,0,0,0,67301,0,0,0,,0,0,0,4,67501,1,,1,1,,,,,1,,0,0,0,3,8,,1604,1,3,0,0,0,0,0,3,4,0,3,3,,N,,,,,,,,,,,
2007093406,1244.0,1,0,0,0,0,0,0,0,0,1,0,,67,7,2007,3,39.9836,-75.1666,1241.0,6,0,0,0,0,0,2,0,0,,0,0,0,99,1,0,0,,0,39 59:00.916,,0,75 09:59.893,0,0,0,0,67301,0,0,0,N,0,0,0,3,67301,0,,1,1,,N,N,,0,,0,0,2,0,0,,9999,0,3,0,0,0,0,0,3,4,0,3,3,,N,,,,,,,,,,,
2007110085,1425.0,2,0,0,0,0,0,0,0,0,1,0,,67,9,2007,1,39.9919,-75.1749,1420.0,6,0,0,0,0,0,0,1,0,,0,0,0,14,1,2,1,,0,39 59:30.771,,0,75 10:29.794,4,0,0,0,67301,0,0,0,N,0,0,0,3,67301,1,,1,1,,N,N,,0,,0,0,0,3,2,,1400,2,2,0,0,1,1,0,3,4,0,2,3,,N,,,,,,,,,,,
2007107477,347.0,1,0,0,0,0,0,0,0,0,7,0,,67,9,2007,7,39.9573,-75.1441,347.0,6,0,0,0,0,0,0,0,0,1.0,0,0,0,99,3,0,1,,1,39 57:26.357,4.0,0,75 08:38.887,0,0,0,0,67301,0,0,0,N,0,0,0,0,67301,0,,5,1,,N,N,,0,,0,0,0,0,0,N,9999,0,1,0,0,0,0,0,3,4,0,1,3,,N,,,,,,,,,,,
2007110091,442.0,4,0,0,0,0,0,0,0,0,1,0,,67,9,2007,7,40.0687,-75.0853,435.0,6,0,0,0,1,0,0,0,0,2.0,0,0,0,4,3,1,0,,1,40 04:07.158,1.0,0,75 05:07.195,8,0,0,0,67301,0,0,0,,0,0,0,1,67301,0,,2,1,,N,N,,0,,0,0,0,0,0,N,400,1,4,0,0,0,1,0,3,4,0,4,3,,N,,,,,,,,,,,
2007048320,810.0,1,0,0,0,0,0,0,0,0,8,0,,67,3,2007,3,39.9911,-75.1333,802.0,6,0,0,0,0,0,0,0,0,,0,0,0,8,1,1,1,,0,39 59:28.000,,0,75 07:59.965,4,0,0,0,67301,1,0,0,N,1,0,0,2,67301,1,,1,1,,N,N,,0,,0,0,0,3,3,,800,1,2,0,0,0,0,1,3,4,0,1,3,,N,,,,,,,,,,,
2007048344,820.0,0,0,0,0,0,0,0,0,0,5,1,,67,3,2007,2,39.9756,-75.1908,809.0,6,0,0,0,0,0,0,0,0,,0,1,0,8,1,1,2,,0,39 58:31.000,,0,75 11:26.445,4,0,0,0,67301,0,0,0,N,0,0,0,2,67301,1,,1,1,,N,N,,0,,0,0,0,0,0,,800,1,2,0,0,1,0,0,3,4,0,2,3,,N,,,,,,,,,,,
2007092917,1725.0,1,0,0,1,0,0,0,0,0,4,0,,67,7,2007,2,39.9185,-75.2418,1720.0,6,0,0,0,0,0,0,0,0,,0,0,0,16,1,1,1,,0,39 55:06.690,,0,75 14:30.530,4,0,0,0,67301,1,0,0,N,0,0,0,2,67301,1,,1,1,,N,Y,,0,,0,0,0,3,2,,1657,1,2,0,0,0,0,0,3,4,0,1,3,,N,,,,,,,,,,,
2008012473,37.0,1,0,0,0,0,0,0,0,0,7,0,,67,12,2007,2,39.9632,-75.1839,27.0,6,0,0,0,0,0,0,0,0,1.0,0,0,0,0,3,0,0,,2,39 57:48.000,3.0,1,75 11:02.541,0,0,0,0,67301,0,0,0,N,0,0,0,1,68K01,0,,2,8,,N,N,,0,,0,0,0,0,0,N,27,0,1,0,0,0,0,0,3,4,0,1,7,,N,,,,,,,,,,,
2008004857,1832.0,1,0,0,0,0,0,0,0,0,0,0,,67,11,2007,3,,,1830.0,6,0,0,0,0,0,0,0,0,,0,0,0,15,1,1,0,,0,,,0,,8,0,0,0,67301,0,0,0,,0,0,0,5,67301,0,,2,1,,N,N,,0,,0,0,0,0,0,,1530,1,1,0,0,0,1,0,3,3,0,1,3,,N,,,,,,,,,,,
2008016088,1046.0,1,0,0,1,0,0,0,0,0,5,0,,67,12,2007,6,39.9506,-75.1617,1043.0,6,0,0,0,0,0,0,0,0,,0,0,0,10,1,1,1,,0,39 57:02.000,,0,75 09:42.069,3,0,0,0,67301,2,0,0,,0,0,0,3,67301,0,,1,1,,,,,0,,1,0,0,3,2,,1038,1,2,0,0,0,0,0,3,4,0,1,3,,N,,,,,,,,,,,
2008015753,1416.0,0,0,0,0,0,0,0,0,0,8,0,,67,11,2007,5,39.935,-75.2297,1410.0,6,0,0,0,0,0,0,0,0,9.0,1,0,0,14,1,0,0,,2,39 56:05.996,7.0,0,75 13:46.830,1,0,0,0,67301,1,1,0,N,1,1,0,2,67301,0,2.0,1,1,,N,N,,0,0.0,0,0,0,0,0,N,1410,0,2,0,0,0,0,0,3,4,0,1,3,,N,,,,,,,,,,,
2008008635,2256.0,1,0,0,0,0,0,0,0,0,0,0,,67,1,2007,4,39.9894,-75.2061,2250.0,6,0,0,0,0,0,0,0,0,2.0,0,0,0,22,3,0,0,,1,39 59:25.030,3.0,0,75 12:18.380,0,0,0,0,67301,0,0,0,Y,0,0,0,1,68K01,0,,4,9,,N,N,,0,,0,0,0,0,0,Y,2239,0,1,0,0,1,0,0,3,4,0,1,7,,N,,,,,,,,,,,
2008006009,615.0,2,0,0,0,0,0,0,0,0,1,0,,67,11,2007,4,39.9899,-75.1597,605.0,6,0,0,0,0,0,1,0,0,,0,0,0,6,3,0,0,,0,39 59:23.661,,0,75 09:35.024,0,0,0,0,67301,0,0,0,,0,0,0,1,67301,0,,2,9,,N,N,,1,,0,0,0,0,0,,603,0,3,0,0,0,0,0,3,4,0,3,5,,N,,,,,,,,,,,
2008011872,1708.0,3,0,0,0,0,0,0,0,0,1,0,,67,11,2007,3,39.9904,-75.2049,1708.0,6,0,0,0,0,0,1,0,0,,0,0,0,17,4,1,0,,0,39 59:27.000,,0,75 12:13.531,4,0,0,0,67301,0,0,0,N,0,0,0,4,68K01,1,,1,1,,N,N,,1,,0,0,0,0,0,,1708,1,4,0,0,0,0,0,3,4,0,4,3,,N,,,,,,,,,,,
2008006670,1635.0,3,0,0,0,0,0,0,0,0,4,0,,67,11,2007,3,40.1288,-75.0137,1630.0,6,0,0,0,0,0,1,0,0,2.0,0,0,0,16,1,2,1,,1,40 07:43.000,1.0,0,75 00:49.406,3,0,0,0,67301,0,0,0,N,0,0,0,4,67301,0,,1,9,,N,N,,0,,1,0,0,3,2,Y,1630,2,3,0,0,0,1,0,3,4,0,3,7,,N,,,,,,,,,,,
2008006760,1825.0,2,0,0,0,0,0,0,0,0,1,0,,67,11,2007,2,39.9187,-75.14,1824.0,6,0,0,0,0,0,1,0,0,2.0,0,0,0,18,3,3,0,,2,39 55:07.000,2.0,0,75 08:24.332,4,0,0,0,67301,0,0,0,N,0,0,0,6,67301,3,,1,9,,N,N,,0,,0,0,1,0,0,Y,1819,3,3,0,0,0,0,0,3,4,0,3,7,,N,,,,,,,,,,,
2008029174,1530.0,2,0,0,0,0,0,0,0,0,2,0,,67,12,2007,4,40.0034,-75.1512,1505.0,6,0,0,0,0,0,0,0,1,,0,0,0,15,1,1,1,,0,40 00:12.358,,0,75 09:04.348,4,0,0,0,67301,0,0,0,,0,0,0,3,67301,1,,1,1,,N,N,,0,,0,0,0,0,0,,1505,1,2,0,0,0,0,0,3,4,0,2,3,,N,,,,,,,,,,,
2008024220,1735.0,1,0,0,0,0,0,0,0,0,2,0,,67,12,2007,6,40.057,-75.0085,1728.0,6,0,1,0,0,0,0,0,0,1.0,0,0,0,17,3,1,0,,1,40 03:25.000,5.0,0,75 00:30.524,4,0,0,0,67301,0,0,0,N,0,0,0,4,67301,1,,1,1,,N,N,,0,,0,0,1,0,0,N,1725,1,2,0,0,0,0,0,3,4,0,2,3,,N,,,,,,,,,,,
2008024435,2133.0,1,0,0,0,0,0,0,0,0,7,0,,67,12,2007,3,39.9947,-75.1923,2130.0,6,0,0,0,0,0,1,0,0,,0,0,0,21,3,0,0,,0,39 59:40.000,,0,75 11:32.246,0,0,0,0,67301,0,0,0,N,0,0,0,1,67301,0,,5,1,,N,N,,0,,0,0,0,0,0,,2125,0,1,0,0,0,0,0,3,4,0,1,3,,N,,,,,,,,,,,
2008017105,2100.0,0,0,0,0,0,0,0,0,0,7,0,,67,12,2007,2,39.9742,-75.2552,2050.0,6,0,0,0,0,0,0,0,0,,0,0,0,20,2,1,1,,0,39 58:27.296,,0,75 15:18.665,2,0,0,0,67301,0,0,0,,0,0,0,1,67301,0,,5,1,,N,N,,1,,0,1,0,0,0,,2050,1,1,0,0,0,0,0,3,4,0,1,3,,N,,,,,,,,,,,
2008017215,53.0,2,0,0,0,0,0,0,0,0,1,0,,67,12,2007,1,40.0443,-75.0541,48.0,6,0,0,0,0,0,0,0,0,,0,0,0,0,3,2,1,,0,40 02:39.000,,0,75 03:14.767,3,0,0,0,67301,0,0,0,N,0,0,0,5,67301,0,,1,1,,N,N,,0,,1,0,0,2,2,,40,2,2,0,0,0,1,0,3,4,0,2,3,,N,,,,,,,,,,,
2008017354,900.0,1,0,0,0,0,0,0,0,0,4,0,,67,11,2007,1,39.9112,-75.2306,856.0,6,0,0,0,0,0,0,0,0,9.0,0,0,0,8,3,1,1,,1,39 54:40.341,4.0,0,75 13:50.008,3,0,0,0,67301,0,0,0,N,0,0,0,2,67301,0,,1,9,,N,N,,0,,1,0,0,3,2,Y,849,1,2,0,0,0,0,0,3,4,1,2,7,,N,,,,,,,,,,,
2008017314,2027.0,3,0,0,0,0,0,0,0,0,7,0,,67,12,2007,1,40.0278,-75.0243,2023.0,6,0,0,0,0,0,0,1,0,1.0,0,0,0,20,3,1,7,,2,40 01:40.000,2.0,2,75 01:27.534,4,0,0,0,67301,0,0,0,N,0,0,0,7,67301,1,,2,9,,N,N,,0,,0,0,0,0,0,N,2020,1,3,0,0,0,0,0,3,4,0,3,7,,N,,,,,,,,,,,
2008006269,930.0,1,0,0,0,0,0,1,0,0,1,1,,67,11,2007,3,40.0016,-75.1286,928.0,6,0,0,0,0,0,0,1,0,,0,0,0,9,1,1,1,,0,40 00:05.796,,0,75 07:42.898,4,0,0,0,67301,0,0,0,N,0,0,0,2,67301,1,,1,9,,N,N,,0,,0,0,0,9,2,,928,1,2,0,0,0,0,0,3,4,0,2,7,,N,,,,,,,,,,,
2008033775,0.0,1,0,0,0,0,0,0,0,0,1,0,,67,7,2007,6,39.9658,-75.164,0.0,6,0,0,0,0,0,0,0,0,,0,0,0,15,1,1,0,,0,39 57:56.971,,0,75 09:50.477,3,0,0,0,67301,0,0,0,N,0,0,0,2,00000,0,,1,1,,N,N,,0,,1,0,0,0,0,,1515,1,2,0,0,0,0,0,3,4,0,2,3,,N,,,,,,,,,,,
2008008924,1107.0,2,0,0,0,0,0,0,0,0,6,0,,67,11,2007,2,39.9858,-75.2156,1103.0,6,0,0,0,0,0,0,0,0,,0,0,0,11,1,0,1,,0,39 59:08.000,,0,75 12:56.216,0,0,0,0,67301,0,0,0,N,0,0,0,2,67301,0,,1,9,,N,N,,0,,0,0,0,3,2,,1102,0,2,0,0,0,0,0,3,4,0,2,7,,N,,,,,,,,,,,
2008008938,748.0,0,0,0,0,0,0,1,0,0,7,1,,67,11,2007,1,40.0061,-75.076,748.0,6,0,0,0,0,0,0,1,0,3.0,0,0,0,7,1,0,0,,2,40 00:21.000,6.0,0,75 04:33.712,0,0,0,0,67301,0,0,0,Y,0,0,0,1,67301,0,,2,1,,N,N,,0,,0,0,0,0,0,Y,742,0,1,0,0,0,0,0,3,4,0,1,3,,N,,,,,,,,,,,
2008024043,945.0,3,0,0,0,0,0,0,0,0,1,0,,67,12,2007,2,39.9041,-75.2403,942.0,6,0,0,0,0,0,0,0,0,1.0,0,0,0,9,1,2,1,,1,39 54:14.000,2.0,0,75 14:25.050,4,0,0,0,67301,0,0,0,N,0,0,0,5,67301,1,,1,1,,N,N,,0,,0,0,0,3,2,N,940,2,3,0,0,0,1,0,3,4,0,3,3,,N,,,,,,,,,,,
2008038271,58.0,1,0,0,0,0,0,0,0,0,1,0,,67,9,2007,7,39.9714,-75.1594,58.0,6,0,0,0,0,0,0,0,0,,0,0,0,0,3,0,1,,0,39 58:17.000,,0,75 09:33.737,0,0,0,0,67301,0,0,0,N,0,0,0,3,67301,0,,1,1,,N,N,,0,,0,0,1,2,2,,58,0,2,0,0,0,0,0,3,4,0,2,3,,N,,,,,,,,,,,
2008053048,1633.0,2,0,0,0,0,0,0,0,0,4,0,,67,11,2007,5,40.0492,-75.2004,1623.0,6,0,0,0,0,0,0,2,0,,0,0,0,16,1,0,1,,0,40 02:57.292,,0,75 12:01.346,0,0,0,0,67301,0,0,0,,0,0,0,2,67301,0,,1,1,,,,,0,,0,0,0,9,3,,1626,0,2,0,0,0,0,0,3,4,0,2,3,,N,,,,,,,,,,,
2008053236,1543.0,1,0,0,0,0,0,0,0,0,5,0,,67,12,2007,7,39.9956,-75.1675,1538.0,6,0,0,0,0,0,1,0,0,,0,0,0,15,1,1,1,,0,39 59:44.213,,0,75 10:03.145,8,0,0,0,67301,0,0,0,N,0,0,0,5,67301,0,,1,1,,N,N,,0,,0,0,0,3,2,,1530,1,2,0,0,4,1,0,3,4,1,2,3,,N,,,,,,,,,,,
2007047673,2300.0,2,0,0,0,0,0,0,0,0,1,0,,67,2,2007,6,40.0264,-75.0745,2255.0,6,0,0,0,0,0,0,0,0,,0,0,0,22,3,0,0,,0,40 01:34.903,,0,75 04:28.351,9,0,0,0,67301,0,0,0,N,0,0,0,3,67301,0,,1,1,,N,N,,0,,0,0,0,0,0,,2253,0,2,0,0,3,0,1,3,4,0,2,3,,N,,,,,,,,,,,
2007067629,825.0,1,0,0,0,0,0,0,0,0,8,0,,67,5,2007,2,39.9354,-75.2204,817.0,6,0,0,0,0,0,0,0,0,,0,0,0,8,1,1,1,,0,39 56:07.602,,0,75 13:13.393,4,0,0,0,67301,1,0,0,,1,0,0,2,67301,1,,1,1,,N,N,,0,,0,0,0,3,2,,809,1,2,0,0,1,0,0,3,4,0,1,3,,N,,,,,,,,,,,
2007067832,1238.0,1,0,0,0,0,0,0,0,0,2,0,,67,5,2007,6,39.9857,-75.1967,1235.0,6,0,0,0,0,0,0,0,0,,0,0,0,99,1,1,3,,0,39 59:08.581,,0,75 11:48.299,3,0,0,0,67301,0,0,0,N,0,0,0,2,67301,0,,1,1,,N,N,,1,,1,0,0,0,0,,9999,1,2,0,0,0,0,0,3,4,0,2,3,,N,,,,,,,,,,,
2007047818,200.0,2,0,0,0,0,0,0,0,0,1,0,,67,2,2007,6,40.0219,-75.1395,150.0,6,0,0,0,0,0,0,1,0,,0,0,0,1,3,1,1,,0,40 01:18.103,,0,75 08:23.224,8,0,0,0,67301,0,0,0,N,0,0,0,3,67301,0,,1,1,,N,N,,0,,0,0,0,3,2,,130,1,2,0,0,0,1,0,3,4,0,2,3,,N,,,,,,,,,,,
2007106954,1623.0,3,0,0,0,0,0,0,0,0,1,0,,67,9,2007,4,40.0273,-75.0987,1611.0,6,0,0,1,0,0,0,1,0,1.0,0,0,0,15,1,2,1,,1,40 01:39.000,1.0,0,75 05:57.323,3,0,0,0,67301,0,0,0,N,0,0,0,3,67301,1,,1,1,,N,N,,0,,1,0,0,3,2,N,1532,2,3,0,0,0,0,0,3,4,0,3,3,,N,,,,,,,,,,,
2007107015,1455.0,1,0,0,0,0,0,0,0,0,6,0,,67,9,2007,4,40.0502,-75.0154,1452.0,6,0,1,0,0,0,0,0,0,1.0,0,0,0,14,1,2,1,,1,40 03:00.658,7.0,0,75 00:55.281,8,0,0,0,67301,0,0,0,N,0,0,0,3,67301,0,,1,1,,N,N,,1,,0,0,0,3,3,N,1451,2,2,0,0,0,2,0,3,4,0,2,3,,N,,,,,,,,,,,
2007055567,1148.0,1,0,0,0,0,0,0,0,0,2,0,,67,1,2007,4,39.9198,-75.1883,1146.0,6,0,0,0,0,1,1,0,0,,0,0,0,11,1,0,5,,0,39 55:11.208,,0,75 11:17.768,0,0,0,0,67301,0,0,0,N,0,0,0,4,67301,0,,1,1,,N,N,,0,,0,0,1,3,2,,1145,0,2,0,0,3,0,0,3,4,0,2,3,,N,,,,,,,,,,,
2007047894,945.0,1,0,0,0,0,0,0,0,0,1,0,,67,2,2007,7,40.017,-75.1495,940.0,6,0,0,0,0,0,1,0,0,,0,0,0,9,1,1,0,,0,40 01:01.092,,0,75 08:58.030,4,0,0,0,67301,0,0,0,N,0,0,0,2,67301,1,,1,1,,N,N,,0,,0,0,0,0,0,,930,1,2,0,0,0,0,0,3,4,1,2,3,,N,,,,,,,,,,,
2007047947,730.0,0,0,0,0,0,0,0,0,0,7,0,,67,3,2007,7,39.8927,-75.234,726.0,6,0,0,0,0,0,0,0,0,,0,0,0,7,1,1,0,,0,39 53:34.078,,0,75 14:00.100,8,0,0,0,67301,0,0,0,Y,0,0,0,1,67301,0,,2,1,,N,N,,0,,0,0,1,0,0,,720,1,1,0,0,0,1,0,3,4,0,1,3,,N,,,,,,,,,,,
2007093405,2030.0,2,0,0,0,0,0,0,0,0,1,0,,67,7,2007,3,39.9288,-75.1843,2025.0,6,0,0,0,0,0,0,0,0,,0,0,0,20,3,1,0,,0,39 55:43.633,,0,75 11:03.541,2,0,0,0,67301,0,0,0,N,0,0,0,1,67301,0,,1,1,,N,N,,0,,0,1,0,0,0,,2021,1,3,0,0,0,0,0,3,4,0,3,3,,N,,,,,,,,,,,
2007107320,1620.0,2,0,0,0,0,0,0,0,0,1,0,,67,9,2007,1,39.9757,-75.1948,1620.0,6,0,0,0,1,0,0,0,0,,0,0,0,16,1,0,0,,0,39 58:35.000,,0,75 11:45.646,0,0,0,0,67301,0,0,0,N,0,0,0,3,68K01,0,,1,1,,N,N,,0,,0,0,0,0,0,,1620,0,2,0,0,0,0,0,3,4,0,2,3,,N,,,,,,,,,,,
2007104867,1957.0,1,0,0,0,0,0,0,0,0,4,0,,67,7,2007,3,39.9443,-75.155,1936.0,6,0,0,0,0,0,0,0,0,,0,0,0,19,1,2,1,,0,39 56:39.490,,0,75 09:18.158,4,0,0,0,67301,0,0,0,N,0,0,0,5,68K01,2,,1,1,,N,N,,0,,0,0,1,3,2,,1933,2,2,0,0,0,0,0,3,4,0,2,3,,N,,,,,,,,,,,
2007107362,1210.0,2,0,0,0,0,0,0,0,0,4,0,,67,9,2007,6,40.0391,-75.1101,1200.0,6,0,0,0,1,0,0,0,0,,0,0,0,11,1,0,0,,0,40 02:20.000,,7,75 06:36.747,0,0,0,0,67301,0,0,0,N,0,0,0,2,67301,0,,1,1,,N,N,,0,,0,0,0,0,0,,1150,0,2,0,0,0,0,0,3,4,0,2,3,,N,,,,,,,,,,,