CRN,ARRIVAL_TM,AUTOMOBILE_COUNT,BELTED_DEATH_COUNT,BELTED_SUSP_SERIOUS_INJ_COUNT,BICYCLE_COUNT,BICYCLE_DEATH_COUNT,BICYCLE_SUSP_SERIOUS_INJ_COUNT,BUS_COUNT,CHLDPAS_DEATH_COUNT,CHLDPAS_SUSP_SERIOUS_INJ_COUNT,COLLISION_TYPE,COMM_VEH_COUNT,CONS_ZONE_SPD_LIM,COUNTY,CRASH_MONTH,CRASH_YEAR,DAY_OF_WEEK,DEC_LAT,DEC_LONG,DISPATCH_TM,DISTRICT,DRIVER_COUNT_16YR,DRIVER_COUNT_17YR,DRIVER_COUNT_18YR,DRIVER_COUNT_19YR,DRIVER_COUNT_20YR,DRIVER_COUNT_50_64YR,DRIVER_COUNT_65_74YR,DRIVER_COUNT_75PLUS,EST_HRS_CLOSED,FATAL_COUNT,HEAVY_TRUCK_COUNT,HORSE_BUGGY_COUNT,HOUR_OF_DAY,ILLUMINATION,INJURY_COUNT,INTERSECT_TYPE,INTERSECTION_RELATED,LANE_CLOSED,LATITUDE,LN_CLOSE_DIR,LOCATION_TYPE,LONGITUDE,MAX_SEVERITY_LEVEL,MCYCLE_DEATH_COUNT,MCYCLE_SUSP_SERIOUS_INJ_COUNT,MOTORCYCLE_COUNT,MUNICIPALITY,NONMOTR_COUNT,NONMOTR_DEATH_COUNT,NONMOTR_SUSP_SERIOUS_INJ_COUNT,NTFY_HIWY_MAINT,PED_COUNT,PED_DEATH_COUNT,PED_SUSP_SERIOUS_INJ_COUNT,PERSON_COUNT,POLICE_AGCY,POSSIBLE_INJ_COUNT,RDWY_SURF_TYPE_CD,RELATION_TO_ROAD,ROAD_CONDITION,ROADWAY_CLEARED,SCH_BUS_IND,SCH_ZONE_IND,SECONDARY_CRASH,SMALL_TRUCK_COUNT,SPEC_JURIS_CD,SUSP_MINOR_INJ_COUNT,SUSP_SERIOUS_INJ_COUNT,SUV_COUNT,TCD_FUNC_CD,TCD_TYPE,TFC_DETOUR_IND,TIME_OF_DAY,TOT_INJ_COUNT,TOTAL_UNITS,UNB_DEATH_COUNT,UNB_SUSP_SERIOUS_INJ_COUNT,UNBELTED_OCC_COUNT,UNK_INJ_DEG_COUNT,UNK_INJ_PER_COUNT,URBAN_AREA,URBAN_RURAL,VAN_COUNT,VEHICLE_COUNT,WEATHER1,WEATHER2,WORK_ZONE_IND,WORK_ZONE_LOC,WORK_ZONE_TYPE,WORKERS_PRES,WZ_CLOSE_DETOUR,WZ_FLAGGER,WZ_LAW_OFFCR_IND,WZ_LN_CLOSURE,WZ_MOVING,WZ_OTHER,WZ_SHLDER_MDN,WZ_WORKERS_INJ_KILLED
2007107364,2242.0,1,0,0,0,0,0,0,0,0,7,0,,67,9,2007,3,40.0159,-75.1538,2240.0,6,0,1,0,0,0,0,0,0,,0,0,0,0,3,1,1,,0,40 00:57.000,,0,75 09:13.829,4,0,0,0,67301,0,0,0,N,0,0,0,2,67301,1,,5,1,,N,N,,0,,0,0,0,3,2,,22,1,1,0,0,0,0,0,3,4,0,1,3,,N,,,,,,,,,,,
2007107498,1210.0,3,0,0,0,0,0,0,0,0,6,0,,67,9,2007,7,40.0851,-75.2155,1201.0,6,0,0,0,0,0,1,0,0,3.0,0,0,0,11,1,1,0,,1,40 05:06.200,6.0,0,75 12:55.800,3,0,0,0,67301,0,0,0,,0,0,0,3,67301,0,,1,9,,N,N,,0,,1,0,0,0,0,Y,1157,1,3,0,0,0,0,0,3,4,0,3,7,,N,,,,,,,,,,,
2007048209,243.0,2,0,0,0,0,0,0,0,0,1,0,,67,2,2007,1,40.0012,-75.0972,239.0,6,0,0,0,0,0,0,0,0,1.0,0,0,0,2,3,0,2,,2,40 00:04.000,5.0,0,75 05:49.913,9,0,0,0,67301,0,0,0,N,0,0,0,2,67301,0,,1,1,,N,N,,0,,0,0,0,0,0,Y,236,0,2,0,0,0,0,1,3,4,0,2,3,,N,,,,,,,,,,,
2007048211,9999.0,2,0,0,0,0,0,0,0,0,4,0,,67,2,2007,5,39.9831,-75.1126,1806.0,6,0,0,0,0,0,0,0,0,,0,0,0,18,3,1,2,,0,39 58:59.253,,0,75 06:45.406,3,0,0,0,67301,0,0,0,N,0,0,0,2,67301,0,,1,1,,N,N,,0,,1,0,0,3,3,,1800,1,2,0,0,0,0,1,3,4,0,2,3,,N,,,,,,,,,,,
2007048305,1951.0,2,0,0,0,0,0,0,0,0,2,0,,67,2,2007,2,40.0731,-75.1639,1941.0,6,0,0,0,0,0,0,0,0,,0,0,0,19,3,1,1,,0,40 04:23.073,,0,75 09:50.047,4,0,0,0,67301,0,0,0,N,0,0,0,2,67301,1,,1,9,,N,N,,0,,0,0,0,0,0,,1935,1,2,0,0,0,0,0,3,4,0,2,3,,N,,,,,,,,,,,
2007048327,21.0,5,0,0,0,0,0,0,0,0,5,0,,67,3,2007,5,39.984,-75.1344,20.0,6,0,0,0,0,0,0,0,0,2.0,0,0,0,0,3,2,0,,2,39 59:02.497,2.0,0,75 08:03.951,4,0,0,0,67301,0,0,0,N,0,0,0,5,67301,2,,1,1,,N,N,,0,,0,0,0,0,0,N,18,2,5,0,0,2,0,2,3,4,0,5,3,,N,,,,,,,,,,,
2007048524,1527.0,2,0,0,0,0,0,0,0,0,4,0,,67,2,2007,4,39.9569,-75.1996,1524.0,6,0,0,0,0,0,1,0,0,,0,0,0,15,1,1,1,,0,39 57:24.000,,0,75 11:58.490,3,0,0,0,67301,0,0,0,N,0,0,0,3,67301,0,,1,1,,N,N,,0,,1,0,0,3,2,,1521,1,2,0,0,0,0,0,3,4,0,2,3,,N,,,,,,,,,,,
2007046057,235.0,2,0,0,0,0,0,0,0,0,4,0,,67,2,2007,1,39.9746,-75.1598,230.0,6,0,0,0,0,1,0,0,0,,0,0,0,2,3,2,1,,0,39 58:28.588,,0,75 09:35.171,8,0,0,0,67301,0,0,0,N,0,0,0,2,67301,0,,1,1,,N,N,,0,,0,0,0,0,0,,220,2,2,0,0,0,2,0,3,4,0,2,3,,N,,,,,,,,,,,
2007092951,1130.0,2,0,0,0,0,0,0,0,0,4,0,,67,7,2007,7,39.9567,-75.2175,1127.0,6,0,0,0,1,0,0,0,0,,0,0,0,11,1,3,1,,0,39 57:24.296,,0,75 13:02.938,4,0,0,0,67301,0,0,0,N,0,0,0,3,67301,2,,1,1,,N,N,,0,,0,0,0,3,3,,1120,3,2,0,0,0,1,0,3,4,0,2,3,,N,,,,,,,,,,,
2008007542,1914.0,2,0,0,0,0,0,0,0,0,1,0,,67,11,2007,5,39.9749,-75.1943,1904.0,6,0,0,0,0,0,0,1,0,1.0,0,0,0,19,3,1,0,,2,39 58:33.749,3.0,0,75 11:42.249,4,0,0,0,67301,0,0,0,N,0,0,0,2,68K01,1,,1,1,,N,N,,0,,0,0,0,0,0,N,1902,1,2,0,0,0,0,0,3,4,0,2,3,,N,,,,,,,,,,,
2008007328,1807.0,1,0,0,0,0,0,0,0,0,4,0,,67,11,2007,4,40.0465,-75.073,1802.0,6,0,0,0,0,0,0,0,0,1.0,0,0,0,18,3,1,1,,1,40 02:47.547,6.0,0,75 04:22.886,4,0,0,0,67301,0,0,0,N,0,0,0,2,67301,1,,1,1,,N,N,,1,,0,0,0,3,3,Y,1800,1,2,0,0,1,0,0,3,4,0,2,3,,N,,,,,,,,,,,
2008000682,757.0,1,0,0,0,0,0,0,0,0,5,1,,67,10,2007,4,39.9463,-75.1971,755.0,6,0,0,0,0,0,0,0,0,1.0,0,0,0,99,1,1,2,,2,39 56:46.696,2.0,0,75 11:49.662,3,0,0,0,67301,0,0,0,N,0,0,0,2,67301,0,,1,9,,N,N,,1,,1,0,0,3,2,Y,9999,1,2,0,0,0,0,0,3,4,0,2,7,,N,,,,,,,,,,,
2008018077,1335.0,1,0,0,0,0,0,0,0,0,5,0,,67,12,2007,1,40.0,-75.221,1326.0,6,0,0,0,0,0,0,0,0,,0,0,0,11,1,1,0,,0,39 59:59.949,,0,75 13:15.451,8,0,0,0,67301,0,0,0,N,0,0,0,2,67301,0,,1,9,,N,N,,1,,0,0,0,0,0,,1130,1,2,0,0,0,1,0,3,4,0,2,7,,N,,,,,,,,,,,
2008018087,1740.0,1,0,0,0,0,0,0,0,0,1,0,,67,12,2007,4,40.0198,-75.1146,1730.0,6,0,0,0,0,1,0,0,0,,0,0,0,17,3,1,2,,0,40 01:11.000,,0,75 06:52.705,4,0,0,0,67301,0,0,0,N,0,0,0,1,67301,1,,4,9,,N,N,,0,,0,0,0,0,0,,1730,1,2,0,0,1,0,0,3,4,1,2,10,,N,,,,,,,,,,,
2008062073,2335.0,3,0,0,0,0,0,0,0,0,4,0,,67,12,2007,1,39.953,-75.2386,2330.0,6,0,0,0,0,0,0,0,0,2.0,0,0,0,23,3,0,1,,1,39 57:10.702,1.0,0,75 14:19.017,0,0,0,0,67301,0,0,0,N,0,0,0,2,67301,0,,1,9,,N,N,,0,,0,0,0,3,3,N,2320,0,3,0,0,0,0,0,3,4,0,3,7,,N,,,,,,,,,,,
2008006568,1015.0,1,0,0,0,0,0,0,0,0,8,0,,67,11,2007,2,39.9434,-75.1553,1010.0,6,0,0,0,0,0,0,0,0,,0,0,0,10,1,1,1,,0,39 56:36.308,,0,75 09:18.932,4,0,0,0,67301,1,0,0,N,1,0,0,2,67301,1,,1,9,,N,N,,0,,0,0,0,3,2,,1000,1,2,0,0,1,0,0,3,4,0,1,7,,N,,,,,,,,,,,
2008024236,2145.0,2,0,0,0,0,0,0,0,0,4,0,,67,12,2007,4,40.0201,-75.043,2140.0,6,0,0,0,0,0,1,0,0,,0,0,0,21,3,1,1,,0,40 01:12.000,,0,75 02:34.726,8,0,0,0,67301,0,0,0,,0,0,0,2,67301,0,,1,9,,,,,0,,0,0,0,3,2,,2140,1,2,0,0,0,1,1,3,4,0,2,7,,N,,,,,,,,,,,
2008024227,2303.0,1,0,0,0,0,0,0,0,0,7,0,,67,10,2007,5,39.9169,-75.216,2303.0,6,0,0,0,0,0,0,0,0,9.0,0,0,0,23,3,2,1,,1,39 55:05.000,2.0,0,75 12:31.948,2,0,0,0,67301,0,0,0,N,0,0,0,2,67301,0,,4,1,,N,N,,0,,0,1,0,3,2,Y,2303,2,1,0,1,2,1,0,3,4,0,1,3,,N,,,,,,,,,,,
2008017020,750.0,3,0,0,0,0,0,0,0,0,5,0,,67,12,2007,5,40.0404,-75.1667,745.0,6,0,0,0,0,0,1,0,0,,0,0,0,7,1,1,0,,0,40 02:25.508,,0,75 10:00.246,4,0,0,0,67301,0,0,0,,0,0,0,4,67301,1,,1,2,,,,,0,,0,0,0,0,0,,740,1,3,0,0,0,0,0,3,4,0,3,98,,N,,,,,,,,,,,
2008017049,1629.0,0,0,0,0,0,0,0,0,0,8,0,,67,12,2007,6,40.1219,-75.0162,1626.0,6,0,0,0,0,0,0,0,0,,0,0,0,16,4,1,0,,0,40 07:18.000,,0,75 00:58.279,4,0,0,0,67301,1,0,0,N,1,0,0,2,67301,1,,1,9,,N,N,,0,,0,0,1,0,0,,1624,1,2,0,0,0,0,0,3,4,0,1,7,,N,,,,,,,,,,,
2008017397,1835.0,2,0,0,0,0,0,0,0,0,4,0,,67,12,2007,2,40.042,-75.075,1830.0,6,0,0,0,0,0,0,0,0,,0,0,0,18,3,2,1,,0,40 02:31.000,,0,75 04:30.123,4,0,0,0,67301,0,0,0,N,0,0,0,6,67301,2,,1,1,,N,N,,0,,0,0,0,3,2,,1824,2,2,0,0,0,0,0,3,4,0,2,3,,N,,,,,,,,,,,
2008017300,1705.0,4,0,0,0,0,0,0,0,0,1,0,,67,12,2007,7,39.9572,-75.2174,1656.0,6,0,0,0,0,0,1,1,1,,0,0,0,16,4,1,0,,0,39 57:26.064,,0,75 13:02.579,8,0,0,0,67301,0,0,0,,0,0,0,5,67301,0,,1,1,,N,N,,0,,0,0,0,0,0,,1652,1,4,0,0,0,1,0,3,4,0,4,3,,N,,,,,,,,,,,
2008054054,1735.0,2,0,0,0,0,0,0,0,0,4,0,,67,12,2007,4,39.9575,-75.2112,1725.0,6,0,0,0,0,0,0,0,0,,0,0,0,17,3,0,1,,0,39 57:27.061,,0,75 12:40.366,9,0,0,0,67301,0,0,0,,0,0,0,3,67301,0,,1,1,,N,N,,0,,0,0,0,3,3,,1725,0,4,0,0,1,0,3,3,4,2,4,3,,N,,,,,,,,,,,
2008010508,1829.0,0,0,0,0,0,0,0,0,0,8,0,,67,3,2007,5,40.0253,-75.0475,1829.0,6,0,0,0,0,0,1,0,0,2.0,0,0,0,18,3,1,1,,2,40 01:31.044,1.0,0,75 02:50.924,4,0,0,0,67301,1,0,0,N,1,0,0,2,67301,1,,1,1,,N,N,,0,,0,0,1,3,3,Y,1824,1,2,0,0,0,0,0,3,4,0,1,3,,N,,,,,,,,,,,
2008003821,850.0,1,0,0,0,0,0,0,0,0,5,0,,67,10,2007,6,39.9221,-75.2305,845.0,6,0,0,0,0,0,0,0,0,,0,0,0,8,1,1,0,,0,39 55:19.000,,0,75 13:49.892,8,0,0,0,67301,0,0,0,N,0,0,0,2,67301,0,,1,9,,N,,,0,,0,0,0,3,2,,815,1,2,0,0,0,1,1,3,4,1,2,3,,N,,,,,,,,,,,
2008038298,2024.0,2,0,0,0,0,0,0,0,0,5,0,,67,12,2007,1,39.938,-75.1981,2024.0,6,0,0,1,0,0,0,0,0,1.0,0,0,0,20,3,0,0,,2,39 56:23.000,4.0,0,75 11:45.958,0,0,0,0,67301,0,0,0,N,0,0,0,2,68K01,0,,1,9,,N,N,,0,,0,0,0,0,0,N,2024,0,2,0,0,0,0,0,3,4,0,2,3,,N,,,,,,,,,,,
2008024063,1350.0,0,0,0,1,0,0,0,0,0,4,0,,67,12,2007,2,39.9304,-75.1674,1350.0,6,0,1,0,0,0,0,0,0,,0,0,0,13,1,1,1,,0,39 55:49.281,,0,75 10:02.567,4,0,0,0,67301,1,0,0,N,0,0,0,2,67301,1,,1,1,,N,N,,0,,0,0,1,3,3,,1349,1,2,0,0,0,0,0,3,4,0,1,3,,N,,,,,,,,,,,
2008024208,204.0,1,0,0,0,0,0,0,0,0,5,0,,67,12,2007,7,39.9169,-75.216,203.0,6,0,0,0,0,0,1,0,0,,0,0,0,2,3,1,0,,0,39 55:07.000,,3,75 12:23.931,2,0,0,0,67301,0,0,0,N,0,0,0,3,67301,0,,1,1,,N,N,,1,,0,1,0,0,0,,200,1,2,0,0,0,0,0,3,4,0,2,3,,N,,,,,,,,,,,
2008053187,111.0,0,0,0,0,0,0,0,0,0,7,0,,67,10,2007,4,39.9888,-75.1502,110.0,6,0,0,0,0,0,0,0,0,3.0,0,0,0,1,3,0,0,,2,39 59:19.820,1.0,0,75 09:00.838,0,0,0,0,67301,0,0,0,,0,0,0,1,67301,0,,5,9,,N,N,,0,,0,0,1,0,0,Y,110,0,1,0,0,0,0,0,3,4,0,1,7,,N,,,,,,,,,,,
2012034600,409.0,1,0,0,0,0,0,0,0,0,1,0,,67,8,2007,1,39.9903,-75.1215,408.0,6,0,0,0,0,0,0,0,0,,0,0,0,4,3,1,1,,0,39 59:25.094,,0,75 07:17.569,8,0,0,0,67301,0,0,0,,0,0,0,1,67301,0,,1,9,,N,,,0,,0,0,1,2,3,,405,1,3,0,0,0,1,0,3,4,1,3,7,,N,,,,,,,,,,,
2012039816,2030.0,3,0,0,0,0,0,0,0,0,1,0,,67,3,2007,7,40.0238,-75.0311,2018.0,6,0,0,0,1,0,0,0,0,1.0,0,0,0,20,3,3,0,,1,40 01:24.137,1.0,2,75 01:58.692,8,0,0,0,67301,0,0,0,,0,0,0,7,67301,0,,1,1,,N,,,0,,0,0,0,0,0,N,2015,3,3,0,0,0,3,0,3,4,0,3,3,,N,,,,,,,,,,,
2007047990,1425.0,0,0,0,0,0,0,0,0,0,8,0,,67,3,2007,4,40.0456,-75.1285,1420.0,6,0,0,0,0,0,0,0,0,2.0,0,0,0,14,1,1,1,,2,40 02:44.254,4.0,0,75 07:42.459,4,0,0,0,67301,1,0,0,N,1,0,0,2,67301,1,,1,1,,N,N,,0,,0,0,1,3,2,Y,1415,1,2,0,0,0,0,0,3,4,0,1,3,,N,,,,,,,,,,,
2007047967,9999.0,2,0,0,0,0,0,0,0,0,5,0,,67,2,2007,4,40.0097,-75.1869,9999.0,6,0,0,0,0,0,0,0,0,1.0,0,0,0,11,1,2,0,,1,40 00:34.920,1.0,0,75 11:12.840,4,0,0,0,67301,0,0,0,N,0,0,0,2,67301,2,,1,9,,N,N,,0,,0,0,0,0,0,N,1111,2,2,0,0,0,0,0,3,4,0,2,3,,N,,,,,,,,,,,
2007045597,1031.0,1,0,0,0,0,0,0,0,0,2,0,,67,2,2007,5,40.0875,-74.9719,1029.0,6,0,0,0,0,0,0,0,0,1.0,0,0,0,99,1,1,0,,1,40 05:15.000,3.0,0,74 58:18.840,3,0,0,0,67301,0,0,0,N,0,0,0,2,67301,0,,1,1,,N,N,,1,,1,0,0,0,0,N,9999,1,2,0,0,0,0,0,3,4,0,2,10,,N,,,,,,,,,,,
2007093410,1725.0,1,0,0,0,0,0,0,0,0,8,0,,67,7,2007,3,40.0277,-75.1306,1720.0,6,0,0,0,0,0,0,0,0,1.0,0,0,0,17,1,1,0,,2,40 01:39.849,6.0,0,75 07:50.286,3,0,0,0,67301,1,0,0,N,1,0,0,2,67301,0,,1,1,,N,N,,0,,1,0,0,0,0,Y,1715,1,2,0,0,0,0,0,3,4,0,1,3,,N,,,,,,,,,,,
2007125020,1727.0,1,0,0,0,0,0,0,0,0,5,0,,67,11,2007,5,39.9516,-75.1825,1723.0,6,0,0,0,0,0,0,0,0,,0,0,0,17,1,0,3,,0,39 57:05.828,,0,75 10:57.075,0,0,0,0,67301,0,0,0,N,0,0,0,4,67301,0,,1,1,,N,N,,0,,0,0,1,3,2,,1713,0,3,0,0,0,0,0,3,4,0,3,3,,N,,,,,,,,,,,
2007109767,30.0,0,0,0,0,0,0,0,0,0,8,0,,67,4,2007,1,39.9806,-75.2247,20.0,6,0,0,0,0,0,1,0,0,,0,0,0,0,3,1,0,,0,39 58:50.000,,0,75 13:28.777,8,0,0,0,67301,1,0,0,N,1,0,0,2,67301,0,,1,1,,N,N,,0,,0,0,0,0,0,,20,1,2,0,0,1,1,0,3,4,1,1,3,,N,,,,,,,,,,,
2007107475,813.0,2,0,0,0,0,0,0,0,0,4,0,,67,9,2007,3,40.039,-75.15,811.0,6,0,0,0,0,1,0,0,0,1.0,0,0,0,8,1,1,0,,1,40 02:20.300,2.0,0,75 09:00.147,4,0,0,0,67301,0,0,0,N,0,0,0,3,67301,1,,1,9,,N,N,,0,,0,0,0,0,0,N,811,1,2,0,0,0,0,0,3,4,0,2,7,,N,,,,,,,,,,,
2007048264,2321.0,2,0,0,0,0,0,0,0,0,5,0,,67,2,2007,2,40.0315,-75.0846,2314.0,6,0,0,0,0,0,0,0,0,,0,0,0,22,3,2,0,,0,40 01:53.000,,0,75 05:03.885,8,0,0,0,67301,0,0,0,N,0,0,0,4,67301,0,,1,1,,N,N,,0,,0,0,0,0,0,,2253,2,2,0,0,0,2,2,3,4,0,2,3,,N,,,,,,,,,,,
2007046036,1650.0,2,0,0,0,0,0,0,0,0,4,0,,67,2,2007,6,40.0312,-75.0852,1145.0,6,0,0,0,0,0,1,0,0,2.0,0,0,0,11,1,1,2,,1,40 01:52.630,2.0,99,75 05:06.055,4,0,0,0,67301,0,0,0,N,0,0,0,3,67301,1,,1,1,,N,N,,0,,0,0,0,1,2,N,1145,1,2,0,0,0,0,0,3,4,0,2,3,,N,,,,,,,,,,,
2007046039,1104.0,3,0,0,0,0,0,0,0,0,1,0,,67,2,2007,2,40.0184,-75.1486,1058.0,6,0,0,0,0,0,0,0,1,1.0,0,0,0,10,1,3,0,,1,40 01:06.240,2.0,0,75 08:54.960,4,0,0,0,67301,0,0,0,N,0,0,0,5,67301,3,,1,1,,N,N,,0,,0,0,0,0,0,Y,1058,3,3,0,0,0,0,0,3,4,0,3,3,,N,,,,,,,,,,,
2007092913,1455.0,0,0,0,0,0,0,0,0,0,1,0,,67,7,2007,2,39.9771,-75.2055,1442.0,6,0,0,0,0,0,0,0,0,,0,1,0,14,1,2,1,,0,39 58:37.426,,0,75 12:19.810,3,0,0,0,67301,0,0,0,N,0,0,0,3,67301,0,,1,1,,N,N,,0,,2,0,0,3,3,,1430,2,3,0,0,0,0,0,3,4,2,3,3,,N,,,,,,,,,,,
2007092919,2016.0,1,0,0,0,0,0,0,0,0,7,0,,67,6,2007,5,39.9841,-75.1197,2010.0,6,0,0,0,0,0,0,0,0,,0,0,0,20,1,1,2,,0,39 59:02.000,,0,75 07:10.964,3,0,0,0,67301,0,0,0,,0,0,0,1,67301,0,,4,1,,N,N,,0,,1,0,0,3,3,,2005,1,1,0,0,1,0,0,3,4,0,1,3,,N,,,,,,,,,,,
2007092961,2041.0,0,0,0,1,0,0,0,0,0,5,0,,67,7,2007,3,39.9493,-75.2109,2040.0,6,0,0,1,0,0,0,0,0,,0,0,0,20,2,1,0,,0,39 56:57.480,,0,75 12:39.240,4,0,0,0,67301,1,0,0,N,0,0,0,2,67301,1,,1,1,,N,N,,0,,0,0,1,0,0,,2039,1,2,0,0,1,0,0,3,4,0,1,3,,N,,,,,,,,,,,
2008007237,830.0,1,0,0,0,0,0,0,0,0,4,1,,67,11,2007,2,39.8902,-75.2303,830.0,6,0,0,0,0,0,1,0,0,,0,1,0,7,1,1,2,,0,39 53:25.000,,2,75 14:02.332,8,0,0,0,67301,0,0,0,N,0,0,0,2,67301,0,,1,1,,N,N,,0,,0,0,0,3,2,,730,1,2,0,0,0,1,0,3,4,0,2,3,,N,,,,,,,,,,,
2008007249,1415.0,2,0,0,0,0,0,0,0,0,1,0,,67,11,2007,2,39.9227,-75.1918,1405.0,6,0,0,0,1,0,0,0,0,2.0,0,0,0,14,1,1,0,,2,39 55:24.000,3.0,0,75 11:32.293,4,0,0,0,67301,0,0,0,,0,0,0,2,67301,1,,1,9,,,,,0,,0,0,0,0,0,Y,1400,1,2,0,0,0,0,0,3,4,0,2,7,,N,,,,,,,,,,,
2008007269,2208.0,3,0,0,0,0,0,0,0,0,5,0,,67,12,2007,7,39.9376,-75.1583,2207.0,6,0,0,0,0,0,0,1,0,,0,0,0,21,3,0,0,,0,39 56:15.320,,0,75 09:29.944,0,0,0,0,67301,0,0,0,N,0,0,0,1,67301,0,,2,1,,N,N,,0,,0,0,0,0,0,,2153,0,3,0,0,0,0,0,3,4,0,3,3,,N,,,,,,,,,,,
2008004929,2230.0,1,0,0,0,0,0,0,0,0,7,0,,67,11,2007,1,40.0958,-74.9912,2230.0,6,0,0,0,0,0,0,0,0,,0,0,0,22,3,1,2,,0,40 05:44.901,,0,74 59:28.492,8,0,0,0,67301,0,0,0,,0,0,0,1,67301,0,,4,9,,,,,0,,0,0,0,0,0,,2229,1,1,0,0,0,1,0,3,4,0,1,7,,N,,,,,,,,,,,
2008005770,0.0,2,0,0,0,0,0,0,0,0,2,0,,67,11,2007,5,39.9478,-75.1712,2357.0,6,0,0,0,0,0,0,0,0,,0,0,0,23,3,1,1,,0,39 56:52.033,,0,75 10:16.215,4,0,0,0,67301,0,0,0,N,0,0,0,4,67301,1,,3,1,,N,N,,0,,0,0,0,3,2,,2355,1,2,0,0,1,0,0,3,4,0,2,3,,N,,,,,,,,,,,
2008029498,1800.0,2,0,0,0,0,0,0,0,0,4,0,,67,12,2007,7,39.9985,-75.1293,1800.0,6,0,0,0,0,0,1,0,0,,0,0,0,18,1,1,1,,0,39 59:54.000,,0,75 07:45.411,4,0,0,0,67301,0,0,0,,0,0,0,3,67301,1,,1,1,,N,N,,0,,0,0,0,3,2,,1800,1,2,0,0,0,0,0,3,4,0,2,3,,N,,,,,,,,,,,
2008018205,2146.0,1,0,0,0,0,0,0,0,0,7,0,,67,12,2007,3,,,2145.0,6,0,0,0,0,0,0,0,0,,0,0,0,21,3,0,0,,0,,,0,,0,0,0,0,67301,0,0,0,N,0,0,0,1,67501,0,,2,9,,N,N,,0,,0,0,0,3,8,,2143,0,1,0,0,0,0,0,3,3,0,1,7,5.0,N,,,,,,,,,,,
2008005965,1102.0,3,0,0,0,0,0,0,0,0,4,0,,67,11,2007,7,40.049,-75.1425,1059.0,6,0,0,0,0,1,0,0,0,1.0,0,0,0,10,1,1,0,,1,40 02:56.000,2.0,0,75 08:32.844,4,0,0,0,67301,0,0,0,N,0,0,0,2,67301,1,,1,1,,N,N,,0,,0,0,0,0,0,Y,1057,1,3,0,0,0,0,0,3,4,0,3,3,,N,,,,,,,,,,,
2008009204,1120.0,0,0,0,0,0,0,0,0,0,8,0,,67,11,2007,6,39.9207,-75.1706,1117.0,6,0,0,0,0,0,0,0,0,9.0,0,0,0,11,1,1,1,,1,39 55:14.000,2.0,0,75 10:13.982,4,0,0,0,67301,1,0,0,,1,0,0,2,67301,1,,1,1,,,,,1,,0,0,0,3,2,N,1115,1,2,0,0,0,0,0,3,4,0,1,3,,N,,,,,,,,,,,
2008023698,54.0,2,0,0,0,0,0,0,0,0,4,0,,67,12,2007,7,39.9997,-75.1198,52.0,6,0,0,0,0,0,0,0,0,,0,0,0,99,3,1,0,,0,39 59:59.018,,0,75 07:11.418,3,0,0,0,67301,1,0,0,N,0,0,0,3,67301,0,,4,9,,N,N,,0,,1,0,1,0,0,,9999,1,3,0,0,0,0,1,3,4,0,3,7,,N,,,,,,,,,,,
2008023730,940.0,3,0,0,0,0,0,0,0,0,1,0,,67,12,2007,6,40.0543,-75.0716,930.0,6,0,0,0,0,0,0,1,0,,0,0,0,9,1,2,1,,0,40 03:15.000,,0,75 04:17.588,8,0,0,0,67301,0,0,0,N,0,0,0,3,67301,0,,1,1,,N,N,,0,,0,0,0,3,2,,900,2,3,0,0,0,2,0,3,4,0,3,3,,N,,,,,,,,,,,
2008018607,1614.0,0,0,0,0,0,0,0,0,0,7,0,,67,12,2007,4,39.9771,-75.1994,1611.0,6,0,0,0,0,0,0,0,0,1.0,0,0,0,16,1,1,3,,1,39 58:37.000,3.0,2,75 11:59.702,4,0,0,0,67301,0,0,0,N,0,0,0,1,68K01,1,,7,1,,N,N,,0,,0,0,1,0,0,N,1611,1,1,0,0,1,0,0,3,4,0,1,3,,N,,,,,,,,,,,
2008006665,140.0,2,0,0,0,0,0,0,0,0,7,0,,67,11,2007,1,39.9697,-75.1259,135.0,6,0,0,0,0,0,1,0,0,1.0,0,0,0,1,3,0,0,,2,39 58:15.000,1.0,0,75 07:26.970,0,0,0,0,67301,0,0,0,N,0,0,0,2,67301,0,,2,1,,N,N,,0,,0,0,0,0,0,N,132,0,2,0,0,0,0,0,3,4,0,2,3,,N,,,,,,,,,,,
2008016355,1335.0,0,0,0,0,0,0,0,0,0,4,0,,67,11,2007,6,40.006,-75.1766,1330.0,6,0,0,0,0,0,1,0,0,,0,0,0,13,1,1,2,,0,40 00:22.000,,0,75 10:35.726,2,0,1,1,67301,0,0,0,,0,0,0,2,67301,0,,1,1,,,,,1,,0,1,0,3,2,,1325,1,2,0,0,0,0,0,3,4,0,2,3,,N,,,,,,,,,,,
2008016359,1733.0,1,0,0,1,0,0,0,0,0,5,0,,67,11,2007,5,39.95,-75.164,1733.0,6,0,0,0,0,1,0,0,0,,0,0,0,17,1,1,0,,0,39 56:59.000,,0,75 09:50.490,8,0,0,0,67301,1,0,0,N,0,0,0,2,67301,0,,1,1,,N,N,,0,,0,0,0,0,0,,1710,1,2,0,0,0,1,0,3,4,0,1,3,,N,,,,,,,,,,,