CRN,ARRIVAL_TM,AUTOMOBILE_COUNT,BELTED_DEATH_COUNT,BELTED_SUSP_SERIOUS_INJ_COUNT,BICYCLE_COUNT,BICYCLE_DEATH_COUNT,BICYCLE_SUSP_SERIOUS_INJ_COUNT,BUS_COUNT,CHLDPAS_DEATH_COUNT,CHLDPAS_SUSP_SERIOUS_INJ_COUNT,COLLISION_TYPE,COMM_VEH_COUNT,CONS_ZONE_SPD_LIM,COUNTY,CRASH_MONTH,CRASH_YEAR,DAY_OF_WEEK,DEC_LAT,DEC_LONG,DISPATCH_TM,DISTRICT,DRIVER_COUNT_16YR,DRIVER_COUNT_17YR,DRIVER_COUNT_18YR,DRIVER_COUNT_19YR,DRIVER_COUNT_20YR,DRIVER_COUNT_50_64YR,DRIVER_COUNT_65_74YR,DRIVER_COUNT_75PLUS,EST_HRS_CLOSED,FATAL_COUNT,HEAVY_TRUCK_COUNT,HORSE_BUGGY_COUNT,HOUR_OF_DAY,ILLUMINATION,INJURY_COUNT,INTERSECT_TYPE,INTERSECTION_RELATED,LANE_CLOSED,LATITUDE,LN_CLOSE_DIR,LOCATION_TYPE,LONGITUDE,MAX_SEVERITY_LEVEL,MCYCLE_DEATH_COUNT,MCYCLE_SUSP_SERIOUS_INJ_COUNT,MOTORCYCLE_COUNT,MUNICIPALITY,NONMOTR_COUNT,NONMOTR_DEATH_COUNT,NONMOTR_SUSP_SERIOUS_INJ_COUNT,NTFY_HIWY_MAINT,PED_COUNT,PED_DEATH_COUNT,PED_SUSP_SERIOUS_INJ_COUNT,PERSON_COUNT,POLICE_AGCY,POSSIBLE_INJ_COUNT,RDWY_SURF_TYPE_CD,RELATION_TO_ROAD,ROAD_CONDITION,ROADWAY_CLEARED,SCH_BUS_IND,SCH_ZONE_IND,SECONDARY_CRASH,SMALL_TRUCK_COUNT,SPEC_JURIS_CD,SUSP_MINOR_INJ_COUNT,SUSP_SERIOUS_INJ_COUNT,SUV_COUNT,TCD_FUNC_CD,TCD_TYPE,TFC_DETOUR_IND,TIME_OF_DAY,TOT_INJ_COUNT,TOTAL_UNITS,UNB_DEATH_COUNT,UNB_SUSP_SERIOUS_INJ_COUNT,UNBELTED_OCC_COUNT,UNK_INJ_DEG_COUNT,UNK_INJ_PER_COUNT,URBAN_AREA,URBAN_RURAL,VAN_COUNT,VEHICLE_COUNT,WEATHER1,WEATHER2,WORK_ZONE_IND,WORK_ZONE_LOC,WORK_ZONE_TYPE,WORKERS_PRES,WZ_CLOSE_DETOUR,WZ_FLAGGER,WZ_LAW_OFFCR_IND,WZ_LN_CLOSURE,WZ_MOVING,WZ_OTHER,WZ_SHLDER_MDN,WZ_WORKERS_INJ_KILLED
2008003991,1245.0,1,0,0,0,0,0,0,0,0,4,0,,67,10,2007,5,40.0272,-75.1512,1245.0,6,0,0,0,0,0,0,1,0,,0,0,0,12,1,1,1,,0,40 01:37.801,,0,75 09:04.478,3,0,0,0,67301,0,0,0,,0,0,0,2,67301,0,,1,9,,,,,0,,1,0,1,3,2,,1240,1,2,0,0,0,0,0,3,4,0,2,7,,N,,,,,,,,,,,
2008024419,2249.0,2,0,0,0,0,0,0,0,0,4,0,,67,12,2007,3,40.0252,-75.1254,2246.0,6,0,0,0,0,0,0,0,0,1.0,0,0,0,22,3,1,1,,1,40 01:31.000,2.0,0,75 07:31.582,8,0,0,0,67301,0,0,0,N,0,0,0,2,67301,0,,1,1,,N,N,,0,,0,0,0,3,2,N,2245,1,2,0,0,0,1,0,3,4,0,2,3,,N,,,,,,,,,,,
2008024439,246.0,1,0,0,0,0,0,0,0,0,4,0,,67,12,2007,1,40.1177,-74.9922,243.0,6,0,0,0,0,0,0,0,0,2.0,0,0,0,2,3,0,0,,2,40 07:03.582,6.0,0,74 59:31.994,0,0,0,0,67301,0,0,0,N,0,0,0,1,67301,0,,1,1,,N,N,,1,,0,0,0,0,0,Y,235,0,2,0,0,0,0,0,3,4,0,2,3,,N,,,,,,,,,,,
2008024496,2232.0,2,0,0,0,0,0,0,0,0,4,0,,67,12,2007,7,39.9346,-75.2273,2228.0,6,0,0,0,0,0,0,0,0,,0,0,0,22,3,0,1,,0,39 56:04.000,,0,75 13:38.330,0,0,0,0,67301,0,0,0,N,0,0,0,2,67301,0,,1,9,,N,N,,0,,0,0,0,3,2,,2228,0,2,0,0,0,0,0,3,4,0,2,7,,N,,,,,,,,,,,
2008016963,9999.0,2,0,0,0,0,0,0,0,0,2,0,,67,11,2007,6,39.9744,-75.2125,9999.0,6,0,0,0,0,0,0,0,0,3.0,0,0,0,99,3,3,0,,2,39 58:27.000,5.0,0,75 12:44.859,2,0,0,0,67301,0,0,0,,0,0,0,3,67301,0,,1,1,,,,,0,,0,1,0,0,0,Y,9999,3,2,0,0,0,2,0,3,4,0,2,3,,N,,,,,,,,,,,
2008016978,447.0,2,0,0,0,0,0,0,0,0,6,0,,67,12,2007,4,40.0242,-75.0348,440.0,6,0,0,0,0,0,0,0,0,,0,0,0,4,3,1,0,,0,40 01:27.000,,0,75 02:05.281,8,0,0,0,67301,0,0,0,N,0,0,0,1,67301,0,,6,1,,N,N,,0,,0,0,0,0,0,,438,1,2,0,0,0,1,0,3,4,0,2,3,,N,,,,,,,,,,,
2008017007,1610.0,2,0,0,0,0,0,0,0,0,5,0,,67,11,2007,1,39.9169,-75.216,1607.0,6,0,0,0,0,0,0,0,0,1.0,0,0,0,16,1,3,0,,1,39 55:06.000,4.0,3,75 12:28.985,8,0,0,0,67301,0,0,0,,0,0,0,9,67301,0,,1,9,,N,N,,0,,0,0,0,0,0,N,1605,3,2,0,0,1,3,0,3,4,0,2,7,,N,,,,,,,,,,,
2008017013,1515.0,1,0,0,0,0,0,1,0,0,4,1,,67,12,2007,4,40.0959,-74.9768,1450.0,6,0,0,0,0,0,0,0,0,,0,0,0,14,1,1,0,,0,40 05:45.348,,7,74 58:36.604,4,0,0,0,67301,0,0,0,N,0,0,0,3,67301,1,,1,1,,Y,N,,0,,0,0,0,3,3,,1445,1,2,0,0,0,0,0,3,4,0,2,3,,N,,,,,,,,,,,
2008017217,1344.0,1,0,0,0,0,0,0,0,0,4,0,,67,12,2007,7,40.0523,-75.1516,1337.0,6,0,0,0,0,0,0,1,0,2.0,0,0,0,13,1,2,1,,2,40 03:08.000,7.0,0,75 09:05.951,4,0,0,0,67301,0,0,0,N,0,0,0,3,67301,2,,1,9,,N,N,,0,,0,0,0,3,3,Y,1337,2,2,0,0,0,0,1,3,4,1,2,3,,N,,,,,,,,,,,
2008017372,2014.0,2,0,0,0,0,0,0,0,0,6,0,,67,11,2007,3,39.9807,-75.1227,2011.0,6,0,0,0,0,0,1,0,0,,0,0,0,20,3,0,1,,0,39 58:50.462,,0,75 07:21.590,0,0,0,0,67301,0,0,0,N,0,0,0,4,67301,0,,1,9,,N,N,,0,,0,0,0,0,0,,2005,0,2,0,0,0,0,0,3,4,0,2,3,,N,,,,,,,,,,,
2008017386,1615.0,1,0,0,0,0,0,0,0,0,8,0,,67,11,2007,6,40.0033,-75.1659,1615.0,6,0,0,0,0,0,1,0,0,,0,0,0,16,3,1,1,,0,40 00:11.000,,0,75 09:57.120,8,0,0,0,67301,1,0,0,,1,0,0,2,67301,0,,1,1,,,,,0,,0,0,0,9,2,,1615,1,2,0,0,0,1,1,3,4,0,1,3,,N,,,,,,,,,,,
2008017529,1220.0,1,0,0,0,0,0,0,0,0,4,0,,67,12,2007,2,40.0078,-75.1396,1211.0,6,0,0,0,0,0,1,0,0,,0,0,0,11,1,2,1,,0,40 00:27.000,,0,75 08:22.555,4,0,0,0,67301,0,0,0,N,0,0,0,4,67301,2,,3,1,,N,N,,0,,0,0,1,0,0,,1150,2,2,0,0,0,0,0,3,4,0,2,3,,N,,,,,,,,,,,
2008019028,1841.0,1,0,0,0,0,0,0,0,0,1,0,,67,12,2007,4,39.9837,-75.2081,1838.0,6,0,0,0,0,0,0,0,0,,0,0,0,18,3,0,0,,0,39 59:05.674,,0,75 12:29.569,0,0,0,0,67301,0,0,0,N,0,0,0,5,68K01,0,,1,1,,N,N,,0,,0,0,0,0,0,,1835,0,2,0,0,0,0,0,3,4,1,2,3,,N,,,,,,,,,,,
2008082642,950.0,2,0,0,0,0,0,0,0,0,4,0,,67,5,2007,7,39.9952,-75.1158,950.0,6,0,0,0,0,0,0,0,0,,0,0,0,9,1,1,1,,0,39 59:42.637,,0,75 06:56.944,4,0,0,0,67301,0,0,0,N,0,0,0,3,67301,1,,1,1,,N,N,,0,,0,0,1,3,2,,950,1,3,0,0,0,0,0,3,4,0,3,3,,N,,,,,,,,,,,
2007045737,1620.0,1,0,0,0,0,0,0,0,0,6,0,,67,2,2007,2,39.9696,-75.2254,1614.0,6,0,0,0,0,0,0,0,0,,0,0,0,16,1,0,1,,0,39 58:10.310,,0,75 13:31.350,9,0,0,0,67301,0,0,0,N,0,0,0,4,67301,0,,1,1,,N,N,,0,,0,0,1,2,2,,1611,0,2,0,0,2,0,4,3,4,0,2,3,,N,,,,,,,,,,,
2007092929,901.0,2,0,0,0,0,0,0,0,0,4,0,,67,7,2007,2,39.9867,-75.2083,857.0,6,0,0,0,0,0,0,0,0,,0,0,0,8,1,1,1,,0,39 59:11.983,,0,75 12:29.919,4,0,0,0,67301,0,0,0,N,0,0,0,2,67301,1,,1,1,,N,N,,0,,0,0,0,3,3,,855,1,2,0,0,0,0,0,3,4,0,2,3,,N,,,,,,,,,,,
2008017494,1946.0,0,0,0,0,0,0,0,0,0,2,0,,67,12,2007,6,40.0446,-75.1452,1945.0,6,0,0,0,0,0,0,1,0,,0,0,0,19,3,1,2,,0,40 02:40.689,,0,75 08:42.734,4,0,0,0,67301,0,0,0,N,0,0,0,3,67301,1,,1,98,,N,N,,0,,0,0,0,0,0,,1936,1,2,0,0,0,0,0,3,4,2,2,99,,N,,,,,,,,,,,
2008004894,1935.0,2,0,0,0,0,0,0,0,0,1,0,,67,10,2007,3,40.0106,-75.1509,1930.0,6,0,0,0,0,1,0,0,0,,0,0,0,18,3,2,0,,0,40 00:37.000,,0,75 09:03.476,4,0,0,0,67301,0,0,0,N,0,0,0,2,67301,2,,1,1,,N,N,,0,,0,0,0,0,0,,1845,2,2,0,0,2,0,0,3,4,0,2,3,,N,,,,,,,,,,,
2008004921,1330.0,1,0,0,0,0,0,0,0,0,7,0,,67,11,2007,3,39.9805,-75.2282,1320.0,6,0,0,0,0,0,0,0,0,,0,0,0,13,1,2,0,,0,39 58:49.677,,0,75 13:41.512,8,0,0,0,67301,0,0,0,N,0,0,0,2,67301,0,,5,9,,N,N,,0,,0,0,0,0,0,,1300,2,1,0,0,0,2,0,3,4,0,1,3,,N,,,,,,,,,,,
2008000436,1312.0,1,0,0,0,0,0,0,0,0,4,0,,67,10,2007,3,40.0595,-75.052,1812.0,6,0,0,0,0,0,0,1,0,,0,0,0,13,1,1,1,,0,40 03:34.000,,0,75 03:07.166,4,0,0,0,67301,0,0,0,,0,0,0,2,67301,1,,1,1,,,,,0,,0,0,1,3,2,,1308,1,2,0,0,0,0,0,3,4,0,2,3,,N,,,,,,,,,,,
2008018072,1903.0,0,0,0,0,0,0,0,0,0,8,0,,67,12,2007,2,40.0388,-75.1436,1900.0,6,0,0,0,0,0,0,0,0,,0,0,0,18,3,1,1,,0,40 02:19.000,,0,75 08:37.098,4,0,0,1,67301,1,0,0,N,1,0,0,2,67301,1,,1,1,,N,N,,0,,0,0,0,3,2,,1855,1,2,0,0,0,0,1,3,4,0,1,3,,N,,,,,,,,,,,
2008018193,130.0,0,0,0,0,0,0,0,0,0,5,0,,67,12,2007,1,39.9478,-75.1874,124.0,6,0,0,0,0,1,0,0,0,1.0,0,0,0,1,3,1,0,,1,39 56:52.000,3.0,0,75 11:14.701,8,0,0,0,67301,0,0,0,N,0,0,0,1,68K01,0,,2,6,,N,N,,0,,0,0,1,0,0,N,120,1,1,0,0,0,1,0,3,4,0,1,10,,N,,,,,,,,,,,
2008018248,1805.0,2,0,0,0,0,0,0,0,0,1,0,,67,12,2007,5,40.0375,-75.2104,1801.0,6,0,0,0,0,0,1,0,0,,0,0,0,18,3,0,2,,0,40 02:15.000,,0,75 12:37.446,0,0,0,0,67301,0,0,0,N,0,0,0,5,67301,0,,1,9,,N,N,,0,,0,0,1,3,2,,1800,0,3,0,0,0,0,0,3,4,0,3,7,,N,,,,,,,,,,,
2008034411,0.0,0,0,0,0,0,0,0,0,0,8,0,,67,11,2007,4,39.9422,-75.1539,0.0,6,0,0,0,0,0,0,0,0,,0,0,0,16,1,1,2,,0,39 56:32.042,,0,75 09:14.075,4,0,0,0,67301,1,0,0,N,1,0,0,2,00000,1,,1,1,,N,N,,0,,0,0,0,0,0,,1600,1,2,0,0,0,0,1,3,4,0,1,3,,N,,,,,,,,,,,
2008005967,640.0,3,0,0,0,0,0,0,0,0,4,0,,67,11,2007,2,40.034,-75.0744,633.0,6,0,0,0,0,0,1,0,0,,0,0,0,6,1,0,1,,0,40 02:02.000,,0,75 04:27.863,0,0,0,0,67301,0,0,0,N,0,0,0,4,67301,0,,1,9,,N,N,,0,,0,0,1,3,2,,633,0,4,0,0,0,0,0,3,4,0,4,7,,N,,,,,,,,,,,
2008037283,1115.0,2,0,0,0,0,0,0,0,0,4,0,,67,12,2007,4,40.0093,-75.1646,1110.0,6,0,0,0,0,0,0,0,0,1.0,0,0,0,11,1,1,1,,2,40 00:33.552,4.0,0,75 09:52.480,8,0,0,0,67301,0,0,0,N,0,0,0,5,67301,0,,1,9,,N,N,,0,,0,0,0,3,3,Y,1110,1,2,0,0,0,1,0,3,4,0,2,3,,N,,,,,,,,,,,
2008037285,325.0,1,0,0,0,0,0,0,0,0,7,0,,67,8,2007,7,40.0362,-75.1496,320.0,6,0,0,0,0,0,0,0,0,,0,0,0,3,3,0,0,,0,40 02:10.200,,0,75 08:58.400,9,0,0,0,67301,0,0,0,N,0,0,0,1,67301,0,,5,8,,N,N,,0,,0,0,0,0,0,,312,0,1,0,0,0,0,1,3,4,0,1,7,,N,,,,,,,,,,,
2008018848,1805.0,2,0,0,0,0,0,0,0,0,1,0,,67,12,2007,2,40.0087,-75.0692,1802.0,6,0,0,0,0,0,0,0,1,,0,0,0,18,3,0,0,,0,40 00:29.000,,0,75 04:13.899,0,0,0,0,67301,0,0,0,N,0,0,0,2,67301,0,,1,1,,N,N,,0,,0,0,0,0,0,,1802,0,2,0,0,0,0,0,3,4,0,2,3,,N,,,,,,,,,,,
2008018858,2149.0,1,0,0,0,0,0,0,0,0,4,0,,67,12,2007,2,39.9533,-75.1838,2143.0,6,0,0,0,0,1,0,0,0,,0,0,0,21,3,3,1,,0,39 57:12.000,,0,75 11:01.526,3,0,0,0,67301,0,0,0,N,0,0,0,4,67301,0,,1,1,,N,N,,0,,3,0,0,3,2,,2143,3,2,0,0,1,0,0,3,4,1,2,3,,N,,,,,,,,,,,
2008025724,55.0,1,0,0,0,0,0,0,0,0,7,0,,67,12,2007,5,40.0164,-75.2028,50.0,6,0,0,0,0,0,1,0,0,,0,0,0,0,3,0,0,,0,40 00:59.083,,0,75 12:10.206,0,0,0,0,67301,0,0,0,N,0,0,0,1,67301,0,,3,9,,N,N,,0,,0,0,0,0,0,,45,0,1,0,0,0,0,0,3,4,0,1,7,,N,,,,,,,,,,,
2008023721,400.0,2,0,0,0,0,0,0,0,0,4,0,,67,12,2007,6,40.0175,-75.1503,350.0,6,0,0,0,0,0,2,0,0,,0,0,0,3,3,1,0,,0,40 01:03.000,,7,75 09:00.707,8,0,0,0,67301,0,0,0,N,0,0,0,3,67301,0,,5,9,,N,,,0,,0,0,0,0,0,,345,1,2,0,0,0,1,0,3,4,0,2,7,,N,,,,,,,,,,,
2008024303,1800.0,2,0,0,0,0,0,0,0,0,6,0,,67,12,2007,1,40.0315,-75.1533,1755.0,6,0,0,0,0,0,0,0,0,1.0,0,0,0,17,2,1,0,,2,40 01:53.378,6.0,0,75 09:11.826,4,0,0,0,67301,0,0,0,N,0,0,0,1,67301,1,,2,9,,N,N,,0,,0,0,2,0,0,N,1750,1,4,0,0,1,0,0,3,4,0,4,7,,N,,,,,,,,,,,
2008024365,2220.0,2,0,0,0,0,0,0,0,0,2,0,,67,12,2007,7,39.9479,-75.2233,2220.0,6,0,0,0,0,0,0,0,0,,0,0,0,22,3,1,0,,0,39 56:52.000,,0,75 13:23.929,4,0,0,0,67301,0,0,0,N,0,0,0,1,67301,1,,6,1,,N,N,,0,,0,0,0,0,0,,2220,1,2,0,0,1,0,0,3,4,0,2,3,,N,,,,,,,,,,,
2008024451,1223.0,2,0,0,0,0,0,0,0,0,2,0,,67,12,2007,1,40.0086,-75.0835,1223.0,6,0,0,0,0,0,0,0,0,,0,0,0,99,3,2,1,,0,40 00:30.000,,0,75 05:01.650,3,0,0,0,67301,0,0,0,,0,0,0,6,67301,0,,1,1,,N,N,,0,,2,0,0,3,2,,9999,2,2,0,0,0,0,0,3,4,0,2,3,,N,,,,,,,,,,,
2008024485,405.0,1,0,0,0,0,0,0,0,0,2,0,,67,12,2007,7,40.0362,-75.1556,400.0,6,0,0,0,0,0,0,0,0,,0,0,0,3,3,2,3,,0,40 02:10.172,,0,75 09:20.203,4,0,0,0,67301,0,0,0,N,0,0,0,2,67301,2,,1,9,,N,N,,0,,0,0,0,0,0,,330,2,2,0,0,0,0,0,3,4,1,2,98,,N,,,,,,,,,,,
2008016974,1204.0,1,0,0,0,0,0,0,0,0,8,0,,67,11,2007,6,39.9905,-75.1405,1204.0,6,0,0,0,0,0,0,0,0,,0,0,0,12,1,1,2,,0,39 59:25.814,,0,75 08:25.976,4,0,0,0,67301,1,0,0,N,1,0,0,2,67301,1,,1,9,,N,N,,0,,0,0,0,3,2,,1204,1,2,0,0,0,0,0,3,4,0,1,3,,N,,,,,,,,,,,
2008017332,920.0,1,0,0,0,0,0,1,0,0,1,1,,67,12,2007,5,39.9707,-75.2482,910.0,6,0,0,0,0,1,0,0,0,,0,0,0,9,1,1,1,,0,39 58:14.682,,0,75 14:53.541,8,0,0,0,67301,0,0,0,N,0,0,0,2,67301,0,,1,2,,Y,N,,0,,0,0,0,3,3,,900,1,2,0,0,0,1,0,3,4,0,2,3,,N,,,,,,,,,,,
2008017428,2057.0,1,0,0,0,0,0,0,0,0,1,0,,67,12,2007,7,39.9531,-75.1819,2050.0,6,0,0,0,0,0,0,0,0,,0,0,0,20,2,1,0,,0,39 57:11.000,,0,75 10:54.846,8,0,0,0,67301,0,0,0,N,0,0,0,1,67301,0,,6,1,,N,N,,0,,0,0,1,3,2,,2046,1,2,0,0,0,1,0,3,4,0,2,3,,N,,,,,,,,,,,
2008017521,1230.0,1,0,0,0,0,0,0,0,0,7,0,,67,12,2007,1,39.9318,-75.1996,1220.0,6,0,0,0,0,0,0,0,0,,0,0,0,12,1,1,0,,0,39 55:54.555,,0,75 11:58.416,8,0,0,0,67301,0,0,0,,0,0,0,1,67301,0,,2,9,,,,,0,,0,0,0,0,0,,1215,1,1,0,0,0,1,0,3,4,0,1,7,,N,,,,,,,,,,,
2008008883,1750.0,1,0,0,0,0,0,0,0,0,8,0,,67,11,2007,2,40.0433,-75.1132,1734.0,6,0,0,0,0,0,0,0,0,3.0,1,0,0,17,3,1,0,,2,40 02:43.298,5.0,0,75 06:46.019,1,0,0,0,67301,1,1,0,N,1,1,0,4,67301,1,2.0,1,1,,N,N,,0,0.0,0,0,1,0,0,Y,1733,1,4,0,0,0,0,0,3,4,1,3,3,,N,,,,,,,,,,,
2008029737,1834.0,4,0,0,0,0,0,0,0,0,1,0,,67,12,2007,4,39.9977,-75.1909,1834.0,6,0,0,0,0,0,0,1,0,,0,0,0,18,1,1,0,,0,39 59:51.000,,0,75 11:27.077,4,0,0,0,67301,0,0,0,,0,0,0,5,67301,1,,1,1,,,,,0,,0,0,1,0,0,,1830,1,5,0,0,0,0,0,3,4,0,5,3,,N,,,,,,,,,,,
2008054079,533.0,1,0,0,0,0,0,0,0,0,5,1,,67,11,2007,7,40.0355,-75.0865,530.0,6,0,0,0,0,0,0,0,0,,0,0,0,5,3,0,0,,0,40 02:07.875,,0,75 05:11.356,0,0,0,0,67301,0,0,0,N,0,0,0,1,67301,0,,1,1,,N,N,,0,,0,0,1,0,0,,520,0,3,0,0,0,0,0,3,4,1,3,3,,N,,,,,,,,,,,
2008003752,9999.0,1,0,0,0,0,0,0,0,0,4,0,,67,10,2007,1,40.029,-75.1591,750.0,6,0,0,0,0,0,1,0,0,,0,0,0,7,1,2,0,,0,40 01:44.342,,0,75 09:32.720,3,0,0,1,67301,0,0,0,N,0,0,0,2,67301,0,,1,1,,N,N,,0,,2,0,0,0,0,,730,2,2,0,0,1,0,0,3,4,0,2,3,,N,,,,,,,,,,,
2008008945,953.0,2,0,0,0,0,0,0,0,0,4,0,,67,11,2007,1,40.1237,-75.0153,951.0,6,0,1,0,0,0,0,0,0,,0,0,0,9,1,0,0,,0,40 07:25.000,,0,75 00:54.952,0,0,0,0,67301,0,0,0,N,0,0,0,2,67301,0,,1,1,,N,N,,0,,0,0,0,3,2,,948,0,2,0,0,0,0,0,3,4,0,2,3,,N,,,,,,,,,,,
2008023897,1307.0,1,0,0,1,0,0,0,0,0,4,0,,67,12,2007,5,40.0827,-75.0378,1300.0,6,0,0,0,0,0,0,0,0,,0,0,0,12,1,1,0,,0,40 04:57.837,,0,75 02:16.142,8,0,0,0,67301,1,0,0,,0,0,0,2,67301,0,,4,9,,,,,0,,0,0,0,0,0,,1255,1,2,0,0,0,1,0,3,4,0,1,7,,N,,,,,,,,,,,
2008053203,950.0,1,0,0,0,0,0,0,0,0,4,0,,67,10,2007,5,39.9889,-75.1273,950.0,6,0,0,0,0,0,0,0,0,,0,0,0,9,1,0,1,,0,39 59:19.892,,0,75 07:38.391,0,0,0,0,67301,0,0,0,N,0,0,0,3,67301,0,,1,9,,N,N,,0,,0,0,0,3,2,,950,0,2,0,0,0,0,0,3,4,1,2,7,,N,,,,,,,,,,,
2007127677,919.0,1,0,0,0,0,0,0,0,0,5,0,,67,10,2007,1,39.9847,-75.1566,919.0,6,0,0,0,0,0,1,1,0,,0,0,0,9,1,1,0,,0,39 59:05.044,,0,75 09:23.772,8,0,0,0,67301,0,0,0,N,0,0,0,2,67301,0,,1,1,,N,N,,0,,0,0,0,0,0,,919,1,2,0,0,0,1,0,3,4,1,2,3,,N,,,,,,,,,,,
2007081014,1035.0,2,0,0,0,0,0,0,0,0,1,0,,67,5,2007,1,39.9951,-75.1158,1035.0,6,0,0,0,0,0,0,0,0,,0,0,0,10,1,1,0,,0,39 59:42.511,,0,75 06:56.782,4,0,0,0,67301,0,0,0,N,0,0,0,1,67301,1,,1,9,,N,N,,0,,0,0,0,0,0,,1020,1,2,0,0,0,0,0,3,4,0,2,7,,N,,,,,,,,,,,
2007081088,1552.0,0,0,0,0,0,0,0,0,0,1,0,,67,6,2007,5,39.9804,-75.1179,1551.0,6,0,0,0,0,0,0,0,0,1.0,0,0,0,15,1,1,1,,1,39 58:53.000,3.0,0,75 07:02.419,4,0,0,0,67301,0,0,0,N,0,0,0,3,67301,1,,1,1,,N,N,,1,,0,0,1,3,4,Y,1545,1,2,0,0,0,0,0,3,4,0,2,3,,N,,,,,,,,,,,
2007080273,1300.0,2,0,0,0,0,0,0,0,0,1,0,,67,6,2007,2,39.9726,-75.1445,1255.0,6,0,0,0,0,0,0,0,0,9.0,0,0,0,12,1,1,1,,1,39 58:21.471,1.0,0,75 08:40.063,8,0,0,0,67301,0,0,0,N,0,0,0,3,67301,0,,1,1,,N,N,,0,,0,0,0,3,2,N,1255,1,2,0,0,1,1,0,3,4,0,2,3,,N,,,,,,,,,,,
2007106519,9999.0,0,0,0,0,0,0,0,0,0,8,0,,67,9,2007,5,40.0047,-75.1772,800.0,6,0,0,0,0,0,1,0,0,,0,0,0,99,1,1,0,,0,40 00:17.000,,0,75 10:38.123,4,0,0,0,67301,1,0,0,N,1,0,0,2,67301,1,,6,1,,N,N,,0,,0,0,1,0,0,,9999,1,2,0,0,0,0,0,3,4,0,1,3,,N,,,,,,,,,,,
2007097869,415.0,1,0,0,0,0,0,0,0,0,7,0,,67,7,2007,7,40.1112,-75.0193,407.0,6,0,0,0,0,0,0,0,0,,0,0,0,4,3,0,0,,0,40 06:40.467,,0,75 01:09.372,0,0,0,0,67301,0,0,0,,0,0,0,1,67301,0,,5,1,,,,,0,,0,0,0,0,0,,400,0,1,0,0,0,0,0,3,4,0,1,3,,N,,,,,,,,,,,
2007095375,1242.0,1,0,0,0,0,0,0,0,0,5,0,,67,8,2007,2,40.0515,-75.0937,1238.0,6,0,0,0,0,0,1,0,0,,0,0,0,12,1,1,0,,0,40 03:05.502,,0,75 05:37.388,4,0,0,1,67301,0,0,0,,0,0,0,4,67301,1,,1,1,,,,,0,,0,0,0,0,0,,1219,1,2,0,0,0,0,0,3,4,0,2,3,,N,,,,,,,,,,,
2007093251,1952.0,2,0,0,0,0,0,0,0,0,7,0,,67,6,2007,4,40.0214,-75.0401,1943.0,6,0,0,0,0,0,0,0,0,3.0,3,0,0,19,4,0,0,,2,40 01:19.920,5.0,3,75 02:16.440,1,0,0,0,67301,0,0,0,,0,0,0,4,67301,0,2.0,2,1,,N,N,,0,0.0,0,0,0,0,0,Y,1943,0,2,0,0,0,0,0,3,4,0,2,3,,N,,,,,,,,,,,
2007056427,2015.0,1,0,0,0,0,0,0,0,0,2,0,,67,4,2007,1,39.9752,-75.195,2011.0,6,0,0,1,0,0,1,0,0,1.0,0,0,0,20,2,3,2,,1,39 58:30.720,4.0,0,75 11:41.640,3,0,0,0,67301,0,0,0,N,0,0,0,3,67301,2,,1,1,,N,N,,1,,1,0,0,0,0,N,2005,3,2,0,0,0,0,0,3,4,0,2,3,,N,,,,,,,,,,,
2007106948,1914.0,2,0,0,0,0,0,0,0,0,1,0,,67,9,2007,5,39.939,-75.196,1912.0,6,0,0,0,0,0,0,0,0,,0,0,0,19,1,2,0,,0,39 56:20.331,,0,75 11:45.438,8,0,0,0,67301,2,0,0,N,0,0,0,3,67301,0,,4,1,,N,N,,0,,0,0,0,0,0,,1909,2,2,0,0,0,2,0,3,4,0,2,3,,N,,,,,,,,,,,
2007045685,1834.0,2,0,0,0,0,0,0,0,0,4,0,,67,2,2007,6,39.9403,-75.1979,1832.0,6,0,0,0,0,0,0,0,0,,0,0,0,18,3,1,0,,0,39 56:22.000,,0,75 11:53.371,4,0,0,0,67301,0,0,0,N,0,0,0,5,67301,1,,1,1,,N,N,,0,,0,0,0,0,0,,1830,1,2,0,0,0,0,0,3,4,0,2,3,,N,,,,,,,,,,,
2007045706,15.0,2,0,0,0,0,0,0,0,0,6,0,,67,2,2007,6,39.9625,-75.2162,12.0,6,0,0,0,0,0,0,0,0,,0,0,0,0,3,1,1,,0,39 57:44.000,,0,75 12:56.902,4,0,0,0,67301,0,0,0,N,0,0,0,3,67301,1,,1,1,,N,N,,0,,0,0,0,3,2,,7,1,2,0,0,1,0,2,3,4,0,2,3,,N,,,,,,,,,,,
2007046050,1105.0,0,0,0,0,0,0,0,0,0,9,0,,67,2,2007,1,40.0179,-75.1493,1100.0,6,0,0,0,0,0,0,0,0,1.0,0,0,0,11,1,2,1,,2,40 01:04.000,1.0,0,75 08:57.650,8,0,0,0,67301,0,0,0,,0,0,0,2,67301,0,,4,1,,,,,0,,0,0,1,0,0,Y,1100,2,1,0,0,0,2,0,3,4,0,1,3,,N,,,,,,,,,,,
2007038508,835.0,1,0,0,0,0,0,1,0,0,6,1,,67,1,2007,6,40.0906,-74.9777,829.0,6,0,0,0,0,0,0,0,0,,0,0,0,8,1,1,0,,0,40 05:26.073,,0,74 58:39.824,8,0,0,0,67301,0,0,0,N,0,0,0,44,67301,0,,1,2,,Y,N,,0,,0,0,0,0,0,,815,1,2,0,0,0,1,0,3,4,0,2,9,,N,,,,,,,,,,,