CRN,ARRIVAL_TM,AUTOMOBILE_COUNT,BELTED_DEATH_COUNT,BELTED_SUSP_SERIOUS_INJ_COUNT,BICYCLE_COUNT,BICYCLE_DEATH_COUNT,BICYCLE_SUSP_SERIOUS_INJ_COUNT,BUS_COUNT,CHLDPAS_DEATH_COUNT,CHLDPAS_SUSP_SERIOUS_INJ_COUNT,COLLISION_TYPE,COMM_VEH_COUNT,CONS_ZONE_SPD_LIM,COUNTY,CRASH_MONTH,CRASH_YEAR,DAY_OF_WEEK,DEC_LAT,DEC_LONG,DISPATCH_TM,DISTRICT,DRIVER_COUNT_16YR,DRIVER_COUNT_17YR,DRIVER_COUNT_18YR,DRIVER_COUNT_19YR,DRIVER_COUNT_20YR,DRIVER_COUNT_50_64YR,DRIVER_COUNT_65_74YR,DRIVER_COUNT_75PLUS,EST_HRS_CLOSED,FATAL_COUNT,HEAVY_TRUCK_COUNT,HORSE_BUGGY_COUNT,HOUR_OF_DAY,ILLUMINATION,INJURY_COUNT,INTERSECT_TYPE,INTERSECTION_RELATED,LANE_CLOSED,LATITUDE,LN_CLOSE_DIR,LOCATION_TYPE,LONGITUDE,MAX_SEVERITY_LEVEL,MCYCLE_DEATH_COUNT,MCYCLE_SUSP_SERIOUS_INJ_COUNT,MOTORCYCLE_COUNT,MUNICIPALITY,NONMOTR_COUNT,NONMOTR_DEATH_COUNT,NONMOTR_SUSP_SERIOUS_INJ_COUNT,NTFY_HIWY_MAINT,PED_COUNT,PED_DEATH_COUNT,PED_SUSP_SERIOUS_INJ_COUNT,PERSON_COUNT,POLICE_AGCY,POSSIBLE_INJ_COUNT,RDWY_SURF_TYPE_CD,RELATION_TO_ROAD,ROAD_CONDITION,ROADWAY_CLEARED,SCH_BUS_IND,SCH_ZONE_IND,SECONDARY_CRASH,SMALL_TRUCK_COUNT,SPEC_JURIS_CD,SUSP_MINOR_INJ_COUNT,SUSP_SERIOUS_INJ_COUNT,SUV_COUNT,TCD_FUNC_CD,TCD_TYPE,TFC_DETOUR_IND,TIME_OF_DAY,TOT_INJ_COUNT,TOTAL_UNITS,UNB_DEATH_COUNT,UNB_SUSP_SERIOUS_INJ_COUNT,UNBELTED_OCC_COUNT,UNK_INJ_DEG_COUNT,UNK_INJ_PER_COUNT,URBAN_AREA,URBAN_RURAL,VAN_COUNT,VEHICLE_COUNT,WEATHER1,WEATHER2,WORK_ZONE_IND,WORK_ZONE_LOC,WORK_ZONE_TYPE,WORKERS_PRES,WZ_CLOSE_DETOUR,WZ_FLAGGER,WZ_LAW_OFFCR_IND,WZ_LN_CLOSURE,WZ_MOVING,WZ_OTHER,WZ_SHLDER_MDN,WZ_WORKERS_INJ_KILLED
2008017492,1247.0,1,0,0,0,0,0,0,0,0,7,0,,67,12,2007,1,39.9211,-75.1938,1245.0,6,0,0,0,0,0,0,0,0,1.0,0,0,0,99,1,0,1,,1,39 55:16.000,3.0,3,75 11:37.751,0,0,0,0,67301,0,0,0,N,0,0,0,1,67301,0,,3,9,,N,N,,0,,0,0,0,0,0,N,9999,0,1,0,0,0,0,0,3,4,0,1,7,,N,,,,,,,,,,,
2008007244,1052.0,1,0,0,0,0,0,0,0,0,8,0,,67,11,2007,6,39.9702,-75.2072,1049.0,6,0,0,0,0,0,0,0,0,,0,0,0,10,1,1,1,,0,39 58:12.558,,0,75 12:25.829,4,0,0,0,67301,1,0,0,N,1,0,0,2,67301,1,,2,1,,N,N,,0,,0,0,0,0,0,,1048,1,2,0,0,0,0,1,3,4,0,1,3,,N,,,,,,,,,,,
2008007313,840.0,0,0,0,0,0,0,1,0,0,8,1,,67,11,2007,4,40.0101,-75.1576,838.0,6,0,0,0,0,0,1,0,0,,0,0,0,8,1,1,1,,0,40 00:35.000,,0,75 09:21.409,4,0,0,0,67301,1,0,0,N,1,0,0,2,67301,1,,1,1,,N,N,,0,,0,0,0,3,2,,835,1,2,0,0,0,0,0,3,4,0,1,3,,N,,,,,,,,,,,
2008008113,2352.0,1,0,0,0,0,0,0,0,0,4,0,,67,11,2007,5,39.949,-75.2272,2350.0,6,0,0,0,0,0,1,0,0,,0,0,0,23,3,2,1,,0,39 56:56.000,,0,75 13:37.797,8,0,0,0,67301,0,0,0,,0,0,0,2,67301,0,,1,1,,,,,0,,0,0,1,9,2,,2343,2,2,0,0,0,2,0,3,4,0,2,3,,N,,,,,,,,,,,
2008004981,946.0,1,0,0,0,0,0,0,0,0,8,0,,67,10,2007,3,39.9707,-75.1613,945.0,6,0,0,0,0,0,0,0,0,,0,0,0,9,1,1,0,,0,39 58:14.584,,0,75 09:40.780,8,0,0,0,67301,1,0,0,N,1,0,0,2,67301,0,,1,1,,N,N,,0,,0,0,0,0,0,,943,1,2,0,0,0,1,1,3,4,0,1,3,,N,,,,,,,,,,,
2008000674,1621.0,1,0,0,0,0,0,0,0,0,8,0,,67,10,2007,1,40.0097,-75.1392,1604.0,6,0,0,0,0,0,0,0,0,,0,0,0,99,1,1,0,,0,40 00:35.046,,0,75 08:21.163,8,0,0,0,67301,1,0,0,N,1,0,0,3,67301,0,,1,1,,N,N,,0,,0,0,0,0,0,,9999,1,2,0,0,1,1,0,3,4,0,1,3,,N,,,,,,,,,,,
2008000437,1326.0,2,0,0,0,0,0,0,0,0,4,0,,67,10,2007,5,39.9217,-75.1552,1316.0,6,0,0,0,0,0,1,0,0,,0,0,0,13,1,3,1,,0,39 55:18.066,,0,75 09:18.831,4,0,0,0,67301,0,0,0,N,0,0,0,4,67301,3,,1,9,,N,N,,0,,0,0,0,9,3,,1312,3,2,0,0,0,0,0,3,4,0,2,7,,N,,,,,,,,,,,
2008053052,1240.0,2,0,0,0,0,0,0,0,0,4,0,,67,12,2007,7,39.9959,-75.0921,1238.0,6,0,0,0,0,0,0,0,0,,0,0,0,12,1,0,1,,0,39 59:45.240,,0,75 05:31.560,9,0,0,0,67301,0,0,0,N,0,0,0,3,67301,0,,1,1,,N,N,,0,,0,0,0,3,2,,1230,0,2,0,0,0,0,1,3,4,0,2,3,,N,,,,,,,,,,,
2008053064,512.0,0,0,0,0,0,0,0,0,0,7,0,,67,11,2007,2,40.0944,-75.0695,450.0,6,0,0,0,0,0,0,0,0,,0,0,0,99,3,0,0,,0,40 05:39.832,,0,75 04:10.340,9,0,0,0,67301,0,0,0,N,0,0,0,1,67301,0,,4,9,,N,N,,0,,0,0,1,0,0,,9999,0,1,0,0,0,0,1,3,4,0,1,7,,N,,,,,,,,,,,
2008044283,220.0,2,0,0,0,0,0,0,0,0,1,0,,67,12,2007,2,39.9747,-75.1944,207.0,6,0,0,0,0,0,0,0,0,,0,0,0,2,3,3,0,,0,39 58:32.000,,0,75 11:41.853,4,0,0,0,67301,0,0,0,N,0,0,0,7,68K01,3,,1,1,,N,N,,0,,0,0,0,0,0,,207,3,3,0,0,3,0,0,3,4,1,3,3,,N,,,,,,,,,,,
2008020233,1810.0,0,0,0,0,0,0,0,0,0,4,0,,67,9,2007,2,39.9704,-75.2452,1808.0,6,0,0,0,1,0,1,0,0,,1,0,0,18,1,0,1,,0,39 58:08.000,,0,75 14:43.796,1,1,0,1,67301,0,0,0,N,0,0,0,2,67301,0,2.0,1,1,,N,N,,1,0.0,0,0,0,3,2,,1808,0,2,0,0,0,0,0,3,4,0,2,3,,N,,,,,,,,,,,
2008018239,1520.0,2,0,0,0,0,0,0,0,0,2,0,,67,12,2007,7,40.083,-75.0399,1514.0,6,0,0,0,0,0,2,0,0,1.0,0,0,0,15,1,2,0,,1,40 04:58.000,1.0,0,75 02:23.657,4,0,0,0,67301,0,0,0,N,0,0,0,2,67301,2,,1,1,,N,N,,0,,0,0,0,0,0,N,1510,2,2,0,0,0,0,0,3,4,0,2,3,,N,,,,,,,,,,,
2008020098,405.0,1,0,0,0,0,0,0,0,0,7,0,,67,12,2007,7,40.1068,-75.0371,401.0,6,0,1,0,0,0,0,0,0,,1,0,0,3,3,0,0,,0,40 06:24.537,,0,75 02:13.480,1,0,0,0,67301,0,0,0,,0,0,0,1,67301,0,2.0,4,9,,N,N,,0,0.0,0,0,0,0,0,,350,0,1,1,0,1,0,0,3,4,0,1,7,,N,,,,,,,,,,,
2008020408,1457.0,2,0,0,0,0,0,0,0,0,1,0,,67,12,2007,3,39.9494,-75.1843,1453.0,6,0,0,0,0,0,1,0,0,,0,0,0,14,1,0,7,,0,39 56:58.000,,2,75 11:03.646,0,0,0,0,67301,0,0,0,N,0,0,0,2,68K01,0,,1,1,,N,N,,0,,0,0,0,3,4,,1448,0,2,0,0,0,0,0,3,4,0,2,3,,N,,,,,,,,,,,
2008006005,1421.0,0,0,0,0,0,0,0,0,0,8,0,,67,11,2007,6,39.9477,-75.1986,1416.0,6,0,0,0,0,0,0,0,0,,0,0,0,14,1,1,2,,0,39 56:51.000,,0,75 11:55.038,8,0,0,0,67301,1,0,0,N,1,0,0,5,67301,0,,1,1,,N,N,,0,,0,0,0,3,2,,1414,1,2,0,0,0,1,0,3,4,1,1,3,,N,,,,,,,,,,,
2008032589,,1,0,0,0,0,0,0,0,0,5,0,,67,3,2007,6,40.0384,-75.1418,,6,0,0,0,0,0,0,0,0,,0,0,0,99,1,0,0,,0,40 02:18.319,,0,75 08:30.649,9,0,0,0,67301,0,0,0,,0,0,0,1,,0,,4,1,,,,,0,,0,0,0,0,0,,9999,0,2,0,0,0,0,1,3,4,0,2,3,,N,,,,,,,,,,,
2008032477,9.0,1,0,0,0,0,0,0,0,0,6,0,,67,12,2007,1,39.9421,-75.2117,9.0,6,0,0,0,0,0,0,0,0,,0,0,0,0,3,2,1,,0,39 56:31.419,,0,75 12:42.235,3,0,0,0,67301,0,0,0,N,0,0,0,2,67301,0,,1,9,,N,N,,0,,2,0,1,3,2,,9,2,2,0,0,1,0,0,3,4,0,2,7,,N,,,,,,,,,,,
2008032969,,2,0,0,0,0,0,0,0,0,1,0,,67,5,2007,5,40.0122,-75.1505,,6,0,0,0,0,0,0,0,1,,0,0,0,18,2,1,1,,0,40 00:44.000,,0,75 09:01.746,8,0,0,0,67301,0,0,0,N,0,0,0,2,,0,,1,1,,N,N,,0,,0,0,0,0,0,,1830,1,2,0,0,0,1,1,3,4,0,2,3,,N,,,,,,,,,,,
2008009195,1200.0,1,0,0,0,0,0,0,0,0,4,0,,67,11,2007,2,39.9786,-75.2136,1150.0,6,0,0,0,0,0,0,0,0,,0,0,0,11,1,1,1,,0,39 58:42.000,,0,75 12:49.015,8,0,0,0,67301,0,0,0,N,0,0,0,3,67301,0,,1,9,,N,N,,0,,0,0,1,3,2,,1145,1,2,0,0,0,1,1,3,4,0,2,7,,N,,,,,,,,,,,
2008018866,1600.0,2,0,0,0,0,0,0,0,0,4,0,,67,12,2007,5,40.0368,-75.0693,1600.0,6,0,0,0,0,0,1,0,0,,0,0,0,15,1,2,1,,0,40 02:12.000,,0,75 04:09.489,2,0,0,0,67301,0,0,0,N,0,0,0,3,67301,1,,1,1,,N,N,,0,,0,1,0,3,3,,1548,2,2,0,0,0,0,1,3,4,0,2,3,,N,,,,,,,,,,,
2008029123,1655.0,0,0,0,0,0,0,0,0,0,4,0,,67,12,2007,3,40.0318,-75.1648,1640.0,6,0,0,0,0,0,1,0,0,,0,0,0,16,1,1,0,,0,40 01:54.415,,7,75 09:53.366,8,0,0,0,67301,0,0,0,N,0,0,0,1,67301,0,,6,1,,N,N,,0,,0,0,0,0,0,,1639,1,2,0,0,0,1,0,3,4,2,2,3,,N,,,,,,,,,,,
2008006658,1643.0,0,0,0,0,0,0,0,0,0,4,0,,67,12,2007,7,40.0523,-75.008,1639.0,6,0,0,0,0,0,1,0,0,2.0,0,0,0,16,1,1,1,,1,40 03:08.000,7.0,0,75 00:28.751,8,0,0,0,67301,0,0,0,N,0,0,0,2,67301,0,,1,1,,N,N,,1,,0,0,1,3,2,Y,1637,1,2,0,0,0,1,0,3,4,0,2,3,,N,,,,,,,,,,,
2008006685,2105.0,2,0,0,0,0,0,0,0,0,4,0,,67,11,2007,3,40.0769,-74.9788,2100.0,6,1,0,0,0,0,0,0,0,,0,0,0,20,3,3,2,,0,40 04:36.000,,0,74 58:43.911,4,0,0,0,67301,0,0,0,,0,0,0,8,67301,3,,1,1,,,,,0,,0,0,0,3,3,,2055,3,2,0,0,0,0,0,3,4,0,2,3,,N,,,,,,,,,,,
2008016364,1052.0,0,0,0,0,0,0,1,0,0,8,1,,67,11,2007,6,40.0443,-75.089,1049.0,6,0,0,0,0,0,1,0,0,,0,0,0,10,1,1,3,,0,40 02:39.000,,0,75 05:20.481,8,0,0,0,67301,1,0,0,,1,0,0,2,67301,0,,1,1,,,,,0,,0,0,0,3,2,,1045,1,2,0,0,0,1,0,3,4,0,1,3,,N,,,,,,,,,,,
2008004806,848.0,1,0,0,0,0,0,0,0,0,4,0,,67,10,2007,3,40.0224,-75.1179,847.0,6,0,0,0,0,1,0,0,0,,0,0,0,8,3,1,1,,0,40 01:20.492,,0,75 07:04.616,4,0,0,0,67301,0,0,0,N,0,0,0,2,67301,1,,1,1,,N,N,,0,,0,0,1,3,2,,845,1,2,0,0,0,0,1,3,4,0,2,3,,N,,,,,,,,,,,
2008024497,0.0,3,0,0,0,0,0,0,0,0,1,0,,67,12,2007,7,39.8975,-75.2525,2354.0,6,0,0,0,0,0,1,0,0,2.0,0,0,0,23,3,1,1,,1,39 53:50.000,1.0,0,75 15:07.793,3,0,0,0,67301,0,0,0,N,0,0,0,3,67301,0,,1,1,,N,N,,0,,1,0,0,3,2,N,2350,1,3,0,0,0,0,1,3,4,0,3,3,,N,,,,,,,,,,,
2008024502,815.0,1,0,0,0,0,0,0,0,0,5,0,,67,12,2007,2,40.0238,-75.1239,810.0,6,0,0,0,0,0,1,0,0,,0,0,0,8,1,1,3,,0,40 01:25.849,,0,75 07:25.874,4,0,0,0,67301,0,0,0,N,0,0,0,2,67301,1,,1,9,,N,N,,0,,0,0,0,3,2,,800,1,2,0,0,2,0,1,3,4,1,2,7,,N,,,,,,,,,,,
2008019697,1455.0,2,0,0,0,0,0,0,0,0,4,0,,67,12,2007,7,40.0436,-75.0326,1450.0,6,0,0,0,0,0,1,0,0,,0,0,0,14,1,1,2,,0,40 02:37.028,,0,75 01:57.194,8,0,0,0,67301,0,0,0,N,0,0,0,3,67301,0,,1,1,,N,N,,0,,0,0,0,3,3,,1445,1,2,0,0,0,1,0,3,4,0,2,3,,N,,,,,,,,,,,
2008017220,1404.0,1,0,0,0,0,0,0,0,0,8,0,,67,12,2007,6,39.9558,-75.1915,1401.0,6,0,0,0,0,0,0,0,0,,0,0,0,13,1,1,1,,0,39 57:21.000,,0,75 11:29.219,8,0,0,0,67301,1,0,0,N,1,0,0,2,67301,0,,1,1,,N,N,,0,,0,0,0,3,2,,1355,1,2,0,0,0,1,0,3,4,0,1,3,,N,,,,,,,,,,,
2008017374,735.0,1,0,0,0,0,0,0,0,0,7,0,,67,12,2007,5,40.0092,-75.1561,735.0,6,0,0,0,0,0,0,0,0,,0,0,0,7,1,1,0,,0,40 00:33.260,,0,75 09:22.122,8,0,0,0,67301,0,0,0,N,0,0,0,1,67301,0,,4,2,,N,N,,0,,0,0,0,0,0,,730,1,1,0,0,0,1,0,3,4,0,1,3,,N,,,,,,,,,,,
2008017416,1316.0,2,0,0,0,0,0,0,0,0,1,0,,67,12,2007,6,40.0109,-75.0887,1302.0,6,0,0,0,0,0,1,0,0,,0,0,0,99,1,1,1,,0,40 00:39.000,,0,75 05:19.370,8,0,0,0,67301,0,0,0,,0,0,0,3,67301,0,,1,1,,N,N,,1,,0,0,0,0,0,,9999,1,3,0,0,0,1,0,3,4,0,3,3,,N,,,,,,,,,,,
2008003733,1029.0,1,0,0,0,0,0,0,0,0,7,1,,67,10,2007,7,,,1028.0,6,0,0,0,0,0,1,0,0,1.0,0,1,0,10,1,2,0,,1,,4.0,0,,3,0,0,0,67301,0,0,0,N,0,0,0,5,68K01,1,,2,9,,N,N,,0,,1,0,0,0,0,N,1026,2,2,0,0,2,0,0,3,3,0,2,7,,N,,,,,,,,,,,
2008024055,1705.0,1,0,0,0,0,0,0,0,0,8,0,,67,12,2007,7,40.0023,-75.1338,1656.0,6,0,0,0,0,0,0,0,0,,0,0,0,23,3,1,1,,0,40 00:08.150,,0,75 08:01.561,2,0,0,0,67301,1,0,1,N,1,0,1,2,67301,0,,1,1,,N,N,,0,,0,1,0,3,3,,2310,1,2,0,0,0,0,1,3,4,0,1,3,,N,,,,,,,,,,,
2008053037,1916.0,2,0,0,0,0,0,0,0,0,4,0,,67,11,2007,5,40.0523,-75.2015,1916.0,6,0,0,0,0,0,0,0,1,,0,0,0,18,3,0,1,,0,40 03:08.365,,0,75 12:05.194,0,0,0,0,67301,0,0,0,,0,0,0,3,67301,0,,1,1,,,,,0,,0,0,0,3,3,,1810,0,2,0,0,0,0,0,3,4,0,2,3,,N,,,,,,,,,,,
2008038974,45.0,1,0,0,0,0,0,0,0,0,4,1,,67,12,2007,6,40.0253,-75.1238,35.0,6,0,0,0,0,0,1,0,0,1.0,0,1,0,0,3,1,1,,2,40 01:31.000,3.0,0,75 07:24.780,4,0,0,0,67301,0,0,0,N,0,0,0,2,67301,1,,1,1,,N,,,0,,0,0,0,3,2,N,35,1,2,0,0,0,0,0,3,4,0,2,3,,N,,,,,,,,,,,
2008122867,1845.0,2,0,0,0,0,0,0,0,0,4,0,,67,9,2007,2,40.0351,-75.0709,1833.0,6,0,0,0,0,0,1,0,0,,0,0,0,17,1,1,1,,0,40 02:06.421,,0,75 04:15.407,4,0,0,0,67301,0,0,0,N,0,0,0,2,67301,1,,1,1,,N,N,,0,,0,0,0,3,2,,1745,1,2,0,0,0,0,1,3,4,0,2,3,,N,,,,,,,,,,,
2007093574,2055.0,2,0,0,0,0,0,0,0,0,4,0,,67,7,2007,1,39.9897,-75.0875,2050.0,6,0,0,0,0,0,0,0,0,1.0,0,0,0,20,3,4,0,,1,39 59:22.000,2.0,0,75 05:15.168,4,0,0,0,67301,0,0,0,N,0,0,0,5,67301,4,,1,1,,N,N,,0,,0,0,0,0,0,N,2050,4,2,0,0,0,0,0,3,4,0,2,3,,N,,,,,,,,,,,
2007093380,1824.0,2,0,0,0,0,0,0,0,0,1,0,,67,7,2007,6,39.9288,-75.1649,1824.0,6,0,0,0,0,0,1,0,0,,0,0,0,13,1,1,2,,0,39 55:43.633,,0,75 09:53.787,4,0,0,0,67301,0,0,0,N,0,0,0,6,67301,1,,1,1,,N,N,,0,,0,0,0,3,2,,1315,1,2,0,0,0,0,1,3,4,0,2,3,,N,,,,,,,,,,,
2007093457,2021.0,1,0,0,0,0,0,0,0,0,4,0,,67,6,2007,7,39.9941,-75.1798,2015.0,6,0,0,0,0,0,0,0,0,,0,0,0,20,1,1,1,,0,39 59:38.619,,0,75 10:47.362,3,0,0,1,67301,0,0,0,N,0,0,0,2,67301,0,,1,1,,N,N,,0,,1,0,0,9,3,,2013,1,2,0,0,0,0,0,3,4,0,2,3,,N,,,,,,,,,,,
2007127637,1540.0,1,0,0,0,0,0,0,0,0,8,0,,67,10,2007,4,40.0703,-75.1554,1520.0,6,0,0,0,0,0,0,0,0,,0,0,0,15,1,1,1,,0,40 04:13.096,,0,75 09:19.314,4,0,0,0,67301,1,0,0,N,1,0,0,2,67301,1,,1,1,,N,N,,0,,0,0,0,0,0,,1515,1,2,0,0,0,0,1,3,4,0,1,3,,N,,,,,,,,,,,
2007107516,1312.0,1,0,0,0,0,0,0,0,0,4,0,,67,9,2007,5,39.9814,-75.1426,1309.0,6,0,0,0,0,0,0,0,0,,0,0,0,13,1,3,1,,0,39 58:52.935,,0,75 08:33.241,4,0,0,0,67301,0,0,0,N,0,0,0,3,67301,3,,1,1,,N,N,,0,,0,0,0,3,2,,1300,3,2,0,0,0,0,0,3,4,1,2,3,,N,,,,,,,,,,,
2007046088,51.0,0,0,0,0,0,0,0,0,0,7,0,,67,3,2007,6,40.0054,-75.1967,33.0,6,0,0,0,0,0,0,0,0,1.0,0,0,0,0,3,0,0,,2,40 00:17.000,3.0,0,75 11:46.080,0,0,0,0,67301,0,0,0,Y,0,0,0,1,68K01,0,,3,9,,N,N,,0,,0,0,1,0,0,N,33,0,1,0,0,0,0,0,3,4,0,1,7,,N,,,,,,,,,,,
2007092914,935.0,3,0,0,0,0,0,0,0,0,1,0,,67,7,2007,5,40.0092,-75.1967,928.0,6,0,0,0,0,0,0,1,0,,0,0,0,9,1,1,1,,0,40 00:29.000,,0,75 11:40.310,8,0,0,0,67301,0,0,0,N,0,0,0,3,67301,0,,1,1,,N,N,,0,,0,0,0,3,2,,925,1,3,0,0,0,1,0,3,4,0,3,3,,N,,,,,,,,,,,
2007092925,2115.0,1,0,0,1,0,0,0,0,0,4,0,,67,7,2007,3,39.9318,-75.1884,2114.0,6,0,0,0,0,0,0,0,0,,0,0,0,21,2,1,0,,0,39 55:54.454,,0,75 11:18.373,4,0,0,0,67301,2,0,0,N,0,0,0,3,67301,1,,1,1,,N,N,,0,,0,0,0,3,3,,2112,1,2,0,0,0,0,0,3,4,0,1,3,,N,,,,,,,,,,,
2007092957,1403.0,0,0,0,0,0,0,0,0,0,0,0,,67,7,2007,2,40.0229,-75.1973,1357.0,6,0,0,0,0,0,1,0,0,1.0,0,0,0,13,1,0,0,,2,40 01:22.600,2.0,0,75 11:50.400,0,0,0,0,67301,0,0,0,N,0,0,0,1,67301,0,,1,9,,N,N,,0,,0,0,1,0,0,Y,1355,0,1,0,0,0,0,0,3,4,0,1,3,,N,,,,,,,,,,,
2008007258,1910.0,2,0,0,0,0,0,0,0,0,1,0,,67,11,2007,3,,,1903.0,6,0,0,0,0,0,0,0,0,1.0,0,0,0,19,3,0,0,,1,,2.0,0,,0,0,0,0,67301,0,0,0,N,0,0,0,2,67301,0,,1,1,,N,N,,0,,0,0,0,0,0,N,1900,0,2,0,0,0,0,0,3,3,0,2,3,,N,,,,,,,,,,,
2008007590,1200.0,1,0,0,0,0,0,0,0,0,8,0,,67,11,2007,2,39.9952,-75.1282,1200.0,6,0,0,0,0,0,0,0,0,,0,0,0,12,1,1,0,,0,39 59:42.752,,0,75 07:41.491,8,0,0,0,67301,1,0,0,,1,0,0,2,67301,0,,1,1,,,,,0,,0,0,0,0,0,,1200,1,2,0,0,0,1,0,3,4,0,1,3,,N,,,,,,,,,,,
2008007319,1650.0,1,0,0,1,0,0,0,0,0,4,0,,67,11,2007,6,39.9492,-75.1631,1648.0,6,0,0,0,0,0,0,0,0,,0,0,0,16,1,1,1,,0,39 56:57.000,,0,75 09:46.987,4,0,0,0,67301,1,0,0,N,0,0,0,2,67301,1,,1,1,,N,N,,0,,0,0,0,3,2,,1645,1,2,0,0,0,0,0,3,4,0,1,3,,N,,,,,,,,,,,
2008005201,1000.0,1,0,0,0,0,0,0,0,0,8,0,,67,11,2007,3,39.9789,-75.1594,957.0,6,0,0,0,0,0,0,0,0,,0,0,0,9,1,1,1,,0,39 58:43.000,,0,75 09:33.954,8,0,0,0,67301,1,0,0,,1,0,0,2,67301,0,,1,9,,,,,0,,0,0,0,9,2,,950,1,2,0,0,0,1,0,3,4,0,1,3,,N,,,,,,,,,,,
2008004928,1630.0,1,0,0,0,0,0,0,0,0,7,0,,67,11,2007,1,40.0409,-75.1202,1621.0,6,0,0,0,0,0,0,0,0,,0,0,0,16,1,1,2,,0,40 02:27.261,,0,75 07:12.791,4,0,0,0,67301,0,0,0,N,0,0,0,1,67301,1,,5,8,,N,N,,0,,0,0,0,0,0,,1600,1,1,0,0,0,0,0,3,4,0,1,7,,N,,,,,,,,,,,
2008000669,1941.0,1,0,0,0,0,0,0,0,0,8,0,,67,11,2007,7,39.9972,-75.1673,1941.0,6,0,0,0,0,0,0,0,0,,0,0,0,19,3,1,1,,0,39 59:49.970,,0,75 10:02.157,8,0,0,0,67301,1,0,0,N,1,0,0,2,67301,0,,1,1,,N,N,,0,,0,0,0,9,2,,1941,1,2,0,0,0,1,1,3,4,0,1,3,,N,,,,,,,,,,,
2008034435,,1,0,0,0,0,0,0,0,0,1,0,,67,9,2007,6,39.978,-75.1698,,6,0,0,0,0,0,1,0,0,,0,0,0,15,1,3,1,,0,39 58:40.000,,0,75 10:11.240,4,0,0,0,67301,0,0,0,N,0,0,0,4,,2,,1,1,,N,N,,1,,0,0,0,3,2,,1530,3,2,0,0,0,1,1,3,4,0,2,3,,N,,,,,,,,,,,
2008023888,2330.0,2,0,0,0,0,0,0,0,0,1,0,,67,12,2007,4,40.0568,-75.0468,2330.0,6,0,0,0,0,0,0,0,0,1.0,0,0,0,23,3,1,0,,1,40 03:24.000,2.0,0,75 02:48.465,4,0,0,0,67301,0,0,0,N,0,0,0,2,67301,1,,1,9,,N,N,,0,,0,0,0,0,0,N,2330,1,2,0,0,0,0,1,3,4,0,2,7,,N,,,,,,,,,,,
2008018862,835.0,2,0,0,0,0,0,0,0,0,1,0,,67,12,2007,1,40.102,-75.0497,830.0,6,0,0,0,0,0,1,0,0,9.0,0,0,0,8,1,1,2,,1,40 06:07.000,3.0,0,75 02:58.839,4,0,0,0,67301,0,0,0,N,0,0,0,3,67301,1,,1,2,,N,N,,0,,0,0,0,0,0,N,805,1,2,0,0,0,0,0,3,4,0,2,98,,N,,,,,,,,,,,
2008006649,1550.0,2,0,0,0,0,0,0,0,0,4,0,,67,12,2007,7,40.0504,-75.0948,1544.0,6,0,0,0,0,0,1,0,0,,0,0,0,15,1,0,0,,0,40 03:01.000,,0,75 05:41.413,0,0,0,0,67301,0,0,0,N,0,0,0,4,67301,0,,1,1,,N,N,,0,,0,0,0,0,0,,1530,0,2,0,0,0,0,0,3,4,0,2,3,,N,,,,,,,,,,,
2008003950,543.0,2,0,0,0,0,0,0,0,0,4,0,,67,9,2007,3,39.9952,-75.1158,541.0,6,0,0,0,1,0,0,0,0,2.0,0,0,0,5,5,1,1,,2,39 59:42.637,1.0,0,75 06:56.944,8,0,0,0,67301,0,0,0,N,0,0,0,3,67301,0,,1,1,,N,N,,0,,0,0,0,3,2,N,541,1,2,0,0,0,1,0,3,4,0,2,3,,N,,,,,,,,,,,
2008003952,102.0,1,0,0,0,0,0,0,0,0,7,0,,67,10,2007,7,40.0162,-75.2041,57.0,6,0,0,0,0,0,0,0,0,,0,0,0,0,3,0,0,,0,40 00:58.158,,0,75 12:14.832,0,0,0,0,67301,0,0,0,N,0,0,0,1,67301,0,,2,9,,N,N,,0,,0,0,0,0,0,,55,0,1,0,0,0,0,0,3,4,0,1,7,,N,,,,,,,,,,,
2008024434,2327.0,2,0,0,0,0,0,0,0,0,1,0,,67,12,2007,5,39.9776,-75.2108,2315.0,6,0,0,0,0,0,1,0,0,,0,0,0,23,3,1,1,,0,39 58:39.320,,0,75 12:39.009,4,0,0,0,67301,0,0,0,N,0,0,0,2,67301,1,,1,9,,N,N,,0,,0,0,0,3,3,,2315,1,2,0,0,0,0,0,3,4,0,2,3,,N,,,,,,,,,,,
2008017096,1850.0,1,0,0,0,0,0,0,0,0,2,0,,67,12,2007,4,39.9914,-75.085,1845.0,6,0,0,0,0,0,1,0,0,,0,0,0,18,3,1,2,,0,39 59:29.000,,0,75 05:05.744,4,0,0,0,67301,0,0,0,,0,0,0,3,67301,1,,1,9,,N,N,,0,,0,0,0,3,3,,1810,1,2,0,0,0,0,0,3,4,1,2,10,,N,,,,,,,,,,,
2008017345,1815.0,2,0,0,0,0,0,0,0,0,8,0,,67,12,2007,5,39.9701,-75.1441,1810.0,6,0,0,0,0,0,0,0,0,,0,0,0,18,3,1,0,,0,39 58:12.000,,0,75 08:38.813,3,0,0,0,67301,1,0,0,N,1,0,0,3,67301,0,,1,1,,N,N,,0,,1,0,0,0,0,,1800,1,3,0,0,0,0,0,3,4,0,2,3,,N,,,,,,,,,,,