CRN,ARRIVAL_TM,AUTOMOBILE_COUNT,BELTED_DEATH_COUNT,BELTED_SUSP_SERIOUS_INJ_COUNT,BICYCLE_COUNT,BICYCLE_DEATH_COUNT,BICYCLE_SUSP_SERIOUS_INJ_COUNT,BUS_COUNT,CHLDPAS_DEATH_COUNT,CHLDPAS_SUSP_SERIOUS_INJ_COUNT,COLLISION_TYPE,COMM_VEH_COUNT,CONS_ZONE_SPD_LIM,COUNTY,CRASH_MONTH,CRASH_YEAR,DAY_OF_WEEK,DEC_LAT,DEC_LONG,DISPATCH_TM,DISTRICT,DRIVER_COUNT_16YR,DRIVER_COUNT_17YR,DRIVER_COUNT_18YR,DRIVER_COUNT_19YR,DRIVER_COUNT_20YR,DRIVER_COUNT_50_64YR,DRIVER_COUNT_65_74YR,DRIVER_COUNT_75PLUS,EST_HRS_CLOSED,FATAL_COUNT,HEAVY_TRUCK_COUNT,HORSE_BUGGY_COUNT,HOUR_OF_DAY,ILLUMINATION,INJURY_COUNT,INTERSECT_TYPE,INTERSECTION_RELATED,LANE_CLOSED,LATITUDE,LN_CLOSE_DIR,LOCATION_TYPE,LONGITUDE,MAX_SEVERITY_LEVEL,MCYCLE_DEATH_COUNT,MCYCLE_SUSP_SERIOUS_INJ_COUNT,MOTORCYCLE_COUNT,MUNICIPALITY,NONMOTR_COUNT,NONMOTR_DEATH_COUNT,NONMOTR_SUSP_SERIOUS_INJ_COUNT,NTFY_HIWY_MAINT,PED_COUNT,PED_DEATH_COUNT,PED_SUSP_SERIOUS_INJ_COUNT,PERSON_COUNT,POLICE_AGCY,POSSIBLE_INJ_COUNT,RDWY_SURF_TYPE_CD,RELATION_TO_ROAD,ROAD_CONDITION,ROADWAY_CLEARED,SCH_BUS_IND,SCH_ZONE_IND,SECONDARY_CRASH,SMALL_TRUCK_COUNT,SPEC_JURIS_CD,SUSP_MINOR_INJ_COUNT,SUSP_SERIOUS_INJ_COUNT,SUV_COUNT,TCD_FUNC_CD,TCD_TYPE,TFC_DETOUR_IND,TIME_OF_DAY,TOT_INJ_COUNT,TOTAL_UNITS,UNB_DEATH_COUNT,UNB_SUSP_SERIOUS_INJ_COUNT,UNBELTED_OCC_COUNT,UNK_INJ_DEG_COUNT,UNK_INJ_PER_COUNT,URBAN_AREA,URBAN_RURAL,VAN_COUNT,VEHICLE_COUNT,WEATHER1,WEATHER2,WORK_ZONE_IND,WORK_ZONE_LOC,WORK_ZONE_TYPE,WORKERS_PRES,WZ_CLOSE_DETOUR,WZ_FLAGGER,WZ_LAW_OFFCR_IND,WZ_LN_CLOSURE,WZ_MOVING,WZ_OTHER,WZ_SHLDER_MDN,WZ_WORKERS_INJ_KILLED
2008017026,35.0,1,0,0,0,0,0,0,0,0,7,0,,67,12,2007,2,39.9741,-75.1179,28.0,6,0,0,0,0,0,0,0,0,,0,0,0,23,3,1,0,,0,39 58:27.000,,0,75 07:04.629,4,0,0,0,67301,0,0,0,N,0,0,0,1,67301,1,,2,1,,N,N,,0,,0,0,0,0,0,,2320,1,1,0,0,0,0,0,3,4,0,1,3,,N,,,,,,,,,,,
2008017028,1535.0,1,0,0,0,0,0,0,0,0,8,0,,67,12,2007,6,40.0076,-75.1597,1533.0,6,0,0,0,1,0,0,0,0,,0,0,0,15,8,1,0,,0,40 00:27.446,,0,75 09:35.046,8,0,0,0,67301,1,0,0,N,1,0,0,2,67301,0,,1,9,,N,Y,,0,,0,0,0,0,0,,1533,1,2,0,0,0,1,0,3,4,0,1,10,,N,,,,,,,,,,,
2008017031,1718.0,0,0,0,0,0,0,0,0,0,8,0,,67,12,2007,6,40.0564,-75.0751,1716.0,6,0,0,0,0,0,0,0,0,,0,1,0,17,3,2,1,,0,40 03:22.000,,0,75 04:30.487,8,0,0,0,67301,2,0,0,N,2,0,0,3,67301,0,,4,1,,N,N,,0,,0,0,0,3,2,,1715,2,3,0,0,0,2,0,3,4,0,1,3,,N,,,,,,,,,,,
2008017052,1853.0,1,0,0,0,0,0,0,0,0,8,0,,67,12,2007,4,39.9636,-75.2404,1850.0,6,0,0,0,0,0,0,0,0,,0,0,0,17,3,1,1,,0,39 57:48.780,,0,75 14:25.609,8,0,0,0,67301,1,0,0,N,1,0,0,2,67301,0,,1,1,,N,N,,0,,0,0,0,3,3,,1730,1,2,0,0,0,1,0,3,4,0,1,3,,N,,,,,,,,,,,
2008017405,716.0,1,0,0,0,0,0,0,0,0,2,0,,67,11,2007,4,40.0463,-75.1778,714.0,6,0,0,0,0,0,1,0,0,,0,0,0,7,1,2,1,,0,40 02:46.543,,0,75 10:39.976,8,0,0,0,67301,0,0,0,N,0,0,0,3,67301,0,,1,1,,N,N,,0,,0,0,0,3,2,,712,2,2,0,0,0,2,0,3,4,1,2,3,,N,,,,,,,,,,,
2008017424,1309.0,1,0,0,0,0,0,0,0,0,5,0,,67,12,2007,6,40.047,-75.0671,1307.0,6,0,0,0,0,0,0,0,1,,0,0,0,13,1,2,1,,0,40 02:49.300,,0,75 04:01.523,4,0,0,0,67301,0,0,0,,0,0,0,3,67301,2,,1,9,,N,N,,0,,0,0,1,3,3,,1305,2,2,0,0,3,0,0,3,4,0,2,7,,N,,,,,,,,,,,
2008037022,349.0,1,0,0,0,0,0,0,0,0,7,0,,67,12,2007,1,39.9841,-75.2083,348.0,6,0,0,0,0,0,0,0,0,,0,0,0,3,3,0,0,,0,39 59:06.000,,0,75 12:30.015,9,0,0,0,67301,0,0,0,N,0,0,0,1,68K01,0,,4,9,,N,N,,0,,0,0,0,0,0,,347,0,1,0,0,0,0,1,3,4,0,1,7,,N,,,,,,,,,,,
2008008875,145.0,1,0,0,0,0,0,0,0,0,4,1,,67,10,2007,4,40.0171,-75.1283,145.0,6,0,0,0,0,0,0,0,0,5.0,1,1,0,1,3,1,0,,2,40 01:01.450,5.0,0,75 07:41.988,1,0,0,0,67301,0,0,0,,0,0,0,2,67301,1,2.0,1,9,,N,N,,0,0.0,0,0,0,0,0,Y,145,1,2,0,0,0,0,0,3,4,0,2,7,,N,,,,,,,,,,,
2008029742,1440.0,2,0,0,0,0,0,0,0,0,5,0,,67,12,2007,1,40.0165,-75.2027,1435.0,6,0,0,0,0,0,0,0,0,,0,0,0,14,1,0,0,,0,40 00:59.409,,0,75 12:09.864,9,0,0,0,67301,0,0,0,N,0,0,0,5,67301,0,,1,9,,N,N,,0,,0,0,0,0,0,,1435,0,2,0,0,0,0,1,3,4,0,2,7,,N,,,,,,,,,,,
2008003826,1535.0,1,0,0,0,0,0,0,0,0,0,0,,67,10,2007,1,40.0331,-75.1878,1531.0,6,0,0,0,0,0,0,0,0,,0,0,0,15,1,1,0,,0,40 01:59.189,,0,75 11:16.125,4,0,0,0,67301,0,0,0,N,0,0,0,1,67301,1,,1,1,,N,N,,0,,0,0,0,0,0,,1524,1,1,0,0,0,0,0,3,4,0,1,3,,N,,,,,,,,,,,
2008006465,1955.0,0,0,0,0,0,0,0,0,0,8,0,,67,11,2007,2,39.9612,-75.1748,1945.0,6,0,0,0,0,0,1,0,0,,0,0,0,19,1,1,2,,0,39 57:40.000,,0,75 10:30.473,8,0,0,0,67301,1,0,0,,1,0,0,2,67301,0,,1,9,,N,N,,0,,0,0,1,3,2,,1930,1,2,0,0,0,1,0,3,4,0,1,7,,N,,,,,,,,,,,
2008021415,759.0,2,0,0,0,0,0,0,0,0,1,0,,67,12,2007,2,39.9508,-75.1953,756.0,6,0,0,0,0,0,1,1,0,,0,0,0,7,1,1,1,,0,39 57:02.847,,0,75 11:43.137,4,0,0,0,67301,0,0,0,N,0,0,0,4,67504,1,,1,1,,N,Y,,1,,0,0,0,3,2,,750,1,3,0,0,0,0,1,3,4,0,3,3,,N,,,,,,,,,,,
2008023966,1725.0,2,0,0,0,0,0,0,0,0,1,0,,67,12,2007,3,40.0129,-75.1604,1720.0,6,0,0,0,0,0,1,0,0,,0,0,0,99,3,1,1,,0,40 00:46.000,,0,75 09:37.411,4,0,0,0,67301,0,0,0,,0,0,0,3,67301,1,,1,9,,,,,0,,0,0,0,0,0,,9999,1,2,0,0,0,0,2,3,4,0,2,3,,N,,,,,,,,,,,
2008023973,10.0,1,0,0,0,0,0,0,0,0,5,0,,67,12,2007,3,40.0418,-75.1651,2.0,6,0,0,0,0,0,0,0,0,,0,0,0,0,3,1,0,,0,40 02:30.570,,0,75 09:54.240,4,0,0,0,67301,0,0,0,,0,0,0,1,67301,1,,1,1,,N,N,,0,,0,0,1,0,0,,0,1,2,0,0,0,0,0,3,4,0,2,3,,N,,,,,,,,,,,
2008053177,746.0,2,0,0,0,0,0,0,0,0,7,0,,67,12,2007,4,40.0117,-75.1824,736.0,6,0,0,0,0,1,1,0,0,1.0,0,0,0,7,1,0,0,,2,40 00:50.123,4.0,0,75 10:45.100,0,0,0,0,67301,0,0,0,N,0,0,0,3,67301,0,,2,1,,N,N,,0,,0,0,0,3,8,N,732,0,2,0,0,0,0,0,3,4,0,2,3,,N,,,,,,,,,,,
2008053210,1840.0,1,0,0,0,0,0,0,0,0,5,0,,67,12,2007,4,40.043,-75.1807,1835.0,6,0,0,0,0,0,1,0,0,,0,0,0,18,3,0,0,,0,40 02:34.929,,0,75 10:50.592,0,0,0,0,67301,0,0,0,N,0,0,0,1,67301,0,,6,1,,N,N,,0,,0,0,0,3,2,,1835,0,2,0,0,0,0,0,3,4,0,2,3,,N,,,,,,,,,,,
2008038982,148.0,2,0,0,0,0,0,0,0,0,1,0,,67,10,2007,6,39.9481,-75.2348,148.0,6,0,0,0,0,0,0,0,0,,0,0,0,99,3,1,0,,0,39 56:53.163,,0,75 14:05.276,4,0,0,0,67301,0,0,0,N,0,0,0,3,67301,1,,1,1,,N,N,,0,,0,0,0,0,0,,9999,1,2,0,0,0,0,0,3,4,0,2,3,,N,,,,,,,,,,,
2009030065,1545.0,1,0,0,0,0,0,0,0,0,4,0,,67,7,2007,6,39.9267,-75.188,1540.0,6,0,0,0,0,0,0,0,1,,0,0,0,15,1,2,1,,0,39 55:36.180,,0,75 11:16.425,8,0,0,0,67301,0,0,0,N,0,0,0,4,67301,0,,1,1,,N,N,,0,,0,0,1,3,2,,1538,2,2,0,0,0,2,1,3,4,0,2,3,,N,,,,,,,,,,,
2007107472,750.0,1,0,0,0,0,0,0,0,0,8,0,,67,9,2007,2,39.9608,-75.1563,742.0,6,0,0,0,0,0,0,0,0,,0,0,0,7,3,1,2,,0,39 57:38.977,,0,75 09:22.766,4,0,0,0,67301,1,0,0,N,1,0,0,2,67301,1,,1,1,,N,N,,0,,0,0,0,3,2,,742,1,2,0,0,0,0,0,3,4,0,1,3,,N,,,,,,,,,,,
2007048297,223.0,1,0,0,0,0,0,0,0,0,2,0,,67,2,2007,1,40.0347,-75.0446,213.0,6,0,0,0,0,0,0,0,0,,0,0,0,2,3,0,0,,0,40 02:05.000,,0,75 02:40.696,0,0,0,0,67301,0,0,0,N,0,0,0,1,67301,0,,1,1,,N,N,,0,,0,0,2,0,0,,200,0,3,0,0,0,0,0,3,4,0,3,3,,N,,,,,,,,,,,
2007048526,1630.0,0,0,0,0,0,0,0,0,0,8,0,,67,2,2007,5,39.9506,-75.1925,1558.0,6,0,0,0,0,0,0,0,0,,0,0,0,15,1,1,0,,0,39 57:02.220,,0,75 11:33.166,4,0,0,0,67301,1,0,0,N,1,0,0,2,67504,1,,2,1,,N,N,,0,,0,0,0,0,0,,1558,1,2,0,0,0,0,0,3,4,1,1,3,,N,,,,,,,,,,,
2007092904,5.0,1,0,0,0,0,0,0,0,0,8,0,,67,6,2007,6,39.9794,-75.1578,2359.0,6,0,0,0,0,0,0,0,0,1.0,0,0,0,23,3,2,0,,2,39 58:45.906,5.0,0,75 09:27.959,8,0,0,0,67301,2,0,0,,2,0,0,3,67301,0,,1,1,,N,N,,0,,0,0,0,0,0,Y,2345,2,3,0,0,0,2,0,3,4,0,1,3,,N,,,,,,,,,,,
2007092920,140.0,1,0,0,0,0,0,0,0,0,7,0,,67,7,2007,4,39.968,-75.1443,135.0,6,0,0,0,0,0,0,0,0,,0,0,0,1,3,0,0,,0,39 58:04.886,,0,75 08:39.379,0,0,0,0,67301,0,0,0,N,0,0,0,1,67301,0,,5,1,,N,N,,0,,0,0,0,0,0,,135,0,1,0,0,0,0,0,3,4,0,1,3,,N,,,,,,,,,,,
2007092942,1910.0,1,0,0,0,0,0,0,0,0,8,0,,67,7,2007,3,39.9532,-75.2283,1905.0,6,0,0,1,0,0,0,0,0,,0,0,0,19,1,1,1,,0,39 57:11.635,,0,75 13:42.034,4,0,0,0,67301,1,0,0,,1,0,0,2,67301,1,,1,1,,N,Y,,0,,0,0,0,0,0,,1900,1,2,0,0,0,0,0,3,4,0,1,3,,N,,,,,,,,,,,
2008004851,1230.0,0,0,0,0,0,0,0,0,0,8,1,,67,11,2007,2,39.9419,-75.1588,1229.0,6,0,0,0,0,0,1,0,0,,0,1,0,12,1,1,1,,0,39 56:30.926,,0,75 09:31.759,8,0,0,0,67301,1,0,0,,1,0,0,2,67301,0,,1,1,,,,,0,,0,0,0,3,3,,1229,1,2,0,0,0,1,0,3,4,0,1,3,,N,,,,,,,,,,,
2008004853,1730.0,0,0,0,0,0,0,0,0,0,8,0,,67,11,2007,1,39.9966,-75.147,1722.0,6,0,0,0,0,0,0,0,0,,0,0,0,17,3,1,0,,0,39 59:47.688,,0,75 08:49.182,8,0,0,0,67301,1,0,0,,1,0,0,4,67301,0,,1,1,,,,,0,,0,0,0,0,0,,1722,1,2,0,0,2,1,0,3,4,1,1,3,,N,,,,,,,,,,,
2008004907,1435.0,2,0,0,0,0,0,0,0,0,4,0,,67,10,2007,3,40.0363,-75.0643,1430.0,6,0,0,0,0,0,0,0,0,,0,0,0,14,1,2,1,,0,40 02:11.000,,0,75 03:51.603,4,0,0,0,67301,0,0,0,,0,0,0,4,67301,2,,1,1,,N,N,,0,,0,0,0,3,2,,1415,2,2,0,0,0,0,0,3,4,0,2,3,,N,,,,,,,,,,,
2008000424,244.0,1,0,0,0,0,0,0,0,0,4,0,,67,10,2007,7,40.0264,-75.1172,241.0,6,0,0,0,0,0,1,0,0,2.0,0,0,0,2,3,1,1,,1,40 01:34.000,1.0,0,75 07:01.745,8,0,0,0,67301,0,0,0,,0,0,0,4,67301,0,,1,1,,,,,1,,0,0,0,3,2,N,240,1,3,0,0,0,1,2,3,4,1,3,3,,N,,,,,,,,,,,
2008018078,1650.0,1,0,0,0,0,0,0,0,0,4,0,,67,12,2007,4,39.9563,-75.1708,1642.0,6,0,0,0,1,0,0,0,0,,0,0,0,15,1,2,2,,0,39 57:22.741,,0,75 10:15.056,8,0,0,0,67301,0,0,0,,0,0,0,4,67301,0,,1,1,,N,N,,0,,0,0,1,3,3,,1530,2,2,0,0,0,2,0,3,4,0,2,3,,N,,,,,,,,,,,
2008020110,2011.0,0,0,0,0,0,0,0,0,0,7,0,,67,12,2007,7,39.8892,-75.2406,2006.0,6,0,0,0,0,0,1,0,0,,0,0,0,20,3,0,0,,0,39 53:21.000,,0,75 14:25.696,0,0,0,0,67301,0,0,0,,0,0,0,1,67301,0,,5,1,,N,N,,0,,0,0,0,0,0,,2003,0,1,0,0,1,0,0,3,4,1,1,3,,N,,,,,,,,,,,
2008042220,27.0,0,0,0,0,0,0,0,0,0,8,0,,67,12,2007,1,40.0764,-75.195,21.0,6,0,0,0,0,0,0,0,0,9.0,0,0,0,0,3,1,1,,1,40 04:35.000,2.0,0,75 11:41.784,2,0,0,0,67301,1,0,1,N,1,0,1,5,67301,0,,1,9,,N,N,,1,,0,1,0,3,2,Y,14,1,2,0,0,0,0,0,3,4,0,1,5,,N,,,,,,,,,,,
2008034978,,1,0,0,0,0,0,0,0,0,1,0,,67,6,2007,6,40.101,-75.0417,,6,0,0,0,0,0,1,0,0,,0,0,0,99,1,1,0,,0,40 06:03.483,,0,75 02:29.940,4,0,0,0,67301,0,0,0,,0,0,0,2,,1,,1,1,,,,,0,,0,0,0,0,0,,9999,1,2,0,0,0,0,1,3,4,0,2,3,,N,,,,,,,,,,,
2008014363,1839.0,3,0,0,0,0,0,0,0,0,1,0,,67,12,2007,7,40.0075,-75.2012,1839.0,6,0,0,1,0,1,0,1,0,,0,0,0,18,3,0,0,,0,40 00:27.000,,0,75 12:05.039,0,0,0,0,67301,0,0,0,N,0,0,0,4,68K01,0,,1,1,,N,N,,0,,0,0,0,0,0,,1834,0,3,0,0,0,0,0,3,4,0,3,3,,N,,,,,,,,,,,
2008029117,1710.0,2,0,0,0,0,0,0,0,0,1,0,,67,12,2007,1,39.8985,-75.1817,1703.0,6,0,0,0,0,1,1,0,0,1.0,0,0,0,16,3,0,0,,1,39 53:56.000,2.0,2,75 10:47.489,0,0,0,0,67301,0,0,0,N,0,0,0,6,67301,0,,1,9,,N,N,,0,,0,0,0,0,0,N,1655,0,2,0,0,0,0,0,3,4,0,2,7,,N,,,,,,,,,,,
2008023709,1515.0,1,0,0,0,0,0,0,0,0,4,0,,67,12,2007,7,39.9569,-75.1587,1510.0,6,0,0,0,0,0,1,0,0,1.0,0,0,0,15,1,0,1,,1,39 57:25.000,3.0,0,75 09:31.332,0,0,0,0,67301,0,0,0,,0,0,0,5,67301,0,,1,1,,,,,1,,0,0,0,3,2,N,1505,0,2,0,0,0,0,0,3,4,0,2,3,,N,,,,,,,,,,,
2008003927,2210.0,2,0,0,0,0,0,0,0,0,1,0,,67,11,2007,3,39.9226,-75.1909,2210.0,6,0,0,0,0,0,0,0,0,2.0,0,0,0,22,3,2,0,,2,39 55:22.299,4.0,0,75 11:28.107,3,0,0,0,67301,2,0,0,,0,0,0,3,67501,1,,2,1,,,,,1,,1,0,0,0,0,Y,2210,2,3,0,0,1,0,0,3,4,0,3,3,,N,,,,,,,,,,,
2008036946,923.0,2,0,0,0,0,0,0,0,0,1,0,,67,12,2007,6,40.0564,-75.019,922.0,6,0,0,0,0,0,0,0,1,,0,0,0,9,1,1,0,,0,40 03:23.000,,0,75 01:08.861,8,0,0,0,67301,0,0,0,N,0,0,0,3,67301,0,,1,1,,N,N,,0,,0,0,0,0,0,,920,1,2,0,0,0,1,0,3,4,0,2,3,,N,,,,,,,,,,,
2008024358,1121.0,1,0,0,0,0,0,0,0,0,4,0,,67,12,2007,5,39.933,-75.2385,1120.0,6,0,0,0,0,0,1,0,0,,0,0,0,11,1,0,0,,0,39 55:58.000,,0,75 14:18.410,0,0,0,0,67301,0,0,0,N,0,0,0,2,67301,0,,1,9,,N,N,,0,,0,0,0,0,0,,1100,0,2,0,0,0,0,0,3,4,1,2,7,,N,,,,,,,,,,,
2008017284,712.0,1,0,0,0,0,0,0,0,0,7,0,,67,12,2007,3,39.9126,-75.1484,710.0,6,0,0,0,0,0,0,0,0,1.0,0,0,0,7,1,1,3,,1,39 54:55.000,1.0,2,75 08:51.537,3,0,0,0,67301,0,0,0,N,0,0,0,1,67301,0,,2,1,,N,N,,0,,1,0,0,0,0,N,707,1,1,0,0,0,0,0,3,4,0,1,3,,N,,,,,,,,,,,
2008016976,1014.0,0,0,0,0,0,0,0,0,0,1,0,,67,12,2007,2,40.0509,-75.0361,1007.0,6,0,0,0,0,0,0,0,1,,0,0,0,10,1,1,2,,0,40 03:03.000,,0,75 02:09.968,4,0,0,0,67301,0,0,0,N,0,0,0,2,67301,1,,1,9,,N,N,,1,,0,0,1,3,2,,1005,1,2,0,0,0,0,0,3,4,0,2,7,,N,,,,,,,,,,,
2008017069,9999.0,0,0,0,0,0,0,0,0,0,8,1,,67,12,2007,6,40.0354,-75.2171,1630.0,6,0,0,0,0,0,0,0,0,,0,1,0,16,1,1,0,,0,40 02:06.000,,0,75 13:01.426,2,0,0,0,67301,1,0,1,N,1,0,1,2,67301,0,,2,1,,N,N,,0,,0,1,0,0,0,,1620,1,2,0,0,1,0,0,3,4,0,1,3,,N,,,,,,,,,,,
2008006260,825.0,2,0,0,0,0,0,0,0,0,4,0,,67,11,2007,5,40.0116,-75.1204,821.0,6,0,0,0,0,0,0,0,0,,0,0,0,99,1,3,0,,0,40 00:41.838,,7,75 07:13.298,4,0,0,0,67301,0,0,0,,0,0,0,4,67301,3,,1,9,,,,,0,,0,0,0,0,0,,9999,3,2,0,0,0,0,1,3,4,0,2,7,,N,,,,,,,,,,,
2008033669,,1,0,0,0,0,0,0,0,0,4,0,,67,6,2007,1,39.9492,-75.1631,,6,0,0,0,0,0,0,0,0,,0,0,0,99,6,0,1,,0,39 56:57.000,,0,75 09:46.987,9,0,0,0,67301,0,0,0,,0,0,0,2,,0,,1,1,,,,,0,,0,0,1,3,2,,9999,0,2,0,0,0,0,1,3,4,0,2,3,,N,,,,,,,,,,,
2008006409,1235.0,1,0,0,0,0,0,0,0,0,8,0,,67,11,2007,6,39.9755,-75.1909,1230.0,6,0,0,0,0,0,0,1,0,,0,0,0,12,1,1,3,,0,39 58:31.000,,0,75 11:26.699,4,0,0,0,67301,1,0,0,,1,0,0,2,67301,1,,1,1,,N,N,,0,,0,0,0,9,3,,1210,1,2,0,0,0,0,0,3,4,0,1,3,,N,,,,,,,,,,,
2008053189,33.0,1,0,0,0,0,0,1,0,0,4,1,,67,10,2007,7,40.043,-75.1444,30.0,6,0,0,0,0,0,1,0,0,,0,0,0,0,3,0,1,,0,40 02:34.692,,0,75 08:39.933,0,0,0,0,67301,0,0,0,,0,0,0,2,67301,0,,1,9,,,,,0,,0,0,0,3,3,,25,0,2,0,0,0,0,0,3,4,0,2,7,,N,,,,,,,,,,,
2008041272,344.0,1,0,0,0,0,0,0,0,0,2,0,,67,12,2007,1,39.937,-75.2182,341.0,6,0,0,0,0,0,1,0,0,3.0,0,1,0,3,3,3,0,,2,39 56:13.056,6.0,0,75 13:05.502,3,0,0,0,67301,0,0,0,N,0,0,0,3,67301,2,,1,9,,N,N,,0,,1,0,1,0,0,Y,331,3,3,0,0,0,0,0,3,4,0,3,7,,N,,,,,,,,,,,
2008016753,1752.0,2,0,0,0,0,0,0,0,0,4,0,,67,12,2007,7,39.9602,-75.167,1750.0,6,0,0,0,0,0,1,0,0,,0,0,0,17,3,3,0,,0,39 57:36.745,,0,75 10:01.120,8,0,0,0,67301,0,0,0,,0,0,0,3,67301,0,,1,1,,N,N,,0,,0,0,0,0,0,,1750,3,2,0,0,0,3,0,3,4,0,2,3,,N,,,,,,,,,,,
2007107509,1310.0,1,0,0,0,0,0,0,0,0,1,0,,67,9,2007,6,40.0189,-75.2141,1305.0,6,0,0,0,0,0,0,0,0,,0,0,0,12,1,1,0,,0,40 01:07.896,,0,75 12:50.875,4,0,0,1,67301,0,0,0,N,0,0,0,1,67301,1,,1,1,,N,N,,0,,0,0,0,0,0,,1255,1,2,0,0,0,0,0,3,4,0,2,3,,N,,,,,,,,,,,
2007048328,500.0,2,0,0,0,0,0,0,0,0,4,0,,67,3,2007,1,39.9898,-75.1255,500.0,6,0,0,0,0,0,1,0,0,,0,0,0,5,3,0,1,,0,39 59:23.000,,0,75 07:31.548,9,0,0,0,67301,0,0,0,N,0,0,0,2,67301,0,,1,1,,N,N,,0,,0,0,0,3,2,,500,0,2,0,0,0,0,2,3,4,0,2,3,,N,,,,,,,,,,,
2007048339,647.0,2,0,0,0,0,0,0,0,0,1,0,,67,2,2007,7,39.9879,-75.1558,645.0,6,0,0,0,0,0,0,0,0,1.0,0,0,0,6,5,0,0,,1,39 59:16.000,1.0,0,75 09:20.841,0,0,0,0,67301,0,0,0,N,0,0,0,1,67301,0,,6,1,,N,N,,0,,0,0,1,0,0,N,645,0,3,0,0,0,0,0,3,4,0,3,3,,N,,,,,,,,,,,
2007045761,1616.0,1,0,0,0,0,0,0,0,0,1,0,,67,2,2007,3,39.9626,-75.163,1606.0,6,0,0,0,0,0,2,0,0,,0,0,0,15,1,2,0,,0,39 57:45.000,,0,75 09:47.402,4,0,0,0,67301,0,0,0,N,0,0,0,4,67301,2,,1,9,,N,N,,0,,0,0,1,0,0,,1550,2,2,0,0,1,0,0,3,4,0,2,10,,N,,,,,,,,,,,
2007092947,1315.0,0,0,0,0,0,0,0,0,0,8,0,,67,6,2007,2,40.0312,-75.0217,1310.0,6,0,0,0,0,0,1,0,0,,0,0,0,12,1,7,2,,0,40 01:52.000,,0,75 01:18.271,8,0,0,0,67301,1,0,0,N,1,0,0,9,67301,0,,1,1,,N,N,,0,,0,0,0,0,0,,1245,7,2,0,0,0,7,0,3,4,1,1,3,,N,,,,,,,,,,,
2007092975,2047.0,0,0,0,0,0,0,0,0,0,8,0,,67,7,2007,2,39.9508,-75.1758,2045.0,6,0,0,0,0,0,0,0,0,,0,0,0,20,2,1,1,,0,39 57:02.000,,0,75 10:32.497,8,0,0,0,67301,1,0,0,N,1,0,0,2,67301,0,,1,1,,N,N,,0,,0,0,1,3,2,,2040,1,2,0,0,0,1,0,3,4,0,1,3,,N,,,,,,,,,,,
2007046185,1455.0,2,0,0,0,0,0,0,0,0,2,0,,67,2,2007,6,40.0397,-75.1434,1449.0,6,0,1,0,0,0,0,0,1,,0,0,0,14,1,1,1,,0,40 02:22.876,,0,75 08:36.160,4,0,0,0,67301,0,0,0,N,0,0,0,2,67301,1,,1,1,,N,N,,0,,0,0,1,3,3,,1430,1,3,0,0,0,0,0,3,4,0,3,3,,N,,,,,,,,,,,
2008007268,1952.0,3,0,0,0,0,0,0,0,0,1,0,,67,11,2007,4,39.93,-75.1441,1951.0,6,0,0,0,0,0,0,0,0,,0,0,0,19,3,0,0,,0,39 55:48.000,,0,75 08:38.811,0,0,0,0,67301,0,0,0,N,0,0,0,5,67301,0,,1,1,,N,N,,0,,0,0,0,0,0,,1947,0,3,0,0,0,0,0,3,4,0,3,3,,N,,,,,,,,,,,
2008007327,1037.0,2,0,0,0,0,0,0,0,0,1,0,,67,11,2007,3,40.0403,-75.079,1030.0,6,0,0,0,0,0,0,0,0,,0,0,0,10,1,1,1,,0,40 02:24.000,,0,75 04:44.246,4,0,0,0,67301,0,0,0,N,0,0,0,4,67301,1,,1,9,,N,N,,0,,0,0,0,3,2,,1020,1,2,0,0,0,0,0,3,4,0,2,7,,N,,,,,,,,,,,
2008005200,2117.0,0,0,0,0,0,0,0,0,0,8,0,,67,11,2007,1,40.0817,-74.9711,2115.0,6,0,0,0,0,0,1,0,0,,0,0,0,21,2,1,1,,0,40 04:54.138,,0,74 58:15.815,4,0,0,0,67301,1,0,0,N,1,0,0,2,67301,1,,5,1,,N,N,,0,,0,0,1,0,0,,2109,1,2,0,0,0,0,0,3,4,0,1,3,,N,,,,,,,,,,,
2008000440,1725.0,0,0,0,0,0,0,0,0,0,7,0,,67,10,2007,6,39.9858,-75.2157,1725.0,6,0,0,0,0,0,1,0,0,,0,0,0,17,1,0,1,,0,39 59:08.000,,0,75 12:56.540,0,0,0,0,67301,0,0,0,N,0,0,0,1,67301,0,,2,9,,N,N,,0,,0,0,1,3,2,,1725,0,1,0,0,0,0,0,3,4,0,1,7,,N,,,,,,,,,,,
2008053094,237.0,1,0,0,0,0,0,0,0,0,0,0,,67,10,2007,2,40.0257,-75.2022,227.0,6,0,0,0,0,0,0,0,0,,0,0,0,2,3,0,0,,0,40 01:32.368,,0,75 12:07.796,0,0,0,0,67301,0,0,0,N,0,0,0,1,67301,0,,1,1,,N,N,,0,,0,0,0,0,0,,230,0,1,0,0,0,0,0,3,4,0,1,3,,N,,,,,,,,,,,
2008055833,209.0,2,0,0,0,0,0,0,0,0,5,0,,67,11,2007,7,39.912,-75.1769,206.0,6,0,0,0,0,0,0,0,0,,0,0,0,2,3,0,0,,0,39 54:43.291,,0,75 10:36.838,0,0,0,0,67301,0,0,0,N,0,0,0,1,67301,0,,1,1,,N,N,,0,,0,0,0,0,0,,203,0,2,0,0,0,0,0,3,4,0,2,3,,N,,,,,,,,,,,