CRN,ARRIVAL_TM,AUTOMOBILE_COUNT,BELTED_DEATH_COUNT,BELTED_SUSP_SERIOUS_INJ_COUNT,BICYCLE_COUNT,BICYCLE_DEATH_COUNT,BICYCLE_SUSP_SERIOUS_INJ_COUNT,BUS_COUNT,CHLDPAS_DEATH_COUNT,CHLDPAS_SUSP_SERIOUS_INJ_COUNT,COLLISION_TYPE,COMM_VEH_COUNT,CONS_ZONE_SPD_LIM,COUNTY,CRASH_MONTH,CRASH_YEAR,DAY_OF_WEEK,DEC_LAT,DEC_LONG,DISPATCH_TM,DISTRICT,DRIVER_COUNT_16YR,DRIVER_COUNT_17YR,DRIVER_COUNT_18YR,DRIVER_COUNT_19YR,DRIVER_COUNT_20YR,DRIVER_COUNT_50_64YR,DRIVER_COUNT_65_74YR,DRIVER_COUNT_75PLUS,EST_HRS_CLOSED,FATAL_COUNT,HEAVY_TRUCK_COUNT,HORSE_BUGGY_COUNT,HOUR_OF_DAY,ILLUMINATION,INJURY_COUNT,INTERSECT_TYPE,INTERSECTION_RELATED,LANE_CLOSED,LATITUDE,LN_CLOSE_DIR,LOCATION_TYPE,LONGITUDE,MAX_SEVERITY_LEVEL,MCYCLE_DEATH_COUNT,MCYCLE_SUSP_SERIOUS_INJ_COUNT,MOTORCYCLE_COUNT,MUNICIPALITY,NONMOTR_COUNT,NONMOTR_DEATH_COUNT,NONMOTR_SUSP_SERIOUS_INJ_COUNT,NTFY_HIWY_MAINT,PED_COUNT,PED_DEATH_COUNT,PED_SUSP_SERIOUS_INJ_COUNT,PERSON_COUNT,POLICE_AGCY,POSSIBLE_INJ_COUNT,RDWY_SURF_TYPE_CD,RELATION_TO_ROAD,ROAD_CONDITION,ROADWAY_CLEARED,SCH_BUS_IND,SCH_ZONE_IND,SECONDARY_CRASH,SMALL_TRUCK_COUNT,SPEC_JURIS_CD,SUSP_MINOR_INJ_COUNT,SUSP_SERIOUS_INJ_COUNT,SUV_COUNT,TCD_FUNC_CD,TCD_TYPE,TFC_DETOUR_IND,TIME_OF_DAY,TOT_INJ_COUNT,TOTAL_UNITS,UNB_DEATH_COUNT,UNB_SUSP_SERIOUS_INJ_COUNT,UNBELTED_OCC_COUNT,UNK_INJ_DEG_COUNT,UNK_INJ_PER_COUNT,URBAN_AREA,URBAN_RURAL,VAN_COUNT,VEHICLE_COUNT,WEATHER1,WEATHER2,WORK_ZONE_IND,WORK_ZONE_LOC,WORK_ZONE_TYPE,WORKERS_PRES,WZ_CLOSE_DETOUR,WZ_FLAGGER,WZ_LAW_OFFCR_IND,WZ_LN_CLOSURE,WZ_MOVING,WZ_OTHER,WZ_SHLDER_MDN,WZ_WORKERS_INJ_KILLED
2008005954,2310.0,2,0,0,0,0,0,0,0,0,1,0,,67,11,2007,7,40.0228,-75.159,2300.0,6,0,0,0,0,0,0,1,0,,0,0,0,22,3,1,5,,0,40 01:22.000,,0,75 09:32.461,4,0,0,0,67301,0,0,0,N,0,0,0,8,67301,1,,1,1,,N,N,,0,,0,0,0,3,2,,2250,1,2,0,0,7,0,0,3,4,0,2,3,,N,,,,,,,,,,,
2008016460,1722.0,0,0,0,0,0,0,0,0,0,8,0,,67,12,2007,3,40.0096,-75.1414,1712.0,6,0,0,0,0,0,0,0,0,,0,0,0,16,3,1,1,,0,40 00:34.563,,0,75 08:29.144,3,0,0,0,67301,1,0,0,N,1,0,0,2,67301,0,,1,9,,N,N,,0,,1,0,1,9,3,,1642,1,2,0,0,0,0,1,3,4,0,1,7,,N,,,,,,,,,,,
2008029124,140.0,1,0,0,0,0,0,0,0,0,7,0,,67,12,2007,1,39.9819,-75.1171,138.0,6,0,0,0,0,0,0,0,0,,0,0,0,1,3,0,0,,0,39 58:57.000,,0,75 06:59.495,0,0,0,0,67301,0,0,0,N,0,0,0,1,67301,0,,3,1,,N,N,,0,,0,0,0,0,0,,130,0,1,0,0,0,0,0,3,4,0,1,3,,N,,,,,,,,,,,
2008006611,804.0,1,0,0,0,0,0,0,0,0,8,0,,67,11,2007,2,39.9688,-75.1362,801.0,6,0,0,0,0,0,0,0,0,,0,0,0,7,1,1,1,,0,39 58:07.000,,0,75 08:10.374,8,0,0,0,67301,1,0,0,,1,0,0,2,67301,0,,1,9,,N,,,0,,0,0,0,3,2,,756,1,2,0,0,0,1,0,3,4,0,1,3,,N,,,,,,,,,,,
2008024421,14.0,2,0,0,0,0,0,0,0,0,4,0,,67,12,2007,1,40.0475,-75.1428,15.0,6,0,0,0,0,0,1,0,0,,0,0,0,23,3,1,1,,0,40 02:50.000,,0,75 08:34.014,4,0,0,0,67301,0,0,0,N,0,0,0,2,67301,1,,1,1,,N,N,,0,,0,0,0,3,2,,2330,1,2,0,0,0,0,0,3,4,0,2,3,,N,,,,,,,,,,,
2008016966,517.0,1,0,0,0,0,0,0,0,0,7,0,,67,12,2007,5,39.9295,-75.1465,511.0,6,0,0,0,0,0,0,0,0,,0,0,0,5,3,1,0,,0,39 55:46.182,,0,75 08:47.490,8,0,0,0,67301,0,0,0,N,0,0,0,1,67301,0,,2,1,,N,N,,0,,0,0,0,0,0,,509,1,1,0,0,0,1,0,3,4,0,1,3,,N,,,,,,,,,,,
2008017025,1417.0,3,0,0,0,0,0,0,0,0,4,0,,67,12,2007,6,39.953,-75.1688,1416.0,6,0,0,0,0,0,0,1,0,,0,0,0,14,1,2,0,,0,39 57:10.000,,0,75 10:07.765,3,0,0,0,67301,0,0,0,N,0,0,0,3,67301,1,,1,9,,N,N,,0,,1,0,0,0,0,,1416,2,4,0,0,0,0,0,3,4,1,4,7,,N,,,,,,,,,,,
2008017057,1225.0,2,0,0,0,0,0,0,0,0,2,0,,67,12,2007,2,39.9107,-75.2413,1217.0,6,0,0,0,0,0,1,0,1,2.0,0,0,0,10,1,1,2,,1,39 54:38.448,3.0,0,75 14:28.503,8,0,0,0,67301,0,0,0,N,0,0,0,3,67301,0,,1,9,,N,N,,0,,0,0,0,0,0,N,1055,1,2,0,0,0,1,1,3,4,0,2,3,,N,,,,,,,,,,,
2008017393,1918.0,1,0,0,0,0,0,1,0,0,4,1,,67,12,2007,5,40.0497,-75.0839,1915.0,6,0,0,0,0,0,1,1,0,,0,0,0,19,3,1,2,,0,40 02:59.060,,0,75 05:02.101,4,0,0,0,67301,0,0,0,,0,0,0,3,67301,1,,1,9,,,,,0,,0,0,0,3,3,,1910,1,2,0,0,0,0,0,3,4,0,2,7,,N,,,,,,,,,,,
2008056346,2027.0,1,0,0,0,0,0,0,0,0,5,0,,67,11,2007,1,40.0373,-75.0447,2026.0,6,0,0,0,0,0,0,0,0,,0,0,0,20,3,0,0,,0,40 02:14.218,,0,75 02:41.002,0,0,0,0,67301,0,0,0,N,0,0,0,1,67301,0,,1,1,,N,N,,1,,0,0,0,0,0,,2020,0,2,0,0,0,0,0,3,4,0,2,3,,N,,,,,,,,,,,
2008012939,1.0,1,0,0,0,0,0,0,0,0,7,0,,67,12,2007,7,39.9254,-75.1935,2352.0,6,0,0,0,0,0,0,0,0,,0,0,0,23,3,1,0,,0,39 55:35.982,,0,75 11:40.925,4,0,0,0,67301,0,0,0,N,0,0,0,1,68K01,1,,3,1,,N,N,,0,,0,0,0,0,0,,2351,1,1,0,0,1,0,0,3,4,0,1,3,,N,,,,,,,,,,,
2008003828,330.0,1,0,0,0,0,0,0,0,0,4,1,,67,10,2007,6,39.9493,-75.1642,326.0,6,0,0,0,0,0,0,0,0,,0,1,0,3,3,4,1,,0,39 56:57.000,,0,75 09:51.030,4,0,0,0,67301,0,0,0,N,0,0,0,5,67301,1,,1,9,,N,N,,0,,0,0,0,3,2,,326,4,2,0,0,0,3,1,3,4,0,2,3,,N,,,,,,,,,,,
2012039813,107.0,3,0,0,0,0,0,0,0,0,5,0,,67,2,2007,1,39.9553,-75.1477,107.0,6,0,0,0,0,0,1,0,0,,0,0,0,1,3,1,0,,0,39 57:18.571,,2,75 08:50.361,8,0,0,0,67301,0,0,0,N,0,0,0,4,67501,0,,1,1,,N,N,,0,,0,0,0,3,8,,107,1,3,0,0,0,1,0,3,4,0,3,3,,N,,,,,,,,,,,
2007047832,1811.0,1,0,0,0,0,0,0,0,0,1,0,,67,2,2007,3,39.9909,-75.1016,1727.0,6,0,0,0,0,0,0,0,0,,0,0,0,15,1,2,1,,0,39 59:27.381,,0,75 06:05.712,8,0,0,0,67301,0,0,0,N,0,0,0,3,67301,0,,1,98,,N,N,,0,,0,0,1,3,2,,1530,2,2,0,0,0,2,1,3,4,0,2,3,,N,,,,,,,,,,,
2007047851,1735.0,2,0,0,0,0,0,0,0,0,4,0,,67,3,2007,5,39.9774,-75.2271,1730.0,6,0,0,0,0,0,0,0,0,1.0,0,0,0,17,1,1,1,,1,39 58:38.507,3.0,0,75 13:37.478,8,0,0,0,67301,0,0,0,N,0,0,0,2,67301,0,,1,9,,N,N,,0,,0,0,0,3,2,N,1715,1,2,0,0,0,1,0,3,4,0,2,3,,N,,,,,,,,,,,
2007047984,1408.0,1,0,0,1,0,0,0,0,0,5,0,,67,3,2007,1,40.0306,-75.1465,1404.0,6,0,0,0,0,0,0,0,0,,0,0,0,14,1,1,0,,0,40 01:50.172,,0,75 08:47.297,4,0,0,0,67301,1,0,0,N,0,0,0,2,67301,1,,1,1,,N,N,,0,,0,0,0,3,2,,1402,1,2,0,0,0,0,1,3,4,0,1,3,,N,,,,,,,,,,,
2007047986,2300.0,1,0,0,0,0,0,0,0,0,4,0,,67,3,2007,2,40.0235,-75.1335,2300.0,6,0,0,0,0,0,0,0,0,,0,0,0,19,3,1,5,,0,40 01:24.796,,0,75 07:59.561,8,0,0,0,67301,0,0,0,N,0,0,0,2,67301,0,,1,1,,N,N,,0,,0,0,0,9,2,,1930,1,2,0,0,0,1,0,3,4,1,2,3,,N,,,,,,,,,,,
2007053033,802.0,1,0,0,0,0,0,0,0,0,1,0,,67,4,2007,5,40.0103,-75.2071,754.0,6,0,0,0,0,0,0,0,0,,0,0,0,7,1,1,0,,0,40 00:38.110,,0,75 12:27.173,4,0,0,0,67301,0,0,0,N,0,0,0,3,68K01,1,,1,9,,N,N,,0,,0,0,1,0,0,,754,1,2,0,0,0,0,0,3,4,0,2,7,,N,,,,,,,,,,,
2007093594,951.0,1,0,0,0,0,0,0,0,0,5,0,,67,7,2007,3,39.9227,-75.1918,945.0,6,0,0,0,0,0,0,0,0,,0,1,0,9,1,1,0,,0,39 55:24.160,,0,75 11:32.076,4,0,0,0,67301,0,0,0,,0,0,0,3,67301,1,,1,1,,,,,0,,0,0,0,0,0,,945,1,2,0,0,0,0,0,3,4,0,2,3,,N,,,,,,,,,,,
2007125106,2058.0,3,0,0,0,0,0,0,0,0,4,0,,67,10,2007,2,39.9677,-75.2005,2056.0,6,0,0,0,0,0,0,0,0,,0,0,0,20,3,2,1,,0,39 58:03.648,,0,75 12:01.774,4,0,0,0,67301,0,0,0,N,0,0,0,3,67301,2,,1,1,,N,N,,0,,0,0,2,3,3,,2054,2,5,0,0,0,0,1,3,4,0,5,3,,N,,,,,,,,,,,
2007125119,5.0,1,0,0,0,0,0,0,0,0,8,0,,67,10,2007,1,39.9505,-75.1738,0.0,6,0,0,0,0,0,0,0,0,,0,0,0,0,3,1,1,,0,39 57:01.000,,0,75 10:25.516,4,0,0,0,67301,1,0,0,N,1,0,0,2,67301,1,,1,9,,N,N,,0,,0,0,0,3,2,,0,1,2,0,0,0,0,0,3,4,0,1,7,,N,,,,,,,,,,,
2007125131,1240.0,1,0,0,0,0,0,0,0,0,4,0,,67,11,2007,7,40.1189,-75.018,1226.0,6,0,0,0,0,0,0,0,0,,0,0,0,12,1,0,1,,0,40 07:07.000,,0,75 01:04.685,0,0,0,0,67301,0,0,0,N,0,0,0,2,67301,0,,1,9,,N,N,,0,,0,0,0,3,2,,1220,0,2,0,0,0,0,0,3,4,1,2,7,,N,,,,,,,,,,,
2007125021,635.0,0,0,0,0,0,0,0,0,0,7,0,,67,11,2007,7,40.0267,-75.097,630.0,6,0,0,0,0,0,0,0,0,1.0,0,0,0,6,5,1,0,,1,40 01:36.000,2.0,0,75 05:49.442,8,0,0,0,67301,0,0,0,N,0,0,0,1,67301,0,,4,9,,N,N,,0,,0,0,0,3,2,Y,630,1,1,0,0,0,1,0,3,4,1,1,7,,N,,,,,,,,,,,
2007107484,604.0,1,0,0,0,0,0,0,0,0,8,0,,67,9,2007,6,40.0136,-75.1242,559.0,6,0,0,0,0,0,1,0,0,9.0,0,0,0,4,2,1,0,,1,40 00:49.060,4.0,0,75 07:27.087,8,0,0,0,67301,1,0,0,N,1,0,0,3,67301,0,,1,1,,N,N,,0,,0,0,0,0,0,N,445,1,2,0,0,0,1,0,3,4,0,1,3,,N,,,,,,,,,,,
2007107517,1430.0,0,0,0,0,0,0,0,0,0,7,0,,67,7,2007,6,39.9718,-75.1344,1430.0,6,0,0,0,0,0,0,0,0,,0,0,0,2,6,1,1,,0,39 58:18.000,,0,75 08:03.848,2,0,1,1,67301,0,0,0,N,0,0,0,1,67301,0,,4,98,,N,N,,0,,0,1,0,0,0,,200,1,1,0,0,0,0,0,3,4,0,1,3,,N,,,,,,,,,,,
2007045725,1827.0,3,0,0,0,0,0,0,0,0,1,0,,67,2,2007,6,39.9578,-75.2194,9999.0,6,0,0,0,0,0,1,0,0,,0,0,0,18,3,0,0,,0,39 57:27.000,,0,75 13:09.949,0,0,0,0,67301,0,0,0,N,0,0,0,3,67301,0,,1,2,,N,N,,0,,0,0,0,3,2,,1824,0,3,0,0,0,0,0,3,4,0,3,10,,N,,,,,,,,,,,
2007045765,1530.0,2,0,0,0,0,0,0,0,0,1,0,,67,3,2007,6,40.1063,-74.995,1515.0,6,0,0,0,0,0,1,0,0,,0,0,0,15,1,1,3,,0,40 06:22.000,,2,74 59:41.840,8,0,0,0,67301,0,0,0,N,0,0,0,2,67301,0,,7,6,,N,N,,0,,0,0,0,3,4,,1505,1,2,0,0,0,1,0,3,4,0,2,10,,N,,,,,,,,,,,
2007092935,1952.0,2,0,0,0,0,0,0,0,0,6,0,,67,7,2007,3,40.0178,-75.2114,1950.0,6,0,0,0,0,0,0,0,0,,0,0,0,19,1,0,1,,0,40 01:04.000,,0,75 12:40.875,0,0,0,0,67301,0,0,0,,0,0,0,3,67301,0,,1,1,,,,,0,,0,0,0,0,0,,1950,0,2,0,0,2,0,0,3,4,0,2,3,,N,,,,,,,,,,,
2007092954,209.0,4,0,0,0,0,0,0,0,0,5,0,,67,6,2007,7,39.9496,-75.2413,206.0,6,0,0,0,0,0,0,0,0,,0,0,0,1,3,2,0,,0,39 56:58.682,,0,75 14:28.698,4,0,0,0,67301,0,0,0,N,0,0,0,2,67301,2,,6,1,,N,N,,0,,0,0,0,0,0,,130,2,4,0,0,0,0,0,3,4,0,4,3,,N,,,,,,,,,,,
2007092968,9999.0,2,0,0,0,0,0,0,0,0,4,0,,67,6,2007,7,39.9141,-75.1506,1153.0,6,0,0,0,0,0,0,0,0,9.0,0,0,0,99,1,2,0,,1,39 54:50.000,4.0,7,75 09:02.223,4,0,0,0,67301,0,0,0,N,0,0,0,2,67301,2,,1,1,,N,N,,0,,0,0,0,0,0,N,9999,2,2,0,0,0,0,0,3,4,0,2,3,,N,,,,,,,,,,,
2007092981,1235.0,3,0,0,0,0,0,0,0,0,1,0,,67,7,2007,2,40.0215,-75.1818,1232.0,6,0,0,0,0,0,0,0,0,,0,0,0,12,1,0,0,,0,40 01:17.330,,0,75 10:54.413,0,0,0,0,67301,0,0,0,N,0,0,0,1,67301,0,,6,9,,N,N,,0,,0,0,0,0,0,,1215,0,3,0,0,0,0,0,3,4,0,3,7,,N,,,,,,,,,,,
2008017501,2040.0,2,0,0,0,0,0,0,0,0,4,0,,67,12,2007,4,39.964,-75.161,2030.0,6,0,0,0,0,0,0,0,0,,0,0,0,20,3,1,2,,0,39 57:50.000,,0,75 09:39.574,8,0,0,0,67301,0,0,0,N,0,0,0,2,67301,0,,1,1,,N,N,,0,,0,0,0,0,0,,2025,1,2,0,0,0,1,0,3,4,0,2,3,,N,,,,,,,,,,,
2008007263,1430.0,2,0,0,0,0,0,0,0,0,4,0,,67,11,2007,4,39.9545,-75.2149,1426.0,6,0,0,1,0,0,1,0,0,,0,0,0,14,1,1,1,,0,39 57:16.045,,0,75 12:53.647,8,0,0,0,67301,0,0,0,N,0,0,0,2,67301,0,,1,1,,N,N,,0,,0,0,0,3,3,,1426,1,2,0,0,0,1,0,3,4,0,2,3,,N,,,,,,,,,,,
2008007297,1530.0,1,0,0,0,0,0,0,0,0,7,0,,67,11,2007,5,39.9867,-75.216,1530.0,6,0,0,0,0,0,0,0,0,,0,0,0,15,1,1,0,,0,39 59:12.000,,0,75 12:57.504,3,0,0,0,67301,0,0,0,N,0,0,0,1,67301,0,,2,9,,N,N,,0,,1,0,0,0,0,,1500,1,1,0,0,0,0,0,3,4,0,1,7,,N,,,,,,,,,,,
2008016085,1543.0,2,0,0,0,0,0,0,0,0,1,0,,67,12,2007,6,39.9501,-75.1641,1538.0,6,0,0,0,0,0,0,0,0,,0,0,0,14,1,1,1,,0,39 57:00.000,,0,75 09:50.915,8,0,0,0,67301,0,0,0,N,0,0,0,2,67301,0,,1,1,,N,N,,0,,0,0,0,3,2,,1440,1,2,0,0,0,1,1,3,4,0,2,3,,N,,,,,,,,,,,
2008018245,1110.0,1,0,0,0,0,0,0,0,0,8,0,,67,12,2007,2,40.0398,-75.1445,1110.0,6,0,0,0,0,1,0,0,0,1.0,0,0,0,11,1,1,1,,1,40 02:23.000,1.0,0,75 08:40.028,4,0,0,0,67301,1,0,0,N,1,0,0,2,67301,1,,1,9,,N,N,,0,,0,0,0,3,2,N,1110,1,2,0,0,0,0,0,3,4,0,1,3,,N,,,,,,,,,,,
2008005962,635.0,1,0,0,0,0,0,0,0,0,4,0,,67,11,2007,6,40.0015,-75.1042,631.0,6,0,0,0,0,0,1,0,0,,0,0,0,6,1,2,5,,0,40 00:05.418,,0,75 06:14.947,8,0,0,0,67301,0,0,0,N,0,0,0,4,67301,0,,1,1,,N,N,,0,,0,0,1,3,2,,625,2,2,0,0,0,2,0,3,4,0,2,3,,N,,,,,,,,,,,
2008018849,520.0,2,0,0,0,0,0,0,0,0,1,0,,67,12,2007,1,40.0477,-74.9996,511.0,6,0,0,0,0,0,0,0,0,,0,0,0,5,3,2,0,,0,40 02:52.000,,0,74 59:57.976,4,0,0,0,67301,0,0,0,N,0,0,0,2,67301,2,,1,1,,N,N,,0,,0,0,0,0,0,,511,2,2,0,0,0,0,0,3,4,0,2,3,,N,,,,,,,,,,,
2008034234,1652.0,2,0,0,0,0,0,0,0,0,1,0,,67,12,2007,6,39.9626,-75.1834,1626.0,6,0,0,0,0,0,0,0,0,,0,0,0,16,3,0,0,,0,39 57:44.000,,0,75 10:59.462,0,0,0,0,67301,0,0,0,N,0,0,0,3,68K01,0,,1,9,,N,N,,0,,0,0,0,0,0,,1620,0,2,0,0,0,0,0,3,4,0,2,7,,N,,,,,,,,,,,
2008025726,1010.0,0,0,0,0,0,0,0,0,0,7,0,,67,12,2007,1,40.0163,-75.2028,1010.0,6,0,0,0,0,0,0,0,0,1.0,0,0,0,10,1,0,0,,2,40 00:58.831,1.0,0,75 12:10.119,0,0,0,0,67301,0,0,0,N,0,0,0,2,67301,0,,5,9,,N,N,,0,,0,0,1,0,0,Y,1010,0,1,0,0,0,0,0,3,4,0,1,7,,N,,,,,,,,,,,
2008023740,630.0,0,0,0,0,0,0,0,0,0,4,0,,67,12,2007,2,40.0364,-75.1306,621.0,6,0,0,0,0,0,0,0,0,,0,0,0,6,3,3,1,,0,40 02:11.000,,0,75 07:50.102,4,0,0,0,67301,0,0,0,N,0,0,0,4,67301,3,,1,1,,N,N,,1,,0,0,1,3,2,,615,3,2,0,0,3,0,0,3,4,0,2,3,,N,,,,,,,,,,,
2008006686,2105.0,3,0,0,0,0,0,0,0,0,4,0,,67,11,2007,4,40.0933,-74.9621,2055.0,6,0,0,0,0,1,0,0,1,,0,0,0,19,3,1,1,,0,40 05:35.000,,0,74 57:43.477,4,0,0,0,67301,0,0,0,,0,0,0,3,67301,1,,1,1,,,,,0,,0,0,0,9,2,,1955,1,3,0,0,0,0,0,3,4,0,3,3,,N,,,,,,,,,,,
2008004805,1415.0,2,0,0,0,0,0,0,0,0,4,0,,67,11,2007,6,40.0314,-75.1548,1400.0,6,0,0,0,0,0,0,0,0,1.0,0,0,0,13,1,0,1,,2,40 01:53.151,4.0,0,75 09:17.114,0,0,0,0,67301,0,0,0,N,0,0,0,2,67301,0,,1,1,,N,N,,0,,0,0,0,3,2,Y,1350,0,2,0,0,1,0,0,3,4,0,2,3,,N,,,,,,,,,,,
2008036971,233.0,0,0,0,0,0,0,0,0,0,7,0,,67,11,2007,2,40.1186,-75.007,226.0,6,0,0,0,0,0,0,0,0,,0,0,0,2,3,1,2,,0,40 07:06.945,,0,75 00:25.153,2,0,0,0,67301,0,0,0,N,0,0,0,1,67301,0,,5,9,,N,N,,0,,0,1,0,3,2,,225,1,1,0,0,0,0,0,3,4,1,1,7,,N,,,,,,,,,,,
2008024356,100.0,3,0,0,0,0,0,0,0,0,2,0,,67,12,2007,7,40.0313,-75.0291,55.0,6,0,0,0,0,0,0,0,0,,0,0,0,0,3,1,2,,0,40 01:52.597,,0,75 01:44.864,8,0,0,0,67301,0,0,0,,0,0,0,1,67301,0,,5,9,,,,,0,,0,0,0,0,0,,50,1,3,0,0,0,1,0,3,4,0,3,7,,N,,,,,,,,,,,
2008024407,347.0,2,0,0,0,0,0,0,0,0,4,0,,67,12,2007,1,40.0153,-75.1499,344.0,6,0,0,0,0,0,0,0,0,,0,0,0,2,3,1,1,,0,40 00:55.000,,0,75 08:59.708,8,0,0,0,67301,0,0,0,,0,0,0,3,67301,0,,1,9,,,,,0,,0,0,1,2,2,,213,1,3,0,0,0,1,1,3,4,0,3,7,,N,,,,,,,,,,,
2008024484,1530.0,1,0,0,0,0,0,0,0,0,1,0,,67,12,2007,4,40.0428,-75.1135,1525.0,6,0,0,2,0,0,0,0,0,,0,0,0,15,1,0,2,,0,40 02:33.000,,0,75 06:48.818,0,0,0,0,67301,0,0,0,N,0,0,0,2,67301,0,,1,9,,N,N,,0,,0,0,0,3,2,,1500,0,2,0,0,2,0,0,3,4,1,2,7,,N,,,,,,,,,,,
2008016939,712.0,1,0,0,0,0,0,0,0,0,4,0,,67,12,2007,1,40.0481,-75.2083,712.0,6,0,0,0,0,0,0,0,0,,0,0,0,6,5,1,0,,0,40 02:53.135,,0,75 12:29.990,4,0,0,0,67301,0,0,0,N,0,0,0,2,67301,1,,1,2,,N,N,,1,,0,0,0,0,0,,659,1,2,0,0,0,0,0,3,4,0,2,10,,N,,,,,,,,,,,
2008017081,59.0,3,0,0,0,0,0,0,0,0,4,0,,67,12,2007,1,39.9652,-75.1918,57.0,6,0,0,0,0,0,0,0,0,,0,0,0,0,3,1,1,,0,39 57:54.806,,0,75 11:30.562,4,0,0,0,67301,0,0,0,N,0,0,0,7,67301,1,,1,9,,N,N,,0,,0,0,0,3,3,,55,1,3,0,0,4,0,0,3,4,0,3,3,,N,,,,,,,,,,,
2008017109,410.0,0,0,0,0,0,0,0,0,0,7,0,,67,12,2007,1,40.0435,-75.1847,404.0,6,0,0,0,0,0,0,0,0,,0,0,0,4,3,0,0,,0,40 02:36.740,,0,75 11:04.797,0,0,0,0,67301,0,0,0,,0,0,0,1,67301,0,,4,1,,,,,0,,0,0,0,0,0,,400,0,1,0,0,0,0,0,3,4,1,1,3,,N,,,,,,,,,,,
2008017341,944.0,0,0,0,0,0,0,1,0,0,8,1,,67,12,2007,5,39.9477,-75.2231,938.0,6,0,0,0,0,0,1,0,0,,0,0,0,9,1,1,1,,0,39 56:51.788,,0,75 13:22.983,8,0,0,0,67301,1,0,0,N,1,0,0,2,67301,0,,1,9,,Y,N,,0,,0,0,0,3,3,,928,1,2,0,0,0,1,0,3,4,0,1,3,,N,,,,,,,,,,,
2008006254,204.0,2,0,0,0,0,0,0,0,0,4,0,,67,11,2007,7,39.9716,-75.181,202.0,6,0,0,0,0,1,0,0,0,,0,0,0,2,3,2,1,,0,39 58:17.806,,0,75 10:51.563,3,0,0,0,67301,0,0,0,N,0,0,0,3,67301,0,,1,1,,N,N,,0,,2,0,0,9,3,,202,2,2,0,0,3,0,0,3,4,0,2,3,,N,,,,,,,,,,,
2008003817,1416.0,2,0,0,0,0,0,0,0,0,2,0,,67,10,2007,2,40.0302,-75.1185,1412.0,6,0,0,0,0,0,1,0,0,,0,0,0,14,1,1,1,,0,40 01:48.000,,0,75 07:06.471,4,0,0,0,67301,0,0,0,N,0,0,0,2,67301,1,,1,1,,N,N,,0,,0,0,0,0,0,,1408,1,2,0,0,0,0,0,3,4,0,2,3,,N,,,,,,,,,,,
2008053047,129.0,1,0,0,0,0,0,0,0,0,7,0,,67,11,2007,7,40.0693,-75.007,123.0,6,0,0,0,0,0,0,0,0,,0,0,0,1,3,0,0,,0,40 04:09.570,,0,75 00:25.164,0,0,0,0,67301,0,0,0,,0,0,0,3,67301,0,,3,1,,N,N,,0,,0,0,0,3,2,,120,0,1,0,0,0,0,0,3,4,0,1,3,,N,,,,,,,,,,,
2008038748,2025.0,1,0,0,0,0,0,0,0,0,7,0,,67,12,2007,5,39.9612,-75.1824,2023.0,6,0,0,0,0,0,0,0,0,1.0,0,0,0,20,3,0,0,,1,39 57:39.000,3.0,0,75 10:56.184,0,0,0,0,67301,0,0,0,N,0,0,0,1,68K01,0,,2,1,,N,N,,0,,0,0,0,0,0,N,2020,0,1,0,0,0,0,0,3,4,0,1,3,,N,,,,,,,,,,,
2007074758,2335.0,1,0,0,0,0,0,0,0,0,7,0,,67,6,2007,4,39.9126,-75.1703,2335.0,6,0,0,0,0,0,0,0,0,,0,0,0,23,3,0,6,,0,39 54:45.500,,2,75 10:13.100,0,0,0,0,67301,0,0,0,N,0,0,0,2,67501,0,,2,9,,N,N,,0,,0,0,0,0,0,,2335,0,1,0,0,0,0,0,3,4,0,1,7,,N,,,,,,,,,,,
2008007290,1730.0,1,0,0,0,0,0,0,0,0,2,0,,67,11,2007,3,39.9858,-75.2156,1725.0,6,0,0,0,0,0,0,0,0,1.0,0,0,0,17,3,1,1,,2,39 59:08.000,5.0,0,75 12:56.216,4,0,0,0,67301,0,0,0,N,0,0,0,2,67301,1,,1,9,,N,N,,1,,0,0,0,3,2,N,1720,1,2,0,0,0,0,0,3,4,0,2,98,,N,,,,,,,,,,,
2008004913,1607.0,0,0,0,0,0,0,0,0,0,4,0,,67,11,2007,4,39.9424,-75.2191,1604.0,6,0,0,0,0,0,0,0,0,1.0,0,0,0,15,1,1,1,,1,39 56:32.000,4.0,0,75 13:08.704,8,0,0,0,67301,0,0,0,,0,0,0,4,67301,0,,1,1,,,,,1,,0,0,0,3,2,N,1528,1,2,0,0,0,1,0,3,4,0,2,3,,N,,,,,,,,,,,
2008004916,741.0,1,0,0,0,0,0,0,0,0,7,0,,67,11,2007,3,39.973,-75.238,741.0,6,0,0,0,0,0,0,0,0,,0,0,0,7,1,1,1,,0,39 58:22.710,,0,75 14:16.803,4,0,0,0,67301,0,0,0,Y,0,0,0,1,67301,1,,2,9,,N,N,,0,,0,0,0,1,2,,730,1,1,0,0,0,0,0,3,4,0,1,7,,N,,,,,,,,,,,
2008008127,1506.0,1,0,0,0,0,0,0,0,0,8,0,,67,11,2007,4,39.9579,-75.1623,1456.0,6,0,0,0,0,0,0,0,0,,0,0,0,14,1,1,2,,0,39 57:28.000,,0,75 09:44.326,8,0,0,0,67301,1,0,0,N,1,0,0,3,67301,0,,1,1,,N,N,,0,,0,0,0,3,2,,1450,1,2,0,0,0,1,2,3,4,0,1,3,,N,,,,,,,,,,,