CRN,ARRIVAL_TM,AUTOMOBILE_COUNT,BELTED_DEATH_COUNT,BELTED_SUSP_SERIOUS_INJ_COUNT,BICYCLE_COUNT,BICYCLE_DEATH_COUNT,BICYCLE_SUSP_SERIOUS_INJ_COUNT,BUS_COUNT,CHLDPAS_DEATH_COUNT,CHLDPAS_SUSP_SERIOUS_INJ_COUNT,COLLISION_TYPE,COMM_VEH_COUNT,CONS_ZONE_SPD_LIM,COUNTY,CRASH_MONTH,CRASH_YEAR,DAY_OF_WEEK,DEC_LAT,DEC_LONG,DISPATCH_TM,DISTRICT,DRIVER_COUNT_16YR,DRIVER_COUNT_17YR,DRIVER_COUNT_18YR,DRIVER_COUNT_19YR,DRIVER_COUNT_20YR,DRIVER_COUNT_50_64YR,DRIVER_COUNT_65_74YR,DRIVER_COUNT_75PLUS,EST_HRS_CLOSED,FATAL_COUNT,HEAVY_TRUCK_COUNT,HORSE_BUGGY_COUNT,HOUR_OF_DAY,ILLUMINATION,INJURY_COUNT,INTERSECT_TYPE,INTERSECTION_RELATED,LANE_CLOSED,LATITUDE,LN_CLOSE_DIR,LOCATION_TYPE,LONGITUDE,MAX_SEVERITY_LEVEL,MCYCLE_DEATH_COUNT,MCYCLE_SUSP_SERIOUS_INJ_COUNT,MOTORCYCLE_COUNT,MUNICIPALITY,NONMOTR_COUNT,NONMOTR_DEATH_COUNT,NONMOTR_SUSP_SERIOUS_INJ_COUNT,NTFY_HIWY_MAINT,PED_COUNT,PED_DEATH_COUNT,PED_SUSP_SERIOUS_INJ_COUNT,PERSON_COUNT,POLICE_AGCY,POSSIBLE_INJ_COUNT,RDWY_SURF_TYPE_CD,RELATION_TO_ROAD,ROAD_CONDITION,ROADWAY_CLEARED,SCH_BUS_IND,SCH_ZONE_IND,SECONDARY_CRASH,SMALL_TRUCK_COUNT,SPEC_JURIS_CD,SUSP_MINOR_INJ_COUNT,SUSP_SERIOUS_INJ_COUNT,SUV_COUNT,TCD_FUNC_CD,TCD_TYPE,TFC_DETOUR_IND,TIME_OF_DAY,TOT_INJ_COUNT,TOTAL_UNITS,UNB_DEATH_COUNT,UNB_SUSP_SERIOUS_INJ_COUNT,UNBELTED_OCC_COUNT,UNK_INJ_DEG_COUNT,UNK_INJ_PER_COUNT,URBAN_AREA,URBAN_RURAL,VAN_COUNT,VEHICLE_COUNT,WEATHER1,WEATHER2,WORK_ZONE_IND,WORK_ZONE_LOC,WORK_ZONE_TYPE,WORKERS_PRES,WZ_CLOSE_DETOUR,WZ_FLAGGER,WZ_LAW_OFFCR_IND,WZ_LN_CLOSURE,WZ_MOVING,WZ_OTHER,WZ_SHLDER_MDN,WZ_WORKERS_INJ_KILLED
2008005769,1835.0,1,0,0,0,0,0,0,0,0,4,0,,67,11,2007,7,40.0394,-75.0774,1832.0,6,0,0,0,0,0,0,0,0,1.0,0,0,0,18,3,2,1,,2,40 02:22.000,7.0,0,75 04:38.766,4,0,0,0,67301,0,0,0,N,0,0,0,3,67301,2,,1,1,,N,N,,0,,0,0,0,2,2,Y,1831,2,2,0,0,0,0,0,3,4,1,2,3,,N,,,,,,,,,,,
2008000433,913.0,2,0,0,0,0,0,0,0,0,5,1,,67,11,2007,7,39.8956,-75.2335,911.0,6,0,0,0,0,0,1,0,0,2.0,0,1,0,9,1,6,1,,1,39 53:44.024,2.0,0,75 14:00.732,8,0,0,0,67301,0,0,0,,0,0,0,9,67301,0,,1,1,,,,,0,,0,0,0,9,2,Y,907,6,3,0,0,0,6,1,3,4,0,3,3,,N,,,,,,,,,,,
2008053059,725.0,0,0,0,0,0,0,0,0,0,7,0,,67,1,2007,3,40.0469,-75.2477,720.0,6,0,0,0,0,0,0,0,0,,0,0,0,7,1,0,3,,0,40 02:48.951,,0,75 14:51.889,0,0,0,0,67301,0,0,0,,0,0,0,1,67301,0,,2,2,,,,,0,,0,0,1,0,0,,711,0,1,0,0,0,0,0,3,4,0,1,3,,N,,,,,,,,,,,
2008053098,445.0,2,0,0,0,0,0,0,0,0,5,0,,67,12,2007,1,39.9511,-75.1788,440.0,6,0,0,0,0,0,1,0,0,,0,0,0,4,3,0,0,,0,39 57:04.113,,0,75 10:43.299,0,0,0,0,67301,0,0,0,,0,0,0,2,67301,0,,1,2,,,,,0,,0,0,0,0,0,,440,0,2,0,0,0,0,0,3,4,0,2,10,,N,,,,,,,,,,,
2008029627,1250.0,1,0,0,0,0,0,0,0,0,7,0,,67,12,2007,6,40.0162,-75.2049,1240.0,6,0,0,0,0,0,0,0,0,1.0,0,0,0,12,1,2,0,,2,40 00:58.280,1.0,7,75 12:17.315,4,0,0,0,67301,0,0,0,N,0,0,0,2,67301,2,,2,9,,N,N,,0,,0,0,0,0,0,Y,1240,2,1,0,0,0,0,0,3,4,0,1,7,,N,,,,,,,,,,,
2008018032,1910.0,1,0,0,0,0,0,0,0,0,4,0,,67,12,2007,7,39.9513,-75.1991,1904.0,6,0,0,1,0,0,1,0,0,,0,0,0,19,3,4,1,,0,39 57:04.584,,0,75 11:56.878,3,0,0,0,67301,0,0,0,N,0,0,0,4,67301,3,,1,1,,N,N,,0,,1,0,1,3,2,,1904,4,2,0,0,0,0,0,3,4,0,2,3,,N,,,,,,,,,,,
2008018146,1555.0,2,0,0,0,0,0,0,0,0,4,0,,67,11,2007,1,40.0122,-75.1505,1551.0,6,0,0,0,0,0,1,0,0,,0,0,0,15,1,2,1,,0,40 00:44.000,,0,75 09:01.746,4,0,0,0,67301,0,0,0,N,0,0,0,5,67301,2,,1,1,,N,N,,0,,0,0,0,3,2,,1548,2,2,0,0,0,0,0,3,4,0,2,3,,N,,,,,,,,,,,
2008032971,,1,0,0,0,0,0,0,0,0,1,0,,67,5,2007,1,40.0311,-75.0858,,6,0,0,0,0,0,0,0,0,,0,0,0,15,1,1,0,,0,40 01:51.000,,0,75 05:09.747,8,0,0,0,67301,0,0,0,N,0,0,0,2,,0,,1,1,,N,N,,0,,0,0,0,0,0,,1530,1,2,0,0,0,1,1,3,4,0,2,3,,N,,,,,,,,,,,
2008000232,300.0,2,0,0,0,0,0,0,0,0,4,0,,67,8,2007,1,40.0062,-75.1969,229.0,6,0,0,0,0,0,0,0,0,,0,0,0,2,3,2,3,,0,40 00:05.000,,0,75 11:40.536,4,0,0,0,67301,1,0,0,N,0,0,0,3,68K01,2,,5,1,,N,N,,0,,0,0,0,0,0,,227,2,2,0,0,0,0,0,3,4,0,2,3,,N,,,,,,,,,,,
2008029089,1525.0,1,0,0,0,0,0,0,0,0,1,0,,67,12,2007,6,40.0316,-75.1877,1515.0,6,0,0,0,0,0,1,0,0,2.0,0,0,0,15,1,0,0,,1,40 01:53.815,2.0,0,75 11:15.867,0,0,0,0,67301,0,0,0,N,0,0,0,2,67301,0,,1,9,,N,N,,0,,0,0,0,0,0,N,1510,0,2,0,0,0,0,0,3,4,1,2,7,,N,,,,,,,,,,,
2008023741,800.0,2,0,0,0,0,0,0,0,0,1,0,,67,12,2007,6,40.0564,-75.0533,751.0,6,0,0,0,0,0,0,0,0,,0,0,0,7,1,1,1,,0,40 03:23.000,,0,75 03:12.018,8,0,0,0,67301,0,0,0,N,0,0,0,2,67301,0,,1,1,,N,N,,0,,0,0,0,3,2,,750,1,2,0,0,0,1,0,3,4,0,2,3,,N,,,,,,,,,,,
2008016357,1930.0,2,0,0,0,0,0,0,0,0,1,0,,67,11,2007,3,40.0079,-75.1405,1930.0,6,0,0,0,0,0,1,0,0,,0,0,0,8,1,1,5,,0,40 00:28.000,,0,75 08:25.661,8,0,0,0,67301,0,0,0,,0,0,0,3,67301,0,,1,9,,N,N,,0,,0,0,0,3,2,,820,1,2,0,0,0,1,2,3,4,0,2,99,,N,,,,,,,,,,,
2008029169,1530.0,2,0,0,0,0,0,0,0,0,4,0,,67,12,2007,3,39.9169,-75.2163,1530.0,6,0,0,0,0,0,0,0,0,,0,0,0,15,1,4,0,,0,39 55:03.000,,0,75 12:45.109,4,0,0,0,67301,0,0,0,,0,0,0,6,67301,4,,1,1,,,,,0,,0,0,0,0,0,,1520,4,2,0,0,0,0,2,3,4,0,2,3,,N,,,,,,,,,,,
2008037008,2332.0,1,0,0,0,0,0,0,0,0,1,0,,67,12,2007,5,39.9959,-75.1974,2315.0,6,0,0,0,0,0,0,0,0,,0,0,0,23,3,0,0,,0,39 59:45.000,,0,75 11:50.187,0,0,0,0,67301,0,0,0,N,0,0,0,3,68K01,0,,1,1,,N,N,,0,,0,0,1,0,0,,2315,0,2,0,0,0,0,0,3,4,0,2,3,,N,,,,,,,,,,,
2008024411,1735.0,2,0,0,0,0,0,0,0,0,1,0,,67,12,2007,2,39.9732,-75.2122,1734.0,6,0,0,0,0,0,0,0,0,,0,0,0,17,3,0,1,,0,39 58:23.000,,0,75 12:44.071,0,0,0,0,67301,0,0,0,N,0,0,0,2,67301,0,,1,1,,N,N,,0,,0,0,0,3,2,,1733,0,2,0,0,0,0,0,3,4,0,2,3,,N,,,,,,,,,,,
2008024423,900.0,3,0,0,0,0,0,0,0,0,1,0,,67,12,2007,4,40.0395,-75.1505,855.0,6,0,0,0,0,0,1,0,0,,0,0,0,8,1,1,0,,0,40 02:22.261,,0,75 09:01.879,4,0,0,0,67301,0,0,0,N,0,0,0,4,67301,1,,1,1,,N,N,,0,,0,0,0,0,0,,850,1,3,0,0,0,0,0,3,4,0,3,3,,N,,,,,,,,,,,
2008024486,1915.0,3,0,0,0,0,0,0,0,0,1,0,,67,12,2007,7,40.0508,-75.1554,1915.0,6,0,0,0,0,0,0,0,1,,0,0,0,19,2,1,0,,0,40 03:03.052,,0,75 09:19.468,4,0,0,0,67301,0,0,0,N,0,0,0,1,67301,1,,6,9,,N,N,,0,,0,0,0,0,0,,1915,1,4,0,0,1,0,0,3,4,1,4,7,,N,,,,,,,,,,,
2008024494,1410.0,2,0,0,0,0,0,0,0,0,2,0,,67,12,2007,6,39.9598,-75.2359,1400.0,6,0,0,0,0,0,1,0,0,,0,0,0,13,1,3,0,,0,39 57:35.000,,0,75 14:09.118,3,0,0,0,67301,0,0,0,N,0,0,0,3,67301,1,,1,9,,N,N,,0,,2,0,0,0,0,,1300,3,2,0,0,0,0,0,3,4,0,2,7,,N,,,,,,,,,,,
2008017060,742.0,1,0,0,0,0,0,0,0,0,8,0,,67,12,2007,5,39.955,-75.1527,738.0,6,0,0,0,0,0,0,0,1,,0,0,0,7,1,1,1,,0,39 57:18.170,,0,75 09:09.818,4,0,0,0,67301,1,0,0,N,1,0,0,2,67301,1,,1,2,,N,N,,0,,0,0,0,3,2,,730,1,2,0,0,0,0,0,3,4,0,1,10,,N,,,,,,,,,,,
2008017075,22.0,1,0,0,0,0,0,0,0,0,7,0,,67,11,2007,6,40.1025,-74.982,21.0,6,0,0,0,0,0,0,0,0,,0,0,0,0,3,2,2,,0,40 06:08.902,,0,74 58:55.293,8,0,0,0,67301,0,0,0,N,0,0,0,2,67301,0,,4,1,,N,N,,0,,0,0,0,2,2,,15,2,1,0,0,0,2,0,3,4,0,1,3,,N,,,,,,,,,,,
2008017214,1225.0,1,0,0,0,0,0,0,0,0,7,0,,67,12,2007,1,39.9526,-75.1653,1222.0,6,0,0,0,0,0,0,0,0,,0,0,0,12,1,0,2,,0,39 57:09.365,,0,75 09:55.348,0,0,0,0,67301,0,0,0,,0,0,0,1,67301,0,,1,9,,,,,0,,0,0,0,3,2,,1222,0,1,0,0,1,0,0,3,4,0,1,7,,N,,,,,,,,,,,
2008017294,9999.0,2,0,0,0,0,0,0,0,0,6,0,,67,11,2007,2,39.9591,-75.2036,9999.0,6,0,0,0,0,0,0,0,0,,0,0,0,11,1,1,2,,0,39 57:32.616,,0,75 12:12.967,4,0,0,0,67301,0,0,0,,0,0,0,2,67301,1,,1,9,,N,N,,0,,0,0,0,3,3,,1142,1,2,0,0,0,0,0,3,4,0,2,7,,N,,,,,,,,,,,
2008006255,850.0,2,0,0,0,0,0,0,0,0,5,0,,67,11,2007,7,39.9579,-75.1641,830.0,6,0,0,0,0,0,0,0,0,,0,0,0,8,1,1,5,,0,39 57:28.000,,2,75 09:50.893,8,0,0,0,67301,0,0,0,N,0,0,0,2,67301,0,,1,1,,N,N,,0,,0,0,0,3,2,,800,1,2,0,0,0,1,0,3,4,0,2,3,,N,,,,,,,,,,,
2008033723,,1,0,0,0,0,0,0,0,0,7,0,,67,5,2007,7,40.0505,-75.1547,,6,0,0,0,0,0,0,0,0,,0,0,0,23,2,1,0,,0,40 03:01.756,,0,75 09:16.862,8,0,0,0,67301,0,0,0,N,0,0,0,2,00000,0,,2,1,,N,N,,0,,0,0,0,0,0,,2300,1,2,0,0,0,1,1,3,4,0,2,3,,N,,,,,,,,,,,
2008003820,1745.0,1,0,0,0,0,0,0,0,0,1,0,,67,10,2007,4,39.9759,-75.1586,1740.0,6,0,0,0,0,0,0,0,0,,0,0,0,17,1,2,1,,0,39 58:33.000,,0,75 09:30.760,4,0,0,0,67301,0,0,0,,0,0,0,4,67301,1,,1,1,,,,,1,,0,0,0,3,2,,1738,2,2,0,0,0,1,2,3,4,0,2,3,,N,,,,,,,,,,,
2008003830,1512.0,1,0,0,0,0,0,0,0,0,1,0,,67,10,2007,1,39.9188,-75.1911,1510.0,6,0,0,0,0,0,2,0,0,2.0,0,0,0,15,1,2,0,,1,39 55:07.000,4.0,0,75 11:27.870,3,0,0,0,67301,0,0,0,,0,0,0,2,67301,0,,1,1,,,,,0,,2,0,0,0,0,N,1500,2,2,0,0,0,0,0,3,4,1,2,3,,N,,,,,,,,,,,
2008038983,1320.0,3,0,0,0,0,0,0,0,0,4,0,,67,12,2007,2,40.0353,-75.0252,1315.0,6,0,0,0,0,0,0,0,0,,0,0,0,13,1,2,1,,0,40 02:07.000,,0,75 01:30.653,4,0,0,0,67301,0,0,0,,0,0,0,4,67301,2,,1,1,,,,,0,,0,0,0,3,2,,1315,2,3,0,0,0,0,0,3,4,0,3,3,,N,,,,,,,,,,,
2012034610,1820.0,1,0,0,0,0,0,0,0,0,8,0,,67,1,2007,4,39.964,-75.1493,1815.0,6,0,0,0,0,0,0,0,0,,0,0,0,16,3,1,1,,0,39 57:50.382,,0,75 08:57.659,8,0,0,0,67301,1,0,0,N,1,0,0,2,67301,0,,1,1,,N,N,,0,,0,0,0,0,0,,1610,1,2,0,0,0,1,0,3,4,0,1,3,,N,,,,,,,,,,,
2007107020,910.0,1,0,0,0,0,0,0,0,0,1,0,,67,9,2007,3,39.9999,-75.1061,910.0,6,0,0,0,0,0,0,0,0,,0,0,0,9,1,1,0,,0,39 59:59.581,,0,75 06:21.847,4,0,0,0,67301,0,0,0,N,0,0,0,3,67301,1,,1,9,,N,N,,0,,0,0,0,0,0,,900,1,2,0,0,0,0,0,3,4,1,2,7,,N,,,,,,,,,,,
2007107007,9999.0,1,0,0,0,0,0,0,0,0,8,0,,67,9,2007,5,39.9554,-75.2,1255.0,6,0,0,0,0,0,0,0,0,,0,0,0,12,1,1,1,,0,39 57:19.000,,0,75 11:59.763,8,0,0,0,67301,1,0,0,N,1,0,0,2,67504,0,,1,1,,N,N,,0,,0,0,0,3,2,,1255,1,2,0,0,0,1,0,3,4,0,1,3,,N,,,,,,,,,,,
2007107033,1959.0,1,0,0,0,0,0,0,0,0,8,0,,67,9,2007,5,39.9411,-75.2256,1942.0,6,0,0,0,0,0,0,1,0,,0,0,0,99,3,1,0,,0,39 56:27.859,,0,75 13:31.987,4,0,0,0,67301,1,0,0,N,1,0,0,2,67301,1,,1,1,,N,N,,0,,0,0,0,0,0,,9999,1,2,0,0,0,0,0,3,4,0,1,3,,N,,,,,,,,,,,
2007107083,2112.0,1,0,0,0,0,0,0,0,0,7,0,,67,7,2007,4,39.8991,-75.1783,2108.0,6,0,0,0,0,0,0,0,0,1.0,0,0,0,21,2,2,0,,1,39 53:57.131,2.0,0,75 10:30.301,8,0,0,0,67301,0,0,0,,0,0,0,2,67301,0,,3,1,,N,N,,0,,0,0,0,0,0,N,2100,2,1,0,0,2,2,0,3,4,0,1,3,,N,,,,,,,,,,,
2007098790,1600.0,2,0,0,0,0,0,0,0,0,5,0,,67,8,2007,4,40.0856,-75.0394,1550.0,6,0,1,0,0,0,0,0,0,,0,0,0,15,1,0,2,,0,40 05:08.000,,0,75 02:21.757,0,0,0,0,67301,0,0,0,,0,0,0,2,67301,0,,1,1,,N,N,,0,,0,0,0,3,3,,1550,0,2,0,0,0,0,0,3,4,0,2,3,,N,,,,,,,,,,,
2007097871,1552.0,0,0,0,0,0,0,0,0,0,8,0,,67,7,2007,4,39.998,-75.1069,1550.0,6,0,0,0,0,0,0,0,0,,0,0,0,15,1,1,2,,0,39 59:52.623,,0,75 06:24.850,4,0,0,0,67301,1,0,0,N,1,0,0,2,67301,1,,1,9,,N,N,,1,,0,0,0,0,0,,1520,1,2,0,0,0,0,0,3,4,0,1,98,,N,,,,,,,,,,,
2007093221,1510.0,1,0,0,1,0,0,0,0,0,4,0,,67,7,2007,7,40.0209,-75.1134,1459.0,6,0,0,0,0,0,0,0,0,,0,0,0,99,1,1,0,,0,40 01:15.410,,7,75 06:48.174,8,0,0,0,67301,1,0,0,N,0,0,0,2,67301,0,,1,1,,N,N,,0,,0,0,0,0,0,,9999,1,2,0,0,1,1,0,3,4,0,1,3,,N,,,,,,,,,,,
2007098300,2020.0,1,0,0,0,0,0,0,0,0,4,0,,67,8,2007,3,40.0129,-75.0774,2015.0,6,0,0,0,0,0,0,0,0,,0,0,0,20,3,1,1,,0,40 00:46.400,,0,75 04:38.762,4,0,0,0,67301,0,0,0,N,0,0,0,3,67301,1,,1,1,,N,N,,1,,0,0,0,3,3,,2000,1,2,0,0,0,0,0,3,4,0,2,3,,N,,,,,,,,,,,
2007022391,1210.0,1,0,0,0,0,0,0,0,0,7,0,,67,1,2007,3,39.9508,-75.1638,1204.0,6,0,0,0,0,0,0,0,0,,0,0,0,23,3,2,1,,0,39 57:03.000,,0,75 09:49.789,3,0,0,0,67301,0,0,0,N,0,0,0,2,67301,1,,3,1,,N,N,,0,,1,0,0,3,2,,2350,2,1,0,0,0,0,0,3,4,0,1,3,,N,,,,,,,,,,,
2007022392,24.0,2,0,0,0,0,0,0,0,0,4,0,,67,1,2007,7,40.0205,-75.0537,23.0,6,0,0,0,0,0,1,0,0,,0,1,0,0,3,2,1,,0,40 01:13.000,,0,75 03:13.412,3,0,0,0,67301,0,0,0,N,0,0,0,4,67301,1,,2,1,,N,N,,0,,1,0,0,3,2,,22,2,3,0,0,0,0,0,3,4,0,3,3,,N,,,,,,,,,,,
2007067260,1952.0,1,0,0,0,0,0,0,0,0,6,0,,67,5,2007,2,39.9804,-75.1179,1948.0,6,0,0,0,0,0,0,0,0,,0,0,0,19,1,2,1,,0,39 58:53.000,,0,75 07:02.419,4,0,0,0,67301,0,0,0,,0,0,0,6,67301,2,,1,1,,N,N,,1,,0,0,0,3,2,,1940,2,2,0,0,1,0,0,3,4,0,2,3,,N,,,,,,,,,,,
2008018084,2357.0,3,0,0,0,0,0,0,0,0,1,0,,67,12,2007,5,39.9597,-75.1764,2355.0,6,0,0,0,0,0,0,0,0,1.0,0,0,0,23,3,0,6,,2,39 57:35.000,4.0,2,75 10:39.053,0,0,0,0,67301,0,0,0,N,0,0,0,8,67301,0,,1,1,,N,N,,0,,0,0,0,0,0,N,2355,0,3,0,0,0,0,0,3,4,0,3,3,,N,,,,,,,,,,,
2008034462,,1,0,0,0,0,0,0,0,0,1,0,,67,12,2007,7,40.0694,-75.1501,,6,0,0,0,0,0,0,0,0,,0,0,0,18,6,1,2,,0,40 04:09.906,,0,75 09:00.343,3,0,0,0,67301,0,0,0,,0,0,0,2,,0,,1,1,,,,,0,,1,0,0,3,2,,1825,1,2,0,0,0,0,1,3,4,0,2,3,,N,,,,,,,,,,,
2008005963,2031.0,2,0,0,0,0,0,0,0,0,1,0,,67,11,2007,4,39.9861,-75.111,2030.0,6,0,0,0,0,0,0,0,0,1.0,0,0,0,20,3,1,0,,2,39 59:09.000,1.0,0,75 06:39.447,4,0,0,0,67301,0,0,0,N,0,0,0,2,67301,1,,1,1,,N,N,,0,,0,0,0,3,2,N,2028,1,2,0,0,0,0,0,3,4,0,2,3,,N,,,,,,,,,,,
2008034369,9999.0,0,0,0,1,0,1,0,0,0,4,0,,67,11,2007,5,39.9917,-75.1373,9999.0,6,0,0,0,0,0,0,0,0,,0,0,0,15,1,1,2,,0,39 59:29.000,,0,75 08:14.364,2,0,0,0,67301,1,0,1,N,0,0,0,2,,0,,1,1,,N,N,,0,,0,1,0,0,0,,1545,1,2,0,0,0,0,1,3,4,0,1,3,,N,,,,,,,,,,,
2008018870,1048.0,1,0,0,0,0,0,0,0,0,1,0,,67,12,2007,3,40.0499,-75.064,1047.0,6,0,0,0,0,0,0,0,0,1.0,0,0,0,10,1,1,0,,1,40 02:59.000,3.0,0,75 03:50.250,3,0,0,0,67301,0,0,0,N,0,0,0,2,67301,0,,1,1,,N,N,,0,,1,0,0,0,0,N,1035,1,2,0,0,0,0,0,3,4,1,2,3,,N,,,,,,,,,,,
2008029115,1842.0,2,0,0,0,0,0,0,0,0,1,0,,67,12,2007,7,40.0788,-74.9653,1831.0,6,0,0,0,0,0,0,0,0,,0,0,0,18,3,2,0,,0,40 04:43.000,,0,74 57:55.147,8,0,0,0,67301,0,0,0,,0,0,0,5,67301,0,,1,9,,N,N,,0,,0,0,0,0,0,,1831,2,2,0,0,0,2,0,3,4,0,2,7,,N,,,,,,,,,,,
2008003990,9999.0,2,0,0,0,0,0,0,0,0,4,0,,67,11,2007,2,39.9187,-75.2469,1430.0,6,0,0,0,0,0,0,0,0,,0,0,0,14,1,3,2,,0,39 55:07.000,,0,75 14:48.814,4,0,0,0,67301,0,0,0,N,0,0,0,3,67301,3,,1,1,,N,N,,0,,0,0,0,3,3,,1430,3,2,0,0,0,0,0,3,4,0,2,3,,N,,,,,,,,,,,
2008024452,1628.0,0,0,0,0,0,0,0,0,0,1,0,,67,12,2007,5,39.9241,-75.2455,1628.0,6,0,0,0,0,1,0,0,0,,0,0,0,16,1,1,5,,0,39 55:26.000,,0,75 14:43.862,8,0,0,0,67301,0,0,0,N,0,0,0,3,67301,0,,1,1,,N,N,,0,,0,0,2,0,0,,1628,1,2,0,0,0,1,0,3,4,0,2,3,,N,,,,,,,,,,,
2008024524,2128.0,1,0,0,0,0,0,0,0,0,8,0,,67,12,2007,4,40.022,-75.0788,2125.0,6,0,0,0,0,0,0,0,0,,0,0,0,21,3,1,0,,0,40 01:19.000,,0,75 04:43.847,8,0,0,0,67301,1,0,0,,1,0,0,2,67301,0,,1,9,,,,,0,,0,0,0,0,0,,2124,1,2,0,0,0,1,0,3,4,0,1,7,,N,,,,,,,,,,,
2008017329,1710.0,1,0,0,0,0,0,0,0,0,4,0,,67,11,2007,2,40.0475,-75.1301,1700.0,6,0,0,0,0,0,1,0,0,,0,0,0,16,3,0,1,,0,40 02:50.946,,0,75 07:48.406,0,0,0,0,67301,0,0,0,N,0,0,0,2,67301,0,,1,1,,N,N,,1,,0,0,0,3,3,,1645,0,2,0,0,0,0,0,3,4,0,2,3,5.0,N,,,,,,,,,,,
2008017074,8.0,2,0,0,0,0,0,0,0,0,4,0,,67,11,2007,3,40.0789,-75.0253,8.0,6,0,0,0,0,0,0,0,0,3.0,0,0,0,23,3,3,2,,1,40 04:44.000,3.0,0,75 01:31.191,8,0,0,0,67301,0,0,0,N,0,0,0,3,67301,0,,1,1,,N,N,,0,,0,0,0,3,2,N,2310,3,2,0,0,0,3,0,3,4,0,2,3,,N,,,,,,,,,,,
2008017078,1015.0,2,0,0,0,0,0,0,0,0,4,0,,67,12,2007,2,39.9879,-75.2531,1005.0,6,0,0,0,0,0,0,0,1,,0,0,0,10,1,1,2,,0,39 59:16.000,,0,75 15:11.249,8,0,0,0,67301,0,0,0,N,0,0,0,2,67301,0,,1,1,,N,N,,0,,0,0,0,0,0,,1000,1,2,0,0,0,1,0,3,4,0,2,3,,N,,,,,,,,,,,
2008017543,1600.0,1,0,0,0,0,0,0,0,0,6,0,,67,12,2007,7,40.0143,-75.0709,1545.0,6,0,0,0,0,0,0,0,0,,0,0,0,15,1,1,1,,0,40 00:51.000,,0,75 04:15.064,4,0,0,0,67301,0,0,0,N,0,0,0,3,67301,1,,1,1,,N,N,,0,,0,0,1,0,0,,1535,1,2,0,0,0,0,0,3,4,0,2,3,,N,,,,,,,,,,,
2008008873,2030.0,0,0,0,0,0,0,0,0,0,8,0,,67,11,2007,6,40.0968,-74.9851,2030.0,6,0,0,0,0,0,0,0,0,,1,0,0,20,3,0,2,,0,40 05:48.454,,0,74 59:06.244,1,0,0,0,67301,1,1,0,N,1,1,0,2,67301,0,2.0,1,1,,N,N,,1,0.0,0,0,0,0,0,,2030,0,2,0,0,0,0,0,3,4,0,1,3,,N,,,,,,,,,,,
2008054085,2145.0,2,0,0,0,0,0,0,0,0,5,0,,67,11,2007,3,40.0457,-75.0768,2135.0,6,0,0,0,0,0,0,0,0,,0,0,0,21,3,0,0,,0,40 02:44.691,,0,75 04:36.601,0,0,0,0,67301,0,0,0,N,0,0,0,1,67301,0,,6,1,,N,N,,1,,0,0,0,0,0,,2131,0,3,0,0,0,0,0,3,4,0,3,3,,N,,,,,,,,,,,
2008033756,,1,0,0,0,0,0,0,0,0,5,0,,67,11,2007,3,39.9939,-75.1545,,6,0,0,0,0,0,1,0,0,,0,0,0,7,5,1,1,,0,39 59:38.000,,0,75 09:16.513,4,0,0,0,67301,0,0,0,,0,0,0,2,,1,,1,1,,,,,0,,0,0,0,9,2,,705,1,2,0,0,0,0,0,3,4,1,2,3,,N,,,,,,,,,,,
2008023967,1540.0,1,0,0,0,0,0,0,0,0,1,0,,67,12,2007,1,40.0018,-75.1545,1536.0,6,0,0,0,0,0,0,0,0,,0,0,0,15,1,1,1,,0,40 00:06.000,,0,75 09:16.160,4,0,0,0,67301,0,0,0,,0,0,0,4,67301,1,,1,9,,,,,1,,0,0,0,3,2,,1530,1,2,0,0,0,0,0,3,4,0,2,7,,N,,,,,,,,,,,
2008053185,922.0,2,0,0,0,0,0,0,0,0,5,0,,67,11,2007,4,40.0287,-75.0906,917.0,6,0,0,0,0,0,1,0,0,,0,0,0,8,1,0,8,,0,40 01:43.320,,6,75 05:26.160,0,0,0,0,67301,0,0,0,N,0,0,0,2,67301,0,,1,1,,N,N,,0,,0,0,0,0,0,,850,0,2,0,0,0,0,0,3,4,0,2,3,,N,,,,,,,,,,,
2009083727,2152.0,1,0,0,0,0,0,0,0,0,4,0,,67,7,2007,5,39.9696,-75.1407,2149.0,6,0,0,0,1,0,0,0,0,,0,0,0,21,3,1,1,,0,39 58:10.608,,0,75 08:26.438,8,0,0,0,67301,0,0,0,N,0,0,0,3,67301,0,,1,1,,N,N,,0,,0,0,1,3,3,,2149,1,2,0,0,0,1,0,3,4,0,2,3,,N,,,,,,,,,,,
2011061358,510.0,2,0,0,0,0,0,0,0,0,1,0,,67,6,2007,3,39.9057,-75.1939,508.0,6,0,0,0,0,0,1,0,0,,0,0,0,99,1,1,10,,0,39 54:21.113,,0,75 11:37.838,4,0,0,0,67301,0,0,0,N,0,0,0,4,67301,1,,1,1,,N,N,,0,,0,0,1,3,2,,9999,1,3,0,0,1,0,0,3,4,0,3,3,,N,,,,,,,,,,,
2007027893,733.0,4,0,0,0,0,0,0,0,0,4,0,,67,1,2007,6,40.0209,-75.1322,730.0,6,0,0,0,0,0,0,0,0,,0,0,0,7,1,0,0,,0,40 01:15.186,,0,75 07:55.920,9,0,0,0,67301,0,0,0,N,0,0,0,2,67301,0,,6,9,,N,N,,0,,0,0,0,0,0,,714,0,4,0,0,0,0,1,3,4,0,4,3,,N,,,,,,,,,,,