CRN,ARRIVAL_TM,AUTOMOBILE_COUNT,BELTED_DEATH_COUNT,BELTED_SUSP_SERIOUS_INJ_COUNT,BICYCLE_COUNT,BICYCLE_DEATH_COUNT,BICYCLE_SUSP_SERIOUS_INJ_COUNT,BUS_COUNT,CHLDPAS_DEATH_COUNT,CHLDPAS_SUSP_SERIOUS_INJ_COUNT,COLLISION_TYPE,COMM_VEH_COUNT,CONS_ZONE_SPD_LIM,COUNTY,CRASH_MONTH,CRASH_YEAR,DAY_OF_WEEK,DEC_LAT,DEC_LONG,DISPATCH_TM,DISTRICT,DRIVER_COUNT_16YR,DRIVER_COUNT_17YR,DRIVER_COUNT_18YR,DRIVER_COUNT_19YR,DRIVER_COUNT_20YR,DRIVER_COUNT_50_64YR,DRIVER_COUNT_65_74YR,DRIVER_COUNT_75PLUS,EST_HRS_CLOSED,FATAL_COUNT,HEAVY_TRUCK_COUNT,HORSE_BUGGY_COUNT,HOUR_OF_DAY,ILLUMINATION,INJURY_COUNT,INTERSECT_TYPE,INTERSECTION_RELATED,LANE_CLOSED,LATITUDE,LN_CLOSE_DIR,LOCATION_TYPE,LONGITUDE,MAX_SEVERITY_LEVEL,MCYCLE_DEATH_COUNT,MCYCLE_SUSP_SERIOUS_INJ_COUNT,MOTORCYCLE_COUNT,MUNICIPALITY,NONMOTR_COUNT,NONMOTR_DEATH_COUNT,NONMOTR_SUSP_SERIOUS_INJ_COUNT,NTFY_HIWY_MAINT,PED_COUNT,PED_DEATH_COUNT,PED_SUSP_SERIOUS_INJ_COUNT,PERSON_COUNT,POLICE_AGCY,POSSIBLE_INJ_COUNT,RDWY_SURF_TYPE_CD,RELATION_TO_ROAD,ROAD_CONDITION,ROADWAY_CLEARED,SCH_BUS_IND,SCH_ZONE_IND,SECONDARY_CRASH,SMALL_TRUCK_COUNT,SPEC_JURIS_CD,SUSP_MINOR_INJ_COUNT,SUSP_SERIOUS_INJ_COUNT,SUV_COUNT,TCD_FUNC_CD,TCD_TYPE,TFC_DETOUR_IND,TIME_OF_DAY,TOT_INJ_COUNT,TOTAL_UNITS,UNB_DEATH_COUNT,UNB_SUSP_SERIOUS_INJ_COUNT,UNBELTED_OCC_COUNT,UNK_INJ_DEG_COUNT,UNK_INJ_PER_COUNT,URBAN_AREA,URBAN_RURAL,VAN_COUNT,VEHICLE_COUNT,WEATHER1,WEATHER2,WORK_ZONE_IND,WORK_ZONE_LOC,WORK_ZONE_TYPE,WORKERS_PRES,WZ_CLOSE_DETOUR,WZ_FLAGGER,WZ_LAW_OFFCR_IND,WZ_LN_CLOSURE,WZ_MOVING,WZ_OTHER,WZ_SHLDER_MDN,WZ_WORKERS_INJ_KILLED
2007067245,555.0,1,0,0,0,0,0,0,0,0,7,0,,67,5,2007,4,40.0019,-75.1443,553.0,6,0,0,0,0,0,0,0,0,,0,0,0,5,3,2,5,,0,40 00:07.000,,0,75 08:39.420,4,0,0,0,67301,0,0,0,N,0,0,0,2,67301,2,,2,1,,N,N,,0,,0,0,0,3,2,,550,2,1,0,0,0,0,0,3,4,0,1,3,,N,,,,,,,,,,,
2007067243,1636.0,0,0,0,1,0,0,2,0,0,5,2,,67,5,2007,3,39.9509,-75.1522,1626.0,6,0,0,0,0,0,0,0,0,,0,0,0,16,1,1,0,,0,39 57:03.000,,0,75 09:07.804,4,0,0,0,67301,2,0,0,,0,0,0,3,67301,1,,1,1,,N,N,,0,,0,0,0,0,0,,1621,1,3,0,0,0,0,0,3,4,0,2,3,,N,,,,,,,,,,,
2007067250,946.0,2,0,0,0,0,0,0,0,0,1,0,,67,4,2007,2,40.1204,-75.0267,942.0,6,0,0,1,0,0,1,0,0,,0,0,0,9,1,2,0,,0,40 07:13.400,,0,75 01:36.000,4,0,0,0,67301,0,0,0,N,0,0,0,2,67301,1,,1,1,,N,N,,0,,0,0,0,0,0,,930,2,2,0,0,0,1,0,3,4,0,2,3,,N,,,,,,,,,,,
2007056533,2128.0,1,0,0,0,0,0,0,0,0,4,1,,67,4,2007,4,40.0105,-75.0791,2122.0,6,0,0,0,0,0,1,0,0,,0,1,0,21,3,1,1,,0,40 00:37.000,,0,75 04:45.357,3,0,0,0,67301,0,0,0,N,0,0,0,3,67301,0,,1,1,,N,N,,0,,1,0,0,3,2,,2120,1,2,0,0,0,0,0,3,4,0,2,3,,N,,,,,,,,,,,
2007106027,1430.0,1,0,0,0,0,0,0,0,0,7,0,,67,9,2007,3,40.0649,-75.0515,1423.0,6,0,0,0,1,0,0,0,0,,0,0,0,14,1,1,1,,0,40 03:53.000,,0,75 03:05.284,4,0,0,0,67301,0,0,0,N,0,0,0,1,67301,1,,5,9,,N,N,,0,,0,0,0,3,2,,1420,1,2,0,0,0,0,0,3,4,0,1,7,,N,,,,,,,,,,,
2007093219,1824.0,2,0,0,0,0,0,0,0,0,4,0,,67,6,2007,5,40.0086,-75.0688,1824.0,6,0,0,0,0,0,0,0,0,,0,0,0,18,1,2,1,,0,40 00:31.000,,0,75 04:07.878,3,0,0,0,67301,0,0,0,N,0,0,0,3,67301,0,,1,1,,N,N,,0,,2,0,0,3,2,,1823,2,2,0,0,0,0,0,3,4,0,2,3,,N,,,,,,,,,,,
2007067276,140.0,1,0,0,0,0,0,0,0,0,7,0,,67,5,2007,1,39.9407,-75.1435,135.0,6,0,0,0,0,0,0,0,0,1.0,0,0,0,1,3,0,10,,1,39 56:30.840,2.0,0,75 08:35.880,0,0,0,0,67301,0,0,0,N,0,0,0,2,67301,0,,3,9,,N,N,,0,,0,0,0,0,0,N,135,0,1,0,0,0,0,0,3,4,0,1,7,,N,,,,,,,,,,,
2007067277,2253.0,3,0,0,0,0,0,0,0,0,1,0,,67,5,2007,6,39.9605,-75.1813,2249.0,6,0,0,0,0,0,2,0,0,9.0,0,0,0,22,3,0,7,,1,39 57:41.000,4.0,2,75 10:56.993,0,0,0,0,67301,0,0,0,N,0,0,0,3,67301,0,,1,1,,N,N,,0,,0,0,0,0,0,N,2245,0,3,0,0,0,0,0,3,4,0,3,3,,N,,,,,,,,,,,
2007067236,1400.0,2,0,0,0,0,0,0,0,0,5,0,,67,5,2007,7,40.0446,-75.0764,1355.0,6,0,0,0,0,0,0,0,0,,0,0,0,13,1,1,0,,0,40 02:40.500,,0,75 04:34.900,8,0,0,0,67301,0,0,0,N,0,0,0,1,67301,0,,6,1,,N,N,,0,,0,0,1,0,0,,1330,1,3,0,0,0,1,0,3,4,0,3,3,,N,,,,,,,,,,,
2007099154,2350.0,1,0,0,0,0,0,0,0,0,7,0,,67,8,2007,6,40.0344,-75.0748,2347.0,6,0,0,0,0,0,0,0,0,2.0,0,0,0,23,3,1,5,,2,40 02:03.000,4.0,0,75 04:29.625,8,0,0,0,67301,0,0,0,N,0,0,0,5,67301,0,,3,1,,N,N,,0,,0,0,0,3,2,N,2346,1,1,0,0,0,1,0,3,4,0,1,3,,N,,,,,,,,,,,
2007027916,536.0,1,0,0,0,0,0,0,0,0,7,0,,67,1,2007,2,39.9264,-75.1469,530.0,6,0,0,0,0,0,0,0,0,1.0,0,0,0,5,3,1,0,,1,39 55:35.157,2.0,0,75 08:48.921,4,0,0,0,67301,0,0,0,N,0,0,0,1,67301,1,,3,9,,N,N,,0,,0,0,0,0,0,N,525,1,1,0,0,0,0,0,3,4,0,1,10,,N,,,,,,,,,,,
2008017375,950.0,1,0,0,0,0,0,0,0,0,4,1,,67,12,2007,2,40.0072,-75.1745,815.0,6,0,0,0,0,0,0,0,0,,0,1,0,8,1,1,0,,0,40 00:25.000,,0,75 10:28.298,4,0,0,0,67301,0,0,0,N,0,0,0,2,67301,1,,1,9,,N,N,,0,,0,0,0,3,2,,813,1,2,0,0,0,0,0,3,4,0,2,3,,N,,,,,,,,,,,
2008017387,1935.0,2,0,0,0,0,0,0,0,0,4,0,,67,11,2007,3,40.0111,-75.1533,9999.0,6,0,0,0,0,0,0,0,0,,0,0,0,17,3,3,1,,0,40 00:40.096,,0,75 09:11.959,4,0,0,0,67301,0,0,0,N,0,0,0,3,67301,3,,1,9,,N,N,,0,,0,0,0,3,3,,1742,3,2,0,0,0,0,0,3,4,0,2,7,,N,,,,,,,,,,,
2008017413,2017.0,1,0,0,0,0,0,0,0,0,8,0,,67,12,2007,1,39.9491,-75.162,2015.0,6,0,0,0,0,0,1,0,0,,0,0,0,20,3,1,1,,0,39 56:56.000,,0,75 09:43.309,4,0,0,0,67301,1,0,0,,1,0,0,2,67301,1,,1,9,,,N,,0,,0,0,0,3,2,,2010,1,2,0,0,0,0,0,3,4,0,1,7,,N,,,,,,,,,,,
2008054055,1920.0,2,0,0,0,0,0,0,0,0,6,0,,67,10,2007,3,40.0877,-75.2113,1410.0,6,0,0,0,0,0,1,0,0,,0,0,0,19,3,0,0,,0,40 05:15.720,,0,75 12:40.744,0,0,0,0,67301,0,0,0,,0,0,0,3,67301,0,,1,9,,N,N,,0,,0,0,0,0,0,,1900,0,2,0,0,0,0,0,3,4,0,2,98,,N,,,,,,,,,,,
2008024066,645.0,2,0,0,0,0,0,0,0,0,1,0,,67,12,2007,2,39.918,-75.2468,640.0,6,0,0,0,0,0,0,0,0,2.0,0,0,0,6,5,1,0,,2,39 55:04.000,5.0,0,75 14:48.605,4,0,0,0,67301,0,0,0,,0,0,0,2,67301,1,,1,2,,N,N,,0,,0,0,0,0,0,Y,635,1,2,0,0,0,0,0,3,4,0,2,3,,N,,,,,,,,,,,
2008024067,1620.0,2,0,0,0,0,0,0,0,0,6,0,,67,12,2007,7,39.935,-75.2353,1554.0,6,0,0,0,0,0,1,0,0,,0,0,0,99,4,1,0,,0,39 56:05.000,,0,75 14:06.953,8,0,0,0,67301,0,0,0,,0,0,0,3,67301,0,,1,9,,,,,0,,0,0,0,0,0,,9999,1,2,0,0,0,1,2,3,4,0,2,7,,N,,,,,,,,,,,
2007092889,143.0,2,0,0,0,0,0,0,0,0,6,0,,67,6,2007,7,40.0532,-75.0868,136.0,6,0,0,0,0,0,0,0,0,,0,0,0,1,3,1,1,,0,40 03:11.000,,0,75 05:12.436,3,0,0,0,67301,0,0,0,,0,0,0,2,67301,0,,1,1,,N,N,,0,,1,0,0,0,0,,130,1,2,0,0,0,0,0,3,4,0,2,3,,N,,,,,,,,,,,
2007097862,1143.0,2,0,0,0,0,0,0,0,0,1,0,,67,7,2007,6,40.0298,-75.1756,1140.0,6,0,0,0,0,0,0,0,0,,0,0,0,11,1,1,1,,0,40 01:47.000,,0,75 10:32.312,4,0,0,0,67301,0,0,0,N,0,0,0,3,67301,1,,1,1,,N,N,,0,,0,0,0,3,2,,1130,1,2,0,0,0,0,2,3,4,0,2,3,,N,,,,,,,,,,,
2007097866,1908.0,1,0,0,0,0,0,0,0,0,8,0,,67,7,2007,3,40.0487,-75.1052,1901.0,6,0,0,0,0,0,0,0,0,,0,0,0,18,1,1,0,,0,40 02:55.370,,0,75 06:18.856,8,0,0,0,67301,1,0,0,N,1,0,0,2,67301,0,,1,1,,N,N,,0,,0,0,0,0,0,,1855,1,2,0,0,0,1,0,3,4,0,1,3,,N,,,,,,,,,,,
2007093252,257.0,1,0,0,0,0,0,0,0,0,1,0,,67,7,2007,7,40.0149,-75.1775,215.0,6,0,0,0,0,0,0,0,0,,0,0,0,1,3,0,0,,0,40 00:53.000,,0,75 10:39.060,0,0,0,0,67301,0,0,0,N,0,0,0,3,67301,0,,1,1,,N,N,,0,,0,0,2,0,0,,145,0,3,0,0,0,0,0,3,4,0,3,3,,N,,,,,,,,,,,
2007071759,944.0,1,0,0,0,0,0,0,0,0,7,0,,67,7,2007,1,39.9986,-75.2321,940.0,6,0,0,0,0,0,1,0,0,1.0,0,0,0,9,1,0,2,,1,39 59:58.000,2.0,0,75 13:48.390,0,0,0,0,67301,0,0,0,N,0,0,0,1,46104,0,,2,1,,N,N,,0,,0,0,0,3,3,N,940,0,1,0,0,0,0,0,3,4,0,1,3,,N,,,,,,,,,,,
2007099140,1930.0,0,0,0,0,0,0,0,0,0,8,0,,67,8,2007,6,40.0221,-75.1157,1930.0,6,0,0,0,0,0,0,0,0,,0,0,0,19,4,1,0,,0,40 01:19.400,,0,75 06:56.500,4,0,0,0,67301,1,0,0,N,1,0,0,2,67301,1,,1,1,,N,N,,0,,0,0,1,0,0,,1915,1,2,0,0,1,0,0,3,4,0,1,3,,N,,,,,,,,,,,
2007092762,431.0,2,0,0,0,0,0,0,0,0,4,0,,67,7,2007,4,39.9519,-75.1599,426.0,6,0,0,0,0,0,0,0,0,2.0,0,0,0,4,3,0,1,,2,39 57:06.000,3.0,0,75 09:35.509,0,0,0,0,67301,0,0,0,N,0,0,0,5,67301,0,,1,1,,N,N,,0,,0,0,0,3,2,N,422,0,2,0,0,0,0,0,3,4,0,2,3,,N,,,,,,,,,,,
2008053020,1020.0,5,0,0,0,0,0,0,0,0,5,0,,67,12,2007,7,39.9745,-75.1622,1016.0,6,0,0,0,0,0,0,0,0,,0,0,0,0,3,0,0,,0,39 58:28.142,,0,75 09:43.754,9,0,0,0,67301,0,0,0,,0,0,0,2,67301,0,,6,9,,N,N,,0,,0,0,1,0,0,,10,0,6,0,0,0,0,2,3,4,0,6,7,,N,,,,,,,,,,,
2009031518,1628.0,1,0,0,1,0,0,0,0,0,4,0,,67,9,2007,7,39.9547,-75.1495,1611.0,6,0,0,0,0,0,0,0,0,,0,0,0,15,1,1,1,,0,39 57:16.781,,0,75 08:58.276,4,0,0,0,67301,1,0,0,N,0,0,0,3,67301,1,,5,1,,N,N,,0,,0,0,0,3,2,,1520,1,2,0,0,1,0,0,3,4,0,1,3,,N,,,,,,,,,,,
2007107016,2055.0,2,0,0,0,0,0,0,0,0,2,0,,67,9,2007,2,40.0463,-75.1519,2010.0,6,0,0,0,0,0,0,0,0,,0,0,0,20,4,1,0,,0,40 02:46.700,,0,75 09:06.800,4,0,0,0,67301,0,0,0,N,0,0,0,3,67301,1,,1,1,,N,N,,0,,0,0,0,0,0,,2010,1,2,0,0,1,0,0,3,4,0,2,3,,N,,,,,,,,,,,
2007106001,1715.0,1,0,0,0,0,0,0,0,0,8,0,,67,6,2007,1,40.0189,-75.1404,1715.0,6,0,0,0,0,0,0,0,0,,0,0,0,17,1,1,1,,0,40 01:07.917,,0,75 08:25.576,4,0,0,0,67301,1,0,0,N,1,0,0,2,67301,1,,1,1,,N,N,,0,,0,0,0,0,0,,1715,1,2,0,0,1,0,0,3,4,0,1,3,,N,,,,,,,,,,,
2007080852,41.0,1,0,0,0,0,0,0,0,0,7,0,,67,6,2007,1,40.0428,-75.1135,40.0,6,0,0,0,0,0,0,0,0,,0,0,0,0,3,0,1,,0,40 02:33.000,,0,75 06:48.818,0,0,0,0,67301,0,0,0,N,0,0,0,2,67301,0,,5,1,,N,N,,0,,0,0,0,3,2,,30,0,1,0,0,2,0,0,3,4,0,1,3,,N,,,,,,,,,,,
2007080851,1035.0,1,0,0,0,0,0,0,0,0,1,0,,67,6,2007,5,39.9586,-75.1672,9999.0,6,0,0,0,0,0,0,0,0,,0,0,0,10,1,2,2,,0,39 57:31.000,,0,75 10:01.794,8,0,0,0,67301,0,0,0,N,0,0,0,3,67301,0,,1,1,,N,N,,1,,0,0,0,3,3,,1015,2,2,0,0,0,2,0,3,4,0,2,3,,N,,,,,,,,,,,
2008016261,1820.0,0,0,0,0,0,0,0,0,0,4,0,,67,11,2007,5,39.9251,-75.1694,1814.0,6,0,0,0,0,0,0,0,0,,0,0,0,18,3,1,0,,0,39 55:30.000,,0,75 10:10.061,4,0,0,0,67301,1,0,0,,1,0,0,2,67301,1,,2,1,,N,N,,0,,0,0,2,0,0,,1814,1,3,0,0,0,0,0,3,4,0,2,98,,N,,,,,,,,,,,
2008025728,1335.0,2,0,0,0,0,0,0,0,0,1,0,,67,12,2007,1,40.0505,-75.065,1325.0,6,0,0,1,0,0,0,0,0,,0,0,0,12,1,1,0,,0,40 03:01.000,,0,75 03:53.888,4,0,0,0,67301,0,0,0,N,0,0,0,2,67301,1,,1,9,,N,N,,0,,0,0,0,0,0,,1250,1,2,0,0,0,0,0,3,4,0,2,7,,N,,,,,,,,,,,
2008024509,1020.0,2,0,0,0,0,0,0,0,0,4,0,,67,12,2007,6,39.9287,-75.1805,1015.0,6,0,0,0,0,0,1,0,0,,0,0,0,10,1,1,2,,0,39 55:43.431,,0,75 10:49.857,4,0,0,0,67301,0,0,0,,0,0,0,3,67301,1,,1,1,,,N,,0,,0,0,0,9,3,,1015,1,2,0,0,0,0,0,3,4,0,2,3,,N,,,,,,,,,,,
2008024513,1842.0,2,0,0,0,0,0,0,0,0,4,0,,67,12,2007,2,39.9234,-75.1526,1840.0,6,0,0,1,0,0,0,0,0,,0,0,0,18,2,2,1,,0,39 55:24.272,,0,75 09:09.287,3,0,0,0,67301,0,0,0,N,0,0,0,3,67301,1,,1,1,,N,N,,0,,1,0,0,3,3,,1839,2,2,0,0,1,0,0,3,4,0,2,3,,N,,,,,,,,,,,
2008024523,1135.0,2,0,0,0,0,0,0,0,0,4,0,,67,12,2007,2,40.0568,-75.047,1132.0,6,0,0,0,0,0,2,0,0,1.0,0,0,0,11,1,1,5,,1,40 03:24.480,2.0,0,75 02:49.200,8,0,0,0,67301,0,0,0,N,0,0,0,7,67301,0,,1,1,,N,N,,0,,0,0,0,3,2,Y,1130,1,2,0,0,0,1,0,3,4,0,2,3,,N,,,,,,,,,,,
2008017019,335.0,1,0,0,0,0,0,0,0,0,7,0,,67,12,2007,3,40.087,-75.0223,328.0,6,0,0,0,0,0,0,0,0,,0,0,0,3,3,1,0,,0,40 05:13.000,,0,75 01:20.197,8,0,0,0,67301,0,0,0,,0,0,0,1,67301,0,,2,9,,,,,0,,0,0,0,0,0,,320,1,1,0,0,0,1,0,3,4,0,1,3,,N,,,,,,,,,,,
2008017344,957.0,2,0,0,0,0,0,0,0,0,4,0,,67,12,2007,5,39.9295,-75.1708,952.0,6,0,0,1,0,0,1,0,0,,0,0,0,9,1,1,1,,0,39 55:46.376,,0,75 10:14.987,4,0,0,0,67301,0,0,0,N,0,0,0,3,67301,1,,1,1,,N,N,,0,,0,0,0,3,3,,950,1,2,0,0,0,0,0,3,4,0,2,3,,N,,,,,,,,,,,
2008017040,1058.0,1,0,0,0,0,0,0,0,0,8,0,,67,12,2007,1,39.9139,-75.1501,1054.0,6,0,0,0,0,0,0,0,0,,0,0,0,10,1,1,0,,0,39 54:50.002,,0,75 09:00.211,4,0,0,0,67301,1,0,0,N,1,0,0,2,67301,1,,1,98,,N,N,,0,,0,0,0,0,0,,1050,1,2,0,0,0,0,0,3,4,0,1,99,,N,,,,,,,,,,,
2008017303,910.0,2,0,0,0,0,0,0,0,0,4,0,,67,12,2007,3,40.0619,-75.1632,908.0,6,0,0,0,0,0,0,1,0,2.0,0,0,0,99,1,1,1,,1,40 03:42.000,3.0,0,75 09:47.327,4,0,0,0,67301,0,0,0,N,0,0,0,3,67301,1,,1,1,,N,N,,0,,0,0,0,3,2,N,9999,1,2,0,0,0,0,0,3,4,0,2,3,,N,,,,,,,,,,,
2008008935,2015.0,2,0,0,0,0,0,0,0,0,4,0,,67,11,2007,3,40.0203,-75.1628,2006.0,6,0,0,0,0,0,1,0,0,,0,0,0,99,3,2,2,,0,40 01:13.000,,0,75 09:46.119,2,0,0,0,67301,0,0,0,,0,0,0,2,67301,0,,1,9,,,,,0,,1,1,0,0,0,,9999,2,2,0,0,0,0,0,3,4,0,2,7,,N,,,,,,,,,,,
2008053150,902.0,2,0,0,0,0,0,0,0,0,4,0,,67,11,2007,2,39.9172,-75.2463,859.0,6,0,0,0,0,0,1,0,0,,0,0,0,7,1,0,1,,0,39 55:01.859,,0,75 14:46.691,0,0,0,0,67301,0,0,0,N,0,0,0,2,67301,0,,1,9,,N,N,,0,,0,0,0,3,2,,741,0,2,0,0,0,0,0,3,4,0,2,7,,N,,,,,,,,,,,
2008017121,640.0,0,0,0,0,0,0,0,0,0,4,0,,67,11,2007,2,40.0331,-75.1812,636.0,6,0,0,0,0,0,0,0,0,,0,0,0,6,1,1,1,,0,40 01:59.000,,0,75 10:52.430,4,0,0,0,67301,0,0,0,N,0,0,0,3,67301,1,,1,9,,N,N,,1,,0,0,1,9,2,,634,1,2,0,0,0,0,0,3,4,0,2,7,,N,,,,,,,,,,,
2008054068,243.0,2,0,0,0,0,0,0,0,0,6,0,,67,11,2007,6,40.0374,-75.067,239.0,6,0,0,0,0,0,0,0,0,2.0,0,0,0,2,3,0,0,,2,40 02:14.776,6.0,0,75 04:01.027,0,0,0,0,67301,0,0,0,N,0,0,0,1,67301,0,,1,1,,N,N,,0,,0,0,0,0,0,Y,238,0,4,0,0,0,0,0,3,4,2,4,3,,N,,,,,,,,,,,
2008054088,453.0,1,0,0,0,0,0,0,0,0,1,0,,67,12,2007,3,39.9116,-75.2456,451.0,6,0,0,0,0,0,0,0,0,9.0,0,0,0,4,3,0,5,,1,39 54:41.749,3.0,0,75 14:44.141,0,0,0,0,67301,0,0,0,,0,0,0,1,67301,0,,2,1,,N,N,,0,,0,0,1,0,0,N,424,0,2,0,0,0,0,0,3,4,0,2,3,,N,,,,,,,,,,,
2008016781,235.0,1,0,0,0,0,0,0,0,0,1,0,,67,12,2007,1,39.9263,-75.1469,230.0,6,0,0,0,0,0,0,0,0,,0,0,0,2,3,1,3,,0,39 55:17.000,,2,75 08:52.748,8,0,0,0,67301,0,0,0,N,0,0,0,4,67301,0,,1,9,,N,N,,0,,0,0,0,0,0,,230,1,2,0,0,0,1,1,3,4,0,2,10,,N,,,,,,,,,,,
2008017541,2038.0,1,0,0,0,0,0,0,0,0,8,0,,67,12,2007,3,40.0009,-75.0665,2034.0,6,0,0,1,0,0,0,0,0,,0,0,0,20,3,1,0,,0,40 00:03.000,,0,75 03:59.334,4,0,0,0,67301,1,0,0,,1,0,0,2,67301,1,,1,1,,,,,0,,0,0,0,0,0,,2032,1,2,0,0,1,0,0,3,4,0,1,3,,N,,,,,,,,,,,
2008006271,1800.0,2,0,0,0,0,0,0,0,0,1,0,,67,11,2007,3,40.0062,-75.1331,1742.0,6,0,0,0,0,0,0,0,0,,0,0,0,17,3,1,0,,0,40 00:22.496,,0,75 07:59.174,4,0,0,0,67301,0,0,0,N,0,0,0,2,67301,1,,1,1,,N,N,,0,,0,0,0,0,0,,1736,1,2,0,0,1,0,0,3,4,0,2,3,,N,,,,,,,,,,,
2008033754,0.0,2,0,0,0,0,0,0,0,0,6,0,,67,5,2007,4,,,0.0,6,0,0,0,0,0,0,0,0,,0,0,0,9,1,1,0,,0,,,0,,8,0,0,0,67301,0,0,0,N,0,0,0,2,00000,0,,1,1,,N,N,,0,,0,0,0,0,0,,930,1,2,0,0,0,1,1,3,3,0,2,3,,N,,,,,,,,,,,
2008024045,1650.0,1,0,0,0,0,0,0,0,0,4,0,,67,12,2007,2,39.918,-75.2092,1647.0,6,0,0,0,0,0,1,0,0,1.0,0,0,0,16,4,1,0,,1,39 55:04.957,1.0,7,75 12:33.239,4,0,0,0,67301,0,0,0,N,0,0,0,2,67301,1,,1,1,,N,N,,0,,0,0,0,3,2,Y,1643,1,2,0,0,0,0,0,3,4,1,2,3,,N,,,,,,,,,,,
2008053195,1700.0,0,0,0,0,0,0,0,0,0,4,0,,67,12,2007,1,39.9772,-75.2268,1650.0,6,0,0,0,0,0,1,0,0,,0,0,0,16,3,0,1,,0,39 58:37.959,,0,75 13:36.309,0,0,0,0,67301,0,0,0,N,0,0,0,2,67301,0,,2,9,,N,N,,0,,0,0,0,0,0,,1620,0,2,0,0,0,0,0,3,4,2,2,7,,N,,,,,,,,,,,
2008039110,829.0,0,0,0,0,0,0,0,0,0,7,0,,67,12,2007,7,39.9779,-75.2018,824.0,6,0,0,0,1,0,0,0,0,1.0,0,0,0,8,1,1,0,,1,39 58:42.000,3.0,0,75 12:10.351,8,0,0,0,67301,0,0,0,Y,0,0,0,1,68K01,0,,2,9,,N,N,,0,,0,0,1,0,0,N,824,1,1,0,0,0,1,0,3,4,0,1,7,,N,,,,,,,,,,,
2007127645,910.0,2,0,0,0,0,0,0,0,0,4,0,,67,10,2007,6,40.0677,-75.167,906.0,6,0,0,0,0,0,0,0,0,,0,0,0,23,3,1,1,,0,40 04:03.774,,0,75 10:01.059,4,0,0,0,67301,0,0,0,N,0,0,0,2,67301,1,,1,9,,N,N,,0,,0,0,0,3,3,,2350,1,2,0,0,0,0,1,3,4,0,2,3,,N,,,,,,,,,,,
2007109769,646.0,0,0,0,0,0,0,0,0,0,8,0,,67,9,2007,2,40.0329,-75.2145,643.0,6,0,0,0,0,0,1,0,0,,0,0,0,6,1,1,2,,0,40 01:58.000,,0,75 12:51.989,4,0,0,0,67301,1,0,0,N,1,0,0,2,67301,1,,1,1,,N,N,,1,,0,0,0,9,2,,625,1,2,0,0,0,0,0,3,4,0,1,3,,N,,,,,,,,,,,
2007112746,1756.0,1,0,0,0,0,0,0,0,0,1,0,,67,10,2007,6,40.0015,-75.1946,1742.0,6,0,0,0,0,0,0,0,0,,0,0,0,17,1,1,0,,0,40 00:07.000,,0,75 11:40.264,8,0,0,0,67301,0,0,0,N,0,0,0,4,68K01,0,,1,1,,N,N,,1,,0,0,0,0,0,,1740,1,3,0,0,0,1,0,3,4,1,3,3,,N,,,,,,,,,,,
2007107493,252.0,0,0,0,0,0,0,0,0,0,7,0,,67,9,2007,7,39.9132,-75.2274,249.0,6,0,0,0,0,0,0,0,0,,0,0,0,0,3,1,0,,0,39 54:47.681,,0,75 13:38.524,8,0,0,0,67301,0,0,0,N,0,0,0,1,67301,0,,5,1,,N,N,,0,,0,0,1,0,0,,58,1,1,0,0,0,1,0,3,4,0,1,3,,N,,,,,,,,,,,
2007048335,1130.0,2,0,0,0,0,0,0,0,0,1,0,,67,2,2007,5,39.964,-75.1628,1125.0,6,0,0,0,0,0,1,0,0,,0,0,0,11,1,2,2,,0,39 57:50.418,,0,75 09:46.090,8,0,0,0,67301,0,0,0,N,0,0,0,3,67301,0,,1,2,,N,N,,0,,0,0,0,3,3,,1120,2,2,0,0,0,2,0,3,4,0,2,3,,N,,,,,,,,,,,
2007045717,1655.0,1,0,0,0,0,0,0,0,0,8,0,,67,3,2007,2,40.0392,-75.0794,1643.0,6,0,0,0,0,0,0,0,0,,0,0,0,16,1,1,0,,0,40 02:21.120,,0,75 04:45.768,8,0,0,0,67301,1,0,0,N,1,0,0,2,67301,0,,1,2,,N,N,,0,,0,0,0,0,0,,1637,1,2,0,0,0,1,0,3,4,0,1,3,,N,,,,,,,,,,,
2007092922,1110.0,1,0,0,0,0,0,0,0,0,8,0,,67,7,2007,6,39.9985,-75.1293,1107.0,6,0,0,0,1,0,0,0,0,,0,0,0,11,1,1,1,,0,39 59:54.000,,0,75 07:45.411,8,0,0,0,67301,1,0,0,N,1,0,0,2,67301,0,,1,1,,N,N,,0,,0,0,0,3,2,,1107,1,2,0,0,0,1,0,3,4,0,1,3,,N,,,,,,,,,,,
2008019784,325.0,1,0,0,0,0,0,0,0,0,7,0,,67,12,2007,7,39.9057,-75.1319,325.0,6,0,0,0,0,0,0,0,0,,0,0,0,3,3,0,0,,0,39 54:20.348,,0,75 07:54.851,0,0,0,0,67301,0,0,0,N,0,0,0,3,67501,0,,3,9,,N,N,,0,,0,0,0,3,8,,325,0,1,0,0,1,0,0,3,4,0,1,7,,N,,,,,,,,,,,
2008007247,748.0,1,0,0,0,0,0,0,0,0,5,1,,67,11,2007,2,39.8973,-75.1881,744.0,6,0,0,0,0,0,1,0,0,1.0,0,1,0,7,1,1,0,,2,39 53:50.000,2.0,3,75 11:15.299,8,0,0,0,67301,0,0,0,N,0,0,0,2,67301,0,,1,9,,N,N,,0,,0,0,0,0,0,N,741,1,2,0,0,0,1,0,3,4,0,2,7,,N,,,,,,,,,,,