CRN,ARRIVAL_TM,AUTOMOBILE_COUNT,BELTED_DEATH_COUNT,BELTED_SUSP_SERIOUS_INJ_COUNT,BICYCLE_COUNT,BICYCLE_DEATH_COUNT,BICYCLE_SUSP_SERIOUS_INJ_COUNT,BUS_COUNT,CHLDPAS_DEATH_COUNT,CHLDPAS_SUSP_SERIOUS_INJ_COUNT,COLLISION_TYPE,COMM_VEH_COUNT,CONS_ZONE_SPD_LIM,COUNTY,CRASH_MONTH,CRASH_YEAR,DAY_OF_WEEK,DEC_LAT,DEC_LONG,DISPATCH_TM,DISTRICT,DRIVER_COUNT_16YR,DRIVER_COUNT_17YR,DRIVER_COUNT_18YR,DRIVER_COUNT_19YR,DRIVER_COUNT_20YR,DRIVER_COUNT_50_64YR,DRIVER_COUNT_65_74YR,DRIVER_COUNT_75PLUS,EST_HRS_CLOSED,FATAL_COUNT,HEAVY_TRUCK_COUNT,HORSE_BUGGY_COUNT,HOUR_OF_DAY,ILLUMINATION,INJURY_COUNT,INTERSECT_TYPE,INTERSECTION_RELATED,LANE_CLOSED,LATITUDE,LN_CLOSE_DIR,LOCATION_TYPE,LONGITUDE,MAX_SEVERITY_LEVEL,MCYCLE_DEATH_COUNT,MCYCLE_SUSP_SERIOUS_INJ_COUNT,MOTORCYCLE_COUNT,MUNICIPALITY,NONMOTR_COUNT,NONMOTR_DEATH_COUNT,NONMOTR_SUSP_SERIOUS_INJ_COUNT,NTFY_HIWY_MAINT,PED_COUNT,PED_DEATH_COUNT,PED_SUSP_SERIOUS_INJ_COUNT,PERSON_COUNT,POLICE_AGCY,POSSIBLE_INJ_COUNT,RDWY_SURF_TYPE_CD,RELATION_TO_ROAD,ROAD_CONDITION,ROADWAY_CLEARED,SCH_BUS_IND,SCH_ZONE_IND,SECONDARY_CRASH,SMALL_TRUCK_COUNT,SPEC_JURIS_CD,SUSP_MINOR_INJ_COUNT,SUSP_SERIOUS_INJ_COUNT,SUV_COUNT,TCD_FUNC_CD,TCD_TYPE,TFC_DETOUR_IND,TIME_OF_DAY,TOT_INJ_COUNT,TOTAL_UNITS,UNB_DEATH_COUNT,UNB_SUSP_SERIOUS_INJ_COUNT,UNBELTED_OCC_COUNT,UNK_INJ_DEG_COUNT,UNK_INJ_PER_COUNT,URBAN_AREA,URBAN_RURAL,VAN_COUNT,VEHICLE_COUNT,WEATHER1,WEATHER2,WORK_ZONE_IND,WORK_ZONE_LOC,WORK_ZONE_TYPE,WORKERS_PRES,WZ_CLOSE_DETOUR,WZ_FLAGGER,WZ_LAW_OFFCR_IND,WZ_LN_CLOSURE,WZ_MOVING,WZ_OTHER,WZ_SHLDER_MDN,WZ_WORKERS_INJ_KILLED
2008007260,950.0,1,0,0,0,0,0,0,0,0,8,0,,67,11,2007,1,,,945.0,6,0,0,0,0,0,0,0,0,,0,0,0,9,1,1,0,,0,,,0,,8,0,0,0,67301,1,0,0,N,1,0,0,2,67301,0,,4,1,,N,N,,0,,0,0,0,0,0,,945,1,2,0,0,0,1,0,3,3,0,1,3,,N,,,,,,,,,,,
2008007332,1831.0,1,0,0,1,0,0,0,0,0,4,0,,67,11,2007,6,39.9549,-75.2087,1823.0,6,0,0,0,0,0,0,0,0,,0,0,0,18,3,1,1,,0,39 57:17.000,,0,75 12:31.268,8,0,0,0,67301,1,0,0,N,0,0,0,2,67301,0,,1,1,,N,N,,0,,0,0,0,3,2,,1806,1,2,0,0,0,1,0,3,4,0,1,3,,N,,,,,,,,,,,
2008044559,229.0,0,0,0,0,0,0,0,0,0,7,0,,67,12,2007,2,39.9923,-75.2014,202.0,6,0,0,0,0,0,0,0,0,,0,0,0,2,3,0,0,,0,39 59:34.000,,0,75 12:01.017,0,0,0,0,67301,0,0,0,N,0,0,0,1,68K01,0,,2,9,,N,N,,0,,0,0,1,0,0,,202,0,1,0,0,0,0,0,3,4,0,1,7,,N,,,,,,,,,,,
2008018238,1257.0,1,0,0,0,0,0,0,0,0,1,0,,67,12,2007,5,40.1019,-75.0276,1255.0,6,0,0,0,0,0,1,1,0,,0,0,0,12,1,2,0,,0,40 06:06.762,,0,75 01:39.210,4,0,0,0,67301,0,0,0,N,0,0,0,3,67301,2,,1,1,,N,N,,0,,0,0,1,0,0,,1253,2,2,0,0,0,0,0,3,4,0,2,3,,N,,,,,,,,,,,
2008018332,1310.0,2,0,0,0,0,0,0,0,0,4,0,,67,12,2007,6,39.9654,-75.1741,1307.0,6,0,0,0,0,0,0,1,0,,0,0,0,13,1,2,1,,0,39 57:55.483,,0,75 10:26.846,4,0,0,0,67301,0,0,0,,0,0,0,3,67301,2,,1,9,,,,,0,,0,0,0,3,2,,1307,2,2,0,0,0,0,0,3,4,0,2,7,,N,,,,,,,,,,,
2008018333,1159.0,1,0,0,0,0,0,0,0,0,1,0,,67,7,2007,5,39.9739,-75.2296,1154.0,6,0,0,0,0,0,0,0,0,,0,0,0,99,3,1,0,,0,39 58:25.917,,0,75 13:46.581,2,0,1,1,67301,0,0,0,N,0,0,0,2,67301,0,,1,1,,N,N,,0,,0,1,0,0,0,,9999,1,2,0,0,0,0,0,3,4,0,2,3,,N,,,,,,,,,,,
2008025180,1926.0,3,0,0,0,0,0,0,0,0,4,0,,67,12,2007,3,40.0356,-75.0876,1921.0,6,0,0,0,0,2,0,0,0,2.0,0,0,0,19,3,1,1,,1,40 02:08.000,5.0,0,75 05:15.286,8,0,0,0,67301,0,0,0,N,0,0,0,5,67301,0,,1,1,,N,N,,0,,0,0,0,3,3,Y,1915,1,3,0,0,0,1,0,3,4,0,3,3,,N,,,,,,,,,,,
2008005957,844.0,2,0,0,0,0,0,0,0,0,5,0,,67,11,2007,5,39.961,-75.2397,839.0,6,0,0,0,0,0,0,0,0,,0,0,0,8,1,2,2,,0,39 57:39.722,,0,75 14:22.757,8,0,0,0,67301,0,0,0,N,0,0,0,3,67301,0,,1,9,,N,N,,0,,0,0,0,9,3,,830,2,2,0,0,0,2,0,3,4,0,2,7,,N,,,,,,,,,,,
2008005958,1925.0,0,0,0,0,0,0,1,0,0,4,1,,67,11,2007,4,39.9419,-75.2139,1922.0,6,0,0,0,0,0,0,0,0,,0,0,0,17,1,2,1,,0,39 56:30.976,,0,75 12:49.989,8,0,0,0,67301,0,0,0,N,0,0,0,3,67301,0,,1,1,,N,N,,0,,0,0,1,9,3,,1740,2,2,0,0,0,2,0,3,4,0,2,3,,N,,,,,,,,,,,
2008005964,1720.0,0,0,0,0,0,0,0,0,0,8,0,,67,11,2007,4,40.0021,-75.1442,1711.0,6,0,0,0,0,0,0,1,0,,0,0,0,16,3,1,0,,0,40 00:07.529,,0,75 08:39.128,3,0,0,0,67301,1,0,0,N,1,0,0,3,67301,0,,1,1,,N,N,,1,,1,0,0,0,0,,1645,1,2,0,0,0,0,0,3,4,0,1,3,,N,,,,,,,,,,,
2008032584,,2,0,0,0,0,0,0,0,0,1,0,,67,10,2007,3,40.038,-75.068,,6,0,0,1,0,0,0,0,0,,0,0,0,15,1,1,1,,0,40 02:16.000,,0,75 04:04.755,3,0,0,0,67301,0,0,0,N,0,0,0,2,,0,,1,1,,N,N,,0,,1,0,0,3,2,,1530,1,2,0,0,0,0,0,3,4,0,2,3,,N,,,,,,,,,,,
2008057349,9999.0,0,0,0,0,0,0,0,0,0,5,0,,67,3,2007,6,40.0,-75.1239,1628.0,6,0,0,0,0,0,1,0,0,,0,0,0,99,1,1,2,,0,40 00:00.014,,0,75 07:26.047,8,0,0,1,67301,0,0,0,,0,0,0,2,67301,0,,1,1,,,,,0,,0,0,1,3,3,,9999,1,2,0,0,0,1,0,3,4,0,2,3,,N,,,,,,,,,,,
2008016459,113.0,2,0,0,0,0,0,0,0,0,1,0,,67,12,2007,1,39.9298,-75.1825,111.0,6,0,0,0,0,0,0,0,0,2.0,0,0,0,99,3,1,0,,2,39 55:47.263,4.0,0,75 10:56.863,8,0,0,0,67301,0,0,0,N,0,0,0,1,67301,0,,6,1,,N,N,,1,,0,0,0,3,1,Y,9999,1,3,0,0,0,1,0,3,4,0,3,3,,N,,,,,,,,,,,
2008029122,1445.0,4,0,0,0,0,0,0,0,0,1,0,,67,12,2007,6,39.933,-75.2384,1439.0,6,0,2,0,0,0,0,1,0,2.0,0,0,0,14,1,2,0,,2,39 55:58.000,7.0,0,75 14:18.031,4,0,0,0,67301,0,0,0,N,0,0,0,11,67301,1,,1,9,,N,N,,1,,0,0,0,0,0,Y,1430,2,6,0,0,0,1,0,3,4,1,6,7,,N,,,,,,,,,,,
2008006668,1942.0,0,0,0,0,0,0,0,0,0,7,0,,67,11,2007,1,40.0159,-75.1538,1935.0,6,0,0,0,0,0,0,0,0,,0,0,0,99,3,1,1,,0,40 00:57.000,,0,75 09:13.829,4,0,0,0,67301,0,0,0,,0,0,0,1,67301,1,,2,9,,N,N,,0,,0,0,1,3,2,,9999,1,1,0,0,0,0,0,3,4,0,1,7,,N,,,,,,,,,,,
2008004777,1728.0,1,0,0,0,0,0,0,0,0,8,0,,67,11,2007,3,39.9879,-75.1684,1725.0,6,0,0,0,0,0,1,0,0,,0,0,0,16,3,1,1,,0,39 59:16.400,,0,75 10:06.409,8,0,0,0,67301,1,0,0,N,1,0,0,2,67301,0,,1,9,,N,N,,0,,0,0,0,3,3,,1655,1,2,0,0,0,1,0,3,4,0,1,7,,N,,,,,,,,,,,
2008024256,1647.0,1,0,0,0,0,0,0,0,0,6,0,,67,12,2007,2,39.9806,-75.2142,1645.0,6,0,0,0,0,0,1,0,0,2.0,0,0,0,16,3,1,0,,1,39 58:49.000,1.0,0,75 12:50.959,4,0,0,0,67301,0,0,0,N,0,0,0,2,67301,1,,1,1,,N,N,,1,,0,0,0,0,0,Y,1640,1,2,0,0,0,0,0,3,4,0,2,3,,N,,,,,,,,,,,
2008024298,1155.0,2,0,0,0,0,0,0,0,0,4,0,,67,12,2007,1,40.0079,-75.1405,1150.0,6,0,0,0,0,0,1,0,0,,0,0,0,11,1,1,1,,0,40 00:28.000,,0,75 08:25.661,8,0,0,0,67301,0,0,0,,0,0,0,3,67301,0,,1,1,,,,,0,,0,0,0,3,2,,1145,1,2,0,0,0,1,0,3,4,0,2,3,,N,,,,,,,,,,,
2008024508,935.0,1,0,0,0,0,0,0,0,0,4,0,,67,12,2007,3,39.9819,-75.1706,932.0,6,0,0,0,0,0,1,0,0,,0,0,0,9,1,1,1,,0,39 58:54.847,,0,75 10:14.127,8,0,0,0,67301,0,0,0,N,0,0,0,2,67301,0,,1,1,,N,N,,0,,0,0,1,3,2,,925,1,2,0,0,0,1,1,3,4,0,2,3,,N,,,,,,,,,,,
2008016968,1138.0,1,0,0,0,0,0,0,0,0,6,0,,67,12,2007,2,39.9921,-75.1402,1138.0,6,0,0,0,0,0,1,0,0,,0,0,0,99,1,1,1,,0,39 59:31.000,,0,75 08:24.775,4,0,0,0,67301,0,0,0,N,0,0,0,2,67301,1,,1,1,,N,N,,0,,0,0,1,3,2,,9999,1,2,0,0,0,0,0,3,4,0,2,3,,N,,,,,,,,,,,
2008017097,1235.0,1,0,0,0,0,0,0,0,0,8,0,,67,11,2007,6,40.009,-75.1011,1224.0,6,0,0,0,0,0,0,0,0,,0,0,0,12,1,1,1,,0,40 00:32.493,,0,75 06:03.887,4,0,0,0,67301,1,0,0,N,1,0,0,2,67301,1,,1,1,,N,N,,0,,0,0,0,0,0,,1222,1,2,0,0,0,0,0,3,4,0,1,3,,N,,,,,,,,,,,
2008017537,1521.0,1,0,0,0,0,0,0,0,0,6,0,,67,11,2007,3,39.933,-75.2383,1515.0,6,0,0,0,0,0,0,0,0,,0,0,0,15,1,0,1,,0,39 55:58.000,,0,75 14:17.593,0,0,0,0,67301,0,0,0,N,0,0,0,2,67301,0,,1,9,,N,N,,1,,0,0,0,0,0,,1505,0,2,0,0,0,0,0,3,4,0,2,7,,N,,,,,,,,,,,
2008017298,1131.0,2,0,0,0,0,0,0,0,0,4,0,,67,11,2007,6,39.9512,-75.2451,1129.0,6,0,0,1,0,0,0,0,1,,0,0,0,11,1,2,1,,0,39 57:04.262,,0,75 14:42.259,8,0,0,0,67301,0,0,0,N,0,0,0,4,67301,0,,1,1,,N,N,,0,,0,0,0,3,3,,1128,2,2,0,0,0,2,0,3,4,0,2,3,,N,,,,,,,,,,,
2008006387,1225.0,1,0,0,0,0,0,0,0,0,1,0,,67,11,2007,6,40.0412,-75.1513,1220.0,6,0,0,0,0,0,0,1,0,,0,0,0,12,1,2,3,,0,40 02:28.161,,0,75 09:04.622,4,0,0,0,67301,0,0,0,N,0,0,0,3,67301,2,,1,1,,N,N,,0,,0,0,1,3,2,,1200,2,2,0,0,0,0,0,3,4,0,2,3,,N,,,,,,,,,,,
2008039233,2223.0,1,0,0,0,0,0,0,0,0,5,1,,67,12,2007,3,39.9427,-75.1933,2223.0,6,0,0,0,0,1,1,0,0,,0,1,0,22,3,2,0,,0,39 56:40.000,,0,75 11:28.581,8,0,0,0,67301,0,0,0,N,0,0,0,3,68K01,0,,1,9,,N,N,,0,,0,0,0,0,0,,2218,2,2,0,0,0,2,0,3,4,0,2,7,,N,,,,,,,,,,,
2008119196,1942.0,1,0,0,0,0,0,0,0,0,2,0,,67,9,2007,6,39.9054,-75.1736,1940.0,6,0,0,0,0,0,1,0,0,,0,0,0,19,1,1,1,,0,39 54:19.501,,0,75 10:24.817,8,0,0,0,67301,0,0,0,,0,0,0,2,67301,0,,1,1,,,,,0,,0,0,1,3,2,,1930,1,2,0,0,0,1,0,3,4,0,2,3,,N,,,,,,,,,,,
2008095348,725.0,3,0,0,0,0,0,0,0,0,5,0,,67,6,2007,2,39.9626,-75.2112,710.0,6,0,0,0,0,0,1,0,0,2.0,0,0,0,99,1,1,0,,2,39 57:45.273,6.0,0,75 12:38.596,2,0,0,0,67301,0,0,0,N,0,0,0,1,67301,0,,1,1,,N,N,,0,,0,1,0,0,0,Y,9999,1,3,0,0,0,0,0,3,4,0,3,3,,N,,,,,,,,,,,
2009029777,1642.0,2,0,0,0,0,0,0,0,0,1,0,,67,8,2007,1,39.9292,-75.1872,1637.0,6,0,0,0,0,0,0,0,0,2.0,0,0,0,16,1,1,1,,2,39 55:44.943,3.0,0,75 11:13.894,4,0,0,0,67301,0,0,0,N,0,0,0,4,67301,1,,1,1,,N,N,,3,,0,0,0,3,2,Y,1637,1,5,0,0,0,0,1,3,4,0,5,3,,N,,,,,,,,,,,
2008017285,635.0,0,0,0,0,0,0,0,0,0,1,1,,67,12,2007,2,40.0401,-75.0064,626.0,6,0,0,0,0,0,1,0,0,1.0,0,1,0,6,5,1,0,,1,40 02:25.000,2.0,0,75 00:21.401,8,0,0,0,67301,0,0,0,N,0,0,0,2,67301,0,,1,1,,N,N,,0,,0,0,0,0,0,N,625,1,2,0,0,0,1,0,3,4,1,2,3,,N,,,,,,,,,,,
2008017022,1154.0,2,0,0,0,0,0,0,0,0,4,0,,67,12,2007,6,39.9942,-75.2179,1151.0,6,0,0,0,0,0,0,0,1,,0,0,0,11,1,1,2,,0,39 59:39.000,,0,75 13:04.554,8,0,0,0,67301,0,0,0,,0,0,0,2,67301,0,,1,9,,,,,0,,0,0,0,9,3,,1140,1,2,0,0,0,1,0,3,4,0,2,7,,N,,,,,,,,,,,
2008017051,1225.0,1,0,0,0,0,0,0,0,0,4,0,,67,12,2007,4,39.9045,-75.1667,1215.0,6,0,0,0,0,0,0,0,0,,0,0,0,11,1,1,0,,0,39 54:16.192,,0,75 10:00.202,4,0,0,0,67301,0,0,0,N,0,0,0,2,67301,1,,1,1,,N,N,,0,,0,0,0,0,0,,1155,1,2,0,0,0,0,0,3,4,1,2,3,,N,,,,,,,,,,,
2008017222,1917.0,3,0,0,0,0,0,0,0,0,1,0,,67,12,2007,6,39.9725,-75.2062,915.0,6,0,0,0,0,0,0,0,0,,0,0,0,9,1,1,1,,0,39 58:20.956,,0,75 12:22.269,8,0,0,0,67301,1,0,0,N,0,0,0,3,67301,0,,1,9,,N,N,,0,,0,0,0,0,0,,912,1,3,0,0,0,1,0,3,4,0,3,3,,N,,,,,,,,,,,
2008017432,1637.0,0,0,0,0,0,0,0,0,0,8,0,,67,12,2007,4,39.9863,-75.1561,1636.0,6,0,0,0,0,0,0,0,0,,0,0,0,16,3,1,0,,0,39 59:10.000,,0,75 09:22.074,8,0,0,0,67301,1,0,0,,1,0,0,2,67301,0,,1,9,,,,,1,,0,0,0,3,2,,1636,1,2,0,0,1,1,0,3,4,0,1,3,,N,,,,,,,,,,,
2008028950,1440.0,2,0,0,0,0,0,0,0,0,1,0,,67,12,2007,4,40.0109,-75.2062,1430.0,6,0,0,0,0,0,1,0,0,,0,0,0,14,1,0,3,,0,40 00:39.000,,2,75 12:22.116,0,0,0,0,67301,0,0,0,N,0,0,0,3,67301,0,,1,1,,N,N,,0,,0,0,1,3,3,,1420,0,3,0,0,0,0,0,3,4,0,3,3,,N,,,,,,,,,,,
2008008944,908.0,0,0,0,0,0,0,0,0,0,7,0,,67,11,2007,3,40.0289,-75.0895,904.0,6,0,0,0,0,0,1,0,0,4.0,1,0,0,8,1,0,1,,2,40 01:43.697,1.0,0,75 05:23.236,1,0,0,0,67301,0,0,0,N,0,0,0,1,67301,0,2.0,2,9,,N,N,,0,0.0,0,0,1,3,2,Y,858,0,1,1,0,1,0,0,3,4,0,1,7,,N,,,,,,,,,,,
2008069383,1112.0,0,0,0,0,0,0,0,0,0,8,0,,67,12,2007,6,39.955,-75.168,1110.0,6,0,0,0,0,0,0,0,0,,0,0,0,10,1,1,1,,0,39 57:18.079,,0,75 10:04.799,8,0,0,0,67301,1,0,0,N,1,0,0,2,67301,0,,2,1,,N,N,,0,,0,0,1,3,2,,1045,1,2,0,0,0,1,0,3,4,0,1,3,,N,,,,,,,,,,,
2008017124,30.0,3,0,0,0,0,0,0,0,0,5,0,,67,12,2007,7,39.9532,-75.1701,28.0,6,0,0,0,0,0,0,0,1,,0,0,0,0,3,0,0,,0,39 57:11.000,,0,75 10:12.437,0,0,0,0,67301,2,0,0,,0,0,0,4,67301,0,,1,1,,,,,0,,0,0,0,0,0,,2,0,4,0,0,0,0,0,3,4,1,4,3,,N,,,,,,,,,,,
2008016971,1315.0,1,0,0,0,0,0,0,0,0,4,0,,67,11,2007,2,39.9829,-75.1185,1311.0,6,0,0,0,0,0,0,1,0,,0,0,0,99,1,3,2,,0,39 58:58.000,,0,75 07:06.536,8,0,0,0,67301,0,0,0,N,0,0,0,3,67301,0,,1,9,,N,N,,0,,0,0,0,0,0,,9999,3,2,0,0,0,3,0,3,4,1,2,7,,N,,,,,,,,,,,
2008016999,1515.0,1,0,0,0,0,0,0,0,0,4,0,,67,12,2007,6,39.9881,-75.1557,1510.0,6,0,0,0,0,0,1,0,0,1.0,0,0,0,14,1,2,0,,1,39 59:17.000,1.0,0,75 09:20.672,4,0,0,0,67301,0,0,0,N,0,0,0,2,67301,2,,1,1,,N,N,,0,,0,0,1,0,0,N,1405,2,2,0,0,2,0,0,3,4,0,2,3,,N,,,,,,,,,,,
2008017365,950.0,1,0,0,0,0,0,0,0,0,1,0,,67,12,2007,7,40.0094,-75.1038,946.0,6,0,0,0,0,0,1,0,0,,0,0,0,9,1,1,1,,0,40 00:33.750,,0,75 06:13.766,8,0,0,0,67301,0,0,0,N,0,0,0,2,67301,0,,1,9,,N,N,,0,,0,0,3,3,3,,945,1,4,0,0,0,1,1,3,4,0,4,3,,N,,,,,,,,,,,
2008017425,2040.0,1,0,0,0,0,0,0,0,0,8,0,,67,12,2007,3,40.0029,-75.0686,2040.0,6,0,0,0,0,0,0,0,0,,0,0,0,20,2,1,0,,0,40 00:10.409,,0,75 04:07.094,8,0,0,0,67301,1,0,0,,1,0,0,2,67301,0,,1,1,,,,,0,,0,0,0,0,0,,2040,1,2,0,0,0,1,1,3,4,0,1,3,,N,,,,,,,,,,,
2008056342,652.0,0,0,0,0,0,0,0,0,0,4,0,,67,12,2007,3,39.9572,-75.2275,645.0,6,0,0,0,0,0,0,0,0,1.0,0,1,0,6,1,0,1,,1,39 57:25.946,6.0,0,75 13:38.909,0,0,0,0,67301,0,0,0,N,0,0,0,3,67301,0,,1,1,,N,N,,0,,0,0,1,3,2,Y,640,0,4,0,0,0,0,0,3,4,2,4,3,,N,,,,,,,,,,,
2008028985,147.0,1,0,0,0,0,0,0,0,0,1,0,,67,12,2007,7,40.0281,-75.099,147.0,6,0,0,0,0,0,0,0,0,1.0,0,0,0,1,3,1,0,,1,40 01:40.000,2.0,0,75 05:56.103,8,0,0,0,67301,0,0,0,,0,0,0,2,67301,0,,1,1,,,,,0,,0,0,1,0,0,N,145,1,2,0,0,0,1,0,3,4,0,2,3,,N,,,,,,,,,,,
2008006403,1858.0,1,0,0,0,0,0,0,0,0,4,0,,67,11,2007,3,39.9453,-75.2295,1852.0,6,0,0,0,0,0,0,0,0,1.0,0,0,0,18,3,5,1,,2,39 56:43.000,1.0,0,75 13:46.358,8,0,0,0,67301,0,0,0,N,0,0,0,5,67301,0,,1,1,,N,N,,0,,0,0,0,3,2,Y,1827,5,2,0,0,0,5,0,3,4,1,2,3,,N,,,,,,,,,,,
2008006458,120.0,0,0,0,0,0,0,0,0,0,7,0,,67,11,2007,4,39.9786,-75.0977,110.0,6,0,0,0,0,0,0,0,0,,0,0,0,99,3,1,2,,0,39 58:43.000,,0,75 05:51.614,4,0,0,0,67301,0,0,0,,0,0,0,4,67301,1,,2,1,,,,,0,,0,0,1,0,0,,9999,1,1,0,0,0,0,0,3,4,0,1,5,,N,,,,,,,,,,,
2009120434,9999.0,2,0,0,0,0,0,0,0,0,5,0,,67,10,2007,6,40.0975,-75.0304,1021.0,6,0,0,0,0,0,0,0,1,,0,0,0,99,1,2,0,,0,40 05:50.230,,0,75 01:49.544,3,0,0,0,67301,0,0,0,,0,0,0,2,67301,1,,1,1,,,,,0,,1,0,0,0,0,,9999,2,2,0,0,0,0,0,3,4,0,2,3,,N,,,,,,,,,,,
2009025162,118.0,2,0,0,0,0,0,0,0,0,4,0,,67,2,2007,6,39.9592,-75.2434,110.0,6,0,0,0,0,0,1,0,0,,0,0,0,1,3,1,1,,0,39 57:33.020,,0,75 14:36.119,8,0,0,0,67301,0,0,0,N,0,0,0,2,67301,0,,1,1,,N,N,,0,,0,0,1,3,2,,110,1,3,0,0,0,1,0,3,4,0,3,3,,N,,,,,,,,,,,
2008053208,18.0,2,0,0,0,0,0,0,0,0,4,0,,67,10,2007,7,40.0389,-75.11,16.0,6,0,0,0,0,0,0,0,0,,0,0,0,23,3,0,0,,0,40 02:20.201,,0,75 06:35.854,0,0,0,0,67301,0,0,0,,0,0,0,3,67301,0,,1,1,,,,,0,,0,0,0,0,0,,2358,0,2,0,0,0,0,0,3,4,0,2,3,,N,,,,,,,,,,,
2008033817,,2,0,0,0,0,0,0,0,0,5,0,,67,6,2007,6,40.0392,-75.11,,6,0,0,0,0,0,0,0,0,,0,0,0,99,1,2,1,,0,40 02:20.000,,0,75 06:36.006,4,0,0,0,67301,0,0,0,,0,0,0,4,,2,,1,1,,,,,0,,0,0,0,3,2,,9999,2,2,0,0,0,0,2,3,4,0,2,3,,N,,,,,,,,,,,
2008033902,,2,0,0,0,0,0,0,0,0,4,0,,67,10,2007,3,40.0202,-75.1141,,6,0,0,0,0,0,0,0,0,,0,0,0,15,1,0,1,,0,40 01:12.000,,0,75 06:50.708,9,0,0,0,67301,0,0,0,N,0,0,0,2,,0,,1,1,,N,N,,0,,0,0,0,3,2,,1530,0,2,0,0,0,0,1,3,4,0,2,3,,N,,,,,,,,,,,
2008099066,2017.0,0,0,0,0,0,0,0,0,0,8,0,,67,7,2007,2,40.0401,-75.1317,2013.0,6,0,0,0,0,0,0,0,0,,0,0,0,99,3,1,0,,0,40 02:24.475,,0,75 07:54.267,3,0,0,0,67301,1,0,0,N,1,0,0,2,67301,0,,1,9,,N,N,,1,,1,0,0,0,0,,9999,1,2,0,0,1,0,0,3,4,0,1,7,,N,,,,,,,,,,,
2008016787,421.0,0,0,0,0,0,0,0,0,0,7,0,,67,12,2007,1,39.9198,-75.1882,420.0,6,0,0,0,1,0,0,0,0,,0,0,0,4,3,0,0,,0,39 55:11.368,,0,75 11:17.503,0,0,0,0,67301,0,0,0,N,0,0,0,1,67301,0,,5,2,,N,N,,0,,0,0,1,0,0,,420,0,1,0,0,0,0,0,3,4,0,1,9,,N,,,,,,,,,,,
2008098215,1358.0,3,0,0,0,0,0,0,0,0,1,0,,67,7,2007,1,40.0029,-75.1264,1355.0,6,0,0,0,0,0,0,0,0,,0,0,0,13,1,2,0,,0,40 00:10.281,,0,75 07:35.092,4,0,0,0,67301,0,0,0,N,0,0,0,5,67301,2,,1,9,,N,N,,0,,0,0,0,0,0,,1347,2,3,0,0,0,0,0,3,4,0,3,3,,N,,,,,,,,,,,
2009029780,1202.0,1,0,0,0,0,0,0,0,0,4,0,,67,8,2007,6,40.0215,-75.0518,1150.0,6,0,0,0,0,0,0,0,1,2.0,0,0,0,11,1,2,1,,2,40 01:17.506,4.0,0,75 03:06.381,3,0,0,0,67301,0,0,0,N,0,0,0,7,67301,0,,1,1,,N,N,,0,,2,0,1,3,2,Y,1150,2,3,0,0,0,0,0,3,4,1,3,3,,N,,,,,,,,,,,
2009111844,1723.0,0,0,0,0,0,0,0,0,0,4,0,,67,10,2007,3,40.0508,-75.2362,1715.0,6,0,0,0,0,0,0,0,0,,0,0,0,17,1,1,0,,0,40 03:01.831,,0,75 14:09.925,8,0,0,0,67301,1,0,0,,1,0,0,2,67301,0,,1,1,,N,N,,1,,0,0,0,0,0,,1700,1,2,0,0,0,1,0,3,4,0,1,3,,N,,,,,,,,,,,
2008024065,1350.0,1,0,0,0,0,0,0,0,0,7,0,,67,12,2007,6,39.914,-75.2216,1345.0,6,0,0,0,0,0,1,0,0,,0,0,0,13,1,1,0,,0,39 54:53.000,,0,75 13:16.817,8,0,0,0,67301,0,0,0,N,0,0,0,1,67301,0,,5,9,,N,N,,0,,0,0,0,0,0,,1302,1,1,0,0,0,1,0,3,4,0,1,7,,N,,,,,,,,,,,
2008053202,750.0,1,0,0,0,0,0,0,0,0,4,0,,67,11,2007,4,39.9883,-75.1355,746.0,6,0,0,0,0,1,1,0,0,,0,0,0,7,1,0,1,,0,39 59:17.962,,0,75 08:07.915,0,0,0,0,67301,0,0,0,N,0,0,0,2,67301,0,,1,9,,N,N,,0,,0,0,1,3,2,,705,0,2,0,0,0,0,0,3,4,0,2,5,,N,,,,,,,,,,,
2008053204,1529.0,1,0,0,0,0,0,0,0,0,7,0,,67,11,2007,1,40.0172,-75.1921,1525.0,6,0,0,0,0,0,1,0,0,2.0,0,0,0,15,1,0,0,,2,40 01:01.758,5.0,0,75 11:31.401,0,0,0,0,67301,0,0,0,N,0,0,0,2,67301,0,,5,9,,N,N,,0,,0,0,0,0,0,Y,1515,0,1,0,0,0,0,0,3,4,0,1,7,,N,,,,,,,,,,,
2008053212,514.0,1,0,0,0,0,0,0,0,0,6,0,,67,11,2007,5,40.056,-75.0631,509.0,6,0,0,0,0,0,0,0,0,,0,0,0,5,3,0,0,,0,40 03:21.608,,0,75 03:47.012,0,0,0,0,67301,0,0,0,,0,0,0,1,67301,0,,2,1,,,,,0,,0,0,0,0,0,,508,0,2,0,0,0,0,0,3,4,0,2,3,,N,,,,,,,,,,,
2012034612,8.0,4,0,0,0,0,0,0,0,0,1,0,,67,7,2007,5,39.9885,-75.1063,2358.0,6,0,1,0,0,0,0,0,0,9.0,0,0,0,22,3,4,1,,1,39 59:18.584,2.0,0,75 06:22.955,4,0,0,0,67301,0,0,0,N,0,0,0,6,67301,2,,1,1,,N,N,,0,,0,0,0,3,2,N,2215,4,4,0,0,0,2,1,3,4,0,4,3,,N,,,,,,,,,,,