CRN,ARRIVAL_TM,AUTOMOBILE_COUNT,BELTED_DEATH_COUNT,BELTED_SUSP_SERIOUS_INJ_COUNT,BICYCLE_COUNT,BICYCLE_DEATH_COUNT,BICYCLE_SUSP_SERIOUS_INJ_COUNT,BUS_COUNT,CHLDPAS_DEATH_COUNT,CHLDPAS_SUSP_SERIOUS_INJ_COUNT,COLLISION_TYPE,COMM_VEH_COUNT,CONS_ZONE_SPD_LIM,COUNTY,CRASH_MONTH,CRASH_YEAR,DAY_OF_WEEK,DEC_LAT,DEC_LONG,DISPATCH_TM,DISTRICT,DRIVER_COUNT_16YR,DRIVER_COUNT_17YR,DRIVER_COUNT_18YR,DRIVER_COUNT_19YR,DRIVER_COUNT_20YR,DRIVER_COUNT_50_64YR,DRIVER_COUNT_65_74YR,DRIVER_COUNT_75PLUS,EST_HRS_CLOSED,FATAL_COUNT,HEAVY_TRUCK_COUNT,HORSE_BUGGY_COUNT,HOUR_OF_DAY,ILLUMINATION,INJURY_COUNT,INTERSECT_TYPE,INTERSECTION_RELATED,LANE_CLOSED,LATITUDE,LN_CLOSE_DIR,LOCATION_TYPE,LONGITUDE,MAX_SEVERITY_LEVEL,MCYCLE_DEATH_COUNT,MCYCLE_SUSP_SERIOUS_INJ_COUNT,MOTORCYCLE_COUNT,MUNICIPALITY,NONMOTR_COUNT,NONMOTR_DEATH_COUNT,NONMOTR_SUSP_SERIOUS_INJ_COUNT,NTFY_HIWY_MAINT,PED_COUNT,PED_DEATH_COUNT,PED_SUSP_SERIOUS_INJ_COUNT,PERSON_COUNT,POLICE_AGCY,POSSIBLE_INJ_COUNT,RDWY_SURF_TYPE_CD,RELATION_TO_ROAD,ROAD_CONDITION,ROADWAY_CLEARED,SCH_BUS_IND,SCH_ZONE_IND,SECONDARY_CRASH,SMALL_TRUCK_COUNT,SPEC_JURIS_CD,SUSP_MINOR_INJ_COUNT,SUSP_SERIOUS_INJ_COUNT,SUV_COUNT,TCD_FUNC_CD,TCD_TYPE,TFC_DETOUR_IND,TIME_OF_DAY,TOT_INJ_COUNT,TOTAL_UNITS,UNB_DEATH_COUNT,UNB_SUSP_SERIOUS_INJ_COUNT,UNBELTED_OCC_COUNT,UNK_INJ_DEG_COUNT,UNK_INJ_PER_COUNT,URBAN_AREA,URBAN_RURAL,VAN_COUNT,VEHICLE_COUNT,WEATHER1,WEATHER2,WORK_ZONE_IND,WORK_ZONE_LOC,WORK_ZONE_TYPE,WORKERS_PRES,WZ_CLOSE_DETOUR,WZ_FLAGGER,WZ_LAW_OFFCR_IND,WZ_LN_CLOSURE,WZ_MOVING,WZ_OTHER,WZ_SHLDER_MDN,WZ_WORKERS_INJ_KILLED
2008006460,825.0,3,0,0,0,0,0,0,0,0,1,0,,67,11,2007,3,40.0315,-75.0213,811.0,6,0,0,0,0,0,1,0,0,,0,0,0,8,1,1,0,,0,40 01:52.000,,0,75 01:16.983,4,0,0,0,67301,0,0,0,N,0,0,0,4,67301,1,,1,9,,N,N,,1,,0,0,0,0,0,,805,1,4,0,0,0,0,0,3,4,0,4,7,,N,,,,,,,,,,,
2008024054,2101.0,2,0,0,0,0,0,0,0,0,5,0,,67,12,2007,6,39.9986,-75.1312,2100.0,6,0,0,0,0,0,0,0,0,,0,0,0,21,3,1,1,,0,39 59:55.000,,0,75 07:52.360,4,0,0,0,67301,0,0,0,N,0,0,0,2,67301,1,,1,1,,N,N,,0,,0,0,0,3,2,,2100,1,2,0,0,1,0,1,3,4,0,2,3,,N,,,,,,,,,,,
2008053213,650.0,2,0,0,0,0,0,0,0,0,4,0,,67,12,2007,2,39.9917,-75.1616,645.0,6,0,0,0,0,0,0,0,0,,0,0,0,6,5,0,1,,0,39 59:30.152,,99,75 09:41.914,9,0,0,0,67301,0,0,0,,0,0,0,2,67301,0,,1,9,,N,N,,0,,0,0,0,3,2,,640,0,2,0,0,0,0,2,3,4,0,2,3,,N,,,,,,,,,,,
2008078955,1555.0,1,0,0,0,0,0,0,0,0,1,0,,67,5,2007,7,39.9772,-75.2268,1549.0,6,0,0,0,0,0,0,0,0,1.0,0,0,0,15,1,3,1,,1,39 58:37.959,3.0,0,75 13:36.309,3,0,0,0,67301,0,0,0,N,0,0,0,6,67301,2,,2,1,,N,N,,1,,1,0,0,3,2,Y,1546,3,4,0,0,0,0,0,3,4,2,4,3,,N,,,,,,,,,,,
2008107910,1530.0,1,0,0,0,0,0,0,0,0,7,0,,67,12,2007,1,39.9473,-75.1985,1526.0,6,0,0,0,0,0,0,0,0,,0,0,0,15,1,1,0,,0,39 56:52.468,,0,75 11:55.317,3,0,0,0,67301,0,0,0,N,0,0,0,1,67301,0,,2,9,,N,N,,0,,1,0,0,3,2,,1520,1,1,0,0,0,0,0,3,4,0,1,7,,N,,,,,,,,,,,
2009032494,647.0,1,0,0,0,0,0,0,0,0,1,0,,67,11,2007,6,39.9485,-75.1856,639.0,6,0,0,0,0,0,1,0,0,1.0,0,0,0,6,5,1,6,,1,39 56:54.960,4.0,2,75 11:08.160,8,0,0,0,67301,0,0,0,N,0,0,0,2,67301,0,,7,1,,N,N,,1,,0,0,0,3,4,N,635,1,2,0,0,0,1,1,3,4,0,2,3,,N,,,,,,,,,,,
2009074619,1442.0,1,0,0,0,0,0,0,0,0,7,0,,67,6,2007,1,39.9759,-75.1922,1440.0,6,0,0,0,0,0,0,1,0,3.0,0,0,0,14,1,1,0,,1,39 58:32.376,2.0,0,75 11:31.275,4,0,0,0,67301,0,0,0,N,0,0,0,1,67301,1,,4,1,,N,N,,0,,0,0,0,0,0,N,1438,1,1,0,0,0,0,0,3,4,0,1,3,,N,,,,,,,,,,,
2008017286,635.0,1,0,0,0,0,0,0,0,0,4,1,,67,12,2007,2,40.0401,-75.0064,626.0,6,0,0,0,0,0,2,0,0,1.0,0,1,0,6,1,1,0,,1,40 02:25.000,2.0,0,75 00:21.401,4,0,0,0,67301,0,0,0,,0,0,0,3,67301,1,,1,1,,N,N,,0,,0,0,0,0,0,N,625,1,3,0,0,0,0,0,3,4,1,3,3,,N,,,,,,,,,,,
2008017003,1115.0,1,0,0,1,0,0,0,0,0,4,0,,67,12,2007,5,39.9527,-75.2106,1114.0,6,0,0,0,0,0,0,0,0,,0,0,0,11,1,1,1,,0,39 57:09.612,,0,75 12:38.023,8,0,0,0,67301,1,0,0,,0,0,0,2,67301,0,,1,9,,,,,0,,0,0,0,3,2,,1112,1,2,0,0,0,1,0,3,4,0,1,7,,N,,,,,,,,,,,
2008017316,1905.0,1,0,0,0,0,0,0,0,0,4,0,,67,12,2007,3,40.0013,-75.0791,1902.0,6,0,0,0,0,1,0,0,0,1.0,0,0,0,19,3,3,0,,1,40 00:04.000,2.0,0,75 04:44.831,4,0,0,0,67301,0,0,0,N,0,0,0,3,67301,3,,7,1,,N,N,,1,,0,0,0,0,0,N,1900,3,2,0,0,0,0,0,3,4,0,2,3,,N,,,,,,,,,,,
2008017054,830.0,0,0,0,0,0,0,0,0,0,4,0,,67,12,2007,7,39.9431,-75.2153,826.0,6,0,0,0,0,0,1,0,0,,0,0,0,8,1,1,1,,0,39 56:35.142,,0,75 12:54.968,4,0,0,0,67301,0,0,0,,0,0,0,2,67301,1,,1,1,,,,,1,,0,0,1,3,2,,825,1,2,0,0,1,0,0,3,4,0,2,3,,N,,,,,,,,,,,
2008017377,1250.0,1,0,0,0,0,0,1,0,0,4,1,,67,11,2007,3,40.0109,-75.1643,1245.0,6,0,0,0,0,0,0,0,1,,0,0,0,12,1,5,2,,0,40 00:39.000,,0,75 09:51.488,8,0,0,0,67301,0,0,0,N,0,0,0,10,67301,0,,1,1,,Y,N,,0,,0,0,1,3,3,,1230,5,3,0,0,0,5,0,3,4,0,3,3,,N,,,,,,,,,,,
2008017434,1725.0,1,0,0,0,0,0,0,0,0,1,0,,67,12,2007,2,39.9913,-75.1708,1722.0,6,0,0,0,0,0,0,1,0,,0,0,0,15,8,1,1,,0,39 59:28.770,,0,75 10:14.944,8,0,0,0,67301,0,0,0,N,0,0,0,2,67301,0,,1,9,,N,N,,0,,0,0,0,3,2,,1522,1,2,0,0,0,1,1,3,4,1,2,7,,N,,,,,,,,,,,
2008017288,1818.0,1,0,0,0,0,0,0,0,0,7,0,,67,12,2007,7,40.015,-75.1776,1814.0,6,0,0,0,0,0,0,0,0,2.0,0,0,0,18,3,1,0,,2,40 00:53.000,4.0,0,75 10:39.549,4,0,0,0,67301,0,0,0,N,0,0,0,1,67301,1,,2,1,,N,N,,0,,0,0,0,3,8,N,1810,1,1,0,0,0,0,0,3,4,0,1,3,,N,,,,,,,,,,,
2008017307,1210.0,1,0,0,0,0,0,0,0,0,8,0,,67,11,2007,6,39.9967,-75.1204,1203.0,6,0,0,0,1,0,0,0,0,,0,0,0,11,1,1,0,,0,39 59:48.051,,0,75 07:13.508,8,0,0,0,67301,1,0,0,N,1,0,0,2,67301,0,,1,1,,N,Y,,0,,0,0,0,0,0,,1150,1,2,0,0,0,1,0,3,4,0,1,3,,N,,,,,,,,,,,
2008006264,1840.0,1,0,0,0,0,0,0,0,0,8,0,,67,11,2007,5,40.0047,-75.1395,1836.0,6,0,0,0,0,0,0,0,0,,0,0,0,18,3,1,0,,0,40 00:16.909,,0,75 08:22.156,4,0,0,0,67301,1,0,0,N,1,0,0,2,67301,1,,1,9,,N,N,,0,,0,0,0,0,0,,1836,1,2,0,0,0,0,0,3,4,0,1,3,5.0,N,,,,,,,,,,,
2008054046,1859.0,4,0,0,0,0,0,0,0,0,1,0,,67,11,2007,6,40.0081,-75.1917,1835.0,6,0,0,0,1,0,1,1,0,1.0,0,0,0,18,3,0,1,,1,40 00:28.839,2.0,2,75 11:30.581,9,0,0,0,67301,0,0,0,N,0,0,0,6,67301,0,,1,1,,N,N,,0,,0,0,0,2,4,N,1830,0,4,0,0,0,0,6,3,4,0,4,3,,N,,,,,,,,,,,
2008006446,540.0,0,0,0,0,0,0,0,0,0,7,0,,67,11,2007,5,,,531.0,6,0,0,0,1,0,0,0,0,,0,0,0,5,3,0,3,,0,,,0,,0,0,0,0,67301,0,0,0,Y,0,0,0,5,68K01,0,,7,1,,N,N,,0,,0,0,0,0,0,,531,0,1,0,0,0,0,0,3,3,1,1,3,,N,,,,,,,,,,,
2008008916,15.0,0,0,0,0,0,0,0,0,0,7,0,,67,7,2007,4,39.9749,-75.1966,15.0,6,0,0,0,0,0,0,0,0,,0,0,0,23,3,1,0,,0,39 58:29.000,,0,75 11:47.830,4,0,0,1,67301,0,0,0,N,0,0,0,1,68K01,1,,3,9,,N,N,,0,,0,0,0,0,0,,2345,1,1,0,0,0,0,0,3,4,0,1,7,,N,,,,,,,,,,,
2008008923,2010.0,1,0,0,0,0,0,0,0,0,8,0,,67,11,2007,2,40.0276,-75.1471,2005.0,6,0,0,0,0,0,0,0,0,,0,0,0,19,3,1,1,,0,40 01:39.000,,0,75 08:49.703,8,0,0,0,67301,1,0,0,N,1,0,0,2,67301,0,,1,9,,N,N,,0,,0,0,0,3,2,,1932,1,2,0,0,0,1,0,3,4,0,1,7,,N,,,,,,,,,,,
2008023960,1742.0,3,0,0,0,0,0,0,0,0,1,0,,67,12,2007,1,39.9604,-75.1402,1741.0,6,0,0,0,0,0,1,0,0,,0,0,0,17,3,1,0,,0,39 57:38.000,,0,75 08:24.716,4,0,0,0,67301,0,0,0,N,0,0,0,4,67301,1,,1,9,,N,N,,0,,0,0,0,0,0,,1738,1,3,0,0,0,0,0,3,4,0,3,7,,N,,,,,,,,,,,
2008038357,1447.0,1,0,0,0,0,0,0,0,0,7,0,,67,12,2007,5,40.0093,-75.2049,1440.0,6,0,0,0,0,0,1,0,0,,0,0,0,14,1,0,0,,0,40 00:33.480,,0,75 12:18.000,0,0,0,0,67301,0,0,0,N,0,0,0,1,68K01,0,,3,9,,N,N,,0,,0,0,0,0,0,,1439,0,1,0,0,0,0,0,3,4,0,1,7,,N,,,,,,,,,,,
2008024209,1710.0,1,0,0,0,0,0,0,0,0,8,0,,67,12,2007,5,40.012,-75.1359,1704.0,6,0,0,0,0,0,0,0,0,,0,0,0,17,3,1,1,,0,40 00:43.066,,0,75 08:09.135,3,0,0,0,67301,1,0,0,,1,0,0,2,67301,0,,1,9,,N,N,,0,,1,0,0,3,2,,1700,1,2,0,0,0,0,0,3,4,0,1,7,,N,,,,,,,,,,,
2007092969,1326.0,2,0,0,0,0,0,0,0,0,4,0,,67,6,2007,7,40.0659,-75.1765,1321.0,6,0,0,0,0,0,1,1,0,,0,0,0,13,1,1,1,,0,40 03:57.000,,0,75 10:35.464,4,0,0,0,67301,0,0,0,N,0,0,0,2,67301,1,,1,1,,N,N,,0,,0,0,0,9,3,,1319,1,2,0,0,0,0,0,3,4,0,2,3,,N,,,,,,,,,,,
2008007240,1050.0,1,0,0,0,0,0,0,0,0,4,0,,67,11,2007,1,40.0299,-75.0878,1050.0,6,0,0,0,0,0,0,0,0,1.0,0,0,0,10,1,1,1,,1,40 01:48.000,2.0,0,75 05:17.341,4,0,0,0,67301,0,0,0,N,0,0,0,2,67301,1,,1,1,,N,N,,0,,0,0,0,3,2,N,1050,1,2,0,0,0,0,0,3,4,1,2,3,,N,,,,,,,,,,,
2008007264,1136.0,1,0,0,0,0,0,0,0,0,1,0,,67,8,2007,3,39.8946,-75.2367,1136.0,6,0,0,0,0,0,0,0,0,,0,0,0,11,1,2,1,,0,39 53:40.000,,0,75 14:12.181,4,0,0,0,67301,0,0,0,N,0,0,0,3,67301,2,,1,1,,N,N,,1,,0,0,0,0,0,,1118,2,2,0,0,0,0,0,3,4,0,2,3,,N,,,,,,,,,,,
2008007283,1759.0,1,0,0,0,0,0,0,0,0,5,1,,67,11,2007,6,40.0092,-75.1511,1755.0,6,0,0,0,0,0,1,0,0,,0,1,0,17,3,1,1,,0,40 00:33.000,,0,75 09:04.080,8,0,0,0,67301,0,0,0,N,0,0,0,2,67301,0,,1,1,,N,N,,0,,0,0,0,3,2,,1755,1,2,0,0,2,1,0,3,4,0,2,3,,N,,,,,,,,,,,
2008007294,1018.0,0,0,0,0,0,0,0,0,0,7,0,,67,11,2007,1,40.0118,-75.2051,1015.0,6,0,0,0,0,0,0,0,0,2.0,0,0,0,10,1,1,0,,1,40 00:40.000,4.0,3,75 12:20.916,8,0,0,0,67301,0,0,0,N,0,0,0,1,67301,0,,3,9,,N,N,,0,,0,0,1,0,0,Y,1013,1,1,0,0,0,1,0,3,4,0,1,7,,N,,,,,,,,,,,
2008004926,1015.0,2,0,0,0,0,0,0,0,0,2,0,,67,11,2007,5,40.015,-75.0681,1010.0,6,0,0,0,0,0,0,0,0,,0,0,0,99,1,1,1,,0,40 00:53.000,,0,75 04:05.160,4,0,0,0,67301,0,0,0,N,0,0,0,1,67301,1,,2,1,,N,N,,0,,0,0,1,0,0,,9999,1,4,0,0,0,0,0,3,4,1,4,3,,N,,,,,,,,,,,
2008029624,2253.0,4,0,0,0,0,0,0,0,0,4,0,,67,12,2007,1,39.9003,-75.1571,2250.0,6,0,1,0,0,0,0,0,0,1.0,0,0,0,22,3,3,0,,1,39 54:12.000,1.0,0,75 09:01.403,8,0,0,0,67301,0,0,0,N,0,0,0,6,67301,0,,1,1,,N,N,,0,,0,0,0,0,0,N,2250,3,4,0,0,0,3,1,3,4,0,4,3,,N,,,,,,,,,,,
2008015754,630.0,0,0,0,0,0,0,0,0,0,8,0,,67,10,2007,3,40.0446,-75.0544,621.0,6,0,0,0,0,0,0,0,0,3.0,1,0,0,6,1,0,0,,2,40 02:40.000,2.0,1,75 03:15.909,1,0,0,0,67301,1,1,0,,1,1,0,2,67301,0,2.0,1,1,,,,,0,0.0,0,0,0,0,0,Y,615,0,2,0,0,0,0,0,3,4,0,1,3,,N,,,,,,,,,,,
2008005952,2145.0,1,0,0,0,0,0,0,0,0,5,1,,67,11,2007,3,40.0234,-75.0348,2140.0,6,0,0,0,0,0,0,0,0,,0,1,0,21,3,0,0,,0,40 01:23.000,,0,75 02:05.136,0,0,0,0,67301,0,0,0,,0,0,0,2,67301,0,,1,1,,,,,0,,0,0,0,0,0,,2135,0,2,0,0,0,0,0,3,4,0,2,3,,N,,,,,,,,,,,
2008005995,1758.0,0,0,0,0,0,0,0,0,0,8,0,,67,11,2007,4,39.9451,-75.2463,1751.0,6,0,0,0,0,0,1,0,0,,0,0,0,17,3,1,2,,0,39 56:42.381,,0,75 14:46.762,3,0,0,0,67301,1,0,0,N,1,0,0,2,67301,0,,1,1,,N,N,,0,,1,0,0,3,3,,1740,1,2,0,0,0,0,0,3,4,1,1,3,,N,,,,,,,,,,,
2008044930,1254.0,2,0,0,0,0,0,0,0,0,0,0,,67,12,2007,1,39.9838,-75.2083,1251.0,6,0,0,0,0,0,0,0,0,,0,0,0,12,1,0,0,,0,39 59:05.000,,0,75 12:30.048,0,0,0,0,67301,0,0,0,N,0,0,0,2,68K01,0,,1,1,,N,N,,0,,0,0,0,0,0,,1250,0,2,0,0,0,0,0,3,4,0,2,3,,N,,,,,,,,,,,
2008037278,1501.0,1,0,0,0,0,0,0,0,0,4,0,,67,12,2007,1,39.9554,-75.2329,1500.0,6,0,0,0,0,0,0,1,0,2.0,0,0,0,15,1,3,1,,2,39 57:19.616,6.0,0,75 13:58.461,3,0,0,0,67301,0,0,0,,0,0,0,3,67301,1,,1,1,,,,,0,,2,0,0,3,3,Y,1500,3,2,0,0,0,0,0,3,4,1,2,3,,N,,,,,,,,,,,
2008034322,,1,0,1,0,0,0,0,0,0,1,0,,67,6,2007,2,39.9169,-75.216,,6,0,0,0,0,0,0,0,0,,0,0,0,99,1,1,2,,0,39 55:05.000,,0,75 12:31.417,2,0,0,0,67301,0,0,0,,0,0,0,2,,0,,1,1,,,,,0,,0,1,0,0,0,,9999,1,2,0,0,0,0,0,3,4,0,2,3,,N,,,,,,,,,,,
2008014359,1810.0,2,0,0,0,0,0,0,0,0,1,0,,67,11,2007,2,39.9381,-75.198,1810.0,6,0,0,0,1,0,0,0,0,,0,0,0,18,2,0,0,,0,39 56:23.000,,0,75 11:45.520,0,0,0,0,67301,0,0,0,N,0,0,0,3,68K01,0,,1,9,,N,N,,0,,0,0,1,0,0,,1810,0,3,0,0,0,0,0,3,4,0,3,7,,N,,,,,,,,,,,
2008029118,205.0,1,0,0,0,0,0,0,0,0,7,0,,67,12,2007,5,40.0063,-75.1933,203.0,6,0,0,0,0,0,0,0,0,1.0,0,0,0,2,3,0,0,,1,40 00:23.674,1.0,0,75 11:34.716,0,0,0,0,67301,0,0,0,N,0,0,0,1,67301,0,,2,1,,N,N,,0,,0,0,0,0,0,N,202,0,1,0,0,0,0,0,3,4,0,1,3,,N,,,,,,,,,,,
2008018609,532.0,0,0,0,0,0,0,0,0,0,7,0,,67,12,2007,2,39.945,-75.1905,524.0,6,0,0,0,0,0,0,0,0,3.0,0,0,0,5,3,1,0,,2,39 56:42.000,4.0,2,75 11:25.971,4,0,0,0,67301,0,0,0,Y,0,0,0,1,68K01,1,,2,2,,N,N,,0,,0,0,1,0,0,Y,520,1,1,0,0,0,0,0,3,4,0,1,3,,N,,,,,,,,,,,
2008006603,2137.0,2,0,0,0,0,0,0,0,0,5,0,,67,1,2007,3,39.9744,-75.2017,2133.0,6,0,0,0,0,0,0,0,0,,0,0,0,21,3,0,2,,0,39 58:28.000,,0,75 12:06.120,9,0,0,0,67301,0,0,0,,0,0,0,3,67301,0,,1,1,,N,N,,0,,0,0,0,3,2,,2130,0,2,0,0,0,0,1,3,4,0,2,3,,N,,,,,,,,,,,
2008006604,530.0,2,0,0,0,0,0,0,0,0,4,0,,67,10,2007,1,39.998,-75.1254,528.0,6,0,0,0,0,0,0,0,0,2.0,0,0,0,5,3,0,1,,2,39 59:52.000,7.0,0,75 07:31.478,0,0,0,0,67301,0,0,0,N,0,0,0,3,67301,0,,1,1,,N,N,,0,,0,0,0,3,2,Y,528,0,2,0,0,1,0,0,3,4,0,2,3,,N,,,,,,,,,,,
2008006689,1654.0,1,0,0,0,0,0,0,0,0,8,0,,67,11,2007,3,40.0246,-75.1737,1654.0,6,0,0,0,0,0,0,0,0,,0,0,0,99,4,1,1,,0,40 01:28.560,,0,75 10:25.345,3,0,0,0,67301,1,0,0,N,1,0,0,2,67301,0,,1,9,,N,N,,0,,1,0,0,3,3,,9999,1,2,0,0,0,0,0,3,4,0,1,3,,N,,,,,,,,,,,
2008004776,1758.0,1,0,0,0,0,0,0,0,0,8,0,,67,11,2007,5,39.9844,-75.1776,1758.0,6,0,0,0,0,0,0,0,0,,0,0,0,17,3,1,3,,0,39 59:03.000,,0,75 10:39.409,8,0,0,0,67301,1,0,0,,1,0,0,2,67301,0,,1,9,,N,N,,0,,0,0,0,3,2,,1740,1,2,0,0,0,1,0,3,4,0,1,7,,N,,,,,,,,,,,
2008025731,1005.0,1,0,0,0,0,0,0,0,0,8,0,,67,12,2007,4,40.0366,-75.1739,958.0,6,0,0,0,0,0,0,0,0,,0,0,0,99,1,1,0,,0,40 02:11.892,,0,75 10:25.973,4,0,0,0,67301,1,0,0,N,1,0,0,2,67301,1,,1,1,,,,,0,,0,0,0,0,0,,9999,1,2,0,0,0,0,0,3,4,0,1,3,,N,,,,,,,,,,,
2008024418,540.0,2,0,0,0,0,0,0,0,0,1,0,,67,11,2007,5,40.0072,-75.1927,539.0,6,0,0,0,0,0,1,0,0,1.0,0,0,0,5,5,0,0,,1,40 00:28.000,2.0,0,75 11:30.821,9,0,0,0,67301,0,0,0,N,0,0,0,2,67301,0,,1,1,,N,N,,0,,0,0,0,0,0,N,538,0,2,0,0,0,0,1,3,4,0,2,3,,N,,,,,,,,,,,
2008024516,905.0,2,0,0,0,0,0,0,0,0,4,0,,67,12,2007,2,39.9426,-75.2392,902.0,6,0,0,0,0,0,0,0,0,1.0,0,0,0,9,1,2,0,,1,39 56:33.000,1.0,0,75 14:21.029,8,0,0,0,67301,0,0,0,N,0,0,0,3,67301,0,,1,9,,N,N,,0,,0,0,0,0,0,N,900,2,2,0,0,0,2,1,3,4,0,2,3,,N,,,,,,,,,,,
2008024526,11.0,0,0,0,0,0,0,0,0,0,7,0,,67,12,2007,1,40.0219,-75.1125,10.0,6,0,0,0,0,0,0,0,0,,0,0,0,0,3,0,0,,0,40 01:18.000,,0,75 06:44.893,0,0,0,0,67301,0,0,0,N,0,0,0,1,67301,0,,5,1,,N,N,,0,,0,0,1,0,0,,7,0,1,0,0,0,0,0,3,4,0,1,3,,N,,,,,,,,,,,
2008017086,955.0,2,0,0,0,0,0,0,0,0,4,0,,67,12,2007,1,40.0018,-75.1179,953.0,6,0,0,0,0,0,0,0,0,9.0,0,0,0,9,1,0,2,,1,40 00:06.627,3.0,0,75 07:04.429,0,0,0,0,67301,0,0,0,N,0,0,0,3,67301,0,,1,1,,N,N,,0,,0,0,0,3,3,Y,953,0,2,0,0,0,0,0,3,4,0,2,9,,N,,,,,,,,,,,
2008017122,735.0,2,0,0,0,0,0,0,0,0,4,0,,67,11,2007,4,40.0352,-75.1455,732.0,6,0,0,0,0,0,2,0,0,1.0,0,0,0,7,1,3,1,,2,40 02:06.000,1.0,0,75 08:43.671,4,0,0,0,67301,0,0,0,N,0,0,0,7,67301,3,,1,1,,N,N,,0,,0,0,1,3,2,Y,728,3,4,0,0,0,0,0,3,4,1,4,3,,N,,,,,,,,,,,
2008017016,2250.0,1,0,0,0,0,0,0,0,0,7,0,,67,12,2007,3,40.0994,-74.9865,2245.0,6,0,0,0,0,0,0,0,0,1.0,0,0,0,22,3,1,0,,1,40 05:57.000,4.0,0,74 59:11.562,3,0,0,0,67301,0,0,0,,0,0,0,1,67301,0,,2,1,,,,,0,,1,0,0,0,0,N,2240,1,1,0,0,0,0,0,3,4,0,1,3,,N,,,,,,,,,,,
2008017360,1646.0,4,0,0,0,0,0,0,0,0,2,0,,67,12,2007,7,40.0433,-75.1613,1645.0,6,0,0,0,0,0,1,0,0,2.0,0,0,0,16,3,3,1,,2,40 02:35.000,7.0,0,75 09:40.855,8,0,0,0,67301,0,0,0,N,0,0,0,3,67301,0,,2,1,,N,N,,0,,0,0,0,3,2,Y,1640,3,4,0,0,0,3,0,3,4,0,4,3,,N,,,,,,,,,,,
2008017366,1820.0,1,0,0,0,0,0,0,0,0,4,1,,67,12,2007,2,39.9974,-75.0895,1815.0,6,0,0,0,1,0,1,0,0,,0,1,0,15,1,1,1,,0,39 59:50.000,,0,75 05:22.304,4,0,0,0,67301,0,0,0,N,0,0,0,3,67301,1,,1,9,,N,N,,0,,0,0,0,0,0,,1530,1,2,0,0,0,0,0,3,4,0,2,7,,N,,,,,,,,,,,
2008017311,1512.0,0,0,0,0,0,0,0,0,0,7,0,,67,11,2007,2,39.8909,-75.2271,1506.0,6,0,0,0,0,0,0,0,0,,0,0,0,15,1,1,0,,0,39 53:27.000,,0,75 13:37.919,4,0,0,0,67301,0,0,0,Y,0,0,0,1,67301,1,,2,9,,N,N,,1,,0,0,0,0,0,,1503,1,1,0,0,0,0,0,3,4,0,1,98,,N,,,,,,,,,,,
2008006267,1000.0,0,0,0,0,0,0,0,0,0,1,0,,67,11,2007,3,40.0136,-75.1243,910.0,6,0,0,0,0,0,0,0,0,,0,0,0,8,1,1,0,,0,40 00:49.089,,7,75 07:27.303,8,0,0,0,67301,0,0,0,N,0,0,0,3,67301,0,,1,1,,N,Y,,1,,0,0,1,0,0,,855,1,2,0,0,0,1,1,3,4,0,2,3,,N,,,,,,,,,,,
2008054082,1142.0,2,0,0,0,0,0,0,0,0,4,0,,67,12,2007,2,40.0344,-75.0748,1139.0,6,0,0,0,1,0,0,0,0,,0,0,0,11,1,0,5,,0,40 02:03.613,,0,75 04:29.625,9,0,0,0,67301,0,0,0,,0,0,0,3,67301,0,,1,1,,N,N,,0,,0,0,0,3,2,,1130,0,2,0,0,0,0,1,3,4,0,2,3,,N,,,,,,,,,,,
2008003831,1217.0,2,0,0,0,0,0,0,0,0,1,0,,67,10,2007,1,40.0088,-75.1476,1207.0,6,0,0,0,0,0,0,0,0,,0,0,0,20,3,3,1,,0,40 00:31.000,,0,75 08:51.442,4,0,0,0,67301,0,0,0,N,0,0,0,4,67301,3,,1,1,,N,N,,0,,0,0,0,3,1,,2056,3,2,0,0,3,0,1,3,4,0,2,3,,N,,,,,,,,,,,
2008038300,1417.0,2,0,0,0,0,0,0,0,0,7,0,,67,11,2007,5,40.0315,-75.1879,1415.0,6,0,0,0,0,0,0,0,0,,0,0,0,14,1,0,0,,0,40 01:53.340,,0,75 11:16.600,0,0,0,0,67301,0,0,0,N,0,0,0,1,68K01,0,,3,9,,N,N,,0,,0,0,0,0,0,,1405,0,2,0,0,0,0,0,3,4,0,2,7,,N,,,,,,,,,,,
2008079742,1312.0,2,0,0,0,0,0,0,0,0,4,0,,67,3,2007,4,39.957,-75.2255,1310.0,6,0,0,0,0,0,0,0,0,,0,0,0,13,1,0,1,,0,39 57:25.200,,0,75 13:31.800,0,0,0,0,67301,0,0,0,N,0,0,0,2,67301,0,,1,1,,N,N,,0,,0,0,0,3,2,,1310,0,2,0,0,0,0,0,3,4,0,2,3,,N,,,,,,,,,,,
2008053180,2002.0,2,0,0,0,0,0,0,0,0,4,0,,67,10,2007,5,40.0205,-75.1924,1959.0,6,0,0,0,0,0,0,0,0,,0,0,0,19,3,0,1,,0,40 01:13.809,,0,75 11:32.576,0,0,0,0,67301,0,0,0,N,0,0,0,2,67301,0,,1,1,,N,N,,0,,0,0,0,0,0,,1900,0,2,0,0,0,0,0,3,4,0,2,3,,N,,,,,,,,,,,