CRN,ARRIVAL_TM,AUTOMOBILE_COUNT,BELTED_DEATH_COUNT,BELTED_SUSP_SERIOUS_INJ_COUNT,BICYCLE_COUNT,BICYCLE_DEATH_COUNT,BICYCLE_SUSP_SERIOUS_INJ_COUNT,BUS_COUNT,CHLDPAS_DEATH_COUNT,CHLDPAS_SUSP_SERIOUS_INJ_COUNT,COLLISION_TYPE,COMM_VEH_COUNT,CONS_ZONE_SPD_LIM,COUNTY,CRASH_MONTH,CRASH_YEAR,DAY_OF_WEEK,DEC_LAT,DEC_LONG,DISPATCH_TM,DISTRICT,DRIVER_COUNT_16YR,DRIVER_COUNT_17YR,DRIVER_COUNT_18YR,DRIVER_COUNT_19YR,DRIVER_COUNT_20YR,DRIVER_COUNT_50_64YR,DRIVER_COUNT_65_74YR,DRIVER_COUNT_75PLUS,EST_HRS_CLOSED,FATAL_COUNT,HEAVY_TRUCK_COUNT,HORSE_BUGGY_COUNT,HOUR_OF_DAY,ILLUMINATION,INJURY_COUNT,INTERSECT_TYPE,INTERSECTION_RELATED,LANE_CLOSED,LATITUDE,LN_CLOSE_DIR,LOCATION_TYPE,LONGITUDE,MAX_SEVERITY_LEVEL,MCYCLE_DEATH_COUNT,MCYCLE_SUSP_SERIOUS_INJ_COUNT,MOTORCYCLE_COUNT,MUNICIPALITY,NONMOTR_COUNT,NONMOTR_DEATH_COUNT,NONMOTR_SUSP_SERIOUS_INJ_COUNT,NTFY_HIWY_MAINT,PED_COUNT,PED_DEATH_COUNT,PED_SUSP_SERIOUS_INJ_COUNT,PERSON_COUNT,POLICE_AGCY,POSSIBLE_INJ_COUNT,RDWY_SURF_TYPE_CD,RELATION_TO_ROAD,ROAD_CONDITION,ROADWAY_CLEARED,SCH_BUS_IND,SCH_ZONE_IND,SECONDARY_CRASH,SMALL_TRUCK_COUNT,SPEC_JURIS_CD,SUSP_MINOR_INJ_COUNT,SUSP_SERIOUS_INJ_COUNT,SUV_COUNT,TCD_FUNC_CD,TCD_TYPE,TFC_DETOUR_IND,TIME_OF_DAY,TOT_INJ_COUNT,TOTAL_UNITS,UNB_DEATH_COUNT,UNB_SUSP_SERIOUS_INJ_COUNT,UNBELTED_OCC_COUNT,UNK_INJ_DEG_COUNT,UNK_INJ_PER_COUNT,URBAN_AREA,URBAN_RURAL,VAN_COUNT,VEHICLE_COUNT,WEATHER1,WEATHER2,WORK_ZONE_IND,WORK_ZONE_LOC,WORK_ZONE_TYPE,WORKERS_PRES,WZ_CLOSE_DETOUR,WZ_FLAGGER,WZ_LAW_OFFCR_IND,WZ_LN_CLOSURE,WZ_MOVING,WZ_OTHER,WZ_SHLDER_MDN,WZ_WORKERS_INJ_KILLED
2008053201,1615.0,2,0,0,0,0,0,0,0,0,4,0,,67,10,2007,1,40.0722,-75.1586,1600.0,6,0,0,0,1,0,0,0,0,9.0,0,0,0,15,1,0,0,,1,40 04:20.017,3.0,7,75 09:31.044,0,0,0,0,67301,0,0,0,N,0,0,0,2,67301,0,,1,1,,N,N,,0,,0,0,0,0,0,N,1515,0,2,0,0,0,0,0,3,4,0,2,3,,N,,,,,,,,,,,
2008073499,1432.0,1,0,0,0,0,0,0,0,0,4,0,,67,4,2007,2,40.0796,-75.1711,1428.0,6,0,0,1,0,0,0,0,1,,0,0,0,14,1,1,1,,0,40 04:46.538,,0,75 10:16.057,8,0,0,0,67301,0,0,0,N,0,0,0,3,67301,0,,1,1,,,,,0,,0,0,1,3,3,,1400,1,2,0,0,0,1,0,3,4,0,2,3,,N,,,,,,,,,,,
2009030069,810.0,4,0,0,0,0,0,0,0,0,1,0,,67,12,2007,1,40.126,-75.0144,751.0,6,0,0,0,0,1,0,0,0,,0,0,0,7,1,0,0,,0,40 07:33.600,,0,75 00:51.840,9,0,0,0,67301,0,0,0,N,0,0,0,5,67301,0,,1,2,,N,N,,0,,0,0,0,0,0,,728,0,5,0,0,0,0,2,3,4,0,5,10,,N,,,,,,,,,,,
2009063880,1158.0,2,0,0,0,0,0,0,0,0,4,0,,67,5,2007,4,40.0517,-75.1503,1157.0,6,0,0,0,0,0,1,0,0,9.0,0,0,0,11,1,1,1,,2,40 03:05.569,3.0,0,75 09:00.387,4,0,0,0,67301,0,0,0,N,0,0,0,2,67301,1,,1,9,,,N,,0,,0,0,0,3,2,N,1156,1,2,0,0,0,0,0,3,4,0,2,3,,N,,,,,,,,,,,
2008017056,1609.0,6,0,0,0,0,0,0,0,0,4,0,,67,11,2007,5,39.9041,-75.2403,1606.0,6,0,0,1,0,0,1,0,0,,0,0,0,16,1,1,1,,0,39 54:14.000,,0,75 14:25.050,4,0,0,0,67301,0,0,0,N,0,0,0,7,67301,1,,1,9,,N,N,,0,,0,0,0,3,2,,1606,1,6,0,0,0,0,0,3,4,0,6,7,,N,,,,,,,,,,,
2008017391,1336.0,2,0,0,0,0,0,0,0,0,4,0,,67,12,2007,1,40.0608,-75.0681,1336.0,6,0,0,0,0,0,2,0,0,,0,0,0,13,1,3,1,,0,40 03:38.955,,0,75 04:05.015,3,0,0,0,67301,0,0,0,,0,0,0,4,67301,2,,1,9,,,,,0,,1,0,0,3,2,,1335,3,2,0,0,0,0,0,3,4,0,2,7,,N,,,,,,,,,,,
2008017301,9999.0,0,0,0,0,0,0,0,0,0,5,0,,67,12,2007,1,39.958,-75.2336,9999.0,6,0,0,0,0,0,0,0,0,,0,0,0,1,3,1,0,,0,39 57:28.000,,0,75 14:01.057,8,0,0,0,67301,1,0,0,N,1,0,0,2,67301,0,,1,9,,N,N,,0,,0,0,1,3,2,,100,1,2,0,0,0,1,0,3,4,0,1,7,,N,,,,,,,,,,,
2008017302,2316.0,1,0,0,0,0,0,0,0,0,7,0,,67,11,2007,6,39.8987,-75.2517,2313.0,6,0,0,0,0,1,0,0,0,,0,0,0,23,3,1,0,,0,39 53:55.388,,0,75 15:06.015,8,0,0,0,67301,0,0,0,,0,0,0,1,67301,0,,3,1,,,,,0,,0,0,0,0,0,,2305,1,1,0,0,0,1,0,3,4,0,1,3,,N,,,,,,,,,,,
2008033686,,1,0,0,0,0,0,0,0,0,4,0,,67,4,2007,3,39.9909,-75.1558,,6,0,0,0,0,0,0,0,0,,0,0,0,12,1,0,0,,0,39 59:27.389,,0,75 09:20.812,9,0,0,0,67301,0,0,0,N,0,0,0,1,,0,,1,1,,N,N,,0,,0,0,0,0,0,,1200,0,2,0,0,0,0,1,3,4,0,2,3,,N,,,,,,,,,,,
2008053767,1250.0,3,0,0,0,0,0,0,0,0,1,0,,67,11,2007,5,40.0834,-75.0263,1246.0,6,0,0,0,0,0,1,0,0,,0,0,0,12,1,1,0,,0,40 05:00.577,,7,75 01:34.405,3,0,0,0,67301,0,0,0,N,0,0,0,6,67301,0,,1,1,,N,N,,0,,1,0,0,3,2,,1245,1,3,0,0,0,0,5,3,4,0,3,3,,N,,,,,,,,,,,
2008003827,2120.0,1,0,0,0,0,0,0,0,0,4,0,,67,10,2007,6,39.9478,-75.1616,2120.0,6,0,0,0,0,0,0,0,0,1.0,0,0,0,21,3,1,1,,1,39 56:52.234,3.0,0,75 09:41.723,4,0,0,0,67301,0,0,0,N,0,0,0,2,67301,1,,1,9,,N,N,,0,,0,0,1,0,0,N,2118,1,2,0,0,0,0,0,3,4,0,2,7,,N,,,,,,,,,,,
2008023965,1752.0,0,0,0,0,0,0,0,0,0,8,0,,67,12,2007,7,39.9531,-75.1612,1749.0,6,0,0,0,0,0,0,0,0,,0,0,0,17,3,1,1,,0,39 57:11.260,,0,75 09:40.449,3,0,0,0,67301,1,0,0,N,1,0,0,3,67301,0,,1,1,,N,N,,1,,1,0,0,3,2,,1740,1,2,0,0,0,0,0,3,4,0,1,3,,N,,,,,,,,,,,
2008024212,1125.0,2,0,0,0,0,0,0,0,0,2,0,,67,12,2007,1,39.9634,-75.1874,1121.0,6,0,0,0,0,0,0,0,0,,0,0,0,11,1,0,1,,0,39 57:48.000,,0,75 11:14.759,9,0,0,0,67301,0,0,0,,0,0,0,3,67301,0,,1,1,,,,,0,,0,0,0,3,2,,1110,0,2,0,0,0,0,3,3,4,0,2,3,,N,,,,,,,,,,,
2008024216,2011.0,1,0,0,0,0,0,0,0,0,7,0,,67,12,2007,7,40.016,-75.2055,2010.0,6,0,0,0,0,0,0,0,0,1.0,0,0,0,20,3,0,0,,2,40 00:57.781,1.0,0,75 12:19.808,0,0,0,0,67301,0,0,0,N,0,0,0,1,67301,0,,4,9,,N,N,,0,,0,0,0,0,0,Y,2008,0,1,0,0,0,0,0,3,4,0,1,7,,N,,,,,,,,,,,
2008038978,2210.0,2,0,0,0,0,0,0,0,0,4,0,,67,12,2007,7,39.9609,-75.245,2209.0,6,0,0,0,0,0,0,0,0,,0,0,0,21,3,1,1,,0,39 57:39.000,,0,75 14:41.973,8,0,0,0,67301,0,0,0,,0,0,0,5,67301,0,,1,9,,,,,0,,0,0,0,3,2,,2141,1,2,0,0,0,1,2,3,4,0,2,7,,N,,,,,,,,,,,
2008038299,2137.0,1,0,0,0,0,0,0,0,0,4,0,50.0,67,12,2007,1,39.9837,-75.2081,2131.0,6,0,0,0,0,0,0,0,0,2.0,0,0,0,21,3,4,0,,2,39 59:05.000,4.0,0,75 12:29.569,8,0,0,0,67301,0,0,0,Y,0,0,0,5,68K01,0,,1,1,,N,N,,1,,0,0,0,3,1,Y,2129,4,2,0,0,0,4,0,3,4,0,2,3,,Y,2.0,1.0,Y,,,N,Y,,,,
2008011615,418.0,1,0,0,0,0,0,0,0,0,7,0,,67,9,2007,2,39.9542,-75.1812,418.0,6,0,0,0,0,0,0,0,0,1.0,0,0,0,4,2,0,0,,1,39 57:21.000,4.0,0,75 10:50.073,0,0,0,0,67301,0,0,0,N,0,0,0,1,68K01,0,,2,1,,N,N,,0,,0,0,0,0,0,N,418,0,1,0,0,0,0,0,3,4,0,1,3,,N,,,,,,,,,,,
2008038160,240.0,2,0,0,0,0,0,0,0,0,4,0,,67,10,2007,1,39.9426,-75.2214,237.0,6,0,0,0,0,0,0,0,0,3.0,0,0,0,2,3,3,1,,2,39 56:33.464,7.0,0,75 13:17.018,2,0,0,0,67301,0,0,0,N,0,0,0,3,67301,1,,1,1,,N,N,,0,,1,1,0,3,2,Y,237,3,2,0,0,0,0,0,3,4,0,2,3,,N,,,,,,,,,,,
2008053021,2352.0,3,0,0,0,0,0,0,0,0,4,0,,67,12,2007,5,39.9367,-75.1551,2351.0,6,0,0,0,0,1,0,0,0,,0,0,0,99,3,0,1,,0,39 56:12.278,,0,75 09:18.442,0,0,0,0,67301,0,0,0,,0,0,0,2,67301,0,,1,9,,,,,0,,0,0,0,3,2,,9999,0,3,0,0,0,0,0,3,4,0,3,99,,N,,,,,,,,,,,
2008053244,1245.0,2,0,0,0,0,0,0,0,0,6,0,,67,10,2007,3,40.0244,-75.1469,1245.0,6,0,0,0,0,0,0,1,0,,0,0,0,23,3,0,1,,0,40 01:27.922,,0,75 08:48.832,9,0,0,0,67301,0,0,0,N,0,0,0,3,67301,0,,1,1,,N,N,,0,,0,0,0,3,2,,2318,0,2,0,0,0,0,1,3,4,0,2,3,,N,,,,,,,,,,,
2008088385,1100.0,1,0,0,0,0,0,0,0,0,4,0,,67,6,2007,1,40.0028,-75.1378,1047.0,6,0,0,1,0,0,0,0,0,,0,0,0,99,3,1,5,,0,40 00:09.954,,0,75 08:16.245,8,0,0,0,67301,0,0,0,N,0,0,0,2,67301,0,,1,1,,N,N,,1,,0,0,0,3,2,,9999,1,2,0,0,0,1,0,3,4,0,2,3,,N,,,,,,,,,,,
2008017048,2135.0,2,0,0,0,0,0,0,0,0,1,0,,67,12,2007,5,40.101,-75.0206,2131.0,6,0,0,0,0,0,0,0,0,1.0,0,0,0,21,3,6,2,,1,40 06:03.718,1.0,0,75 01:14.174,4,0,0,0,67301,0,0,0,N,0,0,0,7,67301,6,,1,1,,N,N,,0,,0,0,0,3,3,N,2128,6,2,0,0,1,0,0,3,4,0,2,3,,N,,,,,,,,,,,
2008017055,1630.0,1,0,0,0,0,0,0,0,0,4,0,,67,11,2007,7,39.9346,-75.2273,1630.0,6,0,0,0,0,0,1,0,0,,0,0,0,15,1,3,1,,0,39 56:04.000,,0,75 13:38.330,8,0,0,0,67301,0,0,0,N,0,0,0,5,67301,0,,1,1,,N,N,,0,,0,0,1,3,2,,1522,3,2,0,0,0,3,0,3,4,0,2,3,,N,,,,,,,,,,,
2008017392,52.0,2,0,0,0,0,0,0,0,0,5,0,,67,12,2007,4,40.0504,-75.0515,42.0,6,0,0,0,0,0,0,0,0,1.0,0,0,0,0,3,1,2,,1,40 03:01.000,2.0,0,75 03:05.368,8,0,0,0,67301,0,0,0,N,0,0,0,3,67301,0,,1,9,,N,N,,0,,0,0,0,0,0,N,40,1,2,0,0,0,1,0,3,4,0,2,7,,N,,,,,,,,,,,
2008017527,1546.0,2,0,0,0,0,0,0,0,0,4,0,,67,11,2007,6,40.011,-75.1266,1545.0,6,0,0,0,0,0,0,0,1,,0,0,0,15,1,3,0,,0,40 00:39.762,,0,75 07:35.839,4,0,0,0,67301,0,0,0,,0,0,0,3,67301,1,,1,1,,N,Y,,0,,0,0,0,0,0,,1543,3,2,0,0,0,2,0,3,4,0,2,3,,N,,,,,,,,,,,
2008017532,1934.0,1,0,0,0,0,0,0,0,0,8,0,,67,12,2007,2,40.0009,-75.1054,1929.0,6,0,0,0,0,0,0,0,0,,0,0,0,99,3,1,1,,0,40 00:03.060,,0,75 06:19.349,3,0,0,0,67301,1,0,0,N,1,0,0,2,67301,0,,1,9,,N,N,,0,,1,0,0,3,3,,9999,1,2,0,0,0,0,0,3,4,0,1,7,,N,,,,,,,,,,,
2008006259,1700.0,1,0,0,0,0,0,0,0,0,8,0,,67,11,2007,3,39.9952,-75.1396,1648.0,6,0,0,0,0,0,0,0,0,,0,0,0,16,1,1,1,,0,39 59:42.795,,0,75 08:22.405,3,0,0,0,67301,1,0,0,N,1,0,0,2,67301,0,,1,9,,N,N,,0,,1,0,0,3,2,,1645,1,2,0,0,0,0,0,3,4,0,1,7,,N,,,,,,,,,,,
2008033666,,1,0,0,0,0,0,0,0,0,8,0,,67,7,2007,4,39.9563,-75.1683,,6,0,0,0,0,0,0,0,0,,0,0,0,15,1,1,1,,0,39 57:22.856,,0,75 10:06.001,4,0,0,0,67301,1,0,0,N,1,0,0,2,,1,,1,1,,N,N,,0,,0,0,0,3,2,,1530,1,2,0,0,0,0,0,3,4,0,1,3,,N,,,,,,,,,,,
2008053149,1657.0,2,0,0,0,0,0,0,0,0,4,0,,67,11,2007,2,40.0022,-75.1576,1651.0,6,0,0,0,0,0,0,0,0,,0,0,0,16,4,0,1,,0,40 00:07.931,,0,75 09:27.518,0,0,0,0,67301,0,0,0,,0,0,0,5,67301,0,,1,9,,,,,0,,0,0,0,3,2,,1640,0,2,0,0,0,0,0,3,4,0,2,7,,N,,,,,,,,,,,
2008053182,1749.0,2,0,0,0,0,0,0,0,0,1,0,,67,11,2007,6,40.0698,-75.1606,1930.0,6,0,0,0,0,1,1,0,0,,0,0,0,17,4,0,1,,0,40 04:11.308,,0,75 09:38.084,0,0,0,0,67301,0,0,0,,0,0,0,2,67301,0,,1,1,,,,,0,,0,0,0,0,0,,1745,0,2,0,0,0,0,0,3,4,0,2,3,,N,,,,,,,,,,,
2008053184,830.0,1,0,0,0,0,0,1,0,0,4,1,,67,10,2007,4,40.0157,-75.1401,830.0,6,0,0,0,0,0,1,0,0,,0,0,0,8,1,0,1,,0,40 00:56.408,,0,75 08:24.331,0,0,0,0,67301,0,0,0,,0,0,0,8,67301,0,,1,9,,Y,,,0,,0,0,0,3,3,,825,0,2,0,0,0,0,0,3,4,0,2,7,,N,,,,,,,,,,,
2008005766,1015.0,2,0,0,0,0,0,0,0,0,4,0,,67,11,2007,7,40.0387,-75.0443,1005.0,6,0,0,0,0,0,0,0,1,,0,0,0,10,1,1,1,,0,40 02:19.000,,0,75 02:39.345,4,0,0,0,67301,0,0,0,N,0,0,0,2,67301,1,,1,1,,N,N,,0,,0,0,0,3,3,,1005,1,2,0,0,0,0,0,3,4,0,2,3,,N,,,,,,,,,,,
2008060614,2232.0,1,0,0,0,0,0,0,0,0,5,0,,67,12,2007,7,39.9561,-75.2098,2230.0,6,0,0,0,0,0,0,0,0,,0,0,0,22,3,0,2,,0,39 57:22.035,,0,75 12:35.431,0,0,0,0,67301,0,0,0,N,0,0,0,1,67301,0,,1,9,,N,N,,0,,0,0,0,0,0,,2225,0,2,0,0,0,0,0,3,4,1,2,7,,N,,,,,,,,,,,
2008055827,1938.0,1,0,0,0,0,0,0,0,0,1,0,,67,11,2007,3,40.0079,-75.2015,1936.0,6,0,0,0,0,0,0,0,0,,0,0,0,19,3,0,0,,0,40 00:27.483,,0,75 12:02.608,9,0,0,0,67301,0,0,0,N,0,0,0,2,68K01,0,,1,1,,N,N,,1,,0,0,0,0,0,,1934,0,2,0,0,0,0,1,3,4,0,2,3,,N,,,,,,,,,,,
2008018249,1622.0,0,0,0,0,0,0,0,0,0,5,0,,67,12,2007,5,40.059,-75.2313,1618.0,6,0,0,0,0,0,0,0,0,2.0,0,0,0,16,3,1,0,,1,40 03:32.397,6.0,0,75 13:52.790,4,0,0,0,67301,0,0,0,N,0,0,0,2,67301,1,,1,2,,N,N,,1,,0,0,0,0,0,Y,1615,1,2,0,0,0,0,0,3,4,1,2,3,,N,,,,,,,,,,,
2008013418,2140.0,1,0,0,0,0,0,0,0,0,0,0,,67,12,2007,1,39.9825,-75.2079,2138.0,6,0,0,0,0,1,0,0,0,,0,0,0,21,3,0,0,,0,39 59:00.000,,0,75 12:29.691,0,0,0,0,67301,0,0,0,N,0,0,0,1,68K01,0,,2,9,,N,N,,0,,0,0,0,0,0,,2137,0,1,0,0,0,0,0,3,4,0,1,7,,N,,,,,,,,,,,
2008005961,837.0,1,0,0,0,0,0,0,0,0,4,0,,67,11,2007,3,40.0551,-75.1766,833.0,6,0,0,0,0,0,1,0,0,1.0,0,0,0,8,1,0,1,,2,40 03:18.000,4.0,0,75 10:35.869,0,0,0,0,67301,0,0,0,N,0,0,0,2,67301,0,,1,9,,N,N,,0,,0,0,1,3,3,Y,811,0,2,0,0,0,0,0,3,4,0,2,7,,N,,,,,,,,,,,
2008030436,854.0,3,0,0,0,0,0,0,0,0,7,0,,67,12,2007,2,40.0063,-75.1932,848.0,6,0,0,0,0,0,0,0,0,1.0,0,0,0,8,1,2,0,,2,40 00:24.000,3.0,3,75 11:34.086,4,0,0,0,67301,0,0,0,,0,0,0,5,67301,2,,2,2,,,,,1,,0,0,0,3,8,N,836,2,4,0,0,0,0,0,3,4,0,4,98,,N,,,,,,,,,,,
2008029792,1215.0,1,0,0,0,0,0,1,0,0,5,1,,67,12,2007,6,40.0587,-75.1946,1201.0,6,0,0,0,0,0,0,0,0,,0,0,0,11,1,1,0,,0,40 03:31.000,,0,75 11:40.476,4,0,0,0,67301,0,0,0,N,0,0,0,9,67301,1,,1,9,,Y,Y,,0,,0,0,0,0,0,,1150,1,2,0,0,0,0,0,3,4,0,2,7,,N,,,,,,,,,,,
2008037439,1517.0,1,0,0,0,0,0,0,0,0,7,0,,67,12,2007,1,39.929,-75.1969,1505.0,6,0,0,0,0,0,0,0,0,1.0,0,0,0,15,1,1,0,,1,39 55:45.000,4.0,0,75 11:50.535,4,0,0,0,67301,0,0,0,N,0,0,0,1,68K01,1,,3,9,,N,N,,0,,0,0,0,0,0,N,1502,1,1,0,0,0,0,0,3,4,0,1,7,,N,,,,,,,,,,,
2008011663,1620.0,3,0,0,0,0,0,0,0,0,1,0,,67,11,2007,7,40.0539,-75.1233,1614.0,6,0,0,0,0,0,0,1,0,,0,0,0,16,1,0,2,,0,40 03:13.000,,0,75 07:23.805,0,0,0,0,67301,0,0,0,N,0,0,0,4,46102,0,,1,1,,N,N,,0,,0,0,0,0,0,,1614,0,3,0,0,0,0,0,3,4,0,3,3,,N,,,,,,,,,,,
2008004092,1300.0,0,0,0,0,0,0,1,0,0,5,2,25.0,67,10,2007,2,39.8924,-75.2225,1247.0,6,0,0,0,0,0,0,0,0,2.0,0,1,0,99,1,0,0,,1,39 53:28.000,4.0,2,75 13:17.400,0,0,0,0,67301,0,0,0,N,0,0,0,2,67301,0,,7,1,,N,N,,0,,0,0,0,0,0,N,9999,0,2,0,0,0,0,0,3,4,0,2,3,,Y,3.0,1.0,N,,,N,,,,Y,
2008029128,1405.0,2,0,0,0,0,0,0,0,0,4,0,,67,12,2007,1,40.0967,-75.0178,1400.0,6,0,0,0,0,0,0,0,0,1.0,0,0,0,13,1,1,0,,1,40 05:48.285,3.0,7,75 01:04.170,4,0,0,0,67301,0,0,0,,0,0,0,2,67301,1,,1,1,,,,,0,,0,0,0,3,4,Y,1355,1,2,0,0,0,0,0,3,4,0,2,3,,N,,,,,,,,,,,
2008024239,1721.0,1,0,0,0,0,0,0,0,0,1,0,,67,12,2007,2,40.0928,-75.0658,1715.0,6,0,0,0,0,0,0,0,0,,0,0,0,99,3,1,0,,0,40 05:34.045,,0,75 03:57.056,8,0,0,0,67301,0,0,0,N,0,0,0,3,67301,0,,1,1,,N,N,,0,,0,0,1,0,0,,9999,1,2,0,0,0,1,0,3,4,0,2,3,,N,,,,,,,,,,,
2008024362,650.0,1,0,0,0,0,0,0,0,0,4,0,,67,12,2007,2,40.0812,-75.0374,638.0,6,0,0,0,0,0,1,0,0,,0,0,0,6,1,2,0,,0,40 04:52.000,,0,75 02:14.568,3,0,0,0,67301,0,0,0,,0,0,0,3,67301,0,,1,9,,N,N,,1,,2,0,0,0,0,,625,2,2,0,0,1,0,0,3,4,0,2,7,,N,,,,,,,,,,,
2008024218,1810.0,0,0,0,0,0,0,0,0,0,8,0,,67,12,2007,6,40.0312,-75.0217,1759.0,6,0,0,0,0,0,0,0,0,2.0,0,0,0,99,8,2,2,,2,40 01:52.000,5.0,0,75 01:18.271,8,0,0,0,67301,2,0,0,N,2,0,0,3,67301,0,,1,1,,N,N,,1,,0,0,0,3,2,Y,9999,2,3,0,0,0,2,0,3,4,0,1,3,,N,,,,,,,,,,,
2008019368,1311.0,3,0,0,0,0,0,0,0,0,1,0,,67,12,2007,4,39.9063,-75.1354,1309.0,6,0,0,0,0,0,1,0,0,1.0,0,0,0,13,1,1,0,,2,39 54:22.517,3.0,0,75 08:07.525,4,0,0,0,67301,0,0,0,N,0,0,0,4,67501,1,,1,7,,N,N,,0,,0,0,0,3,8,N,1309,1,3,0,0,1,0,0,3,4,0,3,10,,N,,,,,,,,,,,
2008024453,505.0,3,0,0,0,0,0,0,0,0,6,0,,67,12,2007,7,39.9438,-75.2379,500.0,6,0,0,0,0,0,0,0,0,,0,0,0,5,3,1,1,,0,39 56:37.000,,0,75 14:16.183,8,0,0,0,67301,0,0,0,,0,0,0,4,67301,0,,1,1,,N,N,,0,,0,0,0,0,0,,500,1,4,0,0,0,1,0,3,4,1,4,3,,N,,,,,,,,,,,
2008024478,1947.0,1,0,0,0,0,0,0,0,0,8,0,,67,12,2007,1,39.9816,-75.1638,1944.0,6,0,0,0,0,0,0,0,0,,0,0,0,19,3,1,1,,0,39 58:53.781,,0,75 09:49.756,3,0,0,0,67301,1,0,0,N,1,0,0,2,67301,0,,1,9,,N,N,,0,,1,0,0,0,0,,1940,1,2,0,0,0,0,0,3,4,0,1,7,,N,,,,,,,,,,,
2008016936,1028.0,1,0,0,0,0,0,0,0,0,4,0,,67,12,2007,4,39.9455,-75.1807,1026.0,6,0,0,0,0,0,0,1,0,2.0,0,0,0,10,1,1,1,,2,39 56:43.918,3.0,0,75 10:50.696,8,0,0,0,67301,0,0,0,,0,0,0,2,67301,0,,1,1,,,,,1,,0,0,0,3,2,Y,1026,1,2,0,0,0,1,0,3,4,0,2,3,,N,,,,,,,,,,,
2008016997,357.0,0,0,0,0,0,0,0,0,0,7,0,,67,11,2007,5,40.0474,-75.1806,354.0,6,0,0,0,0,0,0,0,0,9.0,0,0,0,3,3,1,0,,2,40 02:50.629,6.0,0,75 10:50.325,8,0,0,0,67301,0,0,0,N,0,0,0,1,67301,0,,4,1,,N,N,,0,,0,0,1,0,0,Y,350,1,1,0,0,0,1,0,3,4,0,1,3,,N,,,,,,,,,,,
2008017023,9999.0,1,0,0,0,0,0,0,0,0,8,0,,67,12,2007,7,39.9673,-75.1754,10.0,6,0,0,0,0,0,0,0,0,,0,0,0,22,3,1,1,,0,39 58:02.431,,0,75 10:31.324,4,0,0,0,67301,1,0,0,,1,0,0,2,67301,1,,1,1,,,,,0,,0,0,0,2,2,,2230,1,2,0,0,0,0,0,3,4,0,1,3,,N,,,,,,,,,,,
2008017431,1550.0,1,0,0,0,0,0,0,0,0,4,0,,67,12,2007,2,39.9961,-75.1471,1539.0,6,0,0,0,0,1,0,0,1,,0,0,0,14,1,1,1,,0,39 59:46.100,,0,75 08:49.451,8,0,0,0,67301,0,0,0,,0,0,0,2,67301,0,,1,1,,N,N,,0,,0,0,1,9,2,,1430,1,2,0,0,0,1,0,3,4,0,2,3,,N,,,,,,,,,,,
2008006270,1959.0,1,0,0,0,0,0,0,0,0,8,0,,67,11,2007,4,40.0198,-75.1105,1959.0,6,0,0,0,0,0,1,0,0,,0,0,0,19,3,1,2,,0,40 01:11.456,,0,75 06:37.889,8,0,0,0,67301,1,0,0,,1,0,0,2,67301,0,,1,1,,,,,0,,0,0,0,9,2,,1950,1,2,0,0,0,1,0,3,4,0,1,3,,N,,,,,,,,,,,
2008033636,,1,0,0,0,0,0,0,0,0,3,0,,67,8,2007,6,40.0606,-75.0541,,6,0,0,0,0,0,0,0,0,,0,0,0,0,6,1,0,,0,40 03:38.000,,0,75 03:14.549,4,0,0,0,67301,0,0,0,N,0,0,0,2,,1,,1,1,,N,N,,0,,0,0,0,0,0,,30,1,2,0,0,0,0,0,3,4,0,2,3,,N,,,,,,,,,,,
2008008869,9999.0,2,0,0,0,0,0,0,0,0,6,0,,67,11,2007,4,39.9893,-75.1035,9999.0,6,0,0,0,0,0,0,0,0,,0,0,0,21,1,1,1,,0,39 59:21.440,,0,75 06:12.571,4,0,0,0,67301,0,0,0,,0,0,0,2,67301,1,,1,1,,,,,0,,0,0,0,3,3,,2145,1,2,0,0,2,0,0,3,4,0,2,3,,N,,,,,,,,,,,
2008008879,9999.0,0,0,0,0,0,0,0,0,0,1,0,,67,11,2007,3,39.9967,-75.1132,9999.0,6,0,0,0,0,0,0,0,0,,0,0,0,14,1,1,0,,0,39 59:48.044,,0,75 06:47.422,8,0,0,0,67301,0,0,0,N,0,0,0,2,67301,0,,1,9,,N,N,,1,,0,0,1,0,0,,1420,1,2,0,0,0,1,0,3,4,0,2,7,,N,,,,,,,,,,,
2008053784,8.0,1,0,0,0,0,0,0,0,0,7,0,,67,11,2007,6,39.9592,-75.1646,2359.0,6,0,0,0,0,0,0,0,0,,0,0,0,23,3,0,0,,0,39 57:30.812,,2,75 09:52.636,0,0,0,0,67301,0,0,0,,0,0,0,1,67301,0,,2,1,,N,N,,0,,0,0,0,0,0,,2355,0,1,0,0,0,0,0,3,4,0,1,3,,N,,,,,,,,,,,
2008028952,325.0,1,0,0,0,0,0,0,0,0,7,0,,67,12,2007,1,39.9786,-75.2136,325.0,6,0,0,0,0,0,0,0,0,,0,0,0,3,3,1,1,,0,39 58:42.000,,0,75 12:49.015,8,0,0,0,67301,0,0,0,N,0,0,0,1,67301,0,,5,1,,N,N,,0,,0,0,0,3,2,,320,1,1,0,0,0,1,0,3,4,0,1,3,,N,,,,,,,,,,,
2008003823,1639.0,2,0,0,0,0,0,0,0,0,2,0,,67,10,2007,3,39.9434,-75.2203,1639.0,6,0,0,0,0,0,0,0,0,,0,0,0,15,1,5,1,,0,39 56:36.304,,0,75 13:12.928,3,0,0,0,67301,0,0,0,N,0,0,0,7,67301,4,,1,1,,N,N,,0,,1,0,0,3,3,,1500,5,3,0,0,0,0,1,3,4,1,3,3,,N,,,,,,,,,,,