CRN,ARRIVAL_TM,AUTOMOBILE_COUNT,BELTED_DEATH_COUNT,BELTED_SUSP_SERIOUS_INJ_COUNT,BICYCLE_COUNT,BICYCLE_DEATH_COUNT,BICYCLE_SUSP_SERIOUS_INJ_COUNT,BUS_COUNT,CHLDPAS_DEATH_COUNT,CHLDPAS_SUSP_SERIOUS_INJ_COUNT,COLLISION_TYPE,COMM_VEH_COUNT,CONS_ZONE_SPD_LIM,COUNTY,CRASH_MONTH,CRASH_YEAR,DAY_OF_WEEK,DEC_LAT,DEC_LONG,DISPATCH_TM,DISTRICT,DRIVER_COUNT_16YR,DRIVER_COUNT_17YR,DRIVER_COUNT_18YR,DRIVER_COUNT_19YR,DRIVER_COUNT_20YR,DRIVER_COUNT_50_64YR,DRIVER_COUNT_65_74YR,DRIVER_COUNT_75PLUS,EST_HRS_CLOSED,FATAL_COUNT,HEAVY_TRUCK_COUNT,HORSE_BUGGY_COUNT,HOUR_OF_DAY,ILLUMINATION,INJURY_COUNT,INTERSECT_TYPE,INTERSECTION_RELATED,LANE_CLOSED,LATITUDE,LN_CLOSE_DIR,LOCATION_TYPE,LONGITUDE,MAX_SEVERITY_LEVEL,MCYCLE_DEATH_COUNT,MCYCLE_SUSP_SERIOUS_INJ_COUNT,MOTORCYCLE_COUNT,MUNICIPALITY,NONMOTR_COUNT,NONMOTR_DEATH_COUNT,NONMOTR_SUSP_SERIOUS_INJ_COUNT,NTFY_HIWY_MAINT,PED_COUNT,PED_DEATH_COUNT,PED_SUSP_SERIOUS_INJ_COUNT,PERSON_COUNT,POLICE_AGCY,POSSIBLE_INJ_COUNT,RDWY_SURF_TYPE_CD,RELATION_TO_ROAD,ROAD_CONDITION,ROADWAY_CLEARED,SCH_BUS_IND,SCH_ZONE_IND,SECONDARY_CRASH,SMALL_TRUCK_COUNT,SPEC_JURIS_CD,SUSP_MINOR_INJ_COUNT,SUSP_SERIOUS_INJ_COUNT,SUV_COUNT,TCD_FUNC_CD,TCD_TYPE,TFC_DETOUR_IND,TIME_OF_DAY,TOT_INJ_COUNT,TOTAL_UNITS,UNB_DEATH_COUNT,UNB_SUSP_SERIOUS_INJ_COUNT,UNBELTED_OCC_COUNT,UNK_INJ_DEG_COUNT,UNK_INJ_PER_COUNT,URBAN_AREA,URBAN_RURAL,VAN_COUNT,VEHICLE_COUNT,WEATHER1,WEATHER2,WORK_ZONE_IND,WORK_ZONE_LOC,WORK_ZONE_TYPE,WORKERS_PRES,WZ_CLOSE_DETOUR,WZ_FLAGGER,WZ_LAW_OFFCR_IND,WZ_LN_CLOSURE,WZ_MOVING,WZ_OTHER,WZ_SHLDER_MDN,WZ_WORKERS_INJ_KILLED
2008006464,1800.0,3,0,0,0,0,0,0,0,0,1,0,,67,11,2007,6,39.913,-75.2433,1759.0,6,0,0,0,0,0,0,0,0,,0,0,0,99,3,0,0,,0,39 54:46.801,,0,75 14:35.881,9,0,0,0,67301,0,0,0,N,0,0,0,4,67301,0,,1,1,,N,N,,0,,0,0,1,3,2,,9999,0,4,0,0,2,0,1,3,4,0,4,3,,N,,,,,,,,,,,
2008024049,9999.0,1,0,0,0,0,0,0,0,0,2,1,,67,12,2007,6,39.9193,-75.2315,,6,0,0,0,0,0,0,0,0,,0,1,0,99,1,2,1,,0,39 55:09.408,,0,75 13:53.500,4,0,0,0,67301,0,0,0,N,0,0,0,4,67301,2,,1,1,,N,N,,0,,0,0,0,3,2,,9999,2,2,0,0,0,0,0,3,4,0,2,3,,N,,,,,,,,,,,
2008024069,2135.0,2,0,0,0,0,0,0,0,0,6,0,,67,10,2007,6,40.0184,-75.0638,2130.0,6,0,0,0,0,0,1,0,0,2.0,0,0,0,21,3,4,0,,1,40 01:05.000,1.0,0,75 03:49.910,8,0,0,0,67301,0,0,0,N,0,0,0,4,67301,0,,1,9,,N,N,,0,,0,0,0,0,0,N,2130,4,2,0,0,0,4,0,3,4,0,2,7,,N,,,,,,,,,,,
2008053041,951.0,1,0,0,0,0,0,0,0,0,1,0,,67,10,2007,7,39.9574,-75.2397,949.0,6,0,0,0,0,0,0,0,0,,0,0,0,9,1,0,0,,0,39 57:26.488,,0,75 14:22.966,9,0,0,0,67301,0,0,0,N,0,0,0,1,67301,0,,6,9,,N,N,,0,,0,0,0,0,0,,940,0,2,0,0,0,0,1,3,4,0,2,7,,N,,,,,,,,,,,
2008053151,2207.0,3,0,0,0,0,0,0,0,0,4,0,,67,12,2007,2,39.955,-75.21,2204.0,6,0,0,0,0,0,0,0,0,,0,0,0,21,3,0,1,,0,39 57:18.160,,0,75 12:35.978,0,0,0,0,67301,0,0,0,,0,0,0,5,67301,0,,1,1,,,,,0,,0,0,1,2,2,,2158,0,4,0,0,0,0,0,3,4,0,4,3,,N,,,,,,,,,,,
2008036477,355.0,1,0,0,0,0,0,0,0,0,4,0,,67,12,2007,1,40.0409,-75.0496,354.0,6,0,0,0,0,0,0,0,0,,0,0,0,1,3,0,0,,0,40 02:27.092,,0,75 02:58.480,0,0,0,0,67301,0,0,0,,0,0,0,1,67301,0,,2,9,,N,N,,0,,0,0,1,0,0,,140,0,3,0,0,0,0,0,3,4,1,3,7,,N,,,,,,,,,,,
2008018145,2000.0,0,0,0,0,0,0,1,0,0,8,1,,67,12,2007,1,39.9933,-75.1108,1957.0,6,0,0,0,0,0,0,0,0,,0,0,0,19,3,1,0,,0,39 59:36.000,,0,75 06:38.827,8,0,0,0,67301,1,0,0,N,1,0,0,2,67301,0,,1,9,,N,N,,0,,0,0,0,0,0,,1950,1,2,0,0,0,1,0,3,4,0,1,7,,N,,,,,,,,,,,
2008035046,,1,0,0,0,0,0,0,0,0,1,0,,67,6,2007,4,39.9571,-75.1444,,6,0,0,0,0,0,0,0,1,,0,0,0,99,1,2,6,,0,39 57:27.000,,2,75 08:48.120,4,0,0,0,67301,0,0,0,,0,0,0,3,,2,,1,1,,,,,0,,0,0,0,0,0,,9999,2,2,0,0,0,0,1,3,4,0,2,3,,N,,,,,,,,,,,
2008032468,,1,0,0,0,0,0,0,0,0,0,0,99.0,67,8,2007,7,40.0064,-75.1996,,6,0,0,0,0,0,1,0,0,,0,0,0,20,4,0,0,,0,40 00:23.000,,0,75 11:58.515,0,0,0,0,67301,0,0,0,N,0,0,0,1,,0,,1,1,,N,N,,0,,0,0,0,0,0,,2000,0,1,0,0,0,0,0,3,4,0,1,3,,Y,1.0,8.0,U,,,U,,,,,
2008034330,0.0,1,0,0,0,0,0,0,0,0,1,0,,67,11,2007,4,39.9527,-75.1578,0.0,6,0,0,0,0,0,0,0,0,,0,0,0,15,1,1,2,,0,39 57:09.766,,0,75 09:27.917,8,0,0,0,67301,0,0,0,N,0,0,0,2,00000,0,,1,1,,N,N,,0,,0,0,0,0,0,,1511,1,2,0,0,0,1,1,3,4,0,2,3,,N,,,,,,,,,,,
2008023711,2340.0,2,0,0,0,0,0,0,0,0,2,0,,67,12,2007,2,40.0683,-75.0403,2330.0,6,0,0,0,0,0,0,1,0,,0,0,0,23,3,1,0,,0,40 04:05.000,,0,75 02:25.101,8,0,0,0,67301,0,0,0,,0,0,0,2,67301,0,,1,1,,N,N,,0,,0,0,0,0,0,,2325,1,2,0,0,0,1,0,3,4,0,2,3,,N,,,,,,,,,,,
2008018602,638.0,2,0,0,0,0,0,0,0,0,1,0,,67,12,2007,3,39.9819,-75.2075,621.0,6,0,0,0,0,0,1,0,0,,0,0,0,6,5,0,6,,0,39 58:58.000,,2,75 12:29.050,9,0,0,0,67301,0,0,0,N,0,0,0,3,68K01,0,,1,1,,N,N,,0,,0,0,1,0,0,,621,0,3,0,0,0,0,1,3,4,0,3,3,,N,,,,,,,,,,,
2008016258,1346.0,1,0,0,0,0,0,0,0,0,4,1,,67,12,2007,2,39.9526,-75.1653,1346.0,6,0,0,0,0,0,0,0,0,,0,1,0,13,1,1,2,,0,39 57:09.365,,0,75 09:55.348,4,0,0,0,67301,0,0,0,,0,0,0,3,67301,1,,1,1,,,,,0,,0,0,0,3,2,,1346,1,2,0,0,0,0,0,3,4,0,2,3,,N,,,,,,,,,,,
2008006648,1130.0,2,0,0,0,0,0,0,0,0,2,0,,67,10,2007,3,39.9721,-75.2514,1130.0,6,0,0,0,0,0,0,0,1,,0,0,0,11,1,1,1,,0,39 58:19.000,,0,75 15:05.101,8,0,0,0,67301,0,0,0,N,0,0,0,3,67301,0,,1,1,,N,N,,0,,0,0,0,3,2,,1120,1,2,0,0,0,1,1,3,4,0,2,3,,N,,,,,,,,,,,
2008016369,1902.0,2,0,0,0,0,0,0,0,0,1,0,,67,12,2007,3,40.0232,-75.1372,1859.0,6,0,0,0,1,0,0,0,0,,0,0,0,18,3,1,0,,0,40 01:23.491,,0,75 08:14.085,3,0,0,0,67301,0,0,0,,0,0,0,6,67301,0,,1,9,,,,,0,,1,0,0,0,0,,1859,1,2,0,0,0,0,0,3,4,0,2,7,,N,,,,,,,,,,,
2008017084,1900.0,2,0,0,0,0,0,0,0,0,4,0,,67,12,2007,3,40.0156,-75.1498,1851.0,6,0,0,0,0,0,0,0,0,,0,0,0,18,4,1,2,,0,40 00:56.000,,0,75 08:59.116,4,0,0,0,67301,0,0,0,,0,0,0,2,67301,1,,1,9,,,,,1,,0,0,0,3,2,,1840,1,3,0,0,0,0,0,3,4,0,3,10,,N,,,,,,,,,,,
2008017287,249.0,1,0,0,0,0,0,0,0,0,7,0,,67,12,2007,2,40.0255,-75.126,249.0,6,0,0,0,0,0,0,0,0,1.0,0,0,0,2,3,1,2,,1,40 01:31.000,2.0,0,75 07:34.622,3,0,0,0,67301,0,0,0,N,0,0,0,1,67301,0,,4,9,,N,N,,0,,1,0,0,0,0,N,249,1,1,0,0,0,0,0,3,4,0,1,7,,N,,,,,,,,,,,
2008017357,2120.0,1,0,0,0,0,0,0,0,0,6,0,,67,11,2007,5,40.0504,-75.1531,2114.0,6,0,0,0,0,0,1,0,0,,0,0,0,99,3,2,1,,0,40 03:01.414,,0,75 09:11.224,8,0,0,0,67301,0,0,0,N,0,0,0,4,67301,0,,1,1,,N,N,,0,,0,0,1,3,3,,9999,2,2,0,0,0,2,1,3,4,0,2,3,,N,,,,,,,,,,,
2008017401,1611.0,1,0,0,0,0,0,0,0,0,4,0,,67,11,2007,3,40.081,-75.2027,1611.0,6,0,0,0,0,0,1,0,0,,0,0,0,15,1,0,1,,0,40 04:51.000,,0,75 12:09.698,0,0,0,0,67301,0,0,0,N,0,0,0,3,67301,0,,1,1,,N,N,,0,,0,0,0,3,2,,1530,0,2,0,0,0,0,0,3,4,1,2,3,,N,,,,,,,,,,,
2008006258,1855.0,1,0,0,0,0,0,0,0,0,8,0,,67,11,2007,5,39.9503,-75.1775,1845.0,6,0,0,0,0,0,0,0,0,1.0,0,0,0,18,3,1,2,,1,39 57:01.008,3.0,0,75 10:38.888,8,0,0,0,67301,1,0,0,,1,0,0,2,67301,0,,1,1,,N,N,,0,,0,0,0,9,3,N,1830,1,2,0,0,0,1,0,3,4,0,1,3,,N,,,,,,,,,,,
2008054047,1003.0,1,0,0,0,0,0,0,0,0,4,0,,67,12,2007,2,40.0185,-75.1671,1001.0,6,0,0,0,0,0,0,0,0,1.0,0,1,0,10,1,0,6,,1,40 01:06.763,2.0,2,75 10:01.464,0,0,0,0,67301,0,0,0,,0,0,0,2,67301,0,,7,1,,N,N,,0,,0,0,0,0,0,N,1001,0,2,0,0,0,0,0,3,4,0,2,3,,N,,,,,,,,,,,
2008023943,1403.0,2,0,0,0,0,0,0,0,0,4,0,,67,12,2007,4,40.0278,-75.1761,1400.0,6,0,0,0,0,0,0,0,0,,0,0,0,13,1,2,1,,0,40 01:40.105,,0,75 10:33.790,4,0,0,0,67301,0,0,0,N,0,0,0,2,67301,2,,1,1,,N,N,,0,,0,0,0,3,3,,1357,2,2,0,0,0,0,0,3,4,0,2,3,,N,,,,,,,,,,,
2008023964,925.0,2,0,0,0,0,0,0,0,0,6,0,,67,12,2007,2,39.9616,-75.1529,920.0,6,0,0,0,0,0,1,0,0,,0,0,0,9,1,1,1,,0,39 57:41.000,,0,75 09:10.538,4,0,0,0,67301,0,0,0,N,0,0,0,2,67301,1,,1,1,,N,N,,0,,0,0,0,2,2,,915,1,2,0,0,0,0,0,3,4,0,2,3,,N,,,,,,,,,,,
2008023976,2314.0,0,0,0,0,0,0,0,0,0,8,0,,67,12,2007,2,39.9489,-75.2394,2311.0,6,0,0,0,0,0,0,0,0,,0,0,0,23,3,1,1,,0,39 56:56.158,,0,75 14:22.009,4,0,0,0,67301,1,0,0,,1,0,0,2,67301,1,,1,1,,,,,0,,0,0,0,9,3,,2311,1,2,0,0,0,0,1,3,4,0,1,3,,N,,,,,,,,,,,
2008024041,1911.0,2,0,0,0,0,0,0,0,0,4,0,,67,12,2007,4,39.9218,-75.2216,1909.0,6,0,0,0,0,0,0,0,0,,0,0,0,19,3,1,2,,0,39 55:18.429,,0,75 13:17.630,4,0,0,0,67301,0,0,0,N,0,0,0,2,67301,1,,1,9,,N,N,,0,,0,0,0,3,3,,1906,1,2,0,0,0,0,0,3,4,0,2,7,,N,,,,,,,,,,,
2008038412,1356.0,1,0,0,0,0,0,0,0,0,7,0,,67,12,2007,1,39.9958,-75.1975,1354.0,6,0,0,0,0,0,0,0,0,,0,0,0,13,1,0,0,,0,39 59:45.000,,0,75 11:50.478,0,0,0,0,67301,0,0,0,N,0,0,0,3,68K01,0,,2,9,,N,N,,0,,0,0,0,0,0,,1352,0,1,0,0,0,0,0,3,4,0,1,7,,N,,,,,,,,,,,
2008039235,421.0,0,0,0,0,0,0,0,0,0,7,0,,67,12,2007,4,39.9265,-75.1945,421.0,6,0,0,0,0,0,0,1,0,2.0,0,0,0,4,3,1,0,,2,39 55:39.000,4.0,0,75 11:44.064,3,0,0,0,67301,0,0,0,Y,0,0,0,2,68K01,0,,2,1,,N,N,,0,,1,0,1,0,0,Y,421,1,2,0,0,0,0,0,3,4,0,1,3,,N,,,,,,,,,,,
2008033828,,2,0,0,0,0,0,0,0,0,1,0,,67,2,2007,5,,,,6,0,0,0,0,1,0,0,0,,0,0,0,19,4,0,0,,0,,,7,,0,0,0,0,67301,0,0,0,N,0,0,0,2,00000,0,,1,2,,N,N,,0,,0,0,0,0,0,,1900,0,2,0,0,1,0,0,3,3,0,2,99,,N,,,,,,,,,,,
2008016780,1550.0,2,0,0,0,0,0,0,0,0,1,0,,67,11,2007,6,40.0729,-75.0759,1543.0,6,0,0,1,0,0,1,0,0,,0,0,0,15,1,1,1,,0,40 04:22.000,,0,75 04:33.193,8,0,0,0,67301,0,0,0,,0,0,0,2,67301,0,,1,1,,,,,0,,0,0,0,3,2,,1530,1,2,0,0,0,1,0,3,4,0,2,3,,N,,,,,,,,,,,
2007092905,2103.0,1,0,0,0,0,0,0,0,0,4,0,,67,6,2007,5,39.9923,-75.1415,2101.0,6,0,0,0,0,0,0,0,0,,0,0,0,20,3,1,1,,0,39 59:32.000,,0,75 08:29.523,4,0,0,0,67301,0,0,0,N,0,0,0,13,67301,1,,1,9,,N,N,,0,,0,0,0,0,0,,2045,1,2,0,0,0,0,0,3,4,1,2,7,,N,,,,,,,,,,,
2007092907,1340.0,2,0,0,0,0,0,0,0,0,4,0,,67,7,2007,7,39.9869,-75.1358,1334.0,6,1,0,0,0,0,0,0,0,1.0,0,0,0,13,1,3,1,,1,39 59:12.710,2.0,0,75 08:09.023,3,0,0,0,67301,0,0,0,N,0,0,0,5,67301,1,,1,1,,N,N,,0,,2,0,0,3,2,Y,1320,3,2,0,0,0,0,1,3,4,0,2,3,,N,,,,,,,,,,,
2007092955,1850.0,2,0,0,0,0,0,0,0,0,4,0,,67,7,2007,7,39.9786,-75.2136,1845.0,6,0,1,0,0,0,0,0,0,1.0,0,0,0,18,1,1,1,,1,39 58:42.000,1.0,0,75 12:49.015,4,0,0,0,67301,0,0,0,N,0,0,0,4,67301,1,,1,1,,N,N,,0,,0,0,0,3,2,N,1840,1,2,0,0,0,0,0,3,4,0,2,3,,N,,,,,,,,,,,
2008007238,1613.0,1,0,0,0,0,0,0,0,0,7,0,,67,11,2007,1,39.9567,-75.1423,1611.0,6,0,0,0,0,0,0,0,0,1.0,0,0,0,16,1,1,0,,1,39 57:26.000,2.0,2,75 08:32.237,8,0,0,0,67301,0,0,0,N,0,0,0,1,67301,0,,2,9,,N,N,,0,,0,0,0,0,0,N,1600,1,1,0,0,0,1,0,3,4,0,1,7,,N,,,,,,,,,,,
2008007282,1756.0,1,0,0,0,0,0,1,0,0,4,1,,67,11,2007,2,39.9948,-75.1593,1751.0,6,0,0,0,0,0,0,0,0,,0,0,0,99,3,2,1,,0,39 59:41.316,,0,75 09:33.476,8,0,0,0,67301,0,0,0,N,0,0,0,4,67301,0,,1,9,,N,N,,0,,0,0,0,3,2,,9999,2,2,0,0,0,2,0,3,4,0,2,7,,N,,,,,,,,,,,
2008008209,9999.0,1,0,0,0,0,0,0,0,0,8,0,,67,11,2007,5,39.9786,-75.158,1107.0,6,0,0,0,0,0,0,0,0,3.0,0,0,0,99,1,1,0,,2,39 58:42.000,2.0,0,75 09:28.617,2,0,0,0,67301,1,0,1,,1,0,1,2,67301,0,,1,9,,N,,,0,,0,1,0,3,2,Y,9999,1,2,0,0,0,0,0,3,4,0,1,7,,N,,,,,,,,,,,
2008008212,1530.0,1,0,0,0,0,0,0,0,0,8,0,,67,11,2007,4,39.9758,-75.1686,1530.0,6,0,0,0,0,0,0,0,0,,0,0,0,14,1,1,3,,0,39 58:32.000,,0,75 10:06.789,4,0,0,0,67301,1,0,0,,1,0,0,2,67301,1,,1,1,,,,,0,,0,0,0,3,2,,1435,1,2,0,0,0,0,0,3,4,0,1,3,,N,,,,,,,,,,,
2008000681,1926.0,2,0,0,0,0,0,0,0,0,2,0,,67,10,2007,4,40.0368,-75.0407,1921.0,6,0,0,0,0,0,0,0,0,,0,0,0,19,3,1,1,,0,40 02:12.000,,0,75 02:27.053,4,0,0,0,67301,0,0,0,N,0,0,0,3,67301,1,,1,9,,N,N,,0,,0,0,0,3,2,,1921,1,2,0,0,0,0,0,3,4,0,2,7,,N,,,,,,,,,,,
2008018085,157.0,1,0,0,0,0,0,0,0,0,7,0,,67,12,2007,1,39.9623,-75.1394,146.0,6,0,0,1,0,0,0,0,0,1.0,0,0,0,1,3,0,0,,2,39 57:26.000,3.0,2,75 08:26.742,0,0,0,0,67301,0,0,0,N,0,0,0,3,67301,0,,2,1,,N,N,,0,,0,0,0,0,0,N,146,0,1,0,0,0,0,0,3,4,0,1,3,,N,,,,,,,,,,,
2008018093,639.0,1,0,0,0,0,0,0,0,0,8,0,,67,12,2007,4,40.0504,-75.1174,639.0,6,0,0,0,0,0,0,0,0,,0,0,0,6,5,1,0,,0,40 03:01.000,,0,75 07:02.641,8,0,0,0,67301,1,0,0,N,1,0,0,2,67301,0,,1,1,,N,N,,0,,0,0,0,0,0,,639,1,2,0,0,0,1,0,3,4,0,1,3,,N,,,,,,,,,,,
2008018234,1326.0,1,0,0,0,0,0,0,0,0,4,0,,67,12,2007,5,40.0984,-75.0471,1320.0,6,0,0,0,0,0,0,1,0,2.0,0,0,0,13,1,2,1,,1,40 05:53.000,4.0,0,75 02:49.794,4,0,0,0,67301,0,0,0,N,0,0,0,2,67301,2,,1,1,,N,N,,0,,0,0,1,3,2,N,1318,2,2,0,0,0,0,0,3,4,0,2,3,,N,,,,,,,,,,,
2008018241,1113.0,0,0,0,0,0,0,0,0,0,4,0,,67,12,2007,5,40.1047,-75.0015,1113.0,6,0,0,0,0,0,1,1,0,,0,0,0,11,1,1,2,,0,40 06:17.000,,0,75 00:05.603,8,0,0,0,67301,0,0,0,N,0,0,0,3,67301,0,,1,1,,N,N,,1,,0,0,0,3,2,,1113,1,2,0,0,0,1,0,3,4,1,2,3,,N,,,,,,,,,,,
2008022748,709.0,0,0,0,0,0,0,0,0,0,1,1,,67,12,2007,2,39.9958,-75.2179,700.0,6,0,0,0,0,0,0,0,0,,0,1,0,6,1,1,0,,0,39 59:44.732,,0,75 13:04.330,8,0,0,0,67301,0,0,0,N,0,0,0,1,67301,0,,1,1,,N,N,,0,,0,0,1,0,0,,655,1,2,0,0,1,1,0,3,4,0,2,3,,N,,,,,,,,,,,
2008005972,1255.0,1,0,0,0,0,0,0,0,0,8,0,,67,11,2007,2,39.9848,-75.2496,1250.0,6,0,0,0,0,0,1,0,0,,0,0,0,12,1,1,0,,0,39 59:05.344,,0,75 14:58.599,8,0,0,0,67301,1,0,0,N,1,0,0,2,67301,0,,3,9,,N,N,,0,,0,0,0,0,0,,1250,1,2,0,0,0,1,0,3,4,0,1,7,,N,,,,,,,,,,,
2008005975,1419.0,2,0,0,0,0,0,0,0,0,2,0,,67,11,2007,7,39.9421,-75.2322,1419.0,6,0,0,0,0,0,0,0,0,,0,0,0,14,1,2,1,,0,39 56:31.596,,0,75 13:55.826,4,0,0,0,67301,0,0,0,N,0,0,0,5,67301,2,,1,1,,N,N,,0,,0,0,0,3,3,,1409,2,2,0,0,0,0,0,3,4,0,2,3,,N,,,,,,,,,,,
2008005979,810.0,2,0,0,0,0,0,0,0,0,4,0,,67,11,2007,2,40.0384,-75.0856,800.0,6,0,0,0,0,1,0,0,0,,0,0,0,7,1,2,1,,0,40 02:18.099,,0,75 05:08.113,4,0,0,0,67301,0,0,0,N,0,0,0,3,67301,2,,1,9,,N,N,,0,,0,0,0,3,3,,723,2,2,0,0,1,0,0,3,4,0,2,7,,N,,,,,,,,,,,
2008020409,901.0,1,0,0,0,0,0,0,0,0,0,1,,67,12,2007,2,39.9411,-75.195,836.0,6,0,0,0,0,0,0,0,0,,0,1,0,8,1,1,3,,0,39 56:36.000,,0,75 11:33.166,4,0,0,0,67301,0,0,0,N,0,0,0,3,68K01,1,,1,1,,N,N,,0,,0,0,0,0,0,,835,1,2,0,0,0,0,0,3,4,0,2,3,,N,,,,,,,,,,,
2008032579,,1,0,0,0,0,0,0,0,0,1,0,,67,3,2007,5,40.0072,-75.2138,,6,0,0,0,0,0,0,0,0,,0,0,0,15,1,3,1,,0,40 00:25.000,,0,75 12:50.428,8,0,0,0,67301,0,0,0,,0,0,0,4,,0,,1,1,,,,,0,,0,0,1,3,2,,1500,3,2,0,0,0,3,0,3,4,0,2,3,,N,,,,,,,,,,,
2008030444,1149.0,1,0,0,0,0,0,0,0,0,7,0,,67,12,2007,7,39.981,-75.1029,1143.0,6,0,0,0,0,0,0,0,0,1.0,0,0,0,11,1,1,0,,2,39 58:51.000,1.0,0,75 06:10.668,3,0,0,0,67301,0,0,0,N,0,0,0,1,67301,0,,2,1,,N,N,,0,,1,0,0,0,0,Y,1143,1,1,0,0,0,0,0,3,4,0,1,3,,N,,,,,,,,,,,
2008009185,331.0,1,0,0,0,0,0,0,0,0,8,0,,67,9,2007,6,39.9606,-75.1414,331.0,6,0,0,0,0,0,0,0,0,3.0,1,0,0,3,3,0,1,,2,39 57:38.000,7.0,0,75 08:28.573,1,0,0,0,67301,1,1,0,N,1,1,0,2,67301,0,2.0,1,1,,N,N,,0,0.0,0,0,0,3,2,Y,329,0,2,0,0,0,0,0,3,4,0,1,3,,N,,,,,,,,,,,
2008006790,2122.0,2,0,0,0,0,0,0,0,0,1,0,,67,12,2007,7,40.0081,-75.2021,2119.0,6,0,0,0,0,1,0,0,0,,0,0,0,21,3,2,0,,0,40 00:28.000,,0,75 12:05.885,8,0,0,0,67301,0,0,0,N,0,0,0,6,68K01,0,,1,1,,N,N,,0,,0,0,0,0,0,,2117,2,3,0,0,1,2,0,3,4,1,3,3,,N,,,,,,,,,,,
2008023744,740.0,1,0,0,0,0,0,0,0,0,7,0,,67,12,2007,1,40.027,-75.1928,735.0,6,0,0,0,0,0,0,0,0,,0,0,0,7,1,0,0,,0,40 01:37.200,,0,75 11:34.200,0,0,0,0,67301,0,0,0,N,0,0,0,1,67301,0,,2,9,,N,N,,0,,0,0,0,0,0,,730,0,1,0,0,0,0,0,3,4,0,1,7,,N,,,,,,,,,,,
2008006677,130.0,1,0,0,0,0,0,0,0,0,6,0,,67,11,2007,5,39.9866,-75.0944,9999.0,6,0,0,0,0,0,0,0,0,,0,0,0,0,3,1,1,,0,39 59:11.923,,0,75 05:39.698,4,0,0,0,67301,1,0,0,,0,0,0,2,67301,1,,1,1,,,,,0,,0,0,0,3,2,,45,1,2,0,0,0,0,1,3,4,0,2,3,,N,,,,,,,,,,,
2008016361,9999.0,1,0,0,0,0,0,0,0,0,8,0,,67,11,2007,5,40.0234,-75.0643,,6,0,0,0,0,0,0,0,0,,0,0,0,17,4,1,0,,0,40 01:24.124,,0,75 03:51.645,8,0,0,0,67301,1,0,0,N,1,0,0,3,67301,0,,1,1,,N,N,,0,,0,0,0,9,3,,1710,1,2,0,0,1,1,0,3,4,0,1,3,,N,,,,,,,,,,,
2008024500,640.0,1,0,0,0,0,0,0,0,0,7,0,,67,12,2007,6,39.8919,-75.2419,635.0,6,0,0,0,0,0,0,0,0,9.0,0,0,0,6,3,1,5,,1,39 53:30.000,4.0,0,75 14:30.863,4,0,0,0,67301,0,0,0,N,0,0,0,1,67301,1,,4,9,,N,N,,0,,0,0,0,3,2,N,630,1,1,0,0,0,0,0,3,4,0,1,7,,N,,,,,,,,,,,
2008016994,1226.0,2,0,0,0,0,0,0,0,0,1,0,,67,12,2007,6,39.9186,-75.1439,1225.0,6,0,1,0,0,0,0,0,0,,0,0,0,12,1,2,0,,0,39 55:06.967,,7,75 08:37.935,4,0,0,0,67301,0,0,0,N,0,0,0,3,67301,2,,1,9,,N,N,,0,,0,0,0,0,0,,1207,2,2,0,0,3,0,0,3,4,0,2,7,,N,,,,,,,,,,,
2008017347,39.0,3,0,0,0,0,0,0,0,0,2,0,,67,12,2007,3,39.9913,-75.2475,35.0,6,0,0,0,0,0,1,0,0,,0,0,0,0,3,3,0,,0,39 59:28.000,,0,75 14:50.839,4,0,0,0,67301,0,0,0,N,0,0,0,3,67301,2,,1,1,,N,N,,0,,0,0,0,0,0,,33,3,3,0,0,0,1,0,3,4,0,3,3,,N,,,,,,,,,,,
2008017062,2305.0,2,0,0,0,0,0,0,0,0,4,0,,67,12,2007,6,39.9732,-75.2122,2305.0,6,0,0,0,0,0,0,0,0,,0,0,0,23,3,1,1,,0,39 58:23.000,,0,75 12:43.721,4,0,0,0,67301,0,0,0,N,0,0,0,3,67301,1,,1,1,,N,N,,0,,0,0,0,3,2,,2305,1,2,0,0,0,0,0,3,4,0,2,3,,N,,,,,,,,,,,
2008017426,1304.0,1,0,0,0,0,0,0,0,0,4,0,,67,12,2007,4,40.0308,-75.0932,1301.0,6,0,0,0,0,0,1,0,0,,0,0,0,12,1,1,1,,0,40 01:50.743,,0,75 05:35.516,4,0,0,0,67301,0,0,0,,0,0,0,5,67301,1,,1,1,,,,,0,,0,0,1,3,3,,1245,1,2,0,0,0,0,0,3,4,0,2,3,,N,,,,,,,,,,,
2008017430,1700.0,1,0,0,0,0,0,0,0,0,4,0,,67,11,2007,6,40.0062,-75.1518,1700.0,6,0,0,0,0,0,0,0,0,,0,0,0,17,1,1,1,,0,40 00:22.000,,0,75 09:06.487,8,0,0,0,67301,0,0,0,N,0,0,0,2,67301,0,,1,1,,N,N,,0,,0,0,1,3,2,,1700,1,2,0,0,0,1,0,3,4,0,2,3,,N,,,,,,,,,,,
2008017535,9999.0,1,0,0,0,0,0,1,0,0,5,1,,67,11,2007,2,39.9249,-75.2265,1610.0,6,0,0,0,0,0,1,0,0,,0,0,0,16,3,1,1,,0,39 55:29.000,,0,75 13:35.237,4,0,0,0,67301,0,0,0,N,0,0,0,3,67301,1,,1,9,,N,N,,0,,0,0,0,3,2,,1600,1,2,0,0,0,0,0,3,4,0,2,7,,N,,,,,,,,,,,