CRN,ARRIVAL_TM,AUTOMOBILE_COUNT,BELTED_DEATH_COUNT,BELTED_SUSP_SERIOUS_INJ_COUNT,BICYCLE_COUNT,BICYCLE_DEATH_COUNT,BICYCLE_SUSP_SERIOUS_INJ_COUNT,BUS_COUNT,CHLDPAS_DEATH_COUNT,CHLDPAS_SUSP_SERIOUS_INJ_COUNT,COLLISION_TYPE,COMM_VEH_COUNT,CONS_ZONE_SPD_LIM,COUNTY,CRASH_MONTH,CRASH_YEAR,DAY_OF_WEEK,DEC_LAT,DEC_LONG,DISPATCH_TM,DISTRICT,DRIVER_COUNT_16YR,DRIVER_COUNT_17YR,DRIVER_COUNT_18YR,DRIVER_COUNT_19YR,DRIVER_COUNT_20YR,DRIVER_COUNT_50_64YR,DRIVER_COUNT_65_74YR,DRIVER_COUNT_75PLUS,EST_HRS_CLOSED,FATAL_COUNT,HEAVY_TRUCK_COUNT,HORSE_BUGGY_COUNT,HOUR_OF_DAY,ILLUMINATION,INJURY_COUNT,INTERSECT_TYPE,INTERSECTION_RELATED,LANE_CLOSED,LATITUDE,LN_CLOSE_DIR,LOCATION_TYPE,LONGITUDE,MAX_SEVERITY_LEVEL,MCYCLE_DEATH_COUNT,MCYCLE_SUSP_SERIOUS_INJ_COUNT,MOTORCYCLE_COUNT,MUNICIPALITY,NONMOTR_COUNT,NONMOTR_DEATH_COUNT,NONMOTR_SUSP_SERIOUS_INJ_COUNT,NTFY_HIWY_MAINT,PED_COUNT,PED_DEATH_COUNT,PED_SUSP_SERIOUS_INJ_COUNT,PERSON_COUNT,POLICE_AGCY,POSSIBLE_INJ_COUNT,RDWY_SURF_TYPE_CD,RELATION_TO_ROAD,ROAD_CONDITION,ROADWAY_CLEARED,SCH_BUS_IND,SCH_ZONE_IND,SECONDARY_CRASH,SMALL_TRUCK_COUNT,SPEC_JURIS_CD,SUSP_MINOR_INJ_COUNT,SUSP_SERIOUS_INJ_COUNT,SUV_COUNT,TCD_FUNC_CD,TCD_TYPE,TFC_DETOUR_IND,TIME_OF_DAY,TOT_INJ_COUNT,TOTAL_UNITS,UNB_DEATH_COUNT,UNB_SUSP_SERIOUS_INJ_COUNT,UNBELTED_OCC_COUNT,UNK_INJ_DEG_COUNT,UNK_INJ_PER_COUNT,URBAN_AREA,URBAN_RURAL,VAN_COUNT,VEHICLE_COUNT,WEATHER1,WEATHER2,WORK_ZONE_IND,WORK_ZONE_LOC,WORK_ZONE_TYPE,WORKERS_PRES,WZ_CLOSE_DETOUR,WZ_FLAGGER,WZ_LAW_OFFCR_IND,WZ_LN_CLOSURE,WZ_MOVING,WZ_OTHER,WZ_SHLDER_MDN,WZ_WORKERS_INJ_KILLED
2008017310,1606.0,1,0,0,0,0,0,0,0,0,7,0,,67,12,2007,7,39.9478,-75.1422,1546.0,6,0,0,1,0,0,0,0,0,1.0,0,0,0,15,1,0,0,,1,39 56:53.000,2.0,1,75 08:31.622,0,0,0,0,67301,0,0,0,,0,0,0,3,67301,0,,2,1,,,,,0,,0,0,0,0,0,N,1543,0,1,0,0,0,0,0,3,4,0,1,3,,N,,,,,,,,,,,
2008053740,315.0,2,0,0,0,0,0,0,0,0,4,0,,67,12,2007,1,40.0356,-75.0705,310.0,6,0,0,0,0,0,0,0,0,,0,0,0,3,3,0,5,,0,40 02:08.241,,0,75 04:13.971,0,0,0,0,67301,0,0,0,,0,0,0,2,67301,0,,1,1,,,,,0,,0,0,0,3,2,,305,0,2,0,0,0,0,0,3,4,0,2,3,,N,,,,,,,,,,,
2008053987,1055.0,2,0,0,0,0,0,0,0,0,4,0,,67,11,2007,5,39.9046,-75.2387,1051.0,6,0,0,0,0,0,0,1,0,,0,0,0,10,1,0,1,,0,39 54:16.588,,0,75 14:19.147,0,0,0,0,67301,0,0,0,N,0,0,0,2,67301,0,,1,1,,N,N,,0,,0,0,0,0,0,,1030,0,2,0,0,0,0,0,3,4,0,2,3,,N,,,,,,,,,,,
2008033764,,1,0,0,0,0,0,0,0,0,1,0,,67,11,2007,5,,,,6,0,0,0,0,0,1,0,0,,0,0,0,17,4,1,0,,0,,,0,,8,0,0,0,67301,0,0,0,,0,0,0,2,00000,0,,1,1,,,,,1,,0,0,0,0,0,,1730,1,2,0,0,0,1,0,3,3,0,2,3,,N,,,,,,,,,,,
2008003829,1210.0,2,0,0,0,0,0,0,0,0,4,0,,67,10,2007,3,40.0007,-75.0977,1200.0,6,0,0,0,0,0,0,0,0,,0,0,0,11,1,1,1,,0,40 00:02.000,,0,75 05:51.843,4,0,0,0,67301,0,0,0,,0,0,0,2,67301,1,,1,1,,N,N,,0,,0,0,0,1,2,,1120,1,2,0,0,0,0,1,3,4,0,2,3,,N,,,,,,,,,,,
2008069657,1505.0,0,0,0,0,0,0,0,0,0,8,0,,67,4,2007,3,39.9924,-75.1326,1445.0,6,0,0,0,0,0,1,0,0,,0,0,0,14,1,1,0,,0,39 59:32.673,,0,75 07:57.486,8,0,0,0,67301,1,0,0,,1,0,0,2,67301,0,,1,1,,,,,0,,0,0,0,0,0,,1445,1,2,0,0,0,1,0,3,4,1,1,3,,N,,,,,,,,,,,
2008053036,805.0,2,0,0,0,0,0,0,0,0,4,0,,67,10,2007,2,40.059,-75.1789,758.0,6,0,0,0,0,0,1,0,0,,0,0,0,7,1,0,3,,0,40 03:32.450,,0,75 10:44.147,0,0,0,0,67301,0,0,0,N,0,0,0,3,67301,0,,1,1,,N,N,,0,,0,0,0,2,4,,753,0,2,0,0,0,0,0,3,4,0,2,3,,N,,,,,,,,,,,
2008053245,2227.0,1,0,0,0,0,0,0,0,0,4,0,,67,12,2007,7,39.9042,-75.1646,2223.0,6,0,0,0,0,1,0,0,0,,0,0,0,22,3,0,2,,0,39 54:15.296,,0,75 09:52.610,0,0,0,0,67301,0,0,0,N,0,0,0,3,67301,0,,1,9,,N,N,,1,,0,0,0,9,2,,2223,0,2,0,0,0,0,0,3,4,0,2,7,,N,,,,,,,,,,,
2008038981,615.0,1,0,0,0,0,0,1,0,0,4,1,,67,11,2007,4,40.0092,-75.1508,615.0,6,0,0,0,0,0,0,0,0,,0,0,0,6,1,1,5,,0,40 00:33.000,,0,75 09:02.944,4,0,0,0,67301,0,0,0,N,0,0,0,7,67301,1,,1,1,,N,N,,0,,0,0,0,3,2,,615,1,2,0,0,0,0,0,3,4,0,2,3,,N,,,,,,,,,,,
2008008729,646.0,1,0,0,0,0,0,0,0,0,5,0,,67,11,2007,3,40.049,-74.9968,633.0,6,0,0,0,0,0,0,0,0,,0,0,0,6,3,1,0,,0,40 02:56.000,,0,74 59:47.472,4,0,0,0,67301,0,0,0,N,0,0,0,3,67301,1,,1,1,,N,N,,0,,0,0,1,0,0,,633,1,2,0,0,0,0,0,3,4,0,2,3,,N,,,,,,,,,,,
2008005956,1805.0,0,0,0,0,0,0,0,0,0,5,0,,67,11,2007,4,40.0132,-75.1692,1800.0,6,0,0,0,0,0,1,0,0,1.0,0,0,0,17,3,1,0,,1,40 00:47.000,2.0,0,75 10:09.077,4,0,0,1,67301,0,0,0,N,0,0,0,2,67301,1,,1,98,,N,N,,0,,0,0,0,0,0,N,1750,1,2,0,0,0,0,0,3,4,1,2,98,,N,,,,,,,,,,,
2008005997,951.0,1,0,0,0,0,0,0,0,0,8,0,,67,11,2007,6,39.9573,-75.2479,950.0,6,0,0,0,0,0,0,0,0,,0,0,0,9,1,1,1,,0,39 57:26.000,,0,75 14:52.348,8,0,0,0,67301,1,0,0,N,1,0,0,2,67301,0,,1,1,,N,N,,0,,0,0,0,3,2,,950,1,2,0,0,0,1,0,3,4,0,1,3,,N,,,,,,,,,,,
2008018362,2159.0,1,0,0,0,0,0,0,0,0,2,0,,67,12,2007,6,,,2159.0,6,0,0,0,0,0,1,0,0,1.0,0,0,0,21,3,0,1,,1,,1.0,0,,0,0,0,0,67301,0,0,0,N,0,0,0,5,68K01,0,,1,1,,N,N,,0,,0,0,1,3,2,N,2157,0,2,0,0,0,0,0,3,3,0,2,3,,N,,,,,,,,,,,
2008037279,815.0,1,0,0,0,0,0,0,0,0,8,0,,67,10,2007,6,39.9899,-75.1174,805.0,6,0,0,0,0,0,0,0,0,,0,0,0,7,1,1,0,,0,39 59:23.000,,0,75 07:02.541,8,0,0,0,67301,1,0,0,N,1,0,0,4,67301,0,,1,1,,N,Y,,0,,0,0,0,0,0,,735,1,2,0,0,0,1,0,3,4,0,1,3,,N,,,,,,,,,,,
2008006566,854.0,1,0,0,0,0,0,0,0,0,4,0,,67,10,2007,5,40.0783,-75.0419,852.0,6,0,0,0,0,0,0,0,0,,0,0,0,8,1,1,0,,0,40 04:42.029,,0,75 02:30.833,4,0,0,0,67301,0,0,0,,0,0,0,2,67301,1,,2,9,,,,,0,,0,0,0,0,0,,852,1,2,0,0,0,0,0,3,4,1,2,3,,N,,,,,,,,,,,
2008006567,955.0,2,0,0,0,0,0,0,0,0,4,0,,67,11,2007,6,40.0811,-75.0289,942.0,6,0,0,0,0,0,1,0,0,,0,0,0,9,1,1,1,,0,40 04:51.000,,0,75 01:44.242,4,0,0,0,67301,0,0,0,N,0,0,0,3,67301,1,,1,1,,N,N,,0,,0,0,0,0,0,,935,1,2,0,0,0,0,0,3,4,0,2,3,,N,,,,,,,,,,,
2008023718,1809.0,1,0,0,0,0,0,0,0,0,8,0,,67,12,2007,4,39.9453,-75.2418,1802.0,6,0,0,0,0,0,0,1,0,,0,0,0,17,4,1,1,,0,39 56:43.000,,0,75 14:30.515,4,0,0,0,67301,1,0,0,N,1,0,0,2,67301,1,,1,9,,N,N,,0,,0,0,0,3,2,,1753,1,2,0,0,0,0,0,3,4,0,1,5,,N,,,,,,,,,,,
2008006734,1608.0,2,0,0,0,0,0,0,0,0,8,0,,67,10,2007,7,39.9948,-75.1239,1604.0,6,0,0,0,0,0,0,0,0,2.0,0,0,0,15,1,2,0,,2,39 59:41.326,2.0,0,75 07:25.917,4,0,0,0,67301,1,0,0,,1,0,0,2,67301,1,,1,1,,,,,0,,0,0,0,0,0,Y,1555,2,5,0,0,0,1,0,3,4,2,4,3,,N,,,,,,,,,,,
2008007111,1018.0,2,0,0,0,0,0,0,0,0,1,0,,67,12,2007,7,40.0415,-75.0133,1016.0,6,0,0,0,0,0,0,0,0,,0,0,0,10,1,1,2,,0,40 02:29.000,,0,75 00:47.624,8,0,0,0,67301,0,0,0,N,0,0,0,2,67301,0,,1,1,,N,N,,0,,0,0,0,3,2,,1013,1,2,0,0,0,1,0,3,4,0,2,3,,N,,,,,,,,,,,
2008003913,1435.0,0,0,0,1,0,0,0,0,0,5,0,,67,10,2007,3,40.0144,-75.0872,1433.0,6,0,0,0,0,0,1,0,0,,0,0,0,14,1,1,1,,0,40 00:51.663,,0,75 05:14.042,4,0,0,0,67301,1,0,0,,0,0,0,3,67301,1,,1,1,,,,,1,,0,0,0,3,3,,1433,1,2,0,0,0,0,0,3,4,0,1,3,,N,,,,,,,,,,,
2008036974,1818.0,0,0,0,0,0,0,0,0,0,8,1,,67,12,2007,2,39.9716,-75.2161,1803.0,6,0,0,0,0,0,1,0,0,,0,1,0,99,3,1,2,,0,39 58:17.000,,0,75 12:57.932,4,0,0,0,67301,1,0,0,,1,0,0,2,67301,1,,1,8,,,,,0,,0,0,0,0,0,,9999,1,2,0,0,0,0,0,3,4,0,1,7,,N,,,,,,,,,,,
2008036981,1316.0,1,0,0,0,0,0,0,0,0,7,0,,67,12,2007,3,40.0965,-75.0305,1310.0,6,0,0,0,0,0,0,1,0,3.0,0,0,0,13,1,1,0,,1,40 05:46.000,1.0,0,75 01:49.835,3,0,0,0,67301,0,0,0,N,0,0,0,1,67301,0,,5,1,,N,N,,0,,1,0,0,0,0,N,1309,1,1,0,0,0,0,0,3,4,0,1,3,,N,,,,,,,,,,,
2008024361,1609.0,2,0,0,0,0,0,0,0,0,4,0,,67,12,2007,4,39.9771,-75.168,1607.0,6,0,0,0,0,0,0,0,0,,0,0,0,16,1,1,1,,0,39 58:37.502,,0,75 10:04.972,8,0,0,0,67301,0,0,0,N,0,0,0,2,67301,0,,1,9,,N,,,0,,0,0,0,3,2,,1605,1,2,0,0,0,1,1,3,4,0,2,10,,N,,,,,,,,,,,
2008024231,1337.0,1,0,0,1,0,0,0,0,0,2,0,,67,12,2007,2,40.0137,-75.1922,1335.0,6,0,0,0,0,0,1,0,0,2.0,0,0,0,13,1,1,0,,2,40 00:49.482,6.0,0,75 11:32.070,3,0,0,0,67301,1,0,0,,0,0,0,2,67301,0,,1,1,,N,N,,0,,1,0,0,0,0,Y,1330,1,2,0,0,0,0,1,3,4,0,1,3,,N,,,,,,,,,,,
2008019350,1720.0,0,0,0,0,0,0,0,0,0,8,0,,67,11,2007,3,40.0743,-75.0464,1705.0,6,0,0,0,0,0,1,0,0,,0,0,0,17,3,1,2,,0,40 04:27.000,,0,75 02:47.193,4,0,0,0,67301,1,0,0,N,1,0,0,2,67301,1,,1,1,,N,N,,1,,0,0,0,3,2,,1705,1,2,0,0,0,0,0,3,4,0,1,3,,N,,,,,,,,,,,
2008024432,1510.0,2,0,0,0,0,0,0,0,0,4,0,,67,11,2007,4,,,1505.0,6,0,0,0,0,0,1,1,0,,0,0,0,15,8,1,2,,0,,,0,,8,0,0,0,67301,0,0,0,N,0,0,0,2,67301,0,,1,1,,N,N,,0,,0,0,0,3,2,,1505,1,2,0,0,0,1,0,3,3,0,2,3,,N,,,,,,,,,,,
2008016935,2225.0,1,0,0,0,0,0,0,0,0,1,0,,67,12,2007,6,39.9451,-75.1614,2220.0,6,0,0,0,0,0,0,0,0,,0,0,0,22,3,1,1,,0,39 56:42.324,,0,75 09:40.921,8,0,0,0,67301,0,0,0,N,0,0,0,3,67301,0,,1,1,,N,N,,0,,0,0,1,3,2,,2220,1,2,0,0,0,1,0,3,4,0,2,3,,N,,,,,,,,,,,
2008016995,857.0,1,0,0,0,0,0,0,0,0,1,0,,67,11,2007,5,40.0343,-75.1919,853.0,6,0,0,0,0,0,0,1,0,,0,0,0,8,1,1,2,,0,40 02:03.000,,0,75 11:30.779,4,0,0,1,67301,0,0,0,,0,0,0,2,67301,1,,1,1,,,,,0,,0,0,0,0,0,,845,1,2,0,0,0,0,0,3,4,0,2,3,,N,,,,,,,,,,,
2008017058,945.0,1,0,0,0,0,0,0,0,0,8,0,,67,11,2007,5,39.9569,-75.1604,943.0,6,0,0,0,0,0,0,0,0,,0,0,0,9,1,1,0,,0,39 57:24.963,,0,75 09:37.483,8,0,0,0,67301,1,0,0,N,1,0,0,2,67301,0,,1,1,,N,N,,0,,0,0,0,0,0,,940,1,2,0,0,0,1,0,3,4,0,1,3,,N,,,,,,,,,,,
2008017076,1.0,0,0,0,0,0,0,0,0,0,1,0,,67,12,2007,6,40.0851,-74.9883,2355.0,6,0,0,0,0,0,0,1,0,,0,0,0,23,3,2,2,,0,40 05:06.186,,0,74 59:17.926,8,0,0,0,67301,0,0,0,N,0,0,0,4,67301,0,,1,1,,N,N,,0,,0,0,2,3,2,,2300,2,2,0,0,0,2,0,3,4,0,2,3,,N,,,,,,,,,,,
2008017523,2301.0,1,0,0,0,0,0,0,0,0,7,0,,67,11,2007,2,39.9219,-75.1905,2300.0,6,0,0,0,0,0,0,0,0,1.0,0,0,0,22,3,0,0,,1,39 55:18.000,4.0,0,75 11:25.838,0,0,0,0,67301,0,0,0,N,0,0,0,1,67301,0,,3,1,,N,N,,0,,0,0,0,0,0,N,2250,0,1,0,0,1,0,0,3,4,0,1,7,,N,,,,,,,,,,,
2008033808,,0,0,0,0,0,0,0,0,0,0,0,,67,5,2007,6,40.0314,-75.1548,,6,0,0,0,0,0,1,0,0,,0,0,0,99,8,1,2,,0,40 01:53.151,,0,75 09:17.114,3,0,0,0,67301,0,0,0,N,0,0,0,1,,0,,1,1,,N,N,,0,,1,0,1,0,0,,9999,1,1,0,0,0,0,0,3,4,0,1,3,,N,,,,,,,,,,,
2008006400,1155.0,1,0,0,0,0,0,0,0,0,7,0,,67,11,2007,2,40.0906,-75.0081,1151.0,6,0,0,0,0,0,1,0,0,,0,0,0,11,1,1,0,,0,40 05:26.163,,0,75 00:28.983,4,0,0,0,67301,0,0,0,,0,0,0,1,67301,1,,4,9,,N,N,,0,,0,0,0,0,0,,1150,1,1,0,0,0,0,0,3,4,0,1,7,,N,,,,,,,,,,,
2008008982,22.0,1,0,0,0,0,0,0,0,0,8,0,,67,11,2007,4,40.0738,-75.1732,18.0,6,0,0,0,0,0,1,0,0,,0,0,0,6,1,1,1,,0,40 04:25.766,,0,75 10:23.397,8,0,0,0,67301,1,0,0,N,1,0,0,2,67301,0,,1,1,,N,N,,0,,0,0,0,3,2,,620,1,2,0,0,0,1,0,3,4,0,1,3,,N,,,,,,,,,,,
2008021428,1210.0,1,0,0,0,0,0,0,0,0,7,0,,67,11,2007,2,39.9721,-75.1248,1202.0,6,0,0,0,0,0,0,0,0,1.0,0,0,0,12,1,1,0,,1,39 58:20.000,2.0,2,75 07:28.240,8,0,0,0,67301,0,0,0,N,0,0,0,1,67301,0,,3,9,,N,N,,0,,0,0,0,0,0,N,1202,1,1,0,0,0,1,0,3,4,0,1,7,,N,,,,,,,,,,,
2009065415,1435.0,2,0,0,0,0,0,0,0,0,1,0,,67,5,2007,7,39.9988,-75.1313,1428.0,6,0,0,0,0,0,0,0,0,,0,0,0,13,1,1,2,,0,39 59:55.564,,0,75 07:52.531,8,0,0,0,67301,0,0,0,,0,0,0,3,67301,0,,1,1,,N,N,,0,,0,0,0,3,2,,1359,1,2,0,0,0,1,0,3,4,0,2,3,,N,,,,,,,,,,,
2008029173,1550.0,2,0,0,0,0,0,0,0,0,1,0,,67,12,2007,7,40.0361,-75.0649,1545.0,6,0,0,0,1,0,0,0,0,1.0,0,0,0,15,1,7,0,,1,40 02:09.000,1.0,0,75 03:53.581,4,0,0,0,67301,0,0,0,,0,0,0,7,67301,6,,1,1,,,,,0,,0,0,0,0,0,N,1545,7,2,0,0,0,1,0,3,4,0,2,3,,N,,,,,,,,,,,
2008017021,333.0,1,0,0,0,0,0,0,0,0,2,0,,67,11,2007,7,39.9991,-75.1087,332.0,6,0,0,0,0,0,0,0,0,3.0,0,0,0,3,3,0,0,,2,39 59:56.793,5.0,0,75 06:31.248,0,0,0,0,67301,0,0,0,N,0,0,0,3,67301,0,,1,1,,N,N,,1,,0,0,0,3,2,Y,330,0,2,0,0,2,0,0,3,4,0,2,3,,N,,,,,,,,,,,
2008017032,1503.0,1,0,0,0,0,0,0,0,0,8,0,,67,12,2007,5,40.0451,-75.1267,1503.0,6,0,0,0,0,0,1,0,0,,0,0,0,14,1,3,0,,0,40 02:42.510,,0,75 07:36.117,8,0,0,0,67301,3,0,0,N,3,0,0,4,67301,0,,1,1,,N,N,,0,,0,0,0,0,0,,1455,3,4,0,0,0,3,0,3,4,0,1,3,,N,,,,,,,,,,,
2008017067,1629.0,1,0,0,0,0,0,0,0,0,4,0,,67,11,2007,5,39.9941,-75.2416,1624.0,6,0,0,0,0,0,1,0,0,,0,0,0,15,1,1,2,,0,39 59:40.000,,0,75 14:26.351,4,0,0,0,67301,0,0,0,,0,0,0,2,67301,1,,1,1,,,,,0,,0,0,1,3,2,,1548,1,2,0,0,0,0,0,3,4,0,2,3,,N,,,,,,,,,,,
2008017409,135.0,1,0,0,0,0,0,0,0,0,7,0,,67,12,2007,2,,,127.0,6,0,0,0,0,0,0,0,0,,0,0,0,1,3,1,0,,0,,,0,,4,0,0,0,67301,0,0,0,N,0,0,0,1,67301,1,,2,9,,N,N,,0,,0,0,0,0,0,,127,1,1,0,0,0,0,0,3,3,0,1,10,,N,,,,,,,,,,,
2008017308,9999.0,0,0,0,0,0,0,1,0,0,8,1,,67,11,2007,3,39.9897,-75.1074,,6,0,0,0,0,0,0,0,0,,0,0,0,99,1,1,0,,0,39 59:22.000,,0,75 06:26.708,4,0,0,0,67301,1,0,0,,1,0,0,2,67301,1,,1,1,,,,,0,,0,0,0,3,2,,9999,1,2,0,0,0,0,0,3,4,0,1,3,,N,,,,,,,,,,,
2008053777,1614.0,3,0,0,0,0,0,0,0,0,6,0,,67,11,2007,2,40.0369,-75.2376,1600.0,6,0,0,0,0,0,1,0,0,,0,0,0,16,1,0,0,,0,40 02:12.660,,7,75 14:15.223,0,0,0,0,67301,0,0,0,,0,0,0,4,67301,0,,1,9,,,,,2,,0,0,0,0,0,,1611,0,5,0,0,0,0,0,3,4,0,5,7,,N,,,,,,,,,,,
2008033784,,1,0,0,0,0,0,0,0,0,1,1,,67,9,2007,3,40.0083,-75.0715,,6,0,0,0,0,0,0,1,0,,0,1,0,9,1,3,0,,0,40 00:29.000,,0,75 04:17.802,8,0,0,0,67301,0,0,0,N,0,0,0,4,,0,,1,9,,N,N,,0,,0,0,0,0,0,,915,3,2,0,0,1,3,1,3,4,0,2,7,,N,,,,,,,,,,,
2008006399,1225.0,1,0,0,0,0,0,1,0,0,4,1,,67,11,2007,7,39.9879,-75.1558,1219.0,6,0,0,0,0,0,0,0,0,,0,0,0,99,1,3,1,,0,39 59:16.000,,0,75 09:20.884,4,0,0,0,67301,0,0,0,N,0,0,0,5,67301,3,,1,1,,N,N,,0,,0,0,0,9,2,,9999,3,2,0,0,0,0,1,3,4,0,2,3,,N,,,,,,,,,,,
2008006422,2010.0,1,0,0,0,0,0,0,0,0,8,0,,67,11,2007,5,39.951,-75.1973,2002.0,6,0,0,0,0,0,0,0,0,,0,0,0,20,3,1,1,,0,39 57:03.700,,0,75 11:50.121,4,0,0,0,67301,1,0,0,N,1,0,0,3,67301,1,,1,9,,N,N,,0,,0,0,0,3,2,,2002,1,2,0,0,0,0,0,3,4,0,1,3,,N,,,,,,,,,,,
2008008943,1655.0,0,0,0,0,0,0,0,0,0,8,0,,67,10,2007,4,39.9293,-75.1686,1640.0,6,0,0,0,0,0,0,0,0,,0,0,0,16,1,1,2,,0,39 55:45.000,,0,75 10:06.859,3,0,0,0,67301,1,0,0,,1,0,0,2,67301,0,,1,1,,N,N,,0,,1,0,1,3,2,,1639,1,2,0,0,0,0,0,3,4,0,1,3,,N,,,,,,,,,,,
2008024059,1755.0,0,0,0,1,0,0,0,0,0,4,0,,67,12,2007,2,40.0084,-75.1443,1750.0,6,0,0,0,0,0,0,0,0,,0,0,0,17,3,1,1,,0,40 00:30.000,,0,75 08:39.382,8,0,0,0,67301,1,0,0,N,0,0,0,2,67301,0,,1,1,,N,N,,0,,0,0,1,0,0,,1750,1,2,0,0,0,1,0,3,4,0,1,3,,N,,,,,,,,,,,
2008072691,1015.0,0,0,0,0,0,0,1,0,0,8,1,,67,3,2007,2,39.9206,-75.1704,1013.0,6,0,0,0,0,1,0,0,0,,0,0,0,10,1,1,2,,0,39 55:14.280,,0,75 10:13.547,3,0,0,0,67301,1,0,0,N,1,0,0,2,67301,0,,1,1,,N,N,,0,,1,0,0,3,2,,1000,1,2,0,0,0,0,0,3,4,0,1,3,,N,,,,,,,,,,,
2012030708,1719.0,2,0,0,0,0,0,0,0,0,5,0,,67,10,2007,4,39.9648,-75.2261,1715.0,6,0,0,0,0,0,0,0,0,,0,0,0,17,1,1,1,,0,39 57:53.438,,0,75 13:34.071,3,0,0,0,67301,0,0,0,N,0,0,0,3,67301,0,,1,1,,N,N,,0,,1,0,0,3,2,,1715,1,2,0,0,0,0,0,3,4,0,2,3,,N,,,,,,,,,,,
2008039111,1401.0,1,0,0,0,0,0,0,0,0,1,0,,67,12,2007,2,39.9706,-75.1931,1356.0,6,0,0,0,0,0,0,0,0,2.0,0,0,0,13,1,2,0,,1,39 58:18.000,3.0,0,75 11:36.455,8,0,0,0,67301,0,0,0,N,0,0,0,3,68K01,0,,1,1,,N,N,,0,,0,0,0,0,0,N,1355,2,2,0,0,0,2,1,3,4,0,2,3,,N,,,,,,,,,,,
2008108642,1740.0,1,0,0,0,0,0,0,0,0,5,0,,67,8,2007,5,40.0355,-75.114,1735.0,6,0,0,1,0,0,0,0,0,,0,0,0,17,1,1,2,,0,40 02:07.747,,0,75 06:50.478,8,0,0,0,67301,0,0,0,N,0,0,0,3,67301,0,,1,1,,N,N,,0,,0,0,1,0,0,,1731,1,2,0,0,0,1,0,3,4,0,2,3,,N,,,,,,,,,,,
2008088298,740.0,1,0,0,0,0,0,0,0,0,6,0,,67,6,2007,7,40.0223,-75.1307,736.0,6,0,0,0,0,0,0,0,0,,0,0,0,7,1,1,1,,0,40 01:20.398,,0,75 07:50.350,8,0,0,0,67301,0,0,0,N,0,0,0,5,67301,0,,1,1,,N,N,,0,,0,0,1,3,3,,720,1,2,0,0,0,1,1,3,4,0,2,3,,N,,,,,,,,,,,
2008094930,1223.0,2,0,0,0,0,0,0,0,0,1,0,,67,6,2007,7,40.1143,-74.9879,1220.0,6,0,0,1,0,0,1,0,0,1.0,0,0,0,12,1,2,1,,1,40 06:51.357,2.0,0,74 59:16.487,4,0,0,0,67301,0,0,0,N,0,0,0,4,67301,2,,1,1,,N,N,,1,,0,0,0,0,0,N,1218,2,3,0,0,1,0,0,3,4,0,3,3,,N,,,,,,,,,,,
2009056658,2327.0,2,0,0,0,0,0,0,0,0,1,0,,67,4,2007,6,40.0544,-74.9857,2313.0,6,0,0,0,0,0,0,0,0,1.0,0,0,0,23,3,2,0,,2,40 03:15.464,2.0,0,74 59:08.727,3,0,0,0,67301,0,0,0,Y,0,0,0,4,68K01,0,,1,9,,N,N,,0,,2,0,1,0,0,N,2310,2,3,0,0,0,0,0,3,4,0,3,3,,N,,,,,,,,,,,
2008017414,305.0,0,0,0,0,0,0,0,0,0,7,0,,67,12,2007,3,39.991,-75.0911,305.0,6,0,0,0,0,0,0,0,0,,0,0,0,99,1,1,0,,0,39 59:27.442,,0,75 05:27.953,3,0,0,0,67301,0,0,0,,0,0,0,1,67301,0,,4,1,,N,N,,0,,1,0,1,0,0,,9999,1,1,0,0,0,0,0,3,4,0,1,98,,N,,,,,,,,,,,
2008006253,1240.0,0,0,0,1,0,0,0,0,0,4,0,,67,11,2007,4,39.9595,-75.162,1237.0,6,0,0,0,0,0,0,0,0,,0,0,0,12,1,1,1,,0,39 57:34.000,,0,75 09:43.114,4,0,0,0,67301,1,0,0,,0,0,0,2,67301,1,,1,1,,N,N,,0,,0,0,0,3,2,,1220,1,2,0,0,0,0,0,3,4,1,1,3,,N,,,,,,,,,,,
2008008863,1155.0,2,0,0,0,0,0,0,0,0,4,0,,67,11,2007,1,39.9789,-75.1175,1150.0,6,0,0,0,0,0,0,0,0,,0,0,0,11,1,2,1,,0,39 58:43.896,,0,75 07:03.165,8,0,0,0,67301,0,0,0,,0,0,0,3,67301,0,,1,1,,,,,1,,0,0,0,3,3,,1150,2,3,0,0,0,2,0,3,4,0,3,3,,N,,,,,,,,,,,
2008029740,1744.0,1,0,0,0,0,0,0,0,0,7,0,,67,12,2007,3,39.9163,-75.2196,1737.0,6,0,0,0,0,0,1,0,0,,0,0,0,17,2,1,3,,0,39 55:01.000,,0,75 12:57.547,3,0,0,0,67301,0,0,0,N,0,0,0,1,67301,0,,3,1,,N,,,0,,1,0,0,0,0,,1735,1,1,0,0,0,0,0,3,4,0,1,3,,N,,,,,,,,,,,
2008061182,904.0,0,0,0,0,0,0,0,0,0,1,0,,67,12,2007,5,39.9222,-75.2434,854.0,6,0,0,0,0,0,0,0,0,,0,0,0,8,1,0,0,,0,39 55:19.747,,0,75 14:36.232,0,0,0,0,67301,0,0,0,N,0,0,0,1,67301,0,,4,1,,N,N,,0,,0,0,2,0,0,,830,0,2,0,0,0,0,0,3,4,0,2,3,,N,,,,,,,,,,,