CRN,ARRIVAL_TM,AUTOMOBILE_COUNT,BELTED_DEATH_COUNT,BELTED_SUSP_SERIOUS_INJ_COUNT,BICYCLE_COUNT,BICYCLE_DEATH_COUNT,BICYCLE_SUSP_SERIOUS_INJ_COUNT,BUS_COUNT,CHLDPAS_DEATH_COUNT,CHLDPAS_SUSP_SERIOUS_INJ_COUNT,COLLISION_TYPE,COMM_VEH_COUNT,CONS_ZONE_SPD_LIM,COUNTY,CRASH_MONTH,CRASH_YEAR,DAY_OF_WEEK,DEC_LAT,DEC_LONG,DISPATCH_TM,DISTRICT,DRIVER_COUNT_16YR,DRIVER_COUNT_17YR,DRIVER_COUNT_18YR,DRIVER_COUNT_19YR,DRIVER_COUNT_20YR,DRIVER_COUNT_50_64YR,DRIVER_COUNT_65_74YR,DRIVER_COUNT_75PLUS,EST_HRS_CLOSED,FATAL_COUNT,HEAVY_TRUCK_COUNT,HORSE_BUGGY_COUNT,HOUR_OF_DAY,ILLUMINATION,INJURY_COUNT,INTERSECT_TYPE,INTERSECTION_RELATED,LANE_CLOSED,LATITUDE,LN_CLOSE_DIR,LOCATION_TYPE,LONGITUDE,MAX_SEVERITY_LEVEL,MCYCLE_DEATH_COUNT,MCYCLE_SUSP_SERIOUS_INJ_COUNT,MOTORCYCLE_COUNT,MUNICIPALITY,NONMOTR_COUNT,NONMOTR_DEATH_COUNT,NONMOTR_SUSP_SERIOUS_INJ_COUNT,NTFY_HIWY_MAINT,PED_COUNT,PED_DEATH_COUNT,PED_SUSP_SERIOUS_INJ_COUNT,PERSON_COUNT,POLICE_AGCY,POSSIBLE_INJ_COUNT,RDWY_SURF_TYPE_CD,RELATION_TO_ROAD,ROAD_CONDITION,ROADWAY_CLEARED,SCH_BUS_IND,SCH_ZONE_IND,SECONDARY_CRASH,SMALL_TRUCK_COUNT,SPEC_JURIS_CD,SUSP_MINOR_INJ_COUNT,SUSP_SERIOUS_INJ_COUNT,SUV_COUNT,TCD_FUNC_CD,TCD_TYPE,TFC_DETOUR_IND,TIME_OF_DAY,TOT_INJ_COUNT,TOTAL_UNITS,UNB_DEATH_COUNT,UNB_SUSP_SERIOUS_INJ_COUNT,UNBELTED_OCC_COUNT,UNK_INJ_DEG_COUNT,UNK_INJ_PER_COUNT,URBAN_AREA,URBAN_RURAL,VAN_COUNT,VEHICLE_COUNT,WEATHER1,WEATHER2,WORK_ZONE_IND,WORK_ZONE_LOC,WORK_ZONE_TYPE,WORKERS_PRES,WZ_CLOSE_DETOUR,WZ_FLAGGER,WZ_LAW_OFFCR_IND,WZ_LN_CLOSURE,WZ_MOVING,WZ_OTHER,WZ_SHLDER_MDN,WZ_WORKERS_INJ_KILLED
2008033781,0.0,2,0,0,0,0,0,0,0,0,1,0,,67,2,2007,6,39.9404,-75.1695,0.0,6,0,0,0,0,0,1,0,0,,0,0,0,17,1,1,1,,0,39 56:25.580,,0,75 10:10.347,8,0,0,0,67301,0,0,0,N,0,0,0,2,00000,0,,1,1,,N,N,,0,,0,0,0,3,2,,1730,1,2,0,0,0,1,0,3,4,0,2,3,,N,,,,,,,,,,,
2008023974,1255.0,3,0,0,0,0,0,0,0,0,4,0,,67,12,2007,1,39.9617,-75.1545,1251.0,6,0,0,0,0,0,1,0,0,,0,0,0,12,1,2,1,,0,39 57:42.000,,0,75 09:16.198,4,0,0,0,67301,0,0,0,N,0,0,0,4,67301,2,,1,1,,N,N,,0,,0,0,0,3,2,,1245,2,3,0,0,0,0,0,3,4,0,3,3,,N,,,,,,,,,,,
2008023984,626.0,1,0,0,0,0,0,0,0,0,1,0,,67,12,2007,5,40.0446,-75.0547,621.0,6,0,0,0,0,0,0,0,0,1.0,0,0,0,6,5,1,1,,2,40 02:40.000,2.0,0,75 03:16.819,8,0,0,0,67301,0,0,0,N,0,0,0,2,67301,0,,1,1,,N,N,,0,,0,0,1,3,2,Y,619,1,2,0,0,0,1,0,3,4,0,2,3,,N,,,,,,,,,,,
2008038270,1939.0,0,0,0,0,0,0,0,0,0,8,0,,67,12,2007,1,39.9182,-75.1711,1938.0,6,0,0,0,0,0,0,0,0,,0,0,0,19,3,1,1,,0,39 55:05.000,,0,75 10:15.978,8,0,0,0,67301,1,0,0,N,1,0,0,2,67301,0,,2,9,,N,N,,0,,0,0,1,3,2,,1930,1,2,0,0,0,1,1,3,4,0,1,7,,N,,,,,,,,,,,
2008038096,236.0,1,0,0,0,0,0,0,0,0,7,0,,67,12,2007,7,40.0007,-75.1948,219.0,6,0,0,0,0,0,0,0,0,1.0,0,0,0,2,3,0,0,,1,40 00:04.000,4.0,0,75 11:40.668,0,0,0,0,67301,0,0,0,N,0,0,0,2,68K01,0,,2,9,,N,N,,0,,0,0,0,0,0,N,217,0,1,0,0,0,0,0,3,4,0,1,7,,N,,,,,,,,,,,
2008033814,,1,0,0,0,0,0,0,0,0,1,0,,67,8,2007,2,39.9879,-75.1233,,6,0,0,0,0,0,0,0,0,,0,0,0,16,1,2,0,,0,39 59:16.000,,0,75 07:23.949,8,0,0,0,67301,0,0,0,N,0,0,0,3,,0,,1,1,,N,N,,0,,0,0,0,0,0,,1645,2,2,0,0,0,2,0,3,4,1,2,3,,N,,,,,,,,,,,
2009002639,2012.0,2,0,0,0,0,0,0,0,0,1,0,,67,8,2007,4,40.0458,-75.1295,2009.0,6,0,0,0,0,0,0,0,0,,0,0,0,19,1,1,1,,0,40 02:44.725,,8,75 07:46.093,8,0,0,0,67301,0,0,0,N,0,0,0,5,67301,0,,1,1,,N,N,,0,,0,0,2,0,0,,1950,1,4,0,0,0,1,0,3,4,0,4,7,,N,,,,,,,,,,,
2009105768,728.0,2,0,0,0,0,0,0,0,0,4,0,,67,10,2007,2,40.0296,-75.2063,723.0,6,0,0,0,0,1,0,0,0,,0,0,0,99,1,0,2,,0,40 01:46.558,,0,75 12:22.846,0,0,0,0,67301,0,0,0,,0,0,0,2,67301,0,,1,1,,,,,0,,0,0,0,9,3,,9999,0,2,0,0,0,0,0,3,4,0,2,3,,N,,,,,,,,,,,
2009084125,745.0,2,0,0,0,0,0,0,0,0,4,0,,67,7,2007,6,40.0152,-75.1771,732.0,6,0,0,1,0,0,0,0,0,,0,0,0,7,1,1,7,,0,40 00:53.050,,2,75 10:40.024,4,0,0,0,67301,0,0,0,,0,0,0,2,67301,1,,1,1,,,,,0,,0,0,0,0,0,,732,1,2,0,0,0,0,0,3,4,0,2,3,,N,,,,,,,,,,,
2008033621,2241.0,4,1,0,0,0,0,0,0,0,1,0,,67,11,2007,5,39.9533,-75.1368,2240.0,6,0,0,0,0,0,0,1,0,3.0,2,0,0,22,3,7,0,,2,39 57:11.960,3.0,3,75 08:12.413,1,0,0,0,67301,0,0,0,N,0,0,0,9,67501,6,2.0,1,1,,N,N,,0,0.0,1,0,0,3,8,Y,2240,7,4,1,0,1,0,0,3,4,0,4,3,,N,,,,,,,,,,,
2008008937,1805.0,1,0,0,0,0,0,0,0,0,8,0,,67,11,2007,4,40.0319,-75.0838,1759.0,6,0,0,0,0,0,0,1,0,2.0,1,0,0,17,3,0,0,,2,40 01:54.000,1.0,0,75 05:02.052,1,0,0,0,67301,1,1,0,,1,1,0,3,67301,0,2.0,1,1,,,,,0,0.0,0,0,0,0,0,Y,1750,0,2,0,0,0,0,0,3,4,0,1,3,,N,,,,,,,,,,,
2008023946,1235.0,1,0,0,0,0,0,0,0,0,7,0,,67,12,2007,1,40.0374,-75.1909,1230.0,6,0,0,0,0,0,0,0,0,,0,0,0,12,1,0,1,,0,40 02:14.460,,0,75 11:27.412,9,0,0,0,67301,0,0,0,N,0,0,0,1,67301,0,,4,9,,N,N,,0,,0,0,0,3,2,,1200,0,1,0,0,0,0,1,3,4,0,1,7,,N,,,,,,,,,,,
2008024047,215.0,2,0,0,0,0,0,0,0,0,2,0,,67,12,2007,1,39.9191,-75.2255,215.0,6,0,0,0,1,0,0,0,0,,0,0,0,2,3,3,0,,0,39 55:08.689,,0,75 13:31.827,2,0,0,0,67301,0,0,0,,0,0,0,3,67301,1,,1,1,,,,,0,,1,1,0,0,0,,215,3,2,0,0,2,0,0,3,4,0,2,3,,N,,,,,,,,,,,
2008024057,1510.0,1,0,0,0,0,0,0,0,0,8,0,,67,12,2007,2,39.9171,-75.1741,1500.0,6,0,0,0,0,0,0,0,0,,0,0,0,14,1,1,2,,0,39 55:01.632,,0,75 10:26.713,4,0,0,0,67301,1,0,0,N,1,0,0,2,67301,1,,1,1,,N,N,,0,,0,0,0,0,0,,1450,1,2,0,0,0,0,0,3,4,0,1,3,,N,,,,,,,,,,,
2008053211,1710.0,2,0,0,0,0,0,0,0,0,5,0,,67,11,2007,4,39.9573,-75.2479,1655.0,6,0,0,0,0,0,0,0,1,,0,0,0,16,4,0,1,,0,39 57:26.280,,0,75 14:52.440,9,0,0,0,67301,0,0,0,N,0,0,0,2,67301,0,,1,1,,N,N,,0,,0,0,0,3,2,,1655,0,2,0,0,0,0,1,3,4,0,2,3,,N,,,,,,,,,,,
2008018229,51.0,1,0,0,0,0,0,0,0,0,7,0,,67,12,2007,3,40.1114,-74.9924,42.0,6,0,0,0,0,1,0,0,0,,0,0,0,0,3,1,0,,0,40 06:41.000,,0,74 59:32.293,2,0,0,0,67301,0,0,0,,0,0,0,1,67301,0,,3,1,,,,,0,,0,1,0,0,0,,40,1,1,0,0,0,0,0,3,4,0,1,3,,N,,,,,,,,,,,
2008005959,1600.0,2,0,0,0,0,0,0,0,0,1,0,,67,12,2007,7,39.9461,-75.2421,1557.0,6,0,0,0,0,0,0,0,0,,0,0,0,12,1,2,1,,0,39 56:45.000,,0,75 14:31.460,4,0,0,0,67301,0,0,0,N,0,0,0,4,67301,2,,1,1,,N,N,,0,,0,0,0,3,2,,1230,2,2,0,0,0,0,1,3,4,0,2,3,,N,,,,,,,,,,,
2008009193,855.0,1,0,0,0,0,0,0,0,0,7,0,,67,11,2007,3,40.0164,-75.2028,855.0,6,0,0,0,0,0,0,0,0,1.0,0,0,0,8,1,0,0,,1,40 00:59.121,1.0,0,75 12:10.218,0,0,0,0,67301,0,0,0,,0,0,0,1,67301,0,,3,9,,,,,0,,0,0,0,0,0,N,850,0,1,0,0,0,0,0,3,4,0,1,7,,N,,,,,,,,,,,
2008023894,650.0,3,0,0,0,0,0,0,0,0,1,0,,67,7,2007,3,39.9146,-75.1754,645.0,6,0,0,0,0,0,0,0,1,,0,0,0,6,1,1,0,,0,39 54:52.455,,0,75 10:31.591,8,0,0,0,67301,0,0,0,,0,0,0,1,67301,0,,1,1,,,,,0,,0,0,0,0,0,,642,1,3,0,0,0,1,0,3,4,0,3,3,,N,,,,,,,,,,,
2008016462,2125.0,1,0,0,0,0,0,0,0,0,7,0,,67,12,2007,1,39.9169,-75.216,2115.0,6,0,0,0,0,0,0,0,0,,0,0,0,21,2,1,0,,0,39 55:05.000,,0,75 12:36.350,4,0,0,0,67301,0,0,0,,0,0,0,2,67301,1,,1,9,,N,N,,0,,0,0,0,0,0,,2105,1,1,0,0,0,0,0,3,4,0,1,7,,N,,,,,,,,,,,
2008023724,1235.0,2,0,0,0,0,0,0,0,0,4,0,,67,12,2007,7,40.0742,-75.0347,1230.0,6,0,0,0,0,0,1,0,0,1.0,0,0,0,12,1,1,1,,1,40 04:27.000,1.0,0,75 02:05.033,4,0,0,0,67301,0,0,0,N,0,0,0,2,67301,1,,1,1,,N,N,,0,,0,0,0,3,1,Y,1230,1,2,0,0,0,0,0,3,4,0,2,3,,N,,,,,,,,,,,
2008023725,1310.0,1,0,0,0,0,0,0,0,0,4,0,,67,12,2007,5,40.0808,-75.0284,1304.0,6,0,0,0,0,0,1,0,0,,0,0,0,13,1,0,2,,0,40 04:50.000,,0,75 01:42.117,0,0,0,0,67301,0,0,0,,0,0,0,2,67301,0,,1,1,,,,,0,,0,0,0,3,2,,1304,0,2,0,0,0,0,0,3,4,1,2,3,,N,,,,,,,,,,,
2008018634,1805.0,2,0,0,0,0,0,0,0,0,4,0,,67,12,2007,6,40.0519,-74.9845,1800.0,6,0,0,0,0,0,2,0,0,1.0,0,0,0,18,3,0,2,,1,40 03:06.000,1.0,0,74 59:04.092,0,0,0,0,67301,0,0,0,N,0,0,0,2,67301,0,,1,1,,N,N,,0,,0,0,0,3,2,N,1800,0,2,0,0,0,0,0,3,4,0,2,3,,N,,,,,,,,,,,
2008029178,1415.0,2,0,0,0,0,0,0,0,0,4,0,,67,12,2007,4,39.9171,-75.1741,1409.0,6,0,0,0,0,0,0,0,0,,0,0,0,14,1,0,1,,0,39 55:01.632,,0,75 10:26.713,0,0,0,0,67301,0,0,0,N,0,0,0,4,67301,0,,1,1,,N,N,,0,,0,0,0,0,0,,1400,0,2,0,0,0,0,0,3,4,0,2,3,,N,,,,,,,,,,,
2008025727,11.0,2,0,0,0,0,0,0,0,0,4,0,,67,12,2007,7,39.9673,-75.1737,9.0,6,0,0,0,0,1,0,0,0,,0,0,0,0,3,0,1,,0,39 58:02.330,,0,75 10:25.294,0,0,0,0,67301,0,0,0,,0,0,0,6,67301,0,,1,9,,,,,0,,0,0,0,3,2,,5,0,2,0,0,3,0,0,3,4,0,2,3,,N,,,,,,,,,,,
2008017112,1740.0,2,0,0,0,0,0,0,0,0,4,0,,67,11,2007,4,40.0598,-75.2095,1720.0,6,1,0,0,0,0,0,0,0,,0,0,0,16,3,0,1,,0,40 03:35.316,,0,75 12:34.340,0,0,0,0,67301,0,0,0,,0,0,0,2,67301,0,,1,1,,,,,0,,0,0,0,9,3,,1600,0,2,0,0,1,0,0,3,4,0,2,3,,N,,,,,,,,,,,
2008017525,1005.0,2,0,0,0,0,0,0,0,0,4,0,,67,11,2007,2,40.0136,-75.122,1000.0,6,0,0,0,0,0,0,0,1,,0,0,0,9,1,1,0,,0,40 00:48.870,,7,75 07:19.304,4,0,0,0,67301,0,0,0,N,0,0,0,4,67301,1,,1,9,,N,N,,1,,0,0,0,0,0,,950,1,3,0,0,0,0,0,3,4,0,3,7,,N,,,,,,,,,,,
2008017299,1718.0,2,0,0,0,0,0,0,0,0,4,0,,67,12,2007,2,39.9582,-75.2291,1712.0,6,0,0,0,0,0,1,0,0,,0,0,0,16,3,2,1,,0,39 57:29.433,,0,75 13:44.921,8,0,0,0,67301,0,0,0,N,0,0,0,3,67301,0,,1,1,,N,N,,0,,0,0,0,3,3,,1630,2,2,0,0,2,2,0,3,4,0,2,3,,N,,,,,,,,,,,
2008006261,1605.0,1,0,0,1,0,0,0,0,0,4,0,,67,11,2007,7,40.003,-75.1276,1550.0,6,0,0,0,0,0,0,0,0,,0,0,0,15,1,1,1,,0,40 00:10.868,,0,75 07:39.525,4,0,0,0,67301,1,0,0,,0,0,0,2,67301,1,,1,1,,N,N,,0,,0,0,0,9,3,,1545,1,2,0,0,0,0,0,3,4,0,1,3,,N,,,,,,,,,,,
2008033734,,1,0,0,0,0,0,0,0,0,6,0,,67,8,2007,7,39.9117,-75.1724,,6,0,0,0,0,0,0,0,0,,0,0,0,19,1,2,2,,0,39 54:42.000,,0,75 10:20.534,8,0,0,0,67301,0,0,0,N,0,0,0,3,,0,,1,1,,N,N,,0,,0,0,0,9,9,,1945,2,2,0,0,0,2,0,3,4,0,2,3,,N,,,,,,,,,,,
2008008867,1528.0,1,0,0,0,0,0,0,0,0,7,0,,67,11,2007,1,39.9223,-75.1871,1523.0,6,0,0,0,0,0,0,0,0,,0,0,0,99,1,1,1,,0,39 55:20.000,,7,75 11:12.722,8,0,0,0,67301,0,0,0,N,0,0,0,1,67301,0,,2,1,,N,N,,0,,0,0,0,3,2,,9999,1,1,0,0,0,1,0,3,4,0,1,3,,N,,,,,,,,,,,
2008029735,1355.0,0,0,0,0,0,0,1,0,0,4,1,,67,12,2007,4,39.9898,-75.1177,1350.0,6,0,0,0,0,0,0,0,0,,0,0,0,12,1,1,1,,0,39 59:23.000,,0,75 07:03.787,8,0,0,0,67301,1,0,0,,1,0,0,7,67301,0,,1,1,,Y,,,0,,0,0,0,3,2,,1248,1,3,0,0,0,1,0,3,4,1,2,3,,N,,,,,,,,,,,
2008010481,216.0,3,0,0,0,0,0,0,0,0,6,0,,67,11,2007,5,40.0321,-75.0368,210.0,6,0,0,0,0,0,0,0,0,,0,0,0,2,3,0,0,,0,40 01:55.000,,0,75 02:12.598,9,0,0,0,67301,0,0,0,N,0,0,0,1,67301,0,,6,1,,N,N,,1,,0,0,0,0,0,,209,0,4,0,0,0,0,1,3,4,0,4,3,,N,,,,,,,,,,,
2008021436,410.0,2,0,0,0,0,0,0,0,0,2,0,,67,11,2007,7,40.0357,-75.057,410.0,6,0,0,0,0,1,0,0,0,,0,0,0,4,3,2,1,,0,40 02:08.365,,0,75 03:25.131,8,0,0,0,67301,0,0,0,N,0,0,0,2,67301,0,,1,9,,N,N,,0,,0,0,0,0,0,,410,2,2,0,0,1,2,0,3,4,0,2,7,,N,,,,,,,,,,,
2008023945,1806.0,1,0,0,0,0,0,0,0,0,2,0,,67,12,2007,7,40.0684,-75.1619,1729.0,6,0,0,0,0,0,0,0,0,,0,0,0,17,3,2,1,,0,40 04:06.283,,0,75 09:42.667,4,0,0,0,67301,0,0,0,,0,0,0,2,67301,2,,1,1,,N,N,,1,,0,0,0,0,0,,1725,2,2,0,0,1,0,0,3,4,0,2,3,,N,,,,,,,,,,,
2008024241,1735.0,1,0,0,0,0,0,0,0,0,1,0,,67,12,2007,6,39.9361,-75.2345,1729.0,6,0,0,0,0,0,1,0,0,,0,0,0,17,3,2,1,,0,39 56:10.000,,0,75 14:04.177,8,0,0,0,67301,0,0,0,,0,0,0,5,67301,0,,1,9,,,,,0,,0,0,0,1,2,,1729,2,4,0,0,0,2,1,3,4,1,4,7,,N,,,,,,,,,,,
2008024364,9999.0,1,0,0,0,0,0,0,0,0,4,0,,67,12,2007,7,39.9783,-75.1662,,6,0,0,0,0,0,0,0,0,,0,0,0,99,1,1,1,,0,39 58:41.919,,0,75 09:58.172,4,0,0,0,67301,0,0,0,,0,0,0,3,67301,1,,1,1,,,,,1,,0,0,0,3,2,,9999,1,2,0,0,1,0,0,3,4,0,2,3,,N,,,,,,,,,,,
2008016967,1133.0,1,0,0,0,0,0,0,0,0,4,0,,67,12,2007,5,39.979,-75.1364,1137.0,6,0,0,0,0,0,0,0,0,,0,0,0,11,1,1,1,,0,39 58:44.482,,0,75 08:11.068,4,0,0,0,67301,0,0,0,,0,0,0,4,67301,1,,1,1,,,,,0,,0,0,0,3,3,,1130,1,2,0,0,3,0,0,3,4,1,2,3,,N,,,,,,,,,,,
2008016977,1551.0,1,0,0,0,0,0,0,0,0,4,0,,67,11,2007,6,40.0787,-74.9985,1550.0,6,0,0,0,0,0,1,0,0,2.0,0,0,0,15,1,1,2,,1,40 04:43.000,1.0,0,74 59:54.742,4,0,0,0,67301,0,0,0,N,0,0,0,3,67301,1,,1,1,,N,N,,0,,0,0,1,3,2,N,1545,1,2,0,0,0,0,2,3,4,0,2,3,,N,,,,,,,,,,,
2008017346,1658.0,1,0,0,0,0,0,0,0,0,8,0,,67,12,2007,3,39.987,-75.1307,1658.0,6,0,0,0,0,0,0,0,1,,0,0,0,16,4,1,0,,0,39 59:13.131,,0,75 07:50.448,4,0,0,0,67301,1,0,0,N,1,0,0,2,67301,1,,1,9,,N,N,,0,,0,0,0,0,0,,1658,1,2,0,0,0,0,0,3,4,0,1,3,,N,,,,,,,,,,,
2008017406,1750.0,0,0,0,0,0,0,0,0,0,8,0,,67,12,2007,1,39.9574,-75.1571,1747.0,6,0,0,0,0,0,0,0,0,,0,0,0,17,3,1,2,,0,39 57:26.000,,0,75 09:25.500,3,0,0,0,67301,1,0,0,N,1,0,0,3,67301,0,,1,9,,,,,0,,1,0,1,3,2,,1745,1,2,0,0,0,0,0,3,4,0,1,7,,N,,,,,,,,,,,
2008029734,1845.0,1,0,0,0,0,0,0,0,0,7,0,,67,12,2007,2,39.9935,-75.1871,1845.0,6,0,0,0,0,1,0,0,0,,0,0,0,8,1,0,2,,0,39 59:36.661,,0,75 11:13.689,0,0,0,0,67301,0,0,0,,0,0,0,1,67301,0,,4,1,,,,,0,,0,0,0,0,0,,845,0,2,0,0,0,0,0,3,4,0,1,3,,N,,,,,,,,,,,
2008029739,424.0,1,0,0,0,0,0,0,0,0,7,0,,67,12,2007,2,40.0101,-75.0641,421.0,6,0,0,0,0,0,0,0,0,,0,0,0,4,3,0,7,,0,40 00:36.000,,2,75 03:51.018,0,0,0,0,67301,0,0,0,Y,0,0,0,2,67301,0,,5,1,,N,N,,0,,0,0,0,0,0,,419,0,1,0,0,0,0,0,3,4,0,1,3,,N,,,,,,,,,,,
2008029745,210.0,2,0,0,0,0,0,0,0,0,2,0,,67,12,2007,1,39.9982,-75.1876,202.0,6,0,0,0,0,0,1,0,0,,0,0,0,2,3,1,2,,0,39 59:53.000,,0,75 11:15.260,8,0,0,0,67301,0,0,0,Y,0,0,0,2,67301,0,,1,9,,N,N,,0,,0,0,0,3,2,,202,1,2,0,0,0,1,0,3,4,0,2,7,,N,,,,,,,,,,,
2008012954,438.0,2,0,0,0,0,0,0,0,0,1,0,,67,10,2007,1,40.0746,-75.1606,433.0,6,0,0,0,0,0,0,0,0,,0,0,0,4,3,1,0,,0,40 04:28.561,,0,75 09:37.989,8,0,0,0,67301,0,0,0,,0,0,0,1,67301,0,,6,1,,N,N,,0,,0,0,0,0,0,,432,1,2,0,0,0,1,0,3,4,0,2,3,,N,,,,,,,,,,,
2008008936,48.0,1,0,0,0,0,0,0,0,0,1,0,,67,11,2007,2,39.909,-75.1877,45.0,6,0,0,0,0,0,0,0,0,1.0,0,0,0,99,3,0,0,,2,39 54:32.000,3.0,3,75 11:15.649,9,0,0,0,67301,0,0,0,N,0,0,0,2,67301,0,,1,9,,N,N,,1,,0,0,0,0,0,N,9999,0,2,0,0,0,0,1,3,4,0,2,7,,N,,,,,,,,,,,
2008024068,2155.0,4,0,0,0,0,0,0,0,0,1,0,,67,12,2007,7,40.03,-75.0672,2150.0,6,0,0,0,0,0,0,0,0,,0,0,0,21,3,6,1,,0,40 01:48.057,,0,75 04:01.999,4,0,0,0,67301,0,0,0,N,0,0,0,8,67301,3,,1,1,,N,N,,0,,0,0,2,3,3,,2150,6,6,0,0,0,3,0,3,4,0,6,3,,N,,,,,,,,,,,
2008053029,850.0,2,0,0,0,0,0,0,0,0,4,0,,67,12,2007,4,40.0536,-75.2034,843.0,6,0,0,0,0,0,2,0,0,,0,0,0,8,1,0,1,,0,40 03:12.898,,0,75 12:12.110,0,0,0,0,67301,0,0,0,,0,0,0,3,67301,0,,1,9,,,,,0,,0,0,1,0,0,,836,0,3,0,0,0,0,0,3,4,0,3,7,,N,,,,,,,,,,,
2008038777,912.0,0,0,0,0,0,0,0,0,0,8,0,,67,11,2007,6,39.8895,-75.1719,910.0,6,0,0,0,0,0,0,0,0,9.0,0,0,0,9,1,1,1,,2,39 53:22.270,3.0,0,75 10:18.816,3,0,0,0,67301,1,0,0,N,1,0,0,2,67301,0,,1,1,,N,N,,0,,1,0,1,2,3,Y,907,1,2,0,0,0,0,0,3,4,0,1,3,,N,,,,,,,,,,,
2008041278,1020.0,0,0,0,0,0,0,0,0,0,8,0,,67,2,2007,1,39.9603,-75.1381,945.0,6,0,0,0,0,0,0,0,0,,0,0,0,8,1,1,2,,0,39 57:37.000,,0,75 08:18.423,8,0,0,0,67301,1,0,0,,1,0,0,2,67301,0,,1,1,,,,,0,,0,0,0,3,3,,820,1,2,0,0,0,1,0,3,4,0,1,3,,N,,,,,,,,,,,
2008033875,,2,0,0,0,0,0,0,0,0,1,0,,67,11,2007,2,40.0064,-75.0894,,6,0,0,0,0,0,1,0,0,,0,0,0,15,1,2,2,,0,40 00:22.000,,0,75 05:22.991,8,0,0,0,67301,0,0,0,N,0,0,0,4,,0,,1,1,,N,N,,1,,0,0,0,0,0,,1530,2,3,0,0,0,2,2,3,4,0,3,3,,N,,,,,,,,,,,
2008088074,1450.0,1,0,0,0,0,0,0,0,0,8,0,,67,6,2007,6,40.0405,-75.1481,1446.0,6,0,0,0,0,0,0,0,0,,0,0,0,14,1,1,0,,0,40 02:25.802,,0,75 08:53.256,4,0,0,0,67301,1,0,0,N,1,0,0,2,67301,1,,1,1,,N,N,,0,,0,0,0,0,0,,1443,1,2,0,0,0,0,0,3,4,0,1,3,,N,,,,,,,,,,,
2009029774,124.0,2,0,0,0,0,0,0,0,0,1,0,,67,12,2007,5,40.105,-75.0017,120.0,6,0,0,0,0,0,0,0,0,,0,0,0,1,3,0,1,,0,40 06:18.000,,0,75 00:06.120,9,0,0,0,67301,0,0,0,N,0,0,0,4,67301,0,,1,9,,N,N,,0,,0,0,0,3,2,,117,0,2,0,0,0,0,1,3,4,0,2,7,,N,,,,,,,,,,,
2008008880,1627.0,1,0,0,0,0,0,0,0,0,8,0,,67,9,2007,3,39.9946,-75.0947,1625.0,6,0,0,0,0,0,0,0,0,3.0,1,0,0,16,1,0,0,,2,39 59:40.000,5.0,0,75 05:40.836,1,0,0,0,67301,1,1,0,N,1,1,0,4,67301,0,2.0,1,1,,N,N,,0,0.0,0,0,0,0,0,Y,1624,0,3,0,0,0,0,0,3,4,1,2,3,,N,,,,,,,,,,,
2008029736,835.0,2,0,0,0,0,0,0,0,0,6,0,,67,12,2007,7,39.995,-75.1311,829.0,6,0,0,0,0,0,0,0,0,,0,0,0,8,1,1,2,,0,39 59:42.115,,0,75 07:51.895,8,0,0,0,67301,0,0,0,,0,0,0,3,67301,0,,1,1,,N,N,,0,,0,0,0,3,3,,825,1,2,0,0,1,1,0,3,4,0,2,3,,N,,,,,,,,,,,
2008054201,1331.0,2,0,0,0,0,0,0,0,0,4,0,,67,12,2007,7,39.9219,-75.2277,1330.0,6,0,1,0,0,0,0,0,0,,0,0,0,13,1,0,1,,0,39 55:18.984,,0,75 13:39.763,0,0,0,0,67301,0,0,0,N,0,0,0,3,67301,0,,1,1,,N,N,,0,,0,0,0,3,2,,1320,0,2,0,0,0,0,0,3,4,0,2,3,,N,,,,,,,,,,,
2008019026,948.0,1,0,0,0,0,0,0,0,0,4,0,,67,12,2007,2,39.9751,-75.1945,939.0,6,0,0,0,0,1,0,0,0,1.0,0,0,0,9,1,0,0,,1,39 58:33.000,4.0,0,75 11:43.169,9,0,0,0,67301,0,0,0,N,0,0,0,2,68K01,0,,1,9,,N,N,,0,,0,0,0,0,0,N,936,0,2,0,0,0,0,1,3,4,0,2,3,,N,,,,,,,,,,,
2008023951,1814.0,1,0,0,0,0,0,0,0,0,4,0,,67,12,2007,5,40.0614,-75.0589,1814.0,6,0,0,0,0,0,0,1,0,,0,0,0,18,2,1,1,,0,40 03:41.216,,0,75 03:32.097,4,0,0,0,67301,0,0,0,,0,0,0,2,67301,1,,1,1,,,,,1,,0,0,0,3,3,,1805,1,2,0,0,0,0,0,3,4,0,2,3,,N,,,,,,,,,,,
2008023975,1215.0,0,0,0,0,0,0,0,0,0,8,0,,67,12,2007,6,40.0104,-75.1473,1200.0,6,0,0,0,0,0,0,0,0,,0,0,0,12,1,1,1,,0,40 00:37.339,,0,75 08:50.405,3,0,0,0,67301,1,0,0,,1,0,0,2,67301,0,,1,1,,,,,0,,1,0,0,0,0,,1200,1,2,0,0,0,0,1,3,4,0,1,3,,N,,,,,,,,,,,
2008024036,2013.0,2,0,0,0,0,0,0,0,0,4,0,,67,2,2007,1,39.9952,-75.1641,2000.0,6,0,0,0,0,0,0,0,0,,0,0,0,17,3,1,1,,0,39 59:42.000,,0,75 09:50.608,4,0,0,0,67301,0,0,0,,0,0,0,2,67301,1,,1,1,,,,,0,,0,0,0,9,2,,1730,1,2,0,0,0,0,1,3,4,0,2,3,,N,,,,,,,,,,,