CRN,ARRIVAL_TM,AUTOMOBILE_COUNT,BELTED_DEATH_COUNT,BELTED_SUSP_SERIOUS_INJ_COUNT,BICYCLE_COUNT,BICYCLE_DEATH_COUNT,BICYCLE_SUSP_SERIOUS_INJ_COUNT,BUS_COUNT,CHLDPAS_DEATH_COUNT,CHLDPAS_SUSP_SERIOUS_INJ_COUNT,COLLISION_TYPE,COMM_VEH_COUNT,CONS_ZONE_SPD_LIM,COUNTY,CRASH_MONTH,CRASH_YEAR,DAY_OF_WEEK,DEC_LAT,DEC_LONG,DISPATCH_TM,DISTRICT,DRIVER_COUNT_16YR,DRIVER_COUNT_17YR,DRIVER_COUNT_18YR,DRIVER_COUNT_19YR,DRIVER_COUNT_20YR,DRIVER_COUNT_50_64YR,DRIVER_COUNT_65_74YR,DRIVER_COUNT_75PLUS,EST_HRS_CLOSED,FATAL_COUNT,HEAVY_TRUCK_COUNT,HORSE_BUGGY_COUNT,HOUR_OF_DAY,ILLUMINATION,INJURY_COUNT,INTERSECT_TYPE,INTERSECTION_RELATED,LANE_CLOSED,LATITUDE,LN_CLOSE_DIR,LOCATION_TYPE,LONGITUDE,MAX_SEVERITY_LEVEL,MCYCLE_DEATH_COUNT,MCYCLE_SUSP_SERIOUS_INJ_COUNT,MOTORCYCLE_COUNT,MUNICIPALITY,NONMOTR_COUNT,NONMOTR_DEATH_COUNT,NONMOTR_SUSP_SERIOUS_INJ_COUNT,NTFY_HIWY_MAINT,PED_COUNT,PED_DEATH_COUNT,PED_SUSP_SERIOUS_INJ_COUNT,PERSON_COUNT,POLICE_AGCY,POSSIBLE_INJ_COUNT,RDWY_SURF_TYPE_CD,RELATION_TO_ROAD,ROAD_CONDITION,ROADWAY_CLEARED,SCH_BUS_IND,SCH_ZONE_IND,SECONDARY_CRASH,SMALL_TRUCK_COUNT,SPEC_JURIS_CD,SUSP_MINOR_INJ_COUNT,SUSP_SERIOUS_INJ_COUNT,SUV_COUNT,TCD_FUNC_CD,TCD_TYPE,TFC_DETOUR_IND,TIME_OF_DAY,TOT_INJ_COUNT,TOTAL_UNITS,UNB_DEATH_COUNT,UNB_SUSP_SERIOUS_INJ_COUNT,UNBELTED_OCC_COUNT,UNK_INJ_DEG_COUNT,UNK_INJ_PER_COUNT,URBAN_AREA,URBAN_RURAL,VAN_COUNT,VEHICLE_COUNT,WEATHER1,WEATHER2,WORK_ZONE_IND,WORK_ZONE_LOC,WORK_ZONE_TYPE,WORKERS_PRES,WZ_CLOSE_DETOUR,WZ_FLAGGER,WZ_LAW_OFFCR_IND,WZ_LN_CLOSURE,WZ_MOVING,WZ_OTHER,WZ_SHLDER_MDN,WZ_WORKERS_INJ_KILLED
2008053028,910.0,2,0,0,0,0,0,0,0,0,4,0,,67,12,2007,3,40.0808,-75.0284,908.0,6,0,0,0,0,0,0,0,0,,0,0,0,9,1,0,1,,0,40 04:50.449,,0,75 01:42.489,0,0,0,0,67301,0,0,0,,0,0,0,2,67301,0,,1,1,,N,N,,0,,0,0,0,3,2,,905,0,2,0,0,0,0,0,3,4,0,2,3,,N,,,,,,,,,,,
2008033861,,1,0,0,1,0,0,0,0,0,4,0,,67,10,2007,7,39.9486,-75.146,,6,0,0,0,0,0,0,0,0,,0,0,0,21,3,1,1,,0,39 56:54.000,,0,75 08:43.330,8,0,0,0,67301,1,0,0,N,0,0,0,2,,0,,1,1,,N,N,,0,,0,0,0,3,2,,2147,1,2,0,0,0,1,1,3,4,0,1,3,,N,,,,,,,,,,,
2008069257,1937.0,1,0,0,0,0,0,0,0,0,8,0,,67,9,2007,3,39.9876,-75.1295,1937.0,6,0,0,0,0,0,0,0,0,2.0,0,0,0,19,3,1,0,,1,39 59:15.428,2.0,0,75 07:46.192,2,0,0,0,67301,1,0,1,N,1,0,1,2,67301,0,,1,1,,N,N,,0,,0,1,0,0,0,Y,1933,1,2,0,0,0,0,0,3,4,0,1,3,,N,,,,,,,,,,,
2008053200,601.0,4,0,0,0,0,0,0,0,0,2,0,,67,11,2007,4,,,600.0,6,0,0,0,1,0,0,0,0,,0,0,0,6,3,0,0,,0,,,0,,0,0,0,0,67301,0,0,0,,0,0,0,2,67301,0,,6,1,,,,,1,,0,0,0,0,0,,600,0,5,0,0,1,0,0,3,3,0,5,3,,N,,,,,,,,,,,
2008038709,29.0,3,0,0,0,0,0,0,0,0,1,0,,67,12,2007,7,39.9474,-75.1876,23.0,6,0,0,0,0,0,1,0,0,1.0,0,0,0,0,3,0,0,,2,39 56:50.000,4.0,2,75 11:15.721,0,0,0,0,67301,0,0,0,N,0,0,0,4,68K01,0,,1,1,,N,N,,0,,0,0,1,0,0,Y,19,0,4,0,0,0,0,0,3,4,0,4,3,,N,,,,,,,,,,,
2009031304,1600.0,1,0,0,0,0,0,0,0,0,8,0,,67,9,2007,6,39.9342,-75.1675,1551.0,6,0,0,0,0,0,0,0,0,,0,0,0,15,1,1,1,,0,39 56:02.865,,0,75 10:03.433,4,0,0,0,67301,1,0,0,,1,0,0,2,67301,1,,1,1,,,,,0,,0,0,0,3,2,,1545,1,2,0,0,0,0,1,3,4,0,1,3,,N,,,,,,,,,,,
2009125196,1546.0,1,0,0,0,0,0,0,0,0,8,0,,67,11,2007,4,40.0026,-75.1244,1545.0,6,0,0,0,0,0,1,0,0,,0,0,0,15,1,1,1,,0,40 00:09.455,,0,75 07:27.886,3,0,0,0,67301,1,0,0,N,1,0,0,2,67301,0,,1,1,,N,N,,0,,1,0,0,3,2,,1514,1,2,0,0,0,0,0,3,4,0,1,3,,N,,,,,,,,,,,
2007092282,1422.0,1,0,0,0,0,0,0,0,0,8,0,,67,7,2007,3,39.9519,-75.249,1422.0,6,0,0,0,0,0,1,0,0,1.0,0,0,0,14,1,1,0,,1,39 57:06.000,1.0,0,75 14:56.461,4,0,0,0,67301,1,0,0,,1,0,0,2,67301,1,,1,1,,N,N,,0,,0,0,0,0,0,Y,1420,1,2,0,0,1,0,0,3,4,0,1,3,,N,,,,,,,,,,,
2007080213,9999.0,0,0,0,1,0,1,0,0,0,4,0,,67,6,2007,7,39.9486,-75.1678,,6,0,0,0,0,0,0,0,0,,0,0,0,15,1,1,1,,0,39 56:54.970,,0,75 10:03.935,2,0,0,0,67301,1,0,1,,0,0,0,2,67301,0,,1,1,,,,,1,,0,1,0,3,2,,1530,1,2,0,0,0,0,0,3,4,0,1,3,,N,,,,,,,,,,,
2007098714,1600.0,1,0,0,0,0,0,0,0,0,4,0,,67,8,2007,1,40.0216,-75.0633,1600.0,6,0,0,0,0,0,0,0,0,,0,0,0,16,1,3,2,,0,40 01:17.000,,0,75 03:47.951,8,0,0,0,67301,0,0,0,,0,0,0,3,67301,0,,1,9,,,,,0,,0,0,1,0,0,,1600,3,2,0,0,0,3,0,3,4,0,2,7,,N,,,,,,,,,,,
2007057536,2358.0,0,0,0,0,0,0,0,0,0,7,0,,67,3,2007,7,39.9152,-75.1378,2356.0,6,0,0,0,0,0,0,0,0,,0,0,0,23,3,2,0,,0,39 54:54.739,,0,75 08:16.141,4,0,0,1,67301,0,0,0,,0,0,0,2,67301,2,,3,1,,,,,0,,0,0,0,0,0,,2355,2,1,0,0,0,0,0,3,4,0,1,3,,N,,,,,,,,,,,
2007110850,1822.0,0,0,0,1,0,0,0,0,0,1,0,,67,9,2007,5,39.9261,-75.1732,1817.0,6,0,0,0,0,0,0,0,0,,0,0,0,18,1,1,2,,0,39 55:33.931,,0,75 10:23.552,8,0,0,0,67301,1,0,0,,0,0,0,2,67301,0,,1,1,,,,,0,,0,0,0,9,3,,1815,1,2,0,0,0,1,0,3,4,0,1,3,,N,,,,,,,,,,,
2007106578,1545.0,2,0,0,0,0,0,0,0,0,4,0,,67,8,2007,5,39.9579,-75.1641,1538.0,6,0,0,0,0,0,2,0,0,,0,0,0,15,1,2,5,,0,39 57:28.000,,2,75 09:50.893,8,0,0,0,67301,0,0,0,N,0,0,0,4,67301,0,,1,9,,N,N,,0,,0,0,0,2,2,,1521,2,2,0,0,0,2,1,3,4,0,2,7,,N,,,,,,,,,,,
2007107545,2230.0,1,0,0,0,0,0,0,0,0,4,0,,67,9,2007,2,40.0303,-75.0644,2225.0,6,0,0,0,0,0,1,0,0,1.0,0,0,0,22,3,2,1,,1,40 01:48.000,3.0,0,75 03:51.736,3,0,0,0,67301,0,0,0,N,0,0,0,2,67301,0,,1,1,,N,N,,0,,2,0,0,3,2,N,2225,2,2,0,0,0,0,0,3,4,1,2,3,,N,,,,,,,,,,,
2007081691,1408.0,1,0,0,0,0,0,0,0,0,8,0,,67,5,2007,5,39.9362,-75.1577,1406.0,6,0,0,0,0,0,1,0,0,,0,0,0,14,1,1,0,,0,39 56:10.262,,0,75 09:27.774,8,0,0,0,67301,1,0,0,,1,0,0,2,67301,0,,1,1,,N,N,,0,,0,0,0,0,0,,1405,1,2,0,0,0,1,0,3,4,0,1,3,,N,,,,,,,,,,,
2007126546,1532.0,0,0,0,0,0,0,0,0,0,8,0,,67,10,2007,2,39.9749,-75.2351,1531.0,6,0,0,0,0,0,1,0,0,,0,0,0,15,1,1,1,,0,39 58:29.722,,0,75 14:06.187,8,0,0,0,67301,1,0,0,,1,0,0,2,67301,0,,1,1,,,Y,,0,,0,0,0,3,2,,1530,1,2,0,0,0,1,0,3,4,1,1,3,,N,,,,,,,,,,,
2007097879,2235.0,1,0,0,1,0,0,0,0,0,4,0,,67,7,2007,2,40.0159,-75.1538,2230.0,6,0,0,0,0,0,1,0,0,,0,0,0,99,3,1,1,,0,40 00:57.000,,0,75 09:13.829,4,0,0,0,67301,1,0,0,N,0,0,0,2,67301,1,,1,1,,N,N,,0,,0,0,0,9,2,,9999,1,2,0,0,0,0,0,3,4,0,1,3,,N,,,,,,,,,,,
2007093255,2056.0,1,0,0,0,0,0,0,0,0,4,0,,67,7,2007,6,39.9709,-75.2409,2056.0,6,0,0,0,0,0,1,0,0,2.0,0,0,0,20,4,3,1,,1,39 58:15.000,1.0,0,75 14:27.110,4,0,0,0,67301,0,0,0,N,0,0,0,3,67301,3,,1,1,,N,N,,0,,0,0,1,3,2,Y,2056,3,2,0,0,0,0,0,3,4,0,2,3,,N,,,,,,,,,,,
2007066237,2132.0,1,0,0,1,0,0,0,0,0,2,0,,67,5,2007,2,39.942,-75.1676,2127.0,6,0,0,0,0,0,0,0,0,1.0,0,0,0,99,3,1,0,,2,39 56:31.257,4.0,0,75 10:03.468,8,0,0,0,67301,1,0,0,,0,0,0,2,67301,0,,1,1,,,,,0,,0,0,0,3,3,Y,9999,1,2,0,0,0,1,0,3,4,0,1,3,,N,,,,,,,,,,,
2007056723,423.0,2,0,0,0,0,0,0,0,0,5,0,,67,4,2007,1,39.9364,-75.1584,421.0,6,0,0,0,0,0,0,0,0,,0,0,0,4,3,1,1,,0,39 56:10.896,,0,75 09:30.326,8,0,0,0,67301,0,0,0,N,0,0,0,3,67301,0,,1,9,,N,N,,0,,0,0,1,3,2,,421,1,3,0,0,0,1,2,3,4,0,3,7,,N,,,,,,,,,,,
2007047140,2105.0,2,0,0,0,0,0,0,0,0,4,0,,67,2,2007,7,40.0635,-75.1698,2056.0,6,0,1,0,0,0,0,0,0,,0,0,0,20,3,3,1,,0,40 03:48.000,,0,75 10:11.389,4,0,0,0,67301,0,0,0,N,0,0,0,6,67301,2,,1,1,,N,N,,0,,0,0,0,3,2,,2017,3,2,0,0,0,1,0,3,4,0,2,3,,N,,,,,,,,,,,
2007080256,2232.0,0,0,0,0,0,0,1,0,0,5,1,,67,6,2007,7,40.0456,-75.1651,2227.0,6,0,0,0,0,0,0,0,0,,0,0,0,22,3,1,0,,0,40 02:44.000,,0,75 09:54.276,8,0,0,0,67301,0,0,0,N,0,0,0,3,67301,0,,1,1,,N,N,,0,,0,0,1,0,0,,2225,1,2,0,0,0,1,1,3,4,0,2,3,,N,,,,,,,,,,,
2007080258,48.0,2,0,0,0,0,0,0,0,0,2,0,,67,6,2007,1,40.0539,-75.1552,44.0,6,0,0,0,0,0,0,0,0,,0,0,0,0,3,2,1,,0,40 03:14.000,,0,75 09:18.818,4,0,0,0,67301,0,0,0,N,0,0,0,2,67301,2,,1,1,,N,N,,0,,0,0,0,3,2,,34,2,2,0,0,0,0,0,3,4,0,2,3,,N,,,,,,,,,,,
2007049023,2035.0,0,0,0,0,0,0,0,0,0,1,0,,67,2,2007,7,39.9139,-75.1798,2028.0,6,0,0,0,0,0,0,0,0,,0,0,0,20,3,0,2,,0,39 54:50.040,,0,75 10:47.280,0,0,0,0,67301,0,0,0,N,0,0,0,2,67301,0,,1,1,,N,N,,0,,0,0,2,3,2,,2028,0,2,0,0,0,0,0,3,4,0,2,3,,N,,,,,,,,,,,
2007081074,1102.0,3,0,0,0,0,0,0,0,0,1,0,,67,3,2007,4,39.9974,-75.1025,1102.0,6,0,0,0,0,0,1,0,0,,0,0,0,11,1,1,0,,0,39 59:50.000,,0,75 06:08.880,8,0,0,0,67301,0,0,0,N,0,0,0,1,67301,0,,6,1,,N,N,,1,,0,0,0,0,0,,1102,1,4,0,0,0,1,0,3,4,0,4,3,,N,,,,,,,,,,,
2007066376,29.0,0,0,0,0,0,0,0,0,0,8,0,,67,5,2007,1,40.0188,-75.0744,17.0,6,0,0,0,0,0,0,0,0,,0,0,0,21,3,1,1,,0,40 01:07.719,,0,75 04:27.674,4,0,0,0,67301,1,0,0,N,1,0,0,2,67301,1,,1,1,,N,N,,0,,0,0,0,9,3,,2149,1,2,0,0,0,0,1,3,4,0,1,3,,N,,,,,,,,,,,
2007067248,2000.0,1,0,0,0,0,0,0,0,0,8,0,,67,4,2007,5,40.0251,-75.0449,1950.0,6,0,0,0,0,0,0,0,0,,0,0,0,19,1,1,0,,0,40 01:30.000,,0,75 02:41.735,4,0,0,0,67301,1,0,0,N,1,0,0,2,67301,1,,2,1,,N,N,,0,,0,0,0,0,0,,1950,1,2,0,0,0,0,0,3,4,0,1,3,,N,,,,,,,,,,,
2007066533,1540.0,1,0,0,0,0,0,0,0,0,0,0,,67,5,2007,3,40.0198,-75.1487,1535.0,6,0,0,0,0,0,0,0,0,,0,0,0,15,1,1,0,,0,40 01:11.000,,0,75 08:54.960,8,0,0,0,67301,0,0,0,N,0,0,0,1,67301,0,,1,1,,N,N,,0,,0,0,0,3,2,,1530,1,1,0,0,0,1,0,3,4,0,1,3,,N,,,,,,,,,,,
2007123839,1525.0,0,0,0,0,0,0,0,0,0,8,0,,67,10,2007,4,40.03,-75.2113,1522.0,6,0,0,0,0,0,0,0,0,,0,0,0,10,1,1,2,,0,40 01:47.000,,0,75 12:40.562,8,0,0,0,67301,1,0,0,N,1,0,0,2,67301,0,,1,1,,N,N,,1,,0,0,0,0,0,,1000,1,2,0,0,0,1,0,3,4,0,1,3,,N,,,,,,,,,,,
2007081277,1600.0,1,0,0,0,0,0,0,0,0,4,0,,67,3,2007,1,40.047,-74.9928,1559.0,6,0,0,1,0,0,1,0,0,3.0,0,0,0,15,1,1,1,,1,40 02:49.000,1.0,0,74 59:34.066,2,0,1,1,67301,0,0,0,N,0,0,0,3,67301,0,,1,1,,N,N,,0,,0,1,0,3,2,N,1555,1,2,0,0,1,0,0,3,4,0,2,3,,N,,,,,,,,,,,
2007126536,1738.0,2,0,0,0,0,0,0,0,0,4,0,,67,10,2007,1,39.9742,-75.2415,1738.0,6,0,0,0,0,0,0,0,0,,0,0,0,17,1,1,1,,0,39 58:27.156,,0,75 14:29.468,8,0,0,0,67301,0,0,0,,0,0,0,3,67301,0,,1,1,,,,,0,,0,0,0,3,3,,1735,1,2,0,0,0,1,0,3,4,0,2,3,,N,,,,,,,,,,,
2007126552,1427.0,0,0,0,0,0,0,0,0,0,1,0,,67,10,2007,4,40.0268,-75.1171,1423.0,6,0,0,0,0,0,2,0,0,,0,0,0,14,1,3,1,,0,40 01:36.000,,0,75 07:02.105,4,0,0,0,67301,0,0,0,,0,0,0,3,67301,2,,1,1,,,,,0,,0,0,3,0,0,,1420,3,3,0,0,0,1,0,3,4,0,3,3,,N,,,,,,,,,,,
2007097849,1408.0,1,0,0,0,0,0,1,0,0,4,1,,67,7,2007,1,39.9567,-75.2175,1358.0,6,0,0,0,0,0,0,0,0,,0,0,0,13,1,1,1,,0,39 57:24.296,,0,75 13:02.938,3,0,0,0,67301,0,0,0,N,0,0,0,3,67301,0,,1,1,,N,N,,0,,1,0,0,9,3,,1340,1,2,0,0,0,0,1,3,4,0,2,3,,N,,,,,,,,,,,
2007066243,1945.0,2,0,0,0,0,0,0,0,0,6,0,,67,5,2007,1,39.9676,-75.1815,1940.0,6,0,0,0,0,0,0,0,0,,0,0,0,19,1,3,0,,0,39 58:03.000,,0,75 10:54.022,8,0,0,0,67301,0,0,0,N,0,0,0,3,67301,0,,1,9,,N,N,,0,,0,0,0,0,0,,1940,3,2,0,0,0,3,0,3,4,0,2,7,,N,,,,,,,,,,,
2007092290,1812.0,1,0,0,0,0,0,0,0,0,1,0,,67,6,2007,7,40.0114,-75.0769,1812.0,6,0,0,0,0,0,0,0,0,,0,0,0,17,1,2,1,,0,40 00:40.000,,0,75 04:37.390,8,0,0,0,67301,0,0,0,,0,0,0,3,67301,0,,1,1,,,,,0,,0,0,1,9,2,,1745,2,2,0,0,0,2,1,3,4,0,2,3,,N,,,,,,,,,,,
2007106530,1930.0,0,0,0,0,0,0,0,0,0,8,0,,67,8,2007,2,39.9769,-75.1318,1928.0,6,0,0,0,0,0,0,0,0,,0,0,0,19,1,1,1,,0,39 58:36.000,,0,75 07:54.383,3,0,0,0,67301,1,0,0,N,1,0,0,2,67301,0,,1,1,,N,N,,1,,1,0,0,0,0,,1900,1,2,0,0,0,0,0,3,4,0,1,3,,N,,,,,,,,,,,
2007081293,1811.0,0,0,0,0,0,0,0,0,0,0,0,,67,5,2007,3,40.0573,-75.1406,1809.0,6,0,0,0,0,0,0,0,0,3.0,0,0,0,18,1,1,1,,2,40 03:26.326,7.0,0,75 08:26.228,3,0,0,1,67301,0,0,0,N,0,0,0,1,67301,0,,1,1,,N,N,,0,,1,0,0,0,0,Y,1809,1,2,0,0,0,0,0,3,4,0,1,3,,N,,,,,,,,,,,
2007126555,1930.0,2,0,0,0,0,0,0,0,0,4,0,,67,10,2007,5,40.0106,-75.2016,1923.0,6,0,0,0,1,0,0,0,0,,0,0,0,19,3,0,0,,0,40 00:35.000,,0,75 11:57.561,0,0,0,0,67301,0,0,0,N,0,0,0,5,67301,0,,1,1,,N,N,,0,,0,0,0,0,0,,1920,0,2,0,0,0,0,0,3,4,0,2,3,,N,,,,,,,,,,,
2007095368,1220.0,1,0,0,0,0,0,0,0,0,8,0,,67,8,2007,7,40.0449,-75.0553,1218.0,6,0,0,1,0,0,0,0,0,,0,0,0,12,1,1,0,,0,40 02:41.000,,7,75 03:18.346,8,0,0,0,67301,1,0,0,N,1,0,0,3,67301,0,,1,1,,N,N,,0,,0,0,0,0,0,,1215,1,2,0,0,0,1,0,3,4,0,1,3,,N,,,,,,,,,,,
2007093256,2230.0,1,0,0,0,0,0,0,0,0,8,0,,67,6,2007,7,39.9752,-75.1636,2200.0,6,0,0,0,0,0,0,0,0,,0,0,0,21,4,1,0,,0,39 58:30.878,,0,75 09:49.010,3,0,0,0,67301,1,0,0,,1,0,0,2,67301,0,,1,1,,,,,0,,1,0,0,0,0,,2130,1,2,0,0,0,0,0,3,4,0,1,3,,N,,,,,,,,,,,
2007053871,104.0,2,0,0,0,0,0,0,0,0,1,0,,67,4,2007,4,39.9959,-75.1974,53.0,6,0,0,0,0,0,0,0,0,1.0,0,0,0,0,3,2,0,,1,39 59:45.000,3.0,0,75 11:50.243,3,0,0,0,67301,0,0,0,N,0,0,0,5,68K01,0,,1,1,,N,N,,0,,2,0,0,0,0,N,50,2,2,0,0,2,0,0,3,4,0,2,3,,N,,,,,,,,,,,
2007067362,1652.0,2,0,0,0,0,0,0,0,0,6,0,,67,5,2007,1,40.0274,-75.0768,1650.0,6,0,0,0,0,0,0,0,0,,0,0,0,16,1,1,1,,0,40 01:38.622,,0,75 04:36.350,3,0,0,0,67301,0,0,0,N,0,0,0,2,67301,0,,1,1,,N,N,,0,,1,0,0,0,0,,1647,1,2,0,0,0,0,1,3,4,0,2,3,,N,,,,,,,,,,,
2007120672,1700.0,1,0,0,0,0,0,0,0,0,4,0,,67,10,2007,7,39.921,-75.1433,1658.0,6,0,0,0,0,0,0,0,0,,0,0,0,16,1,1,2,,0,39 55:15.000,,7,75 08:35.912,4,0,0,0,67301,0,0,0,N,0,0,0,5,67301,1,,1,1,,N,N,,0,,0,0,1,3,3,,1652,1,2,0,0,0,0,0,3,4,0,2,3,,N,,,,,,,,,,,
2007047648,1340.0,1,0,0,0,0,0,0,0,0,4,0,,67,1,2007,5,40.0352,-75.1456,1340.0,6,0,0,0,0,0,1,0,0,,0,0,0,13,1,0,1,,0,40 02:06.720,,0,75 08:44.160,0,0,0,0,67301,0,0,0,N,0,0,0,3,67301,0,,1,1,,N,N,,3,,0,0,0,3,2,,1336,0,4,0,0,0,0,0,3,4,0,4,3,,N,,,,,,,,,,,
2008029733,716.0,2,0,0,0,0,0,0,0,0,4,0,,67,12,2007,6,40.019,-75.1646,711.0,6,0,0,0,0,0,0,0,0,1.0,0,0,0,7,1,1,0,,2,40 01:08.000,3.0,0,75 09:52.788,3,0,0,0,67301,0,0,0,N,0,0,0,1,67301,0,,2,1,,N,N,,0,,1,0,0,3,8,N,706,1,2,0,0,1,0,0,3,4,0,2,3,,N,,,,,,,,,,,
2008003832,430.0,2,0,0,0,0,0,0,0,0,1,0,,67,10,2007,1,40.0338,-75.1459,430.0,6,0,0,0,0,0,0,0,0,,0,0,0,4,3,0,0,,0,40 02:01.522,,0,75 08:45.221,9,0,0,0,67301,0,0,0,N,0,0,0,1,67301,0,,6,1,,N,N,,0,,0,0,0,0,0,,430,0,2,0,0,0,0,1,3,4,0,2,3,,N,,,,,,,,,,,
2007047691,425.0,1,0,0,0,0,0,0,0,0,1,0,,67,3,2007,1,39.9541,-75.161,420.0,6,0,0,0,0,0,0,0,0,,0,0,0,4,6,0,2,,0,39 57:14.932,,0,75 09:39.712,9,0,0,0,67301,0,0,0,N,0,0,0,4,67301,0,,1,1,,N,N,,0,,0,0,1,0,0,,415,0,2,0,0,0,0,2,3,4,0,2,3,,N,,,,,,,,,,,
2007047660,1632.0,1,0,0,0,0,0,0,0,0,4,0,,67,3,2007,3,39.9543,-75.1621,1630.0,6,0,0,0,0,0,0,0,0,,0,0,0,16,1,4,1,,0,39 57:15.000,,0,75 09:43.411,8,0,0,0,67301,0,0,0,,0,0,0,6,67301,0,,1,1,,,,,0,,0,0,0,0,0,,1620,4,2,0,0,5,4,0,3,4,0,2,3,,N,,,,,,,,,,,
2007047650,1415.0,2,0,0,0,0,0,0,0,0,1,0,,67,2,2007,3,40.0536,-75.1416,1408.0,6,0,0,0,0,0,0,0,0,,0,0,0,14,1,1,0,,0,40 03:12.000,,0,75 08:29.671,4,0,0,0,67301,0,0,0,N,0,0,0,2,67301,1,,1,9,,N,N,,0,,0,0,0,3,2,,1400,1,2,0,0,0,0,0,3,4,0,2,10,,N,,,,,,,,,,,
2007067399,1315.0,2,0,0,0,0,0,0,0,0,1,0,,67,5,2007,1,39.9843,-75.2607,1312.0,6,0,0,0,0,0,0,0,0,1.0,0,0,0,13,1,1,0,,1,39 59:03.480,2.0,0,75 15:38.520,4,0,0,0,67301,0,0,0,N,0,0,0,9,67301,1,,1,1,,N,N,,0,,0,0,0,0,0,Y,1310,1,2,0,0,0,0,0,3,4,0,2,3,,N,,,,,,,,,,,
2007067352,925.0,1,0,0,1,0,0,0,0,0,4,0,,67,5,2007,3,39.9281,-75.1507,918.0,6,0,0,0,0,0,0,0,1,,0,0,0,9,1,1,0,,0,39 55:41.200,,0,75 09:02.600,3,0,0,0,67301,1,0,0,N,0,0,0,2,67301,0,,1,1,,N,N,,0,,1,0,0,3,2,,917,1,3,0,0,0,0,0,3,4,1,2,3,,N,,,,,,,,,,,
2007067346,830.0,2,0,0,0,0,0,0,0,0,1,0,,67,4,2007,2,39.9625,-75.2162,825.0,6,0,0,0,0,0,0,0,0,,0,0,0,8,1,1,1,,0,39 57:44.640,,0,75 12:56.880,8,0,0,0,67301,0,0,0,N,0,0,0,2,67301,0,,9,1,,N,N,,0,,0,0,0,3,2,,821,1,2,0,0,0,1,0,3,4,0,2,3,,N,,,,,,,,,,,
2007056452,1254.0,1,0,0,0,0,0,0,0,0,4,0,,67,4,2007,7,39.9041,-75.2403,1249.0,6,0,0,0,0,0,1,0,0,,0,0,0,12,1,1,1,,0,39 54:14.760,,0,75 14:25.080,4,0,0,0,67301,0,0,0,N,0,0,0,4,67301,1,,1,1,,N,N,,0,,0,0,1,3,2,,1245,1,2,0,0,0,0,0,3,4,0,2,3,,N,,,,,,,,,,,
2007093187,1455.0,2,0,0,0,0,0,0,0,0,4,0,,67,4,2007,7,40.0055,-75.1053,1453.0,6,0,0,0,0,0,0,0,0,,0,0,0,14,1,1,1,,0,40 00:19.000,,0,75 06:19.237,8,0,0,0,67301,0,0,0,,0,0,0,2,67301,0,,1,1,,,,,0,,0,0,0,3,2,,1453,1,2,0,0,0,1,0,3,4,0,2,3,,N,,,,,,,,,,,
2007081003,1650.0,2,0,0,0,0,0,0,0,0,4,0,,67,6,2007,1,40.0524,-75.1577,1650.0,6,0,0,0,0,0,0,0,0,,0,0,0,16,1,3,1,,0,40 03:08.460,,0,75 09:27.889,4,0,0,0,67301,0,0,0,N,0,0,0,3,67301,3,,1,1,,N,N,,0,,0,0,0,3,2,,1647,3,2,0,0,0,0,0,3,4,0,2,3,,N,,,,,,,,,,,
2007081087,1743.0,1,0,0,0,0,0,0,0,0,4,0,,67,5,2007,4,39.9976,-75.0816,1739.0,6,0,0,0,0,0,0,0,0,,0,0,0,17,1,1,3,,0,39 59:51.000,,2,75 04:53.650,4,0,0,0,67301,0,0,0,N,0,0,0,2,67301,1,,1,1,,N,N,,0,,0,0,0,0,0,,1738,1,2,0,0,0,0,0,3,4,1,2,3,,N,,,,,,,,,,,
2007110846,2300.0,2,0,0,0,0,0,0,0,0,1,0,,67,9,2007,7,40.0235,-75.1335,2245.0,6,0,0,0,0,0,0,0,0,,0,0,0,22,3,1,1,,0,40 01:24.000,,0,75 07:59.561,8,0,0,0,67301,0,0,0,N,0,0,0,3,67301,0,,1,1,,N,N,,0,,0,0,0,3,2,,2240,1,3,0,0,3,1,0,3,4,1,3,3,,N,,,,,,,,,,,
2007106527,1550.0,2,0,0,0,0,0,0,0,0,2,0,,67,8,2007,6,39.9723,-75.1243,1545.0,6,0,0,0,0,0,0,0,0,1.0,0,0,0,15,1,3,0,,1,39 58:21.000,3.0,0,75 07:23.396,4,0,0,0,67301,0,0,0,N,0,0,0,4,67301,3,,1,9,,N,N,,0,,0,0,0,0,0,Y,1545,3,2,0,0,0,0,0,3,4,0,2,3,,N,,,,,,,,,,,
2007098696,2309.0,0,0,0,0,0,0,0,0,0,1,0,,67,7,2007,7,39.9662,-75.1792,2309.0,6,0,0,0,0,0,0,0,0,,0,0,0,99,3,1,1,,0,39 57:59.000,,0,75 10:45.551,3,0,0,0,67301,0,0,0,N,0,0,0,2,67301,0,,1,1,,N,N,,0,,1,0,2,3,2,,9999,1,2,0,0,0,0,0,3,4,0,2,3,,N,,,,,,,,,,,
2007097855,512.0,2,0,0,0,0,0,0,0,0,1,0,,67,7,2007,5,40.0485,-75.2208,509.0,6,0,0,0,0,0,0,0,0,,0,0,0,99,3,0,0,,0,40 02:54.700,,0,75 13:14.900,0,0,0,0,67301,0,0,0,,0,0,0,1,67301,0,,6,1,,,,,0,,0,0,0,0,0,,9999,0,2,0,0,1,0,0,3,4,0,2,3,,N,,,,,,,,,,,