CRN,ARRIVAL_TM,AUTOMOBILE_COUNT,BELTED_DEATH_COUNT,BELTED_SUSP_SERIOUS_INJ_COUNT,BICYCLE_COUNT,BICYCLE_DEATH_COUNT,BICYCLE_SUSP_SERIOUS_INJ_COUNT,BUS_COUNT,CHLDPAS_DEATH_COUNT,CHLDPAS_SUSP_SERIOUS_INJ_COUNT,COLLISION_TYPE,COMM_VEH_COUNT,CONS_ZONE_SPD_LIM,COUNTY,CRASH_MONTH,CRASH_YEAR,DAY_OF_WEEK,DEC_LAT,DEC_LONG,DISPATCH_TM,DISTRICT,DRIVER_COUNT_16YR,DRIVER_COUNT_17YR,DRIVER_COUNT_18YR,DRIVER_COUNT_19YR,DRIVER_COUNT_20YR,DRIVER_COUNT_50_64YR,DRIVER_COUNT_65_74YR,DRIVER_COUNT_75PLUS,EST_HRS_CLOSED,FATAL_COUNT,HEAVY_TRUCK_COUNT,HORSE_BUGGY_COUNT,HOUR_OF_DAY,ILLUMINATION,INJURY_COUNT,INTERSECT_TYPE,INTERSECTION_RELATED,LANE_CLOSED,LATITUDE,LN_CLOSE_DIR,LOCATION_TYPE,LONGITUDE,MAX_SEVERITY_LEVEL,MCYCLE_DEATH_COUNT,MCYCLE_SUSP_SERIOUS_INJ_COUNT,MOTORCYCLE_COUNT,MUNICIPALITY,NONMOTR_COUNT,NONMOTR_DEATH_COUNT,NONMOTR_SUSP_SERIOUS_INJ_COUNT,NTFY_HIWY_MAINT,PED_COUNT,PED_DEATH_COUNT,PED_SUSP_SERIOUS_INJ_COUNT,PERSON_COUNT,POLICE_AGCY,POSSIBLE_INJ_COUNT,RDWY_SURF_TYPE_CD,RELATION_TO_ROAD,ROAD_CONDITION,ROADWAY_CLEARED,SCH_BUS_IND,SCH_ZONE_IND,SECONDARY_CRASH,SMALL_TRUCK_COUNT,SPEC_JURIS_CD,SUSP_MINOR_INJ_COUNT,SUSP_SERIOUS_INJ_COUNT,SUV_COUNT,TCD_FUNC_CD,TCD_TYPE,TFC_DETOUR_IND,TIME_OF_DAY,TOT_INJ_COUNT,TOTAL_UNITS,UNB_DEATH_COUNT,UNB_SUSP_SERIOUS_INJ_COUNT,UNBELTED_OCC_COUNT,UNK_INJ_DEG_COUNT,UNK_INJ_PER_COUNT,URBAN_AREA,URBAN_RURAL,VAN_COUNT,VEHICLE_COUNT,WEATHER1,WEATHER2,WORK_ZONE_IND,WORK_ZONE_LOC,WORK_ZONE_TYPE,WORKERS_PRES,WZ_CLOSE_DETOUR,WZ_FLAGGER,WZ_LAW_OFFCR_IND,WZ_LN_CLOSURE,WZ_MOVING,WZ_OTHER,WZ_SHLDER_MDN,WZ_WORKERS_INJ_KILLED
2008017106,600.0,0,0,0,0,0,0,0,0,0,7,0,,67,12,2007,7,39.9788,-75.2161,555.0,6,0,0,0,0,0,0,0,0,,0,0,0,5,3,1,0,,0,39 58:43.000,,0,75 12:57.597,4,0,0,0,67301,0,0,0,N,0,0,0,2,67301,1,,2,1,,N,N,,0,,0,0,1,0,0,,550,1,1,0,0,2,0,0,3,4,0,1,3,,N,,,,,,,,,,,
2008019400,742.0,4,0,0,0,0,0,0,0,0,1,0,,67,12,2007,4,40.0387,-75.0096,733.0,6,0,0,0,0,0,2,0,0,1.0,0,0,0,7,1,1,0,,1,40 02:19.000,2.0,0,75 00:33.710,4,0,0,0,67301,0,0,0,,0,0,0,4,67301,1,,1,1,,,,,0,,0,0,0,0,0,N,730,1,4,0,0,0,0,0,3,4,0,4,3,,N,,,,,,,,,,,
2008017317,9999.0,1,0,0,0,0,0,0,0,0,7,0,,67,12,2007,7,40.0807,-74.9659,1518.0,6,0,0,0,0,0,0,0,0,1.0,0,0,0,99,1,2,0,,1,40 04:50.000,3.0,0,74 57:57.369,4,0,0,0,67301,0,0,0,N,0,0,0,3,67301,1,,4,1,,N,N,,0,,0,0,0,0,0,Y,9999,2,1,0,0,0,1,0,3,4,0,1,3,,N,,,,,,,,,,,
2008017037,1212.0,2,0,0,0,0,0,0,0,0,4,0,,67,12,2007,6,40.0748,-75.0353,1212.0,6,0,0,0,0,0,0,0,0,,0,0,0,12,1,0,0,,0,40 04:29.000,,0,75 02:06.978,0,0,0,0,67301,0,0,0,N,0,0,0,2,67301,0,,1,1,,N,N,,0,,0,0,0,0,0,,1212,0,2,0,0,0,0,0,3,4,0,2,3,,N,,,,,,,,,,,
2008017358,2217.0,1,0,0,0,0,0,0,0,0,5,0,,67,12,2007,1,40.0343,-75.1604,2213.0,6,0,0,0,0,0,1,0,0,,0,0,0,22,3,0,1,,0,40 02:03.606,,0,75 09:37.515,0,0,0,0,67301,0,0,0,,0,0,0,2,67301,0,,1,9,,N,N,,0,,0,0,1,0,0,,2209,0,2,0,0,0,0,0,3,4,0,2,7,,N,,,,,,,,,,,
2008017293,1744.0,1,0,0,0,0,0,0,0,0,1,0,,67,12,2007,3,39.9592,-75.2015,1739.0,6,0,0,0,0,0,0,0,0,,0,0,0,17,3,1,0,,0,39 57:33.183,,0,75 12:05.557,8,0,0,0,67301,1,0,0,N,0,0,0,2,67301,0,,6,1,,N,N,,0,,0,0,0,0,0,,1737,1,2,0,0,0,1,0,3,4,1,2,3,,N,,,,,,,,,,,
2008037029,1215.0,2,0,0,0,0,0,0,0,0,1,0,,67,12,2007,6,39.9963,-75.1971,1215.0,6,0,0,0,0,0,0,0,0,,0,0,0,12,1,1,0,,0,39 59:47.000,,0,75 11:49.035,8,0,0,0,67301,0,0,0,N,0,0,0,4,68K01,0,,1,9,,N,N,,1,,0,0,0,0,0,,1214,1,3,0,0,0,1,1,3,4,0,3,7,,N,,,,,,,,,,,
2008006265,9999.0,2,0,0,0,0,0,0,0,0,1,0,,67,11,2007,3,40.0102,-75.1423,,6,0,0,0,0,0,0,0,0,,0,0,0,99,1,0,0,,0,40 00:36.687,,0,75 08:32.377,0,0,0,0,67301,0,0,0,N,0,0,0,1,67301,0,,1,1,,N,N,,0,,0,0,0,0,0,,9999,0,2,0,0,0,0,0,3,4,0,2,3,,N,,,,,,,,,,,
2008024056,1414.0,1,0,0,0,0,0,0,0,0,4,0,,67,12,2007,1,39.9318,-75.1497,1412.0,6,0,0,0,0,0,1,0,0,,0,0,0,14,1,1,1,,0,39 55:54.451,,0,75 08:59.006,8,0,0,0,67301,0,0,0,N,0,0,0,3,67301,0,,1,9,,N,N,,0,,0,0,0,3,3,,1412,1,2,0,0,0,1,0,3,4,1,2,7,,N,,,,,,,,,,,
2008024214,9999.0,1,0,0,0,0,0,0,0,0,6,0,,67,12,2007,7,40.0308,-75.1581,242.0,6,0,0,0,0,0,0,0,0,,0,0,0,2,3,4,2,,0,40 01:50.880,,0,75 09:29.185,8,0,0,0,67301,0,0,0,,0,0,0,7,67301,0,,1,9,,,,,0,,0,0,0,9,3,,230,4,2,0,0,0,4,0,3,4,1,2,7,,N,,,,,,,,,,,
2008053205,400.0,1,0,0,0,0,0,0,0,0,9,0,,67,11,2007,4,40.0506,-75.242,345.0,6,0,0,0,0,0,0,0,0,,0,0,0,3,3,0,0,,0,40 03:02.206,,0,75 14:31.081,0,0,0,0,67301,0,0,0,,0,0,0,1,67301,0,,1,9,,,,,0,,0,0,0,0,0,,345,0,1,0,0,1,0,0,3,4,0,1,5,,N,,,,,,,,,,,
2008016746,48.0,1,0,0,0,0,0,0,0,0,8,0,,67,12,2007,6,39.9457,-75.1701,46.0,6,0,0,0,0,0,0,0,0,,0,0,0,0,3,1,0,,0,39 56:44.361,,0,75 10:12.277,4,0,0,0,67301,1,0,0,,1,0,0,2,67301,1,,6,9,,,,,0,,0,0,0,0,0,,46,1,2,0,0,0,0,1,3,4,0,1,3,,N,,,,,,,,,,,
2009029775,2012.0,1,0,0,0,0,0,0,0,0,8,0,,67,6,2007,6,39.9228,-75.2357,2010.0,6,0,0,0,0,0,0,0,0,,0,0,0,20,1,1,1,,0,39 55:22.123,,0,75 14:08.509,8,0,0,0,67301,2,0,0,N,2,0,0,3,67301,0,,1,1,,N,N,,0,,0,0,0,0,0,,2009,1,3,0,0,0,1,1,3,4,0,1,3,,N,,,,,,,,,,,
2008029738,937.0,1,0,0,0,0,0,0,0,0,7,0,,67,12,2007,5,40.0073,-75.1926,932.0,6,0,0,0,0,0,0,0,0,,0,0,0,9,1,2,0,,0,40 00:28.000,,0,75 11:30.153,4,0,0,0,67301,0,0,0,,0,0,0,2,67301,2,,2,9,,,,,0,,0,0,0,0,0,,932,2,1,0,0,0,0,0,3,4,0,1,3,,N,,,,,,,,,,,
2008024450,231.0,1,0,0,0,0,0,0,0,0,5,0,,67,12,2007,3,40.0487,-75.0516,228.0,6,0,0,0,0,0,0,0,0,2.0,0,0,0,99,3,0,2,,2,40 02:55.000,2.0,0,75 03:05.833,0,0,0,0,67301,0,0,0,N,0,0,0,4,67301,0,,1,1,,N,N,,0,,0,0,1,0,0,Y,9999,0,2,0,0,0,0,0,3,4,0,2,3,,N,,,,,,,,,,,
2008017340,1402.0,2,0,0,0,0,0,0,0,0,2,0,,67,12,2007,1,39.9664,-75.2076,1358.0,6,0,0,0,0,0,0,0,0,,0,0,0,13,1,0,1,,0,39 57:58.000,,0,75 12:27.077,0,0,0,0,67301,0,0,0,N,0,0,0,2,67301,0,,1,1,,N,N,,0,,0,0,0,3,2,,1356,0,2,0,0,0,0,0,3,4,0,2,3,,N,,,,,,,,,,,
2008017378,1850.0,2,0,0,0,0,0,0,0,0,4,0,,67,11,2007,4,39.999,-75.102,1845.0,6,0,0,0,0,0,1,0,0,,0,0,0,18,3,1,0,,0,39 59:56.508,,0,75 06:07.286,3,0,0,0,67301,0,0,0,N,0,0,0,2,67301,0,,1,1,,N,N,,0,,1,0,0,0,0,,1835,1,2,0,0,0,0,0,3,4,0,2,3,,N,,,,,,,,,,,
2008017291,1821.0,1,0,0,0,0,0,0,0,0,8,0,,67,12,2007,2,40.0215,-75.1818,1821.0,6,0,0,0,0,0,0,1,0,,0,0,0,18,3,1,0,,0,40 01:17.330,,0,75 10:54.413,4,0,0,0,67301,1,0,0,N,1,0,0,2,67301,1,,1,9,,N,N,,0,,0,0,0,0,0,,1815,1,2,0,0,0,0,0,3,4,0,1,7,,N,,,,,,,,,,,
2008033748,,1,0,0,0,0,0,0,0,0,1,0,,67,11,2007,6,40.1189,-75.018,,6,0,0,0,0,0,0,1,0,,0,0,0,10,1,1,1,,0,40 07:07.000,,0,75 01:04.685,8,0,0,0,67301,0,0,0,,0,0,0,2,,0,,1,98,,,,,0,,0,0,0,3,2,,1030,1,2,0,0,0,1,1,3,4,0,2,3,,N,,,,,,,,,,,
2008008939,834.0,1,0,0,0,0,0,0,0,0,8,0,,67,11,2007,4,39.9519,-75.1598,826.0,6,0,0,0,0,0,0,0,0,,0,0,0,7,1,1,1,,0,39 57:06.000,,0,75 09:35.366,4,0,0,0,67301,1,0,0,,1,0,0,2,67301,1,,1,1,,,,,0,,0,0,0,3,2,,755,1,2,0,0,0,0,0,3,4,0,1,3,,N,,,,,,,,,,,
2008023957,1500.0,1,0,0,0,0,0,0,0,0,8,0,,67,12,2007,2,40.0186,-75.1271,1455.0,6,0,0,0,0,0,0,0,0,,0,0,0,14,1,1,0,,0,40 01:07.053,,0,75 07:37.513,4,0,0,0,67301,1,0,0,N,1,0,0,2,67301,1,,1,1,,N,N,,0,,0,0,0,3,2,,1450,1,2,0,0,0,0,0,3,4,0,1,3,,N,,,,,,,,,,,
2008023972,540.0,1,0,0,0,0,0,0,0,0,7,0,,67,12,2007,2,40.0372,-75.1685,537.0,6,0,0,0,0,0,1,0,0,,0,0,0,5,3,1,0,,0,40 02:13.830,,0,75 10:06.722,8,0,0,0,67301,0,0,0,N,0,0,0,1,67301,0,,5,1,,N,N,,0,,0,0,0,0,0,,532,1,1,0,0,0,1,0,3,4,0,1,3,,N,,,,,,,,,,,
2008053243,1713.0,2,0,0,0,0,0,0,0,0,1,0,,67,12,2007,3,39.9501,-75.1659,1711.0,6,0,0,0,0,0,0,0,1,,0,0,0,16,3,0,0,,0,39 57:00.391,,0,75 09:57.116,0,0,0,0,67301,0,0,0,N,0,0,0,3,67301,0,,1,1,,N,N,,0,,0,0,1,0,0,,1645,0,3,0,0,0,0,0,3,4,0,3,3,,N,,,,,,,,,,,
2012029965,1216.0,1,0,0,0,0,0,0,0,0,4,0,,67,12,2007,1,40.0652,-75.1681,1214.0,6,0,0,0,0,0,0,0,0,,0,0,0,12,1,0,1,,0,40 03:54.789,,0,75 10:05.158,0,0,0,0,67301,0,0,0,,0,0,0,2,67301,0,,1,1,,N,N,,0,,0,0,1,3,2,,1212,0,2,0,0,0,0,0,3,4,0,2,3,,N,,,,,,,,,,,
2007107012,2000.0,2,0,0,0,0,0,0,0,0,4,0,,67,9,2007,3,40.118,-75.0185,2000.0,6,0,0,0,0,0,0,1,0,,0,0,0,19,3,1,0,,0,40 07:04.000,,0,75 01:06.691,4,0,0,0,67301,0,0,0,N,0,0,0,3,67301,1,,1,1,,N,N,,0,,0,0,0,0,0,,1955,1,2,0,0,0,0,0,3,4,0,2,3,,N,,,,,,,,,,,
2007098753,1935.0,3,0,0,0,0,0,0,0,0,4,0,,67,7,2007,1,40.028,-75.1384,1930.0,6,0,0,0,0,0,0,0,0,,0,0,0,18,1,2,1,,0,40 01:40.879,,0,75 08:18.110,4,0,0,0,67301,0,0,0,N,0,0,0,3,67301,2,,1,1,,N,N,,0,,0,0,0,3,2,,1845,2,3,0,0,0,0,0,3,4,0,3,3,,N,,,,,,,,,,,
2007081745,1100.0,2,0,0,0,0,0,0,0,0,4,0,,67,5,2007,4,40.049,-75.1595,1100.0,6,0,0,0,0,0,0,0,0,,0,0,0,7,3,1,1,,0,40 02:56.428,,0,75 09:34.041,8,0,0,0,67301,0,0,0,,0,0,0,2,67301,0,,1,1,,N,N,,0,,0,0,0,3,3,,745,1,2,0,0,0,1,1,3,4,0,2,3,,N,,,,,,,,,,,
2007080853,1250.0,2,0,0,0,0,0,1,0,0,5,1,,67,6,2007,4,40.0077,-75.1393,1249.0,6,0,0,0,0,0,0,0,0,,0,0,0,12,1,3,0,,0,40 00:27.000,,0,75 08:21.519,4,0,0,0,67301,0,0,0,N,0,0,0,7,67301,3,,1,1,,N,N,,0,,0,0,0,0,0,,1245,3,3,0,0,0,0,4,3,4,0,3,3,,N,,,,,,,,,,,
2007066831,1350.0,2,0,0,0,0,0,0,0,0,4,0,,67,5,2007,5,40.0381,-75.0547,1340.0,6,0,0,0,0,0,0,0,1,,0,0,0,13,1,0,1,,0,40 02:17.196,,0,75 03:16.819,0,0,0,0,67301,0,0,0,N,0,0,0,3,67301,0,,1,1,,N,N,,0,,0,0,0,3,2,,1340,0,2,0,0,0,0,0,3,4,0,2,3,,N,,,,,,,,,,,
2007066846,1625.0,1,0,0,0,0,0,0,0,0,4,0,,67,5,2007,6,39.9638,-75.2201,1619.0,6,0,0,0,0,0,0,0,0,,0,0,0,16,1,0,2,,0,39 57:49.841,,0,75 13:12.286,0,0,0,0,67301,0,0,0,N,0,0,0,1,67301,0,,1,1,,N,N,,0,,0,0,0,3,2,,1609,0,2,0,0,0,0,0,3,4,0,2,3,,N,,,,,,,,,,,
2007056704,1550.0,1,0,0,0,0,0,0,0,0,4,0,,67,4,2007,3,39.9583,-75.152,1546.0,6,0,0,0,0,0,1,0,0,1.0,0,0,0,15,1,0,1,,1,39 57:30.009,4.0,0,75 09:07.358,0,0,0,0,67301,0,0,0,N,0,0,0,2,67301,0,,1,1,,N,N,,1,,0,0,0,3,2,N,1530,0,2,0,0,0,0,0,3,4,0,2,3,,N,,,,,,,,,,,
2007056955,2120.0,0,0,0,0,0,0,0,0,0,8,0,,67,4,2007,2,39.996,-75.1438,2055.0,6,0,0,0,0,0,0,0,0,,0,0,0,20,3,1,0,,0,39 59:45.569,,6,75 08:37.550,4,0,0,0,67301,1,0,0,N,1,0,0,2,67301,1,,1,1,,N,N,,0,,0,0,1,0,0,,2055,1,2,0,0,0,0,1,3,4,0,1,3,,N,,,,,,,,,,,
2007056875,1642.0,1,0,0,0,0,0,0,0,0,8,0,,67,3,2007,2,39.9876,-75.1412,1637.0,6,0,0,0,0,0,0,0,0,,0,0,0,99,1,1,1,,0,39 59:15.183,,0,75 08:28.377,3,0,0,0,67301,1,0,0,N,1,0,0,2,67301,0,,1,1,,N,N,,0,,1,0,0,3,2,,9999,1,2,0,0,0,0,0,3,4,0,1,3,,N,,,,,,,,,,,
2007056987,249.0,2,0,0,0,0,0,0,0,0,1,0,,67,4,2007,7,39.9602,-75.1968,244.0,6,0,0,0,0,0,0,0,0,,0,0,0,2,3,1,1,,0,39 57:37.080,,0,75 11:48.840,4,0,0,0,67301,0,0,0,N,0,0,0,3,67301,1,,1,1,,N,N,,0,,0,0,0,3,2,,241,1,2,0,0,3,0,0,3,4,0,2,3,,N,,,,,,,,,,,
2007057008,1110.0,2,0,0,0,0,0,0,0,0,5,0,,67,4,2007,6,40.114,-74.9876,1100.0,6,0,0,0,0,0,0,0,0,,0,0,0,9,1,1,1,,0,40 06:50.000,,0,74 59:15.389,2,0,0,0,67301,0,0,0,,0,0,0,2,67301,0,,1,1,,N,N,,0,,0,1,0,3,2,,930,1,2,0,0,0,0,1,3,4,0,2,3,,N,,,,,,,,,,,
2007047048,1610.0,2,0,0,0,0,0,0,0,0,4,0,,67,2,2007,2,40.0492,-75.1839,1603.0,6,0,0,0,0,0,1,0,0,,0,0,0,15,1,0,1,,0,40 02:57.000,,0,75 11:02.115,0,0,0,0,67301,0,0,0,N,0,0,0,2,67301,0,,1,1,,N,N,,0,,0,0,0,3,3,,1537,0,2,0,0,0,0,0,3,4,0,2,3,,N,,,,,,,,,,,
2007047121,620.0,0,0,0,0,0,0,0,0,0,8,0,,67,2,2007,7,39.9967,-75.1972,616.0,6,0,0,0,0,0,0,0,0,,0,0,0,6,5,1,0,,0,39 59:48.084,,7,75 11:49.970,3,0,0,0,67301,1,0,0,N,1,0,0,2,67301,0,,2,1,,N,N,,0,,1,0,0,0,0,,605,1,2,0,0,0,0,1,3,4,1,1,3,,N,,,,,,,,,,,
2007099501,1125.0,1,0,0,0,0,0,0,0,0,7,0,,67,8,2007,3,40.0149,-75.206,1115.0,6,0,0,0,0,0,0,0,0,,0,0,0,11,1,0,0,,0,40 00:53.700,,0,75 12:21.600,0,0,0,0,67301,0,0,0,N,0,0,0,1,67301,0,,4,9,,N,N,,0,,0,0,0,0,0,,1110,0,1,0,0,0,0,0,3,4,0,1,7,,N,,,,,,,,,,,
2007099344,1225.0,1,0,0,0,0,0,0,0,0,8,0,,67,8,2007,6,40.0563,-75.1598,1205.0,6,0,0,0,0,0,0,0,0,,0,0,0,19,1,1,0,,0,40 03:22.000,,0,75 09:35.218,3,0,0,0,67301,1,0,0,N,1,0,0,2,67301,0,,3,1,,N,N,,0,,1,0,0,0,0,,1930,1,2,0,0,0,0,1,3,4,0,1,3,,N,,,,,,,,,,,
2007099362,1559.0,2,0,0,0,0,0,0,0,0,4,0,,67,8,2007,2,40.032,-75.0214,1551.0,6,0,0,0,0,0,1,1,0,1.0,0,0,0,15,1,1,0,,1,40 01:52.000,2.0,0,75 01:17.840,8,0,0,0,67301,0,0,0,N,0,0,0,5,67301,0,,1,1,,N,N,,1,,0,0,0,0,0,N,1551,1,4,0,0,0,1,0,3,4,1,4,3,,N,,,,,,,,,,,
2007116664,1450.0,2,0,0,0,0,0,0,0,0,1,0,,67,10,2007,4,40.052,-75.1291,1445.0,6,0,0,0,0,0,0,0,0,,0,0,0,14,1,1,1,,0,40 03:07.185,,0,75 07:44.835,4,0,0,0,67301,0,0,0,N,0,0,0,3,67301,1,,1,1,,N,N,,0,,0,0,0,9,3,,1445,1,2,0,0,0,0,0,3,4,0,2,3,,N,,,,,,,,,,,
2007111539,738.0,1,0,0,0,0,0,0,0,0,5,0,,67,10,2007,4,39.9552,-75.1472,738.0,6,0,0,0,0,0,0,0,0,,0,0,0,7,1,1,0,,0,39 57:18.787,,3,75 08:49.757,4,0,0,0,67301,0,0,0,N,0,0,0,2,67501,1,,1,1,,N,N,,0,,0,0,0,0,0,,733,1,2,0,0,0,0,1,3,4,0,2,3,,N,,,,,,,,,,,
2007111797,810.0,3,0,0,0,0,0,0,0,0,2,0,,67,9,2007,1,40.0346,-75.0869,803.0,6,0,0,0,0,0,0,0,0,,0,0,0,7,1,0,0,,0,40 02:04.000,,0,75 05:13.056,9,0,0,0,67301,0,0,0,N,0,0,0,1,67301,0,,1,1,,N,N,,0,,0,0,0,0,0,,710,0,3,0,0,0,0,1,3,4,0,3,3,,N,,,,,,,,,,,
2007109140,1325.0,1,0,0,0,0,0,0,0,0,8,0,,67,8,2007,4,39.9915,-75.1349,1321.0,6,0,0,0,0,0,0,0,0,,0,0,0,13,1,1,1,,0,39 59:29.000,,0,75 08:05.582,8,0,0,0,67301,1,0,0,N,1,0,0,3,67301,0,,1,1,,N,N,,0,,0,0,0,3,2,,1320,1,3,0,0,0,1,0,3,4,1,2,3,,N,,,,,,,,,,,
2007092030,2008.0,1,0,0,0,0,0,0,0,0,3,0,,67,7,2007,6,39.9928,-75.1698,2002.0,6,0,0,0,0,0,0,0,0,,0,0,0,99,1,2,0,,0,39 59:34.011,,7,75 10:11.420,8,0,0,0,67301,2,0,0,N,0,0,0,3,67301,0,,6,1,,N,N,,0,,0,0,1,0,0,,9999,2,2,0,0,0,2,0,3,4,0,2,3,,N,,,,,,,,,,,
2007109216,1617.0,0,0,0,0,0,0,0,0,0,1,0,,67,11,2007,2,39.9954,-75.239,1615.0,6,0,0,0,0,0,0,0,0,,0,0,0,16,1,1,0,,0,39 59:44.000,,0,75 14:18.266,8,0,0,0,67301,0,0,0,N,0,0,0,3,46104,0,,1,1,,N,N,,0,,0,0,3,0,0,,1615,1,3,0,0,0,1,0,3,4,0,3,3,,N,,,,,,,,,,,
2007091901,1740.0,2,0,0,0,0,0,0,0,0,4,0,,67,7,2007,1,40.0523,-75.1516,1738.0,6,0,0,0,0,0,1,0,0,1.0,0,0,0,17,1,1,1,,1,40 03:08.000,3.0,0,75 09:05.951,4,0,0,0,67301,0,0,0,N,0,0,0,2,67301,1,,1,1,,N,N,,0,,0,0,2,3,3,Y,1737,1,5,0,0,0,0,1,3,4,1,5,3,,N,,,,,,,,,,,
2007088982,1200.0,1,0,0,0,0,0,0,0,0,1,0,,67,7,2007,1,40.0046,-75.195,1159.0,6,0,0,0,0,0,1,0,0,1.0,0,0,0,11,1,1,0,,1,40 00:15.000,4.0,0,75 11:41.458,8,0,0,1,67301,0,0,0,N,0,0,0,2,68K01,0,,1,1,,N,N,,0,,0,0,0,0,0,N,1159,1,2,0,0,0,1,0,3,4,0,2,3,,N,,,,,,,,,,,
2007084612,2253.0,2,0,0,0,0,0,0,0,0,1,0,,67,5,2007,7,40.0205,-75.1556,2248.0,6,0,0,0,0,0,2,0,0,1.0,0,0,0,22,3,0,0,,2,40 01:13.000,1.0,0,75 09:20.360,0,0,0,0,67301,0,0,0,N,0,0,0,7,67301,0,,1,1,,N,N,,0,,0,0,0,0,0,N,2244,0,3,0,0,0,0,0,3,4,1,3,3,,N,,,,,,,,,,,
2007080024,1142.0,1,0,0,0,0,0,0,0,0,5,0,,67,5,2007,4,39.9942,-75.1078,1135.0,6,0,0,0,0,0,0,0,0,,0,0,0,11,1,1,1,,0,39 59:39.000,,0,75 06:28.154,4,0,0,0,67301,0,0,0,N,0,0,0,2,67301,1,,1,1,,N,N,,0,,0,0,1,0,0,,1115,1,2,0,0,0,0,1,3,4,0,2,3,,N,,,,,,,,,,,
2007080062,412.0,1,0,0,0,0,0,0,0,0,7,0,,67,6,2007,1,40.0369,-75.1343,402.0,6,0,0,1,0,0,0,0,0,,0,0,0,3,3,2,0,,0,40 02:12.000,,0,75 08:03.540,8,0,0,0,67301,0,0,0,N,0,0,0,2,67301,0,,4,9,,N,N,,0,,0,0,0,0,0,,355,2,1,0,0,0,2,0,3,4,0,1,3,,N,,,,,,,,,,,
2007082510,1038.0,3,0,0,0,0,0,0,0,0,4,0,,67,5,2007,7,40.0261,-75.043,1037.0,6,0,0,0,0,1,0,0,0,,0,0,0,10,1,1,0,,0,40 01:33.000,,0,75 02:34.639,8,0,0,0,67301,0,0,0,,0,0,0,2,67301,0,,1,1,,,,,0,,0,0,0,0,0,,1037,1,3,0,0,0,1,0,3,4,0,3,3,,N,,,,,,,,,,,
2007053391,1835.0,1,0,0,0,0,0,0,0,0,8,0,,67,2,2007,6,39.9555,-75.2421,1828.0,6,0,0,0,0,0,0,0,0,,0,0,0,18,3,1,1,,0,39 57:19.771,,0,75 14:31.703,8,0,0,0,67301,1,0,0,N,1,0,0,2,67301,0,,1,9,,N,N,,0,,0,0,0,9,3,,1820,1,2,0,0,0,1,0,3,4,0,1,7,,N,,,,,,,,,,,
2007027986,1625.0,1,0,0,0,0,0,0,0,0,5,1,,67,1,2007,2,40.0259,-75.1201,1620.0,6,0,0,0,0,0,0,0,0,,0,1,0,16,3,1,0,,0,40 01:33.000,,0,75 07:11.310,3,0,0,0,67301,0,0,0,,0,0,0,2,67301,0,,1,1,,,,,0,,1,0,0,0,0,,1618,1,2,0,0,0,0,0,3,4,0,2,3,,N,,,,,,,,,,,
2007011295,43.0,2,0,0,0,0,0,0,0,0,1,0,,67,1,2007,1,40.009,-75.21,9999.0,6,0,0,0,0,0,0,0,0,2.0,0,0,0,0,3,1,0,,2,40 00:32.569,2.0,0,75 12:36.085,4,0,0,0,67301,0,0,0,N,0,0,0,2,46104,1,,1,9,,N,N,,0,,0,0,0,3,2,N,40,1,2,0,0,0,0,0,3,4,0,2,3,,N,,,,,,,,,,,
2007022161,2252.0,2,0,0,0,0,0,0,0,0,4,0,,67,1,2007,5,40.0643,-75.169,2250.0,6,0,0,0,0,0,0,0,0,,0,0,0,22,3,1,2,,0,40 03:51.000,,0,75 10:08.555,8,0,0,0,67301,0,0,0,N,0,0,0,2,67301,0,,1,1,,N,N,,0,,0,0,0,3,3,,2248,1,2,0,0,0,1,0,3,4,0,2,3,,N,,,,,,,,,,,
2007046380,2014.0,1,0,0,0,0,0,0,0,0,3,0,,67,2,2007,5,39.9526,-75.2162,2012.0,6,0,0,0,0,1,0,0,0,,0,0,0,20,3,0,0,,0,39 57:09.514,,0,75 12:58.359,0,0,0,0,67301,0,0,0,N,0,0,0,4,67301,0,,1,1,,N,N,,0,,0,0,0,0,0,,2012,0,2,0,0,0,0,0,3,4,1,2,3,,N,,,,,,,,,,,
2007048886,1558.0,0,0,0,0,0,0,0,0,0,0,0,,67,2,2007,5,40.0204,-75.154,1543.0,6,0,0,0,0,0,0,0,0,,0,0,0,15,1,1,0,,0,40 01:13.000,,0,75 09:14.556,8,0,0,0,67301,0,0,0,N,0,0,0,1,67301,0,,1,1,,N,N,,0,,0,0,0,0,0,,1538,1,1,0,0,0,1,0,3,4,1,1,98,,N,,,,,,,,,,,
2007048936,720.0,1,0,0,0,0,0,0,0,0,4,0,,67,3,2007,4,40.0976,-75.0188,712.0,6,0,0,0,0,0,1,0,0,,0,0,0,7,1,1,0,,0,40 05:51.219,,0,75 01:07.777,8,0,0,0,67301,0,0,0,N,0,0,0,2,67301,0,,1,7,,N,N,,1,,0,0,0,0,0,,705,1,2,0,0,0,1,0,3,4,0,2,10,,N,,,,,,,,,,,
2007048953,718.0,1,0,0,0,0,0,0,0,0,5,0,,67,2,2007,4,40.0198,-75.1435,652.0,6,0,0,0,0,0,1,0,0,,0,0,0,6,1,1,3,,0,40 01:11.000,,0,75 08:36.668,4,0,0,0,67301,0,0,0,N,0,0,0,2,67301,1,,1,7,,N,N,,1,,0,0,0,0,0,,650,1,2,0,0,0,0,0,3,4,0,2,7,,N,,,,,,,,,,,