CRN,ARRIVAL_TM,AUTOMOBILE_COUNT,BELTED_DEATH_COUNT,BELTED_SUSP_SERIOUS_INJ_COUNT,BICYCLE_COUNT,BICYCLE_DEATH_COUNT,BICYCLE_SUSP_SERIOUS_INJ_COUNT,BUS_COUNT,CHLDPAS_DEATH_COUNT,CHLDPAS_SUSP_SERIOUS_INJ_COUNT,COLLISION_TYPE,COMM_VEH_COUNT,CONS_ZONE_SPD_LIM,COUNTY,CRASH_MONTH,CRASH_YEAR,DAY_OF_WEEK,DEC_LAT,DEC_LONG,DISPATCH_TM,DISTRICT,DRIVER_COUNT_16YR,DRIVER_COUNT_17YR,DRIVER_COUNT_18YR,DRIVER_COUNT_19YR,DRIVER_COUNT_20YR,DRIVER_COUNT_50_64YR,DRIVER_COUNT_65_74YR,DRIVER_COUNT_75PLUS,EST_HRS_CLOSED,FATAL_COUNT,HEAVY_TRUCK_COUNT,HORSE_BUGGY_COUNT,HOUR_OF_DAY,ILLUMINATION,INJURY_COUNT,INTERSECT_TYPE,INTERSECTION_RELATED,LANE_CLOSED,LATITUDE,LN_CLOSE_DIR,LOCATION_TYPE,LONGITUDE,MAX_SEVERITY_LEVEL,MCYCLE_DEATH_COUNT,MCYCLE_SUSP_SERIOUS_INJ_COUNT,MOTORCYCLE_COUNT,MUNICIPALITY,NONMOTR_COUNT,NONMOTR_DEATH_COUNT,NONMOTR_SUSP_SERIOUS_INJ_COUNT,NTFY_HIWY_MAINT,PED_COUNT,PED_DEATH_COUNT,PED_SUSP_SERIOUS_INJ_COUNT,PERSON_COUNT,POLICE_AGCY,POSSIBLE_INJ_COUNT,RDWY_SURF_TYPE_CD,RELATION_TO_ROAD,ROAD_CONDITION,ROADWAY_CLEARED,SCH_BUS_IND,SCH_ZONE_IND,SECONDARY_CRASH,SMALL_TRUCK_COUNT,SPEC_JURIS_CD,SUSP_MINOR_INJ_COUNT,SUSP_SERIOUS_INJ_COUNT,SUV_COUNT,TCD_FUNC_CD,TCD_TYPE,TFC_DETOUR_IND,TIME_OF_DAY,TOT_INJ_COUNT,TOTAL_UNITS,UNB_DEATH_COUNT,UNB_SUSP_SERIOUS_INJ_COUNT,UNBELTED_OCC_COUNT,UNK_INJ_DEG_COUNT,UNK_INJ_PER_COUNT,URBAN_AREA,URBAN_RURAL,VAN_COUNT,VEHICLE_COUNT,WEATHER1,WEATHER2,WORK_ZONE_IND,WORK_ZONE_LOC,WORK_ZONE_TYPE,WORKERS_PRES,WZ_CLOSE_DETOUR,WZ_FLAGGER,WZ_LAW_OFFCR_IND,WZ_LN_CLOSURE,WZ_MOVING,WZ_OTHER,WZ_SHLDER_MDN,WZ_WORKERS_INJ_KILLED
2007117262,1101.0,0,0,0,0,0,0,0,0,0,8,0,,67,10,2007,7,40.0096,-75.0896,1055.0,6,0,0,0,0,0,0,0,0,,0,0,0,10,1,1,3,,0,40 00:34.000,,7,75 05:22.411,4,0,0,0,67301,1,0,0,N,1,0,0,2,67301,1,,1,1,,N,N,,1,,0,0,0,3,4,,1050,1,2,0,0,0,0,0,3,4,0,1,3,,N,,,,,,,,,,,
2007080824,2134.0,1,0,0,0,0,0,0,0,0,2,0,,67,6,2007,3,39.9759,-75.2063,2132.0,6,0,0,0,0,0,0,0,0,,0,0,0,21,3,1,1,,0,39 58:33.106,,0,75 12:22.514,4,0,0,0,67301,0,0,0,,0,0,0,3,67301,1,,1,1,,N,N,,0,,0,0,0,3,3,,2130,1,2,0,0,2,0,0,3,4,1,2,3,,N,,,,,,,,,,,
2007080841,15.0,1,0,0,0,0,0,0,0,0,7,0,,67,6,2007,2,,,12.0,6,0,0,0,1,0,0,0,0,1.0,0,0,0,0,3,4,0,,1,,1.0,0,,4,0,0,0,67301,0,0,0,N,0,0,0,4,67301,4,,2,1,,N,N,,0,,0,0,0,0,0,N,10,4,1,0,0,4,0,0,3,3,0,1,3,,N,,,,,,,,,,,
2007080848,55.0,1,0,0,0,0,0,0,0,0,7,0,,67,6,2007,6,40.0657,-75.0255,45.0,6,0,0,0,1,0,0,0,0,,0,0,0,0,3,0,0,,0,40 03:56.392,,0,75 01:31.651,0,0,0,0,67301,0,0,0,N,0,0,0,1,67301,0,,4,1,,N,N,,0,,0,0,0,0,0,,25,0,1,0,0,0,0,0,3,4,0,1,3,,N,,,,,,,,,,,
2007083429,1100.0,1,0,0,0,0,0,1,0,0,5,1,,67,6,2007,7,39.9872,-75.1505,1100.0,6,0,0,0,0,0,0,0,0,,0,0,0,10,1,3,1,,0,39 59:13.000,,0,75 09:01.871,8,0,0,0,67301,0,0,0,,0,0,0,6,67301,0,,1,1,,N,N,,0,,0,0,0,3,2,,1045,3,2,0,0,2,3,0,3,4,0,2,3,,N,,,,,,,,,,,
2007081019,2313.0,2,0,0,0,0,0,0,0,0,2,0,,67,3,2007,2,,,2312.0,6,0,0,0,0,0,1,0,0,3.0,0,0,0,99,3,2,0,,2,,4.0,3,,2,0,0,0,67301,0,0,0,N,0,0,0,4,67301,0,,1,1,,N,N,,1,,1,1,0,0,0,Y,9999,2,3,0,0,0,0,0,3,3,0,3,3,,N,,,,,,,,,,,
2007081034,1710.0,1,0,0,0,0,0,0,0,0,8,0,,67,5,2007,6,39.9922,-75.0993,1705.0,6,0,0,0,0,0,0,0,0,,0,0,0,16,1,1,1,,0,39 59:31.920,,0,75 05:57.480,4,0,0,0,67301,1,0,0,N,1,0,0,3,67301,1,,1,1,,N,N,,0,,0,0,0,3,2,,1645,1,2,0,0,0,0,0,3,4,0,1,3,,N,,,,,,,,,,,
2007080892,1031.0,2,0,0,0,0,0,0,0,0,4,0,,67,6,2007,5,40.0869,-74.972,1031.0,6,0,0,0,0,0,0,0,2,,0,0,0,10,1,0,1,,0,40 05:12.000,,0,74 58:19.242,0,0,0,0,67301,0,0,0,N,0,0,0,4,67301,0,,1,1,,N,N,,0,,0,0,0,3,2,,1031,0,2,0,0,0,0,0,3,4,0,2,3,,N,,,,,,,,,,,
2007080893,1206.0,1,0,0,0,0,0,0,0,0,2,0,,67,6,2007,6,40.0076,-75.1273,1202.0,6,0,0,0,0,0,0,0,0,,0,0,0,12,1,1,1,,0,40 00:27.000,,0,75 07:38.377,4,0,0,0,67301,0,0,0,,0,0,0,3,67301,1,,1,1,,,,,0,,0,0,0,3,2,,1200,1,2,0,0,0,0,1,3,4,1,2,3,,N,,,,,,,,,,,
2007120245,1331.0,1,0,0,0,0,0,0,0,0,6,0,,67,10,2007,7,39.9128,-75.2376,1320.0,6,0,0,0,0,0,1,0,0,,0,0,0,12,1,1,2,,0,39 54:46.184,,0,75 14:15.313,8,0,0,0,67301,0,0,0,,0,0,0,2,67301,0,,1,1,,N,N,,1,,0,0,0,0,0,,1222,1,2,0,0,2,1,0,3,4,0,2,3,,N,,,,,,,,,,,
2007120250,1205.0,1,0,0,0,0,0,0,0,0,4,0,,67,10,2007,4,39.9509,-75.1705,1200.0,6,0,0,0,0,0,0,0,0,,0,0,0,12,1,1,1,,0,39 57:03.250,,0,75 10:13.709,4,0,0,0,67301,0,0,0,N,0,0,0,2,67301,1,,1,1,,N,N,,1,,0,0,0,3,2,,1200,1,2,0,0,0,0,0,3,4,0,2,3,,N,,,,,,,,,,,
2007066647,1716.0,2,0,0,0,0,0,0,0,0,4,0,,67,5,2007,7,39.963,-75.2365,1714.0,6,0,0,0,0,0,1,0,0,,0,0,0,17,1,4,1,,0,39 57:46.951,,0,75 14:11.457,3,0,0,0,67301,0,0,0,N,0,0,0,4,67301,0,,1,1,,N,N,,0,,1,0,0,9,3,,1710,4,2,0,0,0,3,0,3,4,0,2,3,,N,,,,,,,,,,,
2007066685,2055.0,1,0,0,0,0,0,0,0,0,8,0,,67,5,2007,5,,,2050.0,6,0,0,0,0,0,0,0,0,,0,0,0,20,3,0,1,,0,,,0,,9,0,0,0,67301,1,0,0,N,1,0,0,2,67301,0,,1,1,,N,N,,0,,0,0,0,3,2,,2010,0,2,0,0,0,0,1,3,3,0,1,3,,N,,,,,,,,,,,
2007066844,1906.0,1,0,0,0,0,0,0,0,0,8,0,,67,5,2007,3,39.9769,-75.1773,1904.0,6,0,0,0,0,0,0,0,0,1.0,0,0,0,19,1,1,0,,2,39 58:36.743,4.0,0,75 10:38.237,8,0,0,0,67301,1,0,0,N,1,0,0,2,67301,0,,1,1,,N,N,,0,,0,0,0,3,2,Y,1900,1,2,0,0,0,1,0,3,4,0,1,3,,N,,,,,,,,,,,
2007066864,1015.0,3,0,0,0,0,0,0,0,0,1,0,,67,4,2007,2,40.079,-75.0252,1012.0,6,0,0,0,0,0,1,0,0,,0,0,0,10,1,2,2,,0,40 04:44.000,,0,75 01:30.863,3,0,0,0,67301,0,0,0,N,0,0,0,4,67301,0,,1,1,,N,N,,0,,1,0,0,3,2,,1000,2,3,0,0,0,1,0,3,4,0,3,3,,N,,,,,,,,,,,
2007056716,845.0,1,0,0,0,0,0,0,0,0,8,0,,67,3,2007,6,39.9633,-75.1885,844.0,6,0,0,0,0,0,0,1,0,,0,0,0,8,1,1,2,,0,39 57:47.000,,0,75 11:18.597,3,0,0,0,67301,1,0,0,N,1,0,0,2,67301,0,,1,1,,N,N,,0,,1,0,0,3,2,,840,1,2,0,0,0,0,0,3,4,0,1,3,,N,,,,,,,,,,,
2007056958,1710.0,1,0,0,0,0,0,0,0,0,8,0,,67,4,2007,1,40.1122,-75.0263,1708.0,6,0,0,0,0,0,0,0,0,,0,0,0,17,1,1,1,,0,40 06:43.830,,0,75 01:34.640,4,0,0,0,67301,1,0,0,N,1,0,0,2,67301,1,,1,1,,N,N,,0,,0,0,0,3,3,,1708,1,2,0,0,0,0,0,3,4,0,1,3,,N,,,,,,,,,,,
2007056959,910.0,2,0,0,0,0,0,0,0,0,1,0,,67,4,2007,4,40.0809,-75.0288,906.0,6,0,0,0,0,0,0,0,0,,0,0,0,9,1,1,2,,0,40 04:51.000,,0,75 01:43.129,8,0,0,0,67301,0,0,0,N,0,0,0,2,67301,0,,1,1,,N,N,,0,,0,0,0,3,3,,900,1,2,0,0,0,1,0,3,4,0,2,3,,N,,,,,,,,,,,
2007056818,2215.0,3,0,0,0,0,0,0,0,0,4,0,,67,4,2007,6,39.9847,-75.103,2213.0,6,0,0,0,0,0,1,0,0,,0,0,0,22,3,0,1,,0,39 59:04.000,,0,75 06:10.941,0,0,0,0,67301,0,0,0,N,0,0,0,3,67301,0,,1,1,,N,N,,0,,0,0,0,3,2,,2213,0,3,0,0,0,0,0,3,4,0,3,3,,N,,,,,,,,,,,
2007056889,445.0,1,0,0,0,0,0,0,0,0,7,0,,67,4,2007,7,39.9923,-75.1689,443.0,6,0,0,1,0,0,0,0,0,,0,0,0,99,3,2,0,,0,39 59:32.341,,0,75 10:08.212,2,0,0,0,67301,0,0,0,N,0,0,0,3,67301,1,,2,1,,N,N,,0,,0,1,0,0,0,,9999,2,1,0,0,0,0,1,3,4,0,1,3,,N,,,,,,,,,,,
2007057004,426.0,2,0,0,0,0,0,0,0,0,2,0,,67,4,2007,2,40.0132,-75.0704,415.0,6,0,0,0,0,0,2,0,0,,0,0,0,4,3,1,1,,0,40 00:47.000,,0,75 04:13.514,4,0,0,0,67301,0,0,0,N,0,0,0,2,67301,1,,1,1,,N,N,,0,,0,0,0,3,2,,415,1,2,0,0,2,0,0,3,4,0,2,3,,N,,,,,,,,,,,
2007057038,959.0,2,0,0,0,0,0,0,0,0,1,0,,67,4,2007,5,39.957,-75.2133,954.0,6,0,0,0,0,0,0,0,0,,0,0,0,9,1,0,1,,0,39 57:25.000,,0,75 12:47.991,0,0,0,0,67301,0,0,0,,0,0,0,2,67301,0,,1,1,,,,,0,,0,0,0,9,2,,950,0,2,0,0,0,0,0,3,4,0,2,3,,N,,,,,,,,,,,
2007099496,1531.0,1,0,0,0,0,0,0,0,0,2,0,,67,8,2007,2,39.9695,-75.2126,1531.0,6,0,0,0,0,0,0,0,0,,0,0,0,15,1,0,1,,0,39 58:10.000,,0,75 12:45.381,9,0,0,0,67301,0,0,0,N,0,0,0,4,67301,0,,1,1,,N,N,,0,,0,0,0,3,2,,1520,0,2,0,0,0,0,3,3,4,1,2,3,,N,,,,,,,,,,,
2007099345,154.0,0,0,0,0,0,0,0,0,0,7,1,,67,6,2007,2,39.9611,-75.1549,152.0,6,0,0,0,0,0,0,0,0,9.0,0,1,0,1,3,0,0,,2,39 57:40.118,3.0,0,75 09:17.722,0,0,0,0,67301,0,0,0,,0,0,0,1,67301,0,,5,1,,N,N,,0,,0,0,0,3,3,Y,140,0,1,0,0,0,0,0,3,4,0,1,3,,N,,,,,,,,,,,
2007091868,2044.0,0,0,0,0,0,0,0,0,0,8,0,,67,7,2007,6,39.9549,-75.1511,2042.0,6,0,0,0,0,0,0,1,0,,0,0,0,20,3,1,1,,0,39 57:17.000,,0,75 09:04.008,3,0,0,0,67301,1,0,0,N,1,0,0,3,67301,0,,1,1,,N,N,,1,,1,0,0,3,2,,2015,1,2,0,0,2,0,0,3,4,0,1,3,,N,,,,,,,,,,,
2007111798,830.0,1,0,0,0,0,0,0,0,0,4,0,,67,9,2007,5,40.0252,-75.0447,9999.0,6,0,0,0,0,0,1,0,0,,0,0,0,7,1,2,1,,0,40 01:30.000,,0,75 02:40.998,8,0,0,0,67301,0,0,0,,0,0,0,3,67301,0,,1,1,,,,,0,,0,0,0,3,2,,710,2,2,0,0,0,2,0,3,4,1,2,3,,N,,,,,,,,,,,
2007092179,415.0,1,0,0,0,0,0,0,0,0,7,0,,67,7,2007,6,40.0138,-75.1256,414.0,6,0,0,0,0,0,0,0,0,,0,0,0,4,3,1,0,,0,40 00:49.597,,0,75 07:32.196,8,0,0,0,67301,0,0,0,,0,0,0,3,67301,0,,4,1,,,,,0,,0,0,0,0,0,,410,1,1,0,0,0,1,0,3,4,0,1,3,,N,,,,,,,,,,,
2007111674,908.0,2,0,0,0,0,0,0,0,0,5,0,,67,9,2007,7,39.932,-75.1999,857.0,6,0,0,0,0,0,1,0,0,,0,0,0,8,1,0,0,,0,39 55:57.000,,0,75 12:00.113,0,0,0,0,67301,0,0,0,N,0,0,0,2,68K01,0,,2,1,,N,N,,0,,0,0,0,0,0,,855,0,2,0,0,0,0,0,3,4,0,2,3,,N,,,,,,,,,,,
2007089080,1602.0,1,0,0,0,0,0,1,0,0,5,1,,67,7,2007,4,39.9624,-75.1829,1556.0,6,0,0,0,0,0,0,1,0,1.0,0,0,0,15,1,0,0,,1,39 57:47.000,4.0,0,75 11:01.192,0,0,0,0,67301,0,0,0,Y,0,0,0,36,68K01,0,,1,1,,Y,N,,0,,0,0,0,0,0,N,1555,0,2,0,0,0,0,0,3,4,0,2,3,,N,,,,,,,,,,,
2007086575,45.0,1,0,0,0,0,0,0,0,0,7,0,,67,8,2007,3,40.0559,-75.127,36.0,6,0,0,0,0,0,0,0,0,,0,0,0,0,3,1,1,,0,40 03:21.000,,0,75 07:37.088,4,0,0,0,67301,0,0,0,N,0,0,0,1,46102,1,,3,1,,N,N,,0,,0,0,0,3,2,,36,1,1,0,0,0,0,0,3,4,0,1,3,,N,,,,,,,,,,,
2007082501,1355.0,1,0,0,0,0,0,0,0,0,2,0,,67,6,2007,7,39.9169,-75.216,1351.0,6,0,0,0,0,0,1,0,0,,0,0,0,13,1,2,1,,0,39 55:05.000,,0,75 12:31.948,3,0,0,0,67301,0,0,0,N,0,0,0,5,67301,1,,1,1,,N,N,,0,,1,0,1,3,2,,1348,2,2,0,0,0,0,0,3,4,0,2,3,,N,,,,,,,,,,,
2007057769,635.0,1,0,0,0,0,0,0,0,0,3,0,,67,3,2007,2,40.114,-74.9876,630.0,6,0,0,0,0,1,1,0,0,9.0,0,0,0,6,1,1,1,,1,40 06:50.000,1.0,0,74 59:15.389,8,0,0,0,67301,0,0,0,N,0,0,0,2,67301,0,,1,1,,N,N,,1,,0,0,0,0,0,N,630,1,2,0,0,0,1,0,3,4,0,2,3,,N,,,,,,,,,,,
2007058323,1720.0,1,0,0,0,0,0,0,0,0,7,0,,67,3,2007,2,39.8973,-75.188,1712.0,6,0,0,0,0,0,0,0,0,1.0,0,0,0,17,1,1,0,,1,39 53:56.748,1.0,0,75 10:31.063,4,0,0,0,67301,0,0,0,N,0,0,0,1,67301,1,,2,1,,N,N,,0,,0,0,0,0,0,N,1705,1,1,0,0,0,0,0,3,4,0,1,3,,N,,,,,,,,,,,
2007055334,835.0,1,0,0,0,0,0,0,0,0,1,0,,67,5,2007,5,40.0073,-75.2135,829.0,6,0,0,0,0,0,0,0,0,,0,0,0,8,1,2,0,,0,40 00:26.000,,0,75 12:48.762,4,0,0,0,67301,0,0,0,N,0,0,0,4,46104,2,,1,1,,N,N,,1,,0,0,0,0,0,,825,2,3,0,0,0,0,0,3,4,1,3,3,,N,,,,,,,,,,,
2007046308,1025.0,1,0,0,0,0,0,0,0,0,8,0,,67,3,2007,6,40.0272,-75.0754,1019.0,6,0,1,0,0,0,0,0,0,,0,0,0,10,1,1,0,,0,40 01:37.898,,0,75 04:31.614,4,0,0,0,67301,1,0,0,N,1,0,0,2,67301,1,,1,9,,N,N,,0,,0,0,0,0,0,,1010,1,2,0,0,0,0,0,3,4,0,1,7,,N,,,,,,,,,,,
2007051109,735.0,1,0,0,0,0,0,0,0,0,8,0,,67,3,2007,2,39.9216,-75.1482,730.0,6,0,0,0,0,0,0,0,0,,0,0,0,6,3,1,1,,0,39 55:17.779,,0,75 08:53.544,8,0,0,0,67301,1,0,0,,1,0,0,2,67301,0,,1,1,,N,,,0,,0,0,0,9,2,,650,1,2,0,0,0,1,0,3,4,0,1,3,,N,,,,,,,,,,,
2007032962,1319.0,1,0,0,0,0,0,0,0,0,8,0,,67,1,2007,7,40.0345,-75.173,1308.0,6,0,0,0,0,0,0,0,0,,0,0,0,13,1,0,0,,0,40 02:04.000,,0,75 10:22.795,0,0,0,0,67301,1,0,0,,1,0,0,2,67301,0,,1,1,,N,N,,0,,0,0,0,0,0,,1308,0,2,0,0,0,0,0,3,4,0,1,3,,N,,,,,,,,,,,
2007022108,840.0,2,0,0,0,0,0,0,0,0,4,0,,67,1,2007,4,40.048,-75.0928,838.0,6,0,0,0,0,0,0,0,0,,0,0,0,8,1,0,1,,0,40 02:52.000,,0,75 05:34.216,0,0,0,0,67301,0,0,0,N,0,0,0,2,67301,0,,1,1,,N,N,,0,,0,0,0,3,3,,838,0,2,0,0,0,0,0,3,4,0,2,3,,N,,,,,,,,,,,
2007048860,1745.0,0,0,0,0,0,0,0,0,0,7,0,,67,3,2007,6,39.9821,-75.2238,1740.0,6,0,0,0,0,0,0,0,0,,0,0,0,14,1,0,0,,0,39 58:55.550,,0,75 13:25.559,0,0,0,0,67301,0,0,0,N,0,0,0,1,67301,0,,4,2,,N,N,,0,,0,0,1,0,0,,1430,0,1,0,0,0,0,0,3,4,0,1,9,,N,,,,,,,,,,,
2007048861,1700.0,2,0,0,0,0,0,0,0,0,4,0,,67,2,2007,2,40.0673,-75.1966,1655.0,6,0,0,0,0,0,0,0,2,,0,0,0,16,1,1,2,,0,40 04:02.110,,0,75 11:47.917,4,0,0,0,67301,0,0,0,N,0,0,0,3,67301,1,,1,1,,N,N,,0,,0,0,0,3,3,,1650,1,2,0,0,0,0,0,3,4,0,2,3,,N,,,,,,,,,,,
2007048958,1150.0,1,0,0,0,0,0,0,0,0,4,1,,67,3,2007,4,39.886,-75.2132,1131.0,6,0,0,0,0,0,0,0,0,1.0,0,1,0,11,1,1,6,,1,39 53:14.640,1.0,2,75 12:15.480,4,0,0,0,67301,0,0,0,N,0,0,0,3,67301,1,,1,7,,N,N,,0,,0,0,0,0,0,N,1125,1,2,0,0,0,0,0,3,4,0,2,10,,N,,,,,,,,,,,
2007119821,743.0,1,0,0,0,0,0,0,0,0,5,0,,67,10,2007,3,39.9289,-75.1658,738.0,6,0,0,0,0,0,0,0,0,,0,1,0,7,1,1,0,,0,39 55:43.924,,0,75 09:56.768,4,0,0,0,67301,1,0,0,,1,0,0,2,67301,1,,1,1,,,,,0,,0,0,0,0,0,,738,1,3,0,0,1,0,0,3,4,0,2,3,,N,,,,,,,,,,,
2007080826,1735.0,2,0,0,0,0,0,0,0,0,4,0,,67,6,2007,1,40.0369,-75.195,1726.0,6,0,0,0,0,0,0,1,0,,0,0,0,15,1,1,1,,0,40 02:12.000,,0,75 11:41.869,8,0,0,0,67301,0,0,0,N,0,0,0,4,67301,0,,1,1,,N,N,,0,,0,0,0,3,3,,1525,1,2,0,0,0,1,0,3,4,0,2,3,,N,,,,,,,,,,,
2007080834,1508.0,2,0,0,0,0,0,0,0,0,6,0,,67,6,2007,1,39.9848,-75.0995,1505.0,6,0,0,0,0,0,1,0,0,,0,0,0,14,1,1,1,,0,39 59:05.330,,0,75 05:58.225,8,0,0,0,67301,0,0,0,,0,0,0,2,67301,0,,1,1,,,,,0,,0,0,0,9,3,,1445,1,3,0,0,0,1,1,3,4,0,3,3,,N,,,,,,,,,,,
2007081159,1050.0,2,0,0,0,0,0,0,0,0,1,0,,67,6,2007,2,39.9241,-75.2455,1045.0,6,0,0,0,0,0,1,0,0,,0,0,0,10,1,1,1,,0,39 55:26.400,,0,75 14:43.800,4,0,0,0,67301,0,0,0,N,0,0,0,2,67301,1,,1,1,,N,N,,0,,0,0,0,3,2,,1040,1,2,0,0,0,0,0,3,4,0,2,3,,N,,,,,,,,,,,
2007120192,2120.0,1,0,0,0,0,0,0,0,0,8,0,,67,10,2007,4,40.0479,-75.0692,2118.0,6,0,0,0,0,1,0,0,0,9.0,0,0,0,21,3,1,0,,1,40 02:52.000,2.0,0,75 04:09.223,3,0,0,0,67301,1,0,0,N,1,0,0,2,67301,0,,1,1,,N,N,,0,,1,0,0,0,0,N,2105,1,2,0,0,0,0,0,3,4,0,1,3,,N,,,,,,,,,,,
2007080266,1433.0,2,0,0,0,0,0,0,0,0,4,0,,67,6,2007,2,40.0264,-75.1079,1428.0,6,0,0,0,0,0,0,0,0,,0,0,0,14,1,0,1,,0,40 01:35.000,,0,75 06:28.607,9,0,0,0,67301,0,0,0,N,0,0,0,3,67301,0,,1,1,,N,N,,0,,0,0,0,3,2,,1424,0,2,0,0,0,0,2,3,4,0,2,3,,N,,,,,,,,,,,
2007079976,2038.0,2,0,0,0,0,0,0,0,0,6,0,,67,6,2007,6,39.9296,-75.1713,2035.0,6,0,0,0,1,0,1,0,0,,0,0,0,20,2,2,2,,0,39 55:46.592,,0,75 10:16.651,3,0,0,0,67301,0,0,0,N,0,0,0,4,67301,1,,1,1,,N,N,,0,,1,0,0,9,3,,2032,2,2,0,0,0,0,0,3,4,0,2,3,,N,,,,,,,,,,,
2007080080,34.0,2,0,0,0,0,0,0,0,0,5,0,,67,6,2007,1,40.0463,-75.0156,34.0,6,0,0,0,0,0,1,0,0,,0,0,0,0,3,1,0,,0,40 02:46.000,,0,75 00:55.896,8,0,0,0,67301,0,0,0,,0,0,0,2,67301,0,,6,1,,N,N,,0,,0,0,0,0,0,,30,1,2,0,0,0,1,0,3,4,0,2,3,,N,,,,,,,,,,,
2007080417,135.0,2,0,0,0,0,0,0,0,0,2,0,,67,6,2007,2,39.9545,-75.2342,130.0,6,0,0,0,0,0,0,0,0,,0,0,0,1,6,1,1,,0,39 57:16.318,,0,75 14:03.227,8,0,0,0,67301,0,0,0,Y,0,0,0,2,67301,0,,1,1,,N,N,,0,,0,0,0,3,2,,130,1,2,0,0,0,1,1,3,4,0,2,3,,N,,,,,,,,,,,
2007124160,1025.0,2,0,0,0,0,0,0,0,0,1,0,,67,11,2007,7,40.0693,-75.1604,1019.0,6,0,0,0,0,0,0,1,0,,0,0,0,99,1,1,2,,0,40 04:09.580,,0,75 09:37.364,8,0,0,0,67301,0,0,0,N,0,0,0,2,67301,0,,1,9,,N,N,,0,,0,0,0,0,0,,9999,1,2,0,0,0,1,0,3,4,0,2,7,,N,,,,,,,,,,,
2007047767,9999.0,2,0,0,0,0,0,0,0,0,4,0,,67,3,2007,1,40.0022,-75.1645,,6,0,0,0,0,0,0,1,0,,0,0,0,99,1,1,1,,0,40 00:07.981,,0,75 09:52.174,8,0,0,0,67301,0,0,0,N,0,0,0,3,67301,0,,1,1,,N,N,,0,,0,0,0,0,0,,9999,1,2,0,0,0,1,2,3,4,0,2,3,,N,,,,,,,,,,,
2007070490,220.0,0,0,0,0,0,0,0,0,0,7,0,,67,5,2007,6,39.9664,-75.1872,220.0,6,0,0,0,0,0,0,0,0,1.0,0,0,0,2,3,1,0,,1,39 57:59.417,3.0,0,75 11:14.561,3,0,0,0,67301,0,0,0,N,0,0,0,1,68K01,0,,2,1,,N,N,,0,,1,0,0,0,0,N,220,1,1,0,0,0,0,0,3,4,1,1,3,,N,,,,,,,,,,,
2007116207,1615.0,1,0,0,0,0,0,0,0,0,7,0,,67,10,2007,6,40.0598,-75.0092,1609.0,6,0,0,0,0,0,0,0,0,9.0,0,0,0,16,1,1,0,,2,40 03:35.321,5.0,0,75 00:33.047,8,0,0,0,67301,0,0,0,N,0,0,0,1,67301,0,,5,1,,N,N,,0,,0,0,0,3,2,Y,1600,1,1,0,0,0,1,0,3,4,0,1,3,,N,,,,,,,,,,,
2007056708,2343.0,1,0,0,0,0,0,0,0,0,8,0,,67,4,2007,3,39.9695,-75.2254,2340.0,6,0,0,0,0,0,0,0,0,,0,0,0,23,3,1,1,,0,39 58:10.000,,0,75 13:31.337,4,0,0,0,67301,1,0,0,N,1,0,0,2,67301,1,,1,1,,N,N,,0,,0,0,0,3,2,,2337,1,2,0,0,0,0,0,3,4,0,1,3,,N,,,,,,,,,,,
2007056736,1740.0,1,0,0,0,0,0,0,0,0,8,0,,67,3,2007,6,39.9556,-75.1728,1730.0,6,0,0,0,0,0,0,0,0,,0,0,0,16,1,1,1,,0,39 57:20.167,,0,75 10:21.953,8,0,0,0,67301,1,0,0,N,1,0,0,2,67301,0,,1,1,,N,N,,0,,0,0,0,3,2,,1645,1,2,0,0,0,1,0,3,4,0,1,3,,N,,,,,,,,,,,
2007056760,1153.0,0,0,0,0,0,0,0,0,0,8,0,,67,4,2007,6,39.9996,-75.1251,1148.0,6,0,0,0,0,0,0,0,0,,0,0,0,11,1,1,1,,0,39 59:58.000,,0,75 07:30.237,4,0,0,0,67301,1,0,0,N,1,0,0,2,67301,1,,1,1,,N,N,,0,,0,0,0,3,2,,1146,1,2,0,0,0,0,0,3,4,1,1,3,,N,,,,,,,,,,,
2007056956,2213.0,1,0,0,0,0,0,0,0,0,1,0,,67,4,2007,1,40.0627,-75.043,2211.0,6,0,0,0,0,0,1,0,0,2.0,0,0,0,22,3,2,0,,2,40 03:45.000,2.0,0,75 02:34.915,3,0,0,0,67301,0,0,0,N,0,0,0,4,67301,0,,1,9,,N,N,,1,,2,0,1,0,0,Y,2208,2,3,0,0,0,0,2,3,4,0,3,3,,N,,,,,,,,,,,
2007046896,1934.0,1,0,0,0,0,0,0,0,0,7,0,,67,2,2007,3,40.0178,-75.2021,1928.0,6,0,0,0,0,0,0,0,1,1.0,0,0,0,19,3,0,2,,1,40 01:03.911,2.0,0,75 12:07.645,0,0,0,0,67301,0,0,0,N,0,0,0,1,67301,0,,3,6,,N,N,,0,,0,0,0,0,0,N,1927,0,1,0,0,0,0,0,3,4,0,1,9,,N,,,,,,,,,,,
2007046910,1135.0,1,0,0,0,0,0,0,0,0,8,0,,67,2,2007,6,39.9744,-75.126,1130.0,6,0,0,0,0,0,0,1,0,,0,0,0,11,1,1,2,,0,39 58:27.692,,0,75 07:33.639,4,0,0,0,67301,1,0,0,N,1,0,0,2,67301,1,,1,1,,N,N,,0,,0,0,0,3,3,,1130,1,2,0,0,1,0,0,3,4,0,1,3,,N,,,,,,,,,,,
2007047045,829.0,1,0,0,0,0,0,1,0,0,4,1,,67,2,2007,4,39.9242,-75.1684,823.0,6,0,0,0,0,0,0,1,0,,0,0,0,8,1,1,2,,0,39 55:27.157,,0,75 10:06.173,4,0,0,0,67301,0,0,0,N,0,0,0,2,67301,1,,1,1,,N,N,,0,,0,0,0,0,0,,817,1,2,0,0,0,0,0,3,4,0,2,3,,N,,,,,,,,,,,