CRN,ARRIVAL_TM,AUTOMOBILE_COUNT,BELTED_DEATH_COUNT,BELTED_SUSP_SERIOUS_INJ_COUNT,BICYCLE_COUNT,BICYCLE_DEATH_COUNT,BICYCLE_SUSP_SERIOUS_INJ_COUNT,BUS_COUNT,CHLDPAS_DEATH_COUNT,CHLDPAS_SUSP_SERIOUS_INJ_COUNT,COLLISION_TYPE,COMM_VEH_COUNT,CONS_ZONE_SPD_LIM,COUNTY,CRASH_MONTH,CRASH_YEAR,DAY_OF_WEEK,DEC_LAT,DEC_LONG,DISPATCH_TM,DISTRICT,DRIVER_COUNT_16YR,DRIVER_COUNT_17YR,DRIVER_COUNT_18YR,DRIVER_COUNT_19YR,DRIVER_COUNT_20YR,DRIVER_COUNT_50_64YR,DRIVER_COUNT_65_74YR,DRIVER_COUNT_75PLUS,EST_HRS_CLOSED,FATAL_COUNT,HEAVY_TRUCK_COUNT,HORSE_BUGGY_COUNT,HOUR_OF_DAY,ILLUMINATION,INJURY_COUNT,INTERSECT_TYPE,INTERSECTION_RELATED,LANE_CLOSED,LATITUDE,LN_CLOSE_DIR,LOCATION_TYPE,LONGITUDE,MAX_SEVERITY_LEVEL,MCYCLE_DEATH_COUNT,MCYCLE_SUSP_SERIOUS_INJ_COUNT,MOTORCYCLE_COUNT,MUNICIPALITY,NONMOTR_COUNT,NONMOTR_DEATH_COUNT,NONMOTR_SUSP_SERIOUS_INJ_COUNT,NTFY_HIWY_MAINT,PED_COUNT,PED_DEATH_COUNT,PED_SUSP_SERIOUS_INJ_COUNT,PERSON_COUNT,POLICE_AGCY,POSSIBLE_INJ_COUNT,RDWY_SURF_TYPE_CD,RELATION_TO_ROAD,ROAD_CONDITION,ROADWAY_CLEARED,SCH_BUS_IND,SCH_ZONE_IND,SECONDARY_CRASH,SMALL_TRUCK_COUNT,SPEC_JURIS_CD,SUSP_MINOR_INJ_COUNT,SUSP_SERIOUS_INJ_COUNT,SUV_COUNT,TCD_FUNC_CD,TCD_TYPE,TFC_DETOUR_IND,TIME_OF_DAY,TOT_INJ_COUNT,TOTAL_UNITS,UNB_DEATH_COUNT,UNB_SUSP_SERIOUS_INJ_COUNT,UNBELTED_OCC_COUNT,UNK_INJ_DEG_COUNT,UNK_INJ_PER_COUNT,URBAN_AREA,URBAN_RURAL,VAN_COUNT,VEHICLE_COUNT,WEATHER1,WEATHER2,WORK_ZONE_IND,WORK_ZONE_LOC,WORK_ZONE_TYPE,WORKERS_PRES,WZ_CLOSE_DETOUR,WZ_FLAGGER,WZ_LAW_OFFCR_IND,WZ_LN_CLOSURE,WZ_MOVING,WZ_OTHER,WZ_SHLDER_MDN,WZ_WORKERS_INJ_KILLED
2007099491,929.0,1,0,0,0,0,0,0,0,0,1,0,,67,8,2007,5,39.9788,-75.1085,926.0,6,0,0,0,0,1,0,0,0,,0,0,0,8,1,1,0,,0,39 58:44.000,,0,75 06:32.585,8,0,0,0,67301,1,0,0,N,0,0,0,2,67301,0,,6,1,,N,N,,1,,0,0,0,3,2,,858,1,2,0,0,0,1,0,3,4,0,2,3,,N,,,,,,,,,,,
2007099351,2321.0,1,0,0,0,0,0,0,0,0,4,0,,67,7,2007,5,39.9451,-75.15,2318.0,6,0,0,0,0,0,1,0,0,,0,0,0,22,3,0,1,,0,39 56:42.529,,0,75 09:00.115,0,0,0,0,67301,0,0,0,,0,0,0,2,67301,0,,1,1,,,,,0,,0,0,0,3,2,,2230,0,2,0,0,0,0,0,3,4,1,2,3,,N,,,,,,,,,,,
2007099404,9999.0,1,0,0,0,0,0,0,0,0,8,0,,67,9,2007,3,39.964,-75.161,9999.0,6,0,0,0,0,0,0,0,0,,0,0,0,14,1,1,1,,0,39 57:50.000,,0,75 09:39.574,3,0,0,0,67301,1,0,0,,1,0,0,2,67301,0,,1,1,,,,,0,,1,0,0,3,2,,1416,1,2,0,0,0,0,1,3,4,0,1,3,,N,,,,,,,,,,,
2007092186,1107.0,2,0,0,0,0,0,0,0,0,4,0,,67,8,2007,6,39.9983,-75.1499,1100.0,6,0,0,0,0,0,0,0,1,,0,0,0,10,1,2,1,,0,39 59:53.948,,0,75 08:59.503,4,0,0,0,67301,0,0,0,,0,0,0,2,67301,2,,1,1,,,,,0,,0,0,0,3,2,,1030,2,2,0,0,0,0,0,3,4,0,2,3,,N,,,,,,,,,,,
2007084624,2110.0,1,0,0,0,0,0,0,0,0,6,0,,67,5,2007,2,40.053,-75.1529,2107.0,6,0,0,0,0,0,0,0,0,,0,0,0,21,3,1,1,,0,40 03:10.976,,0,75 09:10.339,4,0,0,1,67301,0,0,0,N,0,0,0,3,67301,1,,1,1,,N,N,,0,,0,0,0,3,2,,2106,1,2,0,0,0,0,0,3,4,0,2,3,,N,,,,,,,,,,,
2007080013,828.0,2,0,0,0,0,0,0,0,0,1,0,,67,6,2007,4,39.9617,-75.1561,828.0,6,0,0,0,0,0,0,0,0,,0,0,0,8,1,1,2,,0,39 57:41.990,,0,75 09:21.974,4,0,0,0,67301,0,0,0,,0,0,0,2,67301,1,,1,9,,N,N,,0,,0,0,0,3,3,,825,1,2,0,0,0,0,0,3,4,0,2,7,,N,,,,,,,,,,,
2007080031,1621.0,1,0,0,0,0,0,0,0,0,4,0,,67,6,2007,7,39.9404,-75.2366,1620.0,6,0,0,0,0,0,0,0,0,3.0,1,0,0,16,1,0,1,,2,39 56:25.000,7.0,0,75 14:11.952,1,0,0,0,67301,0,0,0,N,0,0,0,2,67301,0,2.0,1,1,,N,N,,0,0.0,0,0,0,3,2,Y,1610,0,2,0,0,1,0,0,3,4,0,2,3,,N,,,,,,,,,,,
2007084430,1920.0,2,0,0,0,0,0,0,0,0,1,0,,67,8,2007,3,40.0048,-75.219,1859.0,6,0,0,0,0,0,1,0,0,2.0,0,0,0,18,3,1,0,,1,40 00:17.000,2.0,0,75 13:08.483,8,0,0,0,67301,0,0,0,N,0,0,0,4,46104,0,,1,1,,N,N,,0,,0,0,2,0,0,N,1859,1,4,0,0,0,1,1,3,4,0,4,3,,N,,,,,,,,,,,
2007080069,1524.0,1,0,0,0,0,0,0,0,0,4,0,,67,6,2007,5,40.0412,-75.1223,1522.0,6,0,0,0,0,1,0,0,0,1.0,0,0,0,15,1,1,1,,1,40 02:28.298,1.0,0,75 07:20.294,8,0,0,0,67301,0,0,0,N,0,0,0,4,67301,0,,1,1,,N,N,,0,,0,0,1,0,0,N,1520,1,2,0,0,0,1,0,3,4,0,2,3,,N,,,,,,,,,,,
2007080217,1740.0,2,0,0,0,0,0,0,0,0,1,0,99.0,67,6,2007,6,40.125,-75.0148,1734.0,6,0,0,0,0,0,0,0,0,,0,0,0,16,1,2,1,,0,40 07:30.000,,0,75 00:53.364,3,0,0,0,67301,0,0,0,,0,0,0,3,67301,1,,1,1,,,,,0,,1,0,0,3,2,,1625,2,2,0,0,0,0,0,3,4,0,2,3,,Y,8.0,8.0,U,,,U,,,,,
2007080222,1315.0,2,0,0,0,0,0,0,0,0,4,0,,67,6,2007,4,40.0808,-75.0286,1308.0,6,0,0,0,0,0,0,0,0,,0,0,0,99,1,3,1,,0,40 04:50.000,,0,75 01:43.036,4,0,0,0,67301,0,0,0,N,0,0,0,4,67301,3,,1,1,,N,N,,0,,0,0,0,3,2,,9999,3,2,0,0,1,0,0,3,4,0,2,3,,N,,,,,,,,,,,
2007081841,2053.0,2,0,0,0,0,0,0,0,0,4,0,,67,6,2007,7,40.0542,-75.179,2050.0,6,0,0,0,0,0,0,0,0,,0,0,0,18,4,1,1,,0,40 03:15.000,,0,75 10:44.337,8,0,0,0,67301,0,0,0,N,0,0,0,5,67301,0,,1,1,,N,N,,0,,0,0,0,0,0,,1850,1,2,0,0,2,1,1,3,4,0,2,3,,N,,,,,,,,,,,
2007081849,330.0,0,0,0,0,0,0,0,0,0,7,0,,67,5,2007,7,40.0418,-75.1921,211.0,6,0,0,0,0,0,0,0,0,,0,0,0,2,3,1,1,,0,40 02:30.603,,0,75 11:31.679,8,0,0,0,67301,0,0,0,,0,0,0,3,67301,0,,4,1,,N,N,,0,,0,0,1,3,2,,211,1,1,0,0,0,1,2,3,4,0,1,3,,N,,,,,,,,,,,
2007081852,1132.0,1,0,0,0,0,0,0,0,0,7,0,,67,6,2007,5,40.0423,-75.1765,1127.0,6,0,0,0,0,0,1,0,0,,0,0,0,11,1,0,0,,0,40 02:32.400,,0,75 10:35.400,0,0,0,0,67301,0,0,0,N,0,0,0,1,67301,0,,5,1,,N,N,,0,,0,0,0,0,0,,1120,0,1,0,0,0,0,0,3,4,0,1,3,,N,,,,,,,,,,,
2007080254,9999.0,2,0,0,0,0,0,0,0,0,4,0,,67,6,2007,2,40.0631,-75.1583,2022.0,6,0,0,0,0,2,0,0,0,,0,0,0,99,3,2,2,,0,40 03:47.037,,0,75 09:29.793,4,0,0,0,67301,0,0,0,N,0,0,0,7,67301,2,,1,1,,N,N,,0,,0,0,0,3,3,,9999,2,2,0,0,0,0,0,3,4,0,2,3,,N,,,,,,,,,,,
2007080259,2133.0,2,0,0,0,0,0,0,0,0,1,0,,67,6,2007,7,39.9673,-75.2458,2127.0,6,0,0,0,0,0,0,0,0,,0,0,0,21,3,2,1,,0,39 57:57.000,,0,75 14:46.084,4,0,0,0,67301,0,0,0,N,0,0,0,4,67301,2,,1,1,,N,N,,0,,0,0,0,3,2,,2127,2,2,0,0,0,0,1,3,4,0,2,3,,N,,,,,,,,,,,
2007081888,2222.0,2,0,0,0,0,0,0,0,0,1,0,,67,6,2007,7,39.9497,-75.1841,2220.0,6,0,0,0,0,0,0,0,1,,0,0,0,22,3,0,0,,0,39 57:03.000,,0,75 10:59.194,0,0,0,0,67301,0,0,0,N,0,0,0,2,68K01,0,,1,1,,N,N,,0,,0,0,0,0,0,,2220,0,2,0,0,0,0,0,3,4,0,2,3,,N,,,,,,,,,,,
2007057771,2033.0,3,0,0,0,0,0,0,0,0,4,0,,67,4,2007,3,40.0673,-75.0282,2030.0,6,0,0,0,0,0,0,0,0,1.0,0,0,0,20,2,4,2,,2,40 04:02.000,2.0,0,75 01:41.664,8,0,0,0,67301,0,0,0,N,0,0,0,7,67301,0,,1,1,,N,N,,0,,0,0,0,3,2,Y,2025,4,3,0,0,1,4,1,3,4,0,3,3,,N,,,,,,,,,,,
2007051099,1622.0,1,0,0,0,0,0,0,0,0,8,0,,67,2,2007,4,39.9496,-75.1539,1620.0,6,0,0,0,0,0,1,0,0,,0,0,0,14,1,1,1,,0,39 56:58.597,,0,75 09:13.936,4,0,0,0,67301,1,0,0,N,1,0,0,2,67301,1,,1,1,,N,N,,0,,0,0,0,3,2,,1420,1,2,0,0,1,0,0,3,4,0,1,3,,N,,,,,,,,,,,
2007028008,1359.0,1,0,0,1,0,0,0,0,0,4,0,,67,1,2007,4,40.0016,-75.1528,1357.0,6,0,0,0,0,0,1,0,0,,0,0,0,13,1,1,1,,0,40 00:05.000,,0,75 09:10.529,4,0,0,0,67301,1,0,0,N,0,0,0,3,67301,1,,1,1,,N,N,,0,,0,0,0,3,2,,1355,1,2,0,0,0,0,0,3,4,0,1,3,,N,,,,,,,,,,,
2007056524,1335.0,3,0,0,0,0,0,0,0,0,1,0,,67,4,2007,3,40.0516,-75.1419,1332.0,6,0,0,0,0,0,2,0,0,9.0,0,0,0,13,1,1,0,,1,40 03:05.000,2.0,0,75 08:30.807,8,0,0,0,67301,0,0,0,N,0,0,0,4,67301,0,,1,1,,N,N,,0,,0,0,0,0,0,N,1331,1,3,0,0,0,1,0,3,4,0,3,3,,N,,,,,,,,,,,
2007048935,1400.0,0,0,0,0,0,0,0,0,0,8,0,,67,3,2007,1,39.9956,-75.1675,1400.0,6,0,0,0,0,0,0,0,0,,0,0,0,13,1,1,1,,0,39 59:44.000,,0,75 10:03.145,4,0,0,0,67301,1,0,0,N,1,0,0,2,67301,1,,5,1,,N,N,,0,,0,0,1,3,2,,1350,1,2,0,0,0,0,0,3,4,0,1,3,,N,,,,,,,,,,,
2007046708,1114.0,0,0,0,0,0,0,1,0,0,8,1,,67,2,2007,7,39.9519,-75.1598,1113.0,6,0,0,0,0,0,1,0,0,,0,0,0,11,1,1,1,,0,39 57:06.000,,0,75 09:35.366,4,0,0,0,67301,1,0,0,N,1,0,0,2,67301,1,,1,98,,N,N,,0,,0,0,0,3,2,,1113,1,2,0,0,0,0,0,3,4,0,1,3,,N,,,,,,,,,,,
2007046818,2015.0,0,0,0,0,0,0,0,0,0,2,0,,67,3,2007,2,,,2010.0,6,0,0,0,0,0,0,0,0,1.0,0,0,0,99,3,1,0,,1,,3.0,0,,3,0,0,0,67301,0,0,0,N,0,0,0,3,67301,0,,1,1,,N,N,,0,,1,0,2,0,0,N,9999,1,2,0,0,0,0,0,3,3,0,2,3,,N,,,,,,,,,,,
2007075480,848.0,2,0,0,0,0,0,0,0,0,4,0,,67,7,2007,6,40.1061,-75.0579,848.0,6,0,0,0,0,0,0,0,0,,0,0,0,8,1,0,2,,0,40 06:22.050,,0,75 03:28.558,0,0,0,0,67301,0,0,0,N,0,0,0,3,46105,0,,1,1,,N,N,,0,,0,0,0,3,3,,839,0,2,0,0,0,0,0,3,4,0,2,3,,N,,,,,,,,,,,
2007117265,48.0,1,0,0,0,0,0,0,0,0,1,0,,67,10,2007,7,39.9509,-75.1516,46.0,6,0,0,0,0,0,0,0,0,1.0,0,0,0,0,3,1,0,,1,39 57:03.000,3.0,0,75 09:05.926,8,0,0,0,67301,0,0,0,,0,0,0,2,67301,0,,1,1,,N,N,,0,,0,0,1,0,0,N,43,1,2,0,0,0,1,1,3,4,0,2,3,,N,,,,,,,,,,,
2007080977,1645.0,1,0,0,0,0,0,0,0,0,1,0,,67,2,2007,4,39.9878,-75.0921,1642.0,6,0,0,0,0,0,0,0,0,,0,0,0,16,1,1,1,,0,39 59:16.000,,0,75 05:31.457,8,0,0,0,67301,0,0,0,N,0,0,0,3,67301,0,,1,1,,N,N,,0,,0,0,0,3,2,,1600,1,2,0,0,0,1,0,3,4,1,2,3,,N,,,,,,,,,,,
2007081061,1949.0,2,0,0,0,0,0,0,0,0,4,0,,67,5,2007,2,40.0187,-75.1152,1949.0,6,0,0,0,0,0,0,0,0,2.0,0,0,0,19,1,1,1,,2,40 01:07.000,2.0,0,75 06:54.890,4,0,0,0,67301,0,0,0,N,0,0,0,5,67301,1,,1,1,,N,N,,0,,0,0,0,3,2,Y,1940,1,2,0,0,0,0,0,3,4,0,2,3,,N,,,,,,,,,,,
2007120197,1347.0,2,0,0,0,0,0,0,0,0,1,0,,67,9,2007,6,39.9674,-75.1809,1347.0,6,0,0,0,0,0,1,0,0,,0,0,0,13,1,1,2,,0,39 58:02.000,,0,75 10:52.021,8,0,0,0,67301,0,0,0,,0,0,0,2,67301,0,,1,1,,N,N,,0,,0,0,0,3,2,,1347,1,2,0,0,0,1,0,3,4,0,2,3,,N,,,,,,,,,,,
2007066413,1725.0,2,0,0,0,0,0,0,0,0,4,0,,67,5,2007,4,40.0047,-75.1522,1723.0,6,0,0,0,0,0,0,0,0,,0,0,0,99,1,1,1,,0,40 00:16.920,,0,75 09:07.920,4,0,0,0,67301,0,0,0,N,0,0,0,2,67301,1,,1,1,,N,N,,0,,0,0,0,3,2,,9999,1,2,0,0,0,0,0,3,4,0,2,3,,N,,,,,,,,,,,
2007066428,1707.0,1,0,0,0,0,0,0,0,0,8,0,,67,4,2007,7,39.9878,-75.109,1706.0,6,0,0,0,0,0,0,0,0,,0,0,0,16,1,1,0,,0,39 59:16.224,,0,75 06:32.302,3,0,0,0,67301,1,0,0,N,1,0,0,2,67301,0,,1,1,,N,N,,0,,1,0,0,0,0,,1600,1,2,0,0,0,0,0,3,4,0,1,3,,N,,,,,,,,,,,
2007066461,1815.0,2,0,0,0,0,0,0,0,0,1,0,,67,5,2007,2,,,1800.0,6,0,0,0,0,0,1,0,0,,0,0,0,18,1,0,0,,0,,,0,,0,0,0,0,67301,0,0,0,N,0,0,0,3,67301,0,,1,1,,N,N,,0,,0,0,0,0,0,,1800,0,2,0,0,0,0,0,3,3,0,2,3,,N,,,,,,,,,,,
2007066487,1815.0,1,0,0,0,0,0,0,0,0,5,0,,67,5,2007,4,39.9272,-75.1918,1811.0,6,0,1,0,0,0,0,0,0,,0,0,0,18,1,1,2,,0,39 55:37.000,,0,75 11:30.411,4,0,0,0,67301,0,0,0,N,0,0,0,3,67301,1,,1,1,,N,N,,0,,0,0,0,3,3,,1800,1,2,0,0,1,0,0,3,4,1,2,3,,N,,,,,,,,,,,
2007066547,2231.0,1,0,0,1,0,0,0,0,0,4,0,,67,5,2007,4,39.9455,-75.1717,2230.0,6,0,0,0,0,0,0,0,0,,0,0,0,22,3,1,1,,0,39 56:43.627,,0,75 10:18.076,4,0,0,0,67301,1,0,0,N,0,0,0,2,67301,1,,1,1,,N,N,,0,,0,0,0,3,2,,2230,1,2,0,0,0,0,0,3,4,0,1,3,,N,,,,,,,,,,,
2007080140,235.0,0,0,0,0,0,0,0,0,0,8,0,,67,6,2007,6,40.0718,-75.0313,230.0,6,0,0,0,0,0,0,0,0,,0,0,0,2,3,1,0,,0,40 04:18.600,,7,75 01:52.800,4,0,0,0,67301,1,0,0,N,1,0,0,2,67301,1,,1,1,,N,N,,0,,0,0,0,0,0,,225,1,2,0,0,0,0,0,3,4,0,1,3,,N,,,,,,,,,,,
2007124091,1517.0,2,0,0,0,0,0,0,0,0,4,0,,67,11,2007,2,40.0152,-75.1699,1515.0,6,0,0,0,0,0,0,0,0,,0,0,0,14,1,1,1,,0,40 00:54.000,,0,75 10:11.829,8,0,0,0,67301,0,0,0,N,0,0,0,3,67301,0,,1,1,,N,N,,0,,0,0,0,3,2,,1430,1,2,0,0,0,1,0,3,4,0,2,3,,N,,,,,,,,,,,
2007066677,1540.0,2,0,0,0,0,0,0,0,0,6,0,,67,5,2007,2,,,1529.0,6,0,0,0,1,0,1,0,1,1.0,0,0,0,99,1,2,0,,2,,1.0,0,,3,0,0,0,67301,0,0,0,N,0,0,0,3,67301,1,,1,1,,N,N,,1,,1,0,0,0,0,N,9999,2,3,0,0,0,0,0,3,3,0,3,3,,N,,,,,,,,,,,
2007056823,1940.0,1,0,0,0,0,0,0,0,0,8,0,,67,4,2007,5,39.9983,-75.1049,1935.0,6,0,0,0,0,0,1,0,0,,0,0,0,19,4,1,0,,0,39 59:53.856,,0,75 06:17.645,4,0,0,0,67301,1,0,0,N,1,0,0,2,67301,1,,1,1,,N,N,,0,,0,0,0,0,0,,1930,1,2,0,0,0,0,0,3,4,0,1,3,,N,,,,,,,,,,,
2007056891,1358.0,0,0,0,1,0,0,0,0,0,4,0,,67,3,2007,6,39.9161,-75.1548,1348.0,6,0,0,0,0,0,1,0,0,,0,0,0,13,1,1,1,,0,39 54:57.855,,0,75 09:17.175,4,0,0,0,67301,1,0,0,,0,0,0,2,67301,1,,1,1,,,,,0,,0,0,1,9,3,,1341,1,2,0,0,0,0,0,3,4,0,1,3,,N,,,,,,,,,,,
2007057030,900.0,0,0,0,0,0,0,0,0,0,8,0,,67,4,2007,3,39.9734,-75.2098,846.0,6,0,0,0,0,0,0,0,0,,0,0,0,8,1,1,2,,0,39 58:24.000,,0,75 12:35.301,4,0,0,0,67301,1,0,0,N,1,0,0,2,67301,1,,1,1,,N,N,,0,,0,0,0,3,2,,840,1,2,0,0,0,0,1,3,4,0,1,3,,N,,,,,,,,,,,
2007047139,1935.0,1,0,0,0,0,0,0,0,0,8,0,,67,2,2007,5,40.0293,-75.1638,1930.0,6,0,0,0,0,0,0,0,0,,0,0,0,18,3,1,1,,0,40 01:45.000,,0,75 09:49.577,8,0,0,0,67301,1,0,0,N,1,0,0,2,67301,0,,1,1,,N,N,,0,,0,0,0,3,2,,1850,1,2,0,0,0,1,0,3,4,0,1,3,,N,,,,,,,,,,,
2007116397,1405.0,4,0,0,0,0,0,0,0,0,1,0,,67,9,2007,7,40.0529,-75.1619,1356.0,6,0,0,1,0,0,0,0,0,,0,0,0,13,1,0,2,,0,40 03:10.285,,0,75 09:42.677,0,0,0,0,67301,0,0,0,N,0,0,0,1,67301,0,,1,1,,N,N,,0,,0,0,0,9,3,,1353,0,4,0,0,0,0,0,3,4,0,4,3,,N,,,,,,,,,,,
2007099395,2150.0,3,0,0,0,0,0,0,0,0,1,0,,67,8,2007,4,39.9575,-75.1595,2144.0,6,0,0,0,0,0,1,0,0,1.0,0,0,0,21,3,1,0,,1,39 57:26.000,3.0,0,75 09:34.131,4,0,0,0,67301,0,0,0,N,0,0,0,7,67301,1,,1,1,,N,N,,0,,0,0,0,0,0,N,2140,1,3,0,0,0,0,0,3,4,0,3,3,,N,,,,,,,,,,,
2007109123,1832.0,2,0,0,0,0,0,0,0,0,4,0,,67,9,2007,3,39.9081,-75.1551,1830.0,6,0,0,0,0,0,1,1,0,,0,0,0,16,1,1,2,,0,39 54:29.022,,0,75 09:18.493,4,0,0,0,67301,0,0,0,N,0,0,0,2,67301,1,,1,1,,N,N,,0,,0,0,0,9,3,,1628,1,2,0,0,0,0,0,3,4,0,2,3,,N,,,,,,,,,,,
2007084728,1615.0,0,0,0,0,0,0,0,0,0,1,2,,67,6,2007,5,39.8984,-75.1815,1600.0,6,0,0,0,0,0,1,0,0,1.0,0,2,0,15,1,1,0,,1,39 53:55.000,2.0,0,75 10:11.680,8,0,0,0,67301,0,0,0,,0,0,0,2,67301,0,,1,1,,,,,0,,0,0,0,0,0,N,1559,1,2,0,0,0,1,0,3,4,0,2,3,,N,,,,,,,,,,,
2007092235,2229.0,1,0,0,0,0,0,0,0,0,8,0,,67,7,2007,7,39.9893,-75.1838,2228.0,6,0,0,0,0,0,0,0,0,,0,0,0,22,3,1,0,,0,39 59:21.000,,0,75 11:01.543,2,0,0,0,67301,1,0,1,N,1,0,1,2,67301,0,,1,1,,N,N,,0,,0,1,0,3,2,,2225,1,2,0,0,0,0,0,3,4,0,1,3,,N,,,,,,,,,,,
2007081779,810.0,2,0,0,0,0,0,0,0,0,6,0,,67,6,2007,3,40.106,-75.0341,803.0,6,0,0,0,0,0,1,0,0,,0,0,0,8,1,1,0,,0,40 06:21.564,,0,75 02:02.918,4,0,0,0,67301,0,0,0,N,0,0,0,5,67301,1,,1,1,,N,N,,0,,0,0,1,0,0,,800,1,3,0,0,0,0,0,3,4,0,3,3,,N,,,,,,,,,,,
2007080040,1430.0,1,0,0,0,0,0,0,0,0,1,0,,67,6,2007,7,40.0481,-75.1509,1430.0,6,0,0,0,0,0,0,0,0,2.0,0,0,0,14,1,1,1,,1,40 02:53.203,2.0,0,75 09:03.247,4,0,0,1,67301,0,0,0,N,0,0,0,1,67301,1,,1,1,,N,N,,0,,0,0,0,2,2,Y,1425,1,2,0,0,0,0,0,3,4,0,2,3,,N,,,,,,,,,,,
2007080208,1733.0,2,0,0,0,0,0,0,0,0,4,0,,67,6,2007,1,39.9634,-75.1874,1730.0,6,0,0,0,0,0,0,0,0,,0,0,0,17,1,3,1,,0,39 57:48.000,,0,75 11:14.759,4,0,0,0,67301,0,0,0,N,0,0,0,4,67301,3,,1,1,,N,N,,0,,0,0,0,3,2,,1720,3,2,0,0,0,0,0,3,4,0,2,3,,N,,,,,,,,,,,
2007080240,2300.0,1,0,0,0,0,0,0,0,0,4,0,,67,6,2007,6,40.0006,-75.1433,2256.0,6,0,0,1,0,0,1,0,0,,0,0,0,22,3,2,1,,0,40 00:02.000,,0,75 08:36.014,8,0,0,0,67301,0,0,0,N,0,0,0,5,67301,0,,1,1,,N,N,,1,,0,0,0,3,2,,2256,2,2,0,0,0,2,1,3,4,0,2,3,,N,,,,,,,,,,,
2007058005,1030.0,2,0,0,0,0,0,0,0,0,4,0,,67,4,2007,4,39.9922,-75.0888,1025.0,6,0,0,0,1,0,0,0,0,2.0,0,0,0,9,1,4,1,,1,39 59:31.844,1.0,0,75 05:19.521,4,0,0,0,67301,0,0,0,N,0,0,0,5,67301,4,,1,1,,N,N,,0,,0,0,0,3,3,N,950,4,2,0,0,0,0,1,3,4,0,2,3,,N,,,,,,,,,,,
2007051121,840.0,0,0,0,0,0,0,0,0,0,4,0,,67,2,2007,2,40.0611,-75.1544,832.0,6,0,0,0,0,0,1,2,0,,0,0,0,8,1,6,1,,0,40 03:40.129,,0,75 09:15.983,4,0,0,0,67301,0,0,0,N,0,0,0,8,67301,6,,1,1,,N,Y,,0,,0,0,2,3,2,,813,6,4,0,0,2,0,0,3,4,2,4,3,,N,,,,,,,,,,,
2007051157,955.0,2,0,0,0,0,0,0,0,0,2,0,,67,3,2007,2,40.0142,-75.1918,951.0,6,0,0,0,0,0,0,0,0,,0,0,0,99,1,1,2,,0,40 00:51.000,,0,75 11:30.612,4,0,0,0,67301,0,0,0,N,0,0,0,2,67301,1,,1,9,,N,N,,0,,0,0,0,3,2,,9999,1,2,0,0,0,0,0,3,4,0,2,3,,N,,,,,,,,,,,
2007028000,1838.0,0,0,0,0,0,0,0,0,0,4,0,,67,1,2007,3,39.9591,-75.1583,1835.0,6,0,0,0,0,0,1,0,0,,0,0,0,18,3,6,1,,0,39 57:32.806,,0,75 09:29.825,4,0,0,0,67301,0,0,0,N,0,0,0,12,67301,6,,1,1,,N,N,,0,,0,0,1,3,2,,1834,6,2,0,0,9,0,0,3,4,1,2,3,,N,,,,,,,,,,,
2007065860,1238.0,2,0,0,0,0,0,0,0,0,5,0,,67,5,2007,6,39.915,-75.1566,1232.0,6,0,0,0,0,0,0,0,0,,0,0,0,12,1,1,1,,0,39 54:53.000,,0,75 09:23.613,4,0,0,1,67301,0,0,0,,0,0,0,1,67301,1,,1,1,,N,N,,0,,0,0,0,0,0,,1225,1,4,0,0,0,0,0,3,4,0,3,3,,N,,,,,,,,,,,
2007022162,2030.0,1,0,0,0,0,0,0,0,0,4,0,,67,1,2007,5,39.9726,-75.1593,2021.0,6,0,0,0,0,0,0,0,0,,0,0,0,20,3,1,0,,0,39 58:21.000,,0,75 09:33.342,3,0,0,0,67301,0,0,0,N,0,0,0,2,67301,0,,1,1,,N,N,,0,,1,0,1,0,0,,2010,1,2,0,0,0,0,1,3,4,0,2,3,,N,,,,,,,,,,,
2007022183,1823.0,1,0,0,0,0,0,0,0,0,4,0,,67,1,2007,5,40.0809,-75.0288,1817.0,6,0,0,0,0,0,1,1,0,1.0,0,0,0,18,3,1,1,,1,40 04:51.000,2.0,0,75 01:43.129,4,0,0,0,67301,0,0,0,N,0,0,0,2,67301,1,,1,1,,N,N,,0,,0,0,1,3,2,N,1817,1,2,0,0,0,0,0,3,4,0,2,3,,N,,,,,,,,,,,
2007051280,1214.0,2,0,0,0,0,0,0,0,0,5,1,,67,3,2007,6,39.8929,-75.1969,1209.0,6,0,0,0,0,0,1,0,0,1.0,0,1,0,12,1,2,0,,1,39 53:33.000,2.0,3,75 11:50.838,8,0,0,0,67301,0,0,0,N,0,0,0,3,67301,0,,1,1,,N,N,,0,,0,0,0,0,0,N,1209,2,3,0,0,0,2,0,3,4,0,3,3,,N,,,,,,,,,,,
2007056516,2016.0,3,0,0,0,0,0,0,0,0,1,0,,67,4,2007,5,39.9567,-75.2236,2016.0,6,0,0,0,0,0,1,0,0,1.0,0,0,0,20,3,1,0,,1,39 57:24.234,4.0,0,75 13:25.073,4,0,0,0,67301,0,0,0,N,0,0,0,5,67301,1,,1,1,,N,N,,0,,0,0,0,3,2,N,2015,1,3,0,0,0,0,0,3,4,0,3,3,,N,,,,,,,,,,,
2007056525,313.0,1,0,0,0,0,0,0,0,0,7,0,,67,3,2007,1,39.9528,-75.1501,313.0,6,0,0,0,0,0,0,0,0,,0,0,0,99,3,1,0,,0,39 57:10.000,,0,75 09:00.344,3,0,0,0,67301,0,0,0,N,0,0,0,2,67301,0,,4,1,,N,N,,0,,1,0,0,0,0,,9999,1,1,0,0,1,0,0,3,4,0,1,3,,N,,,,,,,,,,,