CRN,ARRIVAL_TM,AUTOMOBILE_COUNT,BELTED_DEATH_COUNT,BELTED_SUSP_SERIOUS_INJ_COUNT,BICYCLE_COUNT,BICYCLE_DEATH_COUNT,BICYCLE_SUSP_SERIOUS_INJ_COUNT,BUS_COUNT,CHLDPAS_DEATH_COUNT,CHLDPAS_SUSP_SERIOUS_INJ_COUNT,COLLISION_TYPE,COMM_VEH_COUNT,CONS_ZONE_SPD_LIM,COUNTY,CRASH_MONTH,CRASH_YEAR,DAY_OF_WEEK,DEC_LAT,DEC_LONG,DISPATCH_TM,DISTRICT,DRIVER_COUNT_16YR,DRIVER_COUNT_17YR,DRIVER_COUNT_18YR,DRIVER_COUNT_19YR,DRIVER_COUNT_20YR,DRIVER_COUNT_50_64YR,DRIVER_COUNT_65_74YR,DRIVER_COUNT_75PLUS,EST_HRS_CLOSED,FATAL_COUNT,HEAVY_TRUCK_COUNT,HORSE_BUGGY_COUNT,HOUR_OF_DAY,ILLUMINATION,INJURY_COUNT,INTERSECT_TYPE,INTERSECTION_RELATED,LANE_CLOSED,LATITUDE,LN_CLOSE_DIR,LOCATION_TYPE,LONGITUDE,MAX_SEVERITY_LEVEL,MCYCLE_DEATH_COUNT,MCYCLE_SUSP_SERIOUS_INJ_COUNT,MOTORCYCLE_COUNT,MUNICIPALITY,NONMOTR_COUNT,NONMOTR_DEATH_COUNT,NONMOTR_SUSP_SERIOUS_INJ_COUNT,NTFY_HIWY_MAINT,PED_COUNT,PED_DEATH_COUNT,PED_SUSP_SERIOUS_INJ_COUNT,PERSON_COUNT,POLICE_AGCY,POSSIBLE_INJ_COUNT,RDWY_SURF_TYPE_CD,RELATION_TO_ROAD,ROAD_CONDITION,ROADWAY_CLEARED,SCH_BUS_IND,SCH_ZONE_IND,SECONDARY_CRASH,SMALL_TRUCK_COUNT,SPEC_JURIS_CD,SUSP_MINOR_INJ_COUNT,SUSP_SERIOUS_INJ_COUNT,SUV_COUNT,TCD_FUNC_CD,TCD_TYPE,TFC_DETOUR_IND,TIME_OF_DAY,TOT_INJ_COUNT,TOTAL_UNITS,UNB_DEATH_COUNT,UNB_SUSP_SERIOUS_INJ_COUNT,UNBELTED_OCC_COUNT,UNK_INJ_DEG_COUNT,UNK_INJ_PER_COUNT,URBAN_AREA,URBAN_RURAL,VAN_COUNT,VEHICLE_COUNT,WEATHER1,WEATHER2,WORK_ZONE_IND,WORK_ZONE_LOC,WORK_ZONE_TYPE,WORKERS_PRES,WZ_CLOSE_DETOUR,WZ_FLAGGER,WZ_LAW_OFFCR_IND,WZ_LN_CLOSURE,WZ_MOVING,WZ_OTHER,WZ_SHLDER_MDN,WZ_WORKERS_INJ_KILLED
2007048902,638.0,2,0,0,0,0,0,0,0,0,1,0,,67,3,2007,5,40.0284,-75.1091,9999.0,6,0,0,0,0,0,0,0,0,1.0,0,0,0,3,6,3,0,,1,40 01:42.040,2.0,0,75 06:32.790,4,0,0,0,67301,0,0,0,N,0,0,0,4,67301,3,,1,1,,N,N,,0,,0,0,0,3,2,N,345,3,2,0,0,0,0,0,3,4,0,2,3,,N,,,,,,,,,,,
2007049002,920.0,2,0,0,0,0,0,0,0,0,2,0,,67,3,2007,3,40.0135,-75.0691,910.0,6,0,0,0,0,0,0,0,0,,0,0,0,99,1,0,1,,0,40 00:48.000,,0,75 04:08.695,0,0,0,0,67301,0,0,0,N,0,0,0,2,67301,0,,1,1,,N,N,,0,,0,0,0,0,0,,9999,0,2,0,0,0,0,0,3,4,0,2,3,,N,,,,,,,,,,,
2007117277,1435.0,1,0,0,0,0,0,0,0,0,1,0,,67,10,2007,6,40.0248,-75.0916,1430.0,6,0,0,0,1,0,0,0,0,,0,0,0,14,1,2,2,,0,40 01:29.000,,0,75 05:29.625,4,0,0,0,67301,0,0,0,N,0,0,0,2,67301,2,,1,1,,N,N,,0,,0,0,1,0,0,,1410,2,2,0,0,0,0,0,3,4,0,2,3,,N,,,,,,,,,,,
2007080993,1820.0,1,0,0,0,0,0,0,0,0,5,0,,67,6,2007,5,39.9719,-75.2285,1815.0,6,0,0,0,0,0,0,0,0,,0,0,0,18,1,1,0,,0,39 58:19.011,,0,75 13:42.746,8,0,0,0,67301,2,0,0,N,0,0,0,3,67301,0,,1,1,,N,N,,0,,0,0,0,0,0,,1815,1,2,0,0,0,1,0,3,4,1,2,3,,N,,,,,,,,,,,
2007081005,1155.0,2,0,0,0,0,0,0,0,0,4,0,,67,5,2007,5,40.0137,-75.1354,1150.0,6,0,0,0,0,0,0,0,0,1.0,0,0,0,11,1,2,0,,2,40 00:49.370,5.0,0,75 08:07.594,4,0,0,0,67301,0,0,0,N,0,0,0,2,67301,1,,1,1,,N,N,,0,,0,0,0,0,0,Y,1145,2,2,0,0,0,1,0,3,4,0,2,3,,N,,,,,,,,,,,
2007120216,1910.0,0,0,0,0,0,0,0,0,0,1,0,,67,9,2007,3,40.0353,-75.1218,1900.0,6,0,0,0,0,0,0,0,0,,0,0,0,18,1,3,0,,0,40 02:07.000,,0,75 07:18.653,8,0,0,0,67301,0,0,0,N,0,0,0,4,67301,0,,1,9,,N,N,,0,,0,0,1,0,0,,1830,3,2,0,0,4,3,0,3,4,1,2,3,,N,,,,,,,,,,,
2007120220,850.0,1,0,0,0,0,0,0,0,0,1,0,,67,9,2007,3,39.9612,-75.1748,850.0,6,0,0,0,0,0,1,0,0,,0,0,0,8,1,1,1,,0,39 57:40.000,,0,75 10:30.473,4,0,0,0,67301,0,0,0,N,0,0,0,2,67301,1,,1,1,,N,N,,0,,0,0,0,3,2,,850,1,2,0,0,0,0,0,3,4,1,2,3,,N,,,,,,,,,,,
2007120155,1754.0,2,0,0,0,0,0,0,0,0,1,0,,67,10,2007,5,40.0112,-75.2025,1751.0,6,0,0,0,0,0,1,0,0,,0,0,0,17,1,1,3,,0,40 00:40.000,,2,75 12:08.900,8,0,0,0,67301,0,0,0,,0,0,0,2,67301,0,,7,1,,N,N,,0,,0,0,0,9,4,,1751,1,2,0,0,0,1,0,3,4,0,2,3,,N,,,,,,,,,,,
2007081134,1515.0,0,0,0,0,0,0,0,0,0,8,0,,67,5,2007,3,40.0296,-75.0808,1510.0,6,0,0,0,0,0,0,0,0,,0,0,0,12,1,1,1,,0,40 01:46.491,,0,75 04:51.013,4,0,0,0,67301,1,0,0,N,1,0,0,2,67301,1,,1,1,,Y,N,,0,,0,0,1,3,3,,1250,1,2,0,0,0,0,0,3,4,0,1,3,,N,,,,,,,,,,,
2007066369,2131.0,2,0,0,0,0,0,0,0,0,4,0,,67,5,2007,7,39.9579,-75.1641,2129.0,6,0,0,0,0,0,0,0,0,3.0,0,0,0,20,3,0,1,,1,39 57:28.000,2.0,0,75 09:50.893,9,0,0,0,67301,0,0,0,N,0,0,0,2,67301,0,,1,9,,N,N,,0,,0,0,0,3,2,N,2005,0,2,0,0,0,0,1,3,4,0,2,7,,N,,,,,,,,,,,
2007071355,1541.0,1,0,0,0,0,0,0,0,0,8,0,,67,1,2007,4,40.0126,-75.0732,1537.0,6,0,0,0,0,0,0,0,0,,0,0,0,15,1,1,2,,0,40 00:45.000,,0,75 04:23.854,8,0,0,0,67301,1,0,0,N,1,0,0,3,67301,0,,1,1,,N,Y,,0,,0,0,0,0,0,,1519,1,2,0,0,0,1,2,3,4,0,1,3,,N,,,,,,,,,,,
2007071367,1643.0,1,0,0,0,0,0,0,0,0,1,0,,67,5,2007,4,40.0713,-75.0038,1635.0,6,0,0,0,0,0,1,1,0,9.0,0,0,0,16,1,1,0,,1,40 04:16.000,1.0,7,75 00:13.638,4,0,0,0,67301,1,0,0,,0,0,0,3,67301,1,,2,1,,N,N,,0,,0,0,0,0,0,N,1630,1,3,0,0,0,0,0,3,4,2,3,3,,N,,,,,,,,,,,
2007066409,1843.0,1,0,0,0,0,0,0,0,0,8,0,,67,5,2007,6,39.9529,-75.1624,1840.0,6,0,0,0,0,1,0,0,0,,0,0,0,18,1,1,2,,0,39 57:10.615,,0,75 09:44.745,4,0,0,0,67301,1,0,0,N,1,0,0,2,67301,1,,1,1,,N,N,,0,,0,0,0,3,2,,1835,1,2,0,0,0,0,0,3,4,0,1,3,,N,,,,,,,,,,,
2007066508,1545.0,1,0,0,0,0,0,0,0,0,7,0,,67,5,2007,7,40.0395,-75.0457,1538.0,6,0,0,0,1,0,0,0,0,,0,0,0,15,1,0,0,,0,40 02:22.000,,0,75 02:44.402,0,0,0,0,67301,0,0,0,N,0,0,0,1,67301,0,,2,1,,N,N,,0,,0,0,0,0,0,,1500,0,1,0,0,1,0,0,3,4,0,1,3,,N,,,,,,,,,,,
2007066540,2347.0,2,0,0,0,0,0,0,0,0,6,0,,67,5,2007,2,39.9602,-75.1909,2346.0,6,0,0,0,0,0,0,0,0,,0,0,0,23,3,2,1,,0,39 57:36.745,,0,75 11:27.211,4,0,0,0,67301,0,0,0,N,0,0,0,2,67301,2,,1,1,,N,N,,0,,0,0,0,3,2,,2345,2,2,0,0,0,0,0,3,4,0,2,3,,N,,,,,,,,,,,
2007079990,259.0,3,0,0,0,0,0,0,0,0,6,0,,67,5,2007,1,40.0511,-75.1637,258.0,6,0,0,0,0,0,0,0,0,,0,0,0,0,3,2,0,,0,40 03:04.064,,0,75 09:49.143,2,0,0,0,67301,0,0,0,,0,0,0,3,67301,1,,1,9,,,,,0,,0,1,1,0,0,,35,2,4,0,0,0,0,0,3,4,0,4,7,,N,,,,,,,,,,,
2007080177,1127.0,0,0,0,0,0,0,0,0,0,8,0,,67,6,2007,6,40.0158,-75.1411,9999.0,6,0,0,0,0,0,0,0,0,,0,0,0,11,1,1,1,,0,40 00:56.894,,0,75 08:28.039,3,0,0,0,67301,1,0,0,N,1,0,0,4,67301,0,,1,1,,N,N,,0,,1,0,0,0,0,,1126,1,2,0,0,0,0,0,3,4,1,1,3,,N,,,,,,,,,,,
2007116920,1615.0,0,0,0,0,0,0,0,0,0,5,0,,67,10,2007,2,40.0335,-75.2152,1603.0,6,0,0,0,0,0,1,0,0,1.0,0,0,0,16,1,0,2,,1,40 02:00.000,2.0,0,75 12:54.410,0,0,0,0,67301,0,0,0,N,0,0,0,3,67301,0,,1,1,,N,N,,1,,0,0,1,0,0,Y,1602,0,2,0,0,0,0,0,3,4,0,2,3,,N,,,,,,,,,,,
2007124128,1045.0,0,0,0,0,0,0,0,0,0,4,0,,67,11,2007,4,39.9572,-75.2019,1033.0,6,0,0,0,0,0,1,0,0,,0,0,0,10,1,2,1,,0,39 57:25.000,,0,75 12:06.897,4,0,0,0,67301,0,0,0,N,0,0,0,3,67301,2,,1,1,,N,N,,0,,0,0,2,3,2,,1020,2,2,0,0,0,0,0,3,4,0,2,3,,N,,,,,,,,,,,
2007066670,807.0,2,0,0,0,0,0,0,0,0,5,0,,67,5,2007,3,39.9909,-75.1049,803.0,6,0,0,0,0,0,0,0,0,,0,0,0,7,1,1,0,,0,39 59:27.121,,0,75 06:17.564,4,0,0,0,67301,1,0,0,N,1,0,0,2,67301,1,,1,1,,N,N,,0,,0,0,0,0,0,,755,1,3,0,0,0,0,1,3,4,0,2,3,,N,,,,,,,,,,,
2007066826,1445.0,2,0,0,0,0,0,0,0,0,5,0,,67,5,2007,5,39.9907,-75.1153,1430.0,6,0,0,0,0,0,0,0,0,,0,0,0,14,1,1,1,,0,39 59:26.457,,0,75 06:55.116,4,0,0,0,67301,0,0,0,N,0,0,0,1,67301,1,,1,1,,N,N,,0,,0,0,1,3,2,,1425,1,3,0,0,0,0,0,3,4,0,3,3,,N,,,,,,,,,,,
2007056660,1030.0,2,0,0,0,0,0,0,0,0,1,0,,67,4,2007,7,39.9541,-75.1395,1030.0,6,0,0,0,0,0,0,0,0,,0,0,0,10,1,3,2,,0,39 57:14.400,,3,75 08:22.560,8,0,0,0,67301,0,0,0,N,0,0,0,5,67301,0,,1,98,,N,N,,0,,0,0,0,3,2,,1030,3,2,0,0,0,3,2,3,4,0,2,98,,N,,,,,,,,,,,
2007056706,332.0,1,0,0,0,0,0,0,0,0,8,0,,67,4,2007,5,39.9651,-75.2054,329.0,6,0,0,0,0,0,0,0,0,,0,0,0,3,3,1,1,,0,39 57:54.000,,0,75 12:19.512,4,0,0,0,67301,1,0,0,N,1,0,0,2,67301,1,,9,1,,N,N,,0,,0,0,0,3,2,,325,1,2,0,0,0,0,1,3,4,0,1,99,,N,,,,,,,,,,,
2007056860,220.0,0,0,0,0,0,0,0,0,0,8,0,,67,4,2007,6,40.0507,-75.1733,213.0,6,0,0,0,0,0,0,0,0,,0,0,0,2,3,1,1,,0,40 03:02.000,,0,75 10:23.780,4,0,0,0,67301,1,0,0,N,1,0,0,3,67301,1,,1,1,,N,N,,0,,0,0,1,3,2,,205,1,2,0,0,0,0,2,3,4,0,1,3,,N,,,,,,,,,,,
2007056883,1051.0,1,0,0,0,0,0,0,0,0,5,0,,67,4,2007,5,39.9724,-75.1241,1050.0,6,0,0,0,0,0,0,0,0,,0,0,0,10,1,1,6,,0,39 58:19.000,,2,75 07:29.410,4,0,0,0,67301,0,0,0,N,0,0,0,3,67301,1,,1,1,,N,N,,0,,0,0,1,0,0,,1050,1,2,0,0,0,0,1,3,4,0,2,3,,N,,,,,,,,,,,
2007056998,1205.0,1,0,0,0,0,0,0,0,0,2,0,,67,4,2007,2,40.0288,-75.0584,1200.0,6,0,0,0,0,0,0,0,0,,0,0,0,11,1,1,1,,0,40 01:43.000,,0,75 03:30.487,4,0,0,0,67301,0,0,0,N,0,0,0,2,67301,1,,1,9,,N,N,,1,,0,0,0,3,3,,1150,1,2,0,0,0,0,0,3,4,0,2,7,,N,,,,,,,,,,,
2007047004,1601.0,0,0,0,0,0,0,1,0,0,1,1,,67,2,2007,3,40.0136,-75.0685,1601.0,6,0,0,0,0,0,0,0,0,,0,0,0,16,1,2,1,,0,40 00:48.913,,0,75 04:06.725,4,0,0,0,67301,0,0,0,N,0,0,0,3,67301,2,,1,1,,Y,N,,0,,0,0,1,3,2,,1601,2,2,0,0,0,0,0,3,4,0,2,3,,N,,,,,,,,,,,
2007047146,1650.0,2,0,0,0,0,0,0,0,0,1,0,,67,3,2007,7,39.9981,-75.0986,1645.0,6,0,0,1,0,0,0,0,0,,0,0,0,16,1,1,2,,0,39 59:53.329,,0,75 05:54.970,4,0,0,0,67301,0,0,0,N,0,0,0,4,67301,1,,1,1,,N,N,,0,,0,0,0,0,0,,1630,1,2,0,0,4,0,0,3,4,0,2,3,,N,,,,,,,,,,,
2007099473,2233.0,1,0,0,0,0,0,0,0,0,8,0,,67,9,2007,2,39.9715,-75.2258,2231.0,6,0,0,0,0,0,0,0,0,,0,0,0,22,3,1,1,,0,39 58:17.000,,0,75 13:33.023,8,0,0,0,67301,1,0,0,N,1,0,0,2,67301,0,,1,1,,N,N,,0,,0,0,0,3,2,,2225,1,2,0,0,0,1,1,3,4,0,1,3,,N,,,,,,,,,,,
2007111900,825.0,2,0,0,0,0,0,0,0,0,4,0,,67,9,2007,4,40.0472,-75.1283,821.0,6,0,0,0,0,0,1,0,0,,0,0,0,8,1,0,0,,0,40 02:49.851,,0,75 07:41.707,9,0,0,0,67301,0,0,0,N,0,0,0,3,67301,0,,1,1,,,,,0,,0,0,0,0,0,,821,0,2,0,0,0,0,1,3,4,0,2,3,,N,,,,,,,,,,,
2007099393,1115.0,2,0,0,0,0,0,0,0,0,4,0,,67,7,2007,7,40.0276,-75.1101,1109.0,6,0,0,0,0,0,0,2,0,1.0,0,0,0,11,1,2,1,,1,40 01:39.000,1.0,0,75 06:35.953,3,0,0,0,67301,0,0,0,,0,0,0,3,67301,1,,1,1,,N,N,,0,,1,0,0,3,2,Y,1109,2,2,0,0,1,0,0,3,4,0,2,3,,N,,,,,,,,,,,
2007091875,900.0,2,0,0,0,0,0,0,0,0,1,0,,67,7,2007,5,39.976,-75.12,900.0,6,0,0,0,0,0,1,0,0,2.0,0,0,0,8,1,0,1,,1,39 58:32.000,2.0,0,75 07:13.777,0,0,0,0,67301,0,0,0,N,0,0,0,2,67301,0,,1,1,,N,N,,0,,0,0,0,0,0,N,852,0,2,0,0,0,0,0,3,4,0,2,3,,N,,,,,,,,,,,
2007091938,1900.0,1,0,0,0,0,0,0,0,0,8,0,,67,7,2007,7,39.9926,-75.1251,1850.0,6,0,0,0,0,0,0,0,0,,0,0,0,18,1,1,0,,0,39 59:33.424,,0,75 07:30.329,4,0,0,0,67301,1,0,0,N,1,0,0,2,67301,1,,1,1,,N,N,,0,,0,0,0,0,0,,1830,1,2,0,0,0,0,0,3,4,0,1,3,,N,,,,,,,,,,,
2007109137,2336.0,1,0,0,0,0,0,0,0,0,7,0,,67,9,2007,1,39.975,-75.1265,2331.0,6,0,0,0,0,0,1,0,0,3.0,0,0,0,23,3,1,0,,2,39 58:30.165,3.0,0,75 07:35.454,4,0,0,0,67301,0,0,0,,0,0,0,1,67301,1,,2,1,,,,,0,,0,0,0,0,0,Y,2330,1,1,0,0,0,0,0,3,4,0,1,3,,N,,,,,,,,,,,
2007091981,245.0,1,0,0,0,0,0,0,0,0,8,0,,67,7,2007,2,,,240.0,6,0,0,0,0,0,0,0,0,,0,0,0,2,6,1,0,,0,,,0,,8,0,0,0,67301,1,0,0,N,1,0,0,2,67301,0,,1,1,,N,N,,0,,0,0,0,0,0,,240,1,2,0,0,0,1,0,3,3,0,1,3,,N,,,,,,,,,,,
2007092288,1323.0,0,0,0,0,0,0,1,0,0,5,2,,67,7,2007,3,39.9362,-75.1585,1320.0,6,0,0,0,0,0,0,0,0,,0,1,0,13,1,2,0,,0,39 56:10.489,,0,75 09:30.459,4,0,0,0,67301,2,0,0,N,1,0,0,3,67301,1,,1,1,,N,N,,0,,0,0,0,0,0,,1310,2,3,0,0,0,1,0,3,4,0,2,3,,N,,,,,,,,,,,
2007091893,2040.0,2,0,0,0,0,0,0,0,0,1,0,,67,7,2007,7,39.9486,-75.1493,2040.0,6,0,0,0,0,0,0,0,0,,0,0,0,99,3,2,0,,0,39 56:54.801,,0,75 08:57.444,4,0,0,0,67301,0,0,0,N,0,0,0,3,67301,1,,1,1,,N,N,,0,,0,0,0,0,0,,9999,2,2,0,0,3,1,0,3,4,0,2,3,,N,,,,,,,,,,,
2007080034,1920.0,0,0,0,0,0,0,0,0,0,8,0,,67,6,2007,7,40.0261,-75.1413,1730.0,6,0,0,0,0,0,0,0,0,,0,0,0,17,1,1,0,,0,40 01:33.790,,0,75 08:28.618,4,0,0,0,67301,1,0,0,N,1,0,0,2,67301,1,,1,1,,N,N,,0,,0,0,0,0,0,,1730,1,2,0,0,0,0,1,3,4,1,1,3,,N,,,,,,,,,,,
2007082225,750.0,1,0,0,0,0,0,0,0,0,8,0,,67,5,2007,4,39.9898,-75.1588,750.0,6,0,0,0,0,0,0,0,0,,0,0,0,7,1,1,0,,0,39 59:23.218,,0,75 09:31.842,4,0,0,0,67301,1,0,0,,1,0,0,2,67301,1,,1,1,,,,,0,,0,0,0,0,0,,745,1,2,0,0,0,0,0,3,4,0,1,3,,N,,,,,,,,,,,
2007080051,1600.0,1,0,0,0,0,0,0,0,0,4,0,,67,5,2007,6,40.0152,-75.1699,1552.0,6,0,0,0,0,0,0,0,0,,0,0,0,15,1,3,1,,0,40 00:54.000,,0,75 10:11.461,8,0,0,0,67301,0,0,0,N,0,0,0,4,67301,0,,1,1,,N,N,,0,,0,0,0,3,2,,1550,3,2,0,0,2,3,0,3,4,1,2,3,,N,,,,,,,,,,,
2007081847,945.0,0,0,0,0,0,0,0,0,0,8,0,,67,6,2007,6,40.0384,-75.1769,936.0,6,0,0,0,0,0,1,0,0,,0,0,0,9,1,1,2,,0,40 02:18.000,,0,75 10:36.877,4,0,0,0,67301,1,0,0,N,1,0,0,2,67301,1,,4,1,,N,N,,0,,0,0,1,3,2,,906,1,2,0,0,0,0,0,3,4,0,1,3,,N,,,,,,,,,,,
2007081872,1645.0,0,0,0,1,0,0,0,0,0,4,0,,67,5,2007,6,39.9933,-75.1632,1641.0,6,0,0,0,0,0,0,0,0,,0,0,0,16,1,1,1,,0,39 59:35.942,,0,75 09:47.498,4,0,0,0,67301,1,0,0,,0,0,0,2,67301,1,,1,1,,,,,1,,0,0,0,3,2,,1631,1,2,0,0,0,0,1,3,4,0,1,3,,N,,,,,,,,,,,
2007058136,424.0,1,0,0,0,0,0,0,0,0,7,0,,67,3,2007,6,39.923,-75.1911,420.0,6,0,0,0,1,0,0,0,0,1.0,0,0,0,4,3,0,0,,2,39 55:30.720,4.0,0,75 11:35.880,0,0,0,0,67301,0,0,0,N,0,0,0,2,67301,0,,2,1,,N,N,,0,,0,0,0,0,0,N,415,0,1,0,0,0,0,0,3,4,0,1,3,,N,,,,,,,,,,,
2007058143,2040.0,2,0,0,0,0,0,0,0,0,5,0,,67,4,2007,6,39.877,-75.2549,2027.0,6,0,0,0,0,0,0,0,0,1.0,0,0,0,20,3,1,0,,1,39 52:37.186,2.0,0,75 15:17.632,4,0,0,0,67301,0,0,0,Y,0,0,0,3,67301,1,,1,1,,N,N,,0,,0,0,0,0,0,N,2025,1,2,0,0,0,0,0,3,4,0,2,3,,N,,,,,,,,,,,
2007058158,1910.0,0,0,0,0,0,0,1,0,0,1,1,,67,4,2007,4,40.0199,-75.1563,1900.0,6,0,0,0,0,0,1,0,0,,0,1,0,18,4,1,2,,0,40 01:11.000,,0,75 09:22.749,8,0,0,0,67301,0,0,0,N,0,0,0,3,67301,0,,1,1,,N,N,,0,,0,0,0,0,0,,1855,1,2,0,0,0,1,0,3,4,0,2,3,,N,,,,,,,,,,,
2007055503,2029.0,1,0,0,0,0,0,0,0,0,7,0,,67,4,2007,2,39.9748,-75.1942,2026.0,6,0,0,0,0,1,0,0,0,1.0,0,0,0,20,3,1,0,,1,39 58:33.000,3.0,0,75 11:41.865,4,0,0,0,67301,0,0,0,N,0,0,0,1,68K01,1,,3,1,,N,N,,0,,0,0,0,0,0,N,2015,1,2,0,0,0,0,0,3,4,0,1,3,,N,,,,,,,,,,,
2007033323,211.0,1,0,0,0,0,0,0,0,0,7,0,,67,1,2007,1,40.1187,-75.0071,208.0,6,0,0,0,0,0,0,0,0,1.0,0,0,0,2,3,1,0,,1,40 07:07.324,4.0,0,75 00:25.549,4,0,0,0,67301,0,0,0,N,0,0,0,1,67301,1,,5,9,,N,N,,0,,0,0,0,0,0,N,200,1,1,0,0,0,0,0,3,4,0,1,7,,N,,,,,,,,,,,
2007028269,1025.0,1,0,0,0,0,0,0,0,0,7,0,,67,1,2007,5,39.9587,-75.1697,1015.0,6,0,0,0,0,0,0,0,0,1.0,0,0,0,10,1,1,0,,1,39 57:31.000,3.0,0,75 10:10.560,8,0,0,0,67301,0,0,0,N,0,0,0,1,67301,0,,3,1,,N,N,,0,,0,0,0,0,0,N,1015,1,1,0,0,0,1,0,3,4,0,1,3,,N,,,,,,,,,,,
2007022107,1417.0,0,0,0,0,0,0,0,0,0,4,0,,67,1,2007,5,39.9186,-75.2195,1409.0,6,0,0,0,0,0,1,0,0,,0,0,0,13,1,2,0,,0,39 55:06.000,,7,75 13:10.412,8,0,0,0,67301,0,0,0,N,0,0,0,2,67301,0,,1,9,,N,N,,0,,0,0,2,0,0,,1356,2,2,0,0,0,2,0,3,4,0,2,10,,N,,,,,,,,,,,
2007048941,1539.0,3,0,0,0,0,0,0,0,0,1,0,,67,3,2007,2,39.9658,-75.1607,1535.0,6,0,0,0,0,0,0,0,0,,0,0,0,15,1,2,2,,0,39 57:56.000,,0,75 09:38.617,8,0,0,0,67301,0,0,0,N,0,0,0,3,67301,0,,1,1,,N,N,,0,,0,0,0,0,0,,1530,2,3,0,0,0,2,0,3,4,0,3,3,,N,,,,,,,,,,,
2007048950,1350.0,1,0,0,0,0,0,0,0,0,7,0,,67,2,2007,7,39.8929,-75.2329,1344.0,6,0,0,0,0,0,1,0,0,,0,0,0,13,1,0,0,,0,39 53:34.667,,0,75 13:56.569,0,0,0,0,67301,0,0,0,N,0,0,0,3,67301,0,,2,2,,N,N,,1,,0,0,0,0,0,,1342,0,2,0,0,0,0,0,3,4,0,2,3,,N,,,,,,,,,,,
2007080864,907.0,0,0,0,0,0,0,0,0,0,4,0,,67,6,2007,5,40.0233,-75.1258,907.0,6,0,0,0,0,0,0,0,0,,1,0,0,9,1,0,1,,0,40 01:23.930,,0,75 07:32.757,1,1,0,1,67301,0,0,0,N,0,0,0,3,67301,0,2.0,1,1,,N,N,,0,0.0,0,0,0,9,3,,906,0,2,0,0,0,0,0,3,4,1,2,3,,N,,,,,,,,,,,
2007080930,940.0,2,0,0,0,0,0,0,0,0,1,0,,67,4,2007,5,40.0308,-75.1877,9999.0,6,0,0,0,0,0,0,0,0,3.0,0,0,0,9,1,1,0,,1,40 01:51.040,2.0,0,75 11:15.817,4,0,0,0,67301,0,0,0,N,0,0,0,2,67301,1,,1,9,,N,N,,0,,0,0,0,0,0,N,940,1,2,0,0,0,0,0,3,4,0,2,7,,N,,,,,,,,,,,
2007083568,50.0,1,0,0,0,0,0,0,0,0,7,0,,67,6,2007,3,,,28.0,6,0,0,0,0,0,0,0,0,,0,0,0,0,3,2,0,,0,,,0,,2,0,0,0,67301,0,0,0,Y,0,0,0,2,67301,0,,2,1,,N,N,,0,,1,1,0,0,0,,28,2,1,0,0,0,0,0,3,3,0,1,3,,N,,,,,,,,,,,
2007120106,1251.0,0,0,0,0,0,0,0,0,0,8,0,,67,10,2007,4,39.9981,-75.1273,1250.0,6,0,0,0,0,0,0,0,0,,0,0,0,12,1,1,2,,0,39 59:53.000,,0,75 07:38.200,4,0,0,0,67301,1,0,0,N,1,0,0,2,67301,1,,1,1,,N,N,,0,,0,0,0,9,2,,1250,1,2,0,0,0,0,1,3,4,1,1,3,,N,,,,,,,,,,,
2007081117,40.0,2,0,0,0,0,0,0,0,0,4,0,,67,5,2007,2,40.0226,-75.0937,31.0,6,0,0,0,0,1,0,0,0,,0,0,0,23,3,0,1,,0,40 01:21.000,,0,75 05:37.218,0,0,0,0,67301,0,0,0,N,0,0,0,2,67301,0,,1,9,,N,N,,0,,0,0,0,3,2,,2357,0,2,0,0,0,0,0,3,4,0,2,7,,N,,,,,,,,,,,
2007066383,9999.0,3,0,0,0,0,0,0,0,0,4,0,,67,5,2007,3,40.0226,-75.1782,9999.0,6,0,0,0,0,0,0,0,0,,0,0,0,99,1,2,1,,0,40 01:21.000,,0,75 10:41.375,8,0,0,0,67301,0,0,0,,0,0,0,3,67301,0,,1,1,,,,,0,,0,0,0,9,2,,9999,2,3,0,0,0,2,0,3,4,0,3,3,,N,,,,,,,,,,,
2007080101,1820.0,3,0,0,0,0,0,0,0,0,1,0,,67,6,2007,6,39.923,-75.191,1815.0,6,0,0,0,0,0,0,0,0,1.0,0,0,0,18,1,0,0,,1,,4.0,0,,0,0,0,0,67301,0,0,0,N,0,0,0,4,67301,0,,1,1,,N,N,,0,,0,0,0,0,0,N,1800,0,3,0,0,0,0,0,3,4,0,3,3,,N,,,,,,,,,,,
2007080406,1850.0,1,0,0,1,0,0,0,0,0,4,0,,67,6,2007,2,40.0825,-74.9906,1845.0,6,0,0,0,0,0,0,0,0,,0,0,0,18,1,1,2,,0,40 04:56.863,,0,74 59:26.275,3,0,0,0,67301,1,0,0,N,0,0,0,2,67301,0,,1,1,,N,N,,0,,1,0,0,3,3,,1835,1,2,0,0,0,0,0,3,4,0,1,3,,N,,,,,,,,,,,
2007116273,727.0,1,0,0,0,0,0,0,0,0,7,0,,67,9,2007,1,40.0126,-75.0732,723.0,6,0,0,0,0,0,0,0,0,,0,0,0,7,1,2,1,,0,40 00:45.000,,0,75 04:23.854,3,0,0,0,67301,0,0,0,N,0,0,0,3,67301,1,,5,1,,N,N,,0,,1,0,0,3,2,,709,2,1,0,0,0,0,1,3,4,0,1,3,,N,,,,,,,,,,,