CRN,ARRIVAL_TM,AUTOMOBILE_COUNT,BELTED_DEATH_COUNT,BELTED_SUSP_SERIOUS_INJ_COUNT,BICYCLE_COUNT,BICYCLE_DEATH_COUNT,BICYCLE_SUSP_SERIOUS_INJ_COUNT,BUS_COUNT,CHLDPAS_DEATH_COUNT,CHLDPAS_SUSP_SERIOUS_INJ_COUNT,COLLISION_TYPE,COMM_VEH_COUNT,CONS_ZONE_SPD_LIM,COUNTY,CRASH_MONTH,CRASH_YEAR,DAY_OF_WEEK,DEC_LAT,DEC_LONG,DISPATCH_TM,DISTRICT,DRIVER_COUNT_16YR,DRIVER_COUNT_17YR,DRIVER_COUNT_18YR,DRIVER_COUNT_19YR,DRIVER_COUNT_20YR,DRIVER_COUNT_50_64YR,DRIVER_COUNT_65_74YR,DRIVER_COUNT_75PLUS,EST_HRS_CLOSED,FATAL_COUNT,HEAVY_TRUCK_COUNT,HORSE_BUGGY_COUNT,HOUR_OF_DAY,ILLUMINATION,INJURY_COUNT,INTERSECT_TYPE,INTERSECTION_RELATED,LANE_CLOSED,LATITUDE,LN_CLOSE_DIR,LOCATION_TYPE,LONGITUDE,MAX_SEVERITY_LEVEL,MCYCLE_DEATH_COUNT,MCYCLE_SUSP_SERIOUS_INJ_COUNT,MOTORCYCLE_COUNT,MUNICIPALITY,NONMOTR_COUNT,NONMOTR_DEATH_COUNT,NONMOTR_SUSP_SERIOUS_INJ_COUNT,NTFY_HIWY_MAINT,PED_COUNT,PED_DEATH_COUNT,PED_SUSP_SERIOUS_INJ_COUNT,PERSON_COUNT,POLICE_AGCY,POSSIBLE_INJ_COUNT,RDWY_SURF_TYPE_CD,RELATION_TO_ROAD,ROAD_CONDITION,ROADWAY_CLEARED,SCH_BUS_IND,SCH_ZONE_IND,SECONDARY_CRASH,SMALL_TRUCK_COUNT,SPEC_JURIS_CD,SUSP_MINOR_INJ_COUNT,SUSP_SERIOUS_INJ_COUNT,SUV_COUNT,TCD_FUNC_CD,TCD_TYPE,TFC_DETOUR_IND,TIME_OF_DAY,TOT_INJ_COUNT,TOTAL_UNITS,UNB_DEATH_COUNT,UNB_SUSP_SERIOUS_INJ_COUNT,UNBELTED_OCC_COUNT,UNK_INJ_DEG_COUNT,UNK_INJ_PER_COUNT,URBAN_AREA,URBAN_RURAL,VAN_COUNT,VEHICLE_COUNT,WEATHER1,WEATHER2,WORK_ZONE_IND,WORK_ZONE_LOC,WORK_ZONE_TYPE,WORKERS_PRES,WZ_CLOSE_DETOUR,WZ_FLAGGER,WZ_LAW_OFFCR_IND,WZ_LN_CLOSURE,WZ_MOVING,WZ_OTHER,WZ_SHLDER_MDN,WZ_WORKERS_INJ_KILLED
2007116662,1650.0,2,0,0,0,0,0,0,0,0,6,0,,67,9,2007,7,39.9952,-75.1641,1630.0,6,0,0,0,0,0,2,0,0,,0,0,0,16,1,3,1,,0,39 59:42.000,,0,75 09:50.608,4,0,0,0,67301,0,0,0,,0,0,0,3,67301,1,,1,9,,,,,0,,0,0,0,0,0,,1638,3,2,0,0,0,2,0,3,4,0,2,3,,N,,,,,,,,,,,
2007127565,450.0,2,0,0,0,0,0,0,0,0,1,0,,67,10,2007,4,,,445.0,6,0,0,0,1,0,0,0,0,2.0,0,0,0,4,3,2,0,,2,,1.0,0,,3,0,0,0,67301,0,0,0,N,0,0,0,4,67301,0,,1,9,,N,N,,1,,1,0,1,0,0,Y,445,2,4,0,0,1,1,1,3,3,0,4,7,,N,,,,,,,,,,,
2007066665,1905.0,1,0,0,0,0,0,0,0,0,4,0,,67,5,2007,1,40.0152,-75.2079,1855.0,6,0,0,0,0,0,0,0,0,,0,0,0,18,1,0,0,,0,40 00:54.863,,0,75 12:28.376,0,0,0,0,67301,0,0,0,N,0,0,0,2,67301,0,,1,1,,N,N,,0,,0,0,1,0,0,,1850,0,2,0,0,0,0,0,3,4,0,2,3,,N,,,,,,,,,,,
2007066853,2038.0,1,0,0,0,0,0,0,0,0,8,0,,67,5,2007,6,39.967,-75.2431,2031.0,6,0,0,0,0,0,0,0,0,,0,0,0,20,3,1,1,,0,39 58:01.167,,0,75 14:35.163,4,0,0,0,67301,1,0,0,N,1,0,0,2,67301,1,,1,1,,N,N,,0,,0,0,0,0,0,,2020,1,2,0,0,0,0,0,3,4,0,1,3,,N,,,,,,,,,,,
2007056752,1400.0,1,0,0,0,0,0,0,0,0,2,0,,67,3,2007,4,39.8976,-75.2524,1354.0,6,0,0,0,0,0,1,0,1,,0,0,0,11,1,2,2,,0,39 53:50.000,,0,75 15:07.486,4,0,0,0,67301,0,0,0,,0,0,0,2,67301,2,,1,1,,,,,0,,0,0,1,3,2,,1145,2,2,0,0,0,0,0,3,4,0,2,3,,N,,,,,,,,,,,
2007056667,841.0,1,0,0,1,0,0,0,0,0,4,0,,67,3,2007,1,,,836.0,6,0,0,0,0,0,0,1,0,1.0,0,0,0,8,1,1,5,,1,,1.0,0,,4,0,0,0,67301,1,0,0,N,0,0,0,3,67301,1,,1,1,,N,N,,0,,0,0,0,3,2,Y,830,1,2,0,0,0,0,0,3,3,0,1,3,,N,,,,,,,,,,,
2007056845,2110.0,2,0,0,0,0,0,0,0,0,5,0,,67,3,2007,6,40.0605,-75.1869,2100.0,6,0,0,0,0,0,0,1,0,,0,0,0,21,3,0,0,,0,40 03:37.670,,0,75 11:12.800,0,0,0,0,67301,0,0,0,N,0,0,0,1,67301,0,,1,1,,N,N,,0,,0,0,0,0,0,,2100,0,2,0,0,0,0,0,3,4,0,2,3,,N,,,,,,,,,,,
2007056992,135.0,0,0,0,0,0,0,0,0,0,8,0,,67,3,2007,7,39.9642,-75.2219,131.0,6,0,0,0,0,0,0,0,0,,0,0,0,1,3,1,1,,0,39 57:50.000,,0,75 13:17.133,4,0,0,0,67301,1,0,0,N,1,0,0,2,67301,1,,1,1,,N,N,,0,,0,0,0,3,2,,129,1,2,0,0,0,0,1,3,4,0,1,3,,N,,,,,,,,,,,
2007057037,1001.0,0,0,0,0,0,0,0,0,0,6,1,,67,4,2007,4,39.8946,-75.2367,0.0,6,0,0,0,0,0,0,0,0,,0,1,0,99,3,1,1,,0,39 53:40.603,,0,75 14:12.181,4,0,0,0,67301,0,0,0,,0,0,0,3,67301,1,,1,9,,,,,0,,0,0,1,0,0,,9999,1,2,0,0,3,0,0,3,4,0,2,7,,N,,,,,,,,,,,
2007046900,9999.0,1,0,0,0,0,0,0,0,0,9,0,,67,2,2007,1,39.9355,-75.2231,215.0,6,0,0,0,0,0,0,0,0,,0,0,0,2,3,0,0,,0,39 56:07.796,,0,75 13:22.998,9,0,0,0,67301,0,0,0,N,0,0,0,1,67301,0,,9,2,,N,N,,0,,0,0,0,0,0,,210,0,1,0,0,0,0,1,3,4,0,1,10,,N,,,,,,,,,,,
2007047030,1645.0,1,0,0,0,0,0,0,0,0,7,0,,67,3,2007,4,39.9944,-75.2411,1628.0,6,0,0,0,0,0,1,0,0,,0,0,0,15,1,0,0,,0,39 59:39.907,,0,75 14:27.972,0,0,0,0,67301,0,0,0,N,0,0,0,1,67301,0,,2,9,,N,N,,0,,0,0,0,0,0,,1550,0,1,0,0,0,0,0,3,4,0,1,10,,N,,,,,,,,,,,
2007102315,2249.0,1,0,0,0,0,0,0,0,0,4,0,,67,8,2007,5,39.9877,-75.2162,2244.0,6,0,0,0,0,0,0,0,0,,0,0,0,22,3,2,2,,0,39 59:15.000,,0,75 12:58.441,8,0,0,0,67301,0,0,0,N,0,0,0,2,67301,0,,1,9,,N,N,,0,,0,0,0,0,0,,2237,2,2,0,0,0,2,0,3,4,1,2,7,,N,,,,,,,,,,,
2007116352,700.0,1,0,0,0,0,0,0,0,0,4,1,,67,10,2007,6,,,659.0,6,0,0,0,1,0,0,0,0,1.0,0,1,0,6,5,1,1,,1,,2.0,0,,8,0,0,0,67301,0,0,0,N,0,0,0,4,67301,0,,1,1,,N,N,,0,,0,0,0,9,2,N,656,1,2,0,0,0,1,0,3,3,0,2,3,,N,,,,,,,,,,,
2007099365,1330.0,2,0,0,0,0,0,0,0,0,4,0,,67,8,2007,7,39.9581,-75.1505,1330.0,6,0,0,0,1,0,0,0,0,,0,0,0,99,1,0,2,,0,39 57:29.289,,0,75 09:01.655,0,0,0,0,67301,0,0,0,N,0,0,0,2,67301,0,,1,1,,N,N,,0,,0,0,0,3,2,,9999,0,2,0,0,0,0,0,3,4,0,2,3,,N,,,,,,,,,,,
2007099369,1610.0,1,0,0,0,0,0,0,0,0,6,0,,67,8,2007,7,39.9745,-75.1587,1606.0,6,0,0,0,0,0,1,0,0,,0,0,0,99,1,1,1,,0,39 58:28.000,,0,75 09:31.391,3,0,0,0,67301,0,0,0,,0,0,0,2,67301,0,,1,1,,N,N,,1,,1,0,0,3,2,,9999,1,2,0,0,0,0,0,3,4,0,2,3,,N,,,,,,,,,,,
2007099403,2.0,1,0,0,0,0,0,0,0,0,4,0,,67,8,2007,7,39.9578,-75.1472,2358.0,6,0,0,0,0,0,0,0,0,,0,0,0,23,3,0,1,,0,39 57:28.162,,0,75 08:50.070,0,0,0,0,67301,0,0,0,N,0,0,0,6,67301,0,,1,1,,N,N,,1,,0,0,0,3,2,,2355,0,2,0,0,0,0,0,3,4,0,2,3,,N,,,,,,,,,,,
2007116618,1729.0,2,0,0,0,0,0,0,0,0,1,0,,67,9,2007,5,39.9508,-75.1955,1729.0,6,0,0,0,0,0,1,0,0,,0,0,0,17,1,1,0,,0,39 57:02.851,,0,75 11:43.648,4,0,0,0,67301,0,0,0,,0,0,0,2,67504,1,,1,1,,N,N,,0,,0,0,0,0,0,,1700,1,2,0,0,2,0,0,3,4,0,2,3,,N,,,,,,,,,,,
2007091959,1404.0,1,0,0,0,0,0,0,0,0,4,0,,67,7,2007,4,39.9515,-75.1756,1400.0,6,0,0,0,0,1,0,0,0,,0,0,0,99,1,1,1,,0,39 57:05.515,,0,75 10:32.041,4,0,0,0,67301,0,0,0,N,0,0,0,3,67301,1,,1,1,,N,N,,0,,0,0,1,3,2,,9999,1,2,0,0,0,0,0,3,4,0,2,3,,N,,,,,,,,,,,
2007089901,1750.0,1,0,0,0,0,0,0,0,0,7,0,,67,8,2007,5,39.9971,-75.2354,1750.0,6,0,0,0,0,0,0,0,0,,0,0,0,17,1,0,0,,0,39 59:49.485,,7,75 14:07.325,0,0,0,0,67301,0,0,0,N,0,0,0,1,46104,0,,6,1,,N,N,,0,,0,0,0,0,0,,1745,0,1,0,0,0,0,0,3,4,0,1,3,,N,,,,,,,,,,,
2007091861,1620.0,1,0,0,1,0,0,0,0,0,4,0,,67,7,2007,5,39.9379,-75.1667,1618.0,6,0,0,0,0,0,0,0,0,,0,0,0,16,1,1,1,,0,39 56:16.000,,0,75 10:00.162,4,0,0,0,67301,1,0,0,N,0,0,0,2,67301,1,,1,1,,N,N,,0,,0,0,0,3,2,,1617,1,2,0,0,0,0,1,3,4,0,1,3,,N,,,,,,,,,,,
2007080027,1400.0,1,0,0,0,0,0,0,0,0,4,0,,67,5,2007,5,40.0252,-75.1254,1350.0,6,0,0,0,0,0,1,0,0,,0,0,0,13,1,1,2,,0,40 01:30.000,,0,75 07:31.531,8,0,0,0,67301,0,0,0,N,0,0,0,5,67301,0,,1,1,,N,N,,0,,0,0,1,3,2,,1310,1,2,0,0,1,1,0,3,4,0,2,3,,N,,,,,,,,,,,
2007082205,219.0,1,0,0,0,0,0,0,0,0,8,0,,67,5,2007,6,39.9545,-75.1664,217.0,6,0,0,0,0,0,0,0,0,,0,0,0,2,3,2,0,,0,39 57:16.000,,0,75 09:59.190,2,0,0,0,67301,2,0,2,,2,0,2,3,67301,0,,3,1,,,N,,0,,0,2,0,0,0,,217,2,3,0,0,0,0,0,3,4,0,1,3,,N,,,,,,,,,,,
2007082505,728.0,1,0,0,0,0,0,0,0,0,4,0,,67,5,2007,6,39.9582,-75.2355,725.0,6,0,0,0,0,0,0,0,0,3.0,0,0,0,7,1,2,2,,2,39 57:29.000,4.0,0,75 14:07.850,4,0,0,0,67301,0,0,0,N,0,0,0,2,67301,2,,1,1,,N,N,,1,,0,0,0,9,2,Y,715,2,2,0,0,0,0,0,3,4,0,2,3,,N,,,,,,,,,,,
2007080203,833.0,3,0,0,0,0,0,0,0,0,7,0,,67,6,2007,1,39.9603,-75.1969,833.0,6,0,0,0,0,0,1,0,0,,0,0,0,8,1,1,1,,0,39 57:37.000,,0,75 11:49.177,8,0,0,0,67301,0,0,0,N,0,0,0,1,67301,0,,2,1,,,,,0,,0,0,1,3,2,,829,1,4,0,0,0,1,0,3,4,0,4,3,,N,,,,,,,,,,,
2007081846,1615.0,1,0,0,0,0,0,0,0,0,8,0,,67,5,2007,2,40.0574,-75.1657,1558.0,6,0,0,0,0,0,0,0,0,,0,0,0,15,1,2,0,,0,40 03:26.800,,0,75 09:56.500,4,0,0,0,67301,3,0,0,N,3,0,0,4,67301,2,,4,1,,N,N,,0,,0,0,0,0,0,,1538,2,4,0,0,0,0,0,3,4,0,1,3,,N,,,,,,,,,,,
2007081857,524.0,2,0,0,0,0,0,0,0,0,2,0,,67,6,2007,7,40.0383,-75.0416,519.0,6,0,0,0,0,0,0,0,0,,0,0,0,5,1,1,0,,0,40 02:17.808,,0,75 02:29.709,8,0,0,0,67301,0,0,0,,0,0,0,2,67301,0,,1,1,,,,,0,,0,0,0,0,0,,500,1,2,0,0,0,1,1,3,4,0,2,3,,N,,,,,,,,,,,
2007057964,243.0,1,0,0,0,0,0,0,0,0,7,0,,67,4,2007,7,40.0794,-75.0409,240.0,6,0,0,0,0,0,0,0,0,,0,0,0,2,3,0,0,,0,40 04:45.710,,0,75 02:27.272,0,0,0,0,67301,0,0,0,N,0,0,0,1,67301,0,,5,1,,N,N,,0,,0,0,0,0,0,,237,0,1,0,0,0,0,0,3,4,0,1,3,,N,,,,,,,,,,,
2007051284,1820.0,1,0,0,0,0,0,0,0,0,8,0,,67,3,2007,5,39.9642,-75.2219,1813.0,6,0,0,0,0,0,0,0,0,,0,0,0,18,3,1,1,,0,39 57:50.000,,0,75 13:17.133,3,0,0,0,67301,1,0,0,,1,0,0,2,67301,0,,1,1,,N,N,,0,,1,0,0,0,0,,1807,1,2,0,0,0,0,0,3,4,0,1,3,,N,,,,,,,,,,,
2007051287,851.0,1,0,0,0,0,0,0,0,0,7,0,,67,1,2007,5,40.0991,-75.0455,846.0,6,0,0,0,0,0,0,1,0,,0,0,0,8,1,1,0,,0,40 05:56.851,,0,75 02:43.826,4,0,0,0,67301,0,0,0,N,0,0,0,1,67301,1,,4,1,,N,N,,0,,0,0,0,0,0,,844,1,1,0,0,0,0,0,3,4,0,1,3,,N,,,,,,,,,,,
2007048928,1620.0,1,0,0,0,0,0,0,0,0,4,0,,67,2,2007,7,40.0356,-75.1383,1615.0,6,0,0,0,1,0,0,0,0,,0,0,0,16,1,1,5,,0,40 02:08.293,,0,75 08:17.987,8,0,0,0,67301,0,0,0,N,0,0,0,2,67301,0,,1,1,,N,N,,0,,0,0,1,3,2,,1601,1,2,0,0,0,1,0,3,4,0,2,3,,N,,,,,,,,,,,
2007049014,2220.0,1,0,0,0,0,0,0,0,0,7,0,,67,1,2007,5,39.9625,-75.2162,2220.0,6,0,0,0,0,0,0,0,0,,0,0,0,22,3,1,1,,0,39 57:44.000,,0,75 12:56.902,2,0,0,0,67301,0,0,0,N,0,0,0,2,67301,0,,5,9,,N,N,,0,,0,1,0,3,2,,2215,1,1,0,1,2,0,0,3,4,0,1,10,,N,,,,,,,,,,,
2007049068,2105.0,1,0,0,0,0,0,0,0,0,7,0,,67,2,2007,4,40.0199,-75.1607,2102.0,6,0,0,0,0,0,0,0,0,,0,0,0,21,3,1,0,,0,40 01:11.000,,0,75 09:38.404,4,0,0,0,67301,0,0,0,N,0,0,0,1,67301,1,,5,1,,N,N,,0,,0,0,0,0,0,,2101,1,1,0,0,0,0,0,3,4,0,1,3,,N,,,,,,,,,,,
2007041762,2155.0,0,0,0,0,0,0,0,0,0,0,0,,67,1,2007,3,40.0054,-75.1054,2146.0,6,0,0,0,0,0,0,0,0,3.0,1,0,0,21,3,0,0,,2,40 00:19.371,5.0,0,75 06:19.297,1,0,0,0,67301,0,0,0,N,0,0,0,2,67301,0,2.0,1,9,,N,N,,1,0.0,0,0,0,0,0,Y,2146,0,1,1,0,1,0,0,3,4,0,1,10,,N,,,,,,,,,,,
2007080965,1222.0,0,0,0,0,0,0,0,0,0,8,0,,67,5,2007,7,40.0331,-75.0888,1222.0,6,0,0,0,0,0,0,0,0,,0,0,0,12,1,1,1,,0,40 01:59.080,,0,75 05:19.604,8,0,0,0,67301,1,0,0,N,1,0,0,2,67301,0,,1,1,,N,N,,0,,0,0,1,0,0,,1222,1,2,0,0,0,1,1,3,4,0,1,3,,N,,,,,,,,,,,
2007081001,2151.0,1,0,0,0,0,0,0,0,0,8,0,,67,4,2007,3,39.9697,-75.2485,2148.0,6,0,0,0,0,0,0,0,0,3.0,0,0,0,99,3,1,0,,2,39 58:10.851,2.0,0,75 14:54.445,2,0,0,0,67301,1,0,1,N,1,0,1,2,67301,0,,1,1,,N,N,,0,,0,1,0,0,0,Y,9999,1,2,0,0,0,0,0,3,4,0,1,3,,N,,,,,,,,,,,
2007081036,1120.0,1,0,0,0,0,0,0,0,0,4,0,,67,5,2007,4,39.9573,-75.2479,1115.0,6,0,0,0,0,0,0,0,0,,0,0,0,11,1,2,1,,0,39 57:26.000,,0,75 14:52.348,4,0,0,0,67301,0,0,0,N,0,0,0,3,67301,1,,1,1,,N,N,,0,,0,0,1,0,0,,1110,2,2,0,0,0,1,0,3,4,0,2,3,,N,,,,,,,,,,,
2007120238,312.0,1,0,0,0,0,0,0,0,0,1,0,,67,10,2007,7,40.0088,-75.0687,304.0,6,0,0,0,0,0,0,0,0,1.0,0,0,0,3,3,1,0,,1,40 00:30.000,1.0,0,75 04:12.350,4,0,0,0,67301,0,0,0,Y,0,0,0,3,67301,1,,1,1,,N,N,,0,,0,0,0,0,0,N,300,1,2,0,0,1,0,1,3,4,0,2,3,,N,,,,,,,,,,,
2007120239,2350.0,2,0,0,0,0,0,0,0,0,6,0,,67,10,2007,6,40.1291,-75.0247,2344.0,6,0,0,0,0,0,0,0,0,,0,0,0,23,3,2,0,,0,40 07:44.695,,0,75 01:28.956,3,0,0,0,67301,0,0,0,,0,0,0,2,67301,1,,1,9,,N,N,,0,,1,0,0,0,0,,2336,2,2,0,0,0,0,0,3,4,0,2,7,,N,,,,,,,,,,,
2007081041,813.0,4,0,0,0,0,0,0,0,0,5,0,,67,5,2007,3,39.9615,-75.1507,810.0,6,0,0,0,0,0,0,1,0,,0,0,0,8,1,1,0,,0,39 57:41.000,,0,75 09:02.556,8,0,0,0,67301,0,0,0,N,0,0,0,2,67301,0,,1,1,,N,N,,0,,0,0,0,0,0,,800,1,4,0,0,2,1,0,3,4,0,4,3,,N,,,,,,,,,,,
2007081060,1555.0,2,0,0,0,0,0,0,0,0,4,0,,67,6,2007,6,39.9811,-75.2428,1550.0,6,0,0,0,0,0,0,1,0,,0,0,0,15,1,4,1,,0,39 58:51.848,,0,75 14:34.202,4,0,0,0,67301,0,0,0,N,0,0,0,4,67301,4,,1,1,,N,N,,0,,0,0,0,3,2,,1550,4,2,0,0,0,0,0,3,4,0,2,3,,N,,,,,,,,,,,
2007081161,2350.0,3,0,0,0,0,0,0,0,0,4,0,,67,5,2007,4,40.0351,-75.0695,2347.0,6,0,0,0,0,0,1,0,0,1.0,0,0,0,23,3,0,2,,1,40 02:06.000,1.0,0,75 04:10.217,0,0,0,0,67301,0,0,0,N,0,0,0,4,67301,0,,1,1,,N,N,,0,,0,0,0,3,2,N,2345,0,3,0,0,0,0,0,3,4,0,3,3,,N,,,,,,,,,,,
2007120104,1229.0,2,0,0,0,0,0,0,0,0,1,0,,67,10,2007,7,39.9353,-75.1859,1228.0,6,0,0,0,1,0,0,0,0,,0,0,0,12,1,1,1,,0,39 56:06.914,,0,75 11:09.185,3,0,0,0,67301,0,0,0,N,0,0,0,11,67301,0,,1,1,,N,N,,0,,1,0,0,0,0,,1227,1,3,0,0,0,0,0,3,4,1,3,3,,N,,,,,,,,,,,
2007081124,220.0,2,0,0,0,0,0,0,0,0,4,0,,67,5,2007,2,39.9624,-75.1615,218.0,6,0,0,0,0,0,1,0,0,3.0,0,0,0,2,3,3,1,,2,39 57:44.000,3.0,0,75 09:40.777,3,0,0,0,67301,0,0,0,N,0,0,0,3,67301,1,,1,1,,N,N,,0,,2,0,0,3,2,Y,218,3,2,0,0,0,0,0,3,4,0,2,3,,N,,,,,,,,,,,
2007081131,1725.0,1,0,0,0,0,0,0,0,0,2,0,,67,5,2007,1,40.0276,-75.1471,1718.0,6,0,0,0,0,0,0,0,0,,0,0,0,15,1,1,1,,0,40 01:39.360,,0,75 08:49.560,4,0,0,0,67301,0,0,0,N,0,0,0,4,67301,1,,1,1,,N,N,,0,,0,0,0,1,2,,1530,1,2,0,0,0,0,0,3,4,1,2,3,,N,,,,,,,,,,,
2007081141,1417.0,2,0,0,0,0,0,0,0,0,4,0,,67,6,2007,6,39.9562,-75.1941,1406.0,6,0,0,0,0,0,0,0,0,3.0,0,0,0,14,1,3,1,,2,39 57:22.000,7.0,0,75 11:38.799,3,0,0,0,67301,1,0,0,N,1,0,0,6,67301,2,,1,1,,N,N,,0,,1,0,0,3,2,Y,1400,3,3,0,0,1,0,2,3,4,0,2,3,,N,,,,,,,,,,,
2007081145,1541.0,0,0,0,0,0,0,0,0,0,8,0,,67,3,2007,2,40.0076,-75.1273,1540.0,6,0,0,0,0,0,0,0,0,,0,1,0,15,1,2,1,,0,40 00:27.000,,0,75 07:38.377,4,0,0,0,67301,2,0,0,N,2,0,0,3,67301,2,,3,1,,N,N,,0,,0,0,0,0,0,,1540,2,3,0,0,0,0,1,3,4,0,1,3,,N,,,,,,,,,,,
2007120207,1730.0,1,0,0,1,0,0,0,0,0,4,0,,67,10,2007,1,40.0155,-75.2087,1721.0,6,0,0,0,0,0,1,0,0,,0,0,0,17,1,1,0,,0,40 00:55.000,,0,75 12:31.008,8,0,0,0,67301,1,0,0,N,0,0,0,2,67301,0,,2,1,,N,N,,0,,0,0,0,0,0,,1700,1,2,0,0,0,1,0,3,4,0,1,3,,N,,,,,,,,,,,
2007066554,930.0,2,0,0,0,0,0,0,0,0,1,0,,67,4,2007,1,39.9967,-75.1539,9999.0,6,0,0,0,0,0,0,1,0,,0,0,0,99,3,2,0,,0,39 59:48.000,,0,75 09:13.893,8,0,0,0,67301,0,0,0,,0,0,0,3,67301,0,,1,1,,,,,0,,0,0,0,9,2,,9999,2,2,0,0,0,2,0,3,4,0,2,3,,N,,,,,,,,,,,
2007079924,1700.0,1,0,0,1,0,0,0,0,0,4,0,,67,6,2007,6,40.0713,-75.1545,1651.0,6,0,0,0,0,0,0,0,0,,0,0,0,16,1,1,2,,0,40 04:16.695,,0,75 09:16.031,3,0,0,0,67301,1,0,0,,0,0,0,2,67301,0,,1,1,,N,,,0,,1,0,0,3,2,,1651,1,2,0,0,0,0,0,3,4,0,1,3,,N,,,,,,,,,,,
2007079954,11.0,3,0,0,0,0,0,0,0,0,5,0,,67,6,2007,7,40.0424,-75.0658,10.0,6,0,0,0,0,0,0,0,0,,0,0,0,23,3,0,0,,0,40 02:32.748,,0,75 03:56.725,0,0,0,0,67301,0,0,0,,0,0,0,1,67301,0,,1,1,,,,,0,,0,0,0,0,0,,2345,0,3,0,0,1,0,0,3,4,0,3,3,,N,,,,,,,,,,,
2007080108,1825.0,1,0,0,0,0,0,0,0,0,2,0,,67,6,2007,3,39.9113,-75.2427,1825.0,6,0,0,0,0,0,1,0,0,3.0,0,1,0,18,1,5,0,,2,39 54:42.480,7.0,0,75 14:34.080,2,0,0,1,67301,0,0,0,N,0,0,0,7,67301,3,,1,1,,N,N,,0,,1,1,1,0,0,Y,1825,5,5,0,1,1,0,0,3,4,1,5,3,,N,,,,,,,,,,,
2007080415,1530.0,1,0,0,1,0,0,0,0,0,4,0,,67,6,2007,4,39.9542,-75.2313,1530.0,6,0,0,0,0,0,0,0,0,,0,0,0,15,1,1,2,,0,39 57:14.990,,0,75 13:52.640,4,0,0,0,67301,1,0,0,N,0,0,0,2,67301,1,,1,9,,N,N,,0,,0,0,0,0,0,,1527,1,2,0,0,1,0,0,3,4,0,1,3,,N,,,,,,,,,,,
2007116264,1020.0,1,0,0,0,0,0,0,0,0,1,0,,67,10,2007,1,40.0746,-75.0351,1018.0,6,0,0,0,0,0,0,0,0,,0,0,0,99,1,1,1,,0,40 04:28.000,,0,75 02:06.268,8,0,0,0,67301,0,0,0,N,0,0,0,3,67301,0,,1,1,,N,N,,0,,0,0,1,3,2,,9999,1,2,0,0,0,1,0,3,4,0,2,3,,N,,,,,,,,,,,
2007080123,9999.0,1,0,0,0,0,0,0,0,0,8,0,,67,6,2007,5,39.992,-75.0857,908.0,6,0,0,0,0,0,0,0,0,,0,0,0,8,1,1,0,,0,39 59:31.171,,0,75 05:08.460,4,0,0,0,67301,1,0,0,N,1,0,0,2,67301,1,,1,1,,N,N,,0,,0,0,0,0,0,,850,1,2,0,0,0,0,0,3,4,0,1,3,,N,,,,,,,,,,,
2007080139,910.0,0,0,0,0,0,0,0,0,0,4,0,,67,6,2007,6,40.0149,-75.1345,900.0,6,0,0,0,0,0,1,0,0,,0,0,0,8,1,1,0,,0,40 00:53.743,,0,75 08:04.077,4,0,0,0,67301,0,0,0,N,0,0,0,2,67301,1,,1,1,,N,Y,,1,,0,0,0,0,0,,855,1,2,0,0,0,0,0,3,4,1,2,3,,N,,,,,,,,,,,
2007124662,720.0,0,0,0,0,0,0,0,0,0,4,0,,67,11,2007,5,40.0707,-75.2412,725.0,6,0,0,0,0,0,0,0,0,,0,0,0,7,1,0,1,,0,40 04:15.000,,0,75 14:28.628,0,0,0,0,67301,0,0,0,,0,0,0,2,67301,0,,1,1,,N,N,,0,,0,0,1,0,0,,720,0,2,0,0,0,0,0,3,4,1,2,3,,N,,,,,,,,,,,
2007123908,729.0,3,0,0,0,0,0,0,0,0,1,0,,67,10,2007,5,39.9804,-75.1179,728.0,6,0,0,0,0,0,1,0,0,,0,0,0,7,1,1,1,,0,39 58:53.000,,0,75 07:02.419,4,0,0,0,67301,0,0,0,N,0,0,0,3,67301,1,,1,1,,N,N,,0,,0,0,0,3,2,,705,1,3,0,0,0,0,1,3,4,0,3,3,,N,,,,,,,,,,,
2007124143,447.0,1,0,0,0,0,0,1,0,0,1,1,,67,11,2007,7,39.9704,-75.1358,445.0,6,0,0,0,0,0,0,0,0,,0,0,0,4,3,1,1,,0,39 58:13.263,,0,75 08:08.843,3,0,0,0,67301,0,0,0,N,0,0,0,2,67301,0,,1,1,,N,N,,0,,1,0,0,3,3,,445,1,2,0,0,1,0,0,3,4,0,2,3,,N,,,,,,,,,,,
2007124151,1008.0,1,0,0,0,0,0,0,0,0,5,0,,67,11,2007,2,39.9804,-75.1179,942.0,6,0,0,0,0,0,0,0,0,,0,0,0,9,1,1,1,,0,39 58:53.000,,0,75 07:02.419,4,0,0,0,67301,0,0,0,N,0,0,0,2,67301,1,,1,1,,N,N,,0,,0,0,0,3,2,,930,1,2,0,0,0,0,0,3,4,1,2,3,,N,,,,,,,,,,,
2007068129,2155.0,1,0,0,0,0,0,0,0,0,8,0,,67,5,2007,7,40.0445,-75.1236,2153.0,6,0,0,0,0,0,1,0,0,,0,0,0,99,3,1,1,,0,40 02:40.092,,0,75 07:25.089,8,0,0,0,67301,1,0,0,N,1,0,0,2,67301,0,,1,1,,N,N,,0,,0,0,0,3,3,,9999,1,2,0,0,0,1,1,3,4,0,1,3,,N,,,,,,,,,,,