CRN,ARRIVAL_TM,AUTOMOBILE_COUNT,BELTED_DEATH_COUNT,BELTED_SUSP_SERIOUS_INJ_COUNT,BICYCLE_COUNT,BICYCLE_DEATH_COUNT,BICYCLE_SUSP_SERIOUS_INJ_COUNT,BUS_COUNT,CHLDPAS_DEATH_COUNT,CHLDPAS_SUSP_SERIOUS_INJ_COUNT,COLLISION_TYPE,COMM_VEH_COUNT,CONS_ZONE_SPD_LIM,COUNTY,CRASH_MONTH,CRASH_YEAR,DAY_OF_WEEK,DEC_LAT,DEC_LONG,DISPATCH_TM,DISTRICT,DRIVER_COUNT_16YR,DRIVER_COUNT_17YR,DRIVER_COUNT_18YR,DRIVER_COUNT_19YR,DRIVER_COUNT_20YR,DRIVER_COUNT_50_64YR,DRIVER_COUNT_65_74YR,DRIVER_COUNT_75PLUS,EST_HRS_CLOSED,FATAL_COUNT,HEAVY_TRUCK_COUNT,HORSE_BUGGY_COUNT,HOUR_OF_DAY,ILLUMINATION,INJURY_COUNT,INTERSECT_TYPE,INTERSECTION_RELATED,LANE_CLOSED,LATITUDE,LN_CLOSE_DIR,LOCATION_TYPE,LONGITUDE,MAX_SEVERITY_LEVEL,MCYCLE_DEATH_COUNT,MCYCLE_SUSP_SERIOUS_INJ_COUNT,MOTORCYCLE_COUNT,MUNICIPALITY,NONMOTR_COUNT,NONMOTR_DEATH_COUNT,NONMOTR_SUSP_SERIOUS_INJ_COUNT,NTFY_HIWY_MAINT,PED_COUNT,PED_DEATH_COUNT,PED_SUSP_SERIOUS_INJ_COUNT,PERSON_COUNT,POLICE_AGCY,POSSIBLE_INJ_COUNT,RDWY_SURF_TYPE_CD,RELATION_TO_ROAD,ROAD_CONDITION,ROADWAY_CLEARED,SCH_BUS_IND,SCH_ZONE_IND,SECONDARY_CRASH,SMALL_TRUCK_COUNT,SPEC_JURIS_CD,SUSP_MINOR_INJ_COUNT,SUSP_SERIOUS_INJ_COUNT,SUV_COUNT,TCD_FUNC_CD,TCD_TYPE,TFC_DETOUR_IND,TIME_OF_DAY,TOT_INJ_COUNT,TOTAL_UNITS,UNB_DEATH_COUNT,UNB_SUSP_SERIOUS_INJ_COUNT,UNBELTED_OCC_COUNT,UNK_INJ_DEG_COUNT,UNK_INJ_PER_COUNT,URBAN_AREA,URBAN_RURAL,VAN_COUNT,VEHICLE_COUNT,WEATHER1,WEATHER2,WORK_ZONE_IND,WORK_ZONE_LOC,WORK_ZONE_TYPE,WORKERS_PRES,WZ_CLOSE_DETOUR,WZ_FLAGGER,WZ_LAW_OFFCR_IND,WZ_LN_CLOSURE,WZ_MOVING,WZ_OTHER,WZ_SHLDER_MDN,WZ_WORKERS_INJ_KILLED
2007065661,2002.0,1,0,0,0,0,0,0,0,0,8,0,,67,4,2007,7,39.9291,-75.2205,1957.0,6,0,0,0,0,0,0,0,0,,0,0,0,19,3,1,1,,0,39 55:44.000,,0,75 13:13.928,3,0,0,0,67301,1,0,0,N,1,0,0,2,67301,0,,1,1,,N,N,,0,,1,0,0,0,0,,1955,1,2,0,0,0,0,0,3,4,0,1,3,,N,,,,,,,,,,,
2007106012,105.0,1,0,0,0,0,0,0,0,0,7,0,,67,8,2007,2,39.9041,-75.2405,100.0,6,1,0,0,0,0,0,0,0,,0,0,0,1,3,1,0,,0,39 54:14.816,,0,75 14:25.813,8,0,0,0,67301,0,0,0,N,0,0,0,1,67301,0,,4,9,,N,N,,1,,0,0,0,0,0,,100,1,2,0,0,0,1,0,3,4,0,2,7,,N,,,,,,,,,,,
2007106133,9999.0,2,0,0,0,0,0,0,0,0,4,0,,67,7,2007,7,40.0416,-75.1442,9999.0,6,0,0,0,0,0,0,0,0,,0,0,0,23,3,3,0,,0,40 02:29.000,,0,75 08:39.055,4,0,0,0,67301,0,0,0,N,0,0,0,3,67301,3,,3,1,,N,N,,0,,0,0,0,0,0,,2357,3,2,0,0,0,0,0,3,4,0,2,3,,N,,,,,,,,,,,
2007106056,1825.0,2,0,0,0,0,0,0,0,0,2,0,,67,8,2007,2,39.9544,-75.1714,1820.0,6,0,0,0,0,0,2,0,0,,0,0,0,18,4,0,1,,0,39 57:15.789,,0,75 10:16.899,0,0,0,0,67301,0,0,0,N,0,0,0,2,67301,0,,1,1,,N,N,,0,,0,0,0,3,2,,1820,0,2,0,0,0,0,0,3,4,0,2,3,,N,,,,,,,,,,,
2007106091,2015.0,1,0,0,0,0,0,0,0,0,1,0,,67,8,2007,4,40.0262,-75.1173,2010.0,6,0,0,0,0,0,0,0,0,1.0,0,0,0,20,3,1,1,,2,40 01:34.000,3.0,0,75 07:01.776,3,0,0,0,67301,0,0,0,N,0,0,0,2,67301,0,,1,1,,N,N,,0,,1,0,0,3,2,Y,2010,1,2,0,0,0,0,0,3,4,0,2,3,,N,,,,,,,,,,,
2007098607,2135.0,1,0,0,1,0,0,0,0,0,1,0,,67,8,2007,3,40.0415,-75.1584,2131.0,6,0,0,0,0,0,1,0,0,,0,0,0,21,3,1,1,,0,40 02:29.000,,0,75 09:30.119,4,0,0,0,67301,1,0,0,N,0,0,0,2,67301,1,,1,9,,N,N,,0,,0,0,0,3,2,,2130,1,2,0,0,0,0,0,3,4,0,1,3,,N,,,,,,,,,,,
2007098762,1120.0,1,0,0,0,0,0,0,0,0,2,0,,67,8,2007,6,40.0195,-75.1082,1119.0,6,0,0,0,0,0,1,0,0,,0,0,0,11,1,1,0,,0,40 01:10.279,,0,75 06:29.631,4,0,0,0,67301,0,0,0,N,0,0,0,2,67301,1,,1,1,,N,N,,1,,0,0,0,0,0,,1117,1,2,0,0,2,0,0,3,4,0,2,3,,N,,,,,,,,,,,
2007098678,2220.0,1,0,0,0,0,0,0,0,0,8,0,,67,7,2007,1,,,2215.0,6,0,0,0,0,0,0,0,0,,0,0,0,22,3,1,0,,0,,,0,,8,0,0,0,67301,1,0,0,N,1,0,0,3,67301,0,,4,1,,N,N,,0,,0,0,0,0,0,,2215,1,2,0,0,0,1,0,3,3,0,1,3,,N,,,,,,,,,,,
2007120414,33.0,1,0,0,0,0,0,0,0,0,7,0,,67,10,2007,7,39.983,-75.2081,33.0,6,0,0,0,0,0,0,0,0,,0,0,0,0,3,0,0,,0,39 59:02.000,,0,75 12:29.985,0,0,0,0,67301,0,0,0,N,0,0,0,1,68K01,0,,2,9,,N,N,,0,,0,0,0,0,0,,31,0,1,0,0,0,0,0,3,4,0,1,7,,N,,,,,,,,,,,
2007086532,2344.0,2,0,0,0,0,0,0,0,0,1,0,,67,7,2007,2,39.9417,-75.1943,2340.0,6,0,0,0,0,0,0,0,0,2.0,0,0,0,23,3,1,0,,2,39 56:37.000,4.0,0,75 11:32.234,3,0,0,0,67301,0,0,0,N,0,0,0,2,68K01,0,,1,1,,N,N,,0,,1,0,0,0,0,N,2337,1,2,0,0,0,0,0,3,4,0,2,3,,N,,,,,,,,,,,
2007081636,1605.0,1,0,0,0,0,0,0,0,0,8,0,,67,5,2007,1,40.0948,-74.9784,1600.0,6,0,0,0,0,0,0,0,0,,0,0,0,16,1,1,0,,0,40 05:41.000,,0,74 58:42.231,8,0,0,0,67301,1,0,0,N,1,0,0,2,67301,0,,2,1,,N,N,,0,,0,0,0,0,0,,1600,1,2,0,0,0,1,0,3,4,0,1,3,,N,,,,,,,,,,,
2007081673,1830.0,2,0,0,0,0,0,0,0,0,5,0,,67,6,2007,1,39.9434,-75.2323,1821.0,6,0,0,1,0,0,1,0,0,,0,0,0,99,1,0,1,,0,39 56:36.000,,0,75 13:56.344,0,0,0,0,67301,0,0,0,N,0,0,0,2,67301,0,,1,9,,N,N,,0,,0,0,0,3,2,,9999,0,2,0,0,0,0,0,3,4,0,2,7,,N,,,,,,,,,,,
2007120320,1535.0,1,0,0,0,0,0,0,0,0,2,0,,67,9,2007,5,39.9169,-75.2163,1530.0,6,0,0,0,0,1,0,0,0,3.0,0,0,0,99,1,2,0,,2,39 55:03.000,6.0,0,75 12:45.131,2,0,0,0,67301,0,0,0,,0,0,0,3,67301,0,,1,1,,N,,,0,,0,1,1,0,0,Y,9999,2,3,0,0,0,1,1,3,4,0,3,3,,N,,,,,,,,,,,
2007081313,2047.0,2,0,0,0,0,0,0,0,0,1,0,,67,6,2007,7,40.0322,-75.0843,2044.0,6,0,0,0,0,0,0,0,0,,0,0,0,20,3,3,5,,0,40 01:55.785,,0,75 05:03.553,4,0,0,0,67301,0,0,0,,0,0,0,5,67301,3,,1,1,,N,N,,0,,0,0,0,0,0,,2030,3,2,0,0,0,0,2,3,4,0,2,3,,N,,,,,,,,,,,
2007081766,1310.0,0,0,0,0,0,0,0,0,0,8,0,,67,7,2007,5,40.0187,-75.1152,1301.0,6,0,0,0,0,0,0,0,0,,0,0,0,12,1,1,5,,0,40 01:07.000,,0,75 06:54.890,8,0,0,0,67301,1,0,0,N,1,0,0,2,67301,0,,9,9,,N,N,,0,,0,0,0,3,2,,1255,1,2,0,0,0,1,0,3,4,0,1,3,,N,,,,,,,,,,,
2007081778,51.0,2,0,0,0,0,0,0,0,0,1,0,,67,6,2007,3,40.0666,-75.0511,49.0,6,0,0,0,0,0,0,0,0,,0,0,0,0,3,2,1,,0,40 03:59.000,,0,75 03:04.085,4,0,0,0,67301,0,0,0,N,0,0,0,3,67301,1,,1,1,,N,N,,0,,0,0,0,3,2,,49,2,2,0,0,1,1,0,3,4,0,2,3,,N,,,,,,,,,,,
2007126529,2107.0,0,0,0,0,0,0,0,0,0,7,0,,67,10,2007,2,40.0331,-75.0207,2102.0,6,0,0,0,0,1,0,0,0,1.0,0,0,0,21,3,1,0,,1,40 01:57.000,2.0,0,75 01:15.865,8,0,0,0,67301,0,0,0,,0,0,0,1,67301,0,,1,1,,,,,0,,0,0,1,0,0,N,2100,1,1,0,0,0,1,0,3,4,0,1,3,,N,,,,,,,,,,,
2007107560,2015.0,2,0,0,0,0,0,0,0,0,1,0,,67,9,2007,3,39.9594,-75.2453,2010.0,6,0,0,0,0,1,0,0,0,,0,0,0,19,3,1,1,,0,39 57:33.000,,0,75 14:43.234,8,0,0,0,67301,0,0,0,,0,0,0,2,67301,0,,1,1,,,,,0,,0,0,0,0,0,,1930,1,2,0,0,0,1,0,3,4,0,2,3,,N,,,,,,,,,,,
2007110445,650.0,2,0,0,0,0,0,0,0,0,5,0,,67,9,2007,1,39.9292,-75.1552,645.0,6,0,0,0,0,0,0,0,0,,0,0,0,6,5,1,2,,0,39 55:45.116,,0,75 09:18.644,4,0,0,0,67301,0,0,0,N,0,0,0,1,67301,1,,1,1,,N,N,,0,,0,0,0,9,3,,644,1,3,0,0,0,0,0,3,4,1,3,3,,N,,,,,,,,,,,
2007107966,615.0,0,0,0,0,0,0,0,0,0,7,0,,67,9,2007,1,40.0238,-75.0319,609.0,6,0,0,0,0,0,0,0,0,1.0,0,0,0,6,5,0,0,,1,40 01:25.761,1.0,99,75 01:55.441,0,0,0,0,67301,0,0,0,N,0,0,0,1,67301,0,,2,1,,N,N,,1,,0,0,0,0,0,N,609,0,1,0,0,0,0,0,3,4,0,1,3,,N,,,,,,,,,,,
2007110476,1601.0,0,0,0,0,0,0,0,0,0,8,0,,67,9,2007,5,39.9412,-75.1694,1559.0,6,0,0,0,0,0,0,0,0,,0,0,0,10,1,1,1,,0,39 56:28.345,,0,75 10:09.742,8,0,0,0,67301,1,0,0,,1,0,0,2,67301,0,,1,1,,,,,1,,0,0,0,9,3,,1030,1,2,0,0,0,1,1,3,4,0,1,3,,N,,,,,,,,,,,
2007105909,809.0,1,0,0,0,0,0,0,0,0,1,0,,67,8,2007,4,40.0475,-75.1124,801.0,6,0,0,0,0,0,0,0,0,,0,0,0,8,1,3,3,,0,40 02:51.000,,0,75 06:44.610,4,0,0,0,67301,0,0,0,N,0,0,0,4,67301,3,,1,9,,N,N,,0,,0,0,1,3,2,,800,3,2,0,0,0,0,0,3,4,0,2,3,,N,,,,,,,,,,,
2007097951,1700.0,0,0,0,0,0,0,0,0,0,8,0,,67,7,2007,5,39.964,-75.2424,1652.0,6,0,1,0,0,0,0,0,0,,0,0,0,16,1,1,0,,0,39 57:50.554,,0,75 14:32.490,8,0,0,0,67301,1,0,0,N,1,0,0,2,67301,0,,1,1,,N,N,,1,,0,0,0,0,0,,1652,1,2,0,0,0,1,0,3,4,0,1,3,,N,,,,,,,,,,,
2007093170,642.0,0,0,0,0,0,0,0,0,0,7,0,,67,7,2007,2,39.9877,-75.225,635.0,6,0,0,0,0,0,0,0,0,1.0,0,0,0,6,5,0,3,,1,39 59:15.615,4.0,0,75 13:29.927,9,0,0,0,67301,0,0,0,,0,0,0,1,67301,0,,2,9,,N,N,,0,,0,0,1,0,0,N,635,0,1,0,0,0,0,1,3,4,0,1,7,,N,,,,,,,,,,,
2007093202,1915.0,2,0,0,0,0,0,0,0,0,2,0,,67,6,2007,7,39.9623,-75.2348,1910.0,6,0,0,1,0,0,0,0,0,,0,0,0,19,1,1,0,,0,39 57:44.233,,0,75 14:05.445,4,0,0,0,67301,0,0,0,N,0,0,0,4,67301,1,,1,1,,N,N,,0,,0,0,0,9,3,,1910,1,2,0,0,0,0,0,3,4,0,2,3,,N,,,,,,,,,,,
2007095794,1530.0,1,0,0,0,0,0,1,0,0,1,1,,67,8,2007,5,39.9922,-75.2337,1515.0,6,0,0,0,0,0,0,0,0,,0,0,0,15,1,3,1,,0,39 59:31.862,,0,75 14:01.481,3,0,0,0,67301,0,0,0,N,0,0,0,4,67301,2,,1,9,,N,N,,0,,1,0,0,0,0,,1500,3,2,0,0,0,0,0,3,4,0,2,7,,N,,,,,,,,,,,
2007098298,1010.0,1,0,0,0,0,0,0,0,0,4,0,,67,7,2007,4,39.957,-75.2131,1007.0,6,0,0,0,0,0,0,1,0,,0,0,0,99,1,1,0,,0,39 57:25.000,,0,75 12:47.034,4,0,0,0,67301,0,0,0,N,0,0,0,3,67301,1,,5,1,,N,N,,0,,0,0,0,0,0,,9999,1,2,0,0,1,0,0,3,4,1,2,3,,N,,,,,,,,,,,
2007090799,1131.0,1,0,0,0,0,0,0,0,0,1,1,99.0,67,8,2007,2,39.9074,-75.1425,1124.0,6,0,0,0,0,0,0,0,0,,0,1,0,10,1,0,0,,0,39 54:26.520,,3,75 08:32.858,9,0,0,0,67301,0,0,0,N,0,0,0,2,67501,0,,1,1,,N,N,,0,,0,0,0,3,8,,1015,0,2,0,0,0,0,1,3,4,0,2,3,,Y,8.0,8.0,U,,,U,,,,,
2007116210,504.0,1,0,0,0,0,0,0,0,0,7,0,,67,9,2007,7,40.0044,-75.1874,501.0,6,0,0,0,0,1,0,0,0,,0,0,0,4,3,1,0,,0,40 00:16.000,,0,75 11:14.704,4,0,0,0,67301,0,0,0,N,0,0,0,1,67301,1,,5,1,,N,N,,0,,0,0,0,0,0,,420,1,1,0,0,0,0,0,3,4,0,1,3,,N,,,,,,,,,,,
2007110533,2220.0,1,0,0,0,0,0,0,0,0,4,0,,67,9,2007,3,40.0144,-75.153,2215.0,6,0,0,0,0,0,0,0,0,,0,0,0,22,3,2,1,,0,40 00:51.708,,0,75 09:10.931,4,0,0,0,67301,0,0,0,,0,0,0,3,67301,2,,1,1,,N,N,,1,,0,0,0,3,2,,2200,2,2,0,0,0,0,0,3,4,0,2,3,,N,,,,,,,,,,,
2007113777,1845.0,1,0,0,0,0,0,1,0,0,6,1,,67,9,2007,2,39.941,-75.2151,1833.0,6,0,0,0,0,0,1,0,0,,0,0,0,18,1,2,1,,0,39 56:27.718,,0,75 12:54.489,4,0,0,0,67301,0,0,0,,0,0,0,2,67301,1,,1,1,,N,Y,,0,,0,0,0,3,2,,1804,2,2,0,0,0,1,0,3,4,0,2,3,,N,,,,,,,,,,,
2007105965,1404.0,2,0,0,0,0,0,0,0,0,1,0,,67,7,2007,1,40.0439,-75.2285,1400.0,6,0,0,0,0,0,0,0,0,,0,0,0,14,1,0,2,,0,40 02:37.000,,0,75 13:41.845,0,0,0,0,67301,0,0,0,N,0,0,0,3,67301,0,,1,1,,N,N,,0,,0,0,0,9,2,,1400,0,2,0,0,0,0,0,3,4,0,2,3,,N,,,,,,,,,,,
2007106359,945.0,2,0,0,0,0,0,0,0,0,4,0,,67,7,2007,1,39.9679,-75.2112,942.0,6,0,0,0,0,0,1,1,0,,0,0,0,9,1,1,1,,0,39 58:04.346,,0,75 12:40.460,4,0,0,0,67301,0,0,0,N,0,0,0,2,67301,1,,1,1,,N,N,,0,,0,0,0,3,2,,940,1,2,0,0,0,0,0,3,4,0,2,3,,N,,,,,,,,,,,
2007108860,1035.0,1,0,0,0,0,0,0,0,0,1,0,,67,9,2007,1,40.054,-75.0489,1030.0,6,0,0,0,1,0,0,0,0,,0,0,0,10,1,0,1,,0,40 03:14.000,,0,75 02:56.007,0,0,0,0,67301,0,0,0,N,0,0,0,2,67301,0,,1,1,,N,N,,0,,0,0,1,3,2,,1025,0,2,0,0,0,0,0,3,4,0,2,3,,N,,,,,,,,,,,
2007108869,9999.0,0,0,0,0,0,0,0,0,0,8,0,,67,8,2007,3,39.9938,-75.1477,949.0,6,0,0,0,0,0,0,0,0,,0,0,0,21,3,1,2,,0,39 59:37.579,,0,75 08:51.701,2,0,0,0,67301,1,0,1,,1,0,1,2,67301,0,,1,1,,,,,0,,0,1,0,0,0,,2149,1,2,0,0,0,0,0,3,4,0,1,3,,N,,,,,,,,,,,
2007098710,2052.0,1,0,0,0,0,0,0,0,0,4,0,,67,8,2007,6,40.0467,-75.1429,2046.0,6,0,0,0,0,0,1,0,0,,0,0,0,20,3,2,0,,0,40 02:48.000,,0,75 08:34.605,8,0,0,0,67301,0,0,0,N,0,0,0,5,67301,0,,1,9,,N,N,,0,,0,0,1,0,0,,2040,2,2,0,0,2,2,0,3,4,0,2,7,,N,,,,,,,,,,,
2007098748,1655.0,2,0,0,0,0,0,0,0,0,4,0,,67,8,2007,4,39.9719,-75.1627,1650.0,6,0,0,0,0,0,1,0,0,,0,0,0,16,1,1,1,,0,39 58:18.000,,0,75 09:45.568,8,0,0,0,67301,0,0,0,N,0,0,0,2,67301,0,,1,1,,N,N,,0,,0,0,0,3,2,,1645,1,2,0,0,0,1,0,3,4,0,2,3,,N,,,,,,,,,,,
2007081599,2040.0,1,0,0,0,0,0,0,0,0,8,0,,67,5,2007,7,40.0338,-75.1792,2034.0,6,0,0,0,0,0,0,0,0,,0,0,0,99,3,1,2,,0,40 02:01.507,,0,75 10:45.019,8,0,0,0,67301,1,0,0,N,1,0,0,2,67301,0,,1,9,,N,N,,0,,0,0,0,3,3,,9999,1,2,0,0,0,1,1,3,4,0,1,7,,N,,,,,,,,,,,
2007081626,820.0,1,0,0,0,0,0,0,0,0,4,0,,67,6,2007,5,40.0026,-75.0997,810.0,6,0,0,0,0,0,1,0,0,,0,0,0,8,1,1,1,,0,40 00:09.000,,0,75 05:59.020,4,0,0,0,67301,0,0,0,N,0,0,0,2,67301,1,,1,1,,N,N,,0,,0,0,1,9,2,,805,1,2,0,0,0,0,0,3,4,0,2,3,,N,,,,,,,,,,,
2007081643,957.0,2,0,0,0,0,0,0,0,0,4,0,,67,6,2007,4,39.989,-75.1068,956.0,6,0,0,0,0,0,1,0,0,,0,0,0,9,1,1,1,,0,39 59:20.000,,0,75 06:24.378,4,0,0,0,67301,0,0,0,N,0,0,0,3,67301,1,,3,1,,N,N,,0,,0,0,0,9,3,,930,1,2,0,0,0,0,1,3,4,0,2,3,,N,,,,,,,,,,,
2007120282,2157.0,1,0,0,0,0,0,0,0,0,4,0,,67,10,2007,4,40.0251,-75.033,2154.0,6,0,0,0,0,0,1,0,0,9.0,0,0,0,21,3,1,1,,1,40 01:37.000,7.0,0,75 02:16.921,4,0,0,0,67301,0,0,0,N,0,0,0,2,67301,1,,1,1,,N,N,,0,,0,0,1,3,2,N,2122,1,2,0,0,0,0,0,3,4,0,2,3,,N,,,,,,,,,,,
2007120364,1534.0,1,0,0,0,0,0,0,0,0,4,0,,67,10,2007,2,,,1534.0,6,0,0,0,0,0,0,0,0,,0,0,0,13,1,0,5,,0,,,0,,9,0,0,0,67301,0,0,0,N,0,0,0,3,67301,0,,1,1,,N,N,,0,,0,0,0,3,2,,1345,0,2,0,0,0,0,2,3,3,1,2,3,,N,,,,,,,,,,,
2007081713,950.0,1,0,0,0,0,0,0,0,0,1,0,,67,6,2007,2,40.0364,-75.1306,941.0,6,0,0,0,0,0,0,0,0,,0,0,0,9,1,0,1,,0,40 02:11.000,,0,75 07:50.102,0,0,0,0,67301,0,0,0,N,0,0,0,3,67301,0,,1,1,,N,N,,0,,0,0,0,9,2,,930,0,2,0,0,0,0,0,3,4,1,2,3,,N,,,,,,,,,,,
2007081744,2028.0,1,0,0,0,0,0,0,0,0,5,0,,67,5,2007,5,40.0077,-75.0756,2026.0,6,0,0,0,0,0,1,0,0,,0,0,0,20,3,1,0,,0,40 00:27.000,,0,75 04:32.160,3,0,0,1,67301,0,0,0,N,0,0,0,2,67301,0,,1,1,,N,N,,0,,1,0,0,0,0,,2026,1,2,0,0,0,0,0,3,4,0,2,3,,N,,,,,,,,,,,
2007081777,550.0,1,0,0,0,0,0,0,0,0,7,0,,67,6,2007,2,40.1025,-75.0504,545.0,6,0,0,0,0,0,0,0,0,9.0,0,0,0,5,1,2,2,,1,40 06:09.000,2.0,0,75 03:01.475,4,0,0,0,67301,0,0,0,N,0,0,0,2,67301,2,,2,9,,N,N,,0,,0,0,0,0,0,N,545,2,1,0,0,0,0,0,3,4,0,1,7,,N,,,,,,,,,,,
2007126556,4.0,3,0,0,0,0,0,0,0,0,7,0,,67,10,2007,6,39.9662,-75.1794,2359.0,6,0,1,0,0,0,0,1,0,3.0,0,0,0,23,3,4,0,,2,39 57:58.000,4.0,0,75 10:46.038,2,0,0,0,67301,0,0,0,N,0,0,0,4,67301,0,,2,1,,N,N,,0,,0,1,0,3,2,Y,2355,4,3,0,0,0,3,0,3,4,0,3,3,,N,,,,,,,,,,,
2007107713,1215.0,2,0,0,0,0,0,0,0,0,1,0,,67,10,2007,4,39.9924,-75.2454,1215.0,6,0,0,0,1,0,0,0,0,,0,0,0,12,1,1,0,,0,39 59:33.000,,0,75 14:41.434,4,0,0,0,67301,0,0,0,N,0,0,0,2,46104,1,,1,9,,N,N,,0,,0,0,0,3,2,,1200,1,2,0,0,0,0,0,3,4,0,2,7,,N,,,,,,,,,,,
2007107799,1839.0,1,0,0,0,0,0,0,0,0,4,0,,67,9,2007,7,39.9356,-75.223,1838.0,6,0,0,0,0,0,0,0,0,,0,0,0,18,1,2,1,,0,39 56:07.983,,0,75 13:22.832,8,0,0,0,67301,0,0,0,N,0,0,0,3,67301,0,,1,1,,,,,0,,0,0,1,9,3,,1830,2,2,0,0,0,2,0,3,4,0,2,3,,N,,,,,,,,,,,
2007107819,1630.0,0,0,0,0,0,0,0,0,0,4,0,,67,8,2007,5,40.0038,-75.1397,1615.0,6,0,0,0,0,0,1,0,0,,0,0,0,16,1,1,1,,0,40 00:13.665,,0,75 08:22.783,4,0,0,0,67301,0,0,0,N,0,0,0,2,67301,1,,1,1,,N,N,,0,,0,0,1,3,2,,1600,1,2,0,0,0,0,0,3,4,1,2,3,,N,,,,,,,,,,,
2007103098,18.0,1,0,0,0,0,0,0,0,0,1,0,,67,9,2007,6,39.9648,-75.1851,17.0,6,0,0,0,0,0,0,0,0,,0,0,0,0,3,1,0,,0,39 58:00.000,,0,75 11:15.095,4,0,0,0,67301,0,0,0,N,0,0,0,2,68K01,1,,1,1,,N,N,,0,,0,0,1,0,0,,17,1,2,0,0,1,0,0,3,4,0,2,3,,N,,,,,,,,,,,
2007097793,1731.0,2,0,0,0,0,0,0,0,0,2,0,,67,7,2007,2,39.9635,-75.1645,1722.0,6,0,0,0,0,0,0,0,0,,0,0,0,17,1,0,1,,0,39 57:48.740,,0,75 09:52.246,9,0,0,0,67301,0,0,0,N,0,0,0,4,67301,0,,1,1,,N,N,,0,,0,0,0,9,3,,1715,0,2,0,0,0,0,2,3,4,0,2,3,,N,,,,,,,,,,,
2007097797,1204.0,1,0,0,0,0,0,0,0,0,4,0,,67,7,2007,1,39.9925,-75.1439,1157.0,6,0,0,0,0,0,0,0,1,,0,0,0,11,1,1,1,,0,39 59:33.000,,0,75 08:37.860,4,0,0,0,67301,1,0,0,N,1,0,0,2,67301,1,,1,1,,N,N,,0,,0,0,0,0,0,,1153,1,2,0,0,0,0,1,3,4,0,1,3,,N,,,,,,,,,,,
2007097897,856.0,1,0,0,0,0,0,0,0,0,4,0,,67,8,2007,4,39.9693,-75.2139,851.0,6,0,0,0,0,0,0,0,0,2.0,0,0,0,8,1,1,1,,1,39 58:09.458,4.0,0,75 12:49.863,4,0,0,0,67301,0,0,0,N,0,0,0,2,67301,1,,1,1,,N,N,,1,,0,0,0,3,3,N,845,1,2,0,0,0,0,0,3,4,0,2,3,,N,,,,,,,,,,,
2007097950,2235.0,1,0,0,1,0,0,0,0,0,1,0,,67,7,2007,7,39.9521,-75.2056,2229.0,6,0,0,0,0,0,1,0,0,,0,0,0,22,3,1,1,,0,39 57:07.498,,0,75 12:20.102,8,0,0,0,67301,1,0,0,N,0,0,0,2,67504,0,,1,1,,N,N,,0,,0,0,0,3,2,,2225,1,2,0,0,0,1,0,3,4,0,1,3,,N,,,,,,,,,,,
2007098090,2205.0,1,0,0,1,0,0,0,0,0,4,0,,67,8,2007,7,39.9488,-75.1897,2201.0,6,0,0,0,0,0,0,0,0,,0,0,0,22,3,1,1,,0,39 56:55.836,,0,75 11:23.041,4,0,0,0,67301,1,0,0,N,0,0,0,2,67504,1,,1,1,,N,N,,0,,0,0,0,3,2,,2200,1,2,0,0,0,0,0,3,4,0,1,3,,N,,,,,,,,,,,
2007093360,940.0,1,0,0,0,0,0,0,0,0,1,0,,67,7,2007,3,40.0846,-75.0249,936.0,6,0,0,0,0,0,0,1,0,2.0,0,0,0,9,1,2,2,,2,40 05:04.000,1.0,0,75 01:29.591,8,0,0,0,67301,0,0,0,N,0,0,0,4,67301,0,,1,1,,N,N,,0,,0,0,1,3,2,N,935,2,2,0,0,1,2,0,3,4,0,2,3,,N,,,,,,,,,,,
2007022319,2155.0,1,0,0,0,0,0,0,0,0,8,0,,67,1,2007,1,40.0245,-75.1478,2150.0,6,0,0,0,0,0,1,0,0,,0,0,0,21,3,1,1,,0,40 01:28.000,,0,75 08:52.132,4,0,0,0,67301,1,0,0,N,1,0,0,2,67301,1,,1,9,,N,N,,0,,0,0,0,9,2,,2150,1,2,0,0,0,0,0,3,4,0,1,7,,N,,,,,,,,,,,
2007030091,602.0,1,0,0,0,0,0,0,0,0,1,0,,67,2,2007,7,39.9332,-75.1454,556.0,6,0,0,0,0,0,1,0,0,1.0,0,0,0,5,3,1,0,,2,39 55:59.415,2.0,0,75 08:43.517,3,0,0,0,67301,0,0,0,N,0,0,0,2,67301,0,,1,1,,N,N,,0,,1,0,1,0,0,N,553,1,2,0,0,2,0,0,3,4,0,2,3,,N,,,,,,,,,,,
2007022379,1745.0,0,0,0,0,0,0,0,0,0,8,0,,67,1,2007,6,40.0429,-75.0565,1740.0,6,0,0,0,0,0,1,0,0,,0,0,0,15,1,1,2,,0,40 02:34.000,,0,75 03:23.294,4,0,0,0,67301,1,0,0,,1,0,0,2,67301,1,,1,1,,,,,0,,0,0,1,0,0,,1537,1,2,0,0,0,0,0,3,4,0,1,3,,N,,,,,,,,,,,
2007022503,237.0,2,0,0,0,0,0,0,0,0,4,0,,67,1,2007,1,40.0031,-75.1283,233.0,6,0,1,0,0,0,0,0,0,,0,0,0,2,3,1,1,,0,40 00:11.163,,0,75 07:41.800,4,0,0,0,67301,0,0,0,,0,0,0,6,67301,1,,1,1,,,,,0,,0,0,0,3,2,,200,1,2,0,0,1,0,0,3,4,0,2,3,,N,,,,,,,,,,,