CRN,ARRIVAL_TM,AUTOMOBILE_COUNT,BELTED_DEATH_COUNT,BELTED_SUSP_SERIOUS_INJ_COUNT,BICYCLE_COUNT,BICYCLE_DEATH_COUNT,BICYCLE_SUSP_SERIOUS_INJ_COUNT,BUS_COUNT,CHLDPAS_DEATH_COUNT,CHLDPAS_SUSP_SERIOUS_INJ_COUNT,COLLISION_TYPE,COMM_VEH_COUNT,CONS_ZONE_SPD_LIM,COUNTY,CRASH_MONTH,CRASH_YEAR,DAY_OF_WEEK,DEC_LAT,DEC_LONG,DISPATCH_TM,DISTRICT,DRIVER_COUNT_16YR,DRIVER_COUNT_17YR,DRIVER_COUNT_18YR,DRIVER_COUNT_19YR,DRIVER_COUNT_20YR,DRIVER_COUNT_50_64YR,DRIVER_COUNT_65_74YR,DRIVER_COUNT_75PLUS,EST_HRS_CLOSED,FATAL_COUNT,HEAVY_TRUCK_COUNT,HORSE_BUGGY_COUNT,HOUR_OF_DAY,ILLUMINATION,INJURY_COUNT,INTERSECT_TYPE,INTERSECTION_RELATED,LANE_CLOSED,LATITUDE,LN_CLOSE_DIR,LOCATION_TYPE,LONGITUDE,MAX_SEVERITY_LEVEL,MCYCLE_DEATH_COUNT,MCYCLE_SUSP_SERIOUS_INJ_COUNT,MOTORCYCLE_COUNT,MUNICIPALITY,NONMOTR_COUNT,NONMOTR_DEATH_COUNT,NONMOTR_SUSP_SERIOUS_INJ_COUNT,NTFY_HIWY_MAINT,PED_COUNT,PED_DEATH_COUNT,PED_SUSP_SERIOUS_INJ_COUNT,PERSON_COUNT,POLICE_AGCY,POSSIBLE_INJ_COUNT,RDWY_SURF_TYPE_CD,RELATION_TO_ROAD,ROAD_CONDITION,ROADWAY_CLEARED,SCH_BUS_IND,SCH_ZONE_IND,SECONDARY_CRASH,SMALL_TRUCK_COUNT,SPEC_JURIS_CD,SUSP_MINOR_INJ_COUNT,SUSP_SERIOUS_INJ_COUNT,SUV_COUNT,TCD_FUNC_CD,TCD_TYPE,TFC_DETOUR_IND,TIME_OF_DAY,TOT_INJ_COUNT,TOTAL_UNITS,UNB_DEATH_COUNT,UNB_SUSP_SERIOUS_INJ_COUNT,UNBELTED_OCC_COUNT,UNK_INJ_DEG_COUNT,UNK_INJ_PER_COUNT,URBAN_AREA,URBAN_RURAL,VAN_COUNT,VEHICLE_COUNT,WEATHER1,WEATHER2,WORK_ZONE_IND,WORK_ZONE_LOC,WORK_ZONE_TYPE,WORKERS_PRES,WZ_CLOSE_DETOUR,WZ_FLAGGER,WZ_LAW_OFFCR_IND,WZ_LN_CLOSURE,WZ_MOVING,WZ_OTHER,WZ_SHLDER_MDN,WZ_WORKERS_INJ_KILLED
2007027640,9999.0,0,0,0,0,0,0,0,0,0,8,0,,67,1,2007,3,40.0101,-75.1576,9999.0,6,0,0,0,0,0,0,0,1,,0,0,0,99,1,1,1,,0,40 00:35.000,,0,75 09:21.409,4,0,0,0,67301,1,0,0,,1,0,0,2,67301,1,,4,1,,,,,0,,0,0,0,3,2,,9999,1,2,0,0,1,0,0,3,4,1,1,3,,N,,,,,,,,,,,
2007027646,750.0,2,0,0,0,0,0,0,0,0,2,0,,67,1,2007,5,40.0012,-75.0972,746.0,6,0,0,0,0,0,0,0,0,1.0,0,0,0,7,1,2,2,,2,40 00:04.000,7.0,1,75 05:49.913,3,0,0,0,67301,0,0,0,N,0,0,0,3,67301,0,,1,1,,N,N,,0,,2,0,0,0,0,Y,741,2,2,0,0,0,0,0,3,4,0,2,3,,N,,,,,,,,,,,
2007027661,900.0,3,0,0,0,0,0,0,0,0,6,0,,67,1,2007,3,40.0395,-75.1505,853.0,6,0,0,0,0,0,1,0,0,,0,0,0,8,1,0,0,,0,40 02:22.261,,0,75 09:01.879,0,0,0,0,67301,0,0,0,N,0,0,0,1,67301,0,,1,1,,N,N,,0,,0,0,0,0,0,,850,0,3,0,0,0,0,0,3,4,0,3,3,,N,,,,,,,,,,,
2007027671,947.0,1,0,0,0,0,0,0,0,0,8,0,,67,1,2007,7,40.0296,-75.1264,943.0,6,0,0,0,0,0,0,0,0,,0,0,0,9,1,1,0,,0,40 01:46.650,,0,75 07:34.996,8,0,0,0,67301,1,0,0,N,1,0,0,2,67301,0,,1,9,,N,N,,0,,0,0,0,3,3,,940,1,2,0,0,0,1,0,3,4,0,1,3,,N,,,,,,,,,,,
2007027590,1035.0,0,0,0,0,0,0,0,0,0,8,0,,67,1,2007,2,40.0196,-75.2107,1031.0,6,0,0,0,0,0,0,0,0,,0,0,0,10,1,1,1,,0,40 01:11.000,,0,75 12:38.069,4,0,0,0,67301,1,0,0,N,1,0,0,2,67301,1,,1,9,,N,N,,0,,0,0,1,3,2,,1015,1,2,0,0,0,0,1,3,4,0,1,10,,N,,,,,,,,,,,
2007027763,359.0,4,0,0,0,0,0,0,0,0,1,0,,67,1,2007,7,39.9958,-75.1691,356.0,6,0,0,0,0,0,0,0,0,,0,0,0,3,3,0,1,,0,39 59:44.000,,0,75 10:08.931,0,0,0,0,67301,0,0,0,N,0,0,0,4,67301,0,,1,9,,N,N,,0,,0,0,0,3,2,,355,0,4,0,0,0,0,0,3,4,0,4,7,,N,,,,,,,,,,,
2007027775,9999.0,2,0,0,0,0,0,0,0,0,2,0,,67,1,2007,4,,,2046.0,6,0,0,0,0,0,0,0,1,1.0,0,0,0,99,3,0,0,,1,,2.0,0,,0,0,0,0,67301,0,0,0,N,0,0,0,2,67301,0,,1,1,,N,N,,0,,0,0,0,0,0,N,9999,0,2,0,0,0,0,0,3,3,0,2,3,,N,,,,,,,,,,,
2007058597,1140.0,2,0,0,0,0,0,0,0,0,1,0,,67,4,2007,5,40.0647,-75.0835,1137.0,6,0,0,0,0,0,1,0,0,,0,0,0,11,1,1,0,,0,40 03:52.000,,7,75 05:00.541,4,0,0,0,67301,0,0,0,N,0,0,0,2,67301,1,,1,1,,N,N,,0,,0,0,0,0,0,,1136,1,2,0,0,0,0,0,3,4,0,2,3,,N,,,,,,,,,,,
2007066337,1540.0,0,0,0,1,0,0,0,0,0,4,0,,67,4,2007,4,39.9535,-75.2385,1531.0,6,0,0,0,0,0,0,1,0,,0,0,0,15,1,1,1,,0,39 57:12.592,,0,75 14:18.596,4,0,0,0,67301,1,0,0,,0,0,0,2,67301,1,,1,1,,,,,1,,0,0,0,0,0,,1515,1,2,0,0,0,0,0,3,4,0,1,3,,N,,,,,,,,,,,
2007056394,1750.0,1,0,0,0,0,0,0,0,0,4,0,,67,3,2007,3,39.9706,-75.1499,1747.0,6,0,0,0,0,0,0,0,0,,0,0,0,17,1,1,1,,0,39 58:14.003,,0,75 08:59.563,3,0,0,1,67301,0,0,0,N,0,0,0,2,67301,0,,1,1,,N,N,,0,,1,0,0,0,0,,1745,1,2,0,0,0,0,0,3,4,0,2,3,,N,,,,,,,,,,,
2007056569,243.0,1,0,0,0,0,0,0,0,0,7,0,,67,4,2007,7,40.0151,-75.1698,240.0,6,0,0,0,0,0,0,0,0,,0,0,0,2,3,1,0,,0,40 00:54.447,,0,75 10:11.318,4,0,0,0,67301,0,0,0,N,0,0,0,1,67301,1,,5,1,,N,N,,0,,0,0,0,0,0,,240,1,1,0,0,0,0,0,3,4,0,1,3,,N,,,,,,,,,,,
2007124127,1427.0,1,0,0,0,0,0,0,0,0,1,0,,67,11,2007,5,39.9112,-75.2303,1422.0,6,0,0,0,0,0,0,0,0,,0,0,0,14,1,1,1,,0,39 54:40.324,,0,75 13:49.224,4,0,0,0,67301,0,0,0,N,0,0,0,2,67301,1,,1,1,,N,N,,1,,0,0,0,2,1,,1416,1,2,0,0,0,0,0,3,4,0,2,3,,N,,,,,,,,,,,
2007127592,205.0,1,0,0,0,0,0,1,0,0,1,1,,67,10,2007,7,39.9873,-75.1594,200.0,6,0,0,0,0,0,0,0,0,,0,0,0,1,3,2,0,,0,39 59:14.330,,0,75 09:33.674,8,0,0,0,67301,0,0,0,,0,0,0,3,67301,0,,6,9,,,,,0,,0,0,2,0,0,,150,2,4,0,0,0,2,0,3,4,0,4,7,,N,,,,,,,,,,,
2007126208,2018.0,2,0,0,0,0,0,0,0,0,2,0,,67,11,2007,5,40.0318,-75.1091,2012.0,6,0,0,0,0,1,0,0,0,1.0,0,0,0,20,3,2,5,,2,40 01:54.382,1.0,0,75 06:32.605,4,0,0,0,67301,0,0,0,N,0,0,0,3,67301,2,,1,1,,N,N,,0,,0,0,0,2,2,Y,2012,2,2,0,0,0,0,0,3,4,0,2,3,,N,,,,,,,,,,,
2007124147,830.0,1,0,0,0,0,0,0,0,0,7,0,,67,11,2007,7,40.0119,-75.2049,822.0,6,0,0,0,0,0,0,0,0,,0,0,0,8,1,0,7,,0,40 00:42.000,,2,75 12:17.698,0,0,0,0,67301,0,0,0,N,0,0,0,1,67301,0,,2,1,,N,N,,0,,0,0,0,0,0,,820,0,1,0,0,0,0,0,3,4,0,1,3,,N,,,,,,,,,,,
2007033579,2303.0,2,0,0,0,0,0,0,0,0,4,0,,67,1,2007,7,40.0687,-75.1568,2301.0,6,0,0,0,0,0,0,0,0,,0,0,0,23,3,2,1,,0,40 04:07.262,,0,75 09:24.365,8,0,0,0,67301,0,0,0,,0,0,0,4,67301,0,,1,9,,N,N,,0,,0,0,1,0,0,,2301,2,3,0,0,1,2,0,3,4,0,3,7,,N,,,,,,,,,,,
2007033580,1005.0,0,0,0,0,0,0,0,0,0,8,0,,67,1,2007,5,39.9577,-75.1624,958.0,6,0,0,0,0,0,0,0,0,,0,0,0,99,1,1,1,,0,39 57:27.000,,0,75 09:44.915,3,0,0,0,67301,1,0,0,N,1,0,0,2,67301,0,,1,1,,N,N,,0,,1,0,0,3,2,,9999,1,2,0,0,0,0,1,3,4,1,1,3,,N,,,,,,,,,,,
2007047733,2010.0,4,0,0,0,0,0,0,0,0,1,0,,67,2,2007,1,40.027,-75.0654,2002.0,6,0,0,0,1,0,2,1,0,,0,0,0,20,3,1,1,,0,40 01:37.000,,0,75 03:55.300,8,0,0,0,67301,0,0,0,N,0,0,0,5,67301,0,,1,1,,N,N,,0,,0,0,0,0,0,,2000,1,4,0,0,0,1,0,3,4,0,4,3,,N,,,,,,,,,,,
2007047769,730.0,1,0,0,0,0,0,0,0,0,8,0,,67,3,2007,6,40.0223,-75.162,725.0,6,0,0,0,0,0,0,0,0,,0,0,0,6,1,1,1,,0,40 01:20.000,,0,75 09:43.291,4,0,0,0,67301,1,0,0,N,1,0,0,3,67301,1,,1,9,,N,N,,0,,0,0,0,3,2,,650,1,2,0,0,0,0,0,3,4,0,1,7,,N,,,,,,,,,,,
2007028830,117.0,1,0,0,0,0,0,0,0,0,7,0,,67,1,2007,4,40.0053,-75.075,115.0,6,0,0,0,0,0,0,0,0,1.0,0,0,0,1,3,0,0,,2,40 00:17.690,1.0,2,75 04:31.577,0,0,0,0,67301,0,0,0,N,0,0,0,1,67301,0,,2,1,,N,N,,0,,0,0,0,0,0,N,114,0,1,0,0,0,0,0,3,4,0,1,3,,N,,,,,,,,,,,
2007068127,400.0,2,0,0,0,0,0,0,0,0,4,0,,67,4,2007,1,39.9594,-75.1417,355.0,6,0,0,0,0,0,0,0,0,,0,0,0,3,3,0,0,,0,39 57:33.893,,0,75 08:30.088,0,0,0,0,67301,0,0,0,N,0,0,0,1,67301,0,,6,1,,N,N,,0,,0,0,0,0,0,,350,0,2,0,0,0,0,0,3,4,0,2,3,,N,,,,,,,,,,,
2007105876,1337.0,1,0,0,0,0,0,0,0,0,8,0,,67,8,2007,6,39.9362,-75.1704,1335.0,6,0,0,0,0,0,1,0,0,,0,0,0,13,1,1,1,,0,39 56:10.417,,0,75 10:13.609,8,0,0,0,67301,1,0,0,,1,0,0,2,67301,0,,1,1,,,,,0,,0,0,0,9,3,,1327,1,2,0,0,0,1,0,3,4,0,1,3,,N,,,,,,,,,,,
2007105975,552.0,0,0,0,0,0,0,0,0,0,8,0,,67,8,2007,2,39.9528,-75.1669,559.0,6,0,0,0,0,0,1,0,0,,0,0,0,5,3,1,2,,0,39 57:10.000,,0,75 10:00.777,3,0,0,0,67301,1,0,0,N,1,0,0,2,67301,0,,1,9,,N,N,,0,,1,0,1,3,2,,550,1,2,0,0,0,0,0,3,4,0,1,7,,N,,,,,,,,,,,
2007106067,2048.0,1,0,0,1,0,0,0,0,0,4,0,,67,8,2007,4,40.0011,-75.1247,2048.0,6,0,0,0,0,0,1,0,0,,0,0,0,20,3,1,1,,0,40 00:03.985,,0,75 07:29.066,8,0,0,0,67301,1,0,0,N,0,0,0,2,67301,0,,1,1,,N,N,,0,,0,0,0,3,2,,2047,1,2,0,0,0,1,0,3,4,0,1,3,,N,,,,,,,,,,,
2007098742,106.0,1,0,0,0,0,0,0,0,0,1,0,50.0,67,7,2007,6,39.9716,-75.1933,106.0,6,0,0,0,0,0,0,0,0,1.0,0,0,0,1,3,1,3,,1,39 58:23.000,4.0,2,75 11:37.454,8,0,0,1,67301,0,0,0,N,0,0,0,3,67301,0,,1,98,,N,N,,0,,0,0,0,3,8,N,106,1,2,0,0,0,1,0,3,4,0,2,3,,Y,3.0,1.0,Y,,,N,Y,Y,,,
2007098780,1346.0,3,0,0,0,0,0,0,0,0,4,0,,67,8,2007,1,40.0313,-75.0849,1346.0,6,0,0,0,0,0,1,0,0,1.0,0,0,0,99,1,3,5,,1,40 01:52.000,1.0,0,75 05:06.088,3,0,0,0,67301,0,0,0,,0,0,0,8,67301,0,,1,1,,,,,0,,2,0,0,2,2,Y,9999,3,3,0,0,2,1,0,3,4,0,3,3,,N,,,,,,,,,,,
2007081685,940.0,1,0,0,1,0,0,0,0,0,4,0,,67,5,2007,7,40.0238,-75.1546,935.0,6,0,0,0,0,0,1,0,0,,0,0,0,9,1,1,1,,0,40 01:25.586,,0,75 09:16.617,4,0,0,0,67301,1,0,0,N,0,0,0,2,67301,1,,1,1,,N,N,,0,,0,0,0,9,3,,930,1,2,0,0,0,0,0,3,4,0,1,3,,N,,,,,,,,,,,
2007081686,2033.0,0,0,0,0,0,0,0,0,0,8,0,,67,6,2007,3,39.9938,-75.107,2027.0,6,0,0,0,0,0,1,0,0,,0,0,0,20,1,1,0,,0,39 59:37.626,,0,75 06:25.196,8,0,0,0,67301,1,0,0,,1,0,0,2,67301,0,,1,9,,,,,1,,0,0,0,0,0,,2005,1,2,0,0,0,1,0,3,4,0,1,7,,N,,,,,,,,,,,
2007081499,1315.0,0,0,0,1,0,0,0,0,0,4,0,,67,6,2007,5,39.9356,-75.179,1253.0,6,0,0,0,0,0,0,0,0,,0,0,0,12,1,1,1,,0,39 56:08.246,,0,75 10:44.486,4,0,0,0,67301,1,0,0,N,0,0,0,2,67301,1,,1,1,,N,N,,0,,0,0,1,3,2,,1248,1,2,0,0,0,0,0,3,4,0,1,3,,N,,,,,,,,,,,
2007081695,1816.0,1,0,0,0,0,0,0,0,0,1,1,,67,5,2007,4,39.9466,-75.2461,1816.0,6,0,0,0,0,0,0,0,0,,0,1,0,16,1,1,0,,0,39 56:47.000,,0,75 14:46.017,4,0,0,0,67301,0,0,0,,0,0,0,2,67301,1,,1,1,,N,,,0,,0,0,0,0,0,,1620,1,2,0,0,0,0,0,3,4,0,2,3,,N,,,,,,,,,,,
2007081709,1351.0,1,0,0,1,0,0,0,0,0,4,0,,67,6,2007,5,39.9498,-75.168,1350.0,6,0,0,0,0,0,0,0,0,,0,0,0,13,1,1,0,,0,39 56:59.000,,0,75 10:04.674,3,0,0,0,67301,1,0,0,,0,0,0,3,67301,0,,1,1,,,,,0,,1,0,0,0,0,,1335,1,2,0,0,0,0,2,3,4,0,1,3,,N,,,,,,,,,,,
2007081724,842.0,2,0,0,0,0,0,0,0,0,4,0,,67,5,2007,4,39.973,-75.2261,840.0,6,0,0,0,0,0,0,0,0,,0,0,0,99,1,2,1,,0,39 58:22.000,,0,75 13:34.045,3,0,0,0,67301,0,0,0,N,0,0,0,2,67301,1,,1,1,,N,N,,0,,1,0,0,3,2,,9999,2,2,0,0,2,0,0,3,4,0,2,3,,N,,,,,,,,,,,
2007081730,1725.0,1,0,0,0,0,0,0,0,0,8,0,,67,6,2007,2,39.9979,-75.1433,1717.0,6,0,0,0,0,0,0,0,0,,0,0,0,17,1,1,0,,0,39 59:52.544,,0,75 08:35.912,4,0,0,0,67301,1,0,0,N,1,0,0,2,67301,1,,1,1,,N,N,,0,,0,0,0,0,0,,1703,1,2,0,0,0,0,1,3,4,0,1,3,,N,,,,,,,,,,,
2007107533,808.0,0,0,0,0,0,0,0,0,0,7,0,,67,9,2007,3,40.0235,-75.0644,802.0,6,0,0,0,0,0,0,0,0,,0,0,0,7,3,1,1,,0,40 01:24.711,,0,75 03:51.987,3,0,0,1,67301,0,0,0,N,0,0,0,1,67301,0,,2,1,,N,N,,0,,1,0,0,0,0,,755,1,1,0,0,0,0,0,3,4,0,1,3,,N,,,,,,,,,,,
2007107801,117.0,1,0,0,0,0,0,0,0,0,7,0,,67,7,2007,2,39.9698,-75.1877,117.0,6,0,0,0,0,1,0,0,0,,0,0,0,99,3,1,0,,0,39 58:11.000,,0,75 11:16.609,4,0,0,0,67301,0,0,0,N,0,0,0,1,67301,1,,5,1,,N,N,,0,,0,0,0,0,0,,9999,1,1,0,0,0,0,0,3,4,0,1,3,,N,,,,,,,,,,,
2007097868,1830.0,2,0,0,0,0,0,0,0,0,4,0,,67,8,2007,3,40.0251,-75.033,1829.0,6,0,0,1,0,0,1,0,0,,0,0,0,18,1,2,1,,0,40 01:37.000,,0,75 02:16.921,3,0,0,0,67301,0,0,0,,0,0,0,4,67301,1,,1,1,,N,N,,0,,1,0,0,9,2,,1828,2,2,0,0,0,0,0,3,4,0,2,3,,N,,,,,,,,,,,
2007095351,59.0,1,0,0,0,0,0,0,0,0,8,0,,67,7,2007,7,40.0184,-75.1491,59.0,6,0,0,0,0,0,0,0,0,,0,0,0,23,3,2,1,,0,40 01:06.000,,0,75 08:56.890,8,0,0,0,67301,2,0,0,N,2,0,0,3,67301,0,,1,1,,N,N,,0,,0,0,0,0,0,,2350,2,3,0,0,0,2,0,3,4,0,1,3,,N,,,,,,,,,,,
2007097967,2339.0,0,0,0,0,0,0,0,0,0,0,0,,67,8,2007,4,39.9751,-75.1879,2331.0,6,0,0,0,0,0,0,0,0,,0,0,0,22,3,1,0,,0,39 58:30.360,,0,75 11:16.440,4,0,0,1,67301,0,0,0,N,0,0,0,1,67301,1,,5,1,,N,N,,0,,0,0,0,0,0,,2200,1,1,0,0,0,0,0,3,4,0,1,3,,N,,,,,,,,,,,
2007097975,1615.0,1,0,0,0,0,0,0,0,0,8,0,,67,8,2007,5,39.9816,-75.1739,1610.0,6,0,0,0,0,0,0,0,0,,0,0,0,16,3,1,1,,0,39 58:53.000,,0,75 10:25.911,3,0,0,0,67301,1,0,0,N,1,0,0,2,67301,0,,1,9,,N,N,,0,,1,0,0,3,2,,1605,1,2,0,0,0,0,0,3,4,0,1,7,,N,,,,,,,,,,,
2007098129,9999.0,0,0,0,1,0,0,0,0,0,4,0,,67,8,2007,4,39.964,-75.1975,9999.0,6,0,0,0,0,0,0,0,0,,0,0,0,16,1,1,1,,0,39 57:50.500,,0,75 11:51.107,3,0,0,0,67301,1,0,0,N,0,0,0,2,67301,0,,1,1,,N,N,,0,,1,0,0,9,3,,1630,1,2,0,0,0,0,1,3,4,0,1,3,,N,,,,,,,,,,,
2007093160,1020.0,1,0,0,0,0,0,0,0,0,1,0,,67,7,2007,6,40.02,-75.0438,1018.0,6,0,0,0,0,0,1,0,0,1.0,0,0,0,99,1,1,0,,1,40 01:12.000,1.0,0,75 02:37.216,8,0,0,0,67301,0,0,0,N,0,0,0,5,67301,0,,1,1,,N,N,,1,,0,0,0,0,0,N,9999,1,2,0,0,0,1,3,3,4,0,2,3,,N,,,,,,,,,,,
2007098484,1345.0,1,0,0,0,0,0,0,0,0,8,0,,67,7,2007,5,39.9437,-75.1654,1340.0,6,0,0,0,0,0,0,0,0,,0,0,0,13,1,1,1,,0,39 56:37.000,,0,75 09:55.624,4,0,0,0,67301,1,0,0,N,1,0,0,2,67301,1,,1,1,,N,N,,0,,0,0,0,2,2,,1325,1,2,0,0,0,0,0,3,4,0,1,3,,N,,,,,,,,,,,
2007093196,1902.0,1,0,0,1,0,0,0,0,0,2,0,,67,7,2007,4,40.0319,-75.0799,1914.0,6,0,0,0,0,0,0,0,0,,0,0,0,99,4,1,0,,0,40 01:54.944,,0,75 04:47.575,4,0,0,0,67301,1,0,0,N,0,0,0,3,67301,1,,1,9,,N,N,,0,,0,0,0,0,0,,9999,1,2,0,0,0,0,0,3,4,0,1,3,,N,,,,,,,,,,,
2007093364,918.0,0,0,0,0,0,0,0,0,0,8,0,,67,8,2007,3,39.9554,-75.1559,914.0,6,0,0,0,0,0,1,0,0,,1,0,0,9,1,0,1,,0,39 57:19.425,,0,75 09:21.185,1,0,0,0,67301,1,1,0,,1,1,0,2,67301,0,2.0,1,1,,,,,0,0.0,0,0,0,3,2,,910,0,2,0,0,0,0,0,3,4,1,1,3,,N,,,,,,,,,,,
2007093541,1307.0,0,0,0,1,0,0,0,0,0,4,0,,67,7,2007,7,39.9379,-75.1667,1304.0,6,0,0,0,0,0,0,0,0,2.0,0,0,0,12,1,1,1,,1,39 56:16.000,1.0,0,75 10:00.162,4,0,0,0,67301,1,0,0,,0,0,0,2,67301,1,,1,1,,N,N,,1,,0,0,0,3,2,Y,1230,1,2,0,0,0,0,0,3,4,0,1,3,,N,,,,,,,,,,,
2007027593,1210.0,1,0,0,0,0,0,0,0,0,5,1,,67,1,2007,2,40.0317,-75.1789,1200.0,6,0,0,0,0,0,1,0,0,,0,1,0,11,1,1,1,,0,40 01:54.000,,0,75 10:43.951,8,0,0,0,67301,0,0,0,N,0,0,0,2,67301,0,,1,9,,N,N,,0,,0,0,0,3,2,,1130,1,2,0,0,0,1,0,3,4,0,2,7,,N,,,,,,,,,,,
2007027624,210.0,0,0,0,0,0,0,0,0,0,7,0,,67,1,2007,1,40.0194,-75.1913,205.0,6,0,0,0,0,0,0,0,0,2.0,0,0,0,99,3,0,3,,1,40 01:09.000,1.0,0,75 11:28.516,0,0,0,0,67301,0,0,0,N,0,0,0,1,67301,0,,4,1,,N,N,,0,,0,0,1,0,0,Y,9999,0,1,0,0,0,0,0,3,4,0,1,3,,N,,,,,,,,,,,
2007027650,2315.0,1,0,0,0,0,0,0,0,0,4,0,,67,1,2007,4,40.006,-75.0933,2315.0,6,0,0,0,0,1,0,0,0,,0,0,0,23,3,1,1,,0,40 00:21.000,,0,75 05:36.014,8,0,0,0,67301,0,0,0,N,0,0,0,2,67301,0,,1,1,,N,N,,0,,0,0,1,3,2,,2310,1,2,0,0,0,1,0,3,4,0,2,3,,N,,,,,,,,,,,
2007022684,1958.0,1,0,0,0,0,0,0,0,0,8,0,,67,1,2007,1,40.0471,-75.098,1955.0,6,0,0,0,0,0,0,0,0,,0,0,0,19,3,1,1,,0,40 02:49.000,,0,75 05:52.795,4,0,0,0,67301,1,0,0,N,1,0,0,2,67301,1,,1,9,,N,N,,0,,0,0,0,3,2,,1955,1,2,0,0,0,0,0,3,4,0,1,10,,N,,,,,,,,,,,
2007022690,23.0,4,0,0,0,0,0,0,0,0,1,0,,67,1,2007,7,40.0462,-75.0477,19.0,6,0,0,0,0,0,0,0,0,,0,0,0,0,3,1,3,,0,40 02:46.435,,0,75 02:51.795,4,0,0,0,67301,0,0,0,N,0,0,0,2,67301,1,,1,2,,N,N,,0,,0,0,0,0,0,,19,1,4,0,0,0,0,0,3,4,0,4,3,,N,,,,,,,,,,,
2007022858,9999.0,2,0,0,0,0,0,0,0,0,1,0,,67,1,2007,7,40.0935,-74.9804,9999.0,6,0,1,0,0,0,0,0,0,,0,0,0,99,3,2,0,,0,40 05:36.000,,0,74 58:49.529,4,0,0,0,67301,0,0,0,N,0,0,0,4,67301,2,,1,1,,N,N,,0,,0,0,1,2,2,,9999,2,3,0,0,0,0,0,3,4,0,3,3,,N,,,,,,,,,,,
2007022707,1425.0,0,0,0,0,0,0,0,0,0,7,0,,67,1,2007,1,39.9004,-75.1564,1418.0,6,0,0,0,0,0,0,0,0,,0,0,0,14,1,1,0,,0,39 54:06.276,,0,75 09:06.008,4,0,0,1,67301,0,0,0,N,0,0,0,1,67301,1,,2,1,,N,N,,0,,0,0,0,0,0,,1418,1,1,0,0,0,0,0,3,4,0,1,3,,N,,,,,,,,,,,
2007066272,2128.0,2,0,0,0,0,0,0,0,0,4,0,,67,4,2007,1,40.0619,-75.235,2127.0,6,0,0,0,0,0,0,0,0,,0,0,0,21,3,0,0,,0,40 03:42.955,,0,75 14:06.129,0,0,0,0,67301,0,0,0,,0,0,0,2,67301,0,,1,1,,N,N,,0,,0,0,0,0,0,,2117,0,2,0,0,0,0,0,3,4,0,2,3,,N,,,,,,,,,,,
2007066348,1343.0,2,0,0,0,0,0,0,0,0,2,0,,67,4,2007,5,39.9173,-75.1746,1339.0,6,0,0,0,0,0,0,0,1,1.0,0,0,0,13,1,1,5,,1,39 55:02.334,4.0,0,75 10:28.574,8,0,0,0,67301,0,0,0,,0,0,0,3,67301,0,,1,1,,,,,0,,0,0,0,3,2,N,1336,1,2,0,0,0,1,0,3,4,0,2,3,,N,,,,,,,,,,,
2007124131,1918.0,2,0,0,0,0,0,0,0,0,4,0,,67,11,2007,5,40.0372,-75.053,1913.0,6,1,0,0,0,0,0,0,0,,0,0,0,19,3,1,1,,0,40 02:13.966,,0,75 03:10.861,8,0,0,0,67301,0,0,0,N,0,0,0,2,67301,0,,1,1,,N,N,,0,,0,0,0,3,2,,1912,1,2,0,0,0,1,0,3,4,0,2,3,,N,,,,,,,,,,,
2007127605,223.0,1,0,0,0,0,0,0,0,0,4,0,,67,10,2007,7,40.026,-75.122,218.0,6,0,0,0,0,0,0,0,0,1.0,0,0,0,1,3,1,1,,1,40 01:33.000,4.0,0,75 07:19.144,4,0,0,0,67301,0,0,0,N,0,0,0,1,67301,1,,1,1,,N,N,,0,,0,0,0,0,0,N,158,1,2,0,0,0,0,0,3,4,0,2,3,,N,,,,,,,,,,,
2007124694,1659.0,1,0,0,0,0,0,0,0,0,8,0,,67,11,2007,5,40.0414,-75.0408,1659.0,6,0,0,0,0,0,0,0,1,,0,0,0,15,1,1,0,,0,40 02:29.202,,0,75 02:26.793,4,0,0,0,67301,1,0,0,N,1,0,0,2,67301,1,,1,1,,N,Y,,0,,0,0,0,0,0,,1548,1,2,0,0,0,0,0,3,4,0,1,3,,N,,,,,,,,,,,
2007123761,1850.0,2,0,0,0,0,0,0,0,0,1,0,,67,10,2007,6,39.9274,-75.1691,1840.0,6,0,0,0,0,0,0,0,0,,0,0,0,18,3,2,0,,0,39 55:38.000,,0,75 10:08.656,8,0,0,0,67301,0,0,0,N,0,0,0,3,67301,0,,1,9,,N,N,,0,,0,0,0,0,0,,1800,2,2,0,0,0,2,0,3,4,0,2,7,,N,,,,,,,,,,,
2007123822,2026.0,2,0,0,0,0,0,0,0,0,4,0,,67,11,2007,5,39.904,-75.2401,2026.0,6,0,0,0,0,0,1,0,0,,0,0,0,20,3,0,1,,0,39 54:14.000,,0,75 14:24.410,0,0,0,0,67301,0,0,0,,0,0,0,2,67301,0,,1,1,,N,N,,0,,0,0,0,3,2,,2013,0,2,0,0,0,0,0,3,4,0,2,3,,N,,,,,,,,,,,
2007123828,155.0,3,0,0,0,0,0,0,0,0,5,0,,67,10,2007,4,39.9618,-75.1412,150.0,6,0,0,0,0,0,0,0,0,,0,0,0,1,3,0,0,,0,39 57:42.367,,0,75 08:28.307,0,0,0,0,67301,0,0,0,,0,0,0,1,67301,0,,1,1,,,,,0,,0,0,0,3,2,,145,0,3,0,0,0,0,0,3,4,0,3,3,,N,,,,,,,,,,,