CRN,ARRIVAL_TM,AUTOMOBILE_COUNT,BELTED_DEATH_COUNT,BELTED_SUSP_SERIOUS_INJ_COUNT,BICYCLE_COUNT,BICYCLE_DEATH_COUNT,BICYCLE_SUSP_SERIOUS_INJ_COUNT,BUS_COUNT,CHLDPAS_DEATH_COUNT,CHLDPAS_SUSP_SERIOUS_INJ_COUNT,COLLISION_TYPE,COMM_VEH_COUNT,CONS_ZONE_SPD_LIM,COUNTY,CRASH_MONTH,CRASH_YEAR,DAY_OF_WEEK,DEC_LAT,DEC_LONG,DISPATCH_TM,DISTRICT,DRIVER_COUNT_16YR,DRIVER_COUNT_17YR,DRIVER_COUNT_18YR,DRIVER_COUNT_19YR,DRIVER_COUNT_20YR,DRIVER_COUNT_50_64YR,DRIVER_COUNT_65_74YR,DRIVER_COUNT_75PLUS,EST_HRS_CLOSED,FATAL_COUNT,HEAVY_TRUCK_COUNT,HORSE_BUGGY_COUNT,HOUR_OF_DAY,ILLUMINATION,INJURY_COUNT,INTERSECT_TYPE,INTERSECTION_RELATED,LANE_CLOSED,LATITUDE,LN_CLOSE_DIR,LOCATION_TYPE,LONGITUDE,MAX_SEVERITY_LEVEL,MCYCLE_DEATH_COUNT,MCYCLE_SUSP_SERIOUS_INJ_COUNT,MOTORCYCLE_COUNT,MUNICIPALITY,NONMOTR_COUNT,NONMOTR_DEATH_COUNT,NONMOTR_SUSP_SERIOUS_INJ_COUNT,NTFY_HIWY_MAINT,PED_COUNT,PED_DEATH_COUNT,PED_SUSP_SERIOUS_INJ_COUNT,PERSON_COUNT,POLICE_AGCY,POSSIBLE_INJ_COUNT,RDWY_SURF_TYPE_CD,RELATION_TO_ROAD,ROAD_CONDITION,ROADWAY_CLEARED,SCH_BUS_IND,SCH_ZONE_IND,SECONDARY_CRASH,SMALL_TRUCK_COUNT,SPEC_JURIS_CD,SUSP_MINOR_INJ_COUNT,SUSP_SERIOUS_INJ_COUNT,SUV_COUNT,TCD_FUNC_CD,TCD_TYPE,TFC_DETOUR_IND,TIME_OF_DAY,TOT_INJ_COUNT,TOTAL_UNITS,UNB_DEATH_COUNT,UNB_SUSP_SERIOUS_INJ_COUNT,UNBELTED_OCC_COUNT,UNK_INJ_DEG_COUNT,UNK_INJ_PER_COUNT,URBAN_AREA,URBAN_RURAL,VAN_COUNT,VEHICLE_COUNT,WEATHER1,WEATHER2,WORK_ZONE_IND,WORK_ZONE_LOC,WORK_ZONE_TYPE,WORKERS_PRES,WZ_CLOSE_DETOUR,WZ_FLAGGER,WZ_LAW_OFFCR_IND,WZ_LN_CLOSURE,WZ_MOVING,WZ_OTHER,WZ_SHLDER_MDN,WZ_WORKERS_INJ_KILLED
2007126638,9999.0,2,0,0,0,0,0,0,0,0,4,0,,67,10,2007,4,40.0343,-75.1604,1659.0,6,0,0,0,0,0,0,0,0,1.0,0,0,0,16,1,1,1,,1,40 02:03.606,3.0,0,75 09:37.515,4,0,0,0,67301,0,0,0,N,0,0,0,4,67301,1,,1,9,,N,N,,0,,0,0,0,9,3,N,1648,1,2,0,0,0,0,0,3,4,0,2,7,,N,,,,,,,,,,,
2007126709,2341.0,0,0,0,0,0,0,0,0,0,7,0,,67,11,2007,2,39.9946,-75.1986,2337.0,6,0,0,0,0,0,0,0,0,,0,0,0,23,3,0,0,,0,39 59:43.000,,0,75 11:51.746,0,0,0,0,67301,0,0,0,N,0,0,0,1,68K01,0,,3,9,,N,N,,0,,0,0,1,0,0,,2337,0,1,0,0,0,0,0,3,4,0,1,7,,N,,,,,,,,,,,
2007110748,105.0,1,0,0,0,0,0,0,0,0,5,0,,67,9,2007,4,39.9234,-75.2317,103.0,6,0,0,0,0,0,0,0,0,,0,0,0,23,3,1,2,,0,39 55:24.000,,0,75 13:54.200,4,0,0,0,67301,0,0,0,N,0,0,0,2,67301,1,,1,1,,N,N,,0,,0,0,1,9,3,,2327,1,2,0,0,0,0,1,3,4,0,2,3,,N,,,,,,,,,,,
2007110844,735.0,0,0,0,0,0,0,0,0,0,4,1,,67,9,2007,6,39.961,-75.1579,727.0,6,0,0,0,0,0,0,0,0,,0,1,0,7,1,1,1,,0,39 57:39.603,,0,75 09:28.396,4,0,0,1,67301,0,0,0,N,0,0,0,2,67301,1,,1,1,,N,N,,0,,0,0,0,0,0,,715,1,2,0,0,1,0,0,3,4,0,2,3,,N,,,,,,,,,,,
2007110855,814.0,1,0,0,0,0,0,0,0,0,8,0,,67,9,2007,5,40.0233,-75.0484,809.0,6,0,0,0,0,1,0,0,0,,0,0,0,8,1,1,1,,0,40 01:23.880,,0,75 02:54.240,4,0,0,0,67301,1,0,0,N,1,0,0,2,67301,1,,1,1,,N,N,,0,,0,0,0,3,2,,805,1,2,0,0,0,0,0,3,4,0,1,3,,N,,,,,,,,,,,
2007106025,2330.0,2,0,0,0,0,0,0,0,0,1,0,,67,9,2007,7,40.0743,-75.0348,2325.0,6,0,0,0,0,0,0,0,0,,0,0,0,23,3,1,1,,0,40 04:27.000,,0,75 02:05.368,8,0,0,0,67301,0,0,0,N,0,0,0,3,67301,0,,1,1,,N,N,,0,,0,0,0,3,2,,2320,1,2,0,0,0,1,1,3,4,0,2,3,,N,,,,,,,,,,,
2007106360,1623.0,1,0,0,1,0,0,0,0,0,4,0,,67,7,2007,5,39.9364,-75.2218,1618.0,6,0,0,0,0,0,1,0,0,,0,0,0,16,1,1,0,,0,39 56:11.102,,0,75 13:18.328,4,0,0,0,67301,1,0,0,N,0,0,0,2,67301,1,,1,1,,N,N,,0,,0,0,0,0,0,,1617,1,2,0,0,0,0,0,3,4,0,1,3,,N,,,,,,,,,,,
2007109075,931.0,2,0,0,0,0,0,0,0,0,1,0,,67,9,2007,3,39.9378,-75.234,925.0,6,0,0,0,0,0,0,0,0,,0,0,0,9,1,0,5,,0,39 56:16.000,,0,75 14:02.266,9,0,0,0,67301,0,0,0,N,0,0,0,3,67301,0,,1,9,,N,N,,0,,0,0,0,9,2,,915,0,2,0,0,0,0,3,3,4,0,2,7,,N,,,,,,,,,,,
2007106482,339.0,2,0,0,0,0,0,0,0,0,1,0,,67,8,2007,6,40.0303,-75.1172,339.0,6,0,0,0,0,0,0,0,0,,0,0,0,3,3,1,2,,0,40 01:49.234,,0,75 07:01.898,4,0,0,0,67301,0,0,0,N,0,0,0,1,67301,1,,1,1,,N,N,,0,,0,0,2,0,0,,335,1,4,0,0,0,0,0,3,4,0,4,3,,N,,,,,,,,,,,
2007106072,1610.0,1,0,0,0,0,0,0,0,0,8,0,,67,9,2007,6,40.0566,-75.0466,1605.0,6,0,0,0,0,0,0,0,0,,0,0,0,15,1,1,1,,0,40 03:23.000,,0,75 02:47.581,8,0,0,0,67301,1,0,0,N,1,0,0,2,67301,0,,1,1,,N,N,,0,,0,0,0,3,2,,1500,1,2,0,0,0,1,0,3,4,0,1,3,,N,,,,,,,,,,,
2007101139,2114.0,2,0,0,0,0,0,0,0,0,1,0,,67,10,2007,7,39.9955,-75.2387,2114.0,6,0,0,0,1,0,1,0,0,1.0,0,0,0,21,3,1,0,,1,39 59:44.000,2.0,0,75 14:17.150,8,0,0,0,67301,0,0,0,N,0,0,0,4,46104,0,,1,1,,N,N,,0,,0,0,0,0,0,N,2114,1,3,0,0,0,1,0,3,4,1,3,3,,N,,,,,,,,,,,
2007106491,933.0,1,0,0,0,0,0,0,0,0,4,0,,67,9,2007,6,40.0093,-75.069,933.0,6,0,0,0,0,0,0,0,0,,0,0,0,99,3,1,1,,0,40 00:33.000,,2,75 04:08.444,8,0,0,0,67301,0,0,0,,0,0,0,3,67301,0,,1,1,,N,N,,0,,0,0,0,3,2,,9999,1,2,0,0,0,1,0,3,4,1,2,3,,N,,,,,,,,,,,
2007106505,323.0,1,0,0,0,0,0,0,0,0,2,0,,67,9,2007,1,40.0203,-75.1628,320.0,6,0,0,0,0,0,1,0,0,,0,0,0,3,2,1,2,,0,40 01:13.000,,0,75 09:46.119,8,0,0,1,67301,0,0,0,N,0,0,0,2,67301,0,,1,1,,N,N,,0,,0,0,0,0,0,,318,1,2,0,0,0,1,1,3,4,0,2,3,,N,,,,,,,,,,,
2007098726,1856.0,1,0,0,0,0,0,0,0,0,4,0,,67,8,2007,2,40.0593,-75.086,1854.0,6,0,0,0,0,0,1,0,0,2.0,0,0,0,18,1,1,0,,1,40 03:33.000,1.0,0,75 05:09.660,2,0,1,1,67301,0,0,0,N,0,0,0,2,67301,0,,1,1,,N,N,,0,,0,1,0,3,2,Y,1850,1,2,0,0,0,0,0,3,4,0,2,3,,N,,,,,,,,,,,
2007098739,1530.0,1,0,0,0,0,0,0,0,0,4,1,,67,7,2007,2,39.9,-75.1597,1525.0,6,0,0,0,1,0,1,0,0,1.0,0,1,0,15,1,1,0,,1,39 54:06.000,1.0,0,75 09:06.387,8,0,0,0,67301,0,0,0,,0,0,0,3,67301,0,,1,1,,,,,0,,0,0,0,0,0,N,1520,1,2,0,0,0,1,0,3,4,0,2,3,,N,,,,,,,,,,,
2007098786,1935.0,0,0,0,0,0,0,0,0,0,7,0,,67,8,2007,7,40.0229,-75.1974,1930.0,6,0,0,0,0,0,0,0,0,,0,0,0,19,1,0,0,,0,40 01:22.600,,0,75 11:50.600,0,0,0,0,67301,0,0,0,N,0,0,0,1,67301,0,,4,1,,N,N,,0,,0,0,1,0,0,,1925,0,1,0,0,0,0,0,3,4,0,1,3,,N,,,,,,,,,,,
2007098681,1737.0,0,0,0,0,0,0,0,0,0,7,0,,67,8,2007,4,39.9767,-75.224,1735.0,6,0,0,0,0,0,1,0,0,,0,0,0,17,1,1,2,,0,39 58:36.224,,0,75 13:26.353,4,0,0,0,67301,0,0,0,N,0,0,0,1,67301,1,,4,1,,N,N,,0,,0,0,1,3,3,,1733,1,1,0,0,0,0,0,3,4,0,1,3,,N,,,,,,,,,,,
2007098827,1422.0,1,0,0,0,0,0,0,0,0,4,0,,67,8,2007,6,39.9608,-75.1434,1418.0,6,0,0,0,0,0,1,0,0,,0,1,0,99,1,2,1,,0,39 57:38.000,,0,75 08:35.842,4,0,0,0,67301,0,0,0,N,0,0,0,3,67301,2,,1,9,,N,N,,0,,0,0,1,3,2,,9999,2,3,0,0,0,0,0,3,4,0,3,7,,N,,,,,,,,,,,
2007098830,830.0,3,0,0,0,0,0,0,0,0,1,0,,67,7,2007,4,40.0347,-75.1147,829.0,6,0,0,0,0,0,0,1,0,,0,0,0,7,1,1,0,,0,40 02:04.000,,0,75 06:52.933,4,0,0,0,67301,0,0,0,N,0,0,0,4,67301,1,,1,1,,N,N,,0,,0,0,0,3,2,,720,1,3,0,0,0,0,0,3,4,0,3,3,,N,,,,,,,,,,,
2007081595,725.0,2,0,0,0,0,0,0,0,0,6,0,,67,6,2007,7,40.0613,-75.1721,720.0,6,0,0,0,0,0,0,0,0,,0,0,0,7,1,2,1,,0,40 03:40.629,,0,75 10:19.427,8,0,0,0,67301,0,0,0,,0,0,0,3,67301,0,,1,1,,,,,0,,0,0,0,3,3,,720,2,2,0,0,0,2,1,3,4,0,2,3,,N,,,,,,,,,,,
2007081634,1319.0,1,0,0,0,0,0,0,0,0,4,0,,67,5,2007,7,40.0578,-75.0087,1314.0,6,0,0,0,0,0,1,0,1,2.0,0,0,0,13,1,1,1,,1,40 03:28.000,2.0,0,75 00:31.473,4,0,0,0,67301,0,0,0,,0,0,0,3,67301,1,,1,1,,,,,2,,0,0,0,3,2,N,1310,1,3,0,0,0,0,0,3,4,0,3,3,,N,,,,,,,,,,,
2007081640,1728.0,2,0,0,0,0,0,0,0,0,5,0,,67,5,2007,2,39.9905,-75.0869,1725.0,6,0,0,0,0,0,1,0,0,,0,0,0,17,1,0,0,,0,39 59:25.000,,0,75 05:13.595,0,0,0,0,67301,0,0,0,N,0,0,0,1,67301,0,,2,1,,N,N,,0,,0,0,3,0,0,,1705,0,5,0,0,0,0,0,3,4,0,5,3,,N,,,,,,,,,,,
2007081665,1759.0,1,0,0,0,0,0,0,0,0,8,0,,67,6,2007,6,40.0243,-75.1612,1756.0,6,0,0,0,0,0,0,0,0,,0,0,0,17,1,1,0,,0,40 01:27.600,,0,75 09:40.400,8,0,0,0,67301,1,0,0,,1,0,0,2,67301,0,,1,1,,,,,0,,0,0,0,0,0,,1752,1,2,0,0,0,1,0,3,4,0,1,3,,N,,,,,,,,,,,
2007120273,1735.0,2,0,0,0,0,0,0,0,0,1,0,,67,10,2007,6,40.1046,-75.0014,1725.0,6,0,0,0,0,0,0,0,0,,0,0,0,14,1,3,1,,0,40 06:16.000,,0,75 00:04.813,3,0,0,0,67301,0,0,0,,0,0,0,5,67301,0,,1,9,,N,,,0,,3,0,0,3,2,,1445,3,2,0,0,5,0,0,3,4,0,2,7,,N,,,,,,,,,,,
2007081298,1650.0,1,0,0,0,0,0,0,0,0,1,0,,67,6,2007,1,40.0077,-75.1388,1610.0,6,0,0,0,0,0,1,0,0,,0,0,0,99,1,1,1,,0,40 00:27.000,,0,75 08:19.564,8,0,0,0,67301,0,0,0,,0,0,0,4,67301,0,,1,1,,,,,0,,0,0,1,9,2,,9999,1,2,0,0,0,1,0,3,4,0,2,3,,N,,,,,,,,,,,
2007081758,1907.0,1,0,0,0,0,0,1,0,0,1,1,,67,6,2007,7,39.8993,-75.1756,1905.0,6,0,0,0,0,0,0,1,0,2.0,0,0,0,19,1,3,0,,2,39 53:57.000,2.0,0,75 10:30.550,8,0,0,0,67301,0,0,0,N,0,0,0,40,67301,0,,1,1,,N,N,,0,,0,0,1,0,0,N,1905,3,3,0,0,6,3,0,3,4,0,3,3,,N,,,,,,,,,,,
2007116158,1946.0,2,0,0,0,0,0,0,0,0,2,0,,67,10,2007,3,39.9855,-75.2113,1941.0,6,0,0,0,0,1,1,0,0,9.0,0,0,0,19,3,1,0,,1,39 59:07.700,4.0,7,75 12:40.700,8,0,0,0,67301,0,0,0,N,0,0,0,4,67301,0,,1,1,,N,N,,0,,0,0,0,0,0,N,1938,1,2,0,0,0,1,0,3,4,0,2,3,,N,,,,,,,,,,,
2007123954,1624.0,0,0,0,0,0,0,0,0,0,0,0,,67,11,2007,6,39.9507,-75.1993,1624.0,6,0,0,0,0,0,0,0,0,,0,0,0,16,1,1,1,,0,39 57:03.000,,0,75 11:57.166,8,0,0,1,67301,0,0,0,N,0,0,0,1,67301,0,,1,1,,N,N,,0,,0,0,0,3,2,,1624,1,1,0,0,0,1,0,3,4,0,1,3,,N,,,,,,,,,,,
2007126531,2312.0,3,0,0,0,0,0,0,0,0,1,0,,67,10,2007,4,39.9766,-75.1135,2307.0,6,0,0,0,0,0,0,1,0,2.0,0,0,0,23,3,2,0,,2,39 58:36.000,1.0,0,75 06:47.939,8,0,0,0,67301,0,0,0,N,0,0,0,5,67301,0,,1,1,,N,N,,0,,0,0,0,0,0,N,2304,2,4,0,0,1,2,0,3,4,0,3,3,,N,,,,,,,,,,,
2007107526,1850.0,2,0,0,0,0,0,0,0,0,1,0,,67,9,2007,5,39.9617,-75.1365,1844.0,6,0,0,0,0,0,0,0,0,,0,0,0,18,1,0,1,,0,39 57:42.038,,0,75 08:11.446,0,0,0,0,67301,0,0,0,N,0,0,0,3,67301,0,,1,1,,N,N,,0,,0,0,0,3,2,,1840,0,2,0,0,0,0,0,3,4,0,2,3,,N,,,,,,,,,,,
2007107747,1520.0,1,0,0,1,0,0,0,0,0,5,0,,67,9,2007,5,39.9536,-75.2119,1513.0,6,0,0,0,0,0,0,0,0,,0,0,0,15,1,1,0,,0,39 57:12.967,,0,75 12:43.012,4,0,0,0,67301,1,0,0,N,0,0,0,2,67301,1,,1,1,,N,N,,0,,0,0,0,0,0,,1500,1,2,0,0,0,0,0,3,4,0,1,3,,N,,,,,,,,,,,
2007107829,2002.0,0,0,0,1,0,0,0,0,0,4,0,,67,9,2007,1,39.9407,-75.2242,1957.0,6,0,0,0,0,0,0,0,0,,0,0,0,19,3,1,1,,0,39 56:26.512,,0,75 13:26.950,3,0,0,0,67301,1,0,0,N,0,0,0,2,67301,0,,1,1,,N,,,0,,1,0,1,3,2,,1956,1,2,0,0,0,0,1,3,4,0,1,3,,N,,,,,,,,,,,
2007107947,2131.0,1,0,0,0,0,0,0,0,0,7,0,,67,9,2007,4,39.9854,-75.0967,2130.0,6,0,0,0,0,0,0,0,0,,0,0,0,21,3,0,1,,0,39 59:07.000,,0,75 05:48.056,0,0,0,0,67301,0,0,0,Y,0,0,0,1,67301,0,,5,1,,N,Y,,0,,0,0,0,3,2,,2125,0,1,0,0,0,0,0,3,4,0,1,3,,N,,,,,,,,,,,
2007097919,1840.0,2,0,0,0,0,0,0,0,0,1,0,,67,7,2007,1,40.0625,-75.0429,1830.0,6,0,0,0,0,0,1,0,0,,0,0,0,18,1,0,1,,0,40 03:44.000,,0,75 02:34.512,0,0,0,0,67301,0,0,0,,0,0,0,9,67301,0,,1,1,,,,,0,,0,0,1,3,2,,1830,0,3,0,0,0,0,0,3,4,0,3,3,,N,,,,,,,,,,,
2007095366,1526.0,0,0,0,0,0,0,0,0,0,7,0,,67,8,2007,2,40.0487,-75.0516,1523.0,6,0,0,0,0,0,0,0,0,2.0,0,0,0,15,1,1,2,,1,40 02:55.000,2.0,0,75 03:05.833,3,0,0,0,67301,0,0,0,N,0,0,0,1,67301,0,,2,1,,N,N,,0,,1,0,1,0,0,N,1510,1,1,0,0,0,0,0,3,4,0,1,3,,N,,,,,,,,,,,
2007098123,745.0,2,0,0,0,0,0,0,0,0,1,0,,67,8,2007,4,39.9871,-75.2161,740.0,6,0,0,0,0,0,0,0,0,1.0,0,0,0,7,5,1,0,,1,39 59:13.000,2.0,0,75 12:57.864,4,0,0,0,67301,0,0,0,N,0,0,0,2,67301,1,,1,9,,N,N,,0,,0,0,0,0,0,N,740,1,2,0,0,0,0,0,3,4,0,2,7,,N,,,,,,,,,,,
2007093174,907.0,1,0,0,1,0,0,0,0,0,5,0,,67,7,2007,3,39.9549,-75.1834,857.0,6,0,0,0,0,0,0,0,0,,0,0,0,8,1,1,1,,0,39 57:17.000,,0,75 11:02.279,4,0,0,0,67301,1,0,0,N,0,0,0,3,67301,1,,1,1,,N,N,,0,,0,0,0,3,2,,855,1,2,0,0,0,0,0,3,4,0,1,3,,N,,,,,,,,,,,
2007127597,2225.0,1,0,0,0,0,0,0,0,0,8,0,,67,10,2007,6,40.0306,-75.1465,2220.0,6,0,0,0,0,0,0,0,0,,0,0,0,22,3,1,1,,0,40 01:50.000,,0,75 08:47.330,4,0,0,0,67301,1,0,0,N,1,0,0,2,67301,1,,1,9,,N,N,,0,,0,0,0,3,2,,2220,1,2,0,0,0,0,1,3,4,0,1,7,,N,,,,,,,,,,,
2007124660,900.0,1,0,0,0,0,0,0,0,0,4,0,,67,10,2007,6,40.0222,-75.2183,857.0,6,0,0,0,0,0,1,0,0,,0,0,0,8,1,1,1,,0,40 01:19.837,,0,75 13:05.894,3,0,0,0,67301,0,0,0,N,0,0,0,2,67301,0,,1,1,,N,N,,1,,1,0,0,3,2,,850,1,2,0,0,0,0,1,3,4,0,2,3,,N,,,,,,,,,,,
2007126194,816.0,2,0,0,0,0,0,0,0,0,6,0,,67,11,2007,6,40.0225,-75.1189,815.0,6,0,0,0,0,0,1,0,0,,0,0,0,8,1,1,0,,0,40 01:20.938,,0,75 07:08.158,4,0,0,0,67301,0,0,0,,0,0,0,1,67301,1,,6,1,,N,N,,0,,0,0,0,0,0,,815,1,2,0,0,0,0,0,3,4,0,2,3,,N,,,,,,,,,,,
2007123785,540.0,1,0,1,0,0,0,0,0,0,2,0,,67,10,2007,7,40.0323,-75.1877,532.0,6,0,0,0,0,0,0,0,0,,0,0,0,5,3,1,0,,0,40 01:56.288,,0,75 11:15.632,2,0,0,0,67301,0,0,0,N,0,0,0,2,67301,0,,1,9,,N,N,,0,,0,1,1,0,0,,530,1,2,0,0,0,0,1,3,4,0,2,7,,N,,,,,,,,,,,
2007123820,558.0,1,0,0,0,0,0,0,0,0,8,0,,67,11,2007,6,40.1157,-75.0281,551.0,6,0,0,0,0,0,1,0,0,,0,0,0,5,3,1,2,,0,40 06:56.588,,0,75 01:41.026,3,0,0,0,67301,1,0,0,,1,0,0,2,67301,0,,1,1,,,,,0,,1,0,0,3,3,,545,1,2,0,0,0,0,0,3,4,0,1,3,,N,,,,,,,,,,,
2007121642,1303.0,1,0,0,0,0,0,0,0,0,0,0,,67,10,2007,7,39.9481,-75.1863,1256.0,6,0,0,0,0,0,0,0,0,,0,0,0,12,1,0,0,,0,39 56:53.160,,0,75 11:10.680,0,0,0,0,67301,0,0,0,N,0,0,0,1,68K01,0,,2,9,,N,N,,0,,0,0,0,0,0,,1255,0,1,0,0,0,0,0,3,4,0,1,3,,N,,,,,,,,,,,
2007047756,1315.0,1,0,0,0,0,0,0,0,0,8,0,,67,3,2007,5,39.9533,-75.1752,1305.0,6,0,0,0,0,0,0,0,0,,0,0,0,13,1,1,2,,0,39 57:11.930,,0,75 10:30.701,4,0,0,0,67301,1,0,0,N,1,0,0,2,67301,1,,1,1,,N,N,,0,,0,0,0,0,0,,1305,1,2,0,0,0,0,1,3,4,0,1,3,,N,,,,,,,,,,,
2007047771,1834.0,1,0,0,0,0,0,0,0,0,4,0,,67,2,2007,4,40.0036,-75.1686,1832.0,6,0,0,0,0,0,0,0,0,,0,0,0,18,3,0,0,,0,40 00:13.000,,0,75 10:06.848,0,0,0,0,67301,0,0,0,N,0,0,0,2,67301,0,,1,1,,N,N,,1,,0,0,0,0,0,,1830,0,2,0,0,0,0,0,3,4,0,2,3,,N,,,,,,,,,,,
2007028837,1531.0,1,0,0,0,0,0,0,0,0,8,0,,67,2,2007,6,39.9502,-75.1586,1523.0,6,0,0,0,0,0,0,0,0,,0,0,0,15,1,1,1,,0,39 57:00.000,,0,75 09:30.818,4,0,0,0,67301,1,0,0,,1,0,0,2,67301,1,,1,1,,N,N,,0,,0,0,0,3,2,,1520,1,2,0,0,0,0,0,3,4,0,1,3,,N,,,,,,,,,,,
2007108884,1820.0,1,0,0,0,0,0,0,0,0,7,0,,67,9,2007,3,40.0254,-75.127,1807.0,6,0,0,0,0,0,0,0,0,1.0,0,0,0,18,1,0,0,,1,40 01:31.000,2.0,0,75 07:38.256,0,0,0,0,67301,0,0,0,N,0,0,0,1,67301,0,,6,1,,N,N,,0,,0,0,0,3,2,N,1807,0,1,0,0,0,0,0,3,4,0,1,3,,N,,,,,,,,,,,
2007106137,1445.0,1,0,0,0,0,0,0,0,0,8,0,,67,8,2007,6,39.9908,-75.1309,1440.0,6,0,0,0,0,0,0,0,0,,0,0,0,14,1,1,1,,0,39 59:27.000,,0,75 07:51.262,8,0,0,0,67301,1,0,0,N,1,0,0,2,67301,0,,1,1,,N,N,,0,,0,0,0,3,2,,1400,1,2,0,0,0,1,0,3,4,0,1,3,,N,,,,,,,,,,,
2007106347,1539.0,0,0,0,0,0,0,0,0,0,7,1,,67,8,2007,5,40.0536,-75.0085,1538.0,6,0,0,0,0,0,0,0,0,2.0,0,1,0,15,1,1,3,,1,40 03:12.000,1.0,0,75 00:30.638,8,0,0,0,67301,0,0,0,N,0,0,0,1,67301,0,,5,1,,N,N,,0,,0,0,0,3,2,N,1536,1,1,0,0,0,1,0,3,4,0,1,3,,N,,,,,,,,,,,
2007106057,1540.0,3,0,0,0,0,0,0,0,0,1,0,,67,8,2007,3,39.9637,-75.1661,1535.0,6,0,0,0,0,0,0,0,0,,0,0,0,14,1,4,0,,0,39 57:49.488,,0,75 09:57.804,4,0,0,0,67301,0,0,0,N,0,0,0,4,67301,4,,1,1,,N,N,,0,,0,0,1,3,3,,1420,4,4,0,0,0,0,0,3,4,0,4,3,,N,,,,,,,,,,,
2007106498,342.0,3,0,0,0,0,0,0,0,0,2,0,,67,8,2007,1,40.0519,-75.1198,332.0,6,0,0,0,0,0,0,0,0,,0,0,0,3,3,1,0,,0,40 03:06.000,,0,75 07:11.448,4,0,0,0,67301,1,0,0,N,1,0,0,3,67301,1,,2,1,,N,N,,0,,0,0,0,0,0,,323,1,4,0,0,0,0,0,3,4,0,3,3,,N,,,,,,,,,,,
2007106545,715.0,3,0,0,0,0,0,0,0,0,6,0,,67,8,2007,7,40.0432,-75.1643,710.0,6,0,0,0,0,1,0,0,0,,0,0,0,7,1,0,0,,0,40 02:35.390,,0,75 09:51.591,0,0,0,0,67301,0,0,0,N,0,0,0,1,67301,0,,6,1,,N,N,,0,,0,0,0,0,0,,705,0,3,0,0,0,0,0,3,4,0,3,3,,N,,,,,,,,,,,
2007098608,1435.0,1,0,0,1,0,0,0,0,0,4,0,,67,9,2007,7,40.0276,-75.1101,1431.0,6,0,0,0,0,0,0,0,0,,0,0,0,14,1,1,1,,0,40 01:39.000,,0,75 06:35.953,4,0,0,0,67301,1,0,0,,0,0,0,2,67301,1,,1,1,,N,N,,0,,0,0,0,0,0,,1425,1,2,0,0,0,0,1,3,4,0,1,3,,N,,,,,,,,,,,
2007098646,144.0,3,0,0,0,0,0,0,0,0,4,0,,67,8,2007,4,40.0329,-75.052,144.0,6,0,0,0,0,0,1,0,0,,0,0,0,1,3,0,0,,0,40 01:58.339,,0,75 03:07.124,0,0,0,0,67301,0,0,0,N,0,0,0,1,67301,0,,6,1,,N,N,,0,,0,0,1,0,0,,133,0,4,0,0,0,0,0,3,4,0,4,3,,N,,,,,,,,,,,
2007096187,1541.0,2,0,0,0,0,0,0,0,0,4,0,,67,8,2007,1,40.0636,-75.0654,1539.0,6,0,0,0,0,0,0,0,0,,0,0,0,14,1,2,0,,0,40 03:49.111,,0,75 03:55.526,4,0,0,0,67301,0,0,0,,0,0,0,2,67301,1,,1,9,,N,N,,0,,0,0,0,0,0,,1425,2,2,0,0,1,1,0,3,4,0,2,7,,N,,,,,,,,,,,
2007096188,835.0,1,0,0,0,0,0,0,0,0,2,0,,67,8,2007,4,40.0884,-75.0441,830.0,6,0,0,0,0,0,0,0,0,2.0,0,0,0,8,1,2,1,,1,40 05:18.000,6.0,0,75 02:38.791,8,0,0,0,67301,0,0,0,,0,0,0,4,67301,0,,1,9,,N,N,,0,,0,0,0,2,2,N,827,2,2,0,0,0,2,0,3,4,1,2,7,,N,,,,,,,,,,,
2007096189,1520.0,1,0,0,0,0,0,0,0,0,4,0,,67,6,2007,6,39.9428,-75.2241,1520.0,6,0,0,0,0,0,1,0,0,,0,0,0,15,1,1,1,,0,39 56:34.202,,0,75 13:26.903,8,0,0,0,67301,0,0,0,N,0,0,0,2,67301,0,,1,1,,N,N,,0,,0,0,1,3,2,,1520,1,2,0,0,0,1,0,3,4,0,2,3,,N,,,,,,,,,,,
2007098832,2036.0,2,0,0,0,0,0,0,0,0,1,0,,67,8,2007,6,39.9771,-75.1581,2035.0,6,0,0,0,0,0,0,0,0,2.0,0,0,0,20,3,0,0,,1,39 58:37.000,1.0,0,75 09:29.304,9,0,0,0,67301,0,0,0,,0,0,0,4,67301,0,,1,1,,N,N,,0,,0,0,0,0,0,N,2035,0,2,0,0,0,0,1,3,4,0,2,3,,N,,,,,,,,,,,
2007120413,1608.0,0,0,0,0,0,0,0,0,0,7,0,,67,10,2007,7,39.932,-75.1998,1559.0,6,0,0,0,0,1,0,0,0,2.0,0,0,0,15,1,1,0,,1,39 55:57.000,4.0,0,75 12:00.090,8,0,0,1,67301,0,0,0,N,0,0,0,1,68K01,0,,3,1,,N,N,,0,,0,0,0,0,0,N,1556,1,1,0,0,0,1,0,3,4,0,1,3,,N,,,,,,,,,,,
2007081613,1735.0,2,0,0,0,0,0,0,0,0,4,0,,67,6,2007,6,40.0514,-75.1243,1728.0,6,0,0,0,0,0,1,1,0,,0,0,0,17,1,1,1,,0,40 03:05.086,,0,75 07:27.616,4,0,0,0,67301,0,0,0,N,0,0,0,3,67301,1,,1,1,,N,N,,0,,0,0,0,3,3,,1700,1,2,0,0,1,0,0,3,4,0,2,3,,N,,,,,,,,,,,