CRN,ARRIVAL_TM,AUTOMOBILE_COUNT,BELTED_DEATH_COUNT,BELTED_SUSP_SERIOUS_INJ_COUNT,BICYCLE_COUNT,BICYCLE_DEATH_COUNT,BICYCLE_SUSP_SERIOUS_INJ_COUNT,BUS_COUNT,CHLDPAS_DEATH_COUNT,CHLDPAS_SUSP_SERIOUS_INJ_COUNT,COLLISION_TYPE,COMM_VEH_COUNT,CONS_ZONE_SPD_LIM,COUNTY,CRASH_MONTH,CRASH_YEAR,DAY_OF_WEEK,DEC_LAT,DEC_LONG,DISPATCH_TM,DISTRICT,DRIVER_COUNT_16YR,DRIVER_COUNT_17YR,DRIVER_COUNT_18YR,DRIVER_COUNT_19YR,DRIVER_COUNT_20YR,DRIVER_COUNT_50_64YR,DRIVER_COUNT_65_74YR,DRIVER_COUNT_75PLUS,EST_HRS_CLOSED,FATAL_COUNT,HEAVY_TRUCK_COUNT,HORSE_BUGGY_COUNT,HOUR_OF_DAY,ILLUMINATION,INJURY_COUNT,INTERSECT_TYPE,INTERSECTION_RELATED,LANE_CLOSED,LATITUDE,LN_CLOSE_DIR,LOCATION_TYPE,LONGITUDE,MAX_SEVERITY_LEVEL,MCYCLE_DEATH_COUNT,MCYCLE_SUSP_SERIOUS_INJ_COUNT,MOTORCYCLE_COUNT,MUNICIPALITY,NONMOTR_COUNT,NONMOTR_DEATH_COUNT,NONMOTR_SUSP_SERIOUS_INJ_COUNT,NTFY_HIWY_MAINT,PED_COUNT,PED_DEATH_COUNT,PED_SUSP_SERIOUS_INJ_COUNT,PERSON_COUNT,POLICE_AGCY,POSSIBLE_INJ_COUNT,RDWY_SURF_TYPE_CD,RELATION_TO_ROAD,ROAD_CONDITION,ROADWAY_CLEARED,SCH_BUS_IND,SCH_ZONE_IND,SECONDARY_CRASH,SMALL_TRUCK_COUNT,SPEC_JURIS_CD,SUSP_MINOR_INJ_COUNT,SUSP_SERIOUS_INJ_COUNT,SUV_COUNT,TCD_FUNC_CD,TCD_TYPE,TFC_DETOUR_IND,TIME_OF_DAY,TOT_INJ_COUNT,TOTAL_UNITS,UNB_DEATH_COUNT,UNB_SUSP_SERIOUS_INJ_COUNT,UNBELTED_OCC_COUNT,UNK_INJ_DEG_COUNT,UNK_INJ_PER_COUNT,URBAN_AREA,URBAN_RURAL,VAN_COUNT,VEHICLE_COUNT,WEATHER1,WEATHER2,WORK_ZONE_IND,WORK_ZONE_LOC,WORK_ZONE_TYPE,WORKERS_PRES,WZ_CLOSE_DETOUR,WZ_FLAGGER,WZ_LAW_OFFCR_IND,WZ_LN_CLOSURE,WZ_MOVING,WZ_OTHER,WZ_SHLDER_MDN,WZ_WORKERS_INJ_KILLED
2007081666,1915.0,0,0,0,0,0,0,0,0,0,4,0,,67,6,2007,7,40.0079,-75.1723,1909.0,6,0,0,0,0,0,1,0,0,,0,0,0,19,1,3,1,,0,40 00:28.000,,0,75 10:20.286,8,0,0,0,67301,0,0,0,N,0,0,0,4,67301,0,,1,1,,N,N,,0,,0,0,2,0,0,,1905,3,2,0,0,0,3,0,3,4,0,2,3,,N,,,,,,,,,,,
2007081346,1754.0,1,0,0,0,0,0,0,0,0,4,0,,67,6,2007,3,40.0521,-75.0678,1754.0,6,0,0,0,0,0,0,0,0,,0,0,0,17,1,3,1,,0,40 03:07.000,,0,75 04:04.036,4,0,0,0,67301,0,0,0,N,0,0,0,3,67301,3,,1,1,,N,N,,0,,0,0,1,3,2,,1750,3,2,0,0,0,0,0,3,4,0,2,3,,N,,,,,,,,,,,
2007081714,1620.0,2,0,0,0,0,0,0,0,0,4,0,,67,6,2007,4,40.0504,-75.1539,1610.0,6,0,0,0,0,0,1,0,0,,0,0,0,15,1,2,2,,0,40 03:01.544,,0,75 09:14.155,8,0,0,0,67301,0,0,0,N,0,0,0,2,67301,0,,1,1,,N,N,,0,,0,0,0,0,0,,1521,2,2,0,0,0,2,0,3,4,0,2,3,,N,,,,,,,,,,,
2007081761,1403.0,1,0,0,0,0,0,0,0,0,5,0,,67,5,2007,4,39.9371,-75.2122,1357.0,6,0,0,0,0,0,0,0,0,2.0,0,0,0,13,1,2,2,,1,39 56:13.581,1.0,0,75 12:43.923,8,0,0,0,67301,0,0,0,,0,0,0,2,67301,0,,1,1,,N,,,1,,0,0,0,9,3,N,1357,2,2,0,0,0,2,0,3,4,0,2,3,,N,,,,,,,,,,,
2007116112,1430.0,1,0,0,0,0,0,0,0,0,7,0,,67,10,2007,4,39.9295,-75.1487,1427.0,6,0,0,0,0,0,0,0,1,,0,0,0,14,1,1,0,,0,39 55:46.041,,0,75 08:55.204,8,0,0,0,67301,0,0,0,,0,0,0,1,67301,0,,4,1,,,,,0,,0,0,0,0,0,,1427,1,1,0,0,0,1,0,3,4,0,1,3,,N,,,,,,,,,,,
2007127321,1948.0,3,0,0,0,0,0,0,0,0,1,0,,67,11,2007,1,39.9648,-75.1851,1946.0,6,0,0,0,0,0,1,0,0,1.0,0,0,0,19,3,0,0,,1,39 57:59.618,4.0,0,75 11:14.102,0,0,0,0,67301,0,0,0,N,0,0,0,5,68K01,0,,1,1,,N,N,,0,,0,0,0,0,0,N,1944,0,3,0,0,0,0,0,3,4,0,3,3,,N,,,,,,,,,,,
2007107845,1407.0,1,0,0,0,0,0,0,0,0,4,0,,67,9,2007,7,39.9634,-75.1694,1405.0,6,0,0,0,0,0,0,0,0,,0,0,0,14,1,1,1,,0,39 57:48.000,,0,75 10:09.870,4,0,0,0,67301,0,0,0,,0,0,0,3,67301,1,,1,1,,,,,0,,0,0,1,3,2,,1403,1,2,0,0,0,0,0,3,4,0,2,3,,N,,,,,,,,,,,
2007097790,1700.0,1,0,0,0,0,0,0,0,0,1,0,,67,7,2007,4,40.0443,-75.0541,1655.0,6,0,0,0,0,0,0,0,0,,0,0,0,16,1,2,2,,0,40 02:39.000,,0,75 03:14.767,8,0,0,0,67301,0,0,0,N,0,0,0,5,67301,0,,1,1,,N,N,,1,,0,0,0,3,2,,1650,2,2,0,0,0,2,0,3,4,0,2,3,,N,,,,,,,,,,,
2007097913,951.0,1,0,0,0,0,0,0,0,0,8,0,,67,6,2007,6,40.0142,-75.1415,949.0,6,0,0,0,0,0,0,0,0,,0,0,0,9,1,1,1,,0,40 00:51.170,,0,75 08:29.259,4,0,0,0,67301,1,0,0,N,1,0,0,2,67301,1,,1,9,,N,N,,0,,0,0,0,3,2,,949,1,2,0,0,0,0,1,3,4,0,1,7,,N,,,,,,,,,,,
2007105910,1605.0,0,0,0,0,0,0,0,0,0,1,0,,67,8,2007,2,40.0438,-75.1131,1600.0,6,0,0,0,0,0,1,0,0,,0,0,0,15,1,1,0,,0,40 02:45.000,,0,75 06:45.647,8,0,0,0,67301,0,0,0,N,0,0,0,5,67301,0,,1,1,,N,N,,1,,0,0,2,0,0,,1530,1,4,0,0,0,1,0,3,4,1,4,3,,N,,,,,,,,,,,
2007098497,637.0,2,0,0,0,0,0,0,0,0,4,0,,67,7,2007,1,39.9582,-75.2355,634.0,6,0,0,0,0,0,0,0,0,2.0,0,0,0,6,1,2,1,,1,39 57:29.000,5.0,0,75 14:07.850,3,0,0,0,67301,0,0,0,,0,0,0,2,67301,1,,1,1,,,,,0,,1,0,0,3,2,Y,630,2,2,0,0,0,0,0,3,4,0,2,3,,N,,,,,,,,,,,
2007098125,2013.0,2,0,0,0,0,0,0,0,0,4,0,,67,8,2007,2,39.9549,-75.1511,2013.0,6,0,0,0,0,0,1,0,0,3.0,0,0,0,19,3,1,1,,1,39 57:17.000,1.0,0,75 09:04.008,4,0,0,0,67301,0,0,0,N,0,0,0,2,67301,1,,1,9,,N,N,,0,,0,0,0,3,2,Y,1903,1,2,0,0,0,0,0,3,4,0,2,7,,N,,,,,,,,,,,
2007098127,1435.0,1,0,0,0,0,0,0,0,0,3,0,,67,7,2007,5,39.9738,-75.1641,1430.0,6,0,0,0,0,0,0,1,0,,0,0,0,14,1,1,0,,0,39 58:25.792,,0,75 09:50.598,4,0,0,0,67301,1,0,0,N,0,0,0,2,67301,1,,6,1,,N,N,,0,,0,0,0,0,0,,1430,1,2,0,0,1,0,0,3,4,0,2,3,,N,,,,,,,,,,,
2007098479,812.0,1,0,0,0,0,0,0,0,0,8,0,,67,5,2007,4,39.9359,-75.1618,810.0,6,0,0,0,0,0,0,0,0,,0,0,0,8,1,1,1,,0,39 56:09.117,,0,75 09:42.404,4,0,0,0,67301,1,0,0,N,1,0,0,2,67301,1,,1,1,,N,N,,0,,0,0,0,9,2,,810,1,2,0,0,0,0,1,3,4,0,1,3,,N,,,,,,,,,,,
2007098279,917.0,2,0,0,0,0,0,0,0,0,1,0,,67,7,2007,7,40.0531,-75.1499,923.0,6,0,0,0,0,0,0,0,0,,0,0,0,9,1,2,0,,0,40 03:11.311,,0,75 08:59.780,4,0,0,0,67301,0,0,0,N,0,0,0,2,67301,1,,1,1,,N,N,,0,,0,0,0,0,0,,904,2,2,0,0,0,1,0,3,4,0,2,3,,N,,,,,,,,,,,
2007093257,1436.0,1,0,0,0,0,0,0,0,0,8,0,,67,7,2007,6,39.9756,-75.1668,1434.0,6,0,0,0,0,0,0,0,0,,0,0,0,14,1,1,0,,0,39 58:32.100,,0,75 10:00.300,8,0,0,0,67301,1,0,0,N,1,0,0,2,67301,0,,1,1,,N,N,,0,,0,0,0,0,0,,1430,1,2,0,0,0,1,1,3,4,0,1,3,,N,,,,,,,,,,,
2007027514,1045.0,2,0,0,0,0,0,0,0,0,4,0,,67,1,2007,4,39.9834,-75.1191,1045.0,6,0,0,1,0,0,2,0,0,,0,0,0,10,1,2,1,,0,39 59:00.000,,0,75 07:08.922,4,0,0,0,67301,0,0,0,,0,0,0,3,67301,2,,1,1,,N,N,,1,,0,0,0,0,0,,1040,2,3,0,0,0,0,0,3,4,0,3,3,,N,,,,,,,,,,,
2007027670,1220.0,1,0,0,0,0,0,0,0,0,4,0,,67,1,2007,6,40.0341,-75.124,1215.0,6,0,0,0,0,0,2,0,0,,0,0,0,12,1,1,1,,0,40 02:02.731,,0,75 07:26.425,4,0,0,0,67301,0,0,0,N,0,0,0,2,67301,1,,1,9,,N,N,,1,,0,0,0,9,3,,1215,1,2,0,0,2,0,0,3,4,0,2,7,,N,,,,,,,,,,,
2007027678,1127.0,2,0,0,0,0,0,0,0,0,1,0,,67,1,2007,1,40.0549,-75.1545,1125.0,6,0,0,0,0,0,0,0,0,,0,0,0,11,1,1,1,,0,40 03:17.618,,0,75 09:16.149,4,0,0,0,67301,0,0,0,N,0,0,0,4,67301,1,,1,1,,N,N,,0,,0,0,0,3,2,,1120,1,2,0,0,0,0,0,3,4,0,2,3,,N,,,,,,,,,,,
2007027681,1659.0,2,0,0,0,0,0,0,0,0,1,0,,67,1,2007,3,40.0372,-75.1685,1659.0,6,0,0,0,0,0,0,0,0,,0,0,0,16,1,1,1,,0,40 02:13.833,,0,75 10:06.549,8,0,0,0,67301,0,0,0,,0,0,0,3,67301,0,,1,1,,N,N,,0,,0,0,0,0,0,,1630,1,2,0,0,0,1,2,3,4,0,2,3,,N,,,,,,,,,,,
2007071348,2059.0,1,0,0,1,0,0,0,0,0,5,0,,67,3,2007,5,39.9421,-75.1828,2053.0,6,0,0,0,0,0,0,0,0,,0,0,0,20,3,1,0,,0,39 56:31.500,,0,75 10:57.900,4,0,0,0,67301,1,0,0,N,0,0,0,2,67301,1,,1,9,,N,N,,0,,0,0,0,0,0,,2050,1,2,0,0,0,0,0,3,4,0,1,7,,N,,,,,,,,,,,
2007066382,1450.0,1,0,0,0,0,0,0,0,0,6,0,,67,5,2007,6,40.0219,-75.0691,1450.0,6,0,0,0,0,0,0,0,0,,0,0,0,13,1,1,1,,0,40 01:18.818,,0,75 04:08.687,8,0,0,0,67301,0,0,0,N,0,0,0,2,67301,0,,1,1,,N,N,,1,,0,0,0,0,0,,1340,1,2,0,0,0,1,0,3,4,0,2,3,,N,,,,,,,,,,,
2007066427,1650.0,1,0,0,0,0,0,0,0,0,5,0,,67,5,2007,1,39.9951,-75.1218,1645.0,6,0,0,0,0,0,0,0,0,,0,0,0,16,1,1,0,,0,39 59:42.378,,0,75 07:18.411,4,0,0,0,67301,0,0,0,N,0,0,0,1,67301,1,,1,1,,N,N,,0,,0,0,0,0,0,,1635,1,2,0,0,0,0,0,3,4,0,2,3,,N,,,,,,,,,,,
2007066494,850.0,1,0,0,0,0,0,0,0,0,6,1,,67,4,2007,2,39.9834,-75.2432,844.0,6,0,0,0,1,0,0,0,0,,0,1,0,8,1,1,2,,0,39 59:00.000,,0,75 14:35.451,8,0,0,0,67301,0,0,0,N,0,0,0,3,67301,0,,1,1,,N,N,,0,,0,0,0,3,3,,800,1,2,0,0,0,1,0,3,4,0,2,3,,N,,,,,,,,,,,
2007061551,1605.0,0,0,0,0,0,0,0,0,0,5,0,,67,5,2007,6,,,1600.0,6,0,0,0,0,0,0,0,0,,0,0,0,15,1,0,0,,0,,,0,,9,0,0,0,67301,0,0,0,N,0,0,0,2,68K01,0,,1,1,,N,N,,0,,0,0,1,0,0,,1548,0,2,0,0,0,0,1,3,3,0,2,3,,N,,,,,,,,,,,
2007080113,1740.0,1,0,0,0,0,0,0,0,0,1,0,,67,5,2007,5,39.9345,-75.2358,1733.0,6,0,0,0,0,0,1,0,0,,0,0,0,17,1,2,3,,0,39 56:04.200,,0,75 14:08.880,4,0,0,0,67301,0,0,0,N,0,0,0,4,67301,1,,1,1,,N,N,,1,,0,0,0,0,0,,1728,2,3,0,0,0,1,0,3,4,1,3,3,,N,,,,,,,,,,,
2007080135,9999.0,2,0,0,0,0,0,0,0,0,6,0,,67,6,2007,2,39.9533,-75.2366,9999.0,6,0,0,0,1,0,0,0,0,,0,0,0,6,1,1,1,,0,39 57:11.721,,0,75 14:11.587,4,0,0,0,67301,0,0,0,N,0,0,0,2,67301,1,,1,9,,N,N,,0,,0,0,0,3,2,,600,1,2,0,0,0,0,0,3,4,0,2,7,,N,,,,,,,,,,,
2007080150,1115.0,1,0,0,0,0,0,0,0,0,8,0,,67,6,2007,2,39.9616,-75.1529,1110.0,6,0,0,0,0,0,0,0,0,,0,0,0,9,1,1,1,,0,39 57:41.000,,0,75 09:10.538,4,0,0,0,67301,1,0,0,N,1,0,0,2,67301,1,,1,1,,N,N,,0,,0,0,0,3,2,,910,1,2,0,0,0,0,0,3,4,0,1,3,,N,,,,,,,,,,,
2007124132,435.0,3,0,0,0,0,0,0,0,0,2,0,,67,10,2007,1,40.0222,-75.1161,428.0,6,0,0,1,0,0,0,0,0,1.0,0,0,0,4,3,0,0,,1,40 01:19.915,1.0,0,75 06:57.972,0,0,0,0,67301,0,0,0,N,0,0,0,1,67301,0,,1,1,,N,N,,0,,0,0,0,0,0,N,413,0,4,0,0,0,0,0,3,4,1,4,3,,N,,,,,,,,,,,
2007124133,453.0,2,0,0,0,0,0,0,0,0,2,0,,67,10,2007,1,40.0039,-75.1322,449.0,6,0,0,0,0,0,0,0,0,,0,0,0,4,3,1,0,,0,40 00:13.983,,0,75 07:55.942,4,0,0,0,67301,0,0,0,N,0,0,0,3,67301,1,,1,1,,N,N,,1,,0,0,0,3,2,,449,1,5,0,0,0,0,1,3,4,2,5,3,,N,,,,,,,,,,,
2007127602,1515.0,1,0,0,0,0,0,0,0,0,8,0,,67,10,2007,5,40.0297,-75.1267,1515.0,6,0,0,0,0,0,0,0,0,,0,0,0,15,1,1,0,,0,40 01:46.975,,0,75 07:36.050,3,0,0,0,67301,1,0,0,N,1,0,0,1,67301,0,,1,1,,N,Y,,0,,1,0,0,0,0,,1510,1,2,0,0,0,0,0,3,4,0,1,3,,N,,,,,,,,,,,
2007126190,644.0,2,0,0,0,0,0,0,0,0,1,0,,67,11,2007,7,40.0836,-74.968,640.0,6,0,0,0,0,0,0,0,0,2.0,0,0,0,6,3,1,0,,2,40 05:01.000,3.0,0,74 58:04.930,4,0,0,0,67301,0,0,0,Y,0,0,0,2,67301,1,,1,1,,N,N,,0,,0,0,0,0,0,Y,632,1,2,0,0,0,0,0,3,4,0,2,3,,N,,,,,,,,,,,
2007123811,1810.0,2,0,0,0,0,0,0,0,0,5,0,,67,11,2007,5,40.0571,-75.0335,1800.0,6,0,0,0,0,0,1,0,0,,0,0,0,17,3,1,0,,0,40 03:25.000,,0,75 02:01.230,4,0,0,0,67301,0,0,0,N,0,0,0,2,67301,1,,1,1,,N,N,,0,,0,0,0,0,0,,1720,1,2,0,0,0,0,0,3,4,0,2,3,,N,,,,,,,,,,,
2007126608,2240.0,1,0,0,0,0,0,0,0,0,7,0,,67,10,2007,3,39.9169,-75.216,2240.0,6,0,0,0,0,0,0,0,0,,0,0,0,22,3,1,0,,0,39 55:02.000,,0,75 12:47.803,4,0,0,0,67301,0,0,0,N,0,0,0,1,67301,1,,5,1,,N,N,,0,,0,0,0,0,0,,2215,1,1,0,0,1,0,0,3,4,0,1,3,,N,,,,,,,,,,,
2007047748,1138.0,2,0,0,0,0,0,0,0,0,1,0,,67,2,2007,4,40.0145,-75.1311,1129.0,6,0,0,0,0,0,0,0,0,,0,0,0,11,1,1,3,,0,40 00:52.257,,0,75 07:52.047,4,0,0,0,67301,0,0,0,N,0,0,0,3,67301,1,,1,1,,N,N,,0,,0,0,0,3,2,,1120,1,2,0,0,0,0,0,3,4,0,2,3,,N,,,,,,,,,,,
2007047763,1310.0,1,0,0,0,0,0,0,0,0,2,0,,67,3,2007,4,39.994,-75.1181,1310.0,6,0,0,0,0,0,0,0,0,,0,0,0,13,1,1,1,,0,39 59:38.223,,0,75 07:04.994,4,0,0,0,67301,0,0,0,N,0,0,0,1,67301,1,,2,9,,N,N,,0,,0,0,2,0,0,,1310,1,3,0,0,1,0,0,3,4,0,3,10,,N,,,,,,,,,,,
2007116198,1935.0,0,0,0,0,0,0,0,0,0,8,0,,67,10,2007,7,40.1292,-75.0249,1925.0,6,0,0,0,0,0,0,0,0,,0,0,0,19,3,1,1,,0,40 07:44.000,,0,75 01:30.881,4,0,0,0,67301,1,0,0,,1,0,0,2,67301,1,,1,1,,N,N,,1,,0,0,0,3,2,,1912,1,2,0,0,0,0,0,3,4,0,1,3,,N,,,,,,,,,,,
2007116225,1535.0,2,0,0,0,0,0,0,0,0,1,0,,67,9,2007,6,40.0944,-75.0152,1535.0,6,0,0,0,0,0,2,0,0,,0,0,0,15,1,1,0,,0,40 05:40.000,,0,75 00:54.489,8,0,0,0,67301,0,0,0,N,0,0,0,3,67301,0,,1,1,,N,N,,1,,0,0,0,3,2,,1535,1,3,0,0,0,1,0,3,4,0,3,3,,N,,,,,,,,,,,
2007116259,1616.0,2,0,0,0,0,0,0,0,0,1,0,,67,10,2007,7,40.0468,-75.0149,1610.0,6,0,0,0,0,0,0,0,0,,0,0,0,16,1,1,1,,0,40 02:48.000,,0,75 00:53.503,8,0,0,0,67301,0,0,0,N,0,0,0,4,67301,0,,1,1,,N,N,,0,,0,0,0,3,2,,1605,1,2,0,0,0,1,0,3,4,0,2,3,,N,,,,,,,,,,,
2007106020,2045.0,1,0,0,0,0,0,0,0,0,6,0,,67,9,2007,6,40.0049,-75.1787,2042.0,6,0,0,0,0,0,0,0,1,,0,0,0,20,3,5,5,,0,40 00:17.000,,0,75 10:43.940,4,0,0,0,67301,0,0,0,N,0,0,0,6,67301,5,,1,1,,N,N,,0,,0,0,0,3,2,,2035,5,2,0,0,0,0,1,3,4,1,2,3,,N,,,,,,,,,,,
2007106364,2051.0,1,0,0,1,0,0,0,0,0,4,0,,67,8,2007,6,39.9981,-75.126,2044.0,6,0,0,0,0,0,1,0,0,,0,0,0,20,3,1,2,,0,39 59:53.000,,0,75 07:33.742,4,0,0,0,67301,1,0,0,N,0,0,0,2,67301,1,,1,1,,N,N,,0,,0,0,0,0,0,,2035,1,2,0,0,0,0,0,3,4,0,1,3,,N,,,,,,,,,,,
2007106367,645.0,1,0,0,1,0,0,0,0,0,4,0,,67,8,2007,6,39.9629,-75.1747,644.0,6,0,0,0,0,0,0,0,0,,0,0,0,6,1,1,1,,0,39 57:46.472,,0,75 10:29.056,4,0,0,0,67301,1,0,0,N,0,0,0,3,67301,1,,1,1,,N,N,,0,,0,0,0,3,2,,644,1,2,0,0,0,0,0,3,4,0,1,3,,N,,,,,,,,,,,
2007106514,1240.0,2,0,0,0,0,0,0,0,0,4,0,,67,8,2007,6,40.0169,-75.1496,1235.0,6,0,0,0,1,0,0,1,0,,0,0,0,22,3,1,1,,0,40 01:00.000,,0,75 08:58.459,3,0,0,0,67301,0,0,0,,0,0,0,3,67301,0,,1,1,,N,N,,0,,1,0,0,3,2,,2245,1,2,0,0,0,0,0,3,4,0,2,3,,N,,,,,,,,,,,
2007098758,1623.0,2,0,0,0,0,0,0,0,0,4,0,,67,9,2007,7,39.9484,-75.144,1621.0,6,0,0,0,0,0,1,0,0,2.0,0,0,0,16,1,0,2,,1,39 56:54.150,2.0,0,75 08:38.536,9,0,0,0,67301,0,0,0,Y,0,0,0,4,67301,0,,1,1,,N,N,,0,,0,0,0,2,2,Y,1620,0,2,0,0,0,0,2,3,4,0,2,3,,N,,,,,,,,,,,
2007098768,2047.0,1,0,0,0,0,0,0,0,0,7,0,,67,7,2007,5,40.0017,-75.1663,2045.0,6,0,0,0,0,0,0,0,0,,0,0,0,20,4,0,0,,0,40 00:05.979,,0,75 09:58.737,9,0,0,0,67301,0,0,0,N,0,0,0,1,67301,0,,2,1,,N,N,,0,,0,0,0,0,0,,2040,0,1,0,0,0,0,1,3,4,0,1,3,,N,,,,,,,,,,,
2007081658,1240.0,1,0,0,0,0,0,0,0,0,7,0,,67,6,2007,2,40.0309,-75.0218,1236.0,6,0,0,0,0,0,0,0,0,2.0,0,0,0,12,1,2,0,,2,40 01:49.000,2.0,0,75 01:19.404,3,0,0,0,67301,0,0,0,N,0,0,0,2,67301,1,,2,1,,N,N,,0,,1,0,1,0,0,N,1233,2,2,0,0,0,0,0,3,4,0,2,3,,N,,,,,,,,,,,
2007081664,1630.0,2,0,0,0,0,0,0,0,0,2,0,,67,6,2007,4,40.0107,-75.1627,1623.0,6,0,0,0,0,1,1,0,0,,0,0,0,16,1,1,1,,0,40 00:38.000,,0,75 09:45.580,8,0,0,0,67301,0,0,0,N,0,0,0,3,67301,0,,1,1,,N,N,,0,,0,0,0,3,3,,1615,1,2,0,0,0,1,0,3,4,0,2,3,,N,,,,,,,,,,,
2007081682,9999.0,1,0,0,1,0,0,0,0,0,8,0,,67,5,2007,3,39.9633,-75.1611,9999.0,6,0,0,0,0,0,0,0,0,,0,0,0,99,1,1,0,,0,39 57:47.000,,0,75 09:40.143,4,0,0,0,67301,1,0,0,,0,0,0,2,67301,1,,1,1,,,,,0,,0,0,0,0,0,,9999,1,2,0,0,0,0,1,3,4,0,1,3,,N,,,,,,,,,,,
2007081308,1409.0,1,0,0,0,0,0,0,0,0,4,0,,67,4,2007,3,39.9892,-75.1661,1403.0,6,0,0,0,0,0,0,0,0,,0,0,0,13,1,1,1,,0,39 59:21.067,,0,75 09:57.785,8,0,0,1,67301,0,0,0,N,0,0,0,2,67301,0,,1,1,,N,N,,0,,0,0,0,3,3,,1340,1,2,0,0,0,1,0,3,4,0,2,3,,N,,,,,,,,,,,
2007118094,1645.0,2,0,0,0,0,0,0,0,0,4,0,,67,10,2007,5,40.0641,-75.2396,1635.0,6,0,0,0,0,0,1,1,0,,0,0,0,16,1,0,1,,0,40 03:52.000,,0,75 14:23.056,0,0,0,0,67301,0,0,0,,0,0,0,3,67301,0,,1,1,,N,N,,0,,0,0,0,3,2,,1630,0,2,0,0,0,0,0,3,4,0,2,3,,N,,,,,,,,,,,
2007115685,1505.0,0,0,0,0,0,0,0,0,0,7,1,,67,9,2007,3,40.0504,-75.0861,1457.0,6,0,0,0,0,0,1,0,0,3.0,1,1,0,14,1,0,0,,2,40 03:01.000,5.0,0,75 05:09.844,1,0,0,0,67301,0,0,0,N,0,0,0,1,67301,0,2.0,4,9,,N,N,,0,0.0,0,0,0,0,0,Y,1456,0,1,0,0,0,0,0,3,4,0,1,7,,N,,,,,,,,,,,
2007116145,2335.0,1,0,0,0,0,0,0,0,0,7,0,,67,9,2007,3,39.971,-75.1239,2328.0,6,0,0,0,0,0,0,0,0,9.0,0,0,0,23,3,1,0,,1,39 58:21.000,1.0,0,75 07:17.811,8,0,0,0,67301,0,0,0,,0,0,0,1,67301,0,,2,1,,,,,0,,0,0,0,0,0,N,2325,1,1,0,0,0,1,0,3,4,0,1,3,,N,,,,,,,,,,,
2007123744,1206.0,1,0,0,1,0,0,0,0,0,2,0,,67,11,2007,2,40.0042,-75.0994,1206.0,6,0,0,0,0,0,0,0,0,2.0,0,0,0,11,1,2,1,,1,40 00:15.000,2.0,0,75 05:57.765,4,0,0,0,67301,1,0,0,N,0,0,0,3,67301,2,,1,1,,N,N,,0,,0,0,0,2,2,N,1138,2,2,0,0,0,0,0,3,4,0,1,3,,N,,,,,,,,,,,
2007123991,2029.0,2,0,0,0,0,0,0,0,0,5,0,,67,11,2007,6,39.9692,-75.2058,2025.0,6,0,0,0,0,0,0,0,0,,0,0,0,20,3,0,1,,0,39 58:09.267,,0,75 12:20.905,0,0,0,0,67301,0,0,0,N,0,0,0,2,67301,0,,1,1,,N,N,,0,,0,0,0,3,3,,2024,0,2,0,0,0,0,0,3,4,0,2,3,,N,,,,,,,,,,,
2007107962,1039.0,2,0,0,0,0,0,0,0,0,2,0,,67,9,2007,6,40.0319,-75.1315,1037.0,6,1,0,0,0,0,0,0,1,1.0,0,0,0,10,1,1,1,,1,40 01:54.735,5.0,0,75 07:53.327,4,0,0,0,67301,0,0,0,N,0,0,0,5,67301,1,,1,1,,N,N,,0,,0,0,1,3,2,Y,1035,1,3,0,0,0,0,0,3,4,0,3,3,,N,,,,,,,,,,,
2007100116,1305.0,2,0,0,0,0,0,0,0,0,1,0,,67,8,2007,4,39.9955,-75.1977,1303.0,6,0,0,0,0,0,0,0,1,,0,0,0,13,1,0,0,,0,39 59:44.000,,0,75 11:51.399,0,0,0,0,67301,0,0,0,N,0,0,0,3,68K01,0,,1,1,,N,N,,1,,0,0,0,0,0,,1300,0,3,0,0,0,0,0,3,4,0,3,3,,N,,,,,,,,,,,
2007097896,1905.0,1,0,0,1,0,0,0,0,0,4,0,,67,7,2007,5,39.9468,-75.1415,1902.0,6,0,0,0,0,0,0,0,0,,0,0,0,19,1,1,0,,0,39 56:48.000,,7,75 08:29.307,8,0,0,0,67301,1,0,0,,0,0,0,7,67301,0,,2,1,,N,N,,0,,0,0,0,0,0,,1900,1,2,0,0,0,1,0,3,4,0,1,3,,N,,,,,,,,,,,
2007095527,2041.0,0,0,0,0,0,0,0,0,0,7,0,,67,7,2007,1,40.0383,-75.2113,2040.0,6,0,0,0,0,0,0,0,0,,0,0,0,20,3,1,0,,0,40 02:18.000,,0,75 12:40.730,4,0,0,0,67301,0,0,0,,0,0,0,1,67301,1,,4,1,,,,,1,,0,0,0,0,0,,2037,1,1,0,0,1,0,0,3,4,0,1,3,,N,,,,,,,,,,,
2007095650,2137.0,1,0,0,0,0,0,0,0,0,1,0,,67,7,2007,5,40.0454,-75.0608,2137.0,6,0,0,0,0,0,0,0,0,,0,0,0,21,3,1,1,,0,40 02:43.000,,0,75 03:38.725,3,0,0,0,67301,0,0,0,N,0,0,0,3,67301,0,,1,1,,N,N,,0,,1,0,0,3,2,,2120,1,2,0,0,0,0,0,3,4,1,2,3,,N,,,,,,,,,,,
2007098485,1415.0,1,0,0,0,0,0,0,0,0,4,0,,67,8,2007,6,40.0146,-75.1567,1415.0,6,0,0,0,0,0,0,0,0,,1,0,0,14,1,0,1,,0,40 00:52.000,,0,75 09:24.063,1,1,0,1,67301,0,0,0,,0,0,0,4,67301,0,2.0,1,1,,N,N,,0,0.0,0,0,0,3,2,,1413,0,3,0,0,0,0,0,3,4,1,3,3,,N,,,,,,,,,,,