CRN,ARRIVAL_TM,AUTOMOBILE_COUNT,BELTED_DEATH_COUNT,BELTED_SUSP_SERIOUS_INJ_COUNT,BICYCLE_COUNT,BICYCLE_DEATH_COUNT,BICYCLE_SUSP_SERIOUS_INJ_COUNT,BUS_COUNT,CHLDPAS_DEATH_COUNT,CHLDPAS_SUSP_SERIOUS_INJ_COUNT,COLLISION_TYPE,COMM_VEH_COUNT,CONS_ZONE_SPD_LIM,COUNTY,CRASH_MONTH,CRASH_YEAR,DAY_OF_WEEK,DEC_LAT,DEC_LONG,DISPATCH_TM,DISTRICT,DRIVER_COUNT_16YR,DRIVER_COUNT_17YR,DRIVER_COUNT_18YR,DRIVER_COUNT_19YR,DRIVER_COUNT_20YR,DRIVER_COUNT_50_64YR,DRIVER_COUNT_65_74YR,DRIVER_COUNT_75PLUS,EST_HRS_CLOSED,FATAL_COUNT,HEAVY_TRUCK_COUNT,HORSE_BUGGY_COUNT,HOUR_OF_DAY,ILLUMINATION,INJURY_COUNT,INTERSECT_TYPE,INTERSECTION_RELATED,LANE_CLOSED,LATITUDE,LN_CLOSE_DIR,LOCATION_TYPE,LONGITUDE,MAX_SEVERITY_LEVEL,MCYCLE_DEATH_COUNT,MCYCLE_SUSP_SERIOUS_INJ_COUNT,MOTORCYCLE_COUNT,MUNICIPALITY,NONMOTR_COUNT,NONMOTR_DEATH_COUNT,NONMOTR_SUSP_SERIOUS_INJ_COUNT,NTFY_HIWY_MAINT,PED_COUNT,PED_DEATH_COUNT,PED_SUSP_SERIOUS_INJ_COUNT,PERSON_COUNT,POLICE_AGCY,POSSIBLE_INJ_COUNT,RDWY_SURF_TYPE_CD,RELATION_TO_ROAD,ROAD_CONDITION,ROADWAY_CLEARED,SCH_BUS_IND,SCH_ZONE_IND,SECONDARY_CRASH,SMALL_TRUCK_COUNT,SPEC_JURIS_CD,SUSP_MINOR_INJ_COUNT,SUSP_SERIOUS_INJ_COUNT,SUV_COUNT,TCD_FUNC_CD,TCD_TYPE,TFC_DETOUR_IND,TIME_OF_DAY,TOT_INJ_COUNT,TOTAL_UNITS,UNB_DEATH_COUNT,UNB_SUSP_SERIOUS_INJ_COUNT,UNBELTED_OCC_COUNT,UNK_INJ_DEG_COUNT,UNK_INJ_PER_COUNT,URBAN_AREA,URBAN_RURAL,VAN_COUNT,VEHICLE_COUNT,WEATHER1,WEATHER2,WORK_ZONE_IND,WORK_ZONE_LOC,WORK_ZONE_TYPE,WORKERS_PRES,WZ_CLOSE_DETOUR,WZ_FLAGGER,WZ_LAW_OFFCR_IND,WZ_LN_CLOSURE,WZ_MOVING,WZ_OTHER,WZ_SHLDER_MDN,WZ_WORKERS_INJ_KILLED
2007093183,1037.0,1,0,0,0,0,0,0,0,0,7,0,,67,7,2007,3,39.9384,-75.1612,1035.0,6,0,0,0,0,0,0,0,0,,0,0,0,10,1,1,1,,0,39 56:18.240,,0,75 09:40.442,8,0,0,0,67301,0,0,0,N,0,0,0,1,67301,0,,5,1,,N,N,,0,,0,0,0,3,2,,1035,1,1,0,0,1,1,0,3,4,0,1,3,,N,,,,,,,,,,,
2007093230,853.0,1,0,0,0,0,0,0,0,0,4,0,,67,7,2007,3,40.0673,-75.0088,850.0,6,0,0,0,0,0,0,1,0,,0,0,0,8,1,1,1,,0,40 04:02.000,,0,75 00:31.885,4,0,0,0,67301,0,0,0,N,0,0,0,3,67301,1,,1,1,,N,N,,1,,0,0,0,9,3,,849,1,2,0,0,0,0,0,3,4,0,2,3,,N,,,,,,,,,,,
2007098266,825.0,1,0,0,0,0,0,0,0,0,8,0,,67,8,2007,4,39.9588,-75.1892,823.0,6,0,0,0,0,0,1,0,0,1.0,0,0,0,8,1,1,1,,1,39 57:31.698,1.0,0,75 11:21.177,3,0,0,0,67301,1,0,0,N,1,0,0,2,67301,0,,1,1,,N,N,,0,,1,0,0,3,3,N,820,1,2,0,0,0,0,0,3,4,0,1,3,,N,,,,,,,,,,,
2007022366,216.0,1,0,0,0,0,0,0,0,0,8,0,,67,1,2007,2,39.9524,-75.1549,103.0,6,0,0,0,0,0,0,0,0,,0,0,0,1,3,1,1,,0,39 57:08.535,,0,75 09:17.776,4,0,0,0,67301,1,0,0,N,1,0,0,2,67301,1,,1,9,,N,N,,0,,0,0,0,3,3,,103,1,2,0,0,0,0,1,3,4,0,1,7,,N,,,,,,,,,,,
2007030086,725.0,1,0,0,0,0,0,0,0,0,2,0,,67,1,2007,5,40.0204,-75.1593,720.0,6,0,0,0,0,0,0,0,0,,0,0,0,7,1,2,0,,0,40 01:13.588,,0,75 09:33.342,4,0,0,0,67301,0,0,0,N,0,0,0,3,67301,2,,1,9,,N,N,,0,,0,0,1,0,0,,710,2,2,0,0,0,0,0,3,4,0,2,7,,N,,,,,,,,,,,
2007022511,1550.0,2,0,0,0,0,0,0,0,0,2,0,,67,1,2007,6,39.9703,-75.1897,1546.0,6,0,0,0,1,0,1,0,0,1.0,0,0,0,15,1,4,0,,1,39 58:13.000,5.0,0,75 11:23.365,8,0,0,0,67301,0,0,0,N,0,0,0,4,67301,0,,1,9,,N,N,,0,,0,0,0,0,0,Y,1545,4,2,0,0,0,4,0,3,4,0,2,7,,N,,,,,,,,,,,
2007027478,843.0,2,0,0,0,0,0,0,0,0,1,0,,67,1,2007,6,39.9336,-75.159,842.0,6,0,0,0,0,0,0,0,0,,0,0,0,8,1,2,1,,0,39 56:00.783,,0,75 09:32.482,8,0,0,0,67301,0,0,0,N,0,0,0,3,67301,0,,1,2,,N,N,,0,,0,0,0,9,3,,842,2,2,0,0,0,2,0,3,4,0,2,98,,N,,,,,,,,,,,
2007027493,1705.0,2,0,0,0,0,0,0,0,0,4,0,,67,1,2007,1,39.9454,-75.164,1706.0,6,0,0,0,0,0,0,0,0,,0,0,0,16,3,2,1,,0,39 56:43.479,,0,75 09:50.266,4,0,0,0,67301,0,0,0,N,0,0,0,6,67301,1,,1,9,,N,N,,0,,0,0,0,9,3,,1645,1,2,0,0,0,0,0,3,4,0,2,7,,N,,,,,,,,,,,
2007027543,1143.0,0,0,0,0,0,0,0,0,0,8,0,,67,1,2007,6,39.9416,-75.1725,1141.0,6,0,0,0,0,0,0,0,0,,0,1,0,11,1,1,1,,0,39 56:29.774,,0,75 10:21.075,8,0,0,0,67301,1,0,0,,1,0,0,2,67301,0,,4,9,,N,N,,0,,0,0,0,3,3,,1141,1,2,0,0,0,1,0,3,4,0,1,7,,N,,,,,,,,,,,
2007027680,1940.0,0,0,0,0,0,0,0,0,0,8,0,,67,1,2007,6,40.061,-75.1863,1935.0,6,0,0,0,0,0,0,0,0,,0,0,0,19,3,1,1,,0,40 03:39.520,,0,75 11:10.507,4,0,0,0,67301,1,0,0,N,1,0,0,2,67301,1,,1,9,,N,N,,0,,0,0,1,9,3,,1906,1,2,0,0,0,0,0,3,4,0,1,7,5.0,N,,,,,,,,,,,
2007027774,2159.0,1,0,0,0,0,0,0,0,0,7,0,,67,1,2007,7,40.0206,-75.1407,2158.0,6,0,0,0,0,1,0,0,0,3.0,0,0,0,21,3,0,0,,1,40 01:14.000,2.0,0,75 08:25.226,0,0,0,0,67301,0,0,0,Y,0,0,0,1,67301,0,,3,1,,N,N,,0,,0,0,0,0,0,N,2157,0,1,0,0,0,0,0,3,4,0,1,3,,N,,,,,,,,,,,
2007022821,1205.0,1,0,0,0,0,0,0,0,0,7,0,,67,1,2007,6,40.0885,-75.0578,1202.0,6,0,0,0,0,0,0,0,1,,0,0,0,12,1,1,0,,0,40 05:18.000,,0,75 03:28.117,4,0,0,0,67301,0,0,0,N,0,0,0,1,67301,1,,4,2,,N,N,,0,,0,0,0,0,0,,1200,1,1,0,0,0,0,0,3,4,0,1,3,,N,,,,,,,,,,,
2007022778,1801.0,0,0,0,0,0,0,0,0,0,4,0,,67,1,2007,6,40.031,-75.0359,1759.0,6,0,0,0,0,0,1,0,0,,0,0,0,17,3,1,0,,0,40 01:51.534,,0,75 02:09.313,4,0,0,0,67301,0,0,0,N,0,0,0,3,67301,1,,1,1,,N,N,,0,,0,0,2,0,0,,1711,1,2,0,0,0,0,0,3,4,0,2,3,,N,,,,,,,,,,,
2007022807,1759.0,2,0,0,0,0,0,0,0,0,4,0,,67,1,2007,5,40.0144,-75.153,1757.0,6,0,0,0,0,0,0,0,0,,0,0,0,17,3,1,2,,0,40 00:51.708,,0,75 09:10.931,4,0,0,0,67301,0,0,0,Y,0,0,0,2,67301,1,,1,9,,N,N,,0,,0,0,0,9,3,,1755,1,2,0,0,0,0,0,3,4,0,2,7,,N,,,,,,,,,,,
2007096734,1524.0,0,0,0,0,0,0,0,0,0,8,0,,67,6,2007,5,40.0021,-75.1695,1516.0,6,0,0,0,0,0,0,0,0,,0,0,0,14,1,1,0,,0,40 00:07.477,,0,75 10:10.336,4,0,0,0,67301,1,0,0,N,1,0,0,2,67301,1,,1,1,,N,N,,1,,0,0,0,0,0,,1450,1,2,0,0,0,0,0,3,4,0,1,3,,N,,,,,,,,,,,
2007056204,919.0,1,0,0,0,0,0,0,0,0,5,0,,67,4,2007,6,40.0081,-75.2019,909.0,6,0,0,0,0,0,0,0,0,,0,0,0,9,1,1,0,,0,40 00:28.000,,0,75 12:04.919,4,0,0,0,67301,0,0,0,N,0,0,0,4,68K01,1,,1,9,,N,N,,1,,0,0,1,0,0,,908,1,3,0,0,0,0,0,3,4,0,3,7,,N,,,,,,,,,,,
2007056392,438.0,0,0,0,0,0,0,0,0,0,7,0,,67,3,2007,7,39.8948,-75.2369,426.0,6,0,0,0,0,0,0,0,0,,0,0,0,4,3,0,0,,0,39 53:41.000,,0,75 14:12.833,0,0,0,0,67301,0,0,0,,0,0,0,1,67301,0,,3,9,,N,N,,0,,0,0,1,0,0,,411,0,1,0,0,0,0,0,3,4,0,1,7,,N,,,,,,,,,,,
2007056464,151.0,1,0,0,0,0,0,0,0,0,4,0,,67,4,2007,4,40.0086,-75.2108,151.0,6,0,0,0,0,0,0,0,0,9.0,0,0,0,1,3,0,1,,1,40 00:30.600,1.0,0,75 12:39.960,0,0,0,0,67301,0,0,0,N,0,0,0,2,67301,0,,1,1,,N,N,,0,,0,0,1,3,2,N,151,0,2,0,0,0,0,0,3,4,0,2,3,,N,,,,,,,,,,,
2007056567,1702.0,1,0,0,1,0,0,0,0,0,1,0,,67,3,2007,4,40.0246,-75.0832,1700.0,6,0,0,0,0,0,1,0,0,,0,0,0,15,1,1,1,,0,40 01:28.660,,0,75 04:59.685,4,0,0,0,67301,1,0,0,N,0,0,0,2,67301,1,,1,1,,N,N,,0,,0,0,0,0,0,,1545,1,2,0,0,1,0,0,3,4,0,1,3,,N,,,,,,,,,,,
2007056581,9999.0,2,0,0,0,0,0,0,0,0,4,0,,67,3,2007,7,40.0079,-75.1597,9999.0,6,0,1,0,0,0,0,0,0,,0,0,0,99,3,3,1,,0,40 00:28.461,,0,75 09:34.883,4,0,0,0,67301,0,0,0,,0,0,0,5,67301,3,,1,1,,,,,0,,0,0,0,0,0,,9999,3,2,0,0,0,0,0,3,4,0,2,3,,N,,,,,,,,,,,
2007056582,1330.0,2,0,0,0,0,0,0,0,0,4,0,,67,4,2007,7,40.0016,-75.1528,1323.0,6,0,0,0,1,0,0,0,0,,0,0,0,99,1,0,1,,0,40 00:05.000,,0,75 09:10.529,0,0,0,0,67301,0,0,0,,0,0,0,5,67301,0,,1,1,,,,,0,,0,0,0,3,2,,9999,0,2,0,0,0,0,0,3,4,0,2,3,,N,,,,,,,,,,,
2007051274,459.0,2,0,0,0,0,0,0,0,0,8,0,,67,3,2007,1,40.0765,-75.1949,454.0,6,0,0,0,1,0,0,0,0,,0,0,0,4,3,0,1,,0,40 04:35.197,,0,75 11:42.089,0,0,0,0,67301,0,0,0,N,0,0,0,2,67301,0,,1,9,,N,N,,0,,0,0,0,3,2,,434,0,2,0,0,0,0,0,3,4,0,2,7,,N,,,,,,,,,,,
2007057390,1330.0,1,0,0,0,0,0,0,0,0,6,0,,67,3,2007,1,40.0105,-75.1,1315.0,6,0,0,0,0,0,0,0,0,1.0,0,0,0,13,1,1,0,,1,40 00:37.674,3.0,7,75 05:59.884,3,0,0,1,67301,0,0,0,N,0,0,0,2,67301,0,,1,1,,N,N,,0,,1,0,0,0,0,N,1305,1,2,0,0,0,0,0,3,4,0,2,3,,N,,,,,,,,,,,
2007057391,1913.0,2,0,0,0,0,0,0,0,0,4,0,,67,4,2007,2,40.0179,-75.1493,1911.0,6,0,1,0,0,0,1,0,0,,0,0,0,19,1,2,1,,0,40 01:04.000,,0,75 08:57.650,3,0,0,0,67301,0,0,0,N,0,0,0,3,67301,1,,1,1,,N,N,,0,,1,0,0,3,2,,1909,2,2,0,0,0,0,0,3,4,0,2,3,,N,,,,,,,,,,,
2007057516,1915.0,2,0,0,0,0,0,0,0,0,1,0,,67,4,2007,6,40.0365,-75.1828,1910.0,6,0,0,0,0,0,0,0,0,,0,0,0,18,1,1,0,,0,40 02:11.253,,0,75 10:58.097,4,0,0,0,67301,0,0,0,N,0,0,0,3,67301,1,,1,1,,N,N,,0,,0,0,0,0,0,,1840,1,2,0,0,0,0,1,3,4,0,2,3,,N,,,,,,,,,,,
2007098984,2031.0,1,0,0,0,0,0,0,0,0,1,0,,67,7,2007,7,39.9594,-75.2052,2030.0,6,0,0,0,0,0,0,0,1,1.0,0,0,0,20,3,0,0,,1,39 57:33.897,1.0,0,75 12:18.651,0,0,0,0,67301,0,0,0,N,0,0,0,1,67301,0,,6,1,,N,N,,0,,0,0,1,0,0,N,2022,0,2,0,0,0,0,0,3,4,0,2,3,,N,,,,,,,,,,,
2007067259,1743.0,2,0,0,0,0,0,0,0,0,2,0,,67,5,2007,3,39.9863,-75.1119,1739.0,6,0,0,0,0,0,1,0,0,,0,0,0,17,1,1,1,,0,39 59:10.687,,0,75 06:42.883,4,0,0,0,67301,0,0,0,N,0,0,0,3,67301,1,,1,1,,N,N,,0,,0,0,0,3,3,,1735,1,2,0,0,0,0,0,3,4,0,2,3,,N,,,,,,,,,,,
2007067361,1706.0,0,0,0,0,0,0,0,0,0,8,0,,67,5,2007,5,40.0131,-75.1376,1702.0,6,0,0,0,0,0,0,0,0,,0,0,0,16,1,1,0,,0,40 00:47.138,,0,75 08:15.518,8,0,0,0,67301,1,0,0,,1,0,0,2,67301,0,,1,1,,,,,0,,0,0,0,0,0,,1655,1,2,0,0,0,1,0,3,4,1,1,3,,N,,,,,,,,,,,
2007067370,1045.0,5,0,0,0,0,0,0,0,0,4,0,,67,5,2007,4,39.9587,-75.1454,1639.0,6,0,0,0,0,0,0,1,0,,0,0,0,10,1,1,1,,0,39 57:31.482,,0,75 08:43.587,4,0,0,0,67301,0,0,0,,0,0,0,3,67301,1,,1,1,,,,,0,,0,0,0,9,3,,1035,1,5,0,0,0,0,0,3,4,0,5,3,,N,,,,,,,,,,,
2007067208,1615.0,1,0,0,0,0,0,0,0,0,1,0,,67,5,2007,1,39.9985,-75.1293,1600.0,6,0,0,0,0,0,2,0,0,,0,0,0,14,1,1,1,,0,39 59:54.000,,0,75 07:45.411,4,0,0,0,67301,0,0,0,N,0,0,0,3,67301,1,,1,1,,N,N,,0,,0,0,1,3,2,,1445,1,2,0,0,0,0,0,3,4,0,2,3,,N,,,,,,,,,,,
2007099081,2034.0,1,0,0,0,0,0,0,0,0,5,0,,67,8,2007,7,40.0076,-75.0859,2032.0,6,0,0,1,0,0,0,0,0,,0,0,0,20,3,1,2,,0,40 00:26.000,,0,75 05:10.651,8,0,0,0,67301,0,0,0,N,0,0,0,2,67301,0,,1,1,,N,N,,1,,0,0,0,3,3,,2030,1,3,0,0,0,1,0,3,4,1,3,3,,N,,,,,,,,,,,
2007029583,1846.0,0,0,0,0,0,0,0,0,0,1,0,,67,1,2007,5,39.9503,-75.234,1844.0,6,0,0,0,0,0,0,0,0,2.0,0,0,0,18,3,1,0,,2,39 57:01.206,3.0,0,75 14:02.238,8,0,0,0,67301,0,0,0,N,0,0,0,3,67301,0,,1,9,,N,N,,1,,0,0,1,0,0,Y,1844,1,2,0,0,0,1,0,3,4,0,2,3,,N,,,,,,,,,,,
2007029591,2200.0,2,0,0,0,0,0,0,0,0,2,0,,67,1,2007,7,40.0532,-75.1221,2148.0,6,0,0,0,1,0,0,0,0,,0,0,0,21,3,1,5,,0,40 03:11.000,,0,75 07:19.656,8,0,0,0,67301,0,0,0,N,0,0,0,5,67301,0,,1,1,,N,N,,0,,0,0,0,3,2,,2145,1,2,0,0,5,1,0,3,4,0,2,3,,N,,,,,,,,,,,
2007120867,243.0,2,0,0,0,0,0,0,0,0,4,0,,67,10,2007,1,39.9,-75.1594,234.0,6,0,0,0,1,0,0,0,0,1.0,0,0,0,99,3,3,0,,1,39 54:06.000,1.0,0,75 09:05.571,3,0,0,0,67301,0,0,0,N,0,0,0,4,67301,2,,1,1,,N,N,,0,,1,0,0,0,0,N,9999,3,2,0,0,0,0,0,3,4,0,2,3,,N,,,,,,,,,,,
2007128149,1544.0,0,0,0,0,0,0,0,0,0,8,0,,67,10,2007,5,39.9514,-75.1551,1535.0,6,0,0,0,0,0,0,0,0,,0,0,0,15,1,1,1,,0,39 57:04.000,,0,75 09:18.486,8,0,0,0,67301,1,0,0,N,1,0,0,4,67301,0,,1,1,,N,N,,1,,0,0,0,3,2,,1520,1,2,0,0,0,1,0,3,4,0,1,3,,N,,,,,,,,,,,
2007095074,1305.0,3,0,0,0,0,0,0,0,0,1,0,,67,7,2007,7,40.0064,-75.2152,1250.0,6,0,0,0,0,0,0,0,0,,0,0,0,12,1,3,0,,0,40 00:23.000,,0,75 12:54.909,4,0,0,0,67301,0,0,0,N,0,0,0,6,67301,3,,1,1,,N,N,,0,,0,0,0,3,2,,1250,3,3,0,0,0,0,0,3,4,0,3,3,,N,,,,,,,,,,,
2007092759,1840.0,0,0,0,0,0,0,0,0,0,7,0,,67,7,2007,7,39.9996,-75.1906,1840.0,6,0,0,0,0,0,0,0,0,,0,0,0,18,1,1,0,,0,40 00:15.000,,0,75 11:26.457,8,0,0,1,67301,0,0,0,,0,0,0,1,67301,0,,2,1,,,,,0,,0,0,0,0,0,,1835,1,1,0,0,0,1,0,3,4,0,1,3,,N,,,,,,,,,,,
2007092410,1510.0,1,0,0,0,0,0,0,0,0,4,0,,67,7,2007,4,39.9637,-75.2291,1503.0,6,0,0,0,0,0,1,1,0,,0,0,0,15,1,0,2,,0,39 57:49.284,,0,75 13:44.871,0,0,0,0,67301,0,0,0,N,0,0,0,2,67301,0,,1,1,,N,N,,1,,0,0,0,3,3,,1502,0,2,0,0,0,0,0,3,4,0,2,3,,N,,,,,,,,,,,
2007120686,106.0,1,0,0,0,0,0,0,0,0,8,0,,67,9,2007,6,39.9972,-75.1673,1258.0,6,0,0,0,0,0,0,0,0,,0,0,0,99,1,1,1,,0,39 59:49.970,,0,75 10:02.157,3,0,0,0,67301,1,0,0,N,1,0,0,2,67301,0,,1,1,,N,N,,0,,1,0,0,3,2,,9999,1,2,0,0,0,0,0,3,4,0,1,3,,N,,,,,,,,,,,
2007107110,9999.0,1,0,0,0,0,0,0,0,0,8,0,,67,9,2007,3,39.9872,-75.1088,9999.0,6,0,0,0,0,0,0,0,0,,0,0,0,99,3,1,1,,0,39 59:14.000,,0,75 06:31.807,8,0,0,0,67301,1,0,0,N,1,0,0,2,67301,0,,1,1,,N,N,,0,,0,0,0,0,0,,9999,1,2,0,0,0,1,0,3,4,0,1,3,,N,,,,,,,,,,,
2007109658,811.0,0,0,0,0,0,0,0,0,0,4,0,,67,9,2007,6,40.0359,-75.1266,807.0,6,0,0,0,0,0,0,0,0,,0,0,0,8,1,0,1,,0,40 02:09.000,,0,75 07:35.780,0,0,0,0,67301,0,0,0,N,0,0,0,2,67301,0,,1,1,,N,N,,0,,0,0,1,9,3,,806,0,2,0,0,0,0,0,3,4,1,2,3,,N,,,,,,,,,,,
2007027888,1740.0,2,0,0,0,0,0,0,0,0,1,0,,67,1,2007,3,40.0031,-75.1283,1733.0,6,0,0,0,0,0,0,0,0,,0,0,0,99,3,1,1,,0,40 00:11.163,,0,75 07:41.800,4,0,0,0,67301,0,0,0,,0,0,0,4,67301,1,,1,1,,N,N,,0,,0,0,0,3,2,,9999,1,2,0,0,0,0,0,3,4,0,2,3,,N,,,,,,,,,,,
2007027950,1610.0,2,0,0,0,0,0,0,0,0,1,0,,67,1,2007,6,40.0324,-75.0807,1550.0,6,0,0,0,0,0,0,0,0,,0,0,0,15,1,3,0,,0,40 01:56.000,,0,75 04:49.500,4,0,0,0,67301,0,0,0,N,0,0,0,4,67301,3,,1,1,,N,N,,0,,0,0,0,3,2,,1540,3,2,0,0,0,0,0,3,4,0,2,3,,N,,,,,,,,,,,
2007117208,2110.0,2,0,0,0,0,0,0,0,0,4,0,,67,10,2007,4,40.0072,-75.1419,2100.0,6,0,0,0,0,0,0,0,0,,0,0,0,21,3,1,1,,0,40 00:25.948,,0,75 08:31.009,8,0,0,0,67301,0,0,0,,0,0,0,3,67301,0,,1,1,,,,,0,,0,0,0,0,0,,2100,1,2,0,0,3,1,0,3,4,0,2,3,,N,,,,,,,,,,,
2007117221,1225.0,2,0,0,0,0,0,0,0,0,5,0,,67,10,2007,1,40.0295,-75.1191,1222.0,6,0,0,0,0,0,0,0,0,,0,0,0,11,1,1,1,,0,40 01:46.089,,0,75 07:08.659,4,0,0,0,67301,0,0,0,N,0,0,0,2,67301,1,,1,1,,N,N,,0,,0,0,0,3,3,,1130,1,2,0,0,0,0,0,3,4,0,2,3,,N,,,,,,,,,,,
2007112063,1806.0,1,0,0,0,0,0,0,0,0,5,0,,67,9,2007,7,,,1805.0,6,0,0,1,0,0,0,0,0,,0,0,0,18,1,1,0,,0,,,3,,8,0,0,1,67301,0,0,0,N,0,0,0,4,67501,0,,1,1,,N,N,,0,,0,0,0,3,8,,1803,1,2,0,0,0,1,0,3,3,0,2,3,,N,,,,,,,,,,,
2007056361,1955.0,1,0,0,0,0,0,0,0,0,1,0,,67,4,2007,5,40.058,-74.9878,1949.0,6,0,0,0,0,0,0,1,0,1.0,0,0,0,19,3,1,0,,1,40 03:13.000,3.0,0,74 58:59.934,4,0,0,0,67301,0,0,0,N,0,0,0,1,67301,1,,2,1,,N,N,,0,,0,0,1,0,0,N,1945,1,2,0,0,0,0,0,3,4,0,2,3,,N,,,,,,,,,,,
2007056485,235.0,1,0,0,0,0,0,0,0,0,8,0,,67,3,2007,4,,,232.0,6,0,0,0,0,0,0,0,0,,0,0,0,2,3,1,0,,0,,,0,,8,0,0,0,67301,1,0,0,N,1,0,0,2,67301,0,,1,1,,N,N,,0,,0,0,0,0,0,,230,1,2,0,0,0,1,1,3,3,0,1,3,,N,,,,,,,,,,,
2007056490,845.0,2,0,0,0,0,0,0,0,0,4,0,,67,4,2007,3,39.9491,-75.2475,843.0,6,0,0,0,0,0,0,0,1,,0,0,0,8,1,1,1,,0,39 56:56.925,,0,75 14:51.046,4,0,0,0,67301,0,0,0,N,0,0,0,2,67301,1,,1,1,,N,N,,0,,0,0,0,3,3,,842,1,2,0,0,0,0,1,3,4,0,2,3,,N,,,,,,,,,,,
2007057381,1836.0,2,0,0,0,0,0,0,0,0,1,0,,67,4,2007,7,39.9531,-75.1819,1832.0,6,0,0,0,0,0,2,0,0,,0,0,0,18,1,1,1,,0,39 57:11.198,,0,75 10:54.916,4,0,0,0,67301,0,0,0,N,0,0,0,3,67301,1,,1,1,,N,N,,0,,0,0,0,3,2,,1822,1,2,0,0,0,0,0,3,4,0,2,3,,N,,,,,,,,,,,
2007098976,345.0,1,0,0,0,0,0,0,0,0,7,0,,67,7,2007,5,,,345.0,6,0,0,0,0,0,0,0,0,,0,0,0,3,3,0,0,,0,,,0,,0,0,0,0,67301,0,0,0,N,0,0,0,1,67301,0,,2,1,,N,N,,0,,0,0,0,0,0,,340,0,1,0,0,0,0,0,3,3,0,1,3,,N,,,,,,,,,,,
2007098977,1758.0,1,0,0,0,0,0,0,0,0,1,0,,67,7,2007,7,40.0475,-75.1428,1754.0,6,0,0,0,0,0,0,1,0,,0,0,0,17,1,1,1,,0,40 02:50.000,,0,75 08:34.014,4,0,0,0,67301,0,0,0,N,0,0,0,5,67301,1,,1,1,,N,N,,0,,0,0,1,3,2,,1754,1,2,0,0,0,0,0,3,4,0,2,3,,N,,,,,,,,,,,
2007088827,1431.0,2,0,0,0,0,0,0,0,0,1,0,,67,7,2007,6,39.9593,-75.1808,1403.0,6,0,0,0,0,1,0,0,0,,0,0,0,14,1,0,0,,0,39 57:32.000,,0,75 10:50.561,0,0,0,0,67301,0,0,0,N,0,0,0,3,68K01,0,,1,1,,N,N,,0,,0,0,1,0,0,,1403,0,3,0,0,0,0,0,3,4,0,3,3,,N,,,,,,,,,,,
2007067273,1732.0,3,0,0,0,0,0,0,0,0,1,0,,67,4,2007,2,39.9374,-75.1986,1727.0,6,0,0,0,0,0,1,0,0,2.0,0,0,0,17,1,4,0,,1,39 56:21.000,4.0,0,75 11:47.903,3,0,0,0,67301,0,0,0,N,0,0,0,6,67301,0,,1,1,,N,N,,0,,4,0,0,0,0,N,1725,4,3,0,0,2,0,1,3,4,0,3,3,,N,,,,,,,,,,,
2007067279,1300.0,3,0,0,0,0,0,0,0,0,1,0,,67,5,2007,4,,,1300.0,6,0,0,0,0,0,0,0,0,1.0,0,0,0,12,1,0,0,,1,,1.0,0,,0,0,0,0,67301,0,0,0,N,0,0,0,3,67301,0,,1,1,,N,N,,0,,0,0,0,3,2,N,1255,0,3,0,0,0,0,0,3,3,0,3,3,,N,,,,,,,,,,,
2007067296,1352.0,2,0,0,0,0,0,1,0,0,5,1,,67,5,2007,1,40.0184,-75.1732,1349.0,6,0,0,0,0,0,1,0,1,,0,0,0,13,1,3,2,,0,40 01:06.000,,0,75 10:23.598,4,0,0,0,67301,0,0,0,,0,0,0,5,67301,1,,1,1,,,,,0,,0,0,0,0,0,,1344,3,3,0,0,0,2,0,3,4,0,3,3,,N,,,,,,,,,,,
2007067219,300.0,1,0,0,0,0,0,0,0,0,7,0,,67,4,2007,7,40.0243,-75.1304,256.0,6,0,0,0,0,0,0,0,0,1.0,0,0,0,2,3,1,1,,1,40 01:27.000,1.0,0,75 07:49.414,3,0,0,0,67301,0,0,0,,0,0,0,1,67301,0,,3,9,,,,,0,,1,0,0,9,2,Y,255,1,1,0,0,0,0,0,3,4,0,1,7,,N,,,,,,,,,,,
2007067092,2152.0,4,0,0,0,0,0,0,0,0,1,0,,67,5,2007,7,40.0474,-75.078,2152.0,6,0,0,0,0,0,1,0,0,,0,0,0,21,3,1,1,,0,40 02:50.643,,0,75 04:40.796,8,0,0,0,67301,0,0,0,N,0,0,0,4,67301,0,,1,9,,N,N,,0,,0,0,0,3,2,,2147,1,6,0,0,0,1,0,3,4,2,6,7,,N,,,,,,,,,,,
2007099157,1716.0,2,0,0,0,0,0,0,0,0,4,0,,67,8,2007,1,39.9118,-75.1507,1715.0,6,0,0,0,0,0,0,0,0,,0,0,0,17,1,0,1,,0,39 54:41.000,,2,75 09:02.162,0,0,0,0,67301,0,0,0,N,0,0,0,3,67301,0,,1,1,,N,N,,0,,0,0,0,9,2,,1714,0,2,0,0,0,0,0,3,4,0,2,3,,N,,,,,,,,,,,
2007099163,1015.0,1,0,0,0,0,0,0,0,0,4,0,,67,8,2007,5,40.0351,-75.0709,1010.0,6,0,0,0,0,0,1,1,0,1.0,0,0,0,10,1,2,1,,1,40 02:06.000,3.0,0,75 04:15.407,8,0,0,0,67301,0,0,0,,0,0,0,3,67301,0,,1,1,,,,,0,,0,0,0,3,2,Y,1005,2,2,0,0,0,2,0,3,4,1,2,3,,N,,,,,,,,,,,