CRN,ARRIVAL_TM,AUTOMOBILE_COUNT,BELTED_DEATH_COUNT,BELTED_SUSP_SERIOUS_INJ_COUNT,BICYCLE_COUNT,BICYCLE_DEATH_COUNT,BICYCLE_SUSP_SERIOUS_INJ_COUNT,BUS_COUNT,CHLDPAS_DEATH_COUNT,CHLDPAS_SUSP_SERIOUS_INJ_COUNT,COLLISION_TYPE,COMM_VEH_COUNT,CONS_ZONE_SPD_LIM,COUNTY,CRASH_MONTH,CRASH_YEAR,DAY_OF_WEEK,DEC_LAT,DEC_LONG,DISPATCH_TM,DISTRICT,DRIVER_COUNT_16YR,DRIVER_COUNT_17YR,DRIVER_COUNT_18YR,DRIVER_COUNT_19YR,DRIVER_COUNT_20YR,DRIVER_COUNT_50_64YR,DRIVER_COUNT_65_74YR,DRIVER_COUNT_75PLUS,EST_HRS_CLOSED,FATAL_COUNT,HEAVY_TRUCK_COUNT,HORSE_BUGGY_COUNT,HOUR_OF_DAY,ILLUMINATION,INJURY_COUNT,INTERSECT_TYPE,INTERSECTION_RELATED,LANE_CLOSED,LATITUDE,LN_CLOSE_DIR,LOCATION_TYPE,LONGITUDE,MAX_SEVERITY_LEVEL,MCYCLE_DEATH_COUNT,MCYCLE_SUSP_SERIOUS_INJ_COUNT,MOTORCYCLE_COUNT,MUNICIPALITY,NONMOTR_COUNT,NONMOTR_DEATH_COUNT,NONMOTR_SUSP_SERIOUS_INJ_COUNT,NTFY_HIWY_MAINT,PED_COUNT,PED_DEATH_COUNT,PED_SUSP_SERIOUS_INJ_COUNT,PERSON_COUNT,POLICE_AGCY,POSSIBLE_INJ_COUNT,RDWY_SURF_TYPE_CD,RELATION_TO_ROAD,ROAD_CONDITION,ROADWAY_CLEARED,SCH_BUS_IND,SCH_ZONE_IND,SECONDARY_CRASH,SMALL_TRUCK_COUNT,SPEC_JURIS_CD,SUSP_MINOR_INJ_COUNT,SUSP_SERIOUS_INJ_COUNT,SUV_COUNT,TCD_FUNC_CD,TCD_TYPE,TFC_DETOUR_IND,TIME_OF_DAY,TOT_INJ_COUNT,TOTAL_UNITS,UNB_DEATH_COUNT,UNB_SUSP_SERIOUS_INJ_COUNT,UNBELTED_OCC_COUNT,UNK_INJ_DEG_COUNT,UNK_INJ_PER_COUNT,URBAN_AREA,URBAN_RURAL,VAN_COUNT,VEHICLE_COUNT,WEATHER1,WEATHER2,WORK_ZONE_IND,WORK_ZONE_LOC,WORK_ZONE_TYPE,WORKERS_PRES,WZ_CLOSE_DETOUR,WZ_FLAGGER,WZ_LAW_OFFCR_IND,WZ_LN_CLOSURE,WZ_MOVING,WZ_OTHER,WZ_SHLDER_MDN,WZ_WORKERS_INJ_KILLED
2007029322,2346.0,2,0,0,0,0,0,0,0,0,4,0,,67,1,2007,7,39.9616,-75.1545,2346.0,6,0,0,1,0,0,0,0,0,2.0,0,0,0,23,3,4,1,,2,39 57:41.000,3.0,0,75 09:16.202,4,0,0,0,67301,0,0,0,N,0,0,0,6,67301,4,,1,1,,N,N,,0,,0,0,0,3,2,Y,2340,4,2,0,0,0,0,0,3,4,0,2,3,,N,,,,,,,,,,,
2007120877,1145.0,0,0,0,0,0,0,0,0,0,7,0,,67,9,2007,6,39.877,-75.255,1139.0,6,0,0,0,0,0,0,0,0,,0,0,0,11,1,3,0,,0,39 52:37.000,,0,75 15:18.148,3,0,0,0,67301,0,0,0,,0,0,0,3,67301,0,,2,1,,,,,0,,1,0,0,0,0,,1135,3,1,0,0,0,2,0,3,4,1,1,3,,N,,,,,,,,,,,
2007092486,635.0,1,0,0,0,0,0,0,0,0,4,0,,67,6,2007,3,40.0271,-75.065,630.0,6,0,0,0,0,0,1,0,0,,0,0,0,99,1,1,1,,0,40 01:37.000,,0,75 03:53.914,4,0,0,0,67301,0,0,0,N,0,0,0,3,67301,1,,1,1,,N,N,,0,,0,0,0,3,2,,9999,1,2,0,0,0,0,0,3,4,1,2,3,,N,,,,,,,,,,,
2007095077,1345.0,1,0,0,0,0,0,0,0,0,1,0,,67,7,2007,2,40.0007,-75.2155,1330.0,6,0,0,0,0,0,1,0,0,,0,0,0,13,1,1,0,,0,40 00:02.541,,0,75 12:55.944,4,0,0,0,67301,0,0,0,,0,0,0,2,67301,1,,1,1,,,,,0,,0,0,1,0,0,,1320,1,2,0,0,0,0,0,3,4,0,2,3,,N,,,,,,,,,,,
2007092772,815.0,0,0,0,0,0,0,1,0,0,8,1,,67,7,2007,5,39.9493,-75.1642,810.0,6,0,0,0,0,0,0,0,0,,0,0,0,99,1,1,1,,0,39 56:57.000,,0,75 09:51.545,8,0,0,0,67301,1,0,0,,1,0,0,2,67301,0,,1,1,,,,,0,,0,0,0,3,2,,9999,1,2,0,0,0,1,1,3,4,0,1,3,,N,,,,,,,,,,,
2007092595,1730.0,1,0,0,0,0,0,0,0,0,1,0,,67,8,2007,1,40.0444,-75.1192,1726.0,6,0,0,0,1,0,0,0,0,,0,0,0,17,1,0,0,,0,40 02:39.757,,0,75 07:09.203,0,0,0,0,67301,0,0,0,,0,0,0,2,67301,0,,1,1,,N,N,,0,,0,0,1,3,2,,1725,0,2,0,0,0,0,0,3,4,0,2,3,,N,,,,,,,,,,,
2007092598,300.0,2,0,0,0,0,0,0,0,0,1,0,,67,7,2007,1,40.049,-75.1424,9999.0,6,0,0,0,0,0,0,0,0,,0,0,0,2,3,1,2,,0,40 02:56.000,,0,75 08:32.788,8,0,0,0,67301,0,0,0,N,0,0,0,2,67301,0,,1,1,,N,N,,0,,0,0,0,0,0,,256,1,2,0,0,0,1,0,3,4,0,2,3,,N,,,,,,,,,,,
2007092412,1000.0,2,0,0,0,0,0,0,0,0,5,0,,67,7,2007,7,39.9898,-75.1255,951.0,6,0,0,0,1,0,0,0,0,,0,0,0,9,1,1,1,,0,39 59:23.000,,0,75 07:31.934,4,0,0,0,67301,0,0,0,N,0,0,0,4,67301,1,,1,1,,,,,0,,0,0,0,3,2,,945,1,2,0,0,0,0,0,3,4,0,2,3,,N,,,,,,,,,,,
2007120519,222.0,2,0,0,0,0,0,0,0,0,4,0,,67,10,2007,7,39.9579,-75.1641,222.0,6,0,0,1,0,0,0,0,0,2.0,0,0,0,2,3,2,2,,1,39 57:28.000,2.0,0,75 09:50.893,3,0,0,0,67301,0,0,0,N,0,0,0,7,67301,1,,1,1,,N,N,,0,,1,0,0,3,2,N,220,2,2,0,0,0,0,0,3,4,0,2,3,,N,,,,,,,,,,,
2007120623,1158.0,2,0,0,0,0,0,0,0,0,1,0,,67,8,2007,2,40.0212,-75.1262,1147.0,6,0,0,0,0,0,0,0,0,2.0,0,0,0,11,1,1,3,,1,40 01:16.165,5.0,0,75 07:34.193,8,0,0,0,67301,0,0,0,N,0,0,0,2,67301,0,,1,9,,N,N,,0,,0,0,0,3,4,Y,1147,1,2,0,0,0,1,0,3,4,0,2,7,,N,,,,,,,,,,,
2007082923,1528.0,1,0,0,0,0,0,1,0,0,1,1,,67,6,2007,5,39.9266,-75.1482,1526.0,6,0,0,0,0,0,0,1,0,1.0,0,0,0,15,1,1,0,,1,39 55:35.590,3.0,0,75 08:53.458,3,0,0,0,67301,0,0,0,N,0,0,0,2,67301,0,,1,1,,N,N,,0,,1,0,0,9,3,Y,1525,1,2,0,0,0,0,0,3,4,0,2,3,,N,,,,,,,,,,,
2007080473,2256.0,1,0,0,0,0,0,0,0,0,2,0,,67,6,2007,2,39.9195,-75.243,2221.0,6,0,0,0,0,0,0,0,0,2.0,0,0,0,22,3,15,1,,2,39 55:10.311,7.0,0,75 14:34.799,3,0,0,0,67301,0,0,0,N,0,0,0,16,67301,13,,1,1,,N,N,,0,,2,0,0,3,2,Y,2221,15,2,0,0,0,0,1,3,4,0,2,3,,N,,,,,,,,,,,
2007109652,1850.0,2,0,0,0,0,0,0,0,0,4,0,,67,9,2007,4,40.0097,-75.1424,1839.0,6,0,0,0,0,0,0,0,0,,0,0,0,18,1,2,1,,0,40 00:35.053,,0,75 08:32.809,4,0,0,0,67301,0,0,0,N,0,0,0,4,67301,2,,1,1,,N,N,,0,,0,0,0,3,2,,1834,2,3,0,0,0,0,0,3,4,1,3,3,,N,,,,,,,,,,,
2007117226,1629.0,2,0,0,0,0,0,0,0,0,1,0,,67,10,2007,5,40.0463,-75.136,1629.0,6,0,0,0,0,0,0,1,0,,0,0,0,16,1,1,1,,0,40 02:46.713,,0,75 08:09.655,8,0,0,0,67301,0,0,0,N,0,0,0,4,67301,0,,1,1,,N,N,,0,,0,0,0,2,2,,1600,1,2,0,0,0,1,1,3,4,0,2,3,,N,,,,,,,,,,,
2007060315,1522.0,2,0,0,0,0,0,0,0,0,1,0,,67,5,2007,6,40.008,-75.2024,1522.0,6,0,0,0,1,0,0,0,0,1.0,0,0,0,15,1,1,0,,2,40 00:29.000,3.0,0,75 12:09.659,8,0,0,0,67301,0,0,0,N,0,0,0,4,68K01,0,,1,1,,N,N,,1,,0,0,1,0,0,N,1522,1,4,0,0,0,1,0,3,4,0,4,3,,N,,,,,,,,,,,
2007112116,17.0,0,0,0,1,0,0,0,0,0,5,0,,67,9,2007,6,39.9566,-75.2098,14.0,6,0,0,0,0,0,0,0,0,,0,0,0,0,3,1,2,,0,39 57:23.000,,0,75 12:35.044,3,0,0,0,67301,1,0,0,,0,0,0,2,67301,0,,1,1,,,,,0,,1,0,1,0,0,,10,1,2,0,0,0,0,0,3,4,0,1,3,,N,,,,,,,,,,,
2007023187,1525.0,1,0,0,0,0,0,0,0,0,8,0,,67,1,2007,1,40.0147,-75.0725,1514.0,6,0,0,0,0,0,0,0,0,,0,0,0,15,1,1,0,,0,40 00:52.902,,0,75 04:21.122,4,0,0,0,67301,1,0,0,,1,0,0,4,67301,1,,1,1,,,,,0,,0,0,0,3,3,,1510,1,2,0,0,3,0,0,3,4,0,1,3,,N,,,,,,,,,,,
2007023219,310.0,1,0,0,0,0,0,0,0,0,7,0,,67,1,2007,1,40.0519,-75.0505,308.0,6,0,0,0,0,0,0,0,0,1.0,0,0,0,3,3,2,2,,2,40 03:06.000,1.0,0,75 03:01.975,3,0,0,0,67301,0,0,0,N,0,0,0,4,67301,0,,2,1,,N,N,,0,,2,0,0,0,0,Y,304,2,1,0,0,0,0,0,3,4,0,1,3,,N,,,,,,,,,,,
2007047368,732.0,2,0,0,0,0,0,0,0,0,1,0,,67,2,2007,6,40.0409,-75.1873,729.0,6,0,0,0,0,0,1,0,0,,0,0,0,7,1,0,1,,0,40 02:27.297,,0,75 11:14.369,9,0,0,0,67301,0,0,0,N,0,0,0,3,67301,0,,1,1,,N,N,,0,,0,0,0,2,2,,725,0,3,0,0,0,0,1,3,4,0,3,3,,N,,,,,,,,,,,
2007047638,1053.0,1,0,0,0,0,0,0,0,0,4,0,,67,3,2007,7,39.9509,-75.2431,1047.0,6,0,0,0,0,0,0,0,0,,0,0,0,10,1,1,1,,0,39 57:03.394,,0,75 14:35.134,4,0,0,0,67301,0,0,0,N,0,0,0,2,67301,1,,1,1,,N,N,,0,,0,0,0,3,2,,1045,1,2,0,0,0,0,0,3,4,1,2,3,,N,,,,,,,,,,,
2007047676,1315.0,2,0,0,0,0,0,0,0,0,4,0,,67,3,2007,2,40.049,-75.1931,1309.0,6,0,0,0,0,0,1,0,0,,0,0,0,12,1,0,1,,0,40 02:56.000,,0,75 11:35.172,9,0,0,0,67301,0,0,0,N,0,0,0,2,67301,0,,3,1,,N,N,,0,,0,0,0,3,2,,1255,0,2,0,0,0,0,1,3,4,0,2,3,,N,,,,,,,,,,,
2007067624,810.0,1,0,0,0,0,0,0,0,0,4,0,,67,4,2007,6,40.0841,-75.0251,805.0,6,0,0,0,0,1,1,0,0,,0,0,0,8,1,1,0,,0,40 05:02.000,,0,75 01:30.496,4,0,0,0,67301,0,0,0,N,0,0,0,2,67301,1,,1,9,,N,N,,0,,0,0,0,3,2,,801,1,2,0,0,0,0,0,3,4,1,2,7,,N,,,,,,,,,,,
2007067661,1535.0,1,0,0,1,0,0,0,0,0,5,0,,67,4,2007,5,39.9534,-75.1716,1530.0,6,0,0,0,0,0,0,0,0,,0,0,0,14,1,1,1,,0,39 57:12.000,,0,75 10:17.839,4,0,0,0,67301,1,0,0,,0,0,0,2,67301,1,,1,1,,,,,0,,0,0,0,0,0,,1430,1,2,0,0,0,0,0,3,4,0,1,3,,N,,,,,,,,,,,
2007106830,530.0,0,0,0,0,0,0,0,0,0,4,0,,67,7,2007,4,40.0267,-75.1172,446.0,6,0,0,0,0,0,1,1,0,,0,0,0,4,3,0,0,,0,40 01:36.186,,0,75 07:02.054,0,0,0,0,67301,0,0,0,N,0,0,0,2,67301,0,,1,1,,N,N,,0,,0,0,2,3,2,,435,0,2,0,0,0,0,0,3,4,0,2,3,,N,,,,,,,,,,,
2007106878,535.0,1,0,0,0,0,0,0,0,0,7,0,,67,8,2007,2,39.9598,-75.1784,531.0,6,0,0,0,0,0,0,0,0,1.0,0,0,0,5,5,0,7,,2,39 57:35.000,3.0,2,75 10:45.221,0,0,0,0,67301,0,0,0,Y,0,0,0,1,67301,0,,7,1,,N,N,,0,,0,0,0,0,0,N,529,0,1,0,0,0,0,0,3,4,0,1,3,,N,,,,,,,,,,,
2007047850,1355.0,2,0,0,0,0,0,0,0,0,3,0,,67,3,2007,2,39.969,-75.2454,1343.0,6,0,0,0,0,0,1,1,0,,0,0,0,13,1,1,0,,0,39 58:08.000,,0,75 14:43.470,4,0,0,0,67301,0,0,0,N,0,0,0,4,67301,1,,1,1,,N,N,,0,,0,0,0,0,0,,1337,1,2,0,0,0,0,0,3,4,0,2,3,,N,,,,,,,,,,,
2007106945,1055.0,0,0,0,0,0,0,0,0,0,3,0,25.0,67,8,2007,3,39.9358,-75.1705,1054.0,6,0,0,0,0,0,1,0,0,,0,0,0,10,1,1,2,,0,39 56:08.815,,0,75 10:13.936,8,0,0,0,67301,0,0,0,N,0,0,0,3,67301,0,,1,1,,N,N,,0,,0,0,2,2,3,,1052,1,2,0,0,0,1,1,3,4,0,2,3,,Y,8.0,1.0,Y,,,N,,,Y,,
2007047923,123.0,2,0,0,0,0,0,0,0,0,1,0,,67,3,2007,1,39.9739,-75.1941,115.0,6,0,0,1,0,0,0,0,0,3.0,0,0,0,1,3,2,0,,2,39 58:29.845,3.0,0,75 11:40.121,8,0,0,0,67301,0,0,0,N,0,0,0,6,67301,0,,1,1,,N,N,,0,,0,0,1,0,0,Y,112,2,3,0,0,0,2,0,3,4,0,3,3,,N,,,,,,,,,,,
2007047989,815.0,2,0,0,0,0,0,0,0,0,4,0,,67,3,2007,4,40.039,-75.15,813.0,6,0,0,0,1,0,0,0,0,,0,0,0,8,1,1,1,,0,40 02:20.000,,0,75 09:00.122,4,0,0,0,67301,0,0,0,N,0,0,0,4,67301,1,,1,1,,N,N,,0,,0,0,0,0,0,,805,1,2,0,0,0,0,0,3,4,0,2,3,,N,,,,,,,,,,,
2007056364,2300.0,2,0,0,0,0,0,0,0,0,2,0,,67,3,2007,6,39.9257,-75.1896,2255.0,6,0,0,0,0,0,0,0,0,,0,0,0,99,3,1,2,,0,39 55:32.523,,0,75 11:22.736,8,0,0,0,67301,0,0,0,N,0,0,0,3,67301,0,,1,1,,N,N,,0,,0,0,0,3,3,,9999,1,2,0,0,0,1,0,3,4,0,2,3,,N,,,,,,,,,,,
2007057395,553.0,1,0,0,0,0,0,0,0,0,5,0,,67,4,2007,1,,,551.0,6,0,0,0,0,0,0,0,0,,0,0,0,99,3,1,0,,0,,,0,,8,0,0,0,67301,0,0,0,N,0,0,0,2,67301,0,,1,1,,N,N,,0,,0,0,0,0,0,,9999,1,2,0,0,0,1,0,3,3,0,2,3,,N,,,,,,,,,,,
2007067345,1246.0,0,0,0,0,0,0,0,0,0,8,0,,67,5,2007,1,39.9809,-75.2465,1246.0,6,0,0,0,0,0,0,1,0,,0,0,0,12,1,1,1,,0,39 58:51.240,,0,75 14:47.400,3,0,0,0,67301,1,0,0,N,1,0,0,2,67301,0,,1,1,,N,N,,0,,1,0,1,3,2,,1230,1,2,0,0,0,0,0,3,4,0,1,3,,N,,,,,,,,,,,
2007096593,2348.0,2,0,0,0,0,0,0,0,0,4,0,,67,8,2007,7,39.9917,-75.1856,2342.0,6,0,0,0,0,0,0,0,0,,0,0,0,22,3,3,5,,0,39 59:30.000,,0,75 11:08.230,4,0,0,0,67301,0,0,0,N,0,0,0,4,67301,3,,1,1,,N,N,,0,,0,0,0,3,2,,2240,3,2,0,0,0,0,0,3,4,0,2,3,,N,,,,,,,,,,,
2007067195,1328.0,2,0,0,0,0,0,0,0,0,4,0,,67,4,2007,3,40.0211,-75.1399,1324.0,6,0,0,0,0,0,0,0,0,1.0,0,0,0,13,1,2,1,,2,40 01:17.000,7.0,0,75 08:23.327,4,0,0,0,67301,0,0,0,N,0,0,0,2,67301,2,,1,1,,N,N,,0,,0,0,0,3,2,Y,1314,2,2,0,0,0,0,0,3,4,0,2,3,,N,,,,,,,,,,,
2007057195,2230.0,2,0,0,0,0,0,0,0,0,1,0,,67,3,2007,3,39.9388,-75.1984,2225.0,6,0,0,0,0,0,0,0,0,,0,0,0,22,3,1,1,,0,39 56:22.000,,0,75 11:53.378,8,0,0,0,67301,0,0,0,N,0,0,0,2,67301,0,,1,1,,N,N,,0,,0,0,0,3,2,,2220,1,2,0,0,0,1,0,3,4,0,2,3,,N,,,,,,,,,,,
2007099134,50.0,1,0,0,0,0,0,0,0,0,7,0,,67,8,2007,1,40.0502,-75.0508,44.0,6,0,0,0,0,0,0,0,0,2.0,0,0,0,99,3,1,0,,2,40 03:00.000,2.0,0,75 03:02.757,8,0,0,0,67301,0,0,0,N,0,0,0,1,67301,0,,2,1,,N,N,,0,,0,0,0,0,0,Y,9999,1,1,0,0,0,1,0,3,4,0,1,3,,N,,,,,,,,,,,
2007099161,745.0,0,0,0,0,0,0,0,0,0,1,0,,67,8,2007,6,40.0326,-75.082,740.0,6,0,0,0,0,0,1,0,0,1.0,0,0,0,6,1,0,0,,1,40 01:57.203,2.0,0,75 04:55.227,0,0,0,0,67301,0,0,0,,0,0,0,4,67301,0,,1,9,,,,,3,,0,0,0,0,0,Y,625,0,3,0,0,1,0,0,3,4,0,3,7,,N,,,,,,,,,,,
2007128227,140.0,2,0,0,0,0,0,0,0,0,5,0,,67,10,2007,6,39.9131,-75.2433,135.0,6,0,0,0,1,0,0,0,0,,0,0,0,1,3,1,5,,0,39 54:47.000,,0,75 14:35.859,4,0,0,0,67301,0,0,0,N,0,0,0,2,67301,1,,1,1,,N,N,,0,,0,0,0,3,2,,130,1,2,0,0,0,0,0,3,4,0,2,3,,N,,,,,,,,,,,
2007095281,9999.0,2,0,0,0,0,0,0,0,0,1,0,,67,7,2007,1,40.0811,-75.0289,155.0,6,0,0,0,0,0,0,1,0,,0,0,0,99,3,2,1,,0,40 04:51.000,,0,75 01:44.242,4,0,0,0,67301,0,0,0,N,0,0,0,3,67301,1,,1,1,,N,N,,0,,0,0,0,3,2,,9999,2,2,0,0,0,1,1,3,4,0,2,3,,N,,,,,,,,,,,
2007092319,125.0,2,0,0,0,0,0,0,0,0,1,0,,67,7,2007,1,39.9814,-75.2399,119.0,6,0,0,0,0,0,0,0,0,,0,0,0,1,3,0,0,,0,39 58:52.903,,0,75 14:23.553,9,0,0,0,67301,1,0,0,N,0,0,0,2,67301,0,,2,1,,N,N,,0,,0,0,0,0,0,,114,0,2,0,0,0,0,2,3,4,0,2,3,,N,,,,,,,,,,,
2007092330,2306.0,2,0,0,0,0,0,0,0,0,4,0,,67,7,2007,1,40.0569,-75.1425,2305.0,6,1,0,0,0,0,0,0,0,1.0,0,0,0,23,3,1,1,,2,40 03:24.843,7.0,0,75 08:33.032,8,0,0,0,67301,0,0,0,N,0,0,0,2,67301,0,,1,9,,N,N,,0,,0,0,0,3,3,Y,2302,1,2,0,0,0,1,0,3,4,0,2,3,,N,,,,,,,,,,,
2007095041,2259.0,0,0,0,1,0,0,0,0,0,4,0,,67,8,2007,5,39.9239,-75.1855,2249.0,6,0,0,0,0,0,0,0,0,,0,0,0,22,3,1,1,,0,39 55:25.914,,0,75 11:07.915,8,0,0,0,67301,1,0,0,,0,0,0,2,67301,0,,1,1,,,,,0,,0,0,1,3,3,,2240,1,2,0,0,0,1,0,3,4,0,1,3,,N,,,,,,,,,,,
2007092891,2015.0,1,0,0,0,0,0,0,0,0,6,0,,67,6,2007,6,39.944,-75.16,2010.0,6,0,0,0,0,0,0,0,0,,0,0,0,20,1,0,2,,0,39 56:38.450,,0,75 09:36.017,0,0,0,0,67301,0,0,0,N,0,0,0,4,67301,0,,1,1,,N,N,,0,,0,0,1,3,2,,2000,0,2,0,0,0,0,0,3,4,0,2,3,,N,,,,,,,,,,,
2007090007,1448.0,1,0,0,0,0,0,0,0,0,1,0,,67,8,2007,4,39.9072,-75.141,1445.0,6,0,0,0,0,0,1,0,0,,0,0,0,14,1,1,0,,0,39 54:25.762,,3,75 08:27.653,4,0,0,0,67301,0,0,0,N,0,0,0,5,67501,1,,1,1,,N,N,,3,,0,0,0,3,8,,1445,1,4,0,0,0,0,0,3,4,0,4,3,,N,,,,,,,,,,,
2007120638,2020.0,1,0,0,1,0,0,0,0,0,4,0,,67,8,2007,2,40.0424,-75.0506,2017.0,6,0,0,0,0,0,0,0,0,,0,0,0,20,4,1,1,,0,40 02:32.000,,0,75 03:02.226,4,0,0,0,67301,1,0,0,N,0,0,0,2,67301,1,,1,1,,N,N,,0,,0,0,0,3,2,,2015,1,2,0,0,0,0,0,3,4,0,1,3,,N,,,,,,,,,,,
2007109659,1710.0,2,0,0,0,0,0,0,0,0,2,0,,67,9,2007,4,40.0521,-75.1418,1700.0,6,0,0,0,0,0,1,0,0,1.0,0,0,0,16,1,5,1,,1,40 03:07.000,2.0,0,75 08:30.381,3,0,0,0,67301,0,0,0,N,0,0,0,7,67301,0,,1,1,,N,N,,0,,5,0,0,3,2,N,1645,5,2,0,0,1,0,0,3,4,0,2,3,,N,,,,,,,,,,,
2007107061,1244.0,1,0,0,0,0,0,0,0,0,4,1,,67,8,2007,3,40.0102,-75.0981,1244.0,6,0,0,0,0,0,0,0,0,,0,1,0,99,1,0,1,,0,40 00:37.000,,0,75 05:53.072,0,0,0,0,67301,0,0,0,N,0,0,0,2,67301,0,,1,9,,N,N,,0,,0,0,0,3,2,,9999,0,2,0,0,0,0,0,3,4,0,2,7,,N,,,,,,,,,,,
2007120715,1610.0,4,0,0,0,0,0,0,0,0,1,0,,67,10,2007,3,40.0414,-75.0979,1610.0,6,0,0,0,0,0,0,0,1,,0,0,0,15,1,4,2,,0,40 02:28.885,,0,75 05:52.522,8,0,0,0,67301,0,0,0,N,0,0,0,6,67301,0,,1,1,,N,N,,0,,0,0,0,0,0,,1540,4,4,0,0,0,4,0,3,4,0,4,3,,N,,,,,,,,,,,
2007027922,1632.0,1,0,0,0,0,0,0,0,0,7,0,,67,1,2007,1,,,1628.0,6,0,0,0,0,0,0,0,0,1.0,0,0,0,16,1,0,0,,1,,3.0,0,,0,0,0,0,67301,0,0,0,,0,0,0,1,67301,0,,2,9,,N,N,,0,,0,0,0,0,0,N,1625,0,1,0,0,1,0,0,3,3,0,1,7,,N,,,,,,,,,,,
2007027939,1950.0,1,0,0,0,0,0,0,0,0,7,0,,67,1,2007,1,,,1945.0,6,0,0,0,0,0,0,0,0,,0,0,0,19,3,0,0,,0,,,0,,0,0,0,0,67301,0,0,0,N,0,0,0,1,67301,0,,2,9,,N,N,,0,,0,0,0,0,0,,1940,0,1,0,0,0,0,0,3,3,0,1,98,,N,,,,,,,,,,,
2007027954,421.0,2,0,0,0,0,0,0,0,0,4,0,,67,1,2007,7,39.9463,-75.238,418.0,6,0,0,0,0,0,0,0,0,,0,0,0,4,3,1,2,,0,39 56:46.000,,0,75 14:16.867,4,0,0,0,67301,0,0,0,N,0,0,0,3,67301,1,,1,9,,N,N,,0,,0,0,0,3,2,,417,1,2,0,0,0,0,0,3,4,0,2,7,,N,,,,,,,,,,,
2007027960,309.0,1,0,0,0,0,0,0,0,0,2,0,,67,1,2007,3,40.0291,-75.0899,308.0,6,0,0,0,0,0,1,0,0,1.0,0,0,0,99,3,3,1,,1,40 01:44.000,2.0,0,75 05:23.694,4,0,0,0,67301,0,0,0,N,0,0,0,3,67301,3,,1,1,,N,N,,1,,0,0,0,3,2,Y,9999,3,2,0,0,0,0,0,3,4,0,2,3,,N,,,,,,,,,,,
2007047302,730.0,1,0,0,0,0,0,0,0,0,5,0,,67,3,2007,5,40.0071,-75.1999,730.0,6,0,0,0,0,0,2,0,0,,0,0,0,7,1,1,0,,0,40 00:25.000,,0,75 11:58.951,4,0,0,0,67301,0,0,0,N,0,0,0,3,68K01,1,,1,1,,N,N,,0,,0,0,1,0,0,,727,1,2,0,0,0,0,0,3,4,0,2,3,,N,,,,,,,,,,,
2007047529,1510.0,4,0,0,0,0,0,0,0,0,5,0,,67,2,2007,1,40.0652,-75.0554,1503.0,6,0,0,0,0,0,1,0,1,1.0,0,0,0,14,1,0,1,,2,40 03:54.691,4.0,0,75 03:19.475,0,0,0,0,67301,0,0,0,N,0,0,0,3,67301,0,,1,1,,N,N,,0,,0,0,0,3,3,Y,1455,0,4,0,0,0,0,0,3,4,0,4,3,,N,,,,,,,,,,,
2007047602,750.0,1,0,0,0,0,0,0,0,0,7,0,,67,2,2007,6,39.9289,-75.1974,745.0,6,0,0,0,1,0,0,0,0,,0,0,0,7,1,0,3,,0,39 55:44.158,,0,75 11:50.517,9,0,0,0,67301,0,0,0,N,0,0,0,1,67301,0,,2,9,,N,N,,0,,0,0,0,0,0,,726,0,1,0,0,0,0,1,3,4,0,1,98,,N,,,,,,,,,,,
2007047710,2251.0,1,0,0,0,0,0,0,0,0,4,0,,67,2,2007,1,39.9583,-75.1804,2245.0,6,0,0,0,0,0,0,0,0,2.0,0,0,0,22,3,1,2,,2,39 57:34.560,3.0,0,75 10:51.600,4,0,0,0,67301,0,0,0,N,0,0,0,3,67301,1,,1,1,,N,N,,0,,0,0,1,0,0,N,2240,1,2,0,0,0,0,1,3,4,0,2,3,,N,,,,,,,,,,,
2007027221,1830.0,3,0,0,0,0,0,0,0,0,1,0,,67,1,2007,2,39.9926,-75.1305,1827.0,6,0,0,0,0,0,1,0,0,,0,0,0,18,3,0,0,,0,39 59:33.381,,0,75 07:49.936,0,0,0,0,67301,0,0,0,N,0,0,0,4,67301,0,,1,2,,N,N,,0,,0,0,0,3,2,,1827,0,3,0,0,0,0,0,3,4,0,3,7,,N,,,,,,,,,,,
2007067645,1025.0,0,0,0,0,0,0,0,0,0,8,0,,67,4,2007,4,39.9533,-75.143,1958.0,6,0,0,0,0,0,1,0,0,,0,0,0,99,3,1,0,,0,39 57:11.890,,0,75 08:34.702,3,0,0,0,67301,1,0,0,N,1,0,0,2,67301,0,,1,1,,N,N,,0,,1,0,1,0,0,,9999,1,2,0,0,1,0,0,3,4,0,1,3,,N,,,,,,,,,,,
2007067720,2130.0,1,0,0,1,0,0,0,0,0,4,0,,67,5,2007,1,39.9872,-75.1634,2115.0,6,0,0,0,0,0,0,0,0,,0,0,0,21,3,1,2,,0,39 59:14.006,,0,75 09:48.347,8,0,0,0,67301,1,0,0,N,0,0,0,2,67301,0,,1,1,,N,N,,0,,0,0,0,0,0,,2100,1,2,0,0,0,1,0,3,4,0,1,3,,N,,,,,,,,,,,
2007067845,2319.0,0,0,0,0,0,0,0,0,0,7,0,,67,5,2007,3,39.9938,-75.2141,2315.0,6,0,0,0,0,0,0,0,0,3.0,0,0,0,23,3,0,0,,2,39 59:37.600,4.0,0,75 12:50.600,9,0,0,0,67301,0,0,0,Y,0,0,0,1,67301,0,,4,1,,N,N,,0,,0,0,1,0,0,Y,2311,0,1,0,0,0,0,1,3,4,0,1,3,,N,,,,,,,,,,,