CRN,ARRIVAL_TM,AUTOMOBILE_COUNT,BELTED_DEATH_COUNT,BELTED_SUSP_SERIOUS_INJ_COUNT,BICYCLE_COUNT,BICYCLE_DEATH_COUNT,BICYCLE_SUSP_SERIOUS_INJ_COUNT,BUS_COUNT,CHLDPAS_DEATH_COUNT,CHLDPAS_SUSP_SERIOUS_INJ_COUNT,COLLISION_TYPE,COMM_VEH_COUNT,CONS_ZONE_SPD_LIM,COUNTY,CRASH_MONTH,CRASH_YEAR,DAY_OF_WEEK,DEC_LAT,DEC_LONG,DISPATCH_TM,DISTRICT,DRIVER_COUNT_16YR,DRIVER_COUNT_17YR,DRIVER_COUNT_18YR,DRIVER_COUNT_19YR,DRIVER_COUNT_20YR,DRIVER_COUNT_50_64YR,DRIVER_COUNT_65_74YR,DRIVER_COUNT_75PLUS,EST_HRS_CLOSED,FATAL_COUNT,HEAVY_TRUCK_COUNT,HORSE_BUGGY_COUNT,HOUR_OF_DAY,ILLUMINATION,INJURY_COUNT,INTERSECT_TYPE,INTERSECTION_RELATED,LANE_CLOSED,LATITUDE,LN_CLOSE_DIR,LOCATION_TYPE,LONGITUDE,MAX_SEVERITY_LEVEL,MCYCLE_DEATH_COUNT,MCYCLE_SUSP_SERIOUS_INJ_COUNT,MOTORCYCLE_COUNT,MUNICIPALITY,NONMOTR_COUNT,NONMOTR_DEATH_COUNT,NONMOTR_SUSP_SERIOUS_INJ_COUNT,NTFY_HIWY_MAINT,PED_COUNT,PED_DEATH_COUNT,PED_SUSP_SERIOUS_INJ_COUNT,PERSON_COUNT,POLICE_AGCY,POSSIBLE_INJ_COUNT,RDWY_SURF_TYPE_CD,RELATION_TO_ROAD,ROAD_CONDITION,ROADWAY_CLEARED,SCH_BUS_IND,SCH_ZONE_IND,SECONDARY_CRASH,SMALL_TRUCK_COUNT,SPEC_JURIS_CD,SUSP_MINOR_INJ_COUNT,SUSP_SERIOUS_INJ_COUNT,SUV_COUNT,TCD_FUNC_CD,TCD_TYPE,TFC_DETOUR_IND,TIME_OF_DAY,TOT_INJ_COUNT,TOTAL_UNITS,UNB_DEATH_COUNT,UNB_SUSP_SERIOUS_INJ_COUNT,UNBELTED_OCC_COUNT,UNK_INJ_DEG_COUNT,UNK_INJ_PER_COUNT,URBAN_AREA,URBAN_RURAL,VAN_COUNT,VEHICLE_COUNT,WEATHER1,WEATHER2,WORK_ZONE_IND,WORK_ZONE_LOC,WORK_ZONE_TYPE,WORKERS_PRES,WZ_CLOSE_DETOUR,WZ_FLAGGER,WZ_LAW_OFFCR_IND,WZ_LN_CLOSURE,WZ_MOVING,WZ_OTHER,WZ_SHLDER_MDN,WZ_WORKERS_INJ_KILLED
2007111961,2335.0,1,0,0,0,0,0,0,0,0,7,0,,67,6,2007,3,40.0532,-75.1221,2332.0,6,0,0,0,0,0,0,0,0,,0,0,0,23,3,1,1,,0,40 03:11.000,,0,75 07:19.656,8,0,0,0,67301,0,0,0,N,0,0,0,1,46102,0,,5,9,,N,N,,0,,0,0,0,3,2,,2332,1,1,0,0,0,1,0,3,4,0,1,7,,N,,,,,,,,,,,
2007109392,1154.0,0,0,0,0,0,0,1,0,0,4,2,,67,9,2007,6,40.0445,-75.12,1150.0,6,0,0,0,0,0,0,0,0,,0,1,0,11,1,1,0,,0,40 02:40.000,,0,75 07:11.923,4,0,0,0,67301,0,0,0,,0,0,0,5,67301,1,,1,1,,Y,Y,,0,,0,0,0,0,0,,1145,1,2,0,0,0,0,0,3,4,0,2,3,,N,,,,,,,,,,,
2007109399,9999.0,1,0,0,0,0,0,0,0,0,1,0,,67,9,2007,6,40.0056,-75.1909,1810.0,6,0,0,0,0,0,0,0,0,,0,0,0,18,1,2,1,,0,40 00:20.317,,0,75 11:27.417,4,0,0,0,67301,0,0,0,,0,0,0,3,67301,2,,1,1,,,,,1,,0,0,0,0,0,,1810,2,2,0,0,1,0,0,3,4,0,2,3,,N,,,,,,,,,,,
2007047853,1743.0,3,0,0,0,0,0,0,0,0,1,0,,67,3,2007,1,40.0084,-75.2106,1739.0,6,0,0,1,0,0,1,0,0,,0,0,0,17,1,1,0,,0,40 00:30.287,,0,75 12:38.248,8,0,0,0,67301,0,0,0,N,0,0,0,4,67301,0,,1,2,,N,N,,0,,0,0,0,3,2,,1739,1,3,0,0,0,1,0,3,4,0,3,3,,N,,,,,,,,,,,
2007047882,1752.0,0,0,0,0,0,0,0,0,0,4,0,,67,2,2007,2,40.0258,-75.1235,1748.0,6,0,0,0,0,0,1,0,0,,0,0,0,16,1,4,1,,0,40 01:32.000,,0,75 07:24.507,4,0,0,0,67301,0,0,0,N,0,0,0,4,67301,4,,1,1,,N,N,,0,,0,0,2,3,2,,1642,4,2,0,0,0,0,0,3,4,0,2,3,,N,,,,,,,,,,,
2007106924,19.0,1,0,0,0,0,0,0,0,0,2,0,,67,9,2007,7,40.0,-75.1531,18.0,6,0,0,0,0,0,0,0,0,,0,0,0,0,3,1,1,,0,39 59:59.000,,0,75 09:11.322,4,0,0,0,67301,0,0,0,N,0,0,0,2,67301,1,,1,1,,N,N,,0,,0,0,1,3,2,,5,1,2,0,0,0,0,0,3,4,0,2,3,,N,,,,,,,,,,,
2007047979,1651.0,0,0,0,0,0,0,0,0,0,7,0,,67,2,2007,2,40.0671,-75.247,1648.0,6,0,0,0,0,0,0,0,0,,0,0,0,16,4,1,0,,0,40 04:01.714,,0,75 14:49.224,4,0,0,0,67301,0,0,0,N,0,0,0,1,67301,1,,2,9,,N,N,,0,,0,0,1,0,0,,1640,1,1,0,0,0,0,0,3,4,0,1,3,,N,,,,,,,,,,,
2007048004,10.0,2,0,0,0,0,0,0,0,0,2,0,,67,3,2007,4,39.9877,-75.0884,1.0,6,0,0,0,0,0,1,0,0,,0,0,0,0,3,1,2,,0,39 59:13.000,,2,75 05:15.972,4,0,0,0,67301,0,0,0,N,0,0,0,2,67301,1,,7,1,,N,N,,0,,0,0,0,0,0,,0,1,2,0,0,0,0,0,3,4,0,2,3,,N,,,,,,,,,,,
2007047964,1355.0,2,0,0,0,0,0,0,0,0,1,0,,67,2,2007,6,39.9568,-75.1536,1345.0,6,0,0,0,1,0,1,0,0,1.0,0,0,0,13,1,1,2,,2,39 57:24.000,1.0,2,75 09:12.844,8,0,0,0,67301,0,0,0,N,0,0,0,3,67301,0,,7,7,,N,N,,0,,0,0,1,3,2,Y,1340,1,3,0,0,0,1,2,3,4,0,3,10,,N,,,,,,,,,,,
2007093420,1525.0,2,0,0,0,0,0,0,0,0,4,0,,67,7,2007,2,40.0093,-75.069,1520.0,6,0,0,1,0,1,0,0,0,,0,0,0,15,1,4,1,,0,40 00:33.000,,0,75 04:08.444,4,0,0,0,67301,0,0,0,N,0,0,0,4,67301,4,,1,1,,N,N,,0,,0,0,0,3,2,,1520,4,2,0,0,0,0,0,3,4,0,2,3,,N,,,,,,,,,,,
2007127663,810.0,2,0,0,0,0,0,0,0,0,4,0,,67,10,2007,4,40.013,-75.1195,810.0,6,0,0,0,0,0,0,0,0,,0,0,0,8,1,0,1,,0,40 00:46.940,,0,75 07:10.109,9,0,0,0,67301,0,0,0,N,0,0,0,2,67301,0,,1,1,,N,N,,0,,0,0,0,0,0,,800,0,2,0,0,0,0,2,3,4,0,2,3,,N,,,,,,,,,,,
2007107482,9999.0,2,0,0,0,0,0,0,0,0,4,0,,67,9,2007,3,40.0264,-75.1172,,6,0,0,0,0,0,0,0,0,1.0,0,0,0,99,3,1,1,,1,40 01:34.000,1.0,0,75 07:01.745,8,0,0,0,67301,0,0,0,N,0,0,0,2,67301,0,,4,1,,N,N,,0,,0,0,0,3,1,Y,9999,1,2,0,0,0,1,1,3,4,0,2,3,,N,,,,,,,,,,,
2007098282,1230.0,2,0,0,0,0,0,0,0,0,1,0,,67,7,2007,5,40.0148,-75.0855,1221.0,6,0,0,0,0,0,0,0,0,,0,0,0,12,1,1,1,,0,40 00:53.000,,0,75 05:07.677,4,0,0,0,67301,0,0,0,N,0,0,0,2,67301,1,,1,1,,N,N,,0,,0,0,0,3,2,,1215,1,2,0,0,2,0,0,3,4,0,2,3,,N,,,,,,,,,,,
2007027551,823.0,2,0,0,0,0,0,0,0,0,5,0,,67,2,2007,5,40.0185,-75.1671,819.0,6,0,0,1,0,0,0,0,0,,0,0,0,8,1,2,6,,0,40 01:06.000,,2,75 10:01.464,3,0,0,0,67301,0,0,0,Y,0,0,0,2,67301,0,,1,1,,N,N,,0,,1,0,0,0,0,,815,2,2,0,0,0,1,0,3,4,0,2,3,,N,,,,,,,,,,,
2007027483,423.0,0,0,0,0,0,0,0,0,0,1,0,,67,2,2007,7,39.9965,-75.174,420.0,6,0,0,0,0,0,0,0,0,,0,0,0,4,3,2,0,,0,39 59:47.000,,0,75 10:26.498,4,0,0,0,67301,0,0,0,N,0,0,0,2,67301,2,,6,1,,N,N,,1,,0,0,0,3,2,,419,2,2,0,0,2,0,0,3,4,1,2,3,,N,,,,,,,,,,,
2007027517,1555.0,1,0,0,0,0,0,0,0,0,1,0,,67,1,2007,2,39.9633,-75.1358,1553.0,6,0,0,0,1,0,0,0,0,,0,0,0,15,1,1,0,,0,39 57:47.000,,0,75 08:08.958,8,0,0,0,67301,0,0,0,N,0,0,0,2,67301,0,,1,1,,N,N,,0,,0,0,0,0,0,,1530,1,2,0,0,0,1,0,3,4,1,2,99,,N,,,,,,,,,,,
2007027676,840.0,1,0,0,0,0,0,0,0,0,4,0,,67,1,2007,1,40.0702,-75.1805,831.0,6,0,0,0,0,0,0,0,0,,0,0,0,8,1,1,1,,0,40 04:12.680,,0,75 10:49.758,4,0,0,0,67301,0,0,0,N,0,0,0,3,67301,1,,1,9,,N,N,,0,,0,0,0,3,2,,827,1,2,0,0,0,0,0,3,4,1,2,7,,N,,,,,,,,,,,
2007022528,751.0,2,0,0,0,0,0,0,0,0,1,0,,67,1,2007,4,40.0391,-75.1448,751.0,6,0,0,0,0,0,0,0,0,,0,0,0,7,1,1,0,,0,40 02:20.000,,0,75 08:41.408,4,0,0,0,67301,0,0,0,N,0,0,0,2,67301,1,,1,1,,N,N,,0,,0,0,0,3,2,,720,1,2,0,0,1,0,0,3,4,0,2,3,,N,,,,,,,,,,,
2007027755,1831.0,1,0,0,0,0,0,0,0,0,8,0,,67,1,2007,3,40.0321,-75.1462,1826.0,6,0,0,0,0,0,0,0,0,,0,0,0,18,3,1,1,,0,40 01:55.000,,0,75 08:46.477,3,0,0,0,67301,1,0,0,N,1,0,0,2,67301,0,,1,1,,N,N,,0,,1,0,0,3,2,,1825,1,2,0,0,0,0,0,3,4,0,1,3,,N,,,,,,,,,,,
2007080959,2024.0,1,0,0,1,0,0,0,0,0,5,0,,67,6,2007,5,39.9668,-75.2418,2018.0,6,0,0,0,0,0,0,0,0,,0,0,0,20,4,1,1,,0,39 58:00.577,,0,75 14:30.400,4,0,0,0,67301,1,0,0,N,0,0,0,2,67301,1,,1,1,,N,N,,0,,0,0,0,3,2,,2014,1,2,0,0,0,0,0,3,4,0,1,3,,N,,,,,,,,,,,
2007080962,750.0,1,0,0,0,0,0,0,0,0,4,0,,67,6,2007,6,39.9461,-75.2393,740.0,6,0,0,0,0,0,0,0,0,,0,0,0,7,1,0,2,,0,39 56:45.000,,0,75 14:21.628,0,0,0,0,67301,0,0,0,N,0,0,0,2,67301,0,,1,1,,N,N,,0,,0,0,0,9,3,,735,0,2,0,0,1,0,0,3,4,0,2,3,,N,,,,,,,,,,,
2007096723,1305.0,1,0,0,0,0,0,0,0,0,8,0,,67,8,2007,3,39.9605,-75.2419,1255.0,6,0,0,0,0,0,0,0,0,,0,0,0,12,1,1,0,,0,39 57:37.940,,0,75 14:30.662,4,0,0,0,67301,1,0,0,N,1,0,0,2,67301,1,,1,1,,N,N,,1,,0,0,0,0,0,,1200,1,3,0,0,0,0,0,3,4,0,2,3,,N,,,,,,,,,,,
2007083525,5.0,1,0,0,0,0,0,0,0,0,4,0,,67,6,2007,7,40.067,-75.1583,0.0,6,0,0,0,1,0,0,0,0,,0,0,0,0,3,0,1,,0,40 04:01.087,,0,75 09:29.811,0,0,0,0,67301,0,0,0,N,0,0,0,5,67301,0,,1,1,,N,N,,1,,0,0,0,3,2,,0,0,2,0,0,0,0,0,3,4,0,2,3,,N,,,,,,,,,,,
2007096683,1604.0,1,0,0,0,0,0,0,0,0,8,0,,67,8,2007,3,39.9908,-75.1784,1602.0,6,0,0,0,0,0,0,0,1,,0,0,0,99,1,1,0,,0,39 59:26.000,,0,75 10:42.145,4,0,0,0,67301,1,0,0,N,1,0,0,2,67301,1,,1,9,,N,Y,,0,,0,0,0,0,0,,9999,1,2,0,0,0,0,0,3,4,0,1,7,,N,,,,,,,,,,,
2007066211,1128.0,2,0,0,0,0,0,0,0,0,1,0,,67,5,2007,3,40.0394,-75.0603,1125.0,6,0,0,0,0,0,0,1,0,,0,0,0,11,1,1,0,,0,40 02:21.000,,0,75 03:37.044,4,0,0,0,67301,0,0,0,N,0,0,0,2,67301,1,,1,1,,N,Y,,0,,0,0,0,0,0,,1125,1,2,0,0,0,0,0,3,4,0,2,3,,N,,,,,,,,,,,
2007061231,715.0,1,0,0,0,0,0,0,0,0,7,0,,67,5,2007,2,39.9599,-75.178,659.0,6,0,0,0,0,1,0,0,0,,0,0,0,6,1,0,0,,0,39 57:38.000,,0,75 10:53.976,0,0,0,0,67301,0,0,0,N,0,0,0,1,68K01,0,,2,1,,N,N,,0,,0,0,0,0,0,,653,0,1,0,0,0,0,0,3,4,0,1,3,,N,,,,,,,,,,,
2007066321,749.0,1,0,0,0,0,0,0,0,0,8,0,,67,5,2007,7,40.0145,-75.139,748.0,6,0,0,0,0,0,0,0,0,,0,0,0,7,5,1,0,,0,40 00:52.081,,0,75 08:20.454,8,0,0,0,67301,1,0,0,N,1,0,0,2,67301,0,,1,1,,N,N,,0,,0,0,0,0,0,,745,1,2,0,0,0,1,0,3,4,0,1,3,,N,,,,,,,,,,,
2007056376,3.0,1,0,0,0,0,0,0,0,0,7,0,,67,3,2007,5,40.0821,-75.05,0.0,6,0,0,0,0,0,0,0,0,,0,0,0,23,3,1,0,,0,40 04:55.592,,0,75 03:00.122,4,0,0,0,67301,0,0,0,N,0,0,0,1,67301,1,,5,9,,N,N,,0,,0,0,0,0,0,,2358,1,1,0,0,0,0,0,3,4,0,1,7,,N,,,,,,,,,,,
2007056397,908.0,0,0,0,0,0,0,0,0,0,8,0,,67,4,2007,4,39.9379,-75.1537,905.0,6,0,0,0,0,0,0,0,0,,0,1,0,8,1,1,1,,0,39 56:16.321,,0,75 09:13.399,4,0,0,0,67301,1,0,0,N,1,0,0,2,67301,1,,1,9,,N,N,,0,,0,0,0,3,3,,845,1,2,0,0,0,0,1,3,4,0,1,7,,N,,,,,,,,,,,
2007056437,2210.0,1,0,0,1,0,0,0,0,0,4,0,,67,4,2007,2,39.9913,-75.1349,2208.0,6,0,0,0,0,0,1,0,0,,0,0,0,22,3,1,2,,0,39 59:29.209,,0,75 08:05.493,8,0,0,0,67301,1,0,0,N,0,0,0,2,67301,0,,1,1,,N,N,,0,,0,0,0,3,2,,2206,1,2,0,0,0,1,0,3,4,0,1,3,,N,,,,,,,,,,,
2007056502,2031.0,1,0,0,0,0,0,0,0,0,8,0,,67,3,2007,6,39.9283,-75.181,2031.0,6,0,0,0,0,0,0,0,0,,0,0,0,20,3,1,0,,0,39 55:42.033,,0,75 10:51.434,4,0,0,0,67301,1,0,0,N,1,0,0,2,67301,1,,1,1,,N,N,,0,,0,0,0,0,0,,2031,1,2,0,0,1,0,0,3,4,0,1,3,,N,,,,,,,,,,,
2007057414,1953.0,0,0,0,0,0,0,0,0,0,7,0,,67,4,2007,3,40.0394,-75.0076,1949.0,6,0,0,0,0,0,0,0,0,,0,0,0,19,4,3,0,,0,40 02:22.000,,0,75 00:26.106,4,0,0,0,67301,0,0,0,N,0,0,0,3,67301,3,,2,1,,N,N,,0,,0,0,1,0,0,,1949,3,1,0,0,1,0,0,3,4,0,1,3,,N,,,,,,,,,,,
2007067473,2020.0,1,0,0,0,0,0,0,0,0,4,0,,67,5,2007,1,40.0487,-75.1598,2006.0,6,0,0,0,0,0,0,0,0,,0,0,0,19,4,1,2,,0,40 02:55.143,,0,75 09:35.441,4,0,0,0,67301,0,0,0,N,0,0,0,2,67301,1,,1,1,,N,N,,0,,0,0,2,3,3,,1933,1,3,0,0,0,0,0,3,4,0,3,3,,N,,,,,,,,,,,
2007067308,2104.0,2,0,0,0,0,0,0,0,0,4,0,,67,4,2007,7,40.0288,-75.1322,2104.0,6,0,1,0,0,0,0,0,0,2.0,0,0,0,21,3,5,1,,1,40 01:43.550,1.0,0,75 07:55.833,4,0,0,0,67301,0,0,0,,0,0,0,5,67301,5,,1,1,,N,N,,0,,0,0,1,1,2,Y,2103,5,3,0,0,1,0,0,3,4,0,3,3,,N,,,,,,,,,,,
2007067327,1418.0,0,0,0,1,0,0,0,0,0,4,0,,67,4,2007,5,39.9598,-75.1637,9999.0,6,0,0,0,0,0,1,0,0,1.0,0,0,0,14,1,1,2,,1,39 57:35.366,2.0,0,75 09:49.409,4,0,0,0,67301,1,0,0,,0,0,0,2,67301,1,,1,1,,,,,0,,0,0,0,3,3,N,1405,1,2,0,0,0,0,0,3,4,1,1,3,,N,,,,,,,,,,,
2007067192,2149.0,1,0,0,0,0,0,0,0,0,7,0,,67,4,2007,2,39.9478,-75.2313,9999.0,6,0,0,0,0,0,0,1,0,,0,0,0,20,3,0,3,,0,39 56:52.000,,0,75 13:52.662,9,0,0,0,67301,0,0,0,N,0,0,0,16,67301,0,,3,1,,N,N,,0,,0,0,0,3,2,,2055,0,2,0,0,0,0,10,3,4,0,2,3,,N,,,,,,,,,,,
2007067239,22.0,2,0,0,0,0,0,0,0,0,4,0,,67,5,2007,7,40.0282,-75.11,20.0,6,0,0,1,0,0,0,0,0,1.0,0,0,0,99,3,3,5,,1,40 01:41.000,4.0,0,75 06:35.612,4,0,0,0,67301,0,0,0,N,0,0,0,4,67301,1,,1,1,,N,N,,0,,0,0,0,3,2,Y,9999,3,2,0,0,0,2,0,3,4,0,2,3,,N,,,,,,,,,,,
2007099086,1045.0,1,0,0,0,0,0,0,0,0,7,0,,67,8,2007,1,39.9073,-75.1497,1038.0,6,0,0,0,0,0,0,0,0,1.0,0,0,0,99,1,1,0,,1,39 54:26.000,2.0,0,75 08:58.970,8,0,0,0,67301,0,0,0,,0,0,0,2,67301,0,,3,1,,,,,0,,0,0,0,0,0,N,9999,1,1,0,0,2,1,0,3,4,0,1,3,,N,,,,,,,,,,,
2007099094,1224.0,1,0,0,0,0,0,0,0,0,4,0,,67,8,2007,6,39.9407,-75.2291,1224.0,6,0,0,0,0,0,1,0,0,,0,0,0,12,1,3,1,,0,39 56:26.361,,0,75 13:44.774,8,0,0,0,67301,0,0,0,,0,0,0,12,67301,0,,1,1,,,,,1,,0,0,0,0,0,,1220,3,2,0,0,12,3,9,3,4,0,2,3,,N,,,,,,,,,,,
2007057378,1930.0,2,0,0,0,0,0,0,0,0,4,0,,67,3,2007,6,39.9489,-75.2456,1924.0,6,0,0,0,0,0,0,0,0,,0,0,0,19,3,0,1,,0,39 56:56.040,,0,75 14:44.033,0,0,0,0,67301,0,0,0,N,0,0,0,2,67301,0,,1,9,,N,N,,0,,0,0,0,3,3,,1910,0,2,0,0,0,0,0,3,4,0,2,7,,N,,,,,,,,,,,
2007054945,1657.0,1,0,0,0,0,0,0,0,0,1,0,,67,4,2007,3,40.0048,-75.1951,1651.0,6,0,0,0,0,0,1,0,0,1.0,0,0,0,16,1,0,0,,2,40 00:16.000,4.0,0,75 11:41.659,0,0,0,0,67301,0,0,0,N,0,0,0,7,68K01,0,,1,1,,N,N,,0,,0,0,1,0,0,N,1651,0,3,0,0,0,0,0,3,4,1,3,3,,N,,,,,,,,,,,
2007120928,1930.0,1,0,0,0,0,0,0,0,0,8,0,,67,10,2007,4,40.0497,-75.0786,1930.0,6,0,0,0,0,0,0,0,1,,0,0,0,19,3,1,1,,0,40 02:58.765,,0,75 04:42.916,4,0,0,0,67301,1,0,0,N,1,0,0,2,67301,1,,1,9,,N,N,,0,,0,0,0,0,0,,1925,1,2,0,0,0,0,0,3,4,0,1,3,,N,,,,,,,,,,,
2007128230,1020.0,1,0,0,0,0,0,0,0,0,8,0,,67,10,2007,6,40.0363,-75.1753,1016.0,6,0,0,0,0,0,0,0,0,,0,0,0,10,1,1,0,,0,40 02:10.000,,0,75 10:31.057,8,0,0,0,67301,1,0,0,N,1,0,0,4,67301,0,,1,1,,N,N,,0,,0,0,1,0,0,,1015,1,3,0,0,1,1,0,3,4,0,2,3,,N,,,,,,,,,,,
2007092345,2145.0,0,0,0,0,0,0,0,0,0,1,0,,67,6,2007,7,39.8976,-75.2118,2140.0,6,0,0,0,0,0,1,0,0,,0,0,0,21,3,1,0,,0,39 53:51.588,,0,75 12:42.372,4,0,0,1,67301,0,0,0,N,0,0,0,3,67301,1,,1,1,,N,N,,0,,0,0,1,0,0,,2139,1,2,0,0,0,0,0,3,4,0,2,3,,N,,,,,,,,,,,
2007095031,1530.0,1,0,0,0,0,0,0,0,0,8,0,,67,6,2007,7,40.0205,-75.1924,1324.0,6,0,0,0,0,0,0,0,0,,0,0,0,13,1,1,1,,0,40 01:13.000,,0,75 11:32.576,3,0,0,0,67301,1,0,0,N,1,0,0,3,67301,0,,1,1,,N,N,,0,,1,0,0,3,1,,1320,1,2,0,0,0,0,0,3,4,0,1,3,,N,,,,,,,,,,,
2007092758,28.0,0,0,0,0,0,0,0,0,0,7,0,,67,6,2007,7,,,21.0,6,0,0,0,0,0,0,0,0,,0,0,0,0,3,0,0,,0,39 58:23.4,,0,75 11:36.3,0,0,0,0,67301,0,0,0,N,0,0,0,1,67301,0,,2,1,,N,N,,0,,0,0,1,0,0,,19,0,1,0,0,1,0,0,3,3,0,1,3,,N,,,,,,,,,,,
2007090175,2246.0,0,0,0,0,0,0,0,0,0,7,0,,67,7,2007,6,39.9598,-75.1772,2231.0,6,0,0,0,0,1,0,0,0,,0,0,0,22,3,0,0,,0,39 57:37.000,,0,75 10:51.741,0,0,0,0,67301,0,0,0,Y,0,0,0,1,68K01,0,,2,9,,N,N,,0,,0,0,1,0,0,,2230,0,1,0,0,0,0,0,3,4,0,1,7,,N,,,,,,,,,,,
2007120536,2316.0,2,0,0,0,0,0,0,0,0,2,0,,67,10,2007,6,39.993,-75.1935,2311.0,6,0,0,0,0,0,1,0,0,,0,0,0,23,3,6,0,,0,39 59:34.000,,0,75 11:36.867,4,0,0,0,67301,0,0,0,N,0,0,0,6,67301,6,,1,1,,N,N,,0,,0,0,1,0,0,,2309,6,3,0,0,0,0,0,3,4,0,3,3,,N,,,,,,,,,,,
2007120629,1917.0,2,0,0,0,0,0,0,0,0,5,0,,67,10,2007,2,40.0265,-75.1216,1915.0,6,0,0,0,0,0,0,0,0,,0,0,0,18,1,1,0,,0,40 01:35.000,,0,75 07:17.644,4,0,0,0,67301,1,0,0,N,0,0,0,2,67301,1,,6,1,,N,N,,0,,0,0,0,0,0,,1845,1,2,0,0,0,0,1,3,4,0,2,3,,N,,,,,,,,,,,
2007107052,1850.0,1,0,0,1,0,0,0,0,0,8,0,,67,9,2007,2,39.9972,-75.1673,1847.0,6,0,0,0,0,1,0,0,0,,0,0,0,99,1,1,1,,0,39 59:49.970,,0,75 10:02.157,4,0,0,0,67301,1,0,0,N,0,0,0,2,67301,1,,1,1,,N,N,,0,,0,0,0,3,2,,9999,1,2,0,0,0,0,1,3,4,0,1,3,,N,,,,,,,,,,,
2007102293,535.0,3,0,0,0,0,0,0,0,0,1,0,,67,7,2007,7,39.9663,-75.2173,530.0,6,0,0,0,0,0,0,0,0,,0,0,0,5,5,0,0,,0,39 57:58.532,,0,75 13:02.164,0,0,0,0,67301,0,0,0,N,0,0,0,1,67301,0,,6,1,,N,N,,0,,0,0,0,0,0,,525,0,3,0,0,0,0,0,3,4,0,3,3,,N,,,,,,,,,,,
2007120704,1555.0,0,0,0,1,0,0,0,0,0,1,0,,67,10,2007,6,39.9544,-75.1631,1545.0,6,0,0,0,0,0,0,0,0,,0,0,0,15,1,1,1,,0,39 57:15.000,,0,75 09:47.046,8,0,0,0,67301,1,0,0,N,0,0,0,2,67301,0,,1,1,,N,N,,0,,0,0,1,3,2,,1535,1,2,0,0,1,1,0,3,4,0,1,3,,N,,,,,,,,,,,
2007120724,630.0,1,0,0,0,0,0,0,0,0,8,0,,67,10,2007,4,40.0407,-75.0762,624.0,6,0,0,0,0,0,0,0,0,1.0,0,0,0,6,1,1,1,,1,40 02:26.000,1.0,0,75 04:34.269,4,0,0,0,67301,1,0,0,N,1,0,0,2,67301,1,,1,1,,N,N,,0,,0,0,0,3,2,N,624,1,2,0,0,0,0,0,3,4,0,1,3,,N,,,,,,,,,,,
2007075239,1403.0,0,0,0,0,0,0,0,0,0,0,0,,67,7,2007,7,,,1359.0,6,0,0,0,0,0,0,0,0,,0,0,0,13,1,1,0,,0,,,0,,4,0,0,1,67301,0,0,0,N,0,0,0,1,67501,1,,1,1,,N,N,,0,,0,0,0,2,8,,1358,1,1,0,0,0,0,0,3,3,0,1,3,,N,,,,,,,,,,,
2007027913,1705.0,3,0,0,0,0,0,0,0,0,4,0,,67,1,2007,7,39.9132,-75.2431,1658.0,6,0,0,0,1,0,1,0,0,,0,0,0,16,1,0,0,,0,39 54:47.000,,0,75 14:35.141,0,0,0,0,67301,0,0,0,N,0,0,0,3,67301,0,,1,1,,N,N,,0,,0,0,0,0,0,,1645,0,3,0,0,0,0,0,3,4,0,3,3,,N,,,,,,,,,,,
2007027698,810.0,1,0,0,0,0,0,0,0,0,1,0,,67,1,2007,2,39.9258,-75.2209,800.0,6,0,0,0,0,0,1,0,0,,0,0,0,7,1,1,0,,0,39 55:32.745,,0,75 13:15.213,8,0,0,0,67301,0,0,0,,0,0,0,3,67301,0,,1,9,,,,,0,,0,0,1,0,0,,750,1,2,0,0,0,1,1,3,4,0,2,10,,N,,,,,,,,,,,
2007027574,2104.0,2,0,0,0,0,0,0,0,0,4,0,,67,1,2007,3,39.9833,-75.247,2104.0,6,0,0,0,0,0,0,0,0,,0,0,0,21,2,0,0,,0,39 58:59.000,,0,75 14:49.178,0,0,0,0,67301,0,0,0,N,0,0,0,5,67301,0,,1,1,,N,N,,0,,0,0,0,3,2,,2100,0,2,0,0,0,0,0,3,4,0,2,3,,N,,,,,,,,,,,
2007066255,25.0,0,0,0,0,0,0,0,0,0,7,0,,67,5,2007,1,40.0275,-75.0285,19.0,6,0,0,0,0,0,0,0,0,,0,0,0,0,3,1,0,,0,40 01:38.000,,0,75 01:42.706,8,0,0,0,67301,0,0,0,N,0,0,0,1,67301,0,,4,9,,N,N,,0,,0,0,1,0,0,,15,1,1,0,0,0,1,0,3,4,0,1,7,,N,,,,,,,,,,,
2007051171,13.0,0,0,0,0,0,0,0,0,0,1,1,,67,3,2007,5,39.9211,-75.1939,2350.0,6,0,0,0,0,0,1,0,0,1.0,0,1,0,23,3,1,0,,1,39 55:16.000,3.0,0,75 11:38.004,4,0,0,0,67301,0,0,0,N,0,0,0,2,67301,1,,1,9,,N,N,,0,,0,0,1,3,1,Y,2350,1,2,0,0,0,0,0,3,4,0,2,7,,N,,,,,,,,,,,
2007056368,750.0,3,0,0,0,0,0,0,0,0,4,0,,67,4,2007,6,40.0702,-75.0328,746.0,6,0,0,0,0,0,1,0,0,2.0,0,0,0,7,1,1,0,,1,40 04:12.648,4.0,0,75 01:58.224,4,0,0,0,67301,0,0,0,N,0,0,0,2,67301,1,,1,1,,N,N,,0,,0,0,0,0,0,N,740,1,3,0,0,0,0,0,3,4,0,3,3,,N,,,,,,,,,,,