CRN,ARRIVAL_TM,AUTOMOBILE_COUNT,BELTED_DEATH_COUNT,BELTED_SUSP_SERIOUS_INJ_COUNT,BICYCLE_COUNT,BICYCLE_DEATH_COUNT,BICYCLE_SUSP_SERIOUS_INJ_COUNT,BUS_COUNT,CHLDPAS_DEATH_COUNT,CHLDPAS_SUSP_SERIOUS_INJ_COUNT,COLLISION_TYPE,COMM_VEH_COUNT,CONS_ZONE_SPD_LIM,COUNTY,CRASH_MONTH,CRASH_YEAR,DAY_OF_WEEK,DEC_LAT,DEC_LONG,DISPATCH_TM,DISTRICT,DRIVER_COUNT_16YR,DRIVER_COUNT_17YR,DRIVER_COUNT_18YR,DRIVER_COUNT_19YR,DRIVER_COUNT_20YR,DRIVER_COUNT_50_64YR,DRIVER_COUNT_65_74YR,DRIVER_COUNT_75PLUS,EST_HRS_CLOSED,FATAL_COUNT,HEAVY_TRUCK_COUNT,HORSE_BUGGY_COUNT,HOUR_OF_DAY,ILLUMINATION,INJURY_COUNT,INTERSECT_TYPE,INTERSECTION_RELATED,LANE_CLOSED,LATITUDE,LN_CLOSE_DIR,LOCATION_TYPE,LONGITUDE,MAX_SEVERITY_LEVEL,MCYCLE_DEATH_COUNT,MCYCLE_SUSP_SERIOUS_INJ_COUNT,MOTORCYCLE_COUNT,MUNICIPALITY,NONMOTR_COUNT,NONMOTR_DEATH_COUNT,NONMOTR_SUSP_SERIOUS_INJ_COUNT,NTFY_HIWY_MAINT,PED_COUNT,PED_DEATH_COUNT,PED_SUSP_SERIOUS_INJ_COUNT,PERSON_COUNT,POLICE_AGCY,POSSIBLE_INJ_COUNT,RDWY_SURF_TYPE_CD,RELATION_TO_ROAD,ROAD_CONDITION,ROADWAY_CLEARED,SCH_BUS_IND,SCH_ZONE_IND,SECONDARY_CRASH,SMALL_TRUCK_COUNT,SPEC_JURIS_CD,SUSP_MINOR_INJ_COUNT,SUSP_SERIOUS_INJ_COUNT,SUV_COUNT,TCD_FUNC_CD,TCD_TYPE,TFC_DETOUR_IND,TIME_OF_DAY,TOT_INJ_COUNT,TOTAL_UNITS,UNB_DEATH_COUNT,UNB_SUSP_SERIOUS_INJ_COUNT,UNBELTED_OCC_COUNT,UNK_INJ_DEG_COUNT,UNK_INJ_PER_COUNT,URBAN_AREA,URBAN_RURAL,VAN_COUNT,VEHICLE_COUNT,WEATHER1,WEATHER2,WORK_ZONE_IND,WORK_ZONE_LOC,WORK_ZONE_TYPE,WORKERS_PRES,WZ_CLOSE_DETOUR,WZ_FLAGGER,WZ_LAW_OFFCR_IND,WZ_LN_CLOSURE,WZ_MOVING,WZ_OTHER,WZ_SHLDER_MDN,WZ_WORKERS_INJ_KILLED
2007056432,244.0,0,0,0,0,0,0,0,0,0,0,0,,67,4,2007,2,,,242.0,6,0,0,0,0,0,0,0,0,,0,0,0,2,3,0,0,,0,,,0,,0,0,0,0,67301,0,0,0,N,0,0,0,1,67301,0,,1,9,,N,N,,0,,0,0,1,0,0,,240,0,1,0,0,0,0,0,3,3,0,1,7,,N,,,,,,,,,,,
2007056469,1430.0,0,0,0,0,0,0,0,0,0,5,0,,67,4,2007,3,40.0237,-75.0322,1424.0,6,0,0,0,0,0,1,0,0,,0,0,0,14,1,0,0,,0,40 01:25.437,,0,75 01:56.692,9,0,0,0,67301,0,0,0,N,0,0,0,2,67301,0,,1,1,,N,N,,0,,0,0,2,0,0,,1419,0,2,0,0,0,0,1,3,4,0,2,3,,N,,,,,,,,,,,
2007056575,2345.0,1,0,0,0,0,0,0,0,0,8,0,,67,3,2007,5,40.0213,-75.1602,2342.0,6,0,0,0,0,0,0,0,0,,0,0,0,23,3,1,1,,0,40 01:16.570,,0,75 09:36.831,8,0,0,0,67301,1,0,0,N,1,0,0,2,67301,0,,1,9,,N,N,,0,,0,0,0,3,2,,2330,1,2,0,0,0,1,0,3,4,0,1,7,,N,,,,,,,,,,,
2007056586,2037.0,1,0,0,0,0,0,0,0,0,5,0,,67,4,2007,6,40.0003,-75.2284,2023.0,6,0,0,0,0,0,0,0,0,,0,0,0,19,3,1,2,,0,40 00:04.000,,0,75 13:34.100,8,0,0,0,67301,0,0,0,N,0,0,0,3,67301,0,,1,1,,N,N,,0,,0,0,0,0,0,,1930,1,2,0,0,0,1,0,3,4,0,2,3,,N,,,,,,,,,,,
2007056504,1726.0,1,0,0,0,0,0,0,0,0,8,0,,67,3,2007,6,40.0594,-75.0859,1726.0,6,0,0,0,0,0,0,0,0,,0,0,0,17,1,1,1,,0,40 03:33.840,,0,75 05:09.240,8,0,0,0,67301,1,0,0,N,1,0,0,2,67301,0,,1,1,,N,N,,0,,0,0,0,3,2,,1726,1,2,0,0,0,1,0,3,4,0,1,3,,N,,,,,,,,,,,
2007098974,1422.0,1,0,0,1,0,0,0,0,0,4,0,,67,9,2007,2,40.0903,-74.984,1418.0,6,0,0,0,0,0,0,1,0,,0,0,0,14,1,1,0,,0,40 05:24.000,,0,74 59:02.265,4,0,0,0,67301,1,0,0,N,0,0,0,2,67301,1,,1,1,,N,N,,0,,0,0,0,0,0,,1410,1,2,0,0,0,0,0,3,4,0,1,3,,N,,,,,,,,,,,
2007098981,1700.0,1,0,0,0,0,0,1,0,0,5,1,,67,8,2007,1,39.9546,-75.2064,1646.0,6,0,0,0,1,0,0,0,0,,0,0,0,16,1,2,1,,0,39 57:16.000,,0,75 12:22.874,8,0,0,0,67301,0,0,0,N,0,0,0,4,67301,0,,1,1,,N,N,,0,,0,0,0,3,2,,1646,2,2,0,0,0,2,0,3,4,0,2,3,,N,,,,,,,,,,,
2007067252,1628.0,2,0,0,0,0,0,0,0,0,2,0,,67,5,2007,1,40.0808,-75.0284,1620.0,6,0,0,0,0,0,0,1,0,1.0,0,0,0,16,1,2,1,,2,40 04:50.000,1.0,0,75 01:42.489,8,0,0,0,67301,0,0,0,,0,0,0,3,67301,0,,1,1,,,,,0,,0,0,0,3,2,Y,1615,2,2,0,0,0,2,0,3,4,0,2,3,,N,,,,,,,,,,,
2007067262,1918.0,2,0,0,0,0,0,0,0,0,1,0,,67,5,2007,4,39.991,-75.1015,1914.0,6,0,0,0,0,0,0,0,0,2.0,0,0,0,19,1,2,0,,2,39 59:27.000,1.0,0,75 06:05.503,8,0,0,0,67301,0,0,0,N,0,0,0,4,67301,0,,1,9,,N,N,,0,,0,0,0,3,2,N,1910,2,2,0,0,0,2,0,3,4,0,2,7,,N,,,,,,,,,,,
2007067321,600.0,1,0,0,0,0,0,0,0,0,7,0,,67,5,2007,1,39.9511,-75.1981,555.0,6,0,0,0,0,1,0,0,0,,0,0,0,5,1,0,0,,0,39 57:03.992,,0,75 11:53.073,0,0,0,0,67301,0,0,0,,0,0,0,1,67301,0,,2,1,,,,,0,,0,0,0,0,0,,555,0,1,0,0,1,0,0,3,4,0,1,3,,N,,,,,,,,,,,
2007057196,1228.0,0,0,0,0,0,0,0,0,0,8,0,,67,3,2007,1,39.9407,-75.1796,1226.0,6,0,0,0,0,0,0,0,0,,0,0,0,12,1,1,1,,0,39 56:26.476,,0,75 10:46.433,8,0,0,1,67301,1,0,0,N,1,0,0,2,67301,0,,1,1,,N,N,,0,,0,0,0,0,0,,1224,1,2,0,0,0,1,0,3,4,0,1,3,,N,,,,,,,,,,,
2007099127,1015.0,1,0,0,0,0,0,0,0,0,4,0,,67,8,2007,4,40.0353,-75.0252,1010.0,6,0,0,0,0,0,1,0,0,1.0,0,0,0,10,1,1,1,,1,40 02:07.000,2.0,0,75 01:30.653,4,0,0,0,67301,0,0,0,N,0,0,0,2,67301,1,,1,1,,N,Y,,0,,0,0,0,3,2,N,1000,1,2,0,0,0,0,0,3,4,1,2,3,,N,,,,,,,,,,,
2007099146,1321.0,0,0,0,0,0,0,0,0,0,7,0,,67,8,2007,7,39.9592,-75.2192,1320.0,6,0,0,0,0,0,0,1,0,1.0,0,0,0,13,1,1,1,,2,39 57:33.000,3.0,0,75 13:09.044,4,0,0,0,67301,0,0,0,,0,0,0,1,67301,1,,3,1,,,,,0,,0,0,0,3,3,Y,1319,1,1,0,0,0,0,0,3,4,1,1,3,,N,,,,,,,,,,,
2007029278,750.0,2,0,0,0,0,0,0,0,0,2,0,,67,1,2007,1,39.972,-75.1639,750.0,6,0,0,0,0,0,0,0,0,,0,0,0,7,1,1,0,,0,39 58:19.000,,0,75 09:50.262,4,0,0,0,67301,0,0,0,N,0,0,0,2,67301,1,,1,9,,N,N,,0,,0,0,0,3,2,,730,1,2,0,0,0,0,1,3,4,0,2,7,,N,,,,,,,,,,,
2007026828,2308.0,2,0,0,0,0,0,0,0,0,1,0,,67,1,2007,7,39.9534,-75.1369,2308.0,6,0,0,0,0,0,0,0,0,2.0,0,0,0,23,3,1,0,,2,39 57:12.220,4.0,3,75 08:12.841,3,0,0,0,67301,0,0,0,N,0,0,0,6,67501,0,,1,1,,N,N,,0,,1,0,0,3,8,N,2308,1,2,0,0,2,0,0,3,4,0,2,3,,N,,,,,,,,,,,
2007100022,216.0,1,0,0,0,0,0,0,0,0,7,0,,67,8,2007,6,40.0102,-75.0625,216.0,6,0,0,0,0,0,0,0,0,1.0,0,0,0,2,3,0,0,,2,40 00:36.000,1.0,0,75 03:44.958,0,0,0,0,67301,0,0,0,,0,0,0,3,67301,0,,2,1,,,,,0,,0,0,0,0,0,N,210,0,1,0,0,0,0,0,3,4,0,1,3,,N,,,,,,,,,,,
2007097481,2245.0,1,0,0,0,0,0,0,0,0,5,0,,67,8,2007,5,40.0595,-75.238,2242.0,6,0,0,0,0,0,0,0,0,,0,0,0,22,3,1,0,,0,40 03:32.000,,0,75 14:15.821,4,0,0,0,67301,0,0,0,N,0,0,0,1,67301,1,,1,1,,N,N,,0,,0,0,1,0,0,,2240,1,2,0,0,0,0,0,3,4,0,2,3,,N,,,,,,,,,,,
2007092336,1333.0,2,0,0,0,0,0,0,0,0,4,0,,67,7,2007,7,40.0251,-75.0827,1327.0,6,0,0,0,0,0,1,0,0,,0,0,0,13,1,3,1,,0,40 01:30.478,,0,75 04:57.665,8,0,0,0,67301,0,0,0,N,0,0,0,3,67301,0,,1,1,,N,N,,0,,0,0,0,9,3,,1310,3,2,0,0,1,3,0,3,4,0,2,3,,N,,,,,,,,,,,
2007095078,1735.0,1,0,0,0,0,0,0,0,0,8,0,,67,8,2007,5,39.9249,-75.1642,1733.0,6,0,0,0,0,0,1,0,0,,0,0,0,17,1,1,1,,0,39 55:29.719,,0,75 09:51.101,4,0,0,0,67301,1,0,0,,1,0,0,2,67301,1,,1,1,,,,,0,,0,0,0,9,3,,1722,1,2,0,0,0,0,0,3,4,0,1,3,,N,,,,,,,,,,,
2007092790,1610.0,1,0,0,0,0,0,0,0,0,1,0,,67,6,2007,7,39.9566,-75.1408,1600.0,6,0,0,1,0,0,0,0,0,,0,0,0,99,1,2,0,,0,39 57:25.000,,0,75 08:26.718,3,0,0,0,67301,0,0,0,,0,0,0,3,67301,1,,1,9,,,,,0,,1,0,1,0,0,,9999,2,2,0,0,0,0,0,3,4,0,2,3,,N,,,,,,,,,,,
2007120950,1610.0,2,0,0,0,0,0,0,0,0,1,0,,67,10,2007,7,40.0306,-75.0616,1559.0,6,0,0,0,0,1,1,0,0,,0,0,0,15,1,0,0,,0,40 01:50.000,,0,75 03:41.849,0,0,0,0,67301,0,0,0,,0,0,0,2,67301,0,,1,1,,,,,0,,0,0,0,3,2,,1559,0,2,0,0,0,0,0,3,4,0,2,3,,N,,,,,,,,,,,
2007120610,250.0,2,0,0,0,0,0,0,0,0,4,0,,67,10,2007,4,40.029,-75.0892,232.0,6,0,0,0,0,1,1,0,0,2.0,0,0,0,2,3,2,1,,1,40 01:44.000,3.0,0,75 05:21.035,3,0,0,0,67301,0,0,0,N,0,0,0,3,67301,1,,1,1,,N,N,,0,,1,0,0,3,2,N,214,2,3,0,0,0,0,0,3,4,1,3,3,,N,,,,,,,,,,,
2007120682,1245.0,0,0,0,0,0,0,0,0,0,1,0,,67,10,2007,2,40.0836,-75.0264,1240.0,6,0,0,0,0,0,0,0,1,,0,0,0,12,1,1,2,,0,40 05:01.000,,0,75 01:34.928,8,0,0,0,67301,0,0,0,N,0,0,0,2,67301,0,,1,1,,N,N,,0,,0,0,0,3,2,,1230,1,2,0,0,0,1,0,3,4,2,2,3,,N,,,,,,,,,,,
2007080489,1641.0,1,0,0,0,0,0,0,0,0,7,0,,67,6,2007,5,40.0221,-75.1163,1638.0,6,0,0,0,0,0,0,0,1,,0,0,0,16,1,0,0,,0,40 01:19.600,,0,75 06:58.500,0,0,0,0,67301,0,0,0,N,0,0,0,1,67301,0,,5,1,,N,N,,0,,0,0,0,0,0,,1630,0,1,0,0,1,0,0,3,4,0,1,3,,N,,,,,,,,,,,
2007120725,628.0,1,0,0,0,0,0,0,0,0,7,0,,67,10,2007,6,40.0491,-75.0625,625.0,6,0,0,0,0,1,0,0,0,2.0,0,0,0,6,1,1,1,,1,40 02:56.000,3.0,0,75 03:44.902,4,0,0,0,67301,1,0,0,N,1,0,0,2,67301,1,,2,1,,N,N,,0,,0,0,0,3,2,Y,624,1,2,0,0,0,0,0,3,4,0,1,3,,N,,,,,,,,,,,
2007120736,1522.0,2,0,0,0,0,0,0,0,0,4,0,,67,10,2007,3,39.9114,-75.2302,1515.0,6,0,0,0,0,0,0,0,0,,0,0,0,15,1,2,0,,0,39 54:41.156,,0,75 13:48.865,4,0,0,0,67301,0,0,0,,0,0,0,4,67301,2,,5,9,,,,,0,,0,0,1,0,0,,1510,2,5,0,0,0,0,0,3,4,2,5,7,,N,,,,,,,,,,,
2007075272,857.0,1,0,0,0,0,0,0,0,0,1,0,,67,7,2007,7,,,857.0,6,0,0,0,0,0,1,0,0,1.0,0,0,0,8,1,1,0,,2,,3.0,0,,4,0,0,0,67301,0,0,0,,0,0,0,6,67501,1,,1,1,,,,,0,,0,0,1,3,8,N,857,1,3,0,0,0,0,0,3,3,1,3,3,,N,,,,,,,,,,,
2007030351,2323.0,1,0,0,0,0,0,0,0,0,4,0,,67,1,2007,7,40.0272,-75.1835,2322.0,6,0,0,0,0,1,0,0,0,,0,0,0,22,3,1,2,,0,40 01:38.000,,0,75 11:00.637,4,0,0,0,67301,0,0,0,N,0,0,0,2,67301,1,,1,9,,N,N,,1,,0,0,0,3,2,,2250,1,2,0,0,0,0,0,3,4,0,2,7,,N,,,,,,,,,,,
2007027897,845.0,2,0,0,0,0,0,0,0,0,4,0,,67,1,2007,6,40.0166,-75.1472,835.0,6,0,0,0,0,0,0,0,0,,0,0,0,8,3,0,1,,0,40 00:59.814,,0,75 08:49.815,9,0,0,0,67301,0,0,0,N,0,0,0,3,67301,0,,1,1,,N,N,,0,,0,0,0,3,2,,810,0,2,0,0,0,0,2,3,4,0,2,3,,N,,,,,,,,,,,
2007027921,1528.0,3,0,0,0,0,0,0,0,0,1,0,,67,1,2007,5,39.9693,-75.1271,1526.0,6,0,0,0,0,0,0,0,0,1.0,0,0,0,15,1,0,0,,1,39 58:09.395,2.0,0,75 07:37.824,0,0,0,0,67301,0,0,0,,0,0,0,3,67301,0,,1,1,,,,,0,,0,0,0,0,0,N,1524,0,3,0,0,1,0,0,3,4,0,3,3,,N,,,,,,,,,,,
2007047556,2003.0,2,0,0,0,0,0,0,0,0,4,0,,67,2,2007,5,40.0361,-75.0879,601.0,6,0,0,0,0,0,0,0,0,1.0,0,0,0,99,3,2,1,,1,40 02:09.000,5.0,0,75 05:16.321,8,0,0,0,67301,0,0,0,N,0,0,0,3,67301,0,,1,9,,N,N,,0,,0,0,0,3,2,Y,9999,2,2,0,0,0,2,0,3,4,0,2,3,,N,,,,,,,,,,,
2007047540,1810.0,2,0,0,0,0,0,0,0,0,1,0,,67,2,2007,3,39.969,-75.2303,1800.0,6,0,0,0,0,0,1,0,0,,0,0,0,17,4,1,1,,0,39 58:08.464,,0,75 13:49.195,8,0,0,0,67301,0,0,0,N,0,0,0,4,67301,0,,1,1,,N,N,,0,,0,0,0,3,3,,1758,1,2,0,0,0,1,2,3,4,0,2,3,,N,,,,,,,,,,,
2007047607,2210.0,2,0,0,0,0,0,0,0,0,2,0,,67,2,2007,4,39.9105,-75.1826,2207.0,6,0,0,0,0,0,0,0,0,,0,0,0,22,3,0,2,,0,39 54:37.713,,0,75 10:57.197,0,0,0,0,67301,0,0,0,N,0,0,0,3,67301,0,,1,1,,N,N,,0,,0,0,0,3,3,,2200,0,2,0,0,0,0,0,3,4,0,2,3,,N,,,,,,,,,,,
2007047575,1705.0,1,0,0,0,0,0,0,0,0,8,0,,67,2,2007,7,39.9496,-75.1539,1652.0,6,0,0,0,0,0,0,0,0,,0,0,0,12,1,1,1,,0,39 56:58.597,,0,75 09:13.936,8,0,0,0,67301,1,0,0,N,1,0,0,2,67301,0,,1,98,,N,N,,0,,0,0,0,9,2,,1200,1,2,0,0,0,1,1,3,4,0,1,99,,N,,,,,,,,,,,
2007067631,1712.0,2,0,0,0,0,0,0,0,0,0,0,,67,5,2007,3,39.9416,-75.1943,1712.0,6,0,1,0,0,0,0,0,0,,0,0,0,17,1,1,0,,0,39 56:37.000,,0,75 11:32.559,3,0,0,0,67301,0,0,0,,0,0,0,2,67301,0,,1,1,,,,,0,,1,0,0,0,0,,1712,1,2,0,0,0,0,0,3,4,0,2,3,,N,,,,,,,,,,,
2007067640,951.0,1,0,0,0,0,0,0,0,0,8,0,,67,4,2007,7,40.031,-75.0614,950.0,6,0,0,0,0,0,0,1,0,,0,0,0,9,1,1,2,,0,40 01:51.529,,0,75 03:40.880,3,0,0,0,67301,1,0,0,,1,0,0,2,67301,0,,1,1,,N,N,,0,,1,0,0,0,0,,947,1,2,0,0,0,0,0,3,4,0,1,3,,N,,,,,,,,,,,
2007106792,1328.0,0,0,0,1,0,0,0,0,0,6,0,,67,8,2007,4,39.9629,-75.1643,1325.0,6,0,0,0,0,0,1,0,0,,0,1,0,12,1,1,0,,0,39 57:46.000,,0,75 09:51.954,8,0,0,0,67301,1,0,0,,0,0,0,3,67301,0,,1,1,,N,N,,0,,0,0,0,0,0,,1250,1,2,0,0,0,1,2,3,4,0,1,3,,N,,,,,,,,,,,
2007112048,1542.0,1,0,0,0,0,0,0,0,0,7,0,,67,9,2007,5,,,1540.0,6,0,0,1,0,0,0,0,0,,0,0,0,15,1,1,0,,0,,,0,,4,0,0,0,67301,0,0,0,N,0,0,0,2,67501,1,,2,1,,N,N,,0,,0,0,0,0,0,,1538,1,1,0,0,0,0,0,3,3,0,1,3,,N,,,,,,,,,,,
2007098293,1725.0,1,0,0,0,0,0,0,0,0,4,0,,67,8,2007,2,39.9585,-75.2476,1715.0,6,0,0,0,0,0,0,0,0,,0,0,0,16,8,1,2,,0,39 57:30.000,,0,75 14:51.320,4,0,0,0,67301,0,0,0,N,0,0,0,2,67301,1,,1,9,,N,N,,1,,0,0,0,9,3,,1600,1,2,0,0,0,0,0,3,4,0,2,7,,N,,,,,,,,,,,
2007098296,925.0,1,0,0,0,0,0,0,0,0,8,0,,67,7,2007,5,39.9605,-75.2411,925.0,6,0,0,0,0,0,1,0,0,,0,0,0,9,1,1,0,,0,39 57:37.733,,0,75 14:28.033,8,0,0,0,67301,1,0,0,N,1,0,0,2,67301,0,,1,1,,N,N,,0,,0,0,0,3,2,,920,1,2,0,0,0,1,0,3,4,0,1,3,,N,,,,,,,,,,,
2007022251,1625.0,1,0,0,0,0,0,0,0,0,8,0,,67,1,2007,6,40.072,-75.2018,1623.0,6,0,0,0,0,0,0,0,1,,0,0,0,16,1,1,1,,0,40 04:18.000,,0,75 12:05.848,8,0,0,0,67301,1,0,0,N,1,0,0,2,67301,0,,1,1,,N,N,,0,,0,0,0,3,3,,1620,1,2,0,0,0,1,0,3,4,0,1,3,,N,,,,,,,,,,,
2007022286,1541.0,0,0,0,0,0,0,0,0,0,8,0,,67,1,2007,6,39.9762,-75.2267,1539.0,6,0,0,0,0,0,0,0,0,,0,0,0,99,1,1,1,,0,39 58:34.000,,0,75 13:36.168,8,0,0,0,67301,1,0,0,N,1,0,0,2,67301,0,,1,9,,N,Y,,0,,0,0,0,3,2,,9999,1,2,0,0,0,1,0,3,4,0,1,7,,N,,,,,,,,,,,
2007022297,329.0,1,0,0,0,0,0,0,0,0,7,0,,67,1,2007,2,39.9714,-75.1594,325.0,6,0,0,0,0,1,0,0,0,,0,0,0,3,3,0,1,,0,39 58:17.000,,0,75 09:33.737,0,0,0,0,67301,0,0,0,,0,0,0,3,67301,0,,3,9,,,,,0,,0,0,0,3,2,,300,0,1,0,0,0,0,0,3,4,0,1,7,,N,,,,,,,,,,,
2007022321,1413.0,2,0,0,0,0,0,0,0,0,1,0,,67,1,2007,2,39.9485,-75.1573,1411.0,6,0,0,0,0,0,0,0,0,,0,0,0,14,1,1,1,,0,39 56:54.000,,0,75 09:26.380,8,0,0,0,67301,0,0,0,N,0,0,0,5,67301,0,,1,9,,N,N,,0,,0,0,0,9,2,,1411,1,2,0,0,5,1,0,3,4,0,2,3,,N,,,,,,,,,,,
2007022386,821.0,1,0,0,0,0,0,0,0,0,1,0,,67,1,2007,6,40.0176,-75.097,816.0,6,0,0,0,0,0,0,0,0,,0,0,0,8,1,4,0,,0,40 01:14.000,,0,75 05:41.455,8,0,0,0,67301,0,0,0,N,0,0,0,6,67301,0,,1,2,,N,N,,0,,0,0,1,0,0,,816,4,2,0,0,1,4,0,3,4,0,2,3,,N,,,,,,,,,,,
2007027494,114.0,2,0,0,0,0,0,0,0,0,4,0,,67,1,2007,7,40.0746,-75.0351,112.0,6,0,0,0,0,0,0,0,0,,0,0,0,1,3,0,5,,0,40 04:28.000,,0,75 02:06.268,9,0,0,0,67301,0,0,0,N,0,0,0,2,67301,0,,1,1,,N,N,,0,,0,0,0,3,2,,112,0,2,0,0,0,0,1,3,4,0,2,3,,N,,,,,,,,,,,
2007027747,1430.0,2,0,0,0,0,0,0,0,0,4,0,,67,1,2007,1,40.0191,-75.0815,1424.0,6,0,0,0,0,0,0,1,0,1.0,0,0,0,14,1,1,1,,1,40 01:08.000,4.0,0,75 04:53.258,3,0,0,0,67301,0,0,0,N,0,0,0,2,67301,0,,1,1,,N,N,,0,,1,0,0,3,2,N,1424,1,2,0,0,1,0,0,3,4,0,2,3,,N,,,,,,,,,,,
2007027767,1635.0,1,0,0,0,0,0,0,0,0,8,0,,67,1,2007,3,40.0195,-75.1194,1630.0,6,0,0,0,0,0,0,0,0,,0,0,0,15,1,1,0,,0,40 01:10.059,,0,75 07:09.825,4,0,0,0,67301,1,0,0,N,1,0,0,2,67301,1,,1,1,,N,Y,,0,,0,0,0,3,8,,1530,1,2,0,0,0,0,0,3,4,0,1,3,,N,,,,,,,,,,,
2007080963,1730.0,2,0,0,0,0,0,0,0,0,5,0,,67,6,2007,6,39.957,-75.2459,1717.0,6,0,0,0,0,0,1,0,1,,0,0,0,17,1,1,1,,0,39 57:25.376,,0,75 14:45.124,4,0,0,0,67301,0,0,0,N,0,0,0,2,67301,1,,1,1,,N,N,,0,,0,0,0,0,0,,1717,1,2,0,0,0,0,0,3,4,0,2,3,,N,,,,,,,,,,,
2007058665,1819.0,2,0,0,0,0,0,0,0,0,4,0,,67,4,2007,4,40.0239,-75.0354,1816.0,6,0,0,0,0,0,1,0,0,,0,0,0,18,1,2,2,,0,40 01:26.000,,0,75 02:07.318,3,0,0,0,67301,0,0,0,,0,0,0,2,67301,0,,1,1,,,,,0,,2,0,0,3,2,,1810,2,2,0,0,0,0,0,3,4,0,2,3,,N,,,,,,,,,,,
2007051174,1436.0,1,0,0,0,0,0,0,0,0,1,0,,67,2,2007,6,39.9588,-75.1376,1434.0,6,0,0,0,0,0,0,1,0,,0,0,0,99,1,0,1,,0,39 57:31.588,,0,75 08:15.319,0,0,0,0,67301,0,0,0,N,0,0,0,3,67301,0,,1,1,,N,N,,1,,0,0,0,0,0,,9999,0,2,0,0,0,0,0,3,4,0,2,3,,N,,,,,,,,,,,
2007056384,1252.0,1,0,0,0,0,0,0,0,0,0,0,,67,4,2007,3,39.941,-75.1847,1245.0,6,0,0,0,0,0,1,0,0,,0,0,0,12,1,2,0,,0,39 56:27.776,,0,75 11:04.966,4,0,0,0,67301,0,0,0,N,0,0,0,2,67301,2,,1,1,,N,N,,0,,0,0,0,0,0,,1230,2,1,0,0,0,0,0,3,4,0,1,3,,N,,,,,,,,,,,
2007056424,1347.0,2,0,0,0,0,0,0,0,0,4,0,,67,4,2007,2,,,1340.0,6,0,0,0,0,0,1,1,0,,0,0,0,13,1,0,2,,0,,,0,,0,0,0,0,67301,0,0,0,N,0,0,0,3,67301,0,,1,1,,N,N,,0,,0,0,0,3,3,,1335,0,2,0,0,0,0,0,3,3,0,2,3,,N,,,,,,,,,,,
2007056461,1627.0,1,0,0,0,0,0,0,0,0,8,0,,67,4,2007,4,40.0623,-75.1478,1625.0,6,0,0,0,0,0,1,0,0,1.0,0,0,0,16,1,1,1,,1,40 03:44.186,2.0,0,75 08:52.105,4,0,0,0,67301,1,0,0,N,1,0,0,2,67301,1,,1,1,,N,N,,0,,0,0,0,0,0,Y,1622,1,2,0,0,0,0,0,3,4,0,1,3,,N,,,,,,,,,,,
2007056561,1100.0,1,0,0,0,0,0,0,0,0,5,0,,67,3,2007,2,39.956,-75.2176,1059.0,6,0,0,0,0,0,0,0,0,,0,0,0,10,1,1,1,,0,39 57:21.000,,0,75 13:03.370,4,0,0,0,67301,0,0,0,N,0,0,0,4,67301,1,,1,1,,N,N,,0,,0,0,0,3,2,,1055,1,2,0,0,0,0,0,3,4,1,2,3,,N,,,,,,,,,,,
2007057405,2345.0,1,0,0,0,0,0,0,0,0,7,0,,67,4,2007,1,40.0958,-74.9912,2339.0,6,0,1,0,0,0,0,0,0,,0,0,0,23,3,0,1,,0,40 05:44.901,,0,74 59:28.492,0,0,0,0,67301,0,0,0,N,0,0,0,3,67301,0,,9,9,,N,N,,0,,0,0,0,3,2,,2339,0,1,0,0,0,0,0,3,4,0,1,7,,N,,,,,,,,,,,
2007096621,1056.0,1,0,0,0,0,0,0,0,0,1,0,,67,8,2007,3,39.9492,-75.1844,1052.0,6,0,0,0,0,0,0,1,0,,0,0,0,10,1,1,6,,0,39 56:57.000,,2,75 11:03.884,8,0,0,0,67301,0,0,0,N,0,0,0,2,67301,0,,1,1,,N,N,,0,,0,0,1,0,0,,1015,1,2,0,0,0,1,0,3,4,0,2,3,,N,,,,,,,,,,,
2007088825,2300.0,2,0,0,0,0,0,0,0,0,1,0,,67,7,2007,5,39.9631,-75.1838,2300.0,6,0,0,0,0,1,0,0,0,,0,0,0,23,3,0,0,,0,39 57:46.000,,0,75 11:00.751,9,0,0,0,67301,0,0,0,N,0,0,0,3,68K01,0,,1,9,,N,N,,0,,0,0,1,0,0,,2300,0,3,0,0,0,0,1,3,4,0,3,7,,N,,,,,,,,,,,
2007067292,9999.0,2,0,0,0,0,0,0,0,0,5,0,,67,5,2007,2,40.0101,-75.0641,2315.0,6,0,0,1,0,0,0,0,0,1.0,0,0,0,23,3,0,10,,1,40 00:36.000,2.0,0,75 03:51.120,0,0,0,0,67301,0,0,0,N,0,0,0,6,67301,0,,1,1,,N,N,,0,,0,0,0,0,0,N,2315,0,2,0,0,0,0,0,3,4,0,2,3,,N,,,,,,,,,,,
2007067302,30.0,2,0,0,0,0,0,0,0,0,4,0,,67,5,2007,1,39.9172,-75.2463,30.0,6,0,0,0,0,0,1,0,0,,0,0,0,23,3,4,1,,0,39 55:01.859,,0,75 14:46.691,3,0,0,0,67301,0,0,0,N,0,0,0,4,67301,0,,1,1,,N,N,,0,,4,0,0,3,1,,2348,4,2,0,0,0,0,0,3,4,0,2,3,,N,,,,,,,,,,,
2007067397,2325.0,3,0,0,0,0,0,0,0,0,1,0,,67,5,2007,7,40.0777,-75.0381,2323.0,6,0,0,0,0,0,0,0,0,,0,0,0,22,3,1,0,,0,40 04:39.842,,0,75 02:17.336,3,0,0,0,67301,0,0,0,N,0,0,0,3,67301,0,,2,9,,N,N,,0,,1,0,0,0,0,,2245,1,3,0,0,0,0,0,3,4,0,3,7,,N,,,,,,,,,,,