CRN,ARRIVAL_TM,AUTOMOBILE_COUNT,BELTED_DEATH_COUNT,BELTED_SUSP_SERIOUS_INJ_COUNT,BICYCLE_COUNT,BICYCLE_DEATH_COUNT,BICYCLE_SUSP_SERIOUS_INJ_COUNT,BUS_COUNT,CHLDPAS_DEATH_COUNT,CHLDPAS_SUSP_SERIOUS_INJ_COUNT,COLLISION_TYPE,COMM_VEH_COUNT,CONS_ZONE_SPD_LIM,COUNTY,CRASH_MONTH,CRASH_YEAR,DAY_OF_WEEK,DEC_LAT,DEC_LONG,DISPATCH_TM,DISTRICT,DRIVER_COUNT_16YR,DRIVER_COUNT_17YR,DRIVER_COUNT_18YR,DRIVER_COUNT_19YR,DRIVER_COUNT_20YR,DRIVER_COUNT_50_64YR,DRIVER_COUNT_65_74YR,DRIVER_COUNT_75PLUS,EST_HRS_CLOSED,FATAL_COUNT,HEAVY_TRUCK_COUNT,HORSE_BUGGY_COUNT,HOUR_OF_DAY,ILLUMINATION,INJURY_COUNT,INTERSECT_TYPE,INTERSECTION_RELATED,LANE_CLOSED,LATITUDE,LN_CLOSE_DIR,LOCATION_TYPE,LONGITUDE,MAX_SEVERITY_LEVEL,MCYCLE_DEATH_COUNT,MCYCLE_SUSP_SERIOUS_INJ_COUNT,MOTORCYCLE_COUNT,MUNICIPALITY,NONMOTR_COUNT,NONMOTR_DEATH_COUNT,NONMOTR_SUSP_SERIOUS_INJ_COUNT,NTFY_HIWY_MAINT,PED_COUNT,PED_DEATH_COUNT,PED_SUSP_SERIOUS_INJ_COUNT,PERSON_COUNT,POLICE_AGCY,POSSIBLE_INJ_COUNT,RDWY_SURF_TYPE_CD,RELATION_TO_ROAD,ROAD_CONDITION,ROADWAY_CLEARED,SCH_BUS_IND,SCH_ZONE_IND,SECONDARY_CRASH,SMALL_TRUCK_COUNT,SPEC_JURIS_CD,SUSP_MINOR_INJ_COUNT,SUSP_SERIOUS_INJ_COUNT,SUV_COUNT,TCD_FUNC_CD,TCD_TYPE,TFC_DETOUR_IND,TIME_OF_DAY,TOT_INJ_COUNT,TOTAL_UNITS,UNB_DEATH_COUNT,UNB_SUSP_SERIOUS_INJ_COUNT,UNBELTED_OCC_COUNT,UNK_INJ_DEG_COUNT,UNK_INJ_PER_COUNT,URBAN_AREA,URBAN_RURAL,VAN_COUNT,VEHICLE_COUNT,WEATHER1,WEATHER2,WORK_ZONE_IND,WORK_ZONE_LOC,WORK_ZONE_TYPE,WORKERS_PRES,WZ_CLOSE_DETOUR,WZ_FLAGGER,WZ_LAW_OFFCR_IND,WZ_LN_CLOSURE,WZ_MOVING,WZ_OTHER,WZ_SHLDER_MDN,WZ_WORKERS_INJ_KILLED
2007067140,809.0,2,0,0,0,0,0,0,0,0,5,0,,67,5,2007,6,39.9814,-75.1426,801.0,6,0,0,0,0,0,0,0,0,,0,0,0,7,1,0,1,,0,39 58:52.935,,0,75 08:33.241,0,0,0,0,67301,0,0,0,N,0,0,0,2,67301,0,,1,1,,N,N,,0,,0,0,0,3,2,,754,0,2,0,0,0,0,0,3,4,0,2,3,,N,,,,,,,,,,,
2007099136,2215.0,4,0,0,0,0,0,0,0,0,6,0,,67,8,2007,4,39.9854,-75.1282,2211.0,6,0,0,0,0,0,0,0,0,,0,0,0,22,3,1,0,,0,39 59:07.429,,0,75 07:41.631,4,0,0,0,67301,0,0,0,N,0,0,0,1,67301,1,,6,1,,N,N,,0,,0,0,1,0,0,,2210,1,5,0,0,1,0,0,3,4,0,5,3,,N,,,,,,,,,,,
2007016159,1344.0,2,0,0,0,0,0,0,0,0,1,0,,67,2,2007,5,40.0072,-75.2139,9999.0,6,0,0,0,0,0,0,0,0,,0,0,0,13,1,1,0,,0,40 00:25.000,,0,75 12:50.210,4,0,0,0,67301,0,0,0,N,0,0,0,2,46104,1,,1,1,,N,N,,0,,0,0,0,3,2,,1335,1,2,0,0,0,0,0,3,4,0,2,3,,N,,,,,,,,,,,
2007029241,804.0,1,0,0,0,0,0,0,0,0,4,0,,67,1,2007,6,39.9798,-75.1182,800.0,6,0,0,0,0,0,1,0,0,,0,0,0,7,1,1,2,,0,39 58:51.000,,0,75 07:03.380,8,0,0,0,67301,0,0,0,N,0,0,0,3,67301,0,,1,9,,N,N,,0,,0,0,1,0,0,,745,1,2,0,0,0,1,0,3,4,0,2,7,,N,,,,,,,,,,,
2007029500,1750.0,1,0,0,0,0,0,0,0,0,4,0,,67,1,2007,4,40.0473,-75.1677,1745.0,6,0,0,0,0,0,0,1,0,1.0,0,0,0,17,3,0,1,,1,40 02:50.000,2.0,0,75 10:03.883,9,0,0,0,67301,0,0,0,N,0,0,0,5,67301,0,,1,1,,N,N,,0,,0,0,1,3,2,N,1740,0,2,0,0,0,0,4,3,4,0,2,3,,N,,,,,,,,,,,
2007097339,600.0,0,0,0,0,0,0,0,0,0,5,1,,67,8,2007,4,39.9057,-75.1939,555.0,6,0,0,0,0,0,0,0,0,,0,1,0,5,5,0,1,,0,39 54:21.000,,0,75 11:37.839,0,0,0,0,67301,0,0,0,,0,0,0,2,67301,0,,1,1,,,,,0,,0,0,1,9,4,,550,0,2,0,0,0,0,0,3,4,0,2,3,,N,,,,,,,,,,,
2007097219,953.0,3,0,0,0,0,0,0,0,0,1,0,,67,7,2007,2,39.9746,-75.1942,945.0,6,0,0,0,0,0,0,1,0,,0,0,0,9,1,2,0,,0,39 58:32.932,,0,75 11:41.372,4,0,0,0,67301,0,0,0,N,0,0,0,3,68K01,2,,1,1,,N,N,,0,,0,0,0,0,0,,942,2,3,0,0,0,0,0,3,4,0,3,3,,N,,,,,,,,,,,
2007092321,59.0,3,0,0,0,0,0,0,0,0,5,0,,67,7,2007,5,39.9622,-75.2294,53.0,6,0,0,0,0,0,0,0,0,,0,0,0,99,3,1,0,,0,39 57:43.801,,0,75 13:45.775,8,0,0,0,67301,0,0,0,N,0,0,0,2,67301,0,,1,1,,N,N,,0,,0,0,0,0,0,,9999,1,3,0,0,0,1,1,3,4,0,3,3,,N,,,,,,,,,,,
2007092334,1445.0,0,0,0,0,0,0,0,0,0,2,0,,67,7,2007,7,39.9736,-75.1186,1445.0,6,0,0,0,0,0,0,1,0,1.0,0,0,0,14,1,1,2,,1,39 58:22.000,3.0,0,75 07:10.507,4,0,0,0,67301,0,0,0,N,0,0,0,3,67301,1,,1,1,,N,N,,1,,0,0,0,0,0,N,1440,1,2,0,0,1,0,0,3,4,1,2,3,,N,,,,,,,,,,,
2007095029,1410.0,2,0,0,0,0,0,0,0,0,4,0,,67,7,2007,7,39.9686,-75.2435,1422.0,6,0,0,0,1,0,0,0,0,,0,0,0,14,1,1,1,,0,39 58:06.931,,0,75 14:36.430,3,0,0,0,67301,0,0,0,,0,0,0,7,67301,0,,1,1,,,,,0,,1,0,0,3,3,,1408,1,2,0,0,0,0,5,3,4,0,2,3,,N,,,,,,,,,,,
2007092887,1546.0,5,0,0,0,0,0,0,0,0,4,0,,67,7,2007,3,40.1052,-75.0327,1541.0,6,0,0,0,0,0,0,1,0,,0,0,0,15,1,2,0,,0,40 06:18.000,,7,75 01:57.733,8,0,0,0,67301,0,0,0,,0,0,0,3,67301,0,,1,1,,,,,0,,0,0,0,0,0,,1535,2,5,0,0,0,2,0,3,4,0,5,3,,N,,,,,,,,,,,
2007092411,729.0,2,0,0,0,0,0,0,0,0,7,0,,67,8,2007,4,39.984,-75.0966,721.0,6,0,0,0,0,0,0,0,0,2.0,0,0,0,7,1,1,0,,2,39 59:02.400,1.0,0,75 05:47.040,8,0,0,0,67301,0,0,0,N,0,0,0,4,67301,0,,3,1,,N,N,,0,,0,0,2,0,0,Y,721,1,4,0,0,0,1,0,3,4,0,4,3,,N,,,,,,,,,,,
2007087997,1738.0,3,0,0,0,0,0,0,0,0,1,0,,67,7,2007,2,39.9747,-75.1984,1730.0,6,0,0,0,1,0,0,0,0,2.0,0,0,0,17,1,0,0,,1,39 58:29.000,3.0,2,75 11:54.370,0,0,0,0,67301,0,0,0,N,0,0,0,3,68K01,0,,1,1,,N,N,,0,,0,0,0,3,2,N,1727,0,3,0,0,0,0,0,3,4,0,3,3,,N,,,,,,,,,,,
2007120604,2200.0,2,0,0,0,0,0,0,0,0,4,0,,67,10,2007,7,39.9927,-75.1203,2200.0,6,0,0,0,0,0,1,0,0,,0,0,0,22,3,2,1,,0,39 59:33.831,,0,75 07:13.101,4,0,0,0,67301,0,0,0,,0,0,0,5,67301,2,,1,1,,N,N,,0,,0,0,0,3,2,,2200,2,2,0,0,0,0,1,3,4,0,2,3,,N,,,,,,,,,,,
2007120606,1342.0,1,0,0,1,0,0,0,0,0,4,0,,67,9,2007,6,40.0074,-75.1249,1318.0,6,0,0,0,0,0,0,0,0,,0,0,0,99,8,1,0,,0,40 00:26.000,,0,75 07:29.659,8,0,0,0,67301,1,0,0,,0,0,0,3,67301,0,,1,9,,,,,0,,0,0,0,0,0,,9999,1,2,0,0,0,1,1,3,4,0,1,7,,N,,,,,,,,,,,
2007120630,1254.0,0,0,0,1,0,0,0,0,0,4,1,,67,10,2007,5,39.9527,-75.2106,1254.0,6,0,0,0,0,0,0,0,0,,0,0,0,12,1,1,1,,0,39 57:09.612,,0,75 12:38.023,4,0,0,0,67301,1,0,0,,0,0,0,2,67301,1,,1,1,,N,N,,1,,0,0,0,3,2,,1245,1,2,0,0,0,0,0,3,4,0,1,3,,N,,,,,,,,,,,
2007120684,1024.0,2,0,0,0,0,0,0,0,0,4,0,,67,10,2007,2,40.0642,-75.0539,1022.0,6,0,0,0,0,0,0,0,1,,0,0,0,10,1,1,1,,0,40 03:51.000,,0,75 03:13.702,4,0,0,0,67301,0,0,0,N,0,0,0,4,67301,1,,1,1,,N,N,,0,,0,0,0,3,2,,1019,1,2,0,0,0,0,0,3,4,0,2,3,,N,,,,,,,,,,,
2007082926,16.0,1,0,0,0,0,0,0,0,0,7,0,,67,6,2007,4,,,11.0,6,0,0,0,0,0,0,0,0,9.0,0,0,0,0,3,1,0,,1,,1.0,0,,4,0,0,0,67301,0,0,0,N,0,0,0,1,67301,1,,3,1,,N,N,,0,,0,0,0,0,0,N,10,1,1,0,0,0,0,0,3,3,0,1,3,,N,,,,,,,,,,,
2007080425,1520.0,2,0,0,0,0,0,0,0,0,1,0,,67,6,2007,7,40.0874,-74.9712,1514.0,6,0,0,1,0,0,0,0,0,,0,0,0,15,1,1,0,,0,40 05:14.000,,0,74 58:16.409,4,0,0,0,67301,0,0,0,N,0,0,0,3,67301,1,,1,1,,N,N,,0,,0,0,0,3,2,,1514,1,2,0,0,0,0,1,3,4,0,2,3,,N,,,,,,,,,,,
2007047268,9999.0,1,0,0,0,0,0,0,0,0,6,0,,67,2,2007,3,39.9033,-75.2244,9999.0,6,0,0,0,0,0,0,0,0,,0,0,0,19,3,0,2,,0,39 54:12.000,,0,75 13:27.999,0,0,0,0,67301,0,0,0,N,0,0,0,2,67301,0,,1,6,,N,N,,1,,0,0,0,3,2,,1930,0,2,0,0,0,0,0,3,4,0,2,99,,N,,,,,,,,,,,
2007052478,1043.0,1,0,0,0,0,0,0,0,0,1,0,,67,4,2007,2,40.004,-75.1946,1031.0,6,0,0,0,1,0,0,0,0,1.0,0,0,0,10,1,1,0,,1,40 00:14.040,4.0,0,75 11:40.560,4,0,0,0,67301,0,0,0,N,0,0,0,2,68K01,1,,1,1,,N,N,,1,,0,0,0,0,0,N,1024,1,2,0,0,0,0,0,3,4,0,2,3,,N,,,,,,,,,,,
2007047658,150.0,2,0,0,0,0,0,0,0,0,4,0,,67,3,2007,2,39.9578,-75.1471,150.0,6,0,0,0,0,0,0,0,0,,0,0,0,1,3,0,0,,0,39 57:28.077,,0,75 08:49.581,0,0,0,0,67301,0,0,0,N,0,0,0,3,67301,0,,1,2,,N,N,,0,,0,0,0,3,2,,149,0,2,0,0,0,0,0,3,4,0,2,3,,N,,,,,,,,,,,
2007047674,2049.0,1,0,0,0,0,0,1,0,0,4,1,,67,2,2007,2,40.035,-75.1737,2047.0,6,0,0,0,0,0,1,0,0,,0,0,0,20,3,3,1,,0,40 02:06.000,,0,75 10:25.403,4,0,0,0,67301,0,0,0,N,0,0,0,5,67301,3,,1,1,,N,N,,0,,0,0,0,3,2,,2040,3,2,0,0,1,0,0,3,4,0,2,3,,N,,,,,,,,,,,
2007047713,655.0,2,0,0,0,0,0,0,0,0,4,0,,67,3,2007,4,39.9617,-75.1561,654.0,6,0,0,0,0,0,0,0,0,1.0,0,0,0,6,1,2,1,,1,39 57:41.000,3.0,0,75 09:21.974,4,0,0,0,67301,0,0,0,N,0,0,0,2,67301,1,,1,7,,N,N,,0,,0,0,0,3,2,N,652,2,2,0,0,0,1,0,3,4,0,2,10,,N,,,,,,,,,,,
2007106782,210.0,1,0,0,0,0,0,0,0,0,2,0,,67,7,2007,1,39.9637,-75.1398,210.0,6,1,0,0,0,0,0,0,0,,0,0,0,2,3,1,10,,0,39 57:49.284,,0,75 08:23.132,4,0,0,0,67301,0,0,0,N,0,0,0,1,67301,1,,1,1,,N,N,,0,,0,0,1,0,0,,210,1,2,0,0,1,0,0,3,4,0,2,3,,N,,,,,,,,,,,
2007106866,1833.0,1,0,0,0,0,0,0,0,0,4,0,,67,9,2007,2,39.96,-75.1653,1829.0,6,0,0,0,0,0,0,0,0,,0,0,0,18,1,1,2,,0,39 57:36.054,,0,75 09:55.036,4,0,0,0,67301,0,0,0,N,0,0,0,3,67301,1,,1,1,,N,N,,0,,0,0,0,3,2,,1825,1,2,0,0,0,0,0,3,4,1,2,3,,N,,,,,,,,,,,
2007047833,2355.0,1,0,0,0,0,0,0,0,0,4,0,,67,3,2007,4,39.9547,-75.1495,2350.0,6,0,0,0,1,0,0,0,0,1.0,0,0,0,23,3,0,1,,2,39 57:16.000,3.0,0,75 08:58.276,0,0,0,0,67301,0,0,0,N,0,0,0,2,67301,0,,1,9,,N,N,,0,,0,0,1,3,2,Y,2340,0,2,0,0,0,0,0,3,4,0,2,3,,N,,,,,,,,,,,
2007106876,1035.0,2,0,0,0,0,0,0,0,0,7,0,,67,9,2007,4,39.98,-75.1061,1025.0,6,0,0,0,0,0,0,0,0,1.0,0,0,0,10,1,0,0,,1,39 58:50.160,2.0,0,75 06:15.840,0,0,0,0,67301,0,0,0,N,0,0,0,2,67301,0,,2,1,,N,N,,0,,0,0,0,0,0,Y,1020,0,2,0,0,0,0,0,3,4,0,2,3,,N,,,,,,,,,,,
2007047914,1532.0,2,0,0,0,0,0,0,0,0,5,0,,67,1,2007,2,40.0182,-75.1701,1523.0,6,0,0,0,0,0,0,0,0,1.0,0,0,0,15,1,0,0,,1,40 01:05.000,2.0,0,75 10:12.403,0,0,0,0,67301,0,0,0,N,0,0,0,2,67301,0,,1,1,,N,N,,0,,0,0,0,0,0,N,1510,0,2,0,0,0,0,0,3,4,0,2,3,,N,,,,,,,,,,,
2007047997,1405.0,2,0,0,0,0,0,0,0,0,4,0,,67,3,2007,4,40.032,-75.0841,1404.0,6,0,0,0,0,0,0,0,0,,0,0,0,13,1,2,1,,0,40 01:55.156,,0,75 05:02.608,4,0,0,0,67301,0,0,0,N,0,0,0,3,67301,2,,1,9,,N,N,,0,,0,0,0,3,2,,1352,2,2,0,0,0,0,0,3,4,0,2,10,,N,,,,,,,,,,,
2007048003,2130.0,2,0,0,0,0,0,0,0,0,4,0,,67,3,2007,3,39.9937,-75.1087,2128.0,6,0,0,0,0,0,1,0,0,,0,0,0,21,3,1,1,,0,39 59:37.000,,0,75 06:31.298,4,0,0,0,67301,0,0,0,N,0,0,0,4,67301,1,,1,1,,N,N,,0,,0,0,0,3,3,,2115,1,2,0,0,0,0,2,3,4,0,2,3,,N,,,,,,,,,,,
2007093439,2325.0,3,0,0,0,0,0,0,0,0,1,0,,67,7,2007,7,40.054,-75.0489,2315.0,6,0,0,0,0,0,0,0,0,,0,0,0,23,3,4,0,,0,40 03:14.000,,0,75 02:56.084,3,0,0,0,67301,0,0,0,N,0,0,0,4,67301,2,,1,1,,N,N,,0,,2,0,0,3,2,,2300,4,3,0,0,1,0,0,3,4,0,3,3,,N,,,,,,,,,,,
2007125096,955.0,2,0,0,0,0,0,0,0,0,4,0,,67,10,2007,4,39.958,-75.2027,923.0,6,0,0,0,0,0,0,0,0,,0,0,0,9,1,2,2,,0,39 57:28.713,,0,75 12:09.658,8,0,0,0,67301,0,0,0,N,0,0,0,4,67301,0,,1,1,,N,N,,0,,0,0,0,3,3,,900,2,2,0,0,0,2,2,3,4,0,2,3,,N,,,,,,,,,,,
2007109746,9999.0,0,0,0,0,0,0,0,0,0,1,0,,67,9,2007,3,39.9212,-75.177,9999.0,6,0,0,0,0,1,1,0,0,,0,0,0,99,3,1,0,,0,39 55:16.207,,0,75 10:37.165,4,0,0,2,67301,0,0,0,,0,0,0,2,67301,1,,1,1,,,,,0,,0,0,0,0,0,,9999,1,2,0,0,0,0,0,3,4,0,2,3,,N,,,,,,,,,,,
2007107496,1310.0,2,0,0,0,0,0,0,0,0,6,0,,67,9,2007,7,39.9169,-75.216,1305.0,6,0,0,0,0,0,0,0,0,,0,0,0,13,1,5,2,,0,39 55:00.000,,0,75 12:57.138,4,0,0,0,67301,0,0,0,N,0,0,0,7,67301,5,,1,1,,N,N,,0,,0,0,0,3,2,,1300,5,2,0,0,2,0,0,3,4,0,2,3,,N,,,,,,,,,,,
2007048278,130.0,1,0,0,0,0,0,1,0,0,5,1,,67,2,2007,3,39.9634,-75.2397,125.0,6,0,0,0,0,0,0,0,0,,0,0,0,1,3,1,0,,0,39 57:48.394,,0,75 14:22.988,8,0,0,0,67301,0,0,0,N,0,0,0,4,67301,0,,1,1,,N,N,,0,,0,0,0,0,0,,123,1,2,0,0,0,1,0,3,4,0,2,3,,N,,,,,,,,,,,
2007048306,900.0,1,0,0,0,0,0,0,0,0,7,0,,67,2,2007,3,39.9579,-75.1641,857.0,6,0,0,0,0,0,0,1,0,,0,0,0,8,1,0,1,,0,39 57:28.000,,0,75 09:50.893,0,0,0,0,67301,0,0,0,,0,0,0,1,67301,0,,5,9,,N,N,,0,,0,0,0,3,2,,857,0,1,0,0,0,0,0,3,4,0,1,10,,N,,,,,,,,,,,
2007045755,1925.0,1,0,0,0,0,0,0,0,0,8,0,,67,2,2007,5,40.0483,-75.0968,1919.0,6,0,0,0,0,0,0,0,0,1.0,0,0,0,8,1,1,1,,1,40 02:54.016,3.0,0,75 05:48.533,3,0,0,0,67301,1,0,0,N,1,0,0,2,67301,0,,1,1,,N,N,,0,,1,0,0,3,3,Y,800,1,2,0,0,0,0,1,3,4,0,1,3,,N,,,,,,,,,,,
2008017516,1905.0,0,0,0,0,0,0,0,0,0,4,0,,67,11,2007,5,40.0142,-75.1415,1855.0,6,0,0,0,0,0,1,0,0,,0,0,0,99,3,4,1,,0,40 00:51.170,,0,75 08:29.259,4,0,0,0,67301,0,0,0,N,0,0,0,5,67301,1,,1,1,,N,N,,1,,0,0,1,3,1,,9999,4,2,0,0,5,3,0,3,4,0,2,98,,N,,,,,,,,,,,
2008007270,1500.0,0,0,0,0,0,0,0,0,0,8,0,,67,11,2007,2,39.9151,-75.158,1457.0,6,0,0,0,0,0,0,0,0,,0,0,0,99,1,1,2,,0,39 54:54.000,,0,75 09:28.960,8,0,0,0,67301,1,0,0,N,1,0,0,2,67301,0,,1,9,,N,N,,0,,0,0,1,3,2,,9999,1,2,0,0,0,1,0,3,4,0,1,7,,N,,,,,,,,,,,
2008000677,138.0,2,0,0,0,0,0,0,0,0,2,0,,67,10,2007,6,40.0275,-75.0624,134.0,6,0,0,0,0,0,0,0,0,,0,0,0,1,3,0,1,,0,40 01:38.000,,0,75 03:44.584,0,0,0,0,67301,0,0,0,N,0,0,0,2,67301,0,,1,1,,N,N,,0,,0,0,0,3,2,,133,0,2,0,0,0,0,0,3,4,0,2,3,,N,,,,,,,,,,,
2008044433,513.0,1,0,0,0,0,0,0,0,0,8,0,,67,1,2007,5,40.0188,-75.0744,509.0,6,0,0,0,0,1,0,0,0,,0,0,0,5,3,1,1,,0,40 01:07.719,,0,75 04:27.674,8,0,0,0,67301,1,0,0,,1,0,0,2,67301,0,,1,9,,,,,0,,0,0,0,9,3,,505,1,2,0,0,0,1,1,3,4,0,1,7,,N,,,,,,,,,,,
2008016090,327.0,1,0,0,0,0,0,0,0,0,8,0,,67,12,2007,7,40.0522,-75.1578,327.0,6,0,0,0,0,0,0,0,0,,0,0,0,3,3,1,0,,0,40 03:07.974,,0,75 09:27.927,4,0,0,0,67301,1,0,0,N,1,0,0,2,67301,1,,1,9,,N,N,,0,,0,0,0,0,0,,320,1,2,0,0,0,0,0,3,4,0,1,7,,N,,,,,,,,,,,
2008018029,1520.0,2,0,0,0,0,0,0,0,0,4,0,,67,12,2007,1,39.9405,-75.1874,1520.0,6,0,0,0,0,0,0,1,0,,0,0,0,15,1,1,2,,0,39 56:25.699,,0,75 11:14.495,3,0,0,0,67301,0,0,0,N,0,0,0,2,67301,0,,1,9,,N,N,,0,,1,0,0,3,2,,1515,1,2,0,0,0,0,1,3,4,0,2,7,,N,,,,,,,,,,,
2008018076,1414.0,1,0,0,1,0,0,0,0,0,4,0,,67,8,2007,6,39.9477,-75.2231,1410.0,6,0,0,0,0,0,0,0,0,,0,0,0,14,1,1,1,,0,39 56:51.788,,0,75 13:22.983,8,0,0,0,67301,1,0,0,N,0,0,0,2,67301,0,,1,1,,N,N,,0,,0,0,0,3,3,,1406,1,2,0,0,0,1,0,3,4,0,1,3,,N,,,,,,,,,,,
2008018079,905.0,1,0,0,0,0,0,0,0,0,8,0,,67,12,2007,2,40.0096,-75.0896,900.0,6,0,0,0,0,0,1,0,0,,0,0,0,99,1,1,3,,0,40 00:34.514,,0,75 05:22.410,8,0,0,0,67301,1,0,0,N,1,0,0,2,67301,0,,1,1,,N,N,,0,,0,0,0,0,0,,9999,1,2,0,0,1,1,0,3,4,0,1,3,,N,,,,,,,,,,,
2008018081,48.0,2,0,0,0,0,0,0,0,0,4,0,,67,12,2007,1,39.9558,-75.159,46.0,6,0,0,0,0,0,0,0,0,,0,0,0,0,3,0,2,,0,39 57:20.808,,0,75 09:32.558,0,0,0,0,67301,0,0,0,N,0,0,0,2,67301,0,,1,1,,N,N,,0,,0,0,0,0,0,,46,0,2,0,0,0,0,0,3,4,0,2,3,,N,,,,,,,,,,,
2008018244,16.0,2,0,0,0,0,0,0,0,0,4,0,,67,12,2007,2,39.9552,-75.2116,13.0,6,0,0,0,0,0,0,0,0,,0,0,0,23,3,3,1,,0,39 57:18.000,,0,75 12:41.782,8,0,0,0,67301,0,0,0,,0,0,0,3,67301,0,,1,1,,N,N,,0,,0,0,1,2,2,,2305,3,3,0,0,0,3,0,3,4,0,3,3,,N,,,,,,,,,,,
2008034452,,2,0,0,0,0,0,0,0,0,1,0,,67,8,2007,4,,,,6,0,0,0,0,0,1,0,0,,0,0,0,18,1,2,0,,0,,,0,,4,0,0,0,67301,0,0,0,N,0,0,0,3,,1,,1,1,,N,N,,0,,0,0,0,0,0,,1816,2,2,0,0,0,1,0,3,3,0,2,3,,N,,,,,,,,,,,
2008033113,,1,0,0,0,0,0,0,0,0,1,0,,67,8,2007,5,40.0487,-75.0516,,6,0,0,0,0,0,2,0,0,,0,0,0,20,6,1,0,,0,40 02:55.000,,0,75 03:05.824,8,0,0,0,67301,0,0,0,N,0,0,0,2,,0,,1,1,,N,N,,1,,0,0,0,0,0,,2045,1,2,0,0,0,1,0,3,4,0,2,3,,N,,,,,,,,,,,
2008018864,1701.0,2,0,0,0,0,0,0,0,0,1,0,,67,11,2007,5,40.006,-75.1706,1657.0,6,0,0,0,0,0,1,0,0,,0,0,0,16,4,9,0,,0,40 00:21.449,,0,75 10:14.265,3,0,0,0,67301,0,0,0,N,0,0,0,9,67301,6,,1,1,,N,N,,0,,1,0,0,3,2,,1653,9,3,0,0,1,2,0,3,4,1,3,3,,N,,,,,,,,,,,
2008029114,2201.0,1,0,0,0,0,0,0,0,0,1,0,,67,12,2007,6,39.9946,-75.0945,2150.0,6,0,0,0,0,0,1,0,0,,0,0,0,21,3,3,1,,0,39 59:40.000,,0,75 05:40.312,4,0,0,0,67301,0,0,0,N,0,0,0,3,67301,3,,1,9,,N,N,,0,,0,0,1,0,0,,2150,3,2,0,0,0,0,0,3,4,0,2,7,,N,,,,,,,,,,,
2008029116,805.0,1,0,0,0,0,0,0,0,0,7,0,,67,12,2007,1,40.0464,-74.9991,753.0,6,0,0,0,0,0,0,0,0,,0,0,0,7,1,1,0,,0,40 02:47.000,,2,74 59:56.912,4,0,0,0,67301,0,0,0,N,0,0,0,1,67301,1,,2,9,,N,N,,0,,0,0,0,0,0,,745,1,1,0,0,0,0,0,3,4,0,1,7,,N,,,,,,,,,,,
2008018632,2110.0,1,0,0,0,0,0,0,0,0,8,0,,67,12,2007,4,39.9537,-75.1666,2100.0,6,0,0,0,0,0,0,0,0,,0,0,0,20,3,1,0,,0,39 57:13.421,,0,75 09:59.863,8,0,0,0,67301,1,0,0,,1,0,0,2,67301,0,,1,1,,,,,0,,0,0,0,0,0,,2045,1,2,0,0,0,1,0,3,4,0,1,3,,N,,,,,,,,,,,
2008009478,2351.0,1,0,0,0,0,0,0,0,0,4,0,,67,11,2007,7,40.0201,-75.0562,2350.0,6,0,0,0,0,0,0,0,0,,0,0,0,23,3,2,1,,0,40 01:12.208,,0,75 03:22.150,4,0,0,0,67301,0,0,0,,0,0,0,3,67301,1,,1,1,,,,,0,,0,0,1,0,0,,2330,2,2,0,0,0,1,0,3,4,0,2,3,,N,,,,,,,,,,,
2008006643,1625.0,1,0,0,0,0,0,0,0,0,8,0,,67,11,2007,3,40.0484,-75.0612,1620.0,6,0,0,0,0,0,0,0,0,,0,0,0,16,3,1,0,,0,40 02:54.000,,7,75 03:40.300,3,0,0,0,67301,1,0,0,,1,0,0,2,67301,0,,5,9,,,,,0,,1,0,0,0,0,,1620,1,2,0,0,1,0,0,3,4,0,1,3,,N,,,,,,,,,,,
2008006667,53.0,0,0,0,0,0,0,0,0,0,8,0,,67,11,2007,7,40.019,-75.1601,51.0,6,0,0,0,0,0,1,0,0,,0,0,0,0,3,1,2,,0,40 01:08.000,,0,75 09:36.289,2,0,0,0,67301,1,0,1,N,1,0,1,2,67301,0,,1,9,,N,N,,0,,0,1,1,0,0,,20,1,2,0,0,0,0,0,3,4,0,1,7,,N,,,,,,,,,,,
2008006684,1620.0,1,0,0,0,0,0,0,0,0,4,0,,67,11,2007,2,40.0958,-74.9912,1610.0,6,0,0,0,0,0,0,0,0,,0,0,0,16,1,0,2,,0,40 05:44.901,,0,74 59:28.492,0,0,0,0,67301,0,0,0,,0,0,0,2,67301,0,,1,9,,,,,0,,0,0,0,3,2,,1609,0,2,0,0,0,0,0,3,4,1,2,7,,N,,,,,,,,,,,
2008003989,1344.0,2,0,0,0,0,0,0,0,0,4,0,,67,10,2007,5,40.0204,-75.1606,1340.0,6,0,0,0,0,0,0,0,0,,0,0,0,13,1,2,0,,0,40 01:13.000,,0,75 09:38.321,4,0,0,0,67301,0,0,0,N,0,0,0,2,67301,1,,1,9,,N,N,,0,,0,0,0,0,0,,1330,2,2,0,0,0,1,0,3,4,0,2,7,,N,,,,,,,,,,,
2008004775,9999.0,2,0,0,0,0,0,0,0,0,4,0,,67,11,2007,5,39.985,-75.1823,1623.0,6,0,0,0,0,1,1,0,0,,0,0,0,16,1,3,2,,0,39 59:05.985,,0,75 10:56.359,8,0,0,0,67301,0,0,0,,0,0,0,4,67301,0,,1,9,,,,,0,,0,0,0,9,3,,1623,3,2,0,0,0,3,1,3,4,0,2,7,,N,,,,,,,,,,,