CRN,ARRIVAL_TM,AUTOMOBILE_COUNT,BELTED_DEATH_COUNT,BELTED_SUSP_SERIOUS_INJ_COUNT,BICYCLE_COUNT,BICYCLE_DEATH_COUNT,BICYCLE_SUSP_SERIOUS_INJ_COUNT,BUS_COUNT,CHLDPAS_DEATH_COUNT,CHLDPAS_SUSP_SERIOUS_INJ_COUNT,COLLISION_TYPE,COMM_VEH_COUNT,CONS_ZONE_SPD_LIM,COUNTY,CRASH_MONTH,CRASH_YEAR,DAY_OF_WEEK,DEC_LAT,DEC_LONG,DISPATCH_TM,DISTRICT,DRIVER_COUNT_16YR,DRIVER_COUNT_17YR,DRIVER_COUNT_18YR,DRIVER_COUNT_19YR,DRIVER_COUNT_20YR,DRIVER_COUNT_50_64YR,DRIVER_COUNT_65_74YR,DRIVER_COUNT_75PLUS,EST_HRS_CLOSED,FATAL_COUNT,HEAVY_TRUCK_COUNT,HORSE_BUGGY_COUNT,HOUR_OF_DAY,ILLUMINATION,INJURY_COUNT,INTERSECT_TYPE,INTERSECTION_RELATED,LANE_CLOSED,LATITUDE,LN_CLOSE_DIR,LOCATION_TYPE,LONGITUDE,MAX_SEVERITY_LEVEL,MCYCLE_DEATH_COUNT,MCYCLE_SUSP_SERIOUS_INJ_COUNT,MOTORCYCLE_COUNT,MUNICIPALITY,NONMOTR_COUNT,NONMOTR_DEATH_COUNT,NONMOTR_SUSP_SERIOUS_INJ_COUNT,NTFY_HIWY_MAINT,PED_COUNT,PED_DEATH_COUNT,PED_SUSP_SERIOUS_INJ_COUNT,PERSON_COUNT,POLICE_AGCY,POSSIBLE_INJ_COUNT,RDWY_SURF_TYPE_CD,RELATION_TO_ROAD,ROAD_CONDITION,ROADWAY_CLEARED,SCH_BUS_IND,SCH_ZONE_IND,SECONDARY_CRASH,SMALL_TRUCK_COUNT,SPEC_JURIS_CD,SUSP_MINOR_INJ_COUNT,SUSP_SERIOUS_INJ_COUNT,SUV_COUNT,TCD_FUNC_CD,TCD_TYPE,TFC_DETOUR_IND,TIME_OF_DAY,TOT_INJ_COUNT,TOTAL_UNITS,UNB_DEATH_COUNT,UNB_SUSP_SERIOUS_INJ_COUNT,UNBELTED_OCC_COUNT,UNK_INJ_DEG_COUNT,UNK_INJ_PER_COUNT,URBAN_AREA,URBAN_RURAL,VAN_COUNT,VEHICLE_COUNT,WEATHER1,WEATHER2,WORK_ZONE_IND,WORK_ZONE_LOC,WORK_ZONE_TYPE,WORKERS_PRES,WZ_CLOSE_DETOUR,WZ_FLAGGER,WZ_LAW_OFFCR_IND,WZ_LN_CLOSURE,WZ_MOVING,WZ_OTHER,WZ_SHLDER_MDN,WZ_WORKERS_INJ_KILLED
2008024235,1215.0,2,0,0,0,0,0,0,0,0,4,0,,67,12,2007,2,40.0264,-75.1172,1210.0,6,0,0,0,0,0,0,1,0,,0,0,0,11,1,0,1,,0,40 01:36.000,,0,75 07:02.269,9,0,0,0,67301,0,0,0,N,0,0,0,4,67301,0,,1,1,,N,N,,0,,0,0,0,3,2,,1150,0,2,0,0,0,0,4,3,4,0,2,3,,N,,,,,,,,,,,
2008024254,830.0,0,0,0,0,0,0,0,0,0,1,0,,67,12,2007,3,40.0066,-75.1936,830.0,6,0,0,0,0,0,0,1,0,1.0,0,0,0,8,1,2,0,,2,40 00:25.000,4.0,3,75 11:35.282,4,0,0,0,67301,0,0,0,N,0,0,0,3,67301,2,,1,1,,N,N,,0,,0,0,0,3,8,N,824,2,2,0,0,0,0,0,3,4,2,2,3,,N,,,,,,,,,,,
2008024437,2138.0,2,0,0,0,0,0,0,0,0,2,0,,67,12,2007,1,39.9699,-75.189,2133.0,6,0,0,0,0,0,1,0,0,,0,0,0,21,3,6,0,,0,39 58:11.000,,0,75 11:20.182,3,0,0,0,67301,0,0,0,N,0,0,0,6,67301,0,,1,9,,N,N,,0,,6,0,0,0,0,,2130,6,2,0,0,0,0,0,3,4,0,2,7,,N,,,,,,,,,,,
2008017110,840.0,2,0,0,0,0,0,0,0,0,4,0,,67,12,2007,1,40.0662,-75.1969,835.0,6,0,0,0,0,0,0,0,1,,0,0,0,8,1,1,0,,0,40 03:58.467,,0,75 11:48.755,4,0,0,0,67301,0,0,0,N,0,0,0,2,67301,1,,1,2,,N,N,,0,,0,0,0,0,0,,825,1,2,0,0,0,0,0,3,4,0,2,10,,N,,,,,,,,,,,
2007027976,1335.0,2,0,0,0,0,0,0,0,0,4,0,,67,1,2007,7,39.9202,-75.2134,1329.0,6,0,0,0,0,0,0,0,0,,0,0,0,13,1,2,0,,0,39 55:12.763,,0,75 12:48.063,8,0,0,0,67301,0,0,0,N,0,0,0,2,67301,0,,1,1,,N,N,,0,,0,0,0,0,0,,1325,2,2,0,0,0,2,0,3,4,0,2,3,,N,,,,,,,,,,,
2007023084,910.0,1,0,0,0,0,0,0,0,0,8,0,,67,1,2007,3,39.9951,-75.1096,910.0,6,0,0,0,0,0,0,0,0,,0,0,0,10,8,1,1,,0,39 59:42.493,,0,75 06:34.509,4,0,0,0,67301,1,0,0,N,1,0,0,2,67301,1,,1,1,,N,N,,0,,0,0,0,0,0,,1030,1,2,0,0,0,0,1,3,4,0,1,3,,N,,,,,,,,,,,
2007023651,1223.0,1,0,0,0,0,0,0,0,0,8,0,,67,1,2007,5,40.1219,-75.0163,1223.0,6,0,0,0,0,0,0,1,0,,0,0,0,12,1,1,2,,0,40 07:18.840,,0,75 00:58.680,4,0,0,0,67301,1,0,0,N,1,0,0,2,67301,1,,1,1,,N,N,,0,,0,0,0,9,3,,1222,1,2,0,0,1,0,0,3,4,0,1,3,,N,,,,,,,,,,,
2007047513,1420.0,1,0,0,0,0,0,0,0,0,1,1,,67,3,2007,6,39.9576,-75.1599,1402.0,6,0,0,0,0,0,0,0,0,,0,1,0,13,1,1,0,,0,39 57:27.422,,0,75 09:35.770,8,0,0,0,67301,0,0,0,N,0,0,0,3,67301,0,,1,1,,N,N,,0,,0,0,0,0,0,,1339,1,2,0,0,0,1,0,3,4,0,2,3,,N,,,,,,,,,,,
2007047593,1622.0,2,0,0,0,0,0,0,0,0,1,0,,67,2,2007,2,40.0152,-75.1554,1621.0,6,0,0,0,0,0,0,0,0,1.0,0,0,0,16,1,1,0,,1,40 00:54.000,3.0,0,75 09:19.447,8,0,0,0,67301,0,0,0,N,0,0,0,2,67301,0,,1,1,,N,N,,0,,0,0,0,0,0,N,1619,1,2,0,0,0,1,1,3,4,0,2,3,,N,,,,,,,,,,,
2007047636,1445.0,1,0,0,0,0,0,1,0,0,5,1,,67,2,2007,6,39.9484,-75.2355,1441.0,6,0,0,0,0,0,1,0,0,,0,0,0,14,1,3,1,,0,39 56:54.369,,0,75 14:07.781,4,0,0,0,67301,0,0,0,N,0,0,0,5,67301,3,,1,1,,N,Y,,0,,0,0,0,3,2,,1441,3,2,0,0,0,0,0,3,4,0,2,3,,N,,,,,,,,,,,
2007047861,820.0,2,0,0,0,0,0,0,0,0,2,0,,67,2,2007,3,40.0228,-75.0658,815.0,6,0,0,0,0,0,0,0,0,,0,0,0,8,1,1,1,,0,40 01:22.155,,0,75 03:56.887,4,0,0,0,67301,0,0,0,N,0,0,0,2,67301,1,,1,9,,N,N,,0,,0,0,0,0,0,,810,1,2,0,0,0,0,0,3,4,0,2,10,,N,,,,,,,,,,,
2007047873,1013.0,2,0,0,0,0,0,0,0,0,4,0,,67,3,2007,3,39.909,-75.2329,1010.0,6,0,0,0,0,0,0,0,0,,0,0,0,10,1,1,1,,0,39 54:32.227,,0,75 13:58.526,4,0,0,0,67301,0,0,0,N,0,0,0,2,67301,1,,1,1,,N,N,,0,,0,0,0,3,2,,1010,1,2,0,0,0,0,0,3,4,0,2,3,,N,,,,,,,,,,,
2007047976,620.0,2,0,0,0,0,0,0,0,0,1,0,,67,2,2007,2,,,612.0,6,0,0,0,0,0,0,0,0,1.0,0,0,0,99,5,2,0,,1,,2.0,99,,3,0,0,0,67301,0,0,0,N,0,0,0,3,67301,0,,1,1,,N,N,,0,,2,0,0,0,0,Y,9999,2,2,0,0,0,0,0,3,3,0,2,3,,N,,,,,,,,,,,
2007047978,1747.0,1,0,0,0,0,0,0,0,0,8,0,,67,3,2007,1,39.9863,-75.1044,,6,0,0,0,0,0,0,0,0,,0,0,0,99,1,1,1,,0,39 59:10.000,,0,75 06:15.494,4,0,0,0,67301,1,0,0,N,1,0,0,2,67301,1,,1,6,,N,N,,0,,0,0,0,3,2,,9999,1,2,0,0,0,0,0,3,4,0,1,3,,N,,,,,,,,,,,
2007093555,231.0,0,0,0,0,0,0,0,0,0,2,0,,67,6,2007,7,39.9867,-75.2083,226.0,6,0,0,0,0,0,1,0,0,,0,0,0,2,3,0,1,,0,39 59:11.000,,2,75 12:29.920,0,0,0,0,67301,0,0,0,N,0,0,0,4,67301,0,,1,1,,N,N,,0,,0,0,1,3,2,,221,0,2,0,0,0,0,0,3,4,1,2,3,,N,,,,,,,,,,,
2007093566,1015.0,1,0,0,0,0,0,0,0,0,5,1,,67,6,2007,3,40.0169,-75.1516,1000.0,6,0,0,0,0,0,1,0,0,,0,1,0,10,1,0,2,,0,40 01:00.926,,0,75 09:05.632,0,0,0,0,67301,0,0,0,N,0,0,0,2,67301,0,,1,1,,N,N,,0,,0,0,0,3,2,,1000,0,2,0,0,0,0,0,3,4,0,2,3,,N,,,,,,,,,,,
2007093415,36.0,2,0,0,0,0,0,0,0,0,4,0,,67,8,2007,1,39.9155,-75.2098,34.0,6,0,0,0,1,0,0,0,0,,1,0,0,0,3,5,0,,0,39 54:55.702,,0,75 12:35.346,1,0,0,0,67301,0,0,0,N,0,0,0,8,67301,0,2.0,1,1,,N,N,,0,0.0,1,1,0,0,0,,29,5,2,0,0,0,3,1,3,4,0,2,3,,N,,,,,,,,,,,
2007093418,1149.0,0,0,0,1,0,0,0,0,0,4,0,,67,7,2007,2,39.9292,-75.1872,1147.0,6,0,0,0,0,0,0,0,0,,0,0,0,99,1,1,1,,0,39 55:44.943,,0,75 11:13.894,8,0,0,0,67301,1,0,0,N,0,0,0,2,67301,0,,1,1,,N,N,,0,,0,0,0,3,2,,9999,1,2,0,0,1,1,0,3,4,1,1,3,,N,,,,,,,,,,,
2007093431,2255.0,1,0,0,0,0,0,0,0,0,4,0,,67,6,2007,7,40.0022,-75.1645,2255.0,6,0,0,0,0,0,0,0,0,,0,0,0,22,3,2,1,,0,40 00:07.981,,0,75 09:52.174,4,0,0,0,67301,0,0,0,,0,0,0,4,67301,1,,1,1,,,,,0,,0,0,1,3,3,,2253,2,2,0,0,0,1,0,3,4,0,2,3,,N,,,,,,,,,,,
2007107515,1931.0,1,0,0,0,0,0,0,0,0,4,0,,67,8,2007,6,39.9904,-75.1867,1930.0,6,0,0,0,0,0,1,0,0,,0,0,0,19,4,1,0,,0,39 59:25.000,,7,75 11:11.974,8,0,0,0,67301,0,0,0,N,0,0,0,1,67301,0,,1,1,,N,N,,0,,0,0,0,0,0,,1900,1,2,0,0,0,1,0,3,4,0,1,3,,N,,,,,,,,,,,
2007045704,1625.0,2,0,0,0,0,0,0,0,0,1,0,,67,2,2007,4,39.9851,-75.2474,1615.0,6,0,0,0,0,0,0,0,0,,0,0,0,14,1,1,1,,0,39 59:06.000,,0,75 14:50.529,8,0,0,0,67301,0,0,0,N,0,0,0,2,67301,0,,1,7,,N,N,,0,,0,0,0,0,0,,1420,1,2,0,0,0,1,1,3,4,0,2,10,,N,,,,,,,,,,,
2007048343,1940.0,1,0,0,0,0,0,0,0,0,8,0,,67,3,2007,2,39.9481,-75.1634,1930.0,6,0,0,0,0,0,0,0,0,,0,0,0,14,1,1,1,,0,39 56:53.041,,0,75 09:48.203,8,0,0,0,67301,1,0,0,N,1,0,0,2,67301,0,,1,1,,N,N,,0,,0,0,0,0,0,,1430,1,2,0,0,0,1,1,3,4,0,1,3,,N,,,,,,,,,,,
2007045996,1308.0,2,0,0,0,0,0,0,0,0,4,0,,67,2,2007,6,39.9545,-75.1984,1306.0,6,0,0,0,0,0,1,0,0,,0,0,0,13,1,1,1,,0,39 57:18.000,,0,75 11:53.890,8,0,0,0,67301,0,0,0,N,0,0,0,2,67504,0,,1,9,,N,N,,0,,0,0,0,3,2,,1303,1,2,0,0,0,1,0,3,4,0,2,3,,N,,,,,,,,,,,
2007046043,2040.0,2,0,0,0,0,0,0,0,0,4,0,,67,2,2007,6,40.09,-74.9843,2040.0,6,0,0,0,1,0,0,1,0,,0,0,0,99,3,1,1,,0,40 05:24.000,,0,74 59:03.325,4,0,0,0,67301,0,0,0,N,0,0,0,4,67301,1,,1,1,,N,N,,0,,0,0,0,3,2,,9999,1,2,0,0,0,0,0,3,4,0,2,3,,N,,,,,,,,,,,
2007092931,1621.0,1,0,0,1,0,0,0,0,0,4,0,,67,7,2007,2,40.0383,-75.0754,1621.0,6,0,0,0,0,0,0,0,0,1.0,0,0,0,16,1,1,1,,1,40 02:17.000,1.0,0,75 04:31.313,8,0,0,0,67301,1,0,0,N,0,0,0,4,67301,0,,1,1,,N,N,,0,,0,0,0,2,2,N,1604,1,2,0,0,0,1,0,3,4,0,1,3,,N,,,,,,,,,,,
2007074952,2317.0,2,0,0,0,0,0,0,0,0,5,0,,67,6,2007,7,,,2314.0,6,0,0,0,0,0,0,0,0,1.0,0,0,0,23,2,1,1,,1,,4.0,0,,3,0,0,0,67301,0,0,0,N,0,0,0,3,67301,0,,1,1,,N,N,,1,,1,0,0,3,2,N,2312,1,3,0,0,0,0,0,3,3,0,3,3,,N,,,,,,,,,,,
2008007252,1218.0,1,0,0,0,0,0,0,0,0,7,0,,67,11,2007,5,40.0244,-75.031,1214.0,6,0,0,0,0,0,0,1,0,1.0,0,0,0,12,1,2,0,,1,40 01:27.000,2.0,0,75 01:51.781,4,0,0,0,67301,0,0,0,,0,0,0,5,67301,2,,2,9,,,,,1,,0,0,0,0,0,N,1213,2,2,0,0,1,0,0,3,4,0,2,7,,N,,,,,,,,,,,
2008007397,615.0,0,0,0,0,0,0,0,0,0,7,0,,67,11,2007,4,40.0081,-75.202,607.0,6,0,0,0,0,0,0,0,0,2.0,0,0,0,6,5,0,0,,2,40 00:28.000,4.0,0,75 12:05.469,0,0,0,0,67301,0,0,0,N,0,0,0,1,68K01,0,,3,1,,N,N,,0,,0,0,1,0,0,N,606,0,1,0,0,0,0,0,3,4,0,1,3,,N,,,,,,,,,,,
2008004898,1755.0,1,0,0,0,0,0,0,0,0,2,0,,67,11,2007,5,40.0369,-75.1452,1745.0,6,0,0,0,0,0,1,0,0,,0,0,0,17,4,4,2,,0,40 02:13.000,,0,75 08:42.701,4,0,0,0,67301,0,0,0,N,0,0,0,5,67301,3,,1,1,,N,N,,1,,0,0,0,3,2,,1725,4,2,0,0,0,1,1,3,4,0,2,3,,N,,,,,,,,,,,
2008005207,857.0,1,0,0,0,0,0,0,0,0,4,0,,67,11,2007,7,39.9643,-75.1761,854.0,6,0,0,0,0,0,1,0,0,,0,0,0,8,1,2,1,,0,39 57:51.000,,0,75 10:34.023,8,0,0,0,67301,0,0,0,,0,0,0,3,67301,0,,1,1,,N,N,,0,,0,0,0,3,2,,850,2,2,0,0,1,2,0,3,4,1,2,3,,N,,,,,,,,,,,
2008000405,1727.0,2,0,0,0,0,0,0,0,0,5,0,,67,11,2007,2,,,1726.0,6,0,0,0,0,0,2,0,0,1.0,0,0,0,17,4,1,0,,1,,3.0,0,,8,0,0,0,67301,0,0,0,N,0,0,0,2,67501,0,,1,1,,N,N,,0,,0,0,0,0,0,N,1726,1,2,0,0,0,1,0,3,3,0,2,3,,N,,,,,,,,,,,
2008018031,1818.0,0,0,0,0,0,0,1,0,0,5,1,,67,11,2007,3,39.939,-75.1763,1818.0,6,0,0,0,0,0,1,0,0,,0,0,0,18,3,3,1,,0,39 56:20.551,,0,75 10:34.679,4,0,0,0,67301,0,0,0,N,0,0,0,5,67301,3,,1,9,,N,N,,1,,0,0,0,0,0,,1811,3,2,0,0,0,0,0,3,4,0,2,3,,N,,,,,,,,,,,
2008020102,1130.0,0,0,0,0,0,0,0,0,0,7,0,,67,11,2007,4,39.9591,-75.1723,1123.0,6,0,0,0,0,0,1,0,0,9.0,0,0,0,11,1,0,1,,1,39 57:33.000,4.0,0,75 10:20.901,9,0,0,0,67301,0,0,0,N,0,0,0,1,67301,0,,2,1,,N,N,,0,,0,0,1,3,2,N,1123,0,1,0,0,0,0,1,3,4,0,1,3,,N,,,,,,,,,,,
2008018334,2052.0,3,0,0,0,0,0,0,0,0,5,0,,67,12,2007,4,39.9337,-75.1483,2050.0,6,0,0,0,0,0,1,0,0,,0,0,0,20,3,1,0,,0,39 56:01.165,,0,75 08:53.836,4,0,0,0,67301,0,0,0,N,0,0,0,1,67301,1,,4,9,,N,N,,0,,0,0,0,0,0,,2045,1,3,0,0,0,0,0,3,4,0,3,7,,N,,,,,,,,,,,
2008015743,48.0,1,0,0,0,0,0,0,0,0,1,0,,67,8,2007,2,,,47.0,6,0,0,0,0,0,0,0,0,3.0,1,0,0,0,3,0,0,,2,,3.0,3,,1,1,0,1,67301,0,0,0,N,0,0,0,2,67501,0,2.0,1,1,,N,N,,0,0.0,0,0,0,3,8,N,46,0,2,0,0,0,0,1,3,3,0,2,3,,N,,,,,,,,,,,
2008008331,726.0,2,0,0,0,0,0,0,0,0,4,0,,67,11,2007,6,40.0403,-75.079,719.0,6,0,0,0,0,0,1,0,0,1.0,0,0,0,7,1,2,1,,1,40 02:24.000,2.0,0,75 04:44.246,8,0,0,0,67301,0,0,0,N,0,0,0,2,67301,0,,1,1,,N,N,,0,,0,0,0,2,2,Y,719,2,2,0,0,0,2,0,3,4,0,2,3,,N,,,,,,,,,,,
2008005988,1315.0,1,0,0,0,0,0,0,0,0,8,0,,67,10,2007,6,39.9355,-75.1554,1307.0,6,0,0,0,0,0,1,0,0,,0,0,0,13,8,1,0,,0,39 56:07.789,,0,75 09:19.515,8,0,0,0,67301,1,0,0,N,1,0,0,2,67301,0,,2,9,,N,N,,1,,0,0,0,0,0,,1300,1,3,0,0,0,1,0,3,4,0,2,7,,N,,,,,,,,,,,
2008006000,1314.0,1,0,0,0,0,0,0,0,0,4,0,,67,11,2007,2,40.0405,-75.0591,1314.0,6,0,0,0,0,0,0,0,0,2.0,0,0,0,13,1,3,1,,1,40 02:25.000,2.0,0,75 03:32.713,4,0,0,0,67301,0,0,0,N,0,0,0,3,67301,3,,1,9,,N,N,,1,,0,0,0,0,0,N,1314,3,2,0,0,0,0,0,3,4,0,2,7,,N,,,,,,,,,,,
2008032440,0.0,1,0,0,0,0,0,0,0,0,8,0,,67,8,2007,5,,,0.0,6,0,0,0,0,0,0,0,0,,0,0,0,22,6,1,0,,0,,,0,,8,0,0,0,67301,1,0,0,N,1,0,0,3,00000,0,,1,1,,N,N,,0,,0,0,0,3,3,,2200,1,2,0,0,0,1,0,3,3,0,1,3,,N,,,,,,,,,,,
2008034364,,2,0,0,0,0,0,0,0,0,4,0,,67,4,2007,2,40.0243,-75.0493,,6,0,0,0,0,0,0,1,0,,0,0,0,8,1,0,1,,0,40 01:27.609,,0,75 02:57.447,9,0,0,0,67301,0,0,0,N,0,0,0,2,00000,0,,1,1,,N,N,,0,,0,0,0,0,0,,830,0,2,0,0,0,0,1,3,4,0,2,3,,N,,,,,,,,,,,
2008018570,833.0,0,0,0,0,0,0,0,0,0,1,0,,67,12,2007,5,39.9258,-75.1939,831.0,6,0,0,0,0,0,0,0,0,2.0,0,0,0,8,1,0,0,,1,39 55:36.000,4.0,0,75 11:41.806,0,0,0,0,67301,0,0,0,N,0,0,0,4,68K01,0,,1,1,,N,N,,1,,0,0,2,0,0,N,828,0,3,0,0,0,0,0,3,4,0,3,3,,N,,,,,,,,,,,
2008023706,330.0,2,0,0,0,0,0,0,0,0,4,0,,67,12,2007,7,39.9721,-75.1248,328.0,6,0,0,0,0,0,1,0,0,,0,0,0,99,3,0,1,,0,39 58:20.000,,0,75 07:27.903,0,0,0,0,67301,0,0,0,N,0,0,0,2,67301,0,,1,1,,N,N,,0,,0,0,0,9,2,,9999,0,2,0,0,0,0,0,3,4,0,2,3,,N,,,,,,,,,,,
2008023726,1903.0,1,0,0,0,0,0,0,0,0,1,0,,67,12,2007,7,40.0468,-75.0149,1859.0,6,0,0,0,0,0,1,0,0,1.0,0,0,0,18,3,2,2,,1,40 02:48.000,2.0,0,75 00:53.503,8,0,0,0,67301,0,0,0,,0,0,0,2,67301,0,,1,9,,N,N,,0,,0,0,1,3,2,Y,1857,2,2,0,0,0,2,0,3,4,0,2,3,,N,,,,,,,,,,,
2008006675,2039.0,1,0,0,0,0,0,0,0,0,4,0,,67,11,2007,2,39.904,-75.2401,2035.0,6,0,0,0,0,0,0,0,0,3.0,0,0,0,18,3,1,1,,1,39 54:14.000,3.0,0,75 14:24.410,8,0,0,0,67301,0,0,0,N,0,0,0,2,67301,0,,1,9,,N,N,,0,,0,0,0,3,2,N,1838,1,2,0,0,0,1,0,3,4,0,2,7,,N,,,,,,,,,,,
2008024293,1353.0,2,0,0,0,0,0,0,0,0,4,0,,67,12,2007,6,40.0266,-75.1593,1349.0,6,0,0,0,0,0,0,0,0,,0,0,0,13,1,3,2,,0,40 01:35.680,,0,75 09:33.469,8,0,0,0,67301,0,0,0,N,0,0,0,5,67301,0,,1,9,,N,N,,0,,0,0,0,3,3,,1345,3,2,0,0,0,3,0,3,4,0,2,7,,N,,,,,,,,,,,
2008024300,850.0,1,0,0,0,0,0,0,0,0,1,0,,67,12,2007,1,40.0692,-75.0575,839.0,6,0,0,0,0,0,0,0,0,,0,0,0,8,1,2,0,,0,40 04:09.184,,0,75 03:26.820,3,0,0,0,67301,0,0,0,N,0,0,0,4,67301,1,,6,9,,N,N,,1,,1,0,0,0,0,,820,2,2,0,0,1,0,0,3,4,0,2,7,,N,,,,,,,,,,,
2008024406,1530.0,1,0,0,0,0,0,0,0,0,7,0,,67,12,2007,6,40.0036,-75.1812,1530.0,6,0,0,0,0,0,1,0,0,,0,0,0,15,1,1,1,,0,40 00:13.000,,0,75 10:51.870,4,0,0,0,67301,0,0,0,,0,0,0,1,67301,1,,5,1,,N,N,,0,,0,0,0,0,0,,1522,1,1,0,0,0,0,0,3,4,0,1,3,,N,,,,,,,,,,,
2008024428,1536.0,2,0,0,0,0,0,0,0,0,4,0,,67,12,2007,1,40.054,-75.0489,1532.0,6,0,0,0,0,0,0,1,1,1.0,0,0,0,15,1,1,2,,2,40 03:15.000,2.0,0,75 02:58.198,8,0,0,0,67301,0,0,0,N,0,0,0,4,67301,0,,1,9,,N,N,,0,,0,0,1,3,2,N,1531,1,3,0,0,0,1,0,3,4,0,3,7,,N,,,,,,,,,,,
2007047906,835.0,1,0,0,0,0,0,0,0,0,1,0,,67,2,2007,5,40.0041,-75.126,833.0,6,0,0,0,0,0,0,0,0,9.0,0,0,0,8,1,1,0,,1,40 00:14.670,4.0,0,75 07:33.603,4,0,0,0,67301,0,0,0,N,0,0,0,5,67301,1,,1,1,,N,N,,0,,0,0,0,3,2,N,830,1,2,0,0,3,0,0,3,4,1,2,3,,N,,,,,,,,,,,
2007047916,613.0,1,0,0,0,0,0,0,0,0,7,0,,67,3,2007,7,40.0144,-75.1784,603.0,6,0,0,0,1,0,0,0,0,1.0,0,0,0,5,3,0,0,,1,40 00:51.930,2.0,0,75 10:42.460,0,0,0,0,67301,0,0,0,N,0,0,0,1,67301,0,,2,1,,N,N,,0,,0,0,0,0,0,N,553,0,1,0,0,0,0,0,3,4,0,1,3,,N,,,,,,,,,,,
2007047974,1525.0,1,0,0,0,0,0,0,0,0,7,0,,67,1,2007,5,,,1519.0,6,0,0,0,0,0,0,0,0,2.0,0,0,0,15,1,1,0,,1,,2.0,0,,8,0,0,0,67301,0,0,0,N,0,0,0,1,67301,0,,2,8,,N,N,,0,,0,0,0,0,0,Y,1515,1,1,0,0,0,1,0,3,3,0,1,98,,N,,,,,,,,,,,
2007093565,27.0,1,0,0,0,0,0,0,0,0,7,1,,67,7,2007,3,39.9509,-75.1411,20.0,6,0,0,0,0,0,0,0,0,1.0,0,1,0,0,3,1,6,,1,39 57:04.000,1.0,2,75 08:27.696,3,0,0,0,67301,0,0,0,N,0,0,0,2,67301,0,,1,1,,N,N,,0,,1,0,0,0,0,N,20,1,2,0,0,1,0,0,3,4,0,2,3,,N,,,,,,,,,,,
2007093567,1426.0,0,0,0,0,0,0,0,0,0,1,0,,67,7,2007,2,39.9113,-75.2304,1425.0,6,0,0,0,0,0,2,0,0,,0,0,0,14,1,1,0,,0,39 54:40.571,,0,75 13:49.493,8,0,0,0,67301,0,0,0,,0,0,0,2,67301,0,,1,1,,,,,0,,0,0,2,3,2,,1425,1,2,0,0,0,1,1,3,4,0,2,3,,N,,,,,,,,,,,
2007093451,1418.0,3,0,0,0,0,0,0,0,0,4,0,,67,6,2007,6,39.9598,-75.1637,1410.0,6,0,0,0,0,0,2,0,0,,0,0,0,99,1,1,1,,0,39 57:35.366,,0,75 09:49.409,4,0,0,0,67301,0,0,0,N,0,0,0,4,67301,1,,1,1,,N,N,,0,,0,0,0,9,3,,9999,1,3,0,0,0,0,0,3,4,0,3,3,,N,,,,,,,,,,,
2007107363,840.0,1,0,0,0,0,0,0,0,0,4,0,,67,9,2007,2,39.8946,-75.2367,835.0,6,0,0,0,0,0,0,0,0,,0,1,0,8,1,1,1,,0,39 53:40.000,,0,75 14:12.181,4,0,0,0,67301,0,0,0,N,0,0,0,3,67301,1,,1,1,,N,N,,0,,0,0,0,3,2,,834,1,2,0,0,0,0,0,3,4,0,2,3,,N,,,,,,,,,,,
2007107485,1939.0,1,0,0,0,0,0,0,0,0,6,0,,67,9,2007,3,39.9943,-75.1695,1936.0,6,0,0,1,0,0,0,0,0,,0,0,0,19,3,1,2,,0,39 59:39.339,,0,75 10:10.286,3,0,0,0,67301,0,0,0,N,0,0,0,2,67301,0,,1,1,,N,N,,0,,1,0,0,9,3,,1934,1,2,0,0,0,0,1,3,4,0,2,3,,N,,,,,,,,,,,
2007045731,1810.0,3,0,0,0,0,0,0,0,0,1,0,,67,2,2007,5,39.9915,-75.2266,1800.0,6,0,0,0,0,0,1,0,0,,0,0,0,18,3,1,1,,0,39 59:29.569,,0,75 13:35.687,8,0,0,0,67301,0,0,0,N,0,0,0,4,67301,0,,1,7,,N,N,,0,,0,0,0,3,2,,1800,1,3,0,0,0,1,0,3,4,0,3,10,,N,,,,,,,,,,,
2007045859,9999.0,1,0,0,0,0,0,0,0,0,5,0,,67,3,2007,2,40.0477,-75.1685,1545.0,6,0,0,0,0,0,0,0,0,,0,0,0,15,1,1,0,,0,40 02:51.000,,0,75 10:06.434,8,0,0,0,67301,0,0,0,N,0,0,0,6,67301,0,,1,1,,N,N,,0,,0,0,1,0,0,,1505,1,2,0,0,0,1,0,3,4,0,2,3,,N,,,,,,,,,,,
2007092940,1420.0,1,0,0,1,0,0,0,0,0,2,0,,67,7,2007,3,39.9478,-75.2254,1410.0,6,0,0,0,0,0,1,0,0,,0,0,0,14,1,1,1,,0,39 56:51.000,,0,75 13:31.330,4,0,0,0,67301,1,0,0,,0,0,0,2,67301,1,,1,1,,,,,0,,0,0,0,9,2,,1405,1,2,0,0,0,0,0,3,4,0,1,3,,N,,,,,,,,,,,
2007092974,1532.0,0,0,0,0,0,0,0,0,0,8,0,,67,7,2007,2,39.952,-75.1734,1530.0,6,0,0,0,0,0,0,0,0,,0,0,0,15,1,1,1,,0,39 57:07.000,,0,75 10:24.142,8,0,0,0,67301,1,0,0,,1,0,0,3,67301,0,,1,1,,N,N,,1,,0,0,0,3,2,,1505,1,2,0,0,0,1,0,3,4,0,1,3,,N,,,,,,,,,,,