CRN,ARRIVAL_TM,AUTOMOBILE_COUNT,BELTED_DEATH_COUNT,BELTED_SUSP_SERIOUS_INJ_COUNT,BICYCLE_COUNT,BICYCLE_DEATH_COUNT,BICYCLE_SUSP_SERIOUS_INJ_COUNT,BUS_COUNT,CHLDPAS_DEATH_COUNT,CHLDPAS_SUSP_SERIOUS_INJ_COUNT,COLLISION_TYPE,COMM_VEH_COUNT,CONS_ZONE_SPD_LIM,COUNTY,CRASH_MONTH,CRASH_YEAR,DAY_OF_WEEK,DEC_LAT,DEC_LONG,DISPATCH_TM,DISTRICT,DRIVER_COUNT_16YR,DRIVER_COUNT_17YR,DRIVER_COUNT_18YR,DRIVER_COUNT_19YR,DRIVER_COUNT_20YR,DRIVER_COUNT_50_64YR,DRIVER_COUNT_65_74YR,DRIVER_COUNT_75PLUS,EST_HRS_CLOSED,FATAL_COUNT,HEAVY_TRUCK_COUNT,HORSE_BUGGY_COUNT,HOUR_OF_DAY,ILLUMINATION,INJURY_COUNT,INTERSECT_TYPE,INTERSECTION_RELATED,LANE_CLOSED,LATITUDE,LN_CLOSE_DIR,LOCATION_TYPE,LONGITUDE,MAX_SEVERITY_LEVEL,MCYCLE_DEATH_COUNT,MCYCLE_SUSP_SERIOUS_INJ_COUNT,MOTORCYCLE_COUNT,MUNICIPALITY,NONMOTR_COUNT,NONMOTR_DEATH_COUNT,NONMOTR_SUSP_SERIOUS_INJ_COUNT,NTFY_HIWY_MAINT,PED_COUNT,PED_DEATH_COUNT,PED_SUSP_SERIOUS_INJ_COUNT,PERSON_COUNT,POLICE_AGCY,POSSIBLE_INJ_COUNT,RDWY_SURF_TYPE_CD,RELATION_TO_ROAD,ROAD_CONDITION,ROADWAY_CLEARED,SCH_BUS_IND,SCH_ZONE_IND,SECONDARY_CRASH,SMALL_TRUCK_COUNT,SPEC_JURIS_CD,SUSP_MINOR_INJ_COUNT,SUSP_SERIOUS_INJ_COUNT,SUV_COUNT,TCD_FUNC_CD,TCD_TYPE,TFC_DETOUR_IND,TIME_OF_DAY,TOT_INJ_COUNT,TOTAL_UNITS,UNB_DEATH_COUNT,UNB_SUSP_SERIOUS_INJ_COUNT,UNBELTED_OCC_COUNT,UNK_INJ_DEG_COUNT,UNK_INJ_PER_COUNT,URBAN_AREA,URBAN_RURAL,VAN_COUNT,VEHICLE_COUNT,WEATHER1,WEATHER2,WORK_ZONE_IND,WORK_ZONE_LOC,WORK_ZONE_TYPE,WORKERS_PRES,WZ_CLOSE_DETOUR,WZ_FLAGGER,WZ_LAW_OFFCR_IND,WZ_LN_CLOSURE,WZ_MOVING,WZ_OTHER,WZ_SHLDER_MDN,WZ_WORKERS_INJ_KILLED
2008007261,329.0,1,0,0,0,0,0,0,0,0,1,0,,67,11,2007,7,39.9715,-75.2258,328.0,6,0,0,0,0,0,0,0,0,,0,0,0,99,3,5,1,,0,39 58:17.000,,0,75 13:33.023,3,0,0,0,67301,0,0,0,N,0,0,0,7,67301,0,,1,1,,N,N,,0,,5,0,0,3,2,,9999,5,2,0,0,0,0,0,3,4,0,2,3,,N,,,,,,,,,,,
2008007320,520.0,2,0,0,0,0,0,0,0,0,1,0,,67,11,2007,6,39.9496,-75.1539,515.0,6,0,0,0,0,0,0,0,0,,0,0,0,5,3,1,1,,0,39 56:58.000,,0,75 09:13.936,4,0,0,0,67301,0,0,0,N,0,0,0,3,67301,1,,1,1,,N,N,,0,,0,0,0,3,2,,510,1,2,0,0,0,0,0,3,4,0,2,3,,N,,,,,,,,,,,
2008005211,1000.0,2,0,0,0,0,0,0,0,0,4,0,,67,11,2007,2,40.0231,-75.124,955.0,6,0,0,1,0,0,0,0,0,,0,0,0,99,1,1,1,,0,40 01:23.210,,0,75 07:26.428,4,0,0,0,67301,0,0,0,,0,0,0,2,67301,1,,1,9,,,,,0,,0,0,0,0,0,,9999,1,2,0,0,0,0,0,3,4,0,2,7,,N,,,,,,,,,,,
2008000404,2130.0,1,0,0,0,0,0,0,0,0,7,0,,67,10,2007,4,40.0279,-75.1907,2124.0,6,0,0,0,0,0,0,1,0,1.0,0,0,0,21,3,0,0,,1,40 01:40.482,1.0,0,75 11:26.642,0,0,0,0,67301,0,0,0,,0,0,0,2,67301,0,,3,9,,,,,0,,0,0,0,0,0,N,2124,0,1,0,0,0,0,0,3,4,0,1,7,,N,,,,,,,,,,,
2008058066,1025.0,2,0,0,0,0,0,0,0,0,4,0,,67,12,2007,1,39.904,-75.2401,1023.0,6,0,0,0,0,0,0,0,1,,0,0,0,10,1,0,1,,0,39 54:14.564,,0,75 14:24.410,0,0,0,0,67301,0,0,0,N,0,0,0,2,67301,0,,1,9,,N,N,,0,,0,0,0,3,2,,1022,0,2,0,0,0,0,0,3,4,0,2,7,,N,,,,,,,,,,,
2008055835,9999.0,0,0,0,0,0,0,0,0,0,5,0,,67,11,2007,1,40.0211,-75.1399,246.0,6,0,0,0,0,0,0,0,0,,0,0,0,2,3,0,1,,0,40 01:15.937,,0,75 08:23.758,0,0,0,0,67301,0,0,0,Y,0,0,0,2,67301,0,,1,1,,N,N,,0,,0,0,1,3,2,,246,0,2,0,0,0,0,0,3,4,0,2,3,,N,,,,,,,,,,,
2008029628,114.0,1,0,0,0,0,0,0,0,0,7,0,,67,12,2007,3,39.9532,-75.141,111.0,6,0,0,0,0,0,0,0,0,9.0,0,0,0,1,3,0,0,,1,39 57:13.000,1.0,0,75 08:27.333,0,0,0,0,67301,0,0,0,N,0,0,0,1,67301,0,,2,1,,N,N,,0,,0,0,0,0,0,N,110,0,1,0,0,1,0,0,3,4,0,1,3,,N,,,,,,,,,,,
2008018210,1455.0,2,0,0,0,0,0,0,0,0,4,0,,67,12,2007,6,40.0788,-74.9984,1450.0,6,0,0,0,0,0,0,0,0,,0,0,0,14,1,3,0,,0,40 04:43.000,,0,74 59:54.397,4,0,0,0,67301,0,0,0,N,0,0,0,3,67301,3,,1,9,,N,N,,0,,0,0,0,0,0,,1448,3,2,0,0,0,0,0,3,4,0,2,7,,N,,,,,,,,,,,
2008016835,1519.0,2,0,0,0,0,0,0,0,0,1,0,,67,12,2007,1,39.9388,-75.1984,1514.0,6,0,0,0,0,0,0,0,0,,0,0,0,15,1,1,1,,0,39 56:22.000,,0,75 11:53.378,8,0,0,0,67301,0,0,0,N,0,0,0,4,67301,0,,1,9,,N,N,,0,,0,0,0,3,2,,1513,1,2,0,0,0,1,2,3,4,0,2,7,,N,,,,,,,,,,,
2008023736,1310.0,0,0,0,0,0,0,0,0,0,1,0,,67,12,2007,3,40.0412,-75.1185,1251.0,6,0,0,0,1,0,0,0,0,,0,0,0,12,1,2,0,,0,40 02:28.323,,0,75 07:06.729,4,0,0,0,67301,0,0,0,N,0,0,0,5,67301,1,,1,1,,N,N,,0,,0,0,3,0,0,,1250,2,3,0,0,0,1,0,3,4,0,3,3,,N,,,,,,,,,,,
2008029170,1935.0,2,0,0,0,0,0,0,0,0,6,0,,67,12,2007,2,39.9166,-75.2458,1925.0,6,0,0,0,0,0,0,0,0,,0,0,0,19,3,5,2,,0,39 54:59.000,,0,75 14:44.785,4,0,0,0,67301,0,0,0,N,0,0,0,6,67301,5,,1,1,,N,N,,0,,0,0,0,0,0,,1915,5,2,0,0,0,0,0,3,4,0,2,3,,N,,,,,,,,,,,
2008024443,2210.0,1,0,0,0,0,0,0,0,0,5,0,,67,12,2007,6,39.9584,-75.2372,2207.0,6,0,0,0,0,0,0,0,0,,0,0,0,22,3,0,0,,0,39 57:30.000,,0,75 14:13.881,0,0,0,0,67301,0,0,0,,0,0,0,1,67301,0,,1,9,,,,,1,,0,0,0,3,2,,2205,0,2,0,0,1,0,0,3,4,0,2,3,,N,,,,,,,,,,,
2008024510,1420.0,2,0,0,0,0,0,0,0,0,4,0,,67,12,2007,6,40.006,-75.1766,1400.0,6,0,0,0,0,0,1,1,0,,0,0,0,99,1,2,2,,0,40 00:21.600,,0,75 10:35.760,3,0,0,0,67301,0,0,0,,0,0,0,2,67301,0,,1,9,,N,N,,0,,1,0,0,3,2,,9999,2,2,0,0,0,1,0,3,4,0,2,7,,N,,,,,,,,,,,
2008024520,1805.0,2,0,0,0,0,0,0,0,0,4,0,,67,12,2007,6,39.9804,-75.1179,1801.0,6,0,0,0,0,1,0,0,0,,0,0,0,99,3,0,1,,0,39 58:53.000,,0,75 07:02.419,9,0,0,0,67301,0,0,0,N,0,0,0,2,67301,0,,1,1,,N,N,,0,,0,0,0,3,2,,9999,0,2,0,0,0,0,1,3,4,0,2,3,,N,,,,,,,,,,,
2008019401,2125.0,2,0,0,0,0,0,0,0,0,1,0,,67,11,2007,3,,,2120.0,6,0,0,0,0,0,1,0,0,,0,0,0,21,2,0,0,,0,,,0,,0,0,0,0,67301,0,0,0,N,0,0,0,2,67301,0,,1,1,,N,N,,0,,0,0,0,3,2,,2120,0,2,0,0,0,0,0,3,3,0,2,3,,N,,,,,,,,,,,
2008017349,1820.0,1,0,0,0,0,0,0,0,0,8,0,,67,12,2007,2,39.9561,-75.2278,1814.0,6,0,0,0,0,0,0,0,0,,0,0,0,18,3,2,1,,0,39 57:21.819,,0,75 13:39.910,3,0,0,0,67301,2,0,0,N,2,0,0,4,67301,0,,1,9,,N,N,,0,,2,0,0,3,3,,1814,2,3,0,0,0,0,0,3,4,0,1,7,,N,,,,,,,,,,,
2008017402,820.0,1,0,0,0,0,0,0,0,0,4,0,,67,11,2007,6,40.0549,-75.1552,815.0,6,0,0,0,0,0,1,0,0,1.0,0,0,0,8,1,1,1,,1,40 03:17.748,1.0,0,75 09:18.547,8,0,0,0,67301,0,0,0,,0,0,0,3,67301,0,,1,1,,,,,0,,0,0,0,3,3,N,810,1,2,0,0,0,1,0,3,4,1,2,3,,N,,,,,,,,,,,
2008017422,1520.0,1,0,0,0,0,0,0,0,0,8,0,,67,12,2007,7,40.0471,-75.1511,1515.0,6,0,0,0,0,0,0,0,0,,0,0,0,15,1,2,2,,0,40 02:49.642,,0,75 09:03.891,4,0,0,0,67301,2,0,0,N,2,0,0,3,67301,1,,1,1,,,N,,0,,0,0,0,3,3,,1515,2,3,0,0,0,1,0,3,4,0,1,3,,N,,,,,,,,,,,
2008033691,,1,0,0,0,0,0,0,0,0,4,0,,67,1,2007,5,40.0012,-75.2264,,6,0,0,0,0,0,0,1,0,,0,0,0,99,1,1,1,,0,40 00:04.325,,0,75 13:34.990,8,0,0,0,67301,0,0,0,N,0,0,0,2,00000,0,,1,1,,N,N,,0,,0,0,0,0,0,,9999,1,2,0,0,0,1,1,3,4,0,2,3,,N,,,,,,,,,,,
2008033694,,1,0,0,0,0,0,0,0,0,1,0,,67,2,2007,5,,,,6,0,0,0,0,0,0,1,0,,0,0,0,12,1,2,0,,0,,,0,,8,0,0,0,67301,0,0,0,N,0,0,0,4,00000,0,,1,1,,N,N,,0,,0,0,1,0,0,,1240,2,2,0,0,0,2,1,3,3,0,2,99,,N,,,,,,,,,,,
2008033725,,1,0,0,0,0,0,0,0,0,7,0,35.0,67,2,2007,3,,,,6,0,0,0,0,0,0,0,0,,0,0,0,22,6,1,0,,0,,,0,,8,0,0,0,67301,0,0,0,N,0,0,0,1,00000,0,,2,7,,N,N,,0,,0,0,0,0,0,,2230,1,1,0,0,0,1,0,3,3,0,1,5,,Y,3.0,1.0,U,,,N,,,,,
2008033758,,2,0,0,0,0,0,0,0,0,1,0,,67,8,2007,5,,,,6,0,0,0,0,0,1,0,0,,0,0,0,16,1,1,0,,0,,,0,,8,0,0,0,67301,0,0,0,N,0,0,0,5,,0,,1,1,,N,N,,0,,0,0,0,0,0,,1645,1,2,0,0,0,1,0,3,3,0,2,3,,N,,,,,,,,,,,
2008003811,1423.0,3,0,0,0,0,0,0,0,0,1,0,,67,10,2007,1,40.028,-75.0243,1403.0,6,1,0,0,0,0,0,0,0,,0,0,0,14,1,4,7,,0,40 01:40.000,,2,75 01:27.250,8,0,0,0,67301,0,0,0,N,0,0,0,5,67301,0,,1,1,,N,N,,0,,0,0,0,0,0,,1400,4,3,0,0,0,4,0,3,4,0,3,3,,N,,,,,,,,,,,
2008023961,105.0,2,0,0,0,0,0,0,0,0,1,0,,67,12,2007,1,40.0403,-75.1863,104.0,6,0,0,0,0,0,0,0,0,,0,0,0,1,3,1,1,,0,40 02:24.910,,0,75 11:10.647,4,0,0,0,67301,0,0,0,N,0,0,0,3,67301,1,,1,1,,N,N,,0,,0,0,0,3,3,,104,1,2,0,0,2,0,0,3,4,0,2,3,,N,,,,,,,,,,,
2008037991,9999.0,1,0,0,0,0,0,0,0,0,6,0,,67,11,2007,1,40.0486,-75.1449,330.0,6,0,0,0,0,0,0,0,0,,0,0,0,3,6,2,1,,0,40 02:55.000,,0,75 08:41.887,4,0,0,0,67301,0,0,0,N,0,0,0,3,67301,1,,4,1,,N,N,,0,,0,0,0,9,2,,330,2,2,0,0,0,1,1,3,4,0,2,99,,N,,,,,,,,,,,
2008039231,325.0,1,0,0,0,0,0,0,0,0,7,0,,67,12,2007,5,39.9326,-75.2002,321.0,6,0,0,0,0,0,0,0,0,1.0,0,0,0,2,3,0,0,,2,39 55:55.000,3.0,0,75 12:00.177,0,0,0,0,67301,0,0,0,N,0,0,0,1,68K01,0,,2,9,,N,N,,0,,0,0,0,0,0,N,258,0,1,0,0,0,0,0,3,4,0,1,7,,N,,,,,,,,,,,
2008033866,,2,0,0,0,0,0,0,0,0,1,0,,67,11,2007,3,39.9819,-75.239,,6,0,0,0,0,0,0,0,0,,0,0,0,8,1,1,1,,0,39 58:54.000,,0,75 14:20.357,8,0,0,0,67301,0,0,0,,0,0,0,3,,0,,1,9,,,,,0,,0,0,0,3,2,,815,1,2,0,0,0,1,2,3,4,0,2,7,,N,,,,,,,,,,,
2008088210,1910.0,2,0,0,0,0,0,0,0,0,1,0,,67,6,2007,3,39.9299,-75.1444,1905.0,6,0,1,1,0,0,0,0,0,,0,0,0,18,1,1,1,,0,39 55:47.802,,0,75 08:39.967,4,0,0,0,67301,0,0,0,N,0,0,0,5,67301,1,,1,1,,N,N,,0,,0,0,1,3,2,,1858,1,3,0,0,0,0,0,3,4,0,3,3,,N,,,,,,,,,,,
2008017014,825.0,2,0,0,0,0,0,0,0,0,1,0,,67,12,2007,1,40.0573,-75.0342,820.0,6,0,0,0,0,0,0,0,0,1.0,0,0,0,8,3,2,2,,1,40 03:26.000,4.0,0,75 02:03.612,4,0,0,0,67301,0,0,0,N,0,0,0,4,67301,2,,1,1,,N,N,,0,,0,0,0,3,1,Y,820,2,2,0,0,0,0,0,3,4,0,2,3,,N,,,,,,,,,,,
2007081021,1850.0,1,0,0,0,0,0,0,0,0,4,0,,67,5,2007,4,40.0301,-75.1428,1848.0,6,0,1,0,0,0,0,0,0,,0,0,0,18,1,1,1,,0,40 01:48.288,,0,75 08:34.177,4,0,0,1,67301,0,0,0,N,0,0,0,2,67301,1,,1,1,,N,N,,0,,0,0,0,3,3,,1845,1,2,0,0,1,0,0,3,4,0,2,3,,N,,,,,,,,,,,
2007066372,35.0,0,0,0,0,0,0,0,0,0,8,0,,67,4,2007,1,39.9643,-75.2221,34.0,6,0,0,0,0,0,0,0,0,,0,0,0,0,3,1,0,,0,39 57:51.449,,0,75 13:19.670,4,0,0,0,67301,1,0,0,N,1,0,0,2,67301,1,,1,9,,N,N,,0,,0,0,0,0,0,,1,1,2,0,0,0,0,1,3,4,1,1,7,,N,,,,,,,,,,,
2007066489,1110.0,2,0,0,0,0,0,0,0,0,4,0,,67,5,2007,4,39.9119,-75.1728,1056.0,6,0,0,0,0,0,2,0,0,,0,0,0,10,1,0,1,,0,39 54:42.000,,0,75 10:21.917,0,0,0,0,67301,0,0,0,,0,0,0,5,67301,0,,1,1,,,,,1,,0,0,0,3,2,,1056,0,3,0,0,4,0,0,3,4,0,3,3,,N,,,,,,,,,,,
2007047965,1325.0,2,0,0,0,0,0,0,0,0,1,0,,67,2,2007,4,39.9725,-75.1215,1312.0,6,0,0,0,0,0,0,0,0,2.0,0,0,0,13,1,2,0,,1,39 58:24.240,1.0,0,75 07:12.360,4,0,0,0,67301,0,0,0,N,0,0,0,3,67301,1,,1,1,,N,N,,0,,0,0,0,0,0,Y,1310,2,2,0,0,0,1,0,3,4,0,2,3,,N,,,,,,,,,,,
2007093378,1709.0,0,0,0,1,0,0,0,0,0,6,0,,67,7,2007,6,39.9755,-75.1909,1654.0,6,0,0,0,0,0,0,0,0,,0,0,0,16,1,1,3,,0,39 58:31.000,,0,75 11:26.699,4,0,0,0,67301,1,0,0,N,0,0,0,3,67301,1,,1,1,,N,N,,0,,0,0,1,3,4,,1630,1,2,0,0,0,0,0,3,4,0,1,3,,N,,,,,,,,,,,
2007093444,1732.0,1,0,0,1,0,0,0,0,0,4,0,,67,7,2007,2,39.9969,-75.0723,1729.0,6,0,0,0,0,0,0,0,0,,0,0,0,17,1,1,2,,0,39 59:48.886,,0,75 04:20.153,4,0,0,0,67301,1,0,0,N,0,0,0,2,67301,1,,4,1,,N,N,,0,,0,0,0,3,3,,1725,1,2,0,0,1,0,0,3,4,0,1,3,,N,,,,,,,,,,,
2007107474,1820.0,2,0,0,0,0,0,0,0,0,1,0,,67,9,2007,1,40.0215,-75.1485,1815.0,6,0,0,0,0,0,0,0,0,,0,0,0,18,1,1,0,,0,40 01:17.040,,0,75 08:54.600,8,0,0,0,67301,0,0,0,N,0,0,0,1,67301,0,,1,1,,N,N,,0,,0,0,0,3,2,,1815,1,2,0,0,0,1,0,3,4,0,2,3,,N,,,,,,,,,,,
2007107501,1813.0,2,0,0,0,0,0,0,0,0,4,0,,67,9,2007,5,40.0741,-75.1909,1813.0,6,0,0,0,0,0,1,0,0,,0,0,0,18,1,2,2,,0,40 04:26.000,,0,75 11:27.147,8,0,0,0,67301,0,0,0,N,0,0,0,7,67301,0,,1,1,,N,N,,0,,0,0,0,3,2,,1805,2,2,0,0,0,2,0,3,4,0,2,3,,N,,,,,,,,,,,
2007045707,1545.0,1,0,0,0,0,0,0,0,0,8,0,,67,2,2007,6,39.9686,-75.2207,1532.0,6,0,0,0,0,0,0,0,0,,0,0,0,15,1,1,1,,0,39 58:06.999,,0,75 13:14.343,3,0,0,0,67301,1,0,0,N,1,0,0,2,67301,0,,1,1,,N,N,,0,,1,0,0,3,2,,1527,1,2,0,0,0,0,0,3,4,0,1,3,,N,,,,,,,,,,,
2007048317,1650.0,0,0,0,0,0,0,0,0,0,8,0,,67,2,2007,4,40.0582,-75.1442,1650.0,6,0,0,0,0,0,0,0,0,,0,0,0,12,1,1,2,,0,40 03:29.509,,0,75 08:39.033,4,0,0,0,67301,1,0,0,N,1,0,0,2,67301,1,,1,1,,N,N,,0,,0,0,0,3,3,,1210,1,2,0,0,0,0,1,3,4,0,1,3,,N,,,,,,,,,,,
2007045714,1247.0,3,0,0,0,0,0,0,0,0,1,0,,67,3,2007,1,40.0277,-75.0988,1245.0,6,0,0,0,0,0,0,0,0,,0,0,0,12,1,1,1,,0,40 01:39.720,,0,75 05:55.680,4,0,0,0,67301,0,0,0,N,0,0,0,3,67301,1,,1,1,,N,N,,0,,0,0,0,3,2,,1245,1,3,0,0,0,0,0,3,4,0,3,3,,N,,,,,,,,,,,
2007045738,2234.0,0,0,0,0,0,0,0,0,0,4,0,,67,2,2007,7,40.0351,-75.0709,2230.0,6,0,0,0,0,0,1,0,0,1.0,0,0,0,22,3,1,1,,1,40 02:06.000,2.0,0,75 04:15.407,4,0,0,0,67301,0,0,0,N,0,0,0,3,67301,1,,1,2,,N,N,,1,,0,0,0,3,2,N,2228,1,2,0,0,0,0,0,3,4,1,2,3,,N,,,,,,,,,,,
2007040757,2145.0,2,0,0,0,0,0,0,0,0,6,0,,67,4,2007,7,39.9971,-75.2353,2143.0,6,0,0,0,0,0,0,0,0,2.0,0,0,0,21,3,1,1,,1,39 59:52.000,5.0,0,75 14:01.194,8,0,0,0,67301,0,0,0,N,0,0,0,5,46104,0,,1,1,,N,N,,0,,0,0,0,3,2,N,2143,1,2,0,0,0,1,0,3,4,0,2,3,,N,,,,,,,,,,,
2008007239,1350.0,1,0,0,0,0,0,0,0,0,1,0,,67,11,2007,1,,,9999.0,6,0,0,0,0,0,0,1,0,,0,0,0,13,1,1,0,,0,,,0,,4,0,0,0,67301,0,0,0,N,0,0,0,5,67301,1,,1,1,,N,N,,0,,0,0,0,0,0,,1345,1,2,0,0,0,0,0,3,3,1,2,3,,N,,,,,,,,,,,
2008005102,850.0,1,0,0,0,0,0,0,0,0,5,0,,67,7,2007,6,39.9742,-75.1802,845.0,6,0,0,0,0,0,0,0,1,1.0,0,0,0,8,1,10,0,,2,39 58:26.000,6.0,0,75 10:48.885,4,0,0,0,67301,0,0,0,,0,0,0,12,67301,10,,1,9,,N,N,,0,,0,0,0,0,0,Y,840,10,2,0,0,10,0,0,3,4,0,2,7,,N,,,,,,,,,,,
2008010652,1440.0,1,0,0,0,0,0,0,0,0,5,0,,67,11,2007,4,39.9207,-75.2285,1425.0,6,0,0,0,0,0,0,0,0,,0,0,0,14,1,1,1,,0,39 55:14.387,,0,75 13:42.587,4,0,0,0,67301,0,0,0,,0,0,0,3,67301,1,,1,1,,,,,0,,0,0,0,0,0,,1405,1,2,0,0,2,0,1,3,4,1,2,3,,N,,,,,,,,,,,
2008018040,925.0,2,0,0,0,0,0,0,0,0,2,0,,67,12,2007,2,,,920.0,6,0,0,0,0,1,0,0,0,1.0,0,0,0,9,1,3,0,,2,,5.0,0,,4,0,0,0,67301,0,0,0,,0,0,0,5,67301,3,,1,9,,,,,0,,0,0,0,0,0,N,910,3,2,0,0,0,0,0,3,3,0,2,7,,N,,,,,,,,,,,
2008018086,844.0,1,0,0,0,0,0,0,0,0,5,0,,67,12,2007,3,39.9575,-75.2234,840.0,6,0,0,0,0,0,0,0,0,,0,0,0,8,3,1,1,,0,39 57:26.863,,0,75 13:24.193,8,0,0,0,67301,0,0,0,N,0,0,0,5,67301,0,,1,9,,N,,,0,,0,0,0,3,3,,828,1,2,0,0,0,1,4,3,4,1,2,10,,N,,,,,,,,,,,
2008018237,252.0,2,0,0,0,0,0,0,0,0,4,0,,67,12,2007,3,40.1209,-74.994,248.0,6,0,0,0,0,0,0,0,0,,0,0,0,2,3,1,0,,0,40 07:15.301,,0,74 59:38.490,3,0,0,0,67301,0,0,0,N,0,0,0,1,67301,0,,5,1,,N,N,,0,,1,0,0,0,0,,230,1,2,0,0,0,0,0,3,4,0,2,3,,N,,,,,,,,,,,
2008033005,,1,0,0,0,0,0,0,0,0,4,0,,67,1,2007,3,40.0283,-75.0848,,6,0,0,0,0,0,1,0,0,,0,0,0,17,1,0,1,,0,40 01:41.707,,0,75 05:05.272,0,0,0,0,67301,0,0,0,N,0,0,0,4,,0,,1,1,,N,N,,0,,0,0,0,0,0,,1730,0,2,0,0,0,0,0,3,4,0,2,3,,N,,,,,,,,,,,
2008018097,1040.0,1,0,0,0,0,0,0,0,0,6,0,,67,12,2007,5,39.9986,-75.1303,1040.0,6,0,1,0,0,1,0,0,0,,0,0,0,10,1,0,1,,0,39 59:55.000,,0,75 07:48.983,0,0,0,0,67301,0,0,0,N,0,0,0,5,67301,0,,1,9,,N,N,,1,,0,0,0,9,3,,1030,0,2,0,0,0,0,0,3,4,0,2,7,,N,,,,,,,,,,,
2008006007,1102.0,1,0,0,0,0,0,0,0,0,4,0,,67,11,2007,4,39.9105,-75.2492,1102.0,6,0,0,0,0,0,0,0,1,,0,0,0,10,1,1,0,,0,39 54:37.684,,0,75 14:57.112,4,0,0,0,67301,0,0,0,,0,0,0,1,67301,1,,6,1,,,,,0,,0,0,1,0,0,,1031,1,2,0,0,0,0,0,3,4,0,2,3,,N,,,,,,,,,,,
2008044902,1737.0,2,0,0,0,0,0,0,0,0,4,0,,67,10,2007,5,40.0536,-75.1418,1732.0,6,0,0,0,0,0,2,0,0,2.0,0,0,0,17,1,0,2,,2,40 03:13.053,2.0,0,75 08:30.321,0,0,0,0,67301,0,0,0,N,0,0,0,3,67301,0,,1,1,,N,N,,0,,0,0,0,3,2,Y,1725,0,2,0,0,0,0,0,3,4,0,2,3,,N,,,,,,,,,,,
2008032534,,0,0,0,1,0,0,0,0,0,4,0,,67,5,2007,7,39.9614,-75.1498,,6,0,0,0,0,0,0,0,0,,0,0,0,15,1,1,2,,0,39 57:40.000,,0,75 08:59.348,4,0,0,0,67301,1,0,0,N,0,0,0,2,,1,,1,1,,N,N,,0,,0,0,0,0,0,,1545,1,2,0,0,0,0,1,3,4,0,1,3,,N,,,,,,,,,,,
2008029087,1948.0,0,0,0,0,0,0,0,0,0,1,0,,67,12,2007,4,39.9239,-75.1773,1948.0,6,0,0,0,0,1,1,0,0,,0,0,0,19,3,1,1,,0,39 55:26.000,,0,75 10:38.325,8,0,0,0,67301,0,0,0,N,0,0,0,2,67301,0,,1,9,,N,N,,0,,0,0,2,3,2,,1945,1,2,0,0,0,1,0,3,4,0,2,7,,N,,,,,,,,,,,
2008009477,1915.0,1,0,0,0,0,0,0,0,0,4,0,,67,11,2007,6,40.0462,-75.0604,1910.0,6,0,0,0,0,0,0,0,1,,0,0,0,19,3,0,0,,0,40 02:46.000,,0,75 03:37.289,0,0,0,0,67301,0,0,0,,0,0,0,3,67301,0,,1,1,,,,,0,,0,0,0,0,0,,1910,0,2,0,0,0,0,0,3,4,1,2,3,,N,,,,,,,,,,,
2008016371,840.0,3,0,0,0,0,0,0,0,0,2,0,,67,12,2007,4,40.0332,-75.0291,830.0,6,0,0,0,0,0,1,0,0,,0,0,0,8,1,1,1,,0,40 01:59.000,,0,75 01:44.886,8,0,0,0,67301,0,0,0,,0,0,0,4,67301,0,,1,1,,,,,0,,0,0,0,3,2,,825,1,4,0,0,0,1,1,3,4,1,4,3,,N,,,,,,,,,,,
2008003958,459.0,0,0,0,0,0,0,0,0,0,8,0,,67,9,2007,3,39.9921,-75.0993,457.0,6,0,0,0,0,0,1,0,0,2.0,0,0,0,4,3,1,1,,1,39 59:31.000,1.0,0,75 05:57.418,2,0,0,0,67301,1,0,1,N,1,0,1,2,67301,0,,1,9,,N,N,,0,,0,1,0,3,2,N,435,1,2,0,0,0,0,0,3,4,1,1,7,,N,,,,,,,,,,,
2008024255,112.0,1,0,0,0,0,0,0,0,0,8,0,,67,12,2007,4,40.0216,-75.075,110.0,6,0,0,0,0,0,0,0,0,,0,0,0,22,3,1,0,,0,40 01:17.000,,0,75 04:30.158,3,0,0,0,67301,1,0,0,,1,0,0,2,67301,0,,1,9,,,,,0,,1,0,0,0,0,,2210,1,2,0,0,0,0,1,3,4,0,1,7,,N,,,,,,,,,,,
2008036980,2133.0,1,0,0,1,0,0,0,0,0,4,0,,67,8,2007,7,39.9492,-75.2353,2133.0,6,0,0,0,0,0,0,0,0,2.0,0,0,0,21,3,1,1,,2,39 56:57.098,4.0,0,75 14:07.234,4,0,0,0,67301,1,0,0,N,0,0,0,2,67301,1,,1,1,,N,Y,,0,,0,0,0,9,3,N,2130,1,2,0,0,0,0,1,3,4,0,1,3,,N,,,,,,,,,,,
2008017000,1810.0,2,0,0,0,0,0,0,0,0,1,0,,67,12,2007,6,39.9675,-75.232,1808.0,6,0,0,0,0,0,1,0,0,,0,0,0,8,3,2,1,,0,39 58:02.976,,0,75 13:55.022,4,0,0,0,67301,0,0,0,N,0,0,0,3,67301,2,,1,1,,N,N,,0,,0,0,0,3,2,,802,2,2,0,0,0,0,0,3,4,0,2,3,,N,,,,,,,,,,,
2008017334,310.0,2,0,0,0,0,0,0,0,0,1,0,,67,12,2007,7,39.9809,-75.248,310.0,6,0,0,0,1,0,0,0,0,,0,0,0,3,3,1,0,,0,39 58:51.268,,0,75 14:52.789,8,0,0,0,67301,0,0,0,N,0,0,0,1,67301,0,,6,1,,N,N,,0,,0,0,2,0,0,,310,1,4,0,0,0,1,0,3,4,0,4,3,,N,,,,,,,,,,,