CRN,ARRIVAL_TM,AUTOMOBILE_COUNT,BELTED_DEATH_COUNT,BELTED_SUSP_SERIOUS_INJ_COUNT,BICYCLE_COUNT,BICYCLE_DEATH_COUNT,BICYCLE_SUSP_SERIOUS_INJ_COUNT,BUS_COUNT,CHLDPAS_DEATH_COUNT,CHLDPAS_SUSP_SERIOUS_INJ_COUNT,COLLISION_TYPE,COMM_VEH_COUNT,CONS_ZONE_SPD_LIM,COUNTY,CRASH_MONTH,CRASH_YEAR,DAY_OF_WEEK,DEC_LAT,DEC_LONG,DISPATCH_TM,DISTRICT,DRIVER_COUNT_16YR,DRIVER_COUNT_17YR,DRIVER_COUNT_18YR,DRIVER_COUNT_19YR,DRIVER_COUNT_20YR,DRIVER_COUNT_50_64YR,DRIVER_COUNT_65_74YR,DRIVER_COUNT_75PLUS,EST_HRS_CLOSED,FATAL_COUNT,HEAVY_TRUCK_COUNT,HORSE_BUGGY_COUNT,HOUR_OF_DAY,ILLUMINATION,INJURY_COUNT,INTERSECT_TYPE,INTERSECTION_RELATED,LANE_CLOSED,LATITUDE,LN_CLOSE_DIR,LOCATION_TYPE,LONGITUDE,MAX_SEVERITY_LEVEL,MCYCLE_DEATH_COUNT,MCYCLE_SUSP_SERIOUS_INJ_COUNT,MOTORCYCLE_COUNT,MUNICIPALITY,NONMOTR_COUNT,NONMOTR_DEATH_COUNT,NONMOTR_SUSP_SERIOUS_INJ_COUNT,NTFY_HIWY_MAINT,PED_COUNT,PED_DEATH_COUNT,PED_SUSP_SERIOUS_INJ_COUNT,PERSON_COUNT,POLICE_AGCY,POSSIBLE_INJ_COUNT,RDWY_SURF_TYPE_CD,RELATION_TO_ROAD,ROAD_CONDITION,ROADWAY_CLEARED,SCH_BUS_IND,SCH_ZONE_IND,SECONDARY_CRASH,SMALL_TRUCK_COUNT,SPEC_JURIS_CD,SUSP_MINOR_INJ_COUNT,SUSP_SERIOUS_INJ_COUNT,SUV_COUNT,TCD_FUNC_CD,TCD_TYPE,TFC_DETOUR_IND,TIME_OF_DAY,TOT_INJ_COUNT,TOTAL_UNITS,UNB_DEATH_COUNT,UNB_SUSP_SERIOUS_INJ_COUNT,UNBELTED_OCC_COUNT,UNK_INJ_DEG_COUNT,UNK_INJ_PER_COUNT,URBAN_AREA,URBAN_RURAL,VAN_COUNT,VEHICLE_COUNT,WEATHER1,WEATHER2,WORK_ZONE_IND,WORK_ZONE_LOC,WORK_ZONE_TYPE,WORKERS_PRES,WZ_CLOSE_DETOUR,WZ_FLAGGER,WZ_LAW_OFFCR_IND,WZ_LN_CLOSURE,WZ_MOVING,WZ_OTHER,WZ_SHLDER_MDN,WZ_WORKERS_INJ_KILLED
2008017047,1810.0,2,0,0,0,0,0,0,0,0,4,0,,67,12,2007,4,40.1035,-75.0301,1804.0,6,0,0,0,0,0,1,0,0,1.0,0,0,0,18,3,1,0,,1,40 06:12.513,4.0,0,75 01:48.507,8,0,0,0,67301,0,0,0,,0,0,0,2,67301,0,,1,1,,,,,0,,0,0,0,0,0,N,1803,1,2,0,0,0,1,0,3,4,0,2,3,,N,,,,,,,,,,,
2008017528,1400.0,0,0,0,0,0,0,0,0,0,8,0,,67,12,2007,4,40.013,-75.1194,1356.0,6,0,0,0,0,0,0,0,0,,0,0,0,13,1,2,1,,0,40 00:46.000,,0,75 07:09.798,4,0,0,0,67301,2,0,0,N,2,0,0,3,67301,2,,1,9,,N,N,,0,,0,0,1,3,2,,1356,2,3,0,0,0,0,0,3,4,0,1,7,,N,,,,,,,,,,,
2008017536,1505.0,2,0,0,0,0,0,0,0,0,1,0,,67,11,2007,2,39.9036,-75.2426,1500.0,6,0,0,0,0,0,0,0,0,,0,0,0,14,1,2,0,,0,39 54:12.834,,0,75 14:33.263,8,0,0,0,67301,0,0,0,N,0,0,0,2,67301,0,,1,9,,N,N,,0,,0,0,0,0,0,,1400,2,2,0,0,0,2,0,3,4,0,2,98,,N,,,,,,,,,,,
2008008872,1835.0,2,0,0,0,0,0,0,0,0,1,0,,67,11,2007,5,40.0692,-75.0073,1823.0,6,0,0,1,0,0,0,0,0,,0,0,0,18,3,5,1,,0,40 04:08.000,,7,75 00:26.173,4,0,0,0,67301,0,0,0,N,0,0,0,5,67301,5,,1,9,,N,N,,0,,0,0,0,3,2,,1819,5,2,0,0,1,0,0,3,4,0,2,3,,N,,,,,,,,,,,
2008008884,1900.0,2,0,0,0,0,0,0,0,0,1,0,,67,11,2007,7,39.9761,-75.1602,1858.0,6,0,0,0,0,0,0,0,0,,0,0,0,18,3,2,1,,0,39 58:33.855,,0,75 09:36.622,8,0,0,0,67301,0,0,0,N,0,0,0,3,67301,0,,1,1,,N,N,,0,,0,0,0,3,2,,1855,2,2,0,0,0,2,0,3,4,0,2,3,,N,,,,,,,,,,,
2008029732,2040.0,0,0,0,0,0,0,1,0,0,8,1,,67,12,2007,5,40.0002,-75.1581,2033.0,6,0,0,0,0,0,0,0,0,,0,0,0,16,1,1,2,,0,40 00:00.734,,0,75 09:29.314,4,0,0,0,67301,1,0,0,N,1,0,0,2,67301,1,,2,9,,N,N,,0,,0,0,0,0,0,,1640,1,2,0,0,0,0,0,3,4,0,1,7,,N,,,,,,,,,,,
2008054212,930.0,3,0,0,0,0,0,0,0,0,1,0,,67,12,2007,5,39.9256,-75.2417,925.0,6,0,0,0,0,0,0,0,0,,0,0,0,99,1,0,1,,0,39 55:32.066,,0,75 14:30.271,0,0,0,0,67301,0,0,0,N,0,0,0,2,07301,0,,1,2,,N,N,,0,,0,0,0,0,0,,9999,0,3,0,0,0,0,0,3,4,0,3,10,,N,,,,,,,,,,,
2008033752,,2,0,0,0,0,0,0,0,0,5,0,,67,11,2007,1,39.9832,-75.1292,,6,0,0,0,0,0,0,0,0,,0,0,0,13,1,0,0,,0,39 58:59.500,,0,75 07:45.000,0,0,0,0,67301,0,0,0,,0,0,0,1,00000,0,,1,1,,,,,0,,0,0,0,0,0,,1300,0,2,0,0,0,0,0,3,4,0,2,3,,N,,,,,,,,,,,
2008023978,1725.0,1,0,0,0,0,0,0,0,0,8,0,,67,12,2007,1,40.0632,-75.0864,1713.0,6,0,0,0,0,0,0,0,0,,0,0,0,17,3,1,0,,0,40 03:47.682,,0,75 05:11.133,3,0,0,0,67301,1,0,0,N,1,0,0,2,67301,0,,1,9,,N,N,,0,,1,0,0,0,0,,1710,1,2,0,0,0,0,0,3,4,0,1,7,,N,,,,,,,,,,,
2008033829,,1,0,0,0,0,0,0,0,0,1,0,,67,7,2007,6,40.0403,-75.0585,,6,0,0,0,0,0,0,0,0,,0,0,0,18,1,1,2,,0,40 02:25.000,,0,75 03:30.735,3,0,0,0,67301,0,0,0,N,0,0,0,7,,0,,1,1,,N,N,,1,,1,0,0,0,0,,1800,1,2,0,0,1,0,0,3,4,0,2,3,,N,,,,,,,,,,,
2009031131,16.0,1,0,0,0,0,0,0,0,0,5,0,,67,10,2007,7,40.0345,-75.1148,15.0,6,0,0,0,0,0,0,0,0,,0,0,0,23,3,1,0,,0,40 02:04.231,,0,75 06:53.446,4,0,0,0,67301,0,0,0,N,0,0,0,2,67301,1,,1,1,,N,N,,1,,0,0,1,0,0,,2330,1,4,0,0,2,0,0,3,4,1,4,3,,N,,,,,,,,,,,
2009036969,1225.0,0,0,0,0,0,0,0,0,0,8,0,,67,3,2007,1,40.0291,-75.1341,1222.0,6,0,0,0,0,0,0,0,0,,0,0,0,12,1,1,0,,0,40 01:44.737,,0,75 08:02.884,8,0,0,0,67301,1,0,0,N,1,0,0,2,67301,0,,1,1,,N,Y,,0,,0,0,0,0,0,,1210,1,2,0,0,0,1,0,3,4,1,1,3,,N,,,,,,,,,,,
2012045397,1604.0,1,0,0,0,0,0,0,0,0,4,0,,67,8,2007,3,39.9608,-75.1567,1603.0,6,0,0,0,0,0,0,0,0,,0,0,0,14,1,1,1,,0,39 57:39.056,,0,75 09:24.296,8,0,0,0,67301,0,0,0,,0,0,0,2,67301,0,,1,1,,N,,,1,,0,0,0,3,3,,1430,1,2,0,0,2,1,0,3,4,0,2,3,,N,,,,,,,,,,,
2007110093,855.0,1,0,0,0,0,0,0,0,0,2,0,,67,9,2007,4,40.025,-75.079,849.0,6,0,0,0,0,0,0,0,0,1.0,0,0,0,8,1,2,1,,2,40 01:29.863,7.0,0,75 04:44.439,8,0,0,0,67301,0,0,0,,0,0,0,2,67301,0,,1,1,,,,,0,,0,0,1,3,2,N,845,2,2,0,0,0,2,0,3,4,0,2,3,,N,,,,,,,,,,,
2007048212,125.0,2,0,0,0,0,0,0,0,0,1,0,,67,2,2007,5,39.9967,-75.1149,123.0,6,0,0,0,0,0,0,0,0,,0,0,0,1,3,1,0,,0,39 59:47.000,,0,75 06:53.839,4,0,0,0,67301,0,0,0,N,0,0,0,1,67301,1,,1,1,,N,N,,0,,0,0,0,0,0,,119,1,2,0,0,0,0,0,3,4,0,2,3,,N,,,,,,,,,,,
2007045703,1815.0,3,0,0,0,0,0,0,0,0,2,0,,67,2,2007,2,40.0509,-75.1807,1815.0,6,0,1,0,0,0,0,0,0,,0,0,0,99,3,2,0,,0,40 03:03.000,,0,75 10:50.397,8,0,0,0,67301,0,0,0,N,0,0,0,2,67301,0,,6,1,,N,N,,0,,0,0,0,0,0,,9999,2,3,0,0,0,2,0,3,4,0,3,3,,N,,,,,,,,,,,
2007048331,1139.0,1,0,0,0,0,0,0,0,0,4,0,,67,3,2007,6,39.9766,-75.1417,1137.0,6,0,0,0,0,0,0,0,0,,0,0,0,10,1,0,1,,0,39 58:35.875,,0,75 08:30.026,0,0,0,0,67301,0,0,0,,0,0,0,3,67301,0,,1,1,,N,N,,1,,0,0,0,3,3,,1030,0,2,0,0,0,0,0,3,4,0,2,3,,N,,,,,,,,,,,
2007045715,2200.0,1,0,0,0,0,0,0,0,0,8,0,,67,2,2007,1,40.0319,-75.0879,2150.0,6,0,0,0,0,0,0,0,0,,0,0,0,21,3,1,0,,0,40 01:54.954,,0,75 05:16.589,4,0,0,0,67301,1,0,0,N,1,0,0,2,67301,1,,1,1,,N,N,,0,,0,0,0,0,0,,2150,1,2,0,0,0,0,1,3,4,0,1,3,,N,,,,,,,,,,,
2007045752,1005.0,2,0,0,0,0,0,0,0,0,1,0,,67,3,2007,7,39.9733,-75.2414,1002.0,6,0,0,0,0,0,0,0,1,,0,0,0,10,1,1,0,,0,39 58:23.721,,0,75 14:28.899,8,0,0,0,67301,0,0,0,N,0,0,0,1,67301,0,,1,1,,N,N,,0,,0,0,1,0,0,,1000,1,3,0,0,1,1,0,3,4,0,3,3,,N,,,,,,,,,,,
2007046063,2050.0,2,0,0,0,0,0,0,0,0,4,0,,67,2,2007,1,40.0524,-75.0388,2035.0,6,0,0,0,1,0,0,0,0,,0,0,0,20,2,6,0,,0,40 03:08.000,,0,75 02:19.512,3,0,0,0,67301,0,0,0,N,0,0,0,6,67301,2,,1,7,,N,N,,0,,4,0,0,0,0,,2015,6,2,0,0,0,0,0,3,4,0,2,10,,N,,,,,,,,,,,
2008017497,1724.0,1,0,0,0,0,0,0,0,0,8,0,,67,12,2007,6,39.933,-75.2159,1724.0,6,0,0,0,0,0,0,1,0,,0,0,0,17,3,1,0,,0,39 55:58.000,,0,75 12:57.123,3,0,0,0,67301,1,0,0,N,1,0,0,2,67301,0,,1,1,,N,N,,0,,1,0,0,0,0,,1719,1,2,0,0,0,0,0,3,4,0,1,3,,N,,,,,,,,,,,
2008007246,620.0,1,0,0,0,0,0,0,0,0,8,0,,67,11,2007,5,39.9247,-75.1697,615.0,6,0,0,0,0,0,0,0,0,,0,0,0,6,3,1,0,,0,39 55:28.000,,0,75 10:10.843,2,0,0,0,67301,1,0,1,,1,0,1,1,67301,0,,1,1,,,,,0,,0,1,0,0,0,,615,1,2,0,0,0,0,0,3,4,0,1,3,,N,,,,,,,,,,,
2008007310,902.0,2,0,0,0,0,0,0,0,0,7,0,,67,11,2007,2,40.0732,-75.0559,846.0,6,0,0,0,1,0,0,0,0,,0,0,0,8,1,1,0,,0,40 04:23.638,,3,75 03:21.247,4,0,0,0,67301,0,0,0,N,0,0,0,2,67301,1,,5,9,,N,N,,0,,0,0,0,0,0,,836,1,2,0,0,0,0,0,3,4,0,2,7,,N,,,,,,,,,,,
2008007318,625.0,1,0,0,0,0,0,0,0,0,1,0,,67,11,2007,6,39.948,-75.1414,620.0,6,0,0,0,0,0,0,0,0,1.0,0,0,0,6,1,1,2,,1,39 56:42.000,2.0,0,75 08:31.320,8,0,0,0,67301,0,0,0,N,0,0,0,2,67301,0,,1,1,,N,N,,0,,0,0,0,3,2,N,610,1,2,0,0,0,1,0,3,4,1,2,3,,N,,,,,,,,,,,
2008018043,520.0,2,0,0,0,0,0,0,0,0,4,0,,67,12,2007,1,40.0015,-75.1457,520.0,6,0,0,0,0,0,0,0,0,4.0,0,0,0,5,3,1,1,,2,40 00:05.196,1.0,0,75 08:44.891,4,0,0,0,67301,1,0,0,,0,0,0,2,67301,1,,1,98,,,,,0,,0,0,0,0,0,Y,519,1,2,0,0,0,0,0,3,4,0,2,10,,N,,,,,,,,,,,
2008020096,1430.0,3,1,0,0,0,0,0,0,0,2,0,,67,12,2007,2,40.018,-75.202,1420.0,6,0,0,0,0,0,2,0,0,,1,0,0,14,1,4,0,,0,40 01:04.879,,0,75 12:07.259,1,0,0,0,67301,0,0,0,N,0,0,0,7,67301,0,2.0,1,1,,N,N,,0,0.0,0,0,1,0,0,,1415,4,4,0,0,0,4,0,3,4,0,4,3,,N,,,,,,,,,,,
2008033065,,1,0,0,0,0,0,0,0,0,0,0,,67,1,2007,2,40.0891,-75.0545,,6,0,0,0,0,0,0,0,0,,0,0,0,10,1,0,10,,0,40 05:20.666,,0,75 03:16.214,9,0,0,0,67301,0,0,0,N,0,0,0,1,,0,,1,1,,N,N,,0,,0,0,0,0,0,,1000,0,1,0,0,0,0,1,3,4,0,1,3,,N,,,,,,,,,,,
2008006006,1910.0,0,0,0,0,0,0,0,0,0,0,0,,67,11,2007,2,39.9169,-75.216,1900.0,6,0,0,0,0,0,0,0,0,,0,0,0,18,3,5,0,,0,39 55:05.000,,0,75 12:34.650,8,0,0,0,67301,1,0,0,N,1,0,0,5,67301,0,,5,1,,N,N,,0,,0,0,1,3,2,,1820,5,2,0,0,0,5,0,3,4,0,1,3,,N,,,,,,,,,,,
2008016453,1810.0,1,0,0,0,0,0,0,0,0,8,0,,67,12,2007,3,39.9301,-75.2192,1801.0,6,0,0,0,0,0,0,0,0,,0,0,0,16,1,1,1,,0,39 55:48.000,,0,75 13:08.982,8,0,0,0,67301,1,0,0,N,1,0,0,2,67301,0,,5,9,,N,N,,0,,0,0,0,3,2,,1630,1,2,0,0,0,1,0,3,4,0,1,7,,N,,,,,,,,,,,
2008009475,1821.0,3,0,0,0,0,0,0,0,0,4,0,,67,11,2007,3,39.9681,-75.2079,1816.0,6,0,0,0,0,0,1,0,0,,0,0,0,18,3,1,0,,0,39 58:05.203,,0,75 12:28.281,8,0,0,0,67301,0,0,0,,0,0,0,1,67301,0,,6,9,,N,N,,1,,0,0,0,0,0,,1816,1,4,0,0,0,1,0,3,4,0,4,7,,N,,,,,,,,,,,
2008006647,1637.0,3,0,0,0,0,0,0,0,0,1,0,,67,12,2007,7,40.028,-75.2072,1628.0,6,0,0,0,0,0,1,1,0,,0,0,0,14,1,2,0,,0,40 01:40.000,,0,75 12:25.924,4,0,0,0,67301,0,0,0,N,0,0,0,3,67301,2,,1,1,,N,N,,0,,0,0,0,3,2,,1441,2,3,0,0,0,0,0,3,4,0,3,3,,N,,,,,,,,,,,
2008006663,1055.0,1,0,0,0,0,0,0,0,0,1,0,,67,11,2007,1,40.1284,-75.0049,1048.0,6,0,0,0,0,0,0,0,0,,0,0,0,10,1,2,1,,0,40 07:42.283,,0,75 00:17.470,4,0,0,0,67301,0,0,0,N,0,0,0,5,67301,2,,1,9,,N,N,,0,,0,0,1,3,3,,1045,2,2,0,0,0,0,2,3,4,0,2,7,,N,,,,,,,,,,,
2008006682,1100.0,3,0,0,0,0,0,0,0,0,1,1,,67,11,2007,6,40.0492,-75.2198,1100.0,6,0,0,0,0,0,2,0,0,1.0,0,1,0,11,1,1,2,,1,40 02:57.000,1.0,0,75 13:12.416,4,0,0,0,67301,0,0,0,N,0,0,0,6,67301,1,,1,1,,N,N,,0,,0,0,0,0,0,N,1100,1,5,0,0,0,0,4,3,4,1,5,3,,N,,,,,,,,,,,
2008006683,745.0,1,0,0,0,0,0,0,0,0,4,1,,67,11,2007,5,40.0958,-74.9912,735.0,6,0,0,0,0,0,1,0,0,,0,1,0,7,1,0,2,,0,40 05:44.901,,0,74 59:28.492,0,0,0,0,67301,0,0,0,N,0,0,0,3,67301,0,,1,9,,N,N,,0,,0,0,1,3,2,,720,0,3,0,0,0,0,0,3,4,0,3,7,,N,,,,,,,,,,,
2008024511,1435.0,2,0,0,0,0,0,0,0,0,4,0,,67,12,2007,1,40.0171,-75.1586,1430.0,6,0,0,0,0,0,0,0,0,,0,0,0,13,1,1,2,,0,40 01:01.000,,0,75 09:30.795,4,0,0,0,67301,0,0,0,,0,0,0,4,67301,1,,1,9,,N,,,1,,0,0,0,0,0,,1320,1,3,0,0,0,0,0,3,4,0,3,7,,N,,,,,,,,,,,
2008006257,1432.0,2,0,0,0,0,0,0,0,0,4,0,,67,11,2007,2,39.9545,-75.1811,1425.0,6,0,0,0,0,0,1,0,0,,0,0,0,99,1,1,1,,0,39 57:16.000,,0,75 10:52.570,4,0,0,0,67301,0,0,0,N,0,0,0,3,67301,1,,1,1,,N,N,,0,,0,0,0,3,2,,9999,1,2,0,0,0,0,0,3,4,0,2,3,,N,,,,,,,,,,,
2008033637,,0,0,0,0,0,0,1,0,0,5,1,,67,1,2007,2,39.9506,-75.1489,,6,0,0,0,0,0,0,0,0,,0,0,0,22,6,1,0,,0,39 57:02.147,,0,75 08:56.168,3,0,0,0,67301,0,0,0,N,0,0,0,2,,0,,1,1,,N,N,,0,,1,0,0,0,0,,2200,1,2,0,0,0,0,1,3,4,0,2,3,,N,,,,,,,,,,,
2008053742,1759.0,2,0,0,0,0,0,0,0,0,4,0,,67,12,2007,4,40.1027,-74.9677,1756.0,6,0,0,0,0,0,0,0,0,,0,0,0,16,3,0,2,,0,40 06:09.770,,0,74 58:03.647,0,0,0,0,67301,0,0,0,N,0,0,0,2,67301,0,,1,1,,N,N,,0,,0,0,0,3,3,,1648,0,2,0,0,0,0,0,3,4,0,2,3,,N,,,,,,,,,,,
2008028954,234.0,2,0,0,0,0,0,0,0,0,1,0,,67,12,2007,2,40.078,-75.0844,230.0,6,0,0,0,0,0,0,0,0,,0,0,0,2,3,1,0,,0,40 04:40.915,,0,75 05:03.832,3,0,0,0,67301,0,0,0,N,0,0,0,1,67301,0,,2,1,,N,N,,0,,1,0,0,0,0,,214,1,2,0,0,1,0,0,3,4,0,2,3,,N,,,,,,,,,,,
2008006466,158.0,0,0,0,0,0,0,0,0,0,0,0,,67,11,2007,5,40.0113,-75.0602,153.0,6,0,0,0,0,0,0,0,0,1.0,0,0,0,1,3,1,0,,1,40 00:41.000,5.0,0,75 03:36.410,8,0,0,1,67301,0,0,0,N,0,0,0,1,67301,0,,5,1,,N,N,,0,,0,0,0,0,0,Y,150,1,1,0,0,0,1,0,3,4,0,1,3,,N,,,,,,,,,,,
2008021404,1408.0,0,0,0,0,0,0,0,0,0,7,0,,67,12,2007,2,40.0695,-75.0079,1406.0,6,0,0,0,0,0,0,0,0,1.0,0,0,0,14,1,0,0,,2,40 04:10.000,3.0,0,75 00:28.838,0,0,0,0,67301,0,0,0,N,0,0,0,1,67301,0,,5,1,,N,N,,1,,0,0,0,0,0,N,1404,0,1,0,0,0,0,0,3,4,0,1,3,,N,,,,,,,,,,,
2008024050,9999.0,2,0,0,0,0,0,0,0,0,4,0,,67,12,2007,2,39.9131,-75.2433,,6,0,0,0,0,0,1,0,0,2.0,0,0,0,0,3,2,3,,1,39 54:47.000,1.0,0,75 14:35.859,4,0,0,0,67301,0,0,0,N,0,0,0,3,67301,2,,1,1,,N,N,,0,,0,0,0,3,2,Y,23,2,2,0,0,2,0,0,3,4,0,2,3,,N,,,,,,,,,,,
2008053022,726.0,1,0,0,0,0,0,0,0,0,1,0,,67,10,2007,6,39.9414,-75.1811,721.0,6,0,0,0,0,0,0,0,0,,0,0,0,99,5,0,0,,0,39 56:29.171,,0,75 10:51.970,0,0,0,0,67301,0,0,0,N,0,0,0,1,67301,0,,6,1,,N,N,,1,,0,0,1,0,0,,9999,0,3,0,0,0,0,0,3,4,0,3,3,,N,,,,,,,,,,,
2008038751,620.0,1,0,0,0,0,0,0,0,0,7,0,,67,12,2007,7,39.9778,-75.2012,615.0,6,0,0,0,0,0,0,0,0,1.0,0,0,0,6,3,1,0,,1,39 58:42.000,4.0,0,75 12:09.351,4,0,0,0,67301,0,0,0,N,0,0,0,1,68K01,1,,2,9,,N,N,,0,,0,0,0,0,0,N,610,1,1,0,0,0,0,0,3,4,0,1,7,,N,,,,,,,,,,,
2009029866,1505.0,2,0,0,0,0,0,0,0,0,1,0,,67,7,2007,3,40.0812,-75.1719,1451.0,6,0,0,1,0,0,1,1,0,,0,0,0,99,1,4,0,,0,40 04:52.320,,0,75 10:18.840,8,0,0,0,67301,0,0,0,N,0,0,0,7,67301,0,,1,1,,N,,,0,,0,0,1,0,0,,9999,4,3,0,0,0,4,1,3,4,0,3,3,,N,,,,,,,,,,,
2011053448,9999.0,0,0,0,1,0,0,0,0,0,8,0,,67,6,2007,1,40.0118,-75.0978,1145.0,6,0,0,0,0,0,0,0,0,,0,0,0,12,1,1,1,,0,40 00:42.859,,0,75 05:51.842,8,0,0,0,67301,1,0,0,N,0,0,0,2,67301,0,,1,1,,N,N,,0,,0,0,1,3,2,,1200,1,2,0,0,0,1,0,3,4,0,1,3,,N,,,,,,,,,,,
2007047533,9999.0,1,0,0,0,0,0,0,0,0,8,0,,67,2,2007,7,40.0143,-75.1781,,6,0,0,0,0,0,1,0,0,,0,0,0,99,3,2,2,,0,40 00:51.570,,0,75 10:41.163,4,0,0,0,67301,2,0,0,N,2,0,0,3,67301,1,,7,1,,N,N,,0,,0,0,0,3,2,,9999,2,3,0,0,0,1,0,3,4,0,1,3,,N,,,,,,,,,,,
2007109435,357.0,2,0,0,0,0,0,0,0,0,5,0,,67,9,2007,7,39.9655,-75.186,357.0,6,0,0,0,0,0,0,0,0,1.0,0,0,0,3,3,1,0,,2,39 58:01.000,4.0,0,75 11:17.552,3,0,0,0,67301,0,0,0,N,0,0,0,5,68K01,0,,1,1,,N,N,,0,,1,0,0,0,0,N,350,1,2,0,0,0,0,0,3,4,0,2,3,,N,,,,,,,,,,,
2007109436,1409.0,1,0,0,0,0,0,0,0,0,1,0,,67,9,2007,7,40.0484,-75.1586,1400.0,6,0,0,0,0,0,0,1,0,3.0,0,0,0,14,1,1,0,,2,40 02:54.391,1.0,0,75 09:30.888,8,0,0,0,67301,0,0,0,N,0,0,0,1,67301,0,,6,1,,N,N,,0,,0,0,0,0,0,N,1400,1,3,0,0,0,1,0,3,4,2,3,3,,N,,,,,,,,,,,
2007107032,1805.0,1,0,0,1,0,0,0,0,0,4,0,,67,9,2007,7,39.9257,-75.1608,1802.0,6,0,0,0,0,0,1,0,0,,0,0,0,18,1,1,1,,0,39 55:32.642,,0,75 09:38.829,4,0,0,0,67301,1,0,0,N,0,0,0,3,67301,1,,1,1,,N,N,,0,,0,0,0,3,3,,1800,1,2,0,0,0,0,0,3,4,0,1,3,,N,,,,,,,,,,,
2007093414,2221.0,2,0,0,0,0,0,0,0,0,5,0,,67,7,2007,6,39.9648,-75.2007,2220.0,6,0,0,0,0,0,0,0,0,,0,0,0,22,3,0,0,,0,39 57:53.300,,0,75 12:02.400,0,0,0,0,67301,0,0,0,N,0,0,0,1,67301,0,,1,9,,N,N,,0,,0,0,0,9,3,,2218,0,2,0,0,0,0,0,3,4,0,2,7,,N,,,,,,,,,,,
2007125124,1700.0,1,0,0,0,0,0,0,0,0,8,0,,67,10,2007,3,40.053,-75.177,1700.0,6,0,0,0,0,0,0,1,0,,0,0,0,18,6,1,0,,0,40 03:10.000,,0,75 10:37.294,8,0,0,0,67301,1,0,0,N,1,0,0,2,67301,0,,2,1,,N,N,,0,,0,0,0,0,0,,1815,1,2,0,0,0,1,0,3,4,0,1,3,,N,,,,,,,,,,,
2007127652,1731.0,0,0,0,0,0,0,0,0,0,6,0,,67,10,2007,7,,,1730.0,6,0,0,0,0,0,0,0,0,,0,0,0,17,1,2,0,,0,,,0,,3,0,0,1,67301,0,0,0,N,0,0,0,3,67301,0,,1,1,,N,N,,0,,2,0,1,0,0,,1725,2,2,0,0,0,0,0,3,3,0,2,3,,N,,,,,,,,,,,
2007107480,1550.0,3,0,0,0,0,0,0,0,0,1,0,,67,9,2007,3,39.9763,-75.1141,1545.0,6,0,0,0,0,0,0,1,0,1.0,0,0,0,15,1,0,0,,1,39 58:36.840,1.0,0,75 06:47.880,9,0,0,0,67301,0,0,0,N,0,0,0,5,67301,0,,1,1,,N,N,,0,,0,0,0,0,0,N,1545,0,3,0,0,0,0,1,3,4,0,3,3,,N,,,,,,,,,,,
2007048265,220.0,1,0,0,0,0,0,0,0,0,6,0,,67,2,2007,1,40.0391,-75.0424,219.0,6,0,0,1,0,0,0,0,0,,0,0,0,2,3,0,0,,0,40 02:20.698,,0,75 02:32.697,0,0,0,0,67301,0,0,0,N,0,0,0,1,67301,0,,6,9,,N,N,,0,,0,0,2,0,0,,215,0,4,0,0,0,0,0,3,4,0,4,3,,N,,,,,,,,,,,
2007045758,9999.0,1,0,0,0,0,0,0,0,0,8,0,,67,2,2007,6,39.933,-75.1679,1548.0,6,0,0,0,0,0,0,0,0,,0,0,0,15,1,1,1,,0,39 55:58.000,,0,75 10:04.384,4,0,0,0,67301,1,0,0,N,1,0,0,2,67301,1,,3,1,,N,N,,0,,0,0,0,3,2,,1520,1,2,0,0,0,0,0,3,4,0,1,3,,N,,,,,,,,,,,
2007046051,1317.0,1,0,0,0,0,0,0,0,0,1,1,,67,2,2007,4,39.9976,-75.0816,1259.0,6,0,0,0,0,0,0,0,0,,0,0,0,12,1,1,7,,0,39 59:42.000,,2,75 05:00.249,4,0,0,0,67301,0,0,0,N,0,0,0,2,67301,1,,1,7,,N,N,,0,,0,0,0,0,0,,1259,1,2,0,0,1,0,0,3,4,0,2,10,,N,,,,,,,,,,,
2007092906,20.0,2,0,0,0,0,0,0,0,0,4,0,,67,7,2007,2,39.9793,-75.1388,20.0,6,0,0,0,0,0,0,0,0,,0,0,0,0,3,0,1,,0,39 58:45.609,,0,75 08:19.575,9,0,0,0,67301,0,0,0,N,0,0,0,2,67301,0,,1,1,,N,N,,0,,0,0,0,3,3,,15,0,2,0,0,0,0,1,3,4,0,2,3,,N,,,,,,,,,,,
2007092909,1005.0,2,0,0,0,0,0,0,0,0,1,0,,67,6,2007,5,39.9852,-75.1241,1000.0,6,0,0,0,0,0,0,0,0,1.0,0,0,0,9,1,1,1,,1,39 59:06.000,2.0,0,75 07:26.845,4,0,0,0,67301,0,0,0,N,0,0,0,3,67301,1,,1,9,,N,N,,0,,0,0,0,3,2,N,955,1,2,0,0,0,0,0,3,4,0,2,7,,N,,,,,,,,,,,
2008017514,1828.0,1,0,0,0,0,0,0,0,0,4,0,,67,12,2007,5,40.0327,-75.0722,1823.0,6,0,0,0,0,0,0,0,0,,0,0,0,18,3,1,1,,0,40 01:57.000,,0,75 04:19.925,8,0,0,0,67301,0,0,0,N,0,0,0,2,67301,0,,1,9,,N,N,,1,,0,0,0,3,2,,1823,1,2,0,0,0,1,1,3,4,0,2,7,,N,,,,,,,,,,,