CRN,ARRIVAL_TM,AUTOMOBILE_COUNT,BELTED_DEATH_COUNT,BELTED_SUSP_SERIOUS_INJ_COUNT,BICYCLE_COUNT,BICYCLE_DEATH_COUNT,BICYCLE_SUSP_SERIOUS_INJ_COUNT,BUS_COUNT,CHLDPAS_DEATH_COUNT,CHLDPAS_SUSP_SERIOUS_INJ_COUNT,COLLISION_TYPE,COMM_VEH_COUNT,CONS_ZONE_SPD_LIM,COUNTY,CRASH_MONTH,CRASH_YEAR,DAY_OF_WEEK,DEC_LAT,DEC_LONG,DISPATCH_TM,DISTRICT,DRIVER_COUNT_16YR,DRIVER_COUNT_17YR,DRIVER_COUNT_18YR,DRIVER_COUNT_19YR,DRIVER_COUNT_20YR,DRIVER_COUNT_50_64YR,DRIVER_COUNT_65_74YR,DRIVER_COUNT_75PLUS,EST_HRS_CLOSED,FATAL_COUNT,HEAVY_TRUCK_COUNT,HORSE_BUGGY_COUNT,HOUR_OF_DAY,ILLUMINATION,INJURY_COUNT,INTERSECT_TYPE,INTERSECTION_RELATED,LANE_CLOSED,LATITUDE,LN_CLOSE_DIR,LOCATION_TYPE,LONGITUDE,MAX_SEVERITY_LEVEL,MCYCLE_DEATH_COUNT,MCYCLE_SUSP_SERIOUS_INJ_COUNT,MOTORCYCLE_COUNT,MUNICIPALITY,NONMOTR_COUNT,NONMOTR_DEATH_COUNT,NONMOTR_SUSP_SERIOUS_INJ_COUNT,NTFY_HIWY_MAINT,PED_COUNT,PED_DEATH_COUNT,PED_SUSP_SERIOUS_INJ_COUNT,PERSON_COUNT,POLICE_AGCY,POSSIBLE_INJ_COUNT,RDWY_SURF_TYPE_CD,RELATION_TO_ROAD,ROAD_CONDITION,ROADWAY_CLEARED,SCH_BUS_IND,SCH_ZONE_IND,SECONDARY_CRASH,SMALL_TRUCK_COUNT,SPEC_JURIS_CD,SUSP_MINOR_INJ_COUNT,SUSP_SERIOUS_INJ_COUNT,SUV_COUNT,TCD_FUNC_CD,TCD_TYPE,TFC_DETOUR_IND,TIME_OF_DAY,TOT_INJ_COUNT,TOTAL_UNITS,UNB_DEATH_COUNT,UNB_SUSP_SERIOUS_INJ_COUNT,UNBELTED_OCC_COUNT,UNK_INJ_DEG_COUNT,UNK_INJ_PER_COUNT,URBAN_AREA,URBAN_RURAL,VAN_COUNT,VEHICLE_COUNT,WEATHER1,WEATHER2,WORK_ZONE_IND,WORK_ZONE_LOC,WORK_ZONE_TYPE,WORKERS_PRES,WZ_CLOSE_DETOUR,WZ_FLAGGER,WZ_LAW_OFFCR_IND,WZ_LN_CLOSURE,WZ_MOVING,WZ_OTHER,WZ_SHLDER_MDN,WZ_WORKERS_INJ_KILLED
2008007280,2210.0,1,0,0,0,0,0,0,0,0,1,0,,67,11,2007,7,40.0136,-75.1588,2205.0,6,0,0,0,0,0,0,0,0,2.0,0,0,0,22,6,1,0,,1,40 00:49.000,3.0,0,75 09:31.745,4,0,0,0,67301,0,0,0,N,0,0,0,1,67301,1,,2,1,,N,N,,1,,0,0,1,0,0,Y,2204,1,3,0,0,1,0,0,3,4,0,3,3,,N,,,,,,,,,,,
2008005007,202.0,1,0,0,0,0,0,1,0,0,1,1,,67,11,2007,7,,,201.0,6,0,0,0,0,0,1,0,0,1.0,0,0,0,1,2,0,0,,1,,3.0,0,,9,0,0,0,67301,0,0,0,N,0,0,0,2,68K01,0,,1,1,,N,N,,0,,0,0,0,0,0,N,159,0,2,0,0,0,0,1,3,3,0,2,3,,N,,,,,,,,,,,
2008008133,1345.0,1,0,0,0,0,0,0,0,0,1,0,,67,11,2007,6,40.0775,-75.0438,1341.0,6,0,0,0,0,0,0,2,0,,0,0,0,13,1,1,2,,0,40 04:39.000,,0,75 02:37.632,8,0,0,0,67301,0,0,0,N,0,0,0,2,67301,0,,1,1,,N,N,,0,,0,0,1,3,2,,1341,1,2,0,0,0,1,1,3,4,0,2,3,,N,,,,,,,,,,,
2008055834,645.0,4,0,0,0,0,0,0,0,0,1,0,,67,11,2007,4,,,635.0,6,0,0,0,1,0,0,0,0,1.0,0,0,0,6,1,0,0,,1,,1.0,0,,0,0,0,0,67301,0,0,0,,0,0,0,4,67301,0,,1,9,,N,N,,0,,0,0,0,0,0,N,630,0,4,0,0,0,0,0,3,3,0,4,3,,N,,,,,,,,,,,
2008018058,2059.0,1,0,0,0,0,0,0,0,0,4,0,,67,12,2007,7,40.0562,-75.1495,2059.0,6,0,0,0,0,0,0,0,0,1.0,0,0,0,20,3,2,1,,1,40 03:22.338,2.0,0,75 08:58.185,8,0,0,1,67301,0,0,0,N,0,0,0,3,67301,0,,1,1,,N,N,,0,,0,0,0,3,2,Y,2050,2,2,0,0,0,2,0,3,4,0,2,3,,N,,,,,,,,,,,
2008033057,,0,0,0,0,0,0,0,0,0,8,0,,67,5,2007,6,39.9275,-75.1938,,6,0,0,0,0,0,0,0,0,,0,0,0,16,1,1,0,,0,39 55:38.000,,0,75 11:37.747,4,0,0,0,67301,1,0,0,N,1,0,0,2,,1,,1,1,,N,N,,0,,0,0,0,0,0,,1600,1,2,0,0,0,0,1,3,4,0,1,3,,N,,,,,,,,,,,
2008035051,0.0,1,0,0,0,0,0,0,0,0,1,0,,67,12,2007,5,39.9946,-75.1643,0.0,6,0,0,0,0,0,0,0,1,,0,0,0,13,1,1,3,,0,39 59:40.599,,0,75 09:51.451,4,0,0,0,67301,0,0,0,,0,0,0,2,00000,1,,1,1,,,,,0,,0,0,1,3,3,,1330,1,2,0,0,0,0,1,3,4,0,2,3,,N,,,,,,,,,,,
2008004126,1222.0,1,0,0,0,0,0,0,0,0,4,0,,67,11,2007,6,39.9404,-75.2366,1217.0,6,0,0,0,0,0,1,0,0,,0,0,0,23,3,4,1,,0,39 56:25.000,,0,75 14:11.952,8,0,0,0,67301,0,0,0,N,0,0,0,4,67301,0,,1,1,,N,N,,0,,0,0,1,2,2,,2346,4,2,0,0,0,4,0,3,4,0,2,3,,N,,,,,,,,,,,
2008029130,334.0,0,0,0,0,0,0,0,0,0,7,1,,67,12,2007,6,39.9582,-75.1429,330.0,6,0,0,0,0,0,0,0,0,4.0,0,1,0,3,3,0,2,,2,39 57:29.487,3.0,0,75 08:34.346,0,0,0,0,67301,0,0,0,N,0,0,0,1,67301,0,,5,1,,N,N,,0,,0,0,0,0,0,Y,315,0,1,0,0,0,0,0,3,4,0,1,3,,N,,,,,,,,,,,
2008020929,243.0,1,0,0,0,0,0,0,0,0,7,0,,67,11,2007,5,39.9328,-75.2002,239.0,6,0,0,0,0,0,0,0,0,2.0,0,0,0,2,3,1,0,,1,39 55:56.000,3.0,0,75 12:00.478,8,0,0,0,67301,0,0,0,N,0,0,0,2,68K01,0,,2,1,,N,N,,0,,0,0,0,0,0,N,237,1,1,0,0,0,1,0,3,4,0,1,3,,N,,,,,,,,,,,
2008006612,2340.0,1,0,0,0,0,0,0,0,0,6,0,,67,10,2007,6,39.9883,-75.1355,2335.0,6,0,0,0,0,0,1,0,0,,0,0,0,23,3,3,1,,0,39 59:17.962,,0,75 08:07.915,3,0,0,0,67301,0,0,0,N,0,0,0,3,67301,2,,1,9,,N,N,,0,,1,0,0,3,2,,2325,3,2,0,0,0,0,0,3,4,1,2,7,,N,,,,,,,,,,,
2008016260,2134.0,1,0,0,0,0,0,0,0,0,8,0,,67,11,2007,5,40.0302,-75.1454,2131.0,6,0,0,0,0,0,0,0,0,,0,0,0,21,3,1,1,,0,40 01:48.856,,0,75 08:43.310,4,0,0,0,67301,1,0,0,N,1,0,0,2,67301,1,,1,1,,N,N,,0,,0,0,0,3,3,,2129,1,2,0,0,0,0,1,3,4,0,1,3,,N,,,,,,,,,,,
2008006687,225.0,1,0,0,0,0,0,0,0,0,8,0,,67,11,2007,2,40.0477,-75.06,220.0,6,0,0,0,0,0,0,0,0,,0,0,0,23,3,1,1,,0,40 02:51.000,,0,75 03:35.828,4,0,0,0,67301,1,0,0,,1,0,0,2,67301,1,,1,1,,N,N,,0,,0,0,0,9,2,,2300,1,2,0,0,0,0,1,3,4,0,1,3,,N,,,,,,,,,,,
2008017015,1835.0,0,0,0,0,0,0,0,0,0,8,0,,67,12,2007,3,40.1033,-75.03,1821.0,6,0,0,0,0,0,0,0,0,,0,0,0,99,1,1,0,,0,40 06:11.885,,0,75 01:48.106,4,0,0,0,67301,1,0,0,,1,0,0,2,67301,1,,1,98,,,Y,,0,,0,0,0,0,0,,9999,1,2,0,0,0,0,0,3,4,0,1,99,,N,,,,,,,,,,,
2008017018,912.0,1,0,0,0,0,0,0,0,0,4,0,,67,12,2007,2,40.069,-75.007,907.0,6,0,0,1,0,0,0,0,0,,0,0,0,9,1,1,0,,0,40 04:08.000,,7,75 00:25.141,4,0,0,0,67301,0,0,0,N,0,0,0,4,67301,1,,1,9,,N,N,,0,,0,0,1,0,0,,905,1,3,0,0,0,0,0,3,4,0,2,7,,N,,,,,,,,,,,
2008017323,641.0,1,0,0,0,0,0,0,0,0,8,0,,67,12,2007,5,40.028,-75.152,640.0,6,0,0,0,0,0,0,0,0,,0,0,0,6,3,1,0,,0,40 01:40.684,,0,75 09:07.178,8,0,0,0,67301,1,0,0,N,1,0,0,2,67301,0,,1,2,,N,N,,0,,0,0,0,0,0,,638,1,2,0,0,0,1,0,3,4,0,1,3,,N,,,,,,,,,,,
2008017211,25.0,0,0,0,0,0,0,0,0,0,7,0,,67,12,2007,1,40.0019,-75.1446,25.0,6,0,0,0,0,0,0,0,0,,0,0,0,0,3,2,0,,0,40 00:06.977,,0,75 08:40.560,8,0,0,0,67301,0,0,0,,0,0,0,3,67301,0,,2,1,,,,,1,,0,0,0,3,2,,20,2,1,0,0,0,2,0,3,4,0,1,3,,N,,,,,,,,,,,
2008017542,1612.0,1,0,0,0,0,0,0,0,0,7,0,,67,12,2007,6,40.0489,-75.0323,1607.0,6,0,0,1,0,0,0,0,0,,0,0,0,16,1,2,0,,0,40 02:55.000,,0,75 01:56.412,3,0,0,0,67301,0,0,0,N,0,0,0,2,67301,0,,2,1,,N,N,,0,,2,0,0,0,0,,1600,2,1,0,0,0,0,0,3,4,0,1,3,,N,,,,,,,,,,,
2008034536,357.0,1,0,0,0,0,0,0,0,0,7,0,,67,12,2007,5,39.9839,-75.2083,351.0,6,0,0,0,0,0,0,0,0,1.0,0,0,0,3,3,0,0,,1,39 59:05.789,3.0,0,75 12:30.047,0,0,0,0,67301,0,0,0,N,0,0,0,1,68K01,0,,2,9,,N,N,,0,,0,0,0,0,0,N,349,0,1,0,0,0,0,0,3,4,0,1,3,,N,,,,,,,,,,,
2008008864,1343.0,1,0,0,0,0,0,0,0,0,7,0,,67,11,2007,2,40.024,-75.1958,1339.0,6,0,0,0,0,0,1,0,0,1.0,0,0,0,13,1,0,1,,2,40 01:26.341,1.0,0,75 11:44.720,0,0,0,0,67301,0,0,0,N,0,0,0,1,67301,0,,5,9,,N,N,,0,,0,0,0,0,0,N,1335,0,1,0,0,0,0,0,3,4,0,1,7,,N,,,,,,,,,,,
2008008868,1913.0,1,0,0,0,0,0,0,0,0,8,0,,67,10,2007,6,39.9431,-75.2245,1910.0,6,0,0,0,0,0,0,1,0,,0,0,0,19,3,1,0,,0,39 56:35.120,,0,75 13:28.221,8,0,0,0,67301,1,0,0,N,1,0,0,2,67301,0,,1,9,,N,N,,0,,0,0,0,0,0,,1904,1,2,0,0,0,1,0,3,4,0,1,7,,N,,,,,,,,,,,
2008061014,400.0,2,0,0,0,0,0,0,0,0,1,0,,67,12,2007,1,40.0286,-75.0615,355.0,6,0,0,0,0,0,0,0,0,,0,0,0,3,3,0,0,,0,40 01:43.105,,0,75 03:41.205,0,0,0,0,67301,0,0,0,N,0,0,0,1,67301,0,,2,9,,N,N,,0,,0,0,0,0,0,,340,0,2,0,0,0,0,0,3,4,0,2,7,,N,,,,,,,,,,,
2008033750,,1,0,0,0,0,0,0,0,0,1,0,,67,4,2007,4,39.9955,-75.1299,,6,0,0,0,0,0,0,0,0,,0,0,0,15,1,2,1,,0,39 59:43.623,,0,75 07:47.693,8,0,0,0,67301,0,0,0,N,0,0,0,3,,0,,1,1,,N,N,,1,,0,0,0,3,3,,1530,2,2,0,0,0,2,1,3,4,0,2,3,,N,,,,,,,,,,,
2008003819,258.0,2,0,0,0,0,0,0,0,0,1,0,,67,10,2007,1,40.0154,-75.0537,256.0,6,0,0,0,0,1,0,0,0,1.0,0,0,0,2,3,1,0,,2,40 00:55.481,2.0,0,75 03:13.186,8,0,0,0,67301,0,0,0,N,0,0,0,2,67301,0,,1,1,,N,N,,0,,0,0,0,0,0,N,254,1,2,0,0,0,1,0,3,4,0,2,3,,N,,,,,,,,,,,
2008006402,1700.0,1,0,0,0,0,0,0,0,0,8,0,,67,11,2007,5,39.9547,-75.1945,1700.0,6,0,0,0,0,0,0,0,0,,0,0,0,11,1,1,0,,0,39 57:16.000,,0,75 11:40.227,4,0,0,0,67301,1,0,0,N,1,0,0,2,67301,1,,1,9,,N,N,,0,,0,0,0,3,2,,1105,1,2,0,0,0,0,0,3,4,0,1,7,,N,,,,,,,,,,,
2008024046,1744.0,1,0,0,0,0,0,0,0,0,8,0,,67,12,2007,4,39.94,-75.231,1742.0,6,0,0,0,0,0,0,0,0,,0,0,0,17,3,1,1,,0,39 56:23.870,,0,75 13:51.772,8,0,0,0,67301,1,0,0,,1,0,0,2,67301,0,,1,9,,N,N,,0,,0,0,0,3,3,,1740,1,2,0,0,0,1,0,3,4,0,1,7,,N,,,,,,,,,,,
2008011617,237.0,1,0,0,0,0,0,0,0,0,7,0,,67,10,2007,4,39.9674,-75.1888,228.0,6,0,0,0,0,0,0,0,0,1.0,0,0,0,2,3,0,0,,1,39 58:06.000,4.0,0,75 11:28.390,9,0,0,0,67301,0,0,0,N,0,0,0,1,68K01,0,,2,1,,N,N,,0,,0,0,0,0,0,N,228,0,1,0,0,0,0,1,3,4,0,1,3,,N,,,,,,,,,,,
2008038088,139.0,1,0,0,0,0,0,0,0,0,7,0,,67,1,2007,7,39.9949,-75.144,137.0,6,0,0,0,0,0,0,0,0,2.0,0,0,0,1,3,4,2,,2,39 59:41.509,1.0,0,75 08:38.506,2,0,0,0,67301,0,0,0,N,0,0,0,4,67301,3,,4,1,,N,N,,0,,0,1,0,3,3,Y,137,4,1,0,0,2,0,0,3,4,0,1,3,5.0,N,,,,,,,,,,,
2008017012,1817.0,2,0,0,0,0,0,0,0,0,4,0,,67,12,2007,2,40.0954,-74.9597,1816.0,6,0,0,0,0,0,0,0,0,,0,0,0,18,3,2,0,,0,40 05:43.000,,7,74 57:34.643,4,0,0,0,67301,0,0,0,N,0,0,0,3,67301,2,,1,1,,N,N,,0,,0,0,0,3,2,,1804,2,2,0,0,0,0,0,3,4,0,2,3,,N,,,,,,,,,,,
2008017216,745.0,1,0,0,0,0,0,0,0,0,8,0,,67,12,2007,6,40.0702,-75.0313,741.0,6,0,0,0,0,0,0,0,0,,0,0,0,7,1,1,2,,0,40 04:12.000,,0,75 01:52.620,4,0,0,0,67301,1,0,0,N,1,0,0,2,67301,1,,1,1,,N,N,,0,,0,0,0,3,2,,735,1,2,0,0,0,0,0,3,4,0,1,3,,N,,,,,,,,,,,
2008017223,105.0,2,0,0,0,0,0,0,0,0,4,0,,67,11,2007,7,39.9385,-75.1421,104.0,6,0,0,0,0,0,0,0,0,,0,0,0,1,3,1,1,,0,39 56:18.000,,2,75 08:32.410,8,0,0,0,67301,0,0,0,N,0,0,0,3,67301,0,,1,1,,N,N,,0,,0,0,0,3,2,,104,1,2,0,0,0,1,0,3,4,0,2,3,,N,,,,,,,,,,,
2008029724,220.0,2,0,0,0,0,0,0,0,0,1,0,,67,12,2007,7,39.9821,-75.1007,214.0,6,0,0,0,0,0,0,0,0,1.0,0,0,0,2,3,1,0,,1,39 58:55.000,1.0,0,75 06:02.400,4,0,0,0,67301,0,0,0,N,0,0,0,5,67301,1,,1,1,,N,N,,0,,0,0,0,0,0,N,214,1,3,0,0,0,0,1,3,4,0,3,3,,N,,,,,,,,,,,
2008029741,100.0,0,0,0,0,0,0,0,0,0,7,0,,67,7,2007,5,39.9208,-75.1954,15.0,6,0,0,0,0,0,1,0,0,,0,0,0,99,3,1,0,,0,39 55:15.000,,0,75 11:43.273,4,0,0,0,67301,0,0,0,,0,0,0,1,67301,1,,2,9,,,,,0,,0,0,1,0,0,,9999,1,1,0,0,0,0,0,3,4,0,1,7,,N,,,,,,,,,,,
2008053752,1440.0,2,0,0,0,0,0,0,0,0,2,0,,67,12,2007,1,39.9781,-75.2526,1438.0,6,0,0,0,0,0,0,0,0,,0,0,0,14,1,0,0,,0,39 58:41.336,,0,75 15:09.216,0,0,0,0,67301,0,0,0,,0,0,0,5,67301,0,,1,9,,N,,,0,,0,0,0,0,0,,1437,0,2,0,0,0,0,0,3,4,0,2,7,,N,,,,,,,,,,,
2008006461,1340.0,1,0,0,0,0,0,0,0,0,1,0,,67,11,2007,2,39.9809,-75.2361,1338.0,6,0,0,0,0,1,1,0,0,,0,0,0,13,8,2,0,,0,39 58:51.000,,0,75 14:09.808,4,0,0,0,67301,0,0,0,N,0,0,0,4,67301,2,,1,9,,N,N,,0,,0,0,0,3,2,,1335,2,2,0,0,0,0,1,3,4,1,2,7,,N,,,,,,,,,,,
2008023958,1410.0,0,0,0,0,0,0,0,0,0,1,0,,67,12,2007,4,39.9772,-75.2268,1344.0,6,0,0,0,0,0,1,0,0,,0,0,0,13,1,1,1,,0,39 58:37.000,,0,75 13:36.309,3,0,0,0,67301,0,0,0,N,0,0,0,3,67301,0,,1,1,,N,N,,0,,1,0,1,3,2,,1344,1,2,0,0,0,0,1,3,4,0,2,3,,N,,,,,,,,,,,
2008023962,39.0,0,0,0,0,0,0,0,0,0,7,0,,67,12,2007,7,39.9967,-75.2008,36.0,6,0,0,0,0,0,0,0,0,,0,0,0,0,3,0,0,,0,39 59:48.249,,0,75 12:02.952,0,0,0,0,67301,0,0,0,N,0,0,0,1,67301,0,,4,9,,N,N,,0,,0,0,1,3,8,,29,0,1,0,0,0,0,0,3,4,0,1,7,,N,,,,,,,,,,,
2008024052,1426.0,1,0,0,0,0,0,0,0,0,4,0,,67,12,2007,7,40.0609,-75.1641,1424.0,6,0,0,0,0,0,0,0,0,,0,0,0,14,1,2,1,,0,40 03:39.000,,1,75 09:50.844,8,0,0,0,67301,0,0,0,N,0,0,0,4,67301,0,,1,1,,N,N,,1,,0,0,0,3,2,,1424,2,2,0,0,0,2,0,3,4,0,2,3,,N,,,,,,,,,,,
2008033848,,1,0,0,0,0,0,0,0,0,1,0,,67,6,2007,2,39.9956,-75.1053,,6,0,0,0,0,0,1,0,0,,0,0,0,99,1,1,0,,0,39 59:43.000,,0,75 06:19.123,4,0,0,0,67301,0,0,0,,0,0,0,3,,1,,1,1,,,,,0,,0,0,1,0,0,,9999,1,2,0,0,0,0,0,3,4,0,2,3,,N,,,,,,,,,,,
2008038977,805.0,1,0,0,0,0,0,0,0,0,8,0,99.0,67,12,2007,5,40.0089,-75.194,757.0,6,0,0,0,0,0,0,0,0,,0,0,0,7,1,1,0,,0,40 00:32.006,,0,75 11:38.251,4,0,0,0,67301,1,0,0,N,1,0,0,2,67301,1,,1,9,,N,N,,0,,0,0,0,0,0,,710,1,2,0,0,0,0,0,3,4,0,1,7,,Y,3.0,1.0,Y,Y,,N,,,,,
2008016788,810.0,1,0,0,0,0,0,0,0,0,8,0,,67,12,2007,3,40.0077,-75.1515,805.0,6,0,0,0,0,0,0,0,0,,0,0,0,7,1,1,1,,0,40 00:27.000,,0,75 09:05.323,4,0,0,0,67301,1,0,0,,1,0,0,2,67301,1,,1,1,,N,N,,0,,0,0,0,9,2,,730,1,2,0,0,0,0,0,3,4,0,1,3,,N,,,,,,,,,,,
2008119498,812.0,1,0,0,0,0,0,0,0,0,1,0,,67,9,2007,1,40.1023,-75.0285,809.0,6,0,0,0,0,0,1,0,0,2.0,0,0,0,8,1,0,0,,1,40 06:08.294,4.0,0,75 01:42.758,0,0,0,0,67301,0,0,0,N,0,0,0,1,67301,0,,2,1,,N,N,,1,,0,0,0,0,0,N,800,0,2,0,0,0,0,0,3,4,0,2,3,,N,,,,,,,,,,,
2009083792,33.0,2,0,0,0,0,0,0,0,0,1,0,,67,7,2007,4,39.9932,-75.145,27.0,6,0,0,0,0,0,0,0,0,,0,0,0,0,3,0,0,,0,39 59:35.541,,0,75 08:42.104,9,0,0,0,67301,0,0,0,N,0,0,0,3,67301,0,,6,1,,N,N,,0,,0,0,0,0,0,,10,0,2,0,0,0,0,3,3,4,0,2,3,,N,,,,,,,,,,,
2008024492,610.0,1,0,0,0,0,0,0,0,0,5,0,,67,12,2007,2,39.933,-75.2384,604.0,6,0,0,0,0,0,0,0,0,,0,0,0,6,3,1,0,,0,39 55:58.000,,0,75 14:18.223,2,0,0,0,67301,0,0,0,N,0,0,0,2,67301,0,,1,9,,N,N,,0,,0,1,0,0,0,,604,1,2,0,0,0,0,0,3,4,1,2,3,,N,,,,,,,,,,,
2008024499,20.0,1,0,0,0,0,0,0,0,0,1,0,,67,12,2007,6,39.9159,-75.2453,15.0,6,0,0,0,0,0,0,0,0,,0,0,0,23,3,3,2,,0,39 54:57.000,,0,75 14:43.375,4,0,0,0,67301,0,0,0,N,0,0,0,5,67301,1,,1,9,,N,N,,1,,0,0,0,0,0,,2330,3,2,0,0,0,2,0,3,4,0,2,7,,N,,,,,,,,,,,
2008024505,220.0,2,0,0,0,0,0,0,0,0,1,0,,67,12,2007,1,40.0181,-75.1345,220.0,6,0,0,0,0,0,0,0,0,,0,0,0,2,3,3,1,,0,40 01:05.185,,0,75 08:04.246,4,0,0,0,67301,0,0,0,N,0,0,0,3,67301,3,,1,9,,N,N,,0,,0,0,0,3,2,,220,3,2,0,0,0,0,0,3,4,0,2,7,,N,,,,,,,,,,,
2008024507,1238.0,1,0,0,0,0,0,0,0,0,6,0,,67,12,2007,2,39.9937,-75.1523,1234.0,6,0,0,0,0,0,0,0,0,,0,0,0,12,1,1,1,,0,39 59:37.000,,0,75 09:08.410,8,0,0,0,67301,0,0,0,N,0,0,0,2,67301,0,,1,1,,N,N,,0,,0,0,0,3,2,,1232,1,2,0,0,0,1,1,3,4,1,2,3,,N,,,,,,,,,,,
2008016970,1651.0,1,0,0,0,0,0,0,0,0,8,0,,67,12,2007,6,39.9312,-75.1462,1646.0,6,0,0,0,0,0,0,0,0,,0,0,0,16,3,1,0,,0,39 55:52.302,,0,75 08:46.406,4,0,0,0,67301,1,0,0,N,1,0,0,2,67301,1,,1,1,,N,N,,0,,0,0,0,0,0,,1643,1,2,0,0,0,0,0,3,4,0,1,3,,N,,,,,,,,,,,
2008017107,845.0,3,0,0,0,0,0,0,0,0,5,0,,67,12,2007,1,39.9701,-75.2452,845.0,6,0,0,0,0,0,0,0,0,,0,0,0,0,3,0,0,,0,39 58:12.000,,0,75 14:42.613,9,0,0,0,67301,0,0,0,,0,0,0,1,67301,0,,6,98,,,,,0,,0,0,0,0,0,,0,0,3,0,0,0,0,1,3,4,0,3,99,,N,,,,,,,,,,,
2008017150,1129.0,0,0,0,0,0,0,0,0,0,8,0,,67,12,2007,3,39.9513,-75.1991,1129.0,6,0,0,0,0,0,0,0,0,,0,0,0,11,1,1,1,,0,39 57:04.584,,0,75 11:56.878,8,0,0,0,67301,1,0,0,,1,0,0,2,67301,0,,1,1,,,,,0,,0,0,0,9,2,,1120,1,2,0,0,0,1,0,3,4,1,1,3,,N,,,,,,,,,,,
2008017029,447.0,2,0,0,0,0,0,0,0,0,2,0,,67,11,2007,2,39.9304,-75.2432,447.0,6,0,0,0,0,0,0,0,0,4.0,0,0,0,4,3,3,0,,2,39 55:49.000,5.0,0,75 14:35.706,3,0,0,0,67301,0,0,0,N,0,0,0,3,67301,0,,1,9,,N,N,,0,,3,0,0,0,0,Y,441,3,2,0,0,3,0,0,3,4,0,2,7,,N,,,,,,,,,,,
2008017072,648.0,1,0,0,0,0,0,0,0,0,4,0,,67,12,2007,4,40.0205,-75.21,643.0,6,0,0,0,0,0,0,0,0,,0,0,0,6,1,2,1,,0,40 01:14.000,,0,75 12:35.868,4,0,0,0,67301,0,0,0,N,0,0,0,4,67301,2,,1,9,,N,N,,0,,0,0,1,0,0,,640,2,2,0,0,0,0,0,3,4,0,2,7,,N,,,,,,,,,,,
2008017213,9999.0,1,0,0,0,0,0,0,0,0,1,0,,67,11,2007,2,39.9169,-75.216,1211.0,6,0,0,0,0,0,1,0,0,,0,0,0,7,1,2,0,,0,39 55:07.000,,3,75 12:27.247,4,0,0,0,67301,0,0,0,N,0,0,0,2,67301,2,,1,9,,N,N,,0,,0,0,1,0,0,,727,2,2,0,0,0,0,0,3,4,0,2,7,5.0,N,,,,,,,,,,,
2008017297,955.0,1,0,0,0,0,0,0,0,0,5,0,,67,11,2007,6,39.9738,-75.2064,945.0,6,0,0,0,0,0,0,0,0,,0,0,0,9,1,1,2,,0,39 58:25.000,,0,75 12:23.186,8,0,0,0,67301,0,0,0,N,0,0,0,2,67301,0,,1,1,,N,N,,0,,0,0,0,3,2,,930,1,2,0,0,0,1,1,3,4,0,2,3,,N,,,,,,,,,,,
2008033661,,1,0,0,0,0,0,0,0,0,1,0,,67,4,2007,2,,,,6,0,0,0,0,0,0,0,0,,0,0,0,2,6,1,0,,0,,,0,,8,0,0,0,67301,0,0,0,N,0,0,0,2,00000,0,,1,1,,N,N,,1,,0,0,0,0,0,,230,1,2,0,0,0,1,1,3,3,0,2,3,,N,,,,,,,,,,,
2008006463,705.0,2,0,0,0,0,0,0,0,0,1,0,,67,11,2007,2,39.8922,-75.2425,700.0,6,0,0,0,0,0,0,0,0,,0,0,0,6,1,1,0,,0,39 53:31.000,,0,75 14:32.047,4,0,0,0,67301,0,0,0,N,0,0,0,2,67301,1,,1,1,,N,N,,0,,0,0,0,0,0,,650,1,2,0,0,0,0,0,3,4,0,2,3,,N,,,,,,,,,,,
2008053191,1540.0,1,0,0,0,0,0,0,0,0,4,0,,67,10,2007,3,40.0362,-75.1287,1522.0,6,0,0,0,0,0,1,0,0,,0,0,0,13,1,0,1,,0,40 02:10.332,,0,75 07:43.436,0,0,0,0,67301,0,0,0,N,0,0,0,2,67301,0,,1,1,,,,,0,,0,0,1,3,2,,1330,0,2,0,0,0,0,0,3,4,0,2,3,,N,,,,,,,,,,,
2008016743,1754.0,0,0,0,1,0,0,0,0,0,5,1,,67,11,2007,6,39.9447,-75.1651,1745.0,6,0,0,0,0,0,0,0,0,,0,0,0,17,1,1,0,,0,39 56:40.740,,0,75 09:54.370,4,0,0,0,67301,1,0,0,,0,0,0,3,67301,1,,1,1,,,,,1,,0,0,0,0,0,,1735,1,2,0,0,0,0,0,3,4,0,1,3,,N,,,,,,,,,,,
2009040313,807.0,2,0,0,0,0,0,0,0,0,1,0,,67,2,2007,3,40.0288,-75.2057,803.0,6,0,0,0,0,0,0,0,0,,0,0,0,7,5,0,0,,0,40 01:43.533,,7,75 12:20.656,0,0,0,0,67301,0,0,0,,0,0,0,3,67301,0,,1,1,,,,,0,,0,0,1,0,0,,755,0,3,0,0,0,0,0,3,4,0,3,3,,N,,,,,,,,,,,
2012030690,2223.0,1,0,0,0,0,0,0,0,0,2,0,,67,10,2007,7,39.9288,-75.1462,2219.0,6,0,1,0,0,0,0,0,0,2.0,0,0,0,22,3,2,0,,2,39 55:43.955,1.0,0,75 08:46.172,3,0,0,0,67301,0,0,0,,0,0,0,5,67301,0,,2,98,,N,,,0,,2,0,1,0,0,Y,2215,2,2,0,0,0,0,0,3,4,0,2,99,,N,,,,,,,,,,,
2007081680,1706.0,0,0,0,0,0,0,0,0,0,8,0,,67,5,2007,1,39.9433,-75.2221,1703.0,6,0,0,0,0,0,0,0,0,,0,0,0,16,1,1,0,,0,39 56:35.764,,0,75 13:19.387,4,0,0,0,67301,1,0,0,N,1,0,0,2,67301,1,,1,1,,N,N,,1,,0,0,0,0,0,,1655,1,2,0,0,0,0,1,3,4,0,1,3,,N,,,,,,,,,,,